host_time_s,stream,seq,device_time_s,interval_ms,device_interval_ms,latency_ms,width,height,frame_type,n_objects,objects,temp_c,cpu_css_pct,cpu_mss_pct
0.9283,frame,0,8.451977,,,91.65,512,384,BGR888p,,,,,
0.9286,detections,0,8.451977,,,91.9,,,,4,39:0.68 56:0.60 56:0.60 39:0.57,,,
0.9289,system,0,,,,,,,,,,40.62,55.2,1.5
1.0601,frame,1,8.485301,131.77,33.32,190.03,512,384,BGR888p,,,,,
1.0603,detections,1,8.485301,131.68,33.32,190.19,,,,3,39:0.70 56:0.65 39:0.59,,,
1.0668,frame,2,8.518621,6.66,33.32,163.36,512,384,BGR888p,,,,,
1.0668,detections,2,8.518621,6.56,33.32,163.42,,,,3,39:0.71 56:0.71 39:0.51,,,
1.0741,frame,3,8.551943,7.33,33.32,137.44,512,384,BGR888p,,,,,
1.0743,detections,3,8.551943,7.45,33.32,137.58,,,,3,39:0.73 56:0.69 39:0.54,,,
1.1163,frame,4,8.585266,42.18,33.32,146.22,512,384,BGR888p,,,,,
1.1164,detections,4,8.585266,42.06,33.32,146.28,,,,2,39:0.72 56:0.71,,,
1.1681,frame,5,8.618587,51.85,33.32,164.76,512,384,BGR888p,,,,,
1.1701,detections,5,8.618587,53.71,33.32,166.69,,,,3,56:0.71 39:0.69 39:0.53,,,
1.2147,frame,6,8.651909,46.53,33.32,177.97,512,384,BGR888p,,,,,
1.2147,detections,6,8.651909,44.68,33.32,178.02,,,,4,39:0.71 56:0.71 39:0.52 39:0.52,,,
1.2595,frame,7,8.685232,44.86,33.32,189.51,512,384,BGR888p,,,,,
1.2596,detections,7,8.685232,44.87,33.32,189.57,,,,2,56:0.77 39:0.71,,,
1.3084,frame,8,8.718552,48.88,33.32,205.07,512,384,BGR888p,,,,,
1.3085,detections,8,8.718552,48.87,33.32,205.13,,,,3,39:0.73 56:0.71 39:0.50,,,
1.3528,frame,9,8.751874,44.39,33.32,216.13,512,384,BGR888p,,,,,
1.3529,detections,9,8.751874,44.39,33.32,216.19,,,,1,56:0.71,,,
1.3996,frame,10,8.785199,46.85,33.32,229.67,512,384,BGR888p,,,,,
1.3997,detections,10,8.785199,46.86,33.32,229.73,,,,1,56:0.75,,,
1.4474,frame,11,8.818518,47.77,33.32,244.1,512,384,BGR888p,,,,,
1.4475,detections,11,8.818518,47.76,33.32,244.16,,,,1,56:0.73,,,
1.4938,frame,12,8.851841,46.39,33.32,257.18,512,384,BGR888p,,,,,
1.4939,detections,12,8.851841,46.4,33.32,257.24,,,,2,56:0.74 73:0.51,,,
1.5406,frame,13,8.885164,46.76,33.32,270.6,512,384,BGR888p,,,,,
1.5406,detections,13,8.885164,46.74,33.32,270.67,,,,2,39:0.62 56:0.61,,,
1.5866,frame,14,8.918486,46.02,33.32,283.31,512,384,BGR888p,,,,,
1.5867,detections,14,8.918486,46.02,33.32,283.36,,,,2,39:0.71 56:0.62,,,
1.6328,frame,15,8.951806,46.22,33.32,296.23,512,384,BGR888p,,,,,
1.6329,detections,15,8.951806,46.28,33.32,296.34,,,,2,39:0.66 56:0.63,,,
1.6808,frame,16,8.985128,47.96,33.32,310.86,512,384,BGR888p,,,,,
1.6809,detections,16,8.985128,47.94,33.32,310.95,,,,2,39:0.71 56:0.69,,,
1.7295,frame,17,9.018452,48.78,33.32,326.3,512,384,BGR888p,,,,,
1.7296,detections,17,9.018452,48.75,33.32,326.37,,,,2,56:0.76 39:0.73,,,
1.7297,system,0,,800.81,,,,,,,,42.29,39.7,24.4
1.7748,frame,18,9.051771,45.25,33.32,338.24,512,384,BGR888p,,,,,
1.7749,detections,18,9.051771,45.28,33.32,338.33,,,,2,56:0.81 39:0.72,,,
1.8204,frame,19,9.085093,45.58,33.32,350.5,512,384,BGR888p,,,,,
1.8205,detections,19,9.085093,45.56,33.32,350.55,,,,2,56:0.76 39:0.72,,,
1.8666,frame,20,9.118416,46.2,33.32,363.39,512,384,BGR888p,,,,,
1.8667,detections,20,9.118416,46.24,33.32,363.48,,,,2,39:0.72 56:0.70,,,
1.915,frame,21,9.15174,48.38,33.32,378.54,512,384,BGR888p,,,,,
1.9153,detections,21,9.15174,48.63,33.32,378.87,,,,2,56:0.74 39:0.72,,,
1.9622,frame,23,9.218381,47.26,66.64,359.15,512,384,BGR888p,,,,,
1.9625,detections,23,9.218381,47.18,66.64,359.37,,,,2,56:0.80 39:0.72,,,
2.0077,frame,24,9.251704,45.53,33.32,371.33,512,384,BGR888p,,,,,
2.008,detections,24,9.251704,45.5,33.32,371.54,,,,2,56:0.84 39:0.79,,,
2.0543,frame,25,9.285024,46.58,33.32,384.59,512,384,BGR888p,,,,,
2.0546,detections,25,9.285024,46.58,33.32,384.8,,,,3,39:0.74 56:0.74 39:0.50,,,
2.1011,frame,27,9.351669,46.76,66.64,364.71,512,384,BGR888p,,,,,
2.1015,detections,27,9.351669,46.96,66.64,365.13,,,,3,39:0.69 56:0.58 39:0.57,,,
2.147,frame,28,9.384991,45.87,33.32,377.2,512,384,BGR888p,,,,,
2.1471,detections,28,9.384991,45.55,33.32,377.31,,,,2,39:0.55 39:0.55,,,
2.1955,frame,30,9.451634,48.52,66.64,359.06,512,384,BGR888p,,,,,
2.1956,detections,30,9.451634,48.48,66.64,359.13,,,,2,39:0.72 39:0.57,,,
2.243,frame,31,9.484957,47.55,33.32,373.3,512,384,BGR888p,,,,,
2.2431,detections,31,9.484957,47.57,33.32,373.39,,,,3,39:0.73 39:0.64 63:0.54,,,
2.2885,frame,32,9.518278,45.46,33.32,385.43,512,384,BGR888p,,,,,
2.2886,detections,32,9.518278,45.45,33.32,385.51,,,,0,,,,
2.3359,frame,34,9.584922,47.42,66.64,366.22,512,384,BGR888p,,,,,
2.3361,detections,34,9.584922,47.47,66.64,366.35,,,,3,56:0.81 39:0.62 39:0.60,,,
2.3823,frame,35,9.618244,46.44,33.32,379.37,512,384,BGR888p,,,,,
2.3826,detections,35,9.618244,46.51,33.32,379.55,,,,4,56:0.87 39:0.70 24:0.56 39:0.53,,,
2.4318,frame,37,9.684887,49.5,66.64,362.25,512,384,BGR888p,,,,,
2.4321,detections,37,9.684887,49.53,66.64,362.46,,,,3,56:0.82 39:0.54 62:0.52,,,
2.4793,frame,38,9.71821,47.49,33.32,376.42,512,384,BGR888p,,,,,
2.4796,detections,38,9.71821,47.49,33.32,376.63,,,,2,56:0.80 39:0.53,,,
2.5229,frame,39,9.751531,43.56,33.32,386.65,512,384,BGR888p,,,,,
2.5231,detections,39,9.751531,43.56,33.32,386.87,,,,4,56:0.67 39:0.62 62:0.52 39:0.51,,,
2.5691,frame,41,9.818176,46.22,66.64,366.19,512,384,BGR888p,,,,,
2.5693,detections,41,9.818176,46.14,66.64,366.33,,,,2,56:0.74 39:0.54,,,
2.6166,frame,42,9.851498,47.44,33.32,380.29,512,384,BGR888p,,,,,
2.6167,detections,42,9.851498,47.37,33.32,380.36,,,,3,56:0.79 39:0.59 39:0.56,,,
2.6642,frame,44,9.91814,47.65,66.64,361.3,512,384,BGR888p,,,,,
2.6643,detections,44,9.91814,47.67,66.64,361.38,,,,2,39:0.54 39:0.51,,,
2.7108,frame,45,9.951464,46.6,33.32,374.56,512,384,BGR888p,,,,,
2.7109,detections,45,9.951464,46.57,33.32,374.63,,,,4,56:0.80 39:0.74 39:0.59 39:0.51,,,
2.711,system,0,,981.29,,,,,,,,43.27,34.2,17.0
2.7552,frame,46,9.984784,44.42,33.32,385.66,512,384,BGR888p,,,,,
2.7553,detections,46,9.984784,44.41,33.32,385.72,,,,2,56:0.79 39:0.62,,,
2.8027,frame,48,10.051429,47.44,66.65,366.44,512,384,BGR888p,,,,,
2.8027,detections,48,10.051429,47.42,66.65,366.5,,,,1,39:0.64,,,
2.8495,frame,49,10.084751,46.86,33.32,379.98,512,384,BGR888p,,,,,
2.8496,detections,49,10.084751,46.86,33.32,380.04,,,,3,56:0.78 39:0.72 39:0.55,,,
2.8969,frame,51,10.151394,47.42,66.64,360.76,512,384,BGR888p,,,,,
2.897,detections,51,10.151394,47.42,66.64,360.82,,,,1,64:0.64,,,
2.9455,frame,52,10.184717,48.56,33.32,375.99,512,384,BGR888p,,,,,
2.9456,detections,52,10.184717,48.55,33.32,376.05,,,,1,64:0.54,,,
2.9924,frame,53,10.218038,46.92,33.32,389.59,512,384,BGR888p,,,,,
2.9925,detections,53,10.218038,46.92,33.32,389.65,,,,2,64:0.60 63:0.54,,,
3.0369,frame,55,10.284682,44.52,66.64,367.46,512,384,BGR888p,,,,,
3.037,detections,55,10.284682,44.5,66.64,367.51,,,,2,64:0.64 71:0.61,,,
3.0844,frame,56,10.318005,47.46,33.32,381.6,512,384,BGR888p,,,,,
3.0845,detections,56,10.318005,47.47,33.32,381.66,,,,3,39:0.62 56:0.54 71:0.52,,,
3.1299,frame,58,10.384647,45.54,66.64,360.5,512,384,BGR888p,,,,,
3.1301,detections,58,10.384647,45.59,66.64,360.61,,,,3,39:0.76 64:0.59 39:0.58,,,
3.1787,frame,59,10.41797,48.81,33.32,375.98,512,384,BGR888p,,,,,
3.1788,detections,59,10.41797,48.76,33.32,376.04,,,,3,39:0.74 64:0.66 39:0.58,,,
3.2258,frame,61,10.484612,47.03,66.64,356.37,512,384,BGR888p,,,,,
3.2258,detections,61,10.484612,47.03,66.64,356.43,,,,1,65:0.58,,,
3.2737,frame,62,10.517935,47.96,33.32,371.01,512,384,BGR888p,,,,,
3.2738,detections,62,10.517935,47.97,33.32,371.07,,,,1,65:0.72,,,
3.3188,frame,63,10.551263,45.02,33.33,382.71,512,384,BGR888p,,,,,
3.3188,detections,63,10.551263,45.02,33.33,382.76,,,,2,65:0.65 39:0.58,,,
3.3663,frame,65,10.6179,47.5,66.64,363.57,512,384,BGR888p,,,,,
3.3663,detections,65,10.6179,47.51,66.64,363.63,,,,0,,,,
3.4138,frame,66,10.651225,47.59,33.32,377.84,512,384,BGR888p,,,,,
3.4139,detections,66,10.651225,47.59,33.32,377.9,,,,0,,,,
3.4624,frame,68,10.717865,48.59,66.64,359.78,512,384,BGR888p,,,,,
3.4625,detections,68,10.717865,48.58,66.64,359.84,,,,3,63:0.92 65:0.73 39:0.51,,,
3.5079,frame,69,10.751188,45.51,33.32,371.96,512,384,BGR888p,,,,,
3.5081,detections,69,10.751188,45.62,33.32,372.15,,,,6,63:0.94 65:0.75 39:0.74 39:0.64 64:0.63 39:0.55,,,
3.5544,frame,70,10.784511,46.42,33.32,385.07,512,384,BGR888p,,,,,
3.5544,detections,70,10.784511,46.3,33.32,385.12,,,,5,63:0.95 64:0.86 39:0.73 65:0.72 39:0.60,,,
3.6002,frame,72,10.851154,45.82,66.64,364.24,512,384,BGR888p,,,,,
3.6004,detections,72,10.851154,45.98,66.64,364.46,,,,4,63:0.95 65:0.83 64:0.81 39:0.54,,,
3.6469,frame,73,10.884476,46.67,33.32,377.59,512,384,BGR888p,,,,,
3.6469,detections,73,10.884476,46.5,33.32,377.64,,,,5,63:0.95 64:0.90 39:0.73 65:0.73 41:0.51,,,
3.6958,frame,75,10.951119,48.9,66.64,359.85,512,384,BGR888p,,,,,
3.6958,detections,75,10.951119,48.91,66.64,359.91,,,,6,63:0.94 64:0.77 65:0.69 39:0.56 39:0.54 73:0.53,,,
3.7405,frame,76,10.984442,44.79,33.32,371.31,512,384,BGR888p,,,,,
3.7406,detections,76,10.984442,44.78,33.32,371.37,,,,4,63:0.93 64:0.82 65:0.75 66:0.53,,,
3.7407,system,0,,1029.69,,,,,,,,43.27,34.6,17.2
3.7861,frame,77,11.017762,45.6,33.32,383.6,512,384,BGR888p,,,,,
3.7862,detections,77,11.017762,45.61,33.32,383.66,,,,4,63:0.89 64:0.72 65:0.64 39:0.50,,,
3.8334,frame,79,11.084407,47.26,66.65,364.22,512,384,BGR888p,,,,,
3.8335,detections,79,11.084407,47.27,66.65,364.28,,,,6,63:0.92 65:0.74 39:0.74 64:0.72 39:0.54 73:0.51,,,
3.8804,frame,80,11.117729,47.04,33.32,377.96,512,384,BGR888p,,,,,
3.8806,detections,80,11.117729,47.1,33.32,378.07,,,,3,63:0.88 65:0.77 64:0.51,,,
3.9293,frame,82,11.184372,48.89,66.64,360.24,512,384,BGR888p,,,,,
3.9298,detections,82,11.184372,49.25,66.64,360.72,,,,0,,,,
3.9765,frame,83,11.217697,47.13,33.32,374.07,512,384,BGR888p,,,,,
3.9767,detections,83,11.217697,46.9,33.32,374.29,,,,0,,,,
4.0208,frame,84,11.251015,44.34,33.32,385.08,512,384,BGR888p,,,,,
4.0211,detections,84,11.251015,44.33,33.32,385.3,,,,0,,,,
4.0668,frame,86,11.317661,46.01,66.65,364.39,512,384,BGR888p,,,,,
4.0669,detections,86,11.317661,45.88,66.65,364.49,,,,0,,,,
4.1131,frame,87,11.350983,46.29,33.32,377.34,512,384,BGR888p,,,,,
4.1132,detections,87,11.350983,46.25,33.32,377.4,,,,0,,,,
4.1631,frame,89,11.417625,50.03,66.64,360.73,512,384,BGR888p,,,,,
4.1633,detections,89,11.417625,50.09,66.64,360.85,,,,0,,,,
4.2111,frame,90,11.450952,47.93,33.33,375.34,512,384,BGR888p,,,,,
4.2112,detections,90,11.450952,47.88,33.33,375.4,,,,0,,,,
4.2551,frame,91,11.484268,44.04,33.32,386.06,512,384,BGR888p,,,,,
4.2552,detections,91,11.484268,44.04,33.32,386.12,,,,0,,,,
4.3017,frame,93,11.550913,46.55,66.64,365.96,512,384,BGR888p,,,,,
4.3017,detections,93,11.550913,46.55,66.64,366.02,,,,3,41:0.60 39:0.54 41:0.51,,,
4.3495,frame,94,11.584236,47.82,33.32,380.46,512,384,BGR888p,,,,,
4.3496,detections,94,11.584236,47.82,33.32,380.51,,,,1,41:0.54,,,
4.3973,frame,96,11.650879,47.85,66.64,361.65,512,384,BGR888p,,,,,
4.3974,detections,96,11.650879,47.83,66.64,361.7,,,,1,41:0.50,,,
4.4449,frame,97,11.684201,47.58,33.32,375.92,512,384,BGR888p,,,,,
4.445,detections,97,11.684201,47.6,33.32,375.97,,,,2,39:0.70 62:0.60,,,
4.492,frame,98,11.717522,47.14,33.32,389.74,512,384,BGR888p,,,,,
4.4921,detections,98,11.717522,47.14,33.32,389.8,,,,2,39:0.73 62:0.66,,,
4.5368,frame,100,11.784166,44.78,66.64,367.88,512,384,BGR888p,,,,,
4.5369,detections,100,11.784166,44.79,66.64,367.94,,,,2,39:0.73 62:0.52,,,
4.583,frame,101,11.81749,46.15,33.32,380.7,512,384,BGR888p,,,,,
4.5831,detections,101,11.81749,46.15,33.32,380.77,,,,2,39:0.77 62:0.55,,,
4.63,frame,103,11.884132,47.05,66.64,361.1,512,384,BGR888p,,,,,
4.6301,detections,103,11.884132,47.03,66.64,361.15,,,,3,39:0.71 41:0.58 62:0.50,,,
4.6785,frame,104,11.917455,48.51,33.32,376.3,512,384,BGR888p,,,,,
4.6786,detections,104,11.917455,48.53,33.32,376.36,,,,3,39:0.70 41:0.56 62:0.54,,,
4.7261,frame,105,11.950775,47.55,33.32,390.52,512,384,BGR888p,,,,,
4.7262,detections,105,11.950775,47.54,33.32,390.58,,,,0,,,,
4.7262,system,0,,985.53,,,,,,,,43.84,34.8,16.8
4.7707,frame,107,12.017422,44.58,66.65,368.45,512,384,BGR888p,,,,,
4.7709,detections,107,12.017422,44.71,66.65,368.65,,,,1,39:0.55,,,
4.8171,frame,108,12.050742,46.4,33.32,381.54,512,384,BGR888p,,,,,
4.8171,detections,108,12.050742,46.27,33.32,381.59,,,,1,39:0.54,,,
4.8641,frame,110,12.117385,47.06,66.64,361.96,512,384,BGR888p,,,,,
4.8642,detections,110,12.117385,47.07,66.64,362.03,,,,1,39:0.57,,,
4.9135,frame,111,12.150708,49.37,33.32,378.01,512,384,BGR888p,,,,,
4.9136,detections,111,12.150708,49.39,33.32,378.1,,,,3,39:0.70 56:0.61 62:0.60,,,
4.9605,frame,113,12.21735,47.04,66.64,358.39,512,384,BGR888p,,,,,
4.9612,detections,113,12.21735,47.58,66.64,359.03,,,,2,39:0.71 56:0.68,,,
5.007,frame,114,12.250673,46.48,33.32,371.55,512,384,BGR888p,,,,,
5.0071,detections,114,12.250673,45.91,33.32,371.62,,,,2,56:0.80 39:0.76,,,
5.0532,frame,115,12.284002,46.2,33.33,384.48,512,384,BGR888p,,,,,
5.0533,detections,115,12.284002,46.25,33.33,384.54,,,,2,56:0.80 39:0.76,,,
5.099,frame,117,12.350638,45.81,66.64,363.6,512,384,BGR888p,,,,,
5.0991,detections,117,12.350638,45.75,66.64,363.65,,,,3,39:0.67 62:0.56 56:0.54,,,
5.1469,frame,118,12.383961,47.9,33.32,378.21,512,384,BGR888p,,,,,
5.147,detections,118,12.383961,47.94,33.32,378.27,,,,1,39:0.69,,,
5.1933,frame,120,12.450604,46.41,66.64,357.95,512,384,BGR888p,,,,,
5.194,detections,120,12.450604,47.0,66.64,358.65,,,,3,39:0.75 62:0.62 56:0.58,,,
5.2403,frame,121,12.483927,46.97,33.32,371.61,512,384,BGR888p,,,,,
5.2404,detections,121,12.483927,46.37,33.32,371.67,,,,5,39:0.73 62:0.51 41:0.51 56:0.51 39:0.50,,,
5.2863,frame,122,12.517247,45.94,33.32,384.22,512,384,BGR888p,,,,,
5.2863,detections,122,12.517247,45.93,33.32,384.28,,,,1,39:0.72,,,
5.3331,frame,124,12.583893,46.83,66.65,364.4,512,384,BGR888p,,,,,
5.3332,detections,124,12.583893,46.82,66.65,364.46,,,,0,,,,
5.3799,frame,125,12.617214,46.83,33.32,377.91,512,384,BGR888p,,,,,
5.38,detections,125,12.617214,46.83,33.32,377.96,,,,0,,,,
5.4284,frame,127,12.683857,48.54,66.64,359.8,512,384,BGR888p,,,,,
5.4285,detections,127,12.683857,48.54,66.64,359.86,,,,0,,,,
5.4743,frame,128,12.717182,45.84,33.32,372.31,512,384,BGR888p,,,,,
5.4744,detections,128,12.717182,45.83,33.32,372.37,,,,3,39:0.63 56:0.57 56:0.54,,,
5.52,frame,129,12.7505,45.73,33.32,384.73,512,384,BGR888p,,,,,
5.5201,detections,129,12.7505,45.74,33.32,384.78,,,,0,,,,
5.5666,frame,131,12.817145,46.59,66.64,364.68,512,384,BGR888p,,,,,
5.5667,detections,131,12.817145,46.59,66.64,364.73,,,,3,56:0.64 24:0.60 39:0.55,,,
5.6133,frame,132,12.850467,46.67,33.32,378.02,512,384,BGR888p,,,,,
5.6133,detections,132,12.850467,46.67,33.32,378.08,,,,3,39:0.67 56:0.66 24:0.62,,,
5.6613,frame,134,12.91711,48.04,66.64,359.41,512,384,BGR888p,,,,,
5.6619,detections,134,12.91711,48.57,66.64,360.01,,,,3,56:0.82 39:0.71 24:0.63,,,
5.709,frame,135,12.950433,47.69,33.32,373.85,512,384,BGR888p,,,,,
5.7092,detections,135,12.950433,47.31,33.32,374.07,,,,3,56:0.71 39:0.66 24:0.65,,,
5.7549,frame,136,12.983753,45.87,33.32,386.33,512,384,BGR888p,,,,,
5.755,detections,136,12.983753,45.73,33.32,386.4,,,,3,39:0.79 56:0.77 24:0.62,,,
5.755,system,0,,1028.83,,,,,,,,43.73,33.9,16.5
5.8005,frame,138,13.050398,45.66,66.64,365.35,512,384,BGR888p,,,,,
5.8006,detections,138,13.050398,45.65,66.64,365.4,,,,3,39:0.83 56:0.81 24:0.62,,,
5.8481,frame,139,13.08372,47.61,33.32,379.64,512,384,BGR888p,,,,,
5.8482,detections,139,13.08372,47.62,33.32,379.71,,,,1,24:0.52,,,
5.8963,frame,141,13.150363,48.17,66.64,361.18,512,384,BGR888p,,,,,
5.897,detections,141,13.150363,48.75,66.64,361.82,,,,3,56:0.81 39:0.70 24:0.60,,,
5.9443,frame,142,13.183688,47.94,33.32,375.81,512,384,BGR888p,,,,,
5.9444,detections,142,13.183688,47.41,33.32,375.91,,,,3,56:0.78 24:0.65 39:0.64,,,
5.992,frame,143,13.217007,47.75,33.32,390.27,512,384,BGR888p,,,,,
5.9922,detections,143,13.217007,47.83,33.32,390.45,,,,5,56:0.82 39:0.62 24:0.62 62:0.62 62:0.50,,,
6.0396,frame,145,13.283652,47.6,66.64,371.27,512,384,BGR888p,,,,,
6.0399,detections,145,13.283652,47.67,66.64,371.48,,,,4,56:0.84 62:0.61 24:0.54 62:0.53,,,
6.0852,frame,146,13.316974,45.63,33.32,383.5,512,384,BGR888p,,,,,
6.0854,detections,146,13.316974,45.47,33.32,383.58,,,,4,56:0.83 62:0.61 24:0.54 62:0.51,,,
6.1321,frame,148,13.383617,46.84,66.64,363.68,512,384,BGR888p,,,,,
6.1322,detections,148,13.383617,46.82,66.64,363.75,,,,2,56:0.80 62:0.60,,,
6.1798,frame,149,13.416939,47.76,33.32,378.12,512,384,BGR888p,,,,,
6.1799,detections,149,13.416939,47.76,33.32,378.19,,,,3,56:0.79 62:0.60 62:0.57,,,
6.2291,frame,150,13.45026,49.26,33.32,394.05,512,384,BGR888p,,,,,
6.2292,detections,150,13.45026,49.3,33.32,394.18,,,,4,56:0.77 62:0.57 62:0.56 24:0.51,,,
6.274,frame,152,13.516905,44.93,66.64,372.34,512,384,BGR888p,,,,,
6.2749,detections,152,13.516905,45.68,66.64,373.2,,,,4,56:0.77 62:0.58 24:0.54 62:0.52,,,
6.3201,frame,153,13.550235,46.08,33.33,385.09,512,384,BGR888p,,,,,
6.3202,detections,153,13.550235,45.28,33.33,385.15,,,,3,24:0.55 56:0.53 62:0.52,,,
6.3664,frame,155,13.61687,46.3,66.63,364.76,512,384,BGR888p,,,,,
6.3665,detections,155,13.61687,46.31,66.63,364.83,,,,2,56:0.82 24:0.54,,,
6.4137,frame,156,13.650193,47.32,33.32,378.75,512,384,BGR888p,,,,,
6.4138,detections,156,13.650193,47.32,33.32,378.82,,,,2,56:0.81 24:0.51,,,
6.4611,frame,158,13.716835,47.39,66.64,359.51,512,384,BGR888p,,,,,
6.4612,detections,158,13.716835,47.41,66.64,359.61,,,,2,56:0.82 28:0.61,,,
6.507,frame,159,13.750159,45.93,33.32,372.13,512,384,BGR888p,,,,,
6.5077,detections,159,13.750159,46.52,33.32,372.82,,,,4,56:0.78 24:0.53 28:0.52 39:0.50,,,
6.5532,frame,160,13.783479,46.19,33.32,385.06,512,384,BGR888p,,,,,
6.5535,detections,160,13.783479,45.77,33.32,385.28,,,,2,56:0.84 24:0.58,,,
6.5997,frame,162,13.850125,46.42,66.65,364.75,512,384,BGR888p,,,,,
6.5997,detections,162,13.850125,46.23,66.65,364.81,,,,2,56:0.79 24:0.62,,,
6.6468,frame,163,13.883446,47.2,33.32,378.61,512,384,BGR888p,,,,,
6.6469,detections,163,13.883446,47.17,33.32,378.66,,,,1,56:0.74,,,
6.6967,frame,165,13.950089,49.86,66.64,361.84,512,384,BGR888p,,,,,
6.6968,detections,165,13.950089,49.88,66.64,361.9,,,,1,24:0.70,,,
6.7438,frame,166,13.983411,47.07,33.32,375.59,512,384,BGR888p,,,,,
6.7439,detections,166,13.983411,47.08,33.32,375.67,,,,2,24:0.63 56:0.61,,,
6.7439,system,0,,988.93,,,,,,,,44.01,35.5,17.5
6.7887,frame,167,14.016732,44.91,33.32,387.2,512,384,BGR888p,,,,,
6.7888,detections,167,14.016732,44.96,33.32,387.32,,,,2,56:0.79 24:0.65,,,
6.8353,frame,169,14.083376,46.57,66.64,367.18,512,384,BGR888p,,,,,
6.8355,detections,169,14.083376,46.68,66.64,367.38,,,,3,56:0.84 39:0.62 24:0.57,,,
6.8808,frame,170,14.116699,45.5,33.32,379.33,512,384,BGR888p,,,,,
6.881,detections,170,14.116699,45.44,33.32,379.48,,,,3,56:0.78 62:0.71 39:0.70,,,
6.9315,frame,172,14.183342,50.71,66.64,363.41,512,384,BGR888p,,,,,
6.9317,detections,172,14.183342,50.77,66.64,363.62,,,,5,56:0.84 39:0.79 24:0.61 39:0.56 62:0.51,,,
6.9775,frame,173,14.216665,46.07,33.32,376.2,512,384,BGR888p,,,,,
6.9778,detections,173,14.216665,46.1,33.32,376.41,,,,5,39:0.76 56:0.72 24:0.60 62:0.54 39:0.50,,,
7.0243,frame,174,14.249985,46.73,33.32,389.51,512,384,BGR888p,,,,,
7.0244,detections,174,14.249985,46.55,33.32,389.6,,,,4,56:0.77 39:0.76 24:0.61 62:0.51,,,
7.0684,frame,176,14.31663,44.14,66.64,366.99,512,384,BGR888p,,,,,
7.0685,detections,176,14.31663,44.1,66.64,367.04,,,,3,56:0.78 39:0.76 24:0.57,,,
7.1167,frame,177,14.349953,48.28,33.32,382.02,512,384,BGR888p,,,,,
7.1169,detections,177,14.349953,48.45,33.32,382.22,,,,3,56:0.75 39:0.65 24:0.57,,,
7.1625,frame,179,14.416595,45.85,66.64,361.16,512,384,BGR888p,,,,,
7.1626,detections,179,14.416595,45.69,66.64,361.21,,,,4,56:0.78 39:0.60 24:0.56 56:0.55,,,
7.2117,frame,180,14.449918,49.15,33.32,376.98,512,384,BGR888p,,,,,
7.2118,detections,180,14.449918,49.15,33.32,377.04,,,,2,24:0.69 39:0.57,,,
7.2589,frame,181,14.48324,47.19,33.32,390.86,512,384,BGR888p,,,,,
7.2596,detections,181,14.48324,47.87,33.32,391.6,,,,3,56:0.77 24:0.64 39:0.61,,,
7.3057,frame,183,14.549886,46.82,66.65,371.03,512,384,BGR888p,,,,,
7.3058,detections,183,14.549886,46.16,66.65,371.11,,,,3,56:0.85 24:0.62 39:0.60,,,
7.3513,frame,184,14.583206,45.61,33.32,383.32,512,384,BGR888p,,,,,
7.3514,detections,184,14.583206,45.59,33.32,383.38,,,,3,56:0.82 39:0.65 24:0.58,,,
7.3987,frame,186,14.649848,47.4,66.64,364.1,512,384,BGR888p,,,,,
7.3988,detections,186,14.649848,47.46,66.64,364.21,,,,1,56:0.67,,,
7.4467,frame,187,14.683171,48.04,33.32,378.82,512,384,BGR888p,,,,,
7.4469,detections,187,14.683171,48.05,33.32,378.95,,,,3,56:0.76 39:0.74 39:0.71,,,
7.4946,frame,189,14.749815,47.83,66.64,360.02,512,384,BGR888p,,,,,
7.4948,detections,189,14.749815,47.86,66.64,360.17,,,,4,56:0.75 39:0.71 39:0.59 24:0.51,,,
7.5414,frame,190,14.783137,46.86,33.32,373.55,512,384,BGR888p,,,,,
7.5416,detections,190,14.783137,46.86,33.32,373.7,,,,3,56:0.81 39:0.78 39:0.52,,,
7.588,frame,191,14.816459,46.61,33.32,386.86,512,384,BGR888p,,,,,
7.5883,detections,191,14.816459,46.66,33.32,387.06,,,,6,56:0.88 39:0.80 62:0.58 0:0.58 39:0.54 39:0.53,,,
7.6345,frame,193,14.883102,46.45,66.64,366.62,512,384,BGR888p,,,,,
7.6346,detections,193,14.883102,46.33,66.64,366.71,,,,4,56:0.83 39:0.82 39:0.55 62:0.50,,,
7.6813,frame,194,14.916424,46.86,33.32,380.14,512,384,BGR888p,,,,,
7.6814,detections,194,14.916424,46.82,33.32,380.19,,,,6,56:0.86 39:0.79 39:0.59 62:0.54 39:0.51 0:0.50,,,
7.73,frame,196,14.983067,48.69,66.64,362.18,512,384,BGR888p,,,,,
7.7301,detections,196,14.983067,48.68,66.64,362.23,,,,5,56:0.84 39:0.79 62:0.64 0:0.60 39:0.52,,,
7.7302,system,0,,986.21,,,,,,,,44.41,35.1,17.7
7.7764,frame,197,15.016393,46.37,33.33,375.23,512,384,BGR888p,,,,,
7.7765,detections,197,15.016393,46.38,33.33,375.28,,,,5,56:0.84 39:0.77 0:0.58 62:0.54 41:0.51,,,
7.8216,frame,198,15.049711,45.24,33.32,387.22,512,384,BGR888p,,,,,
7.8226,detections,198,15.049711,46.14,33.32,388.19,,,,5,56:0.86 39:0.81 39:0.57 41:0.56 0:0.50,,,
7.8683,frame,200,15.116355,46.68,66.64,367.25,512,384,BGR888p,,,,,
7.8686,detections,200,15.116355,45.94,66.64,367.45,,,,4,56:0.88 39:0.78 39:0.54 41:0.51,,,
7.9141,frame,201,15.149678,45.78,33.32,379.68,512,384,BGR888p,,,,,
7.9143,detections,201,15.149678,45.73,33.32,379.83,,,,3,56:0.88 39:0.75 62:0.55,,,
7.962,frame,203,15.21632,47.92,66.64,360.95,512,384,BGR888p,,,,,
7.9622,detections,203,15.21632,47.88,66.64,361.06,,,,3,56:0.68 39:0.60 39:0.54,,,
8.0074,frame,204,15.249643,45.36,33.32,372.96,512,384,BGR888p,,,,,
8.0075,detections,204,15.249643,45.31,33.32,373.03,,,,0,,,,
8.0525,frame,205,15.282963,45.1,33.32,384.73,512,384,BGR888p,,,,,
8.0526,detections,205,15.282963,45.08,33.32,384.79,,,,0,,,,
8.0987,frame,207,15.349609,46.23,66.65,364.32,512,384,BGR888p,,,,,
8.0988,detections,207,15.349609,46.23,66.65,364.38,,,,1,56:0.50,,,
8.1465,frame,208,15.382931,47.82,33.32,378.82,512,384,BGR888p,,,,,
8.1466,detections,208,15.382931,47.84,33.32,378.9,,,,1,56:0.84,,,
8.1951,frame,210,15.449574,48.56,66.64,360.76,512,384,BGR888p,,,,,
8.1952,detections,210,15.449574,48.61,66.64,360.9,,,,1,56:0.78,,,
8.242,frame,211,15.482896,46.93,33.32,374.42,512,384,BGR888p,,,,,
8.2423,detections,211,15.482896,47.06,33.32,374.66,,,,1,56:0.83,,,
8.2872,frame,212,15.516217,45.13,33.32,386.16,512,384,BGR888p,,,,,
8.2873,detections,212,15.516217,45.04,33.32,386.33,,,,2,56:0.77 62:0.51,,,
8.3339,frame,214,15.582863,46.72,66.65,366.23,512,384,BGR888p,,,,,
8.334,detections,214,15.582863,46.61,66.65,366.28,,,,1,56:0.87,,,
8.3814,frame,215,15.616184,47.48,33.32,380.39,512,384,BGR888p,,,,,
8.3814,detections,215,15.616184,47.49,33.32,380.46,,,,2,56:0.87 24:0.51,,,
8.4305,frame,217,15.682827,49.14,66.64,362.88,512,384,BGR888p,,,,,
8.4306,detections,217,15.682827,49.12,66.64,362.94,,,,1,56:0.67,,,
8.4768,frame,218,15.716152,46.35,33.32,375.9,512,384,BGR888p,,,,,
8.4769,detections,218,15.716152,46.34,33.32,375.95,,,,2,56:0.85 62:0.56,,,
8.5209,frame,219,15.74947,44.06,33.32,386.64,512,384,BGR888p,,,,,
8.521,detections,219,15.74947,44.07,33.32,386.71,,,,1,56:0.57,,,
8.5671,frame,221,15.816115,46.2,66.64,366.19,512,384,BGR888p,,,,,
8.5672,detections,221,15.816115,46.19,66.64,366.25,,,,0,,,,
8.6149,frame,222,15.849437,47.84,33.32,380.71,512,384,BGR888p,,,,,
8.615,detections,222,15.849437,47.84,33.32,380.77,,,,1,24:0.59,,,
8.6658,frame,224,15.91608,50.85,66.64,364.93,512,384,BGR888p,,,,,
8.6659,detections,224,15.91608,50.85,66.64,364.98,,,,1,24:0.55,,,
8.7116,frame,225,15.949403,45.81,33.32,377.41,512,384,BGR888p,,,,,
8.7117,detections,225,15.949403,45.82,33.32,377.48,,,,1,24:0.63,,,
8.7546,frame,226,15.982723,43.02,33.32,387.11,512,384,BGR888p,,,,,
8.7547,detections,226,15.982723,43.02,33.32,387.17,,,,1,24:0.52,,,
8.7547,system,0,,1024.59,,,,,,,,44.53,34.6,16.7
8.8007,frame,228,16.049372,46.12,66.65,366.59,512,384,BGR888p,,,,,
8.8008,detections,228,16.049372,46.12,66.65,366.65,,,,2,24:0.57 56:0.56,,,
8.8479,frame,229,16.082691,47.13,33.32,380.4,512,384,BGR888p,,,,,
8.848,detections,229,16.082691,47.13,33.32,380.45,,,,1,24:0.53,,,
8.8967,frame,231,16.149333,48.79,66.64,362.55,512,384,BGR888p,,,,,
8.8967,detections,231,16.149333,48.79,66.64,362.6,,,,2,56:0.80 24:0.52,,,
8.9429,frame,232,16.182656,46.28,33.32,375.49,512,384,BGR888p,,,,,
8.943,detections,232,16.182656,46.26,33.32,375.54,,,,1,56:0.78,,,
8.9893,frame,233,16.215976,46.37,33.32,388.55,512,384,BGR888p,,,,,
8.9915,detections,233,16.215976,48.53,33.32,390.77,,,,1,56:0.85,,,
9.037,frame,235,16.282624,47.73,66.65,369.64,512,384,BGR888p,,,,,
9.0371,detections,235,16.282624,45.61,66.65,369.72,,,,1,56:0.81,,,
9.0847,frame,236,16.315944,47.68,33.32,383.99,512,384,BGR888p,,,,,
9.0848,detections,236,16.315944,47.65,33.32,384.04,,,,1,56:0.82,,,
9.1316,frame,238,16.382589,46.86,66.65,364.2,512,384,BGR888p,,,,,
9.1317,detections,238,16.382589,46.86,66.65,364.26,,,,1,56:0.85,,,
9.1791,frame,239,16.415909,47.57,33.32,378.47,512,384,BGR888p,,,,,
9.1793,detections,239,16.415909,47.62,33.32,378.57,,,,2,56:0.82 24:0.54,,,
9.2263,frame,240,16.44923,47.1,33.32,392.24,512,384,BGR888p,,,,,
9.2269,detections,240,16.44923,47.68,33.32,392.92,,,,2,56:0.82 24:0.51,,,
9.2724,frame,242,16.515875,46.19,66.65,371.78,512,384,BGR888p,,,,,
9.2726,detections,242,16.515875,45.66,66.65,371.93,,,,2,56:0.82 24:0.53,,,
9.3183,frame,243,16.549205,45.86,33.33,384.32,512,384,BGR888p,,,,,
9.3184,detections,243,16.549205,45.84,33.33,384.43,,,,2,56:0.82 24:0.57,,,
9.3663,frame,245,16.61584,48.04,66.63,364.2,512,384,BGR888p,,,,,
9.3664,detections,245,16.61584,48.0,66.63,364.28,,,,1,56:0.79,,,
9.4128,frame,246,16.649162,46.44,33.32,377.33,512,384,BGR888p,,,,,
9.4129,detections,246,16.649162,46.47,33.32,377.43,,,,1,56:0.83,,,
9.4603,frame,248,16.715807,47.56,66.65,358.26,512,384,BGR888p,,,,,
9.4609,detections,248,16.715807,48.03,66.65,358.85,,,,1,56:0.83,,,
9.5067,frame,249,16.74913,46.34,33.32,371.31,512,384,BGR888p,,,,,
9.5069,detections,249,16.74913,45.95,33.32,371.47,,,,2,56:0.82 24:0.54,,,
9.5521,frame,250,16.782448,45.36,33.32,383.3,512,384,BGR888p,,,,,
9.5521,detections,250,16.782448,45.26,33.32,383.38,,,,1,56:0.65,,,
9.5989,frame,252,16.849093,46.84,66.65,363.5,512,384,BGR888p,,,,,
9.599,detections,252,16.849093,46.84,66.65,363.57,,,,2,56:0.71 74:0.53,,,
9.6465,frame,253,16.882416,47.59,33.32,377.78,512,384,BGR888p,,,,,
9.6466,detections,253,16.882416,47.62,33.32,377.87,,,,3,56:0.80 74:0.61 24:0.57,,,
9.6956,frame,255,16.949059,49.1,66.64,360.28,512,384,BGR888p,,,,,
9.6958,detections,255,16.949059,49.2,66.64,360.46,,,,3,56:0.70 24:0.58 74:0.52,,,
9.7418,frame,256,16.982383,46.21,33.32,373.17,512,384,BGR888p,,,,,
9.742,detections,256,16.982383,46.23,33.32,373.38,,,,2,56:0.74 24:0.56,,,
9.7422,system,0,,987.48,,,,,,,,44.35,35.1,17.2
9.7878,frame,257,17.015703,46.05,33.32,385.88,512,384,BGR888p,,,,,
9.7881,detections,257,17.015703,46.02,33.32,386.08,,,,2,56:0.80 24:0.52,,,
9.833,frame,259,17.082347,45.2,66.64,364.39,512,384,BGR888p,,,,,
9.8331,detections,259,17.082347,45.08,66.64,364.46,,,,3,56:0.81 24:0.58 65:0.51,,,
9.8791,frame,260,17.115669,46.1,33.32,377.17,512,384,BGR888p,,,,,
9.8792,detections,260,17.115669,46.1,33.32,377.25,,,,3,56:0.85 24:0.59 74:0.51,,,
9.9272,frame,262,17.182312,48.1,66.64,358.63,512,384,BGR888p,,,,,
9.9273,detections,262,17.182312,48.1,66.64,358.7,,,,1,56:0.85,,,
9.9752,frame,263,17.215635,47.91,33.32,373.22,512,384,BGR888p,,,,,
9.9753,detections,263,17.215635,47.91,33.32,373.3,,,,1,56:0.62,,,
10.0193,frame,264,17.248955,44.12,33.32,384.0,512,384,BGR888p,,,,,
10.0193,detections,264,17.248955,44.09,33.32,384.06,,,,0,,,,
10.0652,frame,266,17.3156,45.92,66.65,363.28,512,384,BGR888p,,,,,
10.0653,detections,266,17.3156,45.93,66.65,363.36,,,,2,56:0.80 0:0.68,,,
10.1129,frame,267,17.348925,47.72,33.33,377.67,512,384,BGR888p,,,,,
10.113,detections,267,17.348925,47.71,33.33,377.73,,,,1,24:0.52,,,
10.1612,frame,269,17.415565,48.29,66.64,359.33,512,384,BGR888p,,,,,
10.1613,detections,269,17.415565,48.31,66.64,359.4,,,,1,24:0.57,,,
10.2062,frame,270,17.448888,44.99,33.32,371.0,512,384,BGR888p,,,,,
10.2063,detections,270,17.448888,44.99,33.32,371.07,,,,0,,,,
10.2517,frame,271,17.482208,45.54,33.32,383.21,512,384,BGR888p,,,,,
10.2518,detections,271,17.482208,45.52,33.32,383.27,,,,1,24:0.55,,,
10.2982,frame,273,17.548853,46.49,66.65,363.07,512,384,BGR888p,,,,,
10.2983,detections,273,17.548853,46.51,66.65,363.14,,,,1,24:0.58,,,
10.3463,frame,274,17.582175,48.11,33.32,377.85,512,384,BGR888p,,,,,
10.3465,detections,274,17.582175,48.14,33.32,377.96,,,,1,24:0.60,,,
10.3921,frame,276,17.648818,45.78,66.64,357.06,512,384,BGR888p,,,,,
10.3931,detections,276,17.648818,46.64,66.64,358.07,,,,1,56:0.75,,,
10.4386,frame,277,17.682143,46.46,33.33,370.12,512,384,BGR888p,,,,,
10.4386,detections,277,17.682143,45.55,33.33,370.17,,,,1,56:0.63,,,
10.4834,frame,278,17.715463,44.84,33.32,381.65,512,384,BGR888p,,,,,
10.4835,detections,278,17.715463,44.85,33.32,381.71,,,,1,24:0.51,,,
10.5299,frame,280,17.782106,46.43,66.64,361.44,512,384,BGR888p,,,,,
10.5299,detections,280,17.782106,46.43,66.64,361.49,,,,1,56:0.53,,,
10.5786,frame,281,17.815429,48.74,33.32,376.86,512,384,BGR888p,,,,,
10.5787,detections,281,17.815429,48.75,33.32,376.91,,,,3,56:0.70 39:0.70 24:0.57,,,
10.6245,frame,283,17.882071,45.87,66.64,356.09,512,384,BGR888p,,,,,
10.6245,detections,283,17.882071,45.87,66.64,356.14,,,,3,56:0.87 39:0.71 24:0.52,,,
10.6682,frame,284,17.915396,43.76,33.33,366.53,512,384,BGR888p,,,,,
10.6683,detections,284,17.915396,43.77,33.33,366.59,,,,2,56:0.70 39:0.52,,,
10.7137,frame,285,17.948714,45.47,33.32,378.68,512,384,BGR888p,,,,,
10.7138,detections,285,17.948714,45.46,33.32,378.74,,,,3,56:0.88 39:0.71 24:0.69,,,
10.7633,frame,287,18.015359,49.58,66.65,361.62,512,384,BGR888p,,,,,
10.7634,detections,287,18.015359,49.59,66.65,361.68,,,,4,56:0.88 39:0.81 39:0.61 24:0.55,,,
10.7634,system,0,,1021.21,,,,,,,,44.52,34.1,16.3
10.8109,frame,288,18.048684,47.62,33.33,375.93,512,384,BGR888p,,,,,
10.811,detections,288,18.048684,47.65,33.33,376.01,,,,4,56:0.84 39:0.77 24:0.69 39:0.61,,,
10.858,frame,290,18.115325,47.07,66.64,356.38,512,384,BGR888p,,,,,
10.8581,detections,290,18.115325,47.12,66.64,356.51,,,,3,56:0.90 39:0.79 24:0.60,,,
10.9031,frame,291,18.148648,45.11,33.32,368.11,512,384,BGR888p,,,,,
10.9031,detections,291,18.148648,45.0,33.32,368.17,,,,4,56:0.86 39:0.77 41:0.56 24:0.51,,,
10.9496,frame,292,18.18197,46.52,33.32,381.32,512,384,BGR888p,,,,,
10.9497,detections,292,18.18197,46.53,33.32,381.37,,,,3,56:0.86 39:0.73 24:0.58,,,
10.9965,frame,294,18.248613,46.88,66.64,361.55,512,384,BGR888p,,,,,
10.9965,detections,294,18.248613,46.88,66.64,361.61,,,,3,56:0.86 39:0.79 39:0.60,,,
11.0461,frame,295,18.281935,49.67,33.32,377.91,512,384,BGR888p,,,,,
11.0462,detections,295,18.281935,49.69,33.32,377.98,,,,4,56:0.87 39:0.81 39:0.71 41:0.54,,,
11.0937,frame,296,18.315255,47.54,33.32,392.14,512,384,BGR888p,,,,,
11.0943,detections,296,18.315255,48.08,33.32,392.75,,,,4,56:0.87 39:0.76 41:0.57 0:0.50,,,
11.1411,frame,298,18.381901,47.41,66.65,372.89,512,384,BGR888p,,,,,
11.1412,detections,298,18.381901,46.87,66.65,372.95,,,,4,56:0.87 39:0.82 39:0.70 72:0.54,,,
11.1862,frame,299,18.415231,45.05,33.33,384.61,512,384,BGR888p,,,,,
11.1862,detections,299,18.415231,45.05,33.33,384.68,,,,2,56:0.88 39:0.77,,,
11.2321,frame,301,18.481865,45.97,66.63,363.94,512,384,BGR888p,,,,,
11.2322,detections,301,18.481865,45.96,66.63,364.0,,,,3,56:0.86 39:0.78 39:0.56,,,
11.279,frame,302,18.515188,46.9,33.32,377.52,512,384,BGR888p,,,,,
11.2791,detections,302,18.515188,46.9,33.32,377.58,,,,2,56:0.84 39:0.76,,,
11.3267,frame,304,18.581831,47.69,66.64,358.57,512,384,BGR888p,,,,,
11.3275,detections,304,18.581831,48.36,66.64,359.31,,,,4,56:0.88 39:0.78 39:0.63 67:0.51,,,
11.3735,frame,305,18.615154,46.79,33.32,372.02,512,384,BGR888p,,,,,
11.3736,detections,305,18.615154,46.14,33.32,372.11,,,,4,56:0.88 39:0.79 39:0.62 67:0.53,,,
11.4194,frame,306,18.648474,45.9,33.32,384.61,512,384,BGR888p,,,,,
11.4195,detections,306,18.648474,45.88,33.32,384.67,,,,2,56:0.88 39:0.78,,,
11.4651,frame,308,18.715119,45.74,66.65,363.74,512,384,BGR888p,,,,,
11.4653,detections,308,18.715119,45.8,66.65,363.84,,,,5,56:0.90 39:0.80 39:0.53 67:0.52 41:0.51,,,
11.5123,frame,309,18.748442,47.16,33.32,377.55,512,384,BGR888p,,,,,
11.5124,detections,309,18.748442,47.11,33.32,377.6,,,,4,56:0.86 39:0.79 39:0.57 39:0.56,,,
11.5597,frame,311,18.815084,47.4,66.64,358.3,512,384,BGR888p,,,,,
11.5603,detections,311,18.815084,47.94,66.64,358.91,,,,4,56:0.86 39:0.77 39:0.63 62:0.53,,,
11.6059,frame,312,18.848407,46.18,33.32,371.16,512,384,BGR888p,,,,,
11.606,detections,312,18.848407,45.63,33.32,371.21,,,,3,56:0.84 39:0.59 62:0.53,,,
11.6524,frame,313,18.881728,46.5,33.32,384.33,512,384,BGR888p,,,,,
11.6524,detections,313,18.881728,46.5,33.32,384.39,,,,2,56:0.86 39:0.73,,,
11.6983,frame,315,18.948374,45.93,66.65,363.61,512,384,BGR888p,,,,,
11.6984,detections,315,18.948374,45.93,66.65,363.67,,,,2,56:0.84 39:0.71,,,
11.7459,frame,316,18.981695,47.58,33.32,377.88,512,384,BGR888p,,,,,
11.746,detections,316,18.981695,47.59,33.32,377.94,,,,2,39:0.70 56:0.64,,,
11.746,system,0,,982.59,,,,,,,,44.41,35.2,18.2
11.7931,frame,318,19.048337,47.25,66.64,358.48,512,384,BGR888p,,,,,
11.7938,detections,318,19.048337,47.81,66.64,359.12,,,,3,39:0.65 56:0.63 39:0.58,,,
11.8398,frame,319,19.081661,46.71,33.32,371.85,512,384,BGR888p,,,,,
11.84,detections,319,19.081661,46.27,33.32,372.06,,,,3,56:0.68 39:0.60 39:0.54,,,
11.8856,frame,320,19.11498,45.74,33.32,384.28,512,384,BGR888p,,,,,
11.8856,detections,320,19.11498,45.6,33.32,384.33,,,,0,,,,
11.9328,frame,322,19.181626,47.28,66.65,364.91,512,384,BGR888p,,,,,
11.9329,detections,322,19.181626,47.29,66.65,364.97,,,,1,56:0.62,,,
11.9801,frame,323,19.214948,47.24,33.32,378.84,512,384,BGR888p,,,,,
11.9802,detections,323,19.214948,47.25,33.32,378.91,,,,1,39:0.58,,,
12.0287,frame,325,19.28159,48.61,66.64,360.8,512,384,BGR888p,,,,,
12.0288,detections,325,19.28159,48.59,66.64,360.85,,,,2,39:0.62 39:0.55,,,
12.0766,frame,326,19.314917,47.88,33.33,375.35,512,384,BGR888p,,,,,
12.0767,detections,326,19.314917,47.94,33.33,375.47,,,,2,39:0.54 39:0.54,,,
12.1203,frame,327,19.348234,43.75,33.32,385.77,512,384,BGR888p,,,,,
12.1204,detections,327,19.348234,43.67,33.32,385.82,,,,2,39:0.56 39:0.54,,,
12.1663,frame,329,19.414878,45.96,66.64,365.1,512,384,BGR888p,,,,,
12.1664,detections,329,19.414878,45.98,66.64,365.15,,,,4,39:0.75 39:0.56 71:0.50 39:0.50,,,
12.2128,frame,330,19.448201,46.55,33.32,378.33,512,384,BGR888p,,,,,
12.2129,detections,330,19.448201,46.58,33.32,378.43,,,,3,39:0.72 71:0.64 39:0.56,,,
12.2595,frame,332,19.514844,46.68,66.64,358.36,512,384,BGR888p,,,,,
12.2606,detections,332,19.514844,47.69,66.64,359.54,,,,3,39:0.75 39:0.54 39:0.54,,,
12.3068,frame,333,19.548166,47.3,33.32,372.4,512,384,BGR888p,,,,,
12.3071,detections,333,19.548166,46.42,33.32,372.61,,,,2,39:0.72 39:0.57,,,
12.3521,frame,334,19.581487,45.29,33.32,384.29,512,384,BGR888p,,,,,
12.3522,detections,334,19.581487,45.11,33.32,384.34,,,,3,39:0.74 39:0.62 41:0.54,,,
12.3974,frame,336,19.648133,45.32,66.65,362.97,512,384,BGR888p,,,,,
12.3975,detections,336,19.648133,45.37,66.65,363.07,,,,3,39:0.68 41:0.54 39:0.52,,,
12.4454,frame,337,19.681455,48.01,33.32,377.66,512,384,BGR888p,,,,,
12.4455,detections,337,19.681455,47.97,33.32,377.72,,,,3,39:0.70 39:0.54 41:0.51,,,
12.4949,frame,339,19.748097,49.5,66.64,360.52,512,384,BGR888p,,,,,
12.495,detections,339,19.748097,49.51,66.64,360.6,,,,4,39:0.60 71:0.55 39:0.54 39:0.52,,,
12.5415,frame,340,19.78142,46.54,33.32,373.77,512,384,BGR888p,,,,,
12.5416,detections,340,19.78142,46.61,33.32,373.9,,,,3,39:0.66 39:0.53 39:0.52,,,
12.5873,frame,341,19.814741,45.86,33.32,386.27,512,384,BGR888p,,,,,
12.5874,detections,341,19.814741,45.78,33.32,386.34,,,,4,39:0.72 64:0.60 39:0.57 56:0.56,,,
12.6343,frame,343,19.881386,47.0,66.64,366.62,512,384,BGR888p,,,,,
12.6344,detections,343,19.881386,46.99,66.64,366.68,,,,3,64:0.76 39:0.68 39:0.55,,,
12.6804,frame,344,19.914707,46.09,33.32,379.39,512,384,BGR888p,,,,,
12.6805,detections,344,19.914707,46.09,33.32,379.45,,,,4,64:0.70 39:0.59 56:0.55 39:0.50,,,
12.7293,frame,346,19.98135,48.88,66.64,361.63,512,384,BGR888p,,,,,
12.7294,detections,346,19.98135,48.89,66.64,361.69,,,,4,39:0.65 64:0.65 39:0.58 39:0.54,,,
12.7294,system,0,,983.41,,,,,,,,45.09,34.8,16.3
12.776,frame,347,20.014674,46.69,33.32,375.0,512,384,BGR888p,,,,,
12.7761,detections,347,20.014674,46.7,33.32,375.07,,,,4,64:0.68 39:0.67 39:0.65 65:0.59,,,
12.8202,frame,348,20.047994,44.19,33.32,385.86,512,384,BGR888p,,,,,
12.8202,detections,348,20.047994,44.16,33.32,385.92,,,,4,64:0.70 39:0.67 39:0.62 65:0.52,,,
12.8669,frame,350,20.114638,46.78,66.64,366.08,512,384,BGR888p,,,,,
12.8672,detections,350,20.114638,46.97,66.64,366.31,,,,5,64:0.83 63:0.82 39:0.70 39:0.70 65:0.59,,,
12.9149,frame,351,20.14796,47.93,33.32,380.61,512,384,BGR888p,,,,,
12.915,detections,351,20.14796,47.76,33.32,380.67,,,,5,64:0.86 39:0.63 63:0.63 39:0.55 65:0.55,,,
12.9644,frame,353,20.214604,49.55,66.64,363.52,512,384,BGR888p,,,,,
12.9645,detections,353,20.214604,49.56,66.64,363.59,,,,6,63:0.78 64:0.77 39:0.74 39:0.68 65:0.58 73:0.50,,,
13.0118,frame,354,20.247931,47.35,33.33,377.55,512,384,BGR888p,,,,,
13.0119,detections,354,20.247931,47.37,33.33,377.64,,,,4,64:0.78 63:0.62 65:0.56 39:0.51,,,
13.0581,frame,355,20.281247,46.36,33.32,390.6,512,384,BGR888p,,,,,
13.0589,detections,355,20.281247,46.99,33.32,391.33,,,,5,64:0.86 63:0.85 39:0.73 65:0.67 39:0.55,,,
13.1046,frame,357,20.347892,46.43,66.65,370.38,512,384,BGR888p,,,,,
13.1047,detections,357,20.347892,45.78,66.65,370.46,,,,5,63:0.92 64:0.88 65:0.67 39:0.61 39:0.55,,,
13.1505,frame,358,20.381215,45.93,33.32,383.01,512,384,BGR888p,,,,,
13.1506,detections,358,20.381215,45.97,33.32,383.1,,,,6,63:0.91 64:0.90 39:0.63 65:0.57 39:0.55 39:0.54,,,
13.1979,frame,360,20.447857,47.37,66.64,363.7,512,384,BGR888p,,,,,
13.1979,detections,360,20.447857,47.31,66.64,363.76,,,,5,63:0.91 64:0.89 39:0.73 39:0.58 65:0.57,,,
13.2456,frame,361,20.48118,47.73,33.32,378.11,512,384,BGR888p,,,,,
13.2457,detections,361,20.48118,47.73,33.32,378.16,,,,6,63:0.92 64:0.91 39:0.66 39:0.64 39:0.62 65:0.60,,,
13.294,frame,362,20.5145,48.37,33.32,393.15,512,384,BGR888p,,,,,
13.294,detections,362,20.5145,48.36,33.32,393.21,,,,7,63:0.92 64:0.92 65:0.58 39:0.56 39:0.55 62:0.54 39:0.50,,,
13.3394,frame,364,20.581146,45.44,66.65,371.95,512,384,BGR888p,,,,,
13.3395,detections,364,20.581146,45.46,66.65,372.04,,,,7,64:0.93 63:0.91 39:0.67 39:0.63 65:0.57 56:0.57 62:0.56,,,
13.3849,frame,365,20.614466,45.54,33.32,384.18,512,384,BGR888p,,,,,
13.385,detections,365,20.614466,45.54,33.32,384.25,,,,6,64:0.90 63:0.90 39:0.64 65:0.63 39:0.56 39:0.53,,,
13.4307,frame,367,20.68111,45.81,66.64,363.33,512,384,BGR888p,,,,,
13.4309,detections,367,20.68111,45.84,66.64,363.44,,,,7,64:0.90 63:0.81 39:0.77 39:0.65 65:0.65 63:0.59 39:0.52,,,
13.4785,frame,368,20.714434,47.71,33.32,377.72,512,384,BGR888p,,,,,
13.4786,detections,368,20.714434,47.67,33.32,377.8,,,,5,63:0.91 64:0.86 39:0.69 65:0.62 63:0.53,,,
13.5271,frame,370,20.781075,48.66,66.64,359.79,512,384,BGR888p,,,,,
13.5273,detections,370,20.781075,48.78,66.64,359.97,,,,6,63:0.88 64:0.88 39:0.78 65:0.65 39:0.64 62:0.52,,,
13.5734,frame,371,20.814399,46.29,33.32,372.7,512,384,BGR888p,,,,,
13.5735,detections,371,20.814399,46.14,33.32,372.75,,,,6,63:0.93 64:0.89 39:0.70 63:0.62 65:0.62 39:0.58,,,
13.6193,frame,372,20.847719,45.86,33.32,385.24,512,384,BGR888p,,,,,
13.6194,detections,372,20.847719,45.87,33.32,385.31,,,,5,64:0.88 63:0.83 65:0.70 63:0.69 39:0.66,,,
13.6668,frame,374,20.914364,47.52,66.64,366.12,512,384,BGR888p,,,,,
13.6669,detections,374,20.914364,47.52,66.64,366.19,,,,6,63:0.90 64:0.88 65:0.69 39:0.63 63:0.62 39:0.50,,,
13.7131,frame,375,20.947687,46.27,33.32,379.08,512,384,BGR888p,,,,,
13.7132,detections,375,20.947687,46.32,33.32,379.2,,,,7,64:0.92 63:0.87 63:0.74 39:0.71 39:0.67 65:0.64 39:0.60,,,
13.7647,frame,377,21.014329,51.68,66.64,364.15,512,384,BGR888p,,,,,
13.7649,detections,377,21.014329,51.74,66.64,364.32,,,,5,63:0.91 64:0.90 63:0.77 65:0.70 39:0.58,,,
13.7651,system,0,,1035.7,,,,,,,,44.98,34.8,18.5
13.8094,frame,378,21.047654,44.65,33.33,375.43,512,384,BGR888p,,,,,
13.8095,detections,378,21.047654,44.54,33.33,375.5,,,,5,64:0.93 63:0.92 63:0.89 65:0.68 39:0.68,,,
13.8538,frame,379,21.080972,44.44,33.32,386.55,512,384,BGR888p,,,,,
13.8539,detections,379,21.080972,44.43,33.32,386.62,,,,5,64:0.90 63:0.89 39:0.70 65:0.67 63:0.65,,,
13.9019,frame,381,21.147617,48.1,66.65,368.0,512,384,BGR888p,,,,,
13.902,detections,381,21.147617,48.09,66.65,368.06,,,,6,63:0.93 64:0.91 63:0.80 39:0.66 39:0.64 65:0.63,,,
13.9492,frame,382,21.180939,47.27,33.32,381.96,512,384,BGR888p,,,,,
13.9493,detections,382,21.180939,47.3,33.32,382.04,,,,5,63:0.92 64:0.87 39:0.75 63:0.60 65:0.55,,,
13.9948,frame,384,21.247582,45.6,66.64,360.93,512,384,BGR888p,,,,,
13.9949,detections,384,21.247582,45.59,66.64,360.98,,,,5,63:0.94 64:0.89 39:0.77 39:0.66 65:0.53,,,
14.0445,frame,385,21.280905,49.71,33.32,377.3,512,384,BGR888p,,,,,
14.0446,detections,385,21.280905,49.7,33.32,377.37,,,,5,63:0.93 64:0.83 39:0.73 63:0.57 39:0.51,,,
14.0911,frame,386,21.314225,46.62,33.32,390.62,512,384,BGR888p,,,,,
14.0912,detections,386,21.314225,46.64,33.32,390.7,,,,5,63:0.93 64:0.81 39:0.73 63:0.61 39:0.53,,,
14.1386,frame,388,21.380872,47.51,66.65,371.46,512,384,BGR888p,,,,,
14.1387,detections,388,21.380872,47.49,66.65,371.52,,,,4,63:0.95 64:0.80 39:0.69 63:0.62,,,
14.1835,frame,389,21.4142,44.84,33.33,382.97,512,384,BGR888p,,,,,
14.1836,detections,389,21.4142,44.83,33.33,383.03,,,,3,63:0.93 63:0.75 64:0.71,,,
14.2308,frame,391,21.480835,47.34,66.63,363.68,512,384,BGR888p,,,,,
14.2309,detections,391,21.480835,47.34,66.63,363.73,,,,3,63:0.96 64:0.80 63:0.56,,,
14.2791,frame,392,21.514174,48.25,33.34,378.59,512,384,BGR888p,,,,,
14.2791,detections,392,21.514174,48.25,33.34,378.65,,,,4,63:0.94 64:0.74 62:0.56 73:0.51,,,
14.3253,frame,394,21.580801,46.19,66.63,358.15,512,384,BGR888p,,,,,
14.3261,detections,394,21.580801,46.91,66.63,358.94,,,,3,63:0.94 64:0.79 62:0.58,,,
14.3721,frame,395,21.614123,46.82,33.32,371.64,512,384,BGR888p,,,,,
14.3721,detections,395,21.614123,46.08,33.32,371.69,,,,3,63:0.95 64:0.76 62:0.55,,,
14.4169,frame,396,21.647446,44.83,33.32,383.15,512,384,BGR888p,,,,,
14.417,detections,396,21.647446,44.85,33.32,383.22,,,,4,63:0.95 64:0.68 63:0.58 73:0.50,,,
14.4636,frame,398,21.714089,46.71,66.64,363.23,512,384,BGR888p,,,,,
14.4638,detections,398,21.714089,46.77,66.64,363.34,,,,2,63:0.94 63:0.58,,,
14.5126,frame,399,21.747411,49.0,33.32,378.9,512,384,BGR888p,,,,,
14.5127,detections,399,21.747411,48.94,33.32,378.95,,,,2,63:0.94 63:0.57,,,
14.5603,frame,401,21.814054,47.7,66.64,359.95,512,384,BGR888p,,,,,
14.5604,detections,401,21.814054,47.69,66.64,360.0,,,,2,63:0.95 62:0.65,,,
14.6051,frame,402,21.847377,44.82,33.32,371.44,512,384,BGR888p,,,,,
14.6052,detections,402,21.847377,44.82,33.32,371.5,,,,2,63:0.95 63:0.57,,,
14.6508,frame,403,21.880697,45.63,33.32,383.75,512,384,BGR888p,,,,,
14.6508,detections,403,21.880697,45.63,33.32,383.8,,,,2,63:0.94 63:0.63,,,
14.6971,frame,405,21.947342,46.34,66.64,363.44,512,384,BGR888p,,,,,
14.6972,detections,405,21.947342,46.34,66.64,363.5,,,,3,63:0.91 62:0.65 64:0.51,,,
14.7455,frame,406,21.980665,48.36,33.32,378.48,512,384,BGR888p,,,,,
14.7455,detections,406,21.980665,48.37,33.32,378.54,,,,2,63:0.93 62:0.79,,,
14.7456,system,0,,980.46,,,,,,,,44.86,35.7,18.4
14.7931,frame,408,22.047307,47.64,66.64,359.48,512,384,BGR888p,,,,,
14.7932,detections,408,22.047307,47.64,66.64,359.54,,,,2,63:0.94 62:0.82,,,
14.8403,frame,409,22.080632,47.21,33.33,373.36,512,384,BGR888p,,,,,
14.8404,detections,409,22.080632,47.2,33.33,373.41,,,,3,63:0.94 62:0.78 73:0.52,,,
14.886,frame,410,22.11395,45.69,33.32,385.76,512,384,BGR888p,,,,,
14.8861,detections,410,22.11395,45.76,33.32,385.88,,,,2,63:0.95 62:0.82,,,
14.9321,frame,412,22.180595,46.14,66.65,365.23,512,384,BGR888p,,,,,
14.9322,detections,412,22.180595,46.08,66.65,365.3,,,,2,63:0.95 62:0.77,,,
14.9788,frame,413,22.213918,46.63,33.32,378.57,512,384,BGR888p,,,,,
14.9789,detections,413,22.213918,46.71,33.32,378.71,,,,1,63:0.69,,,
15.028,frame,415,22.28056,49.25,66.64,361.22,512,384,BGR888p,,,,,
15.0283,detections,415,22.28056,49.36,66.64,361.46,,,,1,62:0.82,,,
15.0724,frame,416,22.313883,44.36,33.32,372.25,512,384,BGR888p,,,,,
15.0726,detections,416,22.313883,44.33,33.32,372.46,,,,1,62:0.82,,,
15.1179,frame,417,22.347204,45.52,33.32,384.49,512,384,BGR888p,,,,,
15.1183,detections,417,22.347204,45.66,33.32,384.86,,,,1,62:0.78,,,
15.1641,frame,419,22.413848,46.25,66.64,364.01,512,384,BGR888p,,,,,
15.1643,detections,419,22.413848,46.02,66.64,364.14,,,,1,62:0.82,,,
15.2126,frame,420,22.447171,48.44,33.32,379.18,512,384,BGR888p,,,,,
15.2128,detections,420,22.447171,48.54,33.32,379.39,,,,1,62:0.79,,,
15.259,frame,422,22.513814,46.46,66.64,358.92,512,384,BGR888p,,,,,
15.2591,detections,422,22.513814,46.29,66.64,358.98,,,,2,62:0.77 62:0.56,,,
15.3058,frame,423,22.547136,46.8,33.32,372.4,512,384,BGR888p,,,,,
15.307,detections,423,22.547136,47.86,33.32,373.52,,,,2,62:0.80 63:0.63,,,
15.3513,frame,424,22.580458,45.44,33.32,384.52,512,384,BGR888p,,,,,
15.3514,detections,424,22.580458,44.38,33.32,384.58,,,,2,62:0.79 63:0.50,,,
15.3972,frame,426,22.647101,45.88,66.64,363.76,512,384,BGR888p,,,,,
15.3973,detections,426,22.647101,45.89,66.64,363.83,,,,2,62:0.84 62:0.61,,,
15.4455,frame,427,22.680431,48.28,33.33,378.72,512,384,BGR888p,,,,,
15.4455,detections,427,22.680431,48.28,33.33,378.78,,,,2,62:0.82 63:0.69,,,
15.4927,frame,429,22.747067,47.23,66.64,359.33,512,384,BGR888p,,,,,
15.4931,detections,429,22.747067,47.55,66.64,359.71,,,,3,62:0.85 63:0.61 62:0.53,,,
15.5386,frame,430,22.780392,45.91,33.32,371.97,512,384,BGR888p,,,,,
15.5392,detections,430,22.780392,46.07,33.32,372.52,,,,2,62:0.85 63:0.66,,,
15.5849,frame,431,22.81371,46.26,33.32,384.83,512,384,BGR888p,,,,,
15.5849,detections,431,22.81371,45.77,33.32,384.9,,,,3,62:0.87 62:0.62 63:0.58,,,
15.6313,frame,433,22.880355,46.47,66.65,364.66,512,384,BGR888p,,,,,
15.6314,detections,433,22.880355,46.47,66.65,364.72,,,,3,62:0.87 63:0.65 62:0.59,,,
15.678,frame,434,22.913677,46.65,33.32,377.99,512,384,BGR888p,,,,,
15.6781,detections,434,22.913677,46.66,33.32,378.05,,,,2,62:0.88 62:0.65,,,
15.7258,frame,436,22.98032,47.79,66.64,359.14,512,384,BGR888p,,,,,
15.7264,detections,436,22.98032,48.31,66.64,359.73,,,,3,62:0.85 63:0.53 62:0.53,,,
15.7747,frame,437,23.013645,48.94,33.33,374.77,512,384,BGR888p,,,,,
15.7748,detections,437,23.013645,48.43,33.33,374.83,,,,3,62:0.78 63:0.67 62:0.60,,,
15.7749,system,0,,1029.27,,,,,,,,44.87,34.6,16.4
15.8202,frame,438,23.046963,45.53,33.32,387.01,512,384,BGR888p,,,,,
15.8204,detections,438,23.046963,45.55,33.32,387.06,,,,1,63:0.53,,,
15.8669,frame,440,23.113609,46.67,66.65,366.97,512,384,BGR888p,,,,,
15.867,detections,440,23.113609,46.6,66.65,367.02,,,,3,62:0.81 62:0.60 62:0.57,,,
15.9131,frame,441,23.146931,46.15,33.32,379.82,512,384,BGR888p,,,,,
15.9131,detections,441,23.146931,46.18,33.32,379.89,,,,3,62:0.74 63:0.61 62:0.51,,,
15.9624,frame,443,23.213573,49.37,66.64,362.54,512,384,BGR888p,,,,,
15.9625,detections,443,23.213573,49.35,66.64,362.59,,,,1,62:0.65,,,
16.0088,frame,444,23.246898,46.42,33.33,375.63,512,384,BGR888p,,,,,
16.0089,detections,444,23.246898,46.42,33.33,375.69,,,,1,62:0.72,,,
16.057,frame,445,23.280216,48.13,33.32,390.44,512,384,BGR888p,,,,,
16.057,detections,445,23.280216,48.13,33.32,390.49,,,,1,62:0.70,,,
16.1027,frame,447,23.346861,45.74,66.65,369.54,512,384,BGR888p,,,,,
16.1028,detections,447,23.346861,45.75,66.65,369.6,,,,1,63:0.64,,,
16.1501,frame,448,23.380185,47.35,33.32,383.59,512,384,BGR888p,,,,,
16.1502,detections,448,23.380185,47.42,33.32,383.7,,,,1,62:0.59,,,
16.1985,frame,450,23.446827,48.41,66.64,365.34,512,384,BGR888p,,,,,
16.1986,detections,450,23.446827,48.35,66.64,365.41,,,,1,62:0.83,,,
16.2455,frame,451,23.48015,47.06,33.32,379.08,512,384,BGR888p,,,,,
16.2456,detections,451,23.48015,47.06,33.32,379.14,,,,2,62:0.71 62:0.51,,,
16.2927,frame,452,23.51347,47.2,33.32,392.96,512,384,BGR888p,,,,,
16.2928,detections,452,23.51347,47.21,33.32,393.03,,,,2,62:0.78 62:0.61,,,
16.3385,frame,454,23.580115,45.75,66.64,372.07,512,384,BGR888p,,,,,
16.3386,detections,454,23.580115,45.76,66.64,372.15,,,,0,,,,
16.3847,frame,455,23.613446,46.2,33.33,384.95,512,384,BGR888p,,,,,
16.3848,detections,455,23.613446,46.22,33.33,385.04,,,,1,62:0.52,,,
16.4312,frame,457,23.68008,46.5,66.63,364.81,512,384,BGR888p,,,,,
16.4313,detections,457,23.68008,46.49,66.63,364.89,,,,0,,,,
16.478,frame,458,23.713402,46.83,33.32,378.32,512,384,BGR888p,,,,,
16.4781,detections,458,23.713402,46.82,33.32,378.39,,,,1,62:0.67,,,
16.5262,frame,460,23.780046,48.13,66.64,359.8,512,384,BGR888p,,,,,
16.5263,detections,460,23.780046,48.17,66.64,359.91,,,,0,,,,
16.5718,frame,461,23.813369,45.66,33.32,372.14,512,384,BGR888p,,,,,
16.5719,detections,461,23.813369,45.61,33.32,372.2,,,,1,62:0.55,,,
16.6182,frame,462,23.846688,46.37,33.32,385.19,512,384,BGR888p,,,,,
16.6186,detections,462,23.846688,46.68,33.32,385.57,,,,1,72:0.53,,,
16.664,frame,464,23.913333,45.77,66.65,364.31,512,384,BGR888p,,,,,
16.664,detections,464,23.913333,45.45,66.65,364.37,,,,0,,,,
16.7122,frame,465,23.946655,48.22,33.32,379.21,512,384,BGR888p,,,,,
16.7123,detections,465,23.946655,48.23,33.32,379.28,,,,0,,,,
16.7583,frame,467,24.013299,46.1,66.64,357.37,512,384,BGR888p,,,,,
16.7589,detections,467,24.013299,46.61,66.64,357.96,,,,1,62:0.52,,,
16.759,system,0,,984.1,,,,,,,,45.2,34.7,17.1
16.8047,frame,468,24.046625,46.43,33.33,370.47,512,384,BGR888p,,,,,
16.8048,detections,468,24.046625,45.92,33.33,370.52,,,,0,,,,
16.8504,frame,469,24.079942,45.7,33.32,382.85,512,384,BGR888p,,,,,
16.8505,detections,469,24.079942,45.71,33.32,382.92,,,,0,,,,
16.8984,frame,471,24.146586,48.0,66.64,364.23,512,384,BGR888p,,,,,
16.8986,detections,471,24.146586,48.06,66.64,364.35,,,,0,,,,
16.9453,frame,472,24.179912,46.9,33.33,377.8,512,384,BGR888p,,,,,
16.9454,detections,472,24.179912,46.88,33.33,377.89,,,,0,,,,
16.9938,frame,474,24.246552,48.51,66.64,359.68,512,384,BGR888p,,,,,
16.994,detections,474,24.246552,48.54,66.64,359.8,,,,1,63:0.64,,,
17.0397,frame,475,24.279877,45.87,33.32,372.21,512,384,BGR888p,,,,,
17.0398,detections,475,24.279877,45.83,33.32,372.29,,,,0,,,,
17.0856,frame,476,24.313196,45.87,33.32,384.77,512,384,BGR888p,,,,,
17.0857,detections,476,24.313196,45.88,33.32,384.85,,,,0,,,,
17.133,frame,478,24.379841,47.41,66.64,365.6,512,384,BGR888p,,,,,
17.1332,detections,478,24.379841,47.56,66.64,365.85,,,,1,62:0.51,,,
17.1796,frame,479,24.413162,46.6,33.32,378.88,512,384,BGR888p,,,,,
17.1798,detections,479,24.413162,46.59,33.32,379.1,,,,1,63:0.79,,,
17.2281,frame,481,24.479805,48.54,66.64,360.73,512,384,BGR888p,,,,,
17.2283,detections,481,24.479805,48.48,66.64,360.9,,,,1,63:0.67,,,
17.2757,frame,482,24.513128,47.6,33.32,374.98,512,384,BGR888p,,,,,
17.2758,detections,482,24.513128,47.5,33.32,375.06,,,,1,62:0.79,,,
17.3194,frame,483,24.546449,43.71,33.32,385.36,512,384,BGR888p,,,,,
17.3195,detections,483,24.546449,43.69,33.32,385.42,,,,1,63:0.79,,,
17.3652,frame,485,24.613093,45.8,66.64,364.52,512,384,BGR888p,,,,,
17.3653,detections,485,24.613093,45.8,66.64,364.57,,,,1,63:0.83,,,
17.4117,frame,486,24.646415,46.47,33.32,377.67,512,384,BGR888p,,,,,
17.4118,detections,486,24.646415,46.48,33.32,377.74,,,,1,63:0.74,,,
17.4602,frame,488,24.713058,48.48,66.64,359.53,512,384,BGR888p,,,,,
17.4603,detections,488,24.713058,48.54,66.64,359.65,,,,1,63:0.81,,,
17.5075,frame,489,24.746382,47.34,33.32,373.52,512,384,BGR888p,,,,,
17.5076,detections,489,24.746382,47.27,33.32,373.57,,,,1,63:0.77,,,
17.5523,frame,490,24.779702,44.81,33.32,385.01,512,384,BGR888p,,,,,
17.5524,detections,490,24.779702,44.85,33.32,385.11,,,,1,63:0.69,,,
17.5984,frame,492,24.846346,46.11,66.64,364.48,512,384,BGR888p,,,,,
17.5985,detections,492,24.846346,46.07,66.64,364.54,,,,1,62:0.65,,,
17.6452,frame,493,24.879669,46.8,33.32,377.97,512,384,BGR888p,,,,,
17.6453,detections,493,24.879669,46.82,33.32,378.04,,,,1,62:0.70,,,
17.6921,frame,495,24.946311,46.9,66.64,358.24,512,384,BGR888p,,,,,
17.6928,detections,495,24.946311,47.43,66.64,358.86,,,,1,63:0.80,,,
17.7391,frame,496,24.979634,47.0,33.32,371.9,512,384,BGR888p,,,,,
17.7393,detections,496,24.979634,46.57,33.32,372.09,,,,0,,,,
17.7851,frame,497,25.012956,45.98,33.32,384.56,512,384,BGR888p,,,,,
17.7852,detections,497,25.012956,45.89,33.32,384.66,,,,0,,,,
17.7853,system,0,,1026.35,,,,,,,,45.26,34.3,16.8
17.8317,frame,499,25.079599,46.6,66.64,364.51,512,384,BGR888p,,,,,
17.8318,detections,499,25.079599,46.57,66.64,364.57,,,,0,,,,
17.8783,frame,500,25.112925,46.57,33.33,377.76,512,384,BGR888p,,,,,
17.8784,detections,500,25.112925,46.59,33.33,377.83,,,,0,,,,
17.926,frame,502,25.179564,47.69,66.64,358.81,512,384,BGR888p,,,,,
17.9261,detections,502,25.179564,47.7,66.64,358.9,,,,1,62:0.71,,,
17.9725,frame,503,25.212889,46.53,33.33,372.01,512,384,BGR888p,,,,,
17.9726,detections,503,25.212889,46.51,33.33,372.07,,,,1,62:0.75,,,
18.0173,frame,504,25.246208,44.83,33.32,383.52,512,384,BGR888p,,,,,
18.0174,detections,504,25.246208,44.84,33.32,383.59,,,,1,62:0.87,,,
18.0634,frame,506,25.312852,46.01,66.64,362.88,512,384,BGR888p,,,,,
18.0634,detections,506,25.312852,45.98,66.64,362.93,,,,1,62:0.90,,,
18.1112,frame,507,25.346175,47.83,33.32,377.39,512,384,BGR888p,,,,,
18.1113,detections,507,25.346175,47.85,33.32,377.46,,,,1,62:0.89,,,
18.1596,frame,509,25.412818,48.47,66.64,359.22,512,384,BGR888p,,,,,
18.1597,detections,509,25.412818,48.46,66.64,359.27,,,,2,62:0.89 62:0.68,,,
18.2063,frame,510,25.44614,46.62,33.32,372.52,512,384,BGR888p,,,,,
18.2063,detections,510,25.44614,46.62,33.32,372.57,,,,2,62:0.80 56:0.60,,,
18.2524,frame,511,25.479461,46.11,33.32,385.32,512,384,BGR888p,,,,,
18.2525,detections,511,25.479461,46.14,33.32,385.41,,,,1,62:0.83,,,
18.2986,frame,513,25.546106,46.18,66.65,364.84,512,384,BGR888p,,,,,
18.2986,detections,513,25.546106,46.15,66.65,364.9,,,,1,62:0.58,,,
18.3463,frame,514,25.579428,47.75,33.32,379.34,512,384,BGR888p,,,,,
18.3466,detections,514,25.579428,47.92,33.32,379.55,,,,0,,,,
18.3937,frame,516,25.646071,47.36,66.64,360.06,512,384,BGR888p,,,,,
18.3939,detections,516,25.646071,47.37,66.64,360.28,,,,2,62:0.54 62:0.53,,,
18.4417,frame,517,25.679395,47.98,33.32,374.72,512,384,BGR888p,,,,,
18.4419,detections,517,25.679395,47.98,33.32,374.93,,,,3,62:0.78 62:0.62 41:0.59,,,
18.4865,frame,518,25.712714,44.8,33.32,386.15,512,384,BGR888p,,,,,
18.4866,detections,518,25.712714,44.7,33.32,386.27,,,,5,62:0.78 62:0.77 41:0.75 62:0.69 56:0.61,,,
18.5333,frame,520,25.779359,46.88,66.65,366.36,512,384,BGR888p,,,,,
18.5334,detections,520,25.779359,46.81,66.65,366.42,,,,5,41:0.66 56:0.54 56:0.53 64:0.52 62:0.51,,,
18.5806,frame,521,25.812681,47.24,33.32,380.28,512,384,BGR888p,,,,,
18.5807,detections,521,25.812681,47.29,33.32,380.39,,,,3,56:0.60 62:0.52 56:0.50,,,
18.6279,frame,523,25.879325,47.33,66.64,360.97,512,384,BGR888p,,,,,
18.628,detections,523,25.879325,47.28,66.64,361.02,,,,5,41:0.62 56:0.57 62:0.56 62:0.53 62:0.52,,,
18.6782,frame,524,25.912647,50.32,33.32,377.97,512,384,BGR888p,,,,,
18.6783,detections,524,25.912647,50.33,33.32,378.04,,,,5,62:0.66 56:0.66 41:0.58 62:0.52 66:0.50,,,
18.7261,frame,525,25.945967,47.85,33.32,392.49,512,384,BGR888p,,,,,
18.7262,detections,525,25.945967,47.84,33.32,392.55,,,,1,62:0.84,,,
18.7717,frame,527,26.012612,45.58,66.65,371.44,512,384,BGR888p,,,,,
18.7718,detections,527,26.012612,45.6,66.65,371.51,,,,5,56:0.74 56:0.70 62:0.67 41:0.66 66:0.61,,,
18.7718,system,0,,986.52,,,,,,,,45.32,33.9,16.7
18.8163,frame,528,26.045935,44.67,33.32,382.79,512,384,BGR888p,,,,,
18.8164,detections,528,26.045935,44.68,33.32,382.88,,,,6,41:0.78 56:0.76 62:0.66 56:0.58 66:0.56 41:0.52,,,
18.8633,frame,530,26.112578,47.02,66.64,363.15,512,384,BGR888p,,,,,
18.8634,detections,530,26.112578,47.0,66.64,363.22,,,,1,62:0.60,,,
18.9119,frame,531,26.145905,48.55,33.33,378.39,512,384,BGR888p,,,,,
18.912,detections,531,26.145905,48.58,33.33,378.48,,,,0,,,,
18.9602,frame,533,26.212544,48.32,66.64,360.07,512,384,BGR888p,,,,,
18.9603,detections,533,26.212544,48.3,66.64,360.13,,,,2,62:0.57 62:0.55,,,
19.0057,frame,534,26.245866,45.45,33.32,372.22,512,384,BGR888p,,,,,
19.0058,detections,534,26.245866,45.47,33.32,372.28,,,,1,56:0.65,,,
19.0497,frame,535,26.279186,43.98,33.32,382.84,512,384,BGR888p,,,,,
19.0497,detections,535,26.279186,43.94,33.32,382.9,,,,0,,,,
19.0964,frame,537,26.345831,46.77,66.65,362.98,512,384,BGR888p,,,,,
19.0965,detections,537,26.345831,46.79,66.65,363.04,,,,1,62:0.63,,,
19.1449,frame,538,26.379154,48.52,33.32,378.19,512,384,BGR888p,,,,,
19.145,detections,538,26.379154,48.53,33.32,378.24,,,,1,62:0.76,,,
19.1916,frame,540,26.445796,46.69,66.64,358.22,512,384,BGR888p,,,,,
19.1928,detections,540,26.445796,47.79,66.64,359.4,,,,1,62:0.61,,,
19.2384,frame,541,26.479121,46.8,33.32,371.69,512,384,BGR888p,,,,,
19.2385,detections,541,26.479121,45.69,33.32,371.75,,,,1,62:0.76,,,
19.2845,frame,542,26.512439,46.09,33.32,384.45,512,384,BGR888p,,,,,
19.2846,detections,542,26.512439,46.08,33.32,384.51,,,,1,62:0.61,,,
19.3307,frame,544,26.579085,46.15,66.65,363.96,512,384,BGR888p,,,,,
19.3307,detections,544,26.579085,46.16,66.65,364.02,,,,1,62:0.59,,,
19.3779,frame,545,26.612419,47.27,33.33,377.91,512,384,BGR888p,,,,,
19.378,detections,545,26.612419,47.28,33.33,377.98,,,,1,56:0.50,,,
19.4252,frame,547,26.679049,47.24,66.63,358.51,512,384,BGR888p,,,,,
19.4253,detections,547,26.679049,47.23,66.63,358.57,,,,1,0:0.53,,,
19.4713,frame,548,26.712375,46.13,33.33,371.38,512,384,BGR888p,,,,,
19.4715,detections,548,26.712375,46.24,33.33,371.49,,,,1,0:0.52,,,
19.5175,frame,549,26.745693,46.22,33.32,384.21,512,384,BGR888p,,,,,
19.5176,detections,549,26.745693,46.09,33.32,384.26,,,,1,0:0.53,,,
19.5635,frame,551,26.812338,46.01,66.65,363.62,512,384,BGR888p,,,,,
19.5637,detections,551,26.812338,46.1,66.65,363.73,,,,0,,,,
19.6108,frame,552,26.84566,47.28,33.32,377.56,512,384,BGR888p,,,,,
19.611,detections,552,26.84566,47.32,33.32,377.75,,,,3,56:0.64 0:0.57 62:0.53,,,
19.6582,frame,554,26.912303,47.36,66.64,358.27,512,384,BGR888p,,,,,
19.659,detections,554,26.912303,47.98,66.64,359.06,,,,3,56:0.71 62:0.63 0:0.56,,,
19.7049,frame,555,26.945626,46.73,33.32,371.67,512,384,BGR888p,,,,,
19.705,detections,555,26.945626,46.01,33.32,371.74,,,,3,56:0.74 62:0.61 0:0.58,,,
19.7508,frame,556,26.978946,45.85,33.32,384.19,512,384,BGR888p,,,,,
19.7508,detections,556,26.978946,45.84,33.32,384.25,,,,4,56:0.78 0:0.57 62:0.54 24:0.53,,,
19.7509,system,0,,979.06,,,,,,,,45.26,34.4,17.1
19.7966,frame,558,27.045592,45.86,66.65,363.42,512,384,BGR888p,,,,,
19.7967,detections,558,27.045592,45.87,66.65,363.47,,,,3,56:0.72 62:0.67 24:0.58,,,
19.8441,frame,559,27.078917,47.5,33.33,377.59,512,384,BGR888p,,,,,
19.8442,detections,559,27.078917,47.5,33.33,377.65,,,,4,56:0.78 62:0.65 0:0.63 24:0.51,,,
19.8916,frame,561,27.145556,47.52,66.64,358.47,512,384,BGR888p,,,,,
19.8917,detections,561,27.145556,47.52,66.64,358.53,,,,1,56:0.86,,,
19.9378,frame,562,27.178881,46.13,33.33,371.28,512,384,BGR888p,,,,,
19.9387,detections,562,27.178881,46.95,33.33,372.17,,,,1,0:0.86,,,
19.9828,frame,563,27.212199,45.08,33.32,383.04,512,384,BGR888p,,,,,
19.9829,detections,563,27.212199,44.27,33.32,383.11,,,,1,0:0.68,,,
20.0296,frame,565,27.278844,46.77,66.65,363.18,512,384,BGR888p,,,,,
20.0297,detections,565,27.278844,46.79,66.65,363.26,,,,1,0:0.87,,,
20.0774,frame,566,27.312166,47.74,33.32,377.57,512,384,BGR888p,,,,,
20.0774,detections,566,27.312166,47.7,33.32,377.62,,,,2,56:0.56 0:0.50,,,
20.1238,frame,568,27.378809,46.41,66.64,357.34,512,384,BGR888p,,,,,
20.1244,detections,568,27.378809,46.94,66.64,357.93,,,,0,,,,
20.1704,frame,569,27.412134,46.67,33.32,370.69,512,384,BGR888p,,,,,
20.1706,detections,569,27.412134,46.25,33.32,370.86,,,,0,,,,
20.2168,frame,570,27.445452,46.35,33.32,383.72,512,384,BGR888p,,,,,
20.2169,detections,570,27.445452,46.25,33.32,383.78,,,,0,,,,
20.2634,frame,572,27.512098,46.61,66.65,363.68,512,384,BGR888p,,,,,
20.2635,detections,572,27.512098,46.61,66.65,363.74,,,,0,,,,
20.3113,frame,573,27.545427,47.95,33.33,378.29,512,384,BGR888p,,,,,
20.3114,detections,573,27.545427,47.93,33.33,378.34,,,,0,,,,
20.359,frame,575,27.612062,47.69,66.64,359.35,512,384,BGR888p,,,,,
20.3591,detections,575,27.612062,47.71,66.64,359.41,,,,0,,,,
20.4046,frame,576,27.645389,45.53,33.33,371.56,512,384,BGR888p,,,,,
20.4046,detections,576,27.645389,45.53,33.33,371.62,,,,0,,,,
20.4499,frame,577,27.678705,45.34,33.32,383.58,512,384,BGR888p,,,,,
20.45,detections,577,27.678705,45.33,33.32,383.64,,,,0,,,,
20.4971,frame,579,27.745352,47.24,66.65,364.19,512,384,BGR888p,,,,,
20.4973,detections,579,27.745352,47.3,66.65,364.31,,,,0,,,,
20.5451,frame,580,27.778675,47.99,33.32,378.86,512,384,BGR888p,,,,,
20.5453,detections,580,27.778675,48.0,33.32,378.98,,,,0,,,,
20.5914,frame,582,27.845316,46.22,66.64,358.43,512,384,BGR888p,,,,,
20.592,detections,582,27.845316,46.73,66.64,359.1,,,,2,62:0.54 56:0.51,,,
20.6382,frame,583,27.878639,46.88,33.32,371.98,512,384,BGR888p,,,,,
20.6384,detections,583,27.878639,46.36,33.32,372.09,,,,1,56:0.56,,,
20.6821,frame,584,27.911959,43.9,33.32,382.56,512,384,BGR888p,,,,,
20.6822,detections,584,27.911959,43.86,33.32,382.63,,,,0,,,,
20.7288,frame,586,27.978604,46.64,66.65,362.58,512,384,BGR888p,,,,,
20.7289,detections,586,27.978604,46.66,66.65,362.64,,,,0,,,,
20.7783,frame,587,28.011926,49.49,33.32,378.76,512,384,BGR888p,,,,,
20.7784,detections,587,28.011926,49.5,33.32,378.81,,,,2,62:0.63 62:0.57,,,
20.7784,system,0,,1027.54,,,,,,,,45.55,33.9,16.5
20.8253,frame,589,28.078569,47.01,66.64,359.09,512,384,BGR888p,,,,,
20.826,detections,589,28.078569,47.59,66.64,359.77,,,,2,62:0.76 56:0.51,,,
20.8714,frame,590,28.111892,46.12,33.32,371.89,512,384,BGR888p,,,,,
20.8715,detections,590,28.111892,45.51,33.32,371.95,,,,2,62:0.75 56:0.53,,,
20.9172,frame,591,28.145212,45.85,33.32,384.42,512,384,BGR888p,,,,,
20.9173,detections,591,28.145212,45.85,33.32,384.48,,,,2,62:0.88 56:0.64,,,
20.9652,frame,593,28.211858,47.95,66.65,365.71,512,384,BGR888p,,,,,
20.9653,detections,593,28.211858,47.96,66.65,365.81,,,,1,62:0.84,,,
21.0113,frame,594,28.245179,46.09,33.32,378.49,512,384,BGR888p,,,,,
21.0114,detections,594,28.245179,46.09,33.32,378.57,,,,2,62:0.80 41:0.66,,,
21.0606,frame,596,28.311822,49.3,66.64,361.15,512,384,BGR888p,,,,,
21.0607,detections,596,28.311822,49.3,66.64,361.24,,,,4,62:0.74 66:0.70 56:0.65 62:0.57,,,
21.1048,frame,597,28.345147,44.2,33.33,372.03,512,384,BGR888p,,,,,
21.1055,detections,597,28.345147,44.86,33.33,372.78,,,,6,62:0.73 56:0.63 62:0.57 66:0.56 41:0.56 41:0.52,,,
21.1502,frame,598,28.378465,45.39,33.32,384.1,512,384,BGR888p,,,,,
21.1503,detections,598,28.378465,44.77,33.32,384.24,,,,2,62:0.60 66:0.50,,,
21.1962,frame,600,28.445111,46.04,66.65,363.48,512,384,BGR888p,,,,,
21.1963,detections,600,28.445111,45.98,66.65,363.54,,,,4,62:0.88 66:0.66 62:0.63 41:0.52,,,
21.2447,frame,601,28.478439,48.53,33.33,378.68,512,384,BGR888p,,,,,
21.2448,detections,601,28.478439,48.52,33.33,378.74,,,,5,62:0.75 66:0.66 41:0.66 62:0.65 64:0.62,,,
21.2924,frame,603,28.545075,47.7,66.64,359.74,512,384,BGR888p,,,,,
21.2934,detections,603,28.545075,48.62,66.64,360.74,,,,2,66:0.69 56:0.61,,,
21.3391,frame,604,28.578398,46.62,33.32,373.04,512,384,BGR888p,,,,,
21.3404,detections,604,28.578398,46.96,33.32,374.38,,,,4,56:0.66 66:0.63 64:0.53 62:0.50,,,
21.3843,frame,605,28.611718,45.24,33.32,384.96,512,384,BGR888p,,,,,
21.3844,detections,605,28.611718,43.99,33.32,385.03,,,,6,56:0.65 41:0.63 62:0.55 64:0.54 62:0.53 41:0.52,,,
21.4323,frame,607,28.678363,48.03,66.65,366.35,512,384,BGR888p,,,,,
21.4324,detections,607,28.678363,48.03,66.65,366.41,,,,6,66:0.80 56:0.73 62:0.64 62:0.61 64:0.51 62:0.51,,,
21.4789,frame,608,28.711685,46.57,33.32,379.6,512,384,BGR888p,,,,,
21.479,detections,608,28.711685,46.59,33.32,379.68,,,,5,66:0.73 56:0.69 62:0.59 62:0.58 64:0.55,,,
21.5283,frame,610,28.778328,49.41,66.64,362.38,512,384,BGR888p,,,,,
21.5284,detections,610,28.778328,49.44,66.64,362.5,,,,6,66:0.72 56:0.72 62:0.59 41:0.57 62:0.57 64:0.52,,,
21.5748,frame,611,28.811653,46.47,33.33,375.57,512,384,BGR888p,,,,,
21.575,detections,611,28.811653,46.58,33.33,375.79,,,,5,66:0.71 62:0.70 62:0.62 56:0.62 64:0.57,,,
21.6194,frame,612,28.844971,44.6,33.32,386.79,512,384,BGR888p,,,,,
21.6195,detections,612,28.844971,44.45,33.32,386.87,,,,5,66:0.72 62:0.70 64:0.69 62:0.66 56:0.64,,,
21.6649,frame,614,28.911616,45.55,66.64,365.72,512,384,BGR888p,,,,,
21.6652,detections,614,28.911616,45.71,66.64,365.95,,,,1,41:0.51,,,
21.7138,frame,615,28.944941,48.85,33.33,381.29,512,384,BGR888p,,,,,
21.714,detections,615,28.944941,48.84,33.33,381.5,,,,0,,,,
21.7615,frame,617,29.011582,47.69,66.64,362.31,512,384,BGR888p,,,,,
21.7616,detections,617,29.011582,47.63,66.64,362.46,,,,0,,,,
21.7618,system,0,,983.35,,,,,,,,45.6,34.8,18.0
21.8075,frame,618,29.044904,46.06,33.32,375.03,512,384,BGR888p,,,,,
21.8077,detections,618,29.044904,46.03,33.32,375.16,,,,0,,,,
21.8564,frame,619,29.078225,48.91,33.32,390.66,512,384,BGR888p,,,,,
21.8567,detections,619,29.078225,49.02,33.32,390.89,,,,0,,,,
21.8996,frame,621,29.144871,43.22,66.65,367.23,512,384,BGR888p,,,,,
21.8999,detections,621,29.144871,43.21,66.65,367.45,,,,0,,,,
21.9471,frame,622,29.178193,47.48,33.32,381.39,512,384,BGR888p,,,,,
21.9474,detections,622,29.178193,47.52,33.32,381.65,,,,2,62:0.65 41:0.53,,,
21.9958,frame,624,29.244835,48.67,66.64,363.42,512,384,BGR888p,,,,,
21.996,detections,624,29.244835,48.63,66.64,363.63,,,,7,66:0.83 41:0.79 56:0.75 62:0.65 56:0.63 63:0.61 64:0.60,,,
22.0426,frame,625,29.278158,46.8,33.32,376.84,512,384,BGR888p,,,,,
22.0427,detections,625,29.278158,46.66,33.32,376.92,,,,7,56:0.80 66:0.76 41:0.71 56:0.63 62:0.63 64:0.52 63:0.50,,,
22.0897,frame,626,29.311478,47.15,33.32,390.65,512,384,BGR888p,,,,,
22.0898,detections,626,29.311478,47.12,33.32,390.71,,,,5,41:0.68 62:0.59 64:0.53 56:0.53 63:0.52,,,
22.137,frame,628,29.378126,47.25,66.65,371.25,512,384,BGR888p,,,,,
22.1371,detections,628,29.378126,47.25,66.65,371.31,,,,4,56:0.74 62:0.58 41:0.53 56:0.52,,,
22.1822,frame,629,29.411453,45.23,33.33,383.21,512,384,BGR888p,,,,,
22.1824,detections,629,29.411453,45.3,33.33,383.28,,,,5,56:0.69 62:0.58 63:0.55 66:0.53 64:0.51,,,
22.2294,frame,631,29.478088,47.14,66.63,363.66,512,384,BGR888p,,,,,
22.2294,detections,631,29.478088,47.07,66.63,363.72,,,,3,66:0.77 62:0.57 64:0.50,,,
22.2783,frame,632,29.511411,48.97,33.32,379.31,512,384,BGR888p,,,,,
22.2784,detections,632,29.511411,48.97,33.32,379.37,,,,5,66:0.69 63:0.59 41:0.57 62:0.54 56:0.50,,,
22.3241,frame,633,29.544733,45.8,33.32,391.8,512,384,BGR888p,,,,,
22.3252,detections,633,29.544733,46.82,33.32,392.91,,,,2,56:0.77 63:0.65,,,
22.37,frame,635,29.611377,45.87,66.64,371.01,512,384,BGR888p,,,,,
22.3701,detections,635,29.611377,44.84,66.64,371.07,,,,3,56:0.68 66:0.57 63:0.53,,,
22.4162,frame,636,29.644699,46.2,33.32,383.91,512,384,BGR888p,,,,,
22.4163,detections,636,29.644699,46.22,33.32,383.98,,,,4,56:0.53 56:0.53 56:0.52 0:0.52,,,
22.4622,frame,638,29.711341,46.02,66.64,363.28,512,384,BGR888p,,,,,
22.4623,detections,638,29.711341,46.01,66.64,363.34,,,,2,66:0.53 56:0.51,,,
22.5107,frame,639,29.744664,48.48,33.32,378.44,512,384,BGR888p,,,,,
22.5108,detections,639,29.744664,48.48,33.32,378.5,,,,4,56:0.56 64:0.51 56:0.51 66:0.51,,,
22.5578,frame,641,29.811307,47.06,66.64,358.86,512,384,BGR888p,,,,,
22.5584,detections,641,29.811307,47.66,66.64,359.52,,,,3,56:0.65 56:0.61 66:0.60,,,
22.6039,frame,642,29.84463,46.14,33.32,371.69,512,384,BGR888p,,,,,
22.604,detections,642,29.84463,45.59,33.32,371.78,,,,4,66:0.83 56:0.58 56:0.54 64:0.51,,,
22.6497,frame,643,29.877951,45.75,33.32,384.11,512,384,BGR888p,,,,,
22.6498,detections,643,29.877951,45.73,33.32,384.18,,,,3,66:0.83 56:0.73 56:0.57,,,
22.6975,frame,645,29.944595,47.87,66.64,365.32,512,384,BGR888p,,,,,
22.6977,detections,645,29.944595,47.89,66.64,365.43,,,,5,66:0.86 56:0.76 56:0.65 63:0.51 64:0.50,,,
22.7442,frame,646,29.977917,46.61,33.32,378.62,512,384,BGR888p,,,,,
22.7442,detections,646,29.977917,46.57,33.32,378.69,,,,3,66:0.81 56:0.73 56:0.61,,,
22.7907,frame,648,30.04456,46.55,66.64,358.52,512,384,BGR888p,,,,,
22.7914,detections,648,30.04456,47.2,66.64,359.24,,,,4,66:0.82 56:0.70 56:0.51 63:0.50,,,
22.7915,system,0,,1029.72,,,,,,,,45.43,34.6,17.2
22.8371,frame,649,30.077885,46.41,33.32,371.63,512,384,BGR888p,,,,,
22.8372,detections,649,30.077885,45.81,33.32,371.76,,,,4,66:0.85 56:0.69 56:0.68 64:0.50,,,
22.8826,frame,650,30.111204,45.48,33.32,383.76,512,384,BGR888p,,,,,
22.8826,detections,650,30.111204,45.4,33.32,383.81,,,,4,66:0.79 56:0.74 56:0.74 63:0.55,,,
22.9311,frame,652,30.177848,48.51,66.64,365.65,512,384,BGR888p,,,,,
22.9312,detections,652,30.177848,48.56,66.64,365.72,,,,4,66:0.81 56:0.75 63:0.63 56:0.62,,,
22.9782,frame,653,30.211172,47.09,33.32,379.41,512,384,BGR888p,,,,,
22.9783,detections,653,30.211172,47.11,33.32,379.51,,,,4,66:0.82 56:0.73 56:0.67 63:0.66,,,
23.0276,frame,655,30.277813,49.41,66.64,362.17,512,384,BGR888p,,,,,
23.0277,detections,655,30.277813,49.36,66.64,362.23,,,,5,66:0.85 56:0.81 63:0.56 64:0.56 56:0.52,,,
23.0743,frame,656,30.311136,46.74,33.32,375.6,512,384,BGR888p,,,,,
23.0744,detections,656,30.311136,46.77,33.32,375.68,,,,5,56:0.87 66:0.85 63:0.60 64:0.55 64:0.52,,,
23.1184,frame,657,30.344456,44.05,33.32,386.31,512,384,BGR888p,,,,,
23.1185,detections,657,30.344456,44.02,33.32,386.37,,,,5,66:0.86 56:0.86 63:0.58 56:0.52 64:0.50,,,
23.1643,frame,659,30.411101,45.91,66.64,365.59,512,384,BGR888p,,,,,
23.1644,detections,659,30.411101,45.94,66.64,365.67,,,,4,66:0.88 56:0.82 63:0.59 64:0.50,,,
23.2106,frame,660,30.444423,46.33,33.32,378.59,512,384,BGR888p,,,,,
23.2107,detections,660,30.444423,46.3,33.32,378.64,,,,2,66:0.88 56:0.85,,,
23.2605,frame,662,30.511066,49.84,66.64,361.79,512,384,BGR888p,,,,,
23.2606,detections,662,30.511066,49.85,66.64,361.86,,,,4,66:0.87 56:0.75 63:0.56 56:0.53,,,
23.3049,frame,663,30.544389,44.43,33.32,372.9,512,384,BGR888p,,,,,
23.305,detections,663,30.544389,44.44,33.32,372.97,,,,2,66:0.80 56:0.72,,,
23.3503,frame,664,30.57771,45.36,33.32,384.95,512,384,BGR888p,,,,,
23.3504,detections,664,30.57771,45.37,33.32,385.03,,,,2,56:0.73 66:0.53,,,
23.3962,frame,666,30.644354,45.95,66.64,364.27,512,384,BGR888p,,,,,
23.3963,detections,666,30.644354,45.95,66.64,364.33,,,,1,56:0.68,,,
23.4443,frame,667,30.677677,48.08,33.32,379.0,512,384,BGR888p,,,,,
23.4444,detections,667,30.677677,48.05,33.32,379.06,,,,1,56:0.54,,,
23.4908,frame,669,30.744319,46.46,66.64,358.82,512,384,BGR888p,,,,,
23.4916,detections,669,30.744319,47.18,66.64,359.61,,,,1,56:0.50,,,
23.5377,frame,670,30.777643,46.9,33.32,372.39,512,384,BGR888p,,,,,
23.5377,detections,670,30.777643,46.18,33.32,372.45,,,,1,62:0.60,,,
23.5834,frame,671,30.810964,45.75,33.32,384.82,512,384,BGR888p,,,,,
23.5835,detections,671,30.810964,45.74,33.32,384.87,,,,2,62:0.66 41:0.58,,,
23.6296,frame,673,30.877608,46.15,66.64,364.33,512,384,BGR888p,,,,,
23.6296,detections,673,30.877608,46.16,66.64,364.39,,,,1,62:0.54,,,
23.6774,frame,674,30.910945,47.88,33.34,378.88,512,384,BGR888p,,,,,
23.6775,detections,674,30.910945,47.89,33.34,378.94,,,,2,56:0.63 62:0.57,,,
23.7257,frame,676,30.977573,48.3,66.63,360.56,512,384,BGR888p,,,,,
23.7259,detections,676,30.977573,48.4,66.63,360.73,,,,4,41:0.71 56:0.67 62:0.59 62:0.55,,,
23.7735,frame,677,31.010899,47.75,33.33,374.98,512,384,BGR888p,,,,,
23.7736,detections,677,31.010899,47.66,33.33,375.06,,,,5,56:0.70 41:0.67 62:0.66 66:0.53 63:0.51,,,
23.7737,system,0,,982.16,,,,,,,,45.89,35.3,17.4
23.8187,frame,678,31.044216,45.17,33.32,386.84,512,384,BGR888p,,,,,
23.8188,detections,678,31.044216,45.19,33.32,386.93,,,,3,56:0.77 41:0.54 63:0.54,,,
23.8647,frame,680,31.110861,46.02,66.65,366.19,512,384,BGR888p,,,,,
23.8647,detections,680,31.110861,45.97,66.65,366.25,,,,2,41:0.53 56:0.51,,,
23.9126,frame,681,31.144183,47.96,33.32,380.83,512,384,BGR888p,,,,,
23.9127,detections,681,31.144183,47.97,33.32,380.89,,,,2,56:0.73 62:0.53,,,
23.9614,frame,683,31.210826,48.8,66.64,363.0,512,384,BGR888p,,,,,
23.9615,detections,683,31.210826,48.82,66.64,363.07,,,,1,73:0.52,,,
24.0103,frame,684,31.244149,48.84,33.32,378.51,512,384,BGR888p,,,,,
24.0104,detections,684,31.244149,48.83,33.32,378.57,,,,3,62:0.62 41:0.61 56:0.53,,,
24.0579,frame,685,31.277469,47.66,33.32,392.85,512,384,BGR888p,,,,,
24.058,detections,685,31.277469,47.66,33.32,392.91,,,,3,41:0.53 62:0.52 73:0.50,,,
24.1036,frame,687,31.344114,45.7,66.65,371.91,512,384,BGR888p,,,,,
24.1037,detections,687,31.344114,45.7,66.65,371.96,,,,1,41:0.51,,,
24.1483,frame,688,31.377437,44.65,33.32,383.24,512,384,BGR888p,,,,,
24.1484,detections,688,31.377437,44.65,33.32,383.29,,,,2,62:0.56 56:0.54,,,
24.1959,frame,690,31.444079,47.56,66.64,364.17,512,384,BGR888p,,,,,
24.196,detections,690,31.444079,47.6,66.64,364.26,,,,4,56:0.68 66:0.65 62:0.65 62:0.59,,,
24.2447,frame,691,31.477402,48.83,33.32,379.67,512,384,BGR888p,,,,,
24.2448,detections,691,31.477402,48.81,33.32,379.74,,,,3,62:0.63 62:0.53 64:0.50,,,
24.2935,frame,692,31.510722,48.79,33.32,395.15,512,384,BGR888p,,,,,
24.2936,detections,692,31.510722,48.83,33.32,395.26,,,,2,62:0.71 64:0.57,,,
24.3423,frame,694,31.577369,48.81,66.65,377.33,512,384,BGR888p,,,,,
24.3424,detections,694,31.577369,48.83,66.65,377.45,,,,5,62:0.66 62:0.61 62:0.60 66:0.54 41:0.51,,,
24.3895,frame,695,31.61069,47.22,33.32,391.24,512,384,BGR888p,,,,,
24.3897,detections,695,31.61069,47.25,33.32,391.38,,,,6,66:0.87 62:0.77 62:0.71 64:0.68 56:0.65 63:0.54,,,
24.4349,frame,697,31.677333,45.4,66.64,368.67,512,384,BGR888p,,,,,
24.4351,detections,697,31.677333,45.4,66.64,368.82,,,,5,62:0.67 64:0.58 66:0.58 63:0.58 41:0.51,,,
24.4817,frame,698,31.710655,46.77,33.32,382.1,512,384,BGR888p,,,,,
24.4818,detections,698,31.710655,46.71,33.32,382.19,,,,1,62:0.71,,,
24.529,frame,700,31.777298,47.34,66.64,362.85,512,384,BGR888p,,,,,
24.5293,detections,700,31.777298,47.48,66.64,363.07,,,,1,62:0.71,,,
24.5772,frame,701,31.810624,48.23,33.33,377.72,512,384,BGR888p,,,,,
24.5774,detections,701,31.810624,48.11,33.33,377.81,,,,1,62:0.55,,,
24.6245,frame,702,31.843942,47.22,33.32,391.6,512,384,BGR888p,,,,,
24.6246,detections,702,31.843942,47.2,33.32,391.7,,,,0,,,,
24.671,frame,704,31.910587,46.57,66.65,371.51,512,384,BGR888p,,,,,
24.6711,detections,704,31.910587,46.55,66.65,371.59,,,,2,62:0.53 63:0.52,,,
24.7167,frame,705,31.943909,45.67,33.32,383.85,512,384,BGR888p,,,,,
24.7168,detections,705,31.943909,45.65,33.32,383.91,,,,0,,,,
24.7627,frame,707,32.010552,46.02,66.64,363.23,512,384,BGR888p,,,,,
24.7628,detections,707,32.010552,46.06,66.64,363.34,,,,2,41:0.60 62:0.52,,,
24.7629,system,0,,989.24,,,,,,,,45.6,34.2,17.3
24.8105,frame,708,32.043875,47.76,33.32,377.66,512,384,BGR888p,,,,,
24.8106,detections,708,32.043875,47.71,33.32,377.72,,,,2,62:0.69 73:0.52,,,
24.859,frame,710,32.110517,48.5,66.64,359.54,512,384,BGR888p,,,,,
24.8591,detections,710,32.110517,48.54,66.64,359.63,,,,1,62:0.52,,,
24.9045,frame,711,32.143841,45.48,33.32,371.68,512,384,BGR888p,,,,,
24.9045,detections,711,32.143841,45.44,33.32,371.74,,,,0,,,,
24.9498,frame,712,32.17716,45.33,33.32,383.68,512,384,BGR888p,,,,,
24.9499,detections,712,32.17716,45.32,33.32,383.74,,,,2,62:0.59 62:0.55,,,
24.9958,frame,714,32.243805,46.0,66.65,363.05,512,384,BGR888p,,,,,
24.9959,detections,714,32.243805,46.01,66.65,363.1,,,,1,62:0.69,,,
25.0442,frame,715,32.277128,48.44,33.32,378.18,512,384,BGR888p,,,,,
25.0443,detections,715,32.277128,48.46,33.32,378.24,,,,2,62:0.78 41:0.56,,,
25.0906,frame,717,32.34377,46.38,66.64,357.91,512,384,BGR888p,,,,,
25.0907,detections,717,32.34377,46.38,66.64,357.98,,,,0,,,,
25.1372,frame,718,32.377093,46.63,33.32,371.21,512,384,BGR888p,,,,,
25.1373,detections,718,32.377093,46.62,33.32,371.27,,,,0,,,,
25.1827,frame,719,32.410413,45.47,33.32,383.35,512,384,BGR888p,,,,,
25.1828,detections,719,32.410413,45.46,33.32,383.41,,,,0,,,,
25.229,frame,721,32.477059,46.29,66.65,362.99,512,384,BGR888p,,,,,
25.2291,detections,721,32.477059,46.29,66.65,363.05,,,,0,,,,
25.2776,frame,722,32.510403,48.6,33.34,378.25,512,384,BGR888p,,,,,
25.2777,detections,722,32.510403,48.61,33.34,378.32,,,,0,,,,
25.3244,frame,724,32.577023,46.81,66.62,358.44,512,384,BGR888p,,,,,
25.3245,detections,724,32.577023,46.8,66.62,358.5,,,,0,,,,
25.3708,frame,725,32.610349,46.45,33.33,371.56,512,384,BGR888p,,,,,
25.3709,detections,725,32.610349,46.45,33.33,371.62,,,,0,,,,
25.417,frame,726,32.643668,46.12,33.32,384.37,512,384,BGR888p,,,,,
25.4171,detections,726,32.643668,46.13,33.32,384.44,,,,1,62:0.60,,,
25.4629,frame,728,32.710311,45.98,66.64,363.7,512,384,BGR888p,,,,,
25.463,detections,728,32.710311,45.97,66.64,363.76,,,,1,63:0.56,,,
25.5104,frame,729,32.743634,47.42,33.32,377.8,512,384,BGR888p,,,,,
25.5104,detections,729,32.743634,47.42,33.32,377.86,,,,1,63:0.63,,,
25.5567,frame,731,32.810277,46.29,66.64,357.45,512,384,BGR888p,,,,,
25.5567,detections,731,32.810277,46.29,66.64,357.5,,,,2,62:0.60 62:0.52,,,
25.6029,frame,732,32.843601,46.23,33.32,370.37,512,384,BGR888p,,,,,
25.603,detections,732,32.843601,46.25,33.32,370.43,,,,1,63:0.65,,,
25.6496,frame,733,32.87692,46.71,33.32,383.75,512,384,BGR888p,,,,,
25.6497,detections,733,32.87692,46.7,33.32,383.81,,,,1,62:0.60,,,
25.6967,frame,735,32.943566,47.12,66.65,364.22,512,384,BGR888p,,,,,
25.6968,detections,735,32.943566,47.11,66.65,364.28,,,,1,63:0.66,,,
25.7437,frame,736,32.976889,46.99,33.32,377.89,512,384,BGR888p,,,,,
25.7438,detections,736,32.976889,46.99,33.32,377.95,,,,1,63:0.71,,,
25.7922,frame,738,33.04353,48.53,66.64,359.83,512,384,BGR888p,,,,,
25.7929,detections,738,33.04353,49.07,66.64,360.44,,,,1,63:0.65,,,
25.793,system,0,,1030.12,,,,,,,,45.89,34.1,16.7
25.8401,frame,739,33.076853,47.9,33.32,374.36,512,384,BGR888p,,,,,
25.8403,detections,739,33.076853,47.4,33.32,374.47,,,,1,63:0.58,,,
25.8839,frame,740,33.110173,43.81,33.32,384.85,512,384,BGR888p,,,,,
25.8841,detections,740,33.110173,43.79,33.32,384.95,,,,1,62:0.58,,,
25.9309,frame,742,33.176818,46.95,66.64,365.15,512,384,BGR888p,,,,,
25.931,detections,742,33.176818,46.91,66.64,365.2,,,,1,62:0.67,,,
25.9774,frame,743,33.210141,46.5,33.32,378.32,512,384,BGR888p,,,,,
25.9775,detections,743,33.210141,46.5,33.32,378.38,,,,2,63:0.71 62:0.63,,,
26.0263,frame,745,33.276783,48.94,66.64,360.62,512,384,BGR888p,,,,,
26.0264,detections,745,33.276783,48.94,66.64,360.68,,,,2,62:0.61 62:0.54,,,
26.0726,frame,746,33.310106,46.22,33.32,373.52,512,384,BGR888p,,,,,
26.0726,detections,746,33.310106,46.23,33.32,373.59,,,,1,62:0.72,,,
26.118,frame,747,33.343426,45.43,33.32,385.63,512,384,BGR888p,,,,,
26.1181,detections,747,33.343426,45.43,33.32,385.7,,,,1,62:0.75,,,
26.1641,frame,749,33.410071,46.11,66.65,365.09,512,384,BGR888p,,,,,
26.1642,detections,749,33.410071,46.1,66.65,365.16,,,,2,62:0.72 62:0.51,,,
26.2101,frame,750,33.443393,46.0,33.32,377.78,512,384,BGR888p,,,,,
26.2102,detections,750,33.443393,46.01,33.32,377.85,,,,1,62:0.65,,,
26.2585,frame,752,33.510036,48.42,66.64,359.55,512,384,BGR888p,,,,,
26.2586,detections,752,33.510036,48.42,66.64,359.62,,,,2,62:0.58 62:0.52,,,
26.305,frame,753,33.543359,46.51,33.32,372.74,512,384,BGR888p,,,,,
26.3051,detections,753,33.543359,46.52,33.32,372.82,,,,1,62:0.55,,,
26.3512,frame,754,33.57668,46.18,33.32,385.61,512,384,BGR888p,,,,,
26.3513,detections,754,33.57668,46.2,33.32,385.69,,,,1,62:0.67,,,
26.3972,frame,756,33.643324,46.02,66.64,364.99,512,384,BGR888p,,,,,
26.3973,detections,756,33.643324,46.01,66.64,365.06,,,,2,62:0.69 62:0.65,,,
26.4451,frame,757,33.676647,47.92,33.32,379.57,512,384,BGR888p,,,,,
26.4452,detections,757,33.676647,47.9,33.32,379.64,,,,2,62:0.77 62:0.60,,,
26.4936,frame,759,33.743289,48.41,66.64,361.34,512,384,BGR888p,,,,,
26.4936,detections,759,33.743289,48.41,66.64,361.4,,,,2,62:0.82 62:0.67,,,
26.5407,frame,760,33.776612,47.11,33.32,375.14,512,384,BGR888p,,,,,
26.5408,detections,760,33.776612,47.15,33.32,375.24,,,,2,62:0.78 62:0.71,,,
26.5888,frame,761,33.809933,48.16,33.32,389.96,512,384,BGR888p,,,,,
26.5889,detections,761,33.809933,48.11,33.32,390.02,,,,2,62:0.74 62:0.64,,,
26.6335,frame,763,33.876578,44.72,66.65,368.04,512,384,BGR888p,,,,,
26.6336,detections,763,33.876578,44.72,66.65,368.1,,,,2,62:0.78 62:0.64,,,
26.6802,frame,764,33.909909,46.69,33.33,381.39,512,384,BGR888p,,,,,
26.6803,detections,764,33.909909,46.68,33.33,381.45,,,,2,62:0.66 62:0.59,,,
26.7263,frame,766,33.976543,46.1,66.63,360.86,512,384,BGR888p,,,,,
26.7264,detections,766,33.976543,46.1,66.63,360.91,,,,2,62:0.67 62:0.51,,,
26.7746,frame,767,34.009865,48.24,33.32,375.78,512,384,BGR888p,,,,,
26.7747,detections,767,34.009865,48.25,33.32,375.84,,,,2,62:0.72 62:0.60,,,
26.7747,system,0,,981.69,,,,,,,,46.05,34.3,17.0
26.8219,frame,768,34.043186,47.29,33.32,389.75,512,384,BGR888p,,,,,
26.822,detections,768,34.043186,47.36,33.32,389.88,,,,2,62:0.75 62:0.69,,,
26.8663,frame,770,34.109832,44.42,66.65,367.52,512,384,BGR888p,,,,,
26.8664,detections,770,34.109832,44.36,66.65,367.59,,,,2,62:0.73 62:0.65,,,
26.9133,frame,771,34.143161,47.02,33.33,381.21,512,384,BGR888p,,,,,
26.9134,detections,771,34.143161,47.01,33.33,381.27,,,,1,62:0.62,,,
26.9607,frame,773,34.209797,47.37,66.64,361.94,512,384,BGR888p,,,,,
26.9608,detections,773,34.209797,47.37,66.64,362.0,,,,2,62:0.69 62:0.62,,,
27.0104,frame,774,34.24312,49.73,33.32,378.37,512,384,BGR888p,,,,,
27.0105,detections,774,34.24312,49.74,33.32,378.42,,,,2,62:0.73 62:0.61,,,
27.0557,frame,776,34.309762,45.25,66.64,356.96,512,384,BGR888p,,,,,
27.0563,detections,776,34.309762,45.76,66.64,357.54,,,,2,62:0.62 62:0.56,,,
27.1026,frame,777,34.343084,46.92,33.32,370.57,512,384,BGR888p,,,,,
27.1027,detections,777,34.343084,46.42,33.32,370.64,,,,2,62:0.71 62:0.54,,,
27.1485,frame,778,34.376407,45.88,33.32,383.12,512,384,BGR888p,,,,,
27.1485,detections,778,34.376407,45.86,33.32,383.18,,,,1,72:0.56,,,
27.1958,frame,780,34.443049,47.29,66.64,363.8,512,384,BGR888p,,,,,
27.1959,detections,780,34.443049,47.32,66.64,363.85,,,,1,62:0.63,,,
27.243,frame,781,34.476376,47.29,33.33,377.73,512,384,BGR888p,,,,,
27.2431,detections,781,34.476376,47.26,33.33,377.78,,,,1,62:0.68,,,
27.2913,frame,783,34.543015,48.22,66.64,359.31,512,384,BGR888p,,,,,
27.2913,detections,783,34.543015,48.23,66.64,359.38,,,,1,62:0.59,,,
27.3376,frame,784,34.576347,46.33,33.33,372.31,512,384,BGR888p,,,,,
27.3377,detections,784,34.576347,46.32,33.33,372.36,,,,1,62:0.70,,,
27.3827,frame,785,34.609659,45.1,33.31,384.1,512,384,BGR888p,,,,,
27.3828,detections,785,34.609659,45.11,33.31,384.17,,,,1,62:0.63,,,
27.429,frame,787,34.676303,46.29,66.64,363.75,512,384,BGR888p,,,,,
27.4291,detections,787,34.676303,46.29,66.64,363.81,,,,2,62:0.74 62:0.64,,,
27.4763,frame,788,34.709636,47.3,33.33,377.72,512,384,BGR888p,,,,,
27.4764,detections,788,34.709636,47.3,33.33,377.78,,,,2,62:0.79 62:0.69,,,
27.5242,frame,790,34.776268,47.86,66.63,358.96,512,384,BGR888p,,,,,
27.525,detections,790,34.776268,48.6,66.63,359.77,,,,2,62:0.80 62:0.72,,,
27.5716,frame,791,34.809592,47.49,33.32,373.11,512,384,BGR888p,,,,,
27.5717,detections,791,34.809592,46.75,33.32,373.17,,,,2,62:0.82 62:0.54,,,
27.6163,frame,792,34.842912,44.67,33.32,384.47,512,384,BGR888p,,,,,
27.6164,detections,792,34.842912,44.68,33.32,384.54,,,,2,62:0.75 62:0.56,,,
27.6635,frame,794,34.909556,47.18,66.64,364.99,512,384,BGR888p,,,,,
27.6636,detections,794,34.909556,47.16,66.64,365.05,,,,1,62:0.80,,,
27.7098,frame,795,34.942882,46.31,33.33,377.98,512,384,BGR888p,,,,,
27.7099,detections,795,34.942882,46.31,33.33,378.03,,,,2,62:0.78 63:0.57,,,
27.7573,frame,797,35.009521,47.52,66.64,358.86,512,384,BGR888p,,,,,
27.7574,detections,797,35.009521,47.53,66.64,358.92,,,,2,62:0.76 63:0.60,,,
27.8042,frame,798,35.042846,46.87,33.32,372.4,512,384,BGR888p,,,,,
27.8043,detections,798,35.042846,46.87,33.32,372.47,,,,1,62:0.78,,,
27.8043,system,0,,1029.6,,,,,,,,45.83,34.0,17.1
27.8493,frame,799,35.076164,45.1,33.32,384.19,512,384,BGR888p,,,,,
27.8494,detections,799,35.076164,45.15,33.32,384.3,,,,2,62:0.72 63:0.57,,,
27.8956,frame,801,35.142809,46.3,66.65,363.84,512,384,BGR888p,,,,,
27.8957,detections,801,35.142809,46.25,66.65,363.9,,,,2,62:0.80 63:0.55,,,
27.9434,frame,802,35.176132,47.83,33.32,378.35,512,384,BGR888p,,,,,
27.9435,detections,802,35.176132,47.83,33.32,378.41,,,,2,62:0.68 63:0.51,,,
27.9916,frame,804,35.242774,48.14,66.64,359.85,512,384,BGR888p,,,,,
27.9916,detections,804,35.242774,48.15,66.64,359.91,,,,1,62:0.81,,,
28.0372,frame,805,35.276097,45.61,33.32,372.14,512,384,BGR888p,,,,,
28.0373,detections,805,35.276097,45.61,33.32,372.2,,,,3,62:0.81 39:0.55 63:0.53,,,
28.0824,frame,806,35.309418,45.22,33.32,384.05,512,384,BGR888p,,,,,
28.0825,detections,806,35.309418,45.23,33.32,384.12,,,,1,62:0.75,,,
28.1283,frame,808,35.376062,45.87,66.64,363.26,512,384,BGR888p,,,,,
28.1283,detections,808,35.376062,45.86,66.64,363.33,,,,2,62:0.79 63:0.51,,,
28.1769,frame,809,35.409401,48.65,33.34,378.58,512,384,BGR888p,,,,,
28.177,detections,809,35.409401,48.66,33.34,378.66,,,,1,62:0.64,,,
28.2249,frame,811,35.476027,48.0,66.63,360.02,512,384,BGR888p,,,,,
28.2252,detections,811,35.476027,48.15,66.63,360.23,,,,1,62:0.65,,,
28.2699,frame,812,35.509351,45.01,33.32,371.64,512,384,BGR888p,,,,,
28.27,detections,812,35.509351,44.86,33.32,371.72,,,,3,62:0.73 39:0.62 39:0.57,,,
28.3154,frame,813,35.542671,45.45,33.32,383.77,512,384,BGR888p,,,,,
28.3155,detections,813,35.542671,45.45,33.32,383.85,,,,3,39:0.73 39:0.60 62:0.58,,,
28.3618,frame,815,35.609315,46.38,66.64,363.5,512,384,BGR888p,,,,,
28.3618,detections,815,35.609315,46.37,66.64,363.57,,,,2,39:0.62 39:0.52,,,
28.4092,frame,816,35.642639,47.44,33.32,377.63,512,384,BGR888p,,,,,
28.4093,detections,816,35.642639,47.46,33.32,377.72,,,,2,39:0.66 62:0.59,,,
28.456,frame,818,35.709281,46.84,66.64,357.89,512,384,BGR888p,,,,,
28.4566,detections,818,35.709281,47.26,66.64,358.42,,,,3,39:0.75 39:0.60 62:0.52,,,
28.502,frame,819,35.742607,45.96,33.33,370.46,512,384,BGR888p,,,,,
28.5022,detections,819,35.742607,45.66,33.33,370.71,,,,2,63:0.87 39:0.61,,,
28.5485,frame,820,35.775924,46.51,33.32,383.67,512,384,BGR888p,,,,,
28.5487,detections,820,35.775924,46.43,33.32,383.8,,,,1,39:0.62,,,
28.5959,frame,822,35.842568,47.41,66.64,364.44,512,384,BGR888p,,,,,
28.5961,detections,822,35.842568,47.39,66.64,364.55,,,,3,39:0.60 39:0.59 62:0.58,,,
28.6436,frame,823,35.8759,47.7,33.33,378.8,512,384,BGR888p,,,,,
28.6437,detections,823,35.8759,47.68,33.33,378.89,,,,2,62:0.57 39:0.55,,,
28.6918,frame,825,35.942534,48.18,66.63,360.34,512,384,BGR888p,,,,,
28.6924,detections,825,35.942534,48.66,66.63,360.93,,,,2,39:0.72 62:0.62,,,
28.7376,frame,826,35.975859,45.81,33.32,372.85,512,384,BGR888p,,,,,
28.7377,detections,826,35.975859,45.35,33.32,372.93,,,,2,39:0.68 62:0.52,,,
28.7826,frame,827,36.00918,45.02,33.32,384.51,512,384,BGR888p,,,,,
28.7827,detections,827,36.00918,44.96,33.32,384.56,,,,1,39:0.65,,,
28.7827,system,0,,978.43,,,,,,,,46.28,34.0,17.3
28.8287,frame,829,36.075822,46.1,66.64,363.96,512,384,BGR888p,,,,,
28.8288,detections,829,36.075822,46.09,66.64,364.02,,,,2,39:0.70 39:0.51,,,
28.8762,frame,830,36.109144,47.5,33.32,378.14,512,384,BGR888p,,,,,
28.8764,detections,830,36.109144,47.56,33.32,378.25,,,,1,39:0.74,,,
28.9248,frame,832,36.175787,48.62,66.64,360.19,512,384,BGR888p,,,,,
28.9251,detections,832,36.175787,48.74,66.64,360.41,,,,2,39:0.80 39:0.50,,,
28.9713,frame,833,36.209112,46.45,33.32,373.32,512,384,BGR888p,,,,,
28.9715,detections,833,36.209112,46.45,33.32,373.53,,,,1,39:0.69,,,
29.0174,frame,834,36.24243,46.09,33.32,386.01,512,384,BGR888p,,,,,
29.0175,detections,834,36.24243,45.92,33.32,386.09,,,,1,39:0.69,,,
29.064,frame,836,36.309075,46.61,66.65,365.99,512,384,BGR888p,,,,,
29.0641,detections,836,36.309075,46.63,66.65,366.07,,,,2,41:0.58 39:0.52,,,
29.1115,frame,837,36.342397,47.48,33.32,380.18,512,384,BGR888p,,,,,
29.1116,detections,837,36.342397,47.55,33.32,380.33,,,,3,39:0.66 39:0.54 41:0.52,,,
29.1608,frame,839,36.40904,49.3,66.64,362.9,512,384,BGR888p,,,,,
29.1611,detections,839,36.40904,49.45,66.64,363.17,,,,1,39:0.64,,,
29.2086,frame,840,36.442366,47.84,33.33,377.38,512,384,BGR888p,,,,,
29.2089,detections,840,36.442366,47.75,33.33,377.59,,,,3,39:0.62 39:0.51 41:0.50,,,
29.2555,frame,841,36.475683,46.92,33.32,390.98,512,384,BGR888p,,,,,
29.2558,detections,841,36.475683,46.92,33.32,391.19,,,,2,39:0.72 39:0.59,,,
29.303,frame,843,36.542329,47.47,66.65,371.8,512,384,BGR888p,,,,,
29.3033,detections,843,36.542329,47.49,66.65,372.04,,,,1,39:0.81,,,
29.3488,frame,844,36.575651,45.8,33.32,384.28,512,384,BGR888p,,,,,
29.349,detections,844,36.575651,45.78,33.32,384.49,,,,1,39:0.70,,,
29.3952,frame,846,36.642294,46.43,66.64,364.09,512,384,BGR888p,,,,,
29.3955,detections,846,36.642294,46.45,66.64,364.3,,,,1,39:0.70,,,
29.443,frame,847,36.675618,47.77,33.32,378.47,512,384,BGR888p,,,,,
29.4431,detections,847,36.675618,47.65,33.32,378.59,,,,2,39:0.74 39:0.68,,,
29.4905,frame,848,36.708937,47.51,33.32,392.65,512,384,BGR888p,,,,,
29.4906,detections,848,36.708937,47.46,33.32,392.72,,,,2,39:0.75 39:0.55,,,
29.5359,frame,850,36.775582,45.35,66.65,371.38,512,384,BGR888p,,,,,
29.536,detections,850,36.775582,45.41,66.65,371.51,,,,1,39:0.75,,,
29.5817,frame,851,36.808903,45.85,33.32,383.94,512,384,BGR888p,,,,,
29.582,detections,851,36.808903,45.93,33.32,384.14,,,,1,39:0.67,,,
29.6288,frame,853,36.875548,47.05,66.65,364.36,512,384,BGR888p,,,,,
29.629,detections,853,36.875548,47.06,66.65,364.57,,,,2,39:0.73 39:0.54,,,
29.6764,frame,854,36.908871,47.68,33.32,378.69,512,384,BGR888p,,,,,
29.6766,detections,854,36.908871,47.62,33.32,378.84,,,,2,39:0.78 39:0.56,,,
29.7247,frame,856,36.975512,48.23,66.64,360.31,512,384,BGR888p,,,,,
29.7249,detections,856,36.975512,48.3,66.64,360.52,,,,2,39:0.83 39:0.71,,,
29.7713,frame,857,37.008836,46.66,33.32,373.65,512,384,BGR888p,,,,,
29.7716,detections,857,37.008836,46.67,33.32,373.87,,,,3,39:0.80 39:0.63 41:0.55,,,
29.7718,system,0,,989.07,,,,,,,,46.06,35.2,17.1
29.8169,frame,858,37.042156,45.52,33.32,385.86,512,384,BGR888p,,,,,
29.8171,detections,858,37.042156,45.52,33.32,386.07,,,,1,39:0.75,,,
29.8633,frame,860,37.108801,46.43,66.65,365.64,512,384,BGR888p,,,,,
29.8636,detections,860,37.108801,46.43,66.65,365.85,,,,1,39:0.69,,,
29.9115,frame,861,37.142124,48.25,33.32,380.53,512,384,BGR888p,,,,,
29.9119,detections,861,37.142124,48.31,33.32,380.83,,,,1,39:0.73,,,
29.9606,frame,863,37.208765,49.08,66.64,362.95,512,384,BGR888p,,,,,
29.9608,detections,863,37.208765,48.9,66.64,363.07,,,,1,39:0.74,,,
30.0076,frame,864,37.242089,46.98,33.32,376.65,512,384,BGR888p,,,,,
30.0078,detections,864,37.242089,47.08,33.32,376.86,,,,3,39:0.78 56:0.63 39:0.53,,,
30.0546,frame,865,37.27541,46.96,33.32,390.29,512,384,BGR888p,,,,,
30.0548,detections,865,37.27541,46.97,33.32,390.51,,,,2,39:0.78 56:0.70,,,
30.1003,frame,867,37.342055,45.79,66.65,369.44,512,384,BGR888p,,,,,
30.1006,detections,867,37.342055,45.79,66.65,369.65,,,,5,39:0.77 56:0.69 39:0.60 73:0.54 39:0.52,,,
30.1461,frame,868,37.375376,45.79,33.32,381.92,512,384,BGR888p,,,,,
30.1464,detections,868,37.375376,45.81,33.32,382.14,,,,3,56:0.86 39:0.74 39:0.57,,,
30.1918,frame,870,37.442019,45.66,66.64,360.84,512,384,BGR888p,,,,,
30.1919,detections,870,37.442019,45.45,66.64,360.9,,,,3,56:0.89 39:0.76 39:0.55,,,
30.2402,frame,871,37.475346,48.44,33.33,375.96,512,384,BGR888p,,,,,
30.2403,detections,871,37.475346,48.46,33.33,376.04,,,,2,56:0.87 39:0.82,,,
30.2882,frame,872,37.508662,48.0,33.32,390.67,512,384,BGR888p,,,,,
30.2884,detections,872,37.508662,48.07,33.32,390.8,,,,3,56:0.87 39:0.76 39:0.55,,,
30.3355,frame,874,37.575308,47.22,66.65,371.29,512,384,BGR888p,,,,,
30.3357,detections,874,37.575308,47.32,66.65,371.5,,,,2,56:0.87 39:0.65,,,
30.3815,frame,875,37.60863,46.09,33.32,384.05,512,384,BGR888p,,,,,
30.3818,detections,875,37.60863,46.08,33.32,384.27,,,,3,56:0.88 39:0.75 62:0.51,,,
30.4266,frame,877,37.675272,45.1,66.64,362.43,512,384,BGR888p,,,,,
30.4267,detections,877,37.675272,44.92,66.64,362.49,,,,3,56:0.86 39:0.76 39:0.54,,,
30.4752,frame,878,37.708595,48.6,33.32,377.75,512,384,BGR888p,,,,,
30.4754,detections,878,37.708595,48.67,33.32,377.86,,,,3,56:0.85 39:0.74 39:0.53,,,
30.5213,frame,880,37.775237,46.11,66.64,357.26,512,384,BGR888p,,,,,
30.5216,detections,880,37.775237,46.23,66.64,357.48,,,,4,56:0.87 39:0.78 39:0.66 39:0.52,,,
30.5661,frame,881,37.80856,44.74,33.32,368.67,512,384,BGR888p,,,,,
30.5664,detections,881,37.80856,44.76,33.32,368.91,,,,4,56:0.88 39:0.78 39:0.62 62:0.53,,,
30.6119,frame,882,37.841883,45.79,33.32,381.14,512,384,BGR888p,,,,,
30.6121,detections,882,37.841883,45.77,33.32,381.36,,,,3,56:0.87 39:0.77 62:0.50,,,
30.6611,frame,884,37.908526,49.19,66.64,363.67,512,384,BGR888p,,,,,
30.6613,detections,884,37.908526,49.15,66.64,363.84,,,,4,39:0.84 56:0.83 39:0.61 62:0.53,,,
30.7077,frame,885,37.941848,46.58,33.32,376.95,512,384,BGR888p,,,,,
30.7079,detections,885,37.941848,46.62,33.32,377.16,,,,4,56:0.84 39:0.81 39:0.62 39:0.55,,,
30.7513,frame,887,38.008491,43.67,66.64,353.97,512,384,BGR888p,,,,,
30.7516,detections,887,38.008491,43.67,66.64,354.19,,,,3,56:0.91 39:0.81 39:0.52,,,
30.7979,frame,888,38.041815,46.57,33.32,367.22,512,384,BGR888p,,,,,
30.7982,detections,888,38.041815,46.57,33.32,367.44,,,,3,56:0.88 39:0.81 39:0.56,,,
30.7984,system,0,,1026.6,,,,,,,,46.45,34.6,16.9
30.8443,frame,889,38.075143,46.43,33.33,380.33,512,384,BGR888p,,,,,
30.8446,detections,889,38.075143,46.43,33.33,380.54,,,,4,56:0.85 39:0.77 41:0.61 39:0.50,,,
30.8941,frame,891,38.141779,49.76,66.64,363.45,512,384,BGR888p,,,,,
30.8944,detections,891,38.141779,49.79,66.64,363.69,,,,4,39:0.78 56:0.74 62:0.60 41:0.52,,,
30.9395,frame,892,38.175101,45.45,33.32,375.57,512,384,BGR888p,,,,,
30.94,detections,892,38.175101,45.59,33.32,375.97,,,,5,56:0.87 39:0.76 62:0.58 41:0.54 39:0.52,,,
30.985,frame,893,38.208423,45.44,33.32,387.7,512,384,BGR888p,,,,,
30.9852,detections,893,38.208423,45.27,33.32,387.94,,,,3,39:0.77 56:0.71 39:0.55,,,
31.0311,frame,895,38.275067,46.15,66.64,367.23,512,384,BGR888p,,,,,
31.0314,detections,895,38.275067,46.18,66.64,367.45,,,,3,39:0.79 56:0.78 39:0.63,,,
31.0775,frame,896,38.308389,46.38,33.32,380.26,512,384,BGR888p,,,,,
31.0778,detections,896,38.308389,46.35,33.32,380.47,,,,3,39:0.81 56:0.77 62:0.50,,,
31.1273,frame,898,38.375032,49.84,66.64,363.46,512,384,BGR888p,,,,,
31.1276,detections,898,38.375032,49.84,66.64,363.67,,,,2,39:0.74 56:0.68,,,
31.1728,frame,899,38.408354,45.42,33.32,375.49,512,384,BGR888p,,,,,
31.1729,detections,899,38.408354,45.25,33.32,375.55,,,,2,39:0.81 56:0.76,,,
31.2218,frame,900,38.441675,49.04,33.32,391.23,512,384,BGR888p,,,,,
31.2219,detections,900,38.441675,49.08,33.32,391.32,,,,3,56:0.77 39:0.77 62:0.51,,,
31.2654,frame,902,38.50832,43.62,66.65,368.24,512,384,BGR888p,,,,,
31.2656,detections,902,38.50832,43.69,66.65,368.39,,,,3,39:0.78 56:0.75 62:0.52,,,
31.3114,frame,903,38.541642,46.01,33.32,380.94,512,384,BGR888p,,,,,
31.3117,detections,903,38.541642,46.05,33.32,381.14,,,,2,39:0.81 56:0.80,,,
31.3594,frame,905,38.608285,48.0,66.64,362.3,512,384,BGR888p,,,,,
31.3597,detections,905,38.608285,48.01,66.64,362.51,,,,2,39:0.78 56:0.61,,,
31.4041,frame,906,38.641608,44.65,33.32,373.56,512,384,BGR888p,,,,,
31.4042,detections,906,38.641608,44.51,33.32,373.66,,,,4,39:0.79 56:0.67 56:0.60 39:0.51,,,
31.4501,frame,907,38.674928,46.04,33.32,386.33,512,384,BGR888p,,,,,
31.4504,detections,907,38.674928,46.18,33.32,386.56,,,,2,39:0.74 56:0.54,,,
31.496,frame,909,38.741577,45.88,66.65,365.59,512,384,BGR888p,,,,,
31.4963,detections,909,38.741577,45.93,66.65,365.85,,,,1,39:0.77,,,
31.5426,frame,910,38.774895,46.6,33.32,378.82,512,384,BGR888p,,,,,
31.5428,detections,910,38.774895,46.47,33.32,378.98,,,,3,56:0.70 56:0.64 39:0.63,,,
31.5907,frame,912,38.841539,48.06,66.64,360.24,512,384,BGR888p,,,,,
31.5908,detections,912,38.841539,48.06,66.64,360.39,,,,1,39:0.77,,,
31.6378,frame,913,38.874867,47.16,33.33,374.09,512,384,BGR888p,,,,,
31.6381,detections,913,38.874867,47.22,33.33,374.31,,,,2,39:0.76 56:0.50,,,
31.6837,frame,914,38.908181,45.89,33.31,386.66,512,384,BGR888p,,,,,
31.684,detections,914,38.908181,45.89,33.31,386.88,,,,1,39:0.77,,,
31.7289,frame,916,38.974828,45.16,66.65,365.17,512,384,BGR888p,,,,,
31.7291,detections,916,38.974828,45.16,66.65,365.39,,,,0,,,,
31.7767,frame,917,39.008148,47.86,33.32,379.68,512,384,BGR888p,,,,,
31.7769,detections,917,39.008148,47.8,33.32,379.85,,,,0,,,,
31.777,system,0,,978.62,,,,,,,,46.39,35.4,17.5
31.8249,frame,919,39.074791,48.17,66.64,361.24,512,384,BGR888p,,,,,
31.8251,detections,919,39.074791,48.24,66.64,361.46,,,,0,,,,
31.87,frame,920,39.108114,45.13,33.32,373.06,512,384,BGR888p,,,,,
31.8703,detections,920,39.108114,45.19,33.32,373.33,,,,0,,,,
31.9161,frame,921,39.141436,46.07,33.32,385.8,512,384,BGR888p,,,,,
31.9164,detections,921,39.141436,46.05,33.32,386.05,,,,0,,,,
31.962,frame,923,39.208079,45.95,66.64,365.11,512,384,BGR888p,,,,,
31.9628,detections,923,39.208079,46.39,66.64,365.82,,,,0,,,,
32.01,frame,924,39.241402,47.94,33.32,379.66,512,384,BGR888p,,,,,
32.0101,detections,924,39.241402,47.32,33.32,379.74,,,,0,,,,
32.0576,frame,926,39.308044,47.61,66.64,360.6,512,384,BGR888p,,,,,
32.0584,detections,926,39.308044,48.28,66.64,361.38,,,,0,,,,
32.1047,frame,927,39.341369,47.12,33.32,374.41,512,384,BGR888p,,,,,
32.1049,detections,927,39.341369,46.55,33.32,374.61,,,,0,,,,
32.1512,frame,928,39.374688,46.49,33.32,387.58,512,384,BGR888p,,,,,
32.1513,detections,928,39.374688,46.37,33.32,387.65,,,,0,,,,
32.197,frame,930,39.441333,45.84,66.65,366.77,512,384,BGR888p,,,,,
32.1971,detections,930,39.441333,45.84,66.65,366.85,,,,0,,,,
32.2431,frame,931,39.474655,46.02,33.32,379.47,512,384,BGR888p,,,,,
32.2432,detections,931,39.474655,46.02,33.32,379.55,,,,0,,,,
32.2906,frame,933,39.541298,47.56,66.64,358.88,512,384,BGR888p,,,,,
32.2908,detections,933,39.541298,47.64,66.64,359.03,,,,0,,,,
32.3367,frame,934,39.574621,46.05,33.32,371.64,512,384,BGR888p,,,,,
32.3369,detections,934,39.574621,46.13,33.32,371.86,,,,0,,,,
32.3814,frame,935,39.607941,44.76,33.32,383.07,512,384,BGR888p,,,,,
32.3817,detections,935,39.607941,44.75,33.32,383.29,,,,0,,,,
32.4274,frame,937,39.674586,45.94,66.65,362.3,512,384,BGR888p,,,,,
32.4274,detections,937,39.674586,45.77,66.65,362.36,,,,0,,,,
32.4755,frame,938,39.707908,48.17,33.32,377.16,512,384,BGR888p,,,,,
32.4757,detections,938,39.707908,48.2,33.32,377.26,,,,0,,,,
32.5231,frame,940,39.774551,47.57,66.64,358.14,512,384,BGR888p,,,,,
32.524,detections,940,39.774551,48.39,66.64,359.07,,,,2,39:0.66 56:0.52,,,
32.5689,frame,941,39.807874,45.82,33.32,370.58,512,384,BGR888p,,,,,
32.569,detections,941,39.807874,44.99,33.32,370.66,,,,3,39:0.71 56:0.56 40:0.55,,,
32.614,frame,942,39.841195,45.09,33.32,382.36,512,384,BGR888p,,,,,
32.6141,detections,942,39.841195,45.12,33.32,382.47,,,,2,39:0.78 56:0.74,,,
32.6622,frame,944,39.90784,48.22,66.65,363.96,512,384,BGR888p,,,,,
32.6624,detections,944,39.90784,48.26,66.65,364.09,,,,2,39:0.78 56:0.74,,,
32.7105,frame,945,39.941163,48.27,33.32,378.93,512,384,BGR888p,,,,,
32.7108,detections,945,39.941163,48.35,33.32,379.14,,,,2,39:0.75 56:0.60,,,
32.7586,frame,947,40.007804,48.05,66.64,360.34,512,384,BGR888p,,,,,
32.7588,detections,947,40.007804,48.05,66.64,360.56,,,,2,56:0.88 39:0.78,,,
32.8034,frame,948,40.041129,44.84,33.32,371.79,512,384,BGR888p,,,,,
32.8036,detections,948,40.041129,44.76,33.32,371.96,,,,3,56:0.89 39:0.79 39:0.51,,,
32.8037,system,0,,1026.63,,,,,,,,46.34,34.4,16.5
32.8496,frame,949,40.074448,46.24,33.32,384.78,512,384,BGR888p,,,,,
32.8499,detections,949,40.074448,46.32,33.32,385.0,,,,3,56:0.88 39:0.83 72:0.52,,,
32.8954,frame,951,40.141092,45.73,66.64,363.87,512,384,BGR888p,,,,,
32.8956,detections,951,40.141092,45.73,66.64,364.08,,,,3,56:0.89 39:0.80 72:0.54,,,
32.9423,frame,952,40.174427,46.97,33.34,377.48,512,384,BGR888p,,,,,
32.9425,detections,952,40.174427,46.93,33.34,377.65,,,,3,56:0.86 39:0.80 39:0.55,,,
32.9899,frame,954,40.241057,47.59,66.63,358.46,512,384,BGR888p,,,,,
32.9904,detections,954,40.241057,47.81,66.63,358.86,,,,4,56:0.91 39:0.80 39:0.61 56:0.51,,,
33.0363,frame,955,40.274381,46.4,33.32,371.54,512,384,BGR888p,,,,,
33.0366,detections,955,40.274381,46.22,33.32,371.75,,,,4,56:0.80 39:0.80 39:0.63 56:0.58,,,
33.0826,frame,956,40.3077,46.29,33.32,384.51,512,384,BGR888p,,,,,
33.0829,detections,956,40.3077,46.29,33.32,384.72,,,,3,56:0.66 56:0.57 39:0.54,,,
33.1288,frame,958,40.374346,46.17,66.65,364.03,512,384,BGR888p,,,,,
33.129,detections,958,40.374346,46.16,66.65,364.24,,,,3,56:0.89 39:0.79 39:0.65,,,
33.1754,frame,959,40.407668,46.6,33.32,377.23,512,384,BGR888p,,,,,
33.1755,detections,959,40.407668,46.43,33.32,377.29,,,,3,56:0.86 39:0.79 39:0.66,,,
33.2228,frame,961,40.474311,47.39,66.64,357.98,512,384,BGR888p,,,,,
33.2234,detections,961,40.474311,47.93,66.64,358.59,,,,3,56:0.86 39:0.73 39:0.63,,,
33.2692,frame,962,40.507635,46.43,33.32,371.08,512,384,BGR888p,,,,,
33.2693,detections,962,40.507635,45.9,33.32,371.15,,,,3,56:0.88 39:0.77 39:0.62,,,
33.3145,frame,963,40.540954,45.31,33.32,383.08,512,384,BGR888p,,,,,
33.3146,detections,963,40.540954,45.3,33.32,383.14,,,,3,56:0.93 39:0.81 39:0.60,,,
33.3609,frame,965,40.607599,46.35,66.65,362.78,512,384,BGR888p,,,,,
33.3609,detections,965,40.607599,46.36,66.65,362.85,,,,3,56:0.88 39:0.81 39:0.68,,,
33.4093,frame,966,40.640922,48.48,33.32,377.95,512,384,BGR888p,,,,,
33.4094,detections,966,40.640922,48.5,33.32,378.03,,,,4,56:0.86 39:0.80 0:0.52 62:0.51,,,
33.456,frame,968,40.707564,46.68,66.64,358.0,512,384,BGR888p,,,,,
33.457,detections,968,40.707564,47.53,66.64,358.93,,,,3,56:0.82 39:0.81 39:0.52,,,
33.5027,frame,969,40.740887,46.71,33.32,371.43,512,384,BGR888p,,,,,
33.503,detections,969,40.740887,45.99,33.32,371.63,,,,3,56:0.86 39:0.82 39:0.51,,,
33.5487,frame,970,40.774208,45.95,33.32,384.07,512,384,BGR888p,,,,,
33.5489,detections,970,40.774208,45.96,33.32,384.27,,,,2,56:0.88 39:0.83,,,
33.5957,frame,972,40.840852,46.98,66.64,364.4,512,384,BGR888p,,,,,
33.5961,detections,972,40.840852,47.19,66.64,364.85,,,,3,56:0.86 39:0.82 62:0.51,,,
33.6432,frame,973,40.874175,47.53,33.32,378.63,512,384,BGR888p,,,,,
33.6435,detections,973,40.874175,47.35,33.32,378.85,,,,3,56:0.88 39:0.80 62:0.60,,,
33.6912,frame,975,40.940817,48.0,66.64,359.99,512,384,BGR888p,,,,,
33.6915,detections,975,40.940817,48.01,66.64,360.21,,,,3,56:0.87 39:0.80 62:0.54,,,
33.7374,frame,976,40.974141,46.16,33.32,372.81,512,384,BGR888p,,,,,
33.7382,detections,976,40.974141,46.76,33.32,373.73,,,,3,56:0.85 39:0.79 62:0.55,,,
33.7843,frame,977,41.00746,46.98,33.32,386.46,512,384,BGR888p,,,,,
33.7846,detections,977,41.00746,46.36,33.32,386.68,,,,4,56:0.87 39:0.82 62:0.53 0:0.51,,,
33.7848,system,0,,981.15,,,,,,,,46.0,34.9,17.7
33.8298,frame,979,41.074106,45.48,66.65,365.23,512,384,BGR888p,,,,,
33.8299,detections,979,41.074106,45.31,66.65,365.29,,,,3,56:0.84 39:0.65 39:0.52,,,
33.8775,frame,980,41.107427,47.68,33.32,379.61,512,384,BGR888p,,,,,
33.8776,detections,980,41.107427,47.72,33.32,379.71,,,,1,56:0.76,,,
33.9258,frame,982,41.174071,48.35,66.64,361.37,512,384,BGR888p,,,,,
33.9261,detections,982,41.174071,48.48,66.64,361.58,,,,3,56:0.89 39:0.77 39:0.61,,,
33.9737,frame,983,41.207394,47.86,33.32,375.93,512,384,BGR888p,,,,,
33.974,detections,983,41.207394,47.89,33.32,376.15,,,,3,56:0.85 39:0.82 41:0.53,,,
34.0211,frame,984,41.240714,47.43,33.32,390.04,512,384,BGR888p,,,,,
34.0216,detections,984,41.240714,47.62,33.32,390.46,,,,3,56:0.81 39:0.79 39:0.51,,,
34.0653,frame,986,41.307358,44.14,66.64,367.51,512,384,BGR888p,,,,,
34.0655,detections,986,41.307358,43.93,66.64,367.73,,,,3,56:0.88 39:0.70 39:0.52,,,
34.1116,frame,987,41.34068,46.34,33.32,380.53,512,384,BGR888p,,,,,
34.1119,detections,987,41.34068,46.33,33.32,380.74,,,,1,56:0.74,,,
34.1604,frame,989,41.407324,48.78,66.64,362.62,512,384,BGR888p,,,,,
34.1605,detections,989,41.407324,48.67,66.64,362.74,,,,1,56:0.54,,,
34.2081,frame,990,41.440646,47.74,33.32,377.12,512,384,BGR888p,,,,,
34.2084,detections,990,41.440646,47.89,33.32,377.34,,,,0,,,,
34.2542,frame,991,41.473968,46.02,33.32,389.81,512,384,BGR888p,,,,,
34.2545,detections,991,41.473968,46.02,33.32,390.04,,,,0,,,,
34.2994,frame,993,41.540612,45.26,66.64,368.32,512,384,BGR888p,,,,,
34.2995,detections,993,41.540612,45.05,66.64,368.39,,,,0,,,,
34.3449,frame,994,41.573934,45.47,33.32,380.48,512,384,BGR888p,,,,,
34.345,detections,994,41.573934,45.49,33.32,380.56,,,,1,56:0.79,,,
34.3939,frame,996,41.640577,49.01,66.64,362.91,512,384,BGR888p,,,,,
34.3943,detections,996,41.640577,49.29,66.64,363.29,,,,3,56:0.82 28:0.56 24:0.50,,,
34.4426,frame,997,41.673903,48.74,33.33,378.26,512,384,BGR888p,,,,,
34.4427,detections,997,41.673903,48.44,33.33,378.32,,,,3,56:0.87 62:0.74 24:0.57,,,
34.4879,frame,998,41.70722,45.27,33.32,390.21,512,384,BGR888p,,,,,
34.488,detections,998,41.70722,45.27,33.32,390.28,,,,3,56:0.82 24:0.56 62:0.52,,,
34.535,frame,1000,41.773865,47.1,66.65,370.66,512,384,BGR888p,,,,,
34.5351,detections,1000,41.773865,47.09,66.65,370.73,,,,3,56:0.79 62:0.67 24:0.55,,,
34.5811,frame,1001,41.807194,46.06,33.33,383.39,512,384,BGR888p,,,,,
34.5812,detections,1001,41.807194,46.08,33.33,383.47,,,,2,56:0.85 24:0.58,,,
34.6271,frame,1003,41.87383,46.02,66.64,362.78,512,384,BGR888p,,,,,
34.6272,detections,1003,41.87383,46.02,66.64,362.86,,,,2,56:0.75 24:0.57,,,
34.6758,frame,1004,41.907152,48.68,33.32,378.15,512,384,BGR888p,,,,,
34.6759,detections,1004,41.907152,48.71,33.32,378.25,,,,2,56:0.82 62:0.57,,,
34.7236,frame,1005,41.940473,47.85,33.32,392.73,512,384,BGR888p,,,,,
34.7239,detections,1005,41.940473,47.98,33.32,392.95,,,,1,56:0.74,,,
34.7696,frame,1007,42.007119,45.96,66.65,372.05,512,384,BGR888p,,,,,
34.7698,detections,1007,42.007119,45.96,66.65,372.26,,,,2,24:0.57 56:0.54,,,
34.8165,frame,1008,42.04045,46.89,33.33,385.61,512,384,BGR888p,,,,,
34.8167,detections,1008,42.04045,46.9,33.33,385.83,,,,1,56:0.63,,,
34.8169,system,0,,1032.1,,,,,,,,46.28,34.5,17.3
34.8626,frame,1010,42.107083,46.12,66.63,365.09,512,384,BGR888p,,,,,
34.8628,detections,1010,42.107083,46.11,66.63,365.3,,,,0,,,,
34.9091,frame,1011,42.140406,46.49,33.32,378.21,512,384,BGR888p,,,,,
34.9092,detections,1011,42.140406,46.39,33.32,378.35,,,,1,56:0.60,,,
34.9566,frame,1013,42.207048,47.57,66.64,359.17,512,384,BGR888p,,,,,
34.9576,detections,1013,42.207048,48.4,66.64,360.14,,,,1,67:0.52,,,
35.0026,frame,1014,42.240373,45.94,33.32,371.79,512,384,BGR888p,,,,,
35.003,detections,1014,42.240373,45.42,33.32,372.25,,,,2,56:0.61 67:0.52,,,
35.0479,frame,1015,42.273693,45.3,33.32,383.78,512,384,BGR888p,,,,,
35.0483,detections,1015,42.273693,45.29,33.32,384.2,,,,2,56:0.65 24:0.60,,,
35.0941,frame,1017,42.340339,46.18,66.65,363.31,512,384,BGR888p,,,,,
35.0943,detections,1017,42.340339,46.0,66.65,363.55,,,,3,56:0.78 24:0.54 67:0.53,,,
35.1422,frame,1018,42.373666,48.12,33.33,378.09,512,384,BGR888p,,,,,
35.1424,detections,1018,42.373666,48.05,33.33,378.25,,,,2,56:0.82 24:0.52,,,
35.1894,frame,1020,42.440302,47.18,66.64,358.65,512,384,BGR888p,,,,,
35.1899,detections,1020,42.440302,47.52,66.64,359.19,,,,2,56:0.86 24:0.50,,,
35.235,frame,1021,42.473627,45.66,33.32,370.99,512,384,BGR888p,,,,,
35.2353,detections,1021,42.473627,45.4,33.32,371.23,,,,1,56:0.82,,,
35.2801,frame,1022,42.506945,45.07,33.32,382.74,512,384,BGR888p,,,,,
35.2804,detections,1022,42.506945,45.07,33.32,382.98,,,,3,56:0.80 67:0.57 62:0.51,,,
35.327,frame,1024,42.573591,46.86,66.65,362.93,512,384,BGR888p,,,,,
35.3271,detections,1024,42.573591,46.78,66.65,363.09,,,,2,56:0.87 67:0.52,,,
35.3757,frame,1025,42.606913,48.73,33.32,378.37,512,384,BGR888p,,,,,
35.3759,detections,1025,42.606913,48.79,33.32,378.58,,,,3,56:0.88 67:0.53 24:0.50,,,
35.4235,frame,1027,42.673556,47.78,66.64,359.5,512,384,BGR888p,,,,,
35.4237,detections,1027,42.673556,47.78,66.64,359.72,,,,1,56:0.86,,,
35.4699,frame,1028,42.706879,46.43,33.32,372.61,512,384,BGR888p,,,,,
35.4702,detections,1028,42.706879,46.43,33.32,372.82,,,,1,56:0.85,,,
35.5158,frame,1029,42.740198,45.88,33.32,385.17,512,384,BGR888p,,,,,
35.516,detections,1029,42.740198,45.88,33.32,385.38,,,,1,56:0.84,,,
35.562,frame,1031,42.806844,46.19,66.65,364.71,512,384,BGR888p,,,,,
35.5622,detections,1031,42.806844,46.19,66.65,364.96,,,,1,56:0.77,,,
35.6096,frame,1032,42.840165,47.61,33.32,379.0,512,384,BGR888p,,,,,
35.6098,detections,1032,42.840165,47.61,33.32,379.22,,,,1,56:0.86,,,
35.6565,frame,1034,42.906808,46.88,66.64,359.24,512,384,BGR888p,,,,,
35.6567,detections,1034,42.906808,46.88,66.64,359.45,,,,2,56:0.87 24:0.57,,,
35.7016,frame,1035,42.940131,45.18,33.32,371.1,512,384,BGR888p,,,,,
35.7019,detections,1035,42.940131,45.19,33.32,371.32,,,,1,56:0.85,,,
35.7481,frame,1036,42.973453,46.52,33.32,384.32,512,384,BGR888p,,,,,
35.7484,detections,1036,42.973453,46.54,33.32,384.54,,,,2,56:0.79 67:0.52,,,
35.7942,frame,1038,43.040096,46.07,66.64,363.74,512,384,BGR888p,,,,,
35.7945,detections,1038,43.040096,46.07,66.64,363.96,,,,2,56:0.84 24:0.51,,,
35.7947,system,0,,977.79,,,,,,,,46.56,33.5,16.5
35.8425,frame,1039,43.073419,48.25,33.32,378.64,512,384,BGR888p,,,,,
35.8427,detections,1039,43.073419,48.22,33.32,378.86,,,,1,56:0.86,,,
35.8901,frame,1041,43.140062,47.59,66.64,359.59,512,384,BGR888p,,,,,
35.891,detections,1041,43.140062,48.32,66.64,360.57,,,,1,56:0.88,,,
35.9367,frame,1042,43.173385,46.6,33.32,372.87,512,384,BGR888p,,,,,
35.9369,detections,1042,43.173385,45.87,33.32,373.08,,,,1,56:0.84,,,
35.9822,frame,1043,43.206705,45.57,33.32,385.15,512,384,BGR888p,,,,,
35.9825,detections,1043,43.206705,45.6,33.32,385.36,,,,1,56:0.87,,,
36.0293,frame,1045,43.273351,47.1,66.65,365.57,512,384,BGR888p,,,,,
36.0296,detections,1045,43.273351,47.07,66.65,365.79,,,,2,56:0.86 67:0.51,,,
36.0775,frame,1046,43.306673,48.17,33.32,380.42,512,384,BGR888p,,,,,
36.0779,detections,1046,43.306673,48.34,33.32,380.81,,,,2,56:0.85 67:0.54,,,
36.1243,frame,1048,43.373315,46.84,66.64,360.62,512,384,BGR888p,,,,,
36.1246,detections,1048,43.373315,46.67,66.64,360.83,,,,2,56:0.84 65:0.51,,,
36.172,frame,1049,43.406638,47.67,33.32,374.96,512,384,BGR888p,,,,,
36.1723,detections,1049,43.406638,47.69,33.32,375.2,,,,2,56:0.79 65:0.57,,,
36.2205,frame,1050,43.439958,48.53,33.32,390.18,512,384,BGR888p,,,,,
36.2208,detections,1050,43.439958,48.51,33.32,390.39,,,,2,56:0.86 65:0.55,,,
36.2651,frame,1052,43.506603,44.6,66.65,368.16,512,384,BGR888p,,,,,
36.2654,detections,1052,43.506603,44.63,66.65,368.37,,,,2,56:0.83 65:0.55,,,
36.3114,frame,1053,43.539925,46.28,33.32,381.09,512,384,BGR888p,,,,,
36.3117,detections,1053,43.539925,46.25,33.32,381.3,,,,2,56:0.85 65:0.50,,,
36.3593,frame,1055,43.606569,47.86,66.64,362.28,512,384,BGR888p,,,,,
36.3595,detections,1055,43.606569,47.8,66.64,362.44,,,,2,56:0.87 65:0.55,,,
36.4068,frame,1056,43.639891,47.53,33.32,376.47,512,384,BGR888p,,,,,
36.407,detections,1056,43.639891,47.49,33.32,376.59,,,,2,56:0.84 24:0.54,,,
36.4539,frame,1057,43.673211,47.12,33.32,390.28,512,384,BGR888p,,,,,
36.4541,detections,1057,43.673211,47.15,33.32,390.43,,,,1,56:0.85,,,
36.4995,frame,1059,43.739856,45.57,66.65,369.26,512,384,BGR888p,,,,,
36.4998,detections,1059,43.739856,45.7,66.65,369.51,,,,1,56:0.87,,,
36.5473,frame,1060,43.773179,47.81,33.32,383.74,512,384,BGR888p,,,,,
36.5476,detections,1060,43.773179,47.77,33.32,383.95,,,,2,56:0.87 67:0.51,,,
36.5942,frame,1062,43.839821,46.89,66.64,364.02,512,384,BGR888p,,,,,
36.5945,detections,1062,43.839821,46.93,66.64,364.23,,,,2,56:0.82 67:0.52,,,
36.642,frame,1063,43.873146,47.75,33.32,378.33,512,384,BGR888p,,,,,
36.642,detections,1063,43.873146,47.53,33.32,378.39,,,,1,56:0.82,,,
36.6908,frame,1064,43.906464,48.84,33.32,393.85,512,384,BGR888p,,,,,
36.6909,detections,1064,43.906464,48.85,33.32,393.92,,,,2,56:0.86 67:0.54,,,
36.7369,frame,1066,43.973111,46.12,66.65,373.35,512,384,BGR888p,,,,,
36.7371,detections,1066,43.973111,46.17,66.65,373.46,,,,1,56:0.88,,,
36.7837,frame,1067,44.006438,46.78,33.33,386.84,512,384,BGR888p,,,,,
36.7839,detections,1067,44.006438,46.89,33.33,387.06,,,,1,56:0.84,,,
36.7841,system,0,,989.43,,,,,,,,46.73,34.4,17.2
36.8292,frame,1069,44.073075,45.53,66.64,365.67,512,384,BGR888p,,,,,
36.8293,detections,1069,44.073075,45.37,66.64,365.74,,,,2,56:0.88 67:0.51,,,
36.8753,frame,1070,44.106397,46.07,33.32,378.47,512,384,BGR888p,,,,,
36.8755,detections,1070,44.106397,46.17,33.32,378.62,,,,3,56:0.86 0:0.59 67:0.50,,,
36.9232,frame,1072,44.17304,47.86,66.64,359.73,512,384,BGR888p,,,,,
36.9234,detections,1072,44.17304,47.95,66.64,359.95,,,,3,56:0.63 67:0.53 0:0.52,,,
36.9689,frame,1073,44.206366,45.74,33.33,372.11,512,384,BGR888p,,,,,
36.9698,detections,1073,44.206366,46.32,33.33,372.98,,,,2,56:0.70 0:0.52,,,
37.015,frame,1074,44.239684,46.07,33.32,384.86,512,384,BGR888p,,,,,
37.0152,detections,1074,44.239684,45.45,33.32,385.11,,,,0,,,,
37.0629,frame,1076,44.306328,47.92,66.64,366.14,512,384,BGR888p,,,,,
37.0631,detections,1076,44.306328,47.92,66.64,366.35,,,,0,,,,
37.1095,frame,1077,44.339651,46.6,33.32,379.41,512,384,BGR888p,,,,,
37.1099,detections,1077,44.339651,46.8,33.32,379.84,,,,0,,,,
37.1574,frame,1079,44.406293,47.92,66.64,360.69,512,384,BGR888p,,,,,
37.1576,detections,1079,44.406293,47.72,66.64,360.9,,,,0,,,,
37.203,frame,1080,44.439616,45.56,33.32,372.9,512,384,BGR888p,,,,,
37.2031,detections,1080,44.439616,45.5,33.32,373.06,,,,0,,,,
37.2481,frame,1081,44.472936,45.17,33.32,384.74,512,384,BGR888p,,,,,
37.2483,detections,1081,44.472936,45.15,33.32,384.88,,,,0,,,,
37.2944,frame,1083,44.539581,46.23,66.65,364.33,512,384,BGR888p,,,,,
37.2945,detections,1083,44.539581,46.24,66.65,364.48,,,,1,56:0.69,,,
37.3419,frame,1084,44.572904,47.5,33.32,378.47,512,384,BGR888p,,,,,
37.3419,detections,1084,44.572904,47.41,33.32,378.55,,,,3,56:0.84 24:0.55 28:0.51,,,
37.3895,frame,1086,44.639546,47.64,66.64,359.54,512,384,BGR888p,,,,,
37.39,detections,1086,44.639546,48.1,66.64,360.08,,,,3,56:0.84 28:0.52 24:0.51,,,
37.437,frame,1087,44.672869,47.51,33.32,373.72,512,384,BGR888p,,,,,
37.4373,detections,1087,44.672869,47.23,33.32,373.95,,,,2,56:0.85 28:0.51,,,
37.4815,frame,1088,44.706191,44.53,33.32,384.9,512,384,BGR888p,,,,,
37.4817,detections,1088,44.706191,44.45,33.32,385.06,,,,2,56:0.82 24:0.63,,,
37.5295,frame,1090,44.772834,47.95,66.64,366.2,512,384,BGR888p,,,,,
37.5297,detections,1090,44.772834,47.94,66.64,366.35,,,,2,56:0.89 24:0.50,,,
37.5764,frame,1091,44.806157,46.95,33.32,379.81,512,384,BGR888p,,,,,
37.5765,detections,1091,44.806157,46.88,33.32,379.89,,,,1,56:0.83,,,
37.6272,frame,1093,44.872799,50.76,66.64,364.01,512,384,BGR888p,,,,,
37.6275,detections,1093,44.872799,50.94,66.64,364.23,,,,3,56:0.88 24:0.63 39:0.58,,,
37.672,frame,1094,44.906125,44.84,33.33,375.48,512,384,BGR888p,,,,,
37.6725,detections,1094,44.906125,45.03,33.33,375.97,,,,2,56:0.84 24:0.50,,,
37.7181,frame,1095,44.939444,46.02,33.32,388.21,512,384,BGR888p,,,,,
37.7183,detections,1095,44.939444,45.83,33.32,388.44,,,,3,56:0.87 39:0.69 62:0.61,,,
37.7642,frame,1097,45.006088,46.1,66.64,367.7,512,384,BGR888p,,,,,
37.7644,detections,1097,45.006088,46.11,66.64,367.91,,,,2,56:0.87 39:0.59,,,
37.8104,frame,1098,45.03941,46.2,33.32,380.54,512,384,BGR888p,,,,,
37.8106,detections,1098,45.03941,46.16,33.32,380.75,,,,2,56:0.85 39:0.77,,,
37.8108,system,0,,1026.68,,,,,,,,46.56,34.5,16.6
37.8588,frame,1100,45.106052,48.41,66.64,362.28,512,384,BGR888p,,,,,
37.859,detections,1100,45.106052,48.35,66.64,362.44,,,,3,56:0.89 39:0.79 39:0.60,,,
37.9061,frame,1101,45.139377,47.28,33.33,376.27,512,384,BGR888p,,,,,
37.9063,detections,1101,45.139377,47.38,33.33,376.51,,,,1,56:0.78,,,
37.9506,frame,1102,45.172697,44.57,33.32,387.52,512,384,BGR888p,,,,,
37.9509,detections,1102,45.172697,44.54,33.32,387.73,,,,2,56:0.70 39:0.59,,,
37.9966,frame,1104,45.239343,45.99,66.65,366.8,512,384,BGR888p,,,,,
37.9967,detections,1104,45.239343,45.83,66.65,366.87,,,,3,56:0.83 39:0.71 39:0.65,,,
38.0435,frame,1105,45.272663,46.89,33.32,380.39,512,384,BGR888p,,,,,
38.0437,detections,1105,45.272663,46.95,33.32,380.52,,,,3,56:0.84 39:0.76 39:0.69,,,
38.0913,frame,1107,45.339306,47.8,66.64,361.59,512,384,BGR888p,,,,,
38.0921,detections,1107,45.339306,48.47,66.64,362.41,,,,4,56:0.81 39:0.76 39:0.55 39:0.52,,,
38.1389,frame,1108,45.372629,47.56,33.32,375.83,512,384,BGR888p,,,,,
38.1393,detections,1108,45.372629,47.17,33.32,376.24,,,,3,56:0.87 39:0.75 39:0.58,,,
38.184,frame,1109,45.405949,45.09,33.32,387.6,512,384,BGR888p,,,,,
38.1842,detections,1109,45.405949,44.91,33.32,387.84,,,,4,56:0.87 39:0.71 39:0.58 39:0.54,,,
38.2314,frame,1111,45.472594,47.46,66.65,368.41,512,384,BGR888p,,,,,
38.2317,detections,1111,45.472594,47.46,66.65,368.62,,,,3,56:0.86 39:0.80 39:0.60,,,
38.2783,frame,1112,45.505917,46.87,33.32,381.88,512,384,BGR888p,,,,,
38.2784,detections,1112,45.505917,46.69,33.32,381.93,,,,3,56:0.89 39:0.80 39:0.59,,,
38.3256,frame,1114,45.572559,47.36,66.64,362.6,512,384,BGR888p,,,,,
38.3257,detections,1114,45.572559,47.38,66.64,362.68,,,,3,56:0.87 39:0.80 39:0.56,,,
38.3741,frame,1115,45.605883,48.47,33.32,377.81,512,384,BGR888p,,,,,
38.3744,detections,1115,45.605883,48.64,33.32,378.04,,,,3,39:0.83 56:0.81 39:0.68,,,
38.4208,frame,1116,45.639202,46.64,33.32,391.14,512,384,BGR888p,,,,,
38.421,detections,1116,45.639202,46.63,33.32,391.35,,,,3,56:0.81 39:0.79 39:0.58,,,
38.4682,frame,1118,45.705848,47.49,66.65,372.01,512,384,BGR888p,,,,,
38.4685,detections,1118,45.705848,47.51,66.65,372.22,,,,5,39:0.83 56:0.81 39:0.63 62:0.58 41:0.58,,,
38.5118,frame,1119,45.739171,43.51,33.32,382.17,512,384,BGR888p,,,,,
38.512,detections,1119,45.739171,43.48,33.32,382.38,,,,4,56:0.84 39:0.80 41:0.68 39:0.59,,,
38.5587,frame,1121,45.805813,47.0,66.64,362.52,512,384,BGR888p,,,,,
38.559,detections,1121,45.805813,46.99,66.64,362.73,,,,3,56:0.83 39:0.79 41:0.63,,,
38.6068,frame,1122,45.839136,48.03,33.32,377.2,512,384,BGR888p,,,,,
38.607,detections,1122,45.839136,47.97,33.32,377.36,,,,4,56:0.84 39:0.81 62:0.65 41:0.58,,,
38.651,frame,1124,45.905778,44.2,66.64,354.79,512,384,BGR888p,,,,,
38.6512,detections,1124,45.905778,44.26,66.64,355.02,,,,4,56:0.86 39:0.82 41:0.63 62:0.55,,,
38.6967,frame,1125,45.939101,45.7,33.32,367.16,512,384,BGR888p,,,,,
38.6969,detections,1125,45.939101,45.69,33.32,367.37,,,,5,56:0.87 39:0.81 41:0.63 62:0.63 39:0.56,,,
38.7439,frame,1126,45.972429,47.25,33.33,381.08,512,384,BGR888p,,,,,
38.7442,detections,1126,45.972429,47.26,33.33,381.32,,,,4,56:0.86 39:0.81 62:0.66 41:0.65,,,
38.7945,frame,1128,46.039066,50.53,66.64,364.98,512,384,BGR888p,,,,,
38.7947,detections,1128,46.039066,50.53,66.64,365.19,,,,3,56:0.82 39:0.81 41:0.54,,,
38.7949,system,0,,984.1,,,,,,,,46.96,35.1,17.5
38.8399,frame,1129,46.072391,45.42,33.33,377.08,512,384,BGR888p,,,,,
38.8402,detections,1129,46.072391,45.45,33.33,377.32,,,,4,56:0.85 39:0.79 41:0.61 62:0.51,,,
38.8868,frame,1131,46.139032,46.91,66.64,357.35,512,384,BGR888p,,,,,
38.887,detections,1131,46.139032,46.89,66.64,357.56,,,,3,56:0.84 39:0.79 41:0.52,,,
38.9308,frame,1132,46.172354,44.06,33.32,368.08,512,384,BGR888p,,,,,
38.9311,detections,1132,46.172354,44.06,33.32,368.3,,,,3,39:0.75 56:0.73 41:0.53,,,
38.9768,frame,1133,46.205676,45.98,33.32,380.74,512,384,BGR888p,,,,,
38.9771,detections,1133,46.205676,45.97,33.32,380.94,,,,3,56:0.81 39:0.78 41:0.52,,,
39.0252,frame,1135,46.272319,48.4,66.64,362.52,512,384,BGR888p,,,,,
39.0255,detections,1135,46.272319,48.43,66.64,362.73,,,,4,39:0.79 56:0.72 39:0.63 41:0.55,,,
39.07,frame,1136,46.305642,44.83,33.32,374.0,512,384,BGR888p,,,,,
39.0703,detections,1136,46.305642,44.82,33.32,374.23,,,,2,39:0.81 39:0.68,,,
39.1159,frame,1137,46.338962,45.82,33.32,386.49,512,384,BGR888p,,,,,
39.1161,detections,1137,46.338962,45.79,33.32,386.7,,,,2,39:0.78 39:0.60,,,
39.1616,frame,1139,46.405607,45.76,66.65,365.61,512,384,BGR888p,,,,,
39.162,detections,1139,46.405607,45.93,66.65,366.0,,,,1,39:0.54,,,
39.2082,frame,1140,46.43893,46.61,33.32,378.82,512,384,BGR888p,,,,,
39.2083,detections,1140,46.43893,46.26,33.32,378.87,,,,1,39:0.51,,,
39.2549,frame,1142,46.505572,46.66,66.64,358.84,512,384,BGR888p,,,,,
39.2556,detections,1142,46.505572,47.31,66.64,359.55,,,,2,39:0.72 41:0.52,,,
39.3011,frame,1143,46.538897,46.19,33.32,371.68,512,384,BGR888p,,,,,
39.3012,detections,1143,46.538897,45.58,33.32,371.81,,,,3,39:0.80 41:0.58 39:0.51,,,
39.3476,frame,1144,46.572215,46.49,33.32,384.87,512,384,BGR888p,,,,,
39.3476,detections,1144,46.572215,46.44,33.32,384.93,,,,2,39:0.80 41:0.56,,,
39.3938,frame,1146,46.63886,46.2,66.65,364.45,512,384,BGR888p,,,,,
39.3939,detections,1146,46.63886,46.26,66.65,364.56,,,,1,39:0.78,,,
39.4414,frame,1147,46.672183,47.61,33.32,378.72,512,384,BGR888p,,,,,
39.4415,detections,1147,46.672183,47.58,33.32,378.81,,,,3,39:0.83 41:0.59 39:0.54,,,
39.489,frame,1149,46.738825,47.61,66.64,359.7,512,384,BGR888p,,,,,
39.4896,detections,1149,46.738825,48.15,66.64,360.34,,,,2,39:0.78 62:0.52,,,
39.5349,frame,1150,46.772148,45.88,33.32,372.32,512,384,BGR888p,,,,,
39.5351,detections,1150,46.772148,45.49,33.32,372.53,,,,2,39:0.79 39:0.59,,,
39.5808,frame,1151,46.805468,45.96,33.32,384.95,512,384,BGR888p,,,,,
39.5811,detections,1151,46.805468,45.95,33.32,385.16,,,,1,39:0.81,,,
39.6265,frame,1153,46.872113,45.72,66.65,363.94,512,384,BGR888p,,,,,
39.6266,detections,1153,46.872113,45.53,66.65,363.99,,,,2,39:0.79 62:0.63,,,
39.675,frame,1154,46.905435,48.43,33.32,379.08,512,384,BGR888p,,,,,
39.6751,detections,1154,46.905435,48.5,33.32,379.18,,,,3,39:0.82 62:0.54 41:0.51,,,
39.7214,frame,1156,46.972078,46.4,66.64,358.9,512,384,BGR888p,,,,,
39.722,detections,1156,46.972078,46.91,66.64,359.52,,,,1,39:0.82,,,
39.7684,frame,1157,47.005403,46.98,33.32,372.56,512,384,BGR888p,,,,,
39.7686,detections,1157,47.005403,46.61,33.32,372.77,,,,3,39:0.79 41:0.61 62:0.51,,,
39.8138,frame,1158,47.038721,45.49,33.32,384.72,512,384,BGR888p,,,,,
39.8141,detections,1158,47.038721,45.48,33.32,384.94,,,,2,39:0.77 41:0.61,,,
39.8143,system,0,,1019.43,,,,,,,,46.56,35.3,17.1
39.8601,frame,1160,47.105368,46.27,66.65,364.32,512,384,BGR888p,,,,,
39.8603,detections,1160,47.105368,46.23,66.65,364.5,,,,1,39:0.75,,,
39.9093,frame,1161,47.13869,49.22,33.32,380.24,512,384,BGR888p,,,,,
39.9096,detections,1161,47.13869,49.26,33.32,380.46,,,,1,39:0.76,,,
39.9552,frame,1163,47.205332,45.91,66.64,359.49,512,384,BGR888p,,,,,
39.9554,detections,1163,47.205332,45.86,66.64,359.65,,,,1,39:0.82,,,
40.0017,frame,1164,47.238655,46.43,33.32,372.58,512,384,BGR888p,,,,,
40.0019,detections,1164,47.238655,46.42,33.32,372.74,,,,2,39:0.86 39:0.62,,,
40.0469,frame,1165,47.271976,45.25,33.32,384.51,512,384,BGR888p,,,,,
40.0471,detections,1165,47.271976,45.25,33.32,384.67,,,,2,39:0.86 39:0.51,,,
40.0945,frame,1167,47.33862,47.6,66.64,364.09,512,384,BGR888p,,,,,
40.0947,detections,1167,47.33862,47.54,66.64,364.19,,,,1,39:0.82,,,
40.142,frame,1168,47.371943,47.47,33.32,378.27,512,384,BGR888p,,,,,
40.1422,detections,1168,47.371943,47.55,33.32,378.47,,,,1,39:0.80,,,
40.1896,frame,1170,47.438585,47.59,66.64,359.17,512,384,BGR888p,,,,,
40.1897,detections,1170,47.438585,47.53,66.64,359.3,,,,1,39:0.67,,,
40.2355,frame,1171,47.47191,45.92,33.32,371.77,512,384,BGR888p,,,,,
40.2356,detections,1171,47.47191,45.88,33.32,371.86,,,,1,39:0.68,,,
40.2818,frame,1172,47.505229,46.31,33.32,384.79,512,384,BGR888p,,,,,
40.2824,detections,1172,47.505229,46.75,33.32,385.32,,,,1,39:0.73,,,
40.3288,frame,1174,47.571873,46.94,66.64,365.1,512,384,BGR888p,,,,,
40.329,detections,1174,47.571873,46.61,66.64,365.27,,,,0,,,,
40.3759,frame,1175,47.605195,47.09,33.32,378.84,512,384,BGR888p,,,,,
40.376,detections,1175,47.605195,47.02,33.32,378.95,,,,1,39:0.62,,,
40.4247,frame,1177,47.671838,48.89,66.64,361.13,512,384,BGR888p,,,,,
40.425,detections,1177,47.671838,48.97,66.64,361.3,,,,0,,,,
40.4699,frame,1178,47.705161,45.14,33.32,372.96,512,384,BGR888p,,,,,
40.4701,detections,1178,47.705161,45.19,33.32,373.19,,,,1,39:0.55,,,
40.5142,frame,1179,47.738481,44.36,33.32,384.02,512,384,BGR888p,,,,,
40.5145,detections,1179,47.738481,44.38,33.32,384.24,,,,1,39:0.58,,,
40.5604,frame,1181,47.805128,46.18,66.65,363.5,512,384,BGR888p,,,,,
40.5606,detections,1181,47.805128,46.09,66.65,363.66,,,,1,39:0.58,,,
40.6085,frame,1182,47.838448,48.08,33.32,378.24,512,384,BGR888p,,,,,
40.6086,detections,1182,47.838448,48.03,33.32,378.36,,,,1,39:0.79,,,
40.6568,frame,1184,47.905091,48.26,66.64,359.9,512,384,BGR888p,,,,,
40.657,detections,1184,47.905091,48.37,66.64,360.12,,,,1,39:0.75,,,
40.7029,frame,1185,47.938415,46.12,33.32,372.71,512,384,BGR888p,,,,,
40.7031,detections,1185,47.938415,46.13,33.32,372.93,,,,1,39:0.74,,,
40.7493,frame,1186,47.971734,46.42,33.32,385.8,512,384,BGR888p,,,,,
40.7496,detections,1186,47.971734,46.45,33.32,386.06,,,,1,39:0.76,,,
40.7953,frame,1188,48.038379,46.02,66.65,365.18,512,384,BGR888p,,,,,
40.7956,detections,1188,48.038379,45.98,66.65,365.39,,,,1,39:0.77,,,
40.8417,frame,1189,48.071702,46.37,33.32,378.23,512,384,BGR888p,,,,,
40.842,detections,1189,48.071702,46.38,33.32,378.45,,,,1,39:0.77,,,
40.8421,system,0,,1027.8,,,,,,,,46.85,34.6,16.8
40.8892,frame,1191,48.138344,47.47,66.64,359.08,512,384,BGR888p,,,,,
40.8894,detections,1191,48.138344,47.49,66.64,359.3,,,,1,39:0.82,,,
40.9358,frame,1192,48.171668,46.64,33.32,372.37,512,384,BGR888p,,,,,
40.9361,detections,1192,48.171668,46.61,33.32,372.58,,,,2,39:0.82 63:0.58,,,
40.9819,frame,1193,48.204989,46.07,33.32,385.12,512,384,BGR888p,,,,,
40.9821,detections,1193,48.204989,46.07,33.32,385.34,,,,1,39:0.78,,,
41.0283,frame,1195,48.271632,46.47,66.64,364.94,512,384,BGR888p,,,,,
41.0286,detections,1195,48.271632,46.47,66.64,365.16,,,,2,39:0.76 39:0.56,,,
41.0755,frame,1196,48.304955,47.14,33.32,378.73,512,384,BGR888p,,,,,
41.0757,detections,1196,48.304955,47.07,33.32,378.89,,,,2,39:0.82 39:0.65,,,
41.1237,frame,1198,48.371598,48.24,66.64,360.36,512,384,BGR888p,,,,,
41.124,detections,1198,48.371598,48.31,66.64,360.58,,,,2,39:0.75 39:0.56,,,
41.1691,frame,1199,48.40492,45.42,33.32,372.48,512,384,BGR888p,,,,,
41.1694,detections,1199,48.40492,45.44,33.32,372.7,,,,3,39:0.72 56:0.58 39:0.52,,,
41.2148,frame,1200,48.438241,45.64,33.32,384.81,512,384,BGR888p,,,,,
41.2153,detections,1200,48.438241,45.84,33.32,385.24,,,,2,39:0.81 39:0.68,,,
41.2628,frame,1202,48.504886,48.02,66.65,366.16,512,384,BGR888p,,,,,
41.2631,detections,1202,48.504886,47.8,66.65,366.38,,,,3,39:0.71 56:0.55 39:0.52,,,
41.3082,frame,1203,48.538208,45.43,33.32,378.26,512,384,BGR888p,,,,,
41.3085,detections,1203,48.538208,45.38,33.32,378.42,,,,2,39:0.82 39:0.62,,,
41.3569,frame,1205,48.604851,48.67,66.64,360.29,512,384,BGR888p,,,,,
41.3572,detections,1205,48.604851,48.71,66.64,360.51,,,,2,39:0.72 39:0.51,,,
41.4015,frame,1206,48.638174,44.56,33.32,371.51,512,384,BGR888p,,,,,
41.4017,detections,1206,48.638174,44.5,33.32,371.66,,,,2,39:0.83 39:0.65,,,
41.4464,frame,1207,48.671494,44.95,33.32,383.12,512,384,BGR888p,,,,,
41.4466,detections,1207,48.671494,44.91,33.32,383.24,,,,2,39:0.78 39:0.58,,,
41.4935,frame,1209,48.738139,47.06,66.64,363.51,512,384,BGR888p,,,,,
41.4936,detections,1209,48.738139,47.0,66.64,363.58,,,,2,39:0.75 62:0.61,,,
41.5417,frame,1210,48.771461,48.23,33.32,378.43,512,384,BGR888p,,,,,
41.5418,detections,1210,48.771461,48.26,33.32,378.53,,,,2,39:0.69 62:0.66,,,
41.5907,frame,1212,48.838104,49.04,66.64,360.88,512,384,BGR888p,,,,,
41.5911,detections,1212,48.838104,49.31,66.64,361.25,,,,3,62:0.72 39:0.71 39:0.56,,,
41.6363,frame,1213,48.871427,45.59,33.32,373.15,512,384,BGR888p,,,,,
41.6366,detections,1213,48.871427,45.45,33.32,373.36,,,,2,39:0.69 39:0.68,,,
41.6815,frame,1214,48.904748,45.17,33.32,384.97,512,384,BGR888p,,,,,
41.6817,detections,1214,48.904748,45.11,33.32,385.13,,,,3,39:0.71 39:0.63 62:0.62,,,
41.7283,frame,1216,48.971393,46.77,66.65,365.07,512,384,BGR888p,,,,,
41.7284,detections,1216,48.971393,46.7,66.65,365.17,,,,3,62:0.78 39:0.76 39:0.59,,,
41.7743,frame,1217,49.004716,46.0,33.32,377.73,512,384,BGR888p,,,,,
41.7744,detections,1217,49.004716,45.95,33.32,377.79,,,,3,39:0.79 39:0.66 62:0.61,,,
41.8218,frame,1219,49.071357,47.57,66.64,358.64,512,384,BGR888p,,,,,
41.8226,detections,1219,49.071357,48.23,66.64,359.38,,,,2,39:0.70 63:0.61,,,
41.8227,system,0,,980.51,,,,,,,,46.51,34.4,17.0
41.8695,frame,1220,49.10468,47.62,33.32,372.94,512,384,BGR888p,,,,,
41.8695,detections,1220,49.10468,46.95,33.32,373.0,,,,2,62:0.76 39:0.54,,,
41.9149,frame,1221,49.138,45.48,33.32,385.1,512,384,BGR888p,,,,,
41.915,detections,1221,49.138,45.48,33.32,385.16,,,,2,62:0.67 39:0.65,,,
41.9619,frame,1223,49.204646,46.97,66.65,365.42,512,384,BGR888p,,,,,
41.962,detections,1223,49.204646,46.96,66.65,365.47,,,,4,39:0.55 39:0.53 62:0.52 63:0.51,,,
42.0091,frame,1224,49.237969,47.2,33.32,379.31,512,384,BGR888p,,,,,
42.0092,detections,1224,49.237969,47.22,33.32,379.36,,,,1,63:0.68,,,
42.0577,frame,1226,49.304611,48.62,66.64,361.3,512,384,BGR888p,,,,,
42.0578,detections,1226,49.304611,48.64,66.64,361.37,,,,1,63:0.65,,,
42.1056,frame,1227,49.337933,47.87,33.32,375.89,512,384,BGR888p,,,,,
42.1058,detections,1227,49.337933,47.98,33.32,376.06,,,,1,63:0.68,,,
42.1537,frame,1228,49.371254,48.07,33.32,390.66,512,384,BGR888p,,,,,
42.1539,detections,1228,49.371254,48.12,33.32,390.88,,,,1,63:0.69,,,
42.1965,frame,1230,49.437899,42.8,66.65,366.75,512,384,BGR888p,,,,,
42.1966,detections,1230,49.437899,42.63,66.65,366.81,,,,1,62:0.69,,,
42.2453,frame,1231,49.471221,48.77,33.32,382.2,512,384,BGR888p,,,,,
42.2454,detections,1231,49.471221,48.84,33.32,382.34,,,,1,62:0.80,,,
42.2923,frame,1233,49.537864,47.05,66.64,362.61,512,384,BGR888p,,,,,
42.2924,detections,1233,49.537864,47.0,66.64,362.69,,,,1,62:0.68,,,
42.3416,frame,1234,49.571187,49.31,33.32,378.62,512,384,BGR888p,,,,,
42.3418,detections,1234,49.571187,49.35,33.32,378.73,,,,2,62:0.71 63:0.50,,,
42.3889,frame,1235,49.604507,47.27,33.32,392.62,512,384,BGR888p,,,,,
42.3891,detections,1235,49.604507,47.38,33.32,392.83,,,,1,62:0.73,,,
42.4343,frame,1237,49.671152,45.45,66.65,371.42,512,384,BGR888p,,,,,
42.4346,detections,1237,49.671152,45.45,66.65,371.63,,,,1,62:0.72,,,
42.4803,frame,1238,49.704475,45.98,33.32,384.07,512,384,BGR888p,,,,,
42.4806,detections,1238,49.704475,45.97,33.32,384.28,,,,2,62:0.77 63:0.52,,,
42.5273,frame,1240,49.771117,46.96,66.64,364.39,512,384,BGR888p,,,,,
42.5275,detections,1240,49.771117,46.96,66.64,364.6,,,,2,62:0.84 62:0.52,,,
42.5747,frame,1241,49.804445,47.41,33.33,378.42,512,384,BGR888p,,,,,
42.5748,detections,1241,49.804445,47.28,33.33,378.52,,,,1,62:0.73,,,
42.6226,frame,1243,49.871082,47.9,66.64,359.71,512,384,BGR888p,,,,,
42.6228,detections,1243,49.871082,47.98,66.64,359.88,,,,1,63:0.59,,,
42.6679,frame,1244,49.904405,45.36,33.32,371.7,512,384,BGR888p,,,,,
42.668,detections,1244,49.904405,45.26,33.32,371.78,,,,1,63:0.59,,,
42.7136,frame,1245,49.937726,45.66,33.32,384.11,512,384,BGR888p,,,,,
42.7139,detections,1245,49.937726,45.81,33.32,384.33,,,,1,62:0.70,,,
42.7597,frame,1247,50.004371,46.14,66.65,363.6,512,384,BGR888p,,,,,
42.76,detections,1247,50.004371,46.13,66.65,363.81,,,,1,62:0.74,,,
42.8087,frame,1248,50.037694,48.94,33.32,379.22,512,384,BGR888p,,,,,
42.8089,detections,1248,50.037694,48.95,33.32,379.44,,,,1,62:0.69,,,
42.8091,system,0,,986.48,,,,,,,,46.62,33.9,16.1
42.8554,frame,1250,50.104336,46.74,66.64,359.28,512,384,BGR888p,,,,,
42.8556,detections,1250,50.104336,46.63,66.64,359.4,,,,1,62:0.71,,,
42.9017,frame,1251,50.137661,46.28,33.32,372.28,512,384,BGR888p,,,,,
42.902,detections,1251,50.137661,46.39,33.32,372.49,,,,1,62:0.72,,,
42.9477,frame,1252,50.170979,45.99,33.32,384.96,512,384,BGR888p,,,,,
42.948,detections,1252,50.170979,46.06,33.32,385.25,,,,1,62:0.77,,,
42.9936,frame,1254,50.237624,45.94,66.64,364.26,512,384,BGR888p,,,,,
42.9939,detections,1254,50.237624,45.87,66.64,364.47,,,,1,63:0.82,,,
43.0415,frame,1255,50.270947,47.9,33.32,378.83,512,384,BGR888p,,,,,
43.0418,detections,1255,50.270947,47.9,33.32,379.04,,,,1,63:0.62,,,
43.0898,frame,1257,50.337589,48.22,66.64,360.4,512,384,BGR888p,,,,,
43.09,detections,1257,50.337589,48.22,66.64,360.62,,,,1,63:0.80,,,
43.1357,frame,1258,50.370912,45.96,33.32,373.04,512,384,BGR888p,,,,,
43.136,detections,1258,50.370912,45.96,33.32,373.25,,,,1,63:0.64,,,
43.1811,frame,1259,50.404232,45.43,33.32,385.17,512,384,BGR888p,,,,,
43.1814,detections,1259,50.404232,45.46,33.32,385.39,,,,2,62:0.66 62:0.51,,,
43.2266,frame,1261,50.470878,45.44,66.65,363.94,512,384,BGR888p,,,,,
43.2268,detections,1261,50.470878,45.41,66.65,364.16,,,,1,62:0.61,,,
43.2746,frame,1262,50.5042,47.98,33.32,378.55,512,384,BGR888p,,,,,
43.2748,detections,1262,50.5042,47.97,33.32,378.78,,,,1,63:0.65,,,
43.3202,frame,1264,50.570842,45.63,66.64,357.62,512,384,BGR888p,,,,,
43.3211,detections,1264,50.570842,46.32,66.64,358.52,,,,3,62:0.74 62:0.57 62:0.51,,,
43.3676,frame,1265,50.604166,47.4,33.32,371.67,512,384,BGR888p,,,,,
43.3679,detections,1265,50.604166,46.72,33.32,371.88,,,,1,63:0.61,,,
43.4126,frame,1266,50.637487,45.0,33.32,383.34,512,384,BGR888p,,,,,
43.4128,detections,1266,50.637487,44.99,33.32,383.56,,,,2,63:0.76 63:0.54,,,
43.4599,frame,1268,50.704131,47.28,66.64,363.98,512,384,BGR888p,,,,,
43.4601,detections,1268,50.704131,47.28,66.64,364.19,,,,2,63:0.69 63:0.62,,,
43.508,frame,1269,50.737453,48.1,33.32,378.71,512,384,BGR888p,,,,,
43.5081,detections,1269,50.737453,48.0,33.32,378.84,,,,1,63:0.55,,,
43.5542,frame,1271,50.804095,46.23,66.64,358.39,512,384,BGR888p,,,,,
43.5548,detections,1271,50.804095,46.66,66.64,358.93,,,,2,62:0.64 66:0.57,,,
43.6004,frame,1272,50.837421,46.16,33.33,371.16,512,384,BGR888p,,,,,
43.6006,detections,1272,50.837421,45.78,33.33,371.31,,,,1,62:0.65,,,
43.6466,frame,1273,50.870738,46.19,33.32,384.02,512,384,BGR888p,,,,,
43.6467,detections,1273,50.870738,46.16,33.32,384.14,,,,1,62:0.74,,,
43.6925,frame,1275,50.937383,45.91,66.64,363.27,512,384,BGR888p,,,,,
43.6926,detections,1275,50.937383,45.89,66.64,363.37,,,,2,62:0.61 62:0.50,,,
43.7414,frame,1276,50.970706,48.95,33.32,378.95,512,384,BGR888p,,,,,
43.7417,detections,1276,50.970706,49.08,33.32,379.17,,,,1,62:0.65,,,
43.7901,frame,1278,51.037348,48.64,66.64,360.96,512,384,BGR888p,,,,,
43.7904,detections,1278,51.037348,48.68,66.64,361.21,,,,1,63:0.70,,,
43.8349,frame,1279,51.070673,44.79,33.32,372.41,512,384,BGR888p,,,,,
43.8351,detections,1279,51.070673,44.75,33.32,372.63,,,,1,62:0.56,,,
43.8353,system,0,,1026.19,,,,,,,,46.73,35.2,17.5
43.8809,frame,1280,51.103995,46.1,33.32,385.19,512,384,BGR888p,,,,,
43.8812,detections,1280,51.103995,46.1,33.32,385.43,,,,2,62:0.58 62:0.54,,,
43.9277,frame,1282,51.170638,46.71,66.64,365.26,512,384,BGR888p,,,,,
43.9279,detections,1282,51.170638,46.72,66.64,365.48,,,,1,62:0.73,,,
43.9748,frame,1283,51.203959,47.14,33.32,379.08,512,384,BGR888p,,,,,
43.9751,detections,1283,51.203959,47.14,33.32,379.29,,,,1,62:0.65,,,
44.0233,frame,1285,51.270602,48.55,66.64,360.98,512,384,BGR888p,,,,,
44.0236,detections,1285,51.270602,48.55,66.64,361.2,,,,2,62:0.81 66:0.56,,,
44.0689,frame,1286,51.303926,45.51,33.32,373.17,512,384,BGR888p,,,,,
44.0691,detections,1286,51.303926,45.51,33.32,373.39,,,,1,62:0.73,,,
44.1149,frame,1287,51.337245,46.05,33.32,385.83,512,384,BGR888p,,,,,
44.115,detections,1287,51.337245,45.88,33.32,385.89,,,,2,62:0.78 62:0.54,,,
44.16,frame,1289,51.40389,45.13,66.64,364.31,512,384,BGR888p,,,,,
44.1601,detections,1289,51.40389,45.14,66.64,364.38,,,,2,62:0.75 66:0.61,,,
44.2075,frame,1290,51.437212,47.47,33.32,378.46,512,384,BGR888p,,,,,
44.2076,detections,1290,51.437212,47.49,33.32,378.56,,,,1,62:0.72,,,
44.2557,frame,1292,51.503855,48.19,66.64,360.07,512,384,BGR888p,,,,,
44.2559,detections,1292,51.503855,48.33,66.64,360.29,,,,1,62:0.69,,,
44.3015,frame,1293,51.537178,45.86,33.32,372.61,512,384,BGR888p,,,,,
44.302,detections,1293,51.537178,46.06,33.32,373.04,,,,2,62:0.80 66:0.61,,,
44.3469,frame,1294,51.570498,45.39,33.32,384.68,512,384,BGR888p,,,,,
44.3472,detections,1294,51.570498,45.19,33.32,384.92,,,,1,62:0.73,,,
44.3929,frame,1296,51.637144,45.96,66.65,363.99,512,384,BGR888p,,,,,
44.3931,detections,1296,51.637144,45.96,66.65,364.2,,,,2,62:0.66 66:0.51,,,
44.4419,frame,1297,51.670465,48.96,33.32,379.63,512,384,BGR888p,,,,,
44.4421,detections,1297,51.670465,48.96,33.32,379.84,,,,1,62:0.60,,,
44.4865,frame,1299,51.737108,44.67,66.64,357.63,512,384,BGR888p,,,,,
44.4867,detections,1299,51.737108,44.6,66.64,357.78,,,,1,62:0.69,,,
44.5335,frame,1300,51.770433,46.98,33.32,371.3,512,384,BGR888p,,,,,
44.5337,detections,1300,51.770433,47.03,33.32,371.5,,,,1,62:0.70,,,
44.5794,frame,1301,51.803751,45.88,33.32,383.87,512,384,BGR888p,,,,,
44.5796,detections,1301,51.803751,45.9,33.32,384.09,,,,1,63:0.62,,,
44.6262,frame,1303,51.870398,46.85,66.65,364.1,512,384,BGR888p,,,,,
44.6265,detections,1303,51.870398,46.87,66.65,364.31,,,,1,62:0.71,,,
44.6746,frame,1304,51.903721,48.34,33.32,379.02,512,384,BGR888p,,,,,
44.6747,detections,1304,51.903721,48.17,33.32,379.11,,,,2,62:0.68 63:0.51,,,
44.7232,frame,1306,51.970362,48.65,66.64,361.06,512,384,BGR888p,,,,,
44.7234,detections,1306,51.970362,48.72,66.64,361.21,,,,1,62:0.84,,,
44.7681,frame,1307,52.003685,44.89,33.32,372.67,512,384,BGR888p,,,,,
44.7684,detections,1307,52.003685,45.0,33.32,372.92,,,,1,62:0.78,,,
44.8134,frame,1308,52.037005,45.25,33.32,384.52,512,384,BGR888p,,,,,
44.8135,detections,1308,52.037005,45.06,33.32,384.6,,,,1,62:0.80,,,
44.8135,system,0,,978.2,,,,,,,,47.13,33.9,16.8
44.8603,frame,1310,52.103649,46.91,66.64,364.8,512,384,BGR888p,,,,,
44.8604,detections,1310,52.103649,46.93,66.64,364.9,,,,1,62:0.79,,,
44.9084,frame,1311,52.136972,48.13,33.32,379.66,512,384,BGR888p,,,,,
44.9087,detections,1311,52.136972,48.27,33.32,379.88,,,,1,62:0.79,,,
44.9567,frame,1313,52.203615,48.3,66.64,361.32,512,384,BGR888p,,,,,
44.957,detections,1313,52.203615,48.29,66.64,361.53,,,,1,62:0.76,,,
45.0021,frame,1314,52.23694,45.39,33.32,373.39,512,384,BGR888p,,,,,
45.0024,detections,1314,52.23694,45.44,33.32,373.65,,,,1,62:0.79,,,
45.0469,frame,1315,52.270258,44.82,33.32,384.86,512,384,BGR888p,,,,,
45.0471,detections,1315,52.270258,44.71,33.32,385.01,,,,1,62:0.73,,,
45.0927,frame,1317,52.336903,45.76,66.65,363.95,512,384,BGR888p,,,,,
45.0928,detections,1317,52.336903,45.71,66.65,364.07,,,,1,62:0.73,,,
45.1408,frame,1318,52.370226,48.16,33.32,378.76,512,384,BGR888p,,,,,
45.1409,detections,1318,52.370226,48.1,33.32,378.84,,,,1,62:0.82,,,
45.1863,frame,1320,52.436868,45.48,66.64,357.63,512,384,BGR888p,,,,,
45.1866,detections,1320,52.436868,45.72,66.64,357.95,,,,1,62:0.72,,,
45.2342,frame,1321,52.470193,47.87,33.33,372.24,512,384,BGR888p,,,,,
45.2345,detections,1321,52.470193,47.82,33.33,372.46,,,,1,62:0.84,,,
45.2775,frame,1322,52.503511,43.3,33.32,382.2,512,384,BGR888p,,,,,
45.2777,detections,1322,52.503511,43.27,33.32,382.41,,,,1,62:0.88,,,
45.325,frame,1324,52.570157,47.5,66.65,363.05,512,384,BGR888p,,,,,
45.3254,detections,1324,52.570157,47.7,66.65,363.48,,,,2,62:0.71 62:0.53,,,
45.3742,frame,1325,52.603479,49.2,33.32,378.93,512,384,BGR888p,,,,,
45.3744,detections,1325,52.603479,48.95,33.32,379.08,,,,2,62:0.75 62:0.52,,,
45.4206,frame,1327,52.670121,46.44,66.64,358.7,512,384,BGR888p,,,,,
45.4216,detections,1327,52.670121,47.18,66.64,359.64,,,,2,62:0.74 62:0.60,,,
45.4668,frame,1328,52.703447,46.19,33.33,371.59,512,384,BGR888p,,,,,
45.467,detections,1328,52.703447,45.47,33.33,371.77,,,,2,62:0.73 62:0.53,,,
45.5121,frame,1329,52.736764,45.26,33.32,383.55,512,384,BGR888p,,,,,
45.5124,detections,1329,52.736764,45.32,33.32,383.79,,,,2,62:0.74 62:0.55,,,
45.5582,frame,1331,52.80341,46.12,66.65,363.05,512,384,BGR888p,,,,,
45.5585,detections,1331,52.80341,46.12,66.65,363.26,,,,1,62:0.71,,,
45.6067,frame,1332,52.836731,48.53,33.32,378.15,512,384,BGR888p,,,,,
45.6068,detections,1332,52.836731,48.33,33.32,378.21,,,,1,62:0.68,,,
45.6532,frame,1334,52.903375,46.51,66.64,358.03,512,384,BGR888p,,,,,
45.6539,detections,1334,52.903375,47.11,66.64,358.69,,,,2,62:0.72 62:0.51,,,
45.7005,frame,1335,52.936697,47.27,33.32,371.96,512,384,BGR888p,,,,,
45.7006,detections,1335,52.936697,46.68,33.32,372.02,,,,1,62:0.78,,,
45.7462,frame,1336,52.97002,45.69,33.32,384.32,512,384,BGR888p,,,,,
45.7463,detections,1336,52.97002,45.69,33.32,384.4,,,,1,62:0.79,,,
45.7923,frame,1338,53.036662,46.13,66.64,363.82,512,384,BGR888p,,,,,
45.7924,detections,1338,53.036662,46.13,66.64,363.88,,,,2,62:0.71 63:0.56,,,
45.8403,frame,1339,53.069987,48.0,33.32,378.51,512,384,BGR888p,,,,,
45.8404,detections,1339,53.069987,48.02,33.32,378.59,,,,2,62:0.74 63:0.58,,,
45.8405,system,0,,1026.97,,,,,,,,47.46,34.9,17.2
45.8879,frame,1341,53.136628,47.61,66.64,359.54,512,384,BGR888p,,,,,
45.889,detections,1341,53.136628,48.57,66.64,360.61,,,,1,62:0.84,,,
45.9355,frame,1342,53.169952,47.6,33.32,373.82,512,384,BGR888p,,,,,
45.9358,detections,1342,53.169952,46.79,33.32,374.03,,,,1,62:0.86,,,
45.9814,frame,1343,53.203271,45.82,33.32,386.32,512,384,BGR888p,,,,,
45.9816,detections,1343,53.203271,45.82,33.32,386.53,,,,2,62:0.83 62:0.54,,,
46.0273,frame,1345,53.269917,45.94,66.65,365.61,512,384,BGR888p,,,,,
46.0275,detections,1345,53.269917,45.94,66.65,365.82,,,,2,62:0.77 62:0.55,,,
46.0745,frame,1346,53.303238,47.22,33.32,379.51,512,384,BGR888p,,,,,
46.0748,detections,1346,53.303238,47.22,33.32,379.72,,,,2,62:0.78 62:0.59,,,
46.1218,frame,1348,53.369881,47.32,66.64,360.16,512,384,BGR888p,,,,,
46.122,detections,1348,53.369881,47.25,66.64,360.31,,,,2,62:0.73 63:0.62,,,
46.1676,frame,1349,53.403204,45.77,33.32,372.63,512,384,BGR888p,,,,,
46.1678,detections,1349,53.403204,45.82,33.32,372.83,,,,2,62:0.66 63:0.60,,,
46.2125,frame,1350,53.436524,44.89,33.32,384.21,512,384,BGR888p,,,,,
46.2128,detections,1350,53.436524,44.93,33.32,384.44,,,,1,62:0.62,,,
46.2602,frame,1352,53.503169,47.74,66.65,365.33,512,384,BGR888p,,,,,
46.2605,detections,1352,53.503169,47.75,66.65,365.55,,,,2,62:0.58 63:0.57,,,
46.3079,frame,1353,53.536491,47.67,33.32,379.66,512,384,BGR888p,,,,,
46.3082,detections,1353,53.536491,47.65,33.32,379.9,,,,1,63:0.60,,,
46.3555,frame,1355,53.603134,47.62,66.64,360.58,512,384,BGR888p,,,,,
46.3558,detections,1355,53.603134,47.61,66.64,360.82,,,,1,63:0.51,,,
46.4018,frame,1356,53.636457,46.26,33.32,373.52,512,384,BGR888p,,,,,
46.4019,detections,1356,53.636457,46.16,33.32,373.64,,,,1,62:0.65,,,
46.4467,frame,1357,53.669777,44.95,33.32,385.2,512,384,BGR888p,,,,,
46.447,detections,1357,53.669777,45.06,33.32,385.42,,,,2,62:0.65 62:0.56,,,
46.4927,frame,1359,53.736422,45.99,66.64,364.54,512,384,BGR888p,,,,,
46.493,detections,1359,53.736422,45.98,66.64,364.76,,,,2,63:0.74 62:0.72,,,
46.5406,frame,1360,53.769744,47.86,33.32,379.03,512,384,BGR888p,,,,,
46.5407,detections,1360,53.769744,47.76,33.32,379.16,,,,2,62:0.71 63:0.62,,,
46.5881,frame,1362,53.836387,47.52,66.64,359.96,512,384,BGR888p,,,,,
46.5884,detections,1362,53.836387,47.66,66.64,360.21,,,,2,62:0.65 62:0.59,,,
46.6341,frame,1363,53.869712,45.96,33.32,372.6,512,384,BGR888p,,,,,
46.6352,detections,1363,53.869712,46.78,33.32,373.74,,,,2,62:0.66 62:0.58,,,
46.681,frame,1364,53.90303,46.88,33.32,386.16,512,384,BGR888p,,,,,
46.6812,detections,1364,53.90303,46.03,33.32,386.4,,,,2,62:0.59 62:0.57,,,
46.7266,frame,1366,53.969675,45.64,66.65,365.15,512,384,BGR888p,,,,,
46.7268,detections,1366,53.969675,45.64,66.65,365.36,,,,2,62:0.77 62:0.65,,,
46.7747,frame,1367,54.002997,48.07,33.32,379.87,512,384,BGR888p,,,,,
46.7748,detections,1367,54.002997,48.0,33.32,380.02,,,,2,62:0.76 62:0.64,,,
46.8246,frame,1369,54.06964,49.99,66.64,363.21,512,384,BGR888p,,,,,
46.8248,detections,1369,54.06964,49.98,66.64,363.35,,,,2,62:0.71 63:0.70,,,
46.825,system,0,,984.45,,,,,,,,47.18,34.4,16.9
46.8698,frame,1370,54.102966,45.19,33.33,375.1,512,384,BGR888p,,,,,
46.8704,detections,1370,54.102966,45.57,33.33,375.65,,,,2,62:0.66 63:0.65,,,
46.9155,frame,1371,54.136283,45.68,33.32,387.47,512,384,BGR888p,,,,,
46.9158,detections,1371,54.136283,45.38,33.32,387.68,,,,2,0:0.75 62:0.70,,,
46.9621,frame,1373,54.202928,46.56,66.65,367.39,512,384,BGR888p,,,,,
46.9624,detections,1373,54.202928,46.6,66.65,367.64,,,,1,62:0.63,,,
47.01,frame,1374,54.236251,47.9,33.32,381.97,512,384,BGR888p,,,,,
47.0102,detections,1374,54.236251,47.87,33.32,382.21,,,,1,68:0.59,,,
47.0583,frame,1376,54.302893,48.3,66.64,363.63,512,384,BGR888p,,,,,
47.0585,detections,1376,54.302893,48.3,66.64,363.84,,,,2,63:0.67 64:0.57,,,
47.1068,frame,1377,54.336219,48.48,33.33,378.79,512,384,BGR888p,,,,,
47.107,detections,1377,54.336219,48.49,33.33,379.0,,,,2,63:0.74 64:0.57,,,
47.1524,frame,1378,54.369537,45.58,33.32,391.05,512,384,BGR888p,,,,,
47.1526,detections,1378,54.369537,45.58,33.32,391.27,,,,2,63:0.76 64:0.57,,,
47.198,frame,1380,54.436184,45.61,66.65,370.02,512,384,BGR888p,,,,,
47.1982,detections,1380,54.436184,45.62,66.65,370.27,,,,1,63:0.85,,,
47.2449,frame,1381,54.469505,46.96,33.32,383.65,512,384,BGR888p,,,,,
47.2452,detections,1381,54.469505,46.94,33.32,383.88,,,,2,63:0.89 64:0.53,,,
47.2918,frame,1383,54.536147,46.9,66.64,363.9,512,384,BGR888p,,,,,
47.2921,detections,1383,54.536147,46.9,66.64,364.12,,,,1,63:0.87,,,
47.3409,frame,1384,54.56947,49.07,33.32,379.64,512,384,BGR888p,,,,,
47.3411,detections,1384,54.56947,49.06,33.32,379.86,,,,2,63:0.84 64:0.65,,,
47.3877,frame,1385,54.60279,46.86,33.32,393.15,512,384,BGR888p,,,,,
47.388,detections,1385,54.60279,46.9,33.32,393.43,,,,2,63:0.77 64:0.55,,,
47.4335,frame,1387,54.669436,45.81,66.65,372.29,512,384,BGR888p,,,,,
47.4337,detections,1387,54.669436,45.64,66.65,372.39,,,,1,64:0.74,,,
47.4796,frame,1388,54.702758,46.1,33.32,385.09,512,384,BGR888p,,,,,
47.4798,detections,1388,54.702758,46.14,33.32,385.23,,,,2,68:0.68 64:0.68,,,
47.5257,frame,1390,54.7694,46.02,66.64,364.51,512,384,BGR888p,,,,,
47.5259,detections,1390,54.7694,46.11,66.64,364.73,,,,2,64:0.80 68:0.56,,,
47.5734,frame,1391,54.802723,47.73,33.32,378.87,512,384,BGR888p,,,,,
47.5735,detections,1391,54.802723,47.6,33.32,378.97,,,,2,64:0.65 68:0.56,,,
47.6191,frame,1393,54.869366,45.72,66.64,357.96,512,384,BGR888p,,,,,
47.6193,detections,1393,54.869366,45.78,66.64,358.12,,,,2,64:0.71 62:0.61,,,
47.6677,frame,1394,54.902689,48.6,33.32,373.28,512,384,BGR888p,,,,,
47.668,detections,1394,54.902689,48.68,33.32,373.5,,,,2,64:0.69 62:0.63,,,
47.7136,frame,1395,54.936009,45.84,33.32,385.8,512,384,BGR888p,,,,,
47.7138,detections,1395,54.936009,45.84,33.32,386.01,,,,2,62:0.57 64:0.57,,,
47.7601,frame,1397,55.002654,46.57,66.65,365.75,512,384,BGR888p,,,,,
47.7604,detections,1397,55.002654,46.6,66.65,365.97,,,,1,62:0.50,,,
47.8089,frame,1398,55.035976,48.75,33.32,381.16,512,384,BGR888p,,,,,
47.8092,detections,1398,55.035976,48.73,33.32,381.37,,,,1,63:0.65,,,
47.8546,frame,1400,55.102619,45.68,66.64,360.15,512,384,BGR888p,,,,,
47.8555,detections,1400,55.102619,46.38,66.64,361.1,,,,2,63:0.68 64:0.60,,,
47.8557,system,0,,1030.72,,,,,,,,47.29,34.3,17.4
47.9013,frame,1401,55.135942,46.72,33.32,373.57,512,384,BGR888p,,,,,
47.9015,detections,1401,55.135942,45.96,33.32,373.72,,,,1,63:0.57,,,
47.9471,frame,1402,55.169265,45.85,33.32,386.04,512,384,BGR888p,,,,,
47.9472,detections,1402,55.169265,45.75,33.32,386.12,,,,1,63:0.64,,,
47.9935,frame,1404,55.235907,46.33,66.64,365.75,512,384,BGR888p,,,,,
47.9936,detections,1404,55.235907,46.38,66.64,365.86,,,,1,63:0.79,,,
48.0402,frame,1405,55.269229,46.75,33.32,377.49,512,384,BGR888p,,,,,
48.0404,detections,1405,55.269229,46.82,33.32,377.65,,,,0,,,,
48.0877,frame,1407,55.335872,47.48,66.64,358.34,512,384,BGR888p,,,,,
48.088,detections,1407,55.335872,47.53,66.64,358.56,,,,1,63:0.58,,,
48.1331,frame,1408,55.369197,45.42,33.32,370.47,512,384,BGR888p,,,,,
48.1334,detections,1408,55.369197,45.45,33.32,370.69,,,,1,63:0.54,,,
48.1782,frame,1409,55.402515,45.07,33.32,382.21,512,384,BGR888p,,,,,
48.1785,detections,1409,55.402515,45.05,33.32,382.43,,,,0,,,,
48.2253,frame,1411,55.469161,47.14,66.65,362.68,512,384,BGR888p,,,,,
48.2256,detections,1411,55.469161,47.13,66.65,362.91,,,,3,62:0.78 62:0.56 60:0.50,,,
48.2735,frame,1412,55.502483,48.15,33.32,377.51,512,384,BGR888p,,,,,
48.2741,detections,1412,55.502483,48.51,33.32,378.13,,,,2,62:0.83 60:0.56,,,
48.3217,frame,1414,55.569126,48.21,66.64,359.07,512,384,BGR888p,,,,,
48.3228,detections,1414,55.569126,48.67,66.64,360.15,,,,3,62:0.87 64:0.57 60:0.52,,,
48.369,frame,1415,55.602449,47.27,33.32,373.03,512,384,BGR888p,,,,,
48.3692,detections,1415,55.602449,46.46,33.32,373.28,,,,1,62:0.89,,,
48.4137,frame,1416,55.635769,44.77,33.32,384.47,512,384,BGR888p,,,,,
48.4142,detections,1416,55.635769,44.93,33.32,384.87,,,,2,62:0.88 64:0.53,,,
48.46,frame,1418,55.702414,46.31,66.64,364.12,512,384,BGR888p,,,,,
48.4603,detections,1418,55.702414,46.15,66.64,364.36,,,,1,62:0.84,,,
48.5084,frame,1419,55.735735,48.4,33.32,379.21,512,384,BGR888p,,,,,
48.5087,detections,1419,55.735735,48.39,33.32,379.43,,,,1,62:0.75,,,
48.5569,frame,1421,55.802378,48.41,66.64,360.98,512,384,BGR888p,,,,,
48.5571,detections,1421,55.802378,48.41,66.64,361.2,,,,1,62:0.76,,,
48.6038,frame,1422,55.835704,46.99,33.33,374.65,512,384,BGR888p,,,,,
48.6041,detections,1422,55.835704,46.99,33.33,374.86,,,,1,62:0.88,,,
48.6488,frame,1423,55.869022,44.98,33.32,386.31,512,384,BGR888p,,,,,
48.6491,detections,1423,55.869022,44.97,33.32,386.52,,,,2,62:0.73 64:0.51,,,
48.6956,frame,1425,55.935667,46.79,66.65,366.45,512,384,BGR888p,,,,,
48.6959,detections,1425,55.935667,46.79,66.65,366.66,,,,3,62:0.71 64:0.61 56:0.57,,,
48.7418,frame,1426,55.96899,46.15,33.32,379.27,512,384,BGR888p,,,,,
48.742,detections,1426,55.96899,46.15,33.32,379.49,,,,3,56:0.78 64:0.64 62:0.52,,,
48.7897,frame,1428,56.035632,47.96,66.64,360.57,512,384,BGR888p,,,,,
48.7899,detections,1428,56.035632,47.9,66.64,360.73,,,,1,62:0.60,,,
48.8367,frame,1429,56.068955,46.94,33.32,374.16,512,384,BGR888p,,,,,
48.8368,detections,1429,56.068955,46.87,33.32,374.26,,,,1,62:0.53,,,
48.8369,system,0,,981.2,,,,,,,,47.3,34.6,16.6
48.883,frame,1430,56.102275,46.33,33.32,387.18,512,384,BGR888p,,,,,
48.8851,detections,1430,56.102275,48.33,33.32,389.32,,,,2,62:0.69 56:0.63,,,
48.9289,frame,1432,56.16892,45.91,66.65,366.47,512,384,BGR888p,,,,,
48.9291,detections,1432,56.16892,43.99,66.65,366.64,,,,2,56:0.66 64:0.54,,,
48.9758,frame,1433,56.202249,46.93,33.33,380.05,512,384,BGR888p,,,,,
48.976,detections,1433,56.202249,46.86,33.33,380.15,,,,3,62:0.66 64:0.63 41:0.57,,,
49.0247,frame,1435,56.268885,48.86,66.64,362.25,512,384,BGR888p,,,,,
49.0248,detections,1435,56.268885,48.83,66.64,362.33,,,,4,41:0.72 62:0.56 62:0.52 64:0.50,,,
49.0722,frame,1436,56.302209,47.49,33.32,376.44,512,384,BGR888p,,,,,
49.0723,detections,1436,56.302209,47.53,33.32,376.55,,,,3,41:0.77 62:0.72 62:0.54,,,
49.1195,frame,1437,56.335528,47.32,33.32,390.49,512,384,BGR888p,,,,,
49.1199,detections,1437,56.335528,47.55,33.32,390.84,,,,4,62:0.77 56:0.72 62:0.62 64:0.60,,,
49.1643,frame,1439,56.402174,44.81,66.65,368.64,512,384,BGR888p,,,,,
49.1645,detections,1439,56.402174,44.63,66.65,368.75,,,,4,41:0.62 56:0.54 56:0.54 62:0.51,,,
49.2115,frame,1440,56.435496,47.15,33.32,382.41,512,384,BGR888p,,,,,
49.2116,detections,1440,56.435496,47.03,33.32,382.47,,,,4,62:0.59 41:0.58 66:0.53 64:0.50,,,
49.2575,frame,1442,56.502138,46.04,66.64,361.8,512,384,BGR888p,,,,,
49.2576,detections,1442,56.502138,46.03,66.64,361.86,,,,3,41:0.71 62:0.64 56:0.52,,,
49.3068,frame,1443,56.535466,49.26,33.33,377.74,512,384,BGR888p,,,,,
49.3069,detections,1443,56.535466,49.27,33.33,377.81,,,,4,41:0.69 56:0.66 62:0.64 65:0.51,,,
49.3528,frame,1444,56.568783,46.02,33.32,390.47,512,384,BGR888p,,,,,
49.3529,detections,1444,56.568783,46.09,33.32,390.6,,,,3,41:0.88 56:0.65 62:0.63,,,
49.3998,frame,1446,56.635428,47.04,66.64,370.91,512,384,BGR888p,,,,,
49.4001,detections,1446,56.635428,47.14,66.64,371.12,,,,3,41:0.78 62:0.64 56:0.59,,,
49.446,frame,1447,56.668755,46.18,33.33,383.76,512,384,BGR888p,,,,,
49.4465,detections,1447,56.668755,46.39,33.33,384.2,,,,2,41:0.68 62:0.57,,,
49.4909,frame,1449,56.735392,44.92,66.64,361.98,512,384,BGR888p,,,,,
49.491,detections,1449,56.735392,44.56,66.64,362.06,,,,2,62:0.70 66:0.57,,,
49.5403,frame,1450,56.768714,49.32,33.32,377.97,512,384,BGR888p,,,,,
49.5403,detections,1450,56.768714,49.3,33.32,378.03,,,,0,,,,
49.5871,frame,1452,56.835358,46.85,66.64,358.19,512,384,BGR888p,,,,,
49.5879,detections,1452,56.835358,47.54,66.64,358.94,,,,2,62:0.56 56:0.52,,,
49.6333,frame,1453,56.86868,46.2,33.32,371.09,512,384,BGR888p,,,,,
49.6335,detections,1453,56.86868,45.59,33.32,371.2,,,,3,56:0.61 62:0.58 56:0.54,,,
49.6798,frame,1454,56.902003,46.53,33.32,384.33,512,384,BGR888p,,,,,
49.6801,detections,1454,56.902003,46.61,33.32,384.52,,,,2,56:0.52 56:0.51,,,
49.7255,frame,1456,56.968645,45.66,66.64,363.28,512,384,BGR888p,,,,,
49.7256,detections,1456,56.968645,45.51,66.64,363.34,,,,4,63:0.75 66:0.61 62:0.60 64:0.55,,,
49.7737,frame,1457,57.001967,48.24,33.32,378.23,512,384,BGR888p,,,,,
49.7739,detections,1457,57.001967,48.32,33.32,378.36,,,,5,63:0.74 56:0.62 66:0.56 62:0.52 60:0.51,,,
49.8222,frame,1459,57.06861,48.43,66.64,360.09,512,384,BGR888p,,,,,
49.8224,detections,1459,57.06861,48.56,66.64,360.31,,,,2,63:0.65 62:0.64,,,
49.8226,system,0,,985.78,,,,,,,,47.18,33.9,17.0
49.8694,frame,1460,57.101934,47.23,33.32,373.96,512,384,BGR888p,,,,,
49.8696,detections,1460,57.101934,47.19,33.32,374.17,,,,2,62:0.56 63:0.55,,,
49.9152,frame,1461,57.135253,45.81,33.32,386.49,512,384,BGR888p,,,,,
49.9155,detections,1461,57.135253,45.85,33.32,386.71,,,,4,62:0.56 63:0.55 56:0.52 66:0.51,,,
49.9611,frame,1463,57.201898,45.94,66.65,365.78,512,384,BGR888p,,,,,
49.9614,detections,1463,57.201898,45.93,66.65,366.0,,,,0,,,,
50.0078,frame,1464,57.235221,46.71,33.32,379.14,512,384,BGR888p,,,,,
50.0081,detections,1464,57.235221,46.69,33.32,379.36,,,,0,,,,
50.0558,frame,1466,57.301864,47.93,66.64,360.39,512,384,BGR888p,,,,,
50.056,detections,1466,57.301864,47.86,66.64,360.56,,,,2,56:0.59 56:0.52,,,
50.1035,frame,1467,57.335187,47.74,33.32,374.84,512,384,BGR888p,,,,,
50.1043,detections,1467,57.335187,48.33,33.32,375.62,,,,0,,,,
50.1492,frame,1468,57.368506,45.66,33.32,387.21,512,384,BGR888p,,,,,
50.1495,detections,1468,57.368506,45.18,33.32,387.44,,,,1,56:0.54,,,
50.1946,frame,1470,57.435151,45.38,66.65,365.84,512,384,BGR888p,,,,,
50.1946,detections,1470,57.435151,45.16,66.65,365.91,,,,2,56:0.79 56:0.51,,,
50.2409,frame,1471,57.468475,46.35,33.32,378.88,512,384,BGR888p,,,,,
50.241,detections,1471,57.468475,46.36,33.32,378.95,,,,1,56:0.73,,,
50.2898,frame,1473,57.535117,48.91,66.64,361.16,512,384,BGR888p,,,,,
50.2905,detections,1473,57.535117,49.52,66.64,361.85,,,,1,56:0.57,,,
50.3384,frame,1474,57.568439,48.53,33.32,376.42,512,384,BGR888p,,,,,
50.3386,detections,1474,57.568439,48.08,33.32,376.63,,,,3,56:0.60 56:0.57 56:0.53,,,
50.382,frame,1475,57.60176,43.68,33.32,386.78,512,384,BGR888p,,,,,
50.3823,detections,1475,57.60176,43.71,33.32,387.02,,,,1,56:0.70,,,
50.4281,frame,1477,57.668405,46.09,66.65,366.15,512,384,BGR888p,,,,,
50.4282,detections,1477,57.668405,45.91,66.65,366.24,,,,3,56:0.73 62:0.57 56:0.55,,,
50.4743,frame,1478,57.701727,46.16,33.32,379.0,512,384,BGR888p,,,,,
50.4745,detections,1478,57.701727,46.26,33.32,379.18,,,,2,56:0.69 62:0.51,,,
50.5232,frame,1480,57.76837,48.96,66.64,361.39,512,384,BGR888p,,,,,
50.5235,detections,1480,57.76837,49.01,66.64,361.58,,,,2,0:0.73 56:0.52,,,
50.5688,frame,1481,57.801696,45.58,33.33,373.63,512,384,BGR888p,,,,,
50.5691,detections,1481,57.801696,45.58,33.33,373.84,,,,2,0:0.87 56:0.56,,,
50.6133,frame,1482,57.835013,44.48,33.32,384.79,512,384,BGR888p,,,,,
50.6136,detections,1482,57.835013,44.51,33.32,385.03,,,,1,0:0.92,,,
50.6601,frame,1484,57.90166,46.81,66.65,364.95,512,384,BGR888p,,,,,
50.6604,detections,1484,57.90166,46.8,66.65,365.19,,,,1,0:0.88,,,
50.7075,frame,1485,57.934983,47.37,33.32,379.0,512,384,BGR888p,,,,,
50.7077,detections,1485,57.934983,47.34,33.32,379.21,,,,3,0:0.84 62:0.54 62:0.53,,,
50.7546,frame,1487,58.001623,47.16,66.64,359.51,512,384,BGR888p,,,,,
50.7553,detections,1487,58.001623,47.56,66.64,360.17,,,,1,0:0.88,,,
50.8021,frame,1488,58.034946,47.47,33.32,373.66,512,384,BGR888p,,,,,
50.8024,detections,1488,58.034946,47.1,33.32,373.9,,,,2,0:0.83 62:0.60,,,
50.8473,frame,1489,58.068266,45.18,33.32,385.52,512,384,BGR888p,,,,,
50.8475,detections,1489,58.068266,45.16,33.32,385.74,,,,4,0:0.70 62:0.66 0:0.55 62:0.54,,,
50.8478,system,0,,1025.11,,,,,,,,47.01,34.5,17.0
50.8944,frame,1491,58.134913,47.08,66.65,365.95,512,384,BGR888p,,,,,
50.8946,detections,1491,58.134913,47.07,66.65,366.17,,,,4,62:0.76 0:0.60 62:0.59 62:0.53,,,
50.9422,frame,1492,58.168234,47.85,33.32,380.51,512,384,BGR888p,,,,,
50.9425,detections,1492,58.168234,47.87,33.32,380.72,,,,4,62:0.76 0:0.74 62:0.70 62:0.55,,,
50.9917,frame,1494,58.234876,49.48,66.64,363.31,512,384,BGR888p,,,,,
50.9919,detections,1494,58.234876,49.45,66.64,363.52,,,,3,0:0.84 62:0.74 62:0.56,,,
51.0383,frame,1495,58.268199,46.65,33.32,376.64,512,384,BGR888p,,,,,
51.0386,detections,1495,58.268199,46.65,33.32,376.86,,,,3,62:0.73 0:0.70 62:0.60,,,
51.0829,frame,1496,58.301521,44.57,33.32,387.88,512,384,BGR888p,,,,,
51.0851,detections,1496,58.301521,46.47,33.32,390.07,,,,2,0:0.90 62:0.67,,,
51.1304,frame,1498,58.368164,47.54,66.64,368.78,512,384,BGR888p,,,,,
51.1307,detections,1498,58.368164,45.63,66.64,368.99,,,,3,62:0.58 0:0.57 0:0.50,,,
51.1767,frame,1499,58.401487,46.23,33.32,381.61,512,384,BGR888p,,,,,
51.1767,detections,1499,58.401487,46.06,33.32,381.67,,,,2,62:0.63 56:0.60,,,
51.2241,frame,1501,58.46813,47.46,66.64,362.43,512,384,BGR888p,,,,,
51.2242,detections,1501,58.46813,47.47,66.64,362.5,,,,2,62:0.57 0:0.54,,,
51.2715,frame,1502,58.501452,47.37,33.32,376.48,512,384,BGR888p,,,,,
51.2716,detections,1502,58.501452,47.38,33.32,376.56,,,,2,0:0.70 62:0.64,,,
51.3192,frame,1503,58.534773,47.69,33.32,390.93,512,384,BGR888p,,,,,
51.3194,detections,1503,58.534773,47.85,33.32,391.13,,,,1,0:0.71,,,
51.3665,frame,1505,58.60142,47.27,66.65,371.55,512,384,BGR888p,,,,,
51.3667,detections,1505,58.60142,47.27,66.65,371.76,,,,3,62:0.57 62:0.57 56:0.53,,,
51.4099,frame,1506,58.63474,43.42,33.32,381.64,512,384,BGR888p,,,,,
51.4101,detections,1506,58.63474,43.41,33.32,381.85,,,,2,62:0.52 0:0.52,,,
51.4593,frame,1508,58.701383,49.42,66.64,364.34,512,384,BGR888p,,,,,
51.4599,detections,1508,58.701383,49.82,66.64,365.0,,,,2,62:0.53 0:0.51,,,
51.5073,frame,1509,58.734706,48.0,33.32,379.04,512,384,BGR888p,,,,,
51.5075,detections,1509,58.734706,47.57,33.32,379.25,,,,3,62:0.62 0:0.58 62:0.51,,,
51.5554,frame,1510,58.768026,48.12,33.32,393.87,512,384,BGR888p,,,,,
51.5556,detections,1510,58.768026,48.09,33.32,394.03,,,,4,56:0.59 62:0.56 62:0.52 0:0.52,,,
51.602,frame,1512,58.834671,46.54,66.65,373.78,512,384,BGR888p,,,,,
51.6022,detections,1512,58.834671,46.58,66.65,374.0,,,,3,0:0.76 62:0.63 62:0.50,,,
51.6476,frame,1513,58.868002,45.64,33.33,386.09,512,384,BGR888p,,,,,
51.6478,detections,1513,58.868002,45.65,33.33,386.3,,,,3,0:0.82 62:0.58 62:0.52,,,
51.6946,frame,1515,58.934636,47.03,66.63,366.49,512,384,BGR888p,,,,,
51.6949,detections,1515,58.934636,47.03,66.63,366.7,,,,3,62:0.78 62:0.61 0:0.58,,,
51.7421,frame,1516,58.967958,47.47,33.32,380.62,512,384,BGR888p,,,,,
51.7424,detections,1516,58.967958,47.48,33.32,380.86,,,,3,0:0.75 62:0.72 62:0.65,,,
51.7891,frame,1517,59.00128,46.97,33.32,394.21,512,384,BGR888p,,,,,
51.7891,detections,1517,59.00128,46.79,33.32,394.27,,,,3,0:0.75 62:0.65 62:0.63,,,
51.837,frame,1519,59.067926,47.94,66.65,375.5,512,384,BGR888p,,,,,
51.8371,detections,1519,59.067926,47.94,66.65,375.56,,,,4,62:0.82 56:0.60 62:0.57 0:0.51,,,
51.8371,system,0,,989.38,,,,,,,,47.13,34.4,16.6
51.8848,frame,1520,59.101245,47.8,33.32,389.99,512,384,BGR888p,,,,,
51.8849,detections,1520,59.101245,47.82,33.32,390.07,,,,3,62:0.84 56:0.57 0:0.55,,,
51.9295,frame,1522,59.167889,44.7,66.64,368.07,512,384,BGR888p,,,,,
51.9296,detections,1522,59.167889,44.75,66.64,368.19,,,,4,62:0.82 62:0.79 56:0.53 62:0.53,,,
51.9766,frame,1523,59.201212,47.13,33.32,381.91,512,384,BGR888p,,,,,
51.9769,detections,1523,59.201212,47.2,33.32,382.09,,,,3,62:0.77 62:0.72 0:0.61,,,
52.0244,frame,1525,59.267855,47.79,66.64,363.06,512,384,BGR888p,,,,,
52.0247,detections,1525,59.267855,47.82,66.64,363.28,,,,3,62:0.61 0:0.58 62:0.53,,,
52.0742,frame,1526,59.301178,49.76,33.32,379.5,512,384,BGR888p,,,,,
52.0744,detections,1526,59.301178,49.73,33.32,379.66,,,,5,62:0.75 62:0.71 0:0.70 62:0.54 0:0.50,,,
52.1214,frame,1527,59.334498,47.27,33.32,393.4,512,384,BGR888p,,,,,
52.1216,detections,1527,59.334498,47.2,33.32,393.51,,,,4,62:0.71 0:0.58 62:0.56 62:0.55,,,
52.1694,frame,1529,59.401143,47.98,66.64,374.76,512,384,BGR888p,,,,,
52.1696,detections,1529,59.401143,48.04,66.64,374.94,,,,3,0:0.83 62:0.70 62:0.61,,,
52.2156,frame,1530,59.434466,46.2,33.32,387.66,512,384,BGR888p,,,,,
52.2159,detections,1530,59.434466,46.25,33.32,387.88,,,,3,62:0.79 62:0.77 0:0.70,,,
52.2621,frame,1532,59.501108,46.52,66.64,367.58,512,384,BGR888p,,,,,
52.2624,detections,1532,59.501108,46.56,66.64,367.8,,,,2,0:0.76 62:0.72,,,
52.3082,frame,1533,59.534432,46.01,33.32,380.25,512,384,BGR888p,,,,,
52.3084,detections,1533,59.534432,46.0,33.32,380.47,,,,3,0:0.86 62:0.72 62:0.69,,,
52.3557,frame,1535,59.601074,47.51,66.64,361.05,512,384,BGR888p,,,,,
52.3558,detections,1535,59.601074,47.38,66.64,361.18,,,,3,0:0.78 62:0.72 62:0.66,,,
52.4029,frame,1536,59.634398,47.28,33.32,375.04,512,384,BGR888p,,,,,
52.4032,detections,1536,59.634398,47.35,33.32,375.22,,,,3,0:0.69 62:0.68 62:0.64,,,
52.4486,frame,1537,59.667717,45.68,33.32,387.44,512,384,BGR888p,,,,,
52.4489,detections,1537,59.667717,45.74,33.32,387.67,,,,3,62:0.75 0:0.52 56:0.51,,,
52.4951,frame,1539,59.734362,46.52,66.64,367.32,512,384,BGR888p,,,,,
52.4954,detections,1539,59.734362,46.52,66.64,367.54,,,,2,62:0.74 0:0.64,,,
52.5411,frame,1540,59.767686,45.92,33.32,379.88,512,384,BGR888p,,,,,
52.5415,detections,1540,59.767686,46.11,33.32,380.34,,,,2,62:0.69 56:0.56,,,
52.59,frame,1542,59.834327,48.98,66.64,362.23,512,384,BGR888p,,,,,
52.5909,detections,1542,59.834327,49.38,66.64,363.1,,,,2,62:0.74 0:0.65,,,
52.638,frame,1543,59.86765,47.94,33.32,376.84,512,384,BGR888p,,,,,
52.6382,detections,1543,59.86765,47.31,33.32,377.08,,,,3,0:0.77 62:0.62 62:0.52,,,
52.6825,frame,1544,59.900971,44.5,33.32,388.02,512,384,BGR888p,,,,,
52.6827,detections,1544,59.900971,44.5,33.32,388.23,,,,1,24:0.52,,,
52.7291,frame,1546,59.967615,46.57,66.64,367.94,512,384,BGR888p,,,,,
52.7293,detections,1546,59.967615,46.59,66.64,368.18,,,,4,62:0.66 62:0.57 0:0.54 0:0.53,,,
52.7753,frame,1547,60.000938,46.27,33.32,380.89,512,384,BGR888p,,,,,
52.7756,detections,1547,60.000938,46.26,33.32,381.12,,,,2,0:0.78 62:0.56,,,
52.8218,frame,1549,60.06758,46.45,66.64,360.7,512,384,BGR888p,,,,,
52.8226,detections,1549,60.06758,47.04,66.64,361.55,,,,4,0:0.72 0:0.53 62:0.51 62:0.50,,,
52.8688,frame,1550,60.100903,46.99,33.32,374.37,512,384,BGR888p,,,,,
52.869,detections,1550,60.100903,46.4,33.32,374.58,,,,2,0:0.62 62:0.50,,,
52.8692,system,0,,1032.08,,,,,,,,47.41,33.6,17.2
52.9143,frame,1551,60.134223,45.56,33.32,386.54,512,384,BGR888p,,,,,
52.9144,detections,1551,60.134223,45.39,33.32,386.6,,,,3,0:0.59 62:0.57 62:0.53,,,
52.9613,frame,1553,60.200868,46.97,66.65,366.85,512,384,BGR888p,,,,,
52.9614,detections,1553,60.200868,46.96,66.65,366.92,,,,2,0:0.71 62:0.55,,,
53.0086,frame,1554,60.234191,47.27,33.32,380.8,512,384,BGR888p,,,,,
53.0087,detections,1554,60.234191,47.28,33.32,380.87,,,,1,62:0.56,,,
53.0569,frame,1556,60.300833,48.39,66.64,362.56,512,384,BGR888p,,,,,
53.0571,detections,1556,60.300833,48.41,66.64,362.65,,,,4,62:0.68 62:0.68 0:0.62 62:0.53,,,
53.1051,frame,1557,60.334156,48.13,33.32,377.42,512,384,BGR888p,,,,,
53.1054,detections,1557,60.334156,48.29,33.32,377.66,,,,2,62:0.84 0:0.67,,,
53.1519,frame,1558,60.367478,46.8,33.32,390.9,512,384,BGR888p,,,,,
53.1521,detections,1558,60.367478,46.77,33.32,391.11,,,,1,62:0.82,,,
53.1958,frame,1560,60.434122,43.89,66.64,368.11,512,384,BGR888p,,,,,
53.1959,detections,1560,60.434122,43.81,66.64,368.25,,,,3,0:0.67 62:0.63 62:0.60,,,
53.2421,frame,1561,60.467444,46.35,33.32,381.13,512,384,BGR888p,,,,,
53.2423,detections,1561,60.467444,46.34,33.32,381.27,,,,3,62:0.81 0:0.73 62:0.61,,,
53.2915,frame,1563,60.534086,49.43,66.64,363.89,512,384,BGR888p,,,,,
53.2916,detections,1563,60.534086,49.35,66.64,363.96,,,,2,0:0.69 62:0.56,,,
53.3372,frame,1564,60.567409,45.61,33.32,376.19,512,384,BGR888p,,,,,
53.3373,detections,1564,60.567409,45.64,33.32,376.28,,,,2,0:0.71 62:0.52,,,
53.3852,frame,1565,60.60073,48.03,33.32,390.97,512,384,BGR888p,,,,,
53.3854,detections,1565,60.60073,48.15,33.32,391.14,,,,1,56:0.60,,,
53.43,frame,1567,60.667375,44.78,66.65,369.05,512,384,BGR888p,,,,,
53.4301,detections,1567,60.667375,44.66,66.65,369.13,,,,2,0:0.73 63:0.53,,,
53.4764,frame,1568,60.700699,46.48,33.32,382.2,512,384,BGR888p,,,,,
53.4766,detections,1568,60.700699,46.49,33.32,382.3,,,,1,56:0.58,,,
53.5245,frame,1570,60.76734,48.09,66.64,363.65,512,384,BGR888p,,,,,
53.5247,detections,1570,60.76734,48.09,66.64,363.75,,,,2,0:0.88 63:0.52,,,
53.5733,frame,1571,60.800666,48.77,33.33,379.14,512,384,BGR888p,,,,,
53.5737,detections,1571,60.800666,49.03,33.33,379.49,,,,1,0:0.78,,,
53.6199,frame,1572,60.833983,46.59,33.32,392.35,512,384,BGR888p,,,,,
53.6205,detections,1572,60.833983,46.79,33.32,392.92,,,,1,0:0.68,,,
53.6658,frame,1574,60.900628,45.86,66.64,371.57,512,384,BGR888p,,,,,
53.6658,detections,1574,60.900628,45.36,66.64,371.62,,,,4,56:0.78 63:0.64 56:0.56 0:0.52,,,
53.7111,frame,1575,60.93395,45.34,33.32,383.59,512,384,BGR888p,,,,,
53.7112,detections,1575,60.93395,45.35,33.32,383.65,,,,3,56:0.77 56:0.53 63:0.52,,,
53.7586,frame,1577,61.000593,47.48,66.64,364.44,512,384,BGR888p,,,,,
53.7587,detections,1577,61.000593,47.5,66.64,364.52,,,,3,56:0.81 56:0.66 63:0.56,,,
53.8071,frame,1578,61.033916,48.49,33.32,379.61,512,384,BGR888p,,,,,
53.8072,detections,1578,61.033916,48.51,33.32,379.71,,,,2,56:0.82 56:0.62,,,
53.8534,frame,1580,61.100558,46.34,66.64,359.36,512,384,BGR888p,,,,,
53.8545,detections,1580,61.100558,47.26,66.64,360.43,,,,3,56:0.77 56:0.66 63:0.53,,,
53.8548,system,0,,985.54,,,,,,,,47.8,34.7,17.3
53.9,frame,1581,61.133881,46.56,33.32,372.62,512,384,BGR888p,,,,,
53.9003,detections,1581,61.133881,45.81,33.32,372.86,,,,3,56:0.81 56:0.77 62:0.56,,,
53.9461,frame,1582,61.167202,46.1,33.32,385.39,512,384,BGR888p,,,,,
53.9464,detections,1582,61.167202,46.1,33.32,385.63,,,,2,56:0.79 56:0.67,,,
53.9919,frame,1584,61.233846,45.81,66.64,364.55,512,384,BGR888p,,,,,
53.9921,detections,1584,61.233846,45.78,66.64,364.76,,,,0,,,,
54.04,frame,1585,61.267169,48.07,33.32,379.3,512,384,BGR888p,,,,,
54.0402,detections,1585,61.267169,48.08,33.32,379.55,,,,0,,,,
54.0872,frame,1587,61.333812,47.2,66.64,359.89,512,384,BGR888p,,,,,
54.0875,detections,1587,61.333812,47.23,66.64,360.11,,,,0,,,,
54.1323,frame,1588,61.367136,45.17,33.32,371.71,512,384,BGR888p,,,,,
54.1326,detections,1588,61.367136,45.15,33.32,371.94,,,,0,,,,
54.1783,frame,1589,61.400455,45.92,33.32,384.31,512,384,BGR888p,,,,,
54.1785,detections,1589,61.400455,45.92,33.32,384.54,,,,0,,,,
54.2247,frame,1591,61.4671,46.47,66.65,364.13,512,384,BGR888p,,,,,
54.225,detections,1591,61.4671,46.47,66.65,364.36,,,,1,62:0.53,,,
54.2734,frame,1592,61.500422,48.7,33.32,379.52,512,384,BGR888p,,,,,
54.2737,detections,1592,61.500422,48.69,33.32,379.73,,,,4,63:0.61 62:0.58 73:0.55 56:0.54,,,
54.321,frame,1594,61.567065,47.53,66.64,360.38,512,384,BGR888p,,,,,
54.3212,detections,1594,61.567065,47.46,66.64,360.53,,,,2,62:0.56 73:0.51,,,
54.3664,frame,1595,61.600389,45.46,33.32,372.54,512,384,BGR888p,,,,,
54.3667,detections,1595,61.600389,45.52,33.32,372.75,,,,2,62:0.69 63:0.68,,,
54.4126,frame,1596,61.633709,46.2,33.32,385.42,512,384,BGR888p,,,,,
54.4129,detections,1596,61.633709,46.2,33.32,385.63,,,,2,62:0.68 73:0.51,,,
54.4584,frame,1598,61.700353,45.8,66.64,364.57,512,384,BGR888p,,,,,
54.4587,detections,1598,61.700353,45.8,66.64,364.79,,,,3,63:0.66 62:0.59 56:0.50,,,
54.5065,frame,1599,61.733676,48.13,33.32,379.38,512,384,BGR888p,,,,,
54.5068,detections,1599,61.733676,48.12,33.32,379.59,,,,3,63:0.59 56:0.52 62:0.51,,,
54.5533,frame,1601,61.800318,46.75,66.64,359.47,512,384,BGR888p,,,,,
54.5535,detections,1601,61.800318,46.7,66.64,359.63,,,,2,41:0.65 62:0.55,,,
54.5993,frame,1602,61.833642,45.97,33.32,372.13,512,384,BGR888p,,,,,
54.5997,detections,1602,61.833642,46.2,33.32,372.53,,,,2,41:0.66 62:0.56,,,
54.6446,frame,1603,61.866961,45.29,33.32,384.1,512,384,BGR888p,,,,,
54.6448,detections,1603,61.866961,45.11,33.32,384.31,,,,3,41:0.75 62:0.58 56:0.51,,,
54.6915,frame,1605,61.933606,46.92,66.64,364.37,512,384,BGR888p,,,,,
54.6917,detections,1605,61.933606,46.92,66.64,364.59,,,,2,41:0.59 62:0.59,,,
54.7397,frame,1606,61.966929,48.22,33.32,379.27,512,384,BGR888p,,,,,
54.74,detections,1606,61.966929,48.22,33.32,379.48,,,,3,41:0.77 62:0.54 73:0.52,,,
54.7872,frame,1608,62.033571,47.52,66.64,360.14,512,384,BGR888p,,,,,
54.7874,detections,1608,62.033571,47.47,66.64,360.3,,,,3,41:0.72 66:0.53 64:0.50,,,
54.8348,frame,1609,62.066897,47.62,33.33,374.44,512,384,BGR888p,,,,,
54.8351,detections,1609,62.066897,47.66,33.33,374.65,,,,2,41:0.82 66:0.57,,,
54.8353,system,0,,980.55,,,,,,,,47.41,34.9,16.9
54.8802,frame,1610,62.100214,45.33,33.32,386.48,512,384,BGR888p,,,,,
54.8804,detections,1610,62.100214,45.36,33.32,386.7,,,,4,63:0.63 41:0.61 56:0.52 66:0.51,,,
54.9272,frame,1612,62.166859,47.06,66.65,366.9,512,384,BGR888p,,,,,
54.9275,detections,1612,62.166859,47.06,66.65,367.12,,,,2,63:0.71 66:0.67,,,
54.9746,frame,1613,62.200182,47.37,33.32,380.91,512,384,BGR888p,,,,,
54.9748,detections,1613,62.200182,47.33,33.32,381.13,,,,5,66:0.77 63:0.75 56:0.72 41:0.61 62:0.52,,,
55.0248,frame,1615,62.266824,50.23,66.64,364.49,512,384,BGR888p,,,,,
55.0251,detections,1615,62.266824,50.24,66.64,364.73,,,,3,41:0.78 66:0.64 62:0.61,,,
55.0695,frame,1616,62.300151,44.66,33.33,375.8,512,384,BGR888p,,,,,
55.0697,detections,1616,62.300151,44.58,33.33,375.96,,,,5,41:0.67 56:0.55 66:0.54 56:0.52 2:0.52,,,
55.1145,frame,1617,62.333468,45.01,33.32,387.52,512,384,BGR888p,,,,,
55.1147,detections,1617,62.333468,45.08,33.32,387.74,,,,3,66:0.69 41:0.62 62:0.56,,,
55.1602,frame,1619,62.400113,45.69,66.64,366.63,512,384,BGR888p,,,,,
55.1606,detections,1619,62.400113,45.82,66.64,366.95,,,,7,66:0.83 56:0.59 56:0.58 41:0.54 64:0.53 63:0.51 56:0.50,,,
55.2064,frame,1620,62.433435,46.22,33.32,379.39,512,384,BGR888p,,,,,
55.2065,detections,1620,62.433435,45.92,33.32,379.45,,,,4,66:0.84 62:0.61 56:0.55 41:0.53,,,
55.255,frame,1622,62.500078,48.64,66.64,361.4,512,384,BGR888p,,,,,
55.2551,detections,1622,62.500078,48.66,66.64,361.47,,,,4,66:0.85 56:0.60 56:0.60 41:0.54,,,
55.3008,frame,1623,62.533401,45.82,33.32,373.95,512,384,BGR888p,,,,,
55.3011,detections,1623,62.533401,45.95,33.32,374.14,,,,6,66:0.84 41:0.68 56:0.60 62:0.58 2:0.54 63:0.51,,,
55.3464,frame,1624,62.566721,45.55,33.32,386.19,512,384,BGR888p,,,,,
55.3467,detections,1624,62.566721,45.57,33.32,386.4,,,,3,66:0.79 56:0.68 63:0.50,,,
55.3922,frame,1626,62.633366,45.83,66.65,363.73,512,384,BGR888p,,,,,
55.3925,detections,1626,62.633366,45.85,66.65,363.94,,,,3,66:0.74 41:0.65 56:0.62,,,
55.4409,frame,1627,62.666691,48.62,33.32,379.0,512,384,BGR888p,,,,,
55.4411,detections,1627,62.666691,48.6,33.32,379.21,,,,3,56:0.59 41:0.53 66:0.52,,,
55.4864,frame,1629,62.733331,45.5,66.64,357.86,512,384,BGR888p,,,,,
55.4866,detections,1629,62.733331,45.5,66.64,358.07,,,,1,56:0.52,,,
55.5328,frame,1630,62.766654,46.49,33.32,371.03,512,384,BGR888p,,,,,
55.5331,detections,1630,62.766654,46.49,33.32,371.24,,,,0,,,,
55.5789,frame,1631,62.799974,46.04,33.32,383.68,512,384,BGR888p,,,,,
55.579,detections,1631,62.799974,45.9,33.32,383.77,,,,0,,,,
55.6258,frame,1633,62.866619,46.96,66.65,363.99,512,384,BGR888p,,,,,
55.626,detections,1633,62.866619,46.99,66.65,364.11,,,,0,,,,
55.6731,frame,1634,62.899942,47.31,33.32,377.98,512,384,BGR888p,,,,,
55.6732,detections,1634,62.899942,47.26,33.32,378.05,,,,1,62:0.64,,,
55.7228,frame,1636,62.966584,49.65,66.64,360.99,512,384,BGR888p,,,,,
55.7229,detections,1636,62.966584,49.67,66.64,361.07,,,,1,62:0.72,,,
55.7707,frame,1637,62.999911,47.86,33.33,375.59,512,384,BGR888p,,,,,
55.7709,detections,1637,62.999911,48.01,33.33,375.81,,,,1,62:0.54,,,
55.8182,frame,1638,63.033228,47.52,33.32,389.82,512,384,BGR888p,,,,,
55.8185,detections,1638,63.033228,47.54,33.32,390.03,,,,0,,,,
55.8615,frame,1640,63.099873,43.3,66.65,366.45,512,384,BGR888p,,,,,
55.8618,detections,1640,63.099873,43.29,66.65,366.68,,,,1,62:0.66,,,
55.8619,system,0,,1026.63,,,,,,,,47.74,34.5,17.3
55.908,frame,1641,63.133195,46.47,33.32,379.6,512,384,BGR888p,,,,,
55.9082,detections,1641,63.133195,46.46,33.32,379.85,,,,0,,,,
55.957,frame,1643,63.199837,49.01,66.64,361.93,512,384,BGR888p,,,,,
55.9571,detections,1643,63.199837,48.92,66.64,362.06,,,,0,,,,
56.0027,frame,1644,63.23316,45.75,33.32,374.36,512,384,BGR888p,,,,,
56.0029,detections,1644,63.23316,45.75,33.32,374.49,,,,0,,,,
56.0494,frame,1645,63.26648,46.64,33.32,387.71,512,384,BGR888p,,,,,
56.0511,detections,1645,63.26648,48.23,33.32,389.47,,,,0,,,,
56.0944,frame,1647,63.333125,45.04,66.65,366.12,512,384,BGR888p,,,,,
56.0948,detections,1647,63.333125,43.69,66.65,366.5,,,,0,,,,
56.1419,frame,1648,63.366456,47.5,33.33,380.28,512,384,BGR888p,,,,,
56.1422,detections,1648,63.366456,47.35,33.33,380.5,,,,0,,,,
56.1898,frame,1650,63.433091,47.89,66.63,361.5,512,384,BGR888p,,,,,
56.1903,detections,1650,63.433091,48.12,66.63,361.99,,,,0,,,,
56.237,frame,1651,63.466418,47.19,33.33,375.34,512,384,BGR888p,,,,,
56.2371,detections,1651,63.466418,46.82,33.33,375.44,,,,0,,,,
56.2848,frame,1652,63.499734,47.86,33.32,389.9,512,384,BGR888p,,,,,
56.285,detections,1652,63.499734,47.9,33.32,390.04,,,,0,,,,
56.3289,frame,1654,63.56638,44.1,66.65,367.39,512,384,BGR888p,,,,,
56.3292,detections,1654,63.56638,44.21,66.65,367.67,,,,1,62:0.53,,,
56.3745,frame,1655,63.599702,45.62,33.32,379.69,512,384,BGR888p,,,,,
56.3748,detections,1655,63.599702,45.59,33.32,379.9,,,,0,,,,
56.4243,frame,1657,63.666344,49.76,66.64,362.78,512,384,BGR888p,,,,,
56.4245,detections,1657,63.666344,49.7,66.64,362.94,,,,0,,,,
56.4697,frame,1658,63.699667,45.4,33.32,374.83,512,384,BGR888p,,,,,
56.4698,detections,1658,63.699667,45.33,33.32,374.93,,,,0,,,,
56.5179,frame,1659,63.732987,48.24,33.32,389.74,512,384,BGR888p,,,,,
56.518,detections,1659,63.732987,48.21,33.32,389.81,,,,0,,,,
56.5624,frame,1661,63.799632,44.45,66.65,367.56,512,384,BGR888p,,,,,
56.5625,detections,1661,63.799632,44.49,66.65,367.67,,,,0,,,,
56.6083,frame,1662,63.832955,45.93,33.32,380.18,512,384,BGR888p,,,,,
56.6085,detections,1662,63.832955,45.98,33.32,380.35,,,,0,,,,
56.6576,frame,1664,63.899597,49.24,66.64,362.8,512,384,BGR888p,,,,,
56.658,detections,1664,63.899597,49.47,66.64,363.2,,,,1,63:0.54,,,
56.7053,frame,1665,63.932921,47.78,33.32,377.26,512,384,BGR888p,,,,,
56.7056,detections,1665,63.932921,47.61,33.32,377.48,,,,1,63:0.60,,,
56.7518,frame,1666,63.96624,46.46,33.32,390.36,512,384,BGR888p,,,,,
56.752,detections,1666,63.96624,46.35,33.32,390.48,,,,1,63:0.60,,,
56.7992,frame,1668,64.032887,47.35,66.65,371.12,512,384,BGR888p,,,,,
56.7994,detections,1668,64.032887,47.45,66.65,371.31,,,,1,62:0.54,,,
56.8442,frame,1669,64.066216,45.01,33.33,382.81,512,384,BGR888p,,,,,
56.8444,detections,1669,64.066216,45.03,33.33,383.02,,,,0,,,,
56.8446,system,0,,982.66,,,,,,,,47.46,34.1,16.5
56.8906,frame,1671,64.132851,46.39,66.64,362.54,512,384,BGR888p,,,,,
56.8908,detections,1671,64.132851,46.37,66.64,362.76,,,,2,62:0.59 62:0.57,,,
56.939,frame,1672,64.166174,48.49,33.32,377.69,512,384,BGR888p,,,,,
56.9392,detections,1672,64.166174,48.43,33.32,377.86,,,,2,62:0.58 63:0.56,,,
56.9858,frame,1673,64.199494,46.74,33.32,391.13,512,384,BGR888p,,,,,
56.986,detections,1673,64.199494,46.8,33.32,391.34,,,,0,,,,
57.0322,frame,1675,64.26614,46.44,66.65,370.89,512,384,BGR888p,,,,,
57.0324,detections,1675,64.26614,46.32,66.65,370.98,,,,2,63:0.74 63:0.69,,,
57.0784,frame,1676,64.299461,46.21,33.32,383.78,512,384,BGR888p,,,,,
57.0786,detections,1676,64.299461,46.24,33.32,383.9,,,,1,63:0.57,,,
57.1244,frame,1678,64.366104,45.95,66.64,363.12,512,384,BGR888p,,,,,
57.1246,detections,1678,64.366104,46.03,66.64,363.31,,,,1,63:0.57,,,
57.1731,frame,1679,64.399426,48.71,33.32,378.49,512,384,BGR888p,,,,,
57.1733,detections,1679,64.399426,48.69,33.32,378.67,,,,2,63:0.59 62:0.50,,,
57.2201,frame,1681,64.466069,46.97,66.64,358.8,512,384,BGR888p,,,,,
57.221,detections,1681,64.466069,47.69,66.64,359.73,,,,1,63:0.64,,,
57.2655,frame,1682,64.499394,45.42,33.32,370.94,512,384,BGR888p,,,,,
57.2657,detections,1682,64.499394,44.74,33.32,371.15,,,,1,63:0.62,,,
57.3114,frame,1683,64.532714,45.96,33.32,383.57,512,384,BGR888p,,,,,
57.3117,detections,1683,64.532714,45.95,33.32,383.78,,,,1,62:0.66,,,
57.3578,frame,1685,64.599357,46.38,66.64,363.31,512,384,BGR888p,,,,,
57.3581,detections,1685,64.599357,46.38,66.64,363.52,,,,1,63:0.76,,,
57.4058,frame,1686,64.632683,48.0,33.33,377.99,512,384,BGR888p,,,,,
57.4061,detections,1686,64.632683,48.0,33.33,378.2,,,,1,62:0.78,,,
57.4512,frame,1688,64.699323,45.41,66.64,356.73,512,384,BGR888p,,,,,
57.4514,detections,1688,64.699323,45.32,66.64,356.85,,,,1,62:0.71,,,
57.4987,frame,1689,64.732647,47.46,33.32,370.88,512,384,BGR888p,,,,,
57.4989,detections,1689,64.732647,47.52,33.32,371.06,,,,1,62:0.64,,,
57.5447,frame,1690,64.765965,45.97,33.32,383.54,512,384,BGR888p,,,,,
57.5449,detections,1690,64.765965,45.99,33.32,383.75,,,,1,62:0.63,,,
57.5923,frame,1692,64.832611,47.63,66.65,364.52,512,384,BGR888p,,,,,
57.5925,detections,1692,64.832611,47.63,66.65,364.73,,,,1,63:0.65,,,
57.6392,frame,1693,64.865934,46.94,33.32,378.13,512,384,BGR888p,,,,,
57.6394,detections,1693,64.865934,46.9,33.32,378.29,,,,2,62:0.72 62:0.51,,,
57.6873,frame,1695,64.932575,48.05,66.64,359.55,512,384,BGR888p,,,,,
57.6877,detections,1695,64.932575,48.24,66.64,359.92,,,,1,62:0.69,,,
57.7345,frame,1696,64.9659,47.23,33.33,373.43,512,384,BGR888p,,,,,
57.7347,detections,1696,64.9659,47.02,33.33,373.58,,,,1,62:0.67,,,
57.7795,frame,1697,64.999219,44.97,33.32,385.07,512,384,BGR888p,,,,,
57.7797,detections,1697,64.999219,44.95,33.32,385.21,,,,1,62:0.73,,,
57.8255,frame,1699,65.065864,46.07,66.65,364.45,512,384,BGR888p,,,,,
57.8256,detections,1699,65.065864,45.98,66.65,364.52,,,,1,62:0.69,,,
57.8727,frame,1700,65.099186,47.15,33.32,378.35,512,384,BGR888p,,,,,
57.8729,detections,1700,65.099186,47.3,33.32,378.55,,,,2,62:0.72 62:0.50,,,
57.8731,system,0,,1028.52,,,,,,,,47.58,33.6,16.9
57.921,frame,1702,65.165829,48.29,66.64,359.97,512,384,BGR888p,,,,,
57.9212,detections,1702,65.165829,48.23,66.64,360.11,,,,1,62:0.59,,,
57.968,frame,1703,65.199152,47.0,33.32,373.68,512,384,BGR888p,,,,,
57.9683,detections,1703,65.199152,47.1,33.32,373.92,,,,1,62:0.78,,,
58.0124,frame,1704,65.232472,44.44,33.32,384.74,512,384,BGR888p,,,,,
58.0125,detections,1704,65.232472,44.27,33.32,384.82,,,,1,62:0.87,,,
58.0585,frame,1706,65.299118,46.11,66.65,364.19,512,384,BGR888p,,,,,
58.0586,detections,1706,65.299118,46.08,66.65,364.25,,,,1,62:0.77,,,
58.1056,frame,1707,65.332439,47.03,33.32,377.91,512,384,BGR888p,,,,,
58.1057,detections,1707,65.332439,47.06,33.32,378.0,,,,1,62:0.82,,,
58.153,frame,1709,65.399082,47.46,66.64,358.79,512,384,BGR888p,,,,,
58.1538,detections,1709,65.399082,48.07,66.64,359.5,,,,2,62:0.77 62:0.52,,,
58.1996,frame,1710,65.432405,46.52,33.32,371.99,512,384,BGR888p,,,,,
58.1998,detections,1710,65.432405,46.05,33.32,372.2,,,,1,62:0.69,,,
58.2458,frame,1711,65.465725,46.24,33.32,384.9,512,384,BGR888p,,,,,
58.2463,detections,1711,65.465725,46.49,33.32,385.4,,,,1,62:0.66,,,
58.2915,frame,1713,65.53237,45.72,66.64,363.9,512,384,BGR888p,,,,,
58.2916,detections,1713,65.53237,45.29,66.64,363.97,,,,1,62:0.74,,,
58.3403,frame,1714,65.565692,48.77,33.32,379.43,512,384,BGR888p,,,,,
58.3405,detections,1714,65.565692,48.94,33.32,379.64,,,,1,72:0.61,,,
58.3865,frame,1716,65.632335,46.18,66.64,358.97,512,384,BGR888p,,,,,
58.3867,detections,1716,65.632335,46.2,66.64,359.19,,,,1,62:0.78,,,
58.432,frame,1717,65.665658,45.58,33.32,371.19,512,384,BGR888p,,,,,
58.4322,detections,1717,65.665658,45.5,33.32,371.37,,,,1,62:0.76,,,
58.4781,frame,1718,65.698978,46.11,33.32,383.96,512,384,BGR888p,,,,,
58.4783,detections,1718,65.698978,46.08,33.32,384.1,,,,1,62:0.65,,,
58.5243,frame,1720,65.765623,46.15,66.65,363.46,512,384,BGR888p,,,,,
58.5244,detections,1720,65.765623,46.11,66.65,363.56,,,,1,62:0.77,,,
58.5725,frame,1721,65.798946,48.23,33.32,378.34,512,384,BGR888p,,,,,
58.5726,detections,1721,65.798946,48.19,33.32,378.41,,,,1,62:0.80,,,
58.621,frame,1723,65.865588,48.47,66.64,360.18,512,384,BGR888p,,,,,
58.6211,detections,1723,65.865588,48.49,66.64,360.27,,,,1,62:0.85,,,
58.6662,frame,1724,65.898912,45.2,33.32,372.14,512,384,BGR888p,,,,,
58.6665,detections,1724,65.898912,45.36,33.32,372.35,,,,1,62:0.84,,,
58.7121,frame,1725,65.932231,45.92,33.32,384.71,512,384,BGR888p,,,,,
58.7126,detections,1725,65.932231,46.09,33.32,385.13,,,,1,62:0.80,,,
58.7582,frame,1727,65.998876,46.14,66.64,364.17,512,384,BGR888p,,,,,
58.7584,detections,1727,65.998876,45.84,66.64,364.28,,,,1,62:0.81,,,
58.8055,frame,1728,66.032198,47.22,33.32,378.05,512,384,BGR888p,,,,,
58.8056,detections,1728,66.032198,47.2,33.32,378.15,,,,1,62:0.78,,,
58.8538,frame,1730,66.098841,48.38,66.64,359.77,512,384,BGR888p,,,,,
58.8539,detections,1730,66.098841,48.33,66.64,359.83,,,,1,62:0.76,,,
58.854,system,0,,980.85,,,,,,,,47.63,34.8,17.2
58.8993,frame,1731,66.132167,45.41,33.33,371.89,512,384,BGR888p,,,,,
58.8995,detections,1731,66.132167,45.56,33.33,372.07,,,,1,62:0.86,,,
58.9447,frame,1732,66.165485,45.49,33.32,384.02,512,384,BGR888p,,,,,
58.9448,detections,1732,66.165485,45.33,33.32,384.08,,,,2,62:0.86 62:0.50,,,
58.9906,frame,1734,66.232129,45.87,66.64,363.25,512,384,BGR888p,,,,,
58.9907,detections,1734,66.232129,45.87,66.64,363.3,,,,1,62:0.85,,,
59.0388,frame,1735,66.265454,48.19,33.33,378.12,512,384,BGR888p,,,,,
59.0389,detections,1735,66.265454,48.19,33.33,378.17,,,,2,62:0.81 63:0.57,,,
59.0869,frame,1737,66.332095,48.13,66.64,359.61,512,384,BGR888p,,,,,
59.087,detections,1737,66.332095,48.13,66.64,359.66,,,,2,62:0.82 63:0.52,,,
59.132,frame,1738,66.365418,45.07,33.32,371.35,512,384,BGR888p,,,,,
59.1321,detections,1738,66.365418,45.08,33.32,371.41,,,,2,62:0.87 63:0.54,,,
59.1767,frame,1739,66.398738,44.7,33.32,382.74,512,384,BGR888p,,,,,
59.1768,detections,1739,66.398738,44.7,33.32,382.8,,,,1,62:0.73,,,
59.224,frame,1741,66.465384,47.32,66.65,363.41,512,384,BGR888p,,,,,
59.2241,detections,1741,66.465384,47.32,66.65,363.47,,,,2,62:0.84 62:0.51,,,
59.2724,frame,1742,66.498707,48.33,33.32,378.43,512,384,BGR888p,,,,,
59.2724,detections,1742,66.498707,48.34,33.32,378.49,,,,2,62:0.84 63:0.59,,,
59.3192,frame,1744,66.565348,46.85,66.64,358.66,512,384,BGR888p,,,,,
59.3199,detections,1744,66.565348,47.44,66.64,359.3,,,,2,62:0.84 63:0.55,,,
59.3658,frame,1745,66.598672,46.58,33.32,371.88,512,384,BGR888p,,,,,
59.3659,detections,1745,66.598672,45.97,33.32,371.94,,,,2,62:0.87 62:0.62,,,
59.4116,frame,1746,66.631991,45.77,33.32,384.33,512,384,BGR888p,,,,,
59.4116,detections,1746,66.631991,45.77,33.32,384.39,,,,3,62:0.87 62:0.57 73:0.50,,,
59.4581,frame,1748,66.698636,46.56,66.64,364.27,512,384,BGR888p,,,,,
59.4583,detections,1748,66.698636,46.63,66.64,364.4,,,,2,62:0.89 62:0.59,,,
59.5056,frame,1749,66.73196,47.44,33.32,378.4,512,384,BGR888p,,,,,
59.5057,detections,1749,66.73196,47.4,33.32,378.46,,,,2,62:0.91 63:0.53,,,
59.5524,frame,1751,66.798601,46.87,66.64,358.59,512,384,BGR888p,,,,,
59.5532,detections,1751,66.798601,47.49,66.64,359.31,,,,2,62:0.88 63:0.61,,,
59.5996,frame,1752,66.831926,47.19,33.32,372.46,512,384,BGR888p,,,,,
59.5999,detections,1752,66.831926,46.69,33.32,372.68,,,,2,62:0.89 62:0.62,,,
59.6461,frame,1753,66.865244,46.52,33.32,385.66,512,384,BGR888p,,,,,
59.6463,detections,1753,66.865244,46.41,33.32,385.76,,,,2,62:0.86 62:0.65,,,
59.6927,frame,1755,66.93189,46.59,66.65,365.61,512,384,BGR888p,,,,,
59.6928,detections,1755,66.93189,46.55,66.65,365.67,,,,2,62:0.90 62:0.60,,,
59.7394,frame,1756,66.965212,46.67,33.32,378.95,512,384,BGR888p,,,,,
59.7395,detections,1756,66.965212,46.72,33.32,379.06,,,,2,62:0.86 62:0.57,,,
59.7866,frame,1758,67.031854,47.17,66.64,359.48,512,384,BGR888p,,,,,
59.7868,detections,1758,67.031854,47.28,66.64,359.71,,,,2,62:0.90 62:0.58,,,
59.8333,frame,1759,67.065178,46.76,33.32,372.99,512,384,BGR888p,,,,,
59.8336,detections,1759,67.065178,46.77,33.32,373.2,,,,3,62:0.89 39:0.65 63:0.58,,,
59.8792,frame,1760,67.098497,45.9,33.32,385.59,512,384,BGR888p,,,,,
59.8795,detections,1760,67.098497,45.92,33.32,385.81,,,,3,62:0.86 39:0.64 63:0.56,,,
59.8797,system,0,,1025.74,,,,,,,,47.58,33.6,16.6
59.9257,frame,1762,67.165142,46.43,66.65,365.35,512,384,BGR888p,,,,,
59.9259,detections,1762,67.165142,46.41,66.65,365.57,,,,3,62:0.83 63:0.59 39:0.57,,,
59.9735,frame,1763,67.198464,47.81,33.32,379.84,512,384,BGR888p,,,,,
59.974,detections,1763,67.198464,48.07,33.32,380.35,,,,3,62:0.86 39:0.75 63:0.58,,,
60.0226,frame,1765,67.265108,49.16,66.64,362.29,512,384,BGR888p,,,,,
60.0227,detections,1765,67.265108,48.73,66.64,362.35,,,,2,62:0.87 62:0.68,,,
60.0678,frame,1766,67.298433,45.22,33.33,374.24,512,384,BGR888p,,,,,
60.0681,detections,1766,67.298433,45.36,33.33,374.42,,,,3,62:0.86 39:0.67 62:0.59,,,
60.1134,frame,1767,67.331751,45.53,33.32,386.47,512,384,BGR888p,,,,,
60.1136,detections,1767,67.331751,45.56,33.32,386.68,,,,3,62:0.89 39:0.69 62:0.67,,,
60.1594,frame,1769,67.398396,46.06,66.65,365.89,512,384,BGR888p,,,,,
60.1597,detections,1769,67.398396,46.07,66.65,366.1,,,,1,62:0.82,,,
60.206,frame,1770,67.431718,46.58,33.32,379.15,512,384,BGR888p,,,,,
60.2063,detections,1770,67.431718,46.6,33.32,379.38,,,,1,62:0.85,,,
60.2532,frame,1772,67.498361,47.19,66.64,359.73,512,384,BGR888p,,,,,
60.2539,detections,1772,67.498361,47.64,66.64,360.41,,,,2,62:0.82 62:0.51,,,
60.3001,frame,1773,67.531686,46.87,33.32,373.24,512,384,BGR888p,,,,,
60.3008,detections,1773,67.531686,46.9,33.32,373.99,,,,1,62:0.77,,,
60.3458,frame,1774,67.565004,45.69,33.32,385.61,512,384,BGR888p,,,,,
60.346,detections,1774,67.565004,45.18,33.32,385.82,,,,2,62:0.81 39:0.71,,,
60.3919,frame,1776,67.631649,46.1,66.64,365.06,512,384,BGR888p,,,,,
60.3921,detections,1776,67.631649,46.1,66.64,365.28,,,,2,39:0.74 62:0.67,,,
60.4397,frame,1777,67.66499,47.82,33.34,379.54,512,384,BGR888p,,,,,
60.4399,detections,1777,67.66499,47.82,33.34,379.75,,,,2,39:0.75 62:0.69,,,
60.487,frame,1779,67.731614,47.34,66.62,360.26,512,384,BGR888p,,,,,
60.4873,detections,1779,67.731614,47.37,66.62,360.51,,,,3,39:0.78 63:0.63 63:0.53,,,
60.5335,frame,1780,67.764937,46.44,33.32,373.38,512,384,BGR888p,,,,,
60.5337,detections,1780,67.764937,46.41,33.32,373.6,,,,4,39:0.71 62:0.66 63:0.57 41:0.51,,,
60.5792,frame,1781,67.798258,45.71,33.32,385.79,512,384,BGR888p,,,,,
60.5795,detections,1781,67.798258,45.73,33.32,386.0,,,,3,39:0.71 62:0.64 63:0.51,,,
60.6253,frame,1783,67.864902,46.11,66.64,365.15,512,384,BGR888p,,,,,
60.6254,detections,1783,67.864902,45.91,66.64,365.21,,,,4,39:0.82 62:0.78 41:0.65 41:0.63,,,
60.6729,frame,1784,67.898224,47.63,33.32,379.49,512,384,BGR888p,,,,,
60.6731,detections,1784,67.898224,47.71,33.32,379.62,,,,3,62:0.77 39:0.72 41:0.54,,,
60.72,frame,1786,67.964868,47.11,66.64,360.0,512,384,BGR888p,,,,,
60.7209,detections,1786,67.964868,47.87,66.64,360.91,,,,4,39:0.71 62:0.68 41:0.62 39:0.62,,,
60.7666,frame,1787,67.998191,46.55,33.32,373.23,512,384,BGR888p,,,,,
60.767,detections,1787,67.998191,46.07,33.32,373.65,,,,4,39:0.80 62:0.65 39:0.61 41:0.55,,,
60.8123,frame,1788,68.03151,45.74,33.32,385.65,512,384,BGR888p,,,,,
60.8126,detections,1788,68.03151,45.55,33.32,385.86,,,,3,39:0.73 41:0.55 41:0.53,,,
60.8587,frame,1790,68.098156,46.4,66.65,365.4,512,384,BGR888p,,,,,
60.859,detections,1790,68.098156,46.4,66.65,365.62,,,,2,39:0.71 41:0.66,,,
60.8592,system,0,,979.46,,,,,,,,47.29,35.2,17.9
60.9057,frame,1791,68.131477,46.98,33.32,379.06,512,384,BGR888p,,,,,
60.9059,detections,1791,68.131477,46.98,33.32,379.27,,,,3,39:0.76 41:0.64 39:0.55,,,
60.954,frame,1793,68.19812,48.29,66.64,360.71,512,384,BGR888p,,,,,
60.9542,detections,1793,68.19812,48.29,66.64,360.95,,,,2,39:0.70 41:0.61,,,
60.9989,frame,1794,68.231443,44.94,33.32,372.33,512,384,BGR888p,,,,,
60.9992,detections,1794,68.231443,44.94,33.32,372.57,,,,3,39:0.76 39:0.70 41:0.58,,,
61.0447,frame,1795,68.264764,45.76,33.32,384.77,512,384,BGR888p,,,,,
61.0449,detections,1795,68.264764,45.76,33.32,384.98,,,,1,39:0.70,,,
61.0929,frame,1797,68.33141,48.24,66.65,366.36,512,384,BGR888p,,,,,
61.0932,detections,1797,68.33141,48.23,66.65,366.59,,,,0,,,,
61.139,frame,1798,68.364731,46.11,33.32,379.14,512,384,BGR888p,,,,,
61.1393,detections,1798,68.364731,46.15,33.32,379.4,,,,1,39:0.60,,,
61.1861,frame,1800,68.431373,47.1,66.64,359.52,512,384,BGR888p,,,,,
61.1872,detections,1800,68.431373,47.82,66.64,360.54,,,,1,41:0.53,,,
61.2333,frame,1801,68.464696,47.2,33.32,373.41,512,384,BGR888p,,,,,
61.2334,detections,1801,68.464696,46.28,33.32,373.49,,,,3,39:0.77 41:0.55 39:0.53,,,
61.28,frame,1802,68.498017,46.71,33.32,386.87,512,384,BGR888p,,,,,
61.2803,detections,1802,68.498017,46.9,33.32,387.11,,,,2,39:0.69 41:0.58,,,
61.3247,frame,1804,68.564663,44.61,66.65,364.84,512,384,BGR888p,,,,,
61.3249,detections,1804,68.564663,44.58,66.65,365.05,,,,2,39:0.75 41:0.53,,,
61.3727,frame,1805,68.597989,48.02,33.33,379.53,512,384,BGR888p,,,,,
61.3729,detections,1805,68.597989,48.02,33.33,379.74,,,,1,39:0.73,,,
61.4181,frame,1807,68.664627,45.47,66.64,358.38,512,384,BGR888p,,,,,
61.4184,detections,1807,68.664627,45.49,66.64,358.59,,,,2,39:0.78 41:0.55,,,
61.4652,frame,1808,68.69795,47.01,33.32,372.07,512,384,BGR888p,,,,,
61.4654,detections,1808,68.69795,47.01,33.32,372.29,,,,1,39:0.73,,,
61.5108,frame,1809,68.73127,45.65,33.32,384.38,512,384,BGR888p,,,,,
61.5111,detections,1809,68.73127,45.63,33.32,384.59,,,,2,39:0.76 39:0.52,,,
61.5582,frame,1811,68.797915,47.38,66.65,365.14,512,384,BGR888p,,,,,
61.5585,detections,1811,68.797915,47.4,66.65,365.35,,,,3,39:0.83 39:0.61 56:0.51,,,
61.6064,frame,1812,68.831238,48.17,33.32,379.96,512,384,BGR888p,,,,,
61.6066,detections,1812,68.831238,48.14,33.32,380.17,,,,3,39:0.75 39:0.65 41:0.50,,,
61.6523,frame,1814,68.89788,45.99,66.64,359.31,512,384,BGR888p,,,,,
61.6529,detections,1814,68.89788,46.33,66.64,359.89,,,,3,39:0.78 56:0.77 39:0.61,,,
61.6999,frame,1815,68.931207,47.59,33.33,373.58,512,384,BGR888p,,,,,
61.7002,detections,1815,68.931207,47.26,33.33,373.82,,,,4,56:0.86 39:0.79 39:0.66 62:0.54,,,
61.7458,frame,1816,68.964523,45.83,33.32,386.09,512,384,BGR888p,,,,,
61.746,detections,1816,68.964523,45.83,33.32,386.3,,,,2,56:0.85 39:0.78,,,
61.7921,frame,1818,69.031168,46.35,66.64,365.72,512,384,BGR888p,,,,,
61.7923,detections,1818,69.031168,46.23,66.64,365.83,,,,3,56:0.84 39:0.83 39:0.60,,,
61.8395,frame,1819,69.06449,47.34,33.32,379.74,512,384,BGR888p,,,,,
61.8395,detections,1819,69.06449,47.28,33.32,379.79,,,,4,56:0.85 39:0.81 62:0.54 39:0.50,,,
61.8887,frame,1821,69.131133,49.22,66.64,362.35,512,384,BGR888p,,,,,
61.8888,detections,1821,69.131133,49.31,66.64,362.48,,,,3,56:0.89 39:0.83 39:0.67,,,
61.889,system,0,,1029.79,,,,,,,,48.02,35.0,16.5
61.9329,frame,1822,69.164459,44.18,33.33,373.25,512,384,BGR888p,,,,,
61.9335,detections,1822,69.164459,44.7,33.33,373.92,,,,3,39:0.78 56:0.76 39:0.67,,,
61.9788,frame,1823,69.197778,45.97,33.32,385.9,512,384,BGR888p,,,,,
61.9791,detections,1823,69.197778,45.54,33.32,386.11,,,,5,56:0.87 39:0.83 39:0.71 72:0.53 39:0.50,,,
62.0247,frame,1825,69.264421,45.88,66.64,365.14,512,384,BGR888p,,,,,
62.0251,detections,1825,69.264421,45.98,66.64,365.46,,,,4,39:0.81 56:0.71 39:0.71 39:0.55,,,
62.0725,frame,1826,69.297744,47.79,33.32,379.6,512,384,BGR888p,,,,,
62.0728,detections,1826,69.297744,47.69,33.32,379.81,,,,5,56:0.87 39:0.79 39:0.68 72:0.62 39:0.61,,,
62.119,frame,1828,69.364387,46.46,66.64,359.42,512,384,BGR888p,,,,,
62.12,detections,1828,69.364387,47.24,66.64,360.47,,,,4,56:0.88 39:0.82 39:0.71 72:0.51,,,
62.1659,frame,1829,69.397709,46.91,33.32,373.04,512,384,BGR888p,,,,,
62.1662,detections,1829,69.397709,46.23,33.32,373.39,,,,4,56:0.84 39:0.78 39:0.71 41:0.53,,,
62.2119,frame,1830,69.431031,46.07,33.32,385.75,512,384,BGR888p,,,,,
62.2122,detections,1830,69.431031,45.97,33.32,385.98,,,,5,56:0.86 39:0.81 39:0.68 72:0.59 60:0.55,,,
62.2577,frame,1832,69.497675,45.76,66.64,364.86,512,384,BGR888p,,,,,
62.2579,detections,1832,69.497675,45.75,66.64,365.07,,,,3,56:0.90 39:0.83 39:0.63,,,
62.306,frame,1833,69.530998,48.28,33.32,379.81,512,384,BGR888p,,,,,
62.3062,detections,1833,69.530998,48.28,33.32,380.05,,,,3,56:0.86 39:0.84 62:0.59,,,
62.3515,frame,1835,69.59764,45.56,66.64,358.73,512,384,BGR888p,,,,,
62.3518,detections,1835,69.59764,45.56,66.64,358.94,,,,3,56:0.89 39:0.84 62:0.60,,,
62.398,frame,1836,69.630963,46.49,33.32,371.9,512,384,BGR888p,,,,,
62.3983,detections,1836,69.630963,46.51,33.32,372.13,,,,3,56:0.86 39:0.81 62:0.52,,,
62.4437,frame,1837,69.664283,45.65,33.32,384.22,512,384,BGR888p,,,,,
62.4439,detections,1837,69.664283,45.63,33.32,384.43,,,,3,56:0.87 39:0.83 62:0.68,,,
62.4907,frame,1839,69.730928,47.03,66.65,364.61,512,384,BGR888p,,,,,
62.4909,detections,1839,69.730928,47.03,66.65,364.82,,,,3,56:0.88 39:0.78 62:0.64,,,
62.5388,frame,1840,69.76425,48.13,33.32,379.42,512,384,BGR888p,,,,,
62.5391,detections,1840,69.76425,48.13,33.32,379.63,,,,4,56:0.87 39:0.79 62:0.69 39:0.51,,,
62.5856,frame,1842,69.830893,46.74,66.64,359.54,512,384,BGR888p,,,,,
62.586,detections,1842,69.830893,46.93,66.64,359.95,,,,3,56:0.86 39:0.79 62:0.61,,,
62.6318,frame,1843,69.864216,46.22,33.32,372.41,512,384,BGR888p,,,,,
62.632,detections,1843,69.864216,46.03,33.32,372.63,,,,4,56:0.86 39:0.79 39:0.53 62:0.53,,,
62.6784,frame,1844,69.897536,46.6,33.32,385.68,512,384,BGR888p,,,,,
62.6786,detections,1844,69.897536,46.58,33.32,385.89,,,,5,56:0.87 39:0.73 39:0.67 60:0.54 72:0.53,,,
62.7249,frame,1846,69.96418,46.5,66.64,365.56,512,384,BGR888p,,,,,
62.7251,detections,1846,69.96418,46.52,66.64,365.77,,,,3,56:0.89 39:0.82 39:0.75,,,
62.772,frame,1847,69.997503,47.14,33.32,379.38,512,384,BGR888p,,,,,
62.7723,detections,1847,69.997503,47.17,33.32,379.62,,,,3,56:0.84 39:0.77 39:0.59,,,
62.8207,frame,1849,70.064146,48.7,66.64,361.43,512,384,BGR888p,,,,,
62.8212,detections,1849,70.064146,48.84,66.64,361.82,,,,4,56:0.90 39:0.80 39:0.78 72:0.52,,,
62.8649,frame,1850,70.097471,44.17,33.33,372.2,512,384,BGR888p,,,,,
62.865,detections,1850,70.097471,43.83,33.33,372.26,,,,4,56:0.89 39:0.82 39:0.67 72:0.66,,,
62.865,system,0,,976.08,,,,,,,,47.91,35.5,18.3
62.9109,frame,1851,70.13079,46.01,33.32,384.94,512,384,BGR888p,,,,,
62.9111,detections,1851,70.13079,46.13,33.32,385.11,,,,4,56:0.89 39:0.80 72:0.62 39:0.58,,,
62.9578,frame,1853,70.197434,46.9,66.64,365.23,512,384,BGR888p,,,,,
62.9581,detections,1853,70.197434,46.96,66.64,365.44,,,,4,56:0.90 39:0.82 62:0.50 65:0.50,,,
63.0056,frame,1854,70.230759,47.77,33.33,379.67,512,384,BGR888p,,,,,
63.0058,detections,1854,70.230759,47.76,33.33,379.88,,,,3,56:0.90 39:0.84 39:0.63,,,
63.0537,frame,1856,70.2974,48.15,66.64,361.1,512,384,BGR888p,,,,,
63.0538,detections,1856,70.2974,47.98,66.64,361.17,,,,3,56:0.89 39:0.78 62:0.54,,,
63.0989,frame,1857,70.330722,45.16,33.32,372.94,512,384,BGR888p,,,,,
63.099,detections,1857,70.330722,45.16,33.32,373.0,,,,2,56:0.89 39:0.77,,,
63.1438,frame,1858,70.364042,44.89,33.32,384.51,512,384,BGR888p,,,,,
63.1439,detections,1858,70.364042,44.88,33.32,384.56,,,,3,56:0.90 39:0.80 62:0.51,,,
63.1902,frame,1860,70.430687,46.4,66.65,362.78,512,384,BGR888p,,,,,
63.1903,detections,1860,70.430687,46.41,66.65,362.85,,,,4,56:0.90 39:0.82 62:0.58 62:0.53,,,
63.2383,frame,1861,70.46401,48.09,33.32,377.56,512,384,BGR888p,,,,,
63.2384,detections,1861,70.46401,48.12,33.32,377.65,,,,5,56:0.89 39:0.80 62:0.58 62:0.58 39:0.53,,,
63.2879,frame,1863,70.530652,49.61,66.64,360.56,512,384,BGR888p,,,,,
63.2881,detections,1863,70.530652,49.68,66.64,360.71,,,,3,56:0.87 39:0.79 62:0.56,,,
63.3331,frame,1864,70.563979,45.26,33.33,372.45,512,384,BGR888p,,,,,
63.3332,detections,1864,70.563979,45.17,33.33,372.54,,,,2,56:0.86 39:0.82,,,
63.3784,frame,1865,70.597296,45.22,33.32,384.35,512,384,BGR888p,,,,,
63.3784,detections,1865,70.597296,45.2,33.32,384.4,,,,2,56:0.87 39:0.80,,,
63.4248,frame,1867,70.663941,46.4,66.64,364.11,512,384,BGR888p,,,,,
63.4249,detections,1867,70.663941,46.42,66.64,364.18,,,,3,56:0.88 39:0.74 62:0.56,,,
63.4719,frame,1868,70.697264,47.19,33.32,378.04,512,384,BGR888p,,,,,
63.4722,detections,1868,70.697264,47.34,33.32,378.29,,,,2,56:0.83 39:0.79,,,
63.5202,frame,1870,70.763906,48.23,66.64,359.66,512,384,BGR888p,,,,,
63.5205,detections,1870,70.763906,48.26,66.64,359.87,,,,3,56:0.89 39:0.77 62:0.56,,,
63.5656,frame,1871,70.79723,45.4,33.32,371.64,512,384,BGR888p,,,,,
63.5657,detections,1871,70.79723,45.21,33.32,371.7,,,,3,56:0.90 39:0.74 62:0.59,,,
63.6102,frame,1872,70.830549,44.62,33.32,382.94,512,384,BGR888p,,,,,
63.6103,detections,1872,70.830549,44.62,33.32,383.0,,,,3,56:0.87 39:0.76 62:0.52,,,
63.6576,frame,1874,70.897193,47.44,66.64,363.72,512,384,BGR888p,,,,,
63.6577,detections,1874,70.897193,47.42,66.64,363.78,,,,3,56:0.88 39:0.78 62:0.65,,,
63.7046,frame,1875,70.930517,46.98,33.32,377.38,512,384,BGR888p,,,,,
63.7047,detections,1875,70.930517,46.97,33.32,377.43,,,,3,56:0.89 39:0.78 62:0.52,,,
63.7519,frame,1877,70.997159,47.24,66.64,357.99,512,384,BGR888p,,,,,
63.7525,detections,1877,70.997159,47.83,66.64,358.62,,,,3,56:0.89 39:0.76 62:0.57,,,
63.7981,frame,1878,71.030482,46.28,33.32,370.94,512,384,BGR888p,,,,,
63.7982,detections,1878,71.030482,45.71,33.32,371.0,,,,3,56:0.89 39:0.77 62:0.59,,,
63.8448,frame,1879,71.063802,46.69,33.32,384.31,512,384,BGR888p,,,,,
63.845,detections,1879,71.063802,46.74,33.32,384.42,,,,3,56:0.89 39:0.78 62:0.55,,,
63.8917,frame,1881,71.130448,46.84,66.65,364.5,512,384,BGR888p,,,,,
63.8917,detections,1881,71.130448,46.79,66.65,364.56,,,,3,56:0.88 39:0.79 62:0.52,,,
63.8918,system,0,,1026.76,,,,,,,,47.58,34.4,17.4
63.9382,frame,1882,71.163769,46.55,33.32,377.74,512,384,BGR888p,,,,,
63.9383,detections,1882,71.163769,46.59,33.32,377.83,,,,3,56:0.88 39:0.76 62:0.57,,,
63.9857,frame,1884,71.230412,47.44,66.64,358.53,512,384,BGR888p,,,,,
63.9863,detections,1884,71.230412,47.95,66.64,359.16,,,,4,56:0.92 39:0.83 62:0.59 39:0.54,,,
64.0332,frame,1885,71.263735,47.53,33.32,372.73,512,384,BGR888p,,,,,
64.0333,detections,1885,71.263735,47.01,33.32,372.82,,,,3,56:0.89 39:0.80 72:0.51,,,
64.0777,frame,1886,71.297057,44.48,33.32,383.89,512,384,BGR888p,,,,,
64.0777,detections,1886,71.297057,44.44,33.32,383.94,,,,3,56:0.89 39:0.84 39:0.53,,,
64.124,frame,1888,71.3637,46.38,66.64,363.63,512,384,BGR888p,,,,,
64.1241,detections,1888,71.3637,46.38,66.64,363.68,,,,4,56:0.86 39:0.79 39:0.69 72:0.62,,,
64.1719,frame,1889,71.397022,47.86,33.32,378.16,512,384,BGR888p,,,,,
64.172,detections,1889,71.397022,47.86,33.32,378.22,,,,4,56:0.90 39:0.80 72:0.66 39:0.66,,,
64.2203,frame,1891,71.463665,48.44,66.64,359.97,512,384,BGR888p,,,,,
64.2204,detections,1891,71.463665,48.45,66.64,360.03,,,,3,56:0.83 39:0.77 39:0.67,,,
64.2681,frame,1892,71.496988,47.79,33.32,374.48,512,384,BGR888p,,,,,
64.2684,detections,1892,71.496988,47.92,33.32,374.67,,,,4,56:0.90 39:0.78 39:0.70 72:0.60,,,
64.3122,frame,1893,71.530308,44.09,33.32,385.3,512,384,BGR888p,,,,,
64.3125,detections,1893,71.530308,44.15,33.32,385.51,,,,5,56:0.88 39:0.72 39:0.60 60:0.55 72:0.54,,,
64.3591,frame,1895,71.596954,46.92,66.65,365.56,512,384,BGR888p,,,,,
64.3594,detections,1895,71.596954,46.91,66.65,365.78,,,,3,56:0.85 39:0.55 60:0.55,,,
64.4054,frame,1896,71.630276,46.25,33.32,378.42,512,384,BGR888p,,,,,
64.4055,detections,1896,71.630276,46.11,33.32,378.52,,,,2,56:0.86 39:0.75,,,
64.4548,frame,1898,71.696919,49.36,66.64,361.19,512,384,BGR888p,,,,,
64.455,detections,1898,71.696919,49.48,66.64,361.4,,,,3,56:0.87 39:0.74 39:0.53,,,
64.5018,frame,1899,71.730242,47.04,33.32,374.93,512,384,BGR888p,,,,,
64.5021,detections,1899,71.730242,47.06,33.32,375.14,,,,2,56:0.86 39:0.75,,,
64.5473,frame,1900,71.763563,45.52,33.32,387.11,512,384,BGR888p,,,,,
64.5476,detections,1900,71.763563,45.5,33.32,387.32,,,,3,56:0.84 39:0.79 62:0.59,,,
64.5935,frame,1902,71.830207,46.21,66.64,366.68,512,384,BGR888p,,,,,
64.5938,detections,1902,71.830207,46.22,66.64,366.89,,,,3,56:0.89 39:0.84 62:0.66,,,
64.6403,frame,1903,71.86353,46.78,33.32,380.14,512,384,BGR888p,,,,,
64.6406,detections,1903,71.86353,46.78,33.32,380.35,,,,2,56:0.89 39:0.84,,,
64.6895,frame,1905,71.930172,49.15,66.64,362.64,512,384,BGR888p,,,,,
64.6897,detections,1905,71.930172,49.15,66.64,362.85,,,,0,,,,
64.7382,frame,1906,71.963495,48.77,33.32,378.11,512,384,BGR888p,,,,,
64.7385,detections,1906,71.963495,48.81,33.32,378.33,,,,0,,,,
64.7838,frame,1907,71.996816,45.57,33.32,390.34,512,384,BGR888p,,,,,
64.7841,detections,1907,71.996816,45.54,33.32,390.56,,,,1,39:0.52,,,
64.8285,frame,1909,72.06346,44.72,66.64,368.42,512,384,BGR888p,,,,,
64.8288,detections,1909,72.06346,44.71,66.64,368.63,,,,0,,,,
64.8744,frame,1910,72.096783,45.87,33.32,380.97,512,384,BGR888p,,,,,
64.8748,detections,1910,72.096783,46.05,33.32,381.37,,,,2,39:0.70 39:0.60,,,
64.875,system,0,,983.23,,,,,,,,47.74,34.6,17.2
64.9237,frame,1912,72.163425,49.29,66.64,363.62,512,384,BGR888p,,,,,
64.9239,detections,1912,72.163425,49.12,66.64,363.84,,,,1,56:0.59,,,
64.9698,frame,1913,72.196748,46.13,33.32,376.43,512,384,BGR888p,,,,,
64.9701,detections,1913,72.196748,46.13,33.32,376.64,,,,0,,,,
65.0168,frame,1914,72.230068,46.99,33.32,390.04,512,384,BGR888p,,,,,
65.0169,detections,1914,72.230068,46.86,33.32,390.12,,,,2,39:0.67 39:0.60,,,
65.0623,frame,1916,72.296715,45.45,66.65,368.86,512,384,BGR888p,,,,,
65.0641,detections,1916,72.296715,47.19,66.65,370.68,,,,0,,,,
65.108,frame,1917,72.330043,45.73,33.33,381.23,512,384,BGR888p,,,,,
65.1081,detections,1917,72.330043,43.96,33.33,381.31,,,,1,39:0.54,,,
65.1542,frame,1919,72.396678,46.23,66.63,360.84,512,384,BGR888p,,,,,
65.1543,detections,1919,72.396678,46.24,66.63,360.92,,,,2,39:0.81 39:0.72,,,
65.2034,frame,1920,72.430001,49.13,33.32,376.66,512,384,BGR888p,,,,,
65.2035,detections,1920,72.430001,49.17,33.32,376.78,,,,2,39:0.80 39:0.51,,,
65.2502,frame,1921,72.463321,46.83,33.32,390.14,512,384,BGR888p,,,,,
65.2503,detections,1921,72.463321,46.76,33.32,390.2,,,,2,39:0.77 39:0.74,,,
65.2971,frame,1923,72.529966,46.9,66.65,370.39,512,384,BGR888p,,,,,
65.2972,detections,1923,72.529966,46.89,66.65,370.44,,,,2,39:0.75 39:0.67,,,
65.3436,frame,1924,72.563292,46.47,33.33,383.55,512,384,BGR888p,,,,,
65.3436,detections,1924,72.563292,46.48,33.33,383.6,,,,2,39:0.80 39:0.71,,,
65.3901,frame,1926,72.629932,46.53,66.64,363.45,512,384,BGR888p,,,,,
65.3902,detections,1926,72.629932,46.58,66.64,363.55,,,,1,39:0.72,,,
65.4387,frame,1927,72.663254,48.66,33.32,378.85,512,384,BGR888p,,,,,
65.439,detections,1927,72.663254,48.79,33.32,379.06,,,,2,39:0.76 39:0.65,,,
65.4867,frame,1929,72.729897,47.91,66.64,360.12,512,384,BGR888p,,,,,
65.4869,detections,1929,72.729897,47.91,66.64,360.33,,,,2,39:0.81 39:0.51,,,
65.5325,frame,1930,72.76322,45.87,33.32,372.58,512,384,BGR888p,,,,,
65.5326,detections,1930,72.76322,45.68,33.32,372.63,,,,2,39:0.81 39:0.51,,,
65.5776,frame,1931,72.796542,45.04,33.32,384.32,512,384,BGR888p,,,,,
65.5777,detections,1931,72.796542,45.07,33.32,384.38,,,,3,39:0.78 39:0.56 73:0.52,,,
65.6239,frame,1933,72.863185,46.36,66.64,364.02,512,384,BGR888p,,,,,
65.624,detections,1933,72.863185,46.35,66.64,364.08,,,,2,39:0.78 39:0.62,,,
65.6709,frame,1934,72.896507,46.94,33.32,377.66,512,384,BGR888p,,,,,
65.671,detections,1934,72.896507,46.96,33.32,377.71,,,,1,39:0.76,,,
65.7202,frame,1936,72.96315,49.28,66.64,360.29,512,384,BGR888p,,,,,
65.7202,detections,1936,72.96315,49.27,66.64,360.35,,,,1,39:0.80,,,
65.765,frame,1937,72.996474,44.88,33.32,371.84,512,384,BGR888p,,,,,
65.7658,detections,1937,72.996474,45.56,33.32,372.58,,,,1,39:0.78,,,
65.8113,frame,1938,73.029793,46.26,33.32,384.81,512,384,BGR888p,,,,,
65.8114,detections,1938,73.029793,45.61,33.32,384.86,,,,1,39:0.78,,,
65.857,frame,1940,73.096438,45.67,66.65,363.8,512,384,BGR888p,,,,,
65.857,detections,1940,73.096438,45.64,66.65,363.85,,,,1,39:0.70,,,
65.9048,frame,1941,73.129761,47.79,33.32,378.28,512,384,BGR888p,,,,,
65.9049,detections,1941,73.129761,47.86,33.32,378.4,,,,2,39:0.80 39:0.52,,,
65.9049,system,0,,1029.92,,,,,,,,47.91,34.6,17.1
65.9512,frame,1943,73.196404,46.39,66.64,358.03,512,384,BGR888p,,,,,
65.9518,detections,1943,73.196404,46.91,66.64,358.67,,,,2,39:0.80 39:0.66,,,
65.9987,frame,1944,73.229726,47.56,33.32,372.31,512,384,BGR888p,,,,,
65.999,detections,1944,73.229726,47.14,33.32,372.53,,,,2,39:0.80 39:0.56,,,
66.0428,frame,1945,73.263047,44.13,33.32,383.07,512,384,BGR888p,,,,,
66.0429,detections,1945,73.263047,43.96,33.32,383.12,,,,2,39:0.81 39:0.63,,,
66.0897,frame,1947,73.329692,46.82,66.64,363.24,512,384,BGR888p,,,,,
66.0897,detections,1947,73.329692,46.82,66.64,363.3,,,,2,39:0.79 39:0.74,,,
66.1384,frame,1948,73.363014,48.7,33.32,378.64,512,384,BGR888p,,,,,
66.1385,detections,1948,73.363014,48.74,33.32,378.73,,,,2,39:0.79 39:0.70,,,
66.1866,frame,1950,73.429657,48.29,66.64,360.28,512,384,BGR888p,,,,,
66.1867,detections,1950,73.429657,48.27,66.64,360.35,,,,2,39:0.79 39:0.69,,,
66.232,frame,1951,73.462981,45.31,33.32,372.33,512,384,BGR888p,,,,,
66.2322,detections,1951,73.462981,45.47,33.32,372.57,,,,2,39:0.82 39:0.60,,,
66.2766,frame,1952,73.4963,44.66,33.32,383.67,512,384,BGR888p,,,,,
66.2769,detections,1952,73.4963,44.66,33.32,383.88,,,,3,39:0.79 39:0.58 41:0.52,,,
66.3245,frame,1954,73.562945,47.88,66.64,364.9,512,384,BGR888p,,,,,
66.3247,detections,1954,73.562945,47.86,66.64,365.1,,,,3,39:0.79 39:0.67 62:0.65,,,
66.3718,frame,1955,73.596267,47.3,33.32,378.88,512,384,BGR888p,,,,,
66.372,detections,1955,73.596267,47.32,33.32,379.09,,,,1,39:0.70,,,
66.4194,frame,1957,73.66291,47.63,66.64,359.87,512,384,BGR888p,,,,,
66.4197,detections,1957,73.66291,47.63,66.64,360.08,,,,1,39:0.79,,,
66.4652,frame,1958,73.696237,45.78,33.33,372.35,512,384,BGR888p,,,,,
66.4655,detections,1958,73.696237,45.81,33.33,372.57,,,,2,39:0.84 62:0.55,,,
66.5108,frame,1959,73.729553,45.62,33.32,384.62,512,384,BGR888p,,,,,
66.5111,detections,1959,73.729553,45.59,33.32,384.84,,,,2,39:0.86 63:0.53,,,
66.5567,frame,1961,73.796199,45.88,66.65,363.86,512,384,BGR888p,,,,,
66.557,detections,1961,73.796199,45.88,66.65,364.07,,,,3,39:0.82 63:0.70 41:0.52,,,
66.6054,frame,1962,73.82952,48.74,33.32,379.28,512,384,BGR888p,,,,,
66.6057,detections,1962,73.82952,48.74,33.32,379.49,,,,3,39:0.80 63:0.77 41:0.56,,,
66.6525,frame,1964,73.896163,47.08,66.64,359.72,512,384,BGR888p,,,,,
66.6528,detections,1964,73.896163,47.08,66.64,359.93,,,,3,39:0.78 63:0.71 41:0.53,,,
66.6995,frame,1965,73.929487,46.95,33.32,373.34,512,384,BGR888p,,,,,
66.6997,detections,1965,73.929487,46.95,33.32,373.55,,,,3,39:0.77 39:0.59 63:0.52,,,
66.7451,frame,1966,73.962807,45.66,33.32,385.7,512,384,BGR888p,,,,,
66.7454,detections,1966,73.962807,45.69,33.32,385.92,,,,3,39:0.77 62:0.56 39:0.52,,,
66.7909,frame,1968,74.029451,45.75,66.64,364.79,512,384,BGR888p,,,,,
66.7911,detections,1968,74.029451,45.72,66.64,365.0,,,,3,39:0.74 39:0.69 62:0.50,,,
66.8386,frame,1969,74.062775,47.67,33.32,379.14,512,384,BGR888p,,,,,
66.8388,detections,1969,74.062775,47.67,33.32,379.35,,,,3,39:0.79 63:0.58 39:0.55,,,
66.886,frame,1971,74.129416,47.49,66.64,359.98,512,384,BGR888p,,,,,
66.887,detections,1971,74.129416,48.22,66.64,360.98,,,,3,39:0.79 39:0.75 63:0.54,,,
66.8874,system,0,,982.4,,,,,,,,47.46,34.0,16.9
66.9327,frame,1972,74.162742,46.68,33.33,373.33,512,384,BGR888p,,,,,
66.9331,detections,1972,74.162742,46.12,33.33,373.73,,,,3,63:0.75 39:0.71 39:0.67,,,
66.9788,frame,1973,74.196059,46.04,33.32,386.06,512,384,BGR888p,,,,,
66.979,detections,1973,74.196059,45.87,33.32,386.27,,,,3,39:0.66 62:0.60 39:0.51,,,
67.0248,frame,1975,74.262705,46.08,66.65,365.49,512,384,BGR888p,,,,,
67.0251,detections,1975,74.262705,46.08,66.65,365.7,,,,2,63:0.81 39:0.69,,,
67.0723,frame,1976,74.296027,47.46,33.32,379.63,512,384,BGR888p,,,,,
67.0726,detections,1976,74.296027,47.46,33.32,379.84,,,,1,62:0.56,,,
67.1185,frame,1978,74.36267,46.17,66.64,359.16,512,384,BGR888p,,,,,
67.1194,detections,1978,74.36267,46.82,66.64,360.05,,,,1,62:0.77,,,
67.1647,frame,1979,74.395992,46.26,33.32,372.1,512,384,BGR888p,,,,,
67.165,detections,1979,74.395992,45.62,33.32,372.32,,,,1,62:0.81,,,
67.2098,frame,1980,74.429313,45.06,33.32,383.83,512,384,BGR888p,,,,,
67.21,detections,1980,74.429313,45.05,33.32,384.05,,,,1,62:0.78,,,
67.258,frame,1982,74.495958,48.17,66.65,365.36,512,384,BGR888p,,,,,
67.2582,detections,1982,74.495958,48.17,66.65,365.59,,,,2,62:0.71 59:0.50,,,
67.3051,frame,1983,74.52928,47.15,33.32,379.18,512,384,BGR888p,,,,,
67.3055,detections,1983,74.52928,47.24,33.32,379.5,,,,1,62:0.74,,,
67.3513,frame,1985,74.595923,46.24,66.64,358.78,512,384,BGR888p,,,,,
67.3516,detections,1985,74.595923,46.14,66.64,358.99,,,,1,62:0.68,,,
67.3981,frame,1986,74.629245,46.75,33.32,372.2,512,384,BGR888p,,,,,
67.3984,detections,1986,74.629245,46.78,33.32,372.48,,,,1,62:0.65,,,
67.4438,frame,1987,74.662566,45.66,33.32,384.54,512,384,BGR888p,,,,,
67.444,detections,1987,74.662566,45.63,33.32,384.75,,,,1,62:0.64,,,
67.4899,frame,1989,74.729211,46.12,66.65,364.02,512,384,BGR888p,,,,,
67.4901,detections,1989,74.729211,46.13,66.65,364.23,,,,1,62:0.65,,,
67.5378,frame,1990,74.762533,47.91,33.32,378.61,512,384,BGR888p,,,,,
67.538,detections,1990,74.762533,47.91,33.32,378.82,,,,1,62:0.70,,,
67.5859,frame,1992,74.829176,48.1,66.64,360.04,512,384,BGR888p,,,,,
67.5861,detections,1992,74.829176,48.02,66.64,360.16,,,,2,62:0.70 66:0.52,,,
67.6328,frame,1993,74.862499,46.88,33.32,373.62,512,384,BGR888p,,,,,
67.633,detections,1993,74.862499,46.97,33.32,373.84,,,,1,62:0.78,,,
67.6793,frame,1994,74.89582,46.56,33.32,386.87,512,384,BGR888p,,,,,
67.6796,detections,1994,74.89582,46.56,33.32,387.08,,,,2,62:0.71 66:0.52,,,
67.725,frame,1996,74.962464,45.67,66.64,365.9,512,384,BGR888p,,,,,
67.7253,detections,1996,74.962464,45.7,66.64,366.14,,,,1,63:0.76,,,
67.7729,frame,1997,74.995789,47.95,33.33,380.51,512,384,BGR888p,,,,,
67.7732,detections,1997,74.995789,47.91,33.33,380.75,,,,1,63:0.73,,,
67.8205,frame,1999,75.062429,47.6,66.64,361.47,512,384,BGR888p,,,,,
67.8215,detections,1999,75.062429,48.26,66.64,362.4,,,,1,63:0.70,,,
67.8671,frame,2000,75.095755,46.58,33.33,374.76,512,384,BGR888p,,,,,
67.8677,detections,2000,75.095755,46.24,33.33,375.29,,,,1,62:0.67,,,
67.8679,system,0,,980.58,,,,,,,,47.69,35.0,17.9
67.9114,frame,2001,75.129072,44.24,33.32,385.66,512,384,BGR888p,,,,,
67.9116,detections,2001,75.129072,43.93,33.32,385.88,,,,1,63:0.62,,,
67.957,frame,2003,75.195718,45.66,66.65,364.66,512,384,BGR888p,,,,,
67.9575,detections,2003,75.195718,45.86,66.65,365.1,,,,1,62:0.71,,,
68.0047,frame,2004,75.229039,47.73,33.32,378.99,512,384,BGR888p,,,,,
68.0048,detections,2004,75.229039,47.33,33.32,379.05,,,,1,63:0.75,,,
68.0517,frame,2006,75.295682,46.96,66.64,359.34,512,384,BGR888p,,,,,
68.0519,detections,2006,75.295682,47.03,66.64,359.46,,,,1,63:0.80,,,
68.0976,frame,2007,75.329006,45.88,33.32,371.93,512,384,BGR888p,,,,,
68.0978,detections,2007,75.329006,45.98,33.32,372.15,,,,2,63:0.79 63:0.55,,,
68.1438,frame,2008,75.362325,46.21,33.32,384.83,512,384,BGR888p,,,,,
68.1444,detections,2008,75.362325,46.56,33.32,385.42,,,,1,62:0.67,,,
68.19,frame,2010,75.428971,46.2,66.65,364.38,512,384,BGR888p,,,,,
68.1903,detections,2010,75.428971,45.87,66.65,364.62,,,,1,62:0.67,,,
68.2388,frame,2011,75.462293,48.82,33.32,379.88,512,384,BGR888p,,,,,
68.2391,detections,2011,75.462293,48.79,33.32,380.09,,,,1,63:0.72,,,
68.2848,frame,2013,75.528935,45.97,66.64,359.14,512,384,BGR888p,,,,,
68.2849,detections,2013,75.528935,45.82,66.64,359.22,,,,1,62:0.74,,,
68.3311,frame,2014,75.562259,46.36,33.32,372.26,512,384,BGR888p,,,,,
68.3314,detections,2014,75.562259,46.53,33.32,372.48,,,,1,62:0.73,,,
68.3773,frame,2015,75.59558,46.13,33.32,385.05,512,384,BGR888p,,,,,
68.3775,detections,2015,75.59558,46.11,33.32,385.27,,,,1,62:0.73,,,
68.4232,frame,2017,75.662224,45.92,66.64,364.36,512,384,BGR888p,,,,,
68.4235,detections,2017,75.662224,45.95,66.64,364.57,,,,1,62:0.75,,,
68.4716,frame,2018,75.695546,48.44,33.32,379.45,512,384,BGR888p,,,,,
68.4719,detections,2018,75.695546,48.41,33.32,379.66,,,,1,62:0.69,,,
68.5196,frame,2020,75.762189,47.92,66.64,360.72,512,384,BGR888p,,,,,
68.5198,detections,2020,75.762189,47.92,66.64,360.93,,,,1,63:0.77,,,
68.5644,frame,2021,75.795511,44.86,33.32,372.26,512,384,BGR888p,,,,,
68.5647,detections,2021,75.795511,44.86,33.32,372.47,,,,1,63:0.72,,,
68.6106,frame,2022,75.828832,46.16,33.32,385.1,512,384,BGR888p,,,,,
68.6108,detections,2022,75.828832,46.16,33.32,385.31,,,,1,63:0.64,,,
68.657,frame,2024,75.895477,46.45,66.64,364.93,512,384,BGR888p,,,,,
68.6574,detections,2024,75.895477,46.53,66.64,365.22,,,,1,63:0.75,,,
68.7058,frame,2025,75.928799,48.73,33.32,380.31,512,384,BGR888p,,,,,
68.706,detections,2025,75.928799,48.64,33.32,380.52,,,,1,62:0.68,,,
68.7527,frame,2027,75.995442,46.91,66.64,360.57,512,384,BGR888p,,,,,
68.7529,detections,2027,75.995442,46.91,66.64,360.79,,,,1,62:0.76,,,
68.7989,frame,2028,76.028765,46.2,33.32,373.46,512,384,BGR888p,,,,,
68.7991,detections,2028,76.028765,46.21,33.32,373.67,,,,1,62:0.64,,,
68.8451,frame,2029,76.062085,46.23,33.32,386.37,512,384,BGR888p,,,,,
68.8454,detections,2029,76.062085,46.25,33.32,386.61,,,,1,62:0.60,,,
68.8916,frame,2031,76.12873,46.45,66.65,366.17,512,384,BGR888p,,,,,
68.8918,detections,2031,76.12873,46.43,66.65,366.39,,,,1,62:0.66,,,
68.892,system,0,,1024.05,,,,,,,,48.02,34.5,16.9
68.9383,frame,2032,76.162053,46.77,33.32,379.62,512,384,BGR888p,,,,,
68.9386,detections,2032,76.162053,46.77,33.32,379.83,,,,1,62:0.63,,,
68.9852,frame,2034,76.228695,46.91,66.64,359.92,512,384,BGR888p,,,,,
68.9864,detections,2034,76.228695,47.78,66.64,361.04,,,,1,63:0.69,,,
69.0326,frame,2035,76.262021,47.34,33.33,373.9,512,384,BGR888p,,,,,
69.0328,detections,2035,76.262021,46.46,33.33,374.11,,,,1,63:0.64,,,
69.078,frame,2036,76.295338,45.39,33.32,385.93,512,384,BGR888p,,,,,
69.0781,detections,2036,76.295338,45.28,33.32,386.05,,,,1,62:0.66,,,
69.1238,frame,2038,76.361983,45.87,66.64,365.12,512,384,BGR888p,,,,,
69.1239,detections,2038,76.361983,45.79,66.64,365.17,,,,1,62:0.79,,,
69.1705,frame,2039,76.395306,46.7,33.32,378.51,512,384,BGR888p,,,,,
69.1706,detections,2039,76.395306,46.72,33.32,378.57,,,,1,62:0.65,,,
69.2199,frame,2041,76.461948,49.38,66.64,361.27,512,384,BGR888p,,,,,
69.22,detections,2041,76.461948,49.43,66.64,361.37,,,,1,63:0.66,,,
69.2682,frame,2042,76.495271,48.24,33.32,376.27,512,384,BGR888p,,,,,
69.2684,detections,2042,76.495271,48.4,33.32,376.49,,,,1,63:0.70,,,
69.3165,frame,2043,76.528591,48.36,33.32,391.28,512,384,BGR888p,,,,,
69.3168,detections,2043,76.528591,48.33,33.32,391.49,,,,1,63:0.74,,,
69.3602,frame,2045,76.595236,43.72,66.64,368.37,512,384,BGR888p,,,,,
69.3605,detections,2045,76.595236,43.73,66.64,368.58,,,,1,63:0.78,,,
69.406,frame,2046,76.628559,45.73,33.32,380.68,512,384,BGR888p,,,,,
69.406,detections,2046,76.628559,45.54,33.32,380.75,,,,1,63:0.73,,,
69.455,frame,2048,76.695201,49.0,66.64,363.04,512,384,BGR888p,,,,,
69.455,detections,2048,76.695201,48.98,66.64,363.09,,,,1,63:0.73,,,
69.5004,frame,2049,76.728526,45.39,33.33,375.11,512,384,BGR888p,,,,,
69.5004,detections,2049,76.728526,45.4,33.33,375.16,,,,1,63:0.72,,,
69.5459,frame,2050,76.761845,45.58,33.32,387.37,512,384,BGR888p,,,,,
69.546,detections,2050,76.761845,45.58,33.32,387.43,,,,1,63:0.71,,,
69.5921,frame,2052,76.82849,46.13,66.65,366.85,512,384,BGR888p,,,,,
69.5921,detections,2052,76.82849,46.14,66.65,366.92,,,,1,62:0.63,,,
69.6392,frame,2053,76.861813,47.14,33.32,380.7,512,384,BGR888p,,,,,
69.6393,detections,2053,76.861813,47.18,33.32,380.79,,,,1,62:0.62,,,
69.6889,frame,2055,76.928455,49.69,66.64,363.71,512,384,BGR888p,,,,,
69.689,detections,2055,76.928455,49.63,66.64,363.76,,,,1,62:0.70,,,
69.7338,frame,2056,76.96178,44.89,33.33,375.27,512,384,BGR888p,,,,,
69.7338,detections,2056,76.96178,44.89,33.33,375.33,,,,1,62:0.70,,,
69.7794,frame,2057,76.995098,45.57,33.32,387.52,512,384,BGR888p,,,,,
69.7794,detections,2057,76.995098,45.58,33.32,387.58,,,,1,62:0.54,,,
69.8251,frame,2059,77.061743,45.72,66.65,366.61,512,384,BGR888p,,,,,
69.8252,detections,2059,77.061743,45.73,66.65,366.67,,,,1,62:0.78,,,
69.8718,frame,2060,77.095065,46.68,33.32,380.04,512,384,BGR888p,,,,,
69.872,detections,2060,77.095065,46.86,33.32,380.27,,,,1,62:0.73,,,
69.8722,system,0,,980.24,,,,,,,,47.91,35.3,17.1
69.9214,frame,2062,77.161708,49.66,66.64,363.06,512,384,BGR888p,,,,,
69.9217,detections,2062,77.161708,49.66,66.64,363.27,,,,1,62:0.50,,,
69.9687,frame,2063,77.195031,47.3,33.32,377.04,512,384,BGR888p,,,,,
69.969,detections,2063,77.195031,47.3,33.32,377.25,,,,0,,,,
70.0122,frame,2064,77.228351,43.49,33.32,387.17,512,384,BGR888p,,,,,
70.0124,detections,2064,77.228351,43.47,33.32,387.37,,,,0,,,,
70.0585,frame,2066,77.294997,46.27,66.65,366.77,512,384,BGR888p,,,,,
70.0586,detections,2066,77.294997,46.13,66.65,366.84,,,,0,,,,
70.1065,frame,2067,77.328319,47.98,33.32,381.41,512,384,BGR888p,,,,,
70.1065,detections,2067,77.328319,47.96,33.32,381.47,,,,0,,,,
70.1544,frame,2069,77.394961,47.98,66.64,362.75,512,384,BGR888p,,,,,
70.1545,detections,2069,77.394961,47.98,66.64,362.8,,,,0,,,,
70.2024,frame,2070,77.428284,47.93,33.32,375.47,512,384,BGR888p,,,,,
70.2025,detections,2070,77.428284,47.95,33.32,375.53,,,,0,,,,
70.2494,frame,2071,77.461604,46.98,33.32,389.11,512,384,BGR888p,,,,,
70.2494,detections,2071,77.461604,46.97,33.32,389.17,,,,0,,,,
70.2924,frame,2073,77.528249,43.09,66.65,365.56,512,384,BGR888p,,,,,
70.2925,detections,2073,77.528249,43.08,66.65,365.61,,,,0,,,,
70.3402,frame,2074,77.561572,47.78,33.32,380.04,512,384,BGR888p,,,,,
70.3403,detections,2074,77.561572,47.81,33.32,380.1,,,,0,,,,
70.3863,frame,2076,77.628214,46.07,66.64,359.48,512,384,BGR888p,,,,,
70.3864,detections,2076,77.628214,46.12,66.64,359.6,,,,0,,,,
70.4351,frame,2077,77.661538,48.79,33.32,374.99,512,384,BGR888p,,,,,
70.4354,detections,2077,77.661538,48.93,33.32,375.24,,,,0,,,,
70.4805,frame,2078,77.694859,45.39,33.32,387.06,512,384,BGR888p,,,,,
70.4807,detections,2078,77.694859,45.36,33.32,387.28,,,,0,,,,
70.525,frame,2080,77.761502,44.51,66.64,364.95,512,384,BGR888p,,,,,
70.5254,detections,2080,77.761502,44.69,66.64,365.34,,,,0,,,,
70.5722,frame,2081,77.794826,47.22,33.32,378.85,512,384,BGR888p,,,,,
70.5725,detections,2081,77.794826,47.07,33.32,379.08,,,,0,,,,
70.6213,frame,2083,77.861468,49.14,66.64,361.31,512,384,BGR888p,,,,,
70.6216,detections,2083,77.861468,49.1,66.64,361.54,,,,0,,,,
70.667,frame,2084,77.894793,45.68,33.33,373.67,512,384,BGR888p,,,,,
70.6673,detections,2084,77.894793,45.7,33.33,373.92,,,,0,,,,
70.7126,frame,2086,77.961433,45.63,66.64,352.66,512,384,BGR888p,,,,,
70.7129,detections,2086,77.961433,45.61,66.64,352.88,,,,0,,,,
70.7601,frame,2087,77.994756,47.48,33.32,366.82,512,384,BGR888p,,,,,
70.7604,detections,2087,77.994756,47.51,33.32,367.07,,,,0,,,,
70.8068,frame,2088,78.028078,46.67,33.32,380.17,512,384,BGR888p,,,,,
70.8071,detections,2088,78.028078,46.65,33.32,380.39,,,,0,,,,
70.8561,frame,2090,78.094721,49.32,66.64,362.85,512,384,BGR888p,,,,,
70.8564,detections,2090,78.094721,49.35,66.64,363.1,,,,0,,,,
70.9037,frame,2091,78.128044,47.56,33.32,377.09,512,384,BGR888p,,,,,
70.904,detections,2091,78.128044,47.56,33.32,377.36,,,,0,,,,
70.9042,system,0,,1031.96,,,,,,,,47.8,34.1,16.3
70.9495,frame,2092,78.161364,45.83,33.32,389.6,512,384,BGR888p,,,,,
70.9498,detections,2092,78.161364,45.8,33.32,389.82,,,,0,,,,
70.9969,frame,2094,78.228009,47.38,66.64,370.35,512,384,BGR888p,,,,,
70.9972,detections,2094,78.228009,47.44,66.64,370.66,,,,0,,,,
71.0414,frame,2095,78.261331,44.55,33.32,381.56,512,384,BGR888p,,,,,
71.0421,detections,2095,78.261331,44.85,33.32,382.17,,,,0,,,,
71.0878,frame,2097,78.327974,46.38,66.64,361.3,512,384,BGR888p,,,,,
71.0881,detections,2097,78.327974,46.02,66.64,361.52,,,,0,,,,
71.1361,frame,2098,78.361298,48.28,33.32,376.25,512,384,BGR888p,,,,,
71.1364,detections,2098,78.361298,48.32,33.32,376.51,,,,0,,,,
71.1836,frame,2099,78.394619,47.53,33.32,390.46,512,384,BGR888p,,,,,
71.1839,detections,2099,78.394619,47.49,33.32,390.68,,,,0,,,,
71.2308,frame,2101,78.461262,47.14,66.64,370.95,512,384,BGR888p,,,,,
71.231,detections,2101,78.461262,47.14,66.64,371.18,,,,0,,,,
71.2736,frame,2102,78.494601,42.86,33.34,380.41,512,384,BGR888p,,,,,
71.2737,detections,2102,78.494601,42.71,33.34,380.5,,,,0,,,,
71.32,frame,2104,78.561229,46.41,66.63,360.18,512,384,BGR888p,,,,,
71.3201,detections,2104,78.561229,46.37,66.63,360.24,,,,0,,,,
71.3687,frame,2105,78.59455,48.65,33.32,375.51,512,384,BGR888p,,,,,
71.3688,detections,2105,78.59455,48.66,33.32,375.57,,,,0,,,,
71.4162,frame,2107,78.661193,47.53,66.64,356.4,512,384,BGR888p,,,,,
71.4163,detections,2107,78.661193,47.53,66.64,356.46,,,,0,,,,
71.4618,frame,2108,78.694516,45.62,33.32,368.69,512,384,BGR888p,,,,,
71.4619,detections,2108,78.694516,45.61,33.32,368.74,,,,0,,,,
71.5084,frame,2109,78.727839,46.59,33.32,381.96,512,384,BGR888p,,,,,
71.5085,detections,2109,78.727839,46.6,33.32,382.02,,,,0,,,,
71.5555,frame,2111,78.79448,47.09,66.64,362.4,512,384,BGR888p,,,,,
71.5556,detections,2111,78.79448,47.09,66.64,362.46,,,,0,,,,
71.6039,frame,2112,78.827803,48.35,33.32,377.43,512,384,BGR888p,,,,,
71.6039,detections,2112,78.827803,48.35,33.32,377.49,,,,0,,,,
71.6493,frame,2114,78.894446,45.46,66.64,356.24,512,384,BGR888p,,,,,
71.6494,detections,2114,78.894446,45.45,66.64,356.3,,,,0,,,,
71.6941,frame,2115,78.927771,44.78,33.33,367.69,512,384,BGR888p,,,,,
71.6942,detections,2115,78.927771,44.77,33.33,367.75,,,,0,,,,
71.7411,frame,2116,78.961095,46.98,33.32,381.35,512,384,BGR888p,,,,,
71.7411,detections,2116,78.961095,46.98,33.32,381.41,,,,0,,,,
71.7885,frame,2118,79.027734,47.41,66.64,362.12,512,384,BGR888p,,,,,
71.7886,detections,2118,79.027734,47.4,66.64,362.17,,,,0,,,,
71.837,frame,2119,79.061056,48.54,33.32,377.33,512,384,BGR888p,,,,,
71.8371,detections,2119,79.061056,48.54,33.32,377.39,,,,0,,,,
71.8842,frame,2121,79.127699,47.15,66.64,357.85,512,384,BGR888p,,,,,
71.8843,detections,2121,79.127699,47.17,66.64,357.92,,,,0,,,,
71.8843,system,0,,980.11,,,,,,,,48.19,34.2,16.6
71.9302,frame,2122,79.161024,46.0,33.32,370.53,512,384,BGR888p,,,,,
71.9303,detections,2122,79.161024,46.02,33.32,370.62,,,,1,62:0.75,,,
71.9759,frame,2123,79.194344,45.76,33.32,383.04,512,384,BGR888p,,,,,
71.9762,detections,2123,79.194344,45.9,33.32,383.28,,,,1,62:0.78,,,
72.0231,frame,2125,79.260987,47.2,66.64,363.61,512,384,BGR888p,,,,,
72.0234,detections,2125,79.260987,47.23,66.64,363.83,,,,0,,,,
72.0711,frame,2126,79.29431,47.92,33.32,378.12,512,384,BGR888p,,,,,
72.0712,detections,2126,79.29431,47.79,33.32,378.26,,,,4,41:0.70 66:0.63 62:0.56 62:0.52,,,
72.1189,frame,2128,79.360952,47.81,66.64,359.29,512,384,BGR888p,,,,,
72.1196,detections,2128,79.360952,48.37,66.64,359.99,,,,3,41:0.63 63:0.52 62:0.52,,,
72.1659,frame,2129,79.394278,47.0,33.33,372.96,512,384,BGR888p,,,,,
72.166,detections,2129,79.394278,46.37,33.33,373.04,,,,2,41:0.60 63:0.57,,,
72.2116,frame,2130,79.427596,45.69,33.32,385.35,512,384,BGR888p,,,,,
72.2117,detections,2130,79.427596,45.72,33.32,385.44,,,,0,,,,
72.2585,frame,2132,79.494241,46.92,66.65,365.62,512,384,BGR888p,,,,,
72.2586,detections,2132,79.494241,46.91,66.65,365.7,,,,1,41:0.53,,,
72.3058,frame,2133,79.527564,47.34,33.32,379.63,512,384,BGR888p,,,,,
72.3059,detections,2133,79.527564,47.34,33.32,379.72,,,,2,56:0.60 41:0.50,,,
72.3543,frame,2135,79.594205,48.51,66.64,361.5,512,384,BGR888p,,,,,
72.3544,detections,2135,79.594205,48.51,66.64,361.59,,,,1,41:0.51,,,
72.4013,frame,2136,79.627528,46.93,33.32,375.11,512,384,BGR888p,,,,,
72.4014,detections,2136,79.627528,46.93,33.32,375.2,,,,0,,,,
72.4488,frame,2137,79.660849,47.57,33.32,389.35,512,384,BGR888p,,,,,
72.4489,detections,2137,79.660849,47.57,33.32,389.44,,,,1,41:0.53,,,
72.4926,frame,2139,79.727494,43.78,66.64,366.48,512,384,BGR888p,,,,,
72.4927,detections,2139,79.727494,43.76,66.64,366.56,,,,0,,,,
72.5399,frame,2140,79.760816,47.31,33.32,380.47,512,384,BGR888p,,,,,
72.54,detections,2140,79.760816,47.31,33.32,380.55,,,,0,,,,
72.5888,frame,2142,79.827459,48.88,66.64,362.7,512,384,BGR888p,,,,,
72.5889,detections,2142,79.827459,48.87,66.64,362.78,,,,3,56:0.64 63:0.58 41:0.55,,,
72.6371,frame,2143,79.860782,48.3,33.32,377.69,512,384,BGR888p,,,,,
72.6372,detections,2143,79.860782,48.3,33.32,377.76,,,,1,41:0.64,,,
72.6834,frame,2144,79.894102,46.34,33.32,390.71,512,384,BGR888p,,,,,
72.6835,detections,2144,79.894102,46.34,33.32,390.78,,,,2,56:0.53 41:0.53,,,
72.7303,frame,2146,79.960747,46.83,66.64,370.9,512,384,BGR888p,,,,,
72.7304,detections,2146,79.960747,46.84,66.64,370.98,,,,4,62:0.73 56:0.73 66:0.55 63:0.53,,,
72.7762,frame,2147,79.994085,45.95,33.34,383.6,512,384,BGR888p,,,,,
72.7765,detections,2147,79.994085,46.12,33.34,383.81,,,,3,66:0.73 62:0.66 56:0.58,,,
72.823,frame,2149,80.060712,46.8,66.63,363.75,512,384,BGR888p,,,,,
72.8233,detections,2149,80.060712,46.8,66.63,363.99,,,,2,66:0.74 62:0.69,,,
72.8715,frame,2150,80.094035,48.53,33.32,378.95,512,384,BGR888p,,,,,
72.8718,detections,2150,80.094035,48.5,33.32,379.16,,,,3,66:0.73 62:0.67 63:0.51,,,
72.9183,frame,2151,80.127355,46.79,33.32,392.43,512,384,BGR888p,,,,,
72.9194,detections,2151,80.127355,47.61,33.32,393.49,,,,5,66:0.72 62:0.70 63:0.56 56:0.55 56:0.50,,,
72.9197,system,0,,1035.38,,,,,,,,48.08,34.1,16.7
72.9649,frame,2153,80.194003,46.59,66.65,372.39,512,384,BGR888p,,,,,
72.9652,detections,2153,80.194003,45.83,66.65,372.68,,,,4,66:0.74 62:0.66 63:0.62 56:0.62,,,
73.0105,frame,2154,80.227321,45.6,33.32,384.58,512,384,BGR888p,,,,,
73.0106,detections,2154,80.227321,45.4,33.32,384.67,,,,3,66:0.66 62:0.63 63:0.60,,,
73.0568,frame,2156,80.293966,46.27,66.64,364.2,512,384,BGR888p,,,,,
73.0569,detections,2156,80.293966,46.25,66.64,364.27,,,,3,66:0.56 63:0.53 62:0.53,,,
73.1039,frame,2157,80.327288,47.11,33.32,377.98,512,384,BGR888p,,,,,
73.104,detections,2157,80.327288,47.17,33.32,378.12,,,,6,66:0.69 56:0.65 63:0.61 41:0.57 62:0.57 63:0.52,,,
73.1519,frame,2159,80.393931,48.0,66.64,359.34,512,384,BGR888p,,,,,
73.152,detections,2159,80.393931,47.93,66.64,359.39,,,,4,56:0.63 66:0.59 62:0.59 63:0.58,,,
73.1973,frame,2160,80.427254,45.42,33.32,371.45,512,384,BGR888p,,,,,
73.1974,detections,2160,80.427254,45.45,33.32,371.53,,,,3,56:0.71 66:0.63 63:0.53,,,
73.243,frame,2161,80.460574,45.7,33.32,383.89,512,384,BGR888p,,,,,
73.2433,detections,2161,80.460574,45.87,33.32,384.13,,,,4,63:0.63 66:0.60 56:0.57 41:0.52,,,
73.2892,frame,2163,80.527219,46.21,66.65,363.47,512,384,BGR888p,,,,,
73.2895,detections,2163,80.527219,46.21,66.65,363.69,,,,4,63:0.68 56:0.63 41:0.60 66:0.59,,,
73.3377,frame,2164,80.560542,48.44,33.32,378.61,512,384,BGR888p,,,,,
73.338,detections,2164,80.560542,48.5,33.32,378.91,,,,4,41:0.71 66:0.66 56:0.60 63:0.55,,,
73.3843,frame,2166,80.627185,46.59,66.64,358.46,512,384,BGR888p,,,,,
73.3844,detections,2166,80.627185,46.44,66.64,358.62,,,,2,41:0.60 56:0.50,,,
73.4307,frame,2167,80.660507,46.44,33.32,371.57,512,384,BGR888p,,,,,
73.4308,detections,2167,80.660507,46.34,33.32,371.63,,,,2,41:0.71 56:0.54,,,
73.4767,frame,2168,80.693828,46.03,33.32,384.3,512,384,BGR888p,,,,,
73.4768,detections,2168,80.693828,46.05,33.32,384.37,,,,1,41:0.74,,,
73.5231,frame,2170,80.760472,46.36,66.64,364.1,512,384,BGR888p,,,,,
73.5234,detections,2170,80.760472,46.6,66.64,364.4,,,,1,41:0.71,,,
73.5713,frame,2171,80.793796,48.2,33.32,378.95,512,384,BGR888p,,,,,
73.5716,detections,2171,80.793796,48.11,33.32,379.16,,,,0,,,,
73.6172,frame,2173,80.860437,45.91,66.64,358.24,512,384,BGR888p,,,,,
73.6175,detections,2173,80.860437,45.94,66.64,358.46,,,,0,,,,
73.6642,frame,2174,80.893761,46.98,33.32,371.91,512,384,BGR888p,,,,,
73.665,detections,2174,80.893761,47.48,33.32,372.65,,,,1,41:0.57,,,
73.71,frame,2175,80.92708,45.76,33.32,384.34,512,384,BGR888p,,,,,
73.7103,detections,2175,80.92708,45.33,33.32,384.67,,,,1,41:0.65,,,
73.7568,frame,2177,80.993725,46.89,66.64,364.56,512,384,BGR888p,,,,,
73.7571,detections,2177,80.993725,46.79,66.64,364.77,,,,0,,,,
73.8044,frame,2178,81.027048,47.55,33.32,378.79,512,384,BGR888p,,,,,
73.8047,detections,2178,81.027048,47.56,33.32,379.01,,,,2,64:0.53 62:0.51,,,
73.8499,frame,2180,81.09369,45.49,66.64,357.63,512,384,BGR888p,,,,,
73.8501,detections,2180,81.09369,45.47,66.64,357.84,,,,1,41:0.53,,,
73.8971,frame,2181,81.127015,47.25,33.33,371.56,512,384,BGR888p,,,,,
73.8974,detections,2181,81.127015,47.29,33.33,371.81,,,,2,41:0.55 64:0.54,,,
73.8976,system,0,,977.92,,,,,,,,48.08,34.0,17.1
73.9422,frame,2182,81.160334,45.06,33.32,383.32,512,384,BGR888p,,,,,
73.9425,detections,2182,81.160334,45.05,33.32,383.54,,,,2,41:0.57 64:0.53,,,
73.9883,frame,2184,81.22698,46.13,66.65,362.78,512,384,BGR888p,,,,,
73.9886,detections,2184,81.22698,46.1,66.65,362.99,,,,1,41:0.58,,,
74.0366,frame,2185,81.260301,48.24,33.32,377.7,512,384,BGR888p,,,,,
74.0368,detections,2185,81.260301,48.24,33.32,377.91,,,,0,,,,
74.0831,frame,2187,81.326943,46.52,66.64,357.57,512,384,BGR888p,,,,,
74.0834,detections,2187,81.326943,46.55,66.64,357.82,,,,2,64:0.54 62:0.50,,,
74.1298,frame,2188,81.360267,46.7,33.32,370.95,512,384,BGR888p,,,,,
74.1302,detections,2188,81.360267,46.87,33.32,371.42,,,,2,64:0.59 62:0.51,,,
74.1754,frame,2189,81.393587,45.62,33.32,383.24,512,384,BGR888p,,,,,
74.1756,detections,2189,81.393587,45.4,33.32,383.45,,,,2,41:0.61 64:0.56,,,
74.2229,frame,2191,81.460232,47.54,66.65,364.14,512,384,BGR888p,,,,,
74.2232,detections,2191,81.460232,47.55,66.65,364.38,,,,1,41:0.52,,,
74.2704,frame,2192,81.493554,47.51,33.32,378.33,512,384,BGR888p,,,,,
74.2707,detections,2192,81.493554,47.5,33.32,378.54,,,,1,64:0.50,,,
74.3161,frame,2194,81.560197,45.66,66.64,357.34,512,384,BGR888p,,,,,
74.317,detections,2194,81.560197,46.36,66.64,358.28,,,,0,,,,
74.3635,frame,2195,81.59352,47.38,33.32,371.41,512,384,BGR888p,,,,,
74.3637,detections,2195,81.59352,46.7,33.32,371.63,,,,1,41:0.51,,,
74.4094,frame,2196,81.626842,45.94,33.32,384.03,512,384,BGR888p,,,,,
74.4097,detections,2196,81.626842,45.94,33.32,384.24,,,,0,,,,
74.4566,frame,2198,81.693485,47.17,66.64,364.54,512,384,BGR888p,,,,,
74.4568,detections,2198,81.693485,47.15,66.64,364.75,,,,1,62:0.56,,,
74.5031,frame,2199,81.726809,46.55,33.32,377.71,512,384,BGR888p,,,,,
74.5032,detections,2199,81.726809,46.4,33.32,377.78,,,,1,62:0.52,,,
74.5512,frame,2201,81.79345,48.06,66.64,359.22,512,384,BGR888p,,,,,
74.5515,detections,2201,81.79345,48.25,66.64,359.43,,,,1,63:0.56,,,
74.5973,frame,2202,81.826774,46.07,33.32,371.94,512,384,BGR888p,,,,,
74.5975,detections,2202,81.826774,46.05,33.32,372.15,,,,2,62:0.56 63:0.51,,,
74.6437,frame,2203,81.860094,46.46,33.32,385.08,512,384,BGR888p,,,,,
74.644,detections,2203,81.860094,46.46,33.32,385.29,,,,1,62:0.55,,,
74.6903,frame,2205,81.926738,46.56,66.64,365.0,512,384,BGR888p,,,,,
74.6905,detections,2205,81.926738,46.56,66.64,365.21,,,,2,41:0.51 62:0.51,,,
74.7378,frame,2206,81.960061,47.48,33.32,379.15,512,384,BGR888p,,,,,
74.738,detections,2206,81.960061,47.48,33.32,379.37,,,,2,62:0.55 41:0.50,,,
74.7853,frame,2208,82.026703,47.55,66.64,360.06,512,384,BGR888p,,,,,
74.7856,detections,2208,82.026703,47.55,66.64,360.27,,,,0,,,,
74.8315,frame,2209,82.060026,46.18,33.32,372.92,512,384,BGR888p,,,,,
74.8318,detections,2209,82.060026,46.19,33.32,373.14,,,,1,63:0.62,,,
74.8778,frame,2210,82.093347,46.32,33.32,385.91,512,384,BGR888p,,,,,
74.8781,detections,2210,82.093347,46.3,33.32,386.12,,,,2,63:0.67 64:0.50,,,
74.9235,frame,2212,82.159992,45.69,66.65,364.96,512,384,BGR888p,,,,,
74.9238,detections,2212,82.159992,45.69,66.65,365.17,,,,1,63:0.56,,,
74.9239,system,0,,1026.34,,,,,,,,48.14,34.6,17.4
74.9704,frame,2213,82.193314,46.85,33.32,378.49,512,384,BGR888p,,,,,
74.9706,detections,2213,82.193314,46.86,33.32,378.7,,,,0,,,,
75.0189,frame,2215,82.259956,48.56,66.64,360.4,512,384,BGR888p,,,,,
75.0192,detections,2215,82.259956,48.56,66.64,360.65,,,,0,,,,
75.065,frame,2216,82.29328,46.13,33.32,373.24,512,384,BGR888p,,,,,
75.0654,detections,2216,82.29328,46.19,33.32,373.5,,,,0,,,,
75.1108,frame,2217,82.3266,45.73,33.32,385.62,512,384,BGR888p,,,,,
75.111,detections,2217,82.3266,45.67,33.32,385.84,,,,0,,,,
75.1571,frame,2219,82.393244,46.35,66.64,365.26,512,384,BGR888p,,,,,
75.1573,detections,2219,82.393244,46.23,66.64,365.38,,,,0,,,,
75.2046,frame,2220,82.426567,47.44,33.32,379.37,512,384,BGR888p,,,,,
75.2046,detections,2220,82.426567,47.37,33.32,379.43,,,,1,62:0.51,,,
75.2507,frame,2222,82.493211,46.1,66.64,358.82,512,384,BGR888p,,,,,
75.2515,detections,2222,82.493211,46.87,66.64,359.66,,,,0,,,,
75.2979,frame,2223,82.526535,47.27,33.32,372.79,512,384,BGR888p,,,,,
75.298,detections,2223,82.526535,46.53,33.32,372.87,,,,0,,,,
75.3449,frame,2224,82.559853,46.92,33.32,386.39,512,384,BGR888p,,,,,
75.345,detections,2224,82.559853,46.91,33.32,386.47,,,,0,,,,
75.3908,frame,2226,82.626498,45.97,66.64,365.71,512,384,BGR888p,,,,,
75.3909,detections,2226,82.626498,45.95,66.64,365.77,,,,0,,,,
75.4374,frame,2227,82.659824,46.59,33.33,378.98,512,384,BGR888p,,,,,
75.4375,detections,2227,82.659824,46.61,33.33,379.05,,,,0,,,,
75.485,frame,2229,82.726463,47.61,66.64,360.01,512,384,BGR888p,,,,,
75.4853,detections,2229,82.726463,47.8,66.64,360.27,,,,0,,,,
75.5306,frame,2230,82.759786,45.56,33.32,372.25,512,384,BGR888p,,,,,
75.5309,detections,2230,82.759786,45.53,33.32,372.47,,,,0,,,,
75.5767,frame,2231,82.793106,46.14,33.32,385.07,512,384,BGR888p,,,,,
75.577,detections,2231,82.793106,46.15,33.32,385.3,,,,0,,,,
75.6234,frame,2233,82.859751,46.66,66.65,365.09,512,384,BGR888p,,,,,
75.6237,detections,2233,82.859751,46.66,66.65,365.31,,,,0,,,,
75.6708,frame,2234,82.893073,47.43,33.32,379.2,512,384,BGR888p,,,,,
75.6711,detections,2234,82.893073,47.44,33.32,379.42,,,,0,,,,
75.7179,frame,2236,82.959716,47.07,66.64,359.63,512,384,BGR888p,,,,,
75.7182,detections,2236,82.959716,47.07,66.64,359.85,,,,0,,,,
75.7635,frame,2237,82.993041,45.58,33.33,371.88,512,384,BGR888p,,,,,
75.7637,detections,2237,82.993041,45.57,33.33,372.1,,,,0,,,,
75.8102,frame,2238,83.026359,46.69,33.32,385.27,512,384,BGR888p,,,,,
75.8104,detections,2238,83.026359,46.72,33.32,385.5,,,,1,63:0.52,,,
75.8556,frame,2240,83.093004,45.49,66.64,364.09,512,384,BGR888p,,,,,
75.8559,detections,2240,83.093004,45.45,66.64,364.3,,,,0,,,,
75.9041,frame,2241,83.126326,48.43,33.32,379.19,512,384,BGR888p,,,,,
75.9044,detections,2241,83.126326,48.46,33.32,379.44,,,,0,,,,
75.9045,system,0,,980.58,,,,,,,,48.3,34.5,15.7
75.9503,frame,2243,83.192969,46.26,66.64,358.81,512,384,BGR888p,,,,,
75.9514,detections,2243,83.192969,47.06,66.64,359.92,,,,0,,,,
75.9983,frame,2244,83.226295,47.93,33.33,373.42,512,384,BGR888p,,,,,
75.9985,detections,2244,83.226295,47.11,33.33,373.64,,,,1,62:0.55,,,
76.0435,frame,2245,83.259613,45.28,33.32,385.38,512,384,BGR888p,,,,,
76.0438,detections,2245,83.259613,45.27,33.32,385.59,,,,1,62:0.54,,,
76.0897,frame,2247,83.326258,46.15,66.64,364.88,512,384,BGR888p,,,,,
76.0899,detections,2247,83.326258,46.15,66.64,365.09,,,,1,62:0.53,,,
76.1369,frame,2248,83.35958,47.23,33.32,378.79,512,384,BGR888p,,,,,
76.1372,detections,2248,83.35958,47.23,33.32,379.03,,,,0,,,,
76.1845,frame,2250,83.426223,47.58,66.64,359.66,512,384,BGR888p,,,,,
76.1846,detections,2250,83.426223,47.47,66.64,359.78,,,,1,62:0.57,,,
76.2321,frame,2251,83.459547,47.6,33.32,373.95,512,384,BGR888p,,,,,
76.2322,detections,2251,83.459547,47.58,33.32,374.06,,,,1,62:0.67,,,
76.2781,frame,2252,83.492866,45.98,33.32,386.67,512,384,BGR888p,,,,,
76.2784,detections,2252,83.492866,46.14,33.32,386.91,,,,1,62:0.56,,,
76.324,frame,2254,83.559511,45.91,66.64,365.94,512,384,BGR888p,,,,,
76.3243,detections,2254,83.559511,45.92,66.64,366.19,,,,1,62:0.63,,,
76.3711,frame,2255,83.592834,47.1,33.32,379.71,512,384,BGR888p,,,,,
76.3714,detections,2255,83.592834,47.08,33.32,379.95,,,,1,62:0.67,,,
76.4183,frame,2257,83.659477,47.17,66.64,360.24,512,384,BGR888p,,,,,
76.4185,detections,2257,83.659477,47.16,66.64,360.46,,,,1,62:0.68,,,
76.4636,frame,2258,83.692799,45.37,33.32,372.29,512,384,BGR888p,,,,,
76.4639,detections,2258,83.692799,45.37,33.32,372.5,,,,1,62:0.70,,,
76.5085,frame,2259,83.726119,44.82,33.32,383.78,512,384,BGR888p,,,,,
76.5087,detections,2259,83.726119,44.81,33.32,383.99,,,,1,62:0.65,,,
76.5566,frame,2261,83.792765,48.19,66.65,365.33,512,384,BGR888p,,,,,
76.5569,detections,2261,83.792765,48.2,66.65,365.54,,,,1,62:0.73,,,
76.6038,frame,2262,83.826086,47.12,33.32,379.13,512,384,BGR888p,,,,,
76.604,detections,2262,83.826086,47.12,33.32,379.34,,,,1,62:0.67,,,
76.6512,frame,2264,83.892729,47.38,66.64,359.89,512,384,BGR888p,,,,,
76.6518,detections,2264,83.892729,47.73,66.64,360.46,,,,1,62:0.67,,,
76.6979,frame,2265,83.926052,46.74,33.32,373.25,512,384,BGR888p,,,,,
76.698,detections,2265,83.926052,46.28,33.32,373.35,,,,1,62:0.71,,,
76.7449,frame,2266,83.959373,46.99,33.32,386.95,512,384,BGR888p,,,,,
76.7451,detections,2266,83.959373,47.1,33.32,387.16,,,,1,62:0.74,,,
76.7911,frame,2268,84.026017,46.22,66.64,366.53,512,384,BGR888p,,,,,
76.7914,detections,2268,84.026017,46.25,66.64,366.77,,,,1,62:0.73,,,
76.8373,frame,2269,84.059339,46.18,33.32,379.4,512,384,BGR888p,,,,,
76.8375,detections,2269,84.059339,46.16,33.32,379.61,,,,1,62:0.76,,,
76.8849,frame,2271,84.125982,47.59,66.64,360.34,512,384,BGR888p,,,,,
76.8859,detections,2271,84.125982,48.4,66.64,361.43,,,,1,62:0.66,,,
76.9327,frame,2272,84.159306,47.79,33.32,374.81,512,384,BGR888p,,,,,
76.9329,detections,2272,84.159306,46.98,33.32,375.02,,,,1,62:0.63,,,
76.9331,system,0,,1028.58,,,,,,,,48.36,34.5,16.7
76.9786,frame,2273,84.192625,45.9,33.32,387.39,512,384,BGR888p,,,,,
76.9788,detections,2273,84.192625,45.9,33.32,387.6,,,,1,62:0.60,,,
77.0248,frame,2275,84.259271,46.21,66.65,366.95,512,384,BGR888p,,,,,
77.025,detections,2275,84.259271,46.21,66.65,367.17,,,,1,62:0.63,,,
77.0707,frame,2276,84.292592,45.95,33.32,379.58,512,384,BGR888p,,,,,
77.071,detections,2276,84.292592,45.95,33.32,379.79,,,,1,62:0.64,,,
77.1166,frame,2278,84.359236,45.9,66.64,358.84,512,384,BGR888p,,,,,
77.1177,detections,2278,84.359236,46.74,66.64,359.93,,,,0,,,,
77.1636,frame,2279,84.392558,47.0,33.32,372.52,512,384,BGR888p,,,,,
77.1639,detections,2279,84.392558,46.16,33.32,372.74,,,,0,,,,
77.2095,frame,2280,84.425879,45.89,33.32,385.03,512,384,BGR888p,,,,,
77.2097,detections,2280,84.425879,45.83,33.32,385.2,,,,0,,,,
77.2578,frame,2282,84.492523,48.26,66.64,366.7,512,384,BGR888p,,,,,
77.258,detections,2282,84.492523,48.32,66.64,366.92,,,,0,,,,
77.304,frame,2283,84.525847,46.24,33.32,379.62,512,384,BGR888p,,,,,
77.3043,detections,2283,84.525847,46.26,33.32,379.86,,,,0,,,,
77.3523,frame,2285,84.592489,48.3,66.64,361.28,512,384,BGR888p,,,,,
77.3526,detections,2285,84.592489,48.28,66.64,361.5,,,,0,,,,
77.3999,frame,2286,84.625812,47.62,33.32,375.57,512,384,BGR888p,,,,,
77.4002,detections,2286,84.625812,47.62,33.32,375.83,,,,0,,,,
77.4457,frame,2287,84.659132,45.74,33.32,387.99,512,384,BGR888p,,,,,
77.4459,detections,2287,84.659132,45.74,33.32,388.21,,,,0,,,,
77.4914,frame,2289,84.725777,45.75,66.64,367.1,512,384,BGR888p,,,,,
77.4917,detections,2289,84.725777,45.76,66.64,367.32,,,,0,,,,
77.5387,frame,2290,84.759099,47.27,33.32,381.04,512,384,BGR888p,,,,,
77.539,detections,2290,84.759099,47.27,33.32,381.26,,,,0,,,,
77.5856,frame,2292,84.825742,46.93,66.64,361.26,512,384,BGR888p,,,,,
77.5857,detections,2292,84.825742,46.77,66.64,361.34,,,,0,,,,
77.6319,frame,2293,84.859066,46.3,33.32,374.35,512,384,BGR888p,,,,,
77.6323,detections,2293,84.859066,46.6,33.32,374.68,,,,0,,,,
77.6785,frame,2294,84.892385,46.6,33.32,387.59,512,384,BGR888p,,,,,
77.6788,detections,2294,84.892385,46.46,33.32,387.81,,,,0,,,,
77.7245,frame,2296,84.959031,45.94,66.65,366.88,512,384,BGR888p,,,,,
77.7247,detections,2296,84.959031,45.94,66.65,367.11,,,,0,,,,
77.7715,frame,2297,84.992353,47.0,33.32,380.56,512,384,BGR888p,,,,,
77.7717,detections,2297,84.992353,47.0,33.32,380.78,,,,0,,,,
77.8201,frame,2299,85.058995,48.64,66.64,362.56,512,384,BGR888p,,,,,
77.8204,detections,2299,85.058995,48.67,66.64,362.81,,,,0,,,,
77.8668,frame,2300,85.092318,46.67,33.32,375.91,512,384,BGR888p,,,,,
77.867,detections,2300,85.092318,46.65,33.32,376.14,,,,0,,,,
77.9124,frame,2301,85.125638,45.59,33.32,388.18,512,384,BGR888p,,,,,
77.9126,detections,2301,85.125638,45.58,33.32,388.4,,,,0,,,,
77.9128,system,0,,979.68,,,,,,,,48.14,34.9,16.3
77.9586,frame,2303,85.192285,46.22,66.65,367.75,512,384,BGR888p,,,,,
77.9589,detections,2303,85.192285,46.23,66.65,367.98,,,,0,,,,
78.005,frame,2304,85.225605,46.42,33.32,380.85,512,384,BGR888p,,,,,
78.0053,detections,2304,85.225605,46.44,33.32,381.1,,,,0,,,,
78.055,frame,2306,85.292248,50.0,66.64,364.2,512,384,BGR888p,,,,,
78.0553,detections,2306,85.292248,50.01,66.64,364.46,,,,1,63:0.51,,,
78.1017,frame,2307,85.325571,46.73,33.32,377.62,512,384,BGR888p,,,,,
78.102,detections,2307,85.325571,46.69,33.32,377.83,,,,0,,,,
78.1485,frame,2308,85.358891,46.79,33.32,391.02,512,384,BGR888p,,,,,
78.1486,detections,2308,85.358891,46.65,33.32,391.11,,,,0,,,,
78.1939,frame,2310,85.425537,45.35,66.65,369.72,512,384,BGR888p,,,,,
78.1955,detections,2310,85.425537,46.85,66.65,371.31,,,,1,63:0.66,,,
78.2411,frame,2311,85.45886,47.26,33.32,381.82,512,384,BGR888p,,,,,
78.2413,detections,2311,85.45886,45.77,33.32,381.93,,,,1,62:0.69,,,
78.2883,frame,2313,85.525502,47.12,66.64,362.31,512,384,BGR888p,,,,,
78.2883,detections,2313,85.525502,47.08,66.64,362.37,,,,2,62:0.67 0:0.58,,,
78.3363,frame,2314,85.558824,47.99,33.32,376.99,512,384,BGR888p,,,,,
78.3364,detections,2314,85.558824,48.03,33.32,377.09,,,,1,63:0.56,,,
78.3822,frame,2315,85.592145,45.98,33.32,389.73,512,384,BGR888p,,,,,
78.3825,detections,2315,85.592145,46.14,33.32,389.94,,,,2,63:0.79 62:0.55,,,
78.4295,frame,2317,85.658791,47.24,66.65,370.31,512,384,BGR888p,,,,,
78.4297,detections,2317,85.658791,47.22,66.65,370.51,,,,1,63:0.57,,,
78.475,frame,2318,85.692115,45.56,33.32,382.59,512,384,BGR888p,,,,,
78.4754,detections,2318,85.692115,45.63,33.32,382.83,,,,1,63:0.69,,,
78.522,frame,2320,85.758755,46.97,66.64,362.8,512,384,BGR888p,,,,,
78.5221,detections,2320,85.758755,46.74,66.64,362.88,,,,1,63:0.67,,,
78.5699,frame,2321,85.792077,47.93,33.32,377.4,512,384,BGR888p,,,,,
78.57,detections,2321,85.792077,47.91,33.32,377.45,,,,3,63:0.77 63:0.64 62:0.51,,,
78.6174,frame,2323,85.85872,47.46,66.64,358.21,512,384,BGR888p,,,,,
78.6181,detections,2323,85.85872,48.11,66.64,358.93,,,,2,62:0.64 62:0.56,,,
78.6633,frame,2324,85.892045,45.96,33.32,370.84,512,384,BGR888p,,,,,
78.6634,detections,2324,85.892045,45.29,33.32,370.89,,,,1,63:0.58,,,
78.7088,frame,2325,85.925367,45.45,33.32,382.98,512,384,BGR888p,,,,,
78.7089,detections,2325,85.925367,45.47,33.32,383.04,,,,1,62:0.55,,,
78.7558,frame,2327,85.992008,47.04,66.64,363.4,512,384,BGR888p,,,,,
78.756,detections,2327,85.992008,47.09,66.64,363.5,,,,1,62:0.64,,,
78.803,frame,2328,86.025331,47.14,33.32,377.23,512,384,BGR888p,,,,,
78.8031,detections,2328,86.025331,47.18,33.32,377.36,,,,2,62:0.73 72:0.54,,,
78.8512,frame,2330,86.091974,48.24,66.64,358.89,512,384,BGR888p,,,,,
78.8523,detections,2330,86.091974,49.18,66.64,359.99,,,,1,62:0.67,,,
78.8993,frame,2331,86.125297,48.04,33.32,373.59,512,384,BGR888p,,,,,
78.8995,detections,2331,86.125297,47.19,33.32,373.8,,,,1,63:0.65,,,
78.8997,system,0,,986.91,,,,,,,,48.25,33.6,16.9
78.9444,frame,2332,86.158617,45.17,33.32,385.44,512,384,BGR888p,,,,,
78.9447,detections,2332,86.158617,45.17,33.32,385.65,,,,2,63:0.77 62:0.55,,,
78.9913,frame,2334,86.225262,46.84,66.64,365.67,512,384,BGR888p,,,,,
78.9916,detections,2334,86.225262,46.93,66.64,365.96,,,,1,63:0.71,,,
79.0387,frame,2335,86.258584,47.4,33.32,379.71,512,384,BGR888p,,,,,
79.0389,detections,2335,86.258584,47.31,33.32,379.92,,,,1,62:0.66,,,
79.0869,frame,2337,86.325227,48.23,66.64,361.3,512,384,BGR888p,,,,,
79.0872,detections,2337,86.325227,48.23,66.64,361.51,,,,1,63:0.75,,,
79.1337,frame,2338,86.358553,46.77,33.33,374.74,512,384,BGR888p,,,,,
79.1339,detections,2338,86.358553,46.76,33.33,374.95,,,,1,63:0.63,,,
79.1789,frame,2339,86.39187,45.23,33.32,386.57,512,384,BGR888p,,,,,
79.179,detections,2339,86.39187,45.06,33.32,386.63,,,,1,62:0.75,,,
79.2243,frame,2341,86.458517,45.4,66.65,365.35,512,384,BGR888p,,,,,
79.2244,detections,2341,86.458517,45.47,66.65,365.48,,,,1,62:0.74,,,
79.2705,frame,2342,86.491837,46.18,33.32,378.28,512,384,BGR888p,,,,,
79.271,detections,2342,86.491837,46.54,33.32,378.74,,,,1,62:0.76,,,
79.3183,frame,2344,86.55848,47.83,66.64,359.44,512,384,BGR888p,,,,,
79.3186,detections,2344,86.55848,47.57,66.64,359.65,,,,1,62:0.84,,,
79.365,frame,2345,86.591803,46.66,33.32,372.77,512,384,BGR888p,,,,,
79.3652,detections,2345,86.591803,46.65,33.32,373.02,,,,1,62:0.79,,,
79.4105,frame,2346,86.625123,45.58,33.32,385.03,512,384,BGR888p,,,,,
79.4108,detections,2346,86.625123,45.57,33.32,385.24,,,,1,62:0.85,,,
79.4567,frame,2348,86.69177,46.18,66.65,364.61,512,384,BGR888p,,,,,
79.457,detections,2348,86.69177,46.26,66.65,364.91,,,,1,62:0.87,,,
79.504,frame,2349,86.725091,47.32,33.32,378.57,512,384,BGR888p,,,,,
79.5043,detections,2349,86.725091,47.28,33.32,378.81,,,,1,62:0.84,,,
79.5512,frame,2351,86.791733,47.16,66.64,359.13,512,384,BGR888p,,,,,
79.5523,detections,2351,86.791733,47.99,66.64,360.23,,,,1,62:0.66,,,
79.597,frame,2352,86.825057,45.79,33.32,371.51,512,384,BGR888p,,,,,
79.5971,detections,2352,86.825057,44.82,33.32,371.63,,,,1,62:0.67,,,
79.6417,frame,2353,86.858376,44.72,33.32,382.96,512,384,BGR888p,,,,,
79.642,detections,2353,86.858376,44.86,33.32,383.23,,,,1,62:0.65,,,
79.6889,frame,2355,86.925021,47.15,66.64,363.5,512,384,BGR888p,,,,,
79.6892,detections,2355,86.925021,47.23,66.64,363.88,,,,1,63:0.71,,,
79.7369,frame,2356,86.958344,48.07,33.32,378.15,512,384,BGR888p,,,,,
79.737,detections,2356,86.958344,47.82,33.32,378.24,,,,1,63:0.65,,,
79.7847,frame,2358,87.024986,47.77,66.64,359.25,512,384,BGR888p,,,,,
79.7854,detections,2358,87.024986,48.36,66.64,359.97,,,,1,63:0.62,,,
79.8295,frame,2359,87.05831,44.8,33.32,370.73,512,384,BGR888p,,,,,
79.8296,detections,2359,87.05831,44.17,33.32,370.79,,,,1,62:0.64,,,
79.8754,frame,2360,87.09163,45.91,33.32,383.35,512,384,BGR888p,,,,,
79.8755,detections,2360,87.09163,45.96,33.32,383.44,,,,1,62:0.63,,,
79.9217,frame,2362,87.158274,46.31,66.64,363.06,512,384,BGR888p,,,,,
79.922,detections,2362,87.158274,46.43,66.64,363.27,,,,1,62:0.63,,,
79.9221,system,0,,1022.45,,,,,,,,48.41,34.5,17.3
79.9708,frame,2363,87.191597,49.11,33.32,378.84,512,384,BGR888p,,,,,
79.9711,detections,2363,87.191597,49.11,33.32,379.06,,,,1,63:0.64,,,
80.0168,frame,2365,87.25824,45.99,66.64,358.12,512,384,BGR888p,,,,,
80.0176,detections,2365,87.25824,46.49,66.64,358.85,,,,1,63:0.67,,,
80.0625,frame,2366,87.291562,45.69,33.32,370.47,512,384,BGR888p,,,,,
80.0626,detections,2366,87.291562,45.03,33.32,370.57,,,,1,63:0.78,,,
80.1087,frame,2367,87.324883,46.15,33.32,383.3,512,384,BGR888p,,,,,
80.1087,detections,2367,87.324883,46.11,33.32,383.35,,,,1,63:0.65,,,
80.1566,frame,2369,87.391528,47.96,66.64,364.62,512,384,BGR888p,,,,,
80.1567,detections,2369,87.391528,47.97,66.64,364.68,,,,1,62:0.61,,,
80.2032,frame,2370,87.42485,46.62,33.32,377.95,512,384,BGR888p,,,,,
80.2034,detections,2370,87.42485,46.67,33.32,378.03,,,,1,62:0.62,,,
80.2507,frame,2372,87.491493,47.49,66.64,358.77,512,384,BGR888p,,,,,
80.2508,detections,2372,87.491493,47.44,66.64,358.82,,,,0,,,,
80.2984,frame,2373,87.524818,47.69,33.32,373.15,512,384,BGR888p,,,,,
80.2986,detections,2373,87.524818,47.78,33.32,373.3,,,,0,,,,
80.3435,frame,2374,87.558136,45.12,33.32,384.94,512,384,BGR888p,,,,,
80.3436,detections,2374,87.558136,45.04,33.32,385.0,,,,0,,,,
80.3894,frame,2376,87.624782,45.92,66.65,364.22,512,384,BGR888p,,,,,
80.3895,detections,2376,87.624782,45.93,66.65,364.28,,,,0,,,,
80.4367,frame,2377,87.658104,47.23,33.32,378.12,512,384,BGR888p,,,,,
80.4368,detections,2377,87.658104,47.21,33.32,378.17,,,,0,,,,
80.4844,frame,2379,87.724746,47.69,66.64,359.17,512,384,BGR888p,,,,,
80.4844,detections,2379,87.724746,47.7,66.64,359.23,,,,0,,,,
80.5298,frame,2380,87.758069,45.43,33.32,371.28,512,384,BGR888p,,,,,
80.5299,detections,2380,87.758069,45.45,33.32,371.37,,,,0,,,,
80.5754,frame,2381,87.791389,45.62,33.32,383.58,512,384,BGR888p,,,,,
80.5755,detections,2381,87.791389,45.6,33.32,383.64,,,,0,,,,
80.6215,frame,2383,87.858034,46.08,66.65,363.0,512,384,BGR888p,,,,,
80.6216,detections,2383,87.858034,46.07,66.65,363.06,,,,0,,,,
80.67,frame,2384,87.891357,48.53,33.32,378.21,512,384,BGR888p,,,,,
80.6701,detections,2384,87.891357,48.52,33.32,378.26,,,,0,,,,
80.718,frame,2386,87.957999,48.01,66.64,359.58,512,384,BGR888p,,,,,
80.7193,detections,2386,87.957999,49.17,66.64,360.81,,,,0,,,,
80.7635,frame,2387,87.991324,45.49,33.33,371.75,512,384,BGR888p,,,,,
80.7636,detections,2387,87.991324,44.35,33.33,371.81,,,,0,,,,
80.8092,frame,2388,88.024644,45.65,33.32,384.07,512,384,BGR888p,,,,,
80.8093,detections,2388,88.024644,45.67,33.32,384.18,,,,0,,,,
80.856,frame,2390,88.091287,46.84,66.64,364.27,512,384,BGR888p,,,,,
80.8561,detections,2390,88.091287,46.81,66.64,364.33,,,,0,,,,
80.9043,frame,2391,88.12461,48.28,33.32,379.23,512,384,BGR888p,,,,,
80.9044,detections,2391,88.12461,48.28,33.32,379.28,,,,0,,,,
80.9044,system,0,,982.26,,,,,,,,48.14,33.8,16.6
80.951,frame,2393,88.191252,46.74,66.64,359.3,512,384,BGR888p,,,,,
80.9511,detections,2393,88.191252,46.72,66.64,359.36,,,,1,62:0.54,,,
80.9973,frame,2394,88.224577,46.29,33.32,372.28,512,384,BGR888p,,,,,
80.9974,detections,2394,88.224577,46.31,33.32,372.34,,,,1,62:0.84,,,
81.0416,frame,2395,88.257895,44.24,33.32,383.2,512,384,BGR888p,,,,,
81.0416,detections,2395,88.257895,44.23,33.32,383.25,,,,0,,,,
81.0887,frame,2397,88.32454,47.13,66.64,363.68,512,384,BGR888p,,,,,
81.0887,detections,2397,88.32454,47.13,66.64,363.73,,,,1,62:0.52,,,
81.1365,frame,2398,88.357863,47.81,33.32,378.18,512,384,BGR888p,,,,,
81.1366,detections,2398,88.357863,47.83,33.32,378.23,,,,0,,,,
81.1841,frame,2400,88.424506,47.58,66.64,359.14,512,384,BGR888p,,,,,
81.1842,detections,2400,88.424506,47.62,66.64,359.21,,,,0,,,,
81.2311,frame,2401,88.457829,46.98,33.32,372.78,512,384,BGR888p,,,,,
81.2311,detections,2401,88.457829,46.95,33.32,372.84,,,,0,,,,
81.2765,frame,2402,88.491149,45.42,33.32,384.88,512,384,BGR888p,,,,,
81.2766,detections,2402,88.491149,45.41,33.32,384.94,,,,0,,,,
81.3219,frame,2404,88.557794,45.41,66.65,363.67,512,384,BGR888p,,,,,
81.322,detections,2404,88.557794,45.48,66.65,363.77,,,,2,56:0.54 62:0.52,,,
81.37,frame,2405,88.591116,48.09,33.32,378.4,512,384,BGR888p,,,,,
81.37,detections,2405,88.591116,48.01,33.32,378.46,,,,2,56:0.66 62:0.65,,,
81.4154,frame,2407,88.657759,45.46,66.64,357.22,512,384,BGR888p,,,,,
81.4156,detections,2407,88.657759,45.54,66.64,357.36,,,,2,56:0.69 62:0.62,,,
81.4605,frame,2408,88.691083,45.1,33.32,369.01,512,384,BGR888p,,,,,
81.4626,detections,2408,88.691083,47.04,33.32,371.07,,,,3,41:0.83 62:0.62 56:0.56,,,
81.5078,frame,2409,88.724402,47.23,33.32,382.92,512,384,BGR888p,,,,,
81.5079,detections,2409,88.724402,45.23,33.32,382.98,,,,3,62:0.63 41:0.61 56:0.52,,,
81.5546,frame,2411,88.791049,46.84,66.65,363.1,512,384,BGR888p,,,,,
81.5547,detections,2411,88.791049,46.83,66.65,363.16,,,,2,56:0.58 41:0.52,,,
81.6032,frame,2412,88.82437,48.63,33.32,378.41,512,384,BGR888p,,,,,
81.6033,detections,2412,88.82437,48.63,33.32,378.46,,,,0,,,,
81.6515,frame,2414,88.891012,48.23,66.64,360.01,512,384,BGR888p,,,,,
81.6516,detections,2414,88.891012,48.25,66.64,360.07,,,,1,63:0.55,,,
81.6961,frame,2415,88.924335,44.61,33.32,371.29,512,384,BGR888p,,,,,
81.6962,detections,2415,88.924335,44.61,33.32,371.35,,,,3,62:0.58 62:0.54 56:0.53,,,
81.7421,frame,2416,88.957657,46.04,33.32,384.01,512,384,BGR888p,,,,,
81.7422,detections,2416,88.957657,46.04,33.32,384.07,,,,3,62:0.55 56:0.55 63:0.50,,,
81.7897,frame,2418,89.0243,47.54,66.64,364.9,512,384,BGR888p,,,,,
81.7897,detections,2418,89.0243,47.52,66.64,364.94,,,,1,62:0.61,,,
81.8365,frame,2419,89.057622,46.83,33.32,378.43,512,384,BGR888p,,,,,
81.8366,detections,2419,89.057622,46.89,33.32,378.53,,,,2,62:0.57 56:0.52,,,
81.8842,frame,2421,89.124265,47.71,66.64,359.5,512,384,BGR888p,,,,,
81.8843,detections,2421,89.124265,47.69,66.64,359.56,,,,1,62:0.58,,,
81.9293,frame,2422,89.157589,45.1,33.32,371.26,512,384,BGR888p,,,,,
81.9294,detections,2422,89.157589,45.09,33.32,371.34,,,,3,56:0.77 66:0.67 63:0.58,,,
81.9295,system,0,,1025.06,,,,,,,,48.69,35.2,17.0
81.975,frame,2423,89.190908,45.66,33.32,383.6,512,384,BGR888p,,,,,
81.975,detections,2423,89.190908,45.65,33.32,383.66,,,,0,,,,
82.0219,frame,2425,89.257553,46.93,66.65,363.88,512,384,BGR888p,,,,,
82.022,detections,2425,89.257553,46.93,66.65,363.94,,,,2,56:0.60 64:0.58,,,
82.0697,frame,2426,89.290879,47.78,33.33,378.33,512,384,BGR888p,,,,,
82.0697,detections,2426,89.290879,47.76,33.33,378.37,,,,1,64:0.85,,,
82.1163,frame,2428,89.357518,46.64,66.64,358.34,512,384,BGR888p,,,,,
82.117,detections,2428,89.357518,47.23,66.64,358.98,,,,2,64:0.73 63:0.72,,,
82.163,frame,2429,89.390842,46.65,33.32,371.67,512,384,BGR888p,,,,,
82.1631,detections,2429,89.390842,46.09,33.32,371.74,,,,2,64:0.71 63:0.64,,,
82.209,frame,2430,89.424162,46.0,33.32,384.34,512,384,BGR888p,,,,,
82.209,detections,2430,89.424162,45.98,33.32,384.4,,,,3,64:0.78 63:0.69 66:0.53,,,
82.2557,frame,2432,89.490806,46.69,66.64,364.38,512,384,BGR888p,,,,,
82.2557,detections,2432,89.490806,46.68,66.64,364.43,,,,4,64:0.79 63:0.70 56:0.55 66:0.50,,,
82.303,frame,2433,89.524129,47.31,33.32,378.38,512,384,BGR888p,,,,,
82.303,detections,2433,89.524129,47.32,33.32,378.44,,,,1,64:0.74,,,
82.3516,frame,2435,89.590772,48.65,66.64,360.37,512,384,BGR888p,,,,,
82.3517,detections,2435,89.590772,48.68,66.64,360.47,,,,4,64:0.63 63:0.60 56:0.55 56:0.52,,,
82.3978,frame,2436,89.624094,46.15,33.32,373.2,512,384,BGR888p,,,,,
82.3982,detections,2436,89.624094,46.49,33.32,373.7,,,,4,56:0.59 63:0.59 56:0.54 56:0.51,,,
82.4432,frame,2437,89.657415,45.42,33.32,385.29,512,384,BGR888p,,,,,
82.4432,detections,2437,89.657415,45.03,33.32,385.35,,,,3,56:0.60 66:0.58 63:0.56,,,
82.4891,frame,2439,89.724061,45.96,66.65,364.63,512,384,BGR888p,,,,,
82.4892,detections,2439,89.724061,45.99,66.65,364.7,,,,0,,,,
82.5359,frame,2440,89.757382,46.74,33.32,378.03,512,384,BGR888p,,,,,
82.5359,detections,2440,89.757382,46.71,33.32,378.07,,,,3,62:0.71 64:0.61 56:0.60,,,
82.584,frame,2442,89.824025,48.15,66.64,359.54,512,384,BGR888p,,,,,
82.5841,detections,2442,89.824025,48.17,66.64,359.6,,,,3,56:0.70 64:0.66 56:0.55,,,
82.6298,frame,2443,89.857349,45.77,33.32,371.99,512,384,BGR888p,,,,,
82.6299,detections,2443,89.857349,45.77,33.32,372.05,,,,3,56:0.75 64:0.63 66:0.52,,,
82.6753,frame,2444,89.890668,45.53,33.32,384.2,512,384,BGR888p,,,,,
82.6754,detections,2444,89.890668,45.53,33.32,384.25,,,,3,56:0.73 64:0.71 63:0.62,,,
82.723,frame,2446,89.957313,47.64,66.64,365.18,512,384,BGR888p,,,,,
82.723,detections,2446,89.957313,47.63,66.64,365.24,,,,3,56:0.75 64:0.74 63:0.58,,,
82.7703,frame,2447,89.990635,47.36,33.32,379.23,512,384,BGR888p,,,,,
82.7704,detections,2447,89.990635,47.38,33.32,379.29,,,,1,64:0.62,,,
82.8173,frame,2449,90.057278,47.0,66.64,359.59,512,384,BGR888p,,,,,
82.818,detections,2449,90.057278,47.62,66.64,360.27,,,,3,64:0.78 56:0.63 65:0.50,,,
82.8639,frame,2450,90.090604,46.54,33.33,372.78,512,384,BGR888p,,,,,
82.8641,detections,2450,90.090604,46.1,33.33,373.05,,,,4,64:0.80 63:0.72 65:0.55 56:0.51,,,
82.9096,frame,2451,90.123921,45.74,33.32,385.23,512,384,BGR888p,,,,,
82.9097,detections,2451,90.123921,45.56,33.32,385.28,,,,5,64:0.79 63:0.72 56:0.58 65:0.57 66:0.51,,,
82.9097,system,0,,980.28,,,,,,,,48.53,33.7,17.2
82.9552,frame,2453,90.190567,45.63,66.65,364.21,512,384,BGR888p,,,,,
82.9553,detections,2453,90.190567,45.63,66.65,364.27,,,,2,64:0.80 63:0.53,,,
83.0028,frame,2454,90.223888,47.54,33.32,378.42,512,384,BGR888p,,,,,
83.0028,detections,2454,90.223888,47.53,33.32,378.48,,,,2,64:0.81 56:0.50,,,
83.05,frame,2456,90.290532,47.23,66.64,359.02,512,384,BGR888p,,,,,
83.0501,detections,2456,90.290532,47.23,66.64,359.07,,,,3,64:0.83 62:0.57 56:0.53,,,
83.0959,frame,2457,90.323854,45.95,33.32,371.63,512,384,BGR888p,,,,,
83.0961,detections,2457,90.323854,46.0,33.32,371.75,,,,3,62:0.80 64:0.73 73:0.53,,,
83.1424,frame,2458,90.357175,46.51,33.32,384.81,512,384,BGR888p,,,,,
83.1425,detections,2458,90.357175,46.43,33.32,384.85,,,,2,62:0.77 64:0.74,,,
83.1884,frame,2460,90.423819,45.97,66.64,364.13,512,384,BGR888p,,,,,
83.1885,detections,2460,90.423819,45.98,66.64,364.19,,,,5,64:0.85 56:0.59 63:0.58 73:0.55 66:0.53,,,
83.2357,frame,2461,90.457142,47.29,33.32,378.12,512,384,BGR888p,,,,,
83.2358,detections,2461,90.457142,47.3,33.32,378.17,,,,4,64:0.75 56:0.65 63:0.56 62:0.53,,,
83.2832,frame,2463,90.523785,47.45,66.64,358.93,512,384,BGR888p,,,,,
83.284,detections,2463,90.523785,48.23,66.64,359.76,,,,4,63:0.78 64:0.78 64:0.53 56:0.50,,,
83.329,frame,2464,90.557111,45.84,33.33,371.43,512,384,BGR888p,,,,,
83.3291,detections,2464,90.557111,45.07,33.33,371.5,,,,3,64:0.63 62:0.54 56:0.53,,,
83.3752,frame,2465,90.590428,46.24,33.32,384.35,512,384,BGR888p,,,,,
83.3754,detections,2465,90.590428,46.28,33.32,384.46,,,,3,64:0.73 62:0.57 62:0.51,,,
83.4207,frame,2467,90.657073,45.5,66.64,363.21,512,384,BGR888p,,,,,
83.4208,detections,2467,90.657073,45.46,66.64,363.27,,,,4,64:0.75 56:0.55 63:0.52 62:0.51,,,
83.4692,frame,2468,90.690395,48.41,33.32,378.31,512,384,BGR888p,,,,,
83.4692,detections,2468,90.690395,48.41,33.32,378.36,,,,7,64:0.81 63:0.61 62:0.56 56:0.56 73:0.55 56:0.54 73:0.51,,,
83.5175,frame,2470,90.757037,48.36,66.64,360.01,512,384,BGR888p,,,,,
83.5176,detections,2470,90.757037,48.35,66.64,360.06,,,,4,64:0.70 56:0.58 62:0.57 56:0.52,,,
83.5631,frame,2471,90.790362,45.59,33.33,372.29,512,384,BGR888p,,,,,
83.5639,detections,2471,90.790362,46.29,33.33,373.03,,,,3,64:0.84 63:0.82 73:0.50,,,
83.6094,frame,2472,90.823681,46.26,33.32,385.22,512,384,BGR888p,,,,,
83.6094,detections,2472,90.823681,45.56,33.32,385.27,,,,4,64:0.78 62:0.57 73:0.54 56:0.51,,,
83.6554,frame,2474,90.890326,46.05,66.65,364.64,512,384,BGR888p,,,,,
83.6555,detections,2474,90.890326,46.07,66.65,364.69,,,,4,56:0.66 64:0.63 63:0.55 62:0.52,,,
83.7033,frame,2475,90.923648,47.86,33.32,379.17,512,384,BGR888p,,,,,
83.7034,detections,2475,90.923648,47.86,33.32,379.23,,,,3,62:0.62 62:0.55 56:0.50,,,
83.7503,frame,2477,90.990291,47.02,66.64,359.55,512,384,BGR888p,,,,,
83.7504,detections,2477,90.990291,47.01,66.64,359.6,,,,1,62:0.71,,,
83.7962,frame,2478,91.023614,45.92,33.32,372.17,512,384,BGR888p,,,,,
83.7963,detections,2478,91.023614,45.96,33.32,372.23,,,,3,62:0.62 62:0.55 56:0.53,,,
83.8399,frame,2479,91.056934,43.67,33.32,382.49,512,384,BGR888p,,,,,
83.84,detections,2479,91.056934,43.63,33.32,382.54,,,,1,62:0.87,,,
83.8864,frame,2481,91.123579,46.47,66.65,362.31,512,384,BGR888p,,,,,
83.8864,detections,2481,91.123579,46.46,66.65,362.36,,,,0,,,,
83.9352,frame,2482,91.156901,48.81,33.32,377.81,512,384,BGR888p,,,,,
83.9352,detections,2482,91.156901,48.84,33.32,377.87,,,,1,62:0.57,,,
83.9353,system,0,,1025.56,,,,,,,,48.69,35.4,17.8
83.983,frame,2484,91.223544,47.86,66.64,359.02,512,384,BGR888p,,,,,
83.9831,detections,2484,91.223544,47.85,66.64,359.08,,,,0,,,,
84.0291,frame,2485,91.256867,46.09,33.32,371.79,512,384,BGR888p,,,,,
84.0292,detections,2485,91.256867,46.09,33.32,371.84,,,,2,56:0.63 41:0.55,,,
84.0755,frame,2486,91.290187,46.42,33.32,384.89,512,384,BGR888p,,,,,
84.0756,detections,2486,91.290187,46.42,33.32,384.94,,,,2,56:0.72 41:0.56,,,
84.122,frame,2488,91.356832,46.43,66.64,364.68,512,384,BGR888p,,,,,
84.122,detections,2488,91.356832,46.45,66.64,364.74,,,,1,56:0.62,,,
84.1692,frame,2489,91.390155,47.27,33.32,378.63,512,384,BGR888p,,,,,
84.1694,detections,2489,91.390155,47.31,33.32,378.74,,,,1,41:0.52,,,
84.2172,frame,2491,91.456797,47.96,66.64,359.94,512,384,BGR888p,,,,,
84.2173,detections,2491,91.456797,47.94,66.64,360.06,,,,1,56:0.57,,,
84.263,frame,2492,91.49012,45.83,33.32,372.45,512,384,BGR888p,,,,,
84.2631,detections,2492,91.49012,45.8,33.32,372.51,,,,2,56:0.64 63:0.61,,,
84.3086,frame,2493,91.52344,45.58,33.32,384.71,512,384,BGR888p,,,,,
84.3087,detections,2493,91.52344,45.58,33.32,384.77,,,,3,63:0.64 63:0.62 56:0.50,,,
84.3556,frame,2495,91.590086,46.95,66.65,365.02,512,384,BGR888p,,,,,
84.3556,detections,2495,91.590086,46.95,66.65,365.08,,,,2,56:0.68 56:0.67,,,
84.4026,frame,2496,91.623408,46.99,33.32,378.69,512,384,BGR888p,,,,,
84.4039,detections,2496,91.623408,48.22,33.32,379.98,,,,5,41:0.80 63:0.72 56:0.52 56:0.51 73:0.51,,,
84.4502,frame,2498,91.69005,47.68,66.64,359.77,512,384,BGR888p,,,,,
84.4509,detections,2498,91.69005,47.02,66.64,360.36,,,,1,41:0.60,,,
84.4971,frame,2499,91.723375,46.82,33.33,373.22,512,384,BGR888p,,,,,
84.4971,detections,2499,91.723375,46.25,33.33,373.28,,,,1,41:0.57,,,
84.5426,frame,2500,91.756694,45.56,33.32,385.46,512,384,BGR888p,,,,,
84.5427,detections,2500,91.756694,45.56,33.32,385.52,,,,2,41:0.70 56:0.56,,,
84.5898,frame,2502,91.823339,47.15,66.65,365.97,512,384,BGR888p,,,,,
84.5898,detections,2502,91.823339,47.15,66.65,366.03,,,,2,41:0.77 56:0.67,,,
84.6367,frame,2503,91.856661,46.98,33.32,379.61,512,384,BGR888p,,,,,
84.6368,detections,2503,91.856661,46.96,33.32,379.66,,,,2,66:0.52 62:0.50,,,
84.686,frame,2505,91.923304,49.3,66.64,362.27,512,384,BGR888p,,,,,
84.6866,detections,2505,91.923304,49.82,66.64,362.85,,,,3,62:0.71 62:0.59 56:0.58,,,
84.733,frame,2506,91.956627,46.92,33.32,375.87,512,384,BGR888p,,,,,
84.733,detections,2506,91.956627,46.41,33.32,375.92,,,,2,62:0.81 66:0.53,,,
84.781,frame,2507,91.989947,48.02,33.32,390.57,512,384,BGR888p,,,,,
84.781,detections,2507,91.989947,48.02,33.32,390.62,,,,1,62:0.60,,,
84.8249,frame,2509,92.056592,43.94,66.64,367.87,512,384,BGR888p,,,,,
84.825,detections,2509,92.056592,43.94,66.64,367.92,,,,3,62:0.77 41:0.59 64:0.53,,,
84.8724,frame,2510,92.089914,47.44,33.32,381.99,512,384,BGR888p,,,,,
84.8724,detections,2510,92.089914,47.44,33.32,382.04,,,,0,,,,
84.9185,frame,2512,92.156557,46.12,66.64,361.46,512,384,BGR888p,,,,,
84.9185,detections,2512,92.156557,46.12,66.64,361.51,,,,2,62:0.67 41:0.51,,,
84.9186,system,0,,983.3,,,,,,,,48.69,34.5,16.3
84.967,frame,2513,92.189882,48.55,33.32,376.7,512,384,BGR888p,,,,,
84.9671,detections,2513,92.189882,48.57,33.32,376.76,,,,1,60:0.63,,,
85.0142,frame,2514,92.2232,47.15,33.32,390.54,512,384,BGR888p,,,,,
85.0143,detections,2514,92.2232,47.16,33.32,390.6,,,,0,,,,
85.0602,frame,2516,92.289847,45.99,66.65,369.87,512,384,BGR888p,,,,,
85.0602,detections,2516,92.289847,45.96,66.65,369.92,,,,0,,,,
85.1057,frame,2517,92.323175,45.56,33.33,382.11,512,384,BGR888p,,,,,
85.1058,detections,2517,92.323175,45.58,33.33,382.17,,,,0,,,,
85.1531,frame,2519,92.38981,47.32,66.63,362.79,512,384,BGR888p,,,,,
85.1531,detections,2519,92.38981,47.31,66.63,362.85,,,,3,63:0.74 41:0.57 62:0.52,,,
85.2025,frame,2520,92.423133,49.45,33.32,378.91,512,384,BGR888p,,,,,
85.2026,detections,2520,92.423133,49.44,33.32,378.96,,,,3,63:0.86 62:0.62 41:0.61,,,
85.2503,frame,2522,92.489776,47.84,66.64,360.12,512,384,BGR888p,,,,,
85.2504,detections,2522,92.489776,47.86,66.64,360.18,,,,2,63:0.82 41:0.80,,,
85.2968,frame,2523,92.523098,46.45,33.32,373.24,512,384,BGR888p,,,,,
85.2969,detections,2523,92.523098,46.44,33.32,373.29,,,,2,63:0.83 41:0.61,,,
85.3425,frame,2524,92.556427,45.69,33.33,385.6,512,384,BGR888p,,,,,
85.3426,detections,2524,92.556427,45.69,33.33,385.66,,,,2,63:0.97 41:0.71,,,
85.3892,frame,2526,92.623064,46.67,66.64,365.63,512,384,BGR888p,,,,,
85.3892,detections,2526,92.623064,46.67,66.64,365.71,,,,2,63:0.97 41:0.63,,,
85.4361,frame,2527,92.656387,46.99,33.32,379.3,512,384,BGR888p,,,,,
85.4363,detections,2527,92.656387,47.12,33.32,379.5,,,,2,63:0.97 41:0.60,,,
85.4849,frame,2529,92.72303,48.74,66.64,361.39,512,384,BGR888p,,,,,
85.485,detections,2529,92.72303,48.61,66.64,361.45,,,,3,63:0.86 41:0.56 64:0.54,,,
85.5302,frame,2530,92.756352,45.33,33.32,373.39,512,384,BGR888p,,,,,
85.5303,detections,2530,92.756352,45.36,33.32,373.48,,,,2,41:0.56 63:0.52,,,
85.5754,frame,2531,92.789672,45.24,33.32,385.31,512,384,BGR888p,,,,,
85.5755,detections,2531,92.789672,45.21,33.32,385.37,,,,2,63:0.83 64:0.66,,,
85.6219,frame,2533,92.856318,46.46,66.65,365.12,512,384,BGR888p,,,,,
85.622,detections,2533,92.856318,46.45,66.65,365.17,,,,2,62:0.76 64:0.54,,,
85.6692,frame,2534,92.889639,47.33,33.32,379.13,512,384,BGR888p,,,,,
85.6693,detections,2534,92.889639,47.34,33.32,379.19,,,,1,63:0.95,,,
85.7171,frame,2536,92.956282,47.83,66.64,360.32,512,384,BGR888p,,,,,
85.7171,detections,2536,92.956282,47.83,66.64,360.37,,,,2,63:0.97 64:0.53,,,
85.7623,frame,2537,92.989606,45.25,33.32,372.23,512,384,BGR888p,,,,,
85.7624,detections,2537,92.989606,45.23,33.32,372.28,,,,1,63:0.95,,,
85.8065,frame,2538,93.022925,44.22,33.32,383.14,512,384,BGR888p,,,,,
85.8066,detections,2538,93.022925,44.22,33.32,383.19,,,,1,63:0.92,,,
85.8535,frame,2540,93.089572,47.02,66.65,363.5,512,384,BGR888p,,,,,
85.8536,detections,2540,93.089572,47.02,66.65,363.56,,,,1,63:0.65,,,
85.9022,frame,2541,93.122893,48.68,33.32,378.92,512,384,BGR888p,,,,,
85.9024,detections,2541,93.122893,48.75,33.32,378.99,,,,2,64:0.66 63:0.60,,,
85.9482,frame,2543,93.189536,46.0,66.64,358.26,512,384,BGR888p,,,,,
85.9483,detections,2543,93.189536,45.98,66.64,358.33,,,,2,63:0.70 64:0.66,,,
85.9484,system,0,,1029.8,,,,,,,,48.25,34.3,17.0
85.9935,frame,2544,93.222861,45.33,33.32,370.23,512,384,BGR888p,,,,,
85.9949,detections,2544,93.222861,46.57,33.32,371.57,,,,1,62:0.63,,,
86.0411,frame,2545,93.256179,47.51,33.32,382.82,512,384,BGR888p,,,,,
86.0411,detections,2545,93.256179,46.23,33.32,382.88,,,,1,63:0.67,,,
86.0877,frame,2547,93.322824,46.6,66.64,362.78,512,384,BGR888p,,,,,
86.0877,detections,2547,93.322824,46.6,66.64,362.83,,,,1,63:0.62,,,
86.1366,frame,2548,93.356146,48.92,33.32,378.37,512,384,BGR888p,,,,,
86.1366,detections,2548,93.356146,48.92,33.32,378.43,,,,1,62:0.51,,,
86.1812,frame,2550,93.422789,44.64,66.64,356.37,512,384,BGR888p,,,,,
86.1821,detections,2550,93.422789,45.44,66.64,357.24,,,,1,62:0.59,,,
86.2283,frame,2551,93.456113,47.1,33.32,370.16,512,384,BGR888p,,,,,
86.2284,detections,2551,93.456113,46.3,33.32,370.21,,,,1,62:0.58,,,
86.2741,frame,2552,93.489444,45.8,33.33,382.62,512,384,BGR888p,,,,,
86.2742,detections,2552,93.489444,45.8,33.33,382.68,,,,1,62:0.58,,,
86.3211,frame,2554,93.556077,47.01,66.63,362.99,512,384,BGR888p,,,,,
86.3212,detections,2554,93.556077,46.99,66.63,363.03,,,,0,,,,
86.3693,frame,2555,93.589399,48.2,33.32,377.87,512,384,BGR888p,,,,,
86.3694,detections,2555,93.589399,48.21,33.32,377.92,,,,0,,,,
86.4167,frame,2557,93.656042,47.33,66.64,358.56,512,384,BGR888p,,,,,
86.4167,detections,2557,93.656042,47.35,66.64,358.62,,,,0,,,,
86.4622,frame,2558,93.689368,45.57,33.33,370.81,512,384,BGR888p,,,,,
86.4624,detections,2558,93.689368,45.61,33.33,370.91,,,,1,62:0.73,,,
86.5077,frame,2559,93.722686,45.48,33.32,382.97,512,384,BGR888p,,,,,
86.5078,detections,2559,93.722686,45.43,33.32,383.02,,,,1,63:0.68,,,
86.5535,frame,2561,93.78933,45.74,66.64,362.08,512,384,BGR888p,,,,,
86.5535,detections,2561,93.78933,45.76,66.64,362.13,,,,1,63:0.67,,,
86.6026,frame,2562,93.822658,49.11,33.33,377.86,512,384,BGR888p,,,,,
86.6027,detections,2562,93.822658,49.11,33.33,377.92,,,,1,62:0.64,,,
86.6506,frame,2564,93.889295,48.01,66.64,359.21,512,384,BGR888p,,,,,
86.6506,detections,2564,93.889295,47.99,66.64,359.27,,,,1,62:0.70,,,
86.6951,frame,2565,93.922622,44.55,33.33,370.44,512,384,BGR888p,,,,,
86.6952,detections,2565,93.922622,44.55,33.33,370.5,,,,1,62:0.69,,,
86.7412,frame,2566,93.955938,46.12,33.32,383.3,512,384,BGR888p,,,,,
86.7414,detections,2566,93.955938,46.17,33.32,383.35,,,,1,62:0.65,,,
86.7878,frame,2568,94.022584,46.58,66.65,363.17,512,384,BGR888p,,,,,
86.7879,detections,2568,94.022584,46.52,66.65,363.23,,,,1,62:0.61,,,
86.8358,frame,2569,94.055908,48.0,33.32,377.85,512,384,BGR888p,,,,,
86.8359,detections,2569,94.055908,48.0,33.32,377.9,,,,1,62:0.57,,,
86.8827,frame,2571,94.122548,46.85,66.64,358.07,512,384,BGR888p,,,,,
86.8828,detections,2571,94.122548,46.86,66.64,358.13,,,,1,62:0.61,,,
86.9289,frame,2572,94.155874,46.22,33.33,370.95,512,384,BGR888p,,,,,
86.929,detections,2572,94.155874,46.21,33.33,371.01,,,,1,62:0.54,,,
86.929,system,0,,980.61,,,,,,,,48.58,34.7,17.0
86.975,frame,2573,94.189191,46.07,33.32,383.71,512,384,BGR888p,,,,,
86.975,detections,2573,94.189191,46.07,33.32,383.76,,,,1,63:0.62,,,
87.0221,frame,2575,94.255837,47.17,66.65,364.23,512,384,BGR888p,,,,,
87.0222,detections,2575,94.255837,47.17,66.65,364.29,,,,1,62:0.53,,,
87.0685,frame,2576,94.28916,46.36,33.32,377.26,512,384,BGR888p,,,,,
87.0685,detections,2576,94.28916,46.34,33.32,377.31,,,,0,,,,
87.1157,frame,2578,94.355802,47.19,66.64,357.82,512,384,BGR888p,,,,,
87.1164,detections,2578,94.355802,47.88,66.64,358.55,,,,0,,,,
87.1623,frame,2579,94.389127,46.67,33.33,371.19,512,384,BGR888p,,,,,
87.1624,detections,2579,94.389127,46.03,33.33,371.25,,,,0,,,,
87.2078,frame,2580,94.422445,45.49,33.32,383.33,512,384,BGR888p,,,,,
87.2079,detections,2580,94.422445,45.46,33.32,383.39,,,,0,,,,
87.254,frame,2582,94.48909,46.14,66.65,362.83,512,384,BGR888p,,,,,
87.2541,detections,2582,94.48909,46.14,66.65,362.89,,,,1,63:0.54,,,
87.3025,frame,2583,94.522412,48.51,33.32,378.01,512,384,BGR888p,,,,,
87.3026,detections,2583,94.522412,48.5,33.32,378.07,,,,1,62:0.61,,,
87.3483,frame,2585,94.589055,45.85,66.64,357.21,512,384,BGR888p,,,,,
87.349,detections,2585,94.589055,46.45,66.64,357.88,,,,1,62:0.63,,,
87.3949,frame,2586,94.622378,46.62,33.32,370.51,512,384,BGR888p,,,,,
87.395,detections,2586,94.622378,46.02,33.32,370.57,,,,2,63:0.81 62:0.57,,,
87.4413,frame,2587,94.655698,46.37,33.32,383.56,512,384,BGR888p,,,,,
87.4414,detections,2587,94.655698,46.38,33.32,383.63,,,,1,63:0.63,,,
87.4876,frame,2589,94.722344,46.29,66.65,363.21,512,384,BGR888p,,,,,
87.4877,detections,2589,94.722344,46.34,66.65,363.32,,,,2,63:0.88 63:0.56,,,
87.5352,frame,2590,94.755665,47.57,33.32,377.46,512,384,BGR888p,,,,,
87.5353,detections,2590,94.755665,47.52,33.32,377.52,,,,2,63:0.95 63:0.70,,,
87.5826,frame,2592,94.822308,47.43,66.64,358.25,512,384,BGR888p,,,,,
87.5832,detections,2592,94.822308,47.98,66.64,358.87,,,,2,63:0.95 63:0.92,,,
87.6289,frame,2593,94.855632,46.27,33.32,371.2,512,384,BGR888p,,,,,
87.629,detections,2593,94.855632,45.72,33.32,371.25,,,,2,63:0.90 63:0.73,,,
87.6745,frame,2594,94.888951,45.65,33.32,383.53,512,384,BGR888p,,,,,
87.6746,detections,2594,94.888951,45.65,33.32,383.58,,,,0,,,,
87.7225,frame,2596,94.955596,47.96,66.64,364.84,512,384,BGR888p,,,,,
87.7226,detections,2596,94.955596,47.97,66.64,364.9,,,,2,62:0.66 62:0.55,,,
87.7702,frame,2597,94.988918,47.69,33.32,379.22,512,384,BGR888p,,,,,
87.7703,detections,2597,94.988918,47.7,33.32,379.28,,,,2,63:0.72 63:0.68,,,
87.818,frame,2599,95.055561,47.76,66.64,360.34,512,384,BGR888p,,,,,
87.818,detections,2599,95.055561,47.76,66.64,360.39,,,,2,63:0.92 63:0.90,,,
87.8641,frame,2600,95.088885,46.1,33.32,373.1,512,384,BGR888p,,,,,
87.8649,detections,2600,95.088885,46.85,33.32,373.93,,,,2,63:0.95 63:0.90,,,
87.9101,frame,2601,95.122207,46.09,33.32,385.88,512,384,BGR888p,,,,,
87.9102,detections,2601,95.122207,45.34,33.32,385.94,,,,2,63:0.95 63:0.87,,,
87.9103,system,0,,981.29,,,,,,,,48.3,33.4,16.6
87.9565,frame,2603,95.18885,46.39,66.64,365.63,512,384,BGR888p,,,,,
87.9566,detections,2603,95.18885,46.39,66.64,365.68,,,,2,63:0.88 63:0.59,,,
88.0044,frame,2604,95.222172,47.91,33.32,380.22,512,384,BGR888p,,,,,
88.0045,detections,2604,95.222172,47.91,33.32,380.27,,,,2,63:0.66 63:0.61,,,
88.0527,frame,2606,95.288814,48.27,66.64,361.84,512,384,BGR888p,,,,,
88.0528,detections,2606,95.288814,48.27,66.64,361.9,,,,2,63:0.64 63:0.61,,,
88.1001,frame,2607,95.322137,47.4,33.32,375.92,512,384,BGR888p,,,,,
88.1002,detections,2607,95.322137,47.4,33.32,375.97,,,,1,63:0.55,,,
88.1472,frame,2608,95.355457,47.12,33.32,389.77,512,384,BGR888p,,,,,
88.1474,detections,2608,95.355457,47.18,33.32,389.83,,,,0,,,,
88.1915,frame,2610,95.422102,44.24,66.64,367.32,512,384,BGR888p,,,,,
88.1916,detections,2610,95.422102,44.19,66.64,367.38,,,,1,62:0.57,,,
88.2374,frame,2611,95.455426,45.97,33.32,379.96,512,384,BGR888p,,,,,
88.2375,detections,2611,95.455426,45.96,33.32,380.01,,,,1,62:0.62,,,
88.286,frame,2613,95.522068,48.5,66.64,361.84,512,384,BGR888p,,,,,
88.286,detections,2613,95.522068,48.52,66.64,361.89,,,,1,62:0.76,,,
88.3329,frame,2614,95.55539,46.98,33.32,375.48,512,384,BGR888p,,,,,
88.333,detections,2614,95.55539,46.97,33.32,375.54,,,,1,62:0.82,,,
88.3806,frame,2615,95.588712,47.66,33.32,389.82,512,384,BGR888p,,,,,
88.3807,detections,2615,95.588712,47.66,33.32,389.87,,,,1,62:0.84,,,
88.4243,frame,2617,95.655357,43.75,66.64,366.92,512,384,BGR888p,,,,,
88.4244,detections,2617,95.655357,43.75,66.64,366.97,,,,1,62:0.90,,,
88.4705,frame,2618,95.688678,46.15,33.32,379.77,512,384,BGR888p,,,,,
88.4706,detections,2618,95.688678,46.17,33.32,379.82,,,,1,62:0.91,,,
88.5188,frame,2620,95.755321,48.29,66.64,361.42,512,384,BGR888p,,,,,
88.5189,detections,2620,95.755321,48.34,66.64,361.53,,,,1,62:0.87,,,
88.5647,frame,2621,95.788644,45.87,33.32,373.97,512,384,BGR888p,,,,,
88.5647,detections,2621,95.788644,45.82,33.32,374.02,,,,1,62:0.86,,,
88.6103,frame,2622,95.821964,45.61,33.32,386.27,512,384,BGR888p,,,,,
88.6104,detections,2622,95.821964,45.65,33.32,386.35,,,,1,62:0.86,,,
88.6566,frame,2624,95.888611,46.34,66.65,365.95,512,384,BGR888p,,,,,
88.6567,detections,2624,95.888611,46.3,66.65,366.0,,,,1,62:0.79,,,
88.7035,frame,2625,95.921932,46.85,33.32,379.48,512,384,BGR888p,,,,,
88.7035,detections,2625,95.921932,46.85,33.32,379.54,,,,1,62:0.74,,,
88.7508,frame,2627,95.988574,47.32,66.64,360.16,512,384,BGR888p,,,,,
88.7516,detections,2627,95.988574,48.1,66.64,361.0,,,,1,62:0.75,,,
88.7971,frame,2628,96.021898,46.32,33.32,373.16,512,384,BGR888p,,,,,
88.7978,detections,2628,96.021898,46.19,33.32,373.86,,,,1,62:0.68,,,
88.8424,frame,2629,96.055217,45.3,33.32,385.13,512,384,BGR888p,,,,,
88.8425,detections,2629,96.055217,44.66,33.32,385.21,,,,1,62:0.81,,,
88.8886,frame,2631,96.121862,46.24,66.64,364.72,512,384,BGR888p,,,,,
88.8887,detections,2631,96.121862,46.22,66.64,364.77,,,,1,62:0.83,,,
88.9353,frame,2632,96.155185,46.7,33.32,378.09,512,384,BGR888p,,,,,
88.9354,detections,2632,96.155185,46.7,33.32,378.14,,,,1,62:0.88,,,
88.9354,system,0,,1025.15,,,,,,,,48.75,34.6,17.3
88.9839,frame,2634,96.221827,48.6,66.64,360.05,512,384,BGR888p,,,,,
88.984,detections,2634,96.221827,48.6,66.64,360.1,,,,1,62:0.75,,,
89.029,frame,2635,96.25515,45.02,33.32,371.75,512,384,BGR888p,,,,,
89.029,detections,2635,96.25515,45.02,33.32,371.8,,,,1,62:0.74,,,
89.0736,frame,2636,96.28847,44.64,33.32,383.07,512,384,BGR888p,,,,,
89.0737,detections,2636,96.28847,44.63,33.32,383.12,,,,1,62:0.74,,,
89.1217,frame,2638,96.355115,48.06,66.64,364.49,512,384,BGR888p,,,,,
89.1217,detections,2638,96.355115,48.08,66.64,364.55,,,,1,62:0.81,,,
89.1688,frame,2639,96.388439,47.15,33.32,378.32,512,384,BGR888p,,,,,
89.1689,detections,2639,96.388439,47.15,33.32,378.38,,,,2,62:0.61 39:0.60,,,
89.2169,frame,2641,96.45508,48.04,66.64,359.74,512,384,BGR888p,,,,,
89.217,detections,2641,96.45508,48.07,66.64,359.81,,,,2,62:0.76 39:0.73,,,
89.2639,frame,2642,96.488403,46.99,33.32,373.42,512,384,BGR888p,,,,,
89.264,detections,2642,96.488403,47.01,33.32,373.5,,,,2,39:0.78 62:0.72,,,
89.3086,frame,2643,96.521723,44.74,33.32,384.84,512,384,BGR888p,,,,,
89.3087,detections,2643,96.521723,44.75,33.32,384.93,,,,2,62:0.79 39:0.78,,,
89.3549,frame,2645,96.588369,46.27,66.65,364.46,512,384,BGR888p,,,,,
89.355,detections,2645,96.588369,46.26,66.65,364.55,,,,5,62:0.84 39:0.75 41:0.64 41:0.60 39:0.51,,,
89.4025,frame,2646,96.621692,47.63,33.32,378.76,512,384,BGR888p,,,,,
89.4026,detections,2646,96.621692,47.62,33.32,378.84,,,,3,62:0.85 39:0.69 41:0.53,,,
89.4495,frame,2648,96.688333,47.05,66.64,359.17,512,384,BGR888p,,,,,
89.4502,detections,2648,96.688333,47.62,66.64,359.83,,,,2,62:0.73 41:0.59,,,
89.4966,frame,2649,96.721658,47.08,33.33,372.92,512,384,BGR888p,,,,,
89.4967,detections,2649,96.721658,46.5,33.33,373.0,,,,2,62:0.73 41:0.64,,,
89.5425,frame,2650,96.754977,45.92,33.32,385.5,512,384,BGR888p,,,,,
89.5427,detections,2650,96.754977,45.95,33.32,385.64,,,,2,62:0.77 41:0.50,,,
89.5887,frame,2652,96.821622,46.12,66.65,364.99,512,384,BGR888p,,,,,
89.5887,detections,2652,96.821622,46.07,66.65,365.04,,,,1,62:0.64,,,
89.6353,frame,2653,96.854944,46.65,33.32,378.33,512,384,BGR888p,,,,,
89.6354,detections,2653,96.854944,46.66,33.32,378.38,,,,1,62:0.56,,,
89.6829,frame,2655,96.921587,47.59,66.64,359.27,512,384,BGR888p,,,,,
89.683,detections,2655,96.921587,47.58,66.64,359.32,,,,1,73:0.53,,,
89.728,frame,2656,96.954912,45.11,33.32,371.05,512,384,BGR888p,,,,,
89.7281,detections,2656,96.954912,45.11,33.32,371.11,,,,1,41:0.53,,,
89.7748,frame,2657,96.98823,46.74,33.32,384.47,512,384,BGR888p,,,,,
89.7748,detections,2657,96.98823,46.73,33.32,384.52,,,,3,39:0.76 63:0.72 41:0.52,,,
89.8208,frame,2659,97.054875,46.08,66.64,363.91,512,384,BGR888p,,,,,
89.8209,detections,2659,97.054875,46.09,66.64,363.97,,,,1,65:0.73,,,
89.8685,frame,2660,97.088197,47.68,33.32,378.25,512,384,BGR888p,,,,,
89.8686,detections,2660,97.088197,47.67,33.32,378.31,,,,3,65:0.75 63:0.58 39:0.53,,,
89.9155,frame,2662,97.15484,46.99,66.64,358.6,512,384,BGR888p,,,,,
89.9162,detections,2662,97.15484,47.66,66.64,359.34,,,,5,63:0.86 65:0.72 39:0.60 64:0.52 39:0.51,,,
89.9614,frame,2663,97.188163,45.87,33.32,371.16,512,384,BGR888p,,,,,
89.9615,detections,2663,97.188163,45.21,33.32,371.22,,,,5,63:0.87 65:0.65 39:0.62 64:0.58 39:0.51,,,
89.9615,system,0,,1026.07,,,,,,,,48.69,34.0,16.9
90.0068,frame,2664,97.221483,45.44,33.32,383.27,512,384,BGR888p,,,,,
90.0069,detections,2664,97.221483,45.43,33.32,383.32,,,,7,63:0.77 39:0.62 65:0.57 39:0.56 41:0.54 64:0.53 66:0.50,,,
90.0535,frame,2666,97.288128,46.73,66.64,363.35,512,384,BGR888p,,,,,
90.0536,detections,2666,97.288128,46.74,66.64,363.41,,,,2,65:0.64 63:0.54,,,
90.102,frame,2667,97.321451,48.47,33.32,378.5,512,384,BGR888p,,,,,
90.1021,detections,2667,97.321451,48.47,33.32,378.55,,,,6,63:0.87 64:0.66 66:0.63 39:0.63 65:0.58 39:0.54,,,
90.1504,frame,2669,97.388093,48.42,66.64,360.27,512,384,BGR888p,,,,,
90.1505,detections,2669,97.388093,48.41,66.64,360.33,,,,3,66:0.72 63:0.70 39:0.68,,,
90.1956,frame,2670,97.421419,45.21,33.33,372.15,512,384,BGR888p,,,,,
90.1957,detections,2670,97.421419,45.21,33.33,372.21,,,,3,66:0.68 39:0.60 65:0.52,,,
90.2421,frame,2671,97.45474,46.43,33.32,385.25,512,384,BGR888p,,,,,
90.2421,detections,2671,97.45474,46.43,33.32,385.31,,,,3,66:0.77 39:0.61 64:0.52,,,
90.2881,frame,2673,97.521383,46.06,66.64,364.67,512,384,BGR888p,,,,,
90.2882,detections,2673,97.521383,46.05,66.64,364.72,,,,0,,,,
90.3355,frame,2674,97.554704,47.4,33.32,378.74,512,384,BGR888p,,,,,
90.3356,detections,2674,97.554704,47.39,33.32,378.79,,,,2,39:0.55 65:0.52,,,
90.3845,frame,2676,97.621346,48.99,66.64,361.1,512,384,BGR888p,,,,,
90.3846,detections,2676,97.621346,49.01,66.64,361.16,,,,1,65:0.62,,,
90.4307,frame,2677,97.65467,46.24,33.32,374.02,512,384,BGR888p,,,,,
90.4308,detections,2677,97.65467,46.24,33.32,374.07,,,,1,39:0.51,,,
90.4751,frame,2678,97.68799,44.38,33.32,385.08,512,384,BGR888p,,,,,
90.4752,detections,2678,97.68799,44.38,33.32,385.14,,,,2,65:0.54 39:0.54,,,
90.5209,frame,2680,97.754635,45.74,66.64,364.18,512,384,BGR888p,,,,,
90.5209,detections,2680,97.754635,45.74,66.64,364.24,,,,1,39:0.64,,,
90.5682,frame,2681,97.787957,47.3,33.32,378.15,512,384,BGR888p,,,,,
90.5683,detections,2681,97.787957,47.34,33.32,378.25,,,,1,39:0.62,,,
90.6179,frame,2683,97.8546,49.71,66.64,361.22,512,384,BGR888p,,,,,
90.6179,detections,2683,97.8546,49.66,66.64,361.27,,,,2,39:0.74 39:0.59,,,
90.6653,frame,2684,97.887922,47.45,33.32,375.33,512,384,BGR888p,,,,,
90.6654,detections,2684,97.887922,47.44,33.32,375.38,,,,1,39:0.68,,,
90.7109,frame,2685,97.921243,45.62,33.32,387.63,512,384,BGR888p,,,,,
90.711,detections,2685,97.921243,45.61,33.32,387.68,,,,1,39:0.64,,,
90.757,frame,2687,97.987888,46.1,66.64,367.08,512,384,BGR888p,,,,,
90.7571,detections,2687,97.987888,46.1,66.64,367.13,,,,2,39:0.65 56:0.59,,,
90.8042,frame,2688,98.02121,47.12,33.32,380.89,512,384,BGR888p,,,,,
90.8042,detections,2688,98.02121,47.15,33.32,380.99,,,,4,39:0.69 56:0.68 39:0.53 67:0.52,,,
90.8535,frame,2690,98.087853,49.35,66.64,363.6,512,384,BGR888p,,,,,
90.8536,detections,2690,98.087853,49.33,66.64,363.65,,,,2,39:0.68 39:0.54,,,
90.8994,frame,2691,98.121178,45.94,33.33,376.2,512,384,BGR888p,,,,,
90.8995,detections,2691,98.121178,45.92,33.33,376.25,,,,4,56:0.83 39:0.65 39:0.56 67:0.50,,,
90.944,frame,2692,98.154496,44.57,33.32,387.5,512,384,BGR888p,,,,,
90.9441,detections,2692,98.154496,44.63,33.32,387.56,,,,3,56:0.78 72:0.57 39:0.52,,,
90.9442,system,0,,982.67,,,,,,,,48.86,35.1,17.6
90.9902,frame,2694,98.221141,46.15,66.65,366.98,512,384,BGR888p,,,,,
90.9903,detections,2694,98.221141,46.12,66.65,367.04,,,,5,56:0.83 39:0.77 39:0.66 39:0.61 72:0.52,,,
91.0372,frame,2695,98.254464,47.05,33.32,380.71,512,384,BGR888p,,,,,
91.0373,detections,2695,98.254464,47.05,33.32,380.76,,,,3,56:0.84 39:0.61 72:0.51,,,
91.0864,frame,2697,98.321106,49.22,66.64,363.28,512,384,BGR888p,,,,,
91.0865,detections,2697,98.321106,49.22,66.64,363.34,,,,4,39:0.72 56:0.64 39:0.64 39:0.52,,,
91.1335,frame,2698,98.354431,47.04,33.33,377.0,512,384,BGR888p,,,,,
91.1336,detections,2698,98.354431,47.05,33.33,377.06,,,,3,56:0.72 39:0.67 39:0.66,,,
91.1803,frame,2699,98.38775,46.83,33.32,390.51,512,384,BGR888p,,,,,
91.1804,detections,2699,98.38775,46.82,33.32,390.56,,,,3,56:0.82 39:0.71 39:0.60,,,
91.2283,frame,2701,98.454395,47.96,66.65,371.82,512,384,BGR888p,,,,,
91.2284,detections,2701,98.454395,47.96,66.65,371.88,,,,5,56:0.78 39:0.72 39:0.59 39:0.58 0:0.55,,,
91.2736,frame,2702,98.487717,45.35,33.32,383.85,512,384,BGR888p,,,,,
91.2737,detections,2702,98.487717,45.35,33.32,383.9,,,,4,56:0.76 0:0.65 39:0.56 39:0.52,,,
91.3199,frame,2704,98.554359,46.28,66.64,363.47,512,384,BGR888p,,,,,
91.32,detections,2704,98.554359,46.26,66.64,363.52,,,,2,62:0.54 56:0.53,,,
91.3693,frame,2705,98.587683,49.37,33.32,379.53,512,384,BGR888p,,,,,
91.3693,detections,2705,98.587683,49.39,33.32,379.59,,,,2,56:0.85 39:0.57,,,
91.4153,frame,2706,98.621002,46.02,33.32,392.24,512,384,BGR888p,,,,,
91.416,detections,2706,98.621002,46.68,33.32,392.96,,,,3,56:0.85 39:0.79 39:0.55,,,
91.4619,frame,2708,98.687648,46.61,66.65,372.19,512,384,BGR888p,,,,,
91.4626,detections,2708,98.687648,46.62,66.65,372.94,,,,5,39:0.76 56:0.76 39:0.54 24:0.52 39:0.52,,,
91.5074,frame,2709,98.720971,45.48,33.32,384.34,512,384,BGR888p,,,,,
91.5074,detections,2709,98.720971,44.79,33.32,384.39,,,,4,56:0.82 39:0.75 39:0.60 24:0.54,,,
91.5553,frame,2711,98.787614,47.93,66.64,365.64,512,384,BGR888p,,,,,
91.5554,detections,2711,98.787614,47.95,66.64,365.69,,,,5,39:0.78 56:0.69 39:0.63 62:0.59 24:0.58,,,
91.6026,frame,2712,98.820935,47.31,33.32,379.63,512,384,BGR888p,,,,,
91.6027,detections,2712,98.820935,47.36,33.32,379.73,,,,3,56:0.80 39:0.78 39:0.56,,,
91.6505,frame,2714,98.887578,47.85,66.64,360.83,512,384,BGR888p,,,,,
91.6513,detections,2714,98.887578,48.51,66.64,361.61,,,,3,39:0.80 56:0.77 24:0.62,,,
91.6975,frame,2715,98.920903,47.03,33.32,374.53,512,384,BGR888p,,,,,
91.6976,detections,2715,98.920903,46.32,33.32,374.59,,,,3,56:0.67 24:0.54 62:0.52,,,
91.7441,frame,2716,98.954223,46.6,33.32,387.8,512,384,BGR888p,,,,,
91.7442,detections,2716,98.954223,46.59,33.32,387.86,,,,2,56:0.82 39:0.57,,,
91.791,frame,2718,99.020866,46.93,66.64,368.12,512,384,BGR888p,,,,,
91.7911,detections,2718,99.020866,46.99,66.64,368.21,,,,1,56:0.82,,,
91.837,frame,2719,99.054189,46.01,33.32,380.79,512,384,BGR888p,,,,,
91.8371,detections,2719,99.054189,45.98,33.32,380.85,,,,1,39:0.54,,,
91.8859,frame,2721,99.120831,48.9,66.64,363.05,512,384,BGR888p,,,,,
91.886,detections,2721,99.120831,48.89,66.64,363.1,,,,5,56:0.85 39:0.77 39:0.59 39:0.57 67:0.54,,,
91.9312,frame,2722,99.154155,45.27,33.32,375.01,512,384,BGR888p,,,,,
91.9313,detections,2722,99.154155,45.32,33.32,375.1,,,,2,56:0.81 39:0.73,,,
91.9314,system,0,,987.2,,,,,,,,48.53,34.9,17.6
91.9773,frame,2723,99.187475,46.11,33.32,387.78,512,384,BGR888p,,,,,
91.9774,detections,2723,99.187475,46.05,33.32,387.83,,,,2,56:0.80 39:0.66,,,
92.0237,frame,2725,99.25412,46.36,66.64,367.49,512,384,BGR888p,,,,,
92.0237,detections,2725,99.25412,46.36,66.64,367.55,,,,0,,,,
92.0703,frame,2726,99.287442,46.59,33.32,380.75,512,384,BGR888p,,,,,
92.0703,detections,2726,99.287442,46.59,33.32,380.81,,,,1,56:0.51,,,
92.1195,frame,2728,99.354085,49.2,66.64,363.32,512,384,BGR888p,,,,,
92.1195,detections,2728,99.354085,49.2,66.64,363.37,,,,1,56:0.59,,,
92.1651,frame,2729,99.387408,45.62,33.32,375.62,512,384,BGR888p,,,,,
92.166,detections,2729,99.387408,46.44,33.32,376.49,,,,1,56:0.79,,,
92.2137,frame,2730,99.420728,48.61,33.32,390.89,512,384,BGR888p,,,,,
92.2137,detections,2730,99.420728,47.78,33.32,390.95,,,,2,56:0.74 39:0.52,,,
92.2571,frame,2732,99.487374,43.38,66.65,367.63,512,384,BGR888p,,,,,
92.2571,detections,2732,99.487374,43.38,66.65,367.68,,,,3,56:0.85 39:0.76 39:0.51,,,
92.3044,frame,2733,99.520696,47.35,33.32,381.68,512,384,BGR888p,,,,,
92.3045,detections,2733,99.520696,47.4,33.32,381.76,,,,2,56:0.74 39:0.71,,,
92.3538,frame,2735,99.587338,49.38,66.64,364.4,512,384,BGR888p,,,,,
92.3539,detections,2735,99.587338,49.35,66.64,364.46,,,,0,,,,
92.3995,frame,2736,99.620661,45.72,33.32,376.8,512,384,BGR888p,,,,,
92.4001,detections,2736,99.620661,46.21,33.32,377.35,,,,0,,,,
92.4471,frame,2737,99.653981,47.61,33.32,391.08,512,384,BGR888p,,,,,
92.4472,detections,2737,99.653981,47.11,33.32,391.13,,,,3,39:0.72 56:0.64 41:0.53,,,
92.4915,frame,2739,99.720626,44.41,66.64,368.86,512,384,BGR888p,,,,,
92.4916,detections,2739,99.720626,44.43,66.64,368.92,,,,5,39:0.84 56:0.72 39:0.59 41:0.56 62:0.51,,,
92.5388,frame,2740,99.753949,47.28,33.32,382.81,512,384,BGR888p,,,,,
92.5389,detections,2740,99.753949,47.27,33.32,382.87,,,,4,39:0.80 56:0.68 39:0.57 62:0.54,,,
92.5853,frame,2742,99.820591,46.45,66.64,362.64,512,384,BGR888p,,,,,
92.5854,detections,2742,99.820591,46.47,66.64,362.69,,,,2,39:0.68 56:0.52,,,
92.6342,frame,2743,99.853914,48.91,33.32,378.21,512,384,BGR888p,,,,,
92.6343,detections,2743,99.853914,48.95,33.32,378.33,,,,2,39:0.71 62:0.53,,,
92.6822,frame,2744,99.887235,47.99,33.32,392.87,512,384,BGR888p,,,,,
92.6822,detections,2744,99.887235,47.93,33.32,392.94,,,,3,39:0.80 62:0.60 39:0.54,,,
92.7281,frame,2746,99.953882,45.98,66.65,372.19,512,384,BGR888p,,,,,
92.7287,detections,2746,99.953882,46.46,66.65,372.75,,,,2,39:0.77 39:0.63,,,
92.7745,frame,2747,99.987205,46.33,33.32,385.19,512,384,BGR888p,,,,,
92.7745,detections,2747,99.987205,45.82,33.32,385.24,,,,1,39:0.74,,,
92.8206,frame,2749,100.053844,46.13,66.64,364.7,512,384,BGR888p,,,,,
92.8207,detections,2749,100.053844,46.15,66.64,364.75,,,,2,39:0.79 39:0.60,,,
92.8682,frame,2750,100.087167,47.62,33.32,379.0,512,384,BGR888p,,,,,
92.8683,detections,2750,100.087167,47.62,33.32,379.05,,,,2,39:0.74 62:0.52,,,
92.9164,frame,2752,100.153811,48.17,66.64,360.51,512,384,BGR888p,,,,,
92.9165,detections,2752,100.153811,48.16,66.64,360.57,,,,1,39:0.58,,,
92.9625,frame,2753,100.187135,46.14,33.32,373.33,512,384,BGR888p,,,,,
92.9626,detections,2753,100.187135,46.14,33.32,373.39,,,,1,39:0.73,,,
92.9626,system,0,,1031.26,,,,,,,,48.86,34.5,16.9
93.0089,frame,2754,100.220456,46.37,33.32,386.38,512,384,BGR888p,,,,,
93.009,detections,2754,100.220456,46.37,33.32,386.44,,,,1,39:0.67,,,
93.0538,frame,2756,100.287098,44.86,66.64,364.6,512,384,BGR888p,,,,,
93.0538,detections,2756,100.287098,44.86,66.64,364.66,,,,2,39:0.78 62:0.58,,,
93.1019,frame,2757,100.320421,48.16,33.32,379.43,512,384,BGR888p,,,,,
93.102,detections,2757,100.320421,48.16,33.32,379.49,,,,0,,,,
93.1492,frame,2759,100.387063,47.28,66.64,360.07,512,384,BGR888p,,,,,
93.1493,detections,2759,100.387063,47.3,66.64,360.14,,,,1,39:0.79,,,
93.1957,frame,2760,100.420386,46.47,33.32,373.22,512,384,BGR888p,,,,,
93.1957,detections,2760,100.420386,46.46,33.32,373.28,,,,1,39:0.79,,,
93.2415,frame,2761,100.453707,45.85,33.32,385.73,512,384,BGR888p,,,,,
93.2416,detections,2761,100.453707,45.83,33.32,385.78,,,,1,39:0.83,,,
93.288,frame,2763,100.520351,46.52,66.64,365.61,512,384,BGR888p,,,,,
93.2881,detections,2763,100.520351,46.52,66.64,365.66,,,,1,39:0.82,,,
93.3351,frame,2764,100.553673,47.09,33.32,379.38,512,384,BGR888p,,,,,
93.3352,detections,2764,100.553673,47.09,33.32,379.44,,,,1,39:0.79,,,
93.382,frame,2766,100.620316,46.89,66.64,359.64,512,384,BGR888p,,,,,
93.3821,detections,2766,100.620316,46.9,66.64,359.69,,,,1,39:0.84,,,
93.4282,frame,2767,100.653639,46.19,33.32,372.56,512,384,BGR888p,,,,,
93.4284,detections,2767,100.653639,46.27,33.32,372.64,,,,1,39:0.81,,,
93.4736,frame,2768,100.686959,45.44,33.32,384.63,512,384,BGR888p,,,,,
93.4737,detections,2768,100.686959,45.36,33.32,384.68,,,,1,39:0.81,,,
93.5217,frame,2770,100.753605,48.08,66.65,366.07,512,384,BGR888p,,,,,
93.5218,detections,2770,100.753605,48.09,66.65,366.13,,,,1,39:0.82,,,
93.5685,frame,2771,100.786927,46.74,33.32,379.48,512,384,BGR888p,,,,,
93.5685,detections,2771,100.786927,46.73,33.32,379.53,,,,1,39:0.81,,,
93.616,frame,2773,100.853569,47.56,66.64,358.6,512,384,BGR888p,,,,,
93.6161,detections,2773,100.853569,47.56,66.64,358.66,,,,1,39:0.83,,,
93.6627,frame,2774,100.886893,46.65,33.32,371.93,512,384,BGR888p,,,,,
93.6628,detections,2774,100.886893,46.71,33.32,372.04,,,,2,39:0.85 39:0.51,,,
93.7084,frame,2775,100.920212,45.74,33.32,384.34,512,384,BGR888p,,,,,
93.7085,detections,2775,100.920212,45.68,33.32,384.4,,,,1,39:0.85,,,
93.7556,frame,2777,100.986857,47.23,66.64,364.93,512,384,BGR888p,,,,,
93.7557,detections,2777,100.986857,47.22,66.64,364.98,,,,1,39:0.83,,,
93.8018,frame,2778,101.02018,46.2,33.32,377.8,512,384,BGR888p,,,,,
93.8019,detections,2778,101.02018,46.2,33.32,377.86,,,,1,39:0.83,,,
93.8491,frame,2780,101.086822,47.24,66.64,358.4,512,384,BGR888p,,,,,
93.8498,detections,2780,101.086822,47.87,66.64,359.09,,,,2,39:0.85 39:0.55,,,
93.8952,frame,2781,101.120145,46.09,33.32,371.17,512,384,BGR888p,,,,,
93.8953,detections,2781,101.120145,45.49,33.32,371.26,,,,1,39:0.79,,,
93.9408,frame,2782,101.153466,45.64,33.32,383.49,512,384,BGR888p,,,,,
93.9409,detections,2782,101.153466,45.62,33.32,383.55,,,,1,39:0.80,,,
93.9409,system,0,,978.29,,,,,,,,48.53,35.3,17.0
93.9868,frame,2784,101.220111,46.03,66.65,362.88,512,384,BGR888p,,,,,
93.9869,detections,2784,101.220111,46.03,66.65,362.93,,,,1,39:0.84,,,
94.0345,frame,2785,101.253433,47.65,33.32,377.21,512,384,BGR888p,,,,,
94.0346,detections,2785,101.253433,47.66,33.32,377.27,,,,1,39:0.82,,,
94.0816,frame,2787,101.320076,47.11,66.64,357.67,512,384,BGR888p,,,,,
94.0823,detections,2787,101.320076,47.69,66.64,358.32,,,,1,39:0.77,,,
94.1292,frame,2788,101.353399,47.63,33.32,372.01,512,384,BGR888p,,,,,
94.1293,detections,2788,101.353399,47.09,33.32,372.07,,,,1,39:0.83,,,
94.1732,frame,2789,101.386719,43.99,33.32,382.65,512,384,BGR888p,,,,,
94.1733,detections,2789,101.386719,43.96,33.32,382.72,,,,1,39:0.69,,,
94.2208,frame,2791,101.453364,47.6,66.64,363.6,512,384,BGR888p,,,,,
94.2209,detections,2791,101.453364,47.58,66.64,363.65,,,,1,39:0.79,,,
94.2677,frame,2792,101.486688,46.84,33.32,377.11,512,384,BGR888p,,,,,
94.2677,detections,2792,101.486688,46.84,33.32,377.16,,,,1,39:0.80,,,
94.3152,frame,2794,101.553329,47.51,66.64,357.98,512,384,BGR888p,,,,,
94.3153,detections,2794,101.553329,47.61,66.64,358.13,,,,1,39:0.78,,,
94.3617,frame,2795,101.586653,46.55,33.32,371.21,512,384,BGR888p,,,,,
94.3618,detections,2795,101.586653,46.45,33.32,371.26,,,,2,39:0.71 39:0.60,,,
94.408,frame,2796,101.619972,46.25,33.32,384.15,512,384,BGR888p,,,,,
94.408,detections,2796,101.619972,46.26,33.32,384.2,,,,1,39:0.77,,,
94.456,frame,2798,101.686618,48.04,66.65,365.54,512,384,BGR888p,,,,,
94.4561,detections,2798,101.686618,48.04,66.65,365.6,,,,2,39:0.75 39:0.68,,,
94.5027,frame,2799,101.71994,46.69,33.32,378.92,512,384,BGR888p,,,,,
94.5028,detections,2799,101.71994,46.69,33.32,378.97,,,,2,39:0.65 39:0.58,,,
94.5522,frame,2801,101.786582,49.46,66.64,361.73,512,384,BGR888p,,,,,
94.5522,detections,2801,101.786582,49.45,66.64,361.81,,,,2,39:0.75 39:0.60,,,
94.5986,frame,2802,101.819905,46.43,33.32,374.86,512,384,BGR888p,,,,,
94.5987,detections,2802,101.819905,46.46,33.32,374.92,,,,2,39:0.68 39:0.60,,,
94.6468,frame,2803,101.853225,48.2,33.32,389.71,512,384,BGR888p,,,,,
94.6469,detections,2803,101.853225,48.17,33.32,389.77,,,,2,39:0.61 39:0.60,,,
94.6915,frame,2805,101.91987,44.69,66.65,367.77,512,384,BGR888p,,,,,
94.6916,detections,2805,101.91987,44.75,66.65,367.88,,,,2,39:0.75 39:0.67,,,
94.7388,frame,2806,101.953193,47.35,33.32,381.79,512,384,BGR888p,,,,,
94.7389,detections,2806,101.953193,47.29,33.32,381.84,,,,2,39:0.78 39:0.52,,,
94.7861,frame,2808,102.019835,47.24,66.64,362.38,512,384,BGR888p,,,,,
94.7861,detections,2808,102.019835,47.23,66.64,362.44,,,,1,39:0.56,,,
94.8348,frame,2809,102.053159,48.74,33.32,377.8,512,384,BGR888p,,,,,
94.8349,detections,2809,102.053159,48.74,33.32,377.85,,,,2,39:0.67 39:0.65,,,
94.8816,frame,2810,102.086479,46.81,33.32,391.29,512,384,BGR888p,,,,,
94.8821,detections,2810,102.086479,47.26,33.32,391.8,,,,0,,,,
94.9294,frame,2812,102.153124,47.76,66.65,372.4,512,384,BGR888p,,,,,
94.9295,detections,2812,102.153124,47.31,66.65,372.46,,,,0,,,,
94.9758,frame,2813,102.186454,46.41,33.33,385.48,512,384,BGR888p,,,,,
94.9759,detections,2813,102.186454,46.41,33.33,385.54,,,,0,,,,
94.9759,system,0,,1034.97,,,,,,,,48.7,33.8,16.9
95.0217,frame,2815,102.253089,45.93,66.64,364.77,512,384,BGR888p,,,,,
95.0218,detections,2815,102.253089,45.93,66.64,364.83,,,,0,,,,
95.0681,frame,2816,102.286412,46.39,33.32,377.83,512,384,BGR888p,,,,,
95.0682,detections,2816,102.286412,46.37,33.32,377.88,,,,1,63:0.56,,,
95.1166,frame,2818,102.353054,48.48,66.64,359.67,512,384,BGR888p,,,,,
95.1167,detections,2818,102.353054,48.49,66.64,359.73,,,,2,62:0.63 62:0.52,,,
95.1632,frame,2819,102.386378,46.62,33.32,372.96,512,384,BGR888p,,,,,
95.1633,detections,2819,102.386378,46.61,33.32,373.01,,,,1,62:0.73,,,
95.2082,frame,2820,102.419698,44.97,33.32,384.62,512,384,BGR888p,,,,,
95.2082,detections,2820,102.419698,44.98,33.32,384.68,,,,1,62:0.80,,,
95.2541,frame,2822,102.486342,45.92,66.64,363.9,512,384,BGR888p,,,,,
95.2542,detections,2822,102.486342,45.92,66.64,363.95,,,,1,63:0.62,,,
95.3012,frame,2823,102.519665,47.14,33.32,377.72,512,384,BGR888p,,,,,
95.3013,detections,2823,102.519665,47.15,33.32,377.78,,,,1,62:0.62,,,
95.351,frame,2825,102.586308,49.72,66.64,360.79,512,384,BGR888p,,,,,
95.351,detections,2825,102.586308,49.71,66.64,360.85,,,,1,62:0.68,,,
95.3979,frame,2826,102.61963,46.94,33.32,374.41,512,384,BGR888p,,,,,
95.398,detections,2826,102.61963,46.94,33.32,374.47,,,,1,63:0.71,,,
95.4429,frame,2827,102.652952,45.05,33.32,386.13,512,384,BGR888p,,,,,
95.443,detections,2827,102.652952,45.05,33.32,386.19,,,,1,62:0.66,,,
95.4891,frame,2829,102.719596,46.18,66.64,365.67,512,384,BGR888p,,,,,
95.4892,detections,2829,102.719596,46.21,66.64,365.78,,,,1,63:0.68,,,
95.5351,frame,2830,102.752921,45.97,33.33,378.31,512,384,BGR888p,,,,,
95.5352,detections,2830,102.752921,45.94,33.33,378.37,,,,1,63:0.63,,,
95.5826,frame,2832,102.819561,47.47,66.64,359.14,512,384,BGR888p,,,,,
95.5833,detections,2832,102.819561,48.12,66.64,359.87,,,,1,63:0.77,,,
95.629,frame,2833,102.852884,46.44,33.32,372.26,512,384,BGR888p,,,,,
95.6296,detections,2833,102.852884,46.37,33.32,372.9,,,,1,63:0.84,,,
95.6751,frame,2834,102.886204,46.13,33.32,385.08,512,384,BGR888p,,,,,
95.6752,detections,2834,102.886204,45.57,33.32,385.14,,,,1,63:0.75,,,
95.7211,frame,2836,102.95285,46.0,66.65,364.42,512,384,BGR888p,,,,,
95.7213,detections,2836,102.95285,46.05,66.65,364.54,,,,1,63:0.80,,,
95.7682,frame,2837,102.986172,47.08,33.32,378.24,512,384,BGR888p,,,,,
95.7683,detections,2837,102.986172,47.08,33.32,378.29,,,,1,63:0.84,,,
95.8173,frame,2839,103.052814,49.11,66.64,360.65,512,384,BGR888p,,,,,
95.8174,detections,2839,103.052814,49.05,66.64,360.7,,,,2,63:0.80 66:0.65,,,
95.8623,frame,2840,103.086137,45.0,33.32,372.32,512,384,BGR888p,,,,,
95.8624,detections,2840,103.086137,45.0,33.32,372.38,,,,1,63:0.83,,,
95.9084,frame,2841,103.119457,46.08,33.32,385.09,512,384,BGR888p,,,,,
95.9085,detections,2841,103.119457,46.08,33.32,385.14,,,,2,63:0.73 66:0.55,,,
95.9542,frame,2843,103.186103,45.76,66.65,364.2,512,384,BGR888p,,,,,
95.9542,detections,2843,103.186103,45.76,66.65,364.28,,,,2,63:0.76 66:0.59,,,
95.9543,system,0,,978.42,,,,,,,,48.69,34.5,17.0
96.0013,frame,2844,103.219425,47.14,33.32,378.03,512,384,BGR888p,,,,,
96.0014,detections,2844,103.219425,47.15,33.32,378.08,,,,2,63:0.78 66:0.56,,,
96.0499,frame,2846,103.286067,48.61,66.64,359.99,512,384,BGR888p,,,,,
96.05,detections,2846,103.286067,48.61,66.64,360.05,,,,1,63:0.75,,,
96.096,frame,2847,103.319391,46.1,33.32,372.77,512,384,BGR888p,,,,,
96.0967,detections,2847,103.319391,46.73,33.32,373.46,,,,2,63:0.71 66:0.51,,,
96.1424,frame,2848,103.35271,46.36,33.32,385.81,512,384,BGR888p,,,,,
96.1425,detections,2848,103.35271,45.73,33.32,385.87,,,,2,63:0.75 66:0.57,,,
96.1886,frame,2850,103.419355,46.23,66.64,365.4,512,384,BGR888p,,,,,
96.1887,detections,2850,103.419355,46.25,66.64,365.47,,,,2,62:0.68 66:0.58,,,
96.2365,frame,2851,103.452678,47.93,33.32,380.04,512,384,BGR888p,,,,,
96.2367,detections,2851,103.452678,48.02,33.32,380.2,,,,2,63:0.72 66:0.61,,,
96.2849,frame,2853,103.51932,48.37,66.64,361.73,512,384,BGR888p,,,,,
96.285,detections,2853,103.51932,48.27,66.64,361.79,,,,2,63:0.66 66:0.64,,,
96.3298,frame,2854,103.552644,44.92,33.32,373.34,512,384,BGR888p,,,,,
96.3299,detections,2854,103.552644,44.94,33.32,373.42,,,,2,62:0.65 66:0.61,,,
96.3754,frame,2855,103.585965,45.53,33.32,385.55,512,384,BGR888p,,,,,
96.3755,detections,2855,103.585965,45.53,33.32,385.63,,,,2,62:0.66 66:0.56,,,
96.4223,frame,2857,103.652609,46.95,66.64,365.85,512,384,BGR888p,,,,,
96.4224,detections,2857,103.652609,46.92,66.64,365.9,,,,1,63:0.71,,,
96.4693,frame,2858,103.685934,47.04,33.33,379.57,512,384,BGR888p,,,,,
96.4694,detections,2858,103.685934,47.05,33.33,379.63,,,,2,63:0.63 66:0.56,,,
96.5186,frame,2860,103.752573,49.24,66.64,362.16,512,384,BGR888p,,,,,
96.5187,detections,2860,103.752573,49.23,66.64,362.22,,,,2,63:0.74 66:0.66,,,
96.5658,frame,2861,103.785896,47.17,33.32,376.01,512,384,BGR888p,,,,,
96.5658,detections,2861,103.785896,47.17,33.32,376.07,,,,2,63:0.77 66:0.58,,,
96.6094,frame,2862,103.819217,43.6,33.32,386.3,512,384,BGR888p,,,,,
96.6095,detections,2862,103.819217,43.62,33.32,386.37,,,,2,63:0.72 66:0.61,,,
96.6558,frame,2864,103.885863,46.47,66.65,366.12,512,384,BGR888p,,,,,
96.6559,detections,2864,103.885863,46.47,66.65,366.19,,,,2,63:0.77 66:0.53,,,
96.7032,frame,2865,103.919184,47.39,33.32,380.2,512,384,BGR888p,,,,,
96.7033,detections,2865,103.919184,47.39,33.32,380.25,,,,2,63:0.74 66:0.51,,,
96.7531,frame,2867,103.985827,49.92,66.64,363.46,512,384,BGR888p,,,,,
96.7533,detections,2867,103.985827,49.96,66.64,363.57,,,,1,63:0.67,,,
96.8008,frame,2868,104.01915,47.7,33.32,377.85,512,384,BGR888p,,,,,
96.8009,detections,2868,104.01915,47.65,33.32,377.9,,,,1,62:0.66,,,
96.8464,frame,2869,104.05247,45.6,33.32,390.12,512,384,BGR888p,,,,,
96.8465,detections,2869,104.05247,45.6,33.32,390.19,,,,1,63:0.70,,,
96.8906,frame,2871,104.119116,44.17,66.65,367.65,512,384,BGR888p,,,,,
96.8907,detections,2871,104.119116,44.17,66.65,367.7,,,,1,63:0.69,,,
96.9385,frame,2872,104.152438,47.91,33.32,382.23,512,384,BGR888p,,,,,
96.9386,detections,2872,104.152438,47.9,33.32,382.28,,,,1,63:0.71,,,
96.9386,system,0,,984.32,,,,,,,,48.92,33.9,16.9
96.9859,frame,2874,104.21908,47.38,66.64,362.97,512,384,BGR888p,,,,,
96.986,detections,2874,104.21908,47.38,66.64,363.02,,,,1,62:0.66,,,
97.0349,frame,2875,104.252404,48.99,33.32,378.64,512,384,BGR888p,,,,,
97.035,detections,2875,104.252404,48.99,33.32,378.69,,,,1,62:0.66,,,
97.0827,frame,2876,104.285723,47.76,33.32,393.09,512,384,BGR888p,,,,,
97.0827,detections,2876,104.285723,47.77,33.32,393.15,,,,1,62:0.67,,,
97.129,frame,2878,104.35237,46.35,66.65,372.86,512,384,BGR888p,,,,,
97.1293,detections,2878,104.35237,46.54,66.65,373.1,,,,1,62:0.55,,,
97.1738,frame,2879,104.385691,44.79,33.32,384.32,512,384,BGR888p,,,,,
97.174,detections,2879,104.385691,44.76,33.32,384.53,,,,1,62:0.66,,,
97.2196,frame,2881,104.452334,45.79,66.64,363.42,512,384,BGR888p,,,,,
97.2197,detections,2881,104.452334,45.67,66.64,363.53,,,,1,62:0.62,,,
97.2686,frame,2882,104.485657,49.02,33.32,379.19,512,384,BGR888p,,,,,
97.2689,detections,2882,104.485657,49.22,33.32,379.5,,,,1,62:0.64,,,
97.3151,frame,2884,104.552299,46.49,66.64,359.02,512,384,BGR888p,,,,,
97.3158,detections,2884,104.552299,46.83,66.64,359.69,,,,1,62:0.56,,,
97.3612,frame,2885,104.585623,46.09,33.32,371.81,512,384,BGR888p,,,,,
97.3615,detections,2885,104.585623,45.7,33.32,372.02,,,,1,62:0.61,,,
97.4074,frame,2886,104.618942,46.23,33.32,384.69,512,384,BGR888p,,,,,
97.4077,detections,2886,104.618942,46.19,33.32,384.9,,,,1,62:0.59,,,
97.4542,frame,2888,104.685587,46.76,66.64,364.84,512,384,BGR888p,,,,,
97.4545,detections,2888,104.685587,46.8,66.64,365.06,,,,1,62:0.57,,,
97.5023,frame,2889,104.718911,48.16,33.32,379.64,512,384,BGR888p,,,,,
97.5026,detections,2889,104.718911,48.11,33.32,379.85,,,,1,62:0.51,,,
97.5475,frame,2891,104.785552,45.2,66.64,358.2,512,384,BGR888p,,,,,
97.5481,detections,2891,104.785552,45.51,66.64,358.75,,,,1,62:0.51,,,
97.5942,frame,2892,104.818875,46.68,33.32,371.59,512,384,BGR888p,,,,,
97.5945,detections,2892,104.818875,46.41,33.32,371.8,,,,1,62:0.53,,,
97.6406,frame,2893,104.852195,46.37,33.32,384.61,512,384,BGR888p,,,,,
97.6408,detections,2893,104.852195,46.34,33.32,384.82,,,,1,62:0.54,,,
97.6866,frame,2895,104.91884,46.03,66.65,363.99,512,384,BGR888p,,,,,
97.6869,detections,2895,104.91884,46.03,66.65,364.21,,,,0,,,,
97.7353,frame,2896,104.952163,48.72,33.32,379.39,512,384,BGR888p,,,,,
97.7356,detections,2896,104.952163,48.73,33.32,379.62,,,,1,62:0.52,,,
97.7837,frame,2898,105.018805,48.38,66.64,361.13,512,384,BGR888p,,,,,
97.7841,detections,2898,105.018805,48.54,66.64,361.52,,,,1,62:0.52,,,
97.8288,frame,2899,105.052129,45.13,33.32,372.86,512,384,BGR888p,,,,,
97.8289,detections,2899,105.052129,44.78,33.32,372.92,,,,1,62:0.52,,,
97.8751,frame,2900,105.085448,46.26,33.32,385.83,512,384,BGR888p,,,,,
97.8752,detections,2900,105.085448,46.32,33.32,385.96,,,,3,63:0.64 63:0.58 62:0.56,,,
97.921,frame,2902,105.152093,45.89,66.64,365.12,512,384,BGR888p,,,,,
97.9213,detections,2902,105.152093,46.03,66.64,365.37,,,,2,63:0.71 62:0.54,,,
97.968,frame,2903,105.185417,47.01,33.32,378.81,512,384,BGR888p,,,,,
97.9683,detections,2903,105.185417,47.0,33.32,379.04,,,,2,63:0.76 63:0.62,,,
97.9685,system,0,,1029.83,,,,,,,,48.92,33.7,16.9
98.0167,frame,2905,105.252058,48.67,66.64,360.84,512,384,BGR888p,,,,,
98.0169,detections,2905,105.252058,48.65,66.64,361.05,,,,0,,,,
98.0617,frame,2906,105.285382,45.02,33.32,372.54,512,384,BGR888p,,,,,
98.062,detections,2906,105.285382,45.03,33.32,372.76,,,,0,,,,
98.1086,frame,2907,105.318703,46.95,33.32,386.16,512,384,BGR888p,,,,,
98.1089,detections,2907,105.318703,46.94,33.32,386.38,,,,1,63:0.73,,,
98.1536,frame,2909,105.385346,45.0,66.64,364.52,512,384,BGR888p,,,,,
98.1539,detections,2909,105.385346,45.0,66.64,364.74,,,,1,63:0.68,,,
98.2008,frame,2910,105.418669,47.18,33.32,378.3,512,384,BGR888p,,,,,
98.2009,detections,2910,105.418669,47.01,33.32,378.37,,,,2,63:0.58 63:0.50,,,
98.2505,frame,2912,105.485312,49.65,66.64,361.38,512,384,BGR888p,,,,,
98.2507,detections,2912,105.485312,49.8,66.64,361.57,,,,2,63:0.59 62:0.52,,,
98.297,frame,2913,105.518637,46.48,33.33,374.54,512,384,BGR888p,,,,,
98.2972,detections,2913,105.518637,46.5,33.33,374.78,,,,2,63:0.63 63:0.53,,,
98.3426,frame,2914,105.551955,45.67,33.32,386.89,512,384,BGR888p,,,,,
98.3429,detections,2914,105.551955,45.67,33.32,387.1,,,,2,63:0.68 62:0.63,,,
98.3898,frame,2916,105.6186,47.15,66.64,367.38,512,384,BGR888p,,,,,
98.39,detections,2916,105.6186,47.14,66.64,367.6,,,,0,,,,
98.4365,frame,2917,105.651922,46.74,33.32,380.8,512,384,BGR888p,,,,,
98.4368,detections,2917,105.651922,46.75,33.32,381.02,,,,0,,,,
98.4852,frame,2919,105.718565,48.66,66.64,362.85,512,384,BGR888p,,,,,
98.4855,detections,2919,105.718565,48.69,66.64,363.08,,,,0,,,,
98.5319,frame,2920,105.751891,46.73,33.33,376.23,512,384,BGR888p,,,,,
98.5322,detections,2920,105.751891,46.7,33.33,376.45,,,,0,,,,
98.5766,frame,2921,105.785208,44.67,33.32,387.59,512,384,BGR888p,,,,,
98.5768,detections,2921,105.785208,44.67,33.32,387.81,,,,0,,,,
98.6223,frame,2923,105.851853,45.75,66.65,366.69,512,384,BGR888p,,,,,
98.6226,detections,2923,105.851853,45.74,66.65,366.91,,,,0,,,,
98.668,frame,2924,105.885175,45.68,33.32,379.05,512,384,BGR888p,,,,,
98.6685,detections,2924,105.885175,45.97,33.32,379.58,,,,0,,,,
98.7157,frame,2926,105.951818,47.71,66.64,360.11,512,384,BGR888p,,,,,
98.716,detections,2926,105.951818,47.42,66.64,360.34,,,,0,,,,
98.762,frame,2927,105.985142,46.31,33.32,373.1,512,384,BGR888p,,,,,
98.763,detections,2927,105.985142,47.02,33.32,374.07,,,,1,62:0.52,,,
98.8075,frame,2928,106.018462,45.5,33.32,385.28,512,384,BGR888p,,,,,
98.8079,detections,2928,106.018462,44.95,33.32,385.68,,,,0,,,,
98.8527,frame,2930,106.085106,45.21,66.64,363.78,512,384,BGR888p,,,,,
98.8528,detections,2930,106.085106,44.88,66.64,363.86,,,,0,,,,
98.9015,frame,2931,106.118428,48.76,33.32,379.26,512,384,BGR888p,,,,,
98.9017,detections,2931,106.118428,48.86,33.32,379.42,,,,0,,,,
98.9487,frame,2933,106.185072,47.26,66.64,359.9,512,384,BGR888p,,,,,
98.949,detections,2933,106.185072,47.32,66.64,360.12,,,,0,,,,
98.9492,system,0,,980.69,,,,,,,,49.03,35.5,16.9
98.9946,frame,2934,106.218394,45.9,33.32,372.48,512,384,BGR888p,,,,,
98.9949,detections,2934,106.218394,45.9,33.32,372.7,,,,0,,,,
99.0404,frame,2935,106.251715,45.75,33.32,384.91,512,384,BGR888p,,,,,
99.0407,detections,2935,106.251715,45.75,33.32,385.13,,,,0,,,,
99.0871,frame,2937,106.318359,46.7,66.64,364.96,512,384,BGR888p,,,,,
99.0874,detections,2937,106.318359,46.72,66.64,365.21,,,,2,62:0.55 62:0.51,,,
99.1349,frame,2938,106.351682,47.85,33.32,379.49,512,384,BGR888p,,,,,
99.1352,detections,2938,106.351682,47.82,33.32,379.74,,,,0,,,,
99.1826,frame,2940,106.418325,47.61,66.64,360.45,512,384,BGR888p,,,,,
99.1828,detections,2940,106.418325,47.61,66.64,360.67,,,,1,62:0.58,,,
99.2282,frame,2941,106.45165,45.69,33.33,372.86,512,384,BGR888p,,,,,
99.2291,detections,2941,106.45165,46.26,33.33,373.63,,,,0,,,,
99.2739,frame,2942,106.484968,45.67,33.32,385.16,512,384,BGR888p,,,,,
99.2742,detections,2942,106.484968,45.1,33.32,385.42,,,,1,62:0.57,,,
99.3208,frame,2944,106.551613,46.85,66.65,365.37,512,384,BGR888p,,,,,
99.321,detections,2944,106.551613,46.84,66.65,365.58,,,,1,62:0.65,,,
99.3683,frame,2945,106.584935,47.56,33.32,379.6,512,384,BGR888p,,,,,
99.3686,detections,2945,106.584935,47.56,33.32,379.81,,,,1,62:0.52,,,
99.4155,frame,2947,106.651578,47.16,66.64,360.12,512,384,BGR888p,,,,,
99.4163,detections,2947,106.651578,47.74,66.64,360.94,,,,1,62:0.55,,,
99.4622,frame,2948,106.684901,46.7,33.32,373.52,512,384,BGR888p,,,,,
99.4625,detections,2948,106.684901,46.15,33.32,373.74,,,,1,62:0.59,,,
99.5083,frame,2949,106.718222,46.09,33.32,386.27,512,384,BGR888p,,,,,
99.5085,detections,2949,106.718222,46.07,33.32,386.49,,,,1,68:0.53,,,
99.5554,frame,2951,106.784866,47.18,66.64,366.81,512,384,BGR888p,,,,,
99.5557,detections,2951,106.784866,47.18,66.64,367.02,,,,1,68:0.57,,,
99.6023,frame,2952,106.818188,46.84,33.32,380.32,512,384,BGR888p,,,,,
99.6025,detections,2952,106.818188,46.84,33.32,380.53,,,,1,68:0.76,,,
99.6511,frame,2954,106.884831,48.85,66.64,362.55,512,384,BGR888p,,,,,
99.6514,detections,2954,106.884831,48.87,66.64,362.76,,,,2,63:0.90 64:0.71,,,
99.6985,frame,2955,106.918155,47.4,33.32,376.6,512,384,BGR888p,,,,,
99.6988,detections,2955,106.918155,47.37,33.32,376.81,,,,2,63:0.95 64:0.71,,,
99.7436,frame,2956,106.951474,45.1,33.32,388.38,512,384,BGR888p,,,,,
99.7439,detections,2956,106.951474,45.1,33.32,388.59,,,,4,63:0.74 64:0.69 66:0.56 63:0.55,,,
99.7916,frame,2958,107.018119,48.0,66.64,369.74,512,384,BGR888p,,,,,
99.7919,detections,2958,107.018119,48.0,66.64,369.95,,,,3,62:0.60 64:0.59 64:0.57,,,
99.8386,frame,2959,107.051441,46.98,33.32,383.39,512,384,BGR888p,,,,,
99.839,detections,2959,107.051441,47.14,33.32,383.78,,,,2,62:0.63 64:0.53,,,
99.8856,frame,2961,107.118084,47.0,66.64,363.75,512,384,BGR888p,,,,,
99.8859,detections,2961,107.118084,46.84,66.64,363.97,,,,1,63:0.60,,,
99.9337,frame,2962,107.151407,48.08,33.32,378.51,512,384,BGR888p,,,,,
99.9339,detections,2962,107.151407,48.08,33.32,378.72,,,,1,62:0.58,,,
99.98,frame,2963,107.184728,46.3,33.32,391.49,512,384,BGR888p,,,,,
99.9803,detections,2963,107.184728,46.33,33.32,391.74,,,,1,63:0.66,,,
99.9805,system,0,,1031.3,,,,,,,,49.03,34.1,16.3
100.0251,frame,2965,107.251372,45.09,66.64,369.94,512,384,BGR888p,,,,,
100.0254,detections,2965,107.251372,45.09,66.64,370.18,,,,2,62:0.63 62:0.51,,,
100.0706,frame,2966,107.284695,45.52,33.32,382.14,512,384,BGR888p,,,,,
100.0709,detections,2966,107.284695,45.5,33.32,382.35,,,,4,63:0.64 63:0.59 64:0.56 62:0.51,,,
100.1184,frame,2968,107.351338,47.74,66.64,363.24,512,384,BGR888p,,,,,
100.1186,detections,2968,107.351338,47.74,66.64,363.45,,,,1,62:0.65,,,
100.1674,frame,2969,107.384661,49.01,33.32,378.93,512,384,BGR888p,,,,,
100.1676,detections,2969,107.384661,49.02,33.32,379.14,,,,1,62:0.61,,,
100.2134,frame,2971,107.451303,45.98,66.64,358.21,512,384,BGR888p,,,,,
100.2139,detections,2971,107.451303,46.32,66.64,358.79,,,,3,62:0.72 66:0.64 63:0.56,,,
100.261,frame,2972,107.484628,47.69,33.33,372.63,512,384,BGR888p,,,,,
100.2613,detections,2972,107.484628,47.38,33.33,372.88,,,,4,62:0.73 41:0.61 62:0.60 66:0.53,,,
100.307,frame,2973,107.517947,45.94,33.32,385.25,512,384,BGR888p,,,,,
100.3072,detections,2973,107.517947,45.91,33.32,385.48,,,,0,,,,
100.3537,frame,2975,107.584591,46.73,66.64,365.33,512,384,BGR888p,,,,,
100.354,detections,2975,107.584591,46.73,66.64,365.55,,,,1,62:0.67,,,
100.4014,frame,2976,107.617913,47.74,33.32,379.69,512,384,BGR888p,,,,,
100.4016,detections,2976,107.617913,47.59,33.32,379.78,,,,1,62:0.53,,,
100.4484,frame,2978,107.684556,46.92,66.64,360.02,512,384,BGR888p,,,,,
100.4486,detections,2978,107.684556,47.05,66.64,360.23,,,,1,62:0.58,,,
100.4946,frame,2979,107.717881,46.27,33.33,372.97,512,384,BGR888p,,,,,
100.4949,detections,2979,107.717881,46.27,33.33,373.18,,,,1,62:0.58,,,
100.5412,frame,2980,107.751202,46.61,33.32,386.29,512,384,BGR888p,,,,,
100.5415,detections,2980,107.751202,46.64,33.32,386.5,,,,1,62:0.51,,,
100.5885,frame,2982,107.817845,47.23,66.64,366.84,512,384,BGR888p,,,,,
100.5887,detections,2982,107.817845,47.19,66.64,367.05,,,,1,62:0.61,,,
100.636,frame,2983,107.851169,47.54,33.32,381.06,512,384,BGR888p,,,,,
100.6363,detections,2983,107.851169,47.57,33.32,381.31,,,,1,62:0.54,,,
100.6845,frame,2985,107.917809,48.5,66.64,362.93,512,384,BGR888p,,,,,
100.6848,detections,2985,107.917809,48.48,66.64,363.14,,,,0,,,,
100.7322,frame,2986,107.951133,47.69,33.32,377.32,512,384,BGR888p,,,,,
100.7325,detections,2986,107.951133,47.72,33.32,377.54,,,,0,,,,
100.7798,frame,2987,107.984453,47.56,33.32,391.54,512,384,BGR888p,,,,,
100.7802,detections,2987,107.984453,47.74,33.32,392.0,,,,1,62:0.66,,,
100.8242,frame,2989,108.051098,44.43,66.64,369.35,512,384,BGR888p,,,,,
100.8245,detections,2989,108.051098,44.25,66.64,369.56,,,,2,41:0.54 62:0.54,,,
100.8704,frame,2990,108.08442,46.17,33.32,382.17,512,384,BGR888p,,,,,
100.8708,detections,2990,108.08442,46.29,33.32,382.54,,,,1,62:0.53,,,
100.9172,frame,2992,108.151063,46.82,66.64,362.28,512,384,BGR888p,,,,,
100.9173,detections,2992,108.151063,46.52,66.64,362.36,,,,2,41:0.58 62:0.51,,,
100.9654,frame,2993,108.184386,48.23,33.32,377.2,512,384,BGR888p,,,,,
100.9655,detections,2993,108.184386,48.26,33.32,377.3,,,,0,,,,
100.9656,system,0,,985.15,,,,,,,,49.03,35.1,17.1
101.0129,frame,2994,108.217706,47.49,33.32,391.44,512,384,BGR888p,,,,,
101.0132,detections,2994,108.217706,47.64,33.32,391.69,,,,1,62:0.53,,,
101.0605,frame,2996,108.284352,47.62,66.65,372.4,512,384,BGR888p,,,,,
101.0608,detections,2996,108.284352,47.6,66.65,372.61,,,,2,62:0.73 62:0.52,,,
101.1058,frame,2997,108.317674,45.29,33.32,384.36,512,384,BGR888p,,,,,
101.1061,detections,2997,108.317674,45.28,33.32,384.57,,,,1,62:0.65,,,
101.1531,frame,2999,108.384317,47.25,66.64,364.97,512,384,BGR888p,,,,,
101.1533,detections,2999,108.384317,47.29,66.64,365.22,,,,0,,,,
101.201,frame,3000,108.417639,47.97,33.32,379.62,512,384,BGR888p,,,,,
101.2013,detections,3000,108.417639,47.98,33.32,379.88,,,,1,62:0.58,,,
101.249,frame,3002,108.484281,47.92,66.64,359.1,512,384,BGR888p,,,,,
101.2492,detections,3002,108.484281,47.88,66.64,359.34,,,,0,,,,
101.2938,frame,3003,108.517605,44.83,33.32,370.6,512,384,BGR888p,,,,,
101.294,detections,3003,108.517605,44.83,33.32,370.82,,,,2,62:0.77 62:0.56,,,
101.3398,frame,3004,108.550927,46.04,33.32,383.32,512,384,BGR888p,,,,,
101.3401,detections,3004,108.550927,46.03,33.32,383.53,,,,2,62:0.63 62:0.52,,,
101.3871,frame,3006,108.61757,47.32,66.64,364.01,512,384,BGR888p,,,,,
101.3874,detections,3006,108.61757,47.35,66.64,364.24,,,,1,62:0.71,,,
101.4349,frame,3007,108.650892,47.81,33.32,378.48,512,384,BGR888p,,,,,
101.4352,detections,3007,108.650892,47.78,33.32,378.72,,,,1,62:0.83,,,
101.4806,frame,3009,108.717535,45.7,66.64,357.54,512,384,BGR888p,,,,,
101.4809,detections,3009,108.717535,45.7,66.64,357.75,,,,1,62:0.88,,,
101.5275,frame,3010,108.750858,46.82,33.32,371.04,512,384,BGR888p,,,,,
101.5277,detections,3010,108.750858,46.82,33.32,371.25,,,,1,62:0.89,,,
101.5739,frame,3011,108.784178,46.45,33.32,384.17,512,384,BGR888p,,,,,
101.5742,detections,3011,108.784178,46.45,33.32,384.41,,,,1,62:0.88,,,
101.6217,frame,3013,108.850823,47.74,66.65,365.26,512,384,BGR888p,,,,,
101.6219,detections,3013,108.850823,47.74,66.65,365.48,,,,4,62:0.93 56:0.87 64:0.73 62:0.50,,,
101.6685,frame,3014,108.884145,46.83,33.32,378.77,512,384,BGR888p,,,,,
101.6687,detections,3014,108.884145,46.83,33.32,378.98,,,,3,62:0.93 56:0.83 64:0.66,,,
101.717,frame,3016,108.950788,48.53,66.64,360.65,512,384,BGR888p,,,,,
101.7173,detections,3016,108.950788,48.55,66.64,360.89,,,,5,62:0.91 64:0.77 56:0.77 66:0.62 62:0.51,,,
101.7645,frame,3017,108.984113,47.47,33.32,374.79,512,384,BGR888p,,,,,
101.7647,detections,3017,108.984113,47.44,33.32,375.0,,,,4,62:0.79 56:0.64 62:0.56 62:0.50,,,
101.8099,frame,3018,109.017431,45.37,33.32,386.85,512,384,BGR888p,,,,,
101.8101,detections,3018,109.017431,45.37,33.32,387.06,,,,1,62:0.83,,,
101.856,frame,3020,109.084076,46.16,66.64,366.3,512,384,BGR888p,,,,,
101.8561,detections,3020,109.084076,46.01,66.64,366.38,,,,3,56:0.76 62:0.64 66:0.51,,,
101.9023,frame,3021,109.117398,46.28,33.32,379.32,512,384,BGR888p,,,,,
101.9027,detections,3021,109.117398,46.61,33.32,379.72,,,,4,62:0.82 62:0.58 56:0.58 64:0.50,,,
101.9517,frame,3023,109.184041,49.46,66.64,362.13,512,384,BGR888p,,,,,
101.952,detections,3023,109.184041,49.28,66.64,362.34,,,,2,62:0.62 62:0.55,,,
101.9522,system,0,,986.57,,,,,,,,49.03,34.6,17.3
101.9975,frame,3024,109.217364,45.79,33.32,374.6,512,384,BGR888p,,,,,
101.9978,detections,3024,109.217364,45.79,33.32,374.81,,,,4,62:0.76 62:0.61 56:0.56 66:0.52,,,
102.0459,frame,3025,109.250684,48.39,33.32,389.66,512,384,BGR888p,,,,,
102.0462,detections,3025,109.250684,48.38,33.32,389.9,,,,3,62:0.70 56:0.56 62:0.52,,,
102.0891,frame,3027,109.317329,43.2,66.64,366.22,512,384,BGR888p,,,,,
102.0894,detections,3027,109.317329,43.23,66.64,366.47,,,,1,62:0.55,,,
102.1367,frame,3028,109.350652,47.57,33.32,380.47,512,384,BGR888p,,,,,
102.1369,detections,3028,109.350652,47.54,33.32,380.68,,,,1,62:0.55,,,
102.1847,frame,3030,109.417295,47.96,66.64,361.71,512,384,BGR888p,,,,,
102.1847,detections,3030,109.417295,47.79,66.64,361.77,,,,1,62:0.59,,,
102.2333,frame,3031,109.450617,48.63,33.32,377.04,512,384,BGR888p,,,,,
102.2334,detections,3031,109.450617,48.7,33.32,377.17,,,,1,56:0.51,,,
102.2796,frame,3032,109.483937,46.3,33.32,390.07,512,384,BGR888p,,,,,
102.2798,detections,3032,109.483937,46.41,33.32,390.29,,,,1,56:0.51,,,
102.3272,frame,3034,109.550584,47.6,66.65,371.04,512,384,BGR888p,,,,,
102.3275,detections,3034,109.550584,47.61,66.65,371.26,,,,1,56:0.50,,,
102.3728,frame,3035,109.583906,45.61,33.32,383.3,512,384,BGR888p,,,,,
102.373,detections,3035,109.583906,45.57,33.32,383.51,,,,0,,,,
102.4194,frame,3037,109.650548,46.65,66.64,363.31,512,384,BGR888p,,,,,
102.4197,detections,3037,109.650548,46.66,66.64,363.53,,,,1,62:0.65,,,
102.4677,frame,3038,109.68387,48.24,33.32,378.22,512,384,BGR888p,,,,,
102.4679,detections,3038,109.68387,48.23,33.32,378.44,,,,2,62:0.51 56:0.51,,,
102.515,frame,3039,109.717191,47.32,33.32,392.23,512,384,BGR888p,,,,,
102.5157,detections,3039,109.717191,47.82,33.32,392.98,,,,0,,,,
102.5618,frame,3041,109.783836,46.8,66.64,372.4,512,384,BGR888p,,,,,
102.5621,detections,3041,109.783836,46.33,66.64,372.63,,,,1,62:0.53,,,
102.6078,frame,3042,109.81716,46.01,33.32,385.07,512,384,BGR888p,,,,,
102.6081,detections,3042,109.81716,45.98,33.32,385.28,,,,0,,,,
102.6548,frame,3044,109.883801,46.99,66.64,365.41,512,384,BGR888p,,,,,
102.6551,detections,3044,109.883801,47.0,66.64,365.64,,,,2,56:0.77 62:0.55,,,
102.7027,frame,3045,109.917124,47.95,33.32,379.96,512,384,BGR888p,,,,,
102.7028,detections,3045,109.917124,47.76,33.32,380.02,,,,6,66:0.74 62:0.56 56:0.54 63:0.54 64:0.51 63:0.50,,,
102.7523,frame,3047,109.983766,49.54,66.64,362.88,512,384,BGR888p,,,,,
102.7524,detections,3047,109.983766,49.58,66.64,362.97,,,,5,63:0.74 62:0.72 56:0.69 66:0.62 56:0.55,,,
102.8,frame,3048,110.01709,47.75,33.32,377.36,512,384,BGR888p,,,,,
102.8003,detections,3048,110.01709,47.9,33.32,377.59,,,,1,56:0.73,,,
102.8461,frame,3049,110.050409,46.08,33.32,390.12,512,384,BGR888p,,,,,
102.8464,detections,3049,110.050409,46.08,33.32,390.36,,,,0,,,,
102.8935,frame,3051,110.117054,47.39,66.64,370.87,512,384,BGR888p,,,,,
102.8938,detections,3051,110.117054,47.38,66.64,371.09,,,,1,62:0.54,,,
102.9396,frame,3052,110.150377,46.1,33.32,383.65,512,384,BGR888p,,,,,
102.94,detections,3052,110.150377,46.28,33.32,384.06,,,,0,,,,
102.9861,frame,3054,110.21702,46.53,66.64,363.53,512,384,BGR888p,,,,,
102.9864,detections,3054,110.21702,46.38,66.64,363.78,,,,5,56:0.68 66:0.63 62:0.56 64:0.52 63:0.52,,,
102.9866,system,0,,1034.45,,,,,,,,49.25,33.6,16.9
103.034,frame,3055,110.250342,47.86,33.32,378.07,512,384,BGR888p,,,,,
103.0345,detections,3055,110.250342,48.07,33.32,378.57,,,,4,66:0.67 63:0.56 62:0.55 56:0.52,,,
103.0817,frame,3056,110.283664,47.72,33.32,392.47,512,384,BGR888p,,,,,
103.0826,detections,3056,110.283664,48.15,33.32,393.4,,,,3,56:0.74 62:0.61 63:0.53,,,
103.1273,frame,3058,110.350308,45.6,66.64,371.42,512,384,BGR888p,,,,,
103.1276,detections,3058,110.350308,44.91,66.64,371.63,,,,2,64:0.61 63:0.61,,,
103.1737,frame,3059,110.38363,46.38,33.32,384.48,512,384,BGR888p,,,,,
103.1739,detections,3059,110.38363,46.38,33.32,384.69,,,,0,,,,
103.2189,frame,3061,110.450273,45.21,66.64,362.98,512,384,BGR888p,,,,,
103.219,detections,3061,110.450273,45.07,66.64,363.07,,,,3,56:0.57 62:0.53 56:0.51,,,
103.2676,frame,3062,110.483596,48.72,33.32,378.44,512,384,BGR888p,,,,,
103.2679,detections,3062,110.483596,48.86,33.32,378.65,,,,1,56:0.53,,,
103.3157,frame,3064,110.550238,48.1,66.64,359.9,512,384,BGR888p,,,,,
103.316,detections,3064,110.550238,48.1,66.64,360.11,,,,2,62:0.53 64:0.50,,,
103.3607,frame,3065,110.583563,44.98,33.33,371.55,512,384,BGR888p,,,,,
103.3609,detections,3065,110.583563,44.98,33.33,371.77,,,,1,56:0.54,,,
103.4066,frame,3066,110.616882,45.95,33.32,384.18,512,384,BGR888p,,,,,
103.4069,detections,3066,110.616882,45.94,33.32,384.4,,,,0,,,,
103.4541,frame,3068,110.683527,47.43,66.64,364.96,512,384,BGR888p,,,,,
103.4544,detections,3068,110.683527,47.48,66.64,365.22,,,,2,56:0.62 0:0.58,,,
103.5002,frame,3069,110.716849,46.12,33.32,377.78,512,384,BGR888p,,,,,
103.5005,detections,3069,110.716849,46.09,33.32,377.99,,,,1,62:0.63,,,
103.5487,frame,3071,110.783492,48.52,66.64,359.64,512,384,BGR888p,,,,,
103.549,detections,3071,110.783492,48.5,66.64,359.85,,,,1,56:0.61,,,
103.5946,frame,3072,110.816816,45.87,33.32,372.12,512,384,BGR888p,,,,,
103.5947,detections,3072,110.816816,45.73,33.32,372.2,,,,2,56:0.63 62:0.51,,,
103.6404,frame,3073,110.850135,45.79,33.32,384.65,512,384,BGR888p,,,,,
103.6406,detections,3073,110.850135,45.94,33.32,384.87,,,,2,56:0.64 62:0.55,,,
103.6878,frame,3075,110.91678,47.4,66.65,365.43,512,384,BGR888p,,,,,
103.688,detections,3075,110.91678,47.42,66.65,365.64,,,,1,56:0.55,,,
103.7344,frame,3076,110.950103,46.64,33.32,378.74,512,384,BGR888p,,,,,
103.7347,detections,3076,110.950103,46.64,33.32,378.96,,,,2,56:0.52 56:0.51,,,
103.7818,frame,3078,111.016745,47.44,66.64,359.53,512,384,BGR888p,,,,,
103.7821,detections,3078,111.016745,47.42,66.64,359.74,,,,1,56:0.55,,,
103.8287,frame,3079,111.050068,46.83,33.32,373.04,512,384,BGR888p,,,,,
103.8289,detections,3079,111.050068,46.84,33.32,373.25,,,,2,56:0.73 56:0.61,,,
103.8746,frame,3080,111.083388,45.96,33.32,385.68,512,384,BGR888p,,,,,
103.8749,detections,3080,111.083388,45.96,33.32,385.89,,,,1,56:0.84,,,
103.9197,frame,3082,111.150034,45.06,66.65,364.1,512,384,BGR888p,,,,,
103.92,detections,3082,111.150034,45.07,66.65,364.31,,,,1,56:0.67,,,
103.9681,frame,3083,111.183355,48.38,33.32,379.16,512,384,BGR888p,,,,,
103.9686,detections,3083,111.183355,48.59,33.32,379.6,,,,1,56:0.59,,,
103.9688,system,0,,982.11,,,,,,,,49.03,34.2,17.2
104.0149,frame,3085,111.249998,46.76,66.64,359.28,512,384,BGR888p,,,,,
104.0159,detections,3085,111.249998,47.3,66.64,360.28,,,,1,56:0.65,,,
104.0616,frame,3086,111.283324,46.75,33.33,372.7,512,384,BGR888p,,,,,
104.0618,detections,3086,111.283324,45.99,33.33,372.91,,,,1,56:0.66,,,
104.1076,frame,3087,111.316641,45.96,33.32,385.34,512,384,BGR888p,,,,,
104.1078,detections,3087,111.316641,45.96,33.32,385.56,,,,0,,,,
104.1539,frame,3089,111.383286,46.36,66.64,365.06,512,384,BGR888p,,,,,
104.1542,detections,3089,111.383286,46.37,66.64,365.31,,,,2,56:0.62 63:0.61,,,
104.2008,frame,3090,111.416609,46.84,33.32,378.57,512,384,BGR888p,,,,,
104.201,detections,3090,111.416609,46.83,33.32,378.79,,,,2,66:0.58 56:0.50,,,
104.2486,frame,3092,111.483252,47.86,66.64,359.79,512,384,BGR888p,,,,,
104.2489,detections,3092,111.483252,47.86,66.64,360.01,,,,0,,,,
104.2938,frame,3093,111.516575,45.15,33.32,371.63,512,384,BGR888p,,,,,
104.294,detections,3093,111.516575,45.16,33.32,371.84,,,,0,,,,
104.3388,frame,3094,111.549895,45.05,33.32,383.36,512,384,BGR888p,,,,,
104.3391,detections,3094,111.549895,45.05,33.32,383.58,,,,0,,,,
104.387,frame,3096,111.616541,48.13,66.65,364.84,512,384,BGR888p,,,,,
104.3872,detections,3096,111.616541,48.13,66.65,365.09,,,,1,56:0.51,,,
104.4337,frame,3097,111.649862,46.71,33.32,378.24,512,384,BGR888p,,,,,
104.4339,detections,3097,111.649862,46.71,33.32,378.45,,,,0,,,,
104.4812,frame,3099,111.716504,47.51,66.64,359.13,512,384,BGR888p,,,,,
104.4815,detections,3099,111.716504,47.54,66.64,359.35,,,,0,,,,
104.5272,frame,3100,111.749828,46.04,33.32,371.84,512,384,BGR888p,,,,,
104.5275,detections,3100,111.749828,46.03,33.32,372.06,,,,1,62:0.53,,,
104.5735,frame,3101,111.783148,46.27,33.32,384.76,512,384,BGR888p,,,,,
104.5737,detections,3101,111.783148,46.24,33.32,384.98,,,,1,62:0.51,,,
104.6196,frame,3103,111.849793,46.11,66.65,364.23,512,384,BGR888p,,,,,
104.6199,detections,3103,111.849793,46.11,66.65,364.44,,,,2,56:0.55 62:0.51,,,
104.6675,frame,3104,111.883115,47.89,33.32,378.79,512,384,BGR888p,,,,,
104.6677,detections,3104,111.883115,47.88,33.32,379.0,,,,1,63:0.53,,,
104.7147,frame,3106,111.949758,47.22,66.64,359.38,512,384,BGR888p,,,,,
104.715,detections,3106,111.949758,47.23,66.64,359.59,,,,1,62:0.51,,,
104.7608,frame,3107,111.983084,46.09,33.33,372.14,512,384,BGR888p,,,,,
104.7611,detections,3107,111.983084,46.09,33.33,372.35,,,,0,,,,
104.8049,frame,3108,112.016401,44.12,33.32,382.95,512,384,BGR888p,,,,,
104.8052,detections,3108,112.016401,44.13,33.32,383.21,,,,1,56:0.50,,,
104.8518,frame,3110,112.083046,46.91,66.64,363.24,512,384,BGR888p,,,,,
104.8522,detections,3110,112.083046,46.98,66.64,363.58,,,,0,,,,
104.8999,frame,3111,112.116368,48.02,33.32,377.91,512,384,BGR888p,,,,,
104.9001,detections,3111,112.116368,47.94,33.32,378.13,,,,0,,,,
104.9462,frame,3113,112.183011,46.33,66.64,357.63,512,384,BGR888p,,,,,
104.9465,detections,3113,112.183011,46.37,66.64,357.86,,,,1,56:0.52,,,
104.9901,frame,3114,112.216334,43.92,33.32,368.2,512,384,BGR888p,,,,,
104.9906,detections,3114,112.216334,44.08,33.32,368.62,,,,1,56:0.55,,,
104.9908,system,0,,1022.01,,,,,,,,49.36,34.2,16.6
105.0363,frame,3115,112.249654,46.21,33.32,381.1,512,384,BGR888p,,,,,
105.0366,detections,3115,112.249654,46.01,33.32,381.31,,,,1,56:0.52,,,
105.0855,frame,3117,112.316299,49.2,66.64,363.65,512,384,BGR888p,,,,,
105.0858,detections,3117,112.316299,49.2,66.64,363.86,,,,0,,,,
105.1314,frame,3118,112.349621,45.85,33.32,376.19,512,384,BGR888p,,,,,
105.1316,detections,3118,112.349621,45.87,33.32,376.41,,,,3,56:0.59 56:0.52 62:0.51,,,
105.1788,frame,3120,112.416265,47.39,66.64,356.92,512,384,BGR888p,,,,,
105.179,detections,3120,112.416265,47.36,66.64,357.13,,,,0,,,,
105.2228,frame,3121,112.44959,44.0,33.33,367.54,512,384,BGR888p,,,,,
105.2229,detections,3121,112.44959,43.87,33.33,367.64,,,,3,62:0.59 56:0.55 64:0.54,,,
105.2692,frame,3122,112.482911,46.46,33.32,380.75,512,384,BGR888p,,,,,
105.2695,detections,3122,112.482911,46.61,33.32,380.96,,,,2,64:0.60 56:0.56,,,
105.3157,frame,3124,112.549552,46.44,66.64,360.53,512,384,BGR888p,,,,,
105.3167,detections,3124,112.549552,47.25,66.64,361.61,,,,3,62:0.59 56:0.53 64:0.53,,,
105.364,frame,3125,112.582875,48.35,33.32,375.55,512,384,BGR888p,,,,,
105.3643,detections,3125,112.582875,47.54,33.32,375.79,,,,3,56:0.78 62:0.73 64:0.65,,,
105.4088,frame,3126,112.616195,44.76,33.32,387.0,512,384,BGR888p,,,,,
105.409,detections,3126,112.616195,44.74,33.32,387.21,,,,4,62:0.69 41:0.63 56:0.59 64:0.54,,,
105.4548,frame,3128,112.682841,46.06,66.65,366.42,512,384,BGR888p,,,,,
105.4551,detections,3128,112.682841,46.06,66.65,366.63,,,,3,64:0.78 62:0.71 41:0.63,,,
105.5007,frame,3129,112.71617,45.86,33.33,378.98,512,384,BGR888p,,,,,
105.501,detections,3129,112.71617,45.9,33.33,379.2,,,,3,64:0.65 56:0.64 62:0.51,,,
105.5486,frame,3131,112.782805,47.95,66.63,360.26,512,384,BGR888p,,,,,
105.5489,detections,3131,112.782805,47.91,66.63,360.48,,,,3,64:0.66 62:0.62 56:0.58,,,
105.5947,frame,3132,112.816128,46.08,33.32,373.03,512,384,BGR888p,,,,,
105.595,detections,3132,112.816128,46.08,33.32,373.24,,,,5,62:0.71 64:0.66 62:0.55 56:0.52 41:0.52,,,
105.6407,frame,3133,112.849448,45.98,33.32,385.68,512,384,BGR888p,,,,,
105.641,detections,3133,112.849448,45.98,33.32,385.9,,,,3,62:0.63 63:0.60 64:0.59,,,
105.6868,frame,3135,112.916093,46.13,66.65,365.17,512,384,BGR888p,,,,,
105.6871,detections,3135,112.916093,46.13,66.65,365.39,,,,4,64:0.59 63:0.57 62:0.53 62:0.51,,,
105.7337,frame,3136,112.949416,46.83,33.32,378.68,512,384,BGR888p,,,,,
105.7339,detections,3136,112.949416,46.83,33.32,378.89,,,,3,64:0.68 62:0.65 62:0.56,,,
105.7821,frame,3138,113.016058,48.39,66.64,360.42,512,384,BGR888p,,,,,
105.7823,detections,3138,113.016058,48.42,66.64,360.67,,,,2,62:0.69 64:0.58,,,
105.8269,frame,3139,113.049381,44.83,33.32,371.93,512,384,BGR888p,,,,,
105.8271,detections,3139,113.049381,44.8,33.32,372.14,,,,1,62:0.51,,,
105.8726,frame,3140,113.082703,45.74,33.32,384.38,512,384,BGR888p,,,,,
105.8729,detections,3140,113.082703,45.79,33.32,384.61,,,,2,64:0.58 62:0.56,,,
105.9187,frame,3142,113.149347,46.04,66.64,363.74,512,384,BGR888p,,,,,
105.9189,detections,3142,113.149347,45.99,66.64,363.95,,,,1,62:0.54,,,
105.9679,frame,3143,113.182669,49.28,33.32,379.7,512,384,BGR888p,,,,,
105.9682,detections,3143,113.182669,49.28,33.32,379.93,,,,1,62:0.69,,,
105.9684,system,0,,977.64,,,,,,,,48.97,34.5,17.0
106.016,frame,3145,113.249312,48.1,66.64,361.15,512,384,BGR888p,,,,,
106.0165,detections,3145,113.249312,48.31,66.64,361.64,,,,1,62:0.63,,,
106.0629,frame,3146,113.282636,46.83,33.32,374.67,512,384,BGR888p,,,,,
106.0631,detections,3146,113.282636,46.62,33.32,374.88,,,,1,62:0.51,,,
106.1066,frame,3147,113.315956,43.69,33.32,385.03,512,384,BGR888p,,,,,
106.1068,detections,3147,113.315956,43.69,33.32,385.25,,,,1,62:0.57,,,
106.154,frame,3149,113.382599,47.39,66.64,365.78,512,384,BGR888p,,,,,
106.1542,detections,3149,113.382599,47.39,66.64,366.02,,,,0,,,,
106.2009,frame,3150,113.415924,46.92,33.33,379.38,512,384,BGR888p,,,,,
106.2011,detections,3150,113.415924,46.93,33.33,379.6,,,,1,59:0.52,,,
106.249,frame,3152,113.482564,48.17,66.64,360.9,512,384,BGR888p,,,,,
106.2493,detections,3152,113.482564,48.18,66.64,361.13,,,,0,,,,
106.2949,frame,3153,113.515889,45.83,33.33,373.4,512,384,BGR888p,,,,,
106.2951,detections,3153,113.515889,45.81,33.33,373.62,,,,0,,,,
106.3384,frame,3154,113.549208,43.54,33.32,383.54,512,384,BGR888p,,,,,
106.3385,detections,3154,113.549208,43.34,33.32,383.59,,,,0,,,,
106.3855,frame,3156,113.615853,47.07,66.65,364.0,512,384,BGR888p,,,,,
106.3856,detections,3156,113.615853,47.15,66.65,364.12,,,,0,,,,
106.4343,frame,3157,113.649175,48.79,33.32,379.52,512,384,BGR888p,,,,,
106.4345,detections,3157,113.649175,48.91,33.32,379.75,,,,0,,,,
106.4815,frame,3159,113.715818,47.2,66.64,360.08,512,384,BGR888p,,,,,
106.4817,detections,3159,113.715818,47.2,66.64,360.3,,,,0,,,,
106.5273,frame,3160,113.74914,45.87,33.32,372.63,512,384,BGR888p,,,,,
106.5276,detections,3160,113.74914,45.87,33.32,372.85,,,,0,,,,
106.5727,frame,3161,113.782462,45.33,33.32,384.64,512,384,BGR888p,,,,,
106.5732,detections,3161,113.782462,45.59,33.32,385.17,,,,0,,,,
106.619,frame,3163,113.849106,46.29,66.64,364.29,512,384,BGR888p,,,,,
106.6192,detections,3163,113.849106,46.04,66.64,364.54,,,,0,,,,
106.6672,frame,3164,113.882436,48.18,33.33,379.16,512,384,BGR888p,,,,,
106.6674,detections,3164,113.882436,48.2,33.33,379.38,,,,0,,,,
106.713,frame,3166,113.949071,45.81,66.64,358.32,512,384,BGR888p,,,,,
106.7136,detections,3166,113.949071,46.21,66.64,358.99,,,,0,,,,
106.7603,frame,3167,113.982394,47.35,33.32,372.34,512,384,BGR888p,,,,,
106.7606,detections,3167,113.982394,46.93,33.32,372.56,,,,0,,,,
106.8051,frame,3168,114.015714,44.84,33.32,383.88,512,384,BGR888p,,,,,
106.8054,detections,3168,114.015714,44.86,33.32,384.1,,,,0,,,,
106.8518,frame,3170,114.082359,46.69,66.64,363.9,512,384,BGR888p,,,,,
106.8521,detections,3170,114.082359,46.66,66.64,364.12,,,,0,,,,
106.9013,frame,3171,114.115682,49.5,33.32,380.08,512,384,BGR888p,,,,,
106.9016,detections,3171,114.115682,49.5,33.32,380.3,,,,0,,,,
106.9473,frame,3173,114.182324,46.01,66.64,359.38,512,384,BGR888p,,,,,
106.9482,detections,3173,114.182324,46.64,66.64,360.27,,,,0,,,,
106.9936,frame,3174,114.215647,46.3,33.32,372.39,512,384,BGR888p,,,,,
106.9938,detections,3174,114.215647,45.58,33.32,372.52,,,,1,64:0.52,,,
106.9939,system,0,,1025.52,,,,,,,,49.09,34.8,16.5
107.0397,frame,3175,114.248967,46.06,33.32,385.16,512,384,BGR888p,,,,,
107.0401,detections,3175,114.248967,46.3,33.32,385.57,,,,0,,,,
107.087,frame,3177,114.315612,47.31,66.65,365.82,512,384,BGR888p,,,,,
107.0873,detections,3177,114.315612,47.19,66.65,366.08,,,,5,62:0.71 64:0.55 64:0.53 63:0.51 62:0.50,,,
107.1345,frame,3178,114.348935,47.49,33.32,379.99,512,384,BGR888p,,,,,
107.1348,detections,3178,114.348935,47.45,33.32,380.2,,,,4,63:0.63 64:0.60 63:0.60 62:0.56,,,
107.1814,frame,3180,114.415577,46.89,66.64,360.24,512,384,BGR888p,,,,,
107.1821,detections,3180,114.415577,47.33,66.64,360.91,,,,3,63:0.87 64:0.66 63:0.55,,,
107.2284,frame,3181,114.448901,46.98,33.32,373.85,512,384,BGR888p,,,,,
107.2285,detections,3181,114.448901,46.44,33.32,373.98,,,,5,63:0.92 64:0.64 63:0.60 64:0.53 64:0.50,,,
107.2732,frame,3182,114.48222,44.82,33.32,385.42,512,384,BGR888p,,,,,
107.2735,detections,3182,114.48222,44.95,33.32,385.63,,,,3,63:0.94 64:0.67 64:0.66,,,
107.3191,frame,3184,114.548865,45.96,66.65,364.72,512,384,BGR888p,,,,,
107.3194,detections,3184,114.548865,45.95,66.65,364.94,,,,1,63:0.95,,,
107.3671,frame,3185,114.582188,47.99,33.32,379.4,512,384,BGR888p,,,,,
107.3675,detections,3185,114.582188,48.06,33.32,379.68,,,,1,63:0.95,,,
107.414,frame,3187,114.648831,46.86,66.64,359.58,512,384,BGR888p,,,,,
107.4149,detections,3187,114.648831,47.47,66.64,360.53,,,,1,63:0.97,,,
107.4608,frame,3188,114.682153,46.77,33.32,372.98,512,384,BGR888p,,,,,
107.4612,detections,3188,114.682153,46.29,33.32,373.48,,,,1,63:0.96,,,
107.5062,frame,3189,114.715474,45.46,33.32,385.1,512,384,BGR888p,,,,,
107.5063,detections,3189,114.715474,45.07,33.32,385.17,,,,1,63:0.94,,,
107.5518,frame,3191,114.782119,45.61,66.64,364.07,512,384,BGR888p,,,,,
107.5519,detections,3191,114.782119,45.6,66.64,364.12,,,,1,63:0.77,,,
107.5997,frame,3192,114.815441,47.85,33.32,378.62,512,384,BGR888p,,,,,
107.6003,detections,3192,114.815441,48.43,33.32,379.28,,,,2,63:0.62 64:0.57,,,
107.647,frame,3194,114.882084,47.28,66.64,359.29,512,384,BGR888p,,,,,
107.6475,detections,3194,114.882084,47.15,66.64,359.83,,,,2,64:0.69 63:0.60,,,
107.6935,frame,3195,114.915409,46.53,33.32,372.43,512,384,BGR888p,,,,,
107.6937,detections,3195,114.915409,46.17,33.32,372.6,,,,2,64:0.63 63:0.51,,,
107.739,frame,3196,114.948727,45.54,33.32,384.66,512,384,BGR888p,,,,,
107.7395,detections,3196,114.948727,45.81,33.32,385.09,,,,0,,,,
107.7855,frame,3198,115.015372,46.5,66.64,364.53,512,384,BGR888p,,,,,
107.7856,detections,3198,115.015372,46.17,66.64,364.62,,,,1,62:0.57,,,
107.8336,frame,3199,115.048695,48.03,33.32,379.21,512,384,BGR888p,,,,,
107.8336,detections,3199,115.048695,47.98,33.32,379.26,,,,0,,,,
107.8809,frame,3201,115.115338,47.29,66.64,359.85,512,384,BGR888p,,,,,
107.8818,detections,3201,115.115338,48.17,66.64,360.8,,,,0,,,,
107.9281,frame,3202,115.148662,47.28,33.32,373.89,512,384,BGR888p,,,,,
107.9284,detections,3202,115.148662,46.62,33.32,374.14,,,,0,,,,
107.974,frame,3203,115.18198,45.83,33.32,386.35,512,384,BGR888p,,,,,
107.9741,detections,3203,115.18198,45.67,33.32,386.45,,,,0,,,,
107.9742,system,0,,980.24,,,,,,,,49.14,34.6,16.7
108.0192,frame,3205,115.248626,45.26,66.65,365.04,512,384,BGR888p,,,,,
108.0195,detections,3205,115.248626,45.41,66.65,365.25,,,,0,,,,
108.0673,frame,3206,115.281948,48.09,33.32,379.81,512,384,BGR888p,,,,,
108.0678,detections,3206,115.281948,48.28,33.32,380.27,,,,0,,,,
108.1152,frame,3208,115.34859,47.85,66.64,360.91,512,384,BGR888p,,,,,
108.1152,detections,3208,115.34859,47.46,66.64,361.0,,,,1,62:0.71,,,
108.1607,frame,3209,115.381915,45.53,33.33,373.15,512,384,BGR888p,,,,,
108.1608,detections,3209,115.381915,45.59,33.33,373.25,,,,1,62:0.73,,,
108.2065,frame,3210,115.415233,45.8,33.32,385.62,512,384,BGR888p,,,,,
108.2066,detections,3210,115.415233,45.76,33.32,385.67,,,,1,63:0.59,,,
108.2538,frame,3212,115.481879,47.29,66.65,366.25,512,384,BGR888p,,,,,
108.2539,detections,3212,115.481879,47.28,66.65,366.31,,,,1,62:0.63,,,
108.3011,frame,3213,115.5152,47.33,33.32,380.24,512,384,BGR888p,,,,,
108.3012,detections,3213,115.5152,47.3,33.32,380.29,,,,1,63:0.72,,,
108.3494,frame,3215,115.581843,48.34,66.64,361.95,512,384,BGR888p,,,,,
108.3505,detections,3215,115.581843,49.35,66.64,363.03,,,,1,63:0.62,,,
108.3952,frame,3216,115.615168,45.77,33.32,374.4,512,384,BGR888p,,,,,
108.3953,detections,3216,115.615168,44.79,33.32,374.47,,,,1,63:0.63,,,
108.441,frame,3217,115.648486,45.76,33.32,386.84,512,384,BGR888p,,,,,
108.4411,detections,3217,115.648486,45.75,33.32,386.9,,,,1,63:0.63,,,
108.488,frame,3219,115.715131,46.97,66.64,367.17,512,384,BGR888p,,,,,
108.488,detections,3219,115.715131,46.97,66.64,367.23,,,,1,63:0.62,,,
108.5354,frame,3220,115.748454,47.45,33.32,381.3,512,384,BGR888p,,,,,
108.5355,detections,3220,115.748454,47.45,33.32,381.36,,,,1,62:0.62,,,
108.5837,frame,3222,115.815097,48.28,66.64,362.93,512,384,BGR888p,,,,,
108.5838,detections,3222,115.815097,48.28,66.64,362.99,,,,1,63:0.66,,,
108.6307,frame,3223,115.848419,47.04,33.32,376.65,512,384,BGR888p,,,,,
108.6308,detections,3223,115.848419,47.04,33.32,376.7,,,,1,63:0.71,,,
108.6782,frame,3224,115.88174,47.49,33.32,390.81,512,384,BGR888p,,,,,
108.6783,detections,3224,115.88174,47.49,33.32,390.88,,,,1,63:0.70,,,
108.7221,frame,3226,115.948385,43.93,66.65,368.1,512,384,BGR888p,,,,,
108.7222,detections,3226,115.948385,43.92,66.65,368.16,,,,1,63:0.64,,,
108.7692,frame,3227,115.981707,47.04,33.32,381.82,512,384,BGR888p,,,,,
108.7693,detections,3227,115.981707,47.06,33.32,381.89,,,,1,62:0.82,,,
108.8171,frame,3229,116.04835,47.89,66.64,363.07,512,384,BGR888p,,,,,
108.8171,detections,3229,116.04835,47.88,66.64,363.13,,,,1,62:0.60,,,
108.8658,frame,3230,116.081672,48.75,33.32,378.5,512,384,BGR888p,,,,,
108.8659,detections,3230,116.081672,48.75,33.32,378.56,,,,1,62:0.71,,,
108.9127,frame,3231,116.114993,46.84,33.32,392.02,512,384,BGR888p,,,,,
108.9133,detections,3231,116.114993,47.37,33.32,392.62,,,,1,62:0.65,,,
108.9593,frame,3233,116.181638,46.66,66.65,372.04,512,384,BGR888p,,,,,
108.9594,detections,3233,116.181638,46.13,66.65,372.1,,,,1,62:0.69,,,
109.0054,frame,3234,116.214961,46.12,33.32,384.84,512,384,BGR888p,,,,,
109.0055,detections,3234,116.214961,46.13,33.32,384.91,,,,1,62:0.63,,,
109.0056,system,0,,1031.44,,,,,,,,49.09,34.5,16.2
109.0529,frame,3236,116.281603,47.42,66.64,365.62,512,384,BGR888p,,,,,
109.0529,detections,3236,116.281603,47.41,66.64,365.67,,,,1,62:0.58,,,
109.1002,frame,3237,116.314926,47.35,33.32,379.65,512,384,BGR888p,,,,,
109.1004,detections,3237,116.314926,47.41,33.32,379.76,,,,1,62:0.53,,,
109.1486,frame,3239,116.381569,48.42,66.64,361.42,512,384,BGR888p,,,,,
109.1493,detections,3239,116.381569,48.92,66.64,362.03,,,,2,62:0.65 63:0.57,,,
109.1965,frame,3240,116.414892,47.83,33.32,375.93,512,384,BGR888p,,,,,
109.1965,detections,3240,116.414892,47.28,33.32,375.98,,,,1,63:0.55,,,
109.2415,frame,3241,116.448216,45.0,33.32,387.61,512,384,BGR888p,,,,,
109.2416,detections,3241,116.448216,45.01,33.32,387.67,,,,2,63:0.57 62:0.57,,,
109.2876,frame,3243,116.514857,46.17,66.64,367.14,512,384,BGR888p,,,,,
109.2877,detections,3243,116.514857,46.17,66.64,367.2,,,,1,62:0.59,,,
109.3346,frame,3244,116.548179,46.96,33.32,380.77,512,384,BGR888p,,,,,
109.3347,detections,3244,116.548179,46.95,33.32,380.83,,,,2,62:0.56 63:0.56,,,
109.3836,frame,3246,116.614822,49.01,66.64,363.12,512,384,BGR888p,,,,,
109.3837,detections,3246,116.614822,48.99,66.64,363.17,,,,3,63:0.71 62:0.68 62:0.64,,,
109.4285,frame,3247,116.648145,44.93,33.32,374.73,512,384,BGR888p,,,,,
109.4293,detections,3247,116.648145,45.62,33.32,375.47,,,,3,63:0.77 62:0.70 63:0.60,,,
109.4744,frame,3248,116.681465,45.89,33.32,385.46,512,384,BGR888p,,,,,
109.4745,detections,3248,116.681465,45.22,33.32,385.52,,,,2,62:0.72 63:0.71,,,
109.5204,frame,3250,116.748111,46.0,66.65,364.8,512,384,BGR888p,,,,,
109.5205,detections,3250,116.748111,45.99,66.65,364.86,,,,2,63:0.75 63:0.56,,,
109.5665,frame,3251,116.781432,46.07,33.32,377.57,512,384,BGR888p,,,,,
109.5666,detections,3251,116.781432,46.08,33.32,377.62,,,,2,63:0.62 63:0.56,,,
109.6152,frame,3253,116.848075,48.67,66.64,359.6,512,384,BGR888p,,,,,
109.6153,detections,3253,116.848075,48.7,66.64,359.71,,,,2,63:0.61 62:0.55,,,
109.6615,frame,3254,116.881399,46.38,33.32,372.64,512,384,BGR888p,,,,,
109.6616,detections,3254,116.881399,46.33,33.32,372.68,,,,2,63:0.70 62:0.52,,,
109.7075,frame,3255,116.914718,46.0,33.32,385.33,512,384,BGR888p,,,,,
109.7076,detections,3255,116.914718,46.02,33.32,385.39,,,,2,63:0.69 63:0.53,,,
109.7544,frame,3257,116.981365,46.87,66.65,365.56,512,384,BGR888p,,,,,
109.7545,detections,3257,116.981365,46.87,66.65,365.61,,,,2,63:0.73 62:0.51,,,
109.8023,frame,3258,117.014686,47.85,33.32,380.08,512,384,BGR888p,,,,,
109.8023,detections,3258,117.014686,47.85,33.32,380.14,,,,1,63:0.69,,,
109.8495,frame,3260,117.081328,47.18,66.64,360.62,512,384,BGR888p,,,,,
109.8495,detections,3260,117.081328,47.18,66.64,360.68,,,,2,63:0.78 63:0.58,,,
109.8979,frame,3261,117.114651,48.4,33.32,375.7,512,384,BGR888p,,,,,
109.8979,detections,3261,117.114651,48.39,33.32,375.75,,,,0,,,,
109.9451,frame,3262,117.147972,47.27,33.32,389.65,512,384,BGR888p,,,,,
109.9452,detections,3262,117.147972,47.29,33.32,389.71,,,,1,63:0.62,,,
109.9898,frame,3264,117.214616,44.7,66.64,367.71,512,384,BGR888p,,,,,
109.9899,detections,3264,117.214616,44.69,66.64,367.76,,,,1,63:0.69,,,
109.9899,system,0,,984.35,,,,,,,,48.97,33.2,16.7
110.0366,frame,3265,117.247939,46.79,33.32,381.17,512,384,BGR888p,,,,,
110.0367,detections,3265,117.247939,46.79,33.32,381.23,,,,2,73:0.62 62:0.53,,,
110.0837,frame,3267,117.314582,47.11,66.64,361.63,512,384,BGR888p,,,,,
110.0838,detections,3267,117.314582,47.09,66.64,361.68,,,,1,63:0.85,,,
110.1329,frame,3268,117.347905,49.16,33.32,377.48,512,384,BGR888p,,,,,
110.133,detections,3268,117.347905,49.23,33.32,377.58,,,,1,63:0.96,,,
110.1791,frame,3270,117.414547,46.19,66.64,357.04,512,384,BGR888p,,,,,
110.1796,detections,3270,117.414547,46.64,66.64,357.62,,,,1,63:0.97,,,
110.2257,frame,3271,117.447873,46.6,33.33,370.29,512,384,BGR888p,,,,,
110.2257,detections,3271,117.447873,46.09,33.33,370.34,,,,2,63:0.86 62:0.60,,,
110.2717,frame,3272,117.481196,46.02,33.32,382.99,512,384,BGR888p,,,,,
110.2718,detections,3272,117.481196,46.02,33.32,383.04,,,,2,62:0.71 68:0.54,,,
110.3186,frame,3274,117.547835,46.93,66.64,363.28,512,384,BGR888p,,,,,
110.3187,detections,3274,117.547835,46.93,66.64,363.33,,,,2,63:0.91 62:0.86,,,
110.3674,frame,3275,117.581157,48.78,33.32,378.74,512,384,BGR888p,,,,,
110.3675,detections,3275,117.581157,48.79,33.32,378.8,,,,2,63:0.96 62:0.90,,,
110.4145,frame,3277,117.6478,47.1,66.64,359.2,512,384,BGR888p,,,,,
110.4146,detections,3277,117.6478,47.1,66.64,359.25,,,,2,63:0.95 62:0.88,,,
110.4608,frame,3278,117.681125,46.31,33.32,372.17,512,384,BGR888p,,,,,
110.4609,detections,3278,117.681125,46.29,33.32,372.22,,,,2,63:0.93 62:0.86,,,
110.5067,frame,3279,117.714444,45.87,33.32,384.74,512,384,BGR888p,,,,,
110.5068,detections,3279,117.714444,45.89,33.32,384.79,,,,3,63:0.96 62:0.87 65:0.53,,,
110.5517,frame,3281,117.781088,45.03,66.64,363.12,512,384,BGR888p,,,,,
110.5518,detections,3281,117.781088,45.03,66.64,363.18,,,,2,63:0.87 62:0.67,,,
110.6003,frame,3282,117.814411,48.59,33.32,378.42,512,384,BGR888p,,,,,
110.6004,detections,3282,117.814411,48.62,33.32,378.47,,,,2,63:0.75 62:0.64,,,
110.6482,frame,3284,117.881053,47.9,66.64,359.64,512,384,BGR888p,,,,,
110.6483,detections,3284,117.881053,47.9,66.64,359.73,,,,2,63:0.84 65:0.66,,,
110.6953,frame,3285,117.914377,47.09,33.32,373.41,512,384,BGR888p,,,,,
110.6954,detections,3285,117.914377,47.06,33.32,373.46,,,,2,63:0.91 65:0.71,,,
110.7408,frame,3286,117.947697,45.5,33.32,385.59,512,384,BGR888p,,,,,
110.7409,detections,3286,117.947697,45.5,33.32,385.65,,,,2,63:0.88 65:0.78,,,
110.7869,frame,3288,118.014342,46.08,66.64,365.01,512,384,BGR888p,,,,,
110.7869,detections,3288,118.014342,46.06,66.64,365.06,,,,3,63:0.88 65:0.72 39:0.52,,,
110.8329,frame,3289,118.047664,46.03,33.32,377.73,512,384,BGR888p,,,,,
110.833,detections,3289,118.047664,46.05,33.32,377.79,,,,3,63:0.87 65:0.63 63:0.57,,,
110.8816,frame,3291,118.114307,48.74,66.64,359.82,512,384,BGR888p,,,,,
110.8824,detections,3291,118.114307,49.42,66.64,360.58,,,,3,63:0.92 64:0.64 65:0.56,,,
110.9294,frame,3292,118.147631,47.76,33.32,374.26,512,384,BGR888p,,,,,
110.93,detections,3292,118.147631,47.63,33.32,374.9,,,,3,63:0.84 65:0.69 41:0.51,,,
110.9745,frame,3293,118.18095,45.09,33.32,386.03,512,384,BGR888p,,,,,
110.9746,detections,3293,118.18095,44.53,33.32,386.08,,,,2,63:0.82 65:0.69,,,
111.0212,frame,3295,118.247595,46.73,66.65,366.11,512,384,BGR888p,,,,,
111.0213,detections,3295,118.247595,46.74,66.65,366.17,,,,3,63:0.94 64:0.79 65:0.71,,,
111.0213,system,0,,1031.39,,,,,,,,49.2,34.3,17.1
111.069,frame,3296,118.280921,47.83,33.33,380.61,512,384,BGR888p,,,,,
111.0691,detections,3296,118.280921,47.82,33.33,380.66,,,,3,63:0.86 65:0.66 64:0.53,,,
111.1186,frame,3298,118.347561,49.58,66.64,363.56,512,384,BGR888p,,,,,
111.1187,detections,3298,118.347561,49.6,66.64,363.62,,,,1,65:0.55,,,
111.1646,frame,3299,118.380883,45.94,33.32,376.17,512,384,BGR888p,,,,,
111.1653,detections,3299,118.380883,46.55,33.32,376.86,,,,1,65:0.67,,,
111.2117,frame,3300,118.414203,47.17,33.32,390.03,512,384,BGR888p,,,,,
111.2118,detections,3300,118.414203,46.56,33.32,390.09,,,,1,65:0.58,,,
111.2588,frame,3302,118.480849,47.11,66.65,370.49,512,384,BGR888p,,,,,
111.2589,detections,3302,118.480849,47.13,66.65,370.57,,,,0,,,,
111.3047,frame,3303,118.514171,45.84,33.32,383.02,512,384,BGR888p,,,,,
111.3048,detections,3303,118.514171,45.86,33.32,383.11,,,,2,65:0.61 39:0.54,,,
111.352,frame,3305,118.580813,47.32,66.64,363.68,512,384,BGR888p,,,,,
111.3521,detections,3305,118.580813,47.28,66.64,363.73,,,,1,65:0.64,,,
111.3994,frame,3306,118.614138,47.44,33.32,377.79,512,384,BGR888p,,,,,
111.3995,detections,3306,118.614138,47.44,33.32,377.85,,,,0,,,,
111.4475,frame,3307,118.647457,48.03,33.32,392.5,512,384,BGR888p,,,,,
111.4475,detections,3307,118.647457,48.03,33.32,392.56,,,,0,,,,
111.4936,frame,3309,118.714105,46.15,66.65,372.01,512,384,BGR888p,,,,,
111.4937,detections,3309,118.714105,46.16,66.65,372.07,,,,1,39:0.77,,,
111.5399,frame,3310,118.747423,46.31,33.32,385.0,512,384,BGR888p,,,,,
111.54,detections,3310,118.747423,46.31,33.32,385.06,,,,2,39:0.61 39:0.54,,,
111.5858,frame,3312,118.814069,45.88,66.65,364.24,512,384,BGR888p,,,,,
111.5859,detections,3312,118.814069,45.88,66.65,364.29,,,,1,39:0.67,,,
111.6335,frame,3313,118.84739,47.66,33.32,378.57,512,384,BGR888p,,,,,
111.6335,detections,3313,118.84739,47.66,33.32,378.63,,,,0,,,,
111.6797,frame,3315,118.914032,46.26,66.64,358.19,512,384,BGR888p,,,,,
111.6807,detections,3315,118.914032,47.15,66.64,359.15,,,,1,56:0.54,,,
111.7258,frame,3316,118.947356,46.08,33.32,370.95,512,384,BGR888p,,,,,
111.7259,detections,3316,118.947356,45.25,33.32,371.07,,,,2,56:0.89 60:0.51,,,
111.773,frame,3317,118.980675,47.17,33.32,384.79,512,384,BGR888p,,,,,
111.773,detections,3317,118.980675,47.1,33.32,384.84,,,,2,56:0.87 28:0.50,,,
111.8191,frame,3319,119.04732,46.15,66.64,364.29,512,384,BGR888p,,,,,
111.8192,detections,3319,119.04732,46.15,66.64,364.34,,,,2,56:0.86 39:0.52,,,
111.8663,frame,3320,119.080643,47.16,33.32,378.14,512,384,BGR888p,,,,,
111.8664,detections,3320,119.080643,47.17,33.32,378.19,,,,2,56:0.90 39:0.75,,,
111.9133,frame,3322,119.147285,47.06,66.64,358.56,512,384,BGR888p,,,,,
111.914,detections,3322,119.147285,47.67,66.64,359.24,,,,3,56:0.90 39:0.62 62:0.56,,,
111.9599,frame,3323,119.18061,46.57,33.33,371.81,512,384,BGR888p,,,,,
111.9607,detections,3323,119.18061,46.72,33.33,372.62,,,,5,56:0.89 60:0.57 41:0.57 41:0.52 39:0.51,,,
112.0059,frame,3324,119.213928,45.96,33.32,384.45,512,384,BGR888p,,,,,
112.006,detections,3324,119.213928,45.21,33.32,384.51,,,,3,56:0.87 60:0.54 72:0.53,,,
112.006,system,0,,984.67,,,,,,,,48.97,34.7,17.1
112.0529,frame,3326,119.280574,47.06,66.65,364.87,512,384,BGR888p,,,,,
112.053,detections,3326,119.280574,47.06,66.65,364.93,,,,2,56:0.75 60:0.55,,,
112.0996,frame,3327,119.313895,46.62,33.32,378.17,512,384,BGR888p,,,,,
112.0996,detections,3327,119.313895,46.63,33.32,378.23,,,,0,,,,
112.1464,frame,3329,119.380539,46.86,66.64,358.38,512,384,BGR888p,,,,,
112.1471,detections,3329,119.380539,47.47,66.64,359.06,,,,2,56:0.85 39:0.62,,,
112.1929,frame,3330,119.413864,46.51,33.33,371.56,512,384,BGR888p,,,,,
112.193,detections,3330,119.413864,45.93,33.33,371.66,,,,3,56:0.87 39:0.78 39:0.55,,,
112.2391,frame,3331,119.447182,46.2,33.32,384.44,512,384,BGR888p,,,,,
112.2392,detections,3331,119.447182,46.16,33.32,384.5,,,,2,56:0.84 60:0.52,,,
112.2843,frame,3333,119.513826,45.2,66.64,363.0,512,384,BGR888p,,,,,
112.2844,detections,3333,119.513826,45.21,66.64,363.06,,,,1,56:0.67,,,
112.3336,frame,3334,119.547149,49.31,33.32,378.99,512,384,BGR888p,,,,,
112.3337,detections,3334,119.547149,49.31,33.32,379.05,,,,2,56:0.86 39:0.51,,,
112.3808,frame,3336,119.613792,47.18,66.64,359.53,512,384,BGR888p,,,,,
112.3818,detections,3336,119.613792,48.08,66.64,360.49,,,,2,56:0.88 24:0.55,,,
112.4269,frame,3337,119.647115,46.11,33.32,372.32,512,384,BGR888p,,,,,
112.427,detections,3337,119.647115,45.21,33.32,372.37,,,,3,56:0.87 24:0.69 28:0.50,,,
112.4721,frame,3338,119.680436,45.22,33.32,384.21,512,384,BGR888p,,,,,
112.4722,detections,3338,119.680436,45.2,33.32,384.25,,,,2,56:0.83 24:0.56,,,
112.5182,frame,3340,119.74708,46.03,66.64,363.61,512,384,BGR888p,,,,,
112.5183,detections,3340,119.74708,46.06,66.64,363.67,,,,0,,,,
112.5667,frame,3341,119.780402,48.55,33.32,378.83,512,384,BGR888p,,,,,
112.5668,detections,3341,119.780402,48.53,33.32,378.88,,,,1,28:0.62,,,
112.6134,frame,3343,119.847045,46.68,66.64,358.86,512,384,BGR888p,,,,,
112.6141,detections,3343,119.847045,47.32,66.64,359.57,,,,2,56:0.88 28:0.53,,,
112.66,frame,3344,119.880372,46.57,33.33,372.1,512,384,BGR888p,,,,,
112.6607,detections,3344,119.880372,46.59,33.33,372.84,,,,1,56:0.84,,,
112.7062,frame,3345,119.913688,46.22,33.32,385.03,512,384,BGR888p,,,,,
112.7063,detections,3345,119.913688,45.61,33.32,385.12,,,,2,56:0.86 24:0.53,,,
112.7524,frame,3347,119.980333,46.2,66.65,364.56,512,384,BGR888p,,,,,
112.7525,detections,3347,119.980333,46.14,66.65,364.61,,,,1,56:0.83,,,
112.7994,frame,3348,120.013656,46.96,33.32,378.2,512,384,BGR888p,,,,,
112.7994,detections,3348,120.013656,46.97,33.32,378.25,,,,2,56:0.83 62:0.71,,,
112.8482,frame,3350,120.080298,48.87,66.64,360.43,512,384,BGR888p,,,,,
112.8488,detections,3350,120.080298,49.4,66.64,361.02,,,,2,56:0.86 24:0.51,,,
112.8944,frame,3351,120.113622,46.14,33.32,373.24,512,384,BGR888p,,,,,
112.8944,detections,3351,120.113622,45.61,33.32,373.3,,,,2,56:0.88 24:0.54,,,
112.9404,frame,3352,120.146942,46.01,33.32,385.93,512,384,BGR888p,,,,,
112.9405,detections,3352,120.146942,46.01,33.32,385.99,,,,1,56:0.90,,,
112.9859,frame,3354,120.213586,45.53,66.64,364.82,512,384,BGR888p,,,,,
112.986,detections,3354,120.213586,45.53,66.64,364.88,,,,3,56:0.85 62:0.83 62:0.63,,,
112.986,system,0,,980.04,,,,,,,,49.2,34.4,17.1
113.033,frame,3355,120.246908,47.11,33.32,378.6,512,384,BGR888p,,,,,
113.0331,detections,3355,120.246908,47.1,33.32,378.66,,,,3,56:0.86 62:0.83 62:0.66,,,
113.0821,frame,3357,120.313551,49.07,66.64,361.03,512,384,BGR888p,,,,,
113.0822,detections,3357,120.313551,49.07,66.64,361.08,,,,2,56:0.87 62:0.78,,,
113.1297,frame,3358,120.346876,47.56,33.32,375.28,512,384,BGR888p,,,,,
113.1297,detections,3358,120.346876,47.58,33.32,375.34,,,,3,56:0.87 62:0.69 62:0.52,,,
113.1757,frame,3359,120.380195,46.06,33.32,388.01,512,384,BGR888p,,,,,
113.1777,detections,3359,120.380195,47.97,33.32,390.01,,,,1,56:0.90,,,
113.2214,frame,3361,120.446839,45.65,66.64,367.03,512,384,BGR888p,,,,,
113.2215,detections,3361,120.446839,43.79,66.64,367.14,,,,1,56:0.79,,,
113.2693,frame,3362,120.480162,47.96,33.32,381.67,512,384,BGR888p,,,,,
113.2694,detections,3362,120.480162,47.91,33.32,381.72,,,,2,56:0.81 56:0.50,,,
113.3157,frame,3364,120.546805,46.35,66.64,361.39,512,384,BGR888p,,,,,
113.3158,detections,3364,120.546805,46.38,66.64,361.47,,,,3,62:0.67 56:0.63 74:0.56,,,
113.3641,frame,3365,120.58013,48.38,33.32,376.44,512,384,BGR888p,,,,,
113.3642,detections,3365,120.58013,48.38,33.32,376.53,,,,4,56:0.76 62:0.63 74:0.56 62:0.50,,,
113.4114,frame,3366,120.613448,47.36,33.32,390.48,512,384,BGR888p,,,,,
113.4115,detections,3366,120.613448,47.33,33.32,390.53,,,,4,56:0.71 74:0.65 62:0.65 62:0.59,,,
113.4556,frame,3368,120.680094,44.18,66.65,368.01,512,384,BGR888p,,,,,
113.4566,detections,3368,120.680094,45.07,66.65,368.96,,,,2,56:0.89 56:0.53,,,
113.5035,frame,3369,120.713422,47.91,33.33,382.59,512,384,BGR888p,,,,,
113.5036,detections,3369,120.713422,47.02,33.33,382.65,,,,2,56:0.85 56:0.54,,,
113.5504,frame,3371,120.780058,46.9,66.64,362.84,512,384,BGR888p,,,,,
113.5505,detections,3371,120.780058,46.88,66.64,362.88,,,,0,,,,
113.5979,frame,3372,120.813384,47.47,33.33,376.98,512,384,BGR888p,,,,,
113.5985,detections,3372,120.813384,48.05,33.33,377.61,,,,1,56:0.57,,,
113.6449,frame,3374,120.880023,47.05,66.64,357.4,512,384,BGR888p,,,,,
113.645,detections,3374,120.880023,46.49,66.64,357.46,,,,2,56:0.83 24:0.59,,,
113.6919,frame,3375,120.913347,46.96,33.32,371.04,512,384,BGR888p,,,,,
113.692,detections,3375,120.913347,46.96,33.32,371.09,,,,2,56:0.86 24:0.65,,,
113.7375,frame,3376,120.946668,45.65,33.32,383.36,512,384,BGR888p,,,,,
113.7376,detections,3376,120.946668,45.65,33.32,383.42,,,,2,56:0.83 24:0.65,,,
113.7844,frame,3378,121.013311,46.82,66.64,363.54,512,384,BGR888p,,,,,
113.7844,detections,3378,121.013311,46.82,66.64,363.59,,,,2,56:0.72 24:0.54,,,
113.8316,frame,3379,121.046634,47.27,33.32,377.49,512,384,BGR888p,,,,,
113.8323,detections,3379,121.046634,47.92,33.32,378.2,,,,2,56:0.79 24:0.77,,,
113.879,frame,3381,121.113278,47.41,66.64,358.25,512,384,BGR888p,,,,,
113.8792,detections,3381,121.113278,46.91,66.64,358.45,,,,4,56:0.78 39:0.68 24:0.62 28:0.55,,,
113.9264,frame,3382,121.1466,47.33,33.32,372.25,512,384,BGR888p,,,,,
113.9271,detections,3382,121.1466,47.9,33.32,373.03,,,,2,56:0.81 24:0.77,,,
113.9726,frame,3383,121.179922,46.22,33.32,385.15,512,384,BGR888p,,,,,
113.9727,detections,3383,121.179922,45.51,33.32,385.21,,,,2,24:0.67 56:0.57,,,
114.0184,frame,3385,121.246565,45.85,66.64,364.36,512,384,BGR888p,,,,,
114.0185,detections,3385,121.246565,45.84,66.64,364.41,,,,1,24:0.54,,,
114.0185,system,0,,1032.5,,,,,,,,49.7,34.5,17.7
114.0663,frame,3386,121.279887,47.85,33.32,378.9,512,384,BGR888p,,,,,
114.0664,detections,3386,121.279887,47.87,33.32,378.96,,,,3,56:0.81 24:0.56 28:0.51,,,
114.1146,frame,3388,121.34653,48.27,66.64,360.52,512,384,BGR888p,,,,,
114.1146,detections,3388,121.34653,48.27,66.64,360.58,,,,3,56:0.83 39:0.76 62:0.50,,,
114.1624,frame,3389,121.379853,47.83,33.32,375.03,512,384,BGR888p,,,,,
114.1625,detections,3389,121.379853,47.87,33.32,375.14,,,,4,56:0.83 39:0.68 67:0.56 0:0.52,,,
114.2088,frame,3390,121.413173,46.45,33.32,388.16,512,384,BGR888p,,,,,
114.211,detections,3390,121.413173,48.48,33.32,390.3,,,,3,56:0.84 39:0.73 0:0.52,,,
114.2545,frame,3392,121.479819,45.67,66.65,367.18,512,384,BGR888p,,,,,
114.2546,detections,3392,121.479819,43.65,66.65,367.31,,,,3,56:0.85 39:0.76 0:0.51,,,
114.3007,frame,3393,121.513141,46.24,33.32,380.1,512,384,BGR888p,,,,,
114.3008,detections,3393,121.513141,46.18,33.32,380.16,,,,5,56:0.83 39:0.76 0:0.64 39:0.56 62:0.51,,,
114.3481,frame,3395,121.579783,47.38,66.64,360.84,512,384,BGR888p,,,,,
114.3482,detections,3395,121.579783,47.38,66.64,360.89,,,,4,56:0.88 39:0.69 62:0.53 67:0.50,,,
114.395,frame,3396,121.613107,46.86,33.32,374.37,512,384,BGR888p,,,,,
114.3951,detections,3396,121.613107,46.86,33.32,374.43,,,,5,56:0.88 39:0.79 39:0.66 62:0.60 67:0.50,,,
114.4405,frame,3397,121.646426,45.51,33.32,386.56,512,384,BGR888p,,,,,
114.4406,detections,3397,121.646426,45.51,33.32,386.62,,,,3,56:0.86 39:0.78 39:0.51,,,
114.4861,frame,3399,121.713072,45.63,66.65,365.53,512,384,BGR888p,,,,,
114.4868,detections,3399,121.713072,46.21,66.65,366.2,,,,4,56:0.88 39:0.80 62:0.57 39:0.55,,,
114.5325,frame,3400,121.7464,46.39,33.33,378.6,512,384,BGR888p,,,,,
114.5326,detections,3400,121.7464,45.8,33.33,378.65,,,,2,56:0.82 39:0.54,,,
114.5802,frame,3402,121.813036,47.7,66.64,359.7,512,384,BGR888p,,,,,
114.581,detections,3402,121.813036,48.4,66.64,360.47,,,,3,56:0.88 39:0.78 39:0.65,,,
114.6267,frame,3403,121.846362,46.5,33.33,372.83,512,384,BGR888p,,,,,
114.6268,detections,3403,121.846362,45.79,33.33,372.89,,,,5,56:0.88 39:0.63 39:0.61 0:0.54 39:0.50,,,
114.6727,frame,3404,121.87968,46.02,33.32,385.53,512,384,BGR888p,,,,,
114.6728,detections,3404,121.87968,46.02,33.32,385.6,,,,4,56:0.83 0:0.67 39:0.56 56:0.55,,,
114.7184,frame,3406,121.946324,45.73,66.64,364.6,512,384,BGR888p,,,,,
114.7185,detections,3406,121.946324,45.71,66.64,364.65,,,,2,0:0.59 56:0.55,,,
114.7659,frame,3407,121.979648,47.5,33.32,378.79,512,384,BGR888p,,,,,
114.7667,detections,3407,121.979648,48.16,33.32,379.49,,,,0,,,,
114.8141,frame,3409,122.04629,48.15,66.64,360.3,512,384,BGR888p,,,,,
114.8148,detections,3409,122.04629,48.19,66.64,361.04,,,,3,56:0.88 39:0.65 39:0.54,,,
114.8599,frame,3410,122.079613,45.76,33.32,372.74,512,384,BGR888p,,,,,
114.8599,detections,3410,122.079613,45.09,33.32,372.79,,,,3,56:0.88 39:0.56 41:0.51,,,
114.9049,frame,3411,122.112932,45.0,33.32,384.42,512,384,BGR888p,,,,,
114.9049,detections,3411,122.112932,45.0,33.32,384.48,,,,3,56:0.83 39:0.76 39:0.73,,,
114.9532,frame,3413,122.179578,48.36,66.65,366.16,512,384,BGR888p,,,,,
114.9533,detections,3413,122.179578,48.38,66.65,366.21,,,,3,56:0.84 39:0.73 39:0.61,,,
114.9996,frame,3414,122.2129,46.43,33.32,379.24,512,384,BGR888p,,,,,
114.9997,detections,3414,122.2129,46.41,33.32,379.3,,,,3,56:0.93 39:0.80 39:0.69,,,
114.9998,system,0,,981.23,,,,,,,,49.36,34.8,17.3
115.048,frame,3416,122.279543,48.33,66.64,360.93,512,384,BGR888p,,,,,
115.0481,detections,3416,122.279543,48.33,66.64,360.99,,,,3,56:0.91 39:0.79 39:0.64,,,
115.0946,frame,3417,122.312866,46.63,33.32,374.24,512,384,BGR888p,,,,,
115.0955,detections,3417,122.312866,47.49,33.32,375.16,,,,3,56:0.92 39:0.79 39:0.65,,,
115.1408,frame,3418,122.346186,46.16,33.32,387.09,512,384,BGR888p,,,,,
115.1409,detections,3418,122.346186,45.31,33.32,387.15,,,,2,56:0.89 39:0.77,,,
115.1868,frame,3420,122.412832,46.03,66.65,366.46,512,384,BGR888p,,,,,
115.1869,detections,3420,122.412832,46.02,66.65,366.52,,,,2,56:0.91 39:0.82,,,
115.2328,frame,3421,122.446153,45.99,33.32,379.12,512,384,BGR888p,,,,,
115.2328,detections,3421,122.446153,45.98,33.32,379.17,,,,3,56:0.89 39:0.80 41:0.54,,,
115.2807,frame,3423,122.512796,47.87,66.64,360.35,512,384,BGR888p,,,,,
115.2808,detections,3423,122.512796,47.91,66.64,360.45,,,,4,56:0.89 39:0.79 41:0.53 62:0.52,,,
115.3266,frame,3424,122.54612,45.99,33.32,373.02,512,384,BGR888p,,,,,
115.3269,detections,3424,122.54612,46.13,33.32,373.26,,,,4,39:0.84 56:0.73 39:0.59 41:0.53,,,
115.3727,frame,3425,122.57944,46.03,33.32,385.72,512,384,BGR888p,,,,,
115.3727,detections,3425,122.57944,45.84,33.32,385.77,,,,4,56:0.82 39:0.81 41:0.51 39:0.51,,,
115.4189,frame,3427,122.646084,46.26,66.64,365.34,512,384,BGR888p,,,,,
115.419,detections,3427,122.646084,46.26,66.64,365.39,,,,3,56:0.85 39:0.79 41:0.51,,,
115.4658,frame,3428,122.679407,46.83,33.32,378.85,512,384,BGR888p,,,,,
115.4658,detections,3428,122.679407,46.84,33.32,378.91,,,,2,39:0.81 56:0.80,,,
115.5142,frame,3430,122.746049,48.45,66.64,360.66,512,384,BGR888p,,,,,
115.515,detections,3430,122.746049,49.19,66.64,361.47,,,,3,39:0.79 56:0.69 62:0.51,,,
115.5612,frame,3431,122.779372,47.02,33.32,374.4,512,384,BGR888p,,,,,
115.5614,detections,3431,122.779372,46.32,33.32,374.46,,,,2,39:0.79 56:0.74,,,
115.6062,frame,3432,122.812692,45.02,33.32,386.07,512,384,BGR888p,,,,,
115.6063,detections,3432,122.812692,44.99,33.32,386.13,,,,2,39:0.81 56:0.73,,,
115.6531,frame,3434,122.879337,46.88,66.65,366.29,512,384,BGR888p,,,,,
115.6532,detections,3434,122.879337,46.87,66.65,366.36,,,,2,56:0.86 39:0.82,,,
115.7003,frame,3435,122.912659,47.19,33.32,380.15,512,384,BGR888p,,,,,
115.7008,detections,3435,122.912659,47.61,33.32,380.65,,,,3,56:0.86 39:0.73 62:0.53,,,
115.7479,frame,3437,122.979302,47.55,66.64,361.06,512,384,BGR888p,,,,,
115.7489,detections,3437,122.979302,48.09,66.64,362.1,,,,4,56:0.86 39:0.80 41:0.61 39:0.53,,,
115.796,frame,3438,123.012626,48.1,33.32,375.83,512,384,BGR888p,,,,,
115.796,detections,3438,123.012626,47.12,33.32,375.89,,,,3,56:0.70 39:0.68 41:0.52,,,
115.8408,frame,3439,123.045945,44.88,33.32,387.41,512,384,BGR888p,,,,,
115.8409,detections,3439,123.045945,44.89,33.32,387.46,,,,1,56:0.61,,,
115.887,frame,3441,123.112591,46.21,66.65,366.96,512,384,BGR888p,,,,,
115.8871,detections,3441,123.112591,46.2,66.65,367.01,,,,0,,,,
115.9347,frame,3442,123.145916,47.6,33.33,381.24,512,384,BGR888p,,,,,
115.9347,detections,3442,123.145916,47.61,33.33,381.3,,,,0,,,,
115.984,frame,3444,123.212555,49.34,66.64,363.94,512,384,BGR888p,,,,,
115.9841,detections,3444,123.212555,49.34,66.64,364.0,,,,0,,,,
115.9841,system,0,,984.34,,,,,,,,49.31,35.2,17.6
116.0294,frame,3445,123.245878,45.4,33.32,376.0,512,384,BGR888p,,,,,
116.0295,detections,3445,123.245878,45.38,33.32,376.06,,,,0,,,,
116.0738,frame,3446,123.279199,44.44,33.32,387.12,512,384,BGR888p,,,,,
116.0739,detections,3446,123.279199,44.44,33.32,387.17,,,,0,,,,
116.1198,frame,3448,123.345844,45.98,66.64,366.46,512,384,BGR888p,,,,,
116.1199,detections,3448,123.345844,45.98,66.64,366.51,,,,0,,,,
116.1668,frame,3449,123.379167,46.97,33.32,380.12,512,384,BGR888p,,,,,
116.1669,detections,3449,123.379167,46.99,33.32,380.18,,,,2,39:0.68 39:0.54,,,
116.2133,frame,3451,123.445809,46.55,66.64,360.02,512,384,BGR888p,,,,,
116.2142,detections,3451,123.445809,47.31,66.64,360.85,,,,1,39:0.60,,,
116.2598,frame,3452,123.479131,46.47,33.32,373.17,512,384,BGR888p,,,,,
116.26,detections,3452,123.479131,45.84,33.32,373.36,,,,1,39:0.51,,,
116.3058,frame,3453,123.512452,46.04,33.32,385.89,512,384,BGR888p,,,,,
116.306,detections,3453,123.512452,45.96,33.32,386.0,,,,1,39:0.57,,,
116.3522,frame,3455,123.579097,46.31,66.65,365.56,512,384,BGR888p,,,,,
116.3522,detections,3455,123.579097,46.26,66.65,365.64,,,,2,39:0.61 39:0.52,,,
116.3991,frame,3456,123.612421,46.91,33.32,379.14,512,384,BGR888p,,,,,
116.3991,detections,3456,123.612421,46.91,33.32,379.2,,,,1,39:0.52,,,
116.4479,frame,3458,123.679062,48.82,66.64,361.32,512,384,BGR888p,,,,,
116.448,detections,3458,123.679062,48.82,66.64,361.38,,,,1,39:0.80,,,
116.4949,frame,3459,123.712385,47.01,33.32,375.02,512,384,BGR888p,,,,,
116.495,detections,3459,123.712385,47.03,33.32,375.08,,,,3,39:0.78 39:0.60 39:0.54,,,
116.5409,frame,3460,123.745705,45.96,33.32,387.65,512,384,BGR888p,,,,,
116.5409,detections,3460,123.745705,45.95,33.32,387.71,,,,3,39:0.71 39:0.55 39:0.50,,,
116.5872,frame,3462,123.812351,46.38,66.65,367.42,512,384,BGR888p,,,,,
116.5874,detections,3462,123.812351,46.43,66.65,367.49,,,,2,39:0.65 39:0.55,,,
116.6322,frame,3463,123.845672,44.94,33.32,379.01,512,384,BGR888p,,,,,
116.6323,detections,3463,123.845672,44.9,33.32,379.07,,,,2,39:0.62 39:0.50,,,
116.6799,frame,3465,123.912316,47.75,66.64,360.11,512,384,BGR888p,,,,,
116.6806,detections,3465,123.912316,48.32,66.64,360.75,,,,2,39:0.54 63:0.53,,,
116.726,frame,3466,123.945639,46.05,33.32,372.84,512,384,BGR888p,,,,,
116.7262,detections,3466,123.945639,45.61,33.32,373.04,,,,2,39:0.69 73:0.50,,,
116.7726,frame,3467,123.978959,46.59,33.32,386.1,512,384,BGR888p,,,,,
116.7726,detections,3467,123.978959,46.43,33.32,386.14,,,,2,39:0.65 39:0.61,,,
116.8183,frame,3469,124.045603,45.73,66.64,365.18,512,384,BGR888p,,,,,
116.8184,detections,3469,124.045603,45.73,66.64,365.23,,,,3,39:0.73 39:0.59 39:0.52,,,
116.8666,frame,3470,124.078926,48.3,33.32,380.17,512,384,BGR888p,,,,,
116.8667,detections,3470,124.078926,48.31,33.32,380.23,,,,2,39:0.65 39:0.57,,,
116.9126,frame,3472,124.145569,45.98,66.64,359.51,512,384,BGR888p,,,,,
116.9132,detections,3472,124.145569,46.56,66.64,360.15,,,,1,39:0.61,,,
116.9591,frame,3473,124.178891,46.49,33.32,372.67,512,384,BGR888p,,,,,
116.9591,detections,3473,124.178891,45.91,33.32,372.73,,,,2,39:0.78 39:0.57,,,
117.0044,frame,3474,124.212212,45.34,33.32,384.7,512,384,BGR888p,,,,,
117.0045,detections,3474,124.212212,45.35,33.32,384.76,,,,3,39:0.82 66:0.67 39:0.63,,,
117.0045,system,0,,1020.43,,,,,,,,49.25,34.9,16.5
117.0534,frame,3476,124.278856,48.95,66.64,367.0,512,384,BGR888p,,,,,
117.0534,detections,3476,124.278856,48.94,66.64,367.06,,,,3,39:0.69 73:0.60 39:0.59,,,
117.0991,frame,3477,124.312178,45.76,33.32,379.44,512,384,BGR888p,,,,,
117.0992,detections,3477,124.312178,45.76,33.32,379.5,,,,1,39:0.66,,,
117.1468,frame,3479,124.378821,47.7,66.64,360.49,512,384,BGR888p,,,,,
117.1475,detections,3479,124.378821,48.32,66.64,361.19,,,,4,39:0.81 39:0.64 73:0.57 41:0.56,,,
117.193,frame,3480,124.412147,46.22,33.33,373.38,512,384,BGR888p,,,,,
117.1932,detections,3480,124.412147,45.69,33.33,373.54,,,,4,39:0.72 41:0.62 39:0.58 63:0.50,,,
117.239,frame,3481,124.445465,45.92,33.32,385.99,512,384,BGR888p,,,,,
117.239,detections,3481,124.445465,45.83,33.32,386.05,,,,3,39:0.75 41:0.56 39:0.55,,,
117.2851,frame,3483,124.512109,46.1,66.64,363.36,512,384,BGR888p,,,,,
117.2851,detections,3483,124.512109,46.08,66.64,363.4,,,,0,,,,
117.3325,frame,3484,124.545439,47.47,33.33,377.51,512,384,BGR888p,,,,,
117.3327,detections,3484,124.545439,47.54,33.33,377.62,,,,3,39:0.70 39:0.57 41:0.53,,,
117.3797,frame,3486,124.612074,47.2,66.64,358.09,512,384,BGR888p,,,,,
117.3804,detections,3486,124.612074,47.73,66.64,358.72,,,,3,39:0.76 39:0.63 63:0.56,,,
117.4268,frame,3487,124.645397,47.06,33.32,371.8,512,384,BGR888p,,,,,
117.4268,detections,3487,124.645397,46.45,33.32,371.85,,,,3,39:0.75 39:0.60 41:0.53,,,
117.4712,frame,3488,124.678718,44.44,33.32,382.94,512,384,BGR888p,,,,,
117.4714,detections,3488,124.678718,44.52,33.32,383.05,,,,2,39:0.64 63:0.50,,,
117.5181,frame,3490,124.745363,46.88,66.64,363.17,512,384,BGR888p,,,,,
117.5182,detections,3490,124.745363,46.83,66.64,363.23,,,,2,39:0.74 39:0.56,,,
117.5661,frame,3491,124.778685,48.03,33.32,377.87,512,384,BGR888p,,,,,
117.5662,detections,3491,124.778685,48.03,33.32,377.93,,,,2,39:0.68 39:0.54,,,
117.6133,frame,3493,124.845328,47.16,66.64,358.43,512,384,BGR888p,,,,,
117.6134,detections,3493,124.845328,47.22,66.64,358.51,,,,1,39:0.57,,,
117.6593,frame,3494,124.878653,46.02,33.33,371.08,512,384,BGR888p,,,,,
117.6594,detections,3494,124.878653,45.95,33.33,371.14,,,,2,39:0.74 39:0.52,,,
117.7054,frame,3495,124.911971,46.14,33.32,383.9,512,384,BGR888p,,,,,
117.7055,detections,3495,124.911971,46.13,33.32,383.95,,,,1,39:0.57,,,
117.7515,frame,3497,124.978617,46.06,66.65,363.31,512,384,BGR888p,,,,,
117.7518,detections,3497,124.978617,46.26,66.65,363.57,,,,2,39:0.62 39:0.54,,,
117.7996,frame,3498,125.011939,48.08,33.32,378.07,512,384,BGR888p,,,,,
117.7997,detections,3498,125.011939,47.89,33.32,378.13,,,,1,39:0.60,,,
117.8481,frame,3500,125.078581,48.54,66.64,360.01,512,384,BGR888p,,,,,
117.8484,detections,3500,125.078581,48.7,66.64,360.23,,,,2,39:0.74 39:0.61,,,
117.8926,frame,3501,125.111907,44.47,33.33,371.11,512,384,BGR888p,,,,,
117.8927,detections,3501,125.111907,44.32,33.33,371.18,,,,2,39:0.74 39:0.54,,,
117.9383,frame,3502,125.145225,45.72,33.32,383.52,512,384,BGR888p,,,,,
117.9384,detections,3502,125.145225,45.73,33.32,383.58,,,,2,39:0.70 39:0.53,,,
117.9845,frame,3504,125.21187,46.17,66.65,363.05,512,384,BGR888p,,,,,
117.9846,detections,3504,125.21187,46.16,66.65,363.1,,,,1,39:0.75,,,
118.0326,frame,3505,125.245192,48.11,33.32,377.83,512,384,BGR888p,,,,,
118.0327,detections,3505,125.245192,48.11,33.32,377.89,,,,1,39:0.76,,,
118.0327,system,0,,1028.17,,,,,,,,49.58,35.1,17.3
118.0807,frame,3507,125.311834,48.11,66.64,359.3,512,384,BGR888p,,,,,
118.0808,detections,3507,125.311834,48.11,66.64,359.36,,,,3,39:0.80 39:0.61 39:0.58,,,
118.1257,frame,3508,125.345158,44.97,33.32,370.95,512,384,BGR888p,,,,,
118.1258,detections,3508,125.345158,44.98,33.32,371.01,,,,3,39:0.68 62:0.60 39:0.52,,,
118.1707,frame,3509,125.378479,45.0,33.32,382.61,512,384,BGR888p,,,,,
118.1707,detections,3509,125.378479,44.98,33.32,382.67,,,,2,39:0.68 62:0.58,,,
118.2186,frame,3511,125.445122,47.96,66.64,363.96,512,384,BGR888p,,,,,
118.2188,detections,3511,125.445122,48.01,66.64,364.03,,,,0,,,,
118.2658,frame,3512,125.478445,47.22,33.32,377.83,512,384,BGR888p,,,,,
118.2659,detections,3512,125.478445,47.18,33.32,377.89,,,,1,63:0.74,,,
118.3141,frame,3514,125.545088,48.21,66.64,359.39,512,384,BGR888p,,,,,
118.3142,detections,3514,125.545088,48.24,66.64,359.51,,,,2,63:0.67 39:0.63,,,
118.3605,frame,3515,125.578411,46.4,33.32,372.48,512,384,BGR888p,,,,,
118.3606,detections,3515,125.578411,46.42,33.32,372.58,,,,3,63:0.70 39:0.70 41:0.54,,,
118.4064,frame,3516,125.611731,45.94,33.32,385.11,512,384,BGR888p,,,,,
118.4065,detections,3516,125.611731,45.91,33.32,385.16,,,,3,39:0.75 63:0.68 41:0.62,,,
118.4529,frame,3518,125.678377,46.52,66.65,364.97,512,384,BGR888p,,,,,
118.453,detections,3518,125.678377,46.53,66.65,365.05,,,,3,39:0.75 62:0.60 73:0.50,,,
118.4995,frame,3519,125.711699,46.57,33.32,378.22,512,384,BGR888p,,,,,
118.4996,detections,3519,125.711699,46.55,33.32,378.28,,,,1,63:0.60,,,
118.5467,frame,3521,125.778341,47.19,66.64,358.76,512,384,BGR888p,,,,,
118.5474,detections,3521,125.778341,47.82,66.64,359.47,,,,2,39:0.79 62:0.58,,,
118.5933,frame,3522,125.811665,46.63,33.32,372.06,512,384,BGR888p,,,,,
118.5934,detections,3522,125.811665,45.98,33.32,372.11,,,,2,39:0.78 62:0.64,,,
118.6385,frame,3523,125.844985,45.21,33.32,383.97,512,384,BGR888p,,,,,
118.6386,detections,3523,125.844985,45.24,33.32,384.03,,,,2,62:0.79 39:0.69,,,
118.6839,frame,3525,125.911629,45.34,66.64,362.67,512,384,BGR888p,,,,,
118.684,detections,3525,125.911629,45.35,66.64,362.73,,,,1,63:0.72,,,
118.7321,frame,3526,125.944954,48.23,33.32,377.55,512,384,BGR888p,,,,,
118.7322,detections,3526,125.944954,48.2,33.32,377.61,,,,1,63:0.65,,,
118.7804,frame,3528,126.011594,48.32,66.64,359.24,512,384,BGR888p,,,,,
118.7805,detections,3528,126.011594,48.33,66.64,359.3,,,,2,39:0.67 63:0.62,,,
118.8264,frame,3529,126.044917,46.04,33.32,371.96,512,384,BGR888p,,,,,
118.8266,detections,3529,126.044917,46.16,33.32,372.15,,,,2,62:0.67 39:0.65,,,
118.8725,frame,3530,126.078237,46.02,33.32,384.66,512,384,BGR888p,,,,,
118.8725,detections,3530,126.078237,45.9,33.32,384.71,,,,2,62:0.55 39:0.54,,,
118.9188,frame,3532,126.144882,46.29,66.64,364.3,512,384,BGR888p,,,,,
118.9188,detections,3532,126.144882,46.29,66.64,364.36,,,,1,63:0.90,,,
118.9656,frame,3533,126.178204,46.89,33.32,377.85,512,384,BGR888p,,,,,
118.9657,detections,3533,126.178204,46.87,33.32,377.9,,,,1,63:0.77,,,
119.013,frame,3535,126.244847,47.37,66.64,358.6,512,384,BGR888p,,,,,
119.0139,detections,3535,126.244847,48.21,66.64,359.47,,,,1,63:0.72,,,
119.014,system,0,,981.24,,,,,,,,49.53,34.3,16.7
119.06,frame,3536,126.278171,47.01,33.32,372.27,512,384,BGR888p,,,,,
119.0601,detections,3536,126.278171,46.19,33.32,372.33,,,,1,63:0.80,,,
119.1056,frame,3537,126.31149,45.63,33.32,384.58,512,384,BGR888p,,,,,
119.1057,detections,3537,126.31149,45.63,33.32,384.64,,,,1,63:0.82,,,
119.152,frame,3539,126.378135,46.39,66.64,364.33,512,384,BGR888p,,,,,
119.1521,detections,3539,126.378135,46.39,66.64,364.38,,,,1,62:0.65,,,
119.1991,frame,3540,126.411459,47.08,33.32,378.08,512,384,BGR888p,,,,,
119.1992,detections,3540,126.411459,47.08,33.32,378.13,,,,1,63:0.87,,,
119.2466,frame,3542,126.478101,47.46,66.64,358.89,512,384,BGR888p,,,,,
119.2471,detections,3542,126.478101,47.89,66.64,359.39,,,,1,63:0.78,,,
119.2927,frame,3543,126.511423,46.13,33.32,371.69,512,384,BGR888p,,,,,
119.2928,detections,3543,126.511423,45.75,33.32,371.81,,,,1,63:0.67,,,
119.3387,frame,3544,126.544744,45.96,33.32,384.34,512,384,BGR888p,,,,,
119.3387,detections,3544,126.544744,45.9,33.32,384.39,,,,1,63:0.62,,,
119.385,frame,3546,126.61139,46.3,66.65,364.0,512,384,BGR888p,,,,,
119.3851,detections,3546,126.61139,46.37,66.65,364.11,,,,1,63:0.68,,,
119.4327,frame,3547,126.644711,47.74,33.32,378.42,512,384,BGR888p,,,,,
119.4328,detections,3547,126.644711,47.69,33.32,378.48,,,,1,63:0.66,,,
119.4811,frame,3549,126.711354,48.37,66.64,360.14,512,384,BGR888p,,,,,
119.4811,detections,3549,126.711354,48.36,66.64,360.2,,,,2,63:0.72 63:0.52,,,
119.5267,frame,3550,126.744678,45.6,33.32,372.42,512,384,BGR888p,,,,,
119.5268,detections,3550,126.744678,45.6,33.32,372.48,,,,2,63:0.60 63:0.56,,,
119.5728,frame,3551,126.777997,46.13,33.32,385.24,512,384,BGR888p,,,,,
119.5729,detections,3551,126.777997,46.13,33.32,385.29,,,,2,63:0.67 66:0.53,,,
119.6187,frame,3553,126.844642,45.94,66.64,364.53,512,384,BGR888p,,,,,
119.6194,detections,3553,126.844642,46.47,66.64,365.12,,,,1,63:0.73,,,
119.6659,frame,3554,126.877964,47.12,33.32,378.33,512,384,BGR888p,,,,,
119.6659,detections,3554,126.877964,46.59,33.32,378.39,,,,2,62:0.73 63:0.58,,,
119.7133,frame,3556,126.944607,47.48,66.64,359.17,512,384,BGR888p,,,,,
119.7134,detections,3556,126.944607,47.48,66.64,359.23,,,,2,63:0.69 63:0.66,,,
119.7605,frame,3557,126.97793,47.17,33.32,373.02,512,384,BGR888p,,,,,
119.7606,detections,3557,126.97793,47.17,33.32,373.07,,,,2,63:0.66 66:0.60,,,
119.8071,frame,3558,127.01125,46.63,33.32,386.32,512,384,BGR888p,,,,,
119.8072,detections,3558,127.01125,46.63,33.32,386.38,,,,2,62:0.73 62:0.56,,,
119.8533,frame,3560,127.077896,46.16,66.65,365.91,512,384,BGR888p,,,,,
119.8535,detections,3560,127.077896,46.31,66.65,366.09,,,,1,62:0.76,,,
119.9002,frame,3561,127.111218,46.89,33.32,379.41,512,384,BGR888p,,,,,
119.9003,detections,3561,127.111218,46.76,33.32,379.48,,,,2,62:0.69 62:0.51,,,
119.9508,frame,3563,127.177861,50.63,66.64,363.4,512,384,BGR888p,,,,,
119.9509,detections,3563,127.177861,50.62,66.64,363.46,,,,1,62:0.70,,,
119.9972,frame,3564,127.211183,46.33,33.32,376.42,512,384,BGR888p,,,,,
119.9973,detections,3564,127.211183,46.4,33.32,376.55,,,,1,62:0.63,,,
119.9974,system,0,,983.41,,,,,,,,49.31,34.2,16.8
120.0445,frame,3565,127.244503,47.3,33.32,390.38,512,384,BGR888p,,,,,
120.0445,detections,3565,127.244503,47.22,33.32,390.43,,,,1,62:0.77,,,
120.0914,frame,3567,127.311149,46.96,66.65,370.69,512,384,BGR888p,,,,,
120.0915,detections,3567,127.311149,46.96,66.65,370.75,,,,2,63:0.61 62:0.53,,,
120.1368,frame,3568,127.344471,45.36,33.32,382.73,512,384,BGR888p,,,,,
120.1368,detections,3568,127.344471,45.36,33.32,382.78,,,,1,63:0.82,,,
120.184,frame,3570,127.411114,47.25,66.64,363.38,512,384,BGR888p,,,,,
120.1842,detections,3570,127.411114,47.31,66.64,363.45,,,,2,63:0.92 62:0.70,,,
120.2324,frame,3571,127.444438,48.33,33.32,378.35,512,384,BGR888p,,,,,
120.2324,detections,3571,127.444438,48.28,33.32,378.41,,,,1,63:0.95,,,
120.2801,frame,3572,127.477757,47.7,33.32,392.73,512,384,BGR888p,,,,,
120.2801,detections,3572,127.477757,47.7,33.32,392.79,,,,1,63:0.95,,,
120.3255,frame,3574,127.544402,45.44,66.65,371.54,512,384,BGR888p,,,,,
120.3256,detections,3574,127.544402,45.47,66.65,371.61,,,,3,63:0.96 62:0.66 66:0.61,,,
120.3709,frame,3575,127.577725,45.45,33.32,383.66,512,384,BGR888p,,,,,
120.3715,detections,3575,127.577725,45.92,33.32,384.22,,,,2,63:0.95 62:0.73,,,
120.4181,frame,3577,127.644367,47.18,66.64,364.19,512,384,BGR888p,,,,,
120.4183,detections,3577,127.644367,46.78,66.64,364.38,,,,2,63:0.96 62:0.86,,,
120.4658,frame,3578,127.677689,47.63,33.32,378.5,512,384,BGR888p,,,,,
120.4658,detections,3578,127.677689,47.54,33.32,378.56,,,,2,63:0.96 62:0.90,,,
120.5127,frame,3580,127.744332,46.9,66.64,358.76,512,384,BGR888p,,,,,
120.5132,detections,3580,127.744332,47.37,66.64,359.29,,,,2,63:0.94 62:0.89,,,
120.5588,frame,3581,127.777657,46.16,33.33,371.64,512,384,BGR888p,,,,,
120.559,detections,3581,127.777657,45.75,33.33,371.71,,,,3,63:0.96 62:0.91 63:0.50,,,
120.6041,frame,3582,127.810975,45.23,33.32,383.49,512,384,BGR888p,,,,,
120.6041,detections,3582,127.810975,45.15,33.32,383.54,,,,2,63:0.96 62:0.89,,,
120.651,frame,3584,127.87762,46.9,66.64,363.76,512,384,BGR888p,,,,,
120.651,detections,3584,127.87762,46.91,66.64,363.81,,,,1,63:0.94,,,
120.6984,frame,3585,127.910943,47.48,33.32,377.92,512,384,BGR888p,,,,,
120.6985,detections,3585,127.910943,47.49,33.32,377.98,,,,1,63:0.87,,,
120.7467,frame,3587,127.977585,48.3,66.64,359.61,512,384,BGR888p,,,,,
120.7469,detections,3587,127.977585,48.34,66.64,359.68,,,,1,62:0.54,,,
120.7935,frame,3588,128.010909,46.75,33.32,373.01,512,384,BGR888p,,,,,
120.7936,detections,3588,128.010909,46.73,33.32,373.08,,,,1,62:0.63,,,
120.8381,frame,3589,128.044228,44.65,33.32,384.32,512,384,BGR888p,,,,,
120.8382,detections,3589,128.044228,44.61,33.32,384.38,,,,2,0:0.57 62:0.57,,,
120.8849,frame,3591,128.110873,46.8,66.64,364.48,512,384,BGR888p,,,,,
120.885,detections,3591,128.110873,46.8,66.64,364.53,,,,1,62:0.65,,,
120.9321,frame,3592,128.144196,47.16,33.32,378.32,512,384,BGR888p,,,,,
120.9322,detections,3592,128.144196,47.16,33.32,378.37,,,,2,62:0.74 0:0.61,,,
120.9805,frame,3594,128.210838,48.44,66.64,360.12,512,384,BGR888p,,,,,
120.9806,detections,3594,128.210838,48.45,66.64,360.18,,,,1,62:0.73,,,
121.0263,frame,3595,128.244161,45.79,33.32,372.59,512,384,BGR888p,,,,,
121.0264,detections,3595,128.244161,45.81,33.32,372.66,,,,1,62:0.51,,,
121.0265,system,0,,1029.11,,,,,,,,49.53,34.8,17.5
121.0722,frame,3596,128.277482,45.87,33.32,385.12,512,384,BGR888p,,,,,
121.0723,detections,3596,128.277482,45.85,33.32,385.21,,,,1,62:0.76,,,
121.1183,frame,3598,128.344126,46.1,66.64,364.56,512,384,BGR888p,,,,,
121.1183,detections,3598,128.344126,46.07,66.64,364.61,,,,2,62:0.56 63:0.53,,,
121.1656,frame,3599,128.377449,47.29,33.32,378.56,512,384,BGR888p,,,,,
121.1657,detections,3599,128.377449,47.33,33.32,378.62,,,,3,63:0.57 63:0.55 62:0.55,,,
121.2128,frame,3601,128.444092,47.23,66.64,359.14,512,384,BGR888p,,,,,
121.214,detections,3601,128.444092,48.36,66.64,360.36,,,,1,62:0.77,,,
121.2589,frame,3602,128.477417,46.09,33.32,371.95,512,384,BGR888p,,,,,
121.2591,detections,3602,128.477417,45.06,33.32,372.11,,,,3,62:0.77 63:0.56 63:0.55,,,
121.3042,frame,3603,128.510735,45.32,33.32,383.89,512,384,BGR888p,,,,,
121.3043,detections,3603,128.510735,45.2,33.32,383.96,,,,3,63:0.67 62:0.65 63:0.56,,,
121.3503,frame,3605,128.57738,46.12,66.64,363.39,512,384,BGR888p,,,,,
121.3504,detections,3605,128.57738,46.14,66.64,363.45,,,,2,62:0.62 63:0.53,,,
121.3984,frame,3606,128.610702,48.03,33.32,378.1,512,384,BGR888p,,,,,
121.3984,detections,3606,128.610702,48.03,33.32,378.15,,,,1,62:0.80,,,
121.4463,frame,3608,128.677345,47.99,66.64,359.43,512,384,BGR888p,,,,,
121.4465,detections,3608,128.677345,48.03,66.64,359.55,,,,1,62:0.65,,,
121.4939,frame,3609,128.710669,47.51,33.32,373.61,512,384,BGR888p,,,,,
121.4939,detections,3609,128.710669,47.45,33.32,373.67,,,,1,62:0.76,,,
121.5397,frame,3610,128.743988,45.85,33.32,386.16,512,384,BGR888p,,,,,
121.5398,detections,3610,128.743988,45.86,33.32,386.21,,,,1,62:0.73,,,
121.5845,frame,3612,128.810633,44.84,66.64,364.33,512,384,BGR888p,,,,,
121.5846,detections,3612,128.810633,44.81,66.64,364.38,,,,1,62:0.65,,,
121.6326,frame,3613,128.843955,48.1,33.32,379.11,512,384,BGR888p,,,,,
121.6327,detections,3613,128.843955,48.1,33.32,379.16,,,,1,62:0.82,,,
121.6791,frame,3615,128.910598,46.49,66.64,358.96,512,384,BGR888p,,,,,
121.6797,detections,3615,128.910598,46.95,66.64,359.49,,,,1,62:0.55,,,
121.7256,frame,3616,128.943921,46.41,33.32,372.06,512,384,BGR888p,,,,,
121.7256,detections,3616,128.943921,45.97,33.32,372.11,,,,1,62:0.62,,,
121.7711,frame,3617,128.977241,45.58,33.32,384.32,512,384,BGR888p,,,,,
121.7712,detections,3617,128.977241,45.58,33.32,384.37,,,,1,62:0.67,,,
121.8172,frame,3619,129.043886,46.04,66.64,363.71,512,384,BGR888p,,,,,
121.8173,detections,3619,129.043886,46.07,66.64,363.8,,,,1,63:0.72,,,
121.8659,frame,3620,129.077208,48.72,33.32,379.11,512,384,BGR888p,,,,,
121.866,detections,3620,129.077208,48.7,33.32,379.18,,,,1,63:0.70,,,
121.9131,frame,3622,129.143851,47.22,66.64,359.69,512,384,BGR888p,,,,,
121.9132,detections,3622,129.143851,47.22,66.64,359.75,,,,1,62:0.61,,,
121.9592,frame,3623,129.177175,46.11,33.32,372.48,512,384,BGR888p,,,,,
121.9593,detections,3623,129.177175,46.11,33.32,372.54,,,,1,62:0.60,,,
122.0053,frame,3624,129.210494,46.07,33.32,385.24,512,384,BGR888p,,,,,
122.0054,detections,3624,129.210494,46.07,33.32,385.29,,,,1,62:0.62,,,
122.0054,system,0,,978.95,,,,,,,,49.31,34.2,16.6
122.0515,frame,3626,129.277139,46.25,66.64,364.82,512,384,BGR888p,,,,,
122.0516,detections,3626,129.277139,46.23,66.64,364.88,,,,1,62:0.55,,,
122.0983,frame,3627,129.310462,46.76,33.32,378.25,512,384,BGR888p,,,,,
122.0983,detections,3627,129.310462,46.74,33.32,378.29,,,,1,62:0.61,,,
122.1453,frame,3629,129.377105,47.01,66.64,358.61,512,384,BGR888p,,,,,
122.1456,detections,3629,129.377105,47.25,66.64,358.9,,,,1,62:0.50,,,
122.1925,frame,3630,129.410428,47.18,33.32,372.47,512,384,BGR888p,,,,,
122.1926,detections,3630,129.410428,47.01,33.32,372.6,,,,1,62:0.56,,,
122.2385,frame,3631,129.443748,45.98,33.32,385.13,512,384,BGR888p,,,,,
122.2385,detections,3631,129.443748,45.93,33.32,385.19,,,,1,62:0.64,,,
122.2851,frame,3633,129.510392,46.67,66.64,365.16,512,384,BGR888p,,,,,
122.2852,detections,3633,129.510392,46.67,66.64,365.21,,,,1,62:0.53,,,
122.332,frame,3634,129.543715,46.84,33.32,378.68,512,384,BGR888p,,,,,
122.332,detections,3634,129.543715,46.84,33.32,378.73,,,,1,62:0.57,,,
122.3788,frame,3636,129.610358,46.84,66.64,358.87,512,384,BGR888p,,,,,
122.3789,detections,3636,129.610358,46.9,66.64,359.0,,,,0,,,,
122.4248,frame,3637,129.643681,45.96,33.32,371.51,512,384,BGR888p,,,,,
122.4249,detections,3637,129.643681,45.98,33.32,371.65,,,,1,62:0.59,,,
122.4694,frame,3638,129.677001,44.69,33.32,382.89,512,384,BGR888p,,,,,
122.4696,detections,3638,129.677001,44.67,33.32,383.0,,,,1,62:0.70,,,
122.515,frame,3640,129.743646,45.57,66.65,361.8,512,384,BGR888p,,,,,
122.5156,detections,3640,129.743646,46.01,66.65,362.37,,,,0,,,,
122.5636,frame,3641,129.776968,48.54,33.32,377.04,512,384,BGR888p,,,,,
122.5637,detections,3641,129.776968,48.05,33.32,377.1,,,,0,,,,
122.6108,frame,3643,129.843611,47.25,66.64,357.63,512,384,BGR888p,,,,,
122.6109,detections,3643,129.843611,47.26,66.64,357.71,,,,0,,,,
122.6575,frame,3644,129.876935,46.71,33.32,371.02,512,384,BGR888p,,,,,
122.6577,detections,3644,129.876935,46.79,33.32,371.18,,,,0,,,,
122.7015,frame,3645,129.910254,43.97,33.32,381.67,512,384,BGR888p,,,,,
122.7016,detections,3645,129.910254,43.88,33.32,381.73,,,,0,,,,
122.7485,frame,3647,129.976899,47.02,66.64,362.04,512,384,BGR888p,,,,,
122.7486,detections,3647,129.976899,47.02,66.64,362.11,,,,0,,,,
122.7962,frame,3648,130.010222,47.67,33.32,376.39,512,384,BGR888p,,,,,
122.7963,detections,3648,130.010222,47.68,33.32,376.46,,,,0,,,,
122.8396,frame,3650,130.076864,43.46,66.64,353.2,512,384,BGR888p,,,,,
122.8397,detections,3650,130.076864,43.43,66.64,353.25,,,,0,,,,
122.8868,frame,3651,130.110187,47.14,33.32,367.02,512,384,BGR888p,,,,,
122.8869,detections,3651,130.110187,47.15,33.32,367.07,,,,0,,,,
122.9336,frame,3652,130.143509,46.83,33.32,380.54,512,384,BGR888p,,,,,
122.9337,detections,3652,130.143509,46.84,33.32,380.59,,,,0,,,,
122.9823,frame,3654,130.210152,48.65,66.64,362.56,512,384,BGR888p,,,,,
122.9824,detections,3654,130.210152,48.67,66.64,362.62,,,,0,,,,
123.0277,frame,3655,130.243474,45.4,33.32,374.63,512,384,BGR888p,,,,,
123.0278,detections,3655,130.243474,45.39,33.32,374.69,,,,0,,,,
123.0278,system,0,,1022.37,,,,,,,,49.36,35.3,17.1
123.0725,frame,3657,130.310117,44.86,66.64,352.85,512,384,BGR888p,,,,,
123.0726,detections,3657,130.310117,44.86,66.64,352.91,,,,0,,,,
123.1196,frame,3658,130.34344,47.02,33.32,366.55,512,384,BGR888p,,,,,
123.1196,detections,3658,130.34344,47.02,33.32,366.61,,,,1,62:0.67,,,
123.166,frame,3659,130.376762,46.46,33.32,379.67,512,384,BGR888p,,,,,
123.1661,detections,3659,130.376762,46.44,33.32,379.73,,,,1,62:0.79,,,
123.2159,frame,3661,130.443405,49.85,66.64,362.89,512,384,BGR888p,,,,,
123.2159,detections,3661,130.443405,49.87,66.64,362.95,,,,0,,,,
123.264,frame,3662,130.476729,48.15,33.32,377.71,512,384,BGR888p,,,,,
123.2641,detections,3662,130.476729,48.14,33.32,377.77,,,,0,,,,
123.3102,frame,3663,130.510048,46.16,33.32,390.56,512,384,BGR888p,,,,,
123.3103,detections,3663,130.510048,46.18,33.32,390.63,,,,1,62:0.73,,,
123.3542,frame,3665,130.576695,44.02,66.65,367.93,512,384,BGR888p,,,,,
123.3543,detections,3665,130.576695,44.02,66.65,368.0,,,,2,62:0.77 56:0.53,,,
123.4018,frame,3666,130.610015,47.57,33.32,382.22,512,384,BGR888p,,,,,
123.4019,detections,3666,130.610015,47.62,33.32,382.3,,,,2,62:0.86 62:0.50,,,
123.4479,frame,3668,130.676658,46.16,66.64,361.7,512,384,BGR888p,,,,,
123.448,detections,3668,130.676658,46.1,66.64,361.76,,,,2,62:0.88 56:0.54,,,
123.4959,frame,3669,130.709981,47.97,33.32,376.34,512,384,BGR888p,,,,,
123.496,detections,3669,130.709981,48.04,33.32,376.48,,,,5,62:0.69 56:0.56 62:0.55 63:0.52 62:0.50,,,
123.5438,frame,3670,130.743301,47.89,33.32,390.92,512,384,BGR888p,,,,,
123.5439,detections,3670,130.743301,47.82,33.32,390.98,,,,4,62:0.86 64:0.67 56:0.65 62:0.62,,,
123.5882,frame,3672,130.809947,44.45,66.65,368.73,512,384,BGR888p,,,,,
123.5883,detections,3672,130.809947,44.45,66.65,368.78,,,,6,62:0.88 56:0.72 62:0.57 62:0.56 64:0.54 56:0.51,,,
123.6352,frame,3673,130.843276,46.98,33.33,382.43,512,384,BGR888p,,,,,
123.6354,detections,3673,130.843276,47.03,33.33,382.49,,,,4,62:0.72 62:0.66 64:0.66 56:0.64,,,
123.6821,frame,3675,130.909912,46.88,66.64,362.63,512,384,BGR888p,,,,,
123.6822,detections,3675,130.909912,46.84,66.64,362.69,,,,4,64:0.66 62:0.64 62:0.63 56:0.59,,,
123.7299,frame,3676,130.943236,47.78,33.32,377.08,512,384,BGR888p,,,,,
123.73,detections,3676,130.943236,47.77,33.32,377.14,,,,5,64:0.71 63:0.60 62:0.60 62:0.57 56:0.52,,,
123.7778,frame,3678,131.009877,47.93,66.64,358.36,512,384,BGR888p,,,,,
123.7779,detections,3678,131.009877,47.92,66.64,358.41,,,,4,64:0.78 63:0.70 56:0.63 62:0.59,,,
123.8211,frame,3679,131.0432,43.29,33.32,368.33,512,384,BGR888p,,,,,
123.8212,detections,3679,131.0432,43.29,33.32,368.38,,,,4,64:0.75 63:0.74 62:0.56 65:0.50,,,
123.8681,frame,3680,131.076522,46.97,33.32,381.98,512,384,BGR888p,,,,,
123.8681,detections,3680,131.076522,46.97,33.32,382.03,,,,4,64:0.75 63:0.71 56:0.58 62:0.56,,,
123.9156,frame,3682,131.143165,47.5,66.64,362.84,512,384,BGR888p,,,,,
123.9157,detections,3682,131.143165,47.5,66.64,362.89,,,,6,64:0.81 56:0.61 62:0.58 62:0.54 63:0.52 56:0.50,,,
123.9655,frame,3683,131.176487,49.87,33.32,379.41,512,384,BGR888p,,,,,
123.9655,detections,3683,131.176487,49.9,33.32,379.47,,,,4,64:0.72 63:0.60 62:0.57 56:0.51,,,
124.0127,frame,3685,131.24313,47.22,66.64,359.97,512,384,BGR888p,,,,,
124.0128,detections,3685,131.24313,47.2,66.64,360.03,,,,4,64:0.71 66:0.57 62:0.55 65:0.54,,,
124.0128,system,0,,985.01,,,,,,,,49.64,34.2,16.6
124.0594,frame,3686,131.276453,46.73,33.32,373.38,512,384,BGR888p,,,,,
124.0595,detections,3686,131.276453,46.73,33.32,373.44,,,,5,64:0.77 66:0.73 65:0.53 62:0.52 56:0.52,,,
124.104,frame,3687,131.309775,44.57,33.32,384.63,512,384,BGR888p,,,,,
124.1041,detections,3687,131.309775,44.57,33.32,384.69,,,,4,64:0.71 56:0.54 62:0.51 56:0.51,,,
124.1509,frame,3689,131.376418,46.89,66.64,364.88,512,384,BGR888p,,,,,
124.1509,detections,3689,131.376418,46.89,66.64,364.93,,,,3,41:0.64 62:0.63 64:0.56,,,
124.1987,frame,3690,131.409742,47.83,33.32,379.39,512,384,BGR888p,,,,,
124.1988,detections,3690,131.409742,47.84,33.32,379.45,,,,5,62:0.69 41:0.64 62:0.64 56:0.57 64:0.50,,,
124.2467,frame,3692,131.476383,47.96,66.64,360.7,512,384,BGR888p,,,,,
124.2467,detections,3692,131.476383,47.96,66.64,360.76,,,,0,,,,
124.2929,frame,3693,131.509709,46.24,33.33,373.62,512,384,BGR888p,,,,,
124.293,detections,3693,131.509709,46.25,33.33,373.68,,,,1,56:0.63,,,
124.3388,frame,3694,131.543029,45.94,33.32,386.24,512,384,BGR888p,,,,,
124.3389,detections,3694,131.543029,45.94,33.32,386.3,,,,0,,,,
124.385,frame,3696,131.609671,46.11,66.64,365.71,512,384,BGR888p,,,,,
124.385,detections,3696,131.609671,46.11,66.64,365.77,,,,1,41:0.65,,,
124.4317,frame,3697,131.642994,46.75,33.32,379.13,512,384,BGR888p,,,,,
124.4318,detections,3697,131.642994,46.75,33.32,379.19,,,,1,62:0.72,,,
124.4787,frame,3699,131.709637,47.0,66.64,359.48,512,384,BGR888p,,,,,
124.4799,detections,3699,131.709637,48.14,66.64,360.69,,,,2,41:0.68 66:0.58,,,
124.5259,frame,3700,131.742961,47.2,33.32,373.38,512,384,BGR888p,,,,,
124.526,detections,3700,131.742961,46.13,33.32,373.5,,,,4,56:0.59 66:0.56 41:0.53 62:0.52,,,
124.5719,frame,3701,131.77628,46.03,33.32,386.08,512,384,BGR888p,,,,,
124.572,detections,3701,131.77628,45.96,33.32,386.13,,,,4,56:0.61 56:0.60 41:0.54 56:0.50,,,
124.6181,frame,3703,131.842925,46.13,66.64,365.55,512,384,BGR888p,,,,,
124.6181,detections,3703,131.842925,46.12,66.64,365.6,,,,2,41:0.57 56:0.52,,,
124.6652,frame,3704,131.876247,47.18,33.32,379.44,512,384,BGR888p,,,,,
124.6653,detections,3704,131.876247,47.22,33.32,379.5,,,,2,41:0.59 56:0.52,,,
124.7125,frame,3706,131.94289,47.3,66.64,360.07,512,384,BGR888p,,,,,
124.7133,detections,3706,131.94289,47.95,66.64,360.83,,,,3,41:0.69 63:0.56 56:0.54,,,
124.7588,frame,3707,131.976213,46.24,33.32,372.99,512,384,BGR888p,,,,,
124.7589,detections,3707,131.976213,45.56,33.32,373.05,,,,1,41:0.82,,,
124.8053,frame,3708,132.009533,46.48,33.32,386.15,512,384,BGR888p,,,,,
124.8053,detections,3708,132.009533,46.47,33.32,386.2,,,,1,41:0.66,,,
124.852,frame,3710,132.076178,46.77,66.64,366.28,512,384,BGR888p,,,,,
124.8521,detections,3710,132.076178,46.78,66.64,366.33,,,,1,41:0.52,,,
124.899,frame,3711,132.1095,46.95,33.32,379.92,512,384,BGR888p,,,,,
124.8991,detections,3711,132.1095,46.96,33.32,379.98,,,,2,63:0.76 41:0.51,,,
124.9469,frame,3713,132.176143,47.96,66.64,361.22,512,384,BGR888p,,,,,
124.947,detections,3713,132.176143,47.95,66.64,361.28,,,,0,,,,
124.9939,frame,3714,132.209469,46.95,33.33,374.85,512,384,BGR888p,,,,,
124.994,detections,3714,132.209469,46.96,33.33,374.91,,,,0,,,,
125.0404,frame,3715,132.242786,46.48,33.32,388.01,512,384,BGR888p,,,,,
125.0405,detections,3715,132.242786,46.48,33.32,388.07,,,,0,,,,
125.0405,system,0,,1027.69,,,,,,,,49.64,35.1,17.3
125.086,frame,3717,132.309431,45.63,66.64,365.19,512,384,BGR888p,,,,,
125.0861,detections,3717,132.309431,45.63,66.64,365.24,,,,2,62:0.55 63:0.54,,,
125.133,frame,3718,132.342753,47.02,33.32,378.89,512,384,BGR888p,,,,,
125.1331,detections,3718,132.342753,47.02,33.32,378.94,,,,1,62:0.52,,,
125.1822,frame,3720,132.409396,49.13,66.64,361.39,512,384,BGR888p,,,,,
125.1823,detections,3720,132.409396,49.17,66.64,361.5,,,,2,63:0.69 64:0.52,,,
125.2304,frame,3721,132.442719,48.25,33.32,376.3,512,384,BGR888p,,,,,
125.2305,detections,3721,132.442719,48.2,33.32,376.35,,,,0,,,,
125.2745,frame,3722,132.476041,44.06,33.32,387.06,512,384,BGR888p,,,,,
125.2764,detections,3722,132.476041,45.92,33.32,388.96,,,,0,,,,
125.3225,frame,3724,132.542686,48.0,66.64,368.39,512,384,BGR888p,,,,,
125.3226,detections,3724,132.542686,46.17,66.64,368.48,,,,0,,,,
125.369,frame,3725,132.576006,46.5,33.32,381.6,512,384,BGR888p,,,,,
125.3691,detections,3725,132.576006,46.5,33.32,381.66,,,,0,,,,
125.4163,frame,3727,132.64265,47.34,66.64,362.28,512,384,BGR888p,,,,,
125.4164,detections,3727,132.64265,47.31,66.64,362.33,,,,0,,,,
125.4653,frame,3728,132.675972,49.0,33.32,377.95,512,384,BGR888p,,,,,
125.4654,detections,3728,132.675972,49.01,33.32,378.01,,,,1,56:0.63,,,
125.5131,frame,3729,132.709293,47.75,33.32,392.38,512,384,BGR888p,,,,,
125.5131,detections,3729,132.709293,47.75,33.32,392.44,,,,1,56:0.54,,,
125.5587,frame,3731,132.775938,45.66,66.64,371.39,512,384,BGR888p,,,,,
125.56,detections,3731,132.775938,46.88,66.64,372.69,,,,1,56:0.70,,,
125.6045,frame,3732,132.809268,45.79,33.33,383.86,512,384,BGR888p,,,,,
125.6046,detections,3732,132.809268,44.56,33.33,383.91,,,,1,56:0.65,,,
125.6521,frame,3734,132.875903,47.55,66.63,364.79,512,384,BGR888p,,,,,
125.6521,detections,3734,132.875903,47.56,66.63,364.84,,,,1,56:0.70,,,
125.6996,frame,3735,132.909225,47.51,33.32,378.97,512,384,BGR888p,,,,,
125.6997,detections,3735,132.909225,47.5,33.32,379.02,,,,1,56:0.65,,,
125.7493,frame,3737,132.975868,49.7,66.64,362.03,512,384,BGR888p,,,,,
125.7494,detections,3737,132.975868,49.71,66.64,362.09,,,,1,56:0.70,,,
125.7953,frame,3738,133.009194,46.06,33.33,374.76,512,384,BGR888p,,,,,
125.7954,detections,3738,133.009194,46.06,33.33,374.82,,,,1,56:0.80,,,
125.8433,frame,3739,133.042511,47.98,33.32,389.43,512,384,BGR888p,,,,,
125.8434,detections,3739,133.042511,47.98,33.32,389.48,,,,1,56:0.76,,,
125.8871,frame,3741,133.109156,43.8,66.65,366.62,512,384,BGR888p,,,,,
125.8873,detections,3741,133.109156,43.9,66.65,366.76,,,,1,56:0.82,,,
125.9334,frame,3742,133.142479,46.31,33.32,379.57,512,384,BGR888p,,,,,
125.9335,detections,3742,133.142479,46.22,33.32,379.63,,,,2,56:0.64 56:0.62,,,
125.9827,frame,3744,133.209121,49.31,66.64,362.24,512,384,BGR888p,,,,,
125.9828,detections,3744,133.209121,49.31,66.64,362.29,,,,1,56:0.50,,,
126.0295,frame,3745,133.242444,46.79,33.32,375.7,512,384,BGR888p,,,,,
126.0296,detections,3745,133.242444,46.79,33.32,375.76,,,,1,56:0.53,,,
126.0297,system,0,,989.16,,,,,,,,49.47,34.0,16.5
126.0765,frame,3746,133.275765,46.98,33.32,389.36,512,384,BGR888p,,,,,
126.0766,detections,3746,133.275765,46.98,33.32,389.42,,,,0,,,,
126.1204,frame,3748,133.34241,43.85,66.64,366.57,512,384,BGR888p,,,,,
126.1204,detections,3748,133.34241,43.85,66.64,366.63,,,,0,,,,
126.1666,frame,3749,133.375737,46.22,33.33,379.45,512,384,BGR888p,,,,,
126.1666,detections,3749,133.375737,46.2,33.33,379.5,,,,1,56:0.78,,,
126.2144,frame,3751,133.442375,47.86,66.64,360.67,512,384,BGR888p,,,,,
126.2153,detections,3751,133.442375,48.69,66.64,361.56,,,,4,63:0.63 62:0.61 62:0.56 56:0.53,,,
126.2621,frame,3752,133.475699,47.63,33.32,374.99,512,384,BGR888p,,,,,
126.2621,detections,3752,133.475699,46.81,33.32,375.05,,,,3,56:0.63 62:0.57 63:0.56,,,
126.3097,frame,3753,133.509019,47.61,33.32,389.28,512,384,BGR888p,,,,,
126.3098,detections,3753,133.509019,47.61,33.32,389.33,,,,3,62:0.72 62:0.55 63:0.51,,,
126.3536,frame,3755,133.575665,43.9,66.65,366.54,512,384,BGR888p,,,,,
126.3537,detections,3755,133.575665,43.9,66.65,366.59,,,,3,62:0.77 56:0.63 56:0.57,,,
126.4007,frame,3756,133.608993,47.1,33.33,380.31,512,384,BGR888p,,,,,
126.4008,detections,3756,133.608993,47.11,33.33,380.37,,,,3,56:0.60 62:0.55 56:0.54,,,
126.4494,frame,3758,133.675628,48.69,66.63,362.36,512,384,BGR888p,,,,,
126.4495,detections,3758,133.675628,48.69,66.63,362.42,,,,2,56:0.69 62:0.57,,,
126.4964,frame,3759,133.708956,47.07,33.33,376.11,512,384,BGR888p,,,,,
126.4965,detections,3759,133.708956,47.07,33.33,376.16,,,,1,62:0.74,,,
126.5434,frame,3760,133.742271,46.94,33.31,389.73,512,384,BGR888p,,,,,
126.5435,detections,3760,133.742271,46.94,33.31,389.79,,,,1,62:0.53,,,
126.5909,frame,3762,133.808916,47.48,66.65,370.56,512,384,BGR888p,,,,,
126.591,detections,3762,133.808916,47.53,66.65,370.67,,,,1,0:0.56,,,
126.6365,frame,3763,133.842247,45.61,33.33,382.84,512,384,BGR888p,,,,,
126.6365,detections,3763,133.842247,45.56,33.33,382.9,,,,1,0:0.73,,,
126.6834,frame,3765,133.908882,46.95,66.64,363.16,512,384,BGR888p,,,,,
126.6835,detections,3765,133.908882,46.95,66.64,363.21,,,,2,0:0.66 56:0.61,,,
126.7317,frame,3766,133.942204,48.3,33.32,378.13,512,384,BGR888p,,,,,
126.7318,detections,3766,133.942204,48.3,33.32,378.19,,,,2,0:0.75 60:0.55,,,
126.7795,frame,3767,133.975524,47.81,33.32,392.62,512,384,BGR888p,,,,,
126.7796,detections,3767,133.975524,47.81,33.32,392.68,,,,3,0:0.75 0:0.64 56:0.51,,,
126.8258,frame,3769,134.04217,46.29,66.65,372.27,512,384,BGR888p,,,,,
126.8259,detections,3769,134.04217,46.29,66.65,372.33,,,,2,0:0.72 0:0.50,,,
126.8714,frame,3770,134.075492,45.57,33.32,384.51,512,384,BGR888p,,,,,
126.8715,detections,3770,134.075492,45.56,33.32,384.56,,,,2,0:0.62 0:0.56,,,
126.9175,frame,3772,134.142135,46.1,66.64,363.97,512,384,BGR888p,,,,,
126.9176,detections,3772,134.142135,46.1,66.64,364.02,,,,2,0:0.60 56:0.53,,,
126.9649,frame,3773,134.175457,47.4,33.32,378.04,512,384,BGR888p,,,,,
126.965,detections,3773,134.175457,47.4,33.32,378.09,,,,1,0:0.56,,,
127.0119,frame,3775,134.2421,47.02,66.64,358.43,512,384,BGR888p,,,,,
127.012,detections,3775,134.2421,47.04,66.64,358.49,,,,4,0:0.63 56:0.57 56:0.55 0:0.54,,,
127.0581,frame,3776,134.275423,46.15,33.32,371.26,512,384,BGR888p,,,,,
127.0581,detections,3776,134.275423,46.15,33.32,371.31,,,,3,56:0.73 0:0.54 56:0.50,,,
127.0582,system,0,,1028.54,,,,,,,,49.75,33.2,16.2
127.1042,frame,3777,134.308743,46.14,33.32,384.09,512,384,BGR888p,,,,,
127.1043,detections,3777,134.308743,46.18,33.32,384.17,,,,1,0:0.64,,,
127.1502,frame,3779,134.375389,46.01,66.65,363.47,512,384,BGR888p,,,,,
127.1504,detections,3779,134.375389,46.03,66.65,363.56,,,,2,0:0.57 0:0.57,,,
127.198,frame,3780,134.40871,47.8,33.32,377.96,512,384,BGR888p,,,,,
127.1981,detections,3780,134.40871,47.79,33.32,378.03,,,,2,0:0.69 0:0.63,,,
127.2452,frame,3782,134.475354,47.14,66.64,358.43,512,384,BGR888p,,,,,
127.246,detections,3782,134.475354,47.85,66.64,359.25,,,,3,0:0.71 0:0.63 14:0.58,,,
127.2919,frame,3783,134.508676,46.73,33.32,371.83,512,384,BGR888p,,,,,
127.2924,detections,3783,134.508676,46.43,33.32,372.36,,,,1,0:0.71,,,
127.3383,frame,3784,134.541998,46.39,33.32,384.9,512,384,BGR888p,,,,,
127.3384,detections,3784,134.541998,45.92,33.32,384.95,,,,1,56:0.52,,,
127.3841,frame,3786,134.608641,45.81,66.64,364.06,512,384,BGR888p,,,,,
127.3842,detections,3786,134.608641,45.81,66.64,364.12,,,,0,,,,
127.4308,frame,3787,134.641964,46.75,33.32,377.49,512,384,BGR888p,,,,,
127.4309,detections,3787,134.641964,46.76,33.32,377.55,,,,2,0:0.54 56:0.51,,,
127.4785,frame,3789,134.708606,47.7,66.64,358.56,512,384,BGR888p,,,,,
127.4786,detections,3789,134.708606,47.7,66.64,358.61,,,,1,0:0.54,,,
127.5256,frame,3790,134.74193,47.08,33.32,372.31,512,384,BGR888p,,,,,
127.5257,detections,3790,134.74193,47.08,33.32,372.37,,,,0,,,,
127.57,frame,3791,134.775249,44.42,33.32,383.4,512,384,BGR888p,,,,,
127.5701,detections,3791,134.775249,44.41,33.32,383.46,,,,0,,,,
127.6166,frame,3793,134.841895,46.58,66.65,363.34,512,384,BGR888p,,,,,
127.6167,detections,3793,134.841895,46.62,66.65,363.44,,,,0,,,,
127.6638,frame,3794,134.875217,47.15,33.32,377.2,512,384,BGR888p,,,,,
127.6639,detections,3794,134.875217,47.14,33.32,377.26,,,,0,,,,
127.712,frame,3796,134.941861,48.2,66.64,358.73,512,384,BGR888p,,,,,
127.712,detections,3796,134.941861,48.17,66.64,358.78,,,,0,,,,
127.7572,frame,3797,134.975182,45.19,33.32,370.63,512,384,BGR888p,,,,,
127.7573,detections,3797,134.975182,45.28,33.32,370.74,,,,0,,,,
127.8029,frame,3798,135.008503,45.77,33.32,383.04,512,384,BGR888p,,,,,
127.803,detections,3798,135.008503,45.68,33.32,383.1,,,,0,,,,
127.849,frame,3800,135.075148,46.11,66.65,362.51,512,384,BGR888p,,,,,
127.8491,detections,3800,135.075148,46.11,66.65,362.57,,,,1,62:0.55,,,
127.8976,frame,3801,135.10847,48.54,33.32,377.73,512,384,BGR888p,,,,,
127.8977,detections,3801,135.10847,48.54,33.32,377.78,,,,0,,,,
127.9449,frame,3803,135.175113,47.35,66.64,358.43,512,384,BGR888p,,,,,
127.945,detections,3803,135.175113,47.35,66.64,358.49,,,,0,,,,
127.99,frame,3804,135.208436,45.12,33.32,370.23,512,384,BGR888p,,,,,
127.9901,detections,3804,135.208436,45.12,33.32,370.29,,,,1,62:0.53,,,
128.036,frame,3805,135.241756,45.92,33.32,382.83,512,384,BGR888p,,,,,
128.036,detections,3805,135.241756,45.92,33.32,382.89,,,,0,,,,
128.0361,system,0,,977.89,,,,,,,,49.59,34.6,17.2
128.0818,frame,3807,135.308402,45.78,66.65,361.97,512,384,BGR888p,,,,,
128.0818,detections,3807,135.308402,45.79,66.65,362.03,,,,1,62:0.62,,,
128.1304,frame,3808,135.341726,48.64,33.32,377.29,512,384,BGR888p,,,,,
128.1305,detections,3808,135.341726,48.64,33.32,377.34,,,,2,41:0.74 62:0.56,,,
128.179,frame,3810,135.408366,48.6,66.64,359.23,512,384,BGR888p,,,,,
128.1791,detections,3810,135.408366,48.58,66.64,359.28,,,,3,41:0.66 62:0.56 56:0.56,,,
128.2246,frame,3811,135.441689,45.56,33.32,371.49,512,384,BGR888p,,,,,
128.2246,detections,3811,135.441689,45.59,33.32,371.55,,,,3,56:0.54 62:0.53 64:0.50,,,
128.2689,frame,3812,135.475009,44.3,33.32,382.46,512,384,BGR888p,,,,,
128.2689,detections,3812,135.475009,44.29,33.32,382.52,,,,1,62:0.68,,,
128.3155,frame,3814,135.541654,46.64,66.64,362.46,512,384,BGR888p,,,,,
128.3156,detections,3814,135.541654,46.64,66.64,362.52,,,,0,,,,
128.363,frame,3815,135.574978,47.53,33.32,376.66,512,384,BGR888p,,,,,
128.3631,detections,3815,135.574978,47.53,33.32,376.72,,,,1,41:0.62,,,
128.4102,frame,3817,135.641619,47.21,66.64,357.27,512,384,BGR888p,,,,,
128.4109,detections,3817,135.641619,47.83,66.64,357.92,,,,4,56:0.68 62:0.62 66:0.60 64:0.56,,,
128.457,frame,3818,135.674944,46.81,33.33,370.72,512,384,BGR888p,,,,,
128.4571,detections,3818,135.674944,46.19,33.33,370.78,,,,5,62:0.62 56:0.60 41:0.56 64:0.54 73:0.52,,,
128.5023,frame,3819,135.708262,45.25,33.32,382.65,512,384,BGR888p,,,,,
128.5024,detections,3819,135.708262,45.25,33.32,382.71,,,,1,62:0.60,,,
128.5478,frame,3821,135.774907,45.47,66.65,361.46,512,384,BGR888p,,,,,
128.5478,detections,3821,135.774907,45.45,66.65,361.51,,,,4,62:0.71 64:0.70 66:0.69 56:0.66,,,
128.5962,frame,3822,135.80823,48.45,33.32,376.59,512,384,BGR888p,,,,,
128.5963,detections,3822,135.80823,48.46,33.32,376.65,,,,4,56:0.72 41:0.65 62:0.62 66:0.51,,,
128.644,frame,3824,135.874873,47.75,66.64,357.71,512,384,BGR888p,,,,,
128.6441,detections,3824,135.874873,47.81,66.64,357.82,,,,4,62:0.70 62:0.67 66:0.63 56:0.61,,,
128.6902,frame,3825,135.908198,46.24,33.32,370.67,512,384,BGR888p,,,,,
128.6903,detections,3825,135.908198,46.25,33.32,370.74,,,,4,62:0.84 56:0.63 62:0.57 41:0.51,,,
128.7364,frame,3826,135.941516,46.2,33.32,383.52,512,384,BGR888p,,,,,
128.7365,detections,3826,135.941516,46.16,33.32,383.58,,,,3,56:0.70 62:0.58 62:0.53,,,
128.7822,frame,3828,136.00816,45.8,66.64,362.68,512,384,BGR888p,,,,,
128.7823,detections,3828,136.00816,45.8,66.64,362.74,,,,5,62:0.84 62:0.71 56:0.71 64:0.63 64:0.50,,,
128.8294,frame,3829,136.041483,47.2,33.32,376.54,512,384,BGR888p,,,,,
128.8295,detections,3829,136.041483,47.18,33.32,376.6,,,,6,62:0.85 56:0.75 62:0.73 64:0.52 63:0.52 67:0.51,,,
128.8785,frame,3831,136.108126,49.05,66.64,358.95,512,384,BGR888p,,,,,
128.8785,detections,3831,136.108126,49.05,66.64,359.01,,,,4,64:0.72 62:0.66 62:0.66 41:0.54,,,
128.9238,frame,3832,136.141452,45.3,33.33,370.92,512,384,BGR888p,,,,,
128.9238,detections,3832,136.141452,45.3,33.33,370.98,,,,3,62:0.68 56:0.62 62:0.57,,,
128.9692,frame,3833,136.17477,45.45,33.32,383.07,512,384,BGR888p,,,,,
128.9693,detections,3833,136.17477,45.48,33.32,383.14,,,,3,56:0.75 64:0.74 62:0.65,,,
129.0148,frame,3835,136.241413,45.55,66.64,361.97,512,384,BGR888p,,,,,
129.0148,detections,3835,136.241413,45.53,66.64,362.02,,,,4,64:0.79 62:0.75 62:0.66 41:0.62,,,
129.0629,frame,3836,136.274736,48.13,33.32,376.77,512,384,BGR888p,,,,,
129.063,detections,3836,136.274736,48.13,33.32,376.83,,,,4,62:0.83 64:0.82 62:0.61 41:0.57,,,
129.063,system,0,,1026.93,,,,,,,,49.59,34.3,16.6
129.1114,frame,3838,136.341379,48.55,66.64,358.68,512,384,BGR888p,,,,,
129.1115,detections,3838,136.341379,48.55,66.64,358.74,,,,4,62:0.88 64:0.73 62:0.63 41:0.52,,,
129.1564,frame,3839,136.374703,44.96,33.32,370.3,512,384,BGR888p,,,,,
129.1565,detections,3839,136.374703,44.94,33.32,370.35,,,,5,64:0.78 62:0.69 62:0.60 56:0.59 41:0.58,,,
129.2024,frame,3840,136.408023,46.0,33.32,382.99,512,384,BGR888p,,,,,
129.2025,detections,3840,136.408023,46.02,33.32,383.06,,,,4,64:0.78 62:0.74 62:0.69 56:0.59,,,
129.2487,frame,3842,136.474668,46.3,66.65,362.65,512,384,BGR888p,,,,,
129.2488,detections,3842,136.474668,46.31,66.65,362.71,,,,4,62:0.91 64:0.81 62:0.58 65:0.54,,,
129.296,frame,3843,136.507989,47.26,33.32,376.58,512,384,BGR888p,,,,,
129.296,detections,3843,136.507989,47.24,33.32,376.63,,,,6,62:0.92 64:0.84 41:0.65 62:0.62 65:0.60 64:0.52,,,
129.3438,frame,3845,136.574632,47.83,66.64,357.78,512,384,BGR888p,,,,,
129.3439,detections,3845,136.574632,47.85,66.64,357.84,,,,4,64:0.77 62:0.74 62:0.63 56:0.61,,,
129.3893,frame,3846,136.607956,45.5,33.32,369.97,512,384,BGR888p,,,,,
129.3895,detections,3846,136.607956,45.59,33.32,370.12,,,,5,62:0.83 64:0.76 62:0.61 56:0.54 64:0.52,,,
129.4352,frame,3847,136.641277,45.9,33.32,382.53,512,384,BGR888p,,,,,
129.4353,detections,3847,136.641277,45.81,33.32,382.59,,,,3,64:0.82 62:0.68 62:0.68,,,
129.4818,frame,3849,136.707922,46.58,66.64,362.48,512,384,BGR888p,,,,,
129.4819,detections,3849,136.707922,46.6,66.64,362.54,,,,3,62:0.89 64:0.81 62:0.56,,,
129.5287,frame,3850,136.741242,46.9,33.32,376.05,512,384,BGR888p,,,,,
129.5288,detections,3850,136.741242,46.89,33.32,376.11,,,,2,62:0.82 64:0.75,,,
129.5769,frame,3852,136.807886,48.26,66.64,357.68,512,384,BGR888p,,,,,
129.577,detections,3852,136.807886,48.27,66.64,357.74,,,,4,62:0.79 64:0.77 62:0.61 65:0.50,,,
129.6222,frame,3853,136.841212,45.23,33.33,369.58,512,384,BGR888p,,,,,
129.6223,detections,3853,136.841212,45.24,33.33,369.66,,,,4,62:0.83 64:0.76 64:0.57 62:0.54,,,
129.6676,frame,3854,136.874529,45.44,33.32,381.69,512,384,BGR888p,,,,,
129.6677,detections,3854,136.874529,45.46,33.32,381.79,,,,3,64:0.79 62:0.67 62:0.55,,,
129.7132,frame,3856,136.941175,45.56,66.65,360.61,512,384,BGR888p,,,,,
129.7133,detections,3856,136.941175,45.55,66.65,360.7,,,,4,62:0.81 64:0.72 62:0.60 41:0.54,,,
129.7617,frame,3857,136.974496,48.55,33.32,375.84,512,384,BGR888p,,,,,
129.7618,detections,3857,136.974496,48.52,33.32,375.9,,,,4,64:0.73 62:0.71 62:0.68 64:0.53,,,
129.8082,frame,3859,137.041139,46.44,66.64,355.64,512,384,BGR888p,,,,,
129.8089,detections,3859,137.041139,47.15,66.64,356.41,,,,3,62:0.74 64:0.66 62:0.52,,,
129.8547,frame,3860,137.074463,46.56,33.32,368.87,512,384,BGR888p,,,,,
129.8548,detections,3860,137.074463,45.85,33.32,368.93,,,,5,64:0.74 62:0.63 63:0.62 62:0.62 64:0.53,,,
129.9007,frame,3861,137.107781,45.98,33.32,381.54,512,384,BGR888p,,,,,
129.9008,detections,3861,137.107781,45.99,33.32,381.59,,,,3,64:0.66 62:0.65 63:0.51,,,
129.9463,frame,3863,137.174426,45.59,66.65,360.48,512,384,BGR888p,,,,,
129.9464,detections,3863,137.174426,45.58,66.65,360.53,,,,2,64:0.75 41:0.60,,,
129.9944,frame,3864,137.207749,48.14,33.32,375.29,512,384,BGR888p,,,,,
129.9945,detections,3864,137.207749,48.14,33.32,375.35,,,,1,63:0.61,,,
130.0407,frame,3866,137.274392,46.23,66.64,354.87,512,384,BGR888p,,,,,
130.0407,detections,3866,137.274392,46.21,66.64,354.92,,,,1,63:0.85,,,
130.0408,system,0,,977.73,,,,,,,,49.81,35.2,17.9
130.0878,frame,3867,137.307715,47.16,33.32,368.72,512,384,BGR888p,,,,,
130.0879,detections,3867,137.307715,47.18,33.32,368.78,,,,1,63:0.60,,,
130.1334,frame,3868,137.341037,45.6,33.32,381.0,512,384,BGR888p,,,,,
130.1335,detections,3868,137.341037,45.6,33.32,381.05,,,,1,63:0.52,,,
130.1807,frame,3870,137.40768,47.29,66.64,361.64,512,384,BGR888p,,,,,
130.1808,detections,3870,137.40768,47.29,66.64,361.7,,,,2,63:0.72 41:0.54,,,
130.2281,frame,3871,137.441002,47.44,33.32,375.78,512,384,BGR888p,,,,,
130.2283,detections,3871,137.441002,47.52,33.32,375.92,,,,1,63:0.65,,,
130.2747,frame,3873,137.507645,46.56,66.64,355.67,512,384,BGR888p,,,,,
130.2753,detections,3873,137.507645,47.02,66.64,356.28,,,,3,63:0.82 41:0.70 62:0.51,,,
130.3213,frame,3874,137.54097,46.56,33.32,368.92,512,384,BGR888p,,,,,
130.3213,detections,3874,137.54097,46.02,33.32,368.97,,,,2,63:0.78 41:0.66,,,
130.3664,frame,3875,137.574291,45.11,33.32,380.69,512,384,BGR888p,,,,,
130.3664,detections,3875,137.574291,45.09,33.32,380.74,,,,2,63:0.84 41:0.62,,,
130.4134,frame,3877,137.640933,47.05,66.64,361.1,512,384,BGR888p,,,,,
130.4135,detections,3877,137.640933,47.05,66.64,361.15,,,,2,63:0.78 41:0.58,,,
130.4613,frame,3878,137.674255,47.91,33.32,375.71,512,384,BGR888p,,,,,
130.4614,detections,3878,137.674255,47.96,33.32,375.79,,,,2,63:0.68 41:0.65,,,
130.5085,frame,3880,137.740898,47.22,66.64,356.26,512,384,BGR888p,,,,,
130.5092,detections,3880,137.740898,47.76,66.64,356.91,,,,2,41:0.71 63:0.69,,,
130.5544,frame,3881,137.774221,45.82,33.32,368.76,512,384,BGR888p,,,,,
130.5544,detections,3881,137.774221,45.24,33.32,368.81,,,,2,41:0.76 63:0.65,,,
130.6004,frame,3882,137.807541,46.09,33.32,381.52,512,384,BGR888p,,,,,
130.6005,detections,3882,137.807541,46.09,33.32,381.58,,,,0,,,,
130.6462,frame,3884,137.874186,45.77,66.65,360.66,512,384,BGR888p,,,,,
130.6463,detections,3884,137.874186,45.78,66.65,360.72,,,,1,62:0.69,,,
130.6942,frame,3885,137.907509,47.94,33.32,375.27,512,384,BGR888p,,,,,
130.6943,detections,3885,137.907509,47.99,33.32,375.39,,,,1,62:0.66,,,
130.7423,frame,3887,137.974151,48.16,66.64,356.78,512,384,BGR888p,,,,,
130.7424,detections,3887,137.974151,48.09,66.64,356.83,,,,1,62:0.53,,,
130.7875,frame,3888,138.007475,45.14,33.32,368.59,512,384,BGR888p,,,,,
130.7875,detections,3888,138.007475,45.13,33.32,368.64,,,,0,,,,
130.8331,frame,3889,138.040794,45.62,33.32,380.89,512,384,BGR888p,,,,,
130.8331,detections,3889,138.040794,45.62,33.32,380.94,,,,0,,,,
130.879,frame,3891,138.107439,45.94,66.64,360.18,512,384,BGR888p,,,,,
130.8791,detections,3891,138.107439,45.94,66.64,360.24,,,,1,62:0.54,,,
130.9273,frame,3892,138.140762,48.33,33.32,375.18,512,384,BGR888p,,,,,
130.9274,detections,3892,138.140762,48.32,33.32,375.23,,,,1,62:0.54,,,
130.974,frame,3894,138.207404,46.71,66.64,355.25,512,384,BGR888p,,,,,
130.9748,detections,3894,138.207404,47.38,66.64,355.98,,,,2,62:0.63 62:0.59,,,
131.0211,frame,3895,138.240728,47.02,33.32,368.94,512,384,BGR888p,,,,,
131.0218,detections,3895,138.240728,47.01,33.32,369.67,,,,1,62:0.70,,,
131.0219,system,0,,981.11,,,,,,,,49.86,34.7,17.4
131.0681,frame,3896,138.274048,47.07,33.32,382.71,512,384,BGR888p,,,,,
131.0682,detections,3896,138.274048,46.42,33.32,382.76,,,,1,62:0.57,,,
131.1129,frame,3898,138.340692,44.77,66.64,360.82,512,384,BGR888p,,,,,
131.113,detections,3898,138.340692,44.75,66.64,360.87,,,,0,,,,
131.1614,frame,3899,138.374017,48.5,33.33,376.0,512,384,BGR888p,,,,,
131.1615,detections,3899,138.374017,48.52,33.33,376.06,,,,0,,,,
131.2101,frame,3901,138.440658,48.72,66.64,358.08,512,384,BGR888p,,,,,
131.2102,detections,3901,138.440658,48.71,66.64,358.13,,,,1,63:0.75,,,
131.2561,frame,3902,138.473981,45.97,33.32,370.73,512,384,BGR888p,,,,,
131.2562,detections,3902,138.473981,45.97,33.32,370.78,,,,2,63:0.60 62:0.54,,,
131.3015,frame,3903,138.507301,45.46,33.32,382.86,512,384,BGR888p,,,,,
131.3016,detections,3903,138.507301,45.46,33.32,382.92,,,,2,63:0.65 62:0.63,,,
131.3475,frame,3905,138.573945,45.97,66.64,362.19,512,384,BGR888p,,,,,
131.3476,detections,3905,138.573945,45.97,66.64,362.24,,,,1,62:0.72,,,
131.3943,frame,3906,138.607268,46.82,33.32,375.67,512,384,BGR888p,,,,,
131.3944,detections,3906,138.607268,46.8,33.32,375.72,,,,1,62:0.65,,,
131.4425,frame,3908,138.673911,48.15,66.64,357.19,512,384,BGR888p,,,,,
131.4426,detections,3908,138.673911,48.17,66.64,357.25,,,,1,62:0.58,,,
131.4884,frame,3909,138.707234,45.89,33.32,369.76,512,384,BGR888p,,,,,
131.4885,detections,3909,138.707234,45.89,33.32,369.81,,,,2,63:0.64 62:0.55,,,
131.5345,frame,3910,138.740554,46.08,33.32,382.52,512,384,BGR888p,,,,,
131.5345,detections,3910,138.740554,46.08,33.32,382.58,,,,2,62:0.58 62:0.53,,,
131.5815,frame,3912,138.8072,47.0,66.65,362.88,512,384,BGR888p,,,,,
131.5815,detections,3912,138.8072,47.01,66.65,362.94,,,,2,62:0.61 62:0.59,,,
131.6287,frame,3913,138.840522,47.21,33.32,376.76,512,384,BGR888p,,,,,
131.6287,detections,3913,138.840522,47.2,33.32,376.82,,,,2,62:0.57 62:0.51,,,
131.6771,frame,3915,138.907164,48.47,66.64,358.59,512,384,BGR888p,,,,,
131.6772,detections,3915,138.907164,48.47,66.64,358.64,,,,2,63:0.67 62:0.56,,,
131.7241,frame,3916,138.940488,46.95,33.32,372.22,512,384,BGR888p,,,,,
131.7242,detections,3916,138.940488,47.01,33.32,372.35,,,,1,63:0.69,,,
131.7717,frame,3917,138.973807,47.65,33.32,386.55,512,384,BGR888p,,,,,
131.7718,detections,3917,138.973807,47.59,33.32,386.6,,,,2,63:0.69 63:0.58,,,
131.8154,frame,3919,139.040452,43.68,66.64,363.58,512,384,BGR888p,,,,,
131.8155,detections,3919,139.040452,43.67,66.64,363.63,,,,2,62:0.71 63:0.60,,,
131.8624,frame,3920,139.073775,46.98,33.32,377.23,512,384,BGR888p,,,,,
131.8625,detections,3920,139.073775,46.98,33.32,377.29,,,,2,63:0.81 63:0.62,,,
131.9126,frame,3922,139.140418,50.19,66.64,360.76,512,384,BGR888p,,,,,
131.9126,detections,3922,139.140418,50.17,66.64,360.81,,,,2,63:0.84 63:0.67,,,
131.9598,frame,3923,139.17374,47.25,33.32,374.7,512,384,BGR888p,,,,,
131.9599,detections,3923,139.17374,47.26,33.32,374.75,,,,2,63:0.83 63:0.70,,,
132.0063,frame,3924,139.20706,46.49,33.32,387.87,512,384,BGR888p,,,,,
132.0074,detections,3924,139.20706,47.46,33.32,388.92,,,,2,63:0.86 63:0.74,,,
132.0536,frame,3926,139.273706,47.24,66.65,368.46,512,384,BGR888p,,,,,
132.0536,detections,3926,139.273706,46.27,66.65,368.51,,,,3,63:0.83 63:0.80 62:0.55,,,
132.0537,system,0,,1031.8,,,,,,,,49.53,34.1,16.6
132.0985,frame,3927,139.307037,44.99,33.33,380.12,512,384,BGR888p,,,,,
132.0986,detections,3927,139.307037,45.0,33.33,380.18,,,,2,63:0.73 63:0.70,,,
132.1472,frame,3929,139.373671,48.62,66.63,362.11,512,384,BGR888p,,,,,
132.1472,detections,3929,139.373671,48.62,66.63,362.17,,,,3,63:0.79 63:0.79 62:0.56,,,
132.1938,frame,3930,139.406994,46.67,33.32,375.45,512,384,BGR888p,,,,,
132.1939,detections,3930,139.406994,46.66,33.32,375.51,,,,2,63:0.81 63:0.74,,,
132.2426,frame,3931,139.440315,48.75,33.32,390.88,512,384,BGR888p,,,,,
132.2426,detections,3931,139.440315,48.74,33.32,390.93,,,,2,63:0.80 63:0.77,,,
132.2882,frame,3933,139.50696,45.58,66.64,369.82,512,384,BGR888p,,,,,
132.2882,detections,3933,139.50696,45.59,66.64,369.88,,,,2,63:0.68 63:0.60,,,
132.3331,frame,3934,139.54028,44.93,33.32,381.43,512,384,BGR888p,,,,,
132.3332,detections,3934,139.54028,44.93,33.32,381.49,,,,2,63:0.84 62:0.59,,,
132.3787,frame,3936,139.606924,45.65,66.64,360.43,512,384,BGR888p,,,,,
132.3788,detections,3936,139.606924,45.65,66.64,360.49,,,,2,62:0.63 63:0.57,,,
132.4261,frame,3937,139.640247,47.4,33.32,374.51,512,384,BGR888p,,,,,
132.4262,detections,3937,139.640247,47.4,33.32,374.56,,,,0,,,,
132.4743,frame,3939,139.706889,48.13,66.64,356.03,512,384,BGR888p,,,,,
132.4744,detections,3939,139.706889,48.16,66.64,356.09,,,,1,62:0.58,,,
132.5197,frame,3940,139.740212,45.4,33.32,368.07,512,384,BGR888p,,,,,
132.5197,detections,3940,139.740212,45.37,33.32,368.13,,,,0,,,,
132.5658,frame,3941,139.773533,46.18,33.32,380.95,512,384,BGR888p,,,,,
132.5659,detections,3941,139.773533,46.19,33.32,381.0,,,,1,62:0.51,,,
132.612,frame,3943,139.840178,46.14,66.65,360.42,512,384,BGR888p,,,,,
132.6121,detections,3943,139.840178,46.12,66.65,360.48,,,,0,,,,
132.6589,frame,3944,139.8735,46.89,33.32,373.99,512,384,BGR888p,,,,,
132.659,detections,3944,139.8735,46.9,33.32,374.05,,,,3,63:0.77 62:0.59 63:0.52,,,
132.7067,frame,3946,139.940143,47.86,66.64,355.21,512,384,BGR888p,,,,,
132.7068,detections,3946,139.940143,47.86,66.64,355.27,,,,2,63:0.76 62:0.65,,,
132.7535,frame,3947,139.973466,46.75,33.32,368.63,512,384,BGR888p,,,,,
132.7537,detections,3947,139.973466,46.87,33.32,368.84,,,,0,,,,
132.7997,frame,3948,140.006786,46.17,33.32,381.49,512,384,BGR888p,,,,,
132.7997,detections,3948,140.006786,46.04,33.32,381.55,,,,1,72:0.65,,,
132.8458,frame,3950,140.073431,46.11,66.64,360.95,512,384,BGR888p,,,,,
132.8458,detections,3950,140.073431,46.1,66.64,361.0,,,,1,62:0.77,,,
132.8916,frame,3951,140.106753,45.87,33.32,375.2,512,384,BGR888p,,,,,
132.8917,detections,3951,140.106753,45.87,33.32,375.26,,,,1,62:0.87,,,
132.9409,frame,3953,140.173396,49.24,66.64,357.8,512,384,BGR888p,,,,,
132.941,detections,3953,140.173396,49.24,66.64,357.86,,,,1,62:0.84,,,
132.987,frame,3954,140.206719,46.13,33.32,370.61,512,384,BGR888p,,,,,
132.9871,detections,3954,140.206719,46.12,33.32,370.66,,,,1,62:0.85,,,
133.0316,frame,3955,140.240039,44.56,33.32,381.86,512,384,BGR888p,,,,,
133.0317,detections,3955,140.240039,44.6,33.32,381.94,,,,1,62:0.84,,,
133.0318,system,0,,978.09,,,,,,,,49.42,34.7,17.6
133.0779,frame,3957,140.306684,46.37,66.64,361.58,512,384,BGR888p,,,,,
133.078,detections,3957,140.306684,46.34,66.64,361.64,,,,2,62:0.89 62:0.71,,,
133.1253,frame,3958,140.340006,47.33,33.32,375.59,512,384,BGR888p,,,,,
133.1254,detections,3958,140.340006,47.33,33.32,375.65,,,,2,62:0.84 62:0.64,,,
133.1738,frame,3960,140.406649,48.54,66.64,357.49,512,384,BGR888p,,,,,
133.1739,detections,3960,140.406649,48.54,66.64,357.54,,,,2,63:0.70 63:0.51,,,
133.2199,frame,3961,140.439973,46.1,33.32,370.26,512,384,BGR888p,,,,,
133.22,detections,3961,140.439973,46.1,33.32,370.32,,,,1,62:0.78,,,
133.2655,frame,3962,140.473292,45.62,33.32,382.57,512,384,BGR888p,,,,,
133.2656,detections,3962,140.473292,45.62,33.32,382.62,,,,2,62:0.74 62:0.60,,,
133.3121,frame,3964,140.539937,46.56,66.65,362.48,512,384,BGR888p,,,,,
133.3122,detections,3964,140.539937,46.55,66.65,362.53,,,,1,62:0.68,,,
133.3601,frame,3965,140.57326,47.96,33.32,377.12,512,384,BGR888p,,,,,
133.3601,detections,3965,140.57326,47.97,33.32,377.17,,,,1,62:0.75,,,
133.4088,frame,3967,140.639902,48.7,66.64,359.17,512,384,BGR888p,,,,,
133.4088,detections,3967,140.639902,48.7,66.64,359.23,,,,2,62:0.70 41:0.51,,,
133.4562,frame,3968,140.673226,47.47,33.32,373.34,512,384,BGR888p,,,,,
133.4563,detections,3968,140.673226,47.51,33.32,373.41,,,,1,62:0.76,,,
133.5003,frame,3969,140.706545,44.07,33.32,384.1,512,384,BGR888p,,,,,
133.5004,detections,3969,140.706545,44.06,33.32,384.15,,,,1,62:0.72,,,
133.547,frame,3971,140.773191,46.71,66.65,364.13,512,384,BGR888p,,,,,
133.5471,detections,3971,140.773191,46.68,66.65,364.19,,,,1,62:0.81,,,
133.5942,frame,3972,140.806513,47.18,33.32,377.99,512,384,BGR888p,,,,,
133.5943,detections,3972,140.806513,47.19,33.32,378.05,,,,1,62:0.85,,,
133.6438,frame,3974,140.873155,49.58,66.64,360.93,512,384,BGR888p,,,,,
133.6438,detections,3974,140.873155,49.58,66.64,360.99,,,,1,62:0.78,,,
133.6916,frame,3975,140.906478,47.83,33.32,375.43,512,384,BGR888p,,,,,
133.6917,detections,3975,140.906478,47.81,33.32,375.48,,,,1,62:0.81,,,
133.7371,frame,3976,140.939799,45.52,33.32,387.64,512,384,BGR888p,,,,,
133.7382,detections,3976,140.939799,46.53,33.32,388.72,,,,1,62:0.73,,,
133.782,frame,3978,141.006444,44.89,66.64,365.88,512,384,BGR888p,,,,,
133.7821,detections,3978,141.006444,43.93,66.64,366.01,,,,1,62:0.69,,,
133.8284,frame,3979,141.039767,46.42,33.32,378.98,512,384,BGR888p,,,,,
133.8285,detections,3979,141.039767,46.37,33.32,379.03,,,,2,62:0.77 62:0.55,,,
133.8767,frame,3981,141.106409,48.23,66.64,360.56,512,384,BGR888p,,,,,
133.8767,detections,3981,141.106409,48.22,66.64,360.61,,,,1,62:0.73,,,
133.925,frame,3982,141.139733,48.35,33.32,375.58,512,384,BGR888p,,,,,
133.9251,detections,3982,141.139733,48.34,33.32,375.63,,,,2,62:0.62 63:0.51,,,
133.9705,frame,3983,141.173052,45.52,33.32,387.79,512,384,BGR888p,,,,,
133.9707,detections,3983,141.173052,45.68,33.32,388.0,,,,1,63:0.77,,,
134.0171,frame,3985,141.2397,46.61,66.65,367.76,512,384,BGR888p,,,,,
134.0172,detections,3985,141.2397,46.47,66.65,367.82,,,,3,63:0.95 65:0.80 62:0.56,,,
134.0621,frame,3986,141.273018,45.0,33.32,379.43,512,384,BGR888p,,,,,
134.0622,detections,3986,141.273018,44.99,33.32,379.49,,,,2,63:0.93 65:0.81,,,
134.0623,system,0,,1030.57,,,,,,,,49.59,33.9,16.6
134.11,frame,3988,141.339662,47.9,66.64,360.69,512,384,BGR888p,,,,,
134.1101,detections,3988,141.339662,47.9,66.64,360.75,,,,4,63:0.96 65:0.79 64:0.65 62:0.62,,,
134.158,frame,3989,141.372984,47.93,33.32,375.31,512,384,BGR888p,,,,,
134.158,detections,3989,141.372984,47.94,33.32,375.36,,,,3,63:0.97 65:0.74 64:0.74,,,
134.2043,frame,3991,141.439627,46.32,66.64,354.98,512,384,BGR888p,,,,,
134.2051,detections,3991,141.439627,47.02,66.64,355.75,,,,4,63:0.92 64:0.83 65:0.63 62:0.61,,,
134.2507,frame,3992,141.472951,46.42,33.32,368.08,512,384,BGR888p,,,,,
134.2508,detections,3992,141.472951,45.72,33.32,368.14,,,,4,63:0.94 64:0.90 65:0.52 62:0.50,,,
134.2965,frame,3993,141.506271,45.79,33.32,380.55,512,384,BGR888p,,,,,
134.2966,detections,3993,141.506271,45.79,33.32,380.61,,,,4,63:0.93 64:0.91 65:0.58 62:0.53,,,
134.3433,frame,3995,141.572915,46.77,66.64,360.7,512,384,BGR888p,,,,,
134.3434,detections,3995,141.572915,46.79,66.64,360.75,,,,4,63:0.93 64:0.87 62:0.65 65:0.52,,,
134.3906,frame,3996,141.606239,47.37,33.32,374.72,512,384,BGR888p,,,,,
134.3907,detections,3996,141.606239,47.35,33.32,374.78,,,,4,63:0.94 64:0.88 62:0.68 65:0.53,,,
134.4387,frame,3998,141.672881,48.1,66.64,356.18,512,384,BGR888p,,,,,
134.4398,detections,3998,141.672881,49.04,66.64,357.19,,,,3,63:0.95 64:0.90 62:0.55,,,
134.4852,frame,3999,141.706204,46.43,33.32,369.36,512,384,BGR888p,,,,,
134.4854,detections,3999,141.706204,45.65,33.32,369.54,,,,4,63:0.96 64:0.90 65:0.58 62:0.52,,,
134.5307,frame,4000,141.739524,45.53,33.32,381.49,512,384,BGR888p,,,,,
134.5308,detections,4000,141.739524,45.35,33.32,381.54,,,,3,63:0.95 64:0.88 65:0.50,,,
134.5766,frame,4002,141.806169,45.93,66.65,360.78,512,384,BGR888p,,,,,
134.5767,detections,4002,141.806169,45.94,66.65,360.83,,,,3,63:0.95 64:0.90 65:0.57,,,
134.6236,frame,4003,141.839491,46.97,33.32,374.43,512,384,BGR888p,,,,,
134.6237,detections,4003,141.839491,46.98,33.32,374.49,,,,3,63:0.96 64:0.84 65:0.50,,,
134.6714,frame,4005,141.906134,47.84,66.64,355.61,512,384,BGR888p,,,,,
134.6715,detections,4005,141.906134,47.82,66.64,355.66,,,,3,63:0.96 64:0.88 65:0.52,,,
134.7181,frame,4006,141.939457,46.62,33.32,368.92,512,384,BGR888p,,,,,
134.7181,detections,4006,141.939457,46.64,33.32,368.98,,,,3,63:0.96 64:0.79 65:0.55,,,
134.7634,frame,4007,141.972777,45.33,33.32,380.93,512,384,BGR888p,,,,,
134.7635,detections,4007,141.972777,45.33,33.32,380.99,,,,3,63:0.97 64:0.86 65:0.75,,,
134.8101,frame,4009,142.039422,46.67,66.64,360.96,512,384,BGR888p,,,,,
134.8102,detections,4009,142.039422,46.72,66.64,361.06,,,,5,63:0.96 64:0.83 65:0.77 39:0.58 62:0.53,,,
134.8568,frame,4010,142.072744,46.71,33.32,374.35,512,384,BGR888p,,,,,
134.8568,detections,4010,142.072744,46.67,33.32,374.41,,,,4,63:0.93 64:0.84 62:0.73 65:0.69,,,
134.9068,frame,4012,142.139388,50.0,66.64,357.7,512,384,BGR888p,,,,,
134.9068,detections,4012,142.139388,49.99,66.64,357.75,,,,4,63:0.95 64:0.88 62:0.62 65:0.62,,,
134.9522,frame,4013,142.17271,45.41,33.32,369.78,512,384,BGR888p,,,,,
134.9528,detections,4013,142.17271,45.91,33.32,370.35,,,,6,63:0.95 64:0.87 39:0.77 62:0.73 65:0.62 39:0.51,,,
134.9976,frame,4014,142.20603,45.43,33.32,381.9,512,384,BGR888p,,,,,
134.9977,detections,4014,142.20603,44.93,33.32,381.95,,,,5,63:0.96 64:0.89 62:0.73 39:0.68 65:0.64,,,
135.0436,frame,4016,142.272675,45.99,66.64,361.24,512,384,BGR888p,,,,,
135.0437,detections,4016,142.272675,45.99,66.64,361.3,,,,5,63:0.94 64:0.86 62:0.78 65:0.73 39:0.67,,,
135.0437,system,0,,981.42,,,,,,,,49.75,34.6,17.9
135.0902,frame,4017,142.305998,46.63,33.32,374.59,512,384,BGR888p,,,,,
135.0903,detections,4017,142.305998,46.67,33.32,374.65,,,,5,63:0.94 64:0.88 39:0.74 63:0.65 65:0.64,,,
135.1387,frame,4019,142.37264,48.49,66.64,356.4,512,384,BGR888p,,,,,
135.1388,detections,4019,142.37264,48.45,66.64,356.46,,,,5,63:0.93 64:0.84 65:0.74 39:0.65 63:0.56,,,
135.1838,frame,4020,142.405963,45.12,33.32,368.23,512,384,BGR888p,,,,,
135.184,detections,4020,142.405963,45.19,33.32,368.32,,,,5,63:0.94 64:0.87 65:0.70 39:0.63 63:0.55,,,
135.2296,frame,4021,142.439283,45.77,33.32,380.65,512,384,BGR888p,,,,,
135.2297,detections,4021,142.439283,45.71,33.32,380.71,,,,6,63:0.95 64:0.84 65:0.71 39:0.58 62:0.54 66:0.51,,,
135.2772,frame,4023,142.505929,47.59,66.65,361.6,512,384,BGR888p,,,,,
135.2773,detections,4023,142.505929,47.6,66.65,361.66,,,,5,63:0.95 64:0.92 39:0.76 62:0.56 65:0.55,,,
135.3252,frame,4024,142.539253,48.01,33.32,376.33,512,384,BGR888p,,,,,
135.3254,detections,4024,142.539253,48.08,33.32,376.42,,,,6,63:0.94 64:0.86 65:0.71 62:0.63 39:0.62 66:0.54,,,
135.3737,frame,4026,142.605893,48.44,66.64,358.08,512,384,BGR888p,,,,,
135.3737,detections,4026,142.605893,48.36,66.64,358.14,,,,5,63:0.95 64:0.78 65:0.73 66:0.53 62:0.52,,,
135.4206,frame,4027,142.639216,46.96,33.32,371.72,512,384,BGR888p,,,,,
135.4207,detections,4027,142.639216,46.96,33.32,371.78,,,,4,63:0.95 64:0.82 65:0.71 41:0.52,,,
135.4641,frame,4028,142.672538,43.47,33.32,381.87,512,384,BGR888p,,,,,
135.4642,detections,4028,142.672538,43.47,33.32,381.93,,,,3,63:0.94 64:0.84 65:0.60,,,
135.5099,frame,4030,142.739182,45.81,66.64,361.03,512,384,BGR888p,,,,,
135.51,detections,4030,142.739182,45.81,66.64,361.09,,,,4,63:0.92 65:0.80 64:0.62 62:0.55,,,
135.5561,frame,4031,142.772504,46.22,33.32,373.94,512,384,BGR888p,,,,,
135.5562,detections,4031,142.772504,46.23,33.32,373.99,,,,5,63:0.87 65:0.85 64:0.56 62:0.54 39:0.51,,,
135.6036,frame,4033,142.839147,47.44,66.64,354.73,512,384,BGR888p,,,,,
135.6048,detections,4033,142.839147,48.64,66.64,356.0,,,,5,63:0.82 65:0.82 41:0.58 62:0.52 64:0.51,,,
135.6497,frame,4034,142.87247,46.12,33.32,367.54,512,384,BGR888p,,,,,
135.6502,detections,4034,142.87247,45.36,33.32,368.04,,,,3,65:0.69 63:0.65 41:0.59,,,
135.6954,frame,4035,142.90579,45.74,33.32,379.96,512,384,BGR888p,,,,,
135.6955,detections,4035,142.90579,45.31,33.32,380.02,,,,3,65:0.63 63:0.57 62:0.56,,,
135.7421,frame,4037,142.972435,46.7,66.64,360.01,512,384,BGR888p,,,,,
135.7422,detections,4037,142.972435,46.69,66.64,360.06,,,,2,65:0.69 41:0.62,,,
135.789,frame,4038,143.005759,46.88,33.32,373.57,512,384,BGR888p,,,,,
135.7891,detections,4038,143.005759,46.89,33.32,373.62,,,,5,39:0.72 41:0.55 39:0.55 63:0.52 65:0.50,,,
135.8381,frame,4040,143.0724,49.06,66.64,356.0,512,384,BGR888p,,,,,
135.8382,detections,4040,143.0724,49.12,66.64,356.11,,,,1,39:0.69,,,
135.8862,frame,4041,143.105724,48.09,33.32,370.77,512,384,BGR888p,,,,,
135.8863,detections,4041,143.105724,48.05,33.32,370.83,,,,2,39:0.69 62:0.52,,,
135.9311,frame,4042,143.139044,44.91,33.32,382.34,512,384,BGR888p,,,,,
135.9311,detections,4042,143.139044,44.88,33.32,382.39,,,,2,39:0.60 63:0.57,,,
135.9766,frame,4044,143.205688,45.56,66.64,361.26,512,384,BGR888p,,,,,
135.9767,detections,4044,143.205688,45.57,66.64,361.32,,,,1,62:0.50,,,
136.0244,frame,4045,143.239011,47.74,33.32,375.68,512,384,BGR888p,,,,,
136.0244,detections,4045,143.239011,47.74,33.32,375.74,,,,0,,,,
136.0245,system,0,,980.75,,,,,,,,50.03,34.6,17.8
136.0731,frame,4047,143.305653,48.69,66.64,357.73,512,384,BGR888p,,,,,
136.0731,detections,4047,143.305653,48.7,66.64,357.8,,,,0,,,,
136.1197,frame,4048,143.338976,46.62,33.32,371.03,512,384,BGR888p,,,,,
136.1198,detections,4048,143.338976,46.62,33.32,371.09,,,,0,,,,
136.1642,frame,4049,143.372296,44.5,33.32,382.21,512,384,BGR888p,,,,,
136.1643,detections,4049,143.372296,44.5,33.32,382.27,,,,1,39:0.60,,,
136.2108,frame,4051,143.438942,46.63,66.65,362.19,512,384,BGR888p,,,,,
136.2109,detections,4051,143.438942,46.63,66.65,362.25,,,,2,39:0.76 41:0.53,,,
136.2577,frame,4052,143.472264,46.87,33.32,375.75,512,384,BGR888p,,,,,
136.2578,detections,4052,143.472264,46.87,33.32,375.81,,,,0,,,,
136.3067,frame,4054,143.538906,49.02,66.64,358.13,512,384,BGR888p,,,,,
136.3068,detections,4054,143.538906,49.03,66.64,358.19,,,,2,39:0.57 41:0.55,,,
136.3547,frame,4055,143.572229,47.98,33.32,372.79,512,384,BGR888p,,,,,
136.3548,detections,4055,143.572229,47.98,33.32,372.85,,,,2,39:0.70 41:0.53,,,
136.4007,frame,4056,143.60555,45.98,33.32,385.44,512,384,BGR888p,,,,,
136.4008,detections,4056,143.60555,45.98,33.32,385.5,,,,3,39:0.70 41:0.51 39:0.51,,,
136.4445,frame,4058,143.672196,43.85,66.65,362.64,512,384,BGR888p,,,,,
136.4446,detections,4058,143.672196,43.83,66.65,362.69,,,,2,41:0.55 39:0.51,,,
136.4907,frame,4059,143.705518,46.2,33.32,375.51,512,384,BGR888p,,,,,
136.4908,detections,4059,143.705518,46.19,33.32,375.56,,,,2,39:0.67 41:0.53,,,
136.5386,frame,4061,143.77216,47.91,66.64,356.79,512,384,BGR888p,,,,,
136.5387,detections,4061,143.77216,47.93,66.64,356.85,,,,1,39:0.73,,,
136.5856,frame,4062,143.805486,47.0,33.33,370.46,512,384,BGR888p,,,,,
136.5857,detections,4062,143.805486,47.0,33.33,370.52,,,,3,39:0.78 39:0.58 73:0.52,,,
136.6341,frame,4063,143.838803,48.5,33.32,385.65,512,384,BGR888p,,,,,
136.6342,detections,4063,143.838803,48.5,33.32,385.7,,,,1,39:0.78,,,
136.6777,frame,4065,143.905448,43.55,66.64,362.54,512,384,BGR888p,,,,,
136.6777,detections,4065,143.905448,43.53,66.64,362.59,,,,1,39:0.57,,,
136.7238,frame,4066,143.938772,46.12,33.32,375.35,512,384,BGR888p,,,,,
136.7239,detections,4066,143.938772,46.14,33.32,375.4,,,,0,,,,
136.7736,frame,4068,144.005413,49.78,66.64,358.49,512,384,BGR888p,,,,,
136.7737,detections,4068,144.005413,49.78,66.64,358.55,,,,4,39:0.73 39:0.54 39:0.52 73:0.51,,,
136.822,frame,4069,144.03874,48.38,33.33,373.58,512,384,BGR888p,,,,,
136.8221,detections,4069,144.03874,48.46,33.33,373.7,,,,1,39:0.72,,,
136.8669,frame,4070,144.072056,44.94,33.32,385.17,512,384,BGR888p,,,,,
136.867,detections,4070,144.072056,44.92,33.32,385.29,,,,2,39:0.71 39:0.51,,,
136.9148,frame,4072,144.138701,47.89,66.64,366.42,512,384,BGR888p,,,,,
136.9149,detections,4072,144.138701,47.83,66.64,366.47,,,,2,39:0.71 39:0.51,,,
136.9583,frame,4073,144.172031,43.53,33.33,376.62,512,384,BGR888p,,,,,
136.9584,detections,4073,144.172031,43.53,33.33,376.68,,,,3,39:0.77 39:0.59 39:0.56,,,
137.0072,frame,4075,144.238666,48.83,66.63,358.83,512,384,BGR888p,,,,,
137.0073,detections,4075,144.238666,48.91,66.63,358.96,,,,2,0:0.56 39:0.53,,,
137.0543,frame,4076,144.27199,47.14,33.32,372.63,512,384,BGR888p,,,,,
137.0544,detections,4076,144.27199,47.06,33.32,372.69,,,,1,0:0.53,,,
137.0544,system,0,,1029.94,,,,,,,,49.42,33.8,16.9
137.101,frame,4077,144.30531,46.7,33.32,386.01,512,384,BGR888p,,,,,
137.1011,detections,4077,144.30531,46.7,33.32,386.07,,,,0,,,,
137.1479,frame,4079,144.371957,46.89,66.65,366.25,512,384,BGR888p,,,,,
137.148,detections,4079,144.371957,46.88,66.65,366.3,,,,2,56:0.60 39:0.56,,,
137.1926,frame,4080,144.405278,44.71,33.32,377.63,512,384,BGR888p,,,,,
137.1927,detections,4080,144.405278,44.71,33.32,377.69,,,,2,56:0.78 39:0.68,,,
137.2396,frame,4082,144.471919,46.97,66.64,357.95,512,384,BGR888p,,,,,
137.2396,detections,4082,144.471919,46.96,66.64,358.0,,,,2,56:0.77 39:0.53,,,
137.288,frame,4083,144.505242,48.48,33.32,373.1,512,384,BGR888p,,,,,
137.2881,detections,4083,144.505242,48.47,33.32,373.15,,,,2,56:0.81 39:0.56,,,
137.3362,frame,4084,144.538562,48.18,33.32,387.98,512,384,BGR888p,,,,,
137.3363,detections,4084,144.538562,48.21,33.32,388.04,,,,1,56:0.77,,,
137.3811,frame,4086,144.605211,44.89,66.65,366.24,512,384,BGR888p,,,,,
137.3812,detections,4086,144.605211,44.91,66.65,366.3,,,,1,56:0.82,,,
137.427,frame,4087,144.638536,45.92,33.32,378.81,512,384,BGR888p,,,,,
137.4271,detections,4087,144.638536,45.89,33.32,378.89,,,,2,56:0.86 39:0.60,,,
137.4732,frame,4089,144.705173,46.21,66.64,358.4,512,384,BGR888p,,,,,
137.4733,detections,4089,144.705173,46.23,66.64,358.46,,,,0,,,,
137.5207,frame,4090,144.738496,47.45,33.32,372.51,512,384,BGR888p,,,,,
137.5208,detections,4090,144.738496,47.45,33.32,372.58,,,,0,,,,
137.5674,frame,4092,144.805138,46.69,66.64,352.56,512,384,BGR888p,,,,,
137.5681,detections,4092,144.805138,47.35,66.64,353.3,,,,1,39:0.53,,,
137.6139,frame,4093,144.838462,46.53,33.32,365.76,512,384,BGR888p,,,,,
137.614,detections,4093,144.838462,45.86,33.32,365.82,,,,1,39:0.60,,,
137.6601,frame,4094,144.871781,46.18,33.32,378.63,512,384,BGR888p,,,,,
137.6602,detections,4094,144.871781,46.18,33.32,378.68,,,,1,56:0.68,,,
137.7054,frame,4096,144.938427,45.32,66.65,357.29,512,384,BGR888p,,,,,
137.7055,detections,4096,144.938427,45.31,66.65,357.34,,,,1,56:0.74,,,
137.7546,frame,4097,144.971749,49.24,33.32,373.21,512,384,BGR888p,,,,,
137.7547,detections,4097,144.971749,49.25,33.32,373.27,,,,2,56:0.86 24:0.53,,,
137.8022,frame,4099,145.038391,47.6,66.64,354.18,512,384,BGR888p,,,,,
137.8032,detections,4099,145.038391,48.45,66.64,355.09,,,,3,56:0.84 39:0.52 24:0.51,,,
137.8496,frame,4100,145.071717,47.39,33.33,368.23,512,384,BGR888p,,,,,
137.8497,detections,4100,145.071717,46.54,33.33,368.29,,,,5,62:0.66 39:0.58 62:0.58 56:0.58 62:0.55,,,
137.8949,frame,4101,145.105036,45.28,33.32,380.19,512,384,BGR888p,,,,,
137.895,detections,4101,145.105036,45.32,33.32,380.29,,,,2,56:0.72 24:0.61,,,
137.9408,frame,4103,145.171679,45.93,66.64,359.48,512,384,BGR888p,,,,,
137.9409,detections,4103,145.171679,45.89,66.64,359.53,,,,2,56:0.83 24:0.61,,,
137.9876,frame,4104,145.205002,46.78,33.32,372.94,512,384,BGR888p,,,,,
137.9877,detections,4104,145.205002,46.78,33.32,373.0,,,,0,,,,
138.0361,frame,4106,145.271645,48.51,66.64,354.81,512,384,BGR888p,,,,,
138.0362,detections,4106,145.271645,48.51,66.64,354.87,,,,0,,,,
138.0363,system,0,,981.83,,,,,,,,49.92,35.1,17.1
138.0809,frame,4107,145.304969,44.8,33.32,366.28,512,384,BGR888p,,,,,
138.081,detections,4107,145.304969,44.79,33.32,366.33,,,,0,,,,
138.1277,frame,4108,145.338288,46.72,33.32,379.69,512,384,BGR888p,,,,,
138.1277,detections,4108,145.338288,46.73,33.32,379.75,,,,0,,,,
138.1745,frame,4110,145.404933,46.8,66.64,359.86,512,384,BGR888p,,,,,
138.1745,detections,4110,145.404933,46.82,66.64,359.92,,,,1,24:0.51,,,
138.2215,frame,4111,145.438255,47.06,33.32,373.59,512,384,BGR888p,,,,,
138.2216,detections,4111,145.438255,47.05,33.32,373.65,,,,0,,,,
138.2691,frame,4113,145.504898,47.57,66.64,354.52,512,384,BGR888p,,,,,
138.2699,detections,4113,145.504898,48.34,66.64,355.36,,,,2,56:0.65 62:0.54,,,
138.3154,frame,4114,145.53822,46.3,33.32,367.5,512,384,BGR888p,,,,,
138.3156,detections,4114,145.53822,45.66,33.32,367.69,,,,4,62:0.79 56:0.78 24:0.59 62:0.52,,,
138.3618,frame,4115,145.571541,46.38,33.32,380.56,512,384,BGR888p,,,,,
138.3619,detections,4115,145.571541,46.25,33.32,380.61,,,,4,62:0.81 56:0.78 62:0.70 24:0.52,,,
138.4073,frame,4117,145.638187,45.48,66.65,359.41,512,384,BGR888p,,,,,
138.4074,detections,4117,145.638187,45.5,66.65,359.46,,,,1,56:0.50,,,
138.4538,frame,4118,145.671509,46.51,33.32,372.59,512,384,BGR888p,,,,,
138.4539,detections,4118,145.671509,46.5,33.32,372.64,,,,4,56:0.78 62:0.68 24:0.57 62:0.57,,,
138.5028,frame,4120,145.738151,49.06,66.64,355.01,512,384,BGR888p,,,,,
138.5029,detections,4120,145.738151,49.07,66.64,355.07,,,,2,62:0.88 56:0.82,,,
138.5479,frame,4121,145.771474,45.07,33.32,366.75,512,384,BGR888p,,,,,
138.548,detections,4121,145.771474,45.05,33.32,366.79,,,,3,62:0.86 56:0.79 62:0.60,,,
138.5936,frame,4122,145.804795,45.67,33.32,379.1,512,384,BGR888p,,,,,
138.5936,detections,4122,145.804795,45.67,33.32,379.15,,,,2,56:0.81 62:0.50,,,
138.6394,frame,4124,145.871439,45.81,66.64,358.26,512,384,BGR888p,,,,,
138.6395,detections,4124,145.871439,45.81,66.64,358.31,,,,3,56:0.74 62:0.62 24:0.56,,,
138.6872,frame,4125,145.904761,47.79,33.32,372.73,512,384,BGR888p,,,,,
138.6872,detections,4125,145.904761,47.79,33.32,372.78,,,,3,56:0.81 62:0.52 24:0.51,,,
138.7342,frame,4127,145.971404,46.98,66.64,353.08,512,384,BGR888p,,,,,
138.7349,detections,4127,145.971404,47.7,66.64,353.84,,,,2,56:0.84 62:0.79,,,
138.7821,frame,4128,146.004727,47.93,33.32,367.68,512,384,BGR888p,,,,,
138.7822,detections,4128,146.004727,47.23,33.32,367.74,,,,5,62:0.83 56:0.77 62:0.53 67:0.53 0:0.52,,,
138.8276,frame,4129,146.038047,45.52,33.32,379.88,512,384,BGR888p,,,,,
138.8277,detections,4129,146.038047,45.52,33.32,379.94,,,,2,62:0.79 56:0.79,,,
138.8735,frame,4131,146.104692,45.91,66.64,359.14,512,384,BGR888p,,,,,
138.8736,detections,4131,146.104692,45.91,66.64,359.2,,,,4,62:0.65 56:0.59 62:0.51 24:0.51,,,
138.9221,frame,4132,146.138015,48.54,33.32,374.36,512,384,BGR888p,,,,,
138.9222,detections,4132,146.138015,48.6,33.32,374.48,,,,1,24:0.52,,,
138.9706,frame,4134,146.204657,48.59,66.64,356.31,512,384,BGR888p,,,,,
138.9707,detections,4134,146.204657,48.53,66.64,356.36,,,,3,56:0.63 24:0.59 62:0.58,,,
139.0184,frame,4135,146.237983,47.75,33.33,370.73,512,384,BGR888p,,,,,
139.0185,detections,4135,146.237983,47.75,33.33,370.79,,,,2,56:0.74 24:0.57,,,
139.0654,frame,4136,146.271301,46.96,33.32,384.38,512,384,BGR888p,,,,,
139.0654,detections,4136,146.271301,46.96,33.32,384.43,,,,1,56:0.67,,,
139.0655,system,0,,1029.22,,,,,,,,50.09,34.5,16.8
139.1127,frame,4138,146.337945,47.37,66.64,365.1,512,384,BGR888p,,,,,
139.1128,detections,4138,146.337945,47.37,66.64,365.15,,,,2,56:0.71 28:0.54,,,
139.1585,frame,4139,146.371268,45.73,33.32,377.51,512,384,BGR888p,,,,,
139.1585,detections,4139,146.371268,45.73,33.32,377.56,,,,2,56:0.83 62:0.53,,,
139.2051,frame,4141,146.437911,46.65,66.64,357.51,512,384,BGR888p,,,,,
139.2052,detections,4141,146.437911,46.64,66.64,357.56,,,,2,56:0.72 28:0.62,,,
139.2536,frame,4142,146.471233,48.53,33.32,372.71,512,384,BGR888p,,,,,
139.2537,detections,4142,146.471233,48.51,33.32,372.75,,,,2,56:0.64 56:0.51,,,
139.3013,frame,4143,146.504554,47.67,33.32,387.06,512,384,BGR888p,,,,,
139.3014,detections,4143,146.504554,47.67,33.32,387.11,,,,2,56:0.65 56:0.63,,,
139.3463,frame,4145,146.571198,45.01,66.64,365.43,512,384,BGR888p,,,,,
139.3464,detections,4145,146.571198,45.03,66.64,365.49,,,,2,56:0.80 56:0.66,,,
139.3919,frame,4146,146.604529,45.59,33.33,377.72,512,384,BGR888p,,,,,
139.392,detections,4146,146.604529,45.61,33.33,377.77,,,,4,56:0.81 56:0.72 74:0.55 56:0.55,,,
139.438,frame,4148,146.671164,46.14,66.63,357.19,512,384,BGR888p,,,,,
139.4381,detections,4148,146.671164,46.11,66.63,357.25,,,,3,56:0.80 56:0.55 56:0.54,,,
139.4859,frame,4149,146.704487,47.85,33.32,371.71,512,384,BGR888p,,,,,
139.486,detections,4149,146.704487,47.84,33.32,371.77,,,,4,56:0.86 56:0.77 62:0.54 56:0.51,,,
139.5353,frame,4151,146.771129,49.41,66.64,354.48,512,384,BGR888p,,,,,
139.5354,detections,4151,146.771129,49.41,66.64,354.53,,,,2,56:0.61 56:0.55,,,
139.5802,frame,4152,146.804455,44.89,33.33,366.04,512,384,BGR888p,,,,,
139.5803,detections,4152,146.804455,44.9,33.33,366.1,,,,3,62:0.69 56:0.56 56:0.52,,,
139.6253,frame,4153,146.837772,45.11,33.32,377.84,512,384,BGR888p,,,,,
139.6254,detections,4153,146.837772,45.11,33.32,377.89,,,,3,56:0.77 62:0.65 56:0.56,,,
139.672,frame,4155,146.904419,46.73,66.65,357.92,512,384,BGR888p,,,,,
139.6721,detections,4155,146.904419,46.73,66.65,357.98,,,,3,56:0.65 62:0.63 56:0.52,,,
139.7196,frame,4156,146.937742,47.57,33.32,372.16,512,384,BGR888p,,,,,
139.7197,detections,4156,146.937742,47.56,33.32,372.22,,,,3,62:0.71 56:0.65 56:0.61,,,
139.7688,frame,4158,147.004383,49.2,66.64,354.73,512,384,BGR888p,,,,,
139.7689,detections,4158,147.004383,49.21,66.64,354.79,,,,3,56:0.77 62:0.73 56:0.59,,,
139.816,frame,4159,147.037706,47.17,33.32,368.58,512,384,BGR888p,,,,,
139.816,detections,4159,147.037706,47.17,33.32,368.63,,,,3,62:0.69 56:0.62 56:0.58,,,
139.8607,frame,4160,147.071026,44.7,33.32,379.95,512,384,BGR888p,,,,,
139.8607,detections,4160,147.071026,44.7,33.32,380.01,,,,3,56:0.75 62:0.54 56:0.51,,,
139.9066,frame,4162,147.137671,45.96,66.65,359.27,512,384,BGR888p,,,,,
139.9067,detections,4162,147.137671,45.96,66.65,359.33,,,,1,62:0.55,,,
139.954,frame,4163,147.170993,47.42,33.32,373.36,512,384,BGR888p,,,,,
139.9542,detections,4163,147.170993,47.45,33.32,373.49,,,,1,60:0.56,,,
140.0017,frame,4165,147.237636,47.64,66.64,354.36,512,384,BGR888p,,,,,
140.0018,detections,4165,147.237636,47.61,66.64,354.42,,,,2,60:0.52 67:0.51,,,
140.0496,frame,4166,147.27096,47.91,33.32,368.93,512,384,BGR888p,,,,,
140.0496,detections,4166,147.27096,47.89,33.32,368.98,,,,2,60:0.62 56:0.50,,,
140.0497,system,0,,984.21,,,,,,,,49.64,34.8,17.5
140.0955,frame,4167,147.304279,45.89,33.32,381.51,512,384,BGR888p,,,,,
140.0976,detections,4167,147.304279,47.93,33.32,383.62,,,,0,,,,
140.1407,frame,4169,147.370924,45.26,66.64,360.14,512,384,BGR888p,,,,,
140.1408,detections,4169,147.370924,43.24,66.64,360.19,,,,3,60:0.62 56:0.53 67:0.53,,,
140.1874,frame,4170,147.404247,46.7,33.32,373.51,512,384,BGR888p,,,,,
140.1875,detections,4170,147.404247,46.7,33.32,373.57,,,,1,56:0.72,,,
140.2368,frame,4172,147.47089,49.4,66.64,356.26,512,384,BGR888p,,,,,
140.2369,detections,4172,147.47089,49.4,66.64,356.32,,,,1,67:0.54,,,
140.2833,frame,4173,147.504213,46.49,33.32,369.42,512,384,BGR888p,,,,,
140.2834,detections,4173,147.504213,46.47,33.32,369.47,,,,1,56:0.72,,,
140.3307,frame,4174,147.537532,47.39,33.32,383.51,512,384,BGR888p,,,,,
140.3308,detections,4174,147.537532,47.41,33.32,383.56,,,,1,56:0.59,,,
140.3746,frame,4176,147.604177,43.83,66.64,360.7,512,384,BGR888p,,,,,
140.3746,detections,4176,147.604177,43.83,66.64,360.75,,,,2,56:0.76 24:0.55,,,
140.4216,frame,4177,147.6375,47.0,33.32,374.37,512,384,BGR888p,,,,,
140.4216,detections,4177,147.6375,47.0,33.32,374.43,,,,1,56:0.83,,,
140.4675,frame,4179,147.704142,45.94,66.64,353.67,512,384,BGR888p,,,,,
140.4676,detections,4179,147.704142,45.94,66.64,353.73,,,,1,56:0.85,,,
140.5154,frame,4180,147.737465,47.87,33.32,368.22,512,384,BGR888p,,,,,
140.5154,detections,4180,147.737465,47.88,33.32,368.28,,,,1,56:0.80,,,
140.5595,frame,4181,147.770785,44.1,33.32,379.03,512,384,BGR888p,,,,,
140.5596,detections,4181,147.770785,44.13,33.32,379.08,,,,2,56:0.82 67:0.53,,,
140.6058,frame,4183,147.837431,46.37,66.65,358.73,512,384,BGR888p,,,,,
140.6059,detections,4183,147.837431,46.34,66.65,358.78,,,,2,56:0.82 67:0.52,,,
140.6521,frame,4184,147.870753,46.27,33.32,371.68,512,384,BGR888p,,,,,
140.6522,detections,4184,147.870753,46.27,33.32,371.72,,,,1,56:0.81,,,
140.7002,frame,4186,147.937396,48.13,66.64,357.78,512,384,BGR888p,,,,,
140.7003,detections,4186,147.937396,48.17,66.64,357.83,,,,1,56:0.73,,,
140.7459,frame,4187,147.970722,45.69,33.33,370.16,512,384,BGR888p,,,,,
140.7461,detections,4187,147.970722,45.71,33.33,370.22,,,,1,56:0.75,,,
140.7927,frame,4189,148.037361,46.75,66.64,350.22,512,384,BGR888p,,,,,
140.7928,detections,4189,148.037361,46.7,66.64,350.28,,,,2,56:0.64 60:0.55,,,
140.8381,frame,4190,148.070684,45.44,33.32,362.34,512,384,BGR888p,,,,,
140.8382,detections,4190,148.070684,45.44,33.32,362.39,,,,1,56:0.60,,,
140.8853,frame,4191,148.10401,47.2,33.33,376.23,512,384,BGR888p,,,,,
140.8854,detections,4191,148.10401,47.22,33.33,376.28,,,,1,56:0.63,,,
140.9325,frame,4193,148.170649,47.2,66.64,356.77,512,384,BGR888p,,,,,
140.9331,detections,4193,148.170649,47.71,66.64,357.36,,,,2,56:0.82 60:0.52,,,
140.9792,frame,4194,148.203975,46.66,33.33,370.12,512,384,BGR888p,,,,,
140.9794,detections,4194,148.203975,46.26,33.33,370.28,,,,3,56:0.84 24:0.56 60:0.50,,,
141.0255,frame,4195,148.237293,46.34,33.32,383.13,512,384,BGR888p,,,,,
141.0256,detections,4195,148.237293,46.22,33.32,383.18,,,,3,56:0.86 67:0.51 62:0.51,,,
141.072,frame,4197,148.303937,46.53,66.64,363.02,512,384,BGR888p,,,,,
141.0721,detections,4197,148.303937,46.54,66.64,363.09,,,,4,56:0.85 24:0.57 60:0.56 67:0.51,,,
141.0722,system,0,,1022.51,,,,,,,,49.92,34.2,17.2
141.1182,frame,4198,148.337259,46.11,33.32,375.82,512,384,BGR888p,,,,,
141.1183,detections,4198,148.337259,46.16,33.32,375.94,,,,2,56:0.86 24:0.60,,,
141.1675,frame,4200,148.403902,49.33,66.64,358.56,512,384,BGR888p,,,,,
141.1677,detections,4200,148.403902,49.44,66.64,358.78,,,,2,56:0.76 24:0.55,,,
141.2131,frame,4201,148.437225,45.64,33.32,370.85,512,384,BGR888p,,,,,
141.2133,detections,4201,148.437225,45.53,33.32,370.93,,,,2,56:0.79 24:0.58,,,
141.2591,frame,4202,148.470545,45.93,33.32,383.41,512,384,BGR888p,,,,,
141.2591,detections,4202,148.470545,45.86,33.32,383.46,,,,1,0:0.59,,,
141.3049,frame,4204,148.53719,45.85,66.65,362.62,512,384,BGR888p,,,,,
141.305,detections,4204,148.53719,45.85,66.65,362.67,,,,0,,,,
141.3515,frame,4205,148.570512,46.61,33.32,375.9,512,384,BGR888p,,,,,
141.3516,detections,4205,148.570512,46.61,33.32,375.96,,,,0,,,,
141.3992,frame,4207,148.637155,47.69,66.64,356.94,512,384,BGR888p,,,,,
141.3993,detections,4207,148.637155,47.73,66.64,357.05,,,,0,,,,
141.4438,frame,4208,148.670478,44.58,33.32,368.22,512,384,BGR888p,,,,,
141.4439,detections,4208,148.670478,44.57,33.32,368.29,,,,0,,,,
141.4897,frame,4209,148.703799,45.94,33.32,380.82,512,384,BGR888p,,,,,
141.4898,detections,4209,148.703799,45.91,33.32,380.88,,,,0,,,,
141.5359,frame,4211,148.770443,46.21,66.64,360.43,512,384,BGR888p,,,,,
141.5361,detections,4211,148.770443,46.27,66.64,360.5,,,,0,,,,
141.5848,frame,4212,148.803766,48.86,33.32,375.93,512,384,BGR888p,,,,,
141.5849,detections,4212,148.803766,48.81,33.32,375.99,,,,0,,,,
141.6317,frame,4214,148.870408,46.94,66.64,356.22,512,384,BGR888p,,,,,
141.6318,detections,4214,148.870408,46.96,66.64,356.31,,,,1,56:0.59,,,
141.6794,frame,4215,148.903731,47.63,33.32,370.54,512,384,BGR888p,,,,,
141.6794,detections,4215,148.903731,47.6,33.32,370.59,,,,1,56:0.53,,,
141.7247,frame,4216,148.937051,45.3,33.32,382.52,512,384,BGR888p,,,,,
141.7247,detections,4216,148.937051,45.3,33.32,382.58,,,,0,,,,
141.7707,frame,4218,149.003696,46.03,66.64,361.88,512,384,BGR888p,,,,,
141.7707,detections,4218,149.003696,46.0,66.64,361.93,,,,1,39:0.55,,,
141.8172,frame,4219,149.037018,46.48,33.32,375.04,512,384,BGR888p,,,,,
141.8172,detections,4219,149.037018,46.48,33.32,375.09,,,,2,56:0.85 39:0.54,,,
141.8655,frame,4221,149.103662,48.31,66.64,356.72,512,384,BGR888p,,,,,
141.8655,detections,4221,149.103662,48.32,66.64,356.77,,,,7,56:0.81 39:0.79 39:0.66 62:0.59 67:0.58 39:0.58 41:0.51,,,
141.9136,frame,4222,149.136986,48.1,33.32,371.47,512,384,BGR888p,,,,,
141.9136,detections,4222,149.136986,48.08,33.32,371.52,,,,5,56:0.87 39:0.64 72:0.53 67:0.51 39:0.50,,,
141.9588,frame,4223,149.170306,45.19,33.32,383.34,512,384,BGR888p,,,,,
141.9588,detections,4223,149.170306,45.19,33.32,383.39,,,,2,56:0.84 39:0.72,,,
142.0052,frame,4225,149.23695,46.45,66.64,363.17,512,384,BGR888p,,,,,
142.0053,detections,4225,149.23695,46.53,66.64,363.27,,,,4,56:0.85 39:0.73 39:0.65 39:0.64,,,
142.0519,frame,4226,149.270273,46.71,33.32,376.55,512,384,BGR888p,,,,,
142.052,detections,4226,149.270273,46.65,33.32,376.6,,,,4,56:0.80 39:0.72 39:0.63 39:0.61,,,
142.052,system,0,,979.85,,,,,,,,49.14,34.8,16.8
142.1024,frame,4228,149.336915,50.49,66.64,360.4,512,384,BGR888p,,,,,
142.1025,detections,4228,149.336915,50.49,66.64,360.45,,,,3,56:0.90 39:0.78 39:0.66,,,
142.1477,frame,4229,149.370238,45.33,33.32,372.43,512,384,BGR888p,,,,,
142.1478,detections,4229,149.370238,45.36,33.32,372.49,,,,5,56:0.87 39:0.76 39:0.61 62:0.55 62:0.50,,,
142.1928,frame,4230,149.403559,45.09,33.32,384.19,512,384,BGR888p,,,,,
142.1929,detections,4230,149.403559,45.08,33.32,384.24,,,,4,56:0.88 39:0.78 39:0.58 62:0.50,,,
142.2392,frame,4232,149.470203,46.37,66.64,363.9,512,384,BGR888p,,,,,
142.2393,detections,4232,149.470203,46.36,66.64,363.96,,,,1,39:0.55,,,
142.2856,frame,4233,149.503526,46.4,33.32,376.97,512,384,BGR888p,,,,,
142.2857,detections,4233,149.503526,46.39,33.32,377.03,,,,2,56:0.62 39:0.61,,,
142.336,frame,4235,149.570168,50.43,66.64,360.76,512,384,BGR888p,,,,,
142.3361,detections,4235,149.570168,50.43,66.64,360.81,,,,3,56:0.87 39:0.69 39:0.65,,,
142.382,frame,4236,149.603491,45.98,33.32,373.43,512,384,BGR888p,,,,,
142.3821,detections,4236,149.603491,45.99,33.32,373.48,,,,3,56:0.87 39:0.72 39:0.58,,,
142.4292,frame,4237,149.636811,47.16,33.32,387.27,512,384,BGR888p,,,,,
142.4294,detections,4237,149.636811,47.35,33.32,387.53,,,,2,56:0.79 39:0.66,,,
142.4767,frame,4239,149.703457,47.54,66.65,368.16,512,384,BGR888p,,,,,
142.4768,detections,4239,149.703457,47.35,66.65,368.21,,,,3,39:0.61 39:0.55 56:0.51,,,
142.5225,frame,4240,149.736779,45.8,33.32,380.64,512,384,BGR888p,,,,,
142.5226,detections,4240,149.736779,45.8,33.32,380.69,,,,1,39:0.52,,,
142.5689,frame,4242,149.803421,46.4,66.64,360.38,512,384,BGR888p,,,,,
142.569,detections,4242,149.803421,46.38,66.64,360.43,,,,2,39:0.60 39:0.54,,,
142.6161,frame,4243,149.836744,47.25,33.32,374.29,512,384,BGR888p,,,,,
142.6162,detections,4243,149.836744,47.23,33.32,374.34,,,,1,39:0.65,,,
142.6638,frame,4244,149.870064,47.69,33.32,388.66,512,384,BGR888p,,,,,
142.6639,detections,4244,149.870064,47.73,33.32,388.75,,,,2,39:0.68 39:0.57,,,
142.7098,frame,4246,149.93671,46.01,66.65,368.04,512,384,BGR888p,,,,,
142.7099,detections,4246,149.93671,45.99,66.65,368.09,,,,1,39:0.60,,,
142.7564,frame,4247,149.970035,46.58,33.32,381.29,512,384,BGR888p,,,,,
142.7565,detections,4247,149.970035,46.58,33.32,381.35,,,,1,39:0.70,,,
142.8043,frame,4249,150.036675,47.85,66.64,362.5,512,384,BGR888p,,,,,
142.8044,detections,4249,150.036675,47.85,66.64,362.56,,,,1,39:0.56,,,
142.8518,frame,4250,150.069997,47.5,33.32,376.67,512,384,BGR888p,,,,,
142.8518,detections,4250,150.069997,47.49,33.32,376.73,,,,2,39:0.60 39:0.57,,,
142.9015,frame,4252,150.13664,49.73,66.64,359.76,512,384,BGR888p,,,,,
142.9016,detections,4252,150.13664,49.73,66.64,359.81,,,,2,39:0.56 63:0.50,,,
142.9476,frame,4253,150.169964,46.08,33.32,372.52,512,384,BGR888p,,,,,
142.9477,detections,4253,150.169964,46.1,33.32,372.6,,,,0,,,,
142.9923,frame,4254,150.203285,44.74,33.32,383.94,512,384,BGR888p,,,,,
142.9924,detections,4254,150.203285,44.73,33.32,384.0,,,,0,,,,
143.0384,frame,4256,150.269928,46.12,66.64,363.43,512,384,BGR888p,,,,,
143.0386,detections,4256,150.269928,46.17,66.64,363.53,,,,3,39:0.75 39:0.57 39:0.52,,,
143.0871,frame,4257,150.303251,48.69,33.32,378.79,512,384,BGR888p,,,,,
143.0872,detections,4257,150.303251,48.64,33.32,378.84,,,,2,39:0.78 39:0.70,,,
143.0873,system,0,,1035.24,,,,,,,,49.75,35.0,17.6
143.1341,frame,4259,150.369893,46.93,66.64,359.07,512,384,BGR888p,,,,,
143.1341,detections,4259,150.369893,46.93,66.64,359.13,,,,2,39:0.71 39:0.70,,,
143.1827,frame,4260,150.403216,48.6,33.32,374.35,512,384,BGR888p,,,,,
143.1827,detections,4260,150.403216,48.6,33.32,374.41,,,,1,39:0.75,,,
143.2283,frame,4261,150.436537,45.6,33.32,386.66,512,384,BGR888p,,,,,
143.2284,detections,4261,150.436537,45.65,33.32,386.73,,,,0,,,,
143.2738,frame,4263,150.503182,45.53,66.65,365.51,512,384,BGR888p,,,,,
143.2739,detections,4263,150.503182,45.48,66.65,365.57,,,,1,39:0.51,,,
143.321,frame,4264,150.536504,47.17,33.32,379.36,512,384,BGR888p,,,,,
143.321,detections,4264,150.536504,47.16,33.32,379.41,,,,0,,,,
143.3689,frame,4266,150.603147,47.94,66.64,360.65,512,384,BGR888p,,,,,
143.369,detections,4266,150.603147,47.94,66.64,360.71,,,,1,39:0.70,,,
143.4173,frame,4267,150.63647,48.42,33.32,375.75,512,384,BGR888p,,,,,
143.4174,detections,4267,150.63647,48.44,33.32,375.83,,,,3,39:0.76 39:0.60 39:0.52,,,
143.464,frame,4269,150.703112,46.74,66.64,355.84,512,384,BGR888p,,,,,
143.4641,detections,4269,150.703112,46.72,66.64,355.9,,,,3,39:0.66 65:0.65 39:0.61,,,
143.5091,frame,4270,150.736435,45.05,33.32,367.57,512,384,BGR888p,,,,,
143.5092,detections,4270,150.736435,45.05,33.32,367.63,,,,1,39:0.51,,,
143.5546,frame,4271,150.769765,45.5,33.33,379.74,512,384,BGR888p,,,,,
143.5547,detections,4271,150.769765,45.5,33.33,379.79,,,,0,,,,
143.6014,frame,4273,150.8364,46.8,66.63,359.88,512,384,BGR888p,,,,,
143.6015,detections,4273,150.8364,46.78,66.63,359.94,,,,1,64:0.50,,,
143.6496,frame,4274,150.869722,48.18,33.32,374.75,512,384,BGR888p,,,,,
143.6496,detections,4274,150.869722,48.19,33.32,374.81,,,,5,63:0.84 64:0.73 65:0.58 66:0.54 39:0.50,,,
143.6965,frame,4276,150.936365,46.96,66.64,355.08,512,384,BGR888p,,,,,
143.6972,detections,4276,150.936365,47.51,66.64,355.69,,,,3,63:0.83 64:0.75 65:0.56,,,
143.7446,frame,4277,150.969692,48.02,33.33,369.75,512,384,BGR888p,,,,,
143.7446,detections,4277,150.969692,47.46,33.33,369.81,,,,5,63:0.95 64:0.89 66:0.58 39:0.57 65:0.57,,,
143.7898,frame,4278,151.003008,45.27,33.32,381.71,512,384,BGR888p,,,,,
143.7899,detections,4278,151.003008,45.27,33.32,381.76,,,,6,63:0.94 64:0.90 39:0.71 66:0.64 65:0.57 39:0.54,,,
143.8359,frame,4280,151.069654,46.05,66.65,361.13,512,384,BGR888p,,,,,
143.836,detections,4280,151.069654,46.07,66.65,361.18,,,,5,63:0.95 64:0.88 39:0.67 65:0.67 62:0.60,,,
143.8824,frame,4281,151.102976,46.56,33.32,374.37,512,384,BGR888p,,,,,
143.8825,detections,4281,151.102976,46.58,33.32,374.43,,,,6,63:0.94 64:0.84 65:0.69 39:0.66 39:0.56 62:0.56,,,
143.9305,frame,4283,151.169618,48.09,66.64,355.83,512,384,BGR888p,,,,,
143.9319,detections,4283,151.169618,49.33,66.64,357.13,,,,7,63:0.95 64:0.86 39:0.74 65:0.61 66:0.54 62:0.51 41:0.50,,,
143.9795,frame,4284,151.202943,49.01,33.32,371.53,512,384,BGR888p,,,,,
143.9796,detections,4284,151.202943,47.79,33.32,371.59,,,,7,63:0.95 64:0.77 65:0.70 39:0.67 62:0.58 41:0.56 62:0.52,,,
144.0277,frame,4285,151.236262,48.11,33.32,386.31,512,384,BGR888p,,,,,
144.0277,detections,4285,151.236262,48.1,33.32,386.37,,,,7,63:0.96 64:0.85 39:0.83 39:0.68 39:0.64 65:0.63 62:0.59,,,
144.0728,frame,4287,151.302906,45.12,66.64,364.77,512,384,BGR888p,,,,,
144.0729,detections,4287,151.302906,45.16,66.64,364.88,,,,7,63:0.94 64:0.86 39:0.83 62:0.58 39:0.57 65:0.56 39:0.56,,,
144.073,system,0,,985.68,,,,,,,,49.98,33.5,16.5
144.1189,frame,4288,151.336229,46.11,33.32,377.56,512,384,BGR888p,,,,,
144.119,detections,4288,151.336229,46.05,33.32,377.61,,,,6,63:0.91 64:0.90 39:0.83 65:0.54 62:0.54 39:0.51,,,
144.167,frame,4290,151.402873,48.12,66.64,359.03,512,384,BGR888p,,,,,
144.1671,detections,4290,151.402873,48.12,66.64,359.09,,,,5,63:0.93 64:0.85 39:0.81 65:0.58 39:0.55,,,
144.2159,frame,4291,151.436194,48.88,33.32,374.59,512,384,BGR888p,,,,,
144.216,detections,4291,151.436194,48.87,33.32,374.64,,,,5,63:0.94 64:0.83 39:0.72 65:0.69 39:0.57,,,
144.2634,frame,4292,151.469515,47.49,33.32,388.76,512,384,BGR888p,,,,,
144.2634,detections,4292,151.469515,47.5,33.32,388.82,,,,7,63:0.95 64:0.83 65:0.77 39:0.76 39:0.65 41:0.57 63:0.53,,,
144.3116,frame,4294,151.53616,48.24,66.64,370.35,512,384,BGR888p,,,,,
144.3117,detections,4294,151.53616,48.24,66.64,370.41,,,,7,63:0.95 64:0.83 39:0.79 63:0.64 65:0.59 39:0.58 39:0.53,,,
144.3575,frame,4295,151.569483,45.92,33.32,382.95,512,384,BGR888p,,,,,
144.3576,detections,4295,151.569483,45.92,33.32,383.01,,,,5,63:0.92 64:0.74 39:0.68 63:0.64 65:0.61,,,
144.4034,frame,4297,151.636125,45.87,66.64,362.18,512,384,BGR888p,,,,,
144.4035,detections,4297,151.636125,45.87,66.64,362.24,,,,5,63:0.84 65:0.78 64:0.72 39:0.69 62:0.57,,,
144.4503,frame,4298,151.669448,46.88,33.32,375.75,512,384,BGR888p,,,,,
144.4504,detections,4298,151.669448,46.89,33.32,375.81,,,,3,63:0.91 65:0.87 63:0.69,,,
144.4994,frame,4300,151.73609,49.08,66.64,358.17,512,384,BGR888p,,,,,
144.4994,detections,4300,151.73609,49.07,66.64,358.23,,,,1,63:0.67,,,
144.5475,frame,4301,151.769413,48.12,33.32,372.97,512,384,BGR888p,,,,,
144.5476,detections,4301,151.769413,48.12,33.32,373.03,,,,1,39:0.61,,,
144.5954,frame,4302,151.802734,47.95,33.32,387.6,512,384,BGR888p,,,,,
144.5955,detections,4302,151.802734,47.95,33.32,387.66,,,,2,63:0.68 63:0.55,,,
144.6411,frame,4304,151.86938,45.71,66.65,366.69,512,384,BGR888p,,,,,
144.6413,detections,4304,151.86938,45.76,66.65,366.79,,,,2,63:0.54 62:0.54,,,
144.6874,frame,4305,151.902703,46.26,33.32,379.6,512,384,BGR888p,,,,,
144.6875,detections,4305,151.902703,46.2,33.32,379.65,,,,1,63:0.76,,,
144.7332,frame,4307,151.969344,45.82,66.64,358.77,512,384,BGR888p,,,,,
144.7333,detections,4307,151.969344,45.82,66.64,358.82,,,,1,63:0.68,,,
144.7814,frame,4308,152.002667,48.13,33.32,373.59,512,384,BGR888p,,,,,
144.7814,detections,4308,152.002667,48.15,33.32,373.65,,,,1,62:0.65,,,
144.8277,frame,4309,152.035988,46.38,33.32,386.64,512,384,BGR888p,,,,,
144.8285,detections,4309,152.035988,47.11,33.32,387.45,,,,2,63:0.81 63:0.52,,,
144.8752,frame,4311,152.102632,47.51,66.64,367.51,512,384,BGR888p,,,,,
144.8754,detections,4311,152.102632,46.9,66.64,367.71,,,,3,63:0.74 62:0.64 64:0.51,,,
144.9208,frame,4312,152.135953,45.53,33.32,379.73,512,384,BGR888p,,,,,
144.9209,detections,4312,152.135953,45.4,33.32,379.78,,,,2,62:0.65 63:0.61,,,
144.9681,frame,4314,152.202598,47.32,66.64,360.4,512,384,BGR888p,,,,,
144.9682,detections,4314,152.202598,47.32,66.64,360.45,,,,1,62:0.74,,,
145.0146,frame,4315,152.23592,46.55,33.32,373.63,512,384,BGR888p,,,,,
145.0147,detections,4315,152.23592,46.55,33.32,373.69,,,,1,62:0.65,,,
145.0629,frame,4317,152.302562,48.26,66.64,355.24,512,384,BGR888p,,,,,
145.063,detections,4317,152.302562,48.26,66.64,355.3,,,,2,63:0.75 63:0.71,,,
145.063,system,0,,990.06,,,,,,,,49.81,34.3,18.3
145.1089,frame,4318,152.335888,46.01,33.33,367.93,512,384,BGR888p,,,,,
145.1097,detections,4318,152.335888,46.77,33.33,368.75,,,,2,62:0.68 62:0.65,,,
145.155,frame,4319,152.36921,46.06,33.32,380.66,512,384,BGR888p,,,,,
145.1556,detections,4319,152.36921,45.85,33.32,381.28,,,,1,63:0.70,,,
145.2006,frame,4321,152.435851,45.65,66.64,359.67,512,384,BGR888p,,,,,
145.2011,detections,4321,152.435851,45.53,66.64,360.17,,,,2,62:0.63 62:0.61,,,
145.2486,frame,4322,152.469173,47.94,33.32,374.3,512,384,BGR888p,,,,,
145.2486,detections,4322,152.469173,47.51,33.32,374.35,,,,3,63:0.69 64:0.54 62:0.50,,,
145.2955,frame,4324,152.535816,46.93,66.64,354.57,512,384,BGR888p,,,,,
145.2962,detections,4324,152.535816,47.54,66.64,355.25,,,,2,63:0.63 63:0.61,,,
145.3417,frame,4325,152.569139,46.24,33.32,367.48,512,384,BGR888p,,,,,
145.3418,detections,4325,152.569139,45.61,33.32,367.53,,,,1,63:0.61,,,
145.3874,frame,4326,152.602459,45.69,33.32,379.85,512,384,BGR888p,,,,,
145.3875,detections,4326,152.602459,45.69,33.32,379.9,,,,1,63:0.55,,,
145.434,frame,4328,152.669105,46.63,66.65,359.85,512,384,BGR888p,,,,,
145.4341,detections,4328,152.669105,46.64,66.65,359.9,,,,1,63:0.57,,,
145.4811,frame,4329,152.702427,47.03,33.32,373.55,512,384,BGR888p,,,,,
145.4811,detections,4329,152.702427,47.02,33.32,373.6,,,,2,62:0.66 63:0.62,,,
145.53,frame,4331,152.769069,48.97,66.64,355.89,512,384,BGR888p,,,,,
145.5301,detections,4331,152.769069,48.99,66.64,355.95,,,,1,62:0.65,,,
145.5757,frame,4332,152.802392,45.63,33.32,368.2,512,384,BGR888p,,,,,
145.5758,detections,4332,152.802392,45.63,33.32,368.26,,,,1,63:0.64,,,
145.6218,frame,4333,152.835712,46.11,33.32,380.98,512,384,BGR888p,,,,,
145.6219,detections,4333,152.835712,46.1,33.32,381.04,,,,1,63:0.59,,,
145.6676,frame,4335,152.902358,45.85,66.65,360.17,512,384,BGR888p,,,,,
145.6677,detections,4335,152.902358,45.83,66.65,360.22,,,,2,63:0.96 63:0.52,,,
145.7139,frame,4336,152.93568,46.24,33.32,373.1,512,384,BGR888p,,,,,
145.714,detections,4336,152.93568,46.26,33.32,373.16,,,,1,63:0.91,,,
145.7616,frame,4338,153.002323,47.75,66.64,354.21,512,384,BGR888p,,,,,
145.7624,detections,4338,153.002323,48.45,66.64,354.97,,,,2,63:0.82 62:0.65,,,
145.8099,frame,4339,153.035646,48.25,33.32,369.14,512,384,BGR888p,,,,,
145.81,detections,4339,153.035646,47.56,33.32,369.19,,,,2,62:0.60 63:0.58,,,
145.8559,frame,4340,153.068965,46.06,33.32,381.87,512,384,BGR888p,,,,,
145.856,detections,4340,153.068965,46.05,33.32,381.93,,,,2,63:0.69 62:0.67,,,
145.9028,frame,4342,153.13561,46.89,66.65,362.12,512,384,BGR888p,,,,,
145.9029,detections,4342,153.13561,46.89,66.65,362.18,,,,3,62:0.83 63:0.83 63:0.62,,,
145.9479,frame,4343,153.168935,45.12,33.32,373.91,512,384,BGR888p,,,,,
145.948,detections,4343,153.168935,45.11,33.32,373.96,,,,3,62:0.71 63:0.62 63:0.57,,,
145.9961,frame,4345,153.235576,48.18,66.64,355.45,512,384,BGR888p,,,,,
145.9962,detections,4345,153.235576,48.19,66.64,355.51,,,,3,63:0.74 62:0.72 63:0.61,,,
146.043,frame,4346,153.268899,46.86,33.32,368.99,512,384,BGR888p,,,,,
146.0431,detections,4346,153.268899,46.86,33.32,369.05,,,,3,63:0.76 62:0.60 63:0.57,,,
146.0431,system,0,,980.1,,,,,,,,49.97,35.4,17.1
146.088,frame,4347,153.302219,45.06,33.32,380.72,512,384,BGR888p,,,,,
146.0881,detections,4347,153.302219,45.05,33.32,380.77,,,,3,63:0.86 63:0.75 62:0.71,,,
146.1344,frame,4349,153.368863,46.39,66.64,360.46,512,384,BGR888p,,,,,
146.1345,detections,4349,153.368863,46.43,66.64,360.57,,,,3,63:0.61 62:0.57 62:0.53,,,
146.1811,frame,4350,153.402186,46.67,33.32,373.82,512,384,BGR888p,,,,,
146.1812,detections,4350,153.402186,46.63,33.32,373.87,,,,3,73:0.59 62:0.57 63:0.56,,,
146.2287,frame,4352,153.468829,47.55,66.64,354.73,512,384,BGR888p,,,,,
146.2295,detections,4352,153.468829,48.31,66.64,355.55,,,,2,62:0.85 63:0.65,,,
146.2758,frame,4353,153.502152,47.18,33.32,368.59,512,384,BGR888p,,,,,
146.2759,detections,4353,153.502152,46.42,33.32,368.64,,,,2,62:0.87 63:0.80,,,
146.3216,frame,4354,153.535472,45.79,33.32,381.06,512,384,BGR888p,,,,,
146.3217,detections,4354,153.535472,45.79,33.32,381.12,,,,3,63:0.87 62:0.78 63:0.63,,,
146.3675,frame,4356,153.602118,45.91,66.65,360.32,512,384,BGR888p,,,,,
146.3676,detections,4356,153.602118,45.92,66.65,360.38,,,,3,63:0.84 62:0.82 63:0.78,,,
146.4137,frame,4357,153.635439,46.17,33.32,373.17,512,384,BGR888p,,,,,
146.4138,detections,4357,153.635439,46.16,33.32,373.23,,,,3,62:0.76 0:0.70 63:0.70,,,
146.4615,frame,4359,153.702082,47.83,66.64,354.35,512,384,BGR888p,,,,,
146.4623,detections,4359,153.702082,48.55,66.64,355.14,,,,3,0:0.68 63:0.63 63:0.55,,,
146.5097,frame,4360,153.735405,48.15,33.32,369.19,512,384,BGR888p,,,,,
146.5098,detections,4360,153.735405,47.43,33.32,369.24,,,,2,0:0.69 63:0.51,,,
146.5541,frame,4361,153.768725,44.39,33.32,380.32,512,384,BGR888p,,,,,
146.5543,detections,4361,153.768725,44.57,33.32,380.55,,,,3,62:0.72 0:0.59 63:0.51,,,
146.5998,frame,4363,153.83537,45.73,66.65,359.33,512,384,BGR888p,,,,,
146.5999,detections,4363,153.83537,45.54,66.65,359.39,,,,2,62:0.77 62:0.57,,,
146.6473,frame,4364,153.868692,47.53,33.32,373.54,512,384,BGR888p,,,,,
146.6474,detections,4364,153.868692,47.52,33.32,373.59,,,,1,62:0.70,,,
146.6957,frame,4366,153.935335,48.33,66.64,355.21,512,384,BGR888p,,,,,
146.6957,detections,4366,153.935335,48.31,66.64,355.26,,,,4,62:0.84 0:0.66 63:0.57 63:0.54,,,
146.7406,frame,4367,153.968658,44.97,33.32,366.87,512,384,BGR888p,,,,,
146.7407,detections,4367,153.968658,45.0,33.32,366.94,,,,4,62:0.80 63:0.65 0:0.53 62:0.51,,,
146.7868,frame,4368,154.001978,46.22,33.32,379.78,512,384,BGR888p,,,,,
146.7869,detections,4368,154.001978,46.22,33.32,379.84,,,,2,62:0.68 63:0.55,,,
146.8324,frame,4370,154.068623,45.53,66.64,358.66,512,384,BGR888p,,,,,
146.8325,detections,4370,154.068623,45.52,66.64,358.71,,,,2,62:0.58 62:0.58,,,
146.8798,frame,4371,154.101949,47.42,33.33,372.76,512,384,BGR888p,,,,,
146.8799,detections,4371,154.101949,47.44,33.33,372.82,,,,1,62:0.51,,,
146.9268,frame,4373,154.168588,47.0,66.64,353.11,512,384,BGR888p,,,,,
146.9276,detections,4373,154.168588,47.73,66.64,353.91,,,,1,62:0.69,,,
146.9731,frame,4374,154.201911,46.3,33.32,366.1,512,384,BGR888p,,,,,
146.9732,detections,4374,154.201911,45.57,33.32,366.15,,,,0,,,,
147.0193,frame,4375,154.235231,46.17,33.32,378.94,512,384,BGR888p,,,,,
147.0193,detections,4375,154.235231,46.16,33.32,378.99,,,,1,62:0.64,,,
147.0646,frame,4377,154.301878,45.32,66.65,357.61,512,384,BGR888p,,,,,
147.0647,detections,4377,154.301878,45.32,66.65,357.67,,,,1,62:0.72,,,
147.0647,system,0,,1021.58,,,,,,,,49.7,34.5,17.0
147.1135,frame,4378,154.335201,48.89,33.32,373.18,512,384,BGR888p,,,,,
147.1136,detections,4378,154.335201,48.9,33.32,373.24,,,,1,62:0.51,,,
147.16,frame,4380,154.401841,46.56,66.64,353.13,512,384,BGR888p,,,,,
147.1602,detections,4380,154.401841,46.67,66.64,353.27,,,,1,62:0.51,,,
147.206,frame,4381,154.435166,45.94,33.33,365.72,512,384,BGR888p,,,,,
147.2061,detections,4381,154.435166,45.84,33.33,365.78,,,,1,62:0.54,,,
147.2522,frame,4382,154.468485,46.25,33.32,378.65,512,384,BGR888p,,,,,
147.2523,detections,4382,154.468485,46.24,33.32,378.7,,,,0,,,,
147.2982,frame,4384,154.535131,45.96,66.65,357.96,512,384,BGR888p,,,,,
147.2983,detections,4384,154.535131,45.96,66.65,358.02,,,,0,,,,
147.3462,frame,4385,154.568452,48.05,33.32,372.69,512,384,BGR888p,,,,,
147.3463,detections,4385,154.568452,48.05,33.32,372.75,,,,1,62:0.52,,,
147.3934,frame,4387,154.635095,47.21,66.64,353.25,512,384,BGR888p,,,,,
147.3935,detections,4387,154.635095,47.2,66.64,353.31,,,,1,62:0.50,,,
147.4395,frame,4388,154.668418,46.01,33.32,365.94,512,384,BGR888p,,,,,
147.4395,detections,4388,154.668418,46.01,33.32,366.0,,,,0,,,,
147.4855,frame,4389,154.701738,46.02,33.32,378.63,512,384,BGR888p,,,,,
147.4855,detections,4389,154.701738,46.02,33.32,378.69,,,,0,,,,
147.5323,frame,4391,154.768383,46.86,66.64,358.85,512,384,BGR888p,,,,,
147.5324,detections,4391,154.768383,46.86,66.64,358.91,,,,0,,,,
147.5794,frame,4392,154.801705,47.1,33.32,372.61,512,384,BGR888p,,,,,
147.5795,detections,4392,154.801705,47.08,33.32,372.67,,,,0,,,,
147.6262,frame,4394,154.868348,46.78,66.64,352.8,512,384,BGR888p,,,,,
147.6263,detections,4394,154.868348,46.84,66.64,352.87,,,,1,62:0.53,,,
147.6725,frame,4395,154.901673,46.26,33.32,365.69,512,384,BGR888p,,,,,
147.6725,detections,4395,154.901673,46.21,33.32,365.75,,,,2,62:0.57 62:0.51,,,
147.7167,frame,4396,154.934991,44.23,33.32,376.61,512,384,BGR888p,,,,,
147.7168,detections,4396,154.934991,44.23,33.32,376.67,,,,3,62:0.71 62:0.68 62:0.54,,,
147.7641,frame,4398,155.001638,47.43,66.65,357.39,512,384,BGR888p,,,,,
147.7642,detections,4398,155.001638,47.43,66.65,357.45,,,,1,62:0.75,,,
147.8122,frame,4399,155.034959,48.1,33.32,372.21,512,384,BGR888p,,,,,
147.8123,detections,4399,155.034959,48.14,33.32,372.27,,,,1,62:0.56,,,
147.8582,frame,4401,155.101601,46.0,66.64,351.53,512,384,BGR888p,,,,,
147.8583,detections,4401,155.101601,45.97,66.64,351.59,,,,0,,,,
147.9054,frame,4402,155.134925,47.13,33.32,365.33,512,384,BGR888p,,,,,
147.9054,detections,4402,155.134925,47.11,33.32,365.38,,,,0,,,,
147.9508,frame,4403,155.168244,45.41,33.32,377.43,512,384,BGR888p,,,,,
147.9508,detections,4403,155.168244,45.43,33.32,377.49,,,,0,,,,
147.9973,frame,4405,155.234889,46.56,66.65,357.36,512,384,BGR888p,,,,,
147.9974,detections,4405,155.234889,46.58,66.65,357.42,,,,1,62:0.58,,,
148.0464,frame,4406,155.268212,49.03,33.32,373.05,512,384,BGR888p,,,,,
148.0464,detections,4406,155.268212,49.01,33.32,373.11,,,,1,62:0.68,,,
148.0465,system,0,,981.78,,,,,,,,50.25,35.0,16.9
148.0927,frame,4408,155.334854,46.38,66.64,352.79,512,384,BGR888p,,,,,
148.0941,detections,4408,155.334854,47.68,66.64,354.17,,,,0,,,,
148.1392,frame,4409,155.368178,46.49,33.32,365.96,512,384,BGR888p,,,,,
148.1393,detections,4409,155.368178,45.2,33.32,366.02,,,,0,,,,
148.1846,frame,4410,155.401499,45.39,33.32,378.05,512,384,BGR888p,,,,,
148.1848,detections,4410,155.401499,45.53,33.32,378.24,,,,0,,,,
148.2315,frame,4412,155.468142,46.9,66.64,358.28,512,384,BGR888p,,,,,
148.2316,detections,4412,155.468142,46.75,66.64,358.34,,,,0,,,,
148.2786,frame,4413,155.501464,47.08,33.32,372.03,512,384,BGR888p,,,,,
148.2787,detections,4413,155.501464,47.07,33.32,372.08,,,,0,,,,
148.3269,frame,4415,155.568107,48.27,66.64,353.66,512,384,BGR888p,,,,,
148.3269,detections,4415,155.568107,48.28,66.64,353.71,,,,0,,,,
148.372,frame,4416,155.601432,45.1,33.32,365.44,512,384,BGR888p,,,,,
148.372,detections,4416,155.601432,45.11,33.32,365.5,,,,0,,,,
148.4177,frame,4417,155.634751,45.75,33.32,377.86,512,384,BGR888p,,,,,
148.4178,detections,4417,155.634751,45.73,33.32,377.92,,,,1,41:0.59,,,
148.4629,frame,4419,155.701396,45.2,66.64,356.43,512,384,BGR888p,,,,,
148.463,detections,4419,155.701396,45.22,66.64,356.48,,,,2,63:0.68 64:0.62,,,
148.5118,frame,4420,155.734718,48.89,33.32,372.0,512,384,BGR888p,,,,,
148.5119,detections,4420,155.734718,48.89,33.32,372.06,,,,5,63:0.66 41:0.65 64:0.62 56:0.58 62:0.56,,,
148.5591,frame,4422,155.801361,47.28,66.64,352.63,512,384,BGR888p,,,,,
148.5592,detections,4422,155.801361,47.28,66.64,352.69,,,,4,41:0.78 64:0.63 62:0.62 56:0.51,,,
148.6053,frame,4423,155.834685,46.18,33.32,369.39,512,384,BGR888p,,,,,
148.6061,detections,4423,155.834685,46.9,33.32,370.14,,,,5,41:0.77 64:0.74 62:0.63 56:0.57 73:0.54,,,
148.6515,frame,4424,155.868004,46.25,33.32,382.29,512,384,BGR888p,,,,,
148.6516,detections,4424,155.868004,45.54,33.32,382.35,,,,3,41:0.77 62:0.62 64:0.61,,,
148.6986,frame,4426,155.93465,47.06,66.65,362.7,512,384,BGR888p,,,,,
148.6986,detections,4426,155.93465,47.05,66.65,362.75,,,,4,56:0.74 41:0.56 62:0.55 56:0.51,,,
148.7455,frame,4427,155.967972,46.87,33.32,376.26,512,384,BGR888p,,,,,
148.7455,detections,4427,155.967972,46.88,33.32,376.31,,,,3,62:0.64 63:0.58 41:0.51,,,
148.7939,frame,4429,156.034614,48.45,66.64,358.06,512,384,BGR888p,,,,,
148.794,detections,4429,156.034614,48.45,66.64,358.12,,,,3,62:0.63 56:0.54 56:0.54,,,
148.8414,frame,4430,156.067938,47.48,33.32,372.21,512,384,BGR888p,,,,,
148.8414,detections,4430,156.067938,47.46,33.32,372.26,,,,5,62:0.68 63:0.62 62:0.61 56:0.58 64:0.51,,,
148.8871,frame,4431,156.101258,45.77,33.32,384.65,512,384,BGR888p,,,,,
148.8872,detections,4431,156.101258,45.76,33.32,384.7,,,,5,62:0.65 63:0.62 41:0.59 62:0.56 73:0.52,,,
148.9343,frame,4433,156.167902,47.2,66.64,365.22,512,384,BGR888p,,,,,
148.9344,detections,4433,156.167902,47.23,66.64,365.28,,,,4,63:0.63 56:0.59 64:0.54 66:0.50,,,
148.9806,frame,4434,156.201225,46.27,33.32,378.17,512,384,BGR888p,,,,,
148.9807,detections,4434,156.201225,46.27,33.32,378.23,,,,1,63:0.54,,,
149.0297,frame,4436,156.267867,49.09,66.64,360.62,512,384,BGR888p,,,,,
149.0298,detections,4436,156.267867,49.08,66.64,360.67,,,,3,64:0.76 62:0.67 56:0.66,,,
149.0768,frame,4437,156.30119,47.06,33.32,374.36,512,384,BGR888p,,,,,
149.0768,detections,4437,156.30119,47.06,33.32,374.41,,,,3,64:0.75 62:0.68 63:0.61,,,
149.0769,system,0,,1030.41,,,,,,,,49.97,34.0,16.5
149.1234,frame,4438,156.33451,46.62,33.32,387.66,512,384,BGR888p,,,,,
149.1235,detections,4438,156.33451,46.62,33.32,387.71,,,,3,63:0.71 64:0.70 62:0.70,,,
149.1706,frame,4440,156.401155,47.18,66.64,368.2,512,384,BGR888p,,,,,
149.1707,detections,4440,156.401155,47.19,66.64,368.26,,,,2,64:0.71 63:0.60,,,
149.216,frame,4441,156.434478,45.44,33.32,380.31,512,384,BGR888p,,,,,
149.2161,detections,4441,156.434478,45.48,33.32,380.45,,,,4,64:0.75 62:0.62 63:0.56 41:0.52,,,
149.2642,frame,4443,156.501121,48.15,66.64,361.82,512,384,BGR888p,,,,,
149.2642,detections,4443,156.501121,48.11,66.64,361.88,,,,3,64:0.72 56:0.72 63:0.67,,,
149.3114,frame,4444,156.534443,47.24,33.32,375.72,512,384,BGR888p,,,,,
149.3115,detections,4444,156.534443,47.22,33.32,375.78,,,,2,64:0.69 62:0.52,,,
149.3603,frame,4445,156.567763,48.93,33.32,391.36,512,384,BGR888p,,,,,
149.3604,detections,4445,156.567763,48.96,33.32,391.41,,,,4,62:0.62 56:0.60 64:0.60 63:0.52,,,
149.4061,frame,4447,156.634409,45.79,66.65,370.5,512,384,BGR888p,,,,,
149.4062,detections,4447,156.634409,45.78,66.65,370.55,,,,6,62:0.66 56:0.66 64:0.60 63:0.60 62:0.51 73:0.51,,,
149.4519,frame,4448,156.667731,45.76,33.32,382.92,512,384,BGR888p,,,,,
149.4519,detections,4448,156.667731,45.74,33.32,382.97,,,,4,62:0.81 56:0.75 64:0.62 63:0.60,,,
149.4974,frame,4450,156.734374,45.56,66.64,361.85,512,384,BGR888p,,,,,
149.4975,detections,4450,156.734374,45.58,66.64,361.9,,,,3,56:0.67 62:0.58 64:0.57,,,
149.5453,frame,4451,156.767697,47.84,33.32,376.36,512,384,BGR888p,,,,,
149.5454,detections,4451,156.767697,47.84,33.32,376.42,,,,4,56:0.81 62:0.68 64:0.62 63:0.59,,,
149.5942,frame,4453,156.834339,48.95,66.64,358.71,512,384,BGR888p,,,,,
149.5943,detections,4453,156.834339,48.99,66.64,358.76,,,,5,62:0.80 64:0.63 56:0.63 63:0.57 64:0.54,,,
149.64,frame,4454,156.867662,45.79,33.32,371.14,512,384,BGR888p,,,,,
149.6401,detections,4454,156.867662,45.75,33.32,371.19,,,,3,63:0.81 64:0.64 62:0.62,,,
149.6844,frame,4455,156.900983,44.35,33.32,382.16,512,384,BGR888p,,,,,
149.6844,detections,4455,156.900983,44.33,33.32,382.21,,,,4,64:0.75 62:0.72 63:0.63 56:0.53,,,
149.7314,frame,4457,156.967628,47.02,66.64,362.54,512,384,BGR888p,,,,,
149.7315,detections,4457,156.967628,47.04,66.64,362.6,,,,2,64:0.65 62:0.60,,,
149.7804,frame,4458,157.000951,48.97,33.32,378.19,512,384,BGR888p,,,,,
149.7804,detections,4458,157.000951,48.97,33.32,378.25,,,,1,64:0.62,,,
149.83,frame,4460,157.067592,49.59,66.64,361.17,512,384,BGR888p,,,,,
149.8301,detections,4460,157.067592,49.62,66.64,361.22,,,,1,64:0.55,,,
149.8773,frame,4461,157.100917,47.33,33.33,375.13,512,384,BGR888p,,,,,
149.8774,detections,4461,157.100917,47.3,33.33,375.19,,,,3,63:0.63 66:0.54 56:0.52,,,
149.923,frame,4462,157.134236,45.69,33.32,387.5,512,384,BGR888p,,,,,
149.923,detections,4462,157.134236,45.68,33.32,387.55,,,,2,63:0.68 56:0.54,,,
149.97,frame,4464,157.200882,47.06,66.65,367.92,512,384,BGR888p,,,,,
149.9702,detections,4464,157.200882,47.21,66.65,368.12,,,,3,63:0.67 56:0.63 56:0.52,,,
150.0161,frame,4465,157.234203,46.09,33.32,380.73,512,384,BGR888p,,,,,
150.0162,detections,4465,157.234203,46.0,33.32,380.8,,,,4,56:0.68 66:0.67 63:0.61 64:0.57,,,
150.0623,frame,4467,157.300846,46.14,66.64,360.23,512,384,BGR888p,,,,,
150.0624,detections,4467,157.300846,46.14,66.64,360.29,,,,1,56:0.63,,,
150.0624,system,0,,985.53,,,,,,,,49.92,33.9,17.4
150.1105,frame,4468,157.334168,48.22,33.32,375.1,512,384,BGR888p,,,,,
150.1106,detections,4468,157.334168,48.21,33.32,375.19,,,,0,,,,
150.157,frame,4469,157.367489,46.46,33.32,388.25,512,384,BGR888p,,,,,
150.1571,detections,4469,157.367489,46.46,33.32,388.32,,,,0,,,,
150.2042,frame,4471,157.434136,47.27,66.65,368.89,512,384,BGR888p,,,,,
150.2043,detections,4471,157.434136,47.28,66.65,368.95,,,,2,62:0.56 63:0.55,,,
150.2501,frame,4472,157.467458,45.89,33.32,381.45,512,384,BGR888p,,,,,
150.2503,detections,4472,157.467458,45.93,33.32,381.57,,,,3,66:0.75 63:0.67 62:0.59,,,
150.2963,frame,4474,157.534099,46.15,66.64,360.97,512,384,BGR888p,,,,,
150.2964,detections,4474,157.534099,46.1,66.64,361.02,,,,2,62:0.60 73:0.52,,,
150.3443,frame,4475,157.567423,48.03,33.32,375.66,512,384,BGR888p,,,,,
150.3444,detections,4475,157.567423,48.02,33.32,375.72,,,,1,63:0.51,,,
150.3922,frame,4477,157.634064,47.9,66.64,356.92,512,384,BGR888p,,,,,
150.3923,detections,4477,157.634064,47.91,66.64,356.98,,,,0,,,,
150.4383,frame,4478,157.667388,46.13,33.32,369.73,512,384,BGR888p,,,,,
150.4384,detections,4478,157.667388,46.13,33.32,369.79,,,,2,62:0.59 73:0.55,,,
150.4829,frame,4479,157.700708,44.57,33.32,380.97,512,384,BGR888p,,,,,
150.483,detections,4479,157.700708,44.55,33.32,381.02,,,,1,62:0.52,,,
150.5289,frame,4481,157.767354,46.01,66.65,360.33,512,384,BGR888p,,,,,
150.529,detections,4481,157.767354,46.01,66.65,360.38,,,,1,41:0.71,,,
150.5773,frame,4482,157.800676,48.35,33.32,375.36,512,384,BGR888p,,,,,
150.5773,detections,4482,157.800676,48.35,33.32,375.42,,,,3,73:0.53 64:0.53 41:0.53,,,
150.6241,frame,4484,157.867319,46.87,66.64,355.58,512,384,BGR888p,,,,,
150.6242,detections,4484,157.867319,46.87,66.64,355.64,,,,2,62:0.59 41:0.53,,,
150.671,frame,4485,157.900642,46.91,33.32,369.17,512,384,BGR888p,,,,,
150.6711,detections,4485,157.900642,46.91,33.32,369.23,,,,2,62:0.68 41:0.64,,,
150.7164,frame,4486,157.933961,45.41,33.32,381.26,512,384,BGR888p,,,,,
150.7165,detections,4486,157.933961,45.41,33.32,381.32,,,,2,41:0.60 62:0.58,,,
150.7638,frame,4488,158.000605,47.39,66.64,362.0,512,384,BGR888p,,,,,
150.7639,detections,4488,158.000605,47.39,66.64,362.06,,,,4,41:0.58 56:0.51 64:0.51 62:0.50,,,
150.8114,frame,4489,158.033928,47.56,33.32,376.26,512,384,BGR888p,,,,,
150.8115,detections,4489,158.033928,47.58,33.32,376.31,,,,2,41:0.56 62:0.53,,,
150.8583,frame,4491,158.100571,46.92,66.64,356.52,512,384,BGR888p,,,,,
150.859,detections,4491,158.100571,47.55,66.64,357.22,,,,1,56:0.54,,,
150.9071,frame,4492,158.133894,48.8,33.32,372.01,512,384,BGR888p,,,,,
150.9072,detections,4492,158.133894,48.17,33.32,372.07,,,,3,41:0.51 64:0.51 56:0.50,,,
150.9532,frame,4493,158.167214,46.05,33.32,384.74,512,384,BGR888p,,,,,
150.9559,detections,4493,158.167214,48.72,33.32,387.49,,,,0,,,,
150.9988,frame,4495,158.233859,45.62,66.64,363.7,512,384,BGR888p,,,,,
150.9989,detections,4495,158.233859,42.93,66.64,363.76,,,,1,56:0.51,,,
151.0456,frame,4496,158.267182,46.79,33.32,377.18,512,384,BGR888p,,,,,
151.0457,detections,4496,158.267182,46.8,33.32,377.23,,,,2,56:0.73 62:0.56,,,
151.0945,frame,4498,158.333824,48.91,66.64,359.45,512,384,BGR888p,,,,,
151.0946,detections,4498,158.333824,48.91,66.64,359.5,,,,1,56:0.66,,,
151.0946,system,0,,1032.18,,,,,,,,50.09,34.7,17.1
151.143,frame,4499,158.367147,48.52,33.32,374.66,512,384,BGR888p,,,,,
151.1431,detections,4499,158.367147,48.54,33.32,374.71,,,,1,56:0.51,,,
151.1885,frame,4500,158.400468,45.49,33.32,386.81,512,384,BGR888p,,,,,
151.1886,detections,4500,158.400468,45.47,33.32,386.86,,,,1,62:0.70,,,
151.2338,frame,4502,158.467112,45.3,66.64,365.46,512,384,BGR888p,,,,,
151.234,detections,4502,158.467112,45.42,66.64,365.65,,,,2,62:0.63 59:0.56,,,
151.2797,frame,4503,158.500435,45.89,33.32,378.04,512,384,BGR888p,,,,,
151.2798,detections,4503,158.500435,45.83,33.32,378.15,,,,1,59:0.56,,,
151.3259,frame,4505,158.567078,46.19,66.64,357.58,512,384,BGR888p,,,,,
151.326,detections,4505,158.567078,46.14,66.64,357.64,,,,2,62:0.84 64:0.54,,,
151.3726,frame,4506,158.6004,46.7,33.32,370.96,512,384,BGR888p,,,,,
151.3727,detections,4506,158.6004,46.7,33.32,371.02,,,,1,62:0.88,,,
151.4183,frame,4507,158.63372,45.7,33.32,383.36,512,384,BGR888p,,,,,
151.4184,detections,4507,158.63372,45.71,33.32,383.41,,,,3,62:0.78 64:0.60 64:0.51,,,
151.4645,frame,4509,158.700367,46.2,66.65,362.9,512,384,BGR888p,,,,,
151.4646,detections,4509,158.700367,46.19,66.65,362.96,,,,3,62:0.53 64:0.51 64:0.51,,,
151.5113,frame,4510,158.733689,46.79,33.32,376.37,512,384,BGR888p,,,,,
151.5114,detections,4510,158.733689,46.79,33.32,376.42,,,,3,62:0.74 63:0.71 64:0.61,,,
151.5595,frame,4512,158.800331,48.25,66.64,357.98,512,384,BGR888p,,,,,
151.5596,detections,4512,158.800331,48.26,66.64,358.04,,,,5,63:0.81 62:0.77 64:0.73 64:0.61 62:0.52,,,
151.608,frame,4513,158.833653,48.46,33.32,373.13,512,384,BGR888p,,,,,
151.6081,detections,4513,158.833653,48.47,33.32,373.19,,,,3,63:0.83 62:0.57 64:0.55,,,
151.6517,frame,4515,158.900296,43.7,66.64,350.18,512,384,BGR888p,,,,,
151.6518,detections,4515,158.900296,43.68,66.64,350.23,,,,4,63:0.95 41:0.75 63:0.55 64:0.54,,,
151.6986,frame,4516,158.933619,46.93,33.32,363.81,512,384,BGR888p,,,,,
151.6987,detections,4516,158.933619,46.96,33.32,363.87,,,,4,63:0.97 64:0.73 63:0.67 41:0.59,,,
151.745,frame,4517,158.966943,46.34,33.32,376.8,512,384,BGR888p,,,,,
151.745,detections,4517,158.966943,46.31,33.32,376.85,,,,4,63:0.97 41:0.66 64:0.55 64:0.52,,,
151.7934,frame,4519,159.033584,48.4,66.64,358.58,512,384,BGR888p,,,,,
151.7939,detections,4519,159.033584,48.89,66.64,359.11,,,,5,63:0.97 64:0.68 64:0.64 62:0.53 41:0.51,,,
151.8419,frame,4520,159.066908,48.53,33.32,373.76,512,384,BGR888p,,,,,
151.842,detections,4520,159.066908,48.03,33.32,373.82,,,,3,63:0.96 64:0.58 63:0.51,,,
151.8858,frame,4521,159.100227,43.86,33.32,384.3,512,384,BGR888p,,,,,
151.8877,detections,4521,159.100227,45.73,33.32,386.23,,,,5,62:0.72 63:0.59 64:0.57 64:0.52 62:0.51,,,
151.9326,frame,4523,159.166872,46.8,66.65,364.46,512,384,BGR888p,,,,,
151.9326,detections,4523,159.166872,44.94,66.65,364.51,,,,2,63:0.96 41:0.70,,,
151.9798,frame,4524,159.200195,47.27,33.32,378.4,512,384,BGR888p,,,,,
151.9799,detections,4524,159.200195,47.27,33.32,378.46,,,,1,63:0.97,,,
152.028,frame,4526,159.266837,48.19,66.64,359.95,512,384,BGR888p,,,,,
152.0281,detections,4526,159.266837,48.18,66.64,360.0,,,,3,63:0.97 41:0.59 64:0.52,,,
152.0761,frame,4527,159.300161,48.03,33.32,374.67,512,384,BGR888p,,,,,
152.0761,detections,4527,159.300161,48.05,33.32,374.73,,,,2,63:0.97 41:0.69,,,
152.0762,system,0,,981.58,,,,,,,,50.09,33.8,16.6
152.1245,frame,4528,159.33348,48.4,33.32,389.75,512,384,BGR888p,,,,,
152.1245,detections,4528,159.33348,48.4,33.32,389.81,,,,5,63:0.95 41:0.68 62:0.55 64:0.53 66:0.53,,,
152.1698,frame,4530,159.400126,45.32,66.65,368.42,512,384,BGR888p,,,,,
152.1698,detections,4530,159.400126,45.3,66.65,368.46,,,,2,63:0.96 41:0.56,,,
152.215,frame,4531,159.433455,45.19,33.33,380.29,512,384,BGR888p,,,,,
152.215,detections,4531,159.433455,45.2,33.33,380.34,,,,2,63:0.96 41:0.62,,,
152.2609,frame,4533,159.50009,45.96,66.63,359.6,512,384,BGR888p,,,,,
152.261,detections,4533,159.50009,45.95,66.63,359.65,,,,3,63:0.96 41:0.68 64:0.51,,,
152.3093,frame,4534,159.533413,48.32,33.32,374.61,512,384,BGR888p,,,,,
152.3094,detections,4534,159.533413,48.39,33.32,374.73,,,,3,63:0.83 41:0.57 64:0.57,,,
152.3561,frame,4536,159.600056,46.88,66.64,354.85,512,384,BGR888p,,,,,
152.3573,detections,4536,159.600056,47.91,66.64,356.03,,,,3,63:0.86 64:0.64 41:0.63,,,
152.4021,frame,4537,159.63338,45.97,33.32,367.52,512,384,BGR888p,,,,,
152.4022,detections,4537,159.63338,44.92,33.32,367.59,,,,1,63:0.70,,,
152.4479,frame,4538,159.666699,45.81,33.32,379.99,512,384,BGR888p,,,,,
152.448,detections,4538,159.666699,45.78,33.32,380.05,,,,1,63:0.65,,,
152.4939,frame,4540,159.733344,45.95,66.64,359.29,512,384,BGR888p,,,,,
152.4939,detections,4540,159.733344,45.95,66.64,359.35,,,,2,63:0.69 41:0.53,,,
152.5424,frame,4541,159.766666,48.5,33.32,374.48,512,384,BGR888p,,,,,
152.5425,detections,4541,159.766666,48.51,33.32,374.54,,,,2,63:0.71 64:0.66,,,
152.5891,frame,4543,159.833309,46.7,66.64,354.52,512,384,BGR888p,,,,,
152.5898,detections,4543,159.833309,47.33,66.64,355.23,,,,1,63:0.55,,,
152.6351,frame,4544,159.866634,46.03,33.32,367.23,512,384,BGR888p,,,,,
152.6352,detections,4544,159.866634,45.39,33.32,367.29,,,,1,63:0.78,,,
152.6809,frame,4545,159.899952,45.8,33.32,379.71,512,384,BGR888p,,,,,
152.681,detections,4545,159.899952,45.8,33.32,379.77,,,,1,63:0.73,,,
152.729,frame,4547,159.966598,48.1,66.65,361.17,512,384,BGR888p,,,,,
152.7291,detections,4547,159.966598,48.1,66.65,361.22,,,,0,,,,
152.7759,frame,4548,159.999922,46.92,33.32,374.76,512,384,BGR888p,,,,,
152.7763,detections,4548,159.999922,47.24,33.32,375.16,,,,1,63:0.62,,,
152.8231,frame,4550,160.066562,47.15,66.64,355.27,512,384,BGR888p,,,,,
152.8237,detections,4550,160.066562,47.39,66.64,355.89,,,,1,62:0.61,,,
152.869,frame,4551,160.099889,45.93,33.33,367.87,512,384,BGR888p,,,,,
152.8691,detections,4551,160.099889,45.37,33.33,367.93,,,,1,63:0.74,,,
152.9154,frame,4552,160.133206,46.39,33.32,380.95,512,384,BGR888p,,,,,
152.9155,detections,4552,160.133206,46.39,33.32,381.0,,,,1,62:0.62,,,
152.9605,frame,4554,160.19985,45.13,66.64,359.44,512,384,BGR888p,,,,,
152.9606,detections,4554,160.19985,45.14,66.64,359.5,,,,2,63:0.72 62:0.54,,,
153.0083,frame,4555,160.233176,47.75,33.33,373.85,512,384,BGR888p,,,,,
153.0083,detections,4555,160.233176,47.73,33.33,373.9,,,,1,62:0.62,,,
153.0563,frame,4557,160.299815,48.0,66.64,355.21,512,384,BGR888p,,,,,
153.0571,detections,4557,160.299815,48.73,66.64,356.0,,,,2,62:0.58 63:0.56,,,
153.0571,system,0,,980.93,,,,,,,,50.09,34.6,17.3
153.1024,frame,4558,160.333138,46.13,33.32,368.01,512,384,BGR888p,,,,,
153.1031,detections,4558,160.333138,46.01,33.32,368.69,,,,1,63:0.70,,,
153.1475,frame,4559,160.366459,45.16,33.32,379.86,512,384,BGR888p,,,,,
153.1476,detections,4559,160.366459,44.55,33.32,379.91,,,,2,63:0.72 62:0.55,,,
153.1926,frame,4561,160.433103,45.03,66.64,358.25,512,384,BGR888p,,,,,
153.1927,detections,4561,160.433103,45.04,66.64,358.31,,,,2,62:0.61 62:0.55,,,
153.2418,frame,4562,160.466434,49.18,33.33,374.1,512,384,BGR888p,,,,,
153.2418,detections,4562,160.466434,49.18,33.33,374.16,,,,1,62:0.61,,,
153.2897,frame,4564,160.533069,47.98,66.64,355.44,512,384,BGR888p,,,,,
153.2898,detections,4564,160.533069,47.98,66.64,355.5,,,,2,63:0.63 62:0.53,,,
153.3348,frame,4565,160.566393,45.01,33.32,367.13,512,384,BGR888p,,,,,
153.3349,detections,4565,160.566393,45.07,33.32,367.26,,,,2,62:0.68 63:0.58,,,
153.3804,frame,4566,160.599712,45.68,33.32,379.5,512,384,BGR888p,,,,,
153.3805,detections,4566,160.599712,45.63,33.32,379.56,,,,2,62:0.63 63:0.57,,,
153.4266,frame,4568,160.666357,46.2,66.64,359.05,512,384,BGR888p,,,,,
153.4267,detections,4568,160.666357,46.2,66.64,359.11,,,,1,63:0.56,,,
153.4748,frame,4569,160.699679,48.12,33.32,373.85,512,384,BGR888p,,,,,
153.4748,detections,4569,160.699679,48.12,33.32,373.91,,,,1,62:0.56,,,
153.52,frame,4571,160.766322,45.22,66.64,352.42,512,384,BGR888p,,,,,
153.52,detections,4571,160.766322,45.21,66.64,352.47,,,,2,72:0.64 62:0.56,,,
153.5646,frame,4572,160.799645,44.62,33.32,363.73,512,384,BGR888p,,,,,
153.5647,detections,4572,160.799645,44.63,33.32,363.79,,,,0,,,,
153.6115,frame,4573,160.832965,46.87,33.32,377.28,512,384,BGR888p,,,,,
153.6115,detections,4573,160.832965,46.88,33.32,377.34,,,,1,72:0.51,,,
153.6576,frame,4575,160.89961,46.13,66.64,356.76,512,384,BGR888p,,,,,
153.6577,detections,4575,160.89961,46.13,66.64,356.82,,,,2,62:0.63 64:0.54,,,
153.7061,frame,4576,160.932933,48.48,33.32,371.95,512,384,BGR888p,,,,,
153.7062,detections,4576,160.932933,48.52,33.32,372.02,,,,1,68:0.56,,,
153.7531,frame,4578,160.999575,47.06,66.64,352.34,512,384,BGR888p,,,,,
153.7532,detections,4578,160.999575,47.03,66.64,352.4,,,,3,63:0.69 0:0.64 64:0.50,,,
153.7987,frame,4579,161.0329,45.52,33.33,364.54,512,384,BGR888p,,,,,
153.7987,detections,4579,161.0329,45.52,33.33,364.59,,,,2,63:0.90 64:0.58,,,
153.8465,frame,4580,161.066219,47.79,33.32,379.01,512,384,BGR888p,,,,,
153.8465,detections,4580,161.066219,47.79,33.32,379.06,,,,2,63:0.90 64:0.51,,,
153.8941,frame,4582,161.132863,47.69,66.64,360.06,512,384,BGR888p,,,,,
153.8942,detections,4582,161.132863,47.69,66.64,360.11,,,,2,63:0.92 64:0.52,,,
153.9415,frame,4583,161.166186,47.38,33.32,374.12,512,384,BGR888p,,,,,
153.9416,detections,4583,161.166186,47.39,33.32,374.18,,,,1,63:0.93,,,
153.9889,frame,4585,161.232828,47.4,66.64,354.88,512,384,BGR888p,,,,,
153.9899,detections,4585,161.232828,48.24,66.64,355.79,,,,1,63:0.93,,,
154.0344,frame,4586,161.266152,45.52,33.32,367.06,512,384,BGR888p,,,,,
154.0346,detections,4586,161.266152,44.75,33.32,367.21,,,,1,63:0.91,,,
154.0797,frame,4587,161.299473,45.23,33.32,378.97,512,384,BGR888p,,,,,
154.0797,detections,4587,161.299473,45.14,33.32,379.01,,,,1,63:0.93,,,
154.0798,system,0,,1022.66,,,,,,,,49.53,34.7,17.0
154.1282,frame,4589,161.366116,48.49,66.64,360.82,512,384,BGR888p,,,,,
154.1282,detections,4589,161.366116,48.5,66.64,360.88,,,,1,63:0.90,,,
154.1741,frame,4590,161.399438,45.94,33.32,373.44,512,384,BGR888p,,,,,
154.1742,detections,4590,161.399438,45.95,33.32,373.5,,,,2,63:0.92 62:0.54,,,
154.2218,frame,4592,161.466081,47.71,66.64,354.52,512,384,BGR888p,,,,,
154.2219,detections,4592,161.466081,47.71,66.64,354.57,,,,1,63:0.89,,,
154.2683,frame,4593,161.499405,46.5,33.32,367.71,512,384,BGR888p,,,,,
154.2684,detections,4593,161.499405,46.52,33.32,367.76,,,,3,63:0.80 62:0.56 62:0.54,,,
154.3146,frame,4594,161.532725,46.27,33.32,380.64,512,384,BGR888p,,,,,
154.3147,detections,4594,161.532725,46.26,33.32,380.7,,,,1,62:0.72,,,
154.3602,frame,4596,161.59937,45.61,66.64,359.6,512,384,BGR888p,,,,,
154.3603,detections,4596,161.59937,45.65,66.64,359.71,,,,1,68:0.57,,,
154.4076,frame,4597,161.632692,47.39,33.32,373.68,512,384,BGR888p,,,,,
154.4077,detections,4597,161.632692,47.35,33.32,373.74,,,,1,68:0.63,,,
154.4548,frame,4599,161.699334,47.19,66.64,354.23,512,384,BGR888p,,,,,
154.4549,detections,4599,161.699334,47.19,66.64,354.29,,,,1,72:0.55,,,
154.5012,frame,4600,161.732657,46.42,33.32,367.32,512,384,BGR888p,,,,,
154.5013,detections,4600,161.732657,46.45,33.32,367.43,,,,1,72:0.51,,,
154.5471,frame,4601,161.765978,45.93,33.32,379.95,512,384,BGR888p,,,,,
154.5473,detections,4601,161.765978,45.93,33.32,380.03,,,,1,0:0.52,,,
154.5932,frame,4603,161.832624,46.1,66.65,359.43,512,384,BGR888p,,,,,
154.5934,detections,4603,161.832624,46.11,66.65,359.5,,,,1,72:0.51,,,
154.6406,frame,4604,161.865945,47.32,33.32,373.39,512,384,BGR888p,,,,,
154.6407,detections,4604,161.865945,47.29,33.32,373.48,,,,2,62:0.56 62:0.56,,,
154.6879,frame,4606,161.932588,47.31,66.64,354.05,512,384,BGR888p,,,,,
154.6879,detections,4606,161.932588,47.28,66.64,354.1,,,,2,62:0.63 62:0.60,,,
154.7338,frame,4607,161.965912,45.9,33.32,366.62,512,384,BGR888p,,,,,
154.7346,detections,4607,161.965912,46.62,33.32,367.4,,,,3,62:0.73 63:0.63 62:0.59,,,
154.7809,frame,4608,161.999232,47.11,33.32,380.41,512,384,BGR888p,,,,,
154.7809,detections,4608,161.999232,46.39,33.32,380.46,,,,3,63:0.68 63:0.60 62:0.59,,,
154.8271,frame,4610,162.065877,46.23,66.64,359.99,512,384,BGR888p,,,,,
154.8272,detections,4610,162.065877,46.23,66.64,360.05,,,,3,62:0.63 62:0.60 63:0.53,,,
154.8739,frame,4611,162.099198,46.77,33.32,373.45,512,384,BGR888p,,,,,
154.874,detections,4611,162.099198,46.8,33.32,373.53,,,,3,62:0.78 63:0.54 62:0.54,,,
154.9227,frame,4613,162.165841,48.85,66.64,355.65,512,384,BGR888p,,,,,
154.9228,detections,4613,162.165841,48.83,66.64,355.7,,,,1,62:0.62,,,
154.9677,frame,4614,162.199167,44.97,33.33,367.28,512,384,BGR888p,,,,,
154.9677,detections,4614,162.199167,44.95,33.33,367.33,,,,1,62:0.69,,,
155.0122,frame,4615,162.232484,44.53,33.32,378.49,512,384,BGR888p,,,,,
155.0123,detections,4615,162.232484,44.56,33.32,378.6,,,,1,62:0.79,,,
155.0594,frame,4617,162.299129,47.19,66.64,359.05,512,384,BGR888p,,,,,
155.0595,detections,4617,162.299129,47.18,66.64,359.1,,,,1,62:0.78,,,
155.0595,system,0,,979.74,,,,,,,,50.36,34.0,17.4
155.1071,frame,4618,162.332452,47.71,33.32,373.42,512,384,BGR888p,,,,,
155.1072,detections,4618,162.332452,47.69,33.32,373.47,,,,1,62:0.75,,,
155.1552,frame,4620,162.399094,48.06,66.64,354.84,512,384,BGR888p,,,,,
155.1552,detections,4620,162.399094,48.06,66.64,354.89,,,,1,72:0.67,,,
155.2019,frame,4621,162.432418,46.74,33.32,368.3,512,384,BGR888p,,,,,
155.202,detections,4621,162.432418,46.8,33.32,368.36,,,,1,72:0.58,,,
155.246,frame,4622,162.465739,44.05,33.32,378.98,512,384,BGR888p,,,,,
155.246,detections,4622,162.465739,43.99,33.32,379.03,,,,1,62:0.66,,,
155.292,frame,4624,162.532382,46.05,66.64,358.4,512,384,BGR888p,,,,,
155.2921,detections,4624,162.532382,46.07,66.64,358.45,,,,1,62:0.69,,,
155.3404,frame,4625,162.565705,48.37,33.32,373.43,512,384,BGR888p,,,,,
155.3404,detections,4625,162.565705,48.35,33.32,373.48,,,,1,62:0.77,,,
155.3869,frame,4627,162.632347,46.53,66.64,353.33,512,384,BGR888p,,,,,
155.3876,detections,4627,162.632347,47.15,66.64,354.0,,,,1,62:0.65,,,
155.4336,frame,4628,162.665673,46.67,33.33,366.69,512,384,BGR888p,,,,,
155.4341,detections,4628,162.665673,46.55,33.33,367.22,,,,1,62:0.70,,,
155.4786,frame,4629,162.698992,45.03,33.32,378.41,512,384,BGR888p,,,,,
155.4787,detections,4629,162.698992,44.57,33.32,378.47,,,,1,62:0.64,,,
155.5256,frame,4631,162.765637,47.02,66.64,358.77,512,384,BGR888p,,,,,
155.5257,detections,4631,162.765637,47.0,66.64,358.83,,,,2,62:0.56 68:0.51,,,
155.5746,frame,4632,162.798959,48.94,33.32,374.39,512,384,BGR888p,,,,,
155.5746,detections,4632,162.798959,48.94,33.32,374.44,,,,0,,,,
155.6208,frame,4634,162.865601,46.28,66.64,354.02,512,384,BGR888p,,,,,
155.6209,detections,4634,162.865601,46.27,66.64,354.07,,,,1,63:0.76,,,
155.6675,frame,4635,162.898924,46.69,33.32,367.38,512,384,BGR888p,,,,,
155.6676,detections,4635,162.898924,46.69,33.32,367.44,,,,1,62:0.65,,,
155.7138,frame,4636,162.932244,46.28,33.32,380.34,512,384,BGR888p,,,,,
155.7139,detections,4636,162.932244,46.28,33.32,380.39,,,,1,62:0.77,,,
155.7611,frame,4638,162.998889,47.27,66.64,360.96,512,384,BGR888p,,,,,
155.7612,detections,4638,162.998889,47.27,66.64,361.01,,,,1,62:0.81,,,
155.8073,frame,4639,163.032212,46.18,33.32,373.83,512,384,BGR888p,,,,,
155.8073,detections,4639,163.032212,46.19,33.32,373.88,,,,1,63:0.80,,,
155.8567,frame,4641,163.098854,49.46,66.64,356.64,512,384,BGR888p,,,,,
155.8568,detections,4641,163.098854,49.48,66.64,356.73,,,,1,62:0.65,,,
155.9034,frame,4642,163.132179,46.65,33.33,369.96,512,384,BGR888p,,,,,
155.9034,detections,4642,163.132179,46.62,33.33,370.02,,,,1,63:0.68,,,
155.9487,frame,4643,163.165497,45.33,33.32,381.96,512,384,BGR888p,,,,,
155.9488,detections,4643,163.165497,45.31,33.32,382.01,,,,1,62:0.67,,,
155.9946,frame,4645,163.232143,45.91,66.65,361.22,512,384,BGR888p,,,,,
155.9947,detections,4645,163.232143,45.9,66.65,361.27,,,,4,63:0.85 39:0.73 63:0.58 39:0.53,,,
156.041,frame,4646,163.265464,46.43,33.32,374.33,512,384,BGR888p,,,,,
156.0411,detections,4646,163.265464,46.43,33.32,374.38,,,,3,39:0.78 62:0.73 63:0.66,,,
156.0889,frame,4648,163.332107,47.83,66.64,355.52,512,384,BGR888p,,,,,
156.0898,detections,4648,163.332107,48.68,66.64,356.42,,,,1,63:0.79,,,
156.0898,system,0,,1030.31,,,,,,,,50.03,34.8,17.1
156.1368,frame,4649,163.36543,47.93,33.32,370.13,512,384,BGR888p,,,,,
156.1369,detections,4649,163.36543,47.09,33.32,370.18,,,,4,62:0.62 39:0.62 65:0.57 39:0.53,,,
156.1816,frame,4650,163.39875,44.78,33.32,381.58,512,384,BGR888p,,,,,
156.1816,detections,4650,163.39875,44.78,33.32,381.64,,,,3,63:0.67 39:0.55 65:0.53,,,
156.2289,frame,4652,163.465395,47.32,66.64,362.25,512,384,BGR888p,,,,,
156.229,detections,4652,163.465395,47.31,66.64,362.31,,,,5,63:0.85 39:0.78 65:0.69 39:0.67 39:0.57,,,
156.2747,frame,4653,163.498718,45.82,33.32,374.75,512,384,BGR888p,,,,,
156.2748,detections,4653,163.498718,45.82,33.32,374.81,,,,5,63:0.80 39:0.79 65:0.65 62:0.54 64:0.50,,,
156.3219,frame,4655,163.565361,47.16,66.64,358.52,512,384,BGR888p,,,,,
156.3219,detections,4655,163.565361,47.16,66.64,358.57,,,,4,63:0.84 39:0.71 65:0.64 62:0.50,,,
156.3682,frame,4656,163.598683,46.34,33.32,371.54,512,384,BGR888p,,,,,
156.3683,detections,4656,163.598683,46.41,33.32,371.66,,,,5,63:0.81 39:0.77 64:0.68 39:0.64 65:0.57,,,
156.4147,frame,4657,163.632004,46.47,33.32,384.69,512,384,BGR888p,,,,,
156.4148,detections,4657,163.632004,46.46,33.32,384.8,,,,5,63:0.79 39:0.77 64:0.65 65:0.55 39:0.54,,,
156.4605,frame,4659,163.698649,45.8,66.64,363.85,512,384,BGR888p,,,,,
156.4606,detections,4659,163.698649,45.75,66.64,363.9,,,,5,63:0.89 39:0.77 64:0.68 65:0.56 73:0.50,,,
156.5075,frame,4660,163.731974,46.99,33.33,377.51,512,384,BGR888p,,,,,
156.5075,detections,4660,163.731974,46.99,33.33,377.57,,,,5,63:0.89 39:0.77 64:0.66 65:0.65 39:0.51,,,
156.5555,frame,4662,163.798614,48.03,66.64,358.91,512,384,BGR888p,,,,,
156.5556,detections,4662,163.798614,48.03,66.64,358.96,,,,5,63:0.91 39:0.68 65:0.67 64:0.63 39:0.53,,,
156.6017,frame,4663,163.831937,46.24,33.32,371.82,512,384,BGR888p,,,,,
156.6018,detections,4663,163.831937,46.24,33.32,371.88,,,,4,63:0.90 39:0.72 64:0.57 62:0.56,,,
156.6467,frame,4664,163.865257,44.99,33.32,383.48,512,384,BGR888p,,,,,
156.6468,detections,4664,163.865257,44.97,33.32,383.53,,,,5,63:0.90 64:0.63 65:0.63 39:0.55 39:0.50,,,
156.6937,frame,4666,163.931902,47.01,66.64,363.85,512,384,BGR888p,,,,,
156.6938,detections,4666,163.931902,47.02,66.64,363.9,,,,3,63:0.93 64:0.75 65:0.55,,,
156.7407,frame,4667,163.965225,46.96,33.32,377.48,512,384,BGR888p,,,,,
156.7407,detections,4667,163.965225,46.95,33.32,377.53,,,,4,63:0.91 64:0.73 39:0.67 73:0.50,,,
156.7901,frame,4669,164.031867,49.42,66.64,360.27,512,384,BGR888p,,,,,
156.7902,detections,4669,164.031867,49.44,66.64,360.33,,,,4,63:0.94 39:0.76 64:0.73 65:0.51,,,
156.839,frame,4670,164.06519,48.87,33.32,375.81,512,384,BGR888p,,,,,
156.8391,detections,4670,164.06519,48.87,33.32,375.87,,,,5,63:0.92 64:0.82 39:0.72 65:0.54 73:0.52,,,
156.8845,frame,4671,164.09851,45.49,33.32,388.0,512,384,BGR888p,,,,,
156.8846,detections,4671,164.09851,45.5,33.32,388.04,,,,3,63:0.92 64:0.87 56:0.57,,,
156.9322,frame,4673,164.165155,47.73,66.64,369.13,512,384,BGR888p,,,,,
156.9324,detections,4673,164.165155,47.85,66.64,369.25,,,,5,63:0.93 64:0.91 39:0.76 66:0.52 65:0.52,,,
156.9764,frame,4674,164.198478,44.23,33.32,379.98,512,384,BGR888p,,,,,
156.9765,detections,4674,164.198478,44.1,33.32,380.03,,,,3,64:0.92 63:0.92 39:0.79,,,
157.0234,frame,4676,164.26512,47.01,66.64,360.37,512,384,BGR888p,,,,,
157.0236,detections,4676,164.26512,47.05,66.64,360.44,,,,3,63:0.92 64:0.92 39:0.75,,,
157.0721,frame,4677,164.298443,48.63,33.32,375.7,512,384,BGR888p,,,,,
157.0722,detections,4677,164.298443,48.65,33.32,375.76,,,,3,63:0.94 64:0.90 39:0.73,,,
157.0723,system,0,,982.47,,,,,,,,50.2,33.8,16.9
157.1207,frame,4678,164.331763,48.6,33.32,390.95,512,384,BGR888p,,,,,
157.1208,detections,4678,164.331763,48.56,33.32,391.0,,,,4,63:0.94 64:0.88 39:0.67 65:0.66,,,
157.1656,frame,4680,164.39841,44.93,66.65,369.22,512,384,BGR888p,,,,,
157.1657,detections,4680,164.39841,44.92,66.65,369.27,,,,5,64:0.92 63:0.91 39:0.69 65:0.55 71:0.54,,,
157.2101,frame,4681,164.431731,44.51,33.32,380.4,512,384,BGR888p,,,,,
157.2102,detections,4681,164.431731,44.51,33.32,380.46,,,,4,63:0.93 64:0.87 39:0.67 65:0.62,,,
157.2572,frame,4683,164.498374,47.09,66.64,360.85,512,384,BGR888p,,,,,
157.2573,detections,4683,164.498374,47.13,66.64,360.95,,,,3,64:0.94 63:0.94 39:0.73,,,
157.3056,frame,4684,164.5317,48.38,33.33,375.89,512,384,BGR888p,,,,,
157.3056,detections,4684,164.5317,48.32,33.33,375.94,,,,5,64:0.94 63:0.92 39:0.69 41:0.59 65:0.53,,,
157.3529,frame,4686,164.598339,47.3,66.64,356.56,512,384,BGR888p,,,,,
157.3538,detections,4686,164.598339,48.21,66.64,357.52,,,,5,63:0.94 64:0.85 39:0.65 66:0.61 65:0.53,,,
157.3988,frame,4687,164.631662,45.94,33.32,369.18,512,384,BGR888p,,,,,
157.3989,detections,4687,164.631662,45.05,33.32,369.23,,,,2,63:0.73 64:0.69,,,
157.4454,frame,4688,164.664982,46.6,33.32,382.46,512,384,BGR888p,,,,,
157.4455,detections,4688,164.664982,46.65,33.32,382.56,,,,1,71:0.55,,,
157.4914,frame,4690,164.731627,46.01,66.64,361.82,512,384,BGR888p,,,,,
157.4915,detections,4690,164.731627,45.96,66.64,361.88,,,,0,,,,
157.5386,frame,4691,164.764949,47.15,33.32,375.65,512,384,BGR888p,,,,,
157.5386,detections,4691,164.764949,47.15,33.32,375.7,,,,0,,,,
157.5855,frame,4693,164.831592,46.92,66.64,355.93,512,384,BGR888p,,,,,
157.5856,detections,4693,164.831592,46.94,66.64,356.0,,,,0,,,,
157.6316,frame,4694,164.864915,46.1,33.32,368.75,512,384,BGR888p,,,,,
157.6317,detections,4694,164.864915,46.14,33.32,368.81,,,,1,39:0.55,,,
157.6773,frame,4695,164.898236,45.72,33.32,381.12,512,384,BGR888p,,,,,
157.6774,detections,4695,164.898236,45.69,33.32,381.18,,,,1,39:0.50,,,
157.7251,frame,4697,164.964882,47.8,66.65,362.29,512,384,BGR888p,,,,,
157.7252,detections,4697,164.964882,47.83,66.65,362.42,,,,2,39:0.70 39:0.67,,,
157.7725,frame,4698,164.998203,47.38,33.32,376.34,512,384,BGR888p,,,,,
157.7726,detections,4698,164.998203,47.38,33.32,376.43,,,,2,39:0.55 39:0.54,,,
157.8211,frame,4700,165.064845,48.57,66.64,358.27,512,384,BGR888p,,,,,
157.8212,detections,4700,165.064845,48.57,66.64,358.35,,,,2,39:0.76 39:0.65,,,
157.8688,frame,4701,165.098169,47.74,33.32,372.67,512,384,BGR888p,,,,,
157.8689,detections,4701,165.098169,47.73,33.32,372.76,,,,2,39:0.77 39:0.62,,,
157.9139,frame,4702,165.131488,45.14,33.32,384.5,512,384,BGR888p,,,,,
157.9141,detections,4702,165.131488,45.16,33.32,384.62,,,,2,39:0.80 39:0.62,,,
157.96,frame,4704,165.198134,46.06,66.65,363.91,512,384,BGR888p,,,,,
157.9601,detections,4704,165.198134,46.02,66.65,363.96,,,,2,39:0.75 39:0.54,,,
158.008,frame,4705,165.231455,48.03,33.32,378.61,512,384,BGR888p,,,,,
158.0081,detections,4705,165.231455,48.02,33.32,378.66,,,,3,39:0.76 39:0.60 39:0.52,,,
158.0543,frame,4707,165.298098,46.21,66.64,358.17,512,384,BGR888p,,,,,
158.0543,detections,4707,165.298098,46.2,66.64,358.22,,,,2,39:0.74 39:0.58,,,
158.1022,frame,4708,165.331422,47.99,33.32,372.85,512,384,BGR888p,,,,,
158.1023,detections,4708,165.331422,48.01,33.32,372.9,,,,3,39:0.73 39:0.60 41:0.50,,,
158.1024,system,0,,1030.08,,,,,,,,50.2,34.6,18.0
158.1467,frame,4709,165.364742,44.47,33.32,383.98,512,384,BGR888p,,,,,
158.1468,detections,4709,165.364742,44.45,33.32,384.03,,,,3,39:0.75 39:0.66 41:0.51,,,
158.1927,frame,4711,165.431387,46.02,66.64,363.36,512,384,BGR888p,,,,,
158.1928,detections,4711,165.431387,46.03,66.64,363.42,,,,3,39:0.77 39:0.59 71:0.53,,,
158.2397,frame,4712,165.46471,47.0,33.32,377.04,512,384,BGR888p,,,,,
158.2398,detections,4712,165.46471,47.0,33.32,377.09,,,,3,39:0.72 39:0.64 41:0.51,,,
158.2881,frame,4714,165.531352,48.39,66.64,358.79,512,384,BGR888p,,,,,
158.2882,detections,4714,165.531352,48.4,66.64,358.85,,,,2,39:0.78 39:0.61,,,
158.3332,frame,4715,165.564677,45.05,33.32,370.56,512,384,BGR888p,,,,,
158.3333,detections,4715,165.564677,45.12,33.32,370.65,,,,2,39:0.73 39:0.58,,,
158.378,frame,4717,165.631317,44.78,66.64,348.67,512,384,BGR888p,,,,,
158.378,detections,4717,165.631317,44.72,66.64,348.73,,,,1,71:0.51,,,
158.4237,frame,4718,165.66464,45.75,33.32,361.1,512,384,BGR888p,,,,,
158.4238,detections,4718,165.66464,45.75,33.32,361.16,,,,3,64:0.75 39:0.61 71:0.51,,,
158.4713,frame,4719,165.697969,47.55,33.33,375.32,512,384,BGR888p,,,,,
158.4714,detections,4719,165.697969,47.61,33.33,375.44,,,,3,56:0.58 39:0.55 64:0.53,,,
158.5179,frame,4721,165.764605,46.62,66.64,355.3,512,384,BGR888p,,,,,
158.5185,detections,4721,165.764605,47.11,66.64,355.92,,,,3,64:0.80 39:0.63 65:0.54,,,
158.5657,frame,4722,165.797928,47.83,33.32,369.8,512,384,BGR888p,,,,,
158.5658,detections,4722,165.797928,47.27,33.32,369.86,,,,5,64:0.87 39:0.61 65:0.57 56:0.54 62:0.53,,,
158.6106,frame,4723,165.831248,44.91,33.32,381.39,512,384,BGR888p,,,,,
158.6107,detections,4723,165.831248,44.91,33.32,381.45,,,,4,64:0.83 56:0.61 39:0.59 39:0.54,,,
158.6567,frame,4725,165.897893,46.11,66.65,360.86,512,384,BGR888p,,,,,
158.6568,detections,4725,165.897893,46.11,66.65,360.91,,,,4,64:0.92 56:0.62 39:0.61 62:0.58,,,
158.7051,frame,4726,165.931217,48.36,33.32,375.89,512,384,BGR888p,,,,,
158.7052,detections,4726,165.931217,48.36,33.32,375.94,,,,5,64:0.92 56:0.65 39:0.56 39:0.56 62:0.51,,,
158.7515,frame,4728,165.997858,46.45,66.64,355.69,512,384,BGR888p,,,,,
158.7524,detections,4728,165.997858,47.25,66.64,356.57,,,,3,64:0.90 39:0.64 56:0.56,,,
158.7978,frame,4729,166.031184,46.32,33.33,368.68,512,384,BGR888p,,,,,
158.7979,detections,4729,166.031184,45.51,33.33,368.74,,,,4,64:0.89 39:0.75 56:0.64 39:0.55,,,
158.8438,frame,4730,166.064501,45.95,33.32,381.31,512,384,BGR888p,,,,,
158.8439,detections,4730,166.064501,45.93,33.32,381.36,,,,3,64:0.89 39:0.69 56:0.65,,,
158.8896,frame,4732,166.131146,45.79,66.64,360.46,512,384,BGR888p,,,,,
158.8896,detections,4732,166.131146,45.79,66.64,360.5,,,,5,64:0.92 56:0.67 39:0.65 39:0.55 65:0.53,,,
158.9382,frame,4733,166.164468,48.6,33.32,375.75,512,384,BGR888p,,,,,
158.9385,detections,4733,166.164468,48.84,33.32,376.03,,,,4,64:0.91 56:0.68 39:0.68 39:0.51,,,
158.9856,frame,4735,166.231111,47.44,66.64,356.54,512,384,BGR888p,,,,,
158.9863,detections,4735,166.231111,47.85,66.64,357.23,,,,4,64:0.90 39:0.58 39:0.58 56:0.57,,,
159.0326,frame,4736,166.264435,46.99,33.32,370.21,512,384,BGR888p,,,,,
159.0329,detections,4736,166.264435,46.52,33.32,370.43,,,,4,64:0.90 56:0.67 39:0.64 39:0.50,,,
159.0784,frame,4737,166.297756,45.81,33.32,382.7,512,384,BGR888p,,,,,
159.0785,detections,4737,166.297756,45.66,33.32,382.76,,,,3,64:0.86 56:0.70 39:0.52,,,
159.0786,system,0,,976.19,,,,,,,,50.09,34.7,17.1
159.1245,frame,4739,166.364399,46.03,66.64,362.08,512,384,BGR888p,,,,,
159.1246,detections,4739,166.364399,46.06,66.64,362.19,,,,3,64:0.81 56:0.73 39:0.62,,,
159.1711,frame,4740,166.397722,46.6,33.32,375.39,512,384,BGR888p,,,,,
159.1712,detections,4740,166.397722,46.6,33.32,375.45,,,,4,56:0.79 64:0.74 39:0.68 39:0.53,,,
159.2185,frame,4742,166.464365,47.4,66.64,356.12,512,384,BGR888p,,,,,
159.2192,detections,4742,166.464365,48.06,66.64,356.88,,,,4,39:0.70 56:0.61 39:0.60 39:0.56,,,
159.2653,frame,4743,166.497688,46.85,33.32,369.64,512,384,BGR888p,,,,,
159.2654,detections,4743,166.497688,46.15,33.32,369.7,,,,1,39:0.68,,,
159.3114,frame,4744,166.531008,46.14,33.32,382.46,512,384,BGR888p,,,,,
159.3115,detections,4744,166.531008,46.14,33.32,382.52,,,,1,39:0.67,,,
159.3575,frame,4746,166.597653,46.04,66.64,361.86,512,384,BGR888p,,,,,
159.3576,detections,4746,166.597653,46.04,66.64,361.91,,,,1,39:0.72,,,
159.4045,frame,4747,166.630981,47.05,33.33,375.59,512,384,BGR888p,,,,,
159.4046,detections,4747,166.630981,47.07,33.33,375.66,,,,2,39:0.77 56:0.58,,,
159.4523,frame,4749,166.697618,47.79,66.64,356.73,512,384,BGR888p,,,,,
159.4524,detections,4749,166.697618,47.77,66.64,356.79,,,,2,39:0.79 56:0.55,,,
159.4982,frame,4750,166.730942,45.83,33.32,369.24,512,384,BGR888p,,,,,
159.4983,detections,4750,166.730942,45.89,33.32,369.36,,,,2,39:0.77 56:0.64,,,
159.5424,frame,4751,166.764262,44.27,33.32,380.2,512,384,BGR888p,,,,,
159.5425,detections,4751,166.764262,44.22,33.32,380.26,,,,2,39:0.73 56:0.57,,,
159.5898,frame,4753,166.830906,47.4,66.64,360.94,512,384,BGR888p,,,,,
159.5899,detections,4753,166.830906,47.38,66.64,360.99,,,,1,39:0.70,,,
159.637,frame,4754,166.864228,47.2,33.32,374.84,512,384,BGR888p,,,,,
159.6371,detections,4754,166.864228,47.24,33.32,374.91,,,,3,39:0.73 56:0.52 62:0.50,,,
159.6855,frame,4756,166.930871,48.49,66.64,356.67,512,384,BGR888p,,,,,
159.6856,detections,4756,166.930871,48.46,66.64,356.72,,,,4,39:0.76 56:0.59 39:0.59 39:0.52,,,
159.7304,frame,4757,166.964194,44.85,33.32,368.21,512,384,BGR888p,,,,,
159.7305,detections,4757,166.964194,44.87,33.32,368.26,,,,3,39:0.80 39:0.66 56:0.59,,,
159.7767,frame,4758,166.997514,46.3,33.32,381.18,512,384,BGR888p,,,,,
159.7767,detections,4758,166.997514,46.3,33.32,381.24,,,,4,39:0.79 39:0.61 39:0.57 56:0.55,,,
159.8234,frame,4760,167.064159,46.69,66.64,361.23,512,384,BGR888p,,,,,
159.8234,detections,4760,167.064159,46.69,66.64,361.29,,,,5,39:0.82 39:0.60 39:0.56 56:0.55 62:0.52,,,
159.8702,frame,4761,167.097482,46.81,33.32,374.72,512,384,BGR888p,,,,,
159.8703,detections,4761,167.097482,46.82,33.32,374.78,,,,2,39:0.78 39:0.56,,,
159.9196,frame,4763,167.164124,49.4,66.64,357.47,512,384,BGR888p,,,,,
159.9197,detections,4763,167.164124,49.39,66.64,357.53,,,,2,39:0.80 71:0.58,,,
159.9649,frame,4764,167.197449,45.28,33.33,369.43,512,384,BGR888p,,,,,
159.9649,detections,4764,167.197449,45.28,33.33,369.48,,,,5,39:0.77 39:0.56 71:0.55 39:0.52 73:0.52,,,
160.0105,frame,4765,167.230767,45.62,33.32,381.72,512,384,BGR888p,,,,,
160.0105,detections,4765,167.230767,45.62,33.32,381.78,,,,2,39:0.77 39:0.71,,,
160.0575,frame,4767,167.297412,47.01,66.65,362.08,512,384,BGR888p,,,,,
160.0576,detections,4767,167.297412,47.01,66.65,362.14,,,,4,73:0.58 71:0.57 39:0.53 39:0.51,,,
160.1053,frame,4768,167.330734,47.8,33.32,376.58,512,384,BGR888p,,,,,
160.1054,detections,4768,167.330734,47.82,33.32,376.64,,,,3,39:0.78 39:0.64 71:0.54,,,
160.1054,system,0,,1026.86,,,,,,,,50.25,34.6,17.8
160.1537,frame,4770,167.397377,48.46,66.64,358.38,512,384,BGR888p,,,,,
160.1538,detections,4770,167.397377,48.44,66.64,358.44,,,,3,39:0.85 39:0.65 39:0.55,,,
160.2,frame,4771,167.430702,46.23,33.32,371.28,512,384,BGR888p,,,,,
160.2005,detections,4771,167.430702,46.73,33.32,371.85,,,,3,39:0.82 39:0.65 39:0.50,,,
160.2456,frame,4772,167.464021,45.66,33.32,383.63,512,384,BGR888p,,,,,
160.2457,detections,4772,167.464021,45.16,33.32,383.69,,,,3,39:0.82 39:0.65 39:0.63,,,
160.2923,frame,4774,167.530666,46.64,66.64,363.65,512,384,BGR888p,,,,,
160.2924,detections,4774,167.530666,46.66,66.64,363.7,,,,4,39:0.83 39:0.69 39:0.61 73:0.54,,,
160.3399,frame,4775,167.563988,47.62,33.32,377.92,512,384,BGR888p,,,,,
160.34,detections,4775,167.563988,47.6,33.32,377.98,,,,2,39:0.82 39:0.52,,,
160.387,frame,4777,167.630631,47.14,66.64,358.42,512,384,BGR888p,,,,,
160.3871,detections,4777,167.630631,47.14,66.64,358.47,,,,2,39:0.83 39:0.57,,,
160.4358,frame,4778,167.663961,48.79,33.33,373.91,512,384,BGR888p,,,,,
160.436,detections,4778,167.663961,48.86,33.33,374.0,,,,3,39:0.83 39:0.54 39:0.53,,,
160.4794,frame,4779,167.697274,43.63,33.31,384.18,512,384,BGR888p,,,,,
160.4815,detections,4779,167.697274,45.57,33.31,386.26,,,,3,39:0.83 39:0.59 39:0.56,,,
160.5279,frame,4781,167.763919,48.41,66.64,365.95,512,384,BGR888p,,,,,
160.5299,detections,4781,167.763919,48.4,66.64,368.02,,,,3,39:0.84 39:0.58 39:0.55,,,
160.5731,frame,4782,167.797248,45.27,33.33,377.89,512,384,BGR888p,,,,,
160.5732,detections,4782,167.797248,43.27,33.33,377.95,,,,3,39:0.83 39:0.58 39:0.54,,,
160.6209,frame,4784,167.863884,47.74,66.64,359.0,512,384,BGR888p,,,,,
160.6209,detections,4784,167.863884,47.75,66.64,359.06,,,,3,39:0.83 39:0.58 39:0.54,,,
160.6703,frame,4785,167.897207,49.41,33.32,375.08,512,384,BGR888p,,,,,
160.6703,detections,4785,167.897207,49.39,33.32,375.13,,,,2,39:0.81 39:0.51,,,
160.7166,frame,4787,167.96385,46.33,66.64,354.76,512,384,BGR888p,,,,,
160.7167,detections,4787,167.96385,46.32,66.64,354.81,,,,2,39:0.83 39:0.50,,,
160.7626,frame,4788,167.997174,45.97,33.32,367.43,512,384,BGR888p,,,,,
160.7627,detections,4788,167.997174,46.0,33.32,367.48,,,,4,39:0.84 39:0.53 39:0.50 62:0.50,,,
160.8087,frame,4789,168.030495,46.12,33.32,380.22,512,384,BGR888p,,,,,
160.8088,detections,4789,168.030495,46.12,33.32,380.28,,,,4,39:0.85 62:0.59 39:0.58 39:0.55,,,
160.8568,frame,4791,168.097137,48.11,66.64,361.7,512,384,BGR888p,,,,,
160.8569,detections,4791,168.097137,48.11,66.64,361.75,,,,4,39:0.83 39:0.55 39:0.53 62:0.53,,,
160.903,frame,4792,168.130461,46.19,33.32,374.56,512,384,BGR888p,,,,,
160.9031,detections,4792,168.130461,46.18,33.32,374.61,,,,4,39:0.81 39:0.54 39:0.50 62:0.50,,,
160.9507,frame,4794,168.197103,47.68,66.64,355.6,512,384,BGR888p,,,,,
160.9515,detections,4794,168.197103,48.44,66.64,356.41,,,,3,39:0.81 39:0.56 62:0.53,,,
160.9984,frame,4795,168.230426,47.76,33.32,370.04,512,384,BGR888p,,,,,
160.9985,detections,4795,168.230426,47.01,33.32,370.1,,,,3,39:0.83 39:0.54 39:0.53,,,
161.0437,frame,4796,168.263746,45.22,33.32,381.94,512,384,BGR888p,,,,,
161.0437,detections,4796,168.263746,45.22,33.32,381.99,,,,3,39:0.83 39:0.61 39:0.51,,,
161.0897,frame,4798,168.330391,46.08,66.64,361.38,512,384,BGR888p,,,,,
161.0898,detections,4798,168.330391,46.09,66.64,361.44,,,,2,39:0.85 73:0.54,,,
161.0899,system,0,,984.46,,,,,,,,50.09,34.4,16.6
161.1368,frame,4799,168.363716,47.0,33.33,375.05,512,384,BGR888p,,,,,
161.1368,detections,4799,168.363716,46.98,33.33,375.1,,,,3,39:0.84 39:0.61 39:0.60,,,
161.1841,frame,4801,168.430356,47.38,66.64,355.8,512,384,BGR888p,,,,,
161.1849,detections,4801,168.430356,48.09,66.64,356.55,,,,3,39:0.82 39:0.70 39:0.64,,,
161.2315,frame,4802,168.463679,47.33,33.32,369.81,512,384,BGR888p,,,,,
161.2315,detections,4802,168.463679,46.65,33.32,369.87,,,,3,39:0.83 39:0.64 39:0.51,,,
161.2769,frame,4803,168.496999,45.45,33.32,381.93,512,384,BGR888p,,,,,
161.277,detections,4803,168.496999,45.43,33.32,381.98,,,,2,39:0.84 39:0.64,,,
161.3226,frame,4805,168.563644,45.7,66.65,361.0,512,384,BGR888p,,,,,
161.3227,detections,4805,168.563644,45.71,66.65,361.05,,,,5,39:0.83 39:0.60 62:0.55 72:0.55 39:0.51,,,
161.3689,frame,4806,168.596966,46.23,33.32,373.92,512,384,BGR888p,,,,,
161.3689,detections,4806,168.596966,46.26,33.32,373.99,,,,3,39:0.81 39:0.71 62:0.57,,,
161.4162,frame,4808,168.663609,47.36,66.64,354.61,512,384,BGR888p,,,,,
161.4163,detections,4808,168.663609,47.36,66.64,354.7,,,,3,39:0.80 62:0.58 39:0.55,,,
161.4625,frame,4809,168.696932,46.26,33.32,367.55,512,384,BGR888p,,,,,
161.4625,detections,4809,168.696932,46.23,33.32,367.61,,,,1,39:0.82,,,
161.5081,frame,4810,168.730252,45.64,33.32,379.88,512,384,BGR888p,,,,,
161.5082,detections,4810,168.730252,45.64,33.32,379.93,,,,2,39:0.81 39:0.60,,,
161.5557,frame,4812,168.796898,47.58,66.65,360.81,512,384,BGR888p,,,,,
161.5558,detections,4812,168.796898,47.64,66.65,360.92,,,,1,39:0.74,,,
161.6029,frame,4813,168.83022,47.19,33.32,374.68,512,384,BGR888p,,,,,
161.603,detections,4813,168.83022,47.14,33.32,374.74,,,,2,39:0.77 39:0.61,,,
161.6516,frame,4815,168.896862,48.71,66.64,356.75,512,384,BGR888p,,,,,
161.6517,detections,4815,168.896862,48.71,66.64,356.81,,,,1,39:0.79,,,
161.6974,frame,4816,168.930185,45.81,33.32,369.24,512,384,BGR888p,,,,,
161.6975,detections,4816,168.930185,45.81,33.32,369.3,,,,2,39:0.82 39:0.53,,,
161.7431,frame,4817,168.963505,45.66,33.32,381.57,512,384,BGR888p,,,,,
161.7431,detections,4817,168.963505,45.65,33.32,381.63,,,,3,39:0.82 62:0.63 39:0.57,,,
161.7904,frame,4819,169.030151,47.31,66.65,362.23,512,384,BGR888p,,,,,
161.7904,detections,4819,169.030151,47.3,66.65,362.28,,,,1,39:0.80,,,
161.8381,frame,4820,169.063473,47.71,33.32,376.63,512,384,BGR888p,,,,,
161.8382,detections,4820,169.063473,47.73,33.32,376.69,,,,3,39:0.79 41:0.59 39:0.55,,,
161.8875,frame,4822,169.130115,49.39,66.64,359.38,512,384,BGR888p,,,,,
161.8875,detections,4822,169.130115,49.39,66.64,359.44,,,,2,39:0.78 39:0.50,,,
161.9344,frame,4823,169.163438,46.88,33.32,372.94,512,384,BGR888p,,,,,
161.9344,detections,4823,169.163438,46.89,33.32,373.0,,,,2,39:0.85 39:0.67,,,
161.9776,frame,4824,169.196759,43.2,33.32,382.82,512,384,BGR888p,,,,,
161.9776,detections,4824,169.196759,43.2,33.32,382.88,,,,1,39:0.82,,,
162.0233,frame,4826,169.263404,45.78,66.65,361.96,512,384,BGR888p,,,,,
162.0234,detections,4826,169.263404,45.78,66.65,362.02,,,,2,39:0.84 62:0.63,,,
162.0705,frame,4827,169.296726,47.13,33.32,375.78,512,384,BGR888p,,,,,
162.0706,detections,4827,169.296726,47.15,33.32,375.85,,,,2,39:0.84 62:0.70,,,
162.0706,system,0,,980.74,,,,,,,,50.2,34.6,16.9
162.1187,frame,4829,169.363369,48.18,66.64,357.32,512,384,BGR888p,,,,,
162.1187,detections,4829,169.363369,48.18,66.64,357.38,,,,2,39:0.84 62:0.74,,,
162.1643,frame,4830,169.396693,45.61,33.32,369.6,512,384,BGR888p,,,,,
162.1644,detections,4830,169.396693,45.61,33.32,369.67,,,,2,39:0.82 62:0.59,,,
162.2095,frame,4831,169.430012,45.2,33.32,381.48,512,384,BGR888p,,,,,
162.2095,detections,4831,169.430012,45.19,33.32,381.54,,,,3,39:0.82 62:0.66 39:0.55,,,
162.2554,frame,4833,169.496658,45.98,66.65,360.81,512,384,BGR888p,,,,,
162.2555,detections,4833,169.496658,45.98,66.65,360.87,,,,2,39:0.82 62:0.66,,,
162.3024,frame,4834,169.529982,46.93,33.32,374.42,512,384,BGR888p,,,,,
162.3025,detections,4834,169.529982,46.93,33.32,374.48,,,,2,39:0.83 62:0.67,,,
162.3507,frame,4836,169.596622,48.31,66.64,356.09,512,384,BGR888p,,,,,
162.3508,detections,4836,169.596622,48.31,66.64,356.14,,,,2,39:0.84 62:0.60,,,
162.3978,frame,4837,169.629945,47.08,33.32,369.84,512,384,BGR888p,,,,,
162.3978,detections,4837,169.629945,47.07,33.32,369.9,,,,2,39:0.82 62:0.62,,,
162.4429,frame,4838,169.663267,45.16,33.32,381.68,512,384,BGR888p,,,,,
162.443,detections,4838,169.663267,45.16,33.32,381.74,,,,3,39:0.82 62:0.67 39:0.50,,,
162.4897,frame,4840,169.72991,46.73,66.64,361.77,512,384,BGR888p,,,,,
162.4897,detections,4840,169.72991,46.74,66.64,361.83,,,,2,39:0.78 62:0.51,,,
162.5356,frame,4841,169.763232,45.91,33.32,374.36,512,384,BGR888p,,,,,
162.5356,detections,4841,169.763232,45.91,33.32,374.42,,,,2,39:0.79 39:0.56,,,
162.5828,frame,4843,169.829875,47.26,66.64,354.99,512,384,BGR888p,,,,,
162.5834,detections,4843,169.829875,47.76,66.64,355.57,,,,2,39:0.75 39:0.58,,,
162.6286,frame,4844,169.863198,45.81,33.32,367.47,512,384,BGR888p,,,,,
162.6287,detections,4844,169.863198,45.33,33.32,367.56,,,,2,39:0.79 39:0.56,,,
162.6728,frame,4845,169.896518,44.21,33.32,378.35,512,384,BGR888p,,,,,
162.6729,detections,4845,169.896518,44.18,33.32,378.41,,,,3,39:0.74 39:0.60 39:0.56,,,
162.7198,frame,4847,169.963163,46.94,66.65,358.65,512,384,BGR888p,,,,,
162.7199,detections,4847,169.963163,46.95,66.65,358.72,,,,2,39:0.84 39:0.54,,,
162.7688,frame,4848,169.996485,48.96,33.32,374.29,512,384,BGR888p,,,,,
162.7688,detections,4848,169.996485,48.96,33.32,374.36,,,,4,39:0.83 39:0.75 39:0.55 56:0.52,,,
162.8167,frame,4850,170.063128,47.92,66.64,355.58,512,384,BGR888p,,,,,
162.8168,detections,4850,170.063128,47.94,66.64,355.66,,,,4,39:0.78 56:0.65 39:0.56 39:0.56,,,
162.8625,frame,4851,170.096451,45.86,33.32,368.09,512,384,BGR888p,,,,,
162.8626,detections,4851,170.096451,45.81,33.32,368.14,,,,3,39:0.76 56:0.71 39:0.53,,,
162.9072,frame,4852,170.129771,44.71,33.32,379.55,512,384,BGR888p,,,,,
162.9074,detections,4852,170.129771,44.78,33.32,379.6,,,,5,56:0.82 39:0.79 56:0.67 39:0.61 39:0.57,,,
162.9544,frame,4854,170.196417,47.21,66.65,360.06,512,384,BGR888p,,,,,
162.9545,detections,4854,170.196417,47.18,66.65,360.14,,,,3,39:0.78 56:0.69 56:0.62,,,
163.0019,frame,4855,170.229739,47.42,33.32,374.16,512,384,BGR888p,,,,,
163.002,detections,4855,170.229739,47.42,33.32,374.24,,,,4,56:0.68 39:0.66 56:0.65 39:0.55,,,
163.0488,frame,4857,170.296382,46.94,66.64,354.46,512,384,BGR888p,,,,,
163.0489,detections,4857,170.296382,46.94,66.64,354.53,,,,3,39:0.75 56:0.73 56:0.71,,,
163.0949,frame,4858,170.329706,46.1,33.32,367.23,512,384,BGR888p,,,,,
163.095,detections,4858,170.329706,46.1,33.32,367.31,,,,4,39:0.72 56:0.68 39:0.66 56:0.59,,,
163.0951,system,0,,1024.46,,,,,,,,50.14,35.2,17.5
163.1403,frame,4859,170.363025,45.44,33.32,379.34,512,384,BGR888p,,,,,
163.1404,detections,4859,170.363025,45.41,33.32,379.4,,,,5,39:0.83 56:0.73 39:0.72 39:0.53 56:0.51,,,
163.1881,frame,4861,170.429671,47.8,66.65,360.49,512,384,BGR888p,,,,,
163.1882,detections,4861,170.429671,47.8,66.65,360.55,,,,6,56:0.67 39:0.63 56:0.58 39:0.57 60:0.52 39:0.52,,,
163.2353,frame,4862,170.462992,47.16,33.32,374.32,512,384,BGR888p,,,,,
163.2354,detections,4862,170.462992,47.14,33.32,374.37,,,,4,56:0.89 39:0.83 39:0.66 56:0.55,,,
163.2842,frame,4864,170.529635,48.9,66.64,356.58,512,384,BGR888p,,,,,
163.2843,detections,4864,170.529635,48.94,66.64,356.68,,,,4,56:0.85 39:0.80 39:0.68 39:0.53,,,
163.3298,frame,4865,170.562958,45.6,33.32,368.86,512,384,BGR888p,,,,,
163.3299,detections,4865,170.562958,45.57,33.32,368.92,,,,4,56:0.88 39:0.75 39:0.70 56:0.57,,,
163.3745,frame,4866,170.596278,44.69,33.32,380.22,512,384,BGR888p,,,,,
163.3746,detections,4866,170.596278,44.69,33.32,380.28,,,,4,56:0.92 39:0.85 39:0.59 56:0.53,,,
163.4204,frame,4868,170.662922,45.88,66.64,359.45,512,384,BGR888p,,,,,
163.4204,detections,4868,170.662922,45.86,66.64,359.5,,,,4,56:0.88 39:0.79 56:0.63 39:0.63,,,
163.4682,frame,4869,170.696245,47.82,33.32,373.94,512,384,BGR888p,,,,,
163.4682,detections,4869,170.696245,47.82,33.32,374.0,,,,5,56:0.88 39:0.77 56:0.77 39:0.59 67:0.52,,,
163.5168,frame,4871,170.762888,48.65,66.64,355.96,512,384,BGR888p,,,,,
163.5169,detections,4871,170.762888,48.67,66.64,356.02,,,,3,56:0.89 56:0.73 39:0.65,,,
163.5614,frame,4872,170.796211,44.59,33.32,367.23,512,384,BGR888p,,,,,
163.5615,detections,4872,170.796211,44.61,33.32,367.3,,,,3,56:0.88 39:0.81 56:0.61,,,
163.6072,frame,4873,170.829531,45.83,33.32,379.75,512,384,BGR888p,,,,,
163.6074,detections,4873,170.829531,45.91,33.32,379.9,,,,3,56:0.85 39:0.80 39:0.68,,,
163.6529,frame,4875,170.896176,45.61,66.64,358.72,512,384,BGR888p,,,,,
163.653,detections,4875,170.896176,45.54,66.64,358.8,,,,4,56:0.85 39:0.73 56:0.57 39:0.55,,,
163.7014,frame,4876,170.929498,48.5,33.32,373.89,512,384,BGR888p,,,,,
163.7015,detections,4876,170.929498,48.5,33.32,373.97,,,,4,56:0.85 39:0.79 39:0.68 39:0.61,,,
163.7489,frame,4878,170.996141,47.55,66.64,354.8,512,384,BGR888p,,,,,
163.749,detections,4878,170.996141,47.55,66.64,354.88,,,,5,56:0.88 39:0.81 39:0.56 39:0.55 56:0.52,,,
163.7952,frame,4879,171.029465,46.29,33.32,367.78,512,384,BGR888p,,,,,
163.7953,detections,4879,171.029465,46.31,33.32,367.86,,,,5,56:0.87 39:0.66 39:0.60 39:0.51 67:0.51,,,
163.841,frame,4880,171.062784,45.8,33.32,380.23,512,384,BGR888p,,,,,
163.8411,detections,4880,171.062784,45.76,33.32,380.29,,,,2,56:0.90 39:0.58,,,
163.887,frame,4882,171.12943,45.97,66.65,362.39,512,384,BGR888p,,,,,
163.887,detections,4882,171.12943,45.96,66.65,362.45,,,,3,56:0.90 39:0.60 60:0.54,,,
163.9346,frame,4883,171.162754,47.66,33.32,376.73,512,384,BGR888p,,,,,
163.9347,detections,4883,171.162754,47.66,33.32,376.78,,,,2,56:0.90 39:0.56,,,
163.9808,frame,4885,171.229394,46.18,66.64,356.25,512,384,BGR888p,,,,,
163.9811,detections,4885,171.229394,46.37,66.64,356.52,,,,3,56:0.92 39:0.55 67:0.52,,,
164.0275,frame,4886,171.262719,46.68,33.32,369.62,512,384,BGR888p,,,,,
164.0276,detections,4886,171.262719,46.57,33.32,369.76,,,,1,56:0.90,,,
164.0731,frame,4887,171.296038,45.59,33.32,381.89,512,384,BGR888p,,,,,
164.0731,detections,4887,171.296038,45.51,33.32,381.94,,,,1,56:0.60,,,
164.0732,system,0,,978.08,,,,,,,,50.25,35.0,17.6
164.1209,frame,4889,171.362682,47.86,66.64,363.11,512,384,BGR888p,,,,,
164.121,detections,4889,171.362682,47.86,66.64,363.16,,,,1,56:0.70,,,
164.1675,frame,4890,171.396006,46.61,33.32,376.39,512,384,BGR888p,,,,,
164.1676,detections,4890,171.396006,46.61,33.32,376.44,,,,1,56:0.84,,,
164.216,frame,4892,171.462647,48.47,66.64,358.22,512,384,BGR888p,,,,,
164.2161,detections,4892,171.462647,48.48,66.64,358.28,,,,1,56:0.60,,,
164.2606,frame,4893,171.49597,44.63,33.32,369.53,512,384,BGR888p,,,,,
164.2608,detections,4893,171.49597,44.71,33.32,369.67,,,,1,56:0.65,,,
164.3064,frame,4894,171.529291,45.81,33.32,382.03,512,384,BGR888p,,,,,
164.3065,detections,4894,171.529291,45.74,33.32,382.08,,,,0,,,,
164.3527,frame,4896,171.595936,46.22,66.64,361.6,512,384,BGR888p,,,,,
164.3527,detections,4896,171.595936,46.22,66.64,361.66,,,,2,56:0.52 56:0.52,,,
164.4003,frame,4897,171.629258,47.61,33.32,375.91,512,384,BGR888p,,,,,
164.4004,detections,4897,171.629258,47.69,33.32,376.02,,,,3,56:0.65 62:0.58 24:0.56,,,
164.449,frame,4899,171.695901,48.75,66.64,357.99,512,384,BGR888p,,,,,
164.4491,detections,4899,171.695901,48.67,66.64,358.05,,,,3,56:0.85 24:0.66 62:0.64,,,
164.4941,frame,4900,171.729223,45.12,33.32,369.78,512,384,BGR888p,,,,,
164.4942,detections,4900,171.729223,45.12,33.32,369.84,,,,2,56:0.75 56:0.52,,,
164.5388,frame,4901,171.762544,44.63,33.32,381.1,512,384,BGR888p,,,,,
164.5389,detections,4901,171.762544,44.63,33.32,381.16,,,,0,,,,
164.5861,frame,4903,171.829189,47.34,66.65,361.8,512,384,BGR888p,,,,,
164.5867,detections,4903,171.829189,47.85,66.65,362.37,,,,0,,,,
164.634,frame,4904,171.862511,47.84,33.32,376.32,512,384,BGR888p,,,,,
164.6352,detections,4904,171.862511,48.51,33.32,377.55,,,,0,,,,
164.6819,frame,4906,171.929154,47.9,66.64,357.57,512,384,BGR888p,,,,,
164.6819,detections,4906,171.929154,46.72,66.64,357.63,,,,1,0:0.55,,,
164.7272,frame,4907,171.962479,45.34,33.32,369.58,512,384,BGR888p,,,,,
164.7273,detections,4907,171.962479,45.34,33.32,369.64,,,,0,,,,
164.7716,frame,4908,171.995797,44.35,33.32,380.62,512,384,BGR888p,,,,,
164.7716,detections,4908,171.995797,44.35,33.32,380.67,,,,0,,,,
164.8197,frame,4910,172.062442,48.16,66.64,362.13,512,384,BGR888p,,,,,
164.8198,detections,4910,172.062442,48.16,66.64,362.18,,,,1,60:0.53,,,
164.8674,frame,4911,172.095766,47.64,33.32,376.44,512,384,BGR888p,,,,,
164.8674,detections,4911,172.095766,47.63,33.32,376.49,,,,1,56:0.77,,,
164.9161,frame,4913,172.162407,48.77,66.64,358.57,512,384,BGR888p,,,,,
164.9162,detections,4913,172.162407,48.77,66.64,358.62,,,,2,56:0.77 24:0.58,,,
164.9636,frame,4914,172.195732,47.45,33.32,372.71,512,384,BGR888p,,,,,
164.9636,detections,4914,172.195732,47.47,33.32,372.76,,,,3,56:0.67 0:0.58 67:0.57,,,
165.0076,frame,4915,172.22905,44.04,33.32,383.44,512,384,BGR888p,,,,,
165.0077,detections,4915,172.22905,44.05,33.32,383.49,,,,0,,,,
165.0534,frame,4917,172.295696,45.79,66.65,362.62,512,384,BGR888p,,,,,
165.0535,detections,4917,172.295696,45.83,66.65,362.67,,,,0,,,,
165.0999,frame,4918,172.329017,46.49,33.32,375.76,512,384,BGR888p,,,,,
165.1,detections,4918,172.329017,46.46,33.32,375.82,,,,0,,,,
165.1,system,0,,1026.85,,,,,,,,50.47,34.6,17.5
165.149,frame,4920,172.395661,49.08,66.64,358.19,512,384,BGR888p,,,,,
165.1491,detections,4920,172.395661,49.07,66.64,358.25,,,,0,,,,
165.1942,frame,4921,172.428985,45.25,33.32,370.12,512,384,BGR888p,,,,,
165.1943,detections,4921,172.428985,45.27,33.32,370.19,,,,3,56:0.83 24:0.53 67:0.50,,,
165.2395,frame,4922,172.462303,45.3,33.32,382.09,512,384,BGR888p,,,,,
165.2396,detections,4922,172.462303,45.27,33.32,382.15,,,,2,56:0.80 0:0.51,,,
165.2854,frame,4924,172.528948,45.92,66.65,361.37,512,384,BGR888p,,,,,
165.2855,detections,4924,172.528948,45.92,66.65,361.42,,,,1,56:0.67,,,
165.3338,frame,4925,172.562271,48.31,33.32,376.36,512,384,BGR888p,,,,,
165.3338,detections,4925,172.562271,48.31,33.32,376.41,,,,1,56:0.59,,,
165.3806,frame,4927,172.628913,46.83,66.64,356.55,512,384,BGR888p,,,,,
165.3807,detections,4927,172.628913,46.83,66.64,356.6,,,,3,56:0.69 60:0.53 67:0.50,,,
165.4271,frame,4928,172.662238,46.52,33.32,369.74,512,384,BGR888p,,,,,
165.4272,detections,4928,172.662238,46.52,33.32,369.8,,,,3,56:0.66 67:0.54 24:0.52,,,
165.4724,frame,4929,172.695557,45.26,33.32,381.68,512,384,BGR888p,,,,,
165.4724,detections,4929,172.695557,45.26,33.32,381.74,,,,2,56:0.76 67:0.53,,,
165.5182,frame,4931,172.762203,45.8,66.65,360.82,512,384,BGR888p,,,,,
165.5182,detections,4931,172.762203,45.78,66.65,360.9,,,,2,56:0.78 24:0.62,,,
165.5666,frame,4932,172.795524,48.4,33.32,375.9,512,384,BGR888p,,,,,
165.5666,detections,4932,172.795524,48.4,33.32,375.95,,,,3,56:0.59 0:0.59 65:0.54,,,
165.6127,frame,4934,172.862167,46.14,66.64,355.41,512,384,BGR888p,,,,,
165.6135,detections,4934,172.862167,46.89,66.64,356.2,,,,0,,,,
165.6594,frame,4935,172.895493,46.67,33.33,368.78,512,384,BGR888p,,,,,
165.6596,detections,4935,172.895493,46.04,33.33,368.92,,,,0,,,,
165.7053,frame,4936,172.928817,45.95,33.32,381.41,512,384,BGR888p,,,,,
165.7054,detections,4936,172.928817,45.88,33.32,381.47,,,,1,0:0.63,,,
165.7514,frame,4938,172.995455,46.08,66.64,360.83,512,384,BGR888p,,,,,
165.7515,detections,4938,172.995455,46.05,66.64,360.88,,,,2,56:0.59 0:0.56,,,
165.8001,frame,4939,173.028778,48.68,33.32,376.18,512,384,BGR888p,,,,,
165.8002,detections,4939,173.028778,48.68,33.32,376.24,,,,2,56:0.61 24:0.55,,,
165.8474,frame,4941,173.09542,47.3,66.64,356.83,512,384,BGR888p,,,,,
165.8475,detections,4941,173.09542,47.36,66.64,356.96,,,,1,56:0.80,,,
165.8938,frame,4942,173.128745,46.45,33.33,369.96,512,384,BGR888p,,,,,
165.8939,detections,4942,173.128745,46.39,33.33,370.02,,,,1,56:0.79,,,
165.9397,frame,4943,173.162067,45.82,33.32,382.46,512,384,BGR888p,,,,,
165.9397,detections,4943,173.162067,45.82,33.32,382.52,,,,2,56:0.87 67:0.54,,,
165.9861,frame,4945,173.228708,46.44,66.64,362.26,512,384,BGR888p,,,,,
165.9862,detections,4945,173.228708,46.44,66.64,362.32,,,,1,56:0.60,,,
166.0334,frame,4946,173.26203,47.31,33.32,376.27,512,384,BGR888p,,,,,
166.0335,detections,4946,173.26203,47.33,33.32,376.32,,,,2,56:0.84 24:0.53,,,
166.0813,frame,4948,173.328673,47.88,66.64,357.49,512,384,BGR888p,,,,,
166.0814,detections,4948,173.328673,47.86,66.64,357.54,,,,2,56:0.84 24:0.57,,,
166.0814,system,0,,981.39,,,,,,,,50.42,33.6,16.4
166.1266,frame,4949,173.361996,45.3,33.32,369.46,512,384,BGR888p,,,,,
166.1267,detections,4949,173.361996,45.29,33.32,369.51,,,,2,56:0.85 62:0.51,,,
166.1725,frame,4950,173.395317,45.87,33.32,382.03,512,384,BGR888p,,,,,
166.1726,detections,4950,173.395317,45.91,33.32,382.11,,,,1,56:0.80,,,
166.2197,frame,4952,173.461961,47.23,66.64,362.61,512,384,BGR888p,,,,,
166.2198,detections,4952,173.461961,47.22,66.64,362.68,,,,2,56:0.80 62:0.52,,,
166.2664,frame,4953,173.495284,46.72,33.32,376.01,512,384,BGR888p,,,,,
166.2665,detections,4953,173.495284,46.73,33.32,376.09,,,,2,56:0.81 24:0.53,,,
166.3149,frame,4955,173.561926,48.49,66.64,357.85,512,384,BGR888p,,,,,
166.315,detections,4955,173.561926,48.49,66.64,357.94,,,,3,56:0.85 62:0.60 62:0.54,,,
166.3613,frame,4956,173.595249,46.39,33.32,370.95,512,384,BGR888p,,,,,
166.3614,detections,4956,173.595249,46.42,33.32,371.03,,,,2,56:0.86 62:0.52,,,
166.4074,frame,4957,173.62857,46.15,33.32,383.75,512,384,BGR888p,,,,,
166.4075,detections,4957,173.62857,46.12,33.32,383.83,,,,4,56:0.82 62:0.54 74:0.51 62:0.50,,,
166.453,frame,4959,173.695216,45.52,66.65,362.63,512,384,BGR888p,,,,,
166.4531,detections,4959,173.695216,45.52,66.65,362.71,,,,2,56:0.86 24:0.53,,,
166.5002,frame,4960,173.728537,47.26,33.32,376.61,512,384,BGR888p,,,,,
166.5004,detections,4960,173.728537,47.31,33.32,376.7,,,,2,56:0.88 0:0.63,,,
166.549,frame,4962,173.79518,48.83,66.64,358.74,512,384,BGR888p,,,,,
166.5491,detections,4962,173.79518,48.76,66.64,358.81,,,,2,56:0.86 62:0.52,,,
166.5967,frame,4963,173.828505,47.63,33.33,373.04,512,384,BGR888p,,,,,
166.5967,detections,4963,173.828505,47.62,33.33,373.09,,,,2,56:0.82 24:0.54,,,
166.6445,frame,4964,173.861823,47.81,33.32,387.56,512,384,BGR888p,,,,,
166.6446,detections,4964,173.861823,47.84,33.32,387.62,,,,2,56:0.63 24:0.53,,,
166.6884,frame,4966,173.928468,43.93,66.65,364.81,512,384,BGR888p,,,,,
166.6885,detections,4966,173.928468,43.95,66.65,364.92,,,,2,56:0.88 62:0.65,,,
166.7342,frame,4967,173.96179,45.75,33.32,377.27,512,384,BGR888p,,,,,
166.7343,detections,4967,173.96179,45.79,33.32,377.4,,,,4,56:0.87 62:0.62 62:0.60 74:0.55,,,
166.7838,frame,4969,174.028433,49.64,66.64,360.25,512,384,BGR888p,,,,,
166.7839,detections,4969,174.028433,49.56,66.64,360.32,,,,1,56:0.90,,,
166.8319,frame,4970,174.061756,48.11,33.32,375.04,512,384,BGR888p,,,,,
166.832,detections,4970,174.061756,48.12,33.32,375.11,,,,5,56:0.86 74:0.63 62:0.55 62:0.52 24:0.50,,,
166.8778,frame,4971,174.095076,45.86,33.32,387.58,512,384,BGR888p,,,,,
166.8779,detections,4971,174.095076,45.86,33.32,387.65,,,,3,56:0.85 74:0.65 62:0.54,,,
166.9225,frame,4973,174.161723,44.73,66.65,365.66,512,384,BGR888p,,,,,
166.9226,detections,4973,174.161723,44.74,66.65,365.75,,,,2,56:0.84 62:0.51,,,
166.9696,frame,4974,174.195053,47.07,33.33,379.39,512,384,BGR888p,,,,,
166.9698,detections,4974,174.195053,47.15,33.33,379.57,,,,2,56:0.84 24:0.54,,,
167.0169,frame,4976,174.261687,47.34,66.63,360.11,512,384,BGR888p,,,,,
167.017,detections,4976,174.261687,47.26,66.63,360.19,,,,1,56:0.90,,,
167.0656,frame,4977,174.295009,48.7,33.32,375.5,512,384,BGR888p,,,,,
167.0657,detections,4977,174.295009,48.7,33.32,375.58,,,,2,56:0.89 26:0.50,,,
167.1123,frame,4978,174.328329,46.7,33.32,388.87,512,384,BGR888p,,,,,
167.113,detections,4978,174.328329,47.26,33.32,389.52,,,,1,56:0.84,,,
167.1131,system,0,,1031.64,,,,,,,,50.2,34.4,17.3
167.1588,frame,4980,174.394975,46.46,66.65,368.67,512,384,BGR888p,,,,,
167.1589,detections,4980,174.394975,45.89,66.65,368.76,,,,2,56:0.82 62:0.58,,,
167.2052,frame,4981,174.42831,46.4,33.34,381.77,512,384,BGR888p,,,,,
167.2053,detections,4981,174.42831,46.43,33.34,381.86,,,,3,56:0.80 24:0.53 62:0.53,,,
167.2518,frame,4983,174.494939,46.65,66.63,361.77,512,384,BGR888p,,,,,
167.2519,detections,4983,174.494939,46.62,66.63,361.85,,,,2,56:0.67 56:0.52,,,
167.2989,frame,4984,174.528262,47.04,33.32,375.49,512,384,BGR888p,,,,,
167.299,detections,4984,174.528262,47.03,33.32,375.55,,,,1,56:0.84,,,
167.3478,frame,4986,174.594905,48.92,66.64,357.75,512,384,BGR888p,,,,,
167.3478,detections,4986,174.594905,48.89,66.64,357.79,,,,2,56:0.89 24:0.58,,,
167.3952,frame,4987,174.628232,47.4,33.33,371.83,512,384,BGR888p,,,,,
167.3953,detections,4987,174.628232,47.42,33.33,371.89,,,,2,56:0.83 24:0.68,,,
167.4438,frame,4988,174.661548,48.6,33.32,387.11,512,384,BGR888p,,,,,
167.4439,detections,4988,174.661548,48.59,33.32,387.17,,,,2,56:0.88 24:0.70,,,
167.4894,frame,4990,174.728193,45.61,66.64,366.07,512,384,BGR888p,,,,,
167.4895,detections,4990,174.728193,45.59,66.64,366.12,,,,1,56:0.73,,,
167.5369,frame,4991,174.761515,47.53,33.32,380.28,512,384,BGR888p,,,,,
167.537,detections,4991,174.761515,47.53,33.32,380.33,,,,2,56:0.85 24:0.59,,,
167.5839,frame,4993,174.828158,46.93,66.64,360.58,512,384,BGR888p,,,,,
167.584,detections,4993,174.828158,46.96,66.64,360.64,,,,0,,,,
167.6316,frame,4994,174.861483,47.72,33.32,374.97,512,384,BGR888p,,,,,
167.6317,detections,4994,174.861483,47.71,33.32,375.03,,,,1,56:0.78,,,
167.6795,frame,4995,174.894801,47.9,33.32,389.55,512,384,BGR888p,,,,,
167.6802,detections,4995,174.894801,48.56,33.32,390.28,,,,1,56:0.74,,,
167.7261,frame,4997,174.961446,46.58,66.64,369.53,512,384,BGR888p,,,,,
167.7262,detections,4997,174.961446,46.0,66.64,369.66,,,,0,,,,
167.7715,frame,4998,174.994769,45.45,33.32,381.63,512,384,BGR888p,,,,,
167.7716,detections,4998,174.994769,45.4,33.32,381.71,,,,0,,,,
167.8179,frame,5000,175.061412,46.38,66.64,361.37,512,384,BGR888p,,,,,
167.818,detections,5000,175.061412,46.37,66.64,361.44,,,,2,28:0.56 56:0.55,,,
167.8648,frame,5001,175.094734,46.94,33.32,374.98,512,384,BGR888p,,,,,
167.8649,detections,5001,175.094734,46.94,33.32,375.06,,,,2,56:0.59 28:0.57,,,
167.9134,frame,5003,175.161377,48.58,66.64,356.97,512,384,BGR888p,,,,,
167.9136,detections,5003,175.161377,48.68,66.64,357.1,,,,3,56:0.78 39:0.71 28:0.52,,,
167.9598,frame,5004,175.194703,46.42,33.33,370.04,512,384,BGR888p,,,,,
167.96,detections,5004,175.194703,46.35,33.33,370.12,,,,2,56:0.82 39:0.74,,,
168.0043,frame,5005,175.228021,44.49,33.32,381.19,512,384,BGR888p,,,,,
168.0044,detections,5005,175.228021,44.47,33.32,381.27,,,,3,56:0.85 39:0.77 39:0.52,,,
168.051,frame,5007,175.294665,46.66,66.64,361.21,512,384,BGR888p,,,,,
168.0511,detections,5007,175.294665,46.66,66.64,361.29,,,,3,56:0.84 39:0.74 39:0.63,,,
168.0995,frame,5008,175.327988,48.54,33.32,376.42,512,384,BGR888p,,,,,
168.0996,detections,5008,175.327988,48.54,33.32,376.5,,,,2,39:0.69 56:0.67,,,
168.0997,system,0,,986.65,,,,,,,,50.75,34.1,16.9
168.1474,frame,5010,175.39463,47.91,66.64,357.68,512,384,BGR888p,,,,,
168.1475,detections,5010,175.39463,47.89,66.64,357.75,,,,2,56:0.83 39:0.63,,,
168.1944,frame,5011,175.427954,46.91,33.32,371.27,512,384,BGR888p,,,,,
168.1944,detections,5011,175.427954,46.91,33.32,371.32,,,,4,56:0.89 39:0.81 39:0.60 39:0.51,,,
168.2397,frame,5012,175.461275,45.36,33.32,383.31,512,384,BGR888p,,,,,
168.2398,detections,5012,175.461275,45.35,33.32,383.36,,,,3,56:0.89 39:0.74 39:0.67,,,
168.2859,frame,5014,175.52792,46.14,66.64,362.81,512,384,BGR888p,,,,,
168.2859,detections,5014,175.52792,46.15,66.64,362.86,,,,3,56:0.86 39:0.80 39:0.58,,,
168.3312,frame,5015,175.561241,45.33,33.32,374.87,512,384,BGR888p,,,,,
168.3314,detections,5015,175.561241,45.45,33.32,375.0,,,,4,56:0.88 39:0.82 39:0.65 39:0.59,,,
168.3795,frame,5017,175.627884,48.33,66.64,356.5,512,384,BGR888p,,,,,
168.3803,detections,5017,175.627884,48.9,66.64,357.27,,,,4,56:0.89 39:0.81 39:0.62 39:0.59,,,
168.4264,frame,5018,175.661208,46.88,33.32,370.05,512,384,BGR888p,,,,,
168.4271,detections,5018,175.661208,46.82,33.32,370.75,,,,4,56:0.89 39:0.84 39:0.58 56:0.57,,,
168.4714,frame,5019,175.694527,44.99,33.32,381.74,512,384,BGR888p,,,,,
168.4715,detections,5019,175.694527,44.39,33.32,381.83,,,,5,56:0.86 39:0.81 62:0.62 39:0.57 41:0.57,,,
168.5178,frame,5021,175.761172,46.38,66.64,361.49,512,384,BGR888p,,,,,
168.5179,detections,5021,175.761172,46.38,66.64,361.56,,,,3,56:0.83 39:0.79 39:0.56,,,
168.5647,frame,5022,175.794495,46.98,33.32,375.12,512,384,BGR888p,,,,,
168.5648,detections,5022,175.794495,46.96,33.32,375.2,,,,2,56:0.85 39:0.83,,,
168.6117,frame,5024,175.861137,46.97,66.64,355.44,512,384,BGR888p,,,,,
168.6123,detections,5024,175.861137,47.44,66.64,356.0,,,,3,56:0.93 39:0.78 39:0.50,,,
168.6581,frame,5025,175.894459,46.36,33.32,368.48,512,384,BGR888p,,,,,
168.6582,detections,5025,175.894459,45.88,33.32,368.56,,,,3,56:0.91 39:0.79 39:0.56,,,
168.704,frame,5026,175.92778,45.98,33.32,381.14,512,384,BGR888p,,,,,
168.7041,detections,5026,175.92778,45.98,33.32,381.22,,,,3,56:0.92 39:0.80 62:0.51,,,
168.7507,frame,5028,175.994425,46.69,66.64,361.18,512,384,BGR888p,,,,,
168.7509,detections,5028,175.994425,46.76,66.64,361.34,,,,4,56:0.91 39:0.79 62:0.60 39:0.58,,,
168.7987,frame,5029,176.027751,47.99,33.33,375.83,512,384,BGR888p,,,,,
168.7988,detections,5029,176.027751,47.89,33.33,375.89,,,,4,56:0.90 39:0.76 39:0.64 65:0.53,,,
168.8469,frame,5031,176.09439,48.22,66.64,357.41,512,384,BGR888p,,,,,
168.8476,detections,5031,176.09439,48.8,66.64,358.06,,,,2,56:0.80 39:0.58,,,
168.8927,frame,5032,176.127715,45.82,33.32,369.91,512,384,BGR888p,,,,,
168.8929,detections,5032,176.127715,45.26,33.32,370.0,,,,2,56:0.76 39:0.57,,,
168.9384,frame,5033,176.161033,45.65,33.32,382.25,512,384,BGR888p,,,,,
168.9385,detections,5033,176.161033,45.65,33.32,382.33,,,,0,,,,
168.9843,frame,5035,176.227678,45.93,66.64,361.53,512,384,BGR888p,,,,,
168.9844,detections,5035,176.227678,45.93,66.64,361.62,,,,2,39:0.62 56:0.58,,,
169.0313,frame,5036,176.261,47.0,33.32,375.22,512,384,BGR888p,,,,,
169.0314,detections,5036,176.261,47.01,33.32,375.31,,,,4,56:0.85 39:0.77 39:0.60 39:0.60,,,
169.0798,frame,5038,176.327643,48.51,66.64,357.12,512,384,BGR888p,,,,,
169.08,detections,5038,176.327643,48.56,66.64,357.22,,,,5,56:0.78 39:0.74 39:0.59 39:0.57 41:0.54,,,
169.0801,system,0,,980.39,,,,,,,,50.42,34.2,17.0
169.1238,frame,5039,176.360967,43.98,33.32,367.74,512,384,BGR888p,,,,,
169.1239,detections,5039,176.360967,43.92,33.32,367.82,,,,2,56:0.54 39:0.51,,,
169.1693,frame,5040,176.394286,45.43,33.32,379.86,512,384,BGR888p,,,,,
169.1694,detections,5040,176.394286,45.45,33.32,379.95,,,,1,39:0.67,,,
169.216,frame,5042,176.460932,46.74,66.65,359.94,512,384,BGR888p,,,,,
169.2161,detections,5042,176.460932,46.71,66.65,360.01,,,,0,,,,
169.2647,frame,5043,176.494253,48.73,33.32,375.35,512,384,BGR888p,,,,,
169.2648,detections,5043,176.494253,48.75,33.32,375.44,,,,0,,,,
169.3107,frame,5045,176.560896,46.01,66.64,354.71,512,384,BGR888p,,,,,
169.3108,detections,5045,176.560896,45.99,66.64,354.77,,,,0,,,,
169.3576,frame,5046,176.594219,46.9,33.32,368.29,512,384,BGR888p,,,,,
169.3577,detections,5046,176.594219,46.9,33.32,368.35,,,,0,,,,
169.4036,frame,5047,176.627539,45.92,33.32,380.89,512,384,BGR888p,,,,,
169.4036,detections,5047,176.627539,45.92,33.32,380.94,,,,1,39:0.50,,,
169.4496,frame,5049,176.694184,46.0,66.64,360.24,512,384,BGR888p,,,,,
169.4496,detections,5049,176.694184,46.0,66.64,360.31,,,,3,39:0.54 72:0.51 39:0.50,,,
169.4975,frame,5050,176.727507,47.98,33.32,374.9,512,384,BGR888p,,,,,
169.4976,detections,5050,176.727507,47.99,33.32,374.98,,,,3,39:0.61 39:0.60 41:0.55,,,
169.5482,frame,5052,176.794149,50.67,66.64,358.92,512,384,BGR888p,,,,,
169.5483,detections,5052,176.794149,50.66,66.64,359.0,,,,1,39:0.65,,,
169.5936,frame,5053,176.827474,45.4,33.32,371.0,512,384,BGR888p,,,,,
169.5937,detections,5053,176.827474,45.42,33.32,371.09,,,,0,,,,
169.6391,frame,5054,176.860793,45.51,33.32,383.17,512,384,BGR888p,,,,,
169.6392,detections,5054,176.860793,45.47,33.32,383.23,,,,0,,,,
169.6852,frame,5056,176.927439,46.1,66.65,362.67,512,384,BGR888p,,,,,
169.6854,detections,5056,176.927439,46.18,66.65,362.76,,,,0,,,,
169.7335,frame,5057,176.960762,48.28,33.32,377.61,512,384,BGR888p,,,,,
169.7336,detections,5057,176.960762,48.23,33.32,377.67,,,,2,39:0.73 39:0.64,,,
169.7801,frame,5059,177.027402,46.65,66.64,357.61,512,384,BGR888p,,,,,
169.7803,detections,5059,177.027402,46.69,66.64,357.76,,,,2,39:0.74 39:0.72,,,
169.8297,frame,5060,177.060726,49.54,33.32,373.82,512,384,BGR888p,,,,,
169.8298,detections,5060,177.060726,49.48,33.32,373.88,,,,0,,,,
169.8758,frame,5061,177.094046,46.13,33.32,386.64,512,384,BGR888p,,,,,
169.8759,detections,5061,177.094046,46.14,33.32,386.7,,,,0,,,,
169.9204,frame,5063,177.160691,44.64,66.65,364.62,512,384,BGR888p,,,,,
169.9205,detections,5063,177.160691,44.64,66.65,364.69,,,,0,,,,
169.9661,frame,5064,177.194014,45.68,33.32,376.98,512,384,BGR888p,,,,,
169.9662,detections,5064,177.194014,45.67,33.32,377.05,,,,0,,,,
170.016,frame,5066,177.260656,49.85,66.64,360.2,512,384,BGR888p,,,,,
170.0161,detections,5066,177.260656,49.87,66.64,360.28,,,,0,,,,
170.0631,frame,5067,177.293985,47.15,33.33,374.02,512,384,BGR888p,,,,,
170.0632,detections,5067,177.293985,47.15,33.33,374.11,,,,0,,,,
170.1097,frame,5069,177.360622,46.57,66.64,353.94,512,384,BGR888p,,,,,
170.1098,detections,5069,177.360622,46.55,66.64,354.0,,,,0,,,,
170.1098,system,0,,1029.72,,,,,,,,50.31,35.2,16.9
170.1571,frame,5070,177.393944,47.44,33.32,368.06,512,384,BGR888p,,,,,
170.1572,detections,5070,177.393944,47.44,33.32,368.12,,,,0,,,,
170.2012,frame,5071,177.427275,44.07,33.33,378.8,512,384,BGR888p,,,,,
170.2013,detections,5071,177.427275,44.07,33.33,378.86,,,,0,,,,
170.2482,frame,5073,177.493909,46.98,66.63,359.14,512,384,BGR888p,,,,,
170.2483,detections,5073,177.493909,46.97,66.63,359.2,,,,0,,,,
170.2963,frame,5074,177.527234,48.1,33.32,373.91,512,384,BGR888p,,,,,
170.2963,detections,5074,177.527234,48.09,33.32,373.96,,,,1,63:0.60,,,
170.3419,frame,5075,177.560552,45.66,33.32,386.26,512,384,BGR888p,,,,,
170.342,detections,5075,177.560552,45.67,33.32,386.32,,,,1,63:0.62,,,
170.3861,frame,5077,177.627202,44.19,66.65,363.8,512,384,BGR888p,,,,,
170.3862,detections,5077,177.627202,44.19,66.65,363.86,,,,1,63:0.66,,,
170.433,frame,5078,177.66052,46.84,33.32,377.33,512,384,BGR888p,,,,,
170.4335,detections,5078,177.66052,47.3,33.32,377.85,,,,1,63:0.67,,,
170.4808,frame,5080,177.727163,47.87,66.64,358.54,512,384,BGR888p,,,,,
170.4809,detections,5080,177.727163,47.39,66.64,358.59,,,,2,63:0.87 73:0.60,,,
170.529,frame,5081,177.760485,48.15,33.32,373.38,512,384,BGR888p,,,,,
170.5291,detections,5081,177.760485,48.17,33.32,373.44,,,,2,63:0.90 65:0.52,,,
170.5751,frame,5083,177.827128,46.07,66.64,352.81,512,384,BGR888p,,,,,
170.5751,detections,5083,177.827128,46.07,66.64,352.87,,,,3,63:0.95 64:0.69 65:0.50,,,
170.6199,frame,5084,177.860453,44.86,33.33,364.35,512,384,BGR888p,,,,,
170.62,detections,5084,177.860453,44.86,33.33,364.4,,,,2,63:0.95 64:0.76,,,
170.6654,frame,5085,177.893773,45.47,33.32,376.5,512,384,BGR888p,,,,,
170.6655,detections,5085,177.893773,45.47,33.32,376.56,,,,3,63:0.94 64:0.81 66:0.51,,,
170.715,frame,5087,177.960417,49.61,66.64,359.47,512,384,BGR888p,,,,,
170.7151,detections,5087,177.960417,49.61,66.64,359.52,,,,2,63:0.94 64:0.82,,,
170.7631,frame,5088,177.993739,48.06,33.32,374.21,512,384,BGR888p,,,,,
170.7632,detections,5088,177.993739,48.06,33.32,374.26,,,,3,63:0.96 64:0.79 66:0.54,,,
170.8089,frame,5090,178.060381,45.86,66.64,353.43,512,384,BGR888p,,,,,
170.8091,detections,5090,178.060381,45.92,66.64,353.55,,,,2,63:0.96 64:0.85,,,
170.8567,frame,5091,178.093706,47.78,33.32,367.88,512,384,BGR888p,,,,,
170.8568,detections,5091,178.093706,47.72,33.32,367.93,,,,3,63:0.95 64:0.76 65:0.55,,,
170.902,frame,5092,178.127032,45.26,33.33,379.81,512,384,BGR888p,,,,,
170.9021,detections,5092,178.127032,45.26,33.33,379.87,,,,3,63:0.95 64:0.74 66:0.55,,,
170.9488,frame,5094,178.193669,46.82,66.64,360.0,512,384,BGR888p,,,,,
170.9489,detections,5094,178.193669,46.82,66.64,360.05,,,,1,63:0.97,,,
170.997,frame,5095,178.226991,48.19,33.32,374.88,512,384,BGR888p,,,,,
170.9971,detections,5095,178.226991,48.2,33.32,374.93,,,,1,63:0.95,,,
171.0446,frame,5096,178.260312,47.61,33.32,389.16,512,384,BGR888p,,,,,
171.0447,detections,5096,178.260312,47.59,33.32,389.21,,,,2,63:0.95 73:0.53,,,
171.0911,frame,5098,178.326959,46.46,66.65,369.0,512,384,BGR888p,,,,,
171.0912,detections,5098,178.326959,46.49,66.65,369.05,,,,2,63:0.95 62:0.54,,,
171.0912,system,0,,981.39,,,,,,,,50.42,34.3,16.6
171.1368,frame,5099,178.360279,45.74,33.32,381.39,512,384,BGR888p,,,,,
171.1369,detections,5099,178.360279,45.71,33.32,381.44,,,,3,63:0.90 62:0.67 66:0.65,,,
171.183,frame,5101,178.426922,46.14,66.64,360.9,512,384,BGR888p,,,,,
171.183,detections,5101,178.426922,46.16,66.64,360.96,,,,2,63:0.83 62:0.76,,,
171.2297,frame,5102,178.460245,46.7,33.32,374.27,512,384,BGR888p,,,,,
171.2297,detections,5102,178.460245,46.69,33.32,374.33,,,,3,62:0.80 63:0.59 66:0.51,,,
171.278,frame,5104,178.526888,48.3,66.64,355.94,512,384,BGR888p,,,,,
171.278,detections,5104,178.526888,48.31,66.64,356.0,,,,1,62:0.69,,,
171.3232,frame,5105,178.560213,45.21,33.32,367.82,512,384,BGR888p,,,,,
171.3232,detections,5105,178.560213,45.21,33.32,367.92,,,,2,62:0.82 63:0.51,,,
171.3679,frame,5106,178.593531,44.72,33.32,379.21,512,384,BGR888p,,,,,
171.3679,detections,5106,178.593531,44.7,33.32,379.26,,,,1,62:0.75,,,
171.4155,frame,5108,178.660177,47.65,66.65,360.25,512,384,BGR888p,,,,,
171.4156,detections,5108,178.660177,47.69,66.65,360.3,,,,1,62:0.81,,,
171.4636,frame,5109,178.693498,48.05,33.32,374.96,512,384,BGR888p,,,,,
171.4637,detections,5109,178.693498,48.04,33.32,375.02,,,,2,62:0.81 62:0.51,,,
171.5113,frame,5111,178.760141,47.7,66.64,356.09,512,384,BGR888p,,,,,
171.5118,detections,5111,178.760141,48.17,66.64,356.62,,,,1,62:0.87,,,
171.5583,frame,5112,178.793467,46.99,33.33,369.69,512,384,BGR888p,,,,,
171.5584,detections,5112,178.793467,46.54,33.33,369.76,,,,1,62:0.91,,,
171.6035,frame,5113,178.826784,45.21,33.32,381.56,512,384,BGR888p,,,,,
171.6036,detections,5113,178.826784,45.18,33.32,381.62,,,,1,62:0.84,,,
171.6499,frame,5115,178.893429,46.38,66.64,361.3,512,384,BGR888p,,,,,
171.6499,detections,5115,178.893429,46.38,66.64,361.36,,,,1,62:0.62,,,
171.6976,frame,5116,178.926752,47.69,33.32,375.66,512,384,BGR888p,,,,,
171.6976,detections,5116,178.926752,47.68,33.32,375.71,,,,1,62:0.71,,,
171.746,frame,5118,178.993394,48.46,66.64,357.49,512,384,BGR888p,,,,,
171.7461,detections,5118,178.993394,48.47,66.64,357.54,,,,2,62:0.69 63:0.60,,,
171.7938,frame,5119,179.026718,47.75,33.32,371.91,512,384,BGR888p,,,,,
171.794,detections,5119,179.026718,47.91,33.32,372.13,,,,1,63:0.70,,,
171.8377,frame,5120,179.060038,43.97,33.32,382.55,512,384,BGR888p,,,,,
171.8378,detections,5120,179.060038,43.83,33.32,382.64,,,,1,63:0.65,,,
171.8836,frame,5122,179.126684,45.89,66.65,361.81,512,384,BGR888p,,,,,
171.8837,detections,5122,179.126684,45.87,66.65,361.86,,,,1,62:0.56,,,
171.9319,frame,5123,179.160004,48.28,33.32,376.76,512,384,BGR888p,,,,,
171.932,detections,5123,179.160004,48.26,33.32,376.81,,,,2,63:0.64 62:0.50,,,
171.9797,frame,5125,179.226649,47.84,66.65,357.96,512,384,BGR888p,,,,,
171.9798,detections,5125,179.226649,47.87,66.65,358.04,,,,2,62:0.67 62:0.58,,,
172.0274,frame,5126,179.259971,47.69,33.32,372.32,512,384,BGR888p,,,,,
172.0275,detections,5126,179.259971,47.66,33.32,372.37,,,,1,63:0.75,,,
172.0747,frame,5127,179.29329,47.22,33.32,386.22,512,384,BGR888p,,,,,
172.0747,detections,5127,179.29329,47.22,33.32,386.27,,,,2,62:0.62 63:0.55,,,
172.1219,frame,5129,179.359936,47.22,66.65,368.98,512,384,BGR888p,,,,,
172.122,detections,5129,179.359936,47.25,66.65,369.05,,,,1,63:0.71,,,
172.122,system,0,,1030.8,,,,,,,,50.36,34.5,17.0
172.1675,frame,5130,179.393258,45.6,33.32,381.25,512,384,BGR888p,,,,,
172.1675,detections,5130,179.393258,45.58,33.32,381.3,,,,1,62:0.65,,,
172.2144,frame,5132,179.459901,46.93,66.64,361.53,512,384,BGR888p,,,,,
172.2145,detections,5132,179.459901,46.94,66.64,361.59,,,,1,62:0.68,,,
172.2624,frame,5133,179.493223,48.01,33.32,376.22,512,384,BGR888p,,,,,
172.2625,detections,5133,179.493223,48.01,33.32,376.28,,,,1,62:0.77,,,
172.3099,frame,5134,179.526544,47.47,33.32,390.37,512,384,BGR888p,,,,,
172.31,detections,5134,179.526544,47.47,33.32,390.43,,,,1,62:0.71,,,
172.3564,frame,5136,179.593189,46.51,66.64,370.24,512,384,BGR888p,,,,,
172.3565,detections,5136,179.593189,46.51,66.64,370.29,,,,1,62:0.75,,,
172.4025,frame,5137,179.626518,46.11,33.33,383.01,512,384,BGR888p,,,,,
172.4026,detections,5137,179.626518,46.11,33.33,383.07,,,,1,62:0.76,,,
172.4485,frame,5139,179.693154,46.03,66.64,362.41,512,384,BGR888p,,,,,
172.4486,detections,5139,179.693154,46.03,66.64,362.47,,,,1,62:0.73,,,
172.4955,frame,5140,179.726476,46.98,33.32,376.07,512,384,BGR888p,,,,,
172.4956,detections,5140,179.726476,46.99,33.32,376.13,,,,1,62:0.60,,,
172.5437,frame,5142,179.793119,48.23,66.64,357.66,512,384,BGR888p,,,,,
172.5438,detections,5142,179.793119,48.23,66.64,357.72,,,,1,62:0.63,,,
172.5897,frame,5143,179.826445,45.93,33.33,370.3,512,384,BGR888p,,,,,
172.5901,detections,5143,179.826445,46.27,33.33,370.72,,,,1,62:0.54,,,
172.6347,frame,5144,179.859762,44.98,33.32,381.92,512,384,BGR888p,,,,,
172.6347,detections,5144,179.859762,44.63,33.32,381.97,,,,1,62:0.53,,,
172.6803,frame,5146,179.926407,45.65,66.65,360.94,512,384,BGR888p,,,,,
172.6804,detections,5146,179.926407,45.68,66.65,361.01,,,,1,62:0.57,,,
172.7291,frame,5147,179.959729,48.8,33.32,376.41,512,384,BGR888p,,,,,
172.7292,detections,5147,179.959729,48.77,33.32,376.46,,,,1,62:0.56,,,
172.7767,frame,5149,180.026374,47.6,66.64,357.37,512,384,BGR888p,,,,,
172.7775,detections,5149,180.026374,48.37,66.64,358.19,,,,1,63:0.88,,,
172.8241,frame,5150,180.059698,47.42,33.32,371.48,512,384,BGR888p,,,,,
172.8242,detections,5150,180.059698,46.68,33.32,371.53,,,,1,63:0.90,,,
172.8691,frame,5151,180.093016,45.0,33.32,383.16,512,384,BGR888p,,,,,
172.8693,detections,5151,180.093016,45.1,33.32,383.32,,,,1,63:0.93,,,
172.9154,frame,5153,180.159661,46.28,66.64,362.82,512,384,BGR888p,,,,,
172.9155,detections,5153,180.159661,46.21,66.64,362.88,,,,1,63:0.96,,,
172.9623,frame,5154,180.192984,46.84,33.32,376.34,512,384,BGR888p,,,,,
172.9624,detections,5154,180.192984,46.84,33.32,376.4,,,,1,63:0.94,,,
173.0097,frame,5156,180.259626,47.46,66.64,357.13,512,384,BGR888p,,,,,
173.0103,detections,5156,180.259626,47.98,66.64,357.75,,,,1,63:0.96,,,
173.0569,frame,5157,180.292949,47.22,33.32,371.03,512,384,BGR888p,,,,,
173.057,detections,5157,180.292949,46.67,33.32,371.09,,,,2,63:0.96 62:0.55,,,
173.1025,frame,5158,180.326269,45.53,33.32,383.24,512,384,BGR888p,,,,,
173.1025,detections,5158,180.326269,45.52,33.32,383.28,,,,1,63:0.97,,,
173.1026,system,0,,980.57,,,,,,,,50.2,34.2,17.1
173.1482,frame,5160,180.392914,45.73,66.64,362.36,512,384,BGR888p,,,,,
173.1483,detections,5160,180.392914,45.79,66.64,362.44,,,,1,63:0.96,,,
173.1951,frame,5161,180.426236,46.93,33.32,375.93,512,384,BGR888p,,,,,
173.1952,detections,5161,180.426236,46.88,33.32,375.99,,,,1,63:0.96,,,
173.2422,frame,5163,180.492879,47.08,66.64,356.37,512,384,BGR888p,,,,,
173.2432,detections,5163,180.492879,48.04,66.64,357.42,,,,1,63:0.96,,,
173.2887,frame,5164,180.526202,46.47,33.32,369.52,512,384,BGR888p,,,,,
173.2888,detections,5164,180.526202,45.52,33.32,369.57,,,,1,63:0.96,,,
173.3343,frame,5165,180.559522,45.66,33.32,381.85,512,384,BGR888p,,,,,
173.3344,detections,5165,180.559522,45.65,33.32,381.9,,,,1,63:0.94,,,
173.3805,frame,5167,180.626168,46.12,66.65,361.33,512,384,BGR888p,,,,,
173.3805,detections,5167,180.626168,46.12,66.65,361.39,,,,1,63:0.93,,,
173.429,frame,5168,180.659489,48.49,33.32,376.49,512,384,BGR888p,,,,,
173.429,detections,5168,180.659489,48.49,33.32,376.55,,,,1,63:0.82,,,
173.4757,frame,5170,180.726132,46.74,66.64,356.6,512,384,BGR888p,,,,,
173.4758,detections,5170,180.726132,46.77,66.64,356.67,,,,2,62:0.83 62:0.55,,,
173.522,frame,5171,180.759457,46.33,33.32,369.6,512,384,BGR888p,,,,,
173.5221,detections,5171,180.759457,46.35,33.32,369.69,,,,1,62:0.64,,,
173.5677,frame,5172,180.792775,45.73,33.32,382.01,512,384,BGR888p,,,,,
173.5678,detections,5172,180.792775,45.7,33.32,382.07,,,,1,62:0.62,,,
173.6142,frame,5174,180.85942,46.41,66.64,361.79,512,384,BGR888p,,,,,
173.6142,detections,5174,180.85942,46.42,66.64,361.88,,,,1,0:0.70,,,
173.6621,frame,5175,180.892744,47.94,33.32,376.42,512,384,BGR888p,,,,,
173.6622,detections,5175,180.892744,47.96,33.32,376.47,,,,1,62:0.61,,,
173.7092,frame,5177,180.959385,47.14,66.64,356.95,512,384,BGR888p,,,,,
173.71,detections,5177,180.959385,47.84,66.64,357.73,,,,1,62:0.53,,,
173.7561,frame,5178,180.992709,46.9,33.32,370.46,512,384,BGR888p,,,,,
173.7562,detections,5178,180.992709,46.17,33.32,370.52,,,,1,62:0.55,,,
173.8023,frame,5179,181.026028,46.18,33.32,383.32,512,384,BGR888p,,,,,
173.8024,detections,5179,181.026028,46.18,33.32,383.38,,,,0,,,,
173.8491,frame,5181,181.092673,46.78,66.64,363.45,512,384,BGR888p,,,,,
173.8492,detections,5181,181.092673,46.78,66.64,363.51,,,,0,,,,
173.8959,frame,5182,181.125997,46.77,33.32,376.9,512,384,BGR888p,,,,,
173.896,detections,5182,181.125997,46.83,33.32,377.03,,,,0,,,,
173.943,frame,5184,181.192639,47.14,66.64,357.4,512,384,BGR888p,,,,,
173.9431,detections,5184,181.192639,47.09,66.64,357.46,,,,1,63:0.60,,,
173.9918,frame,5185,181.225962,48.83,33.32,372.89,512,384,BGR888p,,,,,
173.9919,detections,5185,181.225962,48.8,33.32,372.94,,,,1,62:0.62,,,
174.036,frame,5186,181.259282,44.21,33.32,383.78,512,384,BGR888p,,,,,
174.0361,detections,5186,181.259282,44.21,33.32,383.83,,,,2,63:0.56 62:0.55,,,
174.0824,frame,5188,181.325928,46.32,66.65,363.45,512,384,BGR888p,,,,,
174.0824,detections,5188,181.325928,46.32,66.65,363.5,,,,0,,,,
174.0824,system,0,,979.87,,,,,,,,50.64,34.0,16.9
174.1281,frame,5189,181.359249,45.7,33.32,375.84,512,384,BGR888p,,,,,
174.1281,detections,5189,181.359249,45.71,33.32,375.89,,,,1,62:0.53,,,
174.1753,frame,5191,181.425892,47.27,66.64,356.48,512,384,BGR888p,,,,,
174.1754,detections,5191,181.425892,47.29,66.64,356.53,,,,1,62:0.64,,,
174.2218,frame,5192,181.459214,46.44,33.32,369.61,512,384,BGR888p,,,,,
174.2219,detections,5192,181.459214,46.47,33.32,369.69,,,,0,,,,
174.268,frame,5193,181.492535,46.26,33.32,382.52,512,384,BGR888p,,,,,
174.2681,detections,5193,181.492535,46.21,33.32,382.57,,,,0,,,,
174.3141,frame,5195,181.55918,46.04,66.64,361.92,512,384,BGR888p,,,,,
174.3141,detections,5195,181.55918,46.05,66.64,361.98,,,,0,,,,
174.3616,frame,5196,181.592502,47.58,33.32,376.18,512,384,BGR888p,,,,,
174.3617,detections,5196,181.592502,47.58,33.32,376.24,,,,0,,,,
174.4084,frame,5198,181.659145,46.73,66.64,356.26,512,384,BGR888p,,,,,
174.4085,detections,5198,181.659145,46.73,66.64,356.33,,,,1,62:0.68,,,
174.4552,frame,5199,181.692468,46.8,33.32,369.74,512,384,BGR888p,,,,,
174.4552,detections,5199,181.692468,46.8,33.32,369.8,,,,1,62:0.69,,,
174.5009,frame,5200,181.725789,45.75,33.32,382.16,512,384,BGR888p,,,,,
174.501,detections,5200,181.725789,45.74,33.32,382.22,,,,1,62:0.57,,,
174.547,frame,5202,181.792434,46.06,66.64,361.58,512,384,BGR888p,,,,,
174.547,detections,5202,181.792434,46.06,66.64,361.63,,,,1,62:0.51,,,
174.5948,frame,5203,181.825755,47.82,33.32,376.07,512,384,BGR888p,,,,,
174.5949,detections,5203,181.825755,47.82,33.32,376.13,,,,1,62:0.65,,,
174.6433,frame,5205,181.892398,48.52,66.64,357.96,512,384,BGR888p,,,,,
174.6434,detections,5205,181.892398,48.53,66.64,358.02,,,,1,72:0.57,,,
174.6881,frame,5206,181.925722,44.77,33.32,369.39,512,384,BGR888p,,,,,
174.6881,detections,5206,181.925722,44.74,33.32,369.44,,,,0,,,,
174.7344,frame,5207,181.959042,46.35,33.32,382.42,512,384,BGR888p,,,,,
174.7345,detections,5207,181.959042,46.36,33.32,382.48,,,,0,,,,
174.78,frame,5209,182.025686,45.55,66.64,361.34,512,384,BGR888p,,,,,
174.7801,detections,5209,182.025686,45.55,66.64,361.39,,,,1,62:0.51,,,
174.8273,frame,5210,182.059009,47.3,33.32,375.3,512,384,BGR888p,,,,,
174.8273,detections,5210,182.059009,47.28,33.32,375.35,,,,1,62:0.58,,,
174.877,frame,5212,182.125651,49.73,66.64,358.38,512,384,BGR888p,,,,,
174.8771,detections,5212,182.125651,49.73,66.64,358.43,,,,1,62:0.62,,,
174.9231,frame,5213,182.158974,46.06,33.32,371.12,512,384,BGR888p,,,,,
174.9232,detections,5213,182.158974,46.12,33.32,371.23,,,,1,62:0.61,,,
174.9691,frame,5214,182.192295,46.05,33.32,383.86,512,384,BGR888p,,,,,
174.9692,detections,5214,182.192295,46.0,33.32,383.91,,,,2,62:0.60 56:0.58,,,
175.0152,frame,5216,182.258941,46.06,66.65,363.27,512,384,BGR888p,,,,,
175.0153,detections,5216,182.258941,46.09,66.65,363.37,,,,4,64:0.71 64:0.61 62:0.58 62:0.51,,,
175.0621,frame,5217,182.292262,46.96,33.32,376.92,512,384,BGR888p,,,,,
175.0622,detections,5217,182.292262,46.94,33.32,376.98,,,,4,64:0.64 62:0.63 62:0.62 56:0.61,,,
175.1104,frame,5219,182.358904,48.26,66.64,358.53,512,384,BGR888p,,,,,
175.1105,detections,5219,182.358904,48.26,66.64,358.59,,,,3,64:0.79 62:0.56 62:0.55,,,
175.1105,system,0,,1028.08,,,,,,,,50.25,34.8,16.7
175.1574,frame,5220,182.392231,47.03,33.33,372.24,512,384,BGR888p,,,,,
175.1575,detections,5220,182.392231,47.04,33.33,372.3,,,,2,64:0.62 62:0.55,,,
175.2027,frame,5221,182.425548,45.32,33.32,384.24,512,384,BGR888p,,,,,
175.2028,detections,5221,182.425548,45.32,33.32,384.3,,,,1,64:0.65,,,
175.2488,frame,5223,182.492193,46.05,66.64,363.65,512,384,BGR888p,,,,,
175.2489,detections,5223,182.492193,46.05,66.64,363.7,,,,2,64:0.62 62:0.54,,,
175.2952,frame,5224,182.525515,46.39,33.32,376.72,512,384,BGR888p,,,,,
175.2953,detections,5224,182.525515,46.44,33.32,376.82,,,,1,64:0.53,,,
175.3455,frame,5226,182.592158,50.3,66.64,360.37,512,384,BGR888p,,,,,
175.3456,detections,5226,182.592158,50.26,66.64,360.43,,,,1,64:0.64,,,
175.3912,frame,5227,182.625482,45.76,33.32,372.8,512,384,BGR888p,,,,,
175.3913,detections,5227,182.625482,45.75,33.32,372.86,,,,3,62:0.62 64:0.58 56:0.55,,,
175.4355,frame,5228,182.658801,44.23,33.32,383.7,512,384,BGR888p,,,,,
175.4355,detections,5228,182.658801,44.22,33.32,383.75,,,,2,64:0.74 62:0.62,,,
175.4819,frame,5230,182.725446,46.4,66.64,363.45,512,384,BGR888p,,,,,
175.4819,detections,5230,182.725446,46.39,66.64,363.5,,,,3,64:0.73 62:0.63 56:0.51,,,
175.5283,frame,5231,182.758769,46.43,33.32,376.56,512,384,BGR888p,,,,,
175.5284,detections,5231,182.758769,46.43,33.32,376.6,,,,2,62:0.60 64:0.60,,,
175.5773,frame,5233,182.825412,49.03,66.64,358.96,512,384,BGR888p,,,,,
175.5774,detections,5233,182.825412,49.06,66.64,359.02,,,,2,62:0.63 64:0.55,,,
175.6232,frame,5234,182.858734,45.9,33.32,371.52,512,384,BGR888p,,,,,
175.6233,detections,5234,182.858734,45.87,33.32,371.57,,,,2,64:0.70 62:0.60,,,
175.6678,frame,5235,182.892054,44.62,33.32,382.82,512,384,BGR888p,,,,,
175.6679,detections,5235,182.892054,44.61,33.32,382.87,,,,1,62:0.75,,,
175.7149,frame,5237,182.9587,47.05,66.65,363.24,512,384,BGR888p,,,,,
175.715,detections,5237,182.9587,47.07,66.65,363.29,,,,4,64:0.77 62:0.73 62:0.58 63:0.52,,,
175.762,frame,5238,182.992022,47.07,33.32,376.99,512,384,BGR888p,,,,,
175.762,detections,5238,182.992022,47.07,33.32,377.04,,,,4,62:0.79 64:0.72 56:0.61 65:0.53,,,
175.8089,frame,5240,183.058664,46.89,66.64,357.23,512,384,BGR888p,,,,,
175.8096,detections,5240,183.058664,47.56,66.64,357.97,,,,4,62:0.82 64:0.71 63:0.56 56:0.53,,,
175.8572,frame,5241,183.091987,48.33,33.32,372.24,512,384,BGR888p,,,,,
175.8573,detections,5241,183.091987,47.7,33.32,372.34,,,,4,62:0.83 64:0.79 63:0.68 56:0.53,,,
175.9017,frame,5242,183.125308,44.48,33.32,383.4,512,384,BGR888p,,,,,
175.9017,detections,5242,183.125308,44.44,33.32,383.46,,,,4,64:0.84 62:0.81 63:0.61 56:0.59,,,
175.9478,frame,5244,183.191952,46.17,66.64,362.91,512,384,BGR888p,,,,,
175.9479,detections,5244,183.191952,46.2,66.64,363.01,,,,3,62:0.80 64:0.78 63:0.65,,,
175.9952,frame,5245,183.225275,47.33,33.32,376.93,512,384,BGR888p,,,,,
175.9956,detections,5245,183.225275,47.61,33.32,377.3,,,,3,62:0.80 64:0.72 63:0.56,,,
176.0426,frame,5247,183.291917,47.4,66.64,357.68,512,384,BGR888p,,,,,
176.0433,detections,5247,183.291917,47.72,66.64,358.4,,,,1,64:0.71,,,
176.0909,frame,5248,183.32524,48.32,33.32,372.66,512,384,BGR888p,,,,,
176.0909,detections,5248,183.32524,47.65,33.32,372.71,,,,4,64:0.79 62:0.65 66:0.58 56:0.51,,,
176.091,system,0,,980.45,,,,,,,,50.25,33.5,16.9
176.1384,frame,5249,183.358561,47.52,33.32,386.86,512,384,BGR888p,,,,,
176.1385,detections,5249,183.358561,47.52,33.32,386.91,,,,4,62:0.70 64:0.70 63:0.66 66:0.64,,,
176.1828,frame,5251,183.425206,44.36,66.64,364.58,512,384,BGR888p,,,,,
176.1828,detections,5251,183.425206,44.36,66.64,364.63,,,,4,64:0.70 66:0.67 62:0.61 56:0.55,,,
176.2302,frame,5252,183.458528,47.41,33.32,378.67,512,384,BGR888p,,,,,
176.2302,detections,5252,183.458528,47.42,33.32,378.73,,,,4,64:0.83 63:0.65 56:0.60 62:0.59,,,
176.276,frame,5254,183.525171,45.84,66.64,357.87,512,384,BGR888p,,,,,
176.2761,detections,5254,183.525171,45.83,66.64,357.91,,,,3,64:0.78 62:0.71 56:0.59,,,
176.323,frame,5255,183.558493,47.04,33.32,371.59,512,384,BGR888p,,,,,
176.3237,detections,5255,183.558493,47.62,33.32,372.22,,,,4,64:0.77 63:0.58 62:0.52 56:0.51,,,
176.3686,frame,5256,183.591814,45.55,33.32,383.81,512,384,BGR888p,,,,,
176.3687,detections,5256,183.591814,44.97,33.32,383.86,,,,3,63:0.72 64:0.69 56:0.58,,,
176.4146,frame,5258,183.658459,45.97,66.64,363.14,512,384,BGR888p,,,,,
176.4146,detections,5258,183.658459,45.98,66.64,363.19,,,,3,64:0.73 56:0.70 62:0.68,,,
176.461,frame,5259,183.691781,46.48,33.32,376.32,512,384,BGR888p,,,,,
176.4611,detections,5259,183.691781,46.51,33.32,376.37,,,,4,64:0.79 56:0.73 62:0.63 65:0.50,,,
176.5097,frame,5261,183.758424,48.66,66.64,358.31,512,384,BGR888p,,,,,
176.5102,detections,5261,183.758424,49.04,66.64,358.78,,,,3,56:0.73 62:0.69 64:0.51,,,
176.5558,frame,5262,183.79175,46.07,33.33,371.05,512,384,BGR888p,,,,,
176.5558,detections,5262,183.79175,45.65,33.33,371.1,,,,3,56:0.89 62:0.54 56:0.52,,,
176.6007,frame,5264,183.858389,44.93,66.64,349.33,512,384,BGR888p,,,,,
176.6008,detections,5264,183.858389,44.92,66.64,349.38,,,,3,64:0.67 56:0.57 63:0.55,,,
176.6474,frame,5265,183.891712,46.69,33.32,362.72,512,384,BGR888p,,,,,
176.6475,detections,5265,183.891712,46.71,33.32,362.77,,,,1,56:0.81,,,
176.6945,frame,5266,183.925037,47.13,33.32,376.52,512,384,BGR888p,,,,,
176.6946,detections,5266,183.925037,47.13,33.32,376.58,,,,2,56:0.77 64:0.53,,,
176.7417,frame,5268,183.991677,47.17,66.64,357.06,512,384,BGR888p,,,,,
176.7426,detections,5268,183.991677,47.96,66.64,357.91,,,,3,56:0.82 62:0.64 64:0.56,,,
176.7896,frame,5269,184.025003,47.91,33.33,371.64,512,384,BGR888p,,,,,
176.7897,detections,5269,184.025003,47.12,33.33,371.7,,,,4,56:0.76 63:0.65 64:0.57 62:0.52,,,
176.8359,frame,5270,184.05832,46.32,33.32,384.65,512,384,BGR888p,,,,,
176.8379,detections,5270,184.05832,48.2,33.32,386.58,,,,4,56:0.68 63:0.63 62:0.55 64:0.51,,,
176.8815,frame,5272,184.124965,45.57,66.64,363.61,512,384,BGR888p,,,,,
176.8816,detections,5272,184.124965,43.73,66.64,363.66,,,,1,56:0.72,,,
176.9287,frame,5273,184.158287,47.21,33.32,377.48,512,384,BGR888p,,,,,
176.9288,detections,5273,184.158287,47.21,33.32,377.55,,,,1,56:0.63,,,
176.9784,frame,5275,184.22493,49.66,66.64,360.47,512,384,BGR888p,,,,,
176.9785,detections,5275,184.22493,49.67,66.64,360.58,,,,1,56:0.57,,,
177.0254,frame,5276,184.258253,47.05,33.32,374.2,512,384,BGR888p,,,,,
177.0255,detections,5276,184.258253,47.0,33.32,374.26,,,,1,56:0.54,,,
177.0721,frame,5277,184.291574,46.67,33.32,387.56,512,384,BGR888p,,,,,
177.0722,detections,5277,184.291574,46.68,33.32,387.62,,,,1,62:0.54,,,
177.1171,frame,5279,184.358218,45.0,66.64,365.91,512,384,BGR888p,,,,,
177.1177,detections,5279,184.358218,45.57,66.64,366.55,,,,1,64:0.64,,,
177.1178,system,0,,1026.82,,,,,,,,50.47,34.9,17.5
177.1643,frame,5280,184.391542,47.2,33.32,379.78,512,384,BGR888p,,,,,
177.1644,detections,5280,184.391542,46.64,33.32,379.86,,,,3,64:0.64 56:0.63 63:0.56,,,
177.2113,frame,5282,184.458184,46.96,66.64,360.13,512,384,BGR888p,,,,,
177.2114,detections,5282,184.458184,46.98,66.64,360.2,,,,2,56:0.60 64:0.56,,,
177.2595,frame,5283,184.491506,48.29,33.32,375.07,512,384,BGR888p,,,,,
177.2596,detections,5283,184.491506,48.24,33.32,375.12,,,,4,41:0.60 62:0.57 64:0.55 56:0.54,,,
177.306,frame,5284,184.524827,46.41,33.32,388.16,512,384,BGR888p,,,,,
177.3062,detections,5284,184.524827,46.59,33.32,388.4,,,,4,64:0.69 41:0.67 62:0.65 62:0.56,,,
177.3519,frame,5286,184.591473,45.99,66.65,367.51,512,384,BGR888p,,,,,
177.3522,detections,5286,184.591473,45.98,66.65,367.73,,,,2,41:0.54 64:0.52,,,
177.3983,frame,5287,184.624794,46.34,33.32,380.55,512,384,BGR888p,,,,,
177.3984,detections,5287,184.624794,46.21,33.32,380.61,,,,4,64:0.65 41:0.64 62:0.56 56:0.53,,,
177.4444,frame,5289,184.691437,46.06,66.64,359.96,512,384,BGR888p,,,,,
177.4444,detections,5289,184.691437,46.05,66.64,360.01,,,,5,64:0.66 56:0.56 62:0.53 63:0.52 41:0.50,,,
177.4923,frame,5290,184.724759,47.91,33.32,374.55,512,384,BGR888p,,,,,
177.4923,detections,5290,184.724759,47.91,33.32,374.6,,,,5,63:0.67 56:0.62 41:0.61 64:0.59 62:0.59,,,
177.5397,frame,5292,184.791402,47.48,66.64,355.38,512,384,BGR888p,,,,,
177.5405,detections,5292,184.791402,48.12,66.64,356.1,,,,3,64:0.77 41:0.73 62:0.65,,,
177.5862,frame,5293,184.824726,46.41,33.32,368.48,512,384,BGR888p,,,,,
177.5863,detections,5293,184.824726,45.82,33.32,368.57,,,,4,56:0.71 41:0.64 62:0.58 64:0.52,,,
177.6327,frame,5294,184.858046,46.5,33.32,381.65,512,384,BGR888p,,,,,
177.6327,detections,5294,184.858046,46.45,33.32,381.71,,,,5,41:0.63 56:0.61 66:0.59 64:0.57 62:0.56,,,
177.6782,frame,5296,184.92469,45.54,66.64,360.55,512,384,BGR888p,,,,,
177.6783,detections,5296,184.92469,45.57,66.64,360.66,,,,2,41:0.73 64:0.63,,,
177.7262,frame,5297,184.958012,48.02,33.32,375.32,512,384,BGR888p,,,,,
177.7264,detections,5297,184.958012,48.07,33.32,375.38,,,,5,41:0.80 64:0.71 63:0.55 62:0.52 56:0.51,,,
177.7746,frame,5299,185.024655,48.4,66.64,357.03,512,384,BGR888p,,,,,
177.7747,detections,5299,185.024655,48.35,66.64,357.09,,,,3,64:0.73 41:0.69 63:0.62,,,
177.8197,frame,5300,185.05798,45.02,33.32,368.7,512,384,BGR888p,,,,,
177.8197,detections,5300,185.05798,44.99,33.32,368.75,,,,2,41:0.84 64:0.75,,,
177.866,frame,5301,185.091298,46.36,33.32,381.76,512,384,BGR888p,,,,,
177.8661,detections,5301,185.091298,46.38,33.32,381.81,,,,2,41:0.87 64:0.79,,,
177.9112,frame,5303,185.157944,45.22,66.65,360.33,512,384,BGR888p,,,,,
177.9113,detections,5303,185.157944,45.22,66.65,360.38,,,,2,41:0.79 64:0.56,,,
177.9593,frame,5304,185.191266,48.1,33.32,375.11,512,384,BGR888p,,,,,
177.9594,detections,5304,185.191266,48.1,33.32,375.16,,,,2,41:0.76 66:0.51,,,
178.0077,frame,5306,185.257909,48.39,66.64,356.87,512,384,BGR888p,,,,,
178.0079,detections,5306,185.257909,48.45,66.64,356.97,,,,4,56:0.86 41:0.77 56:0.74 66:0.50,,,
178.0527,frame,5307,185.291234,44.96,33.32,368.49,512,384,BGR888p,,,,,
178.0528,detections,5307,185.291234,44.9,33.32,368.55,,,,5,56:0.89 56:0.74 41:0.59 63:0.57 66:0.54,,,
178.0975,frame,5308,185.324552,44.8,33.32,379.97,512,384,BGR888p,,,,,
178.0976,detections,5308,185.324552,44.8,33.32,380.03,,,,5,56:0.83 41:0.73 56:0.69 66:0.56 62:0.54,,,
178.0976,system,0,,979.82,,,,,,,,50.58,35.0,17.6
178.1456,frame,5310,185.391198,48.11,66.65,361.44,512,384,BGR888p,,,,,
178.1457,detections,5310,185.391198,48.11,66.65,361.49,,,,3,56:0.71 41:0.59 62:0.59,,,
178.1922,frame,5311,185.42452,46.6,33.32,374.71,512,384,BGR888p,,,,,
178.1923,detections,5311,185.42452,46.61,33.32,374.78,,,,4,56:0.86 41:0.73 64:0.60 56:0.60,,,
178.2424,frame,5313,185.491162,50.22,66.64,358.29,512,384,BGR888p,,,,,
178.2425,detections,5313,185.491162,50.21,66.64,358.35,,,,5,56:0.87 63:0.67 66:0.66 64:0.65 56:0.57,,,
178.2865,frame,5314,185.524488,44.09,33.33,369.04,512,384,BGR888p,,,,,
178.2866,detections,5314,185.524488,44.07,33.33,369.09,,,,5,56:0.79 63:0.74 41:0.68 64:0.65 66:0.55,,,
178.3324,frame,5315,185.557805,45.86,33.32,381.61,512,384,BGR888p,,,,,
178.3325,detections,5315,185.557805,45.91,33.32,381.69,,,,6,41:0.70 56:0.66 63:0.63 56:0.57 66:0.55 64:0.53,,,
178.3785,frame,5317,185.624451,46.13,66.65,361.08,512,384,BGR888p,,,,,
178.3786,detections,5317,185.624451,46.1,66.65,361.13,,,,5,56:0.66 66:0.62 63:0.56 41:0.55 56:0.54,,,
178.4258,frame,5318,185.657772,47.33,33.32,375.08,512,384,BGR888p,,,,,
178.4259,detections,5318,185.657772,47.33,33.32,375.14,,,,4,41:0.83 64:0.65 56:0.57 63:0.50,,,
178.4727,frame,5320,185.724415,46.9,66.64,355.35,512,384,BGR888p,,,,,
178.4728,detections,5320,185.724415,46.9,66.64,355.4,,,,1,64:0.59,,,
178.5197,frame,5321,185.757741,46.95,33.33,368.96,512,384,BGR888p,,,,,
178.5197,detections,5321,185.757741,46.95,33.33,369.02,,,,1,62:0.54,,,
178.5643,frame,5322,185.791058,44.67,33.32,380.32,512,384,BGR888p,,,,,
178.5644,detections,5322,185.791058,44.67,33.32,380.37,,,,1,62:0.54,,,
178.6111,frame,5324,185.857704,46.8,66.65,360.46,512,384,BGR888p,,,,,
178.6112,detections,5324,185.857704,46.78,66.65,360.51,,,,0,,,,
178.659,frame,5325,185.891025,47.83,33.32,374.97,512,384,BGR888p,,,,,
178.659,detections,5325,185.891025,47.83,33.32,375.02,,,,0,,,,
178.7079,frame,5327,185.957668,48.93,66.64,357.27,512,384,BGR888p,,,,,
178.708,detections,5327,185.957668,48.95,66.64,357.33,,,,0,,,,
178.754,frame,5328,185.990992,46.1,33.32,370.05,512,384,BGR888p,,,,,
178.7541,detections,5328,185.990992,46.11,33.32,370.11,,,,1,62:0.62,,,
178.8002,frame,5329,186.024312,46.16,33.32,382.9,512,384,BGR888p,,,,,
178.8003,detections,5329,186.024312,46.17,33.32,382.96,,,,1,62:0.58,,,
178.8459,frame,5331,186.090956,45.76,66.64,362.0,512,384,BGR888p,,,,,
178.846,detections,5331,186.090956,45.74,66.64,362.06,,,,0,,,,
178.8922,frame,5332,186.124279,46.24,33.32,374.92,512,384,BGR888p,,,,,
178.8922,detections,5332,186.124279,46.24,33.32,374.99,,,,1,62:0.62,,,
178.9397,frame,5334,186.190921,47.52,66.64,355.79,512,384,BGR888p,,,,,
178.9404,detections,5334,186.190921,48.12,66.64,356.46,,,,1,62:0.67,,,
178.9862,frame,5335,186.224247,46.56,33.33,369.04,512,384,BGR888p,,,,,
178.9863,detections,5335,186.224247,45.97,33.33,369.1,,,,1,62:0.52,,,
179.0315,frame,5336,186.257564,45.25,33.32,380.97,512,384,BGR888p,,,,,
179.0316,detections,5336,186.257564,45.3,33.32,381.09,,,,1,62:0.56,,,
179.0783,frame,5338,186.324211,46.8,66.65,361.13,512,384,BGR888p,,,,,
179.0784,detections,5338,186.324211,46.75,66.65,361.19,,,,2,62:0.57 41:0.50,,,
179.125,frame,5339,186.357532,46.74,33.32,374.52,512,384,BGR888p,,,,,
179.1251,detections,5339,186.357532,46.71,33.32,374.57,,,,1,62:0.56,,,
179.1251,system,0,,1027.51,,,,,,,,50.36,34.5,17.5
179.1732,frame,5341,186.424175,48.17,66.64,356.06,512,384,BGR888p,,,,,
179.1733,detections,5341,186.424175,48.2,66.64,356.13,,,,1,63:0.54,,,
179.219,frame,5342,186.457497,45.8,33.32,368.54,512,384,BGR888p,,,,,
179.2191,detections,5342,186.457497,45.78,33.32,368.59,,,,1,63:0.57,,,
179.2646,frame,5343,186.490818,45.63,33.32,380.85,512,384,BGR888p,,,,,
179.2647,detections,5343,186.490818,45.63,33.32,380.9,,,,1,63:0.58,,,
179.311,frame,5345,186.557463,46.38,66.65,360.58,512,384,BGR888p,,,,,
179.3111,detections,5345,186.557463,46.38,66.65,360.64,,,,0,,,,
179.3591,frame,5346,186.590795,48.13,33.33,375.39,512,384,BGR888p,,,,,
179.3592,detections,5346,186.590795,48.15,33.33,375.45,,,,2,41:0.60 62:0.57,,,
179.4044,frame,5348,186.657428,45.24,66.63,353.99,512,384,BGR888p,,,,,
179.4052,detections,5348,186.657428,45.97,66.63,354.79,,,,1,63:0.65,,,
179.4519,frame,5349,186.690753,47.54,33.32,368.2,512,384,BGR888p,,,,,
179.452,detections,5349,186.690753,46.79,33.32,368.26,,,,2,63:0.63 41:0.53,,,
179.4959,frame,5350,186.724071,44.01,33.32,378.88,512,384,BGR888p,,,,,
179.496,detections,5350,186.724071,44.0,33.32,378.94,,,,1,62:0.59,,,
179.543,frame,5352,186.790717,47.09,66.65,359.34,512,384,BGR888p,,,,,
179.5431,detections,5352,186.790717,47.11,66.65,359.4,,,,1,63:0.59,,,
179.5919,frame,5353,186.824039,48.89,33.32,374.9,512,384,BGR888p,,,,,
179.592,detections,5353,186.824039,48.88,33.32,374.95,,,,1,62:0.63,,,
179.6375,frame,5355,186.890681,45.6,66.64,353.85,512,384,BGR888p,,,,,
179.6376,detections,5355,186.890681,45.6,66.64,353.91,,,,1,62:0.62,,,
179.6843,frame,5356,186.924005,46.83,33.32,367.37,512,384,BGR888p,,,,,
179.6844,detections,5356,186.924005,46.84,33.32,367.42,,,,1,63:0.56,,,
179.7298,frame,5357,186.957325,45.47,33.32,381.41,512,384,BGR888p,,,,,
179.7299,detections,5357,186.957325,45.53,33.32,381.5,,,,1,62:0.70,,,
179.7768,frame,5359,187.023969,47.03,66.64,361.74,512,384,BGR888p,,,,,
179.7769,detections,5359,187.023969,46.94,66.64,361.8,,,,1,62:0.68,,,
179.8245,frame,5360,187.057291,47.68,33.32,376.1,512,384,BGR888p,,,,,
179.8246,detections,5360,187.057291,47.68,33.32,376.16,,,,1,63:0.61,,,
179.875,frame,5362,187.123934,50.47,66.64,359.92,512,384,BGR888p,,,,,
179.875,detections,5362,187.123934,50.47,66.64,359.98,,,,3,62:0.65 64:0.58 62:0.52,,,
179.9192,frame,5363,187.157257,44.21,33.32,370.81,512,384,BGR888p,,,,,
179.9192,detections,5363,187.157257,44.21,33.32,370.87,,,,3,64:0.77 62:0.69 62:0.62,,,
179.9646,frame,5364,187.190584,45.41,33.33,382.89,512,384,BGR888p,,,,,
179.9646,detections,5364,187.190584,45.41,33.33,382.95,,,,1,62:0.66,,,
180.0099,frame,5366,187.257222,45.37,66.64,361.62,512,384,BGR888p,,,,,
180.01,detections,5366,187.257222,45.37,66.64,361.68,,,,2,62:0.61 64:0.55,,,
180.0584,frame,5367,187.290545,48.48,33.32,376.77,512,384,BGR888p,,,,,
180.0585,detections,5367,187.290545,48.53,33.32,376.88,,,,1,62:0.69,,,
180.1054,frame,5369,187.357188,46.97,66.64,357.1,512,384,BGR888p,,,,,
180.1063,detections,5369,187.357188,47.75,66.64,358.0,,,,1,63:0.84,,,
180.1064,system,0,,981.23,,,,,,,,50.2,34.6,16.6
180.1519,frame,5370,187.390512,46.5,33.32,370.27,512,384,BGR888p,,,,,
180.152,detections,5370,187.390512,45.67,33.32,370.33,,,,1,63:0.93,,,
180.1974,frame,5371,187.423831,45.55,33.32,382.53,512,384,BGR888p,,,,,
180.1976,detections,5371,187.423831,45.6,33.32,382.61,,,,3,63:0.94 64:0.58 64:0.50,,,
180.2443,frame,5373,187.490476,46.91,66.64,362.77,512,384,BGR888p,,,,,
180.2444,detections,5373,187.490476,46.85,66.64,362.82,,,,2,63:0.94 64:0.57,,,
180.2917,frame,5374,187.523798,47.36,33.32,376.82,512,384,BGR888p,,,,,
180.2918,detections,5374,187.523798,47.39,33.32,376.88,,,,2,63:0.92 64:0.60,,,
180.3409,frame,5376,187.590441,49.19,66.64,359.33,512,384,BGR888p,,,,,
180.3409,detections,5376,187.590441,49.14,66.64,359.38,,,,2,63:0.90 64:0.55,,,
180.3883,frame,5377,187.623766,47.41,33.32,373.44,512,384,BGR888p,,,,,
180.3884,detections,5377,187.623766,47.44,33.32,373.5,,,,2,63:0.95 64:0.57,,,
180.4342,frame,5378,187.657084,45.87,33.32,385.99,512,384,BGR888p,,,,,
180.4361,detections,5378,187.657084,47.69,33.32,387.88,,,,2,63:0.93 64:0.64,,,
180.48,frame,5380,187.723729,45.82,66.64,365.19,512,384,BGR888p,,,,,
180.4801,detections,5380,187.723729,44.02,66.64,365.25,,,,2,63:0.91 64:0.65,,,
180.5269,frame,5381,187.757052,46.88,33.32,378.71,512,384,BGR888p,,,,,
180.5269,detections,5381,187.757052,46.84,33.32,378.77,,,,2,63:0.95 64:0.62,,,
180.5748,frame,5383,187.823694,47.96,66.64,360.03,512,384,BGR888p,,,,,
180.5749,detections,5383,187.823694,47.96,66.64,360.08,,,,1,63:0.93,,,
180.6223,frame,5384,187.85702,47.44,33.33,374.15,512,384,BGR888p,,,,,
180.6224,detections,5384,187.85702,47.47,33.33,374.22,,,,1,63:0.94,,,
180.6693,frame,5385,187.890337,47.08,33.32,387.93,512,384,BGR888p,,,,,
180.6694,detections,5385,187.890337,47.08,33.32,387.99,,,,1,63:0.96,,,
180.7139,frame,5387,187.956983,44.6,66.65,365.85,512,384,BGR888p,,,,,
180.714,detections,5387,187.956983,44.57,66.65,365.91,,,,1,63:0.93,,,
180.7616,frame,5388,187.990312,47.71,33.33,380.23,512,384,BGR888p,,,,,
180.7617,detections,5388,187.990312,47.71,33.33,380.28,,,,1,63:0.95,,,
180.8087,frame,5390,188.056948,47.04,66.64,360.64,512,384,BGR888p,,,,,
180.8088,detections,5390,188.056948,47.04,66.64,360.69,,,,1,63:0.97,,,
180.8568,frame,5391,188.09027,48.13,33.32,375.45,512,384,BGR888p,,,,,
180.8569,detections,5391,188.09027,48.16,33.32,375.55,,,,1,63:0.96,,,
180.9029,frame,5392,188.12359,46.06,33.32,388.18,512,384,BGR888p,,,,,
180.9029,detections,5392,188.12359,46.03,33.32,388.24,,,,1,63:0.96,,,
180.9479,frame,5394,188.190236,45.06,66.65,366.59,512,384,BGR888p,,,,,
180.948,detections,5394,188.190236,45.05,66.65,366.64,,,,1,63:0.96,,,
180.9946,frame,5395,188.223558,46.62,33.32,379.9,512,384,BGR888p,,,,,
180.9946,detections,5395,188.223558,46.63,33.32,379.95,,,,1,63:0.97,,,
181.0427,frame,5397,188.290201,48.13,66.64,361.38,512,384,BGR888p,,,,,
181.0428,detections,5397,188.290201,48.13,66.64,361.44,,,,1,63:0.95,,,
181.091,frame,5398,188.323523,48.29,33.32,376.35,512,384,BGR888p,,,,,
181.0911,detections,5398,188.323523,48.33,33.32,376.46,,,,1,63:0.96,,,
181.1371,frame,5400,188.390166,46.17,66.64,355.87,512,384,BGR888p,,,,,
181.138,detections,5400,188.390166,46.88,66.64,356.71,,,,1,63:0.96,,,
181.1381,system,0,,1031.69,,,,,,,,50.64,33.2,16.6
181.1838,frame,5401,188.423489,46.7,33.32,369.25,512,384,BGR888p,,,,,
181.1839,detections,5401,188.423489,45.94,33.32,369.31,,,,1,63:0.96,,,
181.2292,frame,5402,188.456811,45.37,33.32,381.29,512,384,BGR888p,,,,,
181.2293,detections,5402,188.456811,45.36,33.32,381.35,,,,1,63:0.92,,,
181.277,frame,5404,188.523454,47.84,66.64,362.5,512,384,BGR888p,,,,,
181.2771,detections,5404,188.523454,47.85,66.64,362.56,,,,2,63:0.92 63:0.65,,,
181.3242,frame,5405,188.556779,47.15,33.33,376.32,512,384,BGR888p,,,,,
181.3243,detections,5405,188.556779,47.2,33.33,376.43,,,,2,63:0.87 63:0.53,,,
181.3712,frame,5407,188.62342,46.97,66.64,356.65,512,384,BGR888p,,,,,
181.3719,detections,5407,188.62342,47.55,66.64,357.35,,,,2,63:0.73 63:0.68,,,
181.4175,frame,5408,188.656745,46.36,33.32,369.69,512,384,BGR888p,,,,,
181.4176,detections,5408,188.656745,45.73,33.32,369.75,,,,2,68:0.65 63:0.53,,,
181.4637,frame,5409,188.690063,46.15,33.32,382.52,512,384,BGR888p,,,,,
181.4638,detections,5409,188.690063,46.15,33.32,382.58,,,,2,68:0.57 62:0.51,,,
181.51,frame,5411,188.756707,46.29,66.64,362.18,512,384,BGR888p,,,,,
181.5101,detections,5411,188.756707,46.31,66.64,362.24,,,,1,68:0.66,,,
181.5575,frame,5412,188.79003,47.49,33.32,376.33,512,384,BGR888p,,,,,
181.5575,detections,5412,188.79003,47.48,33.32,376.39,,,,1,72:0.53,,,
181.607,frame,5414,188.856672,49.52,66.64,359.21,512,384,BGR888p,,,,,
181.6071,detections,5414,188.856672,49.52,66.64,359.27,,,,3,63:0.67 62:0.57 62:0.56,,,
181.6539,frame,5415,188.889997,46.96,33.32,372.84,512,384,BGR888p,,,,,
181.654,detections,5415,188.889997,46.94,33.32,372.89,,,,3,63:0.67 62:0.65 63:0.59,,,
181.6998,frame,5416,188.923315,45.83,33.32,385.35,512,384,BGR888p,,,,,
181.6999,detections,5416,188.923315,45.85,33.32,385.42,,,,3,62:0.76 62:0.62 63:0.51,,,
181.7456,frame,5418,188.989961,45.83,66.65,364.53,512,384,BGR888p,,,,,
181.7457,detections,5418,188.989961,45.81,66.65,364.58,,,,2,62:0.72 62:0.64,,,
181.7927,frame,5419,189.023283,47.08,33.32,378.28,512,384,BGR888p,,,,,
181.7927,detections,5419,189.023283,47.07,33.32,378.33,,,,2,62:0.61 62:0.58,,,
181.8433,frame,5421,189.089926,50.63,66.64,362.31,512,384,BGR888p,,,,,
181.8437,detections,5421,189.089926,51.01,66.64,362.75,,,,1,62:0.68,,,
181.8899,frame,5422,189.12325,46.63,33.32,375.58,512,384,BGR888p,,,,,
181.8905,detections,5422,189.12325,46.78,33.32,376.17,,,,1,62:0.78,,,
181.9356,frame,5423,189.156569,45.71,33.32,387.96,512,384,BGR888p,,,,,
181.9357,detections,5423,189.156569,45.18,33.32,388.02,,,,1,62:0.82,,,
181.983,frame,5425,189.223214,47.36,66.65,368.68,512,384,BGR888p,,,,,
181.9831,detections,5425,189.223214,47.37,66.65,368.74,,,,1,62:0.78,,,
182.0282,frame,5426,189.256537,45.21,33.32,380.59,512,384,BGR888p,,,,,
182.0283,detections,5426,189.256537,45.24,33.32,380.68,,,,1,62:0.79,,,
182.0756,frame,5428,189.323179,47.44,66.64,361.38,512,384,BGR888p,,,,,
182.0757,detections,5428,189.323179,47.41,66.64,361.43,,,,1,62:0.71,,,
182.1235,frame,5429,189.356502,47.89,33.32,375.93,512,384,BGR888p,,,,,
182.1237,detections,5429,189.356502,47.92,33.32,376.04,,,,1,72:0.71,,,
182.1237,system,0,,985.66,,,,,,,,50.42,33.9,17.2
182.1693,frame,5430,189.389822,45.72,33.32,388.38,512,384,BGR888p,,,,,
182.1694,detections,5430,189.389822,45.72,33.32,388.43,,,,1,72:0.78,,,
182.2166,frame,5432,189.45647,47.32,66.65,369.01,512,384,BGR888p,,,,,
182.2167,detections,5432,189.45647,47.29,66.65,369.07,,,,1,62:0.73,,,
182.2609,frame,5433,189.489801,44.3,33.33,380.0,512,384,BGR888p,,,,,
182.261,detections,5433,189.489801,44.31,33.33,380.05,,,,1,62:0.69,,,
182.3075,frame,5435,189.556432,46.65,66.63,360.0,512,384,BGR888p,,,,,
182.3076,detections,5435,189.556432,46.63,66.63,360.06,,,,1,62:0.79,,,
182.357,frame,5436,189.589755,49.48,33.32,376.15,512,384,BGR888p,,,,,
182.3571,detections,5436,189.589755,49.48,33.32,376.21,,,,1,62:0.77,,,
182.4036,frame,5438,189.656397,46.58,66.64,356.1,512,384,BGR888p,,,,,
182.4042,detections,5438,189.656397,47.11,66.64,356.69,,,,2,62:0.79 62:0.55,,,
182.4501,frame,5439,189.68972,46.51,33.32,369.26,512,384,BGR888p,,,,,
182.4502,detections,5439,189.68972,45.96,33.32,369.32,,,,1,62:0.74,,,
182.4963,frame,5440,189.723042,46.2,33.32,382.14,512,384,BGR888p,,,,,
182.4964,detections,5440,189.723042,46.2,33.32,382.19,,,,1,62:0.71,,,
182.5435,frame,5442,189.789686,47.25,66.64,362.75,512,384,BGR888p,,,,,
182.5436,detections,5442,189.789686,47.25,66.64,362.8,,,,1,62:0.64,,,
182.5906,frame,5443,189.823008,47.08,33.32,376.51,512,384,BGR888p,,,,,
182.5907,detections,5443,189.823008,47.08,33.32,376.56,,,,1,62:0.78,,,
182.6384,frame,5445,189.889651,47.82,66.64,357.7,512,384,BGR888p,,,,,
182.6385,detections,5445,189.889651,47.85,66.64,357.77,,,,1,62:0.88,,,
182.6841,frame,5446,189.922978,45.67,33.33,370.03,512,384,BGR888p,,,,,
182.6842,detections,5446,189.922978,45.65,33.33,370.09,,,,1,62:0.83,,,
182.7296,frame,5447,189.956295,45.5,33.32,382.24,512,384,BGR888p,,,,,
182.7297,detections,5447,189.956295,45.53,33.32,382.3,,,,1,62:0.84,,,
182.7777,frame,5449,190.02294,48.05,66.64,363.63,512,384,BGR888p,,,,,
182.7777,detections,5449,190.02294,48.04,66.64,363.69,,,,1,62:0.74,,,
182.8244,frame,5450,190.056261,46.71,33.32,377.02,512,384,BGR888p,,,,,
182.8245,detections,5450,190.056261,46.71,33.32,377.07,,,,1,62:0.83,,,
182.8735,frame,5452,190.122904,49.12,66.64,359.49,512,384,BGR888p,,,,,
182.8736,detections,5452,190.122904,49.12,66.64,359.55,,,,1,62:0.70,,,
182.9205,frame,5453,190.156227,46.98,33.32,373.15,512,384,BGR888p,,,,,
182.9206,detections,5453,190.156227,46.98,33.32,373.21,,,,2,62:0.66 63:0.56,,,
182.9649,frame,5454,190.189547,44.38,33.32,384.22,512,384,BGR888p,,,,,
182.9649,detections,5454,190.189547,44.39,33.32,384.28,,,,1,62:0.62,,,
183.0103,frame,5456,190.256192,45.44,66.64,363.01,512,384,BGR888p,,,,,
183.0105,detections,5456,190.256192,45.56,66.64,363.2,,,,2,63:0.80 63:0.62,,,
183.0573,frame,5457,190.289515,47.0,33.32,376.7,512,384,BGR888p,,,,,
183.0574,detections,5457,190.289515,46.88,33.32,376.75,,,,2,63:0.91 62:0.51,,,
183.1058,frame,5459,190.356157,48.46,66.64,358.5,512,384,BGR888p,,,,,
183.1058,detections,5459,190.356157,48.45,66.64,358.56,,,,1,63:0.94,,,
183.1059,system,0,,982.17,,,,,,,,50.8,33.9,16.8
183.153,frame,5460,190.38948,47.26,33.32,372.43,512,384,BGR888p,,,,,
183.1531,detections,5460,190.38948,47.29,33.32,372.52,,,,1,63:0.94,,,
183.1982,frame,5461,190.422801,45.18,33.32,384.34,512,384,BGR888p,,,,,
183.1983,detections,5461,190.422801,45.21,33.32,384.41,,,,2,63:0.96 62:0.59,,,
183.2442,frame,5463,190.489446,45.99,66.64,363.65,512,384,BGR888p,,,,,
183.2443,detections,5463,190.489446,45.94,66.64,363.71,,,,2,63:0.96 64:0.88,,,
183.2911,frame,5464,190.52277,46.87,33.32,377.19,512,384,BGR888p,,,,,
183.2911,detections,5464,190.52277,46.86,33.32,377.25,,,,2,63:0.95 64:0.90,,,
183.3397,frame,5466,190.58941,48.62,66.64,359.19,512,384,BGR888p,,,,,
183.3398,detections,5466,190.58941,48.63,66.64,359.24,,,,2,63:0.95 64:0.80,,,
183.3868,frame,5467,190.622733,47.1,33.32,372.97,512,384,BGR888p,,,,,
183.3869,detections,5467,190.622733,47.11,33.32,373.03,,,,3,63:0.95 64:0.77 65:0.52,,,
183.4346,frame,5468,190.656054,47.84,33.32,387.47,512,384,BGR888p,,,,,
183.4347,detections,5468,190.656054,47.82,33.32,387.53,,,,2,63:0.93 64:0.61,,,
183.4783,frame,5470,190.722699,43.67,66.64,364.49,512,384,BGR888p,,,,,
183.4784,detections,5470,190.722699,43.66,66.64,364.54,,,,2,63:0.94 64:0.89,,,
183.5259,frame,5471,190.756024,47.6,33.32,378.77,512,384,BGR888p,,,,,
183.526,detections,5471,190.756024,47.61,33.32,378.83,,,,2,63:0.94 64:0.88,,,
183.5735,frame,5473,190.822664,47.63,66.64,359.76,512,384,BGR888p,,,,,
183.5736,detections,5473,190.822664,47.62,66.64,359.81,,,,2,63:0.92 64:0.91,,,
183.6204,frame,5474,190.855987,46.92,33.32,373.37,512,384,BGR888p,,,,,
183.6205,detections,5474,190.855987,46.94,33.32,373.43,,,,2,63:0.92 64:0.88,,,
183.6681,frame,5475,190.889307,47.65,33.32,387.71,512,384,BGR888p,,,,,
183.6682,detections,5475,190.889307,47.69,33.32,387.81,,,,3,63:0.93 64:0.84 65:0.53,,,
183.7125,frame,5477,190.955952,44.45,66.64,365.54,512,384,BGR888p,,,,,
183.7127,detections,5477,190.955952,44.5,66.64,365.67,,,,3,63:0.94 64:0.53 65:0.52,,,
183.7601,frame,5478,190.989283,47.56,33.33,379.73,512,384,BGR888p,,,,,
183.7602,detections,5478,190.989283,47.47,33.33,379.79,,,,3,63:0.88 64:0.62 62:0.58,,,
183.8084,frame,5480,191.055917,48.29,66.63,361.38,512,384,BGR888p,,,,,
183.8085,detections,5480,191.055917,48.28,66.63,361.44,,,,2,62:0.75 62:0.57,,,
183.855,frame,5481,191.089241,46.64,33.32,374.69,512,384,BGR888p,,,,,
183.8551,detections,5481,191.089241,46.62,33.32,374.74,,,,2,62:0.73 63:0.52,,,
183.9017,frame,5482,191.12256,46.65,33.32,388.01,512,384,BGR888p,,,,,
183.9017,detections,5482,191.12256,46.64,33.32,388.06,,,,3,63:0.82 65:0.69 62:0.64,,,
183.9485,frame,5484,191.189206,46.8,66.65,368.17,512,384,BGR888p,,,,,
183.9485,detections,5484,191.189206,46.8,66.65,368.22,,,,3,62:0.77 65:0.68 62:0.67,,,
183.9936,frame,5485,191.222533,45.1,33.33,379.98,512,384,BGR888p,,,,,
183.9937,detections,5485,191.222533,45.15,33.33,380.05,,,,2,62:0.83 62:0.74,,,
184.0408,frame,5487,191.28917,47.18,66.64,360.49,512,384,BGR888p,,,,,
184.0408,detections,5487,191.28917,47.13,66.64,360.54,,,,2,63:0.75 62:0.65,,,
184.0889,frame,5488,191.322493,48.16,33.32,375.33,512,384,BGR888p,,,,,
184.089,detections,5488,191.322493,48.17,33.32,375.39,,,,1,63:0.75,,,
184.1366,frame,5490,191.389136,47.63,66.64,356.33,512,384,BGR888p,,,,,
184.1374,detections,5490,191.389136,48.37,66.64,357.12,,,,2,62:0.69 63:0.63,,,
184.1374,system,0,,1031.55,,,,,,,,50.69,34.2,17.2
184.1828,frame,5491,191.422461,46.26,33.32,369.26,512,384,BGR888p,,,,,
184.1831,detections,5491,191.422461,45.7,33.32,369.5,,,,1,62:0.83,,,
184.2289,frame,5492,191.455781,46.05,33.32,381.99,512,384,BGR888p,,,,,
184.2289,detections,5492,191.455781,45.88,33.32,382.04,,,,1,62:0.77,,,
184.2757,frame,5494,191.522424,46.82,66.64,362.16,512,384,BGR888p,,,,,
184.2758,detections,5494,191.522424,46.82,66.64,362.22,,,,1,62:0.81,,,
184.3226,frame,5495,191.555746,46.94,33.32,375.78,512,384,BGR888p,,,,,
184.3227,detections,5495,191.555746,46.94,33.32,375.84,,,,2,62:0.69 39:0.68,,,
184.3686,frame,5497,191.622389,45.97,66.64,355.11,512,384,BGR888p,,,,,
184.3692,detections,5497,191.622389,46.52,66.64,355.73,,,,2,62:0.78 39:0.73,,,
184.4159,frame,5498,191.655712,47.3,33.32,369.08,512,384,BGR888p,,,,,
184.416,detections,5498,191.655712,46.75,33.32,369.14,,,,4,62:0.75 39:0.62 41:0.55 62:0.50,,,
184.4607,frame,5499,191.689032,44.85,33.32,380.62,512,384,BGR888p,,,,,
184.4608,detections,5499,191.689032,44.85,33.32,380.67,,,,3,62:0.71 62:0.57 39:0.56,,,
184.508,frame,5501,191.755678,47.29,66.65,361.25,512,384,BGR888p,,,,,
184.5081,detections,5501,191.755678,47.28,66.65,361.31,,,,2,62:0.68 39:0.62,,,
184.5564,frame,5502,191.789,48.33,33.32,376.28,512,384,BGR888p,,,,,
184.5565,detections,5502,191.789,48.35,33.32,376.33,,,,2,62:0.71 63:0.51,,,
184.6023,frame,5504,191.855642,45.98,66.64,355.59,512,384,BGR888p,,,,,
184.603,detections,5504,191.855642,46.55,66.64,356.25,,,,2,62:0.66 63:0.53,,,
184.6485,frame,5505,191.888967,46.17,33.33,368.46,512,384,BGR888p,,,,,
184.6486,detections,5505,191.888967,45.59,33.33,368.51,,,,1,62:0.55,,,
184.6945,frame,5506,191.922285,45.99,33.32,381.1,512,384,BGR888p,,,,,
184.6946,detections,5506,191.922285,45.95,33.32,381.15,,,,1,62:0.56,,,
184.7412,frame,5508,191.98893,46.69,66.65,361.16,512,384,BGR888p,,,,,
184.7414,detections,5508,191.98893,46.82,66.65,361.33,,,,1,62:0.51,,,
184.7896,frame,5509,192.022253,48.39,33.32,376.22,512,384,BGR888p,,,,,
184.7896,detections,5509,192.022253,48.27,33.32,376.27,,,,3,41:0.58 73:0.53 39:0.52,,,
184.8369,frame,5511,192.088895,47.29,66.64,356.87,512,384,BGR888p,,,,,
184.8369,detections,5511,192.088895,47.29,66.64,356.92,,,,2,39:0.69 41:0.60,,,
184.8844,frame,5512,192.12222,47.57,33.32,371.11,512,384,BGR888p,,,,,
184.8845,detections,5512,192.12222,47.56,33.32,371.15,,,,3,39:0.72 41:0.58 73:0.51,,,
184.9297,frame,5513,192.155539,45.3,33.32,383.1,512,384,BGR888p,,,,,
184.9298,detections,5513,192.155539,45.32,33.32,383.15,,,,4,39:0.71 41:0.62 39:0.59 41:0.51,,,
184.9761,frame,5515,192.222183,46.36,66.64,362.81,512,384,BGR888p,,,,,
184.9762,detections,5515,192.222183,46.36,66.64,362.87,,,,4,39:0.72 41:0.66 73:0.53 39:0.51,,,
185.0219,frame,5516,192.255506,45.84,33.32,375.34,512,384,BGR888p,,,,,
185.022,detections,5516,192.255506,45.85,33.32,375.39,,,,3,39:0.76 41:0.63 39:0.60,,,
185.0701,frame,5518,192.322149,48.12,66.64,356.81,512,384,BGR888p,,,,,
185.0701,detections,5518,192.322149,48.12,66.64,356.87,,,,1,41:0.58,,,
185.1157,frame,5519,192.355472,45.69,33.32,369.17,512,384,BGR888p,,,,,
185.1159,detections,5519,192.355472,45.78,33.32,369.33,,,,1,41:0.63,,,
185.116,system,0,,978.54,,,,,,,,50.58,34.9,17.3
185.1619,frame,5520,192.388792,46.16,33.32,382.01,512,384,BGR888p,,,,,
185.162,detections,5520,192.388792,46.06,33.32,382.06,,,,0,,,,
185.2078,frame,5522,192.455437,45.92,66.64,361.34,512,384,BGR888p,,,,,
185.2082,detections,5522,192.455437,46.2,66.64,361.72,,,,0,,,,
185.2554,frame,5523,192.48876,47.58,33.32,375.54,512,384,BGR888p,,,,,
185.2555,detections,5523,192.48876,47.3,33.32,375.6,,,,0,,,,
185.3023,frame,5525,192.555402,46.9,66.64,355.8,512,384,BGR888p,,,,,
185.3024,detections,5525,192.555402,46.91,66.64,355.87,,,,1,73:0.52,,,
185.3486,frame,5526,192.588725,46.28,33.32,368.75,512,384,BGR888p,,,,,
185.3487,detections,5526,192.588725,46.27,33.32,368.81,,,,1,39:0.52,,,
185.3927,frame,5527,192.622045,44.12,33.32,379.55,512,384,BGR888p,,,,,
185.3928,detections,5527,192.622045,44.11,33.32,379.6,,,,0,,,,
185.4401,frame,5529,192.688691,47.36,66.65,360.26,512,384,BGR888p,,,,,
185.4401,detections,5529,192.688691,47.36,66.65,360.31,,,,0,,,,
185.4883,frame,5530,192.722013,48.21,33.32,375.15,512,384,BGR888p,,,,,
185.4883,detections,5530,192.722013,48.22,33.32,375.2,,,,1,39:0.68,,,
185.5338,frame,5532,192.788655,45.58,66.64,354.11,512,384,BGR888p,,,,,
185.5339,detections,5532,192.788655,45.6,66.64,354.16,,,,1,39:0.63,,,
185.5817,frame,5533,192.821978,47.87,33.32,368.63,512,384,BGR888p,,,,,
185.5818,detections,5533,192.821978,47.85,33.32,368.69,,,,1,39:0.72,,,
185.6259,frame,5534,192.855298,44.18,33.32,379.5,512,384,BGR888p,,,,,
185.626,detections,5534,192.855298,44.18,33.32,379.55,,,,1,39:0.66,,,
185.6721,frame,5536,192.921943,46.16,66.64,359.01,512,384,BGR888p,,,,,
185.6721,detections,5536,192.921943,46.16,66.64,359.06,,,,1,39:0.52,,,
185.7203,frame,5537,192.955266,48.23,33.32,373.91,512,384,BGR888p,,,,,
185.7204,detections,5537,192.955266,48.23,33.32,373.97,,,,1,41:0.59,,,
185.7673,frame,5539,193.021908,47.04,66.64,354.31,512,384,BGR888p,,,,,
185.7674,detections,5539,193.021908,47.04,66.64,354.36,,,,2,56:0.76 39:0.62,,,
185.8124,frame,5540,193.055232,45.09,33.32,366.08,512,384,BGR888p,,,,,
185.8131,detections,5540,193.055232,45.71,33.32,366.75,,,,2,56:0.64 41:0.55,,,
185.859,frame,5541,193.088561,46.54,33.33,379.3,512,384,BGR888p,,,,,
185.859,detections,5541,193.088561,45.94,33.33,379.35,,,,3,56:0.62 60:0.52 41:0.52,,,
185.9061,frame,5543,193.155197,47.18,66.64,359.83,512,384,BGR888p,,,,,
185.9062,detections,5543,193.155197,47.16,66.64,359.88,,,,4,56:0.65 41:0.60 72:0.59 39:0.54,,,
185.9552,frame,5544,193.188519,49.04,33.32,375.56,512,384,BGR888p,,,,,
185.9553,detections,5544,193.188519,49.06,33.32,375.62,,,,2,56:0.70 41:0.50,,,
186.0019,frame,5546,193.255162,46.73,66.64,355.65,512,384,BGR888p,,,,,
186.002,detections,5546,193.255162,46.73,66.64,355.7,,,,3,56:0.84 39:0.79 72:0.63,,,
186.0482,frame,5547,193.288485,46.29,33.32,368.61,512,384,BGR888p,,,,,
186.0483,detections,5547,193.288485,46.3,33.32,368.68,,,,4,56:0.88 39:0.82 41:0.55 39:0.51,,,
186.092,frame,5548,193.321808,43.78,33.32,379.07,512,384,BGR888p,,,,,
186.0921,detections,5548,193.321808,43.77,33.32,379.12,,,,2,39:0.69 56:0.57,,,
186.1397,frame,5550,193.388449,47.69,66.64,360.12,512,384,BGR888p,,,,,
186.1397,detections,5550,193.388449,47.69,66.64,360.18,,,,2,56:0.62 39:0.61,,,
186.1398,system,0,,1023.83,,,,,,,,50.42,34.7,16.9
186.1879,frame,5551,193.421772,48.26,33.32,375.06,512,384,BGR888p,,,,,
186.188,detections,5551,193.421772,48.26,33.32,375.11,,,,0,,,,
186.2339,frame,5553,193.488414,45.98,66.64,354.39,512,384,BGR888p,,,,,
186.234,detections,5553,193.488414,46.04,66.64,354.52,,,,0,,,,
186.2815,frame,5554,193.521738,47.57,33.32,368.65,512,384,BGR888p,,,,,
186.2816,detections,5554,193.521738,47.53,33.32,368.71,,,,1,28:0.54,,,
186.3266,frame,5555,193.555058,45.1,33.32,380.41,512,384,BGR888p,,,,,
186.3266,detections,5555,193.555058,45.07,33.32,380.46,,,,0,,,,
186.374,frame,5557,193.621703,47.41,66.64,361.18,512,384,BGR888p,,,,,
186.3741,detections,5557,193.621703,47.41,66.64,361.23,,,,0,,,,
186.4217,frame,5558,193.655025,47.7,33.32,375.55,512,384,BGR888p,,,,,
186.4217,detections,5558,193.655025,47.7,33.32,375.6,,,,0,,,,
186.4694,frame,5560,193.721668,47.69,66.64,356.61,512,384,BGR888p,,,,,
186.4695,detections,5560,193.721668,47.71,66.64,356.68,,,,1,56:0.52,,,
186.5154,frame,5561,193.754993,46.06,33.33,369.34,512,384,BGR888p,,,,,
186.5155,detections,5561,193.754993,46.07,33.33,369.42,,,,1,56:0.61,,,
186.5615,frame,5562,193.788314,46.07,33.32,382.08,512,384,BGR888p,,,,,
186.5616,detections,5562,193.788314,46.04,33.32,382.14,,,,3,56:0.83 62:0.67 24:0.53,,,
186.6077,frame,5564,193.854956,46.16,66.64,361.61,512,384,BGR888p,,,,,
186.6077,detections,5564,193.854956,46.16,66.64,361.66,,,,2,56:0.76 24:0.56,,,
186.655,frame,5565,193.888281,47.31,33.33,375.59,512,384,BGR888p,,,,,
186.655,detections,5565,193.888281,47.31,33.33,375.64,,,,2,56:0.68 62:0.52,,,
186.703,frame,5567,193.954921,48.01,66.64,356.97,512,384,BGR888p,,,,,
186.7031,detections,5567,193.954921,48.02,66.64,357.02,,,,2,56:0.71 62:0.69,,,
186.748,frame,5568,193.988245,45.06,33.32,368.69,512,384,BGR888p,,,,,
186.7481,detections,5568,193.988245,45.05,33.32,368.75,,,,2,56:0.74 62:0.62,,,
186.7938,frame,5569,194.021564,45.78,33.32,381.16,512,384,BGR888p,,,,,
186.7939,detections,5569,194.021564,45.78,33.32,381.21,,,,2,62:0.77 56:0.65,,,
186.8394,frame,5571,194.08821,45.56,66.65,360.07,512,384,BGR888p,,,,,
186.8395,detections,5571,194.08821,45.56,66.65,360.13,,,,4,56:0.74 62:0.73 24:0.52 65:0.51,,,
186.888,frame,5572,194.121532,48.65,33.32,375.39,512,384,BGR888p,,,,,
186.8881,detections,5572,194.121532,48.63,33.32,375.44,,,,4,56:0.77 24:0.57 65:0.52 62:0.51,,,
186.9334,frame,5574,194.188174,45.35,66.64,354.1,512,384,BGR888p,,,,,
186.934,detections,5574,194.188174,45.87,66.64,354.67,,,,2,62:0.70 56:0.62,,,
186.981,frame,5575,194.221499,47.65,33.32,368.43,512,384,BGR888p,,,,,
186.9811,detections,5575,194.221499,47.15,33.32,368.49,,,,0,,,,
187.0254,frame,5576,194.254818,44.37,33.32,379.47,512,384,BGR888p,,,,,
187.0255,detections,5576,194.254818,44.36,33.32,379.53,,,,0,,,,
187.0724,frame,5578,194.321463,46.95,66.64,359.78,512,384,BGR888p,,,,,
187.0724,detections,5578,194.321463,46.95,66.64,359.83,,,,2,56:0.73 24:0.60,,,
187.1213,frame,5579,194.354787,48.9,33.32,375.36,512,384,BGR888p,,,,,
187.1213,detections,5579,194.354787,48.9,33.32,375.41,,,,3,24:0.65 56:0.62 56:0.57,,,
187.1214,system,0,,981.57,,,,,,,,50.64,35.5,17.4
187.1677,frame,5581,194.421428,46.46,66.64,356.7,512,384,BGR888p,,,,,
187.1684,detections,5581,194.421428,47.04,66.64,357.35,,,,4,56:0.70 56:0.67 24:0.63 62:0.52,,,
187.2145,frame,5582,194.454751,46.83,33.32,370.22,512,384,BGR888p,,,,,
187.2146,detections,5582,194.454751,46.26,33.32,370.28,,,,2,24:0.65 56:0.61,,,
187.2604,frame,5583,194.488072,45.89,33.32,382.78,512,384,BGR888p,,,,,
187.2605,detections,5583,194.488072,45.92,33.32,382.88,,,,4,56:0.70 62:0.63 24:0.58 56:0.57,,,
187.3066,frame,5585,194.554715,46.19,66.64,362.33,512,384,BGR888p,,,,,
187.3067,detections,5585,194.554715,46.16,66.64,362.39,,,,3,62:0.71 56:0.70 24:0.67,,,
187.3547,frame,5586,194.588038,48.12,33.32,377.13,512,384,BGR888p,,,,,
187.3548,detections,5586,194.588038,48.12,33.32,377.19,,,,4,62:0.75 56:0.71 24:0.60 56:0.51,,,
187.4001,frame,5588,194.654681,45.4,66.64,355.88,512,384,BGR888p,,,,,
187.4009,detections,5588,194.654681,46.14,66.64,356.71,,,,3,56:0.85 56:0.58 39:0.54,,,
187.4469,frame,5589,194.688007,46.78,33.33,369.34,512,384,BGR888p,,,,,
187.447,detections,5589,194.688007,46.04,33.33,369.39,,,,3,56:0.85 56:0.64 24:0.51,,,
187.492,frame,5590,194.721324,45.05,33.32,381.07,512,384,BGR888p,,,,,
187.492,detections,5590,194.721324,45.05,33.32,381.12,,,,4,56:0.80 56:0.60 39:0.59 24:0.55,,,
187.5394,frame,5592,194.787969,47.43,66.64,361.85,512,384,BGR888p,,,,,
187.5395,detections,5592,194.787969,47.43,66.64,361.91,,,,2,56:0.73 24:0.58,,,
187.588,frame,5593,194.821291,48.57,33.32,377.1,512,384,BGR888p,,,,,
187.588,detections,5593,194.821291,48.57,33.32,377.16,,,,3,56:0.85 24:0.66 39:0.52,,,
187.6348,frame,5595,194.887934,46.85,66.64,357.3,512,384,BGR888p,,,,,
187.6349,detections,5595,194.887934,46.85,66.64,357.36,,,,6,56:0.82 39:0.65 62:0.59 58:0.52 56:0.52 24:0.51,,,
187.682,frame,5596,194.921257,47.16,33.32,371.18,512,384,BGR888p,,,,,
187.6822,detections,5596,194.921257,47.27,33.32,371.35,,,,5,56:0.79 62:0.59 24:0.56 39:0.56 56:0.54,,,
187.7273,frame,5597,194.954578,45.35,33.32,383.15,512,384,BGR888p,,,,,
187.7274,detections,5597,194.954578,45.22,33.32,383.21,,,,4,56:0.81 56:0.60 39:0.58 62:0.55,,,
187.7727,frame,5599,195.021222,45.42,66.64,361.93,512,384,BGR888p,,,,,
187.7728,detections,5599,195.021222,45.42,66.64,361.98,,,,2,56:0.88 39:0.54,,,
187.8207,frame,5600,195.054545,48.0,33.32,376.6,512,384,BGR888p,,,,,
187.8208,detections,5600,195.054545,47.99,33.32,376.65,,,,2,56:0.84 56:0.55,,,
187.8695,frame,5602,195.121187,48.79,66.64,358.76,512,384,BGR888p,,,,,
187.8696,detections,5602,195.121187,48.81,66.64,358.82,,,,4,56:0.87 56:0.73 39:0.51 0:0.51,,,
187.9169,frame,5603,195.15451,47.36,33.32,372.81,512,384,BGR888p,,,,,
187.917,detections,5603,195.15451,47.36,33.32,372.86,,,,3,56:0.76 56:0.67 39:0.57,,,
187.9627,frame,5604,195.187832,45.79,33.32,385.27,512,384,BGR888p,,,,,
187.9627,detections,5604,195.187832,45.8,33.32,385.33,,,,4,56:0.75 56:0.65 39:0.54 0:0.54,,,
188.0086,frame,5606,195.254475,45.95,66.64,364.57,512,384,BGR888p,,,,,
188.0087,detections,5606,195.254475,45.93,66.64,364.62,,,,4,56:0.75 56:0.64 0:0.63 60:0.53,,,
188.0554,frame,5607,195.2878,46.81,33.32,378.07,512,384,BGR888p,,,,,
188.0555,detections,5607,195.2878,46.83,33.32,378.12,,,,3,56:0.70 0:0.64 56:0.52,,,
188.1033,frame,5609,195.35444,47.84,66.64,359.27,512,384,BGR888p,,,,,
188.1034,detections,5609,195.35444,47.86,66.64,359.34,,,,3,56:0.69 0:0.62 62:0.50,,,
188.1513,frame,5610,195.387764,48.03,33.32,373.96,512,384,BGR888p,,,,,
188.1514,detections,5610,195.387764,48.0,33.32,374.01,,,,2,56:0.78 39:0.61,,,
188.1514,system,0,,1030.05,,,,,,,,50.97,34.0,17.1
188.1964,frame,5611,195.421084,45.13,33.32,385.79,512,384,BGR888p,,,,,
188.1984,detections,5611,195.421084,47.02,33.32,387.76,,,,4,56:0.83 39:0.78 0:0.62 39:0.55,,,
188.2436,frame,5613,195.487728,47.13,66.64,366.25,512,384,BGR888p,,,,,
188.2436,detections,5613,195.487728,45.23,66.64,366.3,,,,3,39:0.74 56:0.70 0:0.64,,,
188.2904,frame,5614,195.521054,46.85,33.33,379.78,512,384,BGR888p,,,,,
188.2905,detections,5614,195.521054,46.91,33.33,379.89,,,,1,0:0.56,,,
188.3372,frame,5616,195.587694,46.8,66.64,359.96,512,384,BGR888p,,,,,
188.3373,detections,5616,195.587694,46.77,66.64,360.01,,,,0,,,,
188.3856,frame,5617,195.621024,48.37,33.33,374.98,512,384,BGR888p,,,,,
188.3856,detections,5617,195.621024,48.36,33.33,375.04,,,,2,56:0.78 39:0.69,,,
188.4322,frame,5618,195.654337,46.67,33.31,388.36,512,384,BGR888p,,,,,
188.4323,detections,5618,195.654337,46.69,33.31,388.41,,,,3,56:0.89 39:0.83 72:0.56,,,
188.4796,frame,5620,195.720982,47.41,66.64,369.1,512,384,BGR888p,,,,,
188.4797,detections,5620,195.720982,47.39,66.64,369.16,,,,2,56:0.82 39:0.78,,,
188.5254,frame,5621,195.754304,45.8,33.32,381.58,512,384,BGR888p,,,,,
188.5255,detections,5621,195.754304,45.8,33.32,381.63,,,,2,56:0.79 39:0.76,,,
188.5724,frame,5623,195.820947,46.91,66.64,361.84,512,384,BGR888p,,,,,
188.5724,detections,5623,195.820947,46.91,66.64,361.9,,,,3,56:0.90 39:0.83 72:0.52,,,
188.6202,frame,5624,195.85427,47.82,33.32,376.34,512,384,BGR888p,,,,,
188.6203,detections,5624,195.85427,47.83,33.32,376.42,,,,3,56:0.85 39:0.82 39:0.52,,,
188.6686,frame,5626,195.920912,48.43,66.64,358.12,512,384,BGR888p,,,,,
188.6687,detections,5626,195.920912,48.42,66.64,358.18,,,,4,56:0.86 39:0.84 39:0.58 39:0.53,,,
188.7135,frame,5627,195.95424,44.93,33.33,369.73,512,384,BGR888p,,,,,
188.7136,detections,5627,195.95424,44.93,33.33,369.79,,,,2,62:0.68 56:0.55,,,
188.7592,frame,5628,195.987566,45.65,33.33,382.04,512,384,BGR888p,,,,,
188.7592,detections,5628,195.987566,45.64,33.33,382.1,,,,2,39:0.66 39:0.63,,,
188.8054,frame,5630,196.054202,46.26,66.64,361.68,512,384,BGR888p,,,,,
188.8055,detections,5630,196.054202,46.27,66.64,361.73,,,,4,39:0.80 56:0.69 39:0.66 62:0.55,,,
188.8536,frame,5631,196.087523,48.14,33.32,376.5,512,384,BGR888p,,,,,
188.8537,detections,5631,196.087523,48.14,33.32,376.55,,,,1,56:0.63,,,
188.8992,frame,5633,196.154165,45.61,66.64,355.48,512,384,BGR888p,,,,,
188.8993,detections,5633,196.154165,45.63,66.64,355.54,,,,4,56:0.88 39:0.81 39:0.67 39:0.57,,,
188.9464,frame,5634,196.187489,47.25,33.32,369.38,512,384,BGR888p,,,,,
188.9467,detections,5634,196.187489,47.4,33.32,369.62,,,,5,56:0.90 39:0.83 39:0.61 39:0.58 62:0.53,,,
188.9923,frame,5635,196.220809,45.88,33.32,381.94,512,384,BGR888p,,,,,
188.9924,detections,5635,196.220809,45.7,33.32,381.99,,,,4,56:0.86 39:0.83 39:0.61 39:0.57,,,
189.0383,frame,5637,196.287453,45.99,66.64,361.3,512,384,BGR888p,,,,,
189.0384,detections,5637,196.287453,46.01,66.64,361.36,,,,3,56:0.88 39:0.83 39:0.60,,,
189.0873,frame,5638,196.320778,48.95,33.32,376.93,512,384,BGR888p,,,,,
189.0874,detections,5638,196.320778,48.96,33.32,376.99,,,,4,56:0.88 39:0.80 39:0.51 39:0.51,,,
189.1346,frame,5640,196.387419,47.37,66.64,357.66,512,384,BGR888p,,,,,
189.1352,detections,5640,196.387419,47.87,66.64,358.22,,,,5,56:0.83 39:0.80 62:0.58 39:0.56 39:0.50,,,
189.1353,system,0,,983.88,,,,,,,,50.53,34.9,17.8
189.181,frame,5641,196.420743,46.4,33.32,370.74,512,384,BGR888p,,,,,
189.1812,detections,5641,196.420743,45.96,33.32,370.86,,,,5,56:0.87 39:0.82 62:0.74 63:0.56 39:0.53,,,
189.2272,frame,5642,196.454063,46.15,33.32,383.57,512,384,BGR888p,,,,,
189.2273,detections,5642,196.454063,46.11,33.32,383.65,,,,4,56:0.79 39:0.76 39:0.54 62:0.51,,,
189.2736,frame,5644,196.520708,46.38,66.65,363.3,512,384,BGR888p,,,,,
189.2736,detections,5644,196.520708,46.36,66.65,363.35,,,,3,56:0.83 72:0.59 39:0.51,,,
189.3198,frame,5645,196.554029,46.26,33.32,376.24,512,384,BGR888p,,,,,
189.32,detections,5645,196.554029,46.31,33.32,376.34,,,,1,72:0.53,,,
189.3672,frame,5647,196.620672,47.36,66.64,356.95,512,384,BGR888p,,,,,
189.3673,detections,5647,196.620672,47.36,66.64,357.05,,,,4,56:0.87 39:0.84 39:0.62 62:0.54,,,
189.4132,frame,5648,196.653995,45.96,33.32,369.6,512,384,BGR888p,,,,,
189.4132,detections,5648,196.653995,45.92,33.32,369.66,,,,4,56:0.87 39:0.82 62:0.51 39:0.51,,,
189.4595,frame,5649,196.687316,46.32,33.32,382.6,512,384,BGR888p,,,,,
189.4596,detections,5649,196.687316,46.32,33.32,382.65,,,,3,39:0.83 56:0.69 39:0.68,,,
189.5051,frame,5651,196.753961,45.58,66.64,361.52,512,384,BGR888p,,,,,
189.5051,detections,5651,196.753961,45.56,66.64,361.57,,,,0,,,,
189.5541,frame,5652,196.787283,49.07,33.32,377.27,512,384,BGR888p,,,,,
189.5542,detections,5652,196.787283,49.07,33.32,377.32,,,,3,39:0.72 56:0.54 39:0.50,,,
189.5988,frame,5654,196.853925,44.7,66.64,355.33,512,384,BGR888p,,,,,
189.5989,detections,5654,196.853925,44.7,66.64,355.38,,,,4,39:0.82 56:0.81 39:0.57 41:0.54,,,
189.6437,frame,5655,196.887248,44.84,33.32,366.85,512,384,BGR888p,,,,,
189.6437,detections,5655,196.887248,44.85,33.32,366.91,,,,4,56:0.84 39:0.78 39:0.58 41:0.51,,,
189.6907,frame,5656,196.92057,47.03,33.32,380.56,512,384,BGR888p,,,,,
189.6908,detections,5656,196.92057,47.04,33.32,380.62,,,,4,56:0.85 39:0.81 39:0.70 39:0.65,,,
189.7382,frame,5658,196.987213,47.53,66.64,361.46,512,384,BGR888p,,,,,
189.7383,detections,5658,196.987213,47.55,66.64,361.53,,,,3,56:0.82 39:0.79 39:0.63,,,
189.7868,frame,5659,197.020536,48.56,33.32,376.69,512,384,BGR888p,,,,,
189.7869,detections,5659,197.020536,48.54,33.32,376.75,,,,3,56:0.82 39:0.65 39:0.55,,,
189.8338,frame,5661,197.087179,46.99,66.64,357.04,512,384,BGR888p,,,,,
189.8339,detections,5661,197.087179,46.99,66.64,357.1,,,,3,56:0.85 39:0.69 39:0.62,,,
189.8804,frame,5662,197.120502,46.63,33.32,370.35,512,384,BGR888p,,,,,
189.8805,detections,5662,197.120502,46.63,33.32,370.41,,,,1,39:0.70,,,
189.9249,frame,5663,197.153822,44.53,33.32,381.55,512,384,BGR888p,,,,,
189.925,detections,5663,197.153822,44.53,33.32,381.61,,,,2,39:0.69 56:0.51,,,
189.9709,frame,5665,197.220466,46.0,66.64,360.91,512,384,BGR888p,,,,,
189.971,detections,5665,197.220466,46.0,66.64,360.96,,,,1,39:0.50,,,
190.0198,frame,5666,197.253792,48.87,33.33,376.45,512,384,BGR888p,,,,,
190.0202,detections,5666,197.253792,49.14,33.33,376.78,,,,1,0:0.54,,,
190.0678,frame,5668,197.320431,48.01,66.64,357.82,512,384,BGR888p,,,,,
190.0679,detections,5668,197.320431,47.75,66.64,357.88,,,,0,,,,
190.115,frame,5669,197.353757,47.13,33.33,371.63,512,384,BGR888p,,,,,
190.115,detections,5669,197.353757,47.14,33.33,371.7,,,,1,0:0.52,,,
190.161,frame,5670,197.387075,46.08,33.32,384.38,512,384,BGR888p,,,,,
190.1611,detections,5670,197.387075,46.06,33.32,384.43,,,,0,,,,
190.1611,system,0,,1025.84,,,,,,,,50.47,34.6,17.9
190.2072,frame,5672,197.45372,46.17,66.64,363.92,512,384,BGR888p,,,,,
190.2073,detections,5672,197.45372,46.21,66.64,364.0,,,,2,72:0.58 51:0.52,,,
190.2542,frame,5673,197.487043,46.97,33.32,377.58,512,384,BGR888p,,,,,
190.2543,detections,5673,197.487043,46.97,33.32,377.64,,,,0,,,,
190.3039,frame,5675,197.553685,49.73,66.64,360.66,512,384,BGR888p,,,,,
190.304,detections,5675,197.553685,49.71,66.64,360.72,,,,2,62:0.65 56:0.54,,,
190.351,frame,5676,197.58701,47.08,33.32,374.41,512,384,BGR888p,,,,,
190.3511,detections,5676,197.58701,47.13,33.32,374.52,,,,1,62:0.51,,,
190.3976,frame,5677,197.620328,46.61,33.32,387.72,512,384,BGR888p,,,,,
190.3977,detections,5677,197.620328,46.63,33.32,387.83,,,,2,62:0.55 24:0.50,,,
190.4433,frame,5679,197.686973,45.68,66.64,366.76,512,384,BGR888p,,,,,
190.4434,detections,5679,197.686973,45.63,66.64,366.82,,,,0,,,,
190.4891,frame,5680,197.720296,45.84,33.32,379.26,512,384,BGR888p,,,,,
190.4892,detections,5680,197.720296,45.83,33.32,379.32,,,,0,,,,
190.5362,frame,5682,197.786938,47.1,66.64,359.72,512,384,BGR888p,,,,,
190.5363,detections,5682,197.786938,47.11,66.64,359.79,,,,0,,,,
190.5821,frame,5683,197.820261,45.9,33.32,372.31,512,384,BGR888p,,,,,
190.5828,detections,5683,197.820261,46.51,33.32,372.99,,,,0,,,,
190.6281,frame,5684,197.853581,45.95,33.32,384.93,512,384,BGR888p,,,,,
190.6282,detections,5684,197.853581,45.34,33.32,384.99,,,,3,39:0.85 39:0.61 56:0.57,,,
190.6742,frame,5686,197.920233,46.15,66.65,364.42,512,384,BGR888p,,,,,
190.6743,detections,5686,197.920233,46.13,66.65,364.47,,,,5,56:0.84 39:0.81 39:0.60 62:0.59 0:0.57,,,
190.7214,frame,5687,197.953549,47.16,33.32,378.26,512,384,BGR888p,,,,,
190.7214,detections,5687,197.953549,47.16,33.32,378.31,,,,4,56:0.84 39:0.83 0:0.64 39:0.57,,,
190.7694,frame,5689,198.020192,47.98,66.64,359.6,512,384,BGR888p,,,,,
190.7694,detections,5689,198.020192,47.99,66.64,359.66,,,,3,56:0.85 39:0.85 62:0.65,,,
190.8156,frame,5690,198.053514,46.2,33.32,372.47,512,384,BGR888p,,,,,
190.8156,detections,5690,198.053514,46.18,33.32,372.52,,,,1,56:0.74,,,
190.8609,frame,5692,198.120157,45.36,66.64,351.2,512,384,BGR888p,,,,,
190.861,detections,5692,198.120157,45.38,66.64,351.26,,,,0,,,,
190.9072,frame,5693,198.15348,46.26,33.32,364.14,512,384,BGR888p,,,,,
190.9073,detections,5693,198.15348,46.29,33.32,364.24,,,,3,56:0.88 39:0.78 24:0.65,,,
190.9539,frame,5694,198.186802,46.68,33.32,377.5,512,384,BGR888p,,,,,
190.9539,detections,5694,198.186802,46.66,33.32,377.56,,,,1,62:0.61,,,
191.0023,frame,5696,198.253445,48.47,66.64,359.32,512,384,BGR888p,,,,,
191.0024,detections,5696,198.253445,48.47,66.64,359.38,,,,1,56:0.58,,,
191.0474,frame,5697,198.286768,45.11,33.32,371.14,512,384,BGR888p,,,,,
191.0476,detections,5697,198.286768,45.19,33.32,371.27,,,,0,,,,
191.0931,frame,5698,198.320088,45.67,33.32,383.46,512,384,BGR888p,,,,,
191.0932,detections,5698,198.320088,45.6,33.32,383.52,,,,1,56:0.74,,,
191.1383,frame,5700,198.386733,45.2,66.64,362.04,512,384,BGR888p,,,,,
191.1384,detections,5700,198.386733,45.22,66.64,362.1,,,,2,56:0.82 24:0.65,,,
191.1385,system,0,,977.34,,,,,,,,50.86,34.0,17.0
191.1859,frame,5701,198.420056,47.58,33.32,376.28,512,384,BGR888p,,,,,
191.186,detections,5701,198.420056,47.56,33.32,376.33,,,,3,24:0.77 56:0.76 39:0.59,,,
191.2328,frame,5703,198.486698,46.9,66.64,356.54,512,384,BGR888p,,,,,
191.2339,detections,5703,198.486698,47.89,66.64,357.6,,,,2,56:0.89 24:0.73,,,
191.2795,frame,5704,198.52002,46.69,33.32,369.9,512,384,BGR888p,,,,,
191.2796,detections,5704,198.52002,45.71,33.32,369.96,,,,1,56:0.67,,,
191.3253,frame,5705,198.553341,45.79,33.32,382.38,512,384,BGR888p,,,,,
191.3254,detections,5705,198.553341,45.8,33.32,382.44,,,,0,,,,
191.3727,frame,5707,198.619986,47.45,66.65,363.19,512,384,BGR888p,,,,,
191.3729,detections,5707,198.619986,47.51,66.65,363.3,,,,0,,,,
191.4199,frame,5708,198.653308,47.21,33.32,377.07,512,384,BGR888p,,,,,
191.42,detections,5708,198.653308,47.15,33.32,377.13,,,,1,56:0.81,,,
191.4677,frame,5710,198.719951,47.75,66.64,358.18,512,384,BGR888p,,,,,
191.4678,detections,5710,198.719951,47.75,66.64,358.24,,,,3,56:0.88 39:0.61 41:0.52,,,
191.5143,frame,5711,198.753274,46.62,33.32,371.48,512,384,BGR888p,,,,,
191.5144,detections,5711,198.753274,46.62,33.32,371.54,,,,4,56:0.88 39:0.74 39:0.66 41:0.54,,,
191.5596,frame,5712,198.786594,45.32,33.32,383.48,512,384,BGR888p,,,,,
191.5597,detections,5712,198.786594,45.32,33.32,383.53,,,,2,56:0.62 39:0.51,,,
191.6058,frame,5714,198.853239,46.16,66.64,363.0,512,384,BGR888p,,,,,
191.6059,detections,5714,198.853239,46.16,66.64,363.05,,,,1,39:0.61,,,
191.6531,frame,5715,198.886561,47.28,33.32,376.96,512,384,BGR888p,,,,,
191.6532,detections,5715,198.886561,47.28,33.32,377.01,,,,4,56:0.91 39:0.82 41:0.79 39:0.63,,,
191.7026,frame,5717,198.953204,49.55,66.64,359.87,512,384,BGR888p,,,,,
191.7027,detections,5717,198.953204,49.55,66.64,359.93,,,,3,56:0.90 39:0.78 41:0.62,,,
191.7513,frame,5718,198.986527,48.7,33.32,375.25,512,384,BGR888p,,,,,
191.7514,detections,5718,198.986527,48.7,33.32,375.31,,,,4,56:0.89 39:0.62 41:0.59 39:0.55,,,
191.7976,frame,5719,199.019847,46.23,33.32,388.21,512,384,BGR888p,,,,,
191.7978,detections,5719,199.019847,46.4,33.32,388.44,,,,3,56:0.88 39:0.79 41:0.69,,,
191.8422,frame,5721,199.086494,44.65,66.65,366.22,512,384,BGR888p,,,,,
191.8424,detections,5721,199.086494,44.6,66.65,366.37,,,,3,56:0.87 39:0.78 41:0.59,,,
191.888,frame,5722,199.119815,45.82,33.32,378.67,512,384,BGR888p,,,,,
191.8881,detections,5722,199.119815,45.72,33.32,378.74,,,,4,56:0.81 39:0.74 41:0.60 39:0.50,,,
191.9377,frame,5724,199.186457,49.7,66.64,361.72,512,384,BGR888p,,,,,
191.9378,detections,5724,199.186457,49.68,66.64,361.78,,,,3,56:0.83 39:0.81 41:0.76,,,
191.985,frame,5725,199.21978,47.24,33.32,375.62,512,384,BGR888p,,,,,
191.985,detections,5725,199.21978,47.22,33.32,375.67,,,,4,56:0.82 39:0.66 41:0.63 39:0.60,,,
192.0306,frame,5726,199.2531,45.58,33.32,387.9,512,384,BGR888p,,,,,
192.0311,detections,5726,199.2531,46.05,33.32,388.41,,,,2,39:0.67 39:0.59,,,
192.078,frame,5728,199.319748,47.4,66.65,368.65,512,384,BGR888p,,,,,
192.078,detections,5728,199.319748,46.95,66.65,368.7,,,,0,,,,
192.1226,frame,5729,199.353074,44.63,33.33,379.94,512,384,BGR888p,,,,,
192.1227,detections,5729,199.353074,44.62,33.33,380.0,,,,0,,,,
192.1227,system,0,,984.22,,,,,,,,50.86,35.2,17.1
192.1709,frame,5731,199.419711,48.33,66.64,361.64,512,384,BGR888p,,,,,
192.171,detections,5731,199.419711,48.35,66.64,361.71,,,,0,,,,
192.2191,frame,5732,199.453036,48.19,33.32,376.51,512,384,BGR888p,,,,,
192.2192,detections,5732,199.453036,48.19,33.32,376.57,,,,0,,,,
192.2661,frame,5733,199.486354,47.04,33.32,390.23,512,384,BGR888p,,,,,
192.2662,detections,5733,199.486354,47.05,33.32,390.31,,,,0,,,,
192.3112,frame,5735,199.552999,45.09,66.64,368.73,512,384,BGR888p,,,,,
192.3114,detections,5735,199.552999,45.13,66.64,368.78,,,,0,,,,
192.3559,frame,5736,199.586323,44.68,33.32,380.04,512,384,BGR888p,,,,,
192.356,detections,5736,199.586323,44.64,33.32,380.1,,,,2,39:0.60 39:0.57,,,
192.4027,frame,5738,199.652964,46.8,66.64,360.19,512,384,BGR888p,,,,,
192.4028,detections,5738,199.652964,46.84,66.64,360.3,,,,1,39:0.84,,,
192.4515,frame,5739,199.686287,48.77,33.32,375.64,512,384,BGR888p,,,,,
192.4516,detections,5739,199.686287,48.72,33.32,375.69,,,,2,39:0.76 39:0.66,,,
192.4991,frame,5741,199.75293,47.58,66.64,356.56,512,384,BGR888p,,,,,
192.4998,detections,5741,199.75293,48.21,66.64,357.27,,,,0,,,,
192.545,frame,5742,199.786253,45.94,33.32,369.19,512,384,BGR888p,,,,,
192.5452,detections,5742,199.786253,45.38,33.32,369.32,,,,1,39:0.65,,,
192.5896,frame,5743,199.819573,44.63,33.32,380.48,512,384,BGR888p,,,,,
192.5897,detections,5743,199.819573,44.54,33.32,380.53,,,,4,39:0.78 39:0.58 73:0.54 39:0.53,,,
192.6369,frame,5745,199.886218,47.25,66.65,361.09,512,384,BGR888p,,,,,
192.6369,detections,5745,199.886218,47.26,66.65,361.14,,,,2,39:0.75 39:0.51,,,
192.6853,frame,5746,199.91954,48.45,33.32,376.21,512,384,BGR888p,,,,,
192.6854,detections,5746,199.91954,48.44,33.32,376.26,,,,1,39:0.59,,,
192.7314,frame,5748,199.986182,46.05,66.64,355.63,512,384,BGR888p,,,,,
192.7319,detections,5748,199.986182,46.54,66.64,356.16,,,,0,,,,
192.7781,frame,5749,200.019506,46.75,33.32,369.04,512,384,BGR888p,,,,,
192.7782,detections,5749,200.019506,46.26,33.32,369.09,,,,0,,,,
192.8246,frame,5750,200.052827,46.48,33.32,382.21,512,384,BGR888p,,,,,
192.8247,detections,5750,200.052827,46.5,33.32,382.27,,,,1,39:0.63,,,
192.8706,frame,5752,200.119472,45.97,66.64,361.54,512,384,BGR888p,,,,,
192.8707,detections,5752,200.119472,45.97,66.64,361.59,,,,0,,,,
192.9181,frame,5753,200.152793,47.49,33.32,375.71,512,384,BGR888p,,,,,
192.9181,detections,5753,200.152793,47.5,33.32,375.77,,,,0,,,,
192.9652,frame,5755,200.219436,47.1,66.64,356.16,512,384,BGR888p,,,,,
192.9652,detections,5755,200.219436,47.1,66.64,356.26,,,,0,,,,
193.0111,frame,5756,200.252761,45.96,33.32,368.8,512,384,BGR888p,,,,,
193.0112,detections,5756,200.252761,45.96,33.32,368.86,,,,2,39:0.63 39:0.58,,,
193.0558,frame,5757,200.286079,44.72,33.32,380.2,512,384,BGR888p,,,,,
193.0559,detections,5757,200.286079,44.72,33.32,380.26,,,,0,,,,
193.1019,frame,5759,200.352724,46.04,66.64,359.6,512,384,BGR888p,,,,,
193.102,detections,5759,200.352724,46.05,66.64,359.66,,,,1,39:0.59,,,
193.151,frame,5760,200.386047,49.07,33.32,375.35,512,384,BGR888p,,,,,
193.151,detections,5760,200.386047,49.07,33.32,375.41,,,,2,39:0.66 39:0.52,,,
193.1511,system,0,,1028.4,,,,,,,,50.64,33.8,16.7
193.1963,frame,5762,200.452689,45.36,66.64,354.07,512,384,BGR888p,,,,,
193.1964,detections,5762,200.452689,45.37,66.64,354.13,,,,1,39:0.78,,,
193.2422,frame,5763,200.486014,45.85,33.33,366.59,512,384,BGR888p,,,,,
193.2422,detections,5763,200.486014,45.83,33.33,366.64,,,,1,39:0.83,,,
193.2896,frame,5764,200.519332,47.42,33.32,380.71,512,384,BGR888p,,,,,
193.2897,detections,5764,200.519332,47.45,33.32,380.76,,,,0,,,,
193.3374,frame,5766,200.585977,47.77,66.65,361.82,512,384,BGR888p,,,,,
193.3374,detections,5766,200.585977,47.76,66.65,361.88,,,,0,,,,
193.3847,frame,5767,200.6193,47.31,33.32,375.83,512,384,BGR888p,,,,,
193.3848,detections,5767,200.6193,47.32,33.32,375.88,,,,1,39:0.76,,,
193.4329,frame,5769,200.685943,48.26,66.64,357.43,512,384,BGR888p,,,,,
193.4331,detections,5769,200.685943,48.3,66.64,357.54,,,,0,,,,
193.4779,frame,5770,200.719265,44.96,33.32,369.08,512,384,BGR888p,,,,,
193.478,detections,5770,200.719265,44.93,33.32,369.16,,,,2,39:0.69 39:0.58,,,
193.5235,frame,5771,200.752588,45.6,33.32,381.36,512,384,BGR888p,,,,,
193.5236,detections,5771,200.752588,45.59,33.32,381.43,,,,0,,,,
193.5697,frame,5773,200.819231,46.22,66.64,360.94,512,384,BGR888p,,,,,
193.5698,detections,5773,200.819231,46.24,66.64,361.02,,,,2,56:0.85 39:0.78,,,
193.6173,frame,5774,200.85256,47.54,33.33,375.16,512,384,BGR888p,,,,,
193.6174,detections,5774,200.85256,47.55,33.33,375.24,,,,3,56:0.86 39:0.81 39:0.55,,,
193.6639,frame,5776,200.919195,46.67,66.63,355.18,512,384,BGR888p,,,,,
193.6646,detections,5776,200.919195,47.25,66.63,355.86,,,,2,56:0.82 39:0.82,,,
193.7103,frame,5777,200.952519,46.37,33.32,368.26,512,384,BGR888p,,,,,
193.7104,detections,5777,200.952519,45.81,33.32,368.34,,,,3,39:0.82 56:0.79 39:0.53,,,
193.756,frame,5778,200.985839,45.67,33.32,380.57,512,384,BGR888p,,,,,
193.7561,detections,5778,200.985839,45.63,33.32,380.65,,,,2,56:0.87 39:0.73,,,
193.8036,frame,5780,201.052484,47.63,66.64,361.55,512,384,BGR888p,,,,,
193.8037,detections,5780,201.052484,47.6,66.64,361.61,,,,2,39:0.69 39:0.61,,,
193.8516,frame,5781,201.085808,48.01,33.32,376.23,512,384,BGR888p,,,,,
193.8517,detections,5781,201.085808,48.01,33.32,376.29,,,,1,39:0.74,,,
193.8993,frame,5783,201.152449,47.7,66.64,357.29,512,384,BGR888p,,,,,
193.9001,detections,5783,201.152449,48.38,66.64,358.03,,,,1,39:0.78,,,
193.9471,frame,5784,201.185774,47.78,33.33,371.74,512,384,BGR888p,,,,,
193.9472,detections,5784,201.185774,47.1,33.33,371.8,,,,2,39:0.82 62:0.56,,,
193.9928,frame,5785,201.219092,45.71,33.32,384.13,512,384,BGR888p,,,,,
193.9929,detections,5785,201.219092,45.7,33.32,384.18,,,,1,39:0.66,,,
194.0387,frame,5787,201.285737,45.91,66.65,363.39,512,384,BGR888p,,,,,
194.0388,detections,5787,201.285737,45.91,66.65,363.45,,,,1,39:0.83,,,
194.0844,frame,5788,201.319059,45.67,33.32,375.73,512,384,BGR888p,,,,,
194.0844,detections,5788,201.319059,45.66,33.32,375.78,,,,0,,,,
194.1315,frame,5790,201.385702,47.11,66.64,356.22,512,384,BGR888p,,,,,
194.1316,detections,5790,201.385702,47.21,66.64,356.36,,,,0,,,,
194.1317,system,0,,980.6,,,,,,,,50.69,35.1,17.5
194.178,frame,5791,201.419025,46.54,33.32,369.41,512,384,BGR888p,,,,,
194.1781,detections,5791,201.419025,46.45,33.32,369.47,,,,0,,,,
194.224,frame,5792,201.452346,45.99,33.32,382.08,512,384,BGR888p,,,,,
194.2241,detections,5792,201.452346,45.99,33.32,382.14,,,,1,39:0.83,,,
194.2704,frame,5794,201.51899,46.38,66.64,361.82,512,384,BGR888p,,,,,
194.2705,detections,5794,201.51899,46.39,66.64,361.88,,,,2,39:0.79 62:0.56,,,
194.3175,frame,5795,201.552313,47.08,33.32,375.58,512,384,BGR888p,,,,,
194.3175,detections,5795,201.552313,47.08,33.32,375.64,,,,2,39:0.75 56:0.69,,,
194.3652,frame,5797,201.618955,47.78,66.64,356.73,512,384,BGR888p,,,,,
194.3653,detections,5797,201.618955,47.81,66.64,356.82,,,,2,39:0.80 56:0.58,,,
194.4115,frame,5798,201.652279,46.24,33.32,369.63,512,384,BGR888p,,,,,
194.4116,detections,5798,201.652279,46.26,33.32,369.75,,,,2,39:0.80 56:0.61,,,
194.4576,frame,5799,201.685599,46.08,33.32,382.4,512,384,BGR888p,,,,,
194.4577,detections,5799,201.685599,46.08,33.32,382.51,,,,2,39:0.84 56:0.62,,,
194.5036,frame,5801,201.752243,45.99,66.64,361.74,512,384,BGR888p,,,,,
194.5036,detections,5801,201.752243,45.94,66.64,361.8,,,,2,39:0.80 56:0.67,,,
194.5508,frame,5802,201.785566,47.24,33.32,375.66,512,384,BGR888p,,,,,
194.5509,detections,5802,201.785566,47.24,33.32,375.71,,,,2,39:0.81 56:0.70,,,
194.5985,frame,5804,201.852209,47.72,66.64,356.73,512,384,BGR888p,,,,,
194.5986,detections,5804,201.852209,47.72,66.64,356.78,,,,2,56:0.86 39:0.77,,,
194.6455,frame,5805,201.885534,47.02,33.33,370.41,512,384,BGR888p,,,,,
194.6456,detections,5805,201.885534,47.02,33.33,370.48,,,,2,39:0.78 56:0.64,,,
194.6914,frame,5806,201.918852,45.84,33.32,382.94,512,384,BGR888p,,,,,
194.6914,detections,5806,201.918852,45.84,33.32,383.0,,,,2,56:0.82 39:0.81,,,
194.7387,frame,5808,201.985497,47.34,66.65,363.62,512,384,BGR888p,,,,,
194.7388,detections,5808,201.985497,47.32,66.65,363.67,,,,2,56:0.81 39:0.78,,,
194.7854,frame,5809,202.018824,46.68,33.33,376.97,512,384,BGR888p,,,,,
194.7854,detections,5809,202.018824,46.68,33.33,377.03,,,,2,56:0.84 39:0.80,,,
194.8337,frame,5811,202.085461,48.34,66.64,358.67,512,384,BGR888p,,,,,
194.8338,detections,5811,202.085461,48.33,66.64,358.72,,,,2,39:0.84 56:0.80,,,
194.8787,frame,5812,202.118785,44.98,33.32,370.32,512,384,BGR888p,,,,,
194.8787,detections,5812,202.118785,44.98,33.32,370.37,,,,2,56:0.86 39:0.84,,,
194.9251,frame,5813,202.152105,46.46,33.32,383.46,512,384,BGR888p,,,,,
194.9252,detections,5813,202.152105,46.46,33.32,383.51,,,,2,56:0.88 39:0.84,,,
194.9717,frame,5815,202.218749,46.6,66.64,363.43,512,384,BGR888p,,,,,
194.9718,detections,5815,202.218749,46.62,66.64,363.49,,,,2,39:0.84 56:0.74,,,
195.0195,frame,5816,202.252072,47.8,33.32,377.9,512,384,BGR888p,,,,,
195.0196,detections,5816,202.252072,47.8,33.32,377.96,,,,2,56:0.83 39:0.82,,,
195.0695,frame,5818,202.318715,50.01,66.64,361.26,512,384,BGR888p,,,,,
195.0696,detections,5818,202.318715,50.01,66.64,361.32,,,,3,56:0.80 39:0.79 39:0.50,,,
195.1166,frame,5819,202.352038,47.01,33.32,374.95,512,384,BGR888p,,,,,
195.1166,detections,5819,202.352038,47.01,33.32,375.0,,,,2,39:0.85 56:0.76,,,
195.1627,frame,5820,202.385359,46.14,33.32,387.81,512,384,BGR888p,,,,,
195.1628,detections,5820,202.385359,46.18,33.32,387.87,,,,2,56:0.83 39:0.78,,,
195.1629,system,0,,1031.18,,,,,,,,50.75,34.8,16.5
195.2095,frame,5822,202.452003,46.83,66.64,367.95,512,384,BGR888p,,,,,
195.2096,detections,5822,202.452003,46.8,66.64,368.04,,,,2,39:0.84 56:0.63,,,
195.2544,frame,5823,202.485325,44.91,33.32,379.54,512,384,BGR888p,,,,,
195.2545,detections,5823,202.485325,44.91,33.32,379.62,,,,1,39:0.87,,,
195.3017,frame,5825,202.551968,47.24,66.64,360.13,512,384,BGR888p,,,,,
195.3018,detections,5825,202.551968,47.24,66.64,360.22,,,,1,39:0.86,,,
195.3482,frame,5826,202.585291,46.54,33.32,373.34,512,384,BGR888p,,,,,
195.3483,detections,5826,202.585291,46.54,33.32,373.43,,,,1,39:0.84,,,
195.3958,frame,5827,202.618611,47.66,33.32,387.67,512,384,BGR888p,,,,,
195.3959,detections,5827,202.618611,47.63,33.32,387.73,,,,1,39:0.84,,,
195.4408,frame,5829,202.685257,44.98,66.65,365.99,512,384,BGR888p,,,,,
195.4411,detections,5829,202.685257,45.22,66.65,366.31,,,,1,39:0.87,,,
195.4875,frame,5830,202.718579,46.71,33.32,379.38,512,384,BGR888p,,,,,
195.4876,detections,5830,202.718579,46.49,33.32,379.48,,,,1,39:0.87,,,
195.5351,frame,5832,202.785222,47.57,66.64,360.31,512,384,BGR888p,,,,,
195.5352,detections,5832,202.785222,47.54,66.64,360.37,,,,1,39:0.87,,,
195.5835,frame,5833,202.818544,48.43,33.32,376.76,512,384,BGR888p,,,,,
195.5836,detections,5833,202.818544,48.43,33.32,376.82,,,,1,39:0.87,,,
195.6311,frame,5835,202.885187,47.59,66.64,357.71,512,384,BGR888p,,,,,
195.6317,detections,5835,202.885187,48.06,66.64,358.24,,,,1,39:0.86,,,
195.6777,frame,5836,202.91851,46.54,33.32,370.93,512,384,BGR888p,,,,,
195.6778,detections,5836,202.91851,46.09,33.32,371.01,,,,1,39:0.84,,,
195.7242,frame,5837,202.951833,46.58,33.32,384.19,512,384,BGR888p,,,,,
195.7243,detections,5837,202.951833,46.58,33.32,384.26,,,,1,39:0.81,,,
195.7701,frame,5839,203.018475,45.84,66.64,363.4,512,384,BGR888p,,,,,
195.7702,detections,5839,203.018475,45.86,66.64,363.48,,,,1,39:0.79,,,
195.817,frame,5840,203.051797,46.96,33.32,377.03,512,384,BGR888p,,,,,
195.8171,detections,5840,203.051797,46.96,33.32,377.11,,,,1,39:0.84,,,
195.8651,frame,5842,203.11844,48.03,66.64,358.41,512,384,BGR888p,,,,,
195.8652,detections,5842,203.11844,48.02,66.64,358.49,,,,1,39:0.83,,,
195.9121,frame,5843,203.151765,47.01,33.33,372.11,512,384,BGR888p,,,,,
195.9122,detections,5843,203.151765,47.05,33.33,372.22,,,,1,39:0.86,,,
195.9565,frame,5844,203.185083,44.47,33.32,383.26,512,384,BGR888p,,,,,
195.9569,detections,5844,203.185083,44.73,33.32,383.64,,,,1,39:0.86,,,
196.0035,frame,5846,203.251728,46.98,66.65,363.59,512,384,BGR888p,,,,,
196.0036,detections,5846,203.251728,46.7,66.65,363.68,,,,1,39:0.84,,,
196.0498,frame,5847,203.285051,46.24,33.32,376.5,512,384,BGR888p,,,,,
196.0498,detections,5847,203.285051,46.21,33.32,376.55,,,,1,39:0.85,,,
196.0974,frame,5849,203.351693,47.61,66.64,357.46,512,384,BGR888p,,,,,
196.0975,detections,5849,203.351693,47.61,66.64,357.53,,,,1,39:0.84,,,
196.1427,frame,5850,203.385025,45.29,33.33,369.42,512,384,BGR888p,,,,,
196.1427,detections,5850,203.385025,45.29,33.33,369.49,,,,1,39:0.79,,,
196.1428,system,0,,979.95,,,,,,,,50.75,34.6,16.7
196.1885,frame,5851,203.418336,45.85,33.31,381.97,512,384,BGR888p,,,,,
196.1886,detections,5851,203.418336,45.87,33.31,382.05,,,,2,39:0.82 56:0.59,,,
196.2372,frame,5853,203.484981,48.72,66.64,364.08,512,384,BGR888p,,,,,
196.2374,detections,5853,203.484981,48.76,66.64,364.17,,,,1,39:0.86,,,
196.2837,frame,5854,203.518303,46.45,33.32,377.17,512,384,BGR888p,,,,,
196.2838,detections,5854,203.518303,46.41,33.32,377.25,,,,1,39:0.85,,,
196.3317,frame,5856,203.584947,48.03,66.64,358.55,512,384,BGR888p,,,,,
196.3318,detections,5856,203.584947,48.0,66.64,358.61,,,,1,39:0.84,,,
196.3788,frame,5857,203.61827,47.06,33.32,372.29,512,384,BGR888p,,,,,
196.3789,detections,5857,203.61827,47.06,33.32,372.34,,,,1,39:0.84,,,
196.423,frame,5858,203.65159,44.25,33.32,383.23,512,384,BGR888p,,,,,
196.4234,detections,5858,203.65159,44.55,33.32,383.58,,,,1,39:0.84,,,
196.4693,frame,5860,203.718235,46.31,66.64,362.9,512,384,BGR888p,,,,,
196.4694,detections,5860,203.718235,46.03,66.64,362.98,,,,2,39:0.84 62:0.56,,,
196.5167,frame,5861,203.751557,47.33,33.32,376.9,512,384,BGR888p,,,,,
196.5168,detections,5861,203.751557,47.4,33.32,377.05,,,,1,56:0.62,,,
196.5638,frame,5863,203.818199,47.13,66.64,357.4,512,384,BGR888p,,,,,
196.5647,detections,5863,203.818199,47.82,66.64,358.23,,,,2,39:0.81 39:0.55,,,
196.6118,frame,5864,203.851523,47.96,33.32,372.02,512,384,BGR888p,,,,,
196.6118,detections,5864,203.851523,47.19,33.32,372.08,,,,1,39:0.81,,,
196.6573,frame,5865,203.884843,45.57,33.32,384.28,512,384,BGR888p,,,,,
196.6574,detections,5865,203.884843,45.57,33.32,384.33,,,,3,39:0.79 39:0.57 56:0.51,,,
196.7033,frame,5867,203.951488,46.0,66.65,363.63,512,384,BGR888p,,,,,
196.7034,detections,5867,203.951488,45.99,66.65,363.68,,,,2,39:0.76 56:0.64,,,
196.7502,frame,5868,203.98481,46.83,33.32,377.13,512,384,BGR888p,,,,,
196.7502,detections,5868,203.98481,46.82,33.32,377.19,,,,0,,,,
196.7972,frame,5870,204.051454,47.05,66.64,357.55,512,384,BGR888p,,,,,
196.7973,detections,5870,204.051454,47.07,66.64,357.62,,,,1,56:0.56,,,
196.845,frame,5871,204.084778,47.79,33.32,372.0,512,384,BGR888p,,,,,
196.8451,detections,5871,204.084778,47.78,33.32,372.07,,,,3,56:0.78 39:0.77 39:0.65,,,
196.8896,frame,5872,204.118096,44.57,33.32,383.27,512,384,BGR888p,,,,,
196.8897,detections,5872,204.118096,44.6,33.32,383.36,,,,3,56:0.88 39:0.83 39:0.71,,,
196.936,frame,5874,204.184741,46.4,66.64,363.02,512,384,BGR888p,,,,,
196.9361,detections,5874,204.184741,46.4,66.64,363.11,,,,3,56:0.91 39:0.81 39:0.52,,,
196.983,frame,5875,204.218063,47.0,33.32,376.71,512,384,BGR888p,,,,,
196.9831,detections,5875,204.218063,47.0,33.32,376.79,,,,3,56:0.88 39:0.79 39:0.63,,,
197.0314,frame,5877,204.284706,48.43,66.64,358.48,512,384,BGR888p,,,,,
197.0315,detections,5877,204.284706,48.42,66.64,358.57,,,,2,56:0.89 60:0.55,,,
197.0768,frame,5878,204.318029,45.38,33.32,370.56,512,384,BGR888p,,,,,
197.0769,detections,5878,204.318029,45.42,33.32,370.67,,,,1,56:0.89,,,
197.1228,frame,5879,204.351349,46.02,33.32,383.23,512,384,BGR888p,,,,,
197.1229,detections,5879,204.351349,45.96,33.32,383.3,,,,1,56:0.88,,,
197.123,system,0,,980.14,,,,,,,,50.92,34.8,16.6
197.1693,frame,5881,204.417994,46.52,66.64,363.14,512,384,BGR888p,,,,,
197.1694,detections,5881,204.417994,46.56,66.64,363.22,,,,4,56:0.88 39:0.78 41:0.56 39:0.51,,,
197.2166,frame,5882,204.451317,47.31,33.32,377.1,512,384,BGR888p,,,,,
197.2167,detections,5882,204.451317,47.27,33.32,377.16,,,,3,56:0.89 39:0.82 41:0.54,,,
197.2646,frame,5884,204.51796,47.95,66.64,358.4,512,384,BGR888p,,,,,
197.2652,detections,5884,204.51796,48.47,66.64,358.99,,,,3,56:0.88 39:0.79 41:0.52,,,
197.3108,frame,5885,204.551283,46.21,33.32,371.31,512,384,BGR888p,,,,,
197.3109,detections,5885,204.551283,45.7,33.32,371.36,,,,3,56:0.89 39:0.79 41:0.58,,,
197.3562,frame,5886,204.584604,45.42,33.32,383.39,512,384,BGR888p,,,,,
197.3563,detections,5886,204.584604,45.41,33.32,383.44,,,,3,56:0.87 39:0.79 41:0.63,,,
197.4022,frame,5888,204.651248,46.02,66.64,362.77,512,384,BGR888p,,,,,
197.4023,detections,5888,204.651248,46.03,66.64,362.83,,,,4,56:0.89 39:0.78 41:0.65 39:0.55,,,
197.449,frame,5889,204.684569,46.76,33.32,376.22,512,384,BGR888p,,,,,
197.4491,detections,5889,204.684569,46.77,33.32,376.28,,,,4,56:0.90 39:0.76 41:0.63 39:0.50,,,
197.4967,frame,5891,204.751213,47.67,66.64,357.24,512,384,BGR888p,,,,,
197.4968,detections,5891,204.751213,47.66,66.64,357.3,,,,3,56:0.85 39:0.72 41:0.63,,,
197.5429,frame,5892,204.784541,46.23,33.33,370.12,512,384,BGR888p,,,,,
197.5431,detections,5892,204.784541,46.32,33.33,370.29,,,,3,56:0.88 39:0.80 41:0.67,,,
197.5888,frame,5893,204.817856,45.85,33.32,382.67,512,384,BGR888p,,,,,
197.5888,detections,5893,204.817856,45.75,33.32,382.72,,,,3,56:0.87 39:0.82 41:0.63,,,
197.6362,frame,5895,204.884501,47.41,66.64,363.44,512,384,BGR888p,,,,,
197.6362,detections,5895,204.884501,47.42,66.64,363.52,,,,4,56:0.83 39:0.79 41:0.60 39:0.55,,,
197.6826,frame,5896,204.917823,46.4,33.32,376.51,512,384,BGR888p,,,,,
197.6826,detections,5896,204.917823,46.39,33.32,376.57,,,,3,56:0.84 39:0.77 41:0.60,,,
197.7307,frame,5898,204.984466,48.19,66.64,358.06,512,384,BGR888p,,,,,
197.7308,detections,5898,204.984466,48.19,66.64,358.12,,,,4,56:0.86 39:0.75 41:0.56 39:0.53,,,
197.7768,frame,5899,205.017789,46.1,33.32,370.84,512,384,BGR888p,,,,,
197.7775,detections,5899,205.017789,46.65,33.32,371.45,,,,2,56:0.91 39:0.78,,,
197.8233,frame,5900,205.051109,46.43,33.32,383.95,512,384,BGR888p,,,,,
197.8234,detections,5900,205.051109,45.88,33.32,384.01,,,,3,56:0.89 39:0.77 39:0.65,,,
197.8691,frame,5902,205.117753,45.82,66.64,363.14,512,384,BGR888p,,,,,
197.8692,detections,5902,205.117753,45.84,66.64,363.2,,,,2,56:0.88 39:0.74,,,
197.9154,frame,5903,205.151076,46.3,33.32,376.11,512,384,BGR888p,,,,,
197.9159,detections,5903,205.151076,46.72,33.32,376.6,,,,3,56:0.82 39:0.71 41:0.57,,,
197.9631,frame,5905,205.217719,47.73,66.64,357.2,512,384,BGR888p,,,,,
197.9632,detections,5905,205.217719,47.3,66.64,357.25,,,,3,56:0.86 39:0.73 41:0.60,,,
198.0101,frame,5906,205.251042,46.96,33.32,370.83,512,384,BGR888p,,,,,
198.0102,detections,5906,205.251042,46.96,33.32,370.89,,,,4,56:0.86 39:0.82 41:0.59 39:0.58,,,
198.0556,frame,5907,205.284362,45.52,33.32,383.04,512,384,BGR888p,,,,,
198.0557,detections,5907,205.284362,45.53,33.32,383.09,,,,5,56:0.86 39:0.78 41:0.64 39:0.63 62:0.58,,,
198.1011,frame,5909,205.351007,45.45,66.65,361.83,512,384,BGR888p,,,,,
198.1011,detections,5909,205.351007,45.43,66.65,361.88,,,,4,56:0.88 39:0.78 39:0.55 41:0.54,,,
198.1489,frame,5910,205.38433,47.85,33.32,376.37,512,384,BGR888p,,,,,
198.149,detections,5910,205.38433,47.87,33.32,376.42,,,,3,56:0.83 39:0.74 41:0.57,,,
198.149,system,0,,1026.1,,,,,,,,51.03,34.0,16.8
198.1962,frame,5912,205.450972,47.27,66.64,357.0,512,384,BGR888p,,,,,
198.1971,detections,5912,205.450972,48.11,66.64,357.89,,,,3,56:0.86 39:0.72 41:0.55,,,
198.2436,frame,5913,205.484296,47.42,33.32,371.1,512,384,BGR888p,,,,,
198.2437,detections,5913,205.484296,46.59,33.32,371.16,,,,4,56:0.89 39:0.77 62:0.55 41:0.53,,,
198.2889,frame,5914,205.517615,45.28,33.32,383.05,512,384,BGR888p,,,,,
198.289,detections,5914,205.517615,45.27,33.32,383.1,,,,2,56:0.91 39:0.75,,,
198.3351,frame,5916,205.58426,46.16,66.64,362.58,512,384,BGR888p,,,,,
198.3351,detections,5916,205.58426,46.17,66.64,362.63,,,,2,56:0.83 39:0.77,,,
198.3821,frame,5917,205.617583,47.01,33.32,376.27,512,384,BGR888p,,,,,
198.3822,detections,5917,205.617583,47.03,33.32,376.34,,,,3,56:0.82 39:0.79 41:0.57,,,
198.4312,frame,5919,205.684225,49.15,66.64,358.78,512,384,BGR888p,,,,,
198.4313,detections,5919,205.684225,49.14,66.64,358.83,,,,3,56:0.84 39:0.76 41:0.54,,,
198.4764,frame,5920,205.717551,45.17,33.33,370.62,512,384,BGR888p,,,,,
198.4765,detections,5920,205.717551,45.17,33.33,370.68,,,,3,56:0.84 39:0.78 41:0.54,,,
198.522,frame,5921,205.750869,45.62,33.32,382.93,512,384,BGR888p,,,,,
198.5221,detections,5921,205.750869,45.63,33.32,382.99,,,,3,56:0.86 39:0.76 41:0.53,,,
198.5681,frame,5923,205.817513,46.13,66.64,362.42,512,384,BGR888p,,,,,
198.5683,detections,5923,205.817513,46.18,66.64,362.57,,,,2,56:0.85 39:0.74,,,
198.6161,frame,5924,205.850836,47.98,33.32,377.05,512,384,BGR888p,,,,,
198.6162,detections,5924,205.850836,47.9,33.32,377.11,,,,2,56:0.83 39:0.74,,,
198.665,frame,5926,205.917479,48.87,66.64,359.3,512,384,BGR888p,,,,,
198.6655,detections,5926,205.917479,49.35,66.64,359.82,,,,2,56:0.83 39:0.61,,,
198.7127,frame,5927,205.950804,47.75,33.33,373.71,512,384,BGR888p,,,,,
198.7128,detections,5927,205.950804,47.28,33.33,373.77,,,,2,56:0.83 41:0.58,,,
198.7578,frame,5928,205.984121,45.04,33.32,385.43,512,384,BGR888p,,,,,
198.7579,detections,5928,205.984121,45.03,33.32,385.49,,,,0,,,,
198.8038,frame,5930,206.050767,46.03,66.65,364.8,512,384,BGR888p,,,,,
198.8039,detections,5930,206.050767,46.01,66.65,364.85,,,,0,,,,
198.851,frame,5931,206.084089,47.2,33.32,378.69,512,384,BGR888p,,,,,
198.8511,detections,5931,206.084089,47.21,33.32,378.75,,,,0,,,,
198.899,frame,5933,206.150732,48.04,66.64,360.08,512,384,BGR888p,,,,,
198.8991,detections,5933,206.150732,48.03,66.64,360.13,,,,0,,,,
198.9454,frame,5934,206.184057,46.39,33.32,373.15,512,384,BGR888p,,,,,
198.9455,detections,5934,206.184057,46.39,33.32,373.2,,,,1,39:0.64,,,
198.9906,frame,5935,206.217375,45.16,33.32,385.0,512,384,BGR888p,,,,,
198.9907,detections,5935,206.217375,45.16,33.32,385.05,,,,1,39:0.63,,,
199.038,frame,5937,206.28402,47.44,66.64,365.79,512,384,BGR888p,,,,,
199.0381,detections,5937,206.28402,47.45,66.64,365.85,,,,0,,,,
199.0841,frame,5938,206.31735,46.07,33.33,378.54,512,384,BGR888p,,,,,
199.0842,detections,5938,206.31735,46.07,33.33,378.6,,,,0,,,,
199.133,frame,5940,206.383985,48.85,66.63,360.74,512,384,BGR888p,,,,,
199.133,detections,5940,206.383985,48.83,66.63,360.79,,,,0,,,,
199.1331,system,0,,984.01,,,,,,,,50.69,35.4,17.4
199.1788,frame,5941,206.417309,45.88,33.32,373.3,512,384,BGR888p,,,,,
199.1789,detections,5941,206.417309,45.9,33.32,373.36,,,,1,39:0.57,,,
199.2268,frame,5942,206.450628,47.97,33.32,387.95,512,384,BGR888p,,,,,
199.2269,detections,5942,206.450628,47.97,33.32,388.01,,,,1,39:0.56,,,
199.2708,frame,5944,206.517274,43.95,66.65,365.26,512,384,BGR888p,,,,,
199.2708,detections,5944,206.517274,43.95,66.65,365.32,,,,0,,,,
199.3167,frame,5945,206.550596,45.97,33.32,377.91,512,384,BGR888p,,,,,
199.3168,detections,5945,206.550596,45.97,33.32,377.96,,,,0,,,,
199.3653,frame,5947,206.617238,48.59,66.64,359.86,512,384,BGR888p,,,,,
199.3654,detections,5947,206.617238,48.59,66.64,359.91,,,,1,63:0.56,,,
199.4111,frame,5948,206.650562,45.75,33.32,372.29,512,384,BGR888p,,,,,
199.4111,detections,5948,206.650562,45.75,33.32,372.34,,,,0,,,,
199.456,frame,5949,206.683882,44.88,33.32,383.85,512,384,BGR888p,,,,,
199.456,detections,5949,206.683882,44.89,33.32,383.91,,,,4,63:0.74 66:0.59 64:0.52 62:0.52,,,
199.5028,frame,5951,206.750527,46.87,66.64,364.06,512,384,BGR888p,,,,,
199.5029,detections,5951,206.750527,46.84,66.64,364.11,,,,4,39:0.74 63:0.57 62:0.57 39:0.57,,,
199.5499,frame,5952,206.783849,47.04,33.32,377.78,512,384,BGR888p,,,,,
199.5499,detections,5952,206.783849,47.04,33.32,377.83,,,,0,,,,
199.6002,frame,5954,206.850492,50.3,66.64,361.45,512,384,BGR888p,,,,,
199.6003,detections,5954,206.850492,50.37,66.64,361.56,,,,1,62:0.67,,,
199.647,frame,5955,206.883815,46.81,33.32,374.94,512,384,BGR888p,,,,,
199.6471,detections,5955,206.883815,46.76,33.32,375.0,,,,1,62:0.62,,,
199.6936,frame,5956,206.917135,46.67,33.32,388.28,512,384,BGR888p,,,,,
199.6937,detections,5956,206.917135,46.65,33.32,388.33,,,,1,62:0.65,,,
199.7384,frame,5958,206.98378,44.8,66.64,366.45,512,384,BGR888p,,,,,
199.7385,detections,5958,206.98378,44.82,66.64,366.5,,,,1,62:0.73,,,
199.7848,frame,5959,207.017101,46.32,33.32,379.44,512,384,BGR888p,,,,,
199.7848,detections,5959,207.017101,46.31,33.32,379.49,,,,1,62:0.58,,,
199.8309,frame,5961,207.083745,46.14,66.64,358.94,512,384,BGR888p,,,,,
199.831,detections,5961,207.083745,46.21,66.64,359.06,,,,1,62:0.82,,,
199.8792,frame,5962,207.117068,48.31,33.32,373.94,512,384,BGR888p,,,,,
199.8793,detections,5962,207.117068,48.26,33.32,374.0,,,,2,62:0.83 63:0.60,,,
199.9267,frame,5963,207.150388,47.48,33.32,388.09,512,384,BGR888p,,,,,
199.9268,detections,5963,207.150388,47.48,33.32,388.15,,,,2,63:0.87 62:0.80,,,
199.9721,frame,5965,207.217036,45.35,66.65,366.8,512,384,BGR888p,,,,,
199.9721,detections,5965,207.217036,45.35,66.65,366.85,,,,2,63:0.86 62:0.54,,,
200.0181,frame,5966,207.250356,46.05,33.32,379.53,512,384,BGR888p,,,,,
200.0182,detections,5966,207.250356,46.05,33.32,379.59,,,,2,63:0.91 62:0.74,,,
200.0657,frame,5968,207.316998,47.61,66.64,360.49,512,384,BGR888p,,,,,
200.0658,detections,5968,207.316998,47.61,66.64,360.55,,,,2,63:0.95 62:0.53,,,
200.1146,frame,5969,207.350322,48.84,33.32,376.01,512,384,BGR888p,,,,,
200.1146,detections,5969,207.350322,48.84,33.32,376.07,,,,2,63:0.94 62:0.60,,,
200.1634,frame,5971,207.416963,48.81,66.64,358.18,512,384,BGR888p,,,,,
200.1634,detections,5971,207.416963,48.81,66.64,358.24,,,,3,63:0.91 62:0.55 66:0.55,,,
200.1635,system,0,,1030.44,,,,,,,,50.53,33.7,16.3
200.2094,frame,5972,207.450286,45.99,33.32,370.85,512,384,BGR888p,,,,,
200.2094,detections,5972,207.450286,46.0,33.32,370.92,,,,3,63:0.92 62:0.59 66:0.52,,,
200.2545,frame,5973,207.483609,45.11,33.32,382.64,512,384,BGR888p,,,,,
200.2545,detections,5973,207.483609,45.1,33.32,382.69,,,,2,63:0.95 62:0.53,,,
200.2999,frame,5975,207.550251,45.46,66.64,361.44,512,384,BGR888p,,,,,
200.3,detections,5975,207.550251,45.45,66.64,361.49,,,,2,63:0.93 62:0.65,,,
200.3484,frame,5976,207.583576,48.51,33.32,376.64,512,384,BGR888p,,,,,
200.3485,detections,5976,207.583576,48.53,33.32,376.69,,,,2,63:0.94 62:0.52,,,
200.3954,frame,5978,207.650217,46.96,66.64,356.95,512,384,BGR888p,,,,,
200.3955,detections,5978,207.650217,46.94,66.64,357.0,,,,2,63:0.93 62:0.52,,,
200.4422,frame,5979,207.68354,46.78,33.32,370.42,512,384,BGR888p,,,,,
200.4423,detections,5979,207.68354,46.84,33.32,370.52,,,,3,63:0.92 62:0.61 66:0.52,,,
200.4872,frame,5980,207.71686,45.01,33.32,382.11,512,384,BGR888p,,,,,
200.4873,detections,5980,207.71686,45.0,33.32,382.2,,,,2,63:0.90 62:0.57,,,
200.5349,frame,5982,207.783504,47.69,66.64,363.15,512,384,BGR888p,,,,,
200.535,detections,5982,207.783504,47.66,66.64,363.21,,,,2,63:0.93 62:0.57,,,
200.5815,frame,5983,207.816828,46.61,33.32,376.44,512,384,BGR888p,,,,,
200.5816,detections,5983,207.816828,46.61,33.32,376.5,,,,1,63:0.95,,,
200.6301,frame,5985,207.88347,48.57,66.64,358.37,512,384,BGR888p,,,,,
200.6302,detections,5985,207.88347,48.62,66.64,358.47,,,,1,63:0.96,,,
200.6767,frame,5986,207.916794,46.63,33.32,371.67,512,384,BGR888p,,,,,
200.6768,detections,5986,207.916794,46.59,33.32,371.73,,,,1,63:0.95,,,
200.7209,frame,5987,207.950114,44.22,33.32,382.58,512,384,BGR888p,,,,,
200.721,detections,5987,207.950114,44.22,33.32,382.63,,,,1,63:0.95,,,
200.7669,frame,5989,208.016758,45.94,66.64,361.88,512,384,BGR888p,,,,,
200.7669,detections,5989,208.016758,45.95,66.64,361.94,,,,2,63:0.90 62:0.52,,,
200.8145,frame,5990,208.050081,47.6,33.32,376.15,512,384,BGR888p,,,,,
200.8145,detections,5990,208.050081,47.6,33.32,376.21,,,,1,63:0.90,,,
200.8629,frame,5992,208.116723,48.44,66.64,357.95,512,384,BGR888p,,,,,
200.863,detections,5992,208.116723,48.44,66.64,358.0,,,,3,63:0.94 66:0.58 62:0.57,,,
200.908,frame,5993,208.150046,45.1,33.32,369.72,512,384,BGR888p,,,,,
200.9081,detections,5993,208.150046,45.1,33.32,369.78,,,,2,63:0.95 62:0.54,,,
200.9537,frame,5994,208.183366,45.76,33.32,382.15,512,384,BGR888p,,,,,
200.9538,detections,5994,208.183366,45.74,33.32,382.19,,,,2,63:0.93 15:0.58,,,
200.9997,frame,5996,208.250011,45.97,66.64,361.48,512,384,BGR888p,,,,,
200.9998,detections,5996,208.250011,45.99,66.64,361.53,,,,1,62:0.73,,,
201.0491,frame,5997,208.283333,49.37,33.32,377.53,512,384,BGR888p,,,,,
201.0492,detections,5997,208.283333,49.37,33.32,377.59,,,,2,62:0.78 62:0.69,,,
201.0948,frame,5999,208.349976,45.66,66.64,356.57,512,384,BGR888p,,,,,
201.0948,detections,5999,208.349976,45.68,66.64,356.62,,,,1,62:0.65,,,
201.1409,frame,6000,208.3833,46.19,33.32,369.42,512,384,BGR888p,,,,,
201.141,detections,6000,208.3833,46.17,33.32,369.47,,,,1,62:0.79,,,
201.1411,system,0,,977.57,,,,,,,,50.64,34.8,16.9
201.1865,frame,6001,208.416619,45.6,33.32,381.7,512,384,BGR888p,,,,,
201.1866,detections,6001,208.416619,45.6,33.32,381.75,,,,1,62:0.72,,,
201.2326,frame,6003,208.483266,46.01,66.65,361.06,512,384,BGR888p,,,,,
201.2326,detections,6003,208.483266,46.02,66.65,361.12,,,,1,62:0.55,,,
201.281,frame,6004,208.516588,48.45,33.32,376.19,512,384,BGR888p,,,,,
201.2811,detections,6004,208.516588,48.44,33.32,376.24,,,,2,62:0.82 63:0.53,,,
201.3269,frame,6006,208.583229,45.92,66.64,355.45,512,384,BGR888p,,,,,
201.3277,detections,6006,208.583229,46.6,66.64,356.21,,,,2,62:0.76 63:0.59,,,
201.3739,frame,6007,208.616554,46.93,33.33,369.08,512,384,BGR888p,,,,,
201.3739,detections,6007,208.616554,46.27,33.33,369.14,,,,2,62:0.65 62:0.52,,,
201.4197,frame,6008,208.649873,45.87,33.32,381.61,512,384,BGR888p,,,,,
201.4198,detections,6008,208.649873,45.84,33.32,381.66,,,,3,62:0.62 64:0.56 62:0.55,,,
201.4662,frame,6010,208.716518,46.47,66.64,361.44,512,384,BGR888p,,,,,
201.4662,detections,6010,208.716518,46.47,66.64,361.49,,,,3,62:0.65 64:0.65 62:0.64,,,
201.5146,frame,6011,208.74984,48.39,33.32,376.51,512,384,BGR888p,,,,,
201.5147,detections,6011,208.74984,48.4,33.32,376.57,,,,3,64:0.70 62:0.62 62:0.58,,,
201.5633,frame,6013,208.816483,48.74,66.64,358.67,512,384,BGR888p,,,,,
201.5635,detections,6013,208.816483,48.89,66.64,358.87,,,,3,64:0.63 62:0.56 62:0.54,,,
201.6087,frame,6014,208.849807,45.33,33.32,370.62,512,384,BGR888p,,,,,
201.6087,detections,6014,208.849807,45.19,33.32,370.69,,,,1,64:0.62,,,
201.6528,frame,6015,208.883126,44.11,33.32,381.42,512,384,BGR888p,,,,,
201.6529,detections,6015,208.883126,44.16,33.32,381.52,,,,1,64:0.58,,,
201.7005,frame,6017,208.94977,47.7,66.64,362.47,512,384,BGR888p,,,,,
201.7005,detections,6017,208.94977,47.66,66.64,362.53,,,,2,63:0.56 62:0.51,,,
201.7478,frame,6018,208.983093,47.3,33.32,376.46,512,384,BGR888p,,,,,
201.7479,detections,6018,208.983093,47.31,33.32,376.52,,,,3,62:0.56 64:0.52 63:0.51,,,
201.7954,frame,6020,209.049736,47.66,66.64,357.47,512,384,BGR888p,,,,,
201.7955,detections,6020,209.049736,47.65,66.64,357.53,,,,0,,,,
201.8411,frame,6021,209.083059,45.69,33.32,369.83,512,384,BGR888p,,,,,
201.8412,detections,6021,209.083059,45.69,33.32,369.89,,,,2,62:0.55 62:0.54,,,
201.8868,frame,6022,209.116379,45.64,33.32,382.15,512,384,BGR888p,,,,,
201.8868,detections,6022,209.116379,45.64,33.32,382.21,,,,1,62:0.52,,,
201.9345,frame,6024,209.183024,47.75,66.64,363.26,512,384,BGR888p,,,,,
201.9346,detections,6024,209.183024,47.75,66.64,363.31,,,,1,62:0.54,,,
201.9807,frame,6025,209.216346,46.18,33.32,376.12,512,384,BGR888p,,,,,
201.9808,detections,6025,209.216346,46.18,33.32,376.17,,,,3,62:0.64 64:0.62 62:0.53,,,
202.0296,frame,6027,209.282991,48.96,66.65,358.43,512,384,BGR888p,,,,,
202.0297,detections,6027,209.282991,48.96,66.65,358.49,,,,1,62:0.64,,,
202.0756,frame,6028,209.316313,45.93,33.32,371.03,512,384,BGR888p,,,,,
202.0756,detections,6028,209.316313,45.91,33.32,371.08,,,,1,62:0.53,,,
202.1216,frame,6029,209.349632,46.01,33.32,383.72,512,384,BGR888p,,,,,
202.1216,detections,6029,209.349632,46.01,33.32,383.77,,,,1,62:0.61,,,
202.1675,frame,6031,209.416277,45.89,66.64,362.96,512,384,BGR888p,,,,,
202.1675,detections,6031,209.416277,45.89,66.64,363.01,,,,1,62:0.52,,,
202.1676,system,0,,1026.51,,,,,,,,50.58,34.9,17.2
202.2136,frame,6032,209.4496,46.1,33.32,375.75,512,384,BGR888p,,,,,
202.2136,detections,6032,209.4496,46.11,33.32,375.8,,,,2,63:0.54 67:0.50,,,
202.2613,frame,6034,209.516242,47.75,66.64,356.86,512,384,BGR888p,,,,,
202.2617,detections,6034,209.516242,48.01,66.64,357.17,,,,1,62:0.53,,,
202.3091,frame,6035,209.549565,47.77,33.32,371.3,512,384,BGR888p,,,,,
202.3092,detections,6035,209.549565,47.51,33.32,371.35,,,,1,62:0.54,,,
202.3545,frame,6036,209.582886,45.44,33.32,383.41,512,384,BGR888p,,,,,
202.3546,detections,6036,209.582886,45.42,33.32,383.45,,,,2,62:0.60 41:0.54,,,
202.4012,frame,6038,209.64953,46.72,66.64,363.49,512,384,BGR888p,,,,,
202.4013,detections,6038,209.64953,46.74,66.64,363.55,,,,2,64:0.54 63:0.51,,,
202.4487,frame,6039,209.682853,47.46,33.32,377.64,512,384,BGR888p,,,,,
202.4488,detections,6039,209.682853,47.47,33.32,377.69,,,,1,62:0.73,,,
202.4982,frame,6041,209.749496,49.52,66.64,360.55,512,384,BGR888p,,,,,
202.4983,detections,6041,209.749496,49.56,66.64,360.61,,,,1,62:0.65,,,
202.5439,frame,6042,209.782819,45.71,33.32,372.91,512,384,BGR888p,,,,,
202.544,detections,6042,209.782819,45.69,33.32,372.97,,,,1,62:0.58,,,
202.5883,frame,6043,209.81614,44.38,33.32,383.98,512,384,BGR888p,,,,,
202.5884,detections,6043,209.81614,44.38,33.32,384.03,,,,1,62:0.68,,,
202.6345,frame,6045,209.882784,46.13,66.64,363.47,512,384,BGR888p,,,,,
202.6346,detections,6045,209.882784,46.14,66.64,363.52,,,,2,64:0.51 73:0.51,,,
202.6806,frame,6046,209.916106,46.13,33.32,376.27,512,384,BGR888p,,,,,
202.6807,detections,6046,209.916106,46.18,33.32,376.39,,,,3,63:0.55 64:0.52 62:0.51,,,
202.728,frame,6048,209.982749,47.41,66.64,357.03,512,384,BGR888p,,,,,
202.7281,detections,6048,209.982749,47.35,66.64,357.09,,,,1,63:0.51,,,
202.774,frame,6049,210.016072,46.01,33.32,369.71,512,384,BGR888p,,,,,
202.7741,detections,6049,210.016072,46.01,33.32,369.77,,,,1,63:0.60,,,
202.8187,frame,6050,210.049392,44.64,33.32,381.02,512,384,BGR888p,,,,,
202.8187,detections,6050,210.049392,44.63,33.32,381.07,,,,1,67:0.51,,,
202.8667,frame,6052,210.116037,48.04,66.64,362.42,512,384,BGR888p,,,,,
202.8667,detections,6052,210.116037,48.04,66.64,362.46,,,,2,63:0.71 73:0.52,,,
202.9141,frame,6053,210.149359,47.41,33.32,376.5,512,384,BGR888p,,,,,
202.9142,detections,6053,210.149359,47.41,33.32,376.55,,,,2,62:0.60 67:0.51,,,
202.9613,frame,6055,210.216003,47.17,66.64,357.03,512,384,BGR888p,,,,,
202.962,detections,6055,210.216003,47.81,66.64,357.73,,,,2,67:0.53 62:0.50,,,
203.0084,frame,6056,210.249325,47.12,33.32,370.83,512,384,BGR888p,,,,,
203.0084,detections,6056,210.249325,46.49,33.32,370.88,,,,2,63:0.62 73:0.55,,,
203.0547,frame,6057,210.282645,46.27,33.32,383.78,512,384,BGR888p,,,,,
203.0547,detections,6057,210.282645,46.27,33.32,383.83,,,,2,62:0.70 73:0.50,,,
203.1006,frame,6059,210.34929,45.93,66.64,363.07,512,384,BGR888p,,,,,
203.1007,detections,6059,210.34929,45.94,66.64,363.13,,,,2,62:0.58 73:0.56,,,
203.1475,frame,6060,210.382613,46.88,33.32,376.63,512,384,BGR888p,,,,,
203.1475,detections,6060,210.382613,46.88,33.32,376.69,,,,1,62:0.63,,,
203.1476,system,0,,980.01,,,,,,,,50.97,34.8,16.7
203.1947,frame,6062,210.449256,47.2,66.64,357.18,512,384,BGR888p,,,,,
203.1954,detections,6062,210.449256,47.82,66.64,357.87,,,,0,,,,
203.2412,frame,6063,210.482578,46.48,33.32,370.36,512,384,BGR888p,,,,,
203.2412,detections,6063,210.482578,45.88,33.32,370.43,,,,0,,,,
203.2864,frame,6064,210.515898,45.26,33.32,382.3,512,384,BGR888p,,,,,
203.287,detections,6064,210.515898,45.73,33.32,382.84,,,,0,,,,
203.3334,frame,6066,210.582543,47.0,66.64,362.66,512,384,BGR888p,,,,,
203.3335,detections,6066,210.582543,46.53,66.64,362.72,,,,1,62:0.51,,,
203.3814,frame,6067,210.615866,47.97,33.32,377.3,512,384,BGR888p,,,,,
203.3815,detections,6067,210.615866,47.97,33.32,377.36,,,,1,62:0.59,,,
203.43,frame,6069,210.682508,48.58,66.64,359.24,512,384,BGR888p,,,,,
203.43,detections,6069,210.682508,48.58,66.64,359.3,,,,1,62:0.61,,,
203.4775,frame,6070,210.715831,47.53,33.32,373.45,512,384,BGR888p,,,,,
203.4776,detections,6070,210.715831,47.53,33.32,373.51,,,,0,,,,
203.5217,frame,6071,210.749152,44.15,33.32,384.28,512,384,BGR888p,,,,,
203.5217,detections,6071,210.749152,44.15,33.32,384.34,,,,0,,,,
203.5679,frame,6073,210.815796,46.21,66.64,363.83,512,384,BGR888p,,,,,
203.5679,detections,6073,210.815796,46.19,66.64,363.88,,,,0,,,,
203.6162,frame,6074,210.849119,48.29,33.32,378.8,512,384,BGR888p,,,,,
203.6162,detections,6074,210.849119,48.3,33.32,378.86,,,,0,,,,
203.6638,frame,6076,210.915761,47.62,66.64,359.78,512,384,BGR888p,,,,,
203.6638,detections,6076,210.915761,47.62,66.64,359.84,,,,0,,,,
203.7107,frame,6077,210.949087,46.97,33.33,373.44,512,384,BGR888p,,,,,
203.7109,detections,6077,210.949087,47.04,33.33,373.56,,,,0,,,,
203.7583,frame,6078,210.982405,47.5,33.32,387.65,512,384,BGR888p,,,,,
203.7584,detections,6078,210.982405,47.48,33.32,387.71,,,,0,,,,
203.8032,frame,6080,211.04905,44.97,66.64,366.93,512,384,BGR888p,,,,,
203.8034,detections,6080,211.04905,44.99,66.64,367.02,,,,1,73:0.52,,,
203.8495,frame,6081,211.082372,46.33,33.32,379.91,512,384,BGR888p,,,,,
203.8496,detections,6081,211.082372,46.27,33.32,379.97,,,,0,,,,
203.896,frame,6083,211.149015,46.47,66.64,359.73,512,384,BGR888p,,,,,
203.8961,detections,6083,211.149015,46.45,66.64,359.78,,,,0,,,,
203.9438,frame,6084,211.182338,47.81,33.32,374.21,512,384,BGR888p,,,,,
203.9439,detections,6084,211.182338,47.81,33.32,374.26,,,,0,,,,
203.9913,frame,6085,211.215658,47.45,33.32,388.38,512,384,BGR888p,,,,,
203.9914,detections,6085,211.215658,47.5,33.32,388.44,,,,0,,,,
204.0356,frame,6087,211.282303,44.36,66.65,366.07,512,384,BGR888p,,,,,
204.0357,detections,6087,211.282303,44.33,66.65,366.13,,,,0,,,,
204.0832,frame,6088,211.315626,47.61,33.32,380.35,512,384,BGR888p,,,,,
204.0833,detections,6088,211.315626,47.59,33.32,380.4,,,,0,,,,
204.1305,frame,6090,211.382268,47.3,66.64,361.03,512,384,BGR888p,,,,,
204.1306,detections,6090,211.382268,47.33,66.64,361.08,,,,0,,,,
204.1792,frame,6091,211.415591,48.64,33.32,376.33,512,384,BGR888p,,,,,
204.1793,detections,6091,211.415591,48.63,33.32,376.39,,,,0,,,,
204.1793,system,0,,1031.75,,,,,,,,50.69,34.5,16.2
204.2262,frame,6093,211.482234,47.04,66.64,356.72,512,384,BGR888p,,,,,
204.2263,detections,6093,211.482234,47.03,66.64,356.78,,,,1,62:0.53,,,
204.2728,frame,6094,211.515556,46.6,33.32,369.99,512,384,BGR888p,,,,,
204.2729,detections,6094,211.515556,46.58,33.32,370.04,,,,1,62:0.54,,,
204.3172,frame,6095,211.548879,44.38,33.32,381.06,512,384,BGR888p,,,,,
204.3173,detections,6095,211.548879,44.41,33.32,381.12,,,,0,,,,
204.3641,frame,6097,211.615521,46.93,66.64,361.35,512,384,BGR888p,,,,,
204.3642,detections,6097,211.615521,46.93,66.64,361.41,,,,0,,,,
204.4123,frame,6098,211.648844,48.15,33.32,376.18,512,384,BGR888p,,,,,
204.4124,detections,6098,211.648844,48.16,33.32,376.25,,,,0,,,,
204.4584,frame,6100,211.715488,46.08,66.64,355.62,512,384,BGR888p,,,,,
204.4585,detections,6100,211.715488,46.09,66.64,355.69,,,,1,62:0.52,,,
204.5059,frame,6101,211.74881,47.52,33.32,369.82,512,384,BGR888p,,,,,
204.506,detections,6101,211.74881,47.52,33.32,369.9,,,,1,62:0.52,,,
204.5505,frame,6102,211.782134,44.65,33.32,381.14,512,384,BGR888p,,,,,
204.5506,detections,6102,211.782134,44.63,33.32,381.2,,,,1,62:0.54,,,
204.5982,frame,6104,211.848774,47.64,66.64,362.14,512,384,BGR888p,,,,,
204.5983,detections,6104,211.848774,47.64,66.64,362.2,,,,1,63:0.54,,,
204.6461,frame,6105,211.882098,47.92,33.32,376.74,512,384,BGR888p,,,,,
204.6462,detections,6105,211.882098,47.92,33.32,376.79,,,,1,63:0.52,,,
204.6942,frame,6107,211.94874,48.12,66.64,358.22,512,384,BGR888p,,,,,
204.6943,detections,6107,211.94874,48.12,66.64,358.27,,,,1,73:0.59,,,
204.7401,frame,6108,211.982063,45.86,33.32,370.74,512,384,BGR888p,,,,,
204.7402,detections,6108,211.982063,45.9,33.32,370.87,,,,1,73:0.52,,,
204.7855,frame,6109,212.015397,45.45,33.33,382.86,512,384,BGR888p,,,,,
204.7856,detections,6109,212.015397,45.4,33.33,382.92,,,,0,,,,
204.8331,frame,6111,212.082029,47.58,66.63,363.8,512,384,BGR888p,,,,,
204.8332,detections,6111,212.082029,47.58,66.63,363.87,,,,0,,,,
204.8801,frame,6112,212.11535,46.98,33.32,377.46,512,384,BGR888p,,,,,
204.8802,detections,6112,212.11535,46.98,33.32,377.52,,,,1,41:0.53,,,
204.9287,frame,6114,212.181993,48.58,66.64,359.4,512,384,BGR888p,,,,,
204.9287,detections,6114,212.181993,48.57,66.64,359.46,,,,0,,,,
204.9741,frame,6115,212.215317,45.42,33.32,371.49,512,384,BGR888p,,,,,
204.9742,detections,6115,212.215317,45.42,33.32,371.56,,,,0,,,,
205.0193,frame,6116,212.248636,45.18,33.32,383.35,512,384,BGR888p,,,,,
205.0193,detections,6116,212.248636,45.17,33.32,383.41,,,,0,,,,
205.0659,frame,6118,212.315281,46.66,66.64,363.35,512,384,BGR888p,,,,,
205.066,detections,6118,212.315281,46.64,66.64,363.4,,,,1,63:0.51,,,
205.1129,frame,6119,212.348604,47.04,33.32,377.07,512,384,BGR888p,,,,,
205.113,detections,6119,212.348604,47.04,33.32,377.12,,,,0,,,,
205.1599,frame,6121,212.415246,46.92,66.64,357.35,512,384,BGR888p,,,,,
205.1606,detections,6121,212.415246,47.63,66.64,358.12,,,,0,,,,
205.1607,system,0,,981.35,,,,,,,,50.92,33.4,16.0
205.2065,frame,6122,212.448569,46.67,33.32,370.7,512,384,BGR888p,,,,,
205.2066,detections,6122,212.448569,45.98,33.32,370.76,,,,0,,,,
205.2527,frame,6123,212.48189,46.13,33.32,383.51,512,384,BGR888p,,,,,
205.2527,detections,6123,212.48189,46.13,33.32,383.57,,,,0,,,,
205.2994,frame,6125,212.548535,46.68,66.64,363.55,512,384,BGR888p,,,,,
205.2994,detections,6125,212.548535,46.69,66.64,363.61,,,,0,,,,
205.3454,frame,6126,212.581859,46.05,33.32,376.28,512,384,BGR888p,,,,,
205.3455,detections,6126,212.581859,46.05,33.32,376.34,,,,1,0:0.63,,,
205.3928,frame,6128,212.6485,47.38,66.64,357.02,512,384,BGR888p,,,,,
205.3929,detections,6128,212.6485,47.38,66.64,357.08,,,,1,61:0.53,,,
205.4389,frame,6129,212.681822,46.1,33.32,369.79,512,384,BGR888p,,,,,
205.439,detections,6129,212.681822,46.1,33.32,369.85,,,,1,56:0.66,,,
205.4849,frame,6130,212.715143,45.99,33.32,382.47,512,384,BGR888p,,,,,
205.485,detections,6130,212.715143,45.99,33.32,382.52,,,,1,39:0.81,,,
205.5324,frame,6132,212.781787,47.52,66.64,363.34,512,384,BGR888p,,,,,
205.5325,detections,6132,212.781787,47.52,66.64,363.4,,,,1,39:0.84,,,
205.5787,frame,6133,212.81511,46.34,33.32,376.37,512,384,BGR888p,,,,,
205.5788,detections,6133,212.81511,46.36,33.32,376.45,,,,1,39:0.82,,,
205.6258,frame,6135,212.881753,47.12,66.64,356.84,512,384,BGR888p,,,,,
205.6265,detections,6135,212.881753,47.66,66.64,357.47,,,,1,41:0.55,,,
205.6734,frame,6136,212.915076,47.53,33.32,371.04,512,384,BGR888p,,,,,
205.6735,detections,6136,212.915076,46.96,33.32,371.1,,,,1,39:0.69,,,
205.7183,frame,6137,212.948396,44.87,33.32,382.59,512,384,BGR888p,,,,,
205.7183,detections,6137,212.948396,44.87,33.32,382.65,,,,2,39:0.80 39:0.53,,,
205.7656,frame,6139,213.015042,47.32,66.65,363.26,512,384,BGR888p,,,,,
205.7669,detections,6139,213.015042,48.6,66.65,364.61,,,,2,39:0.83 41:0.57,,,
205.8125,frame,6140,213.048363,46.96,33.32,376.9,512,384,BGR888p,,,,,
205.8126,detections,6140,213.048363,45.68,33.32,376.95,,,,2,39:0.75 41:0.67,,,
205.8618,frame,6142,213.115006,49.29,66.64,359.55,512,384,BGR888p,,,,,
205.8619,detections,6142,213.115006,49.29,66.64,359.6,,,,2,39:0.80 41:0.61,,,
205.9072,frame,6143,213.148329,45.33,33.32,371.57,512,384,BGR888p,,,,,
205.9081,detections,6143,213.148329,46.18,33.32,372.46,,,,2,39:0.83 41:0.62,,,
205.9526,frame,6144,213.181649,45.4,33.32,383.64,512,384,BGR888p,,,,,
205.9526,detections,6144,213.181649,44.55,33.32,383.69,,,,3,39:0.84 41:0.71 41:0.60,,,
205.9992,frame,6146,213.248295,46.67,66.65,363.67,512,384,BGR888p,,,,,
205.9993,detections,6146,213.248295,46.72,66.65,363.76,,,,4,39:0.86 41:0.69 41:0.58 39:0.52,,,
206.0456,frame,6147,213.281617,46.37,33.32,376.71,512,384,BGR888p,,,,,
206.0457,detections,6147,213.281617,46.33,33.32,376.77,,,,3,39:0.87 41:0.70 41:0.54,,,
206.0942,frame,6149,213.34826,48.56,66.64,358.63,512,384,BGR888p,,,,,
206.095,detections,6149,213.34826,49.36,66.64,359.49,,,,3,39:0.85 41:0.69 41:0.55,,,
206.1421,frame,6150,213.381585,47.97,33.32,373.28,512,384,BGR888p,,,,,
206.1422,detections,6150,213.381585,47.18,33.32,373.34,,,,3,39:0.85 41:0.66 41:0.55,,,
206.1872,frame,6151,213.414904,45.06,33.32,385.01,512,384,BGR888p,,,,,
206.1873,detections,6151,213.414904,45.05,33.32,385.06,,,,3,39:0.84 41:0.69 39:0.67,,,
206.1873,system,0,,1026.61,,,,,,,,50.8,34.6,17.0
206.2337,frame,6153,213.481547,46.48,66.64,364.85,512,384,BGR888p,,,,,
206.2337,detections,6153,213.481547,46.49,66.64,364.91,,,,3,39:0.84 41:0.61 41:0.52,,,
206.2809,frame,6154,213.51487,47.21,33.32,378.75,512,384,BGR888p,,,,,
206.281,detections,6154,213.51487,47.22,33.32,378.81,,,,2,39:0.85 41:0.60,,,
206.3286,frame,6156,213.581512,47.68,66.64,359.79,512,384,BGR888p,,,,,
206.3292,detections,6156,213.581512,48.26,66.64,360.44,,,,3,39:0.81 41:0.66 41:0.52,,,
206.3758,frame,6157,213.614839,47.28,33.33,373.74,512,384,BGR888p,,,,,
206.3759,detections,6157,213.614839,46.7,33.33,373.8,,,,4,39:0.78 41:0.65 41:0.52 41:0.52,,,
206.4209,frame,6158,213.648156,45.03,33.32,385.46,512,384,BGR888p,,,,,
206.4238,detections,6158,213.648156,47.84,33.32,388.33,,,,5,39:0.79 41:0.68 63:0.59 41:0.58 41:0.53,,,
206.4667,frame,6160,213.714801,45.78,66.64,364.59,512,384,BGR888p,,,,,
206.4667,detections,6160,213.714801,42.97,66.64,364.65,,,,5,39:0.82 41:0.64 41:0.61 63:0.54 41:0.53,,,
206.5126,frame,6161,213.748124,45.92,33.32,377.2,512,384,BGR888p,,,,,
206.5127,detections,6161,213.748124,45.95,33.32,377.28,,,,5,39:0.80 41:0.65 63:0.59 41:0.58 41:0.54,,,
206.5617,frame,6163,213.814766,49.1,66.64,359.66,512,384,BGR888p,,,,,
206.5618,detections,6163,213.814766,49.11,66.64,359.75,,,,4,39:0.84 41:0.68 63:0.57 41:0.56,,,
206.6066,frame,6164,213.848093,44.93,33.33,371.32,512,384,BGR888p,,,,,
206.6068,detections,6164,213.848093,45.01,33.33,371.42,,,,6,39:0.84 41:0.69 41:0.55 63:0.54 41:0.54 41:0.52,,,
206.6525,frame,6165,213.881409,45.88,33.32,383.82,512,384,BGR888p,,,,,
206.6526,detections,6165,213.881409,45.78,33.32,383.88,,,,4,39:0.77 41:0.71 41:0.59 41:0.50,,,
206.6977,frame,6167,213.948054,45.16,66.65,362.32,512,384,BGR888p,,,,,
206.6977,detections,6167,213.948054,45.14,66.65,362.37,,,,3,39:0.71 41:0.55 73:0.51,,,
206.7457,frame,6168,213.981384,48.0,33.33,376.99,512,384,BGR888p,,,,,
206.7457,detections,6168,213.981384,48.0,33.33,377.04,,,,3,41:0.60 39:0.55 39:0.52,,,
206.7962,frame,6170,214.048019,50.52,66.64,360.88,512,384,BGR888p,,,,,
206.7963,detections,6170,214.048019,50.58,66.64,360.99,,,,4,39:0.82 39:0.61 41:0.61 41:0.58,,,
206.8422,frame,6171,214.081342,45.98,33.32,373.56,512,384,BGR888p,,,,,
206.8422,detections,6171,214.081342,45.96,33.32,373.65,,,,3,39:0.85 41:0.60 41:0.56,,,
206.8902,frame,6172,214.114662,48.05,33.32,388.3,512,384,BGR888p,,,,,
206.8903,detections,6172,214.114662,48.07,33.32,388.38,,,,3,39:0.84 41:0.61 41:0.60,,,
206.9339,frame,6174,214.181308,43.65,66.65,365.28,512,384,BGR888p,,,,,
206.9342,detections,6174,214.181308,43.93,66.65,365.67,,,,2,39:0.85 41:0.67,,,
206.9812,frame,6175,214.214629,47.36,33.32,379.33,512,384,BGR888p,,,,,
206.9813,detections,6175,214.214629,47.09,33.32,379.42,,,,2,39:0.86 41:0.66,,,
207.0269,frame,6177,214.281272,45.72,66.64,358.38,512,384,BGR888p,,,,,
207.027,detections,6177,214.281272,45.67,66.64,358.44,,,,3,39:0.80 41:0.57 41:0.50,,,
207.0757,frame,6178,214.314597,48.74,33.32,373.82,512,384,BGR888p,,,,,
207.0758,detections,6178,214.314597,48.78,33.32,373.9,,,,3,39:0.85 41:0.66 41:0.55,,,
207.124,frame,6179,214.347915,48.34,33.32,388.83,512,384,BGR888p,,,,,
207.1241,detections,6179,214.347915,48.33,33.32,388.92,,,,4,39:0.84 41:0.65 41:0.56 39:0.50,,,
207.1679,frame,6181,214.414564,43.92,66.65,366.1,512,384,BGR888p,,,,,
207.168,detections,6181,214.414564,43.91,66.65,366.18,,,,3,39:0.83 41:0.62 41:0.55,,,
207.1681,system,0,,980.79,,,,,,,,50.97,34.3,17.2
207.2145,frame,6182,214.447884,46.57,33.32,379.44,512,384,BGR888p,,,,,
207.2148,detections,6182,214.447884,46.79,33.32,379.73,,,,3,39:0.78 39:0.54 41:0.52,,,
207.2619,frame,6184,214.514526,47.46,66.64,360.17,512,384,BGR888p,,,,,
207.2621,detections,6184,214.514526,47.25,66.64,360.26,,,,2,39:0.85 41:0.56,,,
207.3092,frame,6185,214.547852,47.27,33.33,374.12,512,384,BGR888p,,,,,
207.3093,detections,6185,214.547852,47.27,33.33,374.2,,,,2,39:0.84 41:0.51,,,
207.3534,frame,6187,214.614491,44.16,66.64,351.63,512,384,BGR888p,,,,,
207.3535,detections,6187,214.614491,44.14,66.64,351.69,,,,4,39:0.83 41:0.52 39:0.52 73:0.51,,,
207.4002,frame,6188,214.647814,46.79,33.32,365.09,512,384,BGR888p,,,,,
207.4002,detections,6188,214.647814,46.78,33.32,365.15,,,,3,39:0.83 41:0.51 41:0.50,,,
207.4461,frame,6189,214.681144,45.96,33.33,377.72,512,384,BGR888p,,,,,
207.4462,detections,6189,214.681144,45.97,33.33,377.78,,,,2,39:0.84 41:0.50,,,
207.494,frame,6191,214.747779,47.86,66.64,358.94,512,384,BGR888p,,,,,
207.4941,detections,6191,214.747779,47.85,66.64,358.99,,,,1,39:0.84,,,
207.541,frame,6192,214.781102,46.99,33.32,372.63,512,384,BGR888p,,,,,
207.5411,detections,6192,214.781102,47.03,33.32,372.7,,,,1,39:0.83,,,
207.5859,frame,6193,214.814422,44.95,33.32,384.24,512,384,BGR888p,,,,,
207.586,detections,6193,214.814422,44.93,33.32,384.31,,,,1,39:0.84,,,
207.6324,frame,6195,214.881069,46.48,66.65,364.08,512,384,BGR888p,,,,,
207.6325,detections,6195,214.881069,46.49,66.65,364.15,,,,2,39:0.84 41:0.59,,,
207.6796,frame,6196,214.914389,47.16,33.32,377.93,512,384,BGR888p,,,,,
207.6797,detections,6196,214.914389,47.17,33.32,377.99,,,,2,39:0.83 41:0.56,,,
207.7297,frame,6198,214.981032,50.15,66.64,361.44,512,384,BGR888p,,,,,
207.7298,detections,6198,214.981032,50.17,66.64,361.53,,,,2,39:0.83 73:0.53,,,
207.7749,frame,6199,215.014354,45.17,33.32,373.29,512,384,BGR888p,,,,,
207.775,detections,6199,215.014354,45.17,33.32,373.37,,,,2,39:0.81 39:0.59,,,
207.823,frame,6200,215.047675,48.08,33.32,388.05,512,384,BGR888p,,,,,
207.8232,detections,6200,215.047675,48.15,33.32,388.2,,,,1,39:0.76,,,
207.8675,frame,6202,215.11432,44.52,66.64,365.93,512,384,BGR888p,,,,,
207.8676,detections,6202,215.11432,44.46,66.64,366.01,,,,1,39:0.79,,,
207.9134,frame,6203,215.147642,45.85,33.32,378.46,512,384,BGR888p,,,,,
207.9135,detections,6203,215.147642,45.85,33.32,378.54,,,,1,39:0.69,,,
207.9644,frame,6205,215.214285,51.09,66.64,362.9,512,384,BGR888p,,,,,
207.9645,detections,6205,215.214285,51.06,66.64,362.95,,,,3,39:0.78 39:0.66 73:0.51,,,
208.0098,frame,6206,215.247608,45.4,33.32,374.96,512,384,BGR888p,,,,,
208.0099,detections,6206,215.247608,45.39,33.32,375.02,,,,1,72:0.69,,,
208.0535,frame,6207,215.280928,43.64,33.32,385.3,512,384,BGR888p,,,,,
208.054,detections,6207,215.280928,44.12,33.32,385.83,,,,1,39:0.56,,,
208.0999,frame,6209,215.347574,46.46,66.65,365.11,512,384,BGR888p,,,,,
208.1,detections,6209,215.347574,46.01,66.65,365.18,,,,0,,,,
208.1472,frame,6210,215.380895,47.27,33.32,379.08,512,384,BGR888p,,,,,
208.1473,detections,6210,215.380895,47.3,33.32,379.15,,,,0,,,,
208.1474,system,0,,979.28,,,,,,,,51.03,34.7,17.2
208.1953,frame,6212,215.447538,48.09,66.64,360.5,512,384,BGR888p,,,,,
208.1954,detections,6212,215.447538,48.06,66.64,360.56,,,,0,,,,
208.2409,frame,6213,215.480861,45.62,33.32,372.8,512,384,BGR888p,,,,,
208.241,detections,6213,215.480861,45.61,33.32,372.86,,,,0,,,,
208.2859,frame,6214,215.514181,44.96,33.32,384.44,512,384,BGR888p,,,,,
208.286,detections,6214,215.514181,44.96,33.32,384.5,,,,0,,,,
208.3318,frame,6216,215.580827,45.95,66.65,363.74,512,384,BGR888p,,,,,
208.3319,detections,6216,215.580827,45.95,66.65,363.8,,,,0,,,,
208.3806,frame,6217,215.614149,48.79,33.32,379.21,512,384,BGR888p,,,,,
208.3807,detections,6217,215.614149,48.8,33.32,379.27,,,,0,,,,
208.4271,frame,6219,215.680792,46.5,66.64,359.08,512,384,BGR888p,,,,,
208.4272,detections,6219,215.680792,46.51,66.64,359.14,,,,1,73:0.50,,,
208.4747,frame,6220,215.714114,47.57,33.32,373.31,512,384,BGR888p,,,,,
208.4748,detections,6220,215.714114,47.54,33.32,373.36,,,,0,,,,
208.5199,frame,6221,215.747435,45.23,33.32,385.22,512,384,BGR888p,,,,,
208.52,detections,6221,215.747435,45.24,33.32,385.29,,,,0,,,,
208.5661,frame,6223,215.814083,46.14,66.65,364.71,512,384,BGR888p,,,,,
208.5661,detections,6223,215.814083,46.13,66.65,364.76,,,,1,63:0.52,,,
208.6124,frame,6224,215.847403,46.36,33.32,377.75,512,384,BGR888p,,,,,
208.6125,detections,6224,215.847403,46.36,33.32,377.81,,,,1,63:0.50,,,
208.6621,frame,6226,215.914045,49.66,66.64,360.78,512,384,BGR888p,,,,,
208.6622,detections,6226,215.914045,49.66,66.64,360.83,,,,2,62:0.59 62:0.54,,,
208.7095,frame,6227,215.947367,47.39,33.32,374.87,512,384,BGR888p,,,,,
208.7096,detections,6227,215.947367,47.42,33.32,374.92,,,,1,62:0.64,,,
208.7566,frame,6228,215.980688,47.13,33.32,388.65,512,384,BGR888p,,,,,
208.7567,detections,6228,215.980688,47.11,33.32,388.71,,,,1,62:0.66,,,
208.8037,frame,6230,216.047333,47.04,66.65,369.06,512,384,BGR888p,,,,,
208.8037,detections,6230,216.047333,47.06,66.65,369.12,,,,1,62:0.71,,,
208.8489,frame,6231,216.080656,45.22,33.32,380.94,512,384,BGR888p,,,,,
208.849,detections,6231,216.080656,45.24,33.32,381.04,,,,1,62:0.63,,,
208.8963,frame,6233,216.147298,47.46,66.64,361.78,512,384,BGR888p,,,,,
208.8964,detections,6233,216.147298,47.43,66.64,361.83,,,,1,62:0.69,,,
208.9441,frame,6234,216.180621,47.77,33.32,376.24,512,384,BGR888p,,,,,
208.9442,detections,6234,216.180621,47.79,33.32,376.3,,,,2,62:0.68 63:0.61,,,
208.9909,frame,6235,216.213941,46.75,33.32,389.66,512,384,BGR888p,,,,,
208.9915,detections,6235,216.213941,47.33,33.32,390.37,,,,2,62:0.69 63:0.58,,,
209.0368,frame,6237,216.280588,45.96,66.65,368.98,512,384,BGR888p,,,,,
209.0371,detections,6237,216.280588,45.54,66.65,369.2,,,,2,62:0.72 62:0.56,,,
209.0831,frame,6238,216.313908,46.27,33.32,381.9,512,384,BGR888p,,,,,
209.0831,detections,6238,216.313908,46.07,33.32,381.95,,,,2,62:0.76 63:0.67,,,
209.1301,frame,6240,216.380551,47.04,66.64,362.32,512,384,BGR888p,,,,,
209.1302,detections,6240,216.380551,47.07,66.64,362.38,,,,2,62:0.79 63:0.68,,,
209.1782,frame,6241,216.413874,48.1,33.32,377.11,512,384,BGR888p,,,,,
209.1783,detections,6241,216.413874,48.1,33.32,377.16,,,,2,63:0.70 62:0.64,,,
209.1784,system,0,,1031.0,,,,,,,,50.8,34.0,16.7
209.2236,frame,6243,216.480516,45.37,66.64,355.83,512,384,BGR888p,,,,,
209.2237,detections,6243,216.480516,45.37,66.64,355.89,,,,2,63:0.62 62:0.61,,,
209.2702,frame,6244,216.513841,46.58,33.33,369.06,512,384,BGR888p,,,,,
209.2703,detections,6244,216.513841,46.63,33.33,369.2,,,,1,62:0.78,,,
209.3159,frame,6245,216.547161,45.68,33.32,381.43,512,384,BGR888p,,,,,
209.3159,detections,6245,216.547161,45.62,33.32,381.49,,,,1,62:0.61,,,
209.3633,frame,6247,216.613805,47.48,66.64,362.25,512,384,BGR888p,,,,,
209.3634,detections,6247,216.613805,47.46,66.64,362.3,,,,3,62:0.74 63:0.69 66:0.63,,,
209.4109,frame,6248,216.647127,47.6,33.32,376.55,512,384,BGR888p,,,,,
209.411,detections,6248,216.647127,47.63,33.32,376.61,,,,1,62:0.65,,,
209.4598,frame,6250,216.71377,48.83,66.64,358.73,512,384,BGR888p,,,,,
209.4598,detections,6250,216.71377,48.82,66.64,358.78,,,,2,62:0.64 63:0.55,,,
209.5064,frame,6251,216.747094,46.61,33.32,372.03,512,384,BGR888p,,,,,
209.5065,detections,6251,216.747094,46.64,33.32,372.12,,,,2,62:0.70 63:0.60,,,
209.5522,frame,6252,216.780413,45.78,33.32,384.48,512,384,BGR888p,,,,,
209.5522,detections,6252,216.780413,45.75,33.32,384.54,,,,2,62:0.77 62:0.51,,,
209.5977,frame,6254,216.847059,45.56,66.65,363.4,512,384,BGR888p,,,,,
209.5978,detections,6254,216.847059,45.57,66.65,363.46,,,,2,62:0.78 66:0.55,,,
209.6457,frame,6255,216.880381,47.94,33.32,378.02,512,384,BGR888p,,,,,
209.6457,detections,6255,216.880381,47.94,33.32,378.08,,,,2,62:0.77 63:0.54,,,
209.6948,frame,6257,216.947024,49.12,66.64,360.5,512,384,BGR888p,,,,,
209.6949,detections,6257,216.947024,49.13,66.64,360.56,,,,1,62:0.63,,,
209.7429,frame,6258,216.980349,48.07,33.32,375.26,512,384,BGR888p,,,,,
209.7429,detections,6258,216.980349,48.08,33.32,375.32,,,,1,62:0.73,,,
209.7903,frame,6259,217.013667,47.46,33.32,389.41,512,384,BGR888p,,,,,
209.7904,detections,6259,217.013667,47.47,33.32,389.47,,,,1,63:0.52,,,
209.8368,frame,6261,217.080311,46.51,66.64,369.25,512,384,BGR888p,,,,,
209.8369,detections,6261,217.080311,46.48,66.64,369.3,,,,0,,,,
209.8827,frame,6262,217.113634,45.87,33.32,381.8,512,384,BGR888p,,,,,
209.8828,detections,6262,217.113634,45.93,33.32,381.93,,,,1,4:0.50,,,
209.9287,frame,6264,217.180276,46.0,66.64,361.15,512,384,BGR888p,,,,,
209.9288,detections,6264,217.180276,45.94,66.64,361.21,,,,1,62:0.70,,,
209.9768,frame,6265,217.213599,48.1,33.32,375.93,512,384,BGR888p,,,,,
209.9769,detections,6265,217.213599,48.1,33.32,375.99,,,,0,,,,
210.0249,frame,6266,217.24692,48.11,33.32,390.72,512,384,BGR888p,,,,,
210.025,detections,6266,217.24692,48.12,33.32,390.78,,,,0,,,,
210.0701,frame,6268,217.313565,45.17,66.65,369.23,512,384,BGR888p,,,,,
210.0701,detections,6268,217.313565,45.15,66.65,369.28,,,,0,,,,
210.1158,frame,6269,217.346887,45.69,33.32,381.61,512,384,BGR888p,,,,,
210.1158,detections,6269,217.346887,45.7,33.32,381.66,,,,0,,,,
210.1633,frame,6271,217.41353,47.54,66.64,362.49,512,384,BGR888p,,,,,
210.1634,detections,6271,217.41353,47.55,66.64,362.57,,,,1,62:0.52,,,
210.1634,system,0,,985.06,,,,,,,,50.97,34.0,17.1
210.2101,frame,6272,217.446852,46.8,33.32,375.98,512,384,BGR888p,,,,,
210.2102,detections,6272,217.446852,46.79,33.32,376.03,,,,0,,,,
210.2576,frame,6274,217.513495,47.5,66.64,356.83,512,384,BGR888p,,,,,
210.2577,detections,6274,217.513495,47.5,66.64,356.89,,,,1,62:0.65,,,
210.3039,frame,6275,217.546819,46.29,33.32,369.8,512,384,BGR888p,,,,,
210.304,detections,6275,217.546819,46.29,33.32,369.85,,,,1,62:0.57,,,
210.3502,frame,6276,217.580139,46.35,33.32,382.86,512,384,BGR888p,,,,,
210.3503,detections,6276,217.580139,46.39,33.32,382.92,,,,0,,,,
210.3964,frame,6278,217.646783,46.18,66.64,362.38,512,384,BGR888p,,,,,
210.3965,detections,6278,217.646783,46.16,66.64,362.44,,,,0,,,,
210.4437,frame,6279,217.680106,47.24,33.32,376.29,512,384,BGR888p,,,,,
210.4437,detections,6279,217.680106,47.23,33.32,376.35,,,,0,,,,
210.4911,frame,6281,217.746748,47.48,66.64,357.15,512,384,BGR888p,,,,,
210.4913,detections,6281,217.746748,47.51,66.64,357.22,,,,0,,,,
210.5371,frame,6282,217.780073,45.98,33.32,369.79,512,384,BGR888p,,,,,
210.5372,detections,6282,217.780073,45.95,33.32,369.84,,,,0,,,,
210.5829,frame,6283,217.813391,45.79,33.32,382.27,512,384,BGR888p,,,,,
210.583,detections,6283,217.813391,45.8,33.32,382.33,,,,0,,,,
210.629,frame,6285,217.880037,46.06,66.65,361.67,512,384,BGR888p,,,,,
210.629,detections,6285,217.880037,46.04,66.65,361.72,,,,2,62:0.57 62:0.53,,,
210.6772,frame,6286,217.913358,48.26,33.32,376.62,512,384,BGR888p,,,,,
210.6773,detections,6286,217.913358,48.28,33.32,376.68,,,,1,68:0.50,,,
210.724,frame,6288,217.980002,46.78,66.64,356.78,512,384,BGR888p,,,,,
210.7242,detections,6288,217.980002,46.83,66.64,356.87,,,,1,68:0.75,,,
210.7715,frame,6289,218.013327,47.54,33.32,370.94,512,384,BGR888p,,,,,
210.7719,detections,6289,218.013327,47.74,33.32,371.29,,,,4,62:0.68 62:0.66 64:0.62 62:0.61,,,
210.8168,frame,6290,218.046646,45.27,33.32,382.9,512,384,BGR888p,,,,,
210.8169,detections,6290,218.046646,44.99,33.32,382.96,,,,5,62:0.71 62:0.71 62:0.54 64:0.53 64:0.52,,,
210.8629,frame,6292,218.113291,46.13,66.64,362.39,512,384,BGR888p,,,,,
210.863,detections,6292,218.113291,46.13,66.64,362.45,,,,3,62:0.67 64:0.61 62:0.53,,,
210.9101,frame,6293,218.146612,47.14,33.32,376.22,512,384,BGR888p,,,,,
210.9102,detections,6293,218.146612,47.21,33.32,376.34,,,,3,64:0.77 62:0.62 64:0.57,,,
210.959,frame,6295,218.213255,48.9,66.64,358.46,512,384,BGR888p,,,,,
210.9599,detections,6295,218.213255,49.64,66.64,359.34,,,,2,62:0.85 56:0.56,,,
211.005,frame,6296,218.246579,46.05,33.32,371.19,512,384,BGR888p,,,,,
211.0051,detections,6296,218.246579,45.25,33.32,371.26,,,,3,62:0.79 64:0.61 62:0.54,,,
211.0514,frame,6297,218.279898,46.35,33.32,384.22,512,384,BGR888p,,,,,
211.0515,detections,6297,218.279898,46.35,33.32,384.29,,,,2,62:0.81 56:0.53,,,
211.0974,frame,6299,218.346545,45.99,66.65,363.55,512,384,BGR888p,,,,,
211.0974,detections,6299,218.346545,45.95,66.65,363.6,,,,3,62:0.68 56:0.60 62:0.54,,,
211.144,frame,6300,218.379868,46.63,33.32,376.88,512,384,BGR888p,,,,,
211.1441,detections,6300,218.379868,46.66,33.32,376.93,,,,2,62:0.70 56:0.66,,,
211.1921,frame,6302,218.446508,48.11,66.64,358.33,512,384,BGR888p,,,,,
211.1922,detections,6302,218.446508,48.1,66.64,358.4,,,,1,62:0.63,,,
211.1922,system,0,,1028.81,,,,,,,,50.91,35.4,17.3
211.2379,frame,6303,218.479831,45.8,33.32,370.8,512,384,BGR888p,,,,,
211.238,detections,6303,218.479831,45.78,33.32,370.85,,,,1,64:0.57,,,
211.2845,frame,6304,218.513151,46.6,33.32,384.08,512,384,BGR888p,,,,,
211.2846,detections,6304,218.513151,46.61,33.32,384.14,,,,1,62:0.53,,,
211.3305,frame,6306,218.579796,45.99,66.64,363.42,512,384,BGR888p,,,,,
211.3306,detections,6306,218.579796,45.98,66.64,363.47,,,,3,64:0.58 63:0.51 62:0.50,,,
211.3771,frame,6307,218.613118,46.61,33.32,376.71,512,384,BGR888p,,,,,
211.3772,detections,6307,218.613118,46.61,33.32,376.76,,,,1,64:0.59,,,
211.4236,frame,6309,218.679761,46.47,66.64,357.12,512,384,BGR888p,,,,,
211.4236,detections,6309,218.679761,46.48,66.64,357.17,,,,0,,,,
211.4696,frame,6310,218.713086,46.07,33.32,369.87,512,384,BGR888p,,,,,
211.4697,detections,6310,218.713086,46.1,33.32,369.95,,,,2,63:0.54 64:0.52,,,
211.5158,frame,6311,218.746404,46.18,33.32,382.73,512,384,BGR888p,,,,,
211.5159,detections,6311,218.746404,46.17,33.32,382.79,,,,2,63:0.75 64:0.61,,,
211.5619,frame,6313,218.813049,46.09,66.64,362.17,512,384,BGR888p,,,,,
211.562,detections,6313,218.813049,46.08,66.64,362.23,,,,2,64:0.78 63:0.69,,,
211.6093,frame,6314,218.846371,47.39,33.32,376.25,512,384,BGR888p,,,,,
211.6094,detections,6314,218.846371,47.41,33.32,376.31,,,,1,63:0.57,,,
211.6558,frame,6316,218.913014,46.47,66.64,356.06,512,384,BGR888p,,,,,
211.656,detections,6316,218.913014,46.59,66.64,356.26,,,,1,62:0.53,,,
211.7028,frame,6317,218.946337,47.05,33.32,369.78,512,384,BGR888p,,,,,
211.7029,detections,6317,218.946337,46.9,33.32,369.84,,,,1,64:0.54,,,
211.7489,frame,6318,218.979658,46.09,33.32,382.56,512,384,BGR888p,,,,,
211.749,detections,6318,218.979658,46.1,33.32,382.62,,,,1,64:0.50,,,
211.7949,frame,6320,219.046303,45.96,66.64,361.88,512,384,BGR888p,,,,,
211.795,detections,6320,219.046303,45.96,66.64,361.94,,,,2,64:0.63 62:0.53,,,
211.8428,frame,6321,219.079625,47.96,33.32,376.52,512,384,BGR888p,,,,,
211.8429,detections,6321,219.079625,47.96,33.32,376.57,,,,4,63:0.64 41:0.64 62:0.59 56:0.53,,,
211.8907,frame,6323,219.146268,47.85,66.64,357.72,512,384,BGR888p,,,,,
211.8912,detections,6323,219.146268,48.31,66.64,358.26,,,,4,62:0.75 41:0.70 64:0.67 62:0.65,,,
211.9373,frame,6324,219.179591,46.57,33.32,370.99,512,384,BGR888p,,,,,
211.9374,detections,6324,219.179591,46.2,33.32,371.12,,,,3,62:0.60 64:0.59 62:0.55,,,
211.9829,frame,6325,219.212912,45.61,33.32,383.27,512,384,BGR888p,,,,,
211.9829,detections,6325,219.212912,45.53,33.32,383.32,,,,0,,,,
212.029,frame,6327,219.279557,46.1,66.65,362.72,512,384,BGR888p,,,,,
212.029,detections,6327,219.279557,46.11,66.65,362.78,,,,4,41:0.68 64:0.61 62:0.58 56:0.52,,,
212.0765,frame,6328,219.312882,47.56,33.32,376.97,512,384,BGR888p,,,,,
212.0766,detections,6328,219.312882,47.57,33.32,377.03,,,,6,41:0.80 62:0.73 64:0.66 62:0.59 64:0.57 66:0.53,,,
212.125,frame,6330,219.379521,48.46,66.64,358.78,512,384,BGR888p,,,,,
212.1251,detections,6330,219.379521,48.44,66.64,358.84,,,,2,41:0.54 64:0.51,,,
212.1699,frame,6331,219.412846,44.92,33.32,370.38,512,384,BGR888p,,,,,
212.17,detections,6331,219.412846,44.93,33.32,370.44,,,,3,64:0.69 62:0.60 41:0.52,,,
212.17,system,0,,977.82,,,,,,,,51.3,34.3,17.0
212.2159,frame,6332,219.446165,46.01,33.32,383.06,512,384,BGR888p,,,,,
212.216,detections,6332,219.446165,46.0,33.32,383.13,,,,3,64:0.67 62:0.57 62:0.51,,,
212.2616,frame,6334,219.512809,45.66,66.64,362.09,512,384,BGR888p,,,,,
212.2617,detections,6334,219.512809,45.67,66.64,362.15,,,,1,41:0.71,,,
212.3099,frame,6335,219.546131,48.32,33.32,377.08,512,384,BGR888p,,,,,
212.31,detections,6335,219.546131,48.31,33.32,377.14,,,,2,56:0.80 66:0.54,,,
212.3571,frame,6337,219.612774,47.22,66.64,357.66,512,384,BGR888p,,,,,
212.3572,detections,6337,219.612774,47.22,66.64,357.71,,,,2,66:0.67 63:0.65,,,
212.4031,frame,6338,219.6461,45.97,33.33,370.32,512,384,BGR888p,,,,,
212.4032,detections,6338,219.6461,45.99,33.33,370.38,,,,3,63:0.75 62:0.58 66:0.53,,,
212.4488,frame,6339,219.679417,45.71,33.32,382.69,512,384,BGR888p,,,,,
212.4489,detections,6339,219.679417,45.69,33.32,382.75,,,,3,63:0.79 62:0.65 56:0.53,,,
212.4946,frame,6341,219.746061,45.84,66.64,361.88,512,384,BGR888p,,,,,
212.4947,detections,6341,219.746061,45.84,66.64,361.94,,,,4,66:0.73 63:0.69 62:0.66 56:0.59,,,
212.5428,frame,6342,219.779384,48.18,33.32,376.74,512,384,BGR888p,,,,,
212.5429,detections,6342,219.779384,48.18,33.32,376.8,,,,5,66:0.82 63:0.71 62:0.69 56:0.51 56:0.51,,,
212.5889,frame,6344,219.846027,46.07,66.64,356.17,512,384,BGR888p,,,,,
212.5895,detections,6344,219.846027,46.63,66.64,356.79,,,,3,63:0.70 66:0.59 62:0.58,,,
212.6361,frame,6345,219.879351,47.21,33.32,370.05,512,384,BGR888p,,,,,
212.6362,detections,6345,219.879351,46.64,33.32,370.1,,,,3,66:0.65 62:0.61 63:0.54,,,
212.6818,frame,6346,219.91267,45.67,33.32,382.44,512,384,BGR888p,,,,,
212.6819,detections,6346,219.91267,45.71,33.32,382.49,,,,3,66:0.85 63:0.70 62:0.61,,,
212.7287,frame,6348,219.979315,46.91,66.65,362.76,512,384,BGR888p,,,,,
212.7289,detections,6348,219.979315,47.06,66.65,362.95,,,,6,66:0.79 56:0.72 62:0.68 63:0.65 56:0.55 56:0.53,,,
212.7765,frame,6349,220.012638,47.85,33.32,377.19,512,384,BGR888p,,,,,
212.7766,detections,6349,220.012638,47.66,33.32,377.25,,,,4,66:0.79 56:0.73 62:0.62 63:0.60,,,
212.8241,frame,6351,220.07928,47.57,66.64,358.15,512,384,BGR888p,,,,,
212.8242,detections,6351,220.07928,47.6,66.64,358.2,,,,5,66:0.87 62:0.65 63:0.63 56:0.54 56:0.52,,,
212.8707,frame,6352,220.112604,46.6,33.32,371.42,512,384,BGR888p,,,,,
212.8708,detections,6352,220.112604,46.6,33.32,371.48,,,,5,66:0.86 62:0.68 56:0.64 63:0.56 64:0.51,,,
212.9152,frame,6353,220.145924,44.53,33.32,382.64,512,384,BGR888p,,,,,
212.9153,detections,6353,220.145924,44.54,33.32,382.7,,,,3,66:0.90 56:0.57 56:0.56,,,
212.9629,frame,6355,220.212568,47.63,66.64,363.63,512,384,BGR888p,,,,,
212.9631,detections,6355,220.212568,47.73,66.64,363.8,,,,4,66:0.81 62:0.69 56:0.67 56:0.60,,,
213.0099,frame,6356,220.245892,47.07,33.32,377.35,512,384,BGR888p,,,,,
213.01,detections,6356,220.245892,46.95,33.32,377.4,,,,4,66:0.85 56:0.72 56:0.65 62:0.65,,,
213.0581,frame,6358,220.312533,48.15,66.64,358.88,512,384,BGR888p,,,,,
213.0582,detections,6358,220.312533,48.17,66.64,358.93,,,,6,66:0.82 56:0.75 62:0.63 56:0.56 64:0.55 64:0.50,,,
213.1035,frame,6359,220.345859,45.38,33.33,370.92,512,384,BGR888p,,,,,
213.1035,detections,6359,220.345859,45.37,33.33,370.98,,,,4,66:0.77 62:0.75 56:0.56 63:0.55,,,
213.1483,frame,6360,220.379177,44.8,33.32,382.42,512,384,BGR888p,,,,,
213.1484,detections,6360,220.379177,44.82,33.32,382.48,,,,6,66:0.87 62:0.71 56:0.64 63:0.59 56:0.57 64:0.55,,,
213.195,frame,6362,220.445822,46.73,66.64,362.51,512,384,BGR888p,,,,,
213.1951,detections,6362,220.445822,46.74,66.64,362.57,,,,6,66:0.85 56:0.72 63:0.66 62:0.61 56:0.56 56:0.50,,,
213.1952,system,0,,1025.11,,,,,,,,51.41,35.0,18.1
213.2431,frame,6363,220.479147,48.13,33.33,377.31,512,384,BGR888p,,,,,
213.2432,detections,6363,220.479147,48.12,33.33,377.36,,,,6,66:0.80 63:0.63 56:0.62 56:0.58 56:0.51 62:0.50,,,
213.2916,frame,6365,220.545786,48.47,66.64,359.13,512,384,BGR888p,,,,,
213.2917,detections,6365,220.545786,48.47,66.64,359.19,,,,3,63:0.75 62:0.52 56:0.51,,,
213.3391,frame,6366,220.57911,47.52,33.32,373.33,512,384,BGR888p,,,,,
213.3392,detections,6366,220.57911,47.52,33.32,373.39,,,,3,56:0.71 63:0.65 66:0.57,,,
213.385,frame,6367,220.61243,45.82,33.32,385.82,512,384,BGR888p,,,,,
213.385,detections,6367,220.61243,45.8,33.32,385.87,,,,3,66:0.75 62:0.64 63:0.55,,,
213.4306,frame,6369,220.679075,45.65,66.65,364.84,512,384,BGR888p,,,,,
213.4307,detections,6369,220.679075,45.67,66.65,364.9,,,,2,56:0.82 62:0.52,,,
213.478,frame,6370,220.712397,47.4,33.32,378.91,512,384,BGR888p,,,,,
213.4781,detections,6370,220.712397,47.39,33.32,378.97,,,,2,56:0.66 63:0.54,,,
213.5269,frame,6372,220.77904,48.93,66.64,361.19,512,384,BGR888p,,,,,
213.527,detections,6372,220.77904,48.92,66.64,361.25,,,,0,,,,
213.5728,frame,6373,220.812363,45.84,33.32,373.72,512,384,BGR888p,,,,,
213.5728,detections,6373,220.812363,45.85,33.32,373.77,,,,0,,,,
213.6208,frame,6374,220.845684,48.0,33.32,388.41,512,384,BGR888p,,,,,
213.6209,detections,6374,220.845684,48.03,33.32,388.48,,,,0,,,,
213.6652,frame,6376,220.912328,44.42,66.64,366.17,512,384,BGR888p,,,,,
213.6653,detections,6376,220.912328,44.4,66.64,366.24,,,,0,,,,
213.711,frame,6377,220.945651,45.81,33.32,378.66,512,384,BGR888p,,,,,
213.7111,detections,6377,220.945651,45.8,33.32,378.71,,,,3,56:0.66 56:0.60 41:0.51,,,
213.7603,frame,6379,221.012293,49.27,66.64,361.29,512,384,BGR888p,,,,,
213.7603,detections,6379,221.012293,49.27,66.64,361.34,,,,1,62:0.63,,,
213.8066,frame,6380,221.045617,46.36,33.32,374.33,512,384,BGR888p,,,,,
213.8067,detections,6380,221.045617,46.37,33.32,374.39,,,,2,62:0.56 63:0.51,,,
213.8508,frame,6381,221.078936,44.18,33.32,385.19,512,384,BGR888p,,,,,
213.8509,detections,6381,221.078936,44.18,33.32,385.25,,,,3,56:0.61 62:0.59 56:0.50,,,
213.8979,frame,6383,221.145583,47.05,66.65,365.59,512,384,BGR888p,,,,,
213.8979,detections,6383,221.145583,47.05,66.65,365.66,,,,4,56:0.84 56:0.59 66:0.52 62:0.51,,,
213.9436,frame,6384,221.178904,45.79,33.32,378.07,512,384,BGR888p,,,,,
213.9437,detections,6384,221.178904,45.79,33.32,378.12,,,,1,56:0.65,,,
213.991,frame,6386,221.245547,47.31,66.64,358.73,512,384,BGR888p,,,,,
213.9916,detections,6386,221.245547,47.85,66.64,359.36,,,,2,62:0.72 56:0.65,,,
214.037,frame,6387,221.27887,46.02,33.32,371.41,512,384,BGR888p,,,,,
214.037,detections,6387,221.27887,45.45,33.32,371.47,,,,1,56:0.56,,,
214.0828,frame,6388,221.31219,45.78,33.32,383.88,512,384,BGR888p,,,,,
214.0828,detections,6388,221.31219,45.78,33.32,383.93,,,,2,56:0.60 56:0.59,,,
214.1288,frame,6390,221.378838,46.01,66.65,363.24,512,384,BGR888p,,,,,
214.1288,detections,6390,221.378838,46.02,66.65,363.3,,,,0,,,,
214.1756,frame,6391,221.412158,46.82,33.32,376.73,512,384,BGR888p,,,,,
214.1757,detections,6391,221.412158,46.82,33.32,376.79,,,,0,,,,
214.1757,system,0,,980.54,,,,,,,,50.92,33.9,17.0
214.223,frame,6393,221.4788,47.4,66.64,357.5,512,384,BGR888p,,,,,
214.2236,detections,6393,221.4788,47.91,66.64,358.07,,,,2,62:0.56 62:0.55,,,
214.2691,frame,6394,221.512124,46.06,33.32,370.24,512,384,BGR888p,,,,,
214.2691,detections,6394,221.512124,45.55,33.32,370.3,,,,2,62:0.55 62:0.51,,,
214.3136,frame,6395,221.545443,44.57,33.32,381.49,512,384,BGR888p,,,,,
214.3137,detections,6395,221.545443,44.57,33.32,381.55,,,,2,62:0.67 56:0.60,,,
214.3605,frame,6397,221.612088,46.86,66.64,361.7,512,384,BGR888p,,,,,
214.3606,detections,6397,221.612088,46.86,66.64,361.76,,,,0,,,,
214.4088,frame,6398,221.64541,48.29,33.32,376.67,512,384,BGR888p,,,,,
214.4089,detections,6398,221.64541,48.29,33.32,376.73,,,,1,62:0.52,,,
214.4547,frame,6400,221.712053,45.91,66.64,355.96,512,384,BGR888p,,,,,
214.4548,detections,6400,221.712053,45.95,66.64,356.03,,,,1,56:0.54,,,
214.5018,frame,6401,221.745376,47.16,33.32,369.79,512,384,BGR888p,,,,,
214.5019,detections,6401,221.745376,47.14,33.32,369.85,,,,1,56:0.54,,,
214.5475,frame,6402,221.778697,45.67,33.32,382.13,512,384,BGR888p,,,,,
214.5476,detections,6402,221.778697,45.66,33.32,382.19,,,,1,56:0.60,,,
214.5948,frame,6404,221.84534,47.27,66.64,362.75,512,384,BGR888p,,,,,
214.5948,detections,6404,221.84534,47.25,66.64,362.8,,,,1,56:0.62,,,
214.6425,frame,6405,221.878663,47.68,33.32,377.11,512,384,BGR888p,,,,,
214.6425,detections,6405,221.878663,47.69,33.32,377.16,,,,3,41:0.53 56:0.51 62:0.50,,,
214.6887,frame,6407,221.945306,46.25,66.64,356.72,512,384,BGR888p,,,,,
214.6896,detections,6407,221.945306,47.1,66.64,357.65,,,,2,56:0.64 56:0.59,,,
214.7356,frame,6408,221.978632,46.9,33.33,370.29,512,384,BGR888p,,,,,
214.7357,detections,6408,221.978632,46.04,33.33,370.34,,,,0,,,,
214.7818,frame,6409,222.011949,46.17,33.32,383.14,512,384,BGR888p,,,,,
214.7819,detections,6409,222.011949,46.17,33.32,383.19,,,,2,56:0.62 56:0.56,,,
214.8275,frame,6411,222.078594,45.67,66.65,362.18,512,384,BGR888p,,,,,
214.8275,detections,6411,222.078594,45.68,66.65,362.23,,,,1,0:0.89,,,
214.8762,frame,6412,222.111916,48.71,33.32,377.56,512,384,BGR888p,,,,,
214.8762,detections,6412,222.111916,48.71,33.32,377.62,,,,1,0:0.93,,,
214.9222,frame,6414,222.178559,46.04,66.64,356.99,512,384,BGR888p,,,,,
214.9232,detections,6414,222.178559,46.94,66.64,357.93,,,,1,0:0.84,,,
214.9694,frame,6415,222.211884,47.18,33.32,370.81,512,384,BGR888p,,,,,
214.9695,detections,6415,222.211884,46.27,33.32,370.87,,,,2,0:0.74 62:0.63,,,
215.0149,frame,6416,222.245203,45.55,33.32,383.05,512,384,BGR888p,,,,,
215.0151,detections,6416,222.245203,45.6,33.32,383.16,,,,2,0:0.89 62:0.58,,,
215.0614,frame,6418,222.311847,46.42,66.64,362.82,512,384,BGR888p,,,,,
215.0614,detections,6418,222.311847,46.37,66.64,362.88,,,,3,0:0.94 62:0.64 62:0.51,,,
215.1085,frame,6419,222.345171,47.17,33.32,376.67,512,384,BGR888p,,,,,
215.1086,detections,6419,222.345171,47.17,33.32,376.73,,,,2,62:0.66 0:0.62,,,
215.157,frame,6421,222.411812,48.47,66.64,358.5,512,384,BGR888p,,,,,
215.1571,detections,6421,222.411812,48.47,66.64,358.55,,,,2,62:0.74 0:0.68,,,
215.2041,frame,6422,222.445136,47.13,33.32,372.3,512,384,BGR888p,,,,,
215.2042,detections,6422,222.445136,47.13,33.32,372.36,,,,2,0:0.73 62:0.68,,,
215.2043,system,0,,1028.56,,,,,,,,51.08,34.4,17.5
215.2487,frame,6423,222.478456,44.6,33.32,383.58,512,384,BGR888p,,,,,
215.2488,detections,6423,222.478456,44.6,33.32,383.64,,,,2,62:0.70 0:0.54,,,
215.2952,frame,6425,222.545101,46.46,66.64,363.39,512,384,BGR888p,,,,,
215.2953,detections,6425,222.545101,46.45,66.64,363.45,,,,3,62:0.68 0:0.56 66:0.50,,,
215.3421,frame,6426,222.578423,46.89,33.32,376.95,512,384,BGR888p,,,,,
215.3421,detections,6426,222.578423,46.88,33.32,377.01,,,,2,62:0.67 0:0.54,,,
215.3892,frame,6428,222.645065,47.1,66.64,357.44,512,384,BGR888p,,,,,
215.3893,detections,6428,222.645065,47.15,66.64,357.53,,,,4,62:0.63 0:0.54 56:0.52 66:0.50,,,
215.4356,frame,6429,222.678388,46.42,33.32,370.52,512,384,BGR888p,,,,,
215.4357,detections,6429,222.678388,46.38,33.32,370.58,,,,3,62:0.69 0:0.64 66:0.52,,,
215.4821,frame,6430,222.71171,46.53,33.32,383.72,512,384,BGR888p,,,,,
215.4822,detections,6430,222.71171,46.51,33.32,383.77,,,,3,0:0.71 62:0.65 66:0.54,,,
215.5267,frame,6432,222.778354,44.6,66.64,361.68,512,384,BGR888p,,,,,
215.5268,detections,6432,222.778354,44.61,66.64,361.74,,,,2,62:0.71 0:0.63,,,
215.5754,frame,6433,222.811676,48.71,33.32,377.08,512,384,BGR888p,,,,,
215.5755,detections,6433,222.811676,48.73,33.32,377.14,,,,2,62:0.69 0:0.68,,,
215.622,frame,6435,222.878319,46.54,66.64,356.98,512,384,BGR888p,,,,,
215.6226,detections,6435,222.878319,47.1,66.64,357.62,,,,3,62:0.69 0:0.64 66:0.51,,,
215.6683,frame,6436,222.911642,46.27,33.32,369.94,512,384,BGR888p,,,,,
215.6684,detections,6436,222.911642,45.73,33.32,370.0,,,,2,62:0.71 0:0.60,,,
215.7137,frame,6437,222.944963,45.39,33.32,382.0,512,384,BGR888p,,,,,
215.7137,detections,6437,222.944963,45.37,33.32,382.05,,,,2,62:0.73 0:0.58,,,
215.7617,frame,6439,223.011608,48.08,66.64,363.43,512,384,BGR888p,,,,,
215.7618,detections,6439,223.011608,48.08,66.64,363.49,,,,2,62:0.78 0:0.74,,,
215.8087,frame,6440,223.04493,47.0,33.32,377.11,512,384,BGR888p,,,,,
215.8088,detections,6440,223.04493,47.0,33.32,377.17,,,,2,62:0.82 0:0.62,,,
215.857,frame,6442,223.111572,48.23,66.64,358.69,512,384,BGR888p,,,,,
215.857,detections,6442,223.111572,48.23,66.64,358.75,,,,3,0:0.91 62:0.67 62:0.56,,,
215.9018,frame,6443,223.144897,44.86,33.32,370.23,512,384,BGR888p,,,,,
215.9019,detections,6443,223.144897,44.88,33.32,370.31,,,,4,0:0.87 62:0.65 62:0.55 62:0.53,,,
215.9477,frame,6444,223.178215,45.9,33.32,382.81,512,384,BGR888p,,,,,
215.9478,detections,6444,223.178215,45.88,33.32,382.87,,,,2,0:0.76 62:0.73,,,
215.9933,frame,6446,223.244861,45.62,66.65,361.8,512,384,BGR888p,,,,,
215.9934,detections,6446,223.244861,45.64,66.65,361.86,,,,1,0:0.79,,,
216.042,frame,6447,223.278183,48.65,33.32,377.11,512,384,BGR888p,,,,,
216.0421,detections,6447,223.278183,48.68,33.32,377.22,,,,1,0:0.81,,,
216.089,frame,6449,223.344825,47.03,66.64,357.55,512,384,BGR888p,,,,,
216.0899,detections,6449,223.344825,47.77,66.64,358.35,,,,3,56:0.67 0:0.64 56:0.53,,,
216.1353,frame,6450,223.378148,46.3,33.32,370.48,512,384,BGR888p,,,,,
216.1354,detections,6450,223.378148,45.52,33.32,370.55,,,,2,56:0.74 56:0.58,,,
216.1816,frame,6451,223.411468,46.26,33.32,383.42,512,384,BGR888p,,,,,
216.1817,detections,6451,223.411468,46.25,33.32,383.47,,,,1,56:0.70,,,
216.1817,system,0,,977.43,,,,,,,,51.14,34.1,17.0
216.2274,frame,6453,223.478113,45.81,66.64,362.58,512,384,BGR888p,,,,,
216.2275,detections,6453,223.478113,45.81,66.64,362.64,,,,1,56:0.64,,,
216.2751,frame,6454,223.511436,47.71,33.32,376.97,512,384,BGR888p,,,,,
216.2752,detections,6454,223.511436,47.72,33.32,377.03,,,,0,,,,
216.321,frame,6456,223.578078,45.88,66.64,356.21,512,384,BGR888p,,,,,
216.3211,detections,6456,223.578078,45.88,66.64,356.27,,,,0,,,,
216.3679,frame,6457,223.611406,46.88,33.33,369.76,512,384,BGR888p,,,,,
216.3679,detections,6457,223.611406,46.89,33.33,369.83,,,,0,,,,
216.4133,frame,6458,223.644722,45.48,33.32,381.91,512,384,BGR888p,,,,,
216.4134,detections,6458,223.644722,45.46,33.32,381.97,,,,0,,,,
216.4594,frame,6460,223.711367,46.02,66.64,361.28,512,384,BGR888p,,,,,
216.4594,detections,6460,223.711367,46.01,66.64,361.34,,,,0,,,,
216.5082,frame,6461,223.744689,48.81,33.32,376.78,512,384,BGR888p,,,,,
216.5082,detections,6461,223.744689,48.81,33.32,376.86,,,,0,,,,
216.5543,frame,6463,223.811332,46.17,66.64,356.3,512,384,BGR888p,,,,,
216.5551,detections,6463,223.811332,46.87,66.64,357.06,,,,0,,,,
216.6015,frame,6464,223.844656,47.15,33.32,370.13,512,384,BGR888p,,,,,
216.6024,detections,6464,223.844656,47.26,33.32,371.0,,,,0,,,,
216.6473,frame,6465,223.877975,45.85,33.32,382.66,512,384,BGR888p,,,,,
216.6474,detections,6465,223.877975,45.05,33.32,382.72,,,,0,,,,
216.6933,frame,6467,223.944619,45.98,66.64,362.0,512,384,BGR888p,,,,,
216.6934,detections,6467,223.944619,45.98,66.64,362.06,,,,1,62:0.57,,,
216.7416,frame,6468,223.977943,48.33,33.32,377.02,512,384,BGR888p,,,,,
216.7417,detections,6468,223.977943,48.34,33.32,377.08,,,,0,,,,
216.7889,frame,6470,224.044585,47.27,66.64,357.69,512,384,BGR888p,,,,,
216.7891,detections,6470,224.044585,47.38,66.64,357.85,,,,0,,,,
216.8339,frame,6471,224.077909,45.02,33.32,369.32,512,384,BGR888p,,,,,
216.834,detections,6471,224.077909,44.88,33.32,369.37,,,,0,,,,
216.8786,frame,6472,224.111229,44.71,33.32,380.72,512,384,BGR888p,,,,,
216.8787,detections,6472,224.111229,44.74,33.32,380.8,,,,0,,,,
216.9253,frame,6474,224.177874,46.68,66.64,360.76,512,384,BGR888p,,,,,
216.9254,detections,6474,224.177874,46.67,66.64,360.82,,,,1,56:0.51,,,
216.9743,frame,6475,224.211196,49.01,33.32,376.45,512,384,BGR888p,,,,,
216.9744,detections,6475,224.211196,49.03,33.32,376.55,,,,1,63:0.56,,,
217.0198,frame,6477,224.277838,45.49,66.64,355.32,512,384,BGR888p,,,,,
217.02,detections,6477,224.277838,45.54,66.64,355.45,,,,0,,,,
217.0659,frame,6478,224.311162,46.05,33.32,368.06,512,384,BGR888p,,,,,
217.0675,detections,6478,224.311162,47.57,33.32,369.75,,,,0,,,,
217.1135,frame,6479,224.344481,47.62,33.32,382.3,512,384,BGR888p,,,,,
217.1136,detections,6479,224.344481,46.0,33.32,382.36,,,,0,,,,
217.1595,frame,6481,224.411126,46.04,66.64,361.7,512,384,BGR888p,,,,,
217.1596,detections,6481,224.411126,46.04,66.64,361.75,,,,0,,,,
217.2076,frame,6482,224.444448,48.04,33.32,376.44,512,384,BGR888p,,,,,
217.2077,detections,6482,224.444448,48.06,33.32,376.49,,,,1,59:0.50,,,
217.2077,system,0,,1026.0,,,,,,,,51.03,35.2,16.7
217.2541,frame,6484,224.511091,46.51,66.64,356.3,512,384,BGR888p,,,,,
217.2542,detections,6484,224.511091,46.5,66.64,356.35,,,,2,56:0.52 59:0.51,,,
217.3005,frame,6485,224.544417,46.47,33.33,369.46,512,384,BGR888p,,,,,
217.3007,detections,6485,224.544417,46.5,33.33,369.53,,,,0,,,,
217.3467,frame,6486,224.577736,46.11,33.32,382.23,512,384,BGR888p,,,,,
217.3467,detections,6486,224.577736,46.08,33.32,382.29,,,,3,56:0.62 56:0.59 56:0.52,,,
217.3925,frame,6488,224.644379,45.8,66.64,361.39,512,384,BGR888p,,,,,
217.3925,detections,6488,224.644379,45.8,66.64,361.45,,,,3,56:0.61 56:0.61 66:0.53,,,
217.4406,frame,6489,224.677702,48.12,33.32,376.18,512,384,BGR888p,,,,,
217.4406,detections,6489,224.677702,48.11,33.32,376.23,,,,2,66:0.67 56:0.60,,,
217.4876,frame,6491,224.744344,47.06,66.64,356.6,512,384,BGR888p,,,,,
217.4877,detections,6491,224.744344,47.06,66.64,356.65,,,,2,56:0.77 66:0.75,,,
217.5338,frame,6492,224.777668,46.11,33.32,369.43,512,384,BGR888p,,,,,
217.5339,detections,6492,224.777668,46.18,33.32,369.5,,,,2,56:0.66 64:0.52,,,
217.5789,frame,6493,224.810988,45.1,33.32,381.18,512,384,BGR888p,,,,,
217.5789,detections,6493,224.810988,45.06,33.32,381.24,,,,3,56:0.70 66:0.52 63:0.52,,,
217.6256,frame,6495,224.877632,46.7,66.64,361.23,512,384,BGR888p,,,,,
217.6256,detections,6495,224.877632,46.68,66.64,361.28,,,,3,66:0.81 56:0.72 64:0.52,,,
217.6741,frame,6496,224.910955,48.57,33.32,376.47,512,384,BGR888p,,,,,
217.6742,detections,6496,224.910955,48.57,33.32,376.52,,,,3,66:0.81 56:0.61 64:0.55,,,
217.7218,frame,6498,224.977598,47.7,66.64,357.52,512,384,BGR888p,,,,,
217.7219,detections,6498,224.977598,47.69,66.64,357.57,,,,2,56:0.65 63:0.56,,,
217.7673,frame,6499,225.010921,45.51,33.32,369.75,512,384,BGR888p,,,,,
217.7675,detections,6499,225.010921,45.6,33.32,369.86,,,,4,63:0.75 66:0.62 66:0.55 56:0.53,,,
217.8119,frame,6500,225.044241,44.57,33.32,380.98,512,384,BGR888p,,,,,
217.812,detections,6500,225.044241,44.5,33.32,381.03,,,,4,66:0.73 63:0.65 56:0.59 66:0.55,,,
217.8584,frame,6502,225.110886,46.47,66.64,360.8,512,384,BGR888p,,,,,
217.8585,detections,6502,225.110886,46.47,66.64,360.87,,,,6,63:0.68 56:0.63 66:0.58 66:0.54 56:0.51 64:0.51,,,
217.9076,frame,6503,225.144208,49.25,33.32,376.74,512,384,BGR888p,,,,,
217.9077,detections,6503,225.144208,49.26,33.32,376.8,,,,2,66:0.63 56:0.55,,,
217.9537,frame,6505,225.210851,46.08,66.64,356.19,512,384,BGR888p,,,,,
217.9538,detections,6505,225.210851,46.09,66.64,356.24,,,,2,66:0.63 56:0.52,,,
218.0008,frame,6506,225.244174,47.13,33.32,369.97,512,384,BGR888p,,,,,
218.0009,detections,6506,225.244174,47.1,33.32,370.02,,,,3,66:0.82 56:0.63 64:0.51,,,
218.0459,frame,6507,225.277494,45.06,33.32,381.72,512,384,BGR888p,,,,,
218.046,detections,6507,225.277494,45.07,33.32,381.78,,,,4,66:0.79 56:0.77 64:0.54 65:0.52,,,
218.0934,frame,6509,225.344141,47.53,66.65,362.61,512,384,BGR888p,,,,,
218.0936,detections,6509,225.344141,47.59,66.65,362.73,,,,4,66:0.83 56:0.69 63:0.67 64:0.60,,,
218.1416,frame,6510,225.377461,48.16,33.32,377.44,512,384,BGR888p,,,,,
218.1417,detections,6510,225.377461,48.1,33.32,377.5,,,,2,66:0.86 56:0.73,,,
218.1884,frame,6512,225.444104,46.78,66.64,357.58,512,384,BGR888p,,,,,
218.189,detections,6512,225.444104,47.34,66.64,358.2,,,,3,66:0.62 56:0.59 64:0.55,,,
218.1891,system,0,,981.38,,,,,,,,51.19,34.7,17.1
218.2351,frame,6513,225.477428,46.69,33.32,370.96,512,384,BGR888p,,,,,
218.2352,detections,6513,225.477428,46.14,33.32,371.01,,,,1,66:0.69,,,
218.2806,frame,6514,225.510748,45.57,33.32,383.19,512,384,BGR888p,,,,,
218.2807,detections,6514,225.510748,45.55,33.32,383.25,,,,2,66:0.77 63:0.53,,,
218.3265,frame,6516,225.577393,45.89,66.64,362.42,512,384,BGR888p,,,,,
218.3266,detections,6516,225.577393,45.87,66.64,362.47,,,,1,66:0.62,,,
218.3743,frame,6517,225.610715,47.74,33.32,376.84,512,384,BGR888p,,,,,
218.3743,detections,6517,225.610715,47.74,33.32,376.89,,,,1,66:0.57,,,
218.4222,frame,6519,225.677358,47.96,66.64,358.17,512,384,BGR888p,,,,,
218.423,detections,6519,225.677358,48.71,66.64,358.97,,,,2,56:0.62 66:0.58,,,
218.4689,frame,6520,225.71068,46.65,33.32,371.49,512,384,BGR888p,,,,,
218.4689,detections,6520,225.71068,45.91,33.32,371.55,,,,1,56:0.51,,,
218.5148,frame,6521,225.744001,45.94,33.32,384.11,512,384,BGR888p,,,,,
218.5149,detections,6521,225.744001,45.92,33.32,384.15,,,,3,66:0.64 62:0.64 56:0.57,,,
218.5615,frame,6523,225.810646,46.67,66.64,364.15,512,384,BGR888p,,,,,
218.5616,detections,6523,225.810646,46.69,66.64,364.19,,,,2,41:0.65 43:0.54,,,
218.6089,frame,6524,225.843967,47.37,33.32,378.2,512,384,BGR888p,,,,,
218.6089,detections,6524,225.843967,47.38,33.32,378.25,,,,5,64:0.61 41:0.56 43:0.55 56:0.53 56:0.51,,,
218.6582,frame,6526,225.910611,49.36,66.64,360.9,512,384,BGR888p,,,,,
218.6583,detections,6526,225.910611,49.37,66.64,360.99,,,,3,41:0.68 56:0.60 41:0.59,,,
218.7051,frame,6527,225.943934,46.87,33.32,374.46,512,384,BGR888p,,,,,
218.7052,detections,6527,225.943934,46.86,33.32,374.52,,,,2,56:0.65 62:0.58,,,
218.7526,frame,6528,225.977254,47.5,33.32,388.64,512,384,BGR888p,,,,,
218.7527,detections,6528,225.977254,47.5,33.32,388.69,,,,2,41:0.76 64:0.63,,,
218.7966,frame,6530,226.0439,43.99,66.65,365.99,512,384,BGR888p,,,,,
218.7967,detections,6530,226.0439,43.99,66.65,366.04,,,,2,41:0.79 64:0.62,,,
218.8449,frame,6531,226.077221,48.35,33.32,381.02,512,384,BGR888p,,,,,
218.845,detections,6531,226.077221,48.35,33.32,381.07,,,,5,41:0.72 64:0.66 62:0.66 56:0.62 66:0.53,,,
218.8919,frame,6533,226.143864,46.95,66.64,361.32,512,384,BGR888p,,,,,
218.892,detections,6533,226.143864,46.95,66.64,361.38,,,,4,56:0.70 64:0.69 41:0.66 62:0.52,,,
218.9409,frame,6534,226.177187,48.98,33.32,376.98,512,384,BGR888p,,,,,
218.9409,detections,6534,226.177187,48.99,33.32,377.04,,,,5,63:0.60 56:0.56 73:0.54 64:0.51 41:0.50,,,
218.9878,frame,6535,226.210507,46.95,33.32,390.62,512,384,BGR888p,,,,,
218.9885,detections,6535,226.210507,47.55,33.32,391.28,,,,2,62:0.65 56:0.54,,,
219.0337,frame,6537,226.277152,45.85,66.64,369.81,512,384,BGR888p,,,,,
219.0337,detections,6537,226.277152,45.23,66.64,369.86,,,,3,64:0.72 56:0.62 56:0.54,,,
219.0789,frame,6538,226.310482,45.19,33.33,381.68,512,384,BGR888p,,,,,
219.0789,detections,6538,226.310482,45.21,33.33,381.74,,,,3,63:0.67 56:0.52 56:0.52,,,
219.1275,frame,6540,226.377117,48.69,66.63,363.73,512,384,BGR888p,,,,,
219.1277,detections,6540,226.377117,48.73,66.63,363.84,,,,3,62:0.69 64:0.67 41:0.55,,,
219.1738,frame,6541,226.41044,46.21,33.32,376.62,512,384,BGR888p,,,,,
219.1738,detections,6541,226.41044,46.16,33.32,376.67,,,,2,56:0.60 62:0.52,,,
219.2222,frame,6543,226.477082,48.41,66.64,358.39,512,384,BGR888p,,,,,
219.2222,detections,6543,226.477082,48.42,66.64,358.46,,,,2,62:0.58 56:0.56,,,
219.2223,system,0,,1033.22,,,,,,,,50.97,33.9,16.9
219.2695,frame,6544,226.510406,47.34,33.32,372.4,512,384,BGR888p,,,,,
219.2696,detections,6544,226.510406,47.32,33.32,372.45,,,,1,62:0.66,,,
219.3143,frame,6545,226.543726,44.77,33.32,383.86,512,384,BGR888p,,,,,
219.3143,detections,6545,226.543726,44.78,33.32,383.91,,,,3,62:0.59 56:0.57 0:0.57,,,
219.3606,frame,6547,226.610371,46.35,66.64,363.56,512,384,BGR888p,,,,,
219.3607,detections,6547,226.610371,46.35,66.64,363.61,,,,2,62:0.68 64:0.56,,,
219.4067,frame,6548,226.643694,46.08,33.32,376.31,512,384,BGR888p,,,,,
219.4068,detections,6548,226.643694,46.07,33.32,376.36,,,,1,62:0.87,,,
219.4543,frame,6550,226.710336,47.64,66.64,357.3,512,384,BGR888p,,,,,
219.4544,detections,6550,226.710336,47.63,66.64,357.35,,,,1,62:0.82,,,
219.502,frame,6551,226.743659,47.65,33.32,371.63,512,384,BGR888p,,,,,
219.502,detections,6551,226.743659,47.65,33.32,371.68,,,,2,62:0.69 63:0.50,,,
219.5473,frame,6552,226.776979,45.27,33.32,383.59,512,384,BGR888p,,,,,
219.5473,detections,6552,226.776979,45.29,33.32,383.64,,,,5,66:0.61 63:0.59 62:0.53 64:0.52 63:0.50,,,
219.5933,frame,6554,226.843624,46.06,66.64,363.44,512,384,BGR888p,,,,,
219.5934,detections,6554,226.843624,46.07,66.64,363.5,,,,1,62:0.81,,,
219.6401,frame,6555,226.876949,46.75,33.32,376.86,512,384,BGR888p,,,,,
219.6401,detections,6555,226.876949,46.74,33.32,376.92,,,,1,62:0.73,,,
219.6869,frame,6557,226.94359,46.83,66.64,357.05,512,384,BGR888p,,,,,
219.6877,detections,6557,226.94359,47.6,66.64,357.88,,,,4,62:0.74 63:0.63 41:0.58 64:0.56,,,
219.7336,frame,6558,226.976912,46.67,33.32,370.41,512,384,BGR888p,,,,,
219.7337,detections,6558,226.976912,46.01,33.32,370.58,,,,2,56:0.68 63:0.57,,,
219.7795,frame,6559,227.010233,45.96,33.32,383.05,512,384,BGR888p,,,,,
219.7796,detections,6559,227.010233,45.86,33.32,383.1,,,,4,62:0.63 56:0.57 41:0.51 73:0.51,,,
219.8247,frame,6561,227.076877,45.17,66.64,361.57,512,384,BGR888p,,,,,
219.8248,detections,6561,227.076877,45.16,66.64,361.62,,,,1,62:0.85,,,
219.8734,frame,6562,227.1102,48.74,33.32,376.99,512,384,BGR888p,,,,,
219.874,detections,6562,227.1102,49.2,33.32,377.5,,,,2,62:0.86 41:0.52,,,
219.9206,frame,6564,227.176842,47.19,66.64,357.54,512,384,BGR888p,,,,,
219.9213,detections,6564,227.176842,47.33,66.64,358.2,,,,1,63:0.51,,,
219.9666,frame,6565,227.210165,45.97,33.32,370.19,512,384,BGR888p,,,,,
219.9667,detections,6565,227.210165,45.38,33.32,370.24,,,,1,62:0.63,,,
220.0121,frame,6566,227.243486,45.54,33.32,382.4,512,384,BGR888p,,,,,
220.0122,detections,6566,227.243486,45.54,33.32,382.46,,,,2,62:0.73 41:0.51,,,
220.0583,frame,6568,227.31013,46.19,66.64,361.95,512,384,BGR888p,,,,,
220.0584,detections,6568,227.31013,46.19,66.64,362.01,,,,1,62:0.59,,,
220.1063,frame,6569,227.343453,47.93,33.32,376.58,512,384,BGR888p,,,,,
220.1064,detections,6569,227.343453,47.97,33.32,376.65,,,,0,,,,
220.1543,frame,6571,227.410095,48.04,66.64,357.96,512,384,BGR888p,,,,,
220.1549,detections,6571,227.410095,48.57,66.64,358.6,,,,0,,,,
220.2013,frame,6572,227.443419,46.97,33.32,371.63,512,384,BGR888p,,,,,
220.2014,detections,6572,227.443419,46.43,33.32,371.69,,,,0,,,,
220.2014,system,0,,979.12,,,,,,,,51.03,35.1,17.4
220.2477,frame,6573,227.476739,46.45,33.32,384.73,512,384,BGR888p,,,,,
220.2478,detections,6573,227.476739,46.43,33.32,384.79,,,,0,,,,
220.2933,frame,6575,227.543385,45.58,66.65,363.65,512,384,BGR888p,,,,,
220.2934,detections,6575,227.543385,45.56,66.65,363.7,,,,0,,,,
220.3407,frame,6576,227.576706,47.35,33.32,377.68,512,384,BGR888p,,,,,
220.3407,detections,6576,227.576706,47.35,33.32,377.74,,,,1,72:0.53,,,
220.3911,frame,6578,227.643348,50.45,66.64,361.49,512,384,BGR888p,,,,,
220.3912,detections,6578,227.643348,50.45,66.64,361.54,,,,0,,,,
220.4367,frame,6579,227.676676,45.55,33.33,373.73,512,384,BGR888p,,,,,
220.4367,detections,6579,227.676676,45.59,33.33,373.8,,,,0,,,,
220.4819,frame,6580,227.709992,45.25,33.32,385.66,512,384,BGR888p,,,,,
220.482,detections,6580,227.709992,45.25,33.32,385.74,,,,0,,,,
220.5277,frame,6582,227.776638,45.82,66.65,364.81,512,384,BGR888p,,,,,
220.5278,detections,6582,227.776638,45.78,66.65,364.87,,,,0,,,,
220.5762,frame,6583,227.809959,48.48,33.32,379.99,512,384,BGR888p,,,,,
220.5763,detections,6583,227.809959,48.51,33.32,380.05,,,,0,,,,
220.6232,frame,6585,227.876602,46.99,66.64,360.34,512,384,BGR888p,,,,,
220.6238,detections,6585,227.876602,47.49,66.64,360.92,,,,0,,,,
220.6707,frame,6586,227.909925,47.47,33.32,374.47,512,384,BGR888p,,,,,
220.6707,detections,6586,227.909925,46.96,33.32,374.53,,,,0,,,,
220.7183,frame,6587,227.943245,47.62,33.32,388.78,512,384,BGR888p,,,,,
220.7184,detections,6587,227.943245,47.62,33.32,388.83,,,,0,,,,
220.7636,frame,6589,228.00989,45.29,66.65,367.41,512,384,BGR888p,,,,,
220.7638,detections,6589,228.00989,45.42,66.65,367.61,,,,0,,,,
220.8102,frame,6590,228.043213,46.64,33.32,380.75,512,384,BGR888p,,,,,
220.8103,detections,6590,228.043213,46.56,33.32,380.84,,,,1,62:0.62,,,
220.8565,frame,6592,228.109855,46.32,66.64,360.42,512,384,BGR888p,,,,,
220.8566,detections,6592,228.109855,46.28,66.64,360.49,,,,1,62:0.66,,,
220.9056,frame,6593,228.143181,49.11,33.33,376.21,512,384,BGR888p,,,,,
220.9057,detections,6593,228.143181,49.1,33.33,376.27,,,,1,62:0.75,,,
220.9526,frame,6594,228.176499,46.91,33.32,389.82,512,384,BGR888p,,,,,
220.9527,detections,6594,228.176499,46.95,33.32,389.89,,,,1,62:0.53,,,
220.999,frame,6596,228.243143,46.41,66.64,369.62,512,384,BGR888p,,,,,
220.9991,detections,6596,228.243143,46.42,66.64,369.67,,,,1,62:0.84,,,
221.0446,frame,6597,228.276466,45.59,33.32,381.85,512,384,BGR888p,,,,,
221.0446,detections,6597,228.276466,45.55,33.32,381.91,,,,1,62:0.75,,,
221.0911,frame,6599,228.343109,46.57,66.64,361.77,512,384,BGR888p,,,,,
221.0912,detections,6599,228.343109,46.56,66.64,361.82,,,,1,62:0.71,,,
221.1396,frame,6600,228.376431,48.52,33.32,376.96,512,384,BGR888p,,,,,
221.1397,detections,6600,228.376431,48.52,33.32,377.02,,,,1,62:0.62,,,
221.1865,frame,6602,228.443074,46.87,66.64,357.19,512,384,BGR888p,,,,,
221.1872,detections,6602,228.443074,47.44,66.64,357.84,,,,1,63:0.68,,,
221.1872,system,0,,985.82,,,,,,,,51.03,33.8,16.1
221.234,frame,6603,228.476397,47.5,33.32,371.38,512,384,BGR888p,,,,,
221.2341,detections,6603,228.476397,46.95,33.32,371.45,,,,1,62:0.52,,,
221.2785,frame,6604,228.509718,44.48,33.32,382.51,512,384,BGR888p,,,,,
221.2786,detections,6604,228.509718,44.47,33.32,382.6,,,,0,,,,
221.3245,frame,6606,228.576362,46.03,66.64,361.9,512,384,BGR888p,,,,,
221.3246,detections,6606,228.576362,46.0,66.64,361.95,,,,1,63:0.61,,,
221.3728,frame,6607,228.609684,48.24,33.32,376.81,512,384,BGR888p,,,,,
221.3728,detections,6607,228.609684,48.24,33.32,376.87,,,,1,63:0.53,,,
221.4203,frame,6609,228.676327,47.51,66.64,357.69,512,384,BGR888p,,,,,
221.4204,detections,6609,228.676327,47.53,66.64,357.75,,,,1,62:0.65,,,
221.4659,frame,6610,228.709652,45.59,33.33,369.97,512,384,BGR888p,,,,,
221.466,detections,6610,228.709652,45.61,33.33,370.03,,,,2,62:0.57 62:0.51,,,
221.5112,frame,6611,228.742973,45.34,33.32,382.0,512,384,BGR888p,,,,,
221.5114,detections,6611,228.742973,45.39,33.32,382.11,,,,1,62:0.63,,,
221.5582,frame,6613,228.809617,47.04,66.64,362.4,512,384,BGR888p,,,,,
221.5584,detections,6613,228.809617,47.01,66.64,362.48,,,,2,62:0.72 62:0.60,,,
221.6063,frame,6614,228.842938,48.03,33.32,377.1,512,384,BGR888p,,,,,
221.6064,detections,6614,228.842938,48.02,33.32,377.18,,,,1,62:0.65,,,
221.6537,frame,6616,228.90958,47.44,66.64,357.9,512,384,BGR888p,,,,,
221.6538,detections,6616,228.90958,47.43,66.64,357.96,,,,2,62:0.58 62:0.51,,,
221.7007,frame,6617,228.942904,47.02,33.32,371.58,512,384,BGR888p,,,,,
221.7008,detections,6617,228.942904,47.01,33.32,371.64,,,,2,62:0.61 63:0.54,,,
221.7455,frame,6618,228.976223,44.74,33.32,383.0,512,384,BGR888p,,,,,
221.7456,detections,6618,228.976223,44.74,33.32,383.06,,,,2,62:0.60 63:0.53,,,
221.7911,frame,6620,229.042868,45.59,66.64,361.95,512,384,BGR888p,,,,,
221.7912,detections,6620,229.042868,45.59,66.64,362.01,,,,0,,,,
221.8396,frame,6621,229.076191,48.52,33.32,377.15,512,384,BGR888p,,,,,
221.8397,detections,6621,229.076191,48.52,33.32,377.21,,,,1,68:0.54,,,
221.8864,frame,6623,229.142833,46.78,66.64,357.32,512,384,BGR888p,,,,,
221.8869,detections,6623,229.142833,47.22,66.64,357.83,,,,2,63:0.53 63:0.52,,,
221.9332,frame,6624,229.176157,46.87,33.32,370.84,512,384,BGR888p,,,,,
221.9333,detections,6624,229.176157,46.45,33.32,370.92,,,,3,0:0.64 62:0.53 63:0.53,,,
221.9793,frame,6625,229.209477,46.06,33.32,383.57,512,384,BGR888p,,,,,
221.9794,detections,6625,229.209477,46.03,33.32,383.62,,,,2,63:0.77 63:0.60,,,
222.0253,frame,6627,229.276122,45.99,66.64,362.91,512,384,BGR888p,,,,,
222.0254,detections,6627,229.276122,45.98,66.64,362.96,,,,2,63:0.92 63:0.74,,,
222.0725,frame,6628,229.309444,47.17,33.32,376.76,512,384,BGR888p,,,,,
222.0725,detections,6628,229.309444,47.18,33.32,376.81,,,,2,63:0.90 62:0.62,,,
222.1194,frame,6630,229.376087,46.89,66.64,357.02,512,384,BGR888p,,,,,
222.1204,detections,6630,229.376087,47.89,66.64,358.08,,,,2,63:0.94 63:0.83,,,
222.1667,frame,6631,229.40941,47.38,33.32,371.08,512,384,BGR888p,,,,,
222.1668,detections,6631,229.40941,46.4,33.32,371.13,,,,2,63:0.92 63:0.92,,,
222.2126,frame,6632,229.44273,45.88,33.32,383.63,512,384,BGR888p,,,,,
222.2127,detections,6632,229.44273,45.93,33.32,383.74,,,,2,63:0.95 63:0.91,,,
222.2128,system,0,,1025.56,,,,,,,,51.47,34.2,17.0
222.26,frame,6634,229.509375,47.41,66.64,364.39,512,384,BGR888p,,,,,
222.2601,detections,6634,229.509375,47.36,66.64,364.46,,,,2,63:0.96 63:0.95,,,
222.3077,frame,6635,229.542697,47.67,33.32,378.75,512,384,BGR888p,,,,,
222.3078,detections,6635,229.542697,47.69,33.32,378.82,,,,2,63:0.95 63:0.94,,,
222.3575,frame,6637,229.60934,49.85,66.64,361.95,512,384,BGR888p,,,,,
222.3576,detections,6637,229.60934,49.84,66.64,362.01,,,,2,63:0.98 63:0.95,,,
222.4034,frame,6638,229.642664,45.89,33.32,374.5,512,384,BGR888p,,,,,
222.4035,detections,6638,229.642664,45.87,33.32,374.55,,,,3,63:0.98 63:0.95 62:0.67,,,
222.4477,frame,6639,229.675983,44.3,33.32,385.49,512,384,BGR888p,,,,,
222.4478,detections,6639,229.675983,44.3,33.32,385.54,,,,3,63:0.97 63:0.95 62:0.73,,,
222.4944,frame,6641,229.742628,46.62,66.64,365.46,512,384,BGR888p,,,,,
222.4944,detections,6641,229.742628,46.62,66.64,365.51,,,,3,63:0.97 63:0.95 62:0.76,,,
222.5402,frame,6642,229.77595,45.8,33.32,377.95,512,384,BGR888p,,,,,
222.5402,detections,6642,229.77595,45.82,33.32,378.01,,,,3,63:0.97 63:0.95 62:0.83,,,
222.5884,frame,6644,229.842593,48.25,66.64,359.56,512,384,BGR888p,,,,,
222.5885,detections,6644,229.842593,48.25,66.64,359.62,,,,3,63:0.97 63:0.95 62:0.80,,,
222.6364,frame,6645,229.875917,47.99,33.32,374.23,512,384,BGR888p,,,,,
222.6365,detections,6645,229.875917,47.99,33.32,374.28,,,,3,63:0.97 63:0.94 62:0.71,,,
222.6838,frame,6646,229.909236,47.43,33.32,388.34,512,384,BGR888p,,,,,
222.6839,detections,6646,229.909236,47.43,33.32,388.39,,,,3,63:0.97 63:0.94 62:0.73,,,
222.7285,frame,6648,229.975883,44.68,66.65,366.37,512,384,BGR888p,,,,,
222.7286,detections,6648,229.975883,44.67,66.65,366.42,,,,3,63:0.97 63:0.93 62:0.82,,,
222.7765,frame,6649,230.009204,48.02,33.32,381.08,512,384,BGR888p,,,,,
222.7766,detections,6649,230.009204,48.04,33.32,381.14,,,,3,63:0.97 63:0.92 62:0.79,,,
222.8227,frame,6651,230.075847,46.2,66.64,360.62,512,384,BGR888p,,,,,
222.8228,detections,6651,230.075847,46.18,66.64,360.68,,,,3,63:0.97 63:0.93 62:0.81,,,
222.8714,frame,6652,230.109169,48.64,33.32,375.94,512,384,BGR888p,,,,,
222.8714,detections,6652,230.109169,48.64,33.32,376.0,,,,3,63:0.97 63:0.94 62:0.81,,,
222.9201,frame,6653,230.14249,48.72,33.32,391.34,512,384,BGR888p,,,,,
222.9202,detections,6653,230.14249,48.72,33.32,391.4,,,,3,63:0.97 63:0.94 62:0.74,,,
222.9648,frame,6655,230.209135,44.68,66.64,369.4,512,384,BGR888p,,,,,
222.965,detections,6655,230.209135,44.82,66.64,369.59,,,,3,63:0.97 63:0.92 62:0.79,,,
223.0101,frame,6656,230.242464,45.35,33.33,381.4,512,384,BGR888p,,,,,
223.0102,detections,6656,230.242464,45.2,33.33,381.45,,,,3,63:0.97 63:0.94 62:0.68,,,
223.0577,frame,6658,230.3091,47.63,66.64,362.4,512,384,BGR888p,,,,,
223.0578,detections,6658,230.3091,47.63,66.64,362.45,,,,3,63:0.97 63:0.93 62:0.58,,,
223.1053,frame,6659,230.342423,47.53,33.32,376.61,512,384,BGR888p,,,,,
223.1054,detections,6659,230.342423,47.54,33.32,376.67,,,,3,63:0.96 63:0.90 62:0.66,,,
223.1528,frame,6661,230.409066,47.54,66.64,357.5,512,384,BGR888p,,,,,
223.1535,detections,6661,230.409066,48.17,66.64,358.2,,,,1,63:0.97,,,
223.1991,frame,6662,230.442388,46.27,33.32,370.47,512,384,BGR888p,,,,,
223.2,detections,6662,230.442388,46.44,33.32,371.32,,,,2,63:0.96 62:0.67,,,
223.2,system,0,,987.24,,,,,,,,51.25,33.9,17.2
223.2446,frame,6663,230.475709,45.55,33.32,382.69,512,384,BGR888p,,,,,
223.2448,detections,6663,230.475709,44.8,33.32,382.79,,,,2,63:0.92 62:0.53,,,
223.2923,frame,6665,230.542354,47.66,66.64,363.7,512,384,BGR888p,,,,,
223.2924,detections,6665,230.542354,47.61,66.64,363.76,,,,2,63:0.81 62:0.57,,,
223.3384,frame,6666,230.575676,46.08,33.32,376.45,512,384,BGR888p,,,,,
223.3384,detections,6666,230.575676,46.07,33.32,376.5,,,,2,73:0.60 62:0.54,,,
223.3871,frame,6668,230.642318,48.72,66.64,358.53,512,384,BGR888p,,,,,
223.3872,detections,6668,230.642318,48.73,66.64,358.59,,,,1,62:0.57,,,
223.4331,frame,6669,230.675642,45.96,33.32,371.16,512,384,BGR888p,,,,,
223.4331,detections,6669,230.675642,45.95,33.32,371.21,,,,1,62:0.72,,,
223.4796,frame,6670,230.708962,46.5,33.32,384.34,512,384,BGR888p,,,,,
223.4796,detections,6670,230.708962,46.5,33.32,384.39,,,,1,62:0.66,,,
223.5252,frame,6672,230.775608,45.62,66.65,363.33,512,384,BGR888p,,,,,
223.5253,detections,6672,230.775608,45.67,66.65,363.42,,,,1,62:0.74,,,
223.5715,frame,6673,230.808931,46.34,33.32,376.36,512,384,BGR888p,,,,,
223.5716,detections,6673,230.808931,46.32,33.32,376.41,,,,1,62:0.73,,,
223.6201,frame,6675,230.875572,48.54,66.64,358.25,512,384,BGR888p,,,,,
223.6201,detections,6675,230.875572,48.53,66.64,358.3,,,,1,62:0.79,,,
223.6664,frame,6676,230.908895,46.34,33.32,371.26,512,384,BGR888p,,,,,
223.6665,detections,6676,230.908895,46.34,33.32,371.32,,,,1,62:0.85,,,
223.7113,frame,6677,230.942216,44.84,33.32,382.8,512,384,BGR888p,,,,,
223.7113,detections,6677,230.942216,44.86,33.32,382.86,,,,1,62:0.83,,,
223.7574,frame,6679,231.008859,46.15,66.64,362.31,512,384,BGR888p,,,,,
223.7575,detections,6679,231.008859,46.15,66.64,362.37,,,,2,62:0.71 66:0.65,,,
223.8052,frame,6680,231.042183,47.82,33.32,376.85,512,384,BGR888p,,,,,
223.8054,detections,6680,231.042183,47.86,33.32,376.9,,,,2,62:0.84 66:0.71,,,
223.8544,frame,6682,231.108825,49.21,66.64,359.36,512,384,BGR888p,,,,,
223.8545,detections,6682,231.108825,49.16,66.64,359.42,,,,1,62:0.84,,,
223.9017,frame,6683,231.142147,47.26,33.32,373.33,512,384,BGR888p,,,,,
223.9018,detections,6683,231.142147,47.3,33.32,373.4,,,,1,62:0.71,,,
223.9472,frame,6684,231.175468,45.48,33.32,385.44,512,384,BGR888p,,,,,
223.9472,detections,6684,231.175468,45.4,33.32,385.48,,,,1,63:0.74,,,
223.9931,frame,6686,231.242113,45.94,66.64,364.75,512,384,BGR888p,,,,,
223.9932,detections,6686,231.242113,45.96,66.64,364.8,,,,2,63:0.75 63:0.52,,,
224.0402,frame,6687,231.275435,47.11,33.32,378.59,512,384,BGR888p,,,,,
224.0404,detections,6687,231.275435,47.18,33.32,378.66,,,,1,62:0.75,,,
224.0887,frame,6689,231.342078,48.48,66.64,360.4,512,384,BGR888p,,,,,
224.0888,detections,6689,231.342078,48.44,66.64,360.45,,,,1,62:0.73,,,
224.1366,frame,6690,231.375403,47.89,33.33,374.94,512,384,BGR888p,,,,,
224.1367,detections,6690,231.375403,47.87,33.33,375.0,,,,1,62:0.66,,,
224.1805,frame,6691,231.408721,43.92,33.32,385.54,512,384,BGR888p,,,,,
224.1806,detections,6691,231.408721,43.92,33.32,385.6,,,,1,62:0.66,,,
224.2311,frame,6693,231.475366,50.57,66.64,369.47,512,384,BGR888p,,,,,
224.2312,detections,6693,231.475366,50.57,66.64,369.52,,,,1,62:0.64,,,
224.2312,system,0,,1031.17,,,,,,,,50.92,33.6,16.8
224.2772,frame,6694,231.508689,46.13,33.32,382.3,512,384,BGR888p,,,,,
224.2774,detections,6694,231.508689,46.25,33.32,382.45,,,,1,62:0.76,,,
224.3232,frame,6696,231.575332,46.01,66.64,361.64,512,384,BGR888p,,,,,
224.3233,detections,6696,231.575332,45.92,66.64,361.73,,,,1,62:0.76,,,
224.3712,frame,6697,231.608657,47.95,33.32,376.25,512,384,BGR888p,,,,,
224.3712,detections,6697,231.608657,47.92,33.32,376.32,,,,1,62:0.74,,,
224.419,frame,6698,231.641975,47.81,33.32,390.74,512,384,BGR888p,,,,,
224.419,detections,6698,231.641975,47.8,33.32,390.8,,,,1,62:0.65,,,
224.4652,frame,6700,231.70862,46.22,66.64,370.32,512,384,BGR888p,,,,,
224.4653,detections,6700,231.70862,46.28,66.64,370.43,,,,1,62:0.70,,,
224.5116,frame,6701,231.741943,46.37,33.32,383.37,512,384,BGR888p,,,,,
224.5116,detections,6701,231.741943,46.31,33.32,383.42,,,,1,62:0.70,,,
224.5573,frame,6703,231.808585,45.76,66.64,362.48,512,384,BGR888p,,,,,
224.5574,detections,6703,231.808585,45.74,66.64,362.52,,,,1,62:0.76,,,
224.6054,frame,6704,231.841908,48.11,33.32,377.28,512,384,BGR888p,,,,,
224.6055,detections,6704,231.841908,48.12,33.32,377.32,,,,1,62:0.72,,,
224.651,frame,6706,231.90855,45.54,66.64,356.16,512,384,BGR888p,,,,,
224.6512,detections,6706,231.90855,45.71,66.64,356.39,,,,1,62:0.81,,,
224.6982,frame,6707,231.941875,47.18,33.33,370.03,512,384,BGR888p,,,,,
224.6982,detections,6707,231.941875,47.02,33.33,370.11,,,,1,62:0.86,,,
224.7439,frame,6708,231.975193,45.7,33.32,382.4,512,384,BGR888p,,,,,
224.7439,detections,6708,231.975193,45.69,33.32,382.45,,,,1,62:0.78,,,
224.7908,frame,6710,232.041839,46.99,66.65,362.77,512,384,BGR888p,,,,,
224.7909,detections,6710,232.041839,47.02,66.65,362.82,,,,1,62:0.76,,,
224.8383,frame,6711,232.075161,47.43,33.32,376.87,512,384,BGR888p,,,,,
224.8384,detections,6711,232.075161,47.45,33.32,376.95,,,,1,62:0.68,,,
224.8883,frame,6713,232.141803,49.99,66.64,360.22,512,384,BGR888p,,,,,
224.8884,detections,6713,232.141803,49.97,66.64,360.27,,,,2,62:0.78 39:0.65,,,
224.9324,frame,6714,232.175128,44.1,33.32,371.02,512,384,BGR888p,,,,,
224.9325,detections,6714,232.175128,44.14,33.32,371.09,,,,2,62:0.80 39:0.69,,,
224.9773,frame,6715,232.208447,44.97,33.32,382.64,512,384,BGR888p,,,,,
224.9774,detections,6715,232.208447,44.93,33.32,382.69,,,,1,62:0.73,,,
225.0231,frame,6717,232.275091,45.75,66.64,361.74,512,384,BGR888p,,,,,
225.0232,detections,6717,232.275091,45.75,66.64,361.8,,,,2,62:0.75 39:0.54,,,
225.0721,frame,6718,232.308414,49.06,33.32,377.48,512,384,BGR888p,,,,,
225.0722,detections,6718,232.308414,49.06,33.32,377.53,,,,2,62:0.68 39:0.57,,,
225.1186,frame,6720,232.375056,46.42,66.64,357.26,512,384,BGR888p,,,,,
225.1194,detections,6720,232.375056,47.15,66.64,358.05,,,,1,39:0.62,,,
225.165,frame,6721,232.40838,46.44,33.32,370.37,512,384,BGR888p,,,,,
225.1652,detections,6721,232.40838,45.79,33.32,370.52,,,,1,39:0.56,,,
225.2111,frame,6722,232.441701,46.08,33.32,383.13,512,384,BGR888p,,,,,
225.2112,detections,6722,232.441701,45.99,33.32,383.18,,,,0,,,,
225.2112,system,0,,979.99,,,,,,,,51.3,35.0,17.7
225.2568,frame,6724,232.508345,45.75,66.64,362.23,512,384,BGR888p,,,,,
225.2569,detections,6724,232.508345,45.74,66.64,362.28,,,,2,39:0.67 39:0.57,,,
225.3047,frame,6725,232.541667,47.89,33.32,376.82,512,384,BGR888p,,,,,
225.3049,detections,6725,232.541667,47.96,33.32,376.92,,,,0,,,,
225.3517,frame,6727,232.60831,46.99,66.64,357.14,512,384,BGR888p,,,,,
225.3518,detections,6727,232.60831,46.92,66.64,357.2,,,,1,39:0.67,,,
225.3976,frame,6728,232.641633,45.94,33.32,369.75,512,384,BGR888p,,,,,
225.3978,detections,6728,232.641633,46.05,33.32,369.93,,,,1,56:0.53,,,
225.4436,frame,6729,232.674953,45.97,33.32,382.4,512,384,BGR888p,,,,,
225.4437,detections,6729,232.674953,45.85,33.32,382.45,,,,0,,,,
225.4911,frame,6731,232.741598,47.47,66.65,363.24,512,384,BGR888p,,,,,
225.4912,detections,6731,232.741598,47.49,66.65,363.3,,,,0,,,,
225.5377,frame,6732,232.774921,46.59,33.32,376.52,512,384,BGR888p,,,,,
225.5378,detections,6732,232.774921,46.6,33.32,376.58,,,,1,39:0.63,,,
225.5858,frame,6734,232.841563,48.15,66.64,358.02,512,384,BGR888p,,,,,
225.5859,detections,6734,232.841563,48.15,66.64,358.08,,,,1,39:0.71,,,
225.6311,frame,6735,232.874886,45.26,33.32,369.97,512,384,BGR888p,,,,,
225.6312,detections,6735,232.874886,45.27,33.32,370.02,,,,1,39:0.64,,,
225.6776,frame,6736,232.908206,46.54,33.32,383.22,512,384,BGR888p,,,,,
225.6778,detections,6736,232.908206,46.66,33.32,383.41,,,,1,39:0.68,,,
225.7238,frame,6738,232.974851,46.17,66.64,362.8,512,384,BGR888p,,,,,
225.7241,detections,6738,232.974851,46.28,66.64,363.08,,,,1,39:0.71,,,
225.7707,frame,6739,233.008173,46.94,33.32,376.34,512,384,BGR888p,,,,,
225.7709,detections,6739,233.008173,46.75,33.32,376.44,,,,2,39:0.75 39:0.56,,,
225.8177,frame,6741,233.074816,46.96,66.64,356.64,512,384,BGR888p,,,,,
225.8178,detections,6741,233.074816,46.93,66.64,356.73,,,,1,39:0.65,,,
225.8637,frame,6742,233.108139,46.02,33.32,369.33,512,384,BGR888p,,,,,
225.8638,detections,6742,233.108139,46.0,33.32,369.39,,,,1,39:0.69,,,
225.9084,frame,6743,233.141461,44.68,33.32,380.68,512,384,BGR888p,,,,,
225.9085,detections,6743,233.141461,44.66,33.32,380.72,,,,1,39:0.70,,,
225.9554,frame,6745,233.208104,46.95,66.64,360.98,512,384,BGR888p,,,,,
225.9554,detections,6745,233.208104,46.95,66.64,361.03,,,,1,39:0.76,,,
226.0048,frame,6746,233.241427,49.49,33.32,377.16,512,384,BGR888p,,,,,
226.0049,detections,6746,233.241427,49.51,33.32,377.22,,,,1,39:0.80,,,
226.0516,frame,6748,233.308069,46.76,66.64,357.28,512,384,BGR888p,,,,,
226.0517,detections,6748,233.308069,46.75,66.64,357.33,,,,2,39:0.71 41:0.51,,,
226.0974,frame,6749,233.341394,45.77,33.33,369.72,512,384,BGR888p,,,,,
226.0974,detections,6749,233.341394,45.78,33.33,369.78,,,,2,39:0.80 41:0.65,,,
226.1433,frame,6750,233.374713,45.94,33.32,382.34,512,384,BGR888p,,,,,
226.1434,detections,6750,233.374713,45.93,33.32,382.39,,,,1,39:0.79,,,
226.1892,frame,6752,233.441357,45.87,66.64,361.58,512,384,BGR888p,,,,,
226.1893,detections,6752,233.441357,45.9,66.64,361.66,,,,0,,,,
226.1893,system,0,,978.13,,,,,,,,51.03,35.0,16.5
226.2378,frame,6753,233.474682,48.62,33.32,376.87,512,384,BGR888p,,,,,
226.2379,detections,6753,233.474682,48.61,33.32,376.92,,,,0,,,,
226.2846,frame,6755,233.541322,46.83,66.64,357.06,512,384,BGR888p,,,,,
226.2852,detections,6755,233.541322,47.33,66.64,357.62,,,,1,39:0.66,,,
226.3307,frame,6756,233.574649,46.03,33.33,369.76,512,384,BGR888p,,,,,
226.3308,detections,6756,233.574649,45.59,33.33,369.88,,,,0,,,,
226.3761,frame,6757,233.607966,45.45,33.32,381.9,512,384,BGR888p,,,,,
226.3762,detections,6757,233.607966,45.4,33.32,381.96,,,,1,39:0.69,,,
226.4242,frame,6759,233.674611,48.07,66.64,363.33,512,384,BGR888p,,,,,
226.4243,detections,6759,233.674611,48.1,66.64,363.43,,,,2,39:0.63 39:0.61,,,
226.4709,frame,6760,233.707934,46.72,33.32,376.72,512,384,BGR888p,,,,,
226.471,detections,6760,233.707934,46.69,33.32,376.77,,,,1,39:0.69,,,
226.5177,frame,6762,233.774576,46.83,66.64,356.91,512,384,BGR888p,,,,,
226.5185,detections,6762,233.774576,47.48,66.64,357.64,,,,0,,,,
226.5652,frame,6763,233.8079,47.42,33.32,371.0,512,384,BGR888p,,,,,
226.5652,detections,6763,233.8079,46.77,33.32,371.06,,,,1,39:0.51,,,
226.6107,frame,6764,233.841219,45.55,33.32,383.23,512,384,BGR888p,,,,,
226.6108,detections,6764,233.841219,45.54,33.32,383.28,,,,0,,,,
226.6571,frame,6766,233.907864,46.37,66.64,362.96,512,384,BGR888p,,,,,
226.6572,detections,6766,233.907864,46.38,66.64,363.01,,,,1,56:0.56,,,
226.7047,frame,6767,233.941186,47.62,33.32,377.26,512,384,BGR888p,,,,,
226.7048,detections,6767,233.941186,47.63,33.32,377.32,,,,4,56:0.82 39:0.58 39:0.55 62:0.53,,,
226.7527,frame,6769,234.007829,48.05,66.64,358.66,512,384,BGR888p,,,,,
226.7528,detections,6769,234.007829,48.03,66.64,358.71,,,,3,56:0.87 39:0.80 39:0.57,,,
226.7973,frame,6770,234.041152,44.57,33.32,369.91,512,384,BGR888p,,,,,
226.7974,detections,6770,234.041152,44.58,33.32,369.96,,,,4,56:0.84 39:0.79 39:0.60 62:0.52,,,
226.843,frame,6771,234.074472,45.66,33.32,382.25,512,384,BGR888p,,,,,
226.8431,detections,6771,234.074472,45.67,33.32,382.31,,,,2,56:0.89 39:0.79,,,
226.8899,frame,6773,234.141117,46.96,66.65,362.57,512,384,BGR888p,,,,,
226.89,detections,6773,234.141117,46.96,66.65,362.63,,,,3,56:0.85 39:0.73 56:0.62,,,
226.9379,frame,6774,234.174448,47.99,33.33,377.24,512,384,BGR888p,,,,,
226.938,detections,6774,234.174448,48.0,33.33,377.3,,,,2,56:0.83 39:0.78,,,
226.9855,frame,6776,234.241082,47.58,66.63,358.18,512,384,BGR888p,,,,,
226.9863,detections,6776,234.241082,48.24,66.63,358.91,,,,2,56:0.83 39:0.52,,,
227.0314,frame,6777,234.274405,45.92,33.32,370.77,512,384,BGR888p,,,,,
227.0321,detections,6777,234.274405,45.84,33.32,371.43,,,,3,56:0.86 39:0.69 56:0.61,,,
227.0777,frame,6778,234.307726,46.24,33.32,383.69,512,384,BGR888p,,,,,
227.0777,detections,6778,234.307726,45.65,33.32,383.75,,,,2,56:0.90 39:0.79,,,
227.1234,frame,6780,234.374371,45.74,66.64,362.78,512,384,BGR888p,,,,,
227.1235,detections,6780,234.374371,45.73,66.64,362.82,,,,2,56:0.80 39:0.74,,,
227.1713,frame,6781,234.407693,47.91,33.32,377.38,512,384,BGR888p,,,,,
227.1714,detections,6781,234.407693,47.93,33.32,377.43,,,,2,56:0.81 39:0.76,,,
227.2167,frame,6783,234.474335,45.4,66.64,356.13,512,384,BGR888p,,,,,
227.2174,detections,6783,234.474335,46.02,66.64,356.82,,,,3,39:0.84 56:0.81 39:0.64,,,
227.2175,system,0,,1028.15,,,,,,,,51.19,34.7,17.4
227.2635,frame,6784,234.507661,46.82,33.33,369.63,512,384,BGR888p,,,,,
227.2636,detections,6784,234.507661,46.23,33.33,369.73,,,,2,39:0.82 56:0.81,,,
227.308,frame,6785,234.540979,44.47,33.32,380.78,512,384,BGR888p,,,,,
227.3081,detections,6785,234.540979,44.44,33.32,380.83,,,,2,56:0.84 39:0.74,,,
227.3545,frame,6787,234.607624,46.46,66.64,360.58,512,384,BGR888p,,,,,
227.3546,detections,6787,234.607624,46.49,66.64,360.68,,,,3,56:0.84 39:0.80 39:0.66,,,
227.4037,frame,6788,234.640948,49.27,33.32,376.53,512,384,BGR888p,,,,,
227.4038,detections,6788,234.640948,49.23,33.32,376.58,,,,4,56:0.86 39:0.76 62:0.52 39:0.50,,,
227.4493,frame,6790,234.707589,45.54,66.64,355.42,512,384,BGR888p,,,,,
227.4495,detections,6790,234.707589,45.68,66.64,355.63,,,,1,56:0.88,,,
227.4969,frame,6791,234.740912,47.58,33.32,369.68,512,384,BGR888p,,,,,
227.4969,detections,6791,234.740912,47.43,33.32,369.73,,,,3,56:0.84 39:0.78 39:0.52,,,
227.5427,frame,6792,234.774232,45.83,33.32,382.2,512,384,BGR888p,,,,,
227.5428,detections,6792,234.774232,45.85,33.32,382.26,,,,3,56:0.80 39:0.78 56:0.52,,,
227.5891,frame,6794,234.840877,46.44,66.64,362.0,512,384,BGR888p,,,,,
227.5892,detections,6794,234.840877,46.44,66.64,362.05,,,,2,56:0.81 56:0.64,,,
227.6372,frame,6795,234.8742,48.07,33.32,376.74,512,384,BGR888p,,,,,
227.6373,detections,6795,234.8742,48.09,33.32,376.84,,,,2,56:0.87 56:0.64,,,
227.6852,frame,6797,234.940843,48.03,66.64,358.2,512,384,BGR888p,,,,,
227.6854,detections,6797,234.940843,48.09,66.64,358.27,,,,2,56:0.76 56:0.59,,,
227.7305,frame,6798,234.974165,45.26,33.32,370.06,512,384,BGR888p,,,,,
227.7306,detections,6798,234.974165,45.17,33.32,370.12,,,,2,56:0.73 56:0.59,,,
227.7761,frame,6799,235.007497,45.61,33.33,382.36,512,384,BGR888p,,,,,
227.7762,detections,6799,235.007497,45.63,33.33,382.43,,,,2,56:0.88 56:0.56,,,
227.8223,frame,6801,235.07413,46.16,66.63,361.89,512,384,BGR888p,,,,,
227.8224,detections,6801,235.07413,46.16,66.63,361.95,,,,2,56:0.82 39:0.52,,,
227.8707,frame,6802,235.107453,48.47,33.32,377.02,512,384,BGR888p,,,,,
227.8708,detections,6802,235.107453,48.46,33.32,377.08,,,,2,56:0.75 56:0.50,,,
227.9166,frame,6804,235.174095,45.86,66.64,356.24,512,384,BGR888p,,,,,
227.9172,detections,6804,235.174095,46.4,66.64,356.84,,,,2,56:0.86 39:0.57,,,
227.9632,frame,6805,235.20742,46.56,33.33,369.49,512,384,BGR888p,,,,,
227.9632,detections,6805,235.20742,46.03,33.33,369.56,,,,2,56:0.88 39:0.52,,,
228.0083,frame,6806,235.240738,45.15,33.32,381.31,512,384,BGR888p,,,,,
228.0084,detections,6806,235.240738,45.14,33.32,381.37,,,,2,56:0.86 39:0.73,,,
228.0553,frame,6808,235.307383,46.98,66.64,361.63,512,384,BGR888p,,,,,
228.0553,detections,6808,235.307383,46.97,66.64,361.69,,,,1,56:0.62,,,
228.1038,frame,6809,235.340708,48.53,33.33,376.85,512,384,BGR888p,,,,,
228.1039,detections,6809,235.340708,48.54,33.33,376.9,,,,2,56:0.89 28:0.51,,,
228.1497,frame,6811,235.407349,45.88,66.64,356.08,512,384,BGR888p,,,,,
228.1505,detections,6811,235.407349,46.59,66.64,356.85,,,,1,56:0.79,,,
228.1978,frame,6812,235.440671,48.16,33.32,370.92,512,384,BGR888p,,,,,
228.1979,detections,6812,235.440671,47.44,33.32,370.97,,,,1,56:0.87,,,
228.2432,frame,6813,235.473992,45.36,33.32,382.99,512,384,BGR888p,,,,,
228.2433,detections,6813,235.473992,45.4,33.32,383.05,,,,2,56:0.85 39:0.65,,,
228.2434,system,0,,1025.88,,,,,,,,51.47,35.2,17.3
228.2891,frame,6815,235.540636,45.94,66.64,362.64,512,384,BGR888p,,,,,
228.2892,detections,6815,235.540636,45.92,66.64,362.7,,,,2,56:0.89 39:0.65,,,
228.3375,frame,6816,235.573958,48.33,33.32,377.63,512,384,BGR888p,,,,,
228.3375,detections,6816,235.573958,48.31,33.32,377.68,,,,3,56:0.89 0:0.64 72:0.54,,,
228.3844,frame,6818,235.640601,46.97,66.64,357.96,512,384,BGR888p,,,,,
228.3855,detections,6818,235.640601,47.99,66.64,359.05,,,,1,56:0.86,,,
228.4312,frame,6819,235.673927,46.71,33.33,371.34,512,384,BGR888p,,,,,
228.4312,detections,6819,235.673927,45.69,33.33,371.4,,,,2,56:0.91 39:0.78,,,
228.4774,frame,6820,235.707245,46.22,33.32,384.24,512,384,BGR888p,,,,,
228.4774,detections,6820,235.707245,46.21,33.32,384.29,,,,2,39:0.74 56:0.72,,,
228.5234,frame,6822,235.773891,46.01,66.65,363.61,512,384,BGR888p,,,,,
228.5235,detections,6822,235.773891,46.03,66.65,363.67,,,,3,56:0.76 39:0.70 39:0.53,,,
228.5701,frame,6823,235.807212,46.69,33.32,376.98,512,384,BGR888p,,,,,
228.5701,detections,6823,235.807212,46.69,33.32,377.03,,,,2,56:0.87 39:0.79,,,
228.6174,frame,6825,235.873855,47.3,66.64,357.63,512,384,BGR888p,,,,,
228.6181,detections,6825,235.873855,47.91,66.64,358.31,,,,2,56:0.87 39:0.79,,,
228.6644,frame,6826,235.907178,47.04,33.32,371.35,512,384,BGR888p,,,,,
228.6645,detections,6826,235.907178,46.43,33.32,371.41,,,,3,56:0.89 39:0.79 39:0.51,,,
228.7103,frame,6827,235.940498,45.9,33.32,383.94,512,384,BGR888p,,,,,
228.7104,detections,6827,235.940498,45.91,33.32,383.99,,,,3,56:0.89 39:0.82 39:0.54,,,
228.7561,frame,6829,236.007143,45.81,66.65,363.09,512,384,BGR888p,,,,,
228.7562,detections,6829,236.007143,45.8,66.65,363.14,,,,2,56:0.89 39:0.78,,,
228.8034,frame,6830,236.040465,47.33,33.32,377.1,512,384,BGR888p,,,,,
228.8035,detections,6830,236.040465,47.34,33.32,377.16,,,,2,56:0.90 39:0.76,,,
228.8514,frame,6832,236.107108,48.0,66.64,358.45,512,384,BGR888p,,,,,
228.8515,detections,6832,236.107108,47.99,66.64,358.51,,,,2,56:0.93 39:0.78,,,
228.8962,frame,6833,236.140432,44.8,33.32,369.94,512,384,BGR888p,,,,,
228.8963,detections,6833,236.140432,44.82,33.32,370.0,,,,3,56:0.91 39:0.82 39:0.52,,,
228.9422,frame,6834,236.173751,46.01,33.32,382.65,512,384,BGR888p,,,,,
228.9424,detections,6834,236.173751,46.03,33.32,382.71,,,,2,56:0.89 39:0.82,,,
228.9881,frame,6836,236.240397,45.89,66.65,361.85,512,384,BGR888p,,,,,
228.9882,detections,6836,236.240397,45.85,66.65,361.91,,,,2,56:0.89 39:0.80,,,
229.0363,frame,6837,236.273718,48.19,33.32,376.72,512,384,BGR888p,,,,,
229.0364,detections,6837,236.273718,48.19,33.32,376.77,,,,2,56:0.89 39:0.82,,,
229.084,frame,6839,236.340361,47.7,66.64,357.77,512,384,BGR888p,,,,,
229.0841,detections,6839,236.340361,47.69,66.64,357.82,,,,2,56:0.88 39:0.80,,,
229.1297,frame,6840,236.373685,45.73,33.32,370.17,512,384,BGR888p,,,,,
229.1307,detections,6840,236.373685,46.63,33.32,371.13,,,,3,56:0.88 39:0.79 62:0.54,,,
229.176,frame,6841,236.407006,46.21,33.32,383.07,512,384,BGR888p,,,,,
229.176,detections,6841,236.407006,45.32,33.32,383.12,,,,2,56:0.90 39:0.78,,,
229.2231,frame,6843,236.473649,47.15,66.64,363.57,512,384,BGR888p,,,,,
229.2232,detections,6843,236.473649,47.15,66.64,363.63,,,,3,56:0.85 39:0.71 0:0.59,,,
229.2232,system,0,,979.87,,,,,,,,51.36,34.8,17.5
229.2707,frame,6844,236.506971,47.6,33.32,377.84,512,384,BGR888p,,,,,
229.2708,detections,6844,236.506971,47.58,33.32,377.89,,,,3,56:0.89 39:0.76 62:0.55,,,
229.3185,frame,6846,236.573615,47.78,66.64,358.99,512,384,BGR888p,,,,,
229.3186,detections,6846,236.573615,47.8,66.64,359.04,,,,2,56:0.87 39:0.78,,,
229.3633,frame,6847,236.606939,44.86,33.32,370.52,512,384,BGR888p,,,,,
229.3634,detections,6847,236.606939,44.86,33.32,370.58,,,,1,56:0.74,,,
229.4082,frame,6848,236.640258,44.87,33.32,382.14,512,384,BGR888p,,,,,
229.4084,detections,6848,236.640258,45.02,33.32,382.29,,,,1,56:0.57,,,
229.4556,frame,6850,236.706902,47.37,66.64,362.81,512,384,BGR888p,,,,,
229.4557,detections,6850,236.706902,47.23,66.64,362.86,,,,0,,,,
229.503,frame,6851,236.740225,47.45,33.32,376.94,512,384,BGR888p,,,,,
229.5031,detections,6851,236.740225,47.46,33.32,377.0,,,,0,,,,
229.5524,frame,6853,236.806867,49.35,66.64,359.64,512,384,BGR888p,,,,,
229.5525,detections,6853,236.806867,49.35,66.64,359.7,,,,0,,,,
229.5977,frame,6854,236.84019,45.27,33.32,371.6,512,384,BGR888p,,,,,
229.5977,detections,6854,236.84019,45.28,33.32,371.66,,,,0,,,,
229.6431,frame,6855,236.873512,45.4,33.32,383.68,512,384,BGR888p,,,,,
229.6431,detections,6855,236.873512,45.41,33.32,383.74,,,,0,,,,
229.6891,frame,6857,236.940156,46.08,66.64,363.1,512,384,BGR888p,,,,,
229.6892,detections,6857,236.940156,46.06,66.64,363.15,,,,0,,,,
229.7367,frame,6858,236.973479,47.55,33.32,377.34,512,384,BGR888p,,,,,
229.7368,detections,6858,236.973479,47.56,33.32,377.39,,,,0,,,,
229.7842,frame,6860,237.040121,47.51,66.64,358.24,512,384,BGR888p,,,,,
229.7843,detections,6860,237.040121,47.56,66.64,358.31,,,,4,0:0.70 24:0.60 56:0.58 67:0.53,,,
229.8292,frame,6861,237.073444,44.97,33.32,369.84,512,384,BGR888p,,,,,
229.8292,detections,6861,237.073444,44.91,33.32,369.9,,,,1,56:0.52,,,
229.8753,frame,6862,237.106764,46.16,33.32,382.68,512,384,BGR888p,,,,,
229.8754,detections,6862,237.106764,46.16,33.32,382.74,,,,2,24:0.55 56:0.53,,,
229.9215,frame,6864,237.173409,46.19,66.64,362.22,512,384,BGR888p,,,,,
229.9216,detections,6864,237.173409,46.19,66.64,362.28,,,,0,,,,
229.9696,frame,6865,237.206731,48.08,33.32,376.98,512,384,BGR888p,,,,,
229.9697,detections,6865,237.206731,48.09,33.32,377.05,,,,3,62:0.63 0:0.53 56:0.51,,,
230.0172,frame,6867,237.273374,47.63,66.64,357.98,512,384,BGR888p,,,,,
230.0173,detections,6867,237.273374,47.64,66.64,358.04,,,,2,56:0.70 24:0.52,,,
230.0652,frame,6868,237.306698,48.01,33.32,372.67,512,384,BGR888p,,,,,
230.0653,detections,6868,237.306698,48.02,33.32,372.74,,,,1,62:0.56,,,
230.1103,frame,6869,237.340017,45.03,33.32,384.4,512,384,BGR888p,,,,,
230.1104,detections,6869,237.340017,45.08,33.32,384.52,,,,0,,,,
230.157,frame,6871,237.406662,46.74,66.65,364.55,512,384,BGR888p,,,,,
230.1573,detections,6871,237.406662,46.89,66.65,364.8,,,,0,,,,
230.2034,frame,6872,237.439984,46.35,33.32,377.51,512,384,BGR888p,,,,,
230.2035,detections,6872,237.439984,46.18,33.32,377.62,,,,0,,,,
230.2036,system,0,,980.33,,,,,,,,50.97,34.5,17.0
230.2519,frame,6874,237.506627,48.51,66.64,359.36,512,384,BGR888p,,,,,
230.252,detections,6874,237.506627,48.47,66.64,359.43,,,,3,56:0.87 24:0.63 67:0.50,,,
230.2977,frame,6875,237.53995,45.82,33.32,371.86,512,384,BGR888p,,,,,
230.2978,detections,6875,237.53995,45.81,33.32,371.92,,,,3,56:0.58 0:0.57 67:0.53,,,
230.3429,frame,6876,237.57327,45.18,33.32,383.71,512,384,BGR888p,,,,,
230.3429,detections,6876,237.57327,45.18,33.32,383.77,,,,4,56:0.70 0:0.69 24:0.66 74:0.60,,,
230.39,frame,6878,237.639915,47.19,66.64,364.27,512,384,BGR888p,,,,,
230.3902,detections,6878,237.639915,47.21,66.64,364.35,,,,1,56:0.73,,,
230.437,frame,6879,237.673238,46.99,33.32,377.92,512,384,BGR888p,,,,,
230.4372,detections,6879,237.673238,47.01,33.32,378.03,,,,3,56:0.69 24:0.54 74:0.51,,,
230.4846,frame,6881,237.739882,47.6,66.64,358.88,512,384,BGR888p,,,,,
230.4852,detections,6881,237.739882,48.01,66.64,359.4,,,,2,24:0.54 0:0.50,,,
230.5304,frame,6882,237.773206,45.78,33.32,371.33,512,384,BGR888p,,,,,
230.5305,detections,6882,237.773206,45.33,33.32,371.4,,,,1,56:0.53,,,
230.5756,frame,6883,237.806523,45.16,33.32,383.17,512,384,BGR888p,,,,,
230.5756,detections,6883,237.806523,45.14,33.32,383.22,,,,0,,,,
230.623,frame,6885,237.873169,47.42,66.65,363.95,512,384,BGR888p,,,,,
230.6231,detections,6885,237.873169,47.45,66.65,364.04,,,,0,,,,
230.6702,frame,6886,237.906491,47.18,33.32,377.81,512,384,BGR888p,,,,,
230.6703,detections,6886,237.906491,47.18,33.32,377.9,,,,1,56:0.64,,,
230.7178,frame,6888,237.973133,47.6,66.64,358.76,512,384,BGR888p,,,,,
230.7179,detections,6888,237.973133,47.59,66.64,358.84,,,,3,0:0.85 56:0.57 24:0.54,,,
230.7641,frame,6889,238.006456,46.34,33.32,371.78,512,384,BGR888p,,,,,
230.7642,detections,6889,238.006456,46.32,33.32,371.83,,,,1,0:0.77,,,
230.8103,frame,6890,238.039777,46.16,33.32,384.61,512,384,BGR888p,,,,,
230.8103,detections,6890,238.039777,46.16,33.32,384.67,,,,1,0:0.90,,,
230.8565,frame,6892,238.106422,46.22,66.65,364.19,512,384,BGR888p,,,,,
230.8566,detections,6892,238.106422,46.22,66.65,364.24,,,,1,0:0.91,,,
230.9034,frame,6893,238.139744,46.93,33.32,377.79,512,384,BGR888p,,,,,
230.9035,detections,6893,238.139744,46.92,33.32,377.84,,,,1,0:0.81,,,
230.9506,frame,6895,238.206387,47.14,66.64,358.29,512,384,BGR888p,,,,,
230.9516,detections,6895,238.206387,48.13,66.64,359.35,,,,2,0:0.81 62:0.67,,,
230.9972,frame,6896,238.23971,46.61,33.32,371.56,512,384,BGR888p,,,,,
230.9972,detections,6896,238.23971,45.6,33.32,371.61,,,,2,0:0.84 62:0.64,,,
231.0432,frame,6897,238.27303,46.06,33.32,384.32,512,384,BGR888p,,,,,
231.0433,detections,6897,238.27303,46.08,33.32,384.37,,,,1,0:0.69,,,
231.0907,frame,6899,238.339675,47.43,66.64,365.12,512,384,BGR888p,,,,,
231.0909,detections,6899,238.339675,47.6,66.64,365.34,,,,1,0:0.78,,,
231.1373,frame,6900,238.372997,46.69,33.32,378.47,512,384,BGR888p,,,,,
231.1374,detections,6900,238.372997,46.52,33.32,378.52,,,,1,0:0.73,,,
231.185,frame,6902,238.43964,47.69,66.64,359.52,512,384,BGR888p,,,,,
231.1851,detections,6902,238.43964,47.7,66.64,359.58,,,,2,0:0.61 56:0.58,,,
231.2306,frame,6903,238.472963,45.59,33.32,371.78,512,384,BGR888p,,,,,
231.2307,detections,6903,238.472963,45.58,33.32,371.83,,,,0,,,,
231.2307,system,0,,1027.18,,,,,,,,51.25,33.8,16.6
231.2761,frame,6904,238.506283,45.45,33.32,383.9,512,384,BGR888p,,,,,
231.2761,detections,6904,238.506283,45.44,33.32,383.95,,,,2,56:0.63 0:0.58,,,
231.3232,frame,6906,238.572928,47.14,66.64,364.41,512,384,BGR888p,,,,,
231.3233,detections,6906,238.572928,47.16,66.64,364.46,,,,3,56:0.80 24:0.70 0:0.50,,,
231.3696,frame,6907,238.606251,46.42,33.32,377.5,512,384,BGR888p,,,,,
231.3697,detections,6907,238.606251,46.42,33.32,377.56,,,,3,56:0.86 24:0.63 0:0.55,,,
231.4187,frame,6909,238.672893,49.12,66.64,359.98,512,384,BGR888p,,,,,
231.4188,detections,6909,238.672893,49.12,66.64,360.03,,,,4,56:0.82 0:0.65 24:0.54 62:0.52,,,
231.4634,frame,6910,238.706216,44.61,33.32,371.26,512,384,BGR888p,,,,,
231.4635,detections,6910,238.706216,44.66,33.32,371.37,,,,2,0:0.65 24:0.58,,,
231.5093,frame,6911,238.739537,45.95,33.32,383.89,512,384,BGR888p,,,,,
231.5094,detections,6911,238.739537,45.9,33.32,383.94,,,,4,56:0.88 24:0.55 74:0.50 0:0.50,,,
231.555,frame,6913,238.806182,45.68,66.64,362.92,512,384,BGR888p,,,,,
231.5551,detections,6913,238.806182,45.68,66.64,362.98,,,,0,,,,
231.6027,frame,6914,238.839504,47.74,33.32,377.33,512,384,BGR888p,,,,,
231.6028,detections,6914,238.839504,47.72,33.32,377.38,,,,2,56:0.88 24:0.53,,,
231.6502,frame,6916,238.906146,47.43,66.64,358.13,512,384,BGR888p,,,,,
231.6502,detections,6916,238.906146,47.45,66.64,358.22,,,,2,56:0.89 24:0.60,,,
231.696,frame,6917,238.939469,45.82,33.32,370.62,512,384,BGR888p,,,,,
231.696,detections,6917,238.939469,45.81,33.32,370.67,,,,2,56:0.87 24:0.54,,,
231.7423,frame,6918,238.97279,46.3,33.32,383.61,512,384,BGR888p,,,,,
231.7423,detections,6918,238.97279,46.31,33.32,383.66,,,,1,56:0.91,,,
231.7884,frame,6920,239.039435,46.14,66.64,363.12,512,384,BGR888p,,,,,
231.7885,detections,6920,239.039435,46.16,66.64,363.18,,,,3,56:0.91 74:0.58 24:0.58,,,
231.8352,frame,6921,239.072757,46.83,33.32,376.63,512,384,BGR888p,,,,,
231.8353,detections,6921,239.072757,46.83,33.32,376.68,,,,3,56:0.91 74:0.61 24:0.59,,,
231.8826,frame,6923,239.1394,47.37,66.64,357.34,512,384,BGR888p,,,,,
231.8833,detections,6923,239.1394,47.96,66.64,358.01,,,,2,56:0.88 24:0.50,,,
231.9287,frame,6924,239.172725,46.11,33.33,370.13,512,384,BGR888p,,,,,
231.9288,detections,6924,239.172725,45.52,33.33,370.19,,,,2,56:0.68 24:0.54,,,
231.9746,frame,6925,239.206044,45.83,33.32,382.64,512,384,BGR888p,,,,,
231.9746,detections,6925,239.206044,45.83,33.32,382.7,,,,2,56:0.86 24:0.61,,,
232.0223,frame,6927,239.272688,47.7,66.64,363.7,512,384,BGR888p,,,,,
232.0223,detections,6927,239.272688,47.7,66.64,363.76,,,,3,56:0.87 24:0.64 74:0.53,,,
232.0684,frame,6928,239.30601,46.18,33.32,376.55,512,384,BGR888p,,,,,
232.0685,detections,6928,239.30601,46.17,33.32,376.61,,,,1,56:0.62,,,
232.117,frame,6930,239.372653,48.52,66.64,358.5,512,384,BGR888p,,,,,
232.1172,detections,6930,239.372653,48.69,66.64,358.75,,,,1,24:0.59,,,
232.1636,frame,6931,239.405976,46.69,33.32,371.8,512,384,BGR888p,,,,,
232.1638,detections,6931,239.405976,46.55,33.32,371.91,,,,1,24:0.61,,,
232.2085,frame,6932,239.439296,44.82,33.32,383.3,512,384,BGR888p,,,,,
232.2085,detections,6932,239.439296,44.79,33.32,383.36,,,,2,56:0.78 24:0.65,,,
232.2086,system,0,,977.87,,,,,,,,51.14,34.7,16.7
232.2541,frame,6934,239.505941,45.65,66.64,362.31,512,384,BGR888p,,,,,
232.2542,detections,6934,239.505941,45.65,66.64,362.36,,,,2,24:0.52 56:0.51,,,
232.3024,frame,6935,239.539263,48.29,33.32,377.27,512,384,BGR888p,,,,,
232.3025,detections,6935,239.539263,48.29,33.32,377.33,,,,3,56:0.71 24:0.63 56:0.55,,,
232.3495,frame,6937,239.605906,47.13,66.64,357.76,512,384,BGR888p,,,,,
232.3496,detections,6937,239.605906,47.13,66.64,357.82,,,,3,56:0.83 56:0.67 24:0.59,,,
232.395,frame,6938,239.639229,45.49,33.32,369.93,512,384,BGR888p,,,,,
232.3951,detections,6938,239.639229,45.49,33.32,369.99,,,,2,56:0.90 24:0.53,,,
232.4411,frame,6939,239.672549,46.11,33.32,382.72,512,384,BGR888p,,,,,
232.4412,detections,6939,239.672549,46.11,33.32,382.77,,,,3,56:0.87 56:0.57 24:0.55,,,
232.4869,frame,6941,239.739194,45.71,66.64,361.79,512,384,BGR888p,,,,,
232.487,detections,6941,239.739194,45.75,66.64,361.89,,,,3,56:0.86 24:0.55 56:0.50,,,
232.5353,frame,6942,239.772517,48.43,33.32,376.9,512,384,BGR888p,,,,,
232.5354,detections,6942,239.772517,48.39,33.32,376.95,,,,2,56:0.75 24:0.53,,,
232.5835,frame,6944,239.839159,48.16,66.64,358.41,512,384,BGR888p,,,,,
232.5835,detections,6944,239.839159,48.16,66.64,358.47,,,,2,56:0.90 24:0.55,,,
232.6291,frame,6945,239.872482,45.68,33.32,370.77,512,384,BGR888p,,,,,
232.6302,detections,6945,239.872482,46.71,33.32,371.88,,,,3,56:0.91 56:0.56 24:0.52,,,
232.6742,frame,6946,239.905802,45.1,33.32,382.55,512,384,BGR888p,,,,,
232.6743,detections,6946,239.905802,44.07,33.32,382.61,,,,2,56:0.90 24:0.50,,,
232.7199,frame,6948,239.972447,45.69,66.64,361.62,512,384,BGR888p,,,,,
232.72,detections,6948,239.972447,45.71,66.64,361.68,,,,2,56:0.91 24:0.64,,,
232.7687,frame,6949,240.005769,48.75,33.32,377.01,512,384,BGR888p,,,,,
232.7688,detections,6949,240.005769,48.73,33.32,377.08,,,,2,56:0.87 24:0.57,,,
232.8154,frame,6951,240.072412,46.69,66.64,357.06,512,384,BGR888p,,,,,
232.8161,detections,6951,240.072412,47.32,66.64,357.77,,,,2,56:0.88 24:0.57,,,
232.8617,frame,6952,240.105737,46.33,33.32,370.07,512,384,BGR888p,,,,,
232.8625,detections,6952,240.105737,46.44,33.32,370.89,,,,2,56:0.90 24:0.64,,,
232.9075,frame,6953,240.139055,45.8,33.32,382.55,512,384,BGR888p,,,,,
232.9076,detections,6953,240.139055,45.04,33.32,382.6,,,,3,56:0.88 24:0.55 56:0.54,,,
232.9563,frame,6955,240.2057,48.81,66.64,364.73,512,384,BGR888p,,,,,
232.9564,detections,6955,240.2057,48.82,66.64,364.78,,,,3,56:0.89 24:0.57 62:0.52,,,
233.0031,frame,6956,240.239023,46.78,33.32,378.17,512,384,BGR888p,,,,,
233.0031,detections,6956,240.239023,46.76,33.32,378.22,,,,2,56:0.86 24:0.56,,,
233.0512,frame,6958,240.305665,48.16,66.64,359.68,512,384,BGR888p,,,,,
233.0513,detections,6958,240.305665,48.17,66.64,359.75,,,,3,56:0.92 24:0.55 56:0.52,,,
233.0995,frame,6959,240.338989,48.28,33.32,374.64,512,384,BGR888p,,,,,
233.0996,detections,6959,240.338989,48.26,33.32,374.69,,,,3,56:0.89 56:0.56 24:0.53,,,
233.1467,frame,6960,240.372309,47.19,33.32,388.5,512,384,BGR888p,,,,,
233.1469,detections,6960,240.372309,47.36,33.32,388.74,,,,3,56:0.88 24:0.69 56:0.56,,,
233.1925,frame,6962,240.438954,45.79,66.64,367.66,512,384,BGR888p,,,,,
233.1926,detections,6962,240.438954,45.65,66.64,367.74,,,,2,56:0.90 24:0.55,,,
233.2395,frame,6963,240.472276,47.01,33.32,381.35,512,384,BGR888p,,,,,
233.2396,detections,6963,240.472276,47.02,33.32,381.44,,,,3,56:0.90 39:0.71 24:0.62,,,
233.2397,system,0,,1031.08,,,,,,,,51.47,34.0,16.8
233.2854,frame,6965,240.538919,45.9,66.64,360.61,512,384,BGR888p,,,,,
233.2855,detections,6965,240.538919,45.9,66.64,360.69,,,,2,56:0.90 39:0.50,,,
233.3337,frame,6966,240.572242,48.28,33.32,375.57,512,384,BGR888p,,,,,
233.3338,detections,6966,240.572242,48.28,33.32,375.65,,,,2,56:0.90 39:0.84,,,
233.3805,frame,6967,240.605562,46.85,33.32,389.1,512,384,BGR888p,,,,,
233.3811,detections,6967,240.605562,47.36,33.32,389.69,,,,3,56:0.89 39:0.82 0:0.50,,,
233.4251,frame,6969,240.672207,44.57,66.64,367.02,512,384,BGR888p,,,,,
233.4252,detections,6969,240.672207,44.04,66.64,367.07,,,,2,56:0.90 39:0.78,,,
233.4709,frame,6970,240.705529,45.81,33.32,379.49,512,384,BGR888p,,,,,
233.471,detections,6970,240.705529,45.79,33.32,379.54,,,,2,56:0.91 39:0.81,,,
233.5182,frame,6972,240.772172,47.31,66.64,360.17,512,384,BGR888p,,,,,
233.5183,detections,6972,240.772172,47.37,66.64,360.27,,,,2,56:0.90 39:0.75,,,
233.5655,frame,6973,240.805495,47.24,33.32,374.08,512,384,BGR888p,,,,,
233.5655,detections,6973,240.805495,47.19,33.32,374.14,,,,1,56:0.84,,,
233.6133,frame,6975,240.872137,47.84,66.64,355.29,512,384,BGR888p,,,,,
233.6134,detections,6975,240.872137,47.86,66.64,355.36,,,,3,56:0.84 39:0.72 39:0.50,,,
233.6572,frame,6976,240.905461,43.92,33.32,365.86,512,384,BGR888p,,,,,
233.6573,detections,6976,240.905461,43.94,33.32,365.96,,,,3,56:0.85 39:0.81 39:0.62,,,
233.7028,frame,6977,240.938783,45.62,33.32,378.19,512,384,BGR888p,,,,,
233.703,detections,6977,240.938783,45.66,33.32,378.31,,,,3,56:0.87 39:0.69 39:0.62,,,
233.751,frame,6979,241.005426,48.17,66.64,359.71,512,384,BGR888p,,,,,
233.7519,detections,6979,241.005426,48.96,66.64,360.63,,,,2,56:0.80 39:0.51,,,
233.7964,frame,6980,241.038748,45.39,33.32,371.78,512,384,BGR888p,,,,,
233.7965,detections,6980,241.038748,44.55,33.32,371.85,,,,1,56:0.79,,,
233.8422,frame,6982,241.105391,45.84,66.64,351.0,512,384,BGR888p,,,,,
233.8424,detections,6982,241.105391,45.86,66.64,351.07,,,,1,56:0.63,,,
233.8885,frame,6983,241.138714,46.24,33.32,363.88,512,384,BGR888p,,,,,
233.8886,detections,6983,241.138714,46.2,33.32,363.95,,,,2,39:0.61 56:0.54,,,
233.935,frame,6984,241.172045,46.51,33.33,377.07,512,384,BGR888p,,,,,
233.9351,detections,6984,241.172045,46.54,33.33,377.15,,,,0,,,,
233.9823,frame,6986,241.238679,47.36,66.63,357.8,512,384,BGR888p,,,,,
233.983,detections,6986,241.238679,47.89,66.63,358.41,,,,1,39:0.79,,,
234.0295,frame,6987,241.272001,47.17,33.32,371.64,512,384,BGR888p,,,,,
234.0296,detections,6987,241.272001,46.64,33.32,371.73,,,,2,39:0.73 39:0.52,,,
234.0754,frame,6988,241.305322,45.84,33.32,384.17,512,384,BGR888p,,,,,
234.0755,detections,6988,241.305322,45.84,33.32,384.25,,,,2,39:0.71 39:0.58,,,
234.1221,frame,6990,241.371967,46.78,66.65,364.31,512,384,BGR888p,,,,,
234.1222,detections,6990,241.371967,46.79,66.65,364.4,,,,1,39:0.82,,,
234.1679,frame,6991,241.405289,45.8,33.32,376.77,512,384,BGR888p,,,,,
234.168,detections,6991,241.405289,45.77,33.32,376.84,,,,1,39:0.81,,,
234.2175,frame,6993,241.471932,49.52,66.64,359.65,512,384,BGR888p,,,,,
234.2175,detections,6993,241.471932,49.52,66.64,359.71,,,,2,39:0.85 39:0.64,,,
234.2176,system,0,,977.91,,,,,,,,51.25,35.7,17.6
234.2637,frame,6994,241.505255,46.28,33.32,372.6,512,384,BGR888p,,,,,
234.2638,detections,6994,241.505255,46.28,33.32,372.66,,,,1,39:0.85,,,
234.3091,frame,6995,241.538575,45.35,33.32,384.63,512,384,BGR888p,,,,,
234.3092,detections,6995,241.538575,45.34,33.32,384.68,,,,1,39:0.82,,,
234.3552,frame,6997,241.605221,46.13,66.65,364.12,512,384,BGR888p,,,,,
234.3553,detections,6997,241.605221,46.14,66.65,364.18,,,,2,39:0.83 39:0.61,,,
234.403,frame,6998,241.638542,47.78,33.32,378.57,512,384,BGR888p,,,,,
234.4031,detections,6998,241.638542,47.77,33.32,378.63,,,,2,39:0.81 56:0.50,,,
234.4521,frame,7000,241.705185,49.11,66.64,361.04,512,384,BGR888p,,,,,
234.4522,detections,7000,241.705185,49.11,66.64,361.1,,,,1,39:0.83,,,
234.4988,frame,7001,241.738508,46.73,33.32,374.44,512,384,BGR888p,,,,,
234.4989,detections,7001,241.738508,46.73,33.32,374.5,,,,1,39:0.84,,,
234.5463,frame,7002,241.771829,47.48,33.32,388.6,512,384,BGR888p,,,,,
234.5464,detections,7002,241.771829,47.53,33.32,388.71,,,,1,39:0.85,,,
234.5899,frame,7004,241.838473,43.63,66.64,365.59,512,384,BGR888p,,,,,
234.59,detections,7004,241.838473,43.58,66.64,365.64,,,,1,39:0.87,,,
234.6365,frame,7005,241.871796,46.6,33.32,378.86,512,384,BGR888p,,,,,
234.6366,detections,7005,241.871796,46.6,33.32,378.92,,,,1,39:0.88,,,
234.6871,frame,7007,241.938438,50.52,66.64,362.74,512,384,BGR888p,,,,,
234.6871,detections,7007,241.938438,50.52,66.64,362.79,,,,1,39:0.82,,,
234.7326,frame,7008,241.971761,45.5,33.32,374.95,512,384,BGR888p,,,,,
234.7327,detections,7008,241.971761,45.55,33.32,375.03,,,,1,39:0.86,,,
234.7797,frame,7009,242.005082,47.14,33.32,388.73,512,384,BGR888p,,,,,
234.7798,detections,7009,242.005082,47.09,33.32,388.78,,,,1,39:0.85,,,
234.8243,frame,7011,242.071727,44.64,66.65,366.73,512,384,BGR888p,,,,,
234.8244,detections,7011,242.071727,44.64,66.65,366.78,,,,1,39:0.81,,,
234.8712,frame,7012,242.105058,46.83,33.33,380.23,512,384,BGR888p,,,,,
234.8712,detections,7012,242.105058,46.84,33.33,380.29,,,,1,39:0.80,,,
234.9174,frame,7014,242.171692,46.2,66.63,359.79,512,384,BGR888p,,,,,
234.9174,detections,7014,242.171692,46.19,66.63,359.85,,,,1,39:0.81,,,
234.9665,frame,7015,242.20502,49.11,33.33,375.57,512,384,BGR888p,,,,,
234.9665,detections,7015,242.20502,49.11,33.33,375.63,,,,1,39:0.82,,,
235.0132,frame,7016,242.238335,46.7,33.32,388.96,512,384,BGR888p,,,,,
235.0133,detections,7016,242.238335,46.72,33.32,389.04,,,,1,39:0.81,,,
235.0583,frame,7018,242.304981,45.14,66.65,367.48,512,384,BGR888p,,,,,
235.0585,detections,7018,242.304981,45.2,66.65,367.6,,,,1,39:0.84,,,
235.1053,frame,7019,242.33831,46.97,33.33,381.1,512,384,BGR888p,,,,,
235.1054,detections,7019,242.33831,46.92,33.33,381.18,,,,1,39:0.84,,,
235.1522,frame,7021,242.404945,46.91,66.63,361.37,512,384,BGR888p,,,,,
235.1523,detections,7021,242.404945,46.9,66.63,361.43,,,,1,39:0.84,,,
235.2015,frame,7022,242.438267,49.34,33.32,377.38,512,384,BGR888p,,,,,
235.2016,detections,7022,242.438267,49.32,33.32,377.43,,,,1,39:0.81,,,
235.2473,frame,7024,242.504911,45.8,66.64,356.53,512,384,BGR888p,,,,,
235.2479,detections,7024,242.504911,46.33,66.64,357.12,,,,1,39:0.70,,,
235.248,system,0,,1030.39,,,,,,,,51.36,34.5,16.5
235.2942,frame,7025,242.538233,46.83,33.32,370.04,512,384,BGR888p,,,,,
235.2942,detections,7025,242.538233,46.3,33.32,370.09,,,,0,,,,
235.3403,frame,7026,242.571556,46.16,33.32,382.88,512,384,BGR888p,,,,,
235.3404,detections,7026,242.571556,46.18,33.32,382.95,,,,2,39:0.73 39:0.55,,,
235.3864,frame,7028,242.638198,46.04,66.64,362.28,512,384,BGR888p,,,,,
235.3864,detections,7028,242.638198,46.03,66.64,362.34,,,,2,39:0.65 56:0.59,,,
235.4346,frame,7029,242.671525,48.28,33.33,377.22,512,384,BGR888p,,,,,
235.4347,detections,7029,242.671525,48.26,33.33,377.27,,,,2,39:0.79 39:0.56,,,
235.4822,frame,7031,242.738163,47.56,66.64,358.17,512,384,BGR888p,,,,,
235.483,detections,7031,242.738163,48.32,66.64,358.96,,,,0,,,,
235.5287,frame,7032,242.771489,46.51,33.33,371.35,512,384,BGR888p,,,,,
235.5293,detections,7032,242.771489,46.32,33.33,371.96,,,,0,,,,
235.5742,frame,7033,242.80481,45.52,33.32,383.59,512,384,BGR888p,,,,,
235.5745,detections,7033,242.80481,45.13,33.32,383.78,,,,1,39:0.73,,,
235.6206,frame,7035,242.871452,46.41,66.64,363.3,512,384,BGR888p,,,,,
235.6207,detections,7035,242.871452,46.24,66.64,363.35,,,,2,39:0.74 41:0.51,,,
235.668,frame,7036,242.904777,47.36,33.32,377.33,512,384,BGR888p,,,,,
235.6681,detections,7036,242.904777,47.36,33.32,377.39,,,,0,,,,
235.7171,frame,7038,242.971416,49.09,66.64,359.86,512,384,BGR888p,,,,,
235.7172,detections,7038,242.971416,49.09,66.64,359.91,,,,0,,,,
235.7646,frame,7039,243.004741,47.52,33.32,374.05,512,384,BGR888p,,,,,
235.7647,detections,7039,243.004741,47.52,33.32,374.11,,,,0,,,,
235.8121,frame,7040,243.038061,47.54,33.32,388.28,512,384,BGR888p,,,,,
235.8123,detections,7040,243.038061,47.58,33.32,388.38,,,,0,,,,
235.856,frame,7042,243.104705,43.87,66.64,365.49,512,384,BGR888p,,,,,
235.8561,detections,7042,243.104705,43.83,66.64,365.55,,,,1,39:0.67,,,
235.9031,frame,7043,243.138027,47.12,33.32,379.29,512,384,BGR888p,,,,,
235.9032,detections,7043,243.138027,47.12,33.32,379.35,,,,1,39:0.70,,,
235.954,frame,7045,243.20467,50.87,66.64,363.51,512,384,BGR888p,,,,,
235.9541,detections,7045,243.20467,50.86,66.64,363.57,,,,2,39:0.74 41:0.53,,,
236.0,frame,7046,243.237993,45.99,33.32,376.18,512,384,BGR888p,,,,,
236.0001,detections,7046,243.237993,45.98,33.32,376.23,,,,3,39:0.72 41:0.54 62:0.53,,,
236.0464,frame,7047,243.271313,46.39,33.32,389.24,512,384,BGR888p,,,,,
236.047,detections,7047,243.271313,46.98,33.32,389.9,,,,2,39:0.76 39:0.50,,,
236.0936,frame,7049,243.337958,47.23,66.64,369.84,512,384,BGR888p,,,,,
236.0937,detections,7049,243.337958,46.65,66.64,369.91,,,,2,39:0.71 41:0.56,,,
236.1391,frame,7050,243.371288,45.52,33.33,382.01,512,384,BGR888p,,,,,
236.1392,detections,7050,243.371288,45.5,33.33,382.09,,,,2,39:0.68 41:0.51,,,
236.1871,frame,7052,243.437923,48.01,66.64,363.4,512,384,BGR888p,,,,,
236.1872,detections,7052,243.437923,48.04,66.64,363.49,,,,1,39:0.55,,,
236.234,frame,7053,243.471252,46.84,33.33,376.91,512,384,BGR888p,,,,,
236.2341,detections,7053,243.471252,46.84,33.33,376.99,,,,1,41:0.50,,,
236.2341,system,0,,986.15,,,,,,,,51.41,34.4,16.7
236.282,frame,7054,243.504567,48.06,33.32,391.66,512,384,BGR888p,,,,,
236.2821,detections,7054,243.504567,48.06,33.32,391.74,,,,1,39:0.69,,,
236.3279,frame,7056,243.571213,45.86,66.65,370.86,512,384,BGR888p,,,,,
236.328,detections,7056,243.571213,45.83,66.65,370.92,,,,2,65:0.60 39:0.50,,,
236.3736,frame,7057,243.604534,45.77,33.32,383.3,512,384,BGR888p,,,,,
236.3737,detections,7057,243.604534,45.76,33.32,383.36,,,,2,65:0.73 39:0.61,,,
236.4195,frame,7059,243.671177,45.82,66.64,362.48,512,384,BGR888p,,,,,
236.4195,detections,7059,243.671177,45.82,66.64,362.54,,,,3,39:0.75 39:0.56 64:0.52,,,
236.4675,frame,7060,243.704499,48.07,33.32,377.23,512,384,BGR888p,,,,,
236.4676,detections,7060,243.704499,48.07,33.32,377.29,,,,2,39:0.73 64:0.71,,,
236.5179,frame,7062,243.771142,50.39,66.64,360.98,512,384,BGR888p,,,,,
236.518,detections,7062,243.771142,50.39,66.64,361.03,,,,2,64:0.67 39:0.67,,,
236.5623,frame,7063,243.804468,44.39,33.33,372.04,512,384,BGR888p,,,,,
236.5624,detections,7063,243.804468,44.39,33.33,372.1,,,,2,39:0.75 64:0.70,,,
236.608,frame,7064,243.837785,45.72,33.32,384.44,512,384,BGR888p,,,,,
236.6082,detections,7064,243.837785,45.76,33.32,384.54,,,,2,39:0.65 64:0.61,,,
236.6548,frame,7066,243.90443,46.72,66.64,364.52,512,384,BGR888p,,,,,
236.6548,detections,7066,243.90443,46.68,66.64,364.58,,,,1,39:0.65,,,
236.7013,frame,7067,243.937752,46.55,33.32,377.74,512,384,BGR888p,,,,,
236.7014,detections,7067,243.937752,46.53,33.32,377.79,,,,1,39:0.61,,,
236.7484,frame,7069,244.004395,47.07,66.64,358.17,512,384,BGR888p,,,,,
236.7492,detections,7069,244.004395,47.84,66.64,358.99,,,,2,39:0.68 39:0.52,,,
236.795,frame,7070,244.037721,46.64,33.33,371.49,512,384,BGR888p,,,,,
236.7951,detections,7070,244.037721,45.88,33.33,371.54,,,,1,39:0.70,,,
236.8416,frame,7071,244.071039,46.57,33.32,384.74,512,384,BGR888p,,,,,
236.8417,detections,7071,244.071039,46.57,33.32,384.78,,,,1,39:0.72,,,
236.8875,frame,7073,244.137683,45.88,66.64,363.98,512,384,BGR888p,,,,,
236.8876,detections,7073,244.137683,45.9,66.64,364.04,,,,1,39:0.55,,,
236.9341,frame,7074,244.171006,46.6,33.32,377.26,512,384,BGR888p,,,,,
236.9342,detections,7074,244.171006,46.6,33.32,377.32,,,,1,39:0.59,,,
236.9815,frame,7076,244.237648,47.45,66.64,358.07,512,384,BGR888p,,,,,
236.9816,detections,7076,244.237648,47.45,66.64,358.13,,,,0,,,,
237.028,frame,7077,244.270972,46.44,33.32,371.19,512,384,BGR888p,,,,,
237.0281,detections,7077,244.270972,46.45,33.32,371.25,,,,1,39:0.55,,,
237.0732,frame,7078,244.304292,45.21,33.32,383.08,512,384,BGR888p,,,,,
237.0733,detections,7078,244.304292,45.25,33.32,383.18,,,,2,39:0.76 39:0.60,,,
237.1201,frame,7080,244.370937,46.92,66.64,363.35,512,384,BGR888p,,,,,
237.1202,detections,7080,244.370937,46.88,66.64,363.41,,,,2,39:0.53 0:0.52,,,
237.1671,frame,7081,244.404259,46.97,33.32,377.0,512,384,BGR888p,,,,,
237.1671,detections,7081,244.404259,46.97,33.32,377.06,,,,1,72:0.57,,,
237.2137,frame,7083,244.470902,46.67,66.64,357.03,512,384,BGR888p,,,,,
237.2145,detections,7083,244.470902,47.37,66.64,357.79,,,,1,39:0.62,,,
237.2618,frame,7084,244.504224,48.03,33.32,371.73,512,384,BGR888p,,,,,
237.2619,detections,7084,244.504224,47.33,33.32,371.81,,,,0,,,,
237.2619,system,0,,1027.77,,,,,,,,51.52,34.5,17.2
237.3075,frame,7085,244.537545,45.71,33.32,384.13,512,384,BGR888p,,,,,
237.3076,detections,7085,244.537545,45.73,33.32,384.21,,,,0,,,,
237.3523,frame,7087,244.60419,44.81,66.64,362.3,512,384,BGR888p,,,,,
237.3524,detections,7087,244.60419,44.81,66.64,362.38,,,,1,39:0.64,,,
237.4007,frame,7088,244.637512,48.44,33.32,377.42,512,384,BGR888p,,,,,
237.4008,detections,7088,244.637512,48.44,33.32,377.5,,,,2,39:0.84 39:0.57,,,
237.4473,frame,7090,244.704155,46.62,66.64,357.4,512,384,BGR888p,,,,,
237.4475,detections,7090,244.704155,46.62,66.64,357.48,,,,3,39:0.78 41:0.59 39:0.55,,,
237.4941,frame,7091,244.737478,46.71,33.32,370.78,512,384,BGR888p,,,,,
237.4942,detections,7091,244.737478,46.7,33.32,370.86,,,,2,39:0.76 39:0.54,,,
237.5401,frame,7092,244.770799,46.04,33.32,383.5,512,384,BGR888p,,,,,
237.5402,detections,7092,244.770799,46.04,33.32,383.58,,,,1,39:0.56,,,
237.5862,frame,7094,244.837443,46.1,66.64,362.96,512,384,BGR888p,,,,,
237.5863,detections,7094,244.837443,46.15,66.64,363.08,,,,1,39:0.69,,,
237.6344,frame,7095,244.870768,48.15,33.32,377.77,512,384,BGR888p,,,,,
237.6345,detections,7095,244.870768,48.16,33.32,377.92,,,,0,,,,
237.6798,frame,7097,244.937408,45.46,66.64,356.61,512,384,BGR888p,,,,,
237.6799,detections,7097,244.937408,45.42,66.64,356.69,,,,0,,,,
237.7266,frame,7098,244.970732,46.74,33.32,370.03,512,384,BGR888p,,,,,
237.7267,detections,7098,244.970732,46.74,33.32,370.11,,,,0,,,,
237.7724,frame,7099,245.004051,45.84,33.32,382.54,512,384,BGR888p,,,,,
237.7725,detections,7099,245.004051,45.81,33.32,382.6,,,,0,,,,
237.8191,frame,7101,245.070697,46.75,66.65,362.63,512,384,BGR888p,,,,,
237.8192,detections,7101,245.070697,46.74,66.65,362.69,,,,0,,,,
237.8675,frame,7102,245.104019,48.37,33.32,377.68,512,384,BGR888p,,,,,
237.8676,detections,7102,245.104019,48.36,33.32,377.73,,,,0,,,,
237.9152,frame,7104,245.170661,47.68,66.64,358.76,512,384,BGR888p,,,,,
237.9154,detections,7104,245.170661,47.78,66.64,358.87,,,,0,,,,
237.9611,frame,7105,245.203984,45.96,33.32,371.36,512,384,BGR888p,,,,,
237.9612,detections,7105,245.203984,45.88,33.32,371.47,,,,0,,,,
238.0071,frame,7106,245.237304,45.98,33.32,384.02,512,384,BGR888p,,,,,
238.0072,detections,7106,245.237304,45.98,33.32,384.12,,,,1,63:0.56,,,
238.053,frame,7108,245.303949,45.87,66.64,363.24,512,384,BGR888p,,,,,
238.0531,detections,7108,245.303949,45.86,66.64,363.31,,,,1,62:0.73,,,
238.1,frame,7109,245.337271,46.98,33.32,376.9,512,384,BGR888p,,,,,
238.1001,detections,7109,245.337271,46.99,33.32,376.98,,,,1,62:0.75,,,
238.1467,frame,7111,245.403914,46.74,66.64,357.0,512,384,BGR888p,,,,,
238.1468,detections,7111,245.403914,46.75,66.64,357.08,,,,1,62:0.71,,,
238.193,frame,7112,245.437238,46.27,33.32,369.95,512,384,BGR888p,,,,,
238.1931,detections,7112,245.437238,46.27,33.32,370.04,,,,1,63:0.60,,,
238.2394,frame,7113,245.470557,46.37,33.32,383.0,512,384,BGR888p,,,,,
238.2395,detections,7113,245.470557,46.36,33.32,383.08,,,,1,62:0.71,,,
238.2395,system,0,,977.62,,,,,,,,51.41,33.8,16.6
238.2853,frame,7115,245.537203,45.93,66.65,362.28,512,384,BGR888p,,,,,
238.2854,detections,7115,245.537203,45.92,66.65,362.35,,,,1,62:0.72,,,
238.3331,frame,7116,245.570525,47.78,33.32,376.74,512,384,BGR888p,,,,,
238.3332,detections,7116,245.570525,47.79,33.32,376.82,,,,1,62:0.79,,,
238.379,frame,7118,245.637168,45.92,66.64,356.01,512,384,BGR888p,,,,,
238.3796,detections,7118,245.637168,46.48,66.64,356.66,,,,1,63:0.66,,,
238.426,frame,7119,245.670493,47.04,33.32,369.74,512,384,BGR888p,,,,,
238.4262,detections,7119,245.670493,46.56,33.32,369.89,,,,1,62:0.75,,,
238.4722,frame,7120,245.703811,46.21,33.32,382.63,512,384,BGR888p,,,,,
238.4723,detections,7120,245.703811,46.12,33.32,382.68,,,,1,62:0.79,,,
238.5182,frame,7122,245.770456,45.97,66.64,361.93,512,384,BGR888p,,,,,
238.5183,detections,7122,245.770456,45.98,66.64,362.02,,,,1,63:0.67,,,
238.5669,frame,7123,245.803781,48.7,33.32,377.32,512,384,BGR888p,,,,,
238.567,detections,7123,245.803781,48.68,33.32,377.37,,,,2,63:0.76 63:0.60,,,
238.6135,frame,7125,245.870421,46.61,66.64,357.28,512,384,BGR888p,,,,,
238.6141,detections,7125,245.870421,47.15,66.64,357.88,,,,1,63:0.81,,,
238.6594,frame,7126,245.903746,45.9,33.33,369.87,512,384,BGR888p,,,,,
238.6596,detections,7126,245.903746,45.45,33.33,370.01,,,,1,63:0.65,,,
238.7041,frame,7127,245.937065,44.69,33.32,381.24,512,384,BGR888p,,,,,
238.7042,detections,7127,245.937065,44.63,33.32,381.31,,,,1,63:0.71,,,
238.7511,frame,7129,246.00371,47.0,66.65,361.58,512,384,BGR888p,,,,,
238.7512,detections,7129,246.00371,46.99,66.65,361.66,,,,1,62:0.75,,,
238.7994,frame,7130,246.037032,48.29,33.32,376.56,512,384,BGR888p,,,,,
238.7995,detections,7130,246.037032,48.31,33.32,376.64,,,,1,63:0.72,,,
238.8457,frame,7132,246.103674,46.26,66.64,356.18,512,384,BGR888p,,,,,
238.8465,detections,7132,246.103674,47.03,66.64,357.03,,,,1,63:0.68,,,
238.8926,frame,7133,246.137,46.93,33.33,369.79,512,384,BGR888p,,,,,
238.8927,detections,7133,246.137,46.17,33.33,369.87,,,,1,63:0.75,,,
238.9371,frame,7134,246.170317,44.47,33.32,380.94,512,384,BGR888p,,,,,
238.9372,detections,7134,246.170317,44.47,33.32,381.02,,,,1,63:0.80,,,
238.9853,frame,7136,246.236962,48.23,66.64,362.54,512,384,BGR888p,,,,,
238.9854,detections,7136,246.236962,48.25,66.64,362.62,,,,1,63:0.71,,,
239.0339,frame,7137,246.270284,48.61,33.32,377.81,512,384,BGR888p,,,,,
239.034,detections,7137,246.270284,48.59,33.32,377.89,,,,1,63:0.80,,,
239.0805,frame,7139,246.336927,46.64,66.64,357.8,512,384,BGR888p,,,,,
239.0806,detections,7139,246.336927,46.64,66.64,357.89,,,,2,63:0.72 66:0.63,,,
239.1276,frame,7140,246.370253,47.03,33.33,371.51,512,384,BGR888p,,,,,
239.1277,detections,7140,246.370253,47.04,33.33,371.61,,,,1,63:0.73,,,
239.174,frame,7141,246.403571,46.45,33.32,384.63,512,384,BGR888p,,,,,
239.1741,detections,7141,246.403571,46.41,33.32,384.69,,,,1,63:0.73,,,
239.2214,frame,7143,246.470215,47.42,66.64,365.4,512,384,BGR888p,,,,,
239.2215,detections,7143,246.470215,47.41,66.64,365.46,,,,1,63:0.74,,,
239.2215,system,0,,982.02,,,,,,,,51.3,35.3,17.5
239.2684,frame,7144,246.503537,46.92,33.32,378.99,512,384,BGR888p,,,,,
239.2684,detections,7144,246.503537,46.91,33.32,379.04,,,,1,63:0.76,,,
239.3173,frame,7146,246.57018,48.95,66.64,361.31,512,384,BGR888p,,,,,
239.3174,detections,7146,246.57018,48.97,66.64,361.37,,,,1,63:0.75,,,
239.3648,frame,7147,246.603503,47.5,33.32,375.49,512,384,BGR888p,,,,,
239.3649,detections,7147,246.603503,47.5,33.32,375.54,,,,1,62:0.62,,,
239.4118,frame,7148,246.636823,46.97,33.32,389.13,512,384,BGR888p,,,,,
239.4118,detections,7148,246.636823,46.96,33.32,389.18,,,,1,62:0.68,,,
239.4571,frame,7150,246.703468,45.29,66.64,367.78,512,384,BGR888p,,,,,
239.4571,detections,7150,246.703468,45.31,66.64,367.85,,,,1,63:0.76,,,
239.5043,frame,7151,246.736794,47.24,33.33,381.69,512,384,BGR888p,,,,,
239.5044,detections,7151,246.736794,47.23,33.33,381.76,,,,1,62:0.80,,,
239.551,frame,7153,246.803434,46.69,66.64,361.75,512,384,BGR888p,,,,,
239.5511,detections,7153,246.803434,46.72,66.64,361.84,,,,1,62:0.74,,,
239.6,frame,7154,246.836757,49.05,33.32,377.47,512,384,BGR888p,,,,,
239.6001,detections,7154,246.836757,49.03,33.32,377.54,,,,1,62:0.67,,,
239.6473,frame,7155,246.870077,47.22,33.32,391.36,512,384,BGR888p,,,,,
239.6473,detections,7155,246.870077,47.22,33.32,391.43,,,,1,62:0.84,,,
239.6948,frame,7157,246.936725,47.53,66.65,372.25,512,384,BGR888p,,,,,
239.695,detections,7157,246.936725,47.62,66.65,372.44,,,,1,62:0.81,,,
239.74,frame,7158,246.970045,45.21,33.32,384.15,512,384,BGR888p,,,,,
239.7401,detections,7158,246.970045,45.14,33.32,384.23,,,,1,62:0.74,,,
239.7864,frame,7160,247.036687,46.39,66.64,363.9,512,384,BGR888p,,,,,
239.7865,detections,7160,247.036687,46.39,66.64,363.98,,,,1,62:0.69,,,
239.8336,frame,7161,247.07001,47.26,33.32,377.83,512,384,BGR888p,,,,,
239.8342,detections,7161,247.07001,47.67,33.32,378.33,,,,1,62:0.52,,,
239.8827,frame,7163,247.136652,49.01,66.64,360.2,512,384,BGR888p,,,,,
239.8828,detections,7163,247.136652,48.6,66.64,360.28,,,,1,62:0.67,,,
239.9284,frame,7164,247.169976,45.76,33.32,372.63,512,384,BGR888p,,,,,
239.9285,detections,7164,247.169976,45.76,33.32,372.71,,,,1,62:0.71,,,
239.9735,frame,7165,247.203296,45.11,33.32,384.42,512,384,BGR888p,,,,,
239.9736,detections,7165,247.203296,45.09,33.32,384.48,,,,1,62:0.54,,,
240.0203,frame,7167,247.269941,46.76,66.64,364.53,512,384,BGR888p,,,,,
240.0204,detections,7167,247.269941,46.75,66.64,364.58,,,,1,62:0.56,,,
240.0676,frame,7168,247.303264,47.34,33.32,378.54,512,384,BGR888p,,,,,
240.0677,detections,7168,247.303264,47.33,33.32,378.59,,,,1,63:0.60,,,
240.1173,frame,7170,247.369906,49.63,66.64,361.53,512,384,BGR888p,,,,,
240.1173,detections,7170,247.369906,49.63,66.64,361.58,,,,1,63:0.70,,,
240.1633,frame,7171,247.403228,46.04,33.32,374.25,512,384,BGR888p,,,,,
240.1634,detections,7171,247.403228,46.04,33.32,374.3,,,,1,63:0.61,,,
240.2071,frame,7172,247.436549,43.77,33.32,384.72,512,384,BGR888p,,,,,
240.2072,detections,7172,247.436549,43.81,33.32,384.8,,,,0,,,,
240.2534,frame,7174,247.503194,46.35,66.64,364.42,512,384,BGR888p,,,,,
240.2535,detections,7174,247.503194,46.33,66.64,364.48,,,,1,63:0.60,,,
240.2535,system,0,,1032.0,,,,,,,,51.47,33.4,16.9
240.2999,frame,7175,247.536516,46.48,33.32,377.56,512,384,BGR888p,,,,,
240.3,detections,7175,247.536516,46.47,33.32,377.62,,,,1,62:0.56,,,
240.3471,frame,7177,247.603159,47.22,66.64,358.14,512,384,BGR888p,,,,,
240.348,detections,7177,247.603159,48.01,66.64,359.0,,,,1,62:0.71,,,
240.394,frame,7178,247.636482,46.85,33.32,371.68,512,384,BGR888p,,,,,
240.3941,detections,7178,247.636482,46.07,33.32,371.74,,,,1,62:0.66,,,
240.4404,frame,7179,247.669804,46.46,33.32,384.82,512,384,BGR888p,,,,,
240.4405,detections,7179,247.669804,46.46,33.32,384.88,,,,1,62:0.73,,,
240.4861,frame,7181,247.736447,45.7,66.64,363.88,512,384,BGR888p,,,,,
240.4862,detections,7181,247.736447,45.7,66.64,363.94,,,,0,,,,
240.5326,frame,7182,247.769771,46.49,33.32,377.04,512,384,BGR888p,,,,,
240.5327,detections,7182,247.769771,46.49,33.32,377.1,,,,0,,,,
240.5816,frame,7184,247.836412,48.95,66.64,359.35,512,384,BGR888p,,,,,
240.5816,detections,7184,247.836412,48.94,66.64,359.41,,,,0,,,,
240.6277,frame,7185,247.869735,46.14,33.32,372.16,512,384,BGR888p,,,,,
240.6278,detections,7185,247.869735,46.14,33.32,372.23,,,,0,,,,
240.6727,frame,7186,247.903055,45.02,33.32,383.86,512,384,BGR888p,,,,,
240.6728,detections,7186,247.903055,45.02,33.32,383.92,,,,0,,,,
240.7193,frame,7188,247.969701,46.54,66.65,363.76,512,384,BGR888p,,,,,
240.7194,detections,7188,247.969701,46.6,66.65,363.88,,,,0,,,,
240.7655,frame,7189,248.003022,46.26,33.32,376.69,512,384,BGR888p,,,,,
240.7656,detections,7189,248.003022,46.19,33.32,376.75,,,,0,,,,
240.8146,frame,7191,248.069665,49.08,66.64,359.13,512,384,BGR888p,,,,,
240.8147,detections,7191,248.069665,49.09,66.64,359.19,,,,0,,,,
240.8613,frame,7192,248.102988,46.67,33.32,372.53,512,384,BGR888p,,,,,
240.8615,detections,7192,248.102988,46.79,33.32,372.71,,,,0,,,,
240.9067,frame,7193,248.136308,45.42,33.32,384.6,512,384,BGR888p,,,,,
240.9068,detections,7193,248.136308,45.34,33.32,384.71,,,,1,62:0.58,,,
240.9532,frame,7195,248.202953,46.51,66.64,364.46,512,384,BGR888p,,,,,
240.9533,detections,7195,248.202953,46.49,66.64,364.54,,,,2,68:0.53 62:0.52,,,
241.0007,frame,7196,248.236277,47.45,33.32,378.57,512,384,BGR888p,,,,,
241.0007,detections,7196,248.236277,47.42,33.32,378.63,,,,2,68:0.66 62:0.55,,,
241.0499,frame,7198,248.302919,49.27,66.64,361.19,512,384,BGR888p,,,,,
241.05,detections,7198,248.302919,49.25,66.64,361.23,,,,0,,,,
241.0969,frame,7199,248.336241,46.99,33.32,374.85,512,384,BGR888p,,,,,
241.097,detections,7199,248.336241,46.99,33.32,374.91,,,,1,63:0.62,,,
241.1442,frame,7200,248.369562,47.24,33.32,388.77,512,384,BGR888p,,,,,
241.1443,detections,7200,248.369562,47.29,33.32,388.89,,,,2,63:0.60 64:0.56,,,
241.1879,frame,7202,248.436207,43.76,66.64,365.89,512,384,BGR888p,,,,,
241.188,detections,7202,248.436207,43.7,66.64,365.94,,,,3,63:0.90 62:0.64 64:0.51,,,
241.2346,frame,7203,248.469529,46.65,33.32,379.23,512,384,BGR888p,,,,,
241.2346,detections,7203,248.469529,46.67,33.32,379.29,,,,3,62:0.62 64:0.58 68:0.52,,,
241.2347,system,0,,981.15,,,,,,,,51.41,34.9,16.2
241.2852,frame,7205,248.536172,50.59,66.64,363.18,512,384,BGR888p,,,,,
241.2852,detections,7205,248.536172,50.59,66.64,363.24,,,,3,62:0.73 64:0.51 64:0.51,,,
241.3324,frame,7206,248.569494,47.22,33.32,377.08,512,384,BGR888p,,,,,
241.3325,detections,7206,248.569494,47.22,33.32,377.13,,,,2,62:0.72 64:0.64,,,
241.3789,frame,7207,248.602815,46.48,33.32,390.23,512,384,BGR888p,,,,,
241.3796,detections,7207,248.602815,47.15,33.32,390.97,,,,2,62:0.85 64:0.73,,,
241.4254,frame,7209,248.66946,46.57,66.64,370.15,512,384,BGR888p,,,,,
241.4255,detections,7209,248.66946,45.88,66.64,370.2,,,,2,64:0.69 62:0.63,,,
241.4713,frame,7210,248.702782,45.9,33.32,382.74,512,384,BGR888p,,,,,
241.4714,detections,7210,248.702782,45.92,33.32,382.8,,,,2,64:0.67 62:0.62,,,
241.5177,frame,7212,248.769425,46.35,66.64,362.44,512,384,BGR888p,,,,,
241.5178,detections,7212,248.769425,46.35,66.64,362.5,,,,3,62:0.68 64:0.64 64:0.59,,,
241.5653,frame,7213,248.802748,47.64,33.32,376.76,512,384,BGR888p,,,,,
241.5654,detections,7213,248.802748,47.64,33.32,376.81,,,,2,64:0.56 64:0.54,,,
241.6135,frame,7214,248.836068,48.19,33.32,391.63,512,384,BGR888p,,,,,
241.6136,detections,7214,248.836068,48.19,33.32,391.68,,,,3,64:0.62 62:0.62 64:0.55,,,
241.6612,frame,7216,248.902715,47.65,66.65,372.63,512,384,BGR888p,,,,,
241.6612,detections,7216,248.902715,47.65,66.65,372.69,,,,2,64:0.73 64:0.66,,,
241.7055,frame,7217,248.936036,44.35,33.32,383.65,512,384,BGR888p,,,,,
241.7056,detections,7217,248.936036,44.35,33.32,383.71,,,,2,62:0.65 64:0.61,,,
241.7533,frame,7219,249.002679,47.83,66.64,364.84,512,384,BGR888p,,,,,
241.7535,detections,7219,249.002679,47.88,66.64,364.95,,,,1,64:0.70,,,
241.8004,frame,7220,249.036002,47.1,33.32,378.61,512,384,BGR888p,,,,,
241.8005,detections,7220,249.036002,47.04,33.32,378.67,,,,4,62:0.77 62:0.75 64:0.69 41:0.55,,,
241.8482,frame,7222,249.102644,47.76,66.64,359.74,512,384,BGR888p,,,,,
241.8483,detections,7222,249.102644,47.77,66.64,359.8,,,,3,64:0.64 62:0.61 62:0.53,,,
241.8962,frame,7223,249.135969,48.05,33.32,374.48,512,384,BGR888p,,,,,
241.8963,detections,7223,249.135969,48.07,33.32,374.54,,,,2,64:0.77 62:0.65,,,
241.9438,frame,7224,249.169287,47.53,33.32,388.66,512,384,BGR888p,,,,,
241.9438,detections,7224,249.169287,47.49,33.32,388.71,,,,3,64:0.63 41:0.59 62:0.53,,,
241.9883,frame,7226,249.235932,44.54,66.64,366.56,512,384,BGR888p,,,,,
241.9884,detections,7226,249.235932,44.54,66.64,366.61,,,,3,64:0.74 62:0.55 41:0.53,,,
242.0344,frame,7227,249.269254,46.11,33.32,379.35,512,384,BGR888p,,,,,
242.0345,detections,7227,249.269254,46.11,33.32,379.4,,,,1,64:0.69,,,
242.0825,frame,7229,249.335897,48.03,66.64,360.74,512,384,BGR888p,,,,,
242.0825,detections,7229,249.335897,48.03,66.64,360.79,,,,1,64:0.58,,,
242.1272,frame,7230,249.36922,44.74,33.32,372.16,512,384,BGR888p,,,,,
242.1273,detections,7230,249.36922,44.78,33.32,372.25,,,,1,64:0.62,,,
242.1734,frame,7231,249.40254,46.25,33.32,385.1,512,384,BGR888p,,,,,
242.1735,detections,7231,249.40254,46.23,33.32,385.16,,,,2,64:0.65 62:0.52,,,
242.2195,frame,7233,249.469185,46.09,66.65,364.54,512,384,BGR888p,,,,,
242.2196,detections,7233,249.469185,46.09,66.65,364.6,,,,3,64:0.81 62:0.57 66:0.53,,,
242.2655,frame,7234,249.502508,45.93,33.32,377.14,512,384,BGR888p,,,,,
242.2655,detections,7234,249.502508,45.93,33.32,377.2,,,,5,64:0.80 63:0.72 62:0.60 56:0.57 66:0.54,,,
242.2656,system,0,,1030.9,,,,,,,,51.3,34.8,16.8
242.3152,frame,7236,249.569151,49.77,66.64,360.28,512,384,BGR888p,,,,,
242.3153,detections,7236,249.569151,49.78,66.64,360.34,,,,4,64:0.74 56:0.64 63:0.61 62:0.54,,,
242.3599,frame,7237,249.602474,44.71,33.32,371.67,512,384,BGR888p,,,,,
242.36,detections,7237,249.602474,44.71,33.32,371.72,,,,3,63:0.74 64:0.71 66:0.65,,,
242.4055,frame,7238,249.635794,45.58,33.32,383.92,512,384,BGR888p,,,,,
242.4056,detections,7238,249.635794,45.57,33.32,383.98,,,,4,64:0.71 56:0.59 66:0.57 63:0.56,,,
242.4514,frame,7240,249.702439,45.9,66.64,363.17,512,384,BGR888p,,,,,
242.4515,detections,7240,249.702439,45.88,66.64,363.22,,,,4,64:0.61 56:0.56 63:0.56 56:0.50,,,
242.4991,frame,7241,249.735761,47.69,33.32,377.55,512,384,BGR888p,,,,,
242.4992,detections,7241,249.735761,47.71,33.32,377.6,,,,4,66:0.75 56:0.66 63:0.66 64:0.63,,,
242.5472,frame,7243,249.802403,48.03,66.64,358.94,512,384,BGR888p,,,,,
242.5472,detections,7243,249.802403,48.04,66.64,359.02,,,,4,64:0.68 63:0.65 56:0.64 66:0.58,,,
242.5938,frame,7244,249.835726,46.68,33.32,372.3,512,384,BGR888p,,,,,
242.5939,detections,7244,249.835726,46.69,33.32,372.36,,,,2,64:0.65 63:0.54,,,
242.6397,frame,7245,249.869047,45.82,33.32,384.8,512,384,BGR888p,,,,,
242.6397,detections,7245,249.869047,45.81,33.32,384.85,,,,3,64:0.67 63:0.57 66:0.53,,,
242.6874,frame,7247,249.935693,47.74,66.65,365.9,512,384,BGR888p,,,,,
242.6875,detections,7247,249.935693,47.75,66.65,365.96,,,,5,56:0.83 66:0.75 64:0.63 63:0.62 56:0.56,,,
242.734,frame,7248,249.969014,46.62,33.32,379.19,512,384,BGR888p,,,,,
242.7341,detections,7248,249.969014,46.61,33.32,379.25,,,,4,56:0.81 66:0.72 63:0.65 64:0.61,,,
242.7832,frame,7250,250.035657,49.22,66.64,361.78,512,384,BGR888p,,,,,
242.7834,detections,7250,250.035657,49.28,66.64,361.89,,,,4,66:0.77 64:0.73 63:0.71 56:0.63,,,
242.8311,frame,7251,250.06898,47.89,33.32,376.33,512,384,BGR888p,,,,,
242.8312,detections,7251,250.06898,47.82,33.32,376.38,,,,5,66:0.73 64:0.70 56:0.65 56:0.62 63:0.57,,,
242.8779,frame,7252,250.1023,46.8,33.32,389.81,512,384,BGR888p,,,,,
242.878,detections,7252,250.1023,46.8,33.32,389.87,,,,5,56:0.72 66:0.71 63:0.66 64:0.63 56:0.59,,,
242.9247,frame,7254,250.168945,46.76,66.64,369.92,512,384,BGR888p,,,,,
242.9247,detections,7254,250.168945,46.75,66.64,369.97,,,,0,,,,
242.9692,frame,7255,250.202267,44.52,33.32,381.12,512,384,BGR888p,,,,,
242.9693,detections,7255,250.202267,44.58,33.32,381.22,,,,1,56:0.55,,,
243.0164,frame,7257,250.26891,47.18,66.64,361.67,512,384,BGR888p,,,,,
243.0165,detections,7257,250.26891,47.14,66.64,361.73,,,,1,62:0.57,,,
243.0656,frame,7258,250.302236,49.26,33.33,377.6,512,384,BGR888p,,,,,
243.0657,detections,7258,250.302236,49.26,33.33,377.66,,,,0,,,,
243.1126,frame,7259,250.335553,46.91,33.32,391.19,512,384,BGR888p,,,,,
243.1132,detections,7259,250.335553,47.48,33.32,391.83,,,,2,63:0.70 56:0.53,,,
243.1584,frame,7261,250.402201,45.8,66.65,370.34,512,384,BGR888p,,,,,
243.1584,detections,7261,250.402201,45.23,66.65,370.4,,,,2,56:0.63 63:0.55,,,
243.2042,frame,7262,250.435529,45.82,33.33,382.74,512,384,BGR888p,,,,,
243.2043,detections,7262,250.435529,45.85,33.33,382.84,,,,0,,,,
243.2514,frame,7264,250.502163,47.27,66.63,363.44,512,384,BGR888p,,,,,
243.2517,detections,7264,250.502163,47.4,66.63,363.64,,,,4,66:0.70 41:0.68 56:0.66 62:0.61,,,
243.2519,system,0,,986.29,,,,,,,,51.3,34.6,17.3
243.2991,frame,7265,250.535486,47.66,33.32,377.71,512,384,BGR888p,,,,,
243.2992,detections,7265,250.535486,47.5,33.32,377.78,,,,4,56:0.68 41:0.63 63:0.60 56:0.54,,,
243.3461,frame,7267,250.602128,46.97,66.64,358.08,512,384,BGR888p,,,,,
243.3462,detections,7267,250.602128,47.02,66.64,358.15,,,,2,62:0.58 41:0.55,,,
243.3921,frame,7268,250.635452,46.02,33.32,370.74,512,384,BGR888p,,,,,
243.3928,detections,7268,250.635452,46.61,33.32,371.44,,,,3,63:0.69 56:0.68 56:0.60,,,
243.438,frame,7269,250.668772,45.92,33.32,383.34,512,384,BGR888p,,,,,
243.4381,detections,7269,250.668772,45.29,33.32,383.4,,,,0,,,,
243.4843,frame,7271,250.735418,46.26,66.65,362.95,512,384,BGR888p,,,,,
243.4843,detections,7271,250.735418,46.24,66.65,363.0,,,,1,41:0.53,,,
243.5319,frame,7272,250.76874,47.66,33.32,377.28,512,384,BGR888p,,,,,
243.532,detections,7272,250.76874,47.66,33.32,377.33,,,,1,56:0.58,,,
243.5796,frame,7274,250.835382,47.61,66.64,358.26,512,384,BGR888p,,,,,
243.5796,detections,7274,250.835382,47.63,66.64,358.32,,,,3,56:0.78 66:0.54 62:0.54,,,
243.6251,frame,7275,250.868704,45.54,33.32,370.47,512,384,BGR888p,,,,,
243.6252,detections,7275,250.868704,45.53,33.32,370.52,,,,2,56:0.80 62:0.58,,,
243.6713,frame,7276,250.902026,46.21,33.32,383.36,512,384,BGR888p,,,,,
243.6714,detections,7276,250.902026,46.21,33.32,383.41,,,,2,63:0.59 62:0.57,,,
243.7181,frame,7278,250.968671,46.84,66.64,363.55,512,384,BGR888p,,,,,
243.7182,detections,7278,250.968671,46.84,66.64,363.61,,,,1,62:0.56,,,
243.7658,frame,7279,251.001992,47.66,33.32,377.9,512,384,BGR888p,,,,,
243.7659,detections,7279,251.001992,47.67,33.32,377.96,,,,1,2:0.52,,,
243.8119,frame,7281,251.068635,46.07,66.64,357.32,512,384,BGR888p,,,,,
243.8126,detections,7281,251.068635,46.75,66.64,358.07,,,,3,63:0.59 56:0.53 62:0.52,,,
243.8587,frame,7282,251.101963,46.88,33.33,370.87,512,384,BGR888p,,,,,
243.8588,detections,7282,251.101963,46.2,33.33,370.93,,,,2,62:0.56 63:0.55,,,
243.9066,frame,7283,251.135278,47.84,33.31,385.4,512,384,BGR888p,,,,,
243.9067,detections,7283,251.135278,47.84,33.31,385.45,,,,3,62:0.54 63:0.53 56:0.53,,,
243.9522,frame,7285,251.201923,45.66,66.64,364.43,512,384,BGR888p,,,,,
243.9523,detections,7285,251.201923,45.68,66.64,364.49,,,,2,62:0.57 64:0.54,,,
243.9998,frame,7286,251.235245,47.55,33.32,378.64,512,384,BGR888p,,,,,
243.9999,detections,7286,251.235245,47.53,33.32,378.69,,,,2,62:0.56 64:0.52,,,
244.0485,frame,7288,251.301888,48.75,66.64,360.75,512,384,BGR888p,,,,,
244.0486,detections,7288,251.301888,48.75,66.64,360.8,,,,2,63:0.59 62:0.53,,,
244.095,frame,7289,251.335213,46.49,33.33,373.91,512,384,BGR888p,,,,,
244.0951,detections,7289,251.335213,46.49,33.33,373.97,,,,2,63:0.51 62:0.51,,,
244.1401,frame,7290,251.368531,45.02,33.32,385.61,512,384,BGR888p,,,,,
244.1401,detections,7290,251.368531,45.02,33.32,385.67,,,,1,62:0.52,,,
244.1864,frame,7292,251.435177,46.39,66.65,365.35,512,384,BGR888p,,,,,
244.1865,detections,7292,251.435177,46.37,66.65,365.39,,,,3,62:0.57 56:0.54 66:0.53,,,
244.2342,frame,7293,251.468498,47.72,33.32,379.75,512,384,BGR888p,,,,,
244.2342,detections,7293,251.468498,47.73,33.32,379.81,,,,4,62:0.63 56:0.63 63:0.63 66:0.52,,,
244.2343,system,0,,982.4,,,,,,,,51.14,34.6,17.3
244.2801,frame,7295,251.535142,45.92,66.64,359.02,512,384,BGR888p,,,,,
244.2801,detections,7295,251.535142,45.91,66.64,359.07,,,,2,62:0.57 56:0.51,,,
244.3285,frame,7296,251.568464,48.46,33.32,374.19,512,384,BGR888p,,,,,
244.3286,detections,7296,251.568464,48.49,33.32,374.24,,,,2,56:0.70 62:0.69,,,
244.3731,frame,7297,251.601785,44.6,33.32,385.44,512,384,BGR888p,,,,,
244.3732,detections,7297,251.601785,44.57,33.32,385.5,,,,3,62:0.60 56:0.59 56:0.58,,,
244.4196,frame,7299,251.66843,46.42,66.64,365.22,512,384,BGR888p,,,,,
244.4196,detections,7299,251.66843,46.42,66.64,365.27,,,,2,56:0.58 62:0.54,,,
244.4655,frame,7300,251.701753,45.98,33.32,377.88,512,384,BGR888p,,,,,
244.4656,detections,7300,251.701753,45.99,33.32,377.94,,,,3,56:0.75 41:0.58 62:0.51,,,
244.5144,frame,7302,251.768395,48.89,66.64,360.15,512,384,BGR888p,,,,,
244.5145,detections,7302,251.768395,48.93,66.64,360.22,,,,4,41:0.73 56:0.67 62:0.63 66:0.50,,,
244.5611,frame,7303,251.801718,46.67,33.32,373.48,512,384,BGR888p,,,,,
244.5612,detections,7303,251.801718,46.64,33.32,373.54,,,,4,56:0.73 62:0.69 41:0.67 66:0.65,,,
244.6067,frame,7305,251.86836,45.55,66.64,352.39,512,384,BGR888p,,,,,
244.6067,detections,7305,251.86836,45.55,66.64,352.45,,,,2,56:0.73 62:0.63,,,
244.6538,frame,7306,251.901683,47.18,33.32,366.25,512,384,BGR888p,,,,,
244.6539,detections,7306,251.901683,47.18,33.32,366.31,,,,4,56:0.75 62:0.69 66:0.57 56:0.52,,,
244.7015,frame,7307,251.935007,47.68,33.32,380.59,512,384,BGR888p,,,,,
244.7016,detections,7307,251.935007,47.66,33.32,380.64,,,,3,56:0.70 62:0.69 41:0.67,,,
244.7476,frame,7309,252.001648,46.08,66.64,360.04,512,384,BGR888p,,,,,
244.7477,detections,7309,252.001648,46.1,66.64,360.1,,,,2,56:0.77 41:0.63,,,
244.7957,frame,7310,252.034971,48.11,33.32,374.83,512,384,BGR888p,,,,,
244.7958,detections,7310,252.034971,48.11,33.32,374.89,,,,4,56:0.75 41:0.67 62:0.52 63:0.50,,,
244.843,frame,7311,252.068291,47.3,33.32,388.83,512,384,BGR888p,,,,,
244.8432,detections,7311,252.068291,47.39,33.32,388.96,,,,4,62:0.63 56:0.61 56:0.52 41:0.51,,,
244.8887,frame,7313,252.134936,45.69,66.65,367.87,512,384,BGR888p,,,,,
244.8888,detections,7313,252.134936,45.64,66.65,367.98,,,,3,56:0.69 64:0.54 41:0.54,,,
244.9344,frame,7314,252.16826,45.73,33.32,380.26,512,384,BGR888p,,,,,
244.9345,detections,7314,252.16826,45.68,33.32,380.32,,,,4,56:0.76 62:0.65 56:0.58 56:0.53,,,
244.9818,frame,7316,252.234901,47.36,66.64,360.97,512,384,BGR888p,,,,,
244.9818,detections,7316,252.234901,47.34,66.64,361.01,,,,4,56:0.72 66:0.67 56:0.64 62:0.63,,,
245.0317,frame,7317,252.268227,49.9,33.33,377.55,512,384,BGR888p,,,,,
245.0318,detections,7317,252.268227,49.93,33.33,377.62,,,,2,56:0.71 56:0.52,,,
245.0771,frame,7319,252.334866,45.43,66.64,356.36,512,384,BGR888p,,,,,
245.0772,detections,7319,252.334866,45.45,66.64,356.43,,,,8,56:0.82 62:0.65 64:0.62 62:0.59 56:0.57 56:0.55 62:0.54 62:0.50,,,
245.1218,frame,7320,252.36819,44.68,33.32,367.69,512,384,BGR888p,,,,,
245.1221,detections,7320,252.36819,44.86,33.32,367.97,,,,5,56:0.73 41:0.64 62:0.60 64:0.60 66:0.50,,,
245.1693,frame,7321,252.401512,47.48,33.32,381.84,512,384,BGR888p,,,,,
245.1693,detections,7321,252.401512,47.25,33.32,381.89,,,,6,41:0.71 62:0.66 64:0.62 56:0.61 62:0.58 56:0.52,,,
245.2158,frame,7323,252.468155,46.49,66.64,361.7,512,384,BGR888p,,,,,
245.2158,detections,7323,252.468155,46.51,66.64,361.76,,,,4,64:0.83 63:0.67 66:0.66 56:0.53,,,
245.2646,frame,7324,252.501477,48.82,33.32,377.2,512,384,BGR888p,,,,,
245.2647,detections,7324,252.501477,48.82,33.32,377.26,,,,4,63:0.55 64:0.54 56:0.54 56:0.53,,,
245.2647,system,0,,1030.43,,,,,,,,51.63,34.2,17.1
245.3102,frame,7326,252.56812,45.61,66.64,356.16,512,384,BGR888p,,,,,
245.3103,detections,7326,252.56812,45.6,66.64,356.25,,,,4,63:0.67 56:0.66 62:0.57 64:0.53,,,
245.3573,frame,7327,252.601443,47.13,33.32,369.98,512,384,BGR888p,,,,,
245.3574,detections,7327,252.601443,47.15,33.32,370.04,,,,7,64:0.76 62:0.62 41:0.61 66:0.60 62:0.59 56:0.57 56:0.53,,,
245.403,frame,7328,252.634767,45.68,33.32,382.35,512,384,BGR888p,,,,,
245.4031,detections,7328,252.634767,45.69,33.32,382.41,,,,6,64:0.79 41:0.79 56:0.59 62:0.55 66:0.54 63:0.54,,,
245.4496,frame,7330,252.701409,46.55,66.64,362.25,512,384,BGR888p,,,,,
245.4496,detections,7330,252.701409,46.55,66.64,362.31,,,,2,64:0.80 41:0.61,,,
245.4979,frame,7331,252.73473,48.35,33.32,377.3,512,384,BGR888p,,,,,
245.498,detections,7331,252.73473,48.36,33.32,377.35,,,,3,64:0.79 41:0.65 56:0.55,,,
245.5457,frame,7333,252.801373,47.79,66.64,358.43,512,384,BGR888p,,,,,
245.5465,detections,7333,252.801373,48.48,66.64,359.2,,,,4,64:0.73 41:0.73 56:0.60 62:0.55,,,
245.5922,frame,7334,252.834697,46.53,33.32,371.67,512,384,BGR888p,,,,,
245.5924,detections,7334,252.834697,45.86,33.32,371.75,,,,5,64:0.73 41:0.69 56:0.62 62:0.57 65:0.51,,,
245.6378,frame,7335,252.868017,45.55,33.32,383.87,512,384,BGR888p,,,,,
245.6379,detections,7335,252.868017,45.51,33.32,383.93,,,,4,41:0.75 64:0.72 62:0.66 56:0.63,,,
245.6843,frame,7337,252.934662,46.49,66.64,363.71,512,384,BGR888p,,,,,
245.6844,detections,7337,252.934662,46.49,66.64,363.77,,,,4,62:0.71 64:0.67 56:0.58 41:0.50,,,
245.7307,frame,7338,252.967984,46.41,33.32,376.8,512,384,BGR888p,,,,,
245.7308,detections,7338,252.967984,46.4,33.32,376.84,,,,4,62:0.67 64:0.65 56:0.55 41:0.51,,,
245.7787,frame,7340,253.034626,48.03,66.64,358.25,512,384,BGR888p,,,,,
245.7798,detections,7340,253.034626,49.02,66.64,359.29,,,,3,62:0.77 64:0.60 41:0.51,,,
245.8257,frame,7341,253.067951,46.96,33.32,371.82,512,384,BGR888p,,,,,
245.8258,detections,7341,253.067951,45.98,33.32,371.88,,,,1,62:0.79,,,
245.8712,frame,7342,253.101269,45.51,33.32,384.01,512,384,BGR888p,,,,,
245.8725,detections,7342,253.101269,46.75,33.32,385.33,,,,1,62:0.73,,,
245.9174,frame,7344,253.167915,46.2,66.65,363.57,512,384,BGR888p,,,,,
245.9175,detections,7344,253.167915,44.96,66.65,363.62,,,,1,62:0.75,,,
245.9642,frame,7345,253.201237,46.84,33.32,377.12,512,384,BGR888p,,,,,
245.9644,detections,7345,253.201237,46.89,33.32,377.19,,,,1,62:0.79,,,
246.0127,frame,7347,253.26788,48.46,66.64,358.91,512,384,BGR888p,,,,,
246.0128,detections,7347,253.26788,48.42,66.64,358.96,,,,2,62:0.76 62:0.51,,,
246.0576,frame,7348,253.301202,44.89,33.32,370.46,512,384,BGR888p,,,,,
246.0577,detections,7348,253.301202,44.9,33.32,370.54,,,,1,62:0.67,,,
246.1035,frame,7349,253.334523,45.97,33.32,383.12,512,384,BGR888p,,,,,
246.1036,detections,7349,253.334523,45.95,33.32,383.18,,,,2,62:0.64 62:0.59,,,
246.1484,frame,7351,253.401168,44.86,66.65,361.33,512,384,BGR888p,,,,,
246.1485,detections,7351,253.401168,44.86,66.65,361.39,,,,1,62:0.54,,,
246.1978,frame,7352,253.43449,49.38,33.32,377.39,512,384,BGR888p,,,,,
246.1979,detections,7352,253.43449,49.38,33.32,377.45,,,,1,62:0.63,,,
246.2447,frame,7354,253.501133,46.95,66.64,357.72,512,384,BGR888p,,,,,
246.2448,detections,7354,253.501133,46.97,66.64,357.77,,,,1,62:0.60,,,
246.2449,system,0,,980.16,,,,,,,,51.58,33.9,17.8
246.2906,frame,7355,253.534457,45.85,33.32,370.23,512,384,BGR888p,,,,,
246.2908,detections,7355,253.534457,45.97,33.32,370.43,,,,0,,,,
246.3361,frame,7356,253.567776,45.48,33.32,382.39,512,384,BGR888p,,,,,
246.3362,detections,7356,253.567776,45.34,33.32,382.45,,,,1,73:0.50,,,
246.3834,frame,7358,253.634422,47.32,66.65,363.06,512,384,BGR888p,,,,,
246.3835,detections,7358,253.634422,47.31,66.65,363.11,,,,0,,,,
246.4315,frame,7359,253.667744,48.07,33.32,377.81,512,384,BGR888p,,,,,
246.4315,detections,7359,253.667744,48.08,33.32,377.87,,,,0,,,,
246.4785,frame,7361,253.734386,47.09,66.64,358.25,512,384,BGR888p,,,,,
246.4791,detections,7361,253.734386,47.6,66.64,358.83,,,,0,,,,
246.5254,frame,7362,253.767711,46.88,33.32,371.82,512,384,BGR888p,,,,,
246.5255,detections,7362,253.767711,46.38,33.32,371.88,,,,0,,,,
246.5712,frame,7363,253.801029,45.74,33.32,384.23,512,384,BGR888p,,,,,
246.5713,detections,7363,253.801029,45.73,33.32,384.3,,,,1,41:0.56,,,
246.6171,frame,7365,253.867674,45.95,66.64,363.53,512,384,BGR888p,,,,,
246.6172,detections,7365,253.867674,45.92,66.64,363.57,,,,0,,,,
246.6642,frame,7366,253.900997,47.07,33.32,377.28,512,384,BGR888p,,,,,
246.6643,detections,7366,253.900997,47.09,33.32,377.36,,,,0,,,,
246.7126,frame,7368,253.967639,48.38,66.64,359.03,512,384,BGR888p,,,,,
246.7127,detections,7368,253.967639,48.39,66.64,359.09,,,,1,62:0.58,,,
246.7575,frame,7369,254.000962,44.94,33.32,370.63,512,384,BGR888p,,,,,
246.7576,detections,7369,254.000962,44.93,33.32,370.7,,,,1,62:0.57,,,
246.8032,frame,7370,254.034282,45.73,33.32,383.05,512,384,BGR888p,,,,,
246.8033,detections,7370,254.034282,45.73,33.32,383.1,,,,0,,,,
246.8499,frame,7372,254.100927,46.62,66.65,363.02,512,384,BGR888p,,,,,
246.8499,detections,7372,254.100927,46.62,66.65,363.08,,,,0,,,,
246.8973,frame,7373,254.13425,47.49,33.32,377.19,512,384,BGR888p,,,,,
246.8975,detections,7373,254.13425,47.55,33.32,377.33,,,,0,,,,
246.9441,frame,7375,254.200892,46.75,66.64,357.3,512,384,BGR888p,,,,,
246.9442,detections,7375,254.200892,46.7,66.64,357.36,,,,0,,,,
246.9902,frame,7376,254.234215,46.07,33.32,370.04,512,384,BGR888p,,,,,
246.9902,detections,7376,254.234215,46.05,33.32,370.09,,,,0,,,,
247.0362,frame,7377,254.267536,46.03,33.32,382.74,512,384,BGR888p,,,,,
247.0363,detections,7377,254.267536,46.04,33.32,382.81,,,,0,,,,
247.0822,frame,7379,254.334181,46.01,66.64,362.1,512,384,BGR888p,,,,,
247.0823,detections,7379,254.334181,46.0,66.64,362.16,,,,1,62:0.54,,,
247.1319,frame,7380,254.367503,49.68,33.32,378.48,512,384,BGR888p,,,,,
247.132,detections,7380,254.367503,49.69,33.32,378.53,,,,1,62:0.54,,,
247.1783,frame,7382,254.434146,46.37,66.64,358.21,512,384,BGR888p,,,,,
247.1794,detections,7382,254.434146,47.42,66.64,359.34,,,,1,62:0.50,,,
247.2234,frame,7383,254.467469,45.12,33.32,370.0,512,384,BGR888p,,,,,
247.2234,detections,7383,254.467469,44.07,33.32,370.05,,,,1,62:0.51,,,
247.2691,frame,7384,254.500789,45.76,33.32,382.44,512,384,BGR888p,,,,,
247.2692,detections,7384,254.500789,45.75,33.32,382.49,,,,1,63:0.52,,,
247.2693,system,0,,1024.37,,,,,,,,51.58,34.8,16.5
247.3153,frame,7386,254.567434,46.11,66.64,361.9,512,384,BGR888p,,,,,
247.3153,detections,7386,254.567434,46.11,66.64,361.95,,,,1,63:0.52,,,
247.3639,frame,7387,254.600759,48.61,33.33,377.2,512,384,BGR888p,,,,,
247.3639,detections,7387,254.600759,48.63,33.33,377.25,,,,0,,,,
247.4116,frame,7389,254.667399,47.72,66.64,358.28,512,384,BGR888p,,,,,
247.4117,detections,7389,254.667399,47.72,66.64,358.33,,,,1,62:0.54,,,
247.4567,frame,7390,254.700723,45.1,33.32,370.07,512,384,BGR888p,,,,,
247.4568,detections,7390,254.700723,45.11,33.32,370.12,,,,1,63:0.56,,,
247.5022,frame,7391,254.734042,45.53,33.32,382.27,512,384,BGR888p,,,,,
247.5023,detections,7391,254.734042,45.52,33.32,382.33,,,,1,63:0.59,,,
247.5496,frame,7393,254.800689,47.37,66.65,362.99,512,384,BGR888p,,,,,
247.5497,detections,7393,254.800689,47.37,66.65,363.05,,,,1,63:0.60,,,
247.5972,frame,7394,254.834009,47.58,33.32,377.24,512,384,BGR888p,,,,,
247.5972,detections,7394,254.834009,47.56,33.32,377.28,,,,1,62:0.67,,,
247.6464,frame,7396,254.900652,49.28,66.64,359.89,512,384,BGR888p,,,,,
247.6465,detections,7396,254.900652,49.3,66.64,359.95,,,,1,62:0.81,,,
247.6939,frame,7397,254.933976,47.43,33.32,374.0,512,384,BGR888p,,,,,
247.694,detections,7397,254.933976,47.43,33.32,374.06,,,,1,62:0.86,,,
247.7399,frame,7398,254.967295,46.01,33.32,386.69,512,384,BGR888p,,,,,
247.7418,detections,7398,254.967295,47.85,33.32,388.61,,,,1,62:0.90,,,
247.7855,frame,7400,255.03394,45.59,66.64,365.63,512,384,BGR888p,,,,,
247.7856,detections,7400,255.03394,43.75,66.64,365.7,,,,1,62:0.86,,,
247.8324,frame,7401,255.067263,46.97,33.32,379.27,512,384,BGR888p,,,,,
247.8326,detections,7401,255.067263,47.03,33.32,379.4,,,,1,62:0.82,,,
247.883,frame,7403,255.133906,50.55,66.64,363.18,512,384,BGR888p,,,,,
247.8831,detections,7403,255.133906,50.48,66.64,363.24,,,,1,62:0.85,,,
247.9295,frame,7404,255.167233,46.48,33.33,376.33,512,384,BGR888p,,,,,
247.9296,detections,7404,255.167233,46.54,33.33,376.45,,,,1,62:0.84,,,
247.9758,frame,7405,255.200548,46.3,33.31,389.31,512,384,BGR888p,,,,,
247.9759,detections,7405,255.200548,46.31,33.31,389.44,,,,1,62:0.83,,,
248.0209,frame,7407,255.267194,45.09,66.65,367.79,512,384,BGR888p,,,,,
248.021,detections,7407,255.267194,45.07,66.65,367.86,,,,1,62:0.84,,,
248.0666,frame,7408,255.300517,45.69,33.32,380.15,512,384,BGR888p,,,,,
248.0666,detections,7408,255.300517,45.66,33.32,380.2,,,,1,62:0.71,,,
248.1135,frame,7410,255.367159,46.9,66.64,360.39,512,384,BGR888p,,,,,
248.1135,detections,7410,255.367159,46.88,66.64,360.44,,,,1,63:0.82,,,
248.1605,frame,7411,255.400485,47.01,33.33,374.06,512,384,BGR888p,,,,,
248.1605,detections,7411,255.400485,47.0,33.33,374.12,,,,1,63:0.82,,,
248.2085,frame,7412,255.433803,48.0,33.32,388.79,512,384,BGR888p,,,,,
248.2086,detections,7412,255.433803,48.06,33.32,388.86,,,,1,63:0.71,,,
248.2523,frame,7414,255.500447,43.88,66.64,365.98,512,384,BGR888p,,,,,
248.2524,detections,7414,255.500447,43.82,66.64,366.04,,,,2,62:0.79 63:0.52,,,
248.2525,system,0,,983.2,,,,,,,,51.41,33.5,16.7
248.2989,frame,7415,255.533769,46.53,33.32,379.19,512,384,BGR888p,,,,,
248.2989,detections,7415,255.533769,46.53,33.32,379.24,,,,1,62:0.78,,,
248.3478,frame,7417,255.600412,48.97,66.64,361.54,512,384,BGR888p,,,,,
248.3479,detections,7417,255.600412,49.0,66.64,361.6,,,,2,62:0.68 62:0.59,,,
248.3947,frame,7418,255.633735,46.86,33.32,375.1,512,384,BGR888p,,,,,
248.3948,detections,7418,255.633735,46.9,33.32,375.17,,,,2,62:0.63 0:0.52,,,
248.4386,frame,7420,255.700377,43.94,66.64,352.36,512,384,BGR888p,,,,,
248.4387,detections,7420,255.700377,43.89,66.64,352.42,,,,3,62:0.85 62:0.60 0:0.51,,,
248.4864,frame,7421,255.7337,47.79,33.32,366.84,512,384,BGR888p,,,,,
248.4865,detections,7421,255.7337,47.82,33.32,366.93,,,,3,62:0.88 63:0.55 63:0.51,,,
248.5325,frame,7422,255.767032,46.1,33.33,379.61,512,384,BGR888p,,,,,
248.5326,detections,7422,255.767032,46.1,33.33,379.69,,,,2,62:0.89 63:0.60,,,
248.5797,frame,7424,255.833666,47.2,66.63,360.17,512,384,BGR888p,,,,,
248.5805,detections,7424,255.833666,47.86,66.63,360.91,,,,3,62:0.85 63:0.54 63:0.52,,,
248.6268,frame,7425,255.866993,47.08,33.33,373.92,512,384,BGR888p,,,,,
248.6269,detections,7425,255.866993,46.39,33.33,373.97,,,,3,62:0.85 63:0.62 63:0.56,,,
248.6718,frame,7426,255.900309,44.96,33.32,385.56,512,384,BGR888p,,,,,
248.6718,detections,7426,255.900309,44.95,33.32,385.6,,,,2,62:0.86 62:0.56,,,
248.7195,frame,7428,255.966957,47.74,66.65,366.66,512,384,BGR888p,,,,,
248.7196,detections,7428,255.966957,47.8,66.65,366.75,,,,2,0:0.73 62:0.67,,,
248.765,frame,7429,256.000276,45.52,33.32,378.87,512,384,BGR888p,,,,,
248.7652,detections,7429,256.000276,45.53,33.32,378.97,,,,2,0:0.63 62:0.59,,,
248.813,frame,7431,256.066918,47.94,66.64,360.18,512,384,BGR888p,,,,,
248.8131,detections,7431,256.066918,47.97,66.64,360.31,,,,2,62:0.73 63:0.59,,,
248.8599,frame,7432,256.100241,46.92,33.32,373.78,512,384,BGR888p,,,,,
248.86,detections,7432,256.100241,46.91,33.32,373.9,,,,2,62:0.76 63:0.53,,,
248.9054,frame,7433,256.133561,45.53,33.32,385.96,512,384,BGR888p,,,,,
248.9055,detections,7433,256.133561,45.48,33.32,386.05,,,,2,62:0.78 63:0.63,,,
248.9509,frame,7435,256.200206,45.48,66.64,364.8,512,384,BGR888p,,,,,
248.9511,detections,7435,256.200206,45.53,66.64,364.94,,,,3,62:0.74 63:0.66 63:0.63,,,
248.9983,frame,7436,256.233529,47.36,33.32,378.83,512,384,BGR888p,,,,,
248.9983,detections,7436,256.233529,47.28,33.32,378.88,,,,3,63:0.79 63:0.75 62:0.71,,,
249.0476,frame,7438,256.300172,49.3,66.64,361.49,512,384,BGR888p,,,,,
249.0477,detections,7438,256.300172,49.32,66.64,361.57,,,,3,62:0.77 63:0.70 63:0.67,,,
249.0956,frame,7439,256.333495,48.0,33.32,376.16,512,384,BGR888p,,,,,
249.0956,detections,7439,256.333495,47.97,33.32,376.22,,,,3,62:0.81 63:0.75 63:0.70,,,
249.1429,frame,7440,256.366815,47.31,33.32,390.15,512,384,BGR888p,,,,,
249.143,detections,7440,256.366815,47.31,33.32,390.21,,,,3,63:0.87 62:0.78 63:0.78,,,
249.1869,frame,7442,256.43346,44.0,66.65,367.51,512,384,BGR888p,,,,,
249.187,detections,7442,256.43346,44.0,66.65,367.57,,,,3,62:0.73 63:0.69 63:0.61,,,
249.2322,frame,7443,256.466783,45.32,33.32,379.51,512,384,BGR888p,,,,,
249.2323,detections,7443,256.466783,45.34,33.32,379.6,,,,3,63:0.72 62:0.66 62:0.61,,,
249.2787,frame,7445,256.533425,46.53,66.64,359.4,512,384,BGR888p,,,,,
249.2788,detections,7445,256.533425,46.53,66.64,359.48,,,,3,63:0.75 62:0.74 63:0.71,,,
249.2789,system,0,,1026.45,,,,,,,,51.63,35.3,17.4
249.3289,frame,7446,256.566747,50.17,33.32,376.25,512,384,BGR888p,,,,,
249.329,detections,7446,256.566747,50.17,33.32,376.33,,,,3,63:0.74 63:0.62 62:0.60,,,
249.375,frame,7447,256.600068,46.08,33.32,389.0,512,384,BGR888p,,,,,
249.3751,detections,7447,256.600068,46.06,33.32,389.07,,,,2,62:0.69 63:0.60,,,
249.4196,frame,7449,256.666715,44.58,66.65,366.95,512,384,BGR888p,,,,,
249.4197,detections,7449,256.666715,44.61,66.65,367.03,,,,1,62:0.62,,,
249.4672,frame,7450,256.700043,47.67,33.33,381.33,512,384,BGR888p,,,,,
249.4674,detections,7450,256.700043,47.71,33.33,381.41,,,,1,62:0.65,,,
249.5144,frame,7452,256.766678,47.17,66.64,361.82,512,384,BGR888p,,,,,
249.5145,detections,7452,256.766678,47.12,66.64,361.9,,,,1,62:0.58,,,
249.5623,frame,7453,256.8,47.88,33.32,376.37,512,384,BGR888p,,,,,
249.5629,detections,7453,256.8,48.4,33.32,376.99,,,,1,62:0.79,,,
249.609,frame,7455,256.866644,46.7,66.64,356.43,512,384,BGR888p,,,,,
249.6091,detections,7455,256.866644,46.17,66.64,356.51,,,,1,62:0.84,,,
249.6559,frame,7456,256.899966,46.89,33.32,370.0,512,384,BGR888p,,,,,
249.656,detections,7456,256.899966,46.89,33.32,370.08,,,,1,62:0.73,,,
249.7015,frame,7457,256.933302,45.59,33.34,382.24,512,384,BGR888p,,,,,
249.7015,detections,7457,256.933302,45.55,33.34,382.28,,,,1,62:0.68,,,
249.7485,frame,7459,256.999931,47.09,66.63,362.7,512,384,BGR888p,,,,,
249.7486,detections,7459,256.999931,47.1,66.63,362.75,,,,1,62:0.76,,,
249.7967,frame,7460,257.033254,48.13,33.32,377.51,512,384,BGR888p,,,,,
249.7967,detections,7460,257.033254,48.13,33.32,377.56,,,,1,62:0.80,,,
249.8436,frame,7462,257.099896,46.95,66.64,357.81,512,384,BGR888p,,,,,
249.8437,detections,7462,257.099896,46.94,66.64,357.85,,,,1,62:0.75,,,
249.889,frame,7463,257.133221,45.38,33.32,369.86,512,384,BGR888p,,,,,
249.8891,detections,7463,257.133221,45.39,33.32,369.93,,,,1,62:0.70,,,
249.9345,frame,7464,257.166547,45.48,33.33,382.02,512,384,BGR888p,,,,,
249.9346,detections,7464,257.166547,45.48,33.33,382.09,,,,1,62:0.76,,,
249.9812,frame,7466,257.233185,46.71,66.64,362.09,512,384,BGR888p,,,,,
249.9814,detections,7466,257.233185,46.81,66.64,362.27,,,,1,63:0.66,,,
250.03,frame,7467,257.266507,48.8,33.32,377.58,512,384,BGR888p,,,,,
250.0301,detections,7467,257.266507,48.72,33.32,377.66,,,,1,63:0.65,,,
250.0772,frame,7469,257.33315,47.21,66.64,358.18,512,384,BGR888p,,,,,
250.0773,detections,7469,257.33315,47.26,66.64,358.28,,,,1,62:0.63,,,
250.1232,frame,7470,257.366474,46.0,33.32,370.81,512,384,BGR888p,,,,,
250.1234,detections,7470,257.366474,46.07,33.32,371.02,,,,1,62:0.62,,,
250.1693,frame,7471,257.399794,46.08,33.32,383.59,512,384,BGR888p,,,,,
250.1694,detections,7471,257.399794,45.97,33.32,383.67,,,,1,63:0.66,,,
250.2156,frame,7473,257.466438,46.28,66.64,363.22,512,384,BGR888p,,,,,
250.2156,detections,7473,257.466438,46.26,66.64,363.29,,,,1,62:0.62,,,
250.2631,frame,7474,257.49976,47.5,33.32,377.39,512,384,BGR888p,,,,,
250.2631,detections,7474,257.49976,47.49,33.32,377.45,,,,1,62:0.64,,,
250.2632,system,0,,984.28,,,,,,,,51.69,34.3,17.0
250.3099,frame,7476,257.566403,46.84,66.64,357.59,512,384,BGR888p,,,,,
250.31,detections,7476,257.566403,46.84,66.64,357.65,,,,1,62:0.74,,,
250.3563,frame,7477,257.599726,46.4,33.32,370.67,512,384,BGR888p,,,,,
250.3564,detections,7477,257.599726,46.4,33.32,370.72,,,,1,62:0.72,,,
250.4024,frame,7478,257.633046,46.06,33.32,383.4,512,384,BGR888p,,,,,
250.4024,detections,7478,257.633046,46.06,33.32,383.46,,,,1,62:0.70,,,
250.4484,frame,7480,257.699691,46.08,66.64,362.84,512,384,BGR888p,,,,,
250.4485,detections,7480,257.699691,46.08,66.64,362.89,,,,1,62:0.83,,,
250.4968,frame,7481,257.733014,48.41,33.32,377.93,512,384,BGR888p,,,,,
250.4969,detections,7481,257.733014,48.41,33.32,377.99,,,,1,62:0.86,,,
250.5434,frame,7483,257.799656,46.6,66.64,357.88,512,384,BGR888p,,,,,
250.5435,detections,7483,257.799656,46.6,66.64,357.94,,,,1,62:0.73,,,
250.5908,frame,7484,257.832979,47.33,33.32,371.88,512,384,BGR888p,,,,,
250.5908,detections,7484,257.832979,47.32,33.32,371.94,,,,1,63:0.66,,,
250.6365,frame,7485,257.8663,45.71,33.32,384.27,512,384,BGR888p,,,,,
250.6366,detections,7485,257.8663,45.71,33.32,384.33,,,,1,62:0.75,,,
250.6836,frame,7487,257.932944,47.08,66.64,364.72,512,384,BGR888p,,,,,
250.6836,detections,7487,257.932944,47.09,66.64,364.77,,,,1,62:0.71,,,
250.7296,frame,7488,257.966267,46.04,33.32,377.42,512,384,BGR888p,,,,,
250.7297,detections,7488,257.966267,46.1,33.32,377.56,,,,1,62:0.68,,,
250.7771,frame,7490,258.032909,47.52,66.64,358.3,512,384,BGR888p,,,,,
250.7781,detections,7490,258.032909,48.34,66.64,359.26,,,,1,62:0.78,,,
250.8233,frame,7491,258.066235,46.14,33.33,371.11,512,384,BGR888p,,,,,
250.8233,detections,7491,258.066235,45.25,33.33,371.17,,,,1,62:0.70,,,
250.869,frame,7492,258.099553,45.73,33.32,383.52,512,384,BGR888p,,,,,
250.8691,detections,7492,258.099553,45.72,33.32,383.57,,,,2,62:0.75 39:0.57,,,
250.9156,frame,7494,258.166198,46.64,66.64,363.52,512,384,BGR888p,,,,,
250.9161,detections,7494,258.166198,47.09,66.64,364.02,,,,1,62:0.81,,,
250.9625,frame,7495,258.19952,46.86,33.32,377.06,512,384,BGR888p,,,,,
250.9626,detections,7495,258.19952,46.43,33.32,377.12,,,,1,62:0.75,,,
251.0093,frame,7497,258.266163,46.83,66.64,357.02,512,384,BGR888p,,,,,
251.0102,detections,7497,258.266163,47.66,66.64,357.92,,,,2,63:0.76 39:0.68,,,
251.0562,frame,7498,258.299485,46.88,33.32,370.62,512,384,BGR888p,,,,,
251.0564,detections,7498,258.299485,46.12,33.32,370.7,,,,2,39:0.78 63:0.69,,,
251.1017,frame,7499,258.332806,45.46,33.32,382.72,512,384,BGR888p,,,,,
251.1017,detections,7499,258.332806,45.39,33.32,382.77,,,,2,39:0.78 63:0.62,,,
251.1483,frame,7501,258.399453,46.65,66.65,362.72,512,384,BGR888p,,,,,
251.1484,detections,7501,258.399453,46.65,66.65,362.78,,,,2,39:0.76 63:0.63,,,
251.1965,frame,7502,258.432775,48.14,33.32,377.54,512,384,BGR888p,,,,,
251.1965,detections,7502,258.432775,48.14,33.32,377.59,,,,2,62:0.77 39:0.62,,,
251.2449,frame,7504,258.499416,48.43,66.64,359.32,512,384,BGR888p,,,,,
251.245,detections,7504,258.499416,48.43,66.64,359.39,,,,2,39:0.74 62:0.62,,,
251.2898,frame,7505,258.532739,44.94,33.32,370.94,512,384,BGR888p,,,,,
251.2899,detections,7505,258.532739,44.94,33.32,371.0,,,,2,62:0.68 39:0.55,,,
251.2899,system,0,,1026.77,,,,,,,,51.63,34.9,17.3
251.3349,frame,7506,258.566059,45.04,33.32,382.66,512,384,BGR888p,,,,,
251.3349,detections,7506,258.566059,45.04,33.32,382.72,,,,3,39:0.82 62:0.66 39:0.61,,,
251.3819,frame,7508,258.632704,47.08,66.64,363.1,512,384,BGR888p,,,,,
251.382,detections,7508,258.632704,47.08,66.64,363.15,,,,1,62:0.61,,,
251.4294,frame,7509,258.666026,47.5,33.32,377.27,512,384,BGR888p,,,,,
251.4295,detections,7509,258.666026,47.5,33.32,377.33,,,,1,62:0.61,,,
251.4764,frame,7511,258.732669,47.0,66.64,357.63,512,384,BGR888p,,,,,
251.4773,detections,7511,258.732669,47.74,66.64,358.43,,,,0,,,,
251.524,frame,7512,258.765993,47.55,33.32,371.84,512,384,BGR888p,,,,,
251.5241,detections,7512,258.765993,46.8,33.32,371.9,,,,0,,,,
251.5694,frame,7513,258.799312,45.37,33.32,383.89,512,384,BGR888p,,,,,
251.5694,detections,7513,258.799312,45.37,33.32,383.95,,,,0,,,,
251.6158,frame,7515,258.865958,46.4,66.65,363.66,512,384,BGR888p,,,,,
251.6158,detections,7515,258.865958,46.41,66.65,363.71,,,,2,39:0.68 41:0.54,,,
251.6629,frame,7516,258.89928,47.18,33.32,377.51,512,384,BGR888p,,,,,
251.663,detections,7516,258.89928,47.18,33.32,377.57,,,,0,,,,
251.7099,frame,7518,258.965922,46.97,66.64,357.84,512,384,BGR888p,,,,,
251.71,detections,7518,258.965922,46.97,66.64,357.9,,,,3,39:0.68 41:0.52 73:0.52,,,
251.7558,frame,7519,258.999247,45.93,33.33,370.45,512,384,BGR888p,,,,,
251.7559,detections,7519,258.999247,45.93,33.33,370.51,,,,2,39:0.65 41:0.52,,,
251.8006,frame,7520,259.032565,44.72,33.32,381.85,512,384,BGR888p,,,,,
251.8006,detections,7520,259.032565,44.72,33.32,381.91,,,,3,39:0.81 39:0.62 41:0.51,,,
251.8473,frame,7522,259.099212,46.72,66.65,361.94,512,384,BGR888p,,,,,
251.8474,detections,7522,259.099212,46.74,66.65,362.0,,,,1,39:0.71,,,
251.8957,frame,7523,259.132533,48.4,33.32,377.0,512,384,BGR888p,,,,,
251.8958,detections,7523,259.132533,48.38,33.32,377.06,,,,3,39:0.78 39:0.54 41:0.50,,,
251.9438,frame,7525,259.199175,48.11,66.64,358.47,512,384,BGR888p,,,,,
251.9439,detections,7525,259.199175,48.11,66.64,358.53,,,,1,39:0.66,,,
251.9897,frame,7526,259.2325,45.92,33.32,371.06,512,384,BGR888p,,,,,
251.9898,detections,7526,259.2325,45.92,33.32,371.12,,,,2,39:0.59 41:0.53,,,
252.0357,frame,7527,259.265818,46.03,33.32,383.79,512,384,BGR888p,,,,,
252.0359,detections,7527,259.265818,46.1,33.32,383.9,,,,2,39:0.64 41:0.51,,,
252.0814,frame,7529,259.332464,45.63,66.65,362.76,512,384,BGR888p,,,,,
252.0814,detections,7529,259.332464,45.56,66.65,362.81,,,,0,,,,
252.1291,frame,7530,259.365785,47.77,33.32,377.19,512,384,BGR888p,,,,,
252.1293,detections,7530,259.365785,47.84,33.32,377.33,,,,4,39:0.71 41:0.64 73:0.52 73:0.52,,,
252.1754,frame,7532,259.432429,46.26,66.64,356.81,512,384,BGR888p,,,,,
252.1755,detections,7532,259.432429,46.19,66.64,356.88,,,,1,39:0.66,,,
252.2224,frame,7533,259.465756,46.97,33.33,370.46,512,384,BGR888p,,,,,
252.2224,detections,7533,259.465756,46.97,33.33,370.52,,,,2,39:0.76 39:0.61,,,
252.2683,frame,7534,259.499072,45.95,33.32,383.09,512,384,BGR888p,,,,,
252.2684,detections,7534,259.499072,45.94,33.32,383.14,,,,1,39:0.62,,,
252.2684,system,0,,978.47,,,,,,,,51.14,34.2,16.8
252.3145,frame,7536,259.565718,46.19,66.65,362.65,512,384,BGR888p,,,,,
252.3146,detections,7536,259.565718,46.21,66.65,362.7,,,,2,41:0.56 28:0.50,,,
252.3623,frame,7537,259.599039,47.83,33.32,377.17,512,384,BGR888p,,,,,
252.3624,detections,7537,259.599039,47.84,33.32,377.22,,,,1,41:0.61,,,
252.4087,frame,7539,259.665682,46.38,66.64,356.89,512,384,BGR888p,,,,,
252.4088,detections,7539,259.665682,46.37,66.64,356.95,,,,2,39:0.57 39:0.52,,,
252.4551,frame,7540,259.699005,46.38,33.32,369.98,512,384,BGR888p,,,,,
252.4552,detections,7540,259.699005,46.43,33.32,370.05,,,,2,39:0.61 39:0.60,,,
252.5009,frame,7541,259.732326,45.85,33.32,382.48,512,384,BGR888p,,,,,
252.501,detections,7541,259.732326,45.81,33.32,382.54,,,,1,39:0.54,,,
252.5483,frame,7543,259.79897,47.34,66.64,363.2,512,384,BGR888p,,,,,
252.5484,detections,7543,259.79897,47.36,66.64,363.25,,,,1,39:0.52,,,
252.5954,frame,7544,259.832292,47.07,33.32,376.93,512,384,BGR888p,,,,,
252.5954,detections,7544,259.832292,47.05,33.32,376.98,,,,1,39:0.50,,,
252.6435,frame,7546,259.898935,48.17,66.64,358.47,512,384,BGR888p,,,,,
252.6436,detections,7546,259.898935,48.19,66.64,358.53,,,,2,39:0.53 71:0.51,,,
252.6888,frame,7547,259.932258,45.25,33.32,370.42,512,384,BGR888p,,,,,
252.6889,detections,7547,259.932258,45.29,33.32,370.49,,,,3,39:0.52 65:0.52 71:0.50,,,
252.7336,frame,7548,259.965578,44.77,33.32,381.82,512,384,BGR888p,,,,,
252.7336,detections,7548,259.965578,44.7,33.32,381.87,,,,1,71:0.58,,,
252.7815,frame,7550,260.032224,47.97,66.65,363.16,512,384,BGR888p,,,,,
252.7816,detections,7550,260.032224,48.0,66.65,363.22,,,,3,39:0.53 62:0.52 71:0.51,,,
252.8293,frame,7551,260.065546,47.77,33.32,377.6,512,384,BGR888p,,,,,
252.8294,detections,7551,260.065546,47.75,33.32,377.65,,,,2,39:0.62 71:0.51,,,
252.876,frame,7553,260.132188,46.74,66.64,357.7,512,384,BGR888p,,,,,
252.8767,detections,7553,260.132188,47.33,66.64,358.35,,,,2,56:0.62 71:0.51,,,
252.924,frame,7554,260.165512,47.92,33.32,372.29,512,384,BGR888p,,,,,
252.924,detections,7554,260.165512,47.33,33.32,372.34,,,,1,56:0.78,,,
252.9698,frame,7555,260.198832,45.85,33.32,384.83,512,384,BGR888p,,,,,
252.9699,detections,7555,260.198832,45.86,33.32,384.89,,,,2,56:0.83 39:0.57,,,
253.0153,frame,7557,260.265477,45.5,66.64,363.68,512,384,BGR888p,,,,,
253.0154,detections,7557,260.265477,45.49,66.64,363.73,,,,1,39:0.52,,,
253.0628,frame,7558,260.2988,47.5,33.32,377.85,512,384,BGR888p,,,,,
253.0629,detections,7558,260.2988,47.54,33.32,377.96,,,,1,56:0.77,,,
253.1096,frame,7560,260.365441,46.79,66.64,358.01,512,384,BGR888p,,,,,
253.1105,detections,7560,260.365441,47.6,66.64,358.92,,,,1,56:0.77,,,
253.1566,frame,7561,260.398766,47.03,33.33,371.72,512,384,BGR888p,,,,,
253.1567,detections,7561,260.398766,46.19,33.33,371.78,,,,1,56:0.66,,,
253.2025,frame,7562,260.432084,45.91,33.32,384.31,512,384,BGR888p,,,,,
253.2026,detections,7562,260.432084,45.91,33.32,384.37,,,,1,56:0.71,,,
253.2494,frame,7564,260.49873,46.83,66.65,364.5,512,384,BGR888p,,,,,
253.2494,detections,7564,260.49873,46.83,66.65,364.55,,,,1,56:0.65,,,
253.2968,frame,7565,260.532052,47.39,33.32,378.56,512,384,BGR888p,,,,,
253.2968,detections,7565,260.532052,47.39,33.32,378.62,,,,1,56:0.81,,,
253.2969,system,0,,1028.46,,,,,,,,51.52,34.4,16.9
253.3454,frame,7567,260.598695,48.64,66.64,360.56,512,384,BGR888p,,,,,
253.3455,detections,7567,260.598695,48.64,66.64,360.62,,,,3,56:0.73 39:0.70 56:0.56,,,
253.392,frame,7568,260.632025,46.55,33.33,373.78,512,384,BGR888p,,,,,
253.392,detections,7568,260.632025,46.55,33.33,373.84,,,,2,56:0.83 39:0.75,,,
253.4369,frame,7569,260.665338,44.91,33.31,385.38,512,384,BGR888p,,,,,
253.4369,detections,7569,260.665338,44.91,33.31,385.44,,,,3,56:0.84 39:0.64 24:0.57,,,
253.4841,frame,7571,260.731983,47.21,66.64,365.93,512,384,BGR888p,,,,,
253.4841,detections,7571,260.731983,47.19,66.64,365.98,,,,4,24:0.64 56:0.59 39:0.55 62:0.50,,,
253.5315,frame,7572,260.765305,47.42,33.32,380.04,512,384,BGR888p,,,,,
253.5316,detections,7572,260.765305,47.43,33.32,380.1,,,,2,56:0.68 24:0.64,,,
253.5793,frame,7574,260.831948,47.81,66.64,361.19,512,384,BGR888p,,,,,
253.5794,detections,7574,260.831948,47.79,66.64,361.24,,,,2,56:0.73 24:0.63,,,
253.6261,frame,7575,260.865271,46.79,33.32,374.66,512,384,BGR888p,,,,,
253.6261,detections,7575,260.865271,46.79,33.32,374.71,,,,1,24:0.64,,,
253.6738,frame,7576,260.898591,47.7,33.32,389.04,512,384,BGR888p,,,,,
253.6738,detections,7576,260.898591,47.7,33.32,389.09,,,,1,28:0.60,,,
253.7175,frame,7578,260.965236,43.77,66.64,366.17,512,384,BGR888p,,,,,
253.7176,detections,7578,260.965236,43.79,66.64,366.24,,,,2,62:0.59 28:0.51,,,
253.764,frame,7579,260.998559,46.49,33.32,379.35,512,384,BGR888p,,,,,
253.7641,detections,7579,260.998559,46.52,33.32,379.43,,,,3,56:0.82 62:0.57 56:0.51,,,
253.8139,frame,7581,261.065201,49.89,66.64,362.59,512,384,BGR888p,,,,,
253.814,detections,7581,261.065201,49.86,66.64,362.64,,,,3,56:0.77 24:0.52 56:0.52,,,
253.8594,frame,7582,261.098524,45.5,33.32,374.76,512,384,BGR888p,,,,,
253.8595,detections,7582,261.098524,45.5,33.32,374.82,,,,1,24:0.61,,,
253.9075,frame,7583,261.131845,48.08,33.32,389.53,512,384,BGR888p,,,,,
253.9076,detections,7583,261.131845,48.09,33.32,389.59,,,,1,56:0.59,,,
253.9543,frame,7585,261.198489,46.81,66.64,369.69,512,384,BGR888p,,,,,
253.9544,detections,7585,261.198489,46.8,66.64,369.74,,,,0,,,,
253.9996,frame,7586,261.231812,45.26,33.32,381.62,512,384,BGR888p,,,,,
253.9997,detections,7586,261.231812,45.27,33.32,381.69,,,,0,,,,
254.0466,frame,7588,261.298455,47.02,66.64,362.02,512,384,BGR888p,,,,,
254.0467,detections,7588,261.298455,47.04,66.64,362.08,,,,0,,,,
254.0951,frame,7589,261.331779,48.47,33.32,377.19,512,384,BGR888p,,,,,
254.0952,detections,7589,261.331779,48.55,33.32,377.31,,,,1,62:0.51,,,
254.1422,frame,7590,261.365097,47.14,33.32,390.99,512,384,BGR888p,,,,,
254.1423,detections,7590,261.365097,47.1,33.32,391.11,,,,1,67:0.52,,,
254.1886,frame,7592,261.431745,46.39,66.65,370.77,512,384,BGR888p,,,,,
254.1887,detections,7592,261.431745,46.39,66.65,370.83,,,,1,56:0.69,,,
254.2346,frame,7593,261.465072,46.0,33.33,383.39,512,384,BGR888p,,,,,
254.2347,detections,7593,261.465072,45.95,33.33,383.45,,,,1,56:0.60,,,
254.2813,frame,7595,261.531708,46.69,66.64,363.47,512,384,BGR888p,,,,,
254.2814,detections,7595,261.531708,46.71,66.64,363.52,,,,0,,,,
254.2814,system,0,,984.55,,,,,,,,51.74,34.6,16.9
254.3289,frame,7596,261.565031,47.58,33.32,377.7,512,384,BGR888p,,,,,
254.329,detections,7596,261.565031,47.56,33.32,377.76,,,,2,56:0.69 24:0.55,,,
254.3752,frame,7598,261.631673,46.34,66.64,357.43,512,384,BGR888p,,,,,
254.3753,detections,7598,261.631673,46.39,66.64,357.5,,,,1,56:0.55,,,
254.4215,frame,7599,261.664996,46.25,33.32,370.33,512,384,BGR888p,,,,,
254.4222,detections,7599,261.664996,46.83,33.32,371.02,,,,3,56:0.60 67:0.55 24:0.52,,,
254.4676,frame,7600,261.69832,46.1,33.32,383.11,512,384,BGR888p,,,,,
254.4677,detections,7600,261.69832,45.48,33.32,383.17,,,,1,56:0.56,,,
254.5142,frame,7602,261.764961,46.68,66.64,363.15,512,384,BGR888p,,,,,
254.5143,detections,7602,261.764961,46.68,66.64,363.2,,,,1,56:0.60,,,
254.5617,frame,7603,261.798284,47.43,33.32,377.25,512,384,BGR888p,,,,,
254.5624,detections,7603,261.798284,48.07,33.32,377.96,,,,3,56:0.77 62:0.59 67:0.51,,,
254.6096,frame,7605,261.864926,47.89,66.64,358.52,512,384,BGR888p,,,,,
254.6097,detections,7605,261.864926,47.26,66.64,358.57,,,,1,56:0.83,,,
254.6569,frame,7606,261.89825,47.3,33.32,372.49,512,384,BGR888p,,,,,
254.657,detections,7606,261.89825,47.3,33.32,372.55,,,,2,56:0.80 62:0.59,,,
254.7029,frame,7607,261.931569,45.98,33.32,385.14,512,384,BGR888p,,,,,
254.7029,detections,7607,261.931569,45.97,33.32,385.2,,,,2,56:0.77 62:0.59,,,
254.7496,frame,7609,261.998215,46.78,66.65,365.3,512,384,BGR888p,,,,,
254.7498,detections,7609,261.998215,46.84,66.65,365.41,,,,2,56:0.76 24:0.50,,,
254.7968,frame,7610,262.031537,47.2,33.32,379.16,512,384,BGR888p,,,,,
254.7969,detections,7610,262.031537,47.15,33.32,379.22,,,,2,56:0.82 24:0.61,,,
254.847,frame,7612,262.098179,50.13,66.64,362.65,512,384,BGR888p,,,,,
254.847,detections,7612,262.098179,50.13,66.64,362.7,,,,3,56:0.60 24:0.55 62:0.50,,,
254.8923,frame,7613,262.131502,45.35,33.32,374.69,512,384,BGR888p,,,,,
254.8924,detections,7613,262.131502,45.37,33.32,374.75,,,,2,56:0.73 0:0.57,,,
254.9403,frame,7614,262.164823,47.94,33.32,389.33,512,384,BGR888p,,,,,
254.9404,detections,7614,262.164823,47.96,33.32,389.38,,,,1,24:0.66,,,
254.9846,frame,7616,262.231468,44.33,66.64,366.98,512,384,BGR888p,,,,,
254.9847,detections,7616,262.231468,44.29,66.64,367.03,,,,2,56:0.85 24:0.53,,,
255.0308,frame,7617,262.26479,46.17,33.32,379.82,512,384,BGR888p,,,,,
255.0308,detections,7617,262.26479,46.17,33.32,379.88,,,,2,56:0.78 24:0.59,,,
255.0777,frame,7619,262.331433,46.92,66.64,360.08,512,384,BGR888p,,,,,
255.0777,detections,7619,262.331433,46.9,66.64,360.13,,,,1,56:0.77,,,
255.1264,frame,7620,262.364756,48.73,33.32,375.5,512,384,BGR888p,,,,,
255.1265,detections,7620,262.364756,48.8,33.32,375.62,,,,2,56:0.75 24:0.55,,,
255.1741,frame,7621,262.398076,47.74,33.32,389.92,512,384,BGR888p,,,,,
255.1742,detections,7621,262.398076,47.68,33.32,389.98,,,,3,56:0.83 74:0.61 24:0.53,,,
255.2209,frame,7623,262.464723,46.75,66.65,370.02,512,384,BGR888p,,,,,
255.221,detections,7623,262.464723,46.75,66.65,370.08,,,,2,56:0.85 24:0.66,,,
255.2671,frame,7624,262.498051,46.21,33.33,382.94,512,384,BGR888p,,,,,
255.2672,detections,7624,262.498051,46.23,33.33,382.99,,,,2,56:0.82 24:0.66,,,
255.2673,system,0,,985.84,,,,,,,,51.41,33.9,16.7
255.3137,frame,7626,262.564686,46.6,66.64,362.86,512,384,BGR888p,,,,,
255.3138,detections,7626,262.564686,46.57,66.64,362.92,,,,4,56:0.79 24:0.56 62:0.51 67:0.50,,,
255.3621,frame,7627,262.59801,48.42,33.32,377.97,512,384,BGR888p,,,,,
255.3622,detections,7627,262.59801,48.43,33.32,378.03,,,,5,56:0.82 62:0.64 67:0.58 24:0.57 74:0.50,,,
255.4088,frame,7629,262.664651,46.69,66.64,358.02,512,384,BGR888p,,,,,
255.4089,detections,7629,262.664651,46.69,66.64,358.08,,,,4,56:0.85 62:0.66 24:0.63 65:0.53,,,
255.4559,frame,7630,262.697975,47.09,33.32,371.79,512,384,BGR888p,,,,,
255.456,detections,7630,262.697975,47.11,33.32,371.86,,,,4,56:0.86 62:0.70 24:0.62 65:0.52,,,
255.5008,frame,7631,262.731301,44.93,33.33,383.39,512,384,BGR888p,,,,,
255.5009,detections,7631,262.731301,44.92,33.33,383.45,,,,3,56:0.82 62:0.70 24:0.52,,,
255.5473,frame,7633,262.79794,46.51,66.64,363.27,512,384,BGR888p,,,,,
255.5474,detections,7633,262.79794,46.51,66.64,363.32,,,,3,56:0.85 62:0.52 65:0.51,,,
255.5947,frame,7634,262.831262,47.35,33.32,377.3,512,384,BGR888p,,,,,
255.5948,detections,7634,262.831262,47.35,33.32,377.35,,,,1,56:0.86,,,
255.6417,frame,7636,262.897905,47.03,66.64,357.68,512,384,BGR888p,,,,,
255.6418,detections,7636,262.897905,47.03,66.64,357.74,,,,2,56:0.88 67:0.52,,,
255.6888,frame,7637,262.93123,47.09,33.33,371.45,512,384,BGR888p,,,,,
255.6889,detections,7637,262.93123,47.09,33.33,371.51,,,,3,56:0.86 24:0.55 74:0.51,,,
255.7348,frame,7638,262.964548,46.0,33.32,384.14,512,384,BGR888p,,,,,
255.7349,detections,7638,262.964548,46.03,33.32,384.22,,,,2,56:0.90 24:0.59,,,
255.7813,frame,7640,263.031193,46.52,66.64,364.0,512,384,BGR888p,,,,,
255.7814,detections,7640,263.031193,46.49,66.64,364.06,,,,3,56:0.86 24:0.56 74:0.50,,,
255.8279,frame,7641,263.064515,46.52,33.32,377.2,512,384,BGR888p,,,,,
255.8279,detections,7641,263.064515,46.52,33.32,377.26,,,,2,56:0.87 24:0.58,,,
255.8752,frame,7643,263.131159,47.32,66.64,357.87,512,384,BGR888p,,,,,
255.8763,detections,7643,263.131159,48.36,66.64,358.98,,,,3,56:0.80 24:0.54 72:0.50,,,
255.9217,frame,7644,263.164482,46.47,33.32,371.02,512,384,BGR888p,,,,,
255.9227,detections,7644,263.164482,46.36,33.32,372.02,,,,3,56:0.72 24:0.52 74:0.50,,,
255.9677,frame,7645,263.197801,46.0,33.32,383.71,512,384,BGR888p,,,,,
255.9677,detections,7645,263.197801,45.08,33.32,383.78,,,,1,56:0.72,,,
256.014,frame,7647,263.264446,46.31,66.64,363.37,512,384,BGR888p,,,,,
256.014,detections,7647,263.264446,46.31,66.64,363.44,,,,3,56:0.80 24:0.65 62:0.52,,,
256.0618,frame,7648,263.297775,47.83,33.33,377.89,512,384,BGR888p,,,,,
256.0619,detections,7648,263.297775,47.85,33.33,377.97,,,,2,56:0.85 24:0.55,,,
256.1103,frame,7650,263.364412,48.46,66.64,359.71,512,384,BGR888p,,,,,
256.1104,detections,7650,263.364412,48.46,66.64,359.79,,,,2,56:0.85 56:0.53,,,
256.1577,frame,7651,263.397735,47.42,33.32,373.81,512,384,BGR888p,,,,,
256.1578,detections,7651,263.397735,47.48,33.32,373.95,,,,1,56:0.74,,,
256.2018,frame,7652,263.431056,44.16,33.32,384.65,512,384,BGR888p,,,,,
256.2019,detections,7652,263.431056,44.09,33.32,384.72,,,,2,56:0.84 24:0.52,,,
256.2487,frame,7654,263.4977,46.83,66.64,364.84,512,384,BGR888p,,,,,
256.2488,detections,7654,263.4977,46.84,66.64,364.93,,,,1,56:0.85,,,
256.2959,frame,7655,263.531023,47.2,33.32,378.72,512,384,BGR888p,,,,,
256.296,detections,7655,263.531023,47.2,33.32,378.8,,,,1,56:0.86,,,
256.296,system,0,,1028.77,,,,,,,,51.58,35.0,17.4
256.3438,frame,7657,263.597665,47.96,66.64,360.04,512,384,BGR888p,,,,,
256.3439,detections,7657,263.597665,47.97,66.64,360.12,,,,3,56:0.80 62:0.56 24:0.51,,,
256.3915,frame,7658,263.63099,47.65,33.32,374.36,512,384,BGR888p,,,,,
256.3916,detections,7658,263.63099,47.62,33.32,374.41,,,,3,56:0.79 62:0.57 24:0.51,,,
256.4398,frame,7659,263.664308,48.33,33.32,389.37,512,384,BGR888p,,,,,
256.4399,detections,7659,263.664308,48.33,33.32,389.42,,,,2,56:0.82 62:0.60,,,
256.4875,frame,7661,263.730953,47.74,66.64,370.46,512,384,BGR888p,,,,,
256.4876,detections,7661,263.730953,47.74,66.64,370.51,,,,2,56:0.76 24:0.56,,,
256.532,frame,7662,263.764276,44.42,33.32,381.55,512,384,BGR888p,,,,,
256.532,detections,7662,263.764276,44.42,33.32,381.61,,,,3,56:0.80 62:0.57 24:0.53,,,
256.5796,frame,7664,263.830918,47.66,66.64,362.59,512,384,BGR888p,,,,,
256.5797,detections,7664,263.830918,47.69,66.64,362.67,,,,3,56:0.83 24:0.57 62:0.56,,,
256.6283,frame,7665,263.86424,48.7,33.32,377.97,512,384,BGR888p,,,,,
256.6284,detections,7665,263.86424,48.7,33.32,378.05,,,,3,56:0.86 62:0.55 24:0.55,,,
256.674,frame,7666,263.897561,45.71,33.32,390.37,512,384,BGR888p,,,,,
256.6747,detections,7666,263.897561,46.3,33.32,391.07,,,,3,56:0.86 24:0.55 62:0.52,,,
256.7205,frame,7668,263.964206,46.47,66.64,370.2,512,384,BGR888p,,,,,
256.7206,detections,7668,263.964206,45.89,66.64,370.28,,,,3,56:0.88 62:0.60 24:0.52,,,
256.7671,frame,7669,263.997528,46.56,33.32,383.42,512,384,BGR888p,,,,,
256.7672,detections,7669,263.997528,46.54,33.32,383.5,,,,3,56:0.89 24:0.64 62:0.51,,,
256.8132,frame,7671,264.064171,46.13,66.64,362.89,512,384,BGR888p,,,,,
256.8133,detections,7671,264.064171,46.11,66.64,362.96,,,,3,56:0.80 74:0.62 62:0.54,,,
256.8609,frame,7672,264.097494,47.74,33.32,377.31,512,384,BGR888p,,,,,
256.861,detections,7672,264.097494,47.74,33.32,377.37,,,,4,56:0.88 74:0.62 62:0.52 24:0.51,,,
256.9081,frame,7674,264.164136,47.17,66.64,357.84,512,384,BGR888p,,,,,
256.9088,detections,7674,264.164136,47.75,66.64,358.49,,,,3,56:0.87 56:0.51 24:0.50,,,
256.954,frame,7675,264.197461,45.86,33.32,370.38,512,384,BGR888p,,,,,
256.9541,detections,7675,264.197461,45.31,33.32,370.46,,,,2,56:0.88 24:0.54,,,
256.9998,frame,7676,264.23078,45.84,33.32,382.88,512,384,BGR888p,,,,,
256.9999,detections,7676,264.23078,45.8,33.32,382.93,,,,1,56:0.81,,,
257.0463,frame,7678,264.297425,46.47,66.64,362.72,512,384,BGR888p,,,,,
257.0464,detections,7678,264.297425,46.5,66.64,362.8,,,,1,56:0.86,,,
257.0944,frame,7679,264.330748,48.1,33.32,377.49,512,384,BGR888p,,,,,
257.0945,detections,7679,264.330748,48.08,33.32,377.54,,,,2,56:0.85 56:0.72,,,
257.1414,frame,7681,264.39739,47.05,66.64,357.91,512,384,BGR888p,,,,,
257.1422,detections,7681,264.39739,47.79,66.64,358.71,,,,2,56:0.88 24:0.55,,,
257.1891,frame,7682,264.430713,47.61,33.32,372.2,512,384,BGR888p,,,,,
257.1892,detections,7682,264.430713,46.94,33.32,372.31,,,,2,56:0.82 24:0.51,,,
257.2344,frame,7683,264.464033,45.34,33.32,384.25,512,384,BGR888p,,,,,
257.2345,detections,7683,264.464033,45.35,33.32,384.36,,,,1,24:0.53,,,
257.2806,frame,7685,264.530678,46.19,66.65,363.77,512,384,BGR888p,,,,,
257.2807,detections,7685,264.530678,46.14,66.65,363.83,,,,1,24:0.60,,,
257.2807,system,0,,984.67,,,,,,,,51.63,34.7,17.1
257.3279,frame,7686,264.564001,47.31,33.32,377.76,512,384,BGR888p,,,,,
257.328,detections,7686,264.564001,47.31,33.32,377.82,,,,1,24:0.56,,,
257.3757,frame,7688,264.630643,47.78,66.64,358.9,512,384,BGR888p,,,,,
257.3758,detections,7688,264.630643,47.78,66.64,358.95,,,,0,,,,
257.4214,frame,7689,264.663967,45.68,33.32,371.25,512,384,BGR888p,,,,,
257.4215,detections,7689,264.663967,45.78,33.32,371.41,,,,1,0:0.57,,,
257.4669,frame,7690,264.697287,45.55,33.32,383.49,512,384,BGR888p,,,,,
257.467,detections,7690,264.697287,45.45,33.32,383.53,,,,1,0:0.61,,,
257.5144,frame,7692,264.763933,47.45,66.65,364.28,512,384,BGR888p,,,,,
257.5144,detections,7692,264.763933,47.45,66.65,364.34,,,,1,0:0.58,,,
257.5608,frame,7693,264.797254,46.43,33.32,377.39,512,384,BGR888p,,,,,
257.5609,detections,7693,264.797254,46.42,33.32,377.44,,,,1,0:0.71,,,
257.6094,frame,7695,264.863896,48.57,66.64,359.32,512,384,BGR888p,,,,,
257.6094,detections,7695,264.863896,48.58,66.64,359.38,,,,2,56:0.72 24:0.62,,,
257.656,frame,7696,264.897221,46.67,33.32,372.67,512,384,BGR888p,,,,,
257.6561,detections,7696,264.897221,46.67,33.32,372.73,,,,2,56:0.87 24:0.65,,,
257.7011,frame,7697,264.930539,45.02,33.32,384.37,512,384,BGR888p,,,,,
257.7011,detections,7697,264.930539,45.01,33.32,384.42,,,,2,56:0.86 24:0.54,,,
257.7479,frame,7699,264.997184,46.86,66.64,364.58,512,384,BGR888p,,,,,
257.748,detections,7699,264.997184,46.86,66.64,364.63,,,,2,56:0.89 24:0.57,,,
257.7948,frame,7700,265.030506,46.86,33.32,378.13,512,384,BGR888p,,,,,
257.7948,detections,7700,265.030506,46.87,33.32,378.18,,,,2,56:0.87 24:0.62,,,
257.8433,frame,7702,265.097149,48.56,66.64,360.05,512,384,BGR888p,,,,,
257.8434,detections,7702,265.097149,48.57,66.64,360.1,,,,2,56:0.89 24:0.55,,,
257.8886,frame,7703,265.130472,45.25,33.32,371.97,512,384,BGR888p,,,,,
257.8887,detections,7703,265.130472,45.25,33.32,372.03,,,,2,56:0.83 24:0.60,,,
257.9348,frame,7704,265.163792,46.19,33.32,384.84,512,384,BGR888p,,,,,
257.9349,detections,7704,265.163792,46.19,33.32,384.9,,,,3,56:0.87 0:0.61 24:0.54,,,
257.9809,frame,7706,265.230437,46.13,66.64,364.32,512,384,BGR888p,,,,,
257.981,detections,7706,265.230437,46.13,66.64,364.38,,,,3,56:0.90 24:0.57 0:0.56,,,
258.0274,frame,7707,265.26376,46.46,33.32,377.45,512,384,BGR888p,,,,,
258.0274,detections,7707,265.26376,46.45,33.32,377.51,,,,2,56:0.89 24:0.50,,,
258.0739,frame,7709,265.330403,46.52,66.64,357.33,512,384,BGR888p,,,,,
258.0746,detections,7709,265.330403,47.19,66.64,358.06,,,,2,56:0.89 24:0.57,,,
258.121,frame,7710,265.363725,47.14,33.32,371.15,512,384,BGR888p,,,,,
258.1211,detections,7710,265.363725,46.47,33.32,371.21,,,,2,56:0.90 24:0.56,,,
258.1663,frame,7711,265.397046,45.29,33.32,383.12,512,384,BGR888p,,,,,
258.1664,detections,7711,265.397046,45.3,33.32,383.19,,,,2,56:0.89 24:0.51,,,
258.2131,frame,7713,265.463691,46.76,66.64,363.24,512,384,BGR888p,,,,,
258.2132,detections,7713,265.463691,46.8,66.64,363.35,,,,2,56:0.89 24:0.53,,,
258.2612,frame,7714,265.497016,48.11,33.32,378.02,512,384,BGR888p,,,,,
258.2613,detections,7714,265.497016,48.07,33.32,378.09,,,,2,56:0.89 24:0.55,,,
258.2613,system,0,,980.6,,,,,,,,51.58,34.2,16.0
258.3085,frame,7716,265.563656,47.29,66.64,358.67,512,384,BGR888p,,,,,
258.3092,detections,7716,265.563656,47.92,66.64,359.39,,,,1,0:0.64,,,
258.3562,frame,7717,265.596979,47.77,33.32,373.12,512,384,BGR888p,,,,,
258.3563,detections,7717,265.596979,47.12,33.32,373.17,,,,1,0:0.79,,,
258.4008,frame,7718,265.630299,44.57,33.32,384.38,512,384,BGR888p,,,,,
258.4009,detections,7718,265.630299,44.59,33.32,384.45,,,,1,0:0.60,,,
258.4474,frame,7720,265.696944,46.57,66.64,364.31,512,384,BGR888p,,,,,
258.4475,detections,7720,265.696944,46.58,66.64,364.39,,,,2,56:0.81 0:0.54,,,
258.4938,frame,7721,265.730266,46.41,33.32,377.4,512,384,BGR888p,,,,,
258.4939,detections,7721,265.730266,46.41,33.32,377.48,,,,0,,,,
258.5431,frame,7723,265.796909,49.28,66.64,360.03,512,384,BGR888p,,,,,
258.5432,detections,7723,265.796909,49.28,66.64,360.11,,,,2,56:0.91 24:0.52,,,
258.589,frame,7724,265.830232,45.93,33.32,372.63,512,384,BGR888p,,,,,
258.5896,detections,7724,265.830232,46.43,33.32,373.22,,,,2,56:0.89 24:0.53,,,
258.6339,frame,7725,265.863552,44.94,33.32,384.25,512,384,BGR888p,,,,,
258.634,detections,7725,265.863552,44.41,33.32,384.3,,,,1,56:0.90,,,
258.6795,frame,7727,265.930198,45.61,66.65,363.19,512,384,BGR888p,,,,,
258.6796,detections,7727,265.930198,45.59,66.65,363.24,,,,1,56:0.93,,,
258.7273,frame,7728,265.96352,47.77,33.32,377.65,512,384,BGR888p,,,,,
258.7274,detections,7728,265.96352,47.79,33.32,377.71,,,,2,56:0.88 24:0.53,,,
258.7741,frame,7730,266.030162,46.77,66.64,357.78,512,384,BGR888p,,,,,
258.7747,detections,7730,266.030162,47.34,66.64,358.41,,,,2,56:0.91 24:0.56,,,
258.8208,frame,7731,266.063485,46.73,33.32,371.17,512,384,BGR888p,,,,,
258.8209,detections,7731,266.063485,46.21,33.32,371.3,,,,2,56:0.93 24:0.54,,,
258.8668,frame,7732,266.096805,46.01,33.32,383.88,512,384,BGR888p,,,,,
258.8669,detections,7732,266.096805,45.97,33.32,383.95,,,,3,56:0.94 74:0.52 24:0.51,,,
258.9138,frame,7734,266.16345,46.94,66.64,363.74,512,384,BGR888p,,,,,
258.9138,detections,7734,266.16345,46.93,66.64,363.81,,,,2,56:0.92 24:0.55,,,
258.9608,frame,7735,266.196773,47.01,33.32,377.44,512,384,BGR888p,,,,,
258.9609,detections,7735,266.196773,47.04,33.32,377.53,,,,3,56:0.91 74:0.59 24:0.53,,,
259.0094,frame,7737,266.263415,48.64,66.64,359.45,512,384,BGR888p,,,,,
259.0095,detections,7737,266.263415,48.64,66.64,359.53,,,,2,56:0.90 74:0.67,,,
259.0555,frame,7738,266.296738,46.1,33.32,372.22,512,384,BGR888p,,,,,
259.056,detections,7738,266.296738,46.51,33.32,372.72,,,,2,56:0.92 74:0.54,,,
259.1008,frame,7739,266.330059,45.27,33.32,384.17,512,384,BGR888p,,,,,
259.1009,detections,7739,266.330059,44.86,33.32,384.25,,,,2,56:0.92 74:0.60,,,
259.1468,frame,7741,266.396704,46.05,66.64,363.57,512,384,BGR888p,,,,,
259.1469,detections,7741,266.396704,46.05,66.64,363.66,,,,3,56:0.92 24:0.52 74:0.51,,,
259.1937,frame,7742,266.430027,46.84,33.32,377.09,512,384,BGR888p,,,,,
259.1938,detections,7742,266.430027,46.84,33.32,377.17,,,,3,56:0.90 74:0.53 24:0.51,,,
259.2421,frame,7744,266.496669,48.41,66.64,358.86,512,384,BGR888p,,,,,
259.2422,detections,7744,266.496669,48.47,66.64,359.01,,,,2,56:0.93 24:0.52,,,
259.2872,frame,7745,266.529992,45.11,33.32,370.65,512,384,BGR888p,,,,,
259.2873,detections,7745,266.529992,45.09,33.32,370.79,,,,2,56:0.93 24:0.56,,,
259.2874,system,0,,1026.11,,,,,,,,51.52,35.3,17.5
259.3335,frame,7746,266.563312,46.29,33.32,383.61,512,384,BGR888p,,,,,
259.3336,detections,7746,266.563312,46.23,33.32,383.68,,,,2,56:0.93 24:0.52,,,
259.3807,frame,7748,266.629957,47.26,66.64,364.23,512,384,BGR888p,,,,,
259.3808,detections,7748,266.629957,47.26,66.64,364.28,,,,3,56:0.91 74:0.55 24:0.51,,,
259.4272,frame,7749,266.66328,46.45,33.32,377.34,512,384,BGR888p,,,,,
259.4273,detections,7749,266.66328,46.44,33.32,377.4,,,,2,56:0.88 74:0.60,,,
259.4748,frame,7751,266.729922,47.64,66.64,358.35,512,384,BGR888p,,,,,
259.4758,detections,7751,266.729922,48.52,66.64,359.28,,,,2,56:0.88 74:0.51,,,
259.522,frame,7752,266.763245,47.2,33.32,372.23,512,384,BGR888p,,,,,
259.5233,detections,7752,266.763245,47.49,33.32,373.47,,,,2,56:0.90 74:0.60,,,
259.5673,frame,7753,266.796565,45.29,33.32,384.2,512,384,BGR888p,,,,,
259.5674,detections,7753,266.796565,44.15,33.32,384.28,,,,3,56:0.89 74:0.57 24:0.54,,,
259.6138,frame,7755,266.86321,46.49,66.64,364.04,512,384,BGR888p,,,,,
259.6139,detections,7755,266.86321,46.48,66.64,364.12,,,,2,56:0.88 74:0.57,,,
259.6611,frame,7756,266.896533,47.3,33.32,378.03,512,384,BGR888p,,,,,
259.6612,detections,7756,266.896533,47.32,33.32,378.12,,,,2,56:0.88 74:0.64,,,
259.7102,frame,7758,266.963175,49.03,66.64,360.42,512,384,BGR888p,,,,,
259.7108,detections,7758,266.963175,49.55,66.64,361.02,,,,2,56:0.88 74:0.69,,,
259.7567,frame,7759,266.996498,46.52,33.32,373.61,512,384,BGR888p,,,,,
259.7575,detections,7759,266.996498,46.69,33.32,374.38,,,,3,56:0.87 74:0.66 24:0.51,,,
259.805,frame,7760,267.029818,48.35,33.32,388.65,512,384,BGR888p,,,,,
259.8051,detections,7760,267.029818,47.67,33.32,388.73,,,,3,56:0.89 74:0.60 24:0.50,,,
259.8492,frame,7762,267.096464,44.17,66.65,366.17,512,384,BGR888p,,,,,
259.8493,detections,7762,267.096464,44.15,66.65,366.23,,,,2,56:0.87 74:0.66,,,
259.8947,frame,7763,267.129786,45.55,33.32,378.39,512,384,BGR888p,,,,,
259.8948,detections,7763,267.129786,45.55,33.32,378.45,,,,2,56:0.90 74:0.67,,,
259.9436,frame,7765,267.196429,48.88,66.64,360.63,512,384,BGR888p,,,,,
259.9437,detections,7765,267.196429,48.88,66.64,360.69,,,,2,56:0.93 74:0.53,,,
259.9898,frame,7766,267.229752,46.16,33.32,373.47,512,384,BGR888p,,,,,
259.9905,detections,7766,267.229752,46.78,33.32,374.15,,,,2,56:0.93 74:0.65,,,
260.0364,frame,7767,267.263071,46.61,33.32,386.75,512,384,BGR888p,,,,,
260.0384,detections,7767,267.263071,47.9,33.32,388.73,,,,2,56:0.91 74:0.62,,,
260.0823,frame,7769,267.329717,45.89,66.65,366.0,512,384,BGR888p,,,,,
260.0824,detections,7769,267.329717,43.98,66.65,366.06,,,,2,56:0.92 74:0.60,,,
260.1307,frame,7770,267.363047,48.45,33.33,381.12,512,384,BGR888p,,,,,
260.1308,detections,7770,267.363047,48.45,33.33,381.17,,,,2,56:0.94 74:0.57,,,
260.1773,frame,7772,267.429682,46.59,66.64,361.06,512,384,BGR888p,,,,,
260.1774,detections,7772,267.429682,46.58,66.64,361.12,,,,2,56:0.93 62:0.57,,,
260.2239,frame,7773,267.463004,46.57,33.32,374.32,512,384,BGR888p,,,,,
260.2248,detections,7773,267.463004,47.38,33.32,375.18,,,,2,56:0.93 24:0.50,,,
260.2725,frame,7774,267.496325,48.58,33.32,389.58,512,384,BGR888p,,,,,
260.2726,detections,7774,267.496325,47.87,33.32,389.73,,,,2,56:0.93 24:0.54,,,
260.2727,system,0,,985.28,,,,,,,,51.3,33.7,16.7
260.3196,frame,7776,267.56297,47.09,66.64,370.03,512,384,BGR888p,,,,,
260.3196,detections,7776,267.56297,47.0,66.64,370.09,,,,2,56:0.93 24:0.55,,,
260.365,frame,7777,267.5963,45.39,33.33,382.09,512,384,BGR888p,,,,,
260.365,detections,7777,267.5963,45.39,33.33,382.14,,,,2,56:0.93 24:0.54,,,
260.4121,frame,7779,267.662935,47.11,66.64,362.56,512,384,BGR888p,,,,,
260.4121,detections,7779,267.662935,47.11,66.64,362.62,,,,2,56:0.87 24:0.50,,,
260.4595,frame,7780,267.696258,47.46,33.32,376.71,512,384,BGR888p,,,,,
260.46,detections,7780,267.696258,47.88,33.32,377.19,,,,2,56:0.92 74:0.62,,,
260.5076,frame,7781,267.729578,48.09,33.32,391.48,512,384,BGR888p,,,,,
260.5077,detections,7781,267.729578,47.69,33.32,391.56,,,,2,56:0.91 74:0.59,,,
260.5541,frame,7783,267.796227,46.52,66.65,371.35,512,384,BGR888p,,,,,
260.5542,detections,7783,267.796227,46.52,66.65,371.48,,,,3,56:0.93 74:0.56 24:0.51,,,
260.6001,frame,7784,267.829549,45.97,33.32,384.0,512,384,BGR888p,,,,,
260.6002,detections,7784,267.829549,45.98,33.32,384.08,,,,2,56:0.92 74:0.57,,,
260.6467,frame,7786,267.896189,46.6,66.64,363.99,512,384,BGR888p,,,,,
260.6469,detections,7786,267.896189,46.66,66.64,364.12,,,,1,56:0.92,,,
260.6935,frame,7787,267.929511,46.82,33.32,377.45,512,384,BGR888p,,,,,
260.6936,detections,7787,267.929511,46.74,33.32,377.51,,,,2,56:0.90 74:0.57,,,
260.7411,frame,7789,267.996153,47.57,66.64,358.38,512,384,BGR888p,,,,,
260.7412,detections,7789,267.996153,47.57,66.64,358.44,,,,3,56:0.90 74:0.66 24:0.51,,,
260.7867,frame,7790,268.029476,45.58,33.32,370.63,512,384,BGR888p,,,,,
260.7867,detections,7790,268.029476,45.57,33.32,370.68,,,,2,56:0.89 74:0.67,,,
260.8331,frame,7791,268.062797,46.42,33.32,383.74,512,384,BGR888p,,,,,
260.8332,detections,7791,268.062797,46.44,33.32,383.81,,,,2,56:0.90 74:0.65,,,
260.8791,frame,7793,268.129442,46.03,66.64,363.11,512,384,BGR888p,,,,,
260.8792,detections,7793,268.129442,46.02,66.64,363.19,,,,2,56:0.90 74:0.63,,,
260.927,frame,7794,268.162767,47.89,33.32,377.69,512,384,BGR888p,,,,,
260.9271,detections,7794,268.162767,47.91,33.32,377.77,,,,2,56:0.88 74:0.63,,,
260.9754,frame,7796,268.229407,48.4,66.64,359.45,512,384,BGR888p,,,,,
260.9762,detections,7796,268.229407,49.08,66.64,360.22,,,,2,56:0.89 74:0.68,,,
261.0221,frame,7797,268.26273,46.71,33.32,372.84,512,384,BGR888p,,,,,
261.0222,detections,7797,268.26273,46.04,33.32,372.93,,,,2,56:0.89 74:0.63,,,
261.0681,frame,7798,268.29605,46.02,33.32,385.54,512,384,BGR888p,,,,,
261.0682,detections,7798,268.29605,46.02,33.32,385.66,,,,2,56:0.91 24:0.52,,,
261.114,frame,7800,268.362696,45.86,66.65,364.73,512,384,BGR888p,,,,,
261.1141,detections,7800,268.362696,45.83,66.65,364.8,,,,2,56:0.82 24:0.51,,,
261.1615,frame,7801,268.396017,47.54,33.32,378.96,512,384,BGR888p,,,,,
261.1616,detections,7801,268.396017,47.54,33.32,379.01,,,,0,,,,
261.2088,frame,7803,268.462661,47.28,66.64,359.59,512,384,BGR888p,,,,,
261.2089,detections,7803,268.462661,47.29,66.64,359.66,,,,0,,,,
261.2554,frame,7804,268.495983,46.55,33.32,372.83,512,384,BGR888p,,,,,
261.2555,detections,7804,268.495983,46.57,33.32,372.92,,,,0,,,,
261.3007,frame,7805,268.529303,45.32,33.32,384.83,512,384,BGR888p,,,,,
261.3009,detections,7805,268.529303,45.39,33.32,384.99,,,,0,,,,
261.3009,system,0,,1028.22,,,,,,,,51.85,34.5,17.3
261.3479,frame,7807,268.595948,47.2,66.64,365.38,512,384,BGR888p,,,,,
261.348,detections,7807,268.595948,47.1,66.64,365.44,,,,0,,,,
261.3952,frame,7808,268.629273,47.34,33.32,379.44,512,384,BGR888p,,,,,
261.3954,detections,7808,268.629273,47.38,33.32,379.5,,,,0,,,,
261.4441,frame,7810,268.695914,48.87,66.64,361.61,512,384,BGR888p,,,,,
261.4442,detections,7810,268.695914,48.8,66.64,361.66,,,,0,,,,
261.4908,frame,7811,268.729236,46.75,33.32,375.03,512,384,BGR888p,,,,,
261.4909,detections,7811,268.729236,46.75,33.32,375.08,,,,0,,,,
261.5382,frame,7812,268.762556,47.32,33.32,389.04,512,384,BGR888p,,,,,
261.5383,detections,7812,268.762556,47.35,33.32,389.11,,,,0,,,,
261.5819,frame,7814,268.829201,43.7,66.64,366.11,512,384,BGR888p,,,,,
261.582,detections,7814,268.829201,43.71,66.64,366.19,,,,0,,,,
261.628,frame,7815,268.862523,46.15,33.32,378.94,512,384,BGR888p,,,,,
261.6281,detections,7815,268.862523,46.15,33.32,379.02,,,,0,,,,
261.6765,frame,7817,268.929166,48.5,66.64,360.81,512,384,BGR888p,,,,,
261.6766,detections,7817,268.929166,48.52,66.64,360.89,,,,0,,,,
261.724,frame,7818,268.962489,47.51,33.32,374.99,512,384,BGR888p,,,,,
261.7241,detections,7818,268.962489,47.5,33.32,375.07,,,,0,,,,
261.7718,frame,7819,268.99581,47.78,33.32,389.45,512,384,BGR888p,,,,,
261.7724,detections,7819,268.99581,48.25,33.32,390.0,,,,0,,,,
261.8185,frame,7821,269.062455,46.7,66.64,369.51,512,384,BGR888p,,,,,
261.8186,detections,7821,269.062455,46.23,66.64,369.59,,,,0,,,,
261.8642,frame,7822,269.095777,45.69,33.32,381.91,512,384,BGR888p,,,,,
261.8644,detections,7822,269.095777,45.75,33.32,382.02,,,,0,,,,
261.9116,frame,7824,269.16242,47.37,66.64,362.6,512,384,BGR888p,,,,,
261.9117,detections,7824,269.16242,47.31,66.64,362.68,,,,0,,,,
261.9594,frame,7825,269.195743,47.81,33.32,377.09,512,384,BGR888p,,,,,
261.9595,detections,7825,269.195743,47.81,33.32,377.17,,,,0,,,,
262.0054,frame,7826,269.229063,45.98,33.32,389.75,512,384,BGR888p,,,,,
262.0055,detections,7826,269.229063,45.98,33.32,389.83,,,,0,,,,
262.0521,frame,7828,269.295708,46.76,66.64,369.87,512,384,BGR888p,,,,,
262.0522,detections,7828,269.295708,46.76,66.64,369.99,,,,0,,,,
262.0979,frame,7829,269.329037,45.78,33.33,382.31,512,384,BGR888p,,,,,
262.098,detections,7829,269.329037,45.77,33.33,382.38,,,,0,,,,
262.145,frame,7831,269.395673,47.09,66.64,362.77,512,384,BGR888p,,,,,
262.1451,detections,7831,269.395673,47.09,66.64,362.83,,,,0,,,,
262.1933,frame,7832,269.428995,48.3,33.32,377.74,512,384,BGR888p,,,,,
262.1934,detections,7832,269.428995,48.3,33.32,377.8,,,,0,,,,
262.2403,frame,7834,269.495638,46.98,66.64,358.08,512,384,BGR888p,,,,,
262.2404,detections,7834,269.495638,46.98,66.64,358.14,,,,1,39:0.52,,,
262.2873,frame,7835,269.528962,46.98,33.32,371.73,512,384,BGR888p,,,,,
262.2873,detections,7835,269.528962,46.97,33.32,371.78,,,,0,,,,
262.2874,system,0,,986.44,,,,,,,,51.74,34.3,16.7
262.3333,frame,7836,269.562283,46.07,33.32,384.48,512,384,BGR888p,,,,,
262.3335,detections,7836,269.562283,46.13,33.32,384.6,,,,0,,,,
262.3791,frame,7838,269.628927,45.78,66.64,363.61,512,384,BGR888p,,,,,
262.3792,detections,7838,269.628927,45.74,66.64,363.69,,,,0,,,,
262.4259,frame,7839,269.662249,46.8,33.32,377.08,512,384,BGR888p,,,,,
262.426,detections,7839,269.662249,46.77,33.32,377.13,,,,0,,,,
262.4746,frame,7841,269.728892,48.74,66.64,359.18,512,384,BGR888p,,,,,
262.4747,detections,7841,269.728892,48.75,66.64,359.24,,,,1,0:0.53,,,
262.5207,frame,7842,269.762215,46.04,33.32,371.9,512,384,BGR888p,,,,,
262.5208,detections,7842,269.762215,46.04,33.32,371.96,,,,0,,,,
262.5663,frame,7843,269.795536,45.6,33.32,384.22,512,384,BGR888p,,,,,
262.5664,detections,7843,269.795536,45.66,33.32,384.31,,,,0,,,,
262.6138,frame,7845,269.862181,47.55,66.64,365.1,512,384,BGR888p,,,,,
262.6139,detections,7845,269.862181,47.52,66.64,365.18,,,,1,39:0.71,,,
262.6607,frame,7846,269.895503,46.83,33.32,378.61,512,384,BGR888p,,,,,
262.6608,detections,7846,269.895503,46.83,33.32,378.69,,,,1,39:0.69,,,
262.71,frame,7848,269.962145,49.34,66.64,361.32,512,384,BGR888p,,,,,
262.7101,detections,7848,269.962145,49.35,66.64,361.4,,,,1,0:0.56,,,
262.7581,frame,7849,269.995467,48.11,33.32,376.1,512,384,BGR888p,,,,,
262.7582,detections,7849,269.995467,48.1,33.32,376.19,,,,1,62:0.76,,,
262.8043,frame,7850,270.028788,46.18,33.32,388.96,512,384,BGR888p,,,,,
262.8044,detections,7850,270.028788,46.18,33.32,389.04,,,,2,0:0.72 62:0.59,,,
262.8493,frame,7852,270.095433,44.97,66.64,367.3,512,384,BGR888p,,,,,
262.8494,detections,7852,270.095433,44.99,66.64,367.38,,,,1,62:0.70,,,
262.8956,frame,7853,270.128755,46.34,33.32,380.29,512,384,BGR888p,,,,,
262.8957,detections,7853,270.128755,46.3,33.32,380.34,,,,1,62:0.64,,,
262.9443,frame,7855,270.195398,48.73,66.64,362.37,512,384,BGR888p,,,,,
262.9444,detections,7855,270.195398,48.73,66.64,362.43,,,,2,62:0.75 63:0.72,,,
262.9912,frame,7856,270.228721,46.88,33.32,375.95,512,384,BGR888p,,,,,
262.9913,detections,7856,270.228721,46.93,33.32,376.04,,,,3,63:0.93 62:0.69 64:0.63,,,
263.038,frame,7857,270.262042,46.74,33.32,389.35,512,384,BGR888p,,,,,
263.038,detections,7857,270.262042,46.69,33.32,389.41,,,,2,63:0.93 62:0.69,,,
263.0834,frame,7859,270.328687,45.42,66.64,368.13,512,384,BGR888p,,,,,
263.0849,detections,7859,270.328687,46.89,66.64,369.66,,,,4,63:0.93 62:0.67 64:0.61 66:0.57,,,
263.1295,frame,7860,270.362014,46.15,33.33,380.95,512,384,BGR888p,,,,,
263.1296,detections,7860,270.362014,44.68,33.33,381.02,,,,3,63:0.94 64:0.60 62:0.58,,,
263.1763,frame,7862,270.428652,46.78,66.64,361.11,512,384,BGR888p,,,,,
263.1764,detections,7862,270.428652,46.81,66.64,361.19,,,,4,63:0.88 66:0.67 64:0.63 62:0.58,,,
263.2259,frame,7863,270.461974,49.56,33.32,377.34,512,384,BGR888p,,,,,
263.226,detections,7863,270.461974,49.55,33.32,377.41,,,,3,63:0.89 62:0.69 64:0.61,,,
263.2731,frame,7864,270.495296,47.21,33.32,391.24,512,384,BGR888p,,,,,
263.274,detections,7864,270.495296,48.02,33.32,392.12,,,,4,63:0.91 62:0.81 64:0.73 65:0.53,,,
263.3186,frame,7866,270.561943,45.5,66.65,370.07,512,384,BGR888p,,,,,
263.3187,detections,7866,270.561943,44.69,66.65,370.16,,,,3,63:0.95 62:0.70 64:0.65,,,
263.3188,system,0,,1031.38,,,,,,,,51.8,33.8,16.5
263.3641,frame,7867,270.595268,45.53,33.32,382.3,512,384,BGR888p,,,,,
263.3643,detections,7867,270.595268,45.61,33.32,382.44,,,,2,63:0.95 62:0.78,,,
263.4115,frame,7869,270.661905,47.42,66.64,363.08,512,384,BGR888p,,,,,
263.4116,detections,7869,270.661905,47.36,66.64,363.17,,,,2,63:0.92 62:0.71,,,
263.4593,frame,7870,270.695227,47.73,33.32,377.48,512,384,BGR888p,,,,,
263.4594,detections,7870,270.695227,47.71,33.32,377.55,,,,2,63:0.93 62:0.68,,,
263.5076,frame,7872,270.76187,48.28,66.64,359.13,512,384,BGR888p,,,,,
263.5081,detections,7872,270.76187,48.79,66.64,359.71,,,,3,63:0.94 62:0.63 64:0.62,,,
263.5527,frame,7873,270.795194,45.15,33.32,370.95,512,384,BGR888p,,,,,
263.5528,detections,7873,270.795194,44.64,33.32,371.01,,,,4,63:0.89 64:0.63 66:0.60 62:0.60,,,
263.5983,frame,7874,270.828513,45.56,33.32,383.2,512,384,BGR888p,,,,,
263.5984,detections,7874,270.828513,45.57,33.32,383.26,,,,3,63:0.90 64:0.61 62:0.58,,,
263.6439,frame,7876,270.895158,45.61,66.64,362.17,512,384,BGR888p,,,,,
263.644,detections,7876,270.895158,45.63,66.64,362.25,,,,4,63:0.87 62:0.74 66:0.73 64:0.52,,,
263.6921,frame,7877,270.92848,48.23,33.32,377.08,512,384,BGR888p,,,,,
263.6922,detections,7877,270.92848,48.23,33.32,377.16,,,,4,63:0.93 62:0.74 64:0.64 66:0.64,,,
263.7401,frame,7879,270.995123,47.96,66.64,358.4,512,384,BGR888p,,,,,
263.7402,detections,7879,270.995123,47.96,66.64,358.48,,,,4,63:0.93 62:0.77 65:0.65 66:0.61,,,
263.7857,frame,7880,271.028446,45.67,33.32,370.75,512,384,BGR888p,,,,,
263.7859,detections,7880,271.028446,45.73,33.32,370.9,,,,4,63:0.91 65:0.70 62:0.67 66:0.56,,,
263.8312,frame,7881,271.061768,45.41,33.32,382.83,512,384,BGR888p,,,,,
263.8313,detections,7881,271.061768,45.37,33.32,382.96,,,,5,63:0.94 66:0.80 62:0.78 65:0.74 64:0.71,,,
263.8773,frame,7883,271.128413,46.12,66.65,362.31,512,384,BGR888p,,,,,
263.8774,detections,7883,271.128413,46.09,66.65,362.39,,,,7,63:0.95 62:0.78 64:0.75 65:0.69 39:0.68 66:0.61 66:0.55,,,
263.9259,frame,7884,271.161734,48.63,33.32,377.62,512,384,BGR888p,,,,,
263.926,detections,7884,271.161734,48.63,33.32,377.69,,,,5,63:0.95 64:0.76 39:0.72 65:0.71 62:0.66,,,
263.973,frame,7886,271.228377,47.14,66.64,358.12,512,384,BGR888p,,,,,
263.9732,detections,7886,271.228377,47.15,66.64,358.2,,,,4,63:0.91 62:0.75 65:0.72 64:0.58,,,
264.0201,frame,7887,271.261701,47.02,33.32,371.81,512,384,BGR888p,,,,,
264.0202,detections,7887,271.261701,47.01,33.32,371.89,,,,3,63:0.95 62:0.82 65:0.51,,,
264.0659,frame,7888,271.295022,45.87,33.32,384.35,512,384,BGR888p,,,,,
264.066,detections,7888,271.295022,45.87,33.32,384.43,,,,2,62:0.90 63:0.88,,,
264.1124,frame,7890,271.361665,46.52,66.64,364.22,512,384,BGR888p,,,,,
264.1125,detections,7890,271.361665,46.5,66.64,364.28,,,,2,63:0.93 62:0.84,,,
264.1595,frame,7891,271.394987,47.02,33.32,377.92,512,384,BGR888p,,,,,
264.1595,detections,7891,271.394987,47.02,33.32,377.97,,,,3,63:0.94 64:0.73 62:0.56,,,
264.2075,frame,7893,271.46163,48.0,66.64,359.28,512,384,BGR888p,,,,,
264.2075,detections,7893,271.46163,48.0,66.64,359.33,,,,3,63:0.96 64:0.78 62:0.70,,,
264.2526,frame,7894,271.494954,45.16,33.32,371.1,512,384,BGR888p,,,,,
264.2527,detections,7894,271.494954,45.19,33.32,371.2,,,,2,63:0.96 64:0.83,,,
264.2981,frame,7895,271.528273,45.46,33.32,383.25,512,384,BGR888p,,,,,
264.2982,detections,7895,271.528273,45.43,33.32,383.32,,,,2,63:0.96 64:0.83,,,
264.2982,system,0,,979.49,,,,,,,,51.52,35.4,18.4
264.3452,frame,7897,271.594919,47.12,66.65,363.74,512,384,BGR888p,,,,,
264.3453,detections,7897,271.594919,47.15,66.65,363.82,,,,1,63:0.95,,,
264.3922,frame,7898,271.62824,46.94,33.32,377.36,512,384,BGR888p,,,,,
264.3923,detections,7898,271.62824,47.01,33.32,377.51,,,,1,63:0.95,,,
264.4393,frame,7900,271.694883,47.17,66.64,357.89,512,384,BGR888p,,,,,
264.4401,detections,7900,271.694883,47.81,66.64,358.68,,,,2,63:0.87 62:0.61,,,
264.4857,frame,7901,271.728206,46.37,33.32,370.94,512,384,BGR888p,,,,,
264.4865,detections,7901,271.728206,46.37,33.32,371.72,,,,2,63:0.91 62:0.80,,,
264.5322,frame,7902,271.761526,46.49,33.32,384.1,512,384,BGR888p,,,,,
264.5323,detections,7902,271.761526,45.79,33.32,384.19,,,,2,63:0.95 62:0.71,,,
264.579,frame,7904,271.828172,46.8,66.65,364.26,512,384,BGR888p,,,,,
264.5791,detections,7904,271.828172,46.8,66.65,364.35,,,,3,63:0.81 62:0.60 62:0.52,,,
264.6253,frame,7905,271.861496,46.35,33.32,377.29,512,384,BGR888p,,,,,
264.6254,detections,7905,271.861496,46.35,33.32,377.37,,,,2,63:0.87 62:0.67,,,
264.6741,frame,7907,271.928136,48.75,66.64,359.41,512,384,BGR888p,,,,,
264.6742,detections,7907,271.928136,48.76,66.64,359.49,,,,2,63:0.74 62:0.71,,,
264.7218,frame,7908,271.961459,47.66,33.32,373.75,512,384,BGR888p,,,,,
264.7219,detections,7908,271.961459,47.73,33.32,373.9,,,,3,63:0.91 62:0.72 62:0.50,,,
264.7682,frame,7909,271.99478,46.46,33.32,386.89,512,384,BGR888p,,,,,
264.7683,detections,7909,271.99478,46.38,33.32,386.95,,,,3,63:0.96 62:0.58 62:0.56,,,
264.8134,frame,7911,272.061424,45.22,66.64,365.45,512,384,BGR888p,,,,,
264.8135,detections,7911,272.061424,45.21,66.64,365.51,,,,3,62:0.76 62:0.75 63:0.63,,,
264.8601,frame,7912,272.094747,46.66,33.32,378.79,512,384,BGR888p,,,,,
264.8602,detections,7912,272.094747,46.67,33.32,378.86,,,,3,62:0.65 62:0.64 62:0.63,,,
264.9084,frame,7914,272.16139,48.33,66.64,360.48,512,384,BGR888p,,,,,
264.9085,detections,7914,272.16139,48.34,66.64,360.56,,,,2,62:0.75 63:0.59,,,
264.9538,frame,7915,272.194712,45.38,33.32,372.52,512,384,BGR888p,,,,,
264.9539,detections,7915,272.194712,45.38,33.32,372.62,,,,2,62:0.54 73:0.50,,,
264.9994,frame,7916,272.228033,45.55,33.32,384.77,512,384,BGR888p,,,,,
264.9995,detections,7916,272.228033,45.55,33.32,384.86,,,,3,62:0.63 68:0.58 63:0.57,,,
265.0453,frame,7918,272.294678,45.92,66.64,364.07,512,384,BGR888p,,,,,
265.0454,detections,7918,272.294678,45.93,66.64,364.15,,,,2,68:0.60 62:0.56,,,
265.092,frame,7919,272.328001,46.71,33.32,377.43,512,384,BGR888p,,,,,
265.0921,detections,7919,272.328001,46.69,33.32,377.51,,,,2,63:0.58 62:0.55,,,
265.1396,frame,7921,272.394643,47.59,66.64,358.38,512,384,BGR888p,,,,,
265.1397,detections,7921,272.394643,47.59,66.64,358.46,,,,2,62:0.72 62:0.54,,,
265.1859,frame,7922,272.427966,46.31,33.32,371.36,512,384,BGR888p,,,,,
265.186,detections,7922,272.427966,46.29,33.32,371.42,,,,2,62:0.55 63:0.54,,,
265.2316,frame,7923,272.461287,45.7,33.32,383.75,512,384,BGR888p,,,,,
265.2317,detections,7923,272.461287,45.73,33.32,383.83,,,,2,62:0.78 63:0.75,,,
265.2787,frame,7925,272.527931,47.11,66.64,364.2,512,384,BGR888p,,,,,
265.2788,detections,7925,272.527931,47.08,66.64,364.26,,,,2,62:0.91 63:0.76,,,
265.2788,system,0,,980.59,,,,,,,,51.36,34.7,17.3
265.3252,frame,7926,272.561253,46.53,33.32,377.42,512,384,BGR888p,,,,,
265.3253,detections,7926,272.561253,46.54,33.32,377.48,,,,2,62:0.87 63:0.65,,,
265.3737,frame,7928,272.627897,48.43,66.64,359.2,512,384,BGR888p,,,,,
265.3737,detections,7928,272.627897,48.41,66.64,359.25,,,,2,62:0.95 63:0.71,,,
265.4191,frame,7929,272.661219,45.39,33.32,371.28,512,384,BGR888p,,,,,
265.4192,detections,7929,272.661219,45.46,33.32,371.39,,,,2,62:0.91 62:0.68,,,
265.4643,frame,7930,272.69454,45.27,33.32,383.22,512,384,BGR888p,,,,,
265.4644,detections,7930,272.69454,45.23,33.32,383.31,,,,2,62:0.89 62:0.71,,,
265.5104,frame,7932,272.761184,46.03,66.64,362.6,512,384,BGR888p,,,,,
265.5104,detections,7932,272.761184,46.0,66.64,362.65,,,,2,62:0.83 62:0.64,,,
265.5585,frame,7933,272.794507,48.11,33.32,377.43,512,384,BGR888p,,,,,
265.5586,detections,7933,272.794507,48.17,33.32,377.5,,,,2,62:0.87 62:0.72,,,
265.607,frame,7935,272.861149,48.53,66.64,359.28,512,384,BGR888p,,,,,
265.6071,detections,7935,272.861149,48.49,66.64,359.35,,,,2,62:0.72 62:0.58,,,
265.6531,frame,7936,272.894477,46.12,33.33,372.09,512,384,BGR888p,,,,,
265.6532,detections,7936,272.894477,46.14,33.33,372.17,,,,1,62:0.60,,,
265.6994,frame,7937,272.927793,46.3,33.32,385.07,512,384,BGR888p,,,,,
265.6995,detections,7937,272.927793,46.3,33.32,385.15,,,,1,62:0.67,,,
265.7454,frame,7939,272.994438,45.98,66.64,364.4,512,384,BGR888p,,,,,
265.7455,detections,7939,272.994438,45.98,66.64,364.48,,,,2,62:0.61 63:0.54,,,
265.7918,frame,7940,273.02776,46.35,33.32,377.45,512,384,BGR888p,,,,,
265.7919,detections,7940,273.02776,46.37,33.32,377.53,,,,2,62:0.73 63:0.51,,,
265.8391,frame,7942,273.094402,47.35,66.64,358.14,512,384,BGR888p,,,,,
265.8399,detections,7942,273.094402,48.07,66.64,358.96,,,,2,62:0.69 63:0.52,,,
265.8857,frame,7943,273.127728,46.63,33.33,371.45,512,384,BGR888p,,,,,
265.8858,detections,7943,273.127728,45.9,33.33,371.54,,,,1,62:0.70,,,
265.9329,frame,7944,273.161045,47.14,33.32,385.26,512,384,BGR888p,,,,,
265.9329,detections,7944,273.161045,47.11,33.32,385.32,,,,1,62:0.65,,,
265.9802,frame,7946,273.22769,47.33,66.64,365.94,512,384,BGR888p,,,,,
265.9803,detections,7946,273.22769,47.33,66.64,366.0,,,,1,63:0.65,,,
266.0266,frame,7947,273.261013,46.38,33.32,379.03,512,384,BGR888p,,,,,
266.0267,detections,7947,273.261013,46.42,33.32,379.11,,,,1,63:0.71,,,
266.0766,frame,7949,273.327655,50.06,66.64,362.43,512,384,BGR888p,,,,,
266.0767,detections,7949,273.327655,50.04,66.64,362.5,,,,2,63:0.67 63:0.56,,,
266.1241,frame,7950,273.360979,47.45,33.32,376.55,512,384,BGR888p,,,,,
266.1242,detections,7950,273.360979,47.45,33.32,376.63,,,,1,63:0.68,,,
266.1718,frame,7951,273.394299,47.7,33.32,390.93,512,384,BGR888p,,,,,
266.1719,detections,7951,273.394299,47.7,33.32,391.02,,,,1,63:0.76,,,
266.2192,frame,7953,273.460945,47.4,66.65,371.69,512,384,BGR888p,,,,,
266.2193,detections,7953,273.460945,47.41,66.65,371.78,,,,1,62:0.58,,,
266.2636,frame,7954,273.494266,44.44,33.32,382.81,512,384,BGR888p,,,,,
266.2637,detections,7954,273.494266,44.44,33.32,382.89,,,,2,62:0.56 63:0.51,,,
266.3115,frame,7956,273.560909,47.88,66.64,364.05,512,384,BGR888p,,,,,
266.3116,detections,7956,273.560909,47.86,66.64,364.1,,,,0,,,,
266.3116,system,0,,1032.81,,,,,,,,51.91,35.1,17.2
266.3586,frame,7957,273.594231,47.06,33.32,377.78,512,384,BGR888p,,,,,
266.3587,detections,7957,273.594231,47.06,33.32,377.84,,,,0,,,,
266.4054,frame,7958,273.627552,46.83,33.32,391.28,512,384,BGR888p,,,,,
266.4055,detections,7958,273.627552,46.83,33.32,391.34,,,,1,62:0.83,,,
266.4508,frame,7960,273.694199,45.38,66.65,369.64,512,384,BGR888p,,,,,
266.451,detections,7960,273.694199,45.54,66.65,369.88,,,,2,62:0.72 63:0.64,,,
266.4964,frame,7961,273.72752,45.66,33.32,381.99,512,384,BGR888p,,,,,
266.4965,detections,7961,273.72752,45.49,33.32,382.04,,,,2,62:0.58 62:0.52,,,
266.5437,frame,7963,273.794163,47.3,66.64,362.63,512,384,BGR888p,,,,,
266.5438,detections,7963,273.794163,47.28,66.64,362.68,,,,2,63:0.67 62:0.59,,,
266.5927,frame,7964,273.827485,48.96,33.32,378.28,512,384,BGR888p,,,,,
266.5928,detections,7964,273.827485,48.98,33.32,378.34,,,,2,62:0.71 63:0.61,,,
266.6391,frame,7966,273.894128,46.36,66.64,358.01,512,384,BGR888p,,,,,
266.6398,detections,7966,273.894128,47.0,66.64,358.71,,,,1,62:0.63,,,
266.6866,frame,7967,273.927451,47.53,33.32,372.2,512,384,BGR888p,,,,,
266.6867,detections,7967,273.927451,46.89,33.32,372.27,,,,1,62:0.71,,,
266.7322,frame,7968,273.960771,45.63,33.32,384.55,512,384,BGR888p,,,,,
266.7323,detections,7968,273.960771,45.68,33.32,384.63,,,,1,62:0.70,,,
266.7786,frame,7970,274.027415,46.37,66.64,364.26,512,384,BGR888p,,,,,
266.7787,detections,7970,274.027415,46.35,66.64,364.34,,,,1,62:0.66,,,
266.825,frame,7971,274.060738,46.42,33.32,377.33,512,384,BGR888p,,,,,
266.8251,detections,7971,274.060738,46.38,33.32,377.39,,,,1,62:0.51,,,
266.873,frame,7973,274.127381,48.02,66.64,358.72,512,384,BGR888p,,,,,
266.8731,detections,7973,274.127381,48.03,66.64,358.78,,,,1,62:0.55,,,
266.9203,frame,7974,274.160704,47.27,33.32,372.68,512,384,BGR888p,,,,,
266.9204,detections,7974,274.160704,47.28,33.32,372.73,,,,0,,,,
266.9646,frame,7975,274.194024,44.34,33.32,383.69,512,384,BGR888p,,,,,
266.9647,detections,7975,274.194024,44.34,33.32,383.75,,,,0,,,,
267.0124,frame,7977,274.260669,47.75,66.64,364.78,512,384,BGR888p,,,,,
267.0125,detections,7977,274.260669,47.73,66.64,364.83,,,,0,,,,
267.0595,frame,7978,274.293991,47.07,33.32,378.54,512,384,BGR888p,,,,,
267.0595,detections,7978,274.293991,47.08,33.32,378.59,,,,0,,,,
267.1072,frame,7980,274.360634,47.72,66.64,359.6,512,384,BGR888p,,,,,
267.1072,detections,7980,274.360634,47.72,66.64,359.66,,,,0,,,,
267.1532,frame,7981,274.393962,45.99,33.33,372.28,512,384,BGR888p,,,,,
267.1533,detections,7981,274.393962,46.01,33.33,372.34,,,,0,,,,
267.199,frame,7982,274.427277,45.8,33.32,384.77,512,384,BGR888p,,,,,
267.1991,detections,7982,274.427277,45.8,33.32,384.83,,,,0,,,,
267.2456,frame,7984,274.493923,46.62,66.65,364.74,512,384,BGR888p,,,,,
267.2457,detections,7984,274.493923,46.62,66.65,364.8,,,,0,,,,
267.2913,frame,7985,274.527244,45.71,33.32,377.15,512,384,BGR888p,,,,,
267.2914,detections,7985,274.527244,45.76,33.32,377.26,,,,0,,,,
267.2915,system,0,,979.88,,,,,,,,51.85,34.1,16.9
267.339,frame,7987,274.593887,47.65,66.64,358.15,512,384,BGR888p,,,,,
267.3391,detections,7987,274.593887,47.63,66.64,358.23,,,,0,,,,
267.3863,frame,7988,274.62721,47.29,33.32,372.14,512,384,BGR888p,,,,,
267.3864,detections,7988,274.62721,47.35,33.32,372.29,,,,1,62:0.51,,,
267.4323,frame,7989,274.66053,46.04,33.32,384.84,512,384,BGR888p,,,,,
267.4324,detections,7989,274.66053,45.98,33.32,384.92,,,,0,,,,
267.4786,frame,7991,274.727175,46.32,66.64,364.52,512,384,BGR888p,,,,,
267.4788,detections,7991,274.727175,46.39,66.64,364.67,,,,0,,,,
267.5243,frame,7992,274.760498,45.64,33.32,376.83,512,384,BGR888p,,,,,
267.5244,detections,7992,274.760498,45.57,33.32,376.92,,,,1,62:0.59,,,
267.5726,frame,7994,274.827141,48.31,66.64,358.5,512,384,BGR888p,,,,,
267.5727,detections,7994,274.827141,48.31,66.64,358.58,,,,2,62:0.71 62:0.51,,,
267.618,frame,7995,274.860463,45.43,33.32,370.59,512,384,BGR888p,,,,,
267.6182,detections,7995,274.860463,45.5,33.32,370.76,,,,1,62:0.86,,,
267.6644,frame,7996,274.893784,46.43,33.32,383.7,512,384,BGR888p,,,,,
267.6645,detections,7996,274.893784,46.32,33.32,383.76,,,,1,62:0.74,,,
267.7105,frame,7998,274.960429,46.12,66.64,363.17,512,384,BGR888p,,,,,
267.7106,detections,7998,274.960429,46.1,66.64,363.22,,,,1,62:0.76,,,
267.7575,frame,7999,274.993753,47.0,33.32,376.87,512,384,BGR888p,,,,,
267.7577,detections,7999,274.993753,47.06,33.32,376.97,,,,0,,,,
267.806,frame,8001,275.060394,48.44,66.64,358.66,512,384,BGR888p,,,,,
267.8061,detections,8001,275.060394,48.4,66.64,358.72,,,,1,56:0.54,,,
267.8534,frame,8002,275.093716,47.43,33.32,372.76,512,384,BGR888p,,,,,
267.8535,detections,8002,275.093716,47.43,33.32,372.82,,,,1,62:0.65,,,
267.8991,frame,8003,275.127038,45.71,33.32,385.16,512,384,BGR888p,,,,,
267.8992,detections,8003,275.127038,45.72,33.32,385.23,,,,2,71:0.57 62:0.52,,,
267.9462,frame,8005,275.193682,47.04,66.64,365.55,512,384,BGR888p,,,,,
267.9463,detections,8005,275.193682,47.04,66.64,365.62,,,,1,56:0.72,,,
267.9916,frame,8006,275.227004,45.39,33.32,377.63,512,384,BGR888p,,,,,
267.9917,detections,8006,275.227004,45.41,33.32,377.71,,,,1,56:0.59,,,
268.0391,frame,8008,275.293647,47.54,66.64,358.52,512,384,BGR888p,,,,,
268.0399,detections,8008,275.293647,48.28,66.64,359.35,,,,1,62:0.60,,,
268.086,frame,8009,275.326971,46.95,33.32,372.15,512,384,BGR888p,,,,,
268.0861,detections,8009,275.326971,46.2,33.32,372.23,,,,3,56:0.65 56:0.54 62:0.53,,,
268.1319,frame,8010,275.36029,45.85,33.32,384.68,512,384,BGR888p,,,,,
268.132,detections,8010,275.36029,45.85,33.32,384.76,,,,3,56:0.55 62:0.55 56:0.52,,,
268.1783,frame,8012,275.426935,46.44,66.64,364.46,512,384,BGR888p,,,,,
268.1784,detections,8012,275.426935,46.42,66.64,364.54,,,,1,64:0.55,,,
268.2258,frame,8013,275.460257,47.48,33.32,378.63,512,384,BGR888p,,,,,
268.2259,detections,8013,275.460257,47.48,33.32,378.68,,,,2,64:0.77 56:0.51,,,
268.2753,frame,8015,275.5269,49.48,66.64,361.48,512,384,BGR888p,,,,,
268.2754,detections,8015,275.5269,49.51,66.64,361.56,,,,2,62:0.67 62:0.64,,,
268.3199,frame,8016,275.560225,44.65,33.32,372.79,512,384,BGR888p,,,,,
268.3208,detections,8016,275.560225,45.41,33.32,373.65,,,,2,62:0.79 62:0.71,,,
268.3209,system,0,,1029.38,,,,,,,,52.18,33.6,15.7
268.3659,frame,8017,275.593543,46.0,33.32,385.55,512,384,BGR888p,,,,,
268.3662,detections,8017,275.593543,45.4,33.32,385.81,,,,2,62:0.69 62:0.57,,,
268.4127,frame,8019,275.660188,46.72,66.64,365.57,512,384,BGR888p,,,,,
268.4128,detections,8019,275.660188,46.59,66.64,365.69,,,,4,62:0.64 64:0.62 56:0.59 62:0.59,,,
268.4597,frame,8020,275.69351,47.01,33.32,379.22,512,384,BGR888p,,,,,
268.4597,detections,8020,275.69351,46.93,33.32,379.27,,,,5,64:0.80 56:0.74 62:0.68 41:0.66 62:0.61,,,
268.5093,frame,8022,275.760153,49.64,66.64,362.23,512,384,BGR888p,,,,,
268.5095,detections,8022,275.760153,49.73,66.64,362.36,,,,8,56:0.83 64:0.66 62:0.66 66:0.61 56:0.59 63:0.57 67:0.55 41:0.51,,,
268.5559,frame,8023,275.793476,46.61,33.32,375.53,512,384,BGR888p,,,,,
268.5561,detections,8023,275.793476,46.59,33.32,375.65,,,,4,62:0.81 62:0.52 64:0.51 41:0.51,,,
268.6029,frame,8024,275.826796,47.03,33.32,389.23,512,384,BGR888p,,,,,
268.6031,detections,8024,275.826796,47.09,33.32,389.4,,,,3,56:0.68 62:0.67 64:0.67,,,
268.6484,frame,8026,275.893441,45.42,66.64,368.0,512,384,BGR888p,,,,,
268.6485,detections,8026,275.893441,45.32,66.64,368.08,,,,7,56:0.70 63:0.65 64:0.64 66:0.64 41:0.62 62:0.56 64:0.55,,,
268.6957,frame,8027,275.926764,47.33,33.32,382.0,512,384,BGR888p,,,,,
268.6958,detections,8027,275.926764,47.33,33.32,382.08,,,,7,62:0.66 63:0.59 56:0.59 64:0.58 64:0.57 66:0.57 41:0.51,,,
268.7428,frame,8029,275.993407,47.15,66.64,362.51,512,384,BGR888p,,,,,
268.7429,detections,8029,275.993407,47.15,66.64,362.6,,,,5,63:0.60 62:0.59 56:0.57 64:0.52 64:0.52,,,
268.7906,frame,8030,276.026732,47.75,33.32,376.94,512,384,BGR888p,,,,,
268.7907,detections,8030,276.026732,47.75,33.32,377.02,,,,5,62:0.73 64:0.71 62:0.58 63:0.57 41:0.54,,,
268.8369,frame,8031,276.06005,46.34,33.32,389.95,512,384,BGR888p,,,,,
268.8371,detections,8031,276.06005,46.44,33.32,390.14,,,,5,62:0.71 63:0.70 66:0.62 56:0.59 64:0.57,,,
268.8836,frame,8033,276.126695,46.65,66.64,369.96,512,384,BGR888p,,,,,
268.8837,detections,8033,276.126695,46.55,66.64,370.04,,,,6,41:0.78 64:0.69 62:0.64 56:0.61 66:0.51 63:0.50,,,
268.9298,frame,8034,276.160024,46.19,33.33,382.82,512,384,BGR888p,,,,,
268.9299,detections,8034,276.160024,46.19,33.33,382.9,,,,5,63:0.73 64:0.73 66:0.71 62:0.71 64:0.54,,,
268.9765,frame,8036,276.22666,46.69,66.64,362.86,512,384,BGR888p,,,,,
268.9765,detections,8036,276.22666,46.67,66.64,362.92,,,,3,62:0.68 63:0.64 64:0.55,,,
269.0244,frame,8037,276.259982,47.95,33.32,377.49,512,384,BGR888p,,,,,
269.0245,detections,8037,276.259982,47.94,33.32,377.54,,,,4,64:0.69 63:0.68 62:0.55 60:0.51,,,
269.0727,frame,8039,276.326625,48.33,66.64,359.17,512,384,BGR888p,,,,,
269.0728,detections,8039,276.326625,48.36,66.64,359.28,,,,3,62:0.76 64:0.65 63:0.55,,,
269.1183,frame,8040,276.35995,45.52,33.33,371.36,512,384,BGR888p,,,,,
269.1183,detections,8040,276.35995,45.49,33.33,371.41,,,,3,62:0.78 64:0.61 62:0.53,,,
269.1645,frame,8041,276.393269,46.24,33.32,384.29,512,384,BGR888p,,,,,
269.1646,detections,8041,276.393269,46.26,33.32,384.36,,,,3,64:0.72 62:0.63 63:0.58,,,
269.2104,frame,8043,276.459913,45.94,66.64,363.59,512,384,BGR888p,,,,,
269.2105,detections,8043,276.459913,45.95,66.64,363.67,,,,6,64:0.72 62:0.65 56:0.57 64:0.54 66:0.52 41:0.50,,,
269.2573,frame,8044,276.493235,46.89,33.32,377.18,512,384,BGR888p,,,,,
269.2574,detections,8044,276.493235,46.9,33.32,377.24,,,,6,66:0.63 64:0.61 56:0.60 64:0.57 41:0.55 62:0.51,,,
269.3042,frame,8046,276.559878,46.87,66.64,357.4,512,384,BGR888p,,,,,
269.3051,detections,8046,276.559878,47.64,66.64,358.24,,,,6,66:0.79 64:0.67 56:0.62 41:0.60 64:0.57 62:0.50,,,
269.3051,system,0,,984.23,,,,,,,,52.18,34.8,17.8
269.3512,frame,8047,276.593205,46.95,33.33,371.01,512,384,BGR888p,,,,,
269.352,detections,8047,276.593205,46.98,33.33,371.89,,,,5,63:0.68 66:0.61 64:0.60 64:0.56 56:0.54,,,
269.3975,frame,8048,276.626523,46.29,33.32,384.0,512,384,BGR888p,,,,,
269.3975,detections,8048,276.626523,45.49,33.32,384.06,,,,3,64:0.64 63:0.61 41:0.51,,,
269.4434,frame,8050,276.693167,45.92,66.64,363.27,512,384,BGR888p,,,,,
269.4434,detections,8050,276.693167,45.92,66.64,363.33,,,,4,64:0.71 56:0.55 41:0.52 63:0.50,,,
269.4904,frame,8051,276.726489,47.06,33.32,377.0,512,384,BGR888p,,,,,
269.4905,detections,8051,276.726489,47.06,33.32,377.06,,,,6,41:0.74 64:0.65 62:0.59 56:0.58 63:0.58 62:0.54,,,
269.5379,frame,8053,276.793132,47.45,66.64,357.82,512,384,BGR888p,,,,,
269.5385,detections,8053,276.793132,48.02,66.64,358.46,,,,4,41:0.79 56:0.60 64:0.54 63:0.51,,,
269.5839,frame,8054,276.826456,45.98,33.32,370.48,512,384,BGR888p,,,,,
269.5841,detections,8054,276.826456,45.53,33.32,370.65,,,,4,41:0.70 62:0.63 63:0.63 64:0.62,,,
269.6296,frame,8055,276.859775,45.76,33.32,382.93,512,384,BGR888p,,,,,
269.6297,detections,8055,276.859775,45.66,33.32,382.99,,,,4,64:0.66 41:0.52 63:0.52 62:0.51,,,
269.6758,frame,8057,276.92642,46.14,66.64,362.4,512,384,BGR888p,,,,,
269.6758,detections,8057,276.92642,46.12,66.64,362.46,,,,7,56:0.86 64:0.68 62:0.56 64:0.55 66:0.53 41:0.53 62:0.51,,,
269.7239,frame,8058,276.959742,48.18,33.32,377.27,512,384,BGR888p,,,,,
269.724,detections,8058,276.959742,48.18,33.32,377.32,,,,5,56:0.84 64:0.74 41:0.59 64:0.58 62:0.50,,,
269.7722,frame,8060,277.026385,48.31,66.64,358.93,512,384,BGR888p,,,,,
269.7723,detections,8060,277.026385,48.31,66.64,358.99,,,,6,64:0.75 66:0.63 63:0.59 62:0.53 24:0.51 56:0.51,,,
269.817,frame,8061,277.059708,44.72,33.32,370.34,512,384,BGR888p,,,,,
269.8171,detections,8061,277.059708,44.76,33.32,370.42,,,,6,64:0.79 62:0.59 56:0.54 24:0.53 62:0.53 66:0.50,,,
269.8622,frame,8062,277.093028,45.24,33.32,382.26,512,384,BGR888p,,,,,
269.8623,detections,8062,277.093028,45.24,33.32,382.37,,,,6,64:0.79 63:0.73 66:0.67 62:0.58 62:0.51 64:0.51,,,
269.9104,frame,8064,277.159673,48.21,66.64,363.8,512,384,BGR888p,,,,,
269.9105,detections,8064,277.159673,48.16,66.64,363.85,,,,5,66:0.66 64:0.62 64:0.58 62:0.57 62:0.55,,,
269.9574,frame,8065,277.192995,46.98,33.32,377.47,512,384,BGR888p,,,,,
269.9575,detections,8065,277.192995,47.0,33.32,377.53,,,,5,62:0.66 64:0.65 63:0.59 66:0.57 64:0.50,,,
270.0054,frame,8067,277.259638,47.96,66.64,358.78,512,384,BGR888p,,,,,
270.0061,detections,8067,277.259638,48.66,66.64,359.55,,,,6,64:0.75 63:0.62 66:0.62 62:0.56 64:0.52 73:0.51,,,
270.0533,frame,8068,277.292961,47.97,33.32,373.45,512,384,BGR888p,,,,,
270.0534,detections,8068,277.292961,47.29,33.32,373.51,,,,6,64:0.75 66:0.68 63:0.67 62:0.66 64:0.54 73:0.52,,,
270.0979,frame,8069,277.326282,44.56,33.32,384.68,512,384,BGR888p,,,,,
270.098,detections,8069,277.326282,44.54,33.32,384.74,,,,6,64:0.73 63:0.67 66:0.65 62:0.57 64:0.54 62:0.52,,,
270.145,frame,8071,277.392926,47.14,66.64,365.19,512,384,BGR888p,,,,,
270.1451,detections,8071,277.392926,47.15,66.64,365.25,,,,5,64:0.77 66:0.73 64:0.60 62:0.59 73:0.50,,,
270.1925,frame,8072,277.426249,47.45,33.32,379.3,512,384,BGR888p,,,,,
270.1926,detections,8072,277.426249,47.44,33.32,379.36,,,,6,64:0.80 66:0.76 62:0.73 64:0.59 62:0.55 63:0.52,,,
270.2417,frame,8074,277.492892,49.26,66.64,361.92,512,384,BGR888p,,,,,
270.2418,detections,8074,277.492892,49.26,66.64,361.98,,,,6,64:0.74 66:0.74 62:0.71 64:0.61 56:0.56 62:0.51,,,
270.2891,frame,8075,277.526214,47.34,33.32,375.96,512,384,BGR888p,,,,,
270.2892,detections,8075,277.526214,47.38,33.32,376.03,,,,6,64:0.78 62:0.78 66:0.78 64:0.59 62:0.53 63:0.53,,,
270.3367,frame,8076,277.559535,47.64,33.32,390.25,512,384,BGR888p,,,,,
270.3368,detections,8076,277.559535,47.61,33.32,390.31,,,,7,64:0.77 66:0.75 62:0.72 64:0.61 63:0.54 73:0.51 62:0.51,,,
270.3369,system,0,,1031.73,,,,,,,,51.8,34.6,17.9
270.3809,frame,8078,277.62618,44.2,66.64,367.84,512,384,BGR888p,,,,,
270.381,detections,8078,277.62618,44.24,66.64,367.91,,,,6,64:0.78 66:0.73 62:0.66 64:0.57 63:0.54 73:0.51,,,
270.4283,frame,8079,277.659503,47.38,33.32,381.91,512,384,BGR888p,,,,,
270.4284,detections,8079,277.659503,47.4,33.32,381.99,,,,6,64:0.74 62:0.66 66:0.66 64:0.58 63:0.55 73:0.51,,,
270.4746,frame,8081,277.726145,46.33,66.64,361.6,512,384,BGR888p,,,,,
270.4748,detections,8081,277.726145,46.34,66.64,361.69,,,,6,66:0.79 64:0.75 63:0.60 62:0.58 64:0.57 62:0.54,,,
270.5232,frame,8082,277.759468,48.56,33.32,376.8,512,384,BGR888p,,,,,
270.5233,detections,8082,277.759468,48.5,33.32,376.87,,,,5,66:0.78 64:0.76 62:0.60 63:0.52 64:0.52,,,
270.569,frame,8083,277.792788,45.8,33.32,389.28,512,384,BGR888p,,,,,
270.5691,detections,8083,277.792788,45.85,33.32,389.4,,,,5,66:0.78 64:0.78 62:0.68 64:0.57 63:0.53,,,
270.6134,frame,8085,277.859434,44.43,66.65,367.08,512,384,BGR888p,,,,,
270.6135,detections,8085,277.859434,44.38,66.65,367.13,,,,7,64:0.74 66:0.73 63:0.71 64:0.60 62:0.59 62:0.56 62:0.55,,,
270.6594,frame,8086,277.892755,45.96,33.32,379.71,512,384,BGR888p,,,,,
270.6595,detections,8086,277.892755,45.94,33.32,379.76,,,,6,66:0.78 64:0.74 63:0.64 64:0.58 62:0.58 62:0.56,,,
270.7058,frame,8088,277.959398,46.39,66.64,359.45,512,384,BGR888p,,,,,
270.7059,detections,8088,277.959398,46.39,66.64,359.5,,,,6,66:0.69 62:0.64 64:0.58 63:0.55 64:0.54 62:0.52,,,
270.7542,frame,8089,277.99272,48.4,33.32,374.51,512,384,BGR888p,,,,,
270.7542,detections,8089,277.99272,48.39,33.32,374.57,,,,5,66:0.69 64:0.65 64:0.62 62:0.59 63:0.53,,,
270.7989,frame,8091,278.059363,44.72,66.64,352.62,512,384,BGR888p,,,,,
270.799,detections,8091,278.059363,44.75,66.64,352.68,,,,5,64:0.70 63:0.69 62:0.65 66:0.58 56:0.51,,,
270.8466,frame,8092,278.092691,47.74,33.33,367.01,512,384,BGR888p,,,,,
270.8467,detections,8092,278.092691,47.72,33.33,367.07,,,,3,64:0.70 62:0.60 63:0.56,,,
270.8936,frame,8093,278.126016,46.99,33.32,380.69,512,384,BGR888p,,,,,
270.8937,detections,8093,278.126016,47.02,33.32,380.77,,,,3,64:0.63 62:0.61 56:0.50,,,
270.9398,frame,8095,278.192651,46.14,66.64,360.18,512,384,BGR888p,,,,,
270.9398,detections,8095,278.192651,46.11,66.64,360.24,,,,7,56:0.74 41:0.67 62:0.65 66:0.62 64:0.60 64:0.56 56:0.50,,,
270.9899,frame,8096,278.225976,50.09,33.32,376.95,512,384,BGR888p,,,,,
270.9899,detections,8096,278.225976,50.09,33.32,377.0,,,,7,56:0.80 66:0.71 62:0.63 41:0.57 64:0.54 24:0.51 64:0.50,,,
271.0365,frame,8098,278.292617,46.64,66.64,357.01,512,384,BGR888p,,,,,
271.0367,detections,8098,278.292617,46.75,66.64,357.11,,,,3,56:0.85 62:0.69 41:0.63,,,
271.0829,frame,8099,278.32594,46.38,33.32,370.06,512,384,BGR888p,,,,,
271.083,detections,8099,278.32594,46.34,33.32,370.14,,,,4,56:0.82 62:0.65 63:0.58 24:0.55,,,
271.1276,frame,8100,278.359271,44.74,33.33,381.42,512,384,BGR888p,,,,,
271.1277,detections,8100,278.359271,44.68,33.33,381.47,,,,6,56:0.85 56:0.62 41:0.59 41:0.56 62:0.56 66:0.50,,,
271.1753,frame,8102,278.425905,47.64,66.63,362.42,512,384,BGR888p,,,,,
271.1753,detections,8102,278.425905,47.64,66.63,362.48,,,,4,56:0.89 66:0.73 62:0.70 63:0.63,,,
271.2226,frame,8103,278.45923,47.37,33.32,376.46,512,384,BGR888p,,,,,
271.2227,detections,8103,278.45923,47.36,33.32,376.51,,,,4,66:0.72 62:0.72 64:0.63 56:0.50,,,
271.2707,frame,8105,278.52587,48.07,66.64,357.89,512,384,BGR888p,,,,,
271.2716,detections,8105,278.52587,48.91,66.64,358.8,,,,2,56:0.65 62:0.62,,,
271.3169,frame,8106,278.559193,46.17,33.32,370.73,512,384,BGR888p,,,,,
271.3169,detections,8106,278.559193,45.32,33.32,370.79,,,,3,62:0.60 41:0.51 73:0.50,,,
271.317,system,0,,980.12,,,,,,,,51.74,34.7,18.0
271.3619,frame,8107,278.592513,45.02,33.32,382.43,512,384,BGR888p,,,,,
271.3619,detections,8107,278.592513,45.01,33.32,382.48,,,,0,,,,
271.4089,frame,8109,278.659159,46.98,66.65,362.76,512,384,BGR888p,,,,,
271.4089,detections,8109,278.659159,46.98,66.65,362.82,,,,1,56:0.63,,,
271.4568,frame,8110,278.69248,47.99,33.32,377.44,512,384,BGR888p,,,,,
271.457,detections,8110,278.69248,48.02,33.32,377.52,,,,2,62:0.58 41:0.56,,,
271.5024,frame,8112,278.759123,45.58,66.64,356.36,512,384,BGR888p,,,,,
271.5025,detections,8112,278.759123,45.54,66.64,356.42,,,,2,62:0.56 56:0.52,,,
271.5496,frame,8113,278.792446,47.14,33.32,370.19,512,384,BGR888p,,,,,
271.5496,detections,8113,278.792446,47.14,33.32,370.24,,,,0,,,,
271.5947,frame,8114,278.825768,45.16,33.32,382.02,512,384,BGR888p,,,,,
271.5949,detections,8114,278.825768,45.25,33.32,382.19,,,,1,62:0.58,,,
271.6417,frame,8116,278.892411,46.95,66.64,362.32,512,384,BGR888p,,,,,
271.6417,detections,8116,278.892411,46.85,66.64,362.37,,,,3,41:0.63 62:0.62 56:0.51,,,
271.6898,frame,8117,278.925733,48.14,33.32,377.14,512,384,BGR888p,,,,,
271.6899,detections,8117,278.925733,48.15,33.32,377.2,,,,3,62:0.66 56:0.59 66:0.54,,,
271.7356,frame,8119,278.992376,45.8,66.64,356.3,512,384,BGR888p,,,,,
271.7357,detections,8119,278.992376,45.8,66.64,356.35,,,,4,56:0.73 62:0.66 66:0.57 63:0.56,,,
271.7835,frame,8120,279.025701,47.87,33.33,370.84,512,384,BGR888p,,,,,
271.7836,detections,8120,279.025701,47.87,33.33,370.9,,,,5,56:0.81 41:0.69 66:0.67 63:0.54 62:0.54,,,
271.8286,frame,8121,279.05902,45.17,33.32,382.75,512,384,BGR888p,,,,,
271.8288,detections,8121,279.05902,45.26,33.32,382.85,,,,2,62:0.64 56:0.64,,,
271.876,frame,8123,279.125664,47.34,66.64,363.39,512,384,BGR888p,,,,,
271.8761,detections,8123,279.125664,47.27,66.64,363.46,,,,3,62:0.75 66:0.61 41:0.51,,,
271.9238,frame,8124,279.158987,47.8,33.32,377.89,512,384,BGR888p,,,,,
271.9239,detections,8124,279.158987,47.84,33.32,378.0,,,,4,56:0.62 63:0.53 66:0.52 41:0.51,,,
271.9709,frame,8126,279.225629,47.12,66.64,358.34,512,384,BGR888p,,,,,
271.9711,detections,8126,279.225629,47.18,66.64,358.53,,,,0,,,,
272.0171,frame,8127,279.258953,46.22,33.32,371.23,512,384,BGR888p,,,,,
272.0174,detections,8127,279.258953,46.29,33.32,371.49,,,,0,,,,
272.0631,frame,8128,279.292276,45.96,33.32,383.91,512,384,BGR888p,,,,,
272.0632,detections,8128,279.292276,45.81,33.32,383.98,,,,2,63:0.67 62:0.58,,,
272.1105,frame,8130,279.358917,47.45,66.64,364.67,512,384,BGR888p,,,,,
272.1106,detections,8130,279.358917,47.42,66.64,364.78,,,,1,71:0.64,,,
272.1572,frame,8131,279.39224,46.65,33.32,378.0,512,384,BGR888p,,,,,
272.1573,detections,8131,279.39224,46.63,33.32,378.07,,,,0,,,,
272.2035,frame,8133,279.458883,46.35,66.64,357.72,512,384,BGR888p,,,,,
272.2036,detections,8133,279.458883,46.37,66.64,357.8,,,,0,,,,
272.2508,frame,8134,279.492207,47.25,33.32,371.63,512,384,BGR888p,,,,,
272.2516,detections,8134,279.492207,47.95,33.32,372.43,,,,1,41:0.67,,,
272.2954,frame,8135,279.525526,44.66,33.32,382.97,512,384,BGR888p,,,,,
272.2955,detections,8135,279.525526,43.92,33.32,383.02,,,,1,62:0.56,,,
272.3418,frame,8137,279.592172,46.4,66.65,362.74,512,384,BGR888p,,,,,
272.3419,detections,8137,279.592172,46.42,66.65,362.79,,,,2,62:0.69 62:0.60,,,
272.342,system,0,,1024.98,,,,,,,,51.74,35.1,18.1
272.3897,frame,8138,279.625493,47.86,33.32,377.28,512,384,BGR888p,,,,,
272.3898,detections,8138,279.625493,47.86,33.32,377.33,,,,2,62:0.58 62:0.57,,,
272.4376,frame,8140,279.692136,47.93,66.64,358.56,512,384,BGR888p,,,,,
272.4385,detections,8140,279.692136,48.72,66.64,359.42,,,,6,41:0.64 56:0.57 62:0.57 66:0.57 64:0.51 64:0.51,,,
272.4859,frame,8141,279.725459,48.24,33.32,373.49,512,384,BGR888p,,,,,
272.486,detections,8141,279.725459,47.46,33.32,373.55,,,,5,62:0.72 41:0.67 63:0.56 66:0.52 56:0.51,,,
272.5297,frame,8142,279.758779,43.84,33.32,384.0,512,384,BGR888p,,,,,
272.5298,detections,8142,279.758779,43.83,33.32,384.06,,,,1,62:0.54,,,
272.5769,frame,8144,279.825424,47.15,66.64,364.5,512,384,BGR888p,,,,,
272.5769,detections,8144,279.825424,47.14,66.64,364.55,,,,2,62:0.72 62:0.52,,,
272.6236,frame,8145,279.858746,46.75,33.32,377.93,512,384,BGR888p,,,,,
272.6237,detections,8145,279.858746,46.8,33.32,378.03,,,,2,62:0.70 62:0.67,,,
272.6719,frame,8147,279.925389,48.3,66.64,359.61,512,384,BGR888p,,,,,
272.672,detections,8147,279.925389,48.27,66.64,359.66,,,,1,62:0.74,,,
272.7196,frame,8148,279.958712,47.65,33.32,373.94,512,384,BGR888p,,,,,
272.7197,detections,8148,279.958712,47.66,33.32,374.0,,,,3,41:0.66 62:0.60 64:0.51,,,
272.7642,frame,8149,279.992032,44.58,33.32,385.19,512,384,BGR888p,,,,,
272.7642,detections,8149,279.992032,44.57,33.32,385.29,,,,3,63:0.63 63:0.50 41:0.50,,,
272.8108,frame,8151,280.058677,46.67,66.64,365.22,512,384,BGR888p,,,,,
272.8109,detections,8151,280.058677,46.67,66.64,365.28,,,,2,41:0.64 62:0.62,,,
272.859,frame,8152,280.092,48.12,33.32,380.03,512,384,BGR888p,,,,,
272.859,detections,8152,280.092,48.14,33.32,380.09,,,,2,62:0.62 41:0.56,,,
272.9078,frame,8154,280.158643,48.88,66.64,362.26,512,384,BGR888p,,,,,
272.9079,detections,8154,280.158643,48.87,66.64,362.31,,,,1,62:0.68,,,
272.9556,frame,8155,280.191965,47.81,33.32,376.74,512,384,BGR888p,,,,,
272.9557,detections,8155,280.191965,47.8,33.32,376.79,,,,2,62:0.65 41:0.55,,,
273.0026,frame,8156,280.225285,46.91,33.32,390.33,512,384,BGR888p,,,,,
273.0026,detections,8156,280.225285,46.93,33.32,390.4,,,,2,62:0.77 41:0.56,,,
273.0488,frame,8158,280.29193,46.28,66.64,369.98,512,384,BGR888p,,,,,
273.0489,detections,8158,280.29193,46.28,66.64,370.03,,,,3,63:0.68 41:0.57 62:0.51,,,
273.0945,frame,8159,280.325255,45.67,33.33,382.31,512,384,BGR888p,,,,,
273.0946,detections,8159,280.325255,45.66,33.33,382.37,,,,2,62:0.80 41:0.69,,,
273.1411,frame,8161,280.391895,46.63,66.64,362.3,512,384,BGR888p,,,,,
273.1412,detections,8161,280.391895,46.63,66.64,362.36,,,,1,63:0.86,,,
273.1893,frame,8162,280.425218,48.14,33.32,377.11,512,384,BGR888p,,,,,
273.1893,detections,8162,280.425218,48.13,33.32,377.17,,,,3,63:0.90 64:0.55 41:0.53,,,
273.2361,frame,8163,280.458539,46.8,33.32,390.6,512,384,BGR888p,,,,,
273.2367,detections,8163,280.458539,47.37,33.32,391.23,,,,3,63:0.84 64:0.64 41:0.55,,,
273.2836,frame,8165,280.525185,47.49,66.65,371.45,512,384,BGR888p,,,,,
273.2848,detections,8165,280.525185,48.12,66.65,372.71,,,,1,63:0.94,,,
273.3292,frame,8166,280.558506,45.63,33.32,383.75,512,384,BGR888p,,,,,
273.3293,detections,8166,280.558506,44.44,33.32,383.82,,,,1,63:0.88,,,
273.3293,system,0,,987.35,,,,,,,,51.96,34.4,16.6
273.3752,frame,8168,280.625149,45.96,66.64,362.66,512,384,BGR888p,,,,,
273.3753,detections,8168,280.625149,45.98,66.64,362.75,,,,2,64:0.85 62:0.69,,,
273.4233,frame,8169,280.658471,48.11,33.32,377.45,512,384,BGR888p,,,,,
273.4234,detections,8169,280.658471,48.12,33.32,377.55,,,,2,64:0.72 62:0.65,,,
273.4713,frame,8171,280.725114,48.05,66.64,358.87,512,384,BGR888p,,,,,
273.4714,detections,8171,280.725114,48.05,66.64,358.95,,,,3,63:0.96 64:0.75 62:0.52,,,
273.5181,frame,8172,280.758439,46.77,33.32,372.29,512,384,BGR888p,,,,,
273.5182,detections,8172,280.758439,46.75,33.32,372.37,,,,2,63:0.81 64:0.76,,,
273.5626,frame,8173,280.791758,44.54,33.32,383.52,512,384,BGR888p,,,,,
273.5627,detections,8173,280.791758,44.56,33.32,383.61,,,,2,63:0.89 64:0.65,,,
273.6087,frame,8175,280.858404,46.09,66.65,362.97,512,384,BGR888p,,,,,
273.6088,detections,8175,280.858404,46.09,66.65,363.05,,,,2,64:0.79 63:0.77,,,
273.6566,frame,8176,280.891729,47.88,33.32,377.52,512,384,BGR888p,,,,,
273.6567,detections,8176,280.891729,47.94,33.32,377.66,,,,1,63:0.79,,,
273.7052,frame,8178,280.958367,48.64,66.64,359.53,512,384,BGR888p,,,,,
273.7053,detections,8178,280.958367,48.59,66.64,359.61,,,,2,63:0.95 64:0.74,,,
273.7516,frame,8179,280.991691,46.4,33.32,372.6,512,384,BGR888p,,,,,
273.7525,detections,8179,280.991691,47.17,33.32,373.46,,,,2,63:0.94 64:0.71,,,
273.7979,frame,8180,281.025011,46.29,33.32,385.57,512,384,BGR888p,,,,,
273.798,detections,8180,281.025011,45.51,33.32,385.66,,,,2,63:0.94 64:0.83,,,
273.8439,frame,8182,281.091655,45.93,66.64,364.85,512,384,BGR888p,,,,,
273.8439,detections,8182,281.091655,45.92,66.64,364.93,,,,1,63:0.57,,,
273.8909,frame,8183,281.124978,47.01,33.32,378.54,512,384,BGR888p,,,,,
273.8909,detections,8183,281.124978,47.0,33.32,378.6,,,,1,63:0.83,,,
273.9419,frame,8185,281.191622,50.99,66.64,362.89,512,384,BGR888p,,,,,
273.9419,detections,8185,281.191622,50.99,66.64,362.94,,,,1,63:0.93,,,
273.9896,frame,8186,281.224944,47.72,33.32,377.3,512,384,BGR888p,,,,,
273.9897,detections,8186,281.224944,47.75,33.32,377.38,,,,2,63:0.92 64:0.58,,,
274.0379,frame,8187,281.258264,48.34,33.32,392.32,512,384,BGR888p,,,,,
274.038,detections,8187,281.258264,48.34,33.32,392.41,,,,1,63:0.93,,,
274.0844,frame,8189,281.324909,46.48,66.64,372.16,512,384,BGR888p,,,,,
274.0845,detections,8189,281.324909,46.48,66.64,372.24,,,,1,63:0.89,,,
274.1291,frame,8190,281.358234,44.73,33.32,383.56,512,384,BGR888p,,,,,
274.1292,detections,8190,281.358234,44.72,33.32,383.69,,,,2,63:0.86 0:0.72,,,
274.1757,frame,8192,281.424874,46.57,66.64,363.49,512,384,BGR888p,,,,,
274.1758,detections,8192,281.424874,46.57,66.64,363.57,,,,1,63:0.87,,,
274.2229,frame,8193,281.458199,47.24,33.32,377.38,512,384,BGR888p,,,,,
274.2237,detections,8193,281.458199,47.9,33.32,378.14,,,,1,63:0.82,,,
274.2722,frame,8194,281.491517,49.23,33.32,393.3,512,384,BGR888p,,,,,
274.2722,detections,8194,281.491517,48.53,33.32,393.35,,,,1,63:0.88,,,
274.3171,frame,8196,281.558163,44.9,66.65,371.56,512,384,BGR888p,,,,,
274.3172,detections,8196,281.558163,44.92,66.65,371.62,,,,2,63:0.72 63:0.51,,,
274.3172,system,0,,987.88,,,,,,,,51.79,34.4,17.7
274.3626,frame,8197,281.591483,45.49,33.32,383.73,512,384,BGR888p,,,,,
274.3626,detections,8197,281.591483,45.5,33.32,383.81,,,,3,63:0.82 63:0.68 63:0.52,,,
274.4086,frame,8199,281.658128,46.01,66.64,363.09,512,384,BGR888p,,,,,
274.4087,detections,8199,281.658128,46.0,66.64,363.17,,,,3,63:0.51 63:0.51 63:0.50,,,
274.4557,frame,8200,281.69145,47.17,33.32,376.95,512,384,BGR888p,,,,,
274.4558,detections,8200,281.69145,47.19,33.32,377.03,,,,2,62:0.58 63:0.53,,,
274.5035,frame,8202,281.758093,47.76,66.64,358.06,512,384,BGR888p,,,,,
274.5036,detections,8202,281.758093,47.75,66.64,358.13,,,,1,62:0.58,,,
274.5493,frame,8203,281.791416,45.79,33.32,370.56,512,384,BGR888p,,,,,
274.5494,detections,8203,281.791416,45.82,33.32,370.64,,,,1,63:0.56,,,
274.5956,frame,8204,281.824736,46.29,33.32,383.5,512,384,BGR888p,,,,,
274.5957,detections,8204,281.824736,46.27,33.32,383.59,,,,1,62:0.60,,,
274.6418,frame,8206,281.891381,46.24,66.65,363.09,512,384,BGR888p,,,,,
274.6419,detections,8206,281.891381,46.21,66.65,363.14,,,,1,63:0.71,,,
274.6893,frame,8207,281.924703,47.53,33.32,377.3,512,384,BGR888p,,,,,
274.6895,detections,8207,281.924703,47.61,33.32,377.44,,,,1,63:0.79,,,
274.7362,frame,8209,281.991347,46.89,66.64,357.56,512,384,BGR888p,,,,,
274.7363,detections,8209,281.991347,46.85,66.64,357.64,,,,1,63:0.70,,,
274.7827,frame,8210,282.024674,46.47,33.33,370.69,512,384,BGR888p,,,,,
274.7829,detections,8210,282.024674,46.56,33.33,370.88,,,,1,63:0.67,,,
274.8288,frame,8211,282.057989,46.13,33.32,383.5,512,384,BGR888p,,,,,
274.8289,detections,8211,282.057989,46.02,33.32,383.58,,,,1,63:0.83,,,
274.875,frame,8213,282.124635,46.16,66.65,363.02,512,384,BGR888p,,,,,
274.8751,detections,8213,282.124635,46.16,66.65,363.1,,,,1,63:0.70,,,
274.9224,frame,8214,282.157957,47.44,33.32,377.14,512,384,BGR888p,,,,,
274.9225,detections,8214,282.157957,47.44,33.32,377.22,,,,1,63:0.73,,,
274.9696,frame,8216,282.224599,47.2,66.64,357.7,512,384,BGR888p,,,,,
274.9697,detections,8216,282.224599,47.21,66.64,357.78,,,,1,63:0.70,,,
275.0167,frame,8217,282.257922,47.07,33.32,371.44,512,384,BGR888p,,,,,
275.0169,detections,8217,282.257922,47.15,33.32,371.61,,,,1,62:0.58,,,
275.0621,frame,8218,282.291242,45.44,33.32,383.56,512,384,BGR888p,,,,,
275.0622,detections,8218,282.291242,45.35,33.32,383.67,,,,1,62:0.65,,,
275.1092,frame,8220,282.357888,47.04,66.65,363.94,512,384,BGR888p,,,,,
275.1093,detections,8220,282.357888,47.06,66.65,364.05,,,,1,62:0.69,,,
275.157,frame,8221,282.391209,47.84,33.32,378.47,512,384,BGR888p,,,,,
275.1571,detections,8221,282.391209,47.8,33.32,378.52,,,,1,62:0.67,,,
275.206,frame,8223,282.457853,48.96,66.64,360.78,512,384,BGR888p,,,,,
275.206,detections,8223,282.457853,48.95,66.64,360.83,,,,1,62:0.72,,,
275.2519,frame,8224,282.491176,45.92,33.32,373.38,512,384,BGR888p,,,,,
275.252,detections,8224,282.491176,45.93,33.32,373.44,,,,1,62:0.72,,,
275.2967,frame,8225,282.524497,44.82,33.32,384.88,512,384,BGR888p,,,,,
275.2968,detections,8225,282.524497,44.84,33.32,384.96,,,,1,62:0.70,,,
275.3429,frame,8227,282.59114,46.17,66.64,364.41,512,384,BGR888p,,,,,
275.343,detections,8227,282.59114,46.16,66.64,364.48,,,,1,62:0.76,,,
275.343,system,0,,1025.84,,,,,,,,52.29,34.2,16.8
275.3899,frame,8228,282.624463,47.05,33.32,378.12,512,384,BGR888p,,,,,
275.39,detections,8228,282.624463,47.02,33.32,378.17,,,,1,62:0.88,,,
275.4395,frame,8230,282.691106,49.53,66.64,361.03,512,384,BGR888p,,,,,
275.4396,detections,8230,282.691106,49.57,66.64,361.11,,,,1,62:0.67,,,
275.4849,frame,8231,282.72443,45.4,33.32,373.1,512,384,BGR888p,,,,,
275.485,detections,8231,282.72443,45.4,33.32,373.18,,,,1,62:0.82,,,
275.5289,frame,8232,282.757749,44.01,33.32,383.78,512,384,BGR888p,,,,,
275.529,detections,8232,282.757749,43.99,33.32,383.85,,,,1,62:0.80,,,
275.5752,frame,8234,282.824394,46.33,66.64,363.49,512,384,BGR888p,,,,,
275.5753,detections,8234,282.824394,46.36,66.64,363.57,,,,1,62:0.77,,,
275.6224,frame,8235,282.857717,47.21,33.32,377.36,512,384,BGR888p,,,,,
275.6225,detections,8235,282.857717,47.18,33.32,377.43,,,,1,62:0.77,,,
275.6696,frame,8237,282.924359,47.18,66.64,357.91,512,384,BGR888p,,,,,
275.6697,detections,8237,282.924359,47.2,66.64,357.99,,,,1,62:0.79,,,
275.7169,frame,8238,282.957682,47.32,33.32,371.9,512,384,BGR888p,,,,,
275.7171,detections,8238,282.957682,47.38,33.32,372.05,,,,1,62:0.82,,,
275.7628,frame,8239,282.991002,45.86,33.32,384.44,512,384,BGR888p,,,,,
275.7629,detections,8239,282.991002,45.79,33.32,384.52,,,,1,62:0.82,,,
275.8089,frame,8241,283.057647,46.14,66.64,363.93,512,384,BGR888p,,,,,
275.809,detections,8241,283.057647,46.14,66.64,364.01,,,,1,62:0.77,,,
275.8552,frame,8242,283.090969,46.28,33.32,376.88,512,384,BGR888p,,,,,
275.8553,detections,8242,283.090969,46.3,33.32,377.0,,,,1,62:0.72,,,
275.9044,frame,8244,283.157612,49.21,66.64,359.46,512,384,BGR888p,,,,,
275.9045,detections,8244,283.157612,49.19,66.64,359.54,,,,1,62:0.74,,,
275.9498,frame,8245,283.190937,45.39,33.33,371.53,512,384,BGR888p,,,,,
275.9499,detections,8245,283.190937,45.39,33.33,371.61,,,,1,62:0.79,,,
275.9961,frame,8246,283.224255,46.28,33.32,384.5,512,384,BGR888p,,,,,
275.9962,detections,8246,283.224255,46.29,33.32,384.58,,,,1,62:0.76,,,
276.0418,frame,8248,283.2909,45.71,66.64,363.53,512,384,BGR888p,,,,,
276.0418,detections,8248,283.2909,45.65,66.64,363.58,,,,1,62:0.72,,,
276.0896,frame,8249,283.324222,47.78,33.32,378.01,512,384,BGR888p,,,,,
276.0897,detections,8249,283.324222,47.81,33.32,378.06,,,,1,62:0.64,,,
276.135,frame,8251,283.390865,45.45,66.64,356.81,512,384,BGR888p,,,,,
276.1359,detections,8251,283.390865,46.28,66.64,357.72,,,,2,62:0.81 66:0.50,,,
276.1821,frame,8252,283.424188,47.09,33.32,370.59,512,384,BGR888p,,,,,
276.1822,detections,8252,283.424188,46.27,33.32,370.65,,,,1,62:0.83,,,
276.2283,frame,8253,283.457508,46.15,33.32,383.42,512,384,BGR888p,,,,,
276.2284,detections,8253,283.457508,46.17,33.32,383.5,,,,1,62:0.68,,,
276.2748,frame,8255,283.524153,46.53,66.64,363.3,512,384,BGR888p,,,,,
276.2749,detections,8255,283.524153,46.52,66.64,363.38,,,,1,62:0.69,,,
276.3226,frame,8256,283.557476,47.76,33.32,377.75,512,384,BGR888p,,,,,
276.3227,detections,8256,283.557476,47.78,33.32,377.82,,,,2,62:0.77 63:0.52,,,
276.3227,system,0,,979.67,,,,,,,,51.91,34.1,16.7
276.3709,frame,8258,283.624118,48.34,66.64,359.43,512,384,BGR888p,,,,,
276.371,detections,8258,283.624118,48.31,66.64,359.5,,,,1,62:0.72,,,
276.4173,frame,8259,283.657441,46.43,33.32,372.56,512,384,BGR888p,,,,,
276.4174,detections,8259,283.657441,46.45,33.32,372.63,,,,1,62:0.69,,,
276.463,frame,8260,283.690762,45.72,33.32,384.95,512,384,BGR888p,,,,,
276.4631,detections,8260,283.690762,45.72,33.32,385.03,,,,1,62:0.78,,,
276.5101,frame,8262,283.757408,47.1,66.65,365.39,512,384,BGR888p,,,,,
276.5102,detections,8262,283.757408,47.08,66.65,365.46,,,,1,62:0.82,,,
276.5571,frame,8263,283.790732,46.94,33.32,379.01,512,384,BGR888p,,,,,
276.5572,detections,8263,283.790732,46.95,33.32,379.08,,,,1,62:0.58,,,
276.606,frame,8265,283.857372,48.96,66.64,361.32,512,384,BGR888p,,,,,
276.6061,detections,8265,283.857372,48.95,66.64,361.38,,,,1,62:0.80,,,
276.6537,frame,8266,283.890696,47.62,33.32,375.62,512,384,BGR888p,,,,,
276.6537,detections,8266,283.890696,47.62,33.32,375.67,,,,1,62:0.71,,,
276.7007,frame,8267,283.924015,47.01,33.32,389.31,512,384,BGR888p,,,,,
276.7007,detections,8267,283.924015,47.01,33.32,389.37,,,,1,62:0.79,,,
276.7479,frame,8269,283.99066,47.2,66.64,369.87,512,384,BGR888p,,,,,
276.748,detections,8269,283.99066,47.25,66.64,369.98,,,,1,62:0.72,,,
276.7932,frame,8270,284.023982,45.35,33.32,381.91,512,384,BGR888p,,,,,
276.7933,detections,8270,284.023982,45.34,33.32,381.99,,,,1,62:0.75,,,
276.8403,frame,8272,284.090625,47.09,66.64,362.34,512,384,BGR888p,,,,,
276.8404,detections,8272,284.090625,47.05,66.64,362.4,,,,2,62:0.82 63:0.54,,,
276.8882,frame,8273,284.12395,47.9,33.32,376.96,512,384,BGR888p,,,,,
276.8883,detections,8273,284.12395,47.94,33.32,377.02,,,,1,62:0.85,,,
276.9342,frame,8274,284.157268,46.02,33.32,389.67,512,384,BGR888p,,,,,
276.9344,detections,8274,284.157268,46.03,33.32,389.72,,,,2,63:0.79 62:0.66,,,
276.9814,frame,8276,284.223913,47.15,66.64,370.14,512,384,BGR888p,,,,,
276.9815,detections,8276,284.223913,47.11,66.64,370.19,,,,4,62:0.80 39:0.63 63:0.61 39:0.57,,,
277.0273,frame,8277,284.257237,45.92,33.32,382.72,512,384,BGR888p,,,,,
277.0274,detections,8277,284.257237,45.91,33.32,382.78,,,,4,63:0.89 39:0.64 39:0.55 62:0.55,,,
277.0743,frame,8279,284.323878,47.02,66.64,363.1,512,384,BGR888p,,,,,
277.0744,detections,8279,284.323878,47.02,66.64,363.16,,,,4,63:0.94 39:0.60 39:0.58 65:0.56,,,
277.1224,frame,8280,284.357201,48.06,33.32,377.83,512,384,BGR888p,,,,,
277.1225,detections,8280,284.357201,48.05,33.32,377.89,,,,6,63:0.86 62:0.74 39:0.71 41:0.66 65:0.59 41:0.57,,,
277.1681,frame,8282,284.423843,45.66,66.64,356.86,512,384,BGR888p,,,,,
277.1691,detections,8282,284.423843,46.65,66.64,357.91,,,,2,62:0.62 41:0.58,,,
277.2144,frame,8283,284.457167,46.34,33.32,369.87,512,384,BGR888p,,,,,
277.2145,detections,8283,284.457167,45.35,33.32,369.93,,,,2,62:0.86 56:0.51,,,
277.2593,frame,8284,284.490492,44.87,33.32,381.43,512,384,BGR888p,,,,,
277.2593,detections,8284,284.490492,44.88,33.32,381.48,,,,5,39:0.76 62:0.76 41:0.62 41:0.59 62:0.56,,,
277.3055,frame,8286,284.557131,46.27,66.64,361.06,512,384,BGR888p,,,,,
277.3056,detections,8286,284.557131,46.28,66.64,361.12,,,,4,39:0.75 62:0.72 41:0.60 39:0.56,,,
277.3057,system,0,,982.95,,,,,,,,52.02,34.3,17.2
277.3546,frame,8287,284.590454,49.07,33.32,376.81,512,384,BGR888p,,,,,
277.3547,detections,8287,284.590454,49.07,33.32,376.87,,,,0,,,,
277.4006,frame,8289,284.657097,46.04,66.64,356.2,512,384,BGR888p,,,,,
277.4007,detections,8289,284.657097,46.04,66.64,356.26,,,,1,62:0.58,,,
277.446,frame,8290,284.690422,45.4,33.32,368.27,512,384,BGR888p,,,,,
277.4467,detections,8290,284.690422,46.0,33.32,368.95,,,,4,41:0.65 39:0.55 62:0.54 41:0.51,,,
277.493,frame,8291,284.72374,46.94,33.32,381.89,512,384,BGR888p,,,,,
277.4931,detections,8291,284.72374,46.33,33.32,381.95,,,,1,41:0.60,,,
277.5402,frame,8293,284.790385,47.19,66.64,362.44,512,384,BGR888p,,,,,
277.5402,detections,8293,284.790385,47.19,66.64,362.5,,,,2,39:0.74 41:0.57,,,
277.5886,frame,8294,284.823707,48.42,33.32,377.53,512,384,BGR888p,,,,,
277.5887,detections,8294,284.823707,48.41,33.32,377.59,,,,0,,,,
277.6367,frame,8296,284.890351,48.09,66.64,358.99,512,384,BGR888p,,,,,
277.6368,detections,8296,284.890351,48.1,66.64,359.04,,,,1,62:0.50,,,
277.6817,frame,8297,284.923673,45.06,33.32,370.72,512,384,BGR888p,,,,,
277.6818,detections,8297,284.923673,45.06,33.32,370.78,,,,0,,,,
277.727,frame,8298,284.957002,45.22,33.33,382.61,512,384,BGR888p,,,,,
277.727,detections,8298,284.957002,45.22,33.33,382.67,,,,0,,,,
277.7745,frame,8300,285.023638,47.53,66.64,363.5,512,384,BGR888p,,,,,
277.7746,detections,8300,285.023638,47.59,66.64,363.63,,,,2,56:0.60 41:0.53,,,
277.8216,frame,8301,285.05696,47.14,33.32,377.37,512,384,BGR888p,,,,,
277.8218,detections,8301,285.05696,47.16,33.32,377.48,,,,2,56:0.57 0:0.55,,,
277.869,frame,8303,285.123603,47.33,66.64,358.01,512,384,BGR888p,,,,,
277.869,detections,8303,285.123603,47.24,66.64,358.06,,,,2,41:0.59 39:0.50,,,
277.9147,frame,8304,285.156927,45.76,33.32,370.44,512,384,BGR888p,,,,,
277.9148,detections,8304,285.156927,45.75,33.32,370.49,,,,0,,,,
277.9616,frame,8305,285.190246,46.86,33.32,383.98,512,384,BGR888p,,,,,
277.9616,detections,8305,285.190246,46.86,33.32,384.03,,,,2,63:0.54 39:0.54,,,
278.0079,frame,8307,285.256893,46.33,66.65,363.7,512,384,BGR888p,,,,,
278.008,detections,8307,285.256893,46.39,66.65,363.77,,,,2,39:0.62 63:0.52,,,
278.055,frame,8308,285.290213,47.06,33.32,377.39,512,384,BGR888p,,,,,
278.055,detections,8308,285.290213,46.99,33.32,377.44,,,,3,63:0.67 39:0.64 41:0.60,,,
278.1031,frame,8310,285.356857,48.18,66.64,358.94,512,384,BGR888p,,,,,
278.1032,detections,8310,285.356857,48.19,66.64,358.99,,,,2,39:0.70 41:0.62,,,
278.1508,frame,8311,285.390181,47.71,33.32,373.32,512,384,BGR888p,,,,,
278.1509,detections,8311,285.390181,47.71,33.32,373.38,,,,2,63:0.55 41:0.54,,,
278.1962,frame,8312,285.4235,45.38,33.32,385.4,512,384,BGR888p,,,,,
278.1963,detections,8312,285.4235,45.4,33.32,385.45,,,,0,,,,
278.2423,frame,8314,285.490145,46.08,66.64,364.81,512,384,BGR888p,,,,,
278.2424,detections,8314,285.490145,46.06,66.64,364.87,,,,2,39:0.70 41:0.65,,,
278.2883,frame,8315,285.523468,45.97,33.32,377.48,512,384,BGR888p,,,,,
278.2884,detections,8315,285.523468,45.99,33.32,377.53,,,,1,41:0.60,,,
278.3368,frame,8317,285.59011,48.55,66.64,359.37,512,384,BGR888p,,,,,
278.3369,detections,8317,285.59011,48.53,66.64,359.43,,,,1,41:0.56,,,
278.3369,system,0,,1031.28,,,,,,,,52.02,33.9,17.2
278.3836,frame,8318,285.623434,46.75,33.32,372.8,512,384,BGR888p,,,,,
278.3837,detections,8318,285.623434,46.75,33.32,372.86,,,,1,72:0.60,,,
278.4292,frame,8319,285.656753,45.62,33.32,385.14,512,384,BGR888p,,,,,
278.4293,detections,8319,285.656753,45.68,33.32,385.21,,,,1,51:0.58,,,
278.4757,frame,8321,285.723397,46.47,66.64,364.94,512,384,BGR888p,,,,,
278.4758,detections,8321,285.723397,46.43,66.64,365.01,,,,1,39:0.51,,,
278.5215,frame,8322,285.75672,45.78,33.32,377.39,512,384,BGR888p,,,,,
278.5215,detections,8322,285.75672,45.76,33.32,377.44,,,,1,41:0.51,,,
278.5692,frame,8324,285.823363,47.75,66.64,358.49,512,384,BGR888p,,,,,
278.5693,detections,8324,285.823363,47.75,66.64,358.55,,,,1,51:0.55,,,
278.6143,frame,8325,285.856686,45.07,33.32,370.24,512,384,BGR888p,,,,,
278.6144,detections,8325,285.856686,45.07,33.32,370.3,,,,0,,,,
278.6602,frame,8326,285.890006,45.91,33.32,382.81,512,384,BGR888p,,,,,
278.6602,detections,8326,285.890006,45.88,33.32,382.89,,,,2,39:0.77 41:0.57,,,
278.7073,frame,8328,285.956651,47.13,66.64,363.31,512,384,BGR888p,,,,,
278.7074,detections,8328,285.956651,47.16,66.64,363.38,,,,0,,,,
278.7547,frame,8329,285.989989,47.41,33.34,377.37,512,384,BGR888p,,,,,
278.7548,detections,8329,285.989989,47.38,33.34,377.42,,,,2,39:0.60 39:0.53,,,
278.8022,frame,8331,286.056616,47.5,66.63,358.28,512,384,BGR888p,,,,,
278.8024,detections,8331,286.056616,47.62,66.63,358.42,,,,3,39:0.66 63:0.53 39:0.51,,,
278.8491,frame,8332,286.08994,46.84,33.32,371.77,512,384,BGR888p,,,,,
278.8492,detections,8332,286.08994,46.84,33.32,371.98,,,,1,41:0.53,,,
278.8954,frame,8333,286.123259,46.35,33.32,384.8,512,384,BGR888p,,,,,
278.8955,detections,8333,286.123259,46.25,33.32,384.86,,,,2,39:0.75 39:0.55,,,
278.9406,frame,8335,286.189905,45.23,66.65,363.38,512,384,BGR888p,,,,,
278.9407,detections,8335,286.189905,45.23,66.65,363.44,,,,1,39:0.69,,,
278.9878,frame,8336,286.223226,47.17,33.32,377.25,512,384,BGR888p,,,,,
278.9879,detections,8336,286.223226,47.2,33.32,377.33,,,,1,39:0.76,,,
279.0364,frame,8338,286.289869,48.62,66.64,359.23,512,384,BGR888p,,,,,
279.0372,detections,8338,286.289869,49.24,66.64,359.93,,,,2,39:0.77 39:0.57,,,
279.0828,frame,8339,286.323195,46.33,33.33,372.22,512,384,BGR888p,,,,,
279.0832,detections,8339,286.323195,46.06,33.33,372.67,,,,1,39:0.76,,,
279.1291,frame,8340,286.356514,46.33,33.32,385.22,512,384,BGR888p,,,,,
279.1292,detections,8340,286.356514,45.94,33.32,385.28,,,,1,39:0.51,,,
279.1754,frame,8342,286.423158,46.34,66.64,364.94,512,384,BGR888p,,,,,
279.1755,detections,8342,286.423158,46.37,66.64,365.01,,,,0,,,,
279.2221,frame,8343,286.45648,46.63,33.32,378.23,512,384,BGR888p,,,,,
279.2221,detections,8343,286.45648,46.6,33.32,378.29,,,,0,,,,
279.2701,frame,8345,286.523123,48.01,66.64,359.59,512,384,BGR888p,,,,,
279.2701,detections,8345,286.523123,47.99,66.64,359.64,,,,2,39:0.74 39:0.58,,,
279.3172,frame,8346,286.556448,47.09,33.32,373.36,512,384,BGR888p,,,,,
279.3172,detections,8346,286.556448,47.09,33.32,373.41,,,,1,39:0.52,,,
279.3173,system,0,,980.36,,,,,,,,51.96,35.1,17.1
279.3614,frame,8347,286.589766,44.25,33.32,384.29,512,384,BGR888p,,,,,
279.3615,detections,8347,286.589766,44.25,33.32,384.34,,,,0,,,,
279.4078,frame,8349,286.656413,46.38,66.65,364.02,512,384,BGR888p,,,,,
279.4079,detections,8349,286.656413,46.38,66.65,364.08,,,,1,39:0.63,,,
279.4549,frame,8350,286.689733,47.08,33.32,377.8,512,384,BGR888p,,,,,
279.455,detections,8350,286.689733,47.1,33.32,377.85,,,,0,,,,
279.5019,frame,8352,286.756376,47.05,66.64,358.2,512,384,BGR888p,,,,,
279.5026,detections,8352,286.756376,47.68,66.64,358.91,,,,2,39:0.52 39:0.51,,,
279.5484,frame,8353,286.789699,46.47,33.32,371.34,512,384,BGR888p,,,,,
279.5485,detections,8353,286.789699,45.87,33.32,371.45,,,,2,39:0.76 39:0.67,,,
279.5942,frame,8354,286.82302,45.78,33.32,383.82,512,384,BGR888p,,,,,
279.5943,detections,8354,286.82302,45.82,33.32,383.94,,,,0,,,,
279.6404,frame,8356,286.889664,46.24,66.64,363.41,512,384,BGR888p,,,,,
279.6405,detections,8356,286.889664,46.2,66.64,363.49,,,,3,39:0.78 39:0.76 56:0.60,,,
279.688,frame,8357,286.922986,47.55,33.32,377.64,512,384,BGR888p,,,,,
279.6881,detections,8357,286.922986,47.55,33.32,377.72,,,,0,,,,
279.7346,frame,8359,286.989629,46.65,66.64,357.64,512,384,BGR888p,,,,,
279.7354,detections,8359,286.989629,47.29,66.64,358.37,,,,0,,,,
279.7822,frame,8360,287.022953,47.57,33.32,371.89,512,384,BGR888p,,,,,
279.7823,detections,8360,287.022953,46.93,33.32,371.98,,,,0,,,,
279.828,frame,8361,287.056274,45.81,33.32,384.38,512,384,BGR888p,,,,,
279.8282,detections,8361,287.056274,45.87,33.32,384.53,,,,0,,,,
279.8752,frame,8363,287.122917,47.24,66.64,365.0,512,384,BGR888p,,,,,
279.8754,detections,8363,287.122917,47.19,66.64,365.07,,,,3,56:0.74 24:0.61 28:0.50,,,
279.9223,frame,8364,287.156239,47.03,33.32,378.68,512,384,BGR888p,,,,,
279.9223,detections,8364,287.156239,46.99,33.32,378.74,,,,2,56:0.78 24:0.60,,,
279.9708,frame,8366,287.222882,48.49,66.64,360.53,512,384,BGR888p,,,,,
279.9708,detections,8366,287.222882,48.49,66.64,360.59,,,,0,,,,
280.0166,frame,8367,287.256208,45.87,33.33,373.08,512,384,BGR888p,,,,,
280.0167,detections,8367,287.256208,45.88,33.33,373.14,,,,1,56:0.68,,,
280.0603,frame,8368,287.289525,43.71,33.32,383.48,512,384,BGR888p,,,,,
280.0604,detections,8368,287.289525,43.72,33.32,383.55,,,,1,56:0.77,,,
280.1064,frame,8370,287.356172,46.06,66.65,362.89,512,384,BGR888p,,,,,
280.1065,detections,8370,287.356172,46.05,66.65,362.96,,,,1,56:0.57,,,
280.1555,frame,8371,287.389496,49.08,33.32,378.65,512,384,BGR888p,,,,,
280.1556,detections,8371,287.389496,49.08,33.32,378.71,,,,0,,,,
280.2025,frame,8373,287.456136,47.01,66.64,359.03,512,384,BGR888p,,,,,
280.2026,detections,8373,287.456136,47.04,66.64,359.12,,,,1,62:0.53,,,
280.2479,frame,8374,287.489458,45.37,33.32,371.08,512,384,BGR888p,,,,,
280.2486,detections,8374,287.489458,45.97,33.32,371.77,,,,0,,,,
280.2932,frame,8375,287.522779,45.3,33.32,383.06,512,384,BGR888p,,,,,
280.2933,detections,8375,287.522779,44.71,33.32,383.15,,,,1,62:0.54,,,
280.3394,frame,8377,287.589424,46.25,66.64,362.66,512,384,BGR888p,,,,,
280.3395,detections,8377,287.589424,46.23,66.64,362.73,,,,2,56:0.63 62:0.55,,,
280.3396,system,0,,1022.27,,,,,,,,51.74,34.9,15.8
280.3873,frame,8378,287.622746,47.82,33.32,377.18,512,384,BGR888p,,,,,
280.3874,detections,8378,287.622746,47.84,33.32,377.24,,,,0,,,,
280.4345,frame,8380,287.689389,47.28,66.64,357.8,512,384,BGR888p,,,,,
280.4353,detections,8380,287.689389,47.99,66.64,358.6,,,,2,56:0.69 62:0.57,,,
280.4805,frame,8381,287.722712,45.97,33.32,370.45,512,384,BGR888p,,,,,
280.4806,detections,8381,287.722712,45.25,33.32,370.52,,,,1,56:0.56,,,
280.5252,frame,8382,287.756033,44.74,33.32,381.88,512,384,BGR888p,,,,,
280.5253,detections,8382,287.756033,44.76,33.32,381.96,,,,0,,,,
280.5721,frame,8384,287.822677,46.86,66.64,361.45,512,384,BGR888p,,,,,
280.5722,detections,8384,287.822677,46.87,66.64,361.54,,,,2,56:0.82 62:0.60,,,
280.6209,frame,8385,287.855999,48.74,33.32,376.87,512,384,BGR888p,,,,,
280.621,detections,8385,287.855999,48.74,33.32,376.95,,,,1,56:0.54,,,
280.6662,frame,8387,287.922642,45.34,66.64,355.58,512,384,BGR888p,,,,,
280.6663,detections,8387,287.922642,45.35,66.64,355.66,,,,0,,,,
280.7115,frame,8388,287.955966,45.31,33.32,367.56,512,384,BGR888p,,,,,
280.7118,detections,8388,287.955966,45.49,33.32,367.83,,,,0,,,,
280.7575,frame,8389,287.989287,45.95,33.32,380.18,512,384,BGR888p,,,,,
280.7575,detections,8389,287.989287,45.74,33.32,380.23,,,,1,56:0.51,,,
280.8045,frame,8391,288.05593,47.01,66.64,360.53,512,384,BGR888p,,,,,
280.8045,detections,8391,288.05593,47.0,66.64,360.59,,,,2,56:0.80 24:0.56,,,
280.8526,frame,8392,288.089252,48.17,33.32,375.38,512,384,BGR888p,,,,,
280.8527,detections,8392,288.089252,48.22,33.32,375.48,,,,2,56:0.79 24:0.54,,,
280.8996,frame,8394,288.155895,46.91,66.64,355.66,512,384,BGR888p,,,,,
280.8996,detections,8394,288.155895,46.88,66.64,355.71,,,,4,56:0.83 24:0.59 62:0.52 39:0.51,,,
280.944,frame,8395,288.189221,44.41,33.33,366.75,512,384,BGR888p,,,,,
280.9441,detections,8395,288.189221,44.43,33.33,366.83,,,,4,56:0.78 39:0.65 24:0.60 28:0.50,,,
280.9905,frame,8396,288.222545,46.54,33.32,379.96,512,384,BGR888p,,,,,
280.9906,detections,8396,288.222545,46.52,33.32,380.03,,,,4,39:0.63 56:0.56 24:0.56 62:0.54,,,
281.0375,frame,8398,288.289183,46.95,66.64,360.28,512,384,BGR888p,,,,,
281.0375,detections,8398,288.289183,46.96,66.64,360.35,,,,4,56:0.75 24:0.70 39:0.67 39:0.54,,,
281.0842,frame,8399,288.322507,46.74,33.32,373.7,512,384,BGR888p,,,,,
281.085,detections,8399,288.322507,47.43,33.32,374.46,,,,3,56:0.76 24:0.61 39:0.60,,,
281.1325,frame,8401,288.389149,48.31,66.64,355.37,512,384,BGR888p,,,,,
281.1326,detections,8401,288.389149,47.64,66.64,355.45,,,,3,56:0.82 39:0.66 24:0.63,,,
281.1774,frame,8402,288.422471,44.92,33.32,366.97,512,384,BGR888p,,,,,
281.1775,detections,8402,288.422471,44.92,33.32,367.05,,,,4,56:0.80 39:0.68 24:0.55 62:0.50,,,
281.2236,frame,8403,288.455793,46.21,33.32,379.85,512,384,BGR888p,,,,,
281.2237,detections,8403,288.455793,46.19,33.32,379.91,,,,4,56:0.81 24:0.62 39:0.56 39:0.50,,,
281.2695,frame,8405,288.522436,45.9,66.64,359.1,512,384,BGR888p,,,,,
281.2696,detections,8405,288.522436,45.89,66.64,359.15,,,,3,56:0.71 39:0.67 24:0.61,,,
281.3177,frame,8406,288.555759,48.15,33.32,373.93,512,384,BGR888p,,,,,
281.3178,detections,8406,288.555759,48.17,33.32,373.99,,,,3,39:0.69 24:0.60 56:0.57,,,
281.3178,system,0,,978.23,,,,,,,,51.8,34.9,17.2
281.3638,frame,8408,288.622401,46.15,66.64,353.45,512,384,BGR888p,,,,,
281.3658,detections,8408,288.622401,47.99,66.64,355.35,,,,2,56:0.87 24:0.63,,,
281.4093,frame,8409,288.655724,45.43,33.32,365.55,512,384,BGR888p,,,,,
281.4093,detections,8409,288.655724,43.59,33.32,365.61,,,,2,56:0.80 24:0.58,,,
281.4559,frame,8410,288.689055,46.58,33.33,378.79,512,384,BGR888p,,,,,
281.4559,detections,8410,288.689055,46.56,33.33,378.84,,,,2,56:0.87 24:0.63,,,
281.505,frame,8412,288.755689,49.17,66.63,361.33,512,384,BGR888p,,,,,
281.5051,detections,8412,288.755689,49.18,66.63,361.39,,,,2,56:0.83 24:0.65,,,
281.5523,frame,8413,288.789012,47.3,33.32,375.33,512,384,BGR888p,,,,,
281.5524,detections,8413,288.789012,47.32,33.32,375.38,,,,0,,,,
281.5996,frame,8415,288.855654,47.27,66.64,355.93,512,384,BGR888p,,,,,
281.5997,detections,8415,288.855654,47.24,66.64,355.98,,,,0,,,,
281.6446,frame,8416,288.888977,44.99,33.32,367.62,512,384,BGR888p,,,,,
281.6447,detections,8416,288.888977,45.02,33.32,367.69,,,,0,,,,
281.6906,frame,8417,288.92231,46.04,33.33,380.3,512,384,BGR888p,,,,,
281.6907,detections,8417,288.92231,46.01,33.33,380.35,,,,0,,,,
281.7375,frame,8419,288.988943,46.89,66.63,360.57,512,384,BGR888p,,,,,
281.7376,detections,8419,288.988943,46.91,66.63,360.63,,,,1,56:0.82,,,
281.786,frame,8420,289.022265,48.52,33.32,375.75,512,384,BGR888p,,,,,
281.7861,detections,8420,289.022265,48.5,33.32,375.8,,,,3,56:0.82 62:0.59 24:0.58,,,
281.8296,frame,8421,289.055586,43.55,33.32,385.99,512,384,BGR888p,,,,,
281.8297,detections,8421,289.055586,43.57,33.32,386.05,,,,2,56:0.75 62:0.71,,,
281.8754,frame,8423,289.122241,45.83,66.65,365.17,512,384,BGR888p,,,,,
281.8755,detections,8423,289.122241,45.88,66.65,365.28,,,,4,56:0.86 62:0.68 24:0.54 65:0.50,,,
281.9225,frame,8424,289.155558,47.12,33.32,379.01,512,384,BGR888p,,,,,
281.9227,detections,8424,289.155558,47.15,33.32,379.14,,,,3,56:0.85 24:0.56 62:0.53,,,
281.971,frame,8426,289.222196,48.44,66.64,360.78,512,384,BGR888p,,,,,
281.971,detections,8426,289.222196,48.36,66.64,360.83,,,,2,56:0.83 62:0.63,,,
282.0171,frame,8427,289.255518,46.14,33.32,373.61,512,384,BGR888p,,,,,
282.0172,detections,8427,289.255518,46.17,33.32,373.68,,,,2,56:0.79 62:0.69,,,
282.0624,frame,8429,289.322162,45.29,66.64,352.24,512,384,BGR888p,,,,,
282.0625,detections,8429,289.322162,45.25,66.64,352.29,,,,3,56:0.68 62:0.64 24:0.52,,,
282.1087,frame,8430,289.355484,46.36,33.32,365.27,512,384,BGR888p,,,,,
282.1088,detections,8430,289.355484,46.36,33.32,365.33,,,,2,56:0.77 62:0.67,,,
282.1543,frame,8431,289.388806,45.57,33.32,377.52,512,384,BGR888p,,,,,
282.1544,detections,8431,289.388806,45.57,33.32,377.58,,,,2,56:0.87 62:0.54,,,
282.2027,frame,8433,289.455449,48.36,66.64,359.24,512,384,BGR888p,,,,,
282.2037,detections,8433,289.455449,49.34,66.64,360.28,,,,2,56:0.80 65:0.55,,,
282.2506,frame,8434,289.488775,47.94,33.33,373.85,512,384,BGR888p,,,,,
282.2507,detections,8434,289.488775,46.96,33.33,373.9,,,,1,56:0.84,,,
282.2961,frame,8435,289.522093,45.53,33.32,386.06,512,384,BGR888p,,,,,
282.2962,detections,8435,289.522093,45.53,33.32,386.11,,,,2,56:0.78 24:0.55,,,
282.3416,frame,8437,289.588739,45.46,66.65,364.87,512,384,BGR888p,,,,,
282.3417,detections,8437,289.588739,45.45,66.65,364.92,,,,2,56:0.80 24:0.52,,,
282.3417,system,0,,1023.9,,,,,,,,52.13,33.9,16.5
282.3876,frame,8438,289.62206,46.02,33.32,377.56,512,384,BGR888p,,,,,
282.3877,detections,8438,289.62206,46.01,33.32,377.61,,,,2,56:0.75 62:0.55,,,
282.4358,frame,8440,289.688702,48.2,66.64,359.12,512,384,BGR888p,,,,,
282.4367,detections,8440,289.688702,48.97,66.64,359.94,,,,1,56:0.81,,,
282.4828,frame,8441,289.722025,46.99,33.32,372.79,512,384,BGR888p,,,,,
282.4829,detections,8441,289.722025,46.23,33.32,372.85,,,,2,56:0.76 24:0.54,,,
282.5277,frame,8442,289.755346,44.89,33.32,384.36,512,384,BGR888p,,,,,
282.5278,detections,8442,289.755346,44.9,33.32,384.43,,,,2,56:0.76 24:0.51,,,
282.5736,frame,8444,289.82199,45.87,66.64,363.62,512,384,BGR888p,,,,,
282.5737,detections,8444,289.82199,45.9,66.64,363.69,,,,0,,,,
282.6209,frame,8445,289.855312,47.37,33.32,377.62,512,384,BGR888p,,,,,
282.621,detections,8445,289.855312,47.32,33.32,377.68,,,,0,,,,
282.6687,frame,8447,289.921955,47.76,66.64,358.77,512,384,BGR888p,,,,,
282.6688,detections,8447,289.921955,47.81,66.64,358.85,,,,0,,,,
282.7145,frame,8448,289.955278,45.81,33.32,371.27,512,384,BGR888p,,,,,
282.7146,detections,8448,289.955278,45.8,33.32,371.33,,,,0,,,,
282.7604,frame,8449,289.988599,45.94,33.32,383.85,512,384,BGR888p,,,,,
282.7605,detections,8449,289.988599,45.9,33.32,383.91,,,,0,,,,
282.8073,frame,8451,290.055243,46.83,66.64,364.09,512,384,BGR888p,,,,,
282.8074,detections,8451,290.055243,46.88,66.64,364.15,,,,0,,,,
282.8536,frame,8452,290.088566,46.33,33.32,377.05,512,384,BGR888p,,,,,
282.8537,detections,8452,290.088566,46.27,33.32,377.1,,,,0,,,,
282.9031,frame,8454,290.155208,49.54,66.64,359.95,512,384,BGR888p,,,,,
282.9033,detections,8454,290.155208,49.6,66.64,360.1,,,,3,56:0.82 39:0.74 60:0.50,,,
282.9501,frame,8455,290.188532,46.94,33.32,373.57,512,384,BGR888p,,,,,
282.9502,detections,8455,290.188532,46.9,33.32,373.63,,,,2,56:0.82 39:0.77,,,
282.9955,frame,8456,290.221851,45.45,33.32,385.74,512,384,BGR888p,,,,,
282.9957,detections,8456,290.221851,45.5,33.32,385.81,,,,2,56:0.85 39:0.77,,,
283.0416,frame,8458,290.288497,46.12,66.65,365.17,512,384,BGR888p,,,,,
283.0417,detections,8458,290.288497,46.05,66.65,365.22,,,,5,56:0.79 39:0.67 72:0.55 39:0.55 60:0.53,,,
283.0878,frame,8459,290.321821,46.12,33.32,377.96,512,384,BGR888p,,,,,
283.0879,detections,8459,290.321821,46.12,33.32,378.02,,,,2,56:0.84 39:0.54,,,
283.1354,frame,8461,290.388461,47.66,66.64,358.98,512,384,BGR888p,,,,,
283.1355,detections,8461,290.388461,47.66,66.64,359.03,,,,2,56:0.75 39:0.51,,,
283.1826,frame,8462,290.42179,47.18,33.33,372.83,512,384,BGR888p,,,,,
283.1827,detections,8462,290.42179,47.18,33.33,372.89,,,,2,56:0.72 39:0.53,,,
283.2273,frame,8463,290.455105,44.69,33.32,384.24,512,384,BGR888p,,,,,
283.2274,detections,8463,290.455105,44.72,33.32,384.29,,,,3,56:0.91 39:0.76 60:0.50,,,
283.2732,frame,8465,290.52175,45.91,66.64,363.51,512,384,BGR888p,,,,,
283.2733,detections,8465,290.52175,45.93,66.64,363.58,,,,3,56:0.91 39:0.65 41:0.54,,,
283.3216,frame,8466,290.555073,48.42,33.32,378.56,512,384,BGR888p,,,,,
283.3217,detections,8466,290.555073,48.36,33.32,378.62,,,,3,56:0.90 39:0.73 41:0.51,,,
283.3218,system,0,,980.04,,,,,,,,52.13,34.8,17.1
283.3678,frame,8468,290.621715,46.17,66.64,358.07,512,384,BGR888p,,,,,
283.3679,detections,8468,290.621715,46.15,66.64,358.13,,,,3,56:0.76 39:0.62 62:0.53,,,
283.4144,frame,8469,290.655038,46.63,33.32,371.38,512,384,BGR888p,,,,,
283.4145,detections,8469,290.655038,46.63,33.32,371.43,,,,2,56:0.83 39:0.77,,,
283.4606,frame,8470,290.688358,46.22,33.32,384.28,512,384,BGR888p,,,,,
283.4607,detections,8470,290.688358,46.25,33.32,384.36,,,,2,56:0.83 39:0.78,,,
283.5067,frame,8472,290.755003,46.1,66.64,363.75,512,384,BGR888p,,,,,
283.5068,detections,8472,290.755003,46.08,66.64,363.79,,,,3,56:0.72 39:0.72 60:0.52,,,
283.5534,frame,8473,290.788326,46.7,33.32,377.14,512,384,BGR888p,,,,,
283.5535,detections,8473,290.788326,46.72,33.32,377.19,,,,2,56:0.68 39:0.66,,,
283.6011,frame,8475,290.854968,47.62,66.64,358.09,512,384,BGR888p,,,,,
283.6018,detections,8475,290.854968,48.26,66.64,358.82,,,,1,41:0.50,,,
283.6479,frame,8476,290.888291,46.88,33.32,371.67,512,384,BGR888p,,,,,
283.648,detections,8476,290.888291,46.24,33.32,371.73,,,,0,,,,
283.6935,frame,8477,290.921612,45.53,33.32,383.88,512,384,BGR888p,,,,,
283.6936,detections,8477,290.921612,45.55,33.32,383.95,,,,0,,,,
283.7394,frame,8479,290.988256,45.89,66.64,363.13,512,384,BGR888p,,,,,
283.7395,detections,8479,290.988256,45.88,66.64,363.19,,,,0,,,,
283.7876,frame,8480,291.021579,48.22,33.32,378.01,512,384,BGR888p,,,,,
283.7877,detections,8480,291.021579,48.2,33.32,378.06,,,,0,,,,
283.8355,frame,8482,291.088221,47.87,66.64,359.26,512,384,BGR888p,,,,,
283.8356,detections,8482,291.088221,47.91,66.64,359.33,,,,2,39:0.69 39:0.52,,,
283.8812,frame,8483,291.121545,45.78,33.32,371.76,512,384,BGR888p,,,,,
283.8814,detections,8483,291.121545,45.81,33.32,371.81,,,,0,,,,
283.9276,frame,8484,291.154864,46.34,33.32,384.73,512,384,BGR888p,,,,,
283.9277,detections,8484,291.154864,46.35,33.32,384.85,,,,0,,,,
283.9734,frame,8486,291.221511,45.81,66.65,363.88,512,384,BGR888p,,,,,
283.9735,detections,8486,291.221511,45.74,66.65,363.94,,,,0,,,,
284.0202,frame,8487,291.254832,46.8,33.32,377.38,512,384,BGR888p,,,,,
284.0203,detections,8487,291.254832,46.82,33.32,377.44,,,,1,65:0.60,,,
284.0684,frame,8489,291.321475,48.21,66.64,358.92,512,384,BGR888p,,,,,
284.0685,detections,8489,291.321475,48.18,66.64,358.97,,,,3,65:0.70 64:0.68 39:0.54,,,
284.116,frame,8490,291.354798,47.56,33.32,373.17,512,384,BGR888p,,,,,
284.116,detections,8490,291.354798,47.57,33.32,373.22,,,,2,65:0.81 64:0.75,,,
284.1613,frame,8491,291.388119,45.35,33.32,385.19,512,384,BGR888p,,,,,
284.1614,detections,8491,291.388119,45.34,33.32,385.24,,,,2,65:0.81 64:0.80,,,
284.2078,frame,8493,291.454763,46.46,66.64,365.04,512,384,BGR888p,,,,,
284.2079,detections,8493,291.454763,46.51,66.64,365.12,,,,2,65:0.83 41:0.55,,,
284.2546,frame,8494,291.488085,46.83,33.32,378.53,512,384,BGR888p,,,,,
284.2547,detections,8494,291.488085,46.8,33.32,378.59,,,,2,65:0.55 64:0.53,,,
284.3032,frame,8496,291.554728,48.63,66.64,360.52,512,384,BGR888p,,,,,
284.3033,detections,8496,291.554728,48.65,66.64,360.59,,,,1,71:0.54,,,
284.3504,frame,8497,291.588051,47.2,33.32,374.39,512,384,BGR888p,,,,,
284.3505,detections,8497,291.588051,47.19,33.32,374.45,,,,1,63:0.71,,,
284.3506,system,0,,1028.81,,,,,,,,51.91,34.4,16.9
284.3985,frame,8498,291.621372,48.03,33.32,389.15,512,384,BGR888p,,,,,
284.3986,detections,8498,291.621372,48.09,33.32,389.23,,,,1,63:0.67,,,
284.4417,frame,8500,291.688016,43.27,66.64,365.73,512,384,BGR888p,,,,,
284.4418,detections,8500,291.688016,43.22,66.64,365.8,,,,0,,,,
284.488,frame,8501,291.72134,46.27,33.32,378.66,512,384,BGR888p,,,,,
284.4881,detections,8501,291.72134,46.24,33.32,378.72,,,,1,63:0.58,,,
284.5373,frame,8503,291.787981,49.35,66.64,361.37,512,384,BGR888p,,,,,
284.5374,detections,8503,291.787981,49.35,66.64,361.43,,,,4,63:0.88 64:0.79 24:0.66 65:0.62,,,
284.585,frame,8504,291.821304,47.68,33.32,375.73,512,384,BGR888p,,,,,
284.5851,detections,8504,291.821304,47.68,33.32,375.78,,,,2,63:0.81 64:0.58,,,
284.6317,frame,8505,291.854625,46.66,33.32,389.06,512,384,BGR888p,,,,,
284.6319,detections,8505,291.854625,46.77,33.32,389.24,,,,1,63:0.80,,,
284.676,frame,8507,291.921269,44.35,66.64,366.78,512,384,BGR888p,,,,,
284.6761,detections,8507,291.921269,44.25,66.64,366.84,,,,5,64:0.89 63:0.79 24:0.62 63:0.60 73:0.50,,,
284.7234,frame,8508,291.954592,47.41,33.32,380.85,512,384,BGR888p,,,,,
284.7235,detections,8508,291.954592,47.42,33.32,380.93,,,,3,63:0.86 64:0.68 24:0.62,,,
284.7705,frame,8510,292.021235,47.03,66.64,361.25,512,384,BGR888p,,,,,
284.7706,detections,8510,292.021235,47.02,66.64,361.31,,,,3,64:0.81 63:0.76 24:0.60,,,
284.8184,frame,8511,292.054557,47.98,33.32,375.9,512,384,BGR888p,,,,,
284.8185,detections,8511,292.054557,47.96,33.32,375.95,,,,3,63:0.79 64:0.68 24:0.67,,,
284.8659,frame,8512,292.087878,47.48,33.32,390.06,512,384,BGR888p,,,,,
284.866,detections,8512,292.087878,47.49,33.32,390.12,,,,2,63:0.70 24:0.64,,,
284.9108,frame,8514,292.154522,44.89,66.64,368.3,512,384,BGR888p,,,,,
284.9132,detections,8514,292.154522,47.2,66.64,370.68,,,,2,24:0.67 64:0.51,,,
284.9577,frame,8515,292.187845,46.87,33.32,381.84,512,384,BGR888p,,,,,
284.9578,detections,8515,292.187845,44.59,33.32,381.95,,,,1,24:0.65,,,
285.0047,frame,8517,292.254488,47.04,66.64,362.26,512,384,BGR888p,,,,,
285.0048,detections,8517,292.254488,47.01,66.64,362.31,,,,1,24:0.68,,,
285.0534,frame,8518,292.28781,48.64,33.32,377.58,512,384,BGR888p,,,,,
285.0535,detections,8518,292.28781,48.65,33.32,377.63,,,,1,24:0.61,,,
285.1009,frame,8520,292.354453,47.56,66.64,358.51,512,384,BGR888p,,,,,
285.101,detections,8520,292.354453,47.58,66.64,358.57,,,,1,24:0.60,,,
285.1472,frame,8521,292.387777,46.31,33.32,371.5,512,384,BGR888p,,,,,
285.1474,detections,8521,292.387777,46.32,33.32,371.56,,,,0,,,,
285.193,frame,8522,292.421106,45.71,33.33,383.87,512,384,BGR888p,,,,,
285.193,detections,8522,292.421106,45.69,33.33,383.93,,,,0,,,,
285.2396,frame,8524,292.487741,46.63,66.64,363.86,512,384,BGR888p,,,,,
285.2397,detections,8524,292.487741,46.63,66.64,363.92,,,,1,24:0.53,,,
285.2873,frame,8525,292.521064,47.72,33.32,378.25,512,384,BGR888p,,,,,
285.2874,detections,8525,292.521064,47.71,33.32,378.31,,,,1,24:0.57,,,
285.3331,frame,8527,292.587706,45.8,66.64,357.4,512,384,BGR888p,,,,,
285.3339,detections,8527,292.587706,46.49,66.64,358.17,,,,1,24:0.57,,,
285.3339,system,0,,983.37,,,,,,,,51.8,34.5,17.4
285.3799,frame,8528,292.621031,46.79,33.32,370.9,512,384,BGR888p,,,,,
285.38,detections,8528,292.621031,46.12,33.32,370.96,,,,1,24:0.54,,,
285.4257,frame,8529,292.654349,45.83,33.32,383.37,512,384,BGR888p,,,,,
285.4258,detections,8529,292.654349,45.79,33.32,383.43,,,,1,24:0.58,,,
285.4717,frame,8531,292.720994,45.96,66.64,362.69,512,384,BGR888p,,,,,
285.4718,detections,8531,292.720994,45.96,66.64,362.75,,,,0,,,,
285.5198,frame,8532,292.754316,48.13,33.32,377.49,512,384,BGR888p,,,,,
285.5199,detections,8532,292.754316,48.13,33.32,377.55,,,,1,24:0.63,,,
285.5668,frame,8534,292.820959,47.0,66.64,357.85,512,384,BGR888p,,,,,
285.567,detections,8534,292.820959,47.14,66.64,358.05,,,,1,24:0.53,,,
285.6142,frame,8535,292.854282,47.37,33.32,371.91,512,384,BGR888p,,,,,
285.6143,detections,8535,292.854282,47.27,33.32,372.01,,,,0,,,,
285.6596,frame,8536,292.887603,45.39,33.32,383.97,512,384,BGR888p,,,,,
285.6597,detections,8536,292.887603,45.36,33.32,384.04,,,,0,,,,
285.705,frame,8538,292.954249,45.43,66.65,362.75,512,384,BGR888p,,,,,
285.7051,detections,8538,292.954249,45.41,66.65,362.81,,,,0,,,,
285.7531,frame,8539,292.987571,48.09,33.32,377.53,512,384,BGR888p,,,,,
285.7532,detections,8539,292.987571,48.1,33.32,377.59,,,,0,,,,
285.8009,frame,8541,293.054212,47.83,66.64,358.71,512,384,BGR888p,,,,,
285.801,detections,8541,293.054212,47.82,66.64,358.76,,,,1,28:0.67,,,
285.8473,frame,8542,293.087535,46.37,33.32,371.77,512,384,BGR888p,,,,,
285.8474,detections,8542,293.087535,46.38,33.32,371.82,,,,1,24:0.64,,,
285.8931,frame,8543,293.120856,45.79,33.32,384.24,512,384,BGR888p,,,,,
285.8932,detections,8543,293.120856,45.79,33.32,384.29,,,,1,28:0.66,,,
285.9395,frame,8545,293.187501,46.38,66.64,363.97,512,384,BGR888p,,,,,
285.9395,detections,8545,293.187501,46.38,66.64,364.03,,,,1,28:0.55,,,
285.9858,frame,8546,293.220825,46.32,33.32,376.96,512,384,BGR888p,,,,,
285.9871,detections,8546,293.220825,47.55,33.32,378.26,,,,0,,,,
286.0342,frame,8548,293.287466,48.38,66.64,358.71,512,384,BGR888p,,,,,
286.0349,detections,8548,293.287466,47.83,66.64,359.45,,,,0,,,,
286.0806,frame,8549,293.320789,46.44,33.32,371.84,512,384,BGR888p,,,,,
286.0807,detections,8549,293.320789,45.77,33.32,371.89,,,,0,,,,
286.126,frame,8550,293.354109,45.36,33.32,383.86,512,384,BGR888p,,,,,
286.126,detections,8550,293.354109,45.34,33.32,383.92,,,,0,,,,
286.1733,frame,8552,293.420753,47.34,66.64,364.58,512,384,BGR888p,,,,,
286.1734,detections,8552,293.420753,47.36,66.64,364.64,,,,0,,,,
286.2196,frame,8553,293.454076,46.26,33.32,377.5,512,384,BGR888p,,,,,
286.2197,detections,8553,293.454076,46.25,33.32,377.58,,,,0,,,,
286.2682,frame,8555,293.520719,48.65,66.64,359.49,512,384,BGR888p,,,,,
286.2683,detections,8555,293.520719,48.64,66.64,359.57,,,,0,,,,
286.3131,frame,8556,293.554044,44.88,33.32,371.05,512,384,BGR888p,,,,,
286.3132,detections,8556,293.554044,44.86,33.32,371.1,,,,1,69:0.54,,,
286.3588,frame,8557,293.587362,45.72,33.32,383.44,512,384,BGR888p,,,,,
286.3589,detections,8557,293.587362,45.71,33.32,383.49,,,,0,,,,
286.3589,system,0,,1024.97,,,,,,,,52.07,34.2,16.4
286.4046,frame,8559,293.654007,45.82,66.64,362.62,512,384,BGR888p,,,,,
286.4047,detections,8559,293.654007,45.83,66.64,362.68,,,,0,,,,
286.453,frame,8560,293.687329,48.38,33.32,377.7,512,384,BGR888p,,,,,
286.4531,detections,8560,293.687329,48.4,33.32,377.75,,,,0,,,,
286.499,frame,8562,293.753973,45.98,66.64,357.01,512,384,BGR888p,,,,,
286.499,detections,8562,293.753973,45.95,66.64,357.06,,,,0,,,,
286.546,frame,8563,293.787297,46.98,33.32,370.69,512,384,BGR888p,,,,,
286.5461,detections,8563,293.787297,47.01,33.32,370.75,,,,0,,,,
286.5911,frame,8564,293.820615,45.18,33.32,382.54,512,384,BGR888p,,,,,
286.5912,detections,8564,293.820615,45.17,33.32,382.6,,,,0,,,,
286.6397,frame,8566,293.88726,48.56,66.65,364.45,512,384,BGR888p,,,,,
286.6398,detections,8566,293.88726,48.56,66.65,364.51,,,,0,,,,
286.6861,frame,8567,293.920582,46.37,33.32,377.51,512,384,BGR888p,,,,,
286.6862,detections,8567,293.920582,46.4,33.32,377.6,,,,0,,,,
286.7335,frame,8569,293.987227,47.45,66.64,358.3,512,384,BGR888p,,,,,
286.7343,detections,8569,293.987227,48.08,66.64,359.02,,,,0,,,,
286.7808,frame,8570,294.02055,47.24,33.32,372.22,512,384,BGR888p,,,,,
286.7808,detections,8570,294.02055,46.58,33.32,372.28,,,,0,,,,
286.8258,frame,8571,294.053868,45.01,33.32,383.89,512,384,BGR888p,,,,,
286.8258,detections,8571,294.053868,44.99,33.32,383.94,,,,0,,,,
286.872,frame,8573,294.120513,46.26,66.64,363.52,512,384,BGR888p,,,,,
286.8721,detections,8573,294.120513,46.28,66.64,363.58,,,,0,,,,
286.9197,frame,8574,294.153835,47.66,33.32,377.85,512,384,BGR888p,,,,,
286.9197,detections,8574,294.153835,47.64,33.32,377.91,,,,0,,,,
286.9682,frame,8576,294.220478,48.51,66.64,359.73,512,384,BGR888p,,,,,
286.9693,detections,8576,294.220478,49.6,66.64,360.88,,,,0,,,,
287.0155,frame,8577,294.253801,47.3,33.32,373.71,512,384,BGR888p,,,,,
287.0156,detections,8577,294.253801,46.3,33.32,373.85,,,,0,,,,
287.0606,frame,8578,294.287122,45.14,33.32,385.53,512,384,BGR888p,,,,,
287.0607,detections,8578,294.287122,45.07,33.32,385.59,,,,0,,,,
287.1067,frame,8580,294.353767,46.08,66.64,364.98,512,384,BGR888p,,,,,
287.1068,detections,8580,294.353767,46.1,66.64,365.04,,,,0,,,,
287.1547,frame,8581,294.387089,48.03,33.32,379.68,512,384,BGR888p,,,,,
287.1548,detections,8581,294.387089,48.02,33.32,379.74,,,,0,,,,
287.2022,frame,8583,294.453732,47.42,66.64,360.45,512,384,BGR888p,,,,,
287.2023,detections,8583,294.453732,47.44,66.64,360.54,,,,0,,,,
287.2494,frame,8584,294.487058,47.25,33.33,374.37,512,384,BGR888p,,,,,
287.2495,detections,8584,294.487058,47.21,33.33,374.42,,,,0,,,,
287.2946,frame,8585,294.520376,45.19,33.32,386.28,512,384,BGR888p,,,,,
287.2947,detections,8585,294.520376,45.23,33.32,386.33,,,,0,,,,
287.3407,frame,8587,294.58702,46.12,66.64,365.72,512,384,BGR888p,,,,,
287.3408,detections,8587,294.58702,46.09,66.64,365.78,,,,0,,,,
287.3408,system,0,,981.94,,,,,,,,51.91,34.0,15.8
287.387,frame,8588,294.620342,46.31,33.32,378.71,512,384,BGR888p,,,,,
287.3871,detections,8588,294.620342,46.31,33.32,378.77,,,,0,,,,
287.4362,frame,8590,294.686985,49.16,66.64,361.23,512,384,BGR888p,,,,,
287.4363,detections,8590,294.686985,49.17,66.64,361.3,,,,0,,,,
287.4836,frame,8591,294.720308,47.42,33.32,375.31,512,384,BGR888p,,,,,
287.4837,detections,8591,294.720308,47.39,33.32,375.37,,,,0,,,,
287.5278,frame,8592,294.753628,44.2,33.32,386.21,512,384,BGR888p,,,,,
287.5279,detections,8592,294.753628,44.23,33.32,386.27,,,,0,,,,
287.5735,frame,8594,294.820274,45.72,66.65,365.29,512,384,BGR888p,,,,,
287.5736,detections,8594,294.820274,45.72,66.65,365.35,,,,0,,,,
287.6199,frame,8595,294.853596,46.31,33.32,378.27,512,384,BGR888p,,,,,
287.6199,detections,8595,294.853596,46.31,33.32,378.33,,,,0,,,,
287.6681,frame,8597,294.920238,48.2,66.64,359.82,512,384,BGR888p,,,,,
287.6681,detections,8597,294.920238,48.18,66.64,359.87,,,,0,,,,
287.7127,frame,8598,294.953561,44.64,33.32,371.14,512,384,BGR888p,,,,,
287.7128,detections,8598,294.953561,44.64,33.32,371.19,,,,0,,,,
287.7578,frame,8599,294.986882,45.14,33.32,382.97,512,384,BGR888p,,,,,
287.7579,detections,8599,294.986882,45.15,33.32,383.02,,,,0,,,,
287.8058,frame,8601,295.053526,47.95,66.64,364.28,512,384,BGR888p,,,,,
287.8059,detections,8601,295.053526,47.96,66.64,364.34,,,,0,,,,
287.8522,frame,8602,295.086849,46.36,33.32,377.32,512,384,BGR888p,,,,,
287.8522,detections,8602,295.086849,46.37,33.32,377.39,,,,0,,,,
287.9004,frame,8604,295.153493,48.25,66.64,358.91,512,384,BGR888p,,,,,
287.9005,detections,8604,295.153493,48.23,66.64,358.96,,,,0,,,,
287.947,frame,8605,295.186814,46.61,33.32,372.23,512,384,BGR888p,,,,,
287.9471,detections,8605,295.186814,46.67,33.32,372.33,,,,1,41:0.60,,,
287.993,frame,8606,295.220136,45.98,33.32,384.87,512,384,BGR888p,,,,,
287.9931,detections,8606,295.220136,45.94,33.32,384.93,,,,1,41:0.65,,,
288.0392,frame,8608,295.286779,46.15,66.64,364.39,512,384,BGR888p,,,,,
288.0393,detections,8608,295.286779,46.26,66.64,364.54,,,,0,,,,
288.0867,frame,8609,295.320101,47.55,33.32,378.61,512,384,BGR888p,,,,,
288.0868,detections,8609,295.320101,47.46,33.32,378.69,,,,1,41:0.52,,,
288.1346,frame,8611,295.386745,47.9,66.64,359.86,512,384,BGR888p,,,,,
288.1354,detections,8611,295.386745,48.59,66.64,360.63,,,,0,,,,
288.1818,frame,8612,295.420068,47.17,33.32,373.71,512,384,BGR888p,,,,,
288.1819,detections,8612,295.420068,46.47,33.32,373.77,,,,0,,,,
288.2272,frame,8613,295.453388,45.42,33.32,385.81,512,384,BGR888p,,,,,
288.2273,detections,8613,295.453388,45.43,33.32,385.88,,,,0,,,,
288.2748,frame,8615,295.520033,47.57,66.64,366.22,512,384,BGR888p,,,,,
288.2748,detections,8615,295.520033,47.56,66.64,366.28,,,,0,,,,
288.321,frame,8616,295.553356,46.27,33.32,379.18,512,384,BGR888p,,,,,
288.3211,detections,8616,295.553356,46.28,33.32,379.24,,,,0,,,,
288.3696,frame,8618,295.619998,48.53,66.64,361.05,512,384,BGR888p,,,,,
288.3696,detections,8618,295.619998,48.52,66.64,361.11,,,,0,,,,
288.3697,system,0,,1028.83,,,,,,,,52.18,35.2,15.8
288.4157,frame,8619,295.653321,46.19,33.32,373.9,512,384,BGR888p,,,,,
288.4158,detections,8619,295.653321,46.17,33.32,373.96,,,,0,,,,
288.4609,frame,8620,295.686641,45.19,33.32,385.77,512,384,BGR888p,,,,,
288.461,detections,8620,295.686641,45.19,33.32,385.82,,,,0,,,,
288.5083,frame,8622,295.753287,47.35,66.65,366.47,512,384,BGR888p,,,,,
288.5084,detections,8622,295.753287,47.36,66.65,366.54,,,,0,,,,
288.5543,frame,8623,295.78661,46.01,33.32,379.18,512,384,BGR888p,,,,,
288.5544,detections,8623,295.78661,46.05,33.32,379.27,,,,0,,,,
288.6026,frame,8625,295.853251,48.27,66.64,360.8,512,384,BGR888p,,,,,
288.6027,detections,8625,295.853251,48.25,66.64,360.88,,,,0,,,,
288.6489,frame,8626,295.886575,46.39,33.32,373.87,512,384,BGR888p,,,,,
288.649,detections,8626,295.886575,46.39,33.32,373.95,,,,0,,,,
288.6935,frame,8627,295.919894,44.51,33.32,385.09,512,384,BGR888p,,,,,
288.6936,detections,8627,295.919894,44.54,33.32,385.17,,,,0,,,,
288.7401,frame,8629,295.986539,46.64,66.64,365.06,512,384,BGR888p,,,,,
288.7402,detections,8629,295.986539,46.62,66.64,365.14,,,,0,,,,
288.787,frame,8630,296.019862,46.92,33.32,378.65,512,384,BGR888p,,,,,
288.7871,detections,8630,296.019862,46.91,33.32,378.74,,,,0,,,,
288.8356,frame,8632,296.086504,48.55,66.64,360.56,512,384,BGR888p,,,,,
288.8357,detections,8632,296.086504,48.55,66.64,360.65,,,,0,,,,
288.8803,frame,8633,296.119829,44.72,33.32,371.98,512,384,BGR888p,,,,,
288.8804,detections,8633,296.119829,44.74,33.32,372.06,,,,0,,,,
288.9246,frame,8634,296.153147,44.33,33.32,382.96,512,384,BGR888p,,,,,
288.9247,detections,8634,296.153147,44.31,33.32,383.05,,,,0,,,,
288.9714,frame,8636,296.219792,46.8,66.64,363.12,512,384,BGR888p,,,,,
288.9715,detections,8636,296.219792,46.8,66.64,363.2,,,,0,,,,
289.0185,frame,8637,296.253116,47.11,33.32,376.9,512,384,BGR888p,,,,,
289.0186,detections,8637,296.253116,47.11,33.32,376.99,,,,0,,,,
289.0659,frame,8639,296.319758,47.35,66.64,357.61,512,384,BGR888p,,,,,
289.066,detections,8639,296.319758,47.41,66.64,357.75,,,,0,,,,
289.1128,frame,8640,296.353083,46.91,33.33,371.2,512,384,BGR888p,,,,,
289.113,detections,8640,296.353083,46.93,33.33,371.36,,,,0,,,,
289.1586,frame,8641,296.386401,45.8,33.32,383.69,512,384,BGR888p,,,,,
289.1587,detections,8641,296.386401,45.73,33.32,383.77,,,,0,,,,
289.2045,frame,8643,296.453045,45.96,66.64,362.99,512,384,BGR888p,,,,,
289.2046,detections,8643,296.453045,45.94,66.64,363.06,,,,1,0:0.66,,,
289.2526,frame,8644,296.486368,48.04,33.32,377.71,512,384,BGR888p,,,,,
289.2527,detections,8644,296.486368,48.03,33.32,377.76,,,,1,0:0.57,,,
289.3004,frame,8646,296.553011,47.8,66.64,358.85,512,384,BGR888p,,,,,
289.3004,detections,8646,296.553011,47.79,66.64,358.9,,,,0,,,,
289.3456,frame,8647,296.586335,45.26,33.32,370.79,512,384,BGR888p,,,,,
289.3457,detections,8647,296.586335,45.27,33.32,370.85,,,,1,57:0.56,,,
289.3458,system,0,,976.08,,,,,,,,51.91,33.5,16.0
289.3913,frame,8648,296.619654,45.69,33.32,383.17,512,384,BGR888p,,,,,
289.3914,detections,8648,296.619654,45.69,33.32,383.22,,,,0,,,,
289.4394,frame,8650,296.6863,48.06,66.65,364.58,512,384,BGR888p,,,,,
289.4395,detections,8650,296.6863,48.06,66.65,364.63,,,,0,,,,
289.4859,frame,8651,296.719621,46.51,33.32,377.78,512,384,BGR888p,,,,,
289.486,detections,8651,296.719621,46.52,33.32,377.84,,,,1,56:0.52,,,
289.5339,frame,8653,296.786264,47.98,66.64,359.11,512,384,BGR888p,,,,,
289.534,detections,8653,296.786264,47.97,66.64,359.17,,,,0,,,,
289.5795,frame,8654,296.819591,45.63,33.33,371.45,512,384,BGR888p,,,,,
289.5796,detections,8654,296.819591,45.67,33.33,371.51,,,,0,,,,
289.6255,frame,8655,296.852907,45.96,33.32,384.09,512,384,BGR888p,,,,,
289.6256,detections,8655,296.852907,45.95,33.32,384.15,,,,0,,,,
289.672,frame,8657,296.919552,46.57,66.64,363.98,512,384,BGR888p,,,,,
289.6721,detections,8657,296.919552,46.53,66.64,364.03,,,,0,,,,
289.7199,frame,8658,296.952874,47.9,33.32,378.59,512,384,BGR888p,,,,,
289.72,detections,8658,296.952874,47.93,33.32,378.65,,,,0,,,,
289.7676,frame,8660,297.019517,47.69,66.64,359.59,512,384,BGR888p,,,,,
289.7683,detections,8660,297.019517,48.29,66.64,360.31,,,,1,4:0.52,,,
289.813,frame,8661,297.05284,45.42,33.32,371.7,512,384,BGR888p,,,,,
289.8135,detections,8661,297.05284,45.14,33.32,372.14,,,,0,,,,
289.859,frame,8662,297.08616,45.95,33.32,384.34,512,384,BGR888p,,,,,
289.8591,detections,8662,297.08616,45.63,33.32,384.43,,,,0,,,,
289.9055,frame,8664,297.152805,46.45,66.64,364.16,512,384,BGR888p,,,,,
289.9056,detections,8664,297.152805,46.46,66.64,364.24,,,,0,,,,
289.9527,frame,8665,297.186128,47.24,33.32,378.06,512,384,BGR888p,,,,,
289.9528,detections,8665,297.186128,47.22,33.32,378.12,,,,0,,,,
290.0005,frame,8667,297.25277,47.78,66.64,359.2,512,384,BGR888p,,,,,
290.0006,detections,8667,297.25277,47.78,66.64,359.26,,,,0,,,,
290.0457,frame,8668,297.286093,45.18,33.32,371.06,512,384,BGR888p,,,,,
290.0457,detections,8668,297.286093,45.18,33.32,371.12,,,,0,,,,
290.0911,frame,8669,297.319414,45.46,33.32,383.2,512,384,BGR888p,,,,,
290.0913,detections,8669,297.319414,45.6,33.32,383.41,,,,0,,,,
290.137,frame,8671,297.386058,45.87,66.64,362.43,512,384,BGR888p,,,,,
290.1371,detections,8671,297.386058,45.75,66.64,362.52,,,,0,,,,
290.1849,frame,8672,297.419381,47.95,33.32,377.08,512,384,BGR888p,,,,,
290.1851,detections,8672,297.419381,47.97,33.32,377.16,,,,0,,,,
290.2316,frame,8674,297.486023,46.62,66.64,357.04,512,384,BGR888p,,,,,
290.2317,detections,8674,297.486023,46.6,66.64,357.12,,,,1,4:0.52,,,
290.2766,frame,8675,297.519351,45.0,33.33,368.72,512,384,BGR888p,,,,,
290.278,detections,8675,297.519351,46.3,33.33,370.1,,,,0,,,,
290.3234,frame,8676,297.552668,46.87,33.32,382.27,512,384,BGR888p,,,,,
290.3235,detections,8676,297.552668,45.58,33.32,382.35,,,,0,,,,
290.3721,frame,8678,297.619311,48.65,66.64,364.26,512,384,BGR888p,,,,,
290.3722,detections,8678,297.619311,48.63,66.64,364.34,,,,1,4:0.50,,,
290.3722,system,0,,1026.48,,,,,,,,51.8,34.8,16.6
290.4188,frame,8679,297.652634,46.73,33.32,377.67,512,384,BGR888p,,,,,
290.4189,detections,8679,297.652634,46.73,33.32,377.74,,,,0,,,,
290.4657,frame,8681,297.719277,46.9,66.64,357.94,512,384,BGR888p,,,,,
290.4665,detections,8681,297.719277,47.61,66.64,358.71,,,,0,,,,
290.5124,frame,8682,297.752599,46.65,33.32,371.26,512,384,BGR888p,,,,,
290.5124,detections,8682,297.752599,45.94,33.32,371.32,,,,0,,,,
290.558,frame,8683,297.785923,45.59,33.32,383.54,512,384,BGR888p,,,,,
290.5581,detections,8683,297.785923,45.61,33.32,383.61,,,,0,,,,
290.6043,frame,8685,297.852564,46.37,66.64,363.24,512,384,BGR888p,,,,,
290.6044,detections,8685,297.852564,46.33,66.64,363.29,,,,1,62:0.73,,,
290.6514,frame,8686,297.885888,47.07,33.32,376.99,512,384,BGR888p,,,,,
290.6515,detections,8686,297.885888,47.09,33.32,377.07,,,,0,,,,
290.7015,frame,8688,297.95253,50.13,66.64,360.5,512,384,BGR888p,,,,,
290.7016,detections,8688,297.95253,50.16,66.64,360.58,,,,1,4:0.68,,,
290.7464,frame,8689,297.985853,44.9,33.32,372.08,512,384,BGR888p,,,,,
290.7465,detections,8689,297.985853,44.91,33.32,372.16,,,,1,28:0.54,,,
290.7924,frame,8690,298.019173,45.95,33.32,384.71,512,384,BGR888p,,,,,
290.7925,detections,8690,298.019173,45.94,33.32,384.78,,,,0,,,,
290.8377,frame,8692,298.085818,45.35,66.64,363.42,512,384,BGR888p,,,,,
290.8378,detections,8692,298.085818,45.36,66.64,363.5,,,,0,,,,
290.8854,frame,8693,298.119141,47.63,33.32,377.72,512,384,BGR888p,,,,,
290.8855,detections,8693,298.119141,47.63,33.32,377.81,,,,1,0:0.53,,,
290.9325,frame,8695,298.185784,47.12,66.64,358.2,512,384,BGR888p,,,,,
290.9332,detections,8695,298.185784,47.73,66.64,358.9,,,,1,0:0.74,,,
290.9789,frame,8696,298.219106,46.4,33.32,371.28,512,384,BGR888p,,,,,
290.979,detections,8696,298.219106,45.77,33.32,371.34,,,,1,0:0.53,,,
291.0242,frame,8697,298.252427,45.27,33.32,383.23,512,384,BGR888p,,,,,
291.0242,detections,8697,298.252427,45.28,33.32,383.3,,,,1,0:0.58,,,
291.0702,frame,8699,298.319071,46.06,66.64,362.66,512,384,BGR888p,,,,,
291.0703,detections,8699,298.319071,46.07,66.64,362.73,,,,1,0:0.74,,,
291.1181,frame,8700,298.352394,47.89,33.32,377.23,512,384,BGR888p,,,,,
291.1183,detections,8700,298.352394,47.98,33.32,377.39,,,,0,,,,
291.1641,frame,8702,298.419036,46.02,66.64,356.61,512,384,BGR888p,,,,,
291.1643,detections,8702,298.419036,45.98,66.64,356.74,,,,0,,,,
291.2123,frame,8703,298.452359,48.11,33.32,371.42,512,384,BGR888p,,,,,
291.2124,detections,8703,298.452359,48.11,33.32,371.51,,,,1,28:0.61,,,
291.2583,frame,8704,298.485679,46.07,33.32,384.16,512,384,BGR888p,,,,,
291.2584,detections,8704,298.485679,46.05,33.32,384.24,,,,2,28:0.61 62:0.53,,,
291.3044,frame,8706,298.552324,46.08,66.64,363.59,512,384,BGR888p,,,,,
291.3045,detections,8706,298.552324,46.08,66.64,363.67,,,,2,28:0.61 0:0.59,,,
291.3521,frame,8707,298.585647,47.67,33.32,377.94,512,384,BGR888p,,,,,
291.3522,detections,8707,298.585647,47.67,33.32,378.01,,,,1,0:0.66,,,
291.3523,system,0,,980.03,,,,,,,,52.07,33.0,15.9
291.4005,frame,8709,298.65229,48.4,66.64,359.68,512,384,BGR888p,,,,,
291.4006,detections,8709,298.65229,48.38,66.64,359.74,,,,1,0:0.61,,,
291.4464,frame,8710,298.685614,45.94,33.32,372.3,512,384,BGR888p,,,,,
291.4465,detections,8710,298.685614,45.94,33.32,372.36,,,,1,0:0.59,,,
291.4912,frame,8711,298.718933,44.77,33.32,383.75,512,384,BGR888p,,,,,
291.4913,detections,8711,298.718933,44.78,33.32,383.82,,,,1,0:0.58,,,
291.5375,frame,8713,298.785577,46.3,66.64,363.41,512,384,BGR888p,,,,,
291.5376,detections,8713,298.785577,46.29,66.64,363.47,,,,2,62:0.58 0:0.55,,,
291.5848,frame,8714,298.818901,47.3,33.32,377.4,512,384,BGR888p,,,,,
291.5849,detections,8714,298.818901,47.33,33.32,377.48,,,,1,0:0.55,,,
291.6327,frame,8716,298.885542,47.95,66.64,358.71,512,384,BGR888p,,,,,
291.6329,detections,8716,298.885542,47.95,66.64,358.79,,,,1,62:0.54,,,
291.6792,frame,8717,298.918868,46.42,33.33,371.82,512,384,BGR888p,,,,,
291.6793,detections,8717,298.918868,46.5,33.33,371.96,,,,2,62:0.54 56:0.51,,,
291.725,frame,8718,298.952187,45.86,33.32,384.34,512,384,BGR888p,,,,,
291.7251,detections,8718,298.952187,45.79,33.32,384.43,,,,1,56:0.50,,,
291.7703,frame,8720,299.018833,45.22,66.65,362.96,512,384,BGR888p,,,,,
291.7704,detections,8720,299.018833,45.28,66.65,363.06,,,,1,62:0.61,,,
291.8185,frame,8721,299.052155,48.22,33.32,377.82,512,384,BGR888p,,,,,
291.8186,detections,8721,299.052155,48.17,33.32,377.9,,,,0,,,,
291.8661,frame,8723,299.118797,47.66,66.64,358.84,512,384,BGR888p,,,,,
291.8663,detections,8723,299.118797,47.68,66.64,358.94,,,,1,0:0.51,,,
291.9129,frame,8724,299.152121,46.74,33.32,372.26,512,384,BGR888p,,,,,
291.913,detections,8724,299.152121,46.72,33.32,372.34,,,,0,,,,
291.9591,frame,8725,299.185439,46.26,33.32,385.2,512,384,BGR888p,,,,,
291.9592,detections,8725,299.185439,46.26,33.32,385.33,,,,0,,,,
292.0062,frame,8727,299.252085,47.07,66.65,365.62,512,384,BGR888p,,,,,
292.0063,detections,8727,299.252085,47.08,66.65,365.71,,,,0,,,,
292.0537,frame,8728,299.285406,47.48,33.32,379.78,512,384,BGR888p,,,,,
292.0538,detections,8728,299.285406,47.45,33.32,379.84,,,,0,,,,
292.102,frame,8730,299.352049,48.31,66.64,361.44,512,384,BGR888p,,,,,
292.1021,detections,8730,299.352049,48.3,66.64,361.49,,,,0,,,,
292.1494,frame,8731,299.385373,47.39,33.32,375.5,512,384,BGR888p,,,,,
292.1495,detections,8731,299.385373,47.44,33.32,375.61,,,,2,0:0.93 62:0.70,,,
292.1971,frame,8732,299.418692,47.72,33.32,389.91,512,384,BGR888p,,,,,
292.1972,detections,8732,299.418692,47.68,33.32,389.97,,,,1,0:0.90,,,
292.2422,frame,8734,299.485337,45.11,66.64,368.38,512,384,BGR888p,,,,,
292.2423,detections,8734,299.485337,45.14,66.64,368.47,,,,1,0:0.85,,,
292.2883,frame,8735,299.518659,46.11,33.32,381.18,512,384,BGR888p,,,,,
292.2884,detections,8735,299.518659,46.09,33.32,381.25,,,,1,0:0.86,,,
292.3362,frame,8737,299.585302,47.89,66.64,362.42,512,384,BGR888p,,,,,
292.3363,detections,8737,299.585302,47.88,66.64,362.48,,,,1,0:0.69,,,
292.3848,frame,8738,299.618629,48.57,33.33,377.65,512,384,BGR888p,,,,,
292.3849,detections,8738,299.618629,48.56,33.33,377.71,,,,1,0:0.63,,,
292.3849,system,0,,1032.66,,,,,,,,52.02,34.3,16.8
292.4332,frame,8739,299.651946,48.42,33.32,392.76,512,384,BGR888p,,,,,
292.4333,detections,8739,299.651946,48.43,33.32,392.83,,,,1,0:0.65,,,
292.4802,frame,8741,299.718591,46.97,66.64,373.08,512,384,BGR888p,,,,,
292.4803,detections,8741,299.718591,46.98,66.64,373.18,,,,1,0:0.70,,,
292.525,frame,8742,299.751913,44.78,33.32,384.55,512,384,BGR888p,,,,,
292.5251,detections,8742,299.751913,44.78,33.32,384.64,,,,1,0:0.53,,,
292.5716,frame,8744,299.818556,46.67,66.64,364.6,512,384,BGR888p,,,,,
292.5718,detections,8744,299.818556,46.72,66.64,364.73,,,,1,0:0.75,,,
292.6188,frame,8745,299.851878,47.17,33.32,378.49,512,384,BGR888p,,,,,
292.6191,detections,8745,299.851878,47.26,33.32,378.7,,,,1,0:0.90,,,
292.6657,frame,8747,299.918521,46.91,66.64,358.76,512,384,BGR888p,,,,,
292.6667,detections,8747,299.918521,47.67,66.64,359.76,,,,2,0:0.73 56:0.52,,,
292.7123,frame,8748,299.951845,46.59,33.32,371.95,512,384,BGR888p,,,,,
292.7124,detections,8748,299.951845,45.67,33.32,372.04,,,,1,0:0.88,,,
292.7585,frame,8749,299.985164,46.16,33.32,384.78,512,384,BGR888p,,,,,
292.7585,detections,8749,299.985164,46.13,33.32,384.83,,,,2,0:0.85 56:0.52,,,
292.8042,frame,8751,300.05181,45.74,66.65,363.89,512,384,BGR888p,,,,,
292.8043,detections,8751,300.05181,45.77,66.65,363.97,,,,2,0:0.84 62:0.57,,,
292.8509,frame,8752,300.085132,46.7,33.32,377.26,512,384,BGR888p,,,,,
292.851,detections,8752,300.085132,46.69,33.32,377.33,,,,2,0:0.89 56:0.57,,,
292.898,frame,8754,300.151774,47.1,66.64,357.74,512,384,BGR888p,,,,,
292.8986,detections,8754,300.151774,47.62,66.64,358.31,,,,2,0:0.81 62:0.66,,,
292.9416,frame,8755,300.185097,43.55,33.32,367.96,512,384,BGR888p,,,,,
292.9417,detections,8755,300.185097,43.05,33.32,368.04,,,,2,56:0.57 0:0.56,,,
292.9885,frame,8756,300.218417,46.96,33.32,381.6,512,384,BGR888p,,,,,
292.9886,detections,8756,300.218417,46.96,33.32,381.68,,,,2,0:0.55 56:0.52,,,
293.0363,frame,8758,300.285063,47.74,66.65,362.72,512,384,BGR888p,,,,,
293.0364,detections,8758,300.285063,47.78,66.65,362.8,,,,2,0:0.67 56:0.54,,,
293.0848,frame,8759,300.318385,48.58,33.32,377.94,512,384,BGR888p,,,,,
293.0849,detections,8759,300.318385,48.53,33.32,378.02,,,,2,0:0.68 56:0.55,,,
293.1312,frame,8761,300.385028,46.39,66.64,357.71,512,384,BGR888p,,,,,
293.1313,detections,8761,300.385028,46.41,66.64,357.79,,,,2,0:0.83 62:0.65,,,
293.1775,frame,8762,300.41835,46.26,33.32,370.62,512,384,BGR888p,,,,,
293.1777,detections,8762,300.41835,46.35,33.32,370.81,,,,1,0:0.56,,,
293.2232,frame,8763,300.451671,45.72,33.32,383.08,512,384,BGR888p,,,,,
293.2234,detections,8763,300.451671,45.68,33.32,383.18,,,,0,,,,
293.2694,frame,8765,300.518315,46.19,66.64,362.56,512,384,BGR888p,,,,,
293.2695,detections,8765,300.518315,46.1,66.64,362.64,,,,2,56:0.68 56:0.65,,,
293.3185,frame,8766,300.551639,49.06,33.32,378.31,512,384,BGR888p,,,,,
293.3186,detections,8766,300.551639,49.08,33.32,378.39,,,,3,56:0.68 56:0.62 62:0.50,,,
293.3648,frame,8768,300.618281,46.34,66.64,358.01,512,384,BGR888p,,,,,
293.3649,detections,8768,300.618281,46.34,66.64,358.09,,,,0,,,,
293.365,system,0,,980.03,,,,,,,,51.96,34.1,16.3
293.4109,frame,8769,300.651604,46.09,33.32,370.79,512,384,BGR888p,,,,,
293.411,detections,8769,300.651604,46.1,33.32,370.88,,,,2,56:0.52 56:0.51,,,
293.4551,frame,8770,300.684924,44.26,33.32,381.72,512,384,BGR888p,,,,,
293.4552,detections,8770,300.684924,44.24,33.32,381.8,,,,1,62:0.56,,,
293.5016,frame,8772,300.75157,46.45,66.65,361.51,512,384,BGR888p,,,,,
293.5017,detections,8772,300.75157,46.44,66.65,361.59,,,,1,56:0.52,,,
293.5512,frame,8773,300.784891,49.61,33.32,377.82,512,384,BGR888p,,,,,
293.5513,detections,8773,300.784891,49.64,33.32,377.9,,,,2,56:0.66 63:0.51,,,
293.5982,frame,8775,300.851534,46.95,66.64,358.12,512,384,BGR888p,,,,,
293.5983,detections,8775,300.851534,46.94,66.64,358.2,,,,1,56:0.65,,,
293.6441,frame,8776,300.884859,45.93,33.32,370.71,512,384,BGR888p,,,,,
293.6442,detections,8776,300.884859,45.91,33.32,370.78,,,,1,62:0.57,,,
293.6904,frame,8777,300.918177,46.29,33.32,383.71,512,384,BGR888p,,,,,
293.6905,detections,8777,300.918177,46.33,33.32,383.79,,,,0,,,,
293.7372,frame,8779,300.984823,46.86,66.65,363.94,512,384,BGR888p,,,,,
293.7374,detections,8779,300.984823,46.91,66.65,364.06,,,,1,62:0.57,,,
293.7854,frame,8780,301.018145,48.14,33.32,378.73,512,384,BGR888p,,,,,
293.7855,detections,8780,301.018145,48.08,33.32,378.81,,,,1,62:0.65,,,
293.8315,frame,8782,301.084787,46.14,66.64,358.24,512,384,BGR888p,,,,,
293.8319,detections,8782,301.084787,46.44,66.64,358.62,,,,3,62:0.58 56:0.54 63:0.51,,,
293.8783,frame,8783,301.11811,46.78,33.32,371.69,512,384,BGR888p,,,,,
293.8784,detections,8783,301.11811,46.48,33.32,371.77,,,,1,62:0.54,,,
293.9247,frame,8784,301.151431,46.36,33.32,384.72,512,384,BGR888p,,,,,
293.9248,detections,8784,301.151431,46.36,33.32,384.81,,,,1,56:0.79,,,
293.9717,frame,8786,301.218076,47.0,66.64,365.08,512,384,BGR888p,,,,,
293.9718,detections,8786,301.218076,47.0,66.64,365.16,,,,1,56:0.51,,,
294.0177,frame,8787,301.251398,46.02,33.32,377.77,512,384,BGR888p,,,,,
294.0178,detections,8787,301.251398,45.99,33.32,377.83,,,,2,56:0.57 56:0.57,,,
294.0663,frame,8789,301.31804,48.63,66.64,359.75,512,384,BGR888p,,,,,
294.0664,detections,8789,301.31804,48.61,66.64,359.8,,,,2,56:0.57 62:0.55,,,
294.1133,frame,8790,301.351364,47.01,33.32,373.45,512,384,BGR888p,,,,,
294.1134,detections,8790,301.351364,47.03,33.32,373.51,,,,0,,,,
294.1583,frame,8791,301.384684,44.98,33.32,385.12,512,384,BGR888p,,,,,
294.1584,detections,8791,301.384684,44.98,33.32,385.17,,,,1,56:0.80,,,
294.2051,frame,8793,301.451328,46.82,66.64,365.29,512,384,BGR888p,,,,,
294.2053,detections,8793,301.451328,46.89,66.64,365.43,,,,0,,,,
294.2524,frame,8794,301.484651,47.28,33.32,379.26,512,384,BGR888p,,,,,
294.2525,detections,8794,301.484651,47.26,33.32,379.37,,,,1,56:0.84,,,
294.3011,frame,8796,301.551294,48.73,66.64,361.34,512,384,BGR888p,,,,,
294.3012,detections,8796,301.551294,48.71,66.64,361.43,,,,1,56:0.90,,,
294.3477,frame,8797,301.584616,46.57,33.32,374.58,512,384,BGR888p,,,,,
294.3478,detections,8797,301.584616,46.55,33.32,374.65,,,,1,56:0.70,,,
294.3478,system,0,,982.9,,,,,,,,52.51,34.3,17.0
294.3907,frame,8798,301.617937,42.98,33.32,384.24,512,384,BGR888p,,,,,
294.3908,detections,8798,301.617937,42.98,33.32,384.31,,,,1,56:0.76,,,
294.4369,frame,8800,301.684582,46.17,66.64,363.77,512,384,BGR888p,,,,,
294.437,detections,8800,301.684582,46.19,66.64,363.86,,,,1,56:0.74,,,
294.4847,frame,8801,301.717909,47.84,33.33,378.28,512,384,BGR888p,,,,,
294.4848,detections,8801,301.717909,47.84,33.33,378.36,,,,1,56:0.82,,,
294.5341,frame,8803,301.784547,49.41,66.64,361.04,512,384,BGR888p,,,,,
294.5342,detections,8803,301.784547,49.38,66.64,361.1,,,,1,56:0.58,,,
294.5802,frame,8804,301.81787,46.1,33.32,373.82,512,384,BGR888p,,,,,
294.5803,detections,8804,301.81787,46.1,33.32,373.88,,,,2,56:0.61 56:0.52,,,
294.6255,frame,8805,301.85119,45.28,33.32,385.78,512,384,BGR888p,,,,,
294.6255,detections,8805,301.85119,45.27,33.32,385.82,,,,1,56:0.51,,,
294.6721,frame,8807,301.917835,46.64,66.65,365.76,512,384,BGR888p,,,,,
294.6722,detections,8807,301.917835,46.63,66.65,365.81,,,,0,,,,
294.7174,frame,8808,301.951158,45.3,33.32,377.74,512,384,BGR888p,,,,,
294.7175,detections,8808,301.951158,45.31,33.32,377.8,,,,0,,,,
294.7658,frame,8810,302.017801,48.35,66.64,359.45,512,384,BGR888p,,,,,
294.7658,detections,8810,302.017801,48.35,66.64,359.51,,,,0,,,,
294.8109,frame,8811,302.051124,45.13,33.32,371.26,512,384,BGR888p,,,,,
294.811,detections,8811,302.051124,45.13,33.32,371.31,,,,0,,,,
294.8556,frame,8812,302.084443,44.69,33.32,382.63,512,384,BGR888p,,,,,
294.8557,detections,8812,302.084443,44.71,33.32,382.72,,,,0,,,,
294.9031,frame,8814,302.151088,47.53,66.64,363.5,512,384,BGR888p,,,,,
294.9032,detections,8814,302.151088,47.51,66.64,363.57,,,,0,,,,
294.9506,frame,8815,302.184411,47.5,33.32,377.68,512,384,BGR888p,,,,,
294.9507,detections,8815,302.184411,47.5,33.32,377.75,,,,0,,,,
294.9985,frame,8817,302.251053,47.93,66.64,358.99,512,384,BGR888p,,,,,
294.9986,detections,8817,302.251053,47.96,66.64,359.07,,,,2,62:0.63 56:0.61,,,
295.0446,frame,8818,302.284378,46.03,33.32,371.69,512,384,BGR888p,,,,,
295.0447,detections,8818,302.284378,46.02,33.32,371.77,,,,1,62:0.77,,,
295.0904,frame,8819,302.317697,45.86,33.32,384.23,512,384,BGR888p,,,,,
295.0905,detections,8819,302.317697,45.87,33.32,384.32,,,,1,62:0.71,,,
295.1371,frame,8821,302.384341,46.7,66.64,364.32,512,384,BGR888p,,,,,
295.1373,detections,8821,302.384341,46.73,66.64,364.4,,,,1,62:0.63,,,
295.1839,frame,8822,302.417664,46.8,33.32,377.77,512,384,BGR888p,,,,,
295.184,detections,8822,302.417664,46.78,33.32,377.85,,,,2,62:0.65 56:0.62,,,
295.2331,frame,8824,302.484306,49.17,66.64,360.3,512,384,BGR888p,,,,,
295.2333,detections,8824,302.484306,49.27,66.64,360.5,,,,2,62:0.68 56:0.52,,,
295.2779,frame,8825,302.51763,44.75,33.32,371.73,512,384,BGR888p,,,,,
295.278,detections,8825,302.51763,44.65,33.32,371.81,,,,1,62:0.52,,,
295.3236,frame,8826,302.55095,45.72,33.32,384.12,512,384,BGR888p,,,,,
295.3237,detections,8826,302.55095,45.72,33.32,384.21,,,,0,,,,
295.3698,frame,8828,302.617594,46.23,66.64,363.71,512,384,BGR888p,,,,,
295.3699,detections,8828,302.617594,46.23,66.64,363.79,,,,0,,,,
295.37,system,0,,1022.12,,,,,,,,52.35,34.9,16.3
295.4177,frame,8829,302.650917,47.89,33.32,378.26,512,384,BGR888p,,,,,
295.4178,detections,8829,302.650917,47.86,33.32,378.32,,,,0,,,,
295.4634,frame,8831,302.717559,45.71,66.64,357.31,512,384,BGR888p,,,,,
295.4642,detections,8831,302.717559,46.48,66.64,358.24,,,,0,,,,
295.5109,frame,8832,302.750886,47.49,33.33,371.48,512,384,BGR888p,,,,,
295.511,detections,8832,302.750886,46.72,33.33,371.54,,,,0,,,,
295.5566,frame,8833,302.784203,45.75,33.32,383.91,512,384,BGR888p,,,,,
295.5567,detections,8833,302.784203,45.74,33.32,383.96,,,,0,,,,
295.6032,frame,8835,302.850849,46.6,66.65,363.9,512,384,BGR888p,,,,,
295.6033,detections,8835,302.850849,46.64,66.65,363.96,,,,0,,,,
295.6506,frame,8836,302.88417,47.41,33.32,377.95,512,384,BGR888p,,,,,
295.6507,detections,8836,302.88417,47.37,33.32,378.0,,,,0,,,,
295.6992,frame,8838,302.950813,48.59,66.64,359.93,512,384,BGR888p,,,,,
295.6993,detections,8838,302.950813,48.64,66.64,360.0,,,,0,,,,
295.7451,frame,8839,302.984136,45.91,33.32,372.49,512,384,BGR888p,,,,,
295.7452,detections,8839,302.984136,45.87,33.32,372.55,,,,0,,,,
295.7909,frame,8840,303.017457,45.75,33.32,384.93,512,384,BGR888p,,,,,
295.791,detections,8840,303.017457,45.76,33.32,384.99,,,,0,,,,
295.8365,frame,8842,303.084101,45.61,66.64,363.92,512,384,BGR888p,,,,,
295.8366,detections,8842,303.084101,45.64,66.64,363.98,,,,2,41:0.57 62:0.57,,,
295.8842,frame,8843,303.117432,47.7,33.33,378.26,512,384,BGR888p,,,,,
295.8843,detections,8843,303.117432,47.67,33.33,378.34,,,,0,,,,
295.9323,frame,8845,303.184066,48.07,66.63,359.69,512,384,BGR888p,,,,,
295.9323,detections,8845,303.184066,48.06,66.63,359.74,,,,3,41:0.66 62:0.60 62:0.52,,,
295.9791,frame,8846,303.217389,46.82,33.32,373.19,512,384,BGR888p,,,,,
295.9792,detections,8846,303.217389,46.83,33.32,373.25,,,,1,41:0.53,,,
296.0246,frame,8847,303.25071,45.5,33.32,385.37,512,384,BGR888p,,,,,
296.0247,detections,8847,303.25071,45.5,33.32,385.43,,,,0,,,,
296.0713,frame,8849,303.317354,46.72,66.64,364.73,512,384,BGR888p,,,,,
296.0714,detections,8849,303.317354,46.75,66.64,364.79,,,,0,,,,
296.1182,frame,8850,303.350676,46.91,33.32,378.29,512,384,BGR888p,,,,,
296.1183,detections,8850,303.350676,46.89,33.32,378.35,,,,0,,,,
296.1671,frame,8852,303.417319,48.93,66.64,360.56,512,384,BGR888p,,,,,
296.1672,detections,8852,303.417319,48.91,66.64,360.62,,,,0,,,,
296.2123,frame,8853,303.450642,45.17,33.32,372.42,512,384,BGR888p,,,,,
296.2124,detections,8853,303.450642,45.17,33.32,372.47,,,,0,,,,
296.2581,frame,8854,303.483964,45.76,33.32,384.86,512,384,BGR888p,,,,,
296.2582,detections,8854,303.483964,45.84,33.32,384.99,,,,0,,,,
296.3039,frame,8856,303.550609,45.78,66.64,363.99,512,384,BGR888p,,,,,
296.3039,detections,8856,303.550609,45.72,66.64,364.05,,,,1,62:0.68,,,
296.3508,frame,8857,303.583933,46.97,33.32,377.64,512,384,BGR888p,,,,,
296.3509,detections,8857,303.583933,46.97,33.32,377.7,,,,0,,,,
296.3509,system,0,,980.98,,,,,,,,52.35,34.1,16.7
296.3993,frame,8859,303.650573,48.45,66.64,359.46,512,384,BGR888p,,,,,
296.3994,detections,8859,303.650573,48.46,66.64,359.52,,,,0,,,,
296.4453,frame,8860,303.683895,45.99,33.32,372.15,512,384,BGR888p,,,,,
296.4454,detections,8860,303.683895,46.01,33.32,372.21,,,,0,,,,
296.4909,frame,8861,303.717216,45.63,33.32,384.43,512,384,BGR888p,,,,,
296.491,detections,8861,303.717216,45.6,33.32,384.49,,,,0,,,,
296.5376,frame,8863,303.783862,46.73,66.65,364.51,512,384,BGR888p,,,,,
296.5377,detections,8863,303.783862,46.73,66.65,364.57,,,,1,41:0.73,,,
296.5849,frame,8864,303.817183,47.29,33.32,378.49,512,384,BGR888p,,,,,
296.585,detections,8864,303.817183,47.3,33.32,378.56,,,,0,,,,
296.6333,frame,8866,303.883826,48.41,66.64,360.25,512,384,BGR888p,,,,,
296.6334,detections,8866,303.883826,48.4,66.64,360.32,,,,2,41:0.59 62:0.54,,,
296.6805,frame,8867,303.917148,47.15,33.32,374.1,512,384,BGR888p,,,,,
296.6806,detections,8867,303.917148,47.19,33.32,374.18,,,,1,62:0.52,,,
296.7252,frame,8868,303.950469,44.74,33.32,385.51,512,384,BGR888p,,,,,
296.7253,detections,8868,303.950469,44.71,33.32,385.57,,,,1,62:0.64,,,
296.7719,frame,8870,304.017114,46.67,66.64,365.54,512,384,BGR888p,,,,,
296.772,detections,8870,304.017114,46.67,66.64,365.59,,,,1,63:0.59,,,
296.819,frame,8871,304.050436,47.07,33.32,379.3,512,384,BGR888p,,,,,
296.8191,detections,8871,304.050436,47.09,33.32,379.36,,,,1,63:0.58,,,
296.8677,frame,8873,304.117079,48.71,66.64,361.34,512,384,BGR888p,,,,,
296.8677,detections,8873,304.117079,48.68,66.64,361.39,,,,1,63:0.61,,,
296.916,frame,8874,304.150402,48.29,33.32,376.3,512,384,BGR888p,,,,,
296.916,detections,8874,304.150402,48.29,33.32,376.36,,,,1,62:0.56,,,
296.962,frame,8875,304.183722,46.02,33.32,389.01,512,384,BGR888p,,,,,
296.9621,detections,8875,304.183722,46.02,33.32,389.06,,,,1,62:0.58,,,
297.0068,frame,8877,304.250369,44.84,66.65,367.2,512,384,BGR888p,,,,,
297.0069,detections,8877,304.250369,44.84,66.65,367.26,,,,1,62:0.67,,,
297.0529,frame,8878,304.28369,46.03,33.32,379.9,512,384,BGR888p,,,,,
297.0529,detections,8878,304.28369,46.01,33.32,379.95,,,,1,62:0.68,,,
297.0999,frame,8880,304.350332,47.0,66.64,360.26,512,384,BGR888p,,,,,
297.0999,detections,8880,304.350332,47.0,66.64,360.31,,,,2,63:0.69 62:0.58,,,
297.148,frame,8881,304.38366,48.14,33.33,375.08,512,384,BGR888p,,,,,
297.1481,detections,8881,304.38366,48.15,33.33,375.13,,,,2,63:0.78 62:0.66,,,
297.1949,frame,8882,304.416976,46.89,33.32,388.65,512,384,BGR888p,,,,,
297.195,detections,8882,304.416976,46.89,33.32,388.71,,,,2,63:0.78 62:0.75,,,
297.2388,frame,8884,304.48362,43.94,66.64,365.98,512,384,BGR888p,,,,,
297.2389,detections,8884,304.48362,43.98,66.64,366.04,,,,1,63:0.84,,,
297.2865,frame,8885,304.516946,47.67,33.33,380.29,512,384,BGR888p,,,,,
297.2866,detections,8885,304.516946,47.68,33.33,380.4,,,,1,63:0.91,,,
297.3341,frame,8887,304.583586,47.65,66.64,361.31,512,384,BGR888p,,,,,
297.3342,detections,8887,304.583586,47.61,66.64,361.37,,,,1,63:0.82,,,
297.3814,frame,8888,304.616908,47.23,33.32,375.22,512,384,BGR888p,,,,,
297.3815,detections,8888,304.616908,47.24,33.32,375.28,,,,1,63:0.65,,,
297.3815,system,0,,1030.56,,,,,,,,52.07,34.4,16.6
297.4255,frame,8890,304.683551,44.13,66.64,352.71,512,384,BGR888p,,,,,
297.4256,detections,8890,304.683551,44.13,66.64,352.76,,,,1,63:0.57,,,
297.4717,frame,8891,304.716874,46.2,33.32,365.59,512,384,BGR888p,,,,,
297.4718,detections,8891,304.716874,46.2,33.32,365.64,,,,1,63:0.61,,,
297.5189,frame,8892,304.750204,47.17,33.33,379.43,512,384,BGR888p,,,,,
297.519,detections,8892,304.750204,47.17,33.33,379.48,,,,1,62:0.60,,,
297.5679,frame,8894,304.816839,49.04,66.64,361.84,512,384,BGR888p,,,,,
297.568,detections,8894,304.816839,49.05,66.64,361.9,,,,1,62:0.68,,,
297.6163,frame,8895,304.850161,48.36,33.32,376.9,512,384,BGR888p,,,,,
297.6164,detections,8895,304.850161,48.38,33.32,376.95,,,,1,62:0.72,,,
297.6625,frame,8896,304.883482,46.18,33.32,389.73,512,384,BGR888p,,,,,
297.6625,detections,8896,304.883482,46.15,33.32,389.77,,,,1,62:0.61,,,
297.7077,frame,8898,304.95013,45.22,66.65,368.3,512,384,BGR888p,,,,,
297.7078,detections,8898,304.95013,45.22,66.65,368.35,,,,1,63:0.97,,,
297.7547,frame,8899,304.983449,47.03,33.32,382.01,512,384,BGR888p,,,,,
297.7548,detections,8899,304.983449,47.05,33.32,382.08,,,,1,63:0.88,,,
297.802,frame,8901,305.050092,47.24,66.64,362.63,512,384,BGR888p,,,,,
297.8021,detections,8901,305.050092,47.27,66.64,362.71,,,,2,63:0.96 62:0.52,,,
297.8504,frame,8902,305.083415,48.48,33.32,377.84,512,384,BGR888p,,,,,
297.8506,detections,8902,305.083415,48.55,33.32,377.94,,,,2,63:0.96 63:0.71,,,
297.8977,frame,8903,305.116735,47.24,33.32,391.69,512,384,BGR888p,,,,,
297.8978,detections,8903,305.116735,47.15,33.32,391.76,,,,2,63:0.96 63:0.70,,,
297.944,frame,8905,305.183381,46.33,66.65,371.38,512,384,BGR888p,,,,,
297.9441,detections,8905,305.183381,46.35,66.65,371.46,,,,2,63:0.78 63:0.61,,,
297.9907,frame,8906,305.216702,46.64,33.32,384.69,512,384,BGR888p,,,,,
297.9907,detections,8906,305.216702,46.6,33.32,384.74,,,,2,63:0.80 63:0.72,,,
298.0358,frame,8908,305.283345,45.18,66.64,363.23,512,384,BGR888p,,,,,
298.0359,detections,8908,305.283345,45.22,66.64,363.32,,,,3,63:0.80 63:0.64 63:0.52,,,
298.0835,frame,8909,305.316669,47.62,33.32,377.52,512,384,BGR888p,,,,,
298.0835,detections,8909,305.316669,47.6,33.32,377.59,,,,3,63:0.69 63:0.65 63:0.59,,,
298.1302,frame,8911,305.38331,46.73,66.64,357.62,512,384,BGR888p,,,,,
298.1309,detections,8911,305.38331,47.38,66.64,358.33,,,,3,63:0.83 63:0.83 62:0.52,,,
298.1767,frame,8912,305.416633,46.47,33.32,370.76,512,384,BGR888p,,,,,
298.1769,detections,8912,305.416633,45.99,33.32,371.0,,,,2,63:0.87 63:0.73,,,
298.2228,frame,8913,305.449954,46.11,33.32,383.56,512,384,BGR888p,,,,,
298.2229,detections,8913,305.449954,45.96,33.32,383.63,,,,3,63:0.78 63:0.72 63:0.59,,,
298.2681,frame,8915,305.516599,45.3,66.64,362.22,512,384,BGR888p,,,,,
298.2682,detections,8915,305.516599,45.31,66.64,362.3,,,,2,67:0.63 63:0.53,,,
298.3166,frame,8916,305.549921,48.54,33.32,377.43,512,384,BGR888p,,,,,
298.3168,detections,8916,305.549921,48.6,33.32,377.61,,,,2,63:0.75 63:0.68,,,
298.3638,frame,8918,305.616564,47.24,66.64,358.05,512,384,BGR888p,,,,,
298.364,detections,8918,305.616564,47.19,66.64,358.13,,,,3,62:0.78 63:0.71 63:0.66,,,
298.364,system,0,,982.53,,,,,,,,51.91,33.4,16.6
298.4109,frame,8919,305.649889,47.05,33.32,371.8,512,384,BGR888p,,,,,
298.411,detections,8919,305.649889,47.08,33.32,371.88,,,,3,63:0.74 63:0.70 62:0.69,,,
298.4568,frame,8920,305.683207,45.87,33.32,384.32,512,384,BGR888p,,,,,
298.4569,detections,8920,305.683207,45.83,33.32,384.39,,,,2,62:0.57 62:0.55,,,
298.5027,frame,8922,305.749852,45.93,66.64,363.6,512,384,BGR888p,,,,,
298.5028,detections,8922,305.749852,45.91,66.64,363.66,,,,0,,,,
298.5496,frame,8923,305.783174,46.93,33.32,377.19,512,384,BGR888p,,,,,
298.5497,detections,8923,305.783174,46.92,33.32,377.25,,,,0,,,,
298.5968,frame,8925,305.849817,47.14,66.64,357.67,512,384,BGR888p,,,,,
298.5968,detections,8925,305.849817,47.11,66.64,357.72,,,,1,62:0.57,,,
298.6429,frame,8926,305.883142,46.13,33.33,370.48,512,384,BGR888p,,,,,
298.6429,detections,8926,305.883142,46.14,33.33,370.53,,,,1,62:0.52,,,
298.6888,frame,8927,305.91646,45.9,33.32,383.06,512,384,BGR888p,,,,,
298.6888,detections,8927,305.91646,45.9,33.32,383.11,,,,1,62:0.80,,,
298.7351,frame,8929,305.983105,46.28,66.65,362.72,512,384,BGR888p,,,,,
298.7352,detections,8929,305.983105,46.32,66.65,362.79,,,,2,62:0.68 62:0.54,,,
298.7829,frame,8930,306.016427,47.86,33.32,377.24,512,384,BGR888p,,,,,
298.783,detections,8930,306.016427,47.84,33.32,377.31,,,,1,63:0.60,,,
298.8285,frame,8932,306.08307,45.56,66.64,356.16,512,384,BGR888p,,,,,
298.8286,detections,8932,306.08307,45.58,66.64,356.25,,,,1,63:0.64,,,
298.8755,frame,8933,306.116393,46.96,33.32,369.82,512,384,BGR888p,,,,,
298.8756,detections,8933,306.116393,46.98,33.32,369.91,,,,1,62:0.72,,,
298.9204,frame,8934,306.149714,44.92,33.32,381.41,512,384,BGR888p,,,,,
298.9205,detections,8934,306.149714,44.9,33.32,381.49,,,,1,62:0.73,,,
298.9679,frame,8936,306.216358,47.49,66.64,362.25,512,384,BGR888p,,,,,
298.968,detections,8936,306.216358,47.49,66.64,362.33,,,,1,62:0.83,,,
299.0168,frame,8937,306.249681,48.89,33.32,377.83,512,384,BGR888p,,,,,
299.0169,detections,8937,306.249681,48.9,33.32,377.91,,,,1,62:0.89,,,
299.0644,frame,8939,306.316323,47.6,66.64,358.8,512,384,BGR888p,,,,,
299.065,detections,8939,306.316323,48.16,66.64,359.43,,,,1,62:0.84,,,
299.1112,frame,8940,306.349647,46.84,33.32,372.3,512,384,BGR888p,,,,,
299.1113,detections,8940,306.349647,46.29,33.32,372.39,,,,1,62:0.86,,,
299.1567,frame,8941,306.382968,45.52,33.32,384.5,512,384,BGR888p,,,,,
299.1568,detections,8941,306.382968,45.51,33.32,384.58,,,,1,62:0.79,,,
299.202,frame,8943,306.449611,45.29,66.64,363.15,512,384,BGR888p,,,,,
299.2021,detections,8943,306.449611,45.29,66.64,363.22,,,,1,62:0.74,,,
299.2498,frame,8944,306.482934,47.84,33.32,377.65,512,384,BGR888p,,,,,
299.2499,detections,8944,306.482934,47.8,33.32,377.7,,,,1,63:0.63,,,
299.2977,frame,8946,306.549577,47.82,66.64,358.83,512,384,BGR888p,,,,,
299.2985,detections,8946,306.549577,48.63,66.64,359.69,,,,2,62:0.68 39:0.64,,,
299.3434,frame,8947,306.582902,45.7,33.32,371.2,512,384,BGR888p,,,,,
299.3435,detections,8947,306.582902,44.96,33.32,371.32,,,,1,62:0.76,,,
299.389,frame,8948,306.61622,45.67,33.32,383.55,512,384,BGR888p,,,,,
299.3891,detections,8948,306.61622,45.6,33.32,383.61,,,,1,62:0.79,,,
299.3891,system,0,,1025.11,,,,,,,,52.29,34.5,17.6
299.435,frame,8950,306.682866,45.98,66.65,362.89,512,384,BGR888p,,,,,
299.4351,detections,8950,306.682866,45.98,66.65,362.94,,,,2,62:0.84 39:0.65,,,
299.4827,frame,8951,306.716187,47.73,33.32,377.31,512,384,BGR888p,,,,,
299.4828,detections,8951,306.716187,47.76,33.32,377.39,,,,2,62:0.81 39:0.51,,,
299.5303,frame,8953,306.78283,47.6,66.64,358.25,512,384,BGR888p,,,,,
299.5311,detections,8953,306.78283,48.23,66.64,358.97,,,,2,62:0.73 39:0.57,,,
299.5762,frame,8954,306.816153,45.89,33.32,370.85,512,384,BGR888p,,,,,
299.5764,detections,8954,306.816153,45.29,33.32,370.94,,,,2,39:0.69 62:0.69,,,
299.622,frame,8955,306.849474,45.79,33.32,383.29,512,384,BGR888p,,,,,
299.6221,detections,8955,306.849474,45.75,33.32,383.37,,,,2,39:0.78 62:0.71,,,
299.6681,frame,8957,306.916119,46.09,66.64,362.75,512,384,BGR888p,,,,,
299.6682,detections,8957,306.916119,46.1,66.64,362.83,,,,3,62:0.78 39:0.77 41:0.54,,,
299.7166,frame,8958,306.949447,48.48,33.33,377.89,512,384,BGR888p,,,,,
299.7167,detections,8958,306.949447,48.47,33.33,377.97,,,,2,62:0.78 39:0.76,,,
299.7633,frame,8960,307.016083,46.72,66.64,357.98,512,384,BGR888p,,,,,
299.7641,detections,8960,307.016083,47.41,66.64,358.75,,,,3,62:0.80 39:0.66 39:0.54,,,
299.8099,frame,8961,307.049406,46.62,33.32,371.26,512,384,BGR888p,,,,,
299.8106,detections,8961,307.049406,46.48,33.32,371.91,,,,2,62:0.78 39:0.59,,,
299.8561,frame,8962,307.082726,46.18,33.32,384.19,512,384,BGR888p,,,,,
299.8564,detections,8962,307.082726,45.8,33.32,384.45,,,,1,62:0.71,,,
299.9024,frame,8964,307.149371,46.33,66.64,363.82,512,384,BGR888p,,,,,
299.9025,detections,8964,307.149371,46.16,66.64,363.91,,,,1,62:0.70,,,
299.9496,frame,8965,307.182694,47.21,33.32,377.7,512,384,BGR888p,,,,,
299.9497,detections,8965,307.182694,47.18,33.32,377.75,,,,1,62:0.59,,,
299.9968,frame,8967,307.249336,47.13,66.64,358.24,512,384,BGR888p,,,,,
299.9972,detections,8967,307.249336,47.49,66.64,358.68,,,,0,,,,
300.0427,frame,8968,307.28266,45.91,33.32,370.76,512,384,BGR888p,,,,,
300.0429,detections,8968,307.28266,45.65,33.32,370.93,,,,1,41:0.52,,,
300.089,frame,8969,307.315979,46.27,33.32,383.72,512,384,BGR888p,,,,,
300.089,detections,8969,307.315979,46.16,33.32,383.77,,,,0,,,,
300.1362,frame,8971,307.382625,47.21,66.65,364.29,512,384,BGR888p,,,,,
300.1363,detections,8971,307.382625,47.23,66.65,364.36,,,,1,39:0.66,,,
300.1833,frame,8972,307.415947,47.09,33.32,378.08,512,384,BGR888p,,,,,
300.1834,detections,8972,307.415947,47.12,33.32,378.16,,,,1,39:0.75,,,
300.2309,frame,8974,307.48259,47.65,66.64,359.07,512,384,BGR888p,,,,,
300.231,detections,8974,307.48259,47.62,66.64,359.14,,,,1,39:0.69,,,
300.2775,frame,8975,307.515915,46.63,33.32,372.42,512,384,BGR888p,,,,,
300.2777,detections,8975,307.515915,46.69,33.32,372.51,,,,0,,,,
300.3241,frame,8976,307.549233,46.51,33.32,385.57,512,384,BGR888p,,,,,
300.3242,detections,8976,307.549233,46.47,33.32,385.66,,,,1,39:0.65,,,
300.3697,frame,8978,307.615877,45.65,66.64,364.58,512,384,BGR888p,,,,,
300.3699,detections,8978,307.615877,45.72,66.64,364.73,,,,0,,,,
300.3699,system,0,,980.78,,,,,,,,52.29,34.4,17.1
300.4166,frame,8979,307.6492,46.91,33.32,378.16,512,384,BGR888p,,,,,
300.4167,detections,8979,307.6492,46.82,33.32,378.22,,,,1,39:0.50,,,
300.463,frame,8981,307.715843,46.38,66.64,357.9,512,384,BGR888p,,,,,
300.4631,detections,8981,307.715843,46.4,66.64,357.99,,,,1,39:0.63,,,
300.51,frame,8982,307.749165,46.98,33.32,371.56,512,384,BGR888p,,,,,
300.5101,detections,8982,307.749165,46.97,33.32,371.64,,,,1,62:0.54,,,
300.556,frame,8983,307.782486,46.04,33.32,384.27,512,384,BGR888p,,,,,
300.5561,detections,8983,307.782486,46.04,33.32,384.35,,,,0,,,,
300.6024,frame,8985,307.849131,46.35,66.64,363.98,512,384,BGR888p,,,,,
300.6025,detections,8985,307.849131,46.35,66.64,364.06,,,,0,,,,
300.6495,frame,8986,307.882454,47.16,33.32,377.81,512,384,BGR888p,,,,,
300.6496,detections,8986,307.882454,47.14,33.32,377.87,,,,0,,,,
300.6984,frame,8988,307.949096,48.86,66.64,360.01,512,384,BGR888p,,,,,
300.6984,detections,8988,307.949096,48.85,66.64,360.07,,,,0,,,,
300.7455,frame,8989,307.982419,47.1,33.32,373.79,512,384,BGR888p,,,,,
300.7455,detections,8989,307.982419,47.09,33.32,373.84,,,,0,,,,
300.7906,frame,8990,308.015739,45.13,33.32,385.59,512,384,BGR888p,,,,,
300.7907,detections,8990,308.015739,45.21,33.32,385.74,,,,0,,,,
