model,raw,seq,t_send_s,dev_t_s,edge_ms,pc_ms,post_ms,raw_bytes,n_objects
traffic_light,off,0,1791299706.885740,7.006681,527.461,-37.49,0.0,0,0
traffic_light,off,2,1791299707.052508,7.406544,253.656,3.06,0.0,0,0
traffic_light,off,3,1791299707.178172,7.606474,181.22,1.86,0.0,0,0
traffic_light,off,4,1791299707.351206,7.806406,153.475,2.81,0.0,0,0
traffic_light,off,5,1791299707.552220,8.006337,154.582,2.79,0.0,0,0
traffic_light,off,6,1791299707.750838,8.206268,154.338,1.78,0.0,0,0
traffic_light,off,7,1791299707.951112,8.406199,154.16,2.26,0.0,0,0
traffic_light,off,8,1791299708.152142,8.606131,154.703,2.72,0.0,0,0
traffic_light,off,9,1791299708.351354,8.806062,153.882,2.89,0.0,0,0
traffic_light,off,10,1791299708.551396,9.005993,153.959,2.92,0.0,0,0
traffic_light,off,11,1791299708.750775,9.205925,153.618,2.72,0.0,0,0
traffic_light,off,12,1791299708.951313,9.405856,154.085,2.87,0.0,0,0
traffic_light,off,13,1791299709.151697,9.605787,154.492,2.87,0.0,0,0
traffic_light,off,14,1791299709.350792,9.805719,153.696,2.86,0.0,0,0
traffic_light,off,15,1791299709.551152,10.005650,154.153,2.83,0.0,0,0
traffic_light,off,16,1791299709.750871,10.205581,153.984,2.72,0.0,0,0
traffic_light,off,17,1791299709.949569,10.405513,153.455,2.12,0.0,0,0
traffic_light,off,18,1791299710.151501,10.605444,154.499,3.04,0.0,0,0
traffic_light,off,19,1791299710.351046,10.805375,154.176,2.98,0.0,0,0
traffic_light,off,20,1791299710.550983,11.005306,154.319,2.84,0.0,0,0
traffic_light,off,21,1791299710.750917,11.205238,154.274,2.89,0.0,0,0
traffic_light,off,22,1791299710.950415,11.405169,153.915,2.86,0.0,0,0
traffic_light,off,23,1791299711.150817,11.605101,154.248,2.95,0.0,0,0
traffic_light,off,24,1791299711.350845,11.805032,154.379,2.92,0.0,0,0
traffic_light,off,25,1791299711.549875,12.004963,154.489,2.03,0.0,0,0
traffic_light,off,26,1791299711.750560,12.204895,154.413,2.71,0.0,0,0
traffic_light,off,27,1791299711.950184,12.404826,154.201,2.69,0.0,0,0
traffic_light,off,28,1791299712.150736,12.604757,154.412,3.02,0.0,0,0
traffic_light,off,29,1791299712.350699,12.804689,154.555,2.91,0.0,0,0
traffic_light,off,30,1791299712.549969,13.004620,153.945,2.89,0.0,0,0
traffic_light,off,31,1791299712.750679,13.204551,154.891,2.7,0.0,0,0
traffic_light,off,32,1791299712.949186,13.404482,153.636,2.57,0.0,0,0
traffic_light,off,33,1791299713.150131,13.604414,154.42,2.78,0.0,0,0
traffic_light,off,34,1791299713.349822,13.804345,153.954,3.01,0.0,0,0
traffic_light,off,35,1791299713.550094,14.004276,154.328,2.97,0.0,0,0
traffic_light,off,36,1791299713.750573,14.204208,155.079,2.74,0.0,0,0
traffic_light,off,37,1791299713.949058,14.404139,154.158,2.3,0.0,0,0
traffic_light,off,38,1791299714.149552,14.604070,154.232,2.71,0.0,0,0
traffic_light,off,39,1791299714.349396,14.804002,154.166,2.71,0.0,0,0
traffic_light,off,40,1791299714.548966,15.003933,153.785,2.73,0.0,0,0
traffic_light,off,41,1791299714.749574,15.203864,154.364,2.8,0.0,0,0
traffic_light,off,42,1791299714.948677,15.403796,153.642,2.72,0.0,0,0
traffic_light,off,43,1791299715.149570,15.603727,154.402,2.91,0.0,0,0
traffic_light,off,44,1791299715.349223,15.803658,154.114,2.95,0.0,0,0
traffic_light,off,45,1791299715.548661,16.003590,153.734,2.81,0.0,0,0
traffic_light,off,46,1791299715.749065,16.203521,154.243,2.8,0.0,0,0
traffic_light,off,47,1791299715.948350,16.403452,153.684,2.74,0.0,0,0
traffic_light,off,48,1791299716.149273,16.603384,154.572,2.82,0.0,0,0
traffic_light,off,49,1791299716.348659,16.803315,153.975,2.84,0.0,0,0
traffic_light,off,50,1791299716.548065,17.003246,153.575,2.74,0.0,0,0
traffic_light,off,51,1791299716.748784,17.203177,154.425,2.69,0.0,0,0
traffic_light,off,52,1791299716.948073,17.403109,153.802,2.69,0.0,0,0
traffic_light,off,53,1791299717.148592,17.603040,154.207,2.83,0.0,0,0
traffic_light,off,54,1791299717.348318,17.802971,154.044,2.8,0.0,0,0
traffic_light,off,55,1791299717.548301,18.002903,154.211,2.69,0.0,0,0
traffic_light,off,56,1791299717.748545,18.202834,154.618,2.57,0.0,0,0
traffic_light,off,57,1791299717.947711,18.402766,154.543,1.98,0.0,0,0
traffic_light,off,58,1791299718.148309,18.602697,154.203,2.91,0.0,0,0
traffic_light,off,59,1791299718.348310,18.802628,154.384,2.8,0.0,0,0
traffic_light,off,60,1791299718.548008,19.002559,154.092,2.86,0.0,0,0
traffic_light,off,61,1791299718.748022,19.202491,154.418,2.62,0.0,0,0
traffic_light,off,62,1791299718.947261,19.402422,154.192,2.19,0.0,0,0
traffic_light,off,63,1791299719.148329,19.602353,154.671,2.8,0.0,0,0
traffic_light,off,64,1791299719.348169,19.802285,154.571,2.82,0.0,0,0
traffic_light,off,65,1791299719.547619,20.002216,153.986,2.89,0.0,0,0
traffic_light,off,66,1791299719.746868,20.202147,154.288,1.97,0.0,0,0
traffic_light,off,67,1791299719.947232,20.402079,154.089,2.61,0.0,0,0
traffic_light,off,68,1791299720.147431,20.602010,154.13,2.79,0.0,0,0
traffic_light,off,69,1791299720.347964,20.801941,154.674,2.85,0.0,0,0
traffic_light,off,70,1791299720.547296,21.001873,154.308,2.61,0.0,0,0
traffic_light,off,71,1791299720.747056,21.201804,154.259,2.5,0.0,0,0
traffic_light,off,72,1791299720.947610,21.401735,154.68,2.67,0.0,0,0
traffic_light,off,73,1791299721.147224,21.601667,154.359,2.7,0.0,0,0
traffic_light,off,74,1791299721.347121,21.801598,153.988,3.01,0.0,0,0
traffic_light,off,75,1791299721.546858,22.001529,154.818,2.05,0.0,0,0
traffic_light,off,76,1791299721.747175,22.201461,154.494,2.71,0.0,0,0
traffic_light,off,77,1791299721.946069,22.401392,154.044,2.18,0.0,0,0
traffic_light,off,78,1791299722.146475,22.601323,153.997,2.66,0.0,0,0
traffic_light,off,79,1791299722.346503,22.801255,154.448,2.33,0.0,0,0
traffic_light,off,80,1791299722.547127,23.001186,154.611,2.82,0.0,0,0
traffic_light,off,81,1791299722.747444,23.201117,155.265,2.59,0.0,0,0
traffic_light,off,82,1791299722.946661,23.401048,154.432,2.8,0.0,0,0
traffic_light,off,83,1791299723.146393,23.600980,154.107,2.89,0.0,0,0
traffic_light,off,84,1791299723.346240,23.800911,154.036,2.88,0.0,0,0
traffic_light,off,85,1791299723.545800,24.000842,153.712,2.83,0.0,0,0
traffic_light,off,86,1791299723.746678,24.200774,154.712,2.74,0.0,0,0
traffic_light,off,87,1791299723.945818,24.400705,154.423,2.29,0.0,0,0
traffic_light,off,88,1791299724.145611,24.600636,153.734,2.79,0.0,0,0
traffic_light,off,89,1791299724.345888,24.800568,154.014,2.89,0.0,0,0
traffic_light,off,90,1791299724.545383,25.000499,154.288,2.21,0.0,0,0
traffic_light,off,91,1791299724.745144,25.200430,154.288,2.01,0.0,0,0
traffic_light,off,92,1791299724.945447,25.400362,154.074,2.63,0.0,0,0
traffic_light,off,93,1791299725.146128,25.600293,154.5,2.92,0.0,0,0
traffic_light,off,94,1791299725.345928,25.800224,154.253,3.03,0.0,0,0
traffic_light,off,95,1791299725.545481,26.000156,154.072,2.76,0.0,0,0
traffic_light,off,96,1791299725.745218,26.200087,153.949,2.76,0.0,0,0
traffic_light,off,97,1791299725.944726,26.400018,154.345,2.0,0.0,0,0
traffic_light,off,98,1791299726.144643,26.599950,153.495,2.74,0.0,0,0
traffic_light,off,99,1791299726.345387,26.799881,154.28,2.81,0.0,0,0
traffic_light,off,100,1791299726.545107,26.999812,154.059,2.82,0.0,0,0
traffic_light,off,101,1791299726.744811,27.199744,153.98,2.67,0.0,0,0
traffic_light,off,102,1791299726.945318,27.399675,154.425,2.81,0.0,0,0
traffic_light,off,103,1791299727.144958,27.599606,153.996,2.94,0.0,0,0
traffic_light,off,104,1791299727.345462,27.799537,154.597,2.91,0.0,0,0
traffic_light,off,105,1791299727.544413,27.999469,153.612,2.86,0.0,0,0
traffic_light,off,106,1791299727.745784,28.199400,155.363,2.63,0.0,0,0
traffic_light,off,107,1791299727.944659,28.399331,153.995,2.89,0.0,0,0
traffic_light,off,108,1791299728.145060,28.599263,154.709,2.7,0.0,0,0
traffic_light,off,109,1791299728.344601,28.799194,154.127,2.83,0.0,0,0
traffic_light,off,110,1791299728.544229,28.999126,154.189,2.5,0.0,0,0
traffic_light,off,111,1791299728.744261,29.199057,154.174,2.62,0.0,0,0
traffic_light,off,112,1791299728.944171,29.398988,154.129,2.66,0.0,0,0
traffic_light,off,113,1791299729.143483,29.598919,154.154,2.03,0.0,0,0
traffic_light,off,114,1791299729.343716,29.798851,154.481,1.95,0.0,0,0
traffic_light,off,115,1791299729.543929,29.998782,153.943,2.78,0.0,0,0
traffic_light,off,116,1791299729.744072,30.198713,154.075,2.87,0.0,0,0
traffic_light,off,117,1791299729.942810,30.398645,153.992,1.82,0.0,0,0
traffic_light,off,118,1791299730.143304,30.598576,154.152,2.19,0.0,0,0
traffic_light,off,119,1791299730.343266,30.798507,153.539,2.78,0.0,0,0
traffic_light,off,120,1791299730.544379,30.998439,154.848,2.66,0.0,0,0
traffic_light,off,121,1791299730.743567,31.198370,154.097,2.63,0.0,0,0
traffic_light,off,122,1791299730.943713,31.398301,154.11,2.88,0.0,0,0
traffic_light,off,123,1791299731.143673,31.598233,154.053,2.92,0.0,0,0
traffic_light,off,124,1791299731.343495,31.798164,153.997,2.9,0.0,0,0
traffic_light,off,125,1791299731.543551,31.998095,154.186,2.79,0.0,0,0
traffic_light,off,126,1791299731.743609,32.198027,154.426,2.69,0.0,0,0
traffic_light,off,127,1791299731.942112,32.397958,153.933,1.94,0.0,0,0
traffic_light,off,128,1791299732.143320,32.597889,154.236,2.75,0.0,0,0
traffic_light,off,129,1791299732.343074,32.797820,154.08,2.72,0.0,0,0
traffic_light,off,130,1791299732.543736,32.997752,154.812,2.7,0.0,0,0
traffic_light,off,131,1791299732.743650,33.197683,154.692,2.81,0.0,0,0
traffic_light,off,132,1791299732.942958,33.397615,154.233,2.69,0.0,0,0
traffic_light,off,133,1791299733.143200,33.597546,154.44,2.78,0.0,0,0
traffic_light,off,134,1791299733.342591,33.797477,153.85,2.79,0.0,0,0
traffic_light,off,135,1791299733.542973,33.997409,154.223,2.9,0.0,0,0
traffic_light,off,136,1791299733.742714,34.197340,154.39,2.53,0.0,0,0
traffic_light,off,137,1791299733.942307,34.397271,153.825,2.8,0.0,0,0
traffic_light,off,138,1791299734.142335,34.597203,154.005,2.69,0.0,0,0
traffic_light,off,139,1791299734.343073,34.797134,154.723,2.78,0.0,0,0
traffic_light,off,140,1791299734.541955,34.997065,153.528,2.93,0.0,0,0
traffic_light,off,141,1791299734.742438,35.196997,154.49,2.51,0.0,0,0
traffic_light,off,142,1791299734.942156,35.396928,153.936,2.87,0.0,0,0
traffic_light,off,143,1791299735.142033,35.596859,154.122,2.64,0.0,0,0
traffic_light,off,144,1791299735.342224,35.796791,154.114,2.81,0.0,0,0
traffic_light,off,145,1791299735.542378,35.996722,154.502,2.72,0.0,0,0
traffic_light,off,146,1791299735.741626,36.196653,153.795,2.71,0.0,0,0
traffic_light,off,147,1791299735.942255,36.396584,154.577,2.68,0.0,0,0
traffic_light,off,148,1791299736.141695,36.596516,153.919,2.79,0.0,0,0
traffic_light,off,149,1791299736.341294,36.796447,154.523,1.92,0.0,0,0
traffic_light,off,150,1791299736.541965,36.996378,154.523,2.62,0.0,0,0
traffic_light,off,151,1791299736.741173,37.196309,153.608,2.72,0.0,0,0
traffic_light,off,152,1791299736.941056,37.396241,154.595,1.83,0.0,0,0
traffic_light,off,153,1791299737.140647,37.596172,154.065,1.98,0.0,0,0
traffic_light,off,154,1791299737.340130,37.796104,153.752,1.86,0.0,0,0
traffic_light,off,155,1791299737.540673,37.996035,153.533,2.65,0.0,0,0
traffic_light,off,156,1791299737.740763,38.195966,153.803,2.55,0.0,0,0
traffic_light,off,157,1791299737.940699,38.395898,154.2,2.16,0.0,0,0
traffic_light,off,158,1791299738.141102,38.595829,154.329,2.59,0.0,0,0
traffic_light,off,159,1791299738.340737,38.795760,153.823,2.74,0.0,0,0
traffic_light,off,160,1791299738.540658,38.995692,154.482,2.11,0.0,0,0
traffic_light,off,161,1791299738.739843,39.195623,153.895,1.94,0.0,0,0
traffic_light,off,162,1791299738.940020,39.395554,154.007,2.1,0.0,0,0
traffic_light,off,163,1791299739.139997,39.595485,154.128,2.04,0.0,0,0
traffic_light,off,164,1791299739.340145,39.795417,154.206,2.14,0.0,0,0
traffic_light,off,165,1791299739.539937,39.995348,154.152,2.05,0.0,0,0
traffic_light,off,166,1791299739.740257,40.195279,153.969,2.62,0.0,0,0
traffic_light,off,167,1791299739.939643,40.395211,153.893,2.16,0.0,0,0
traffic_light,off,168,1791299740.139777,40.595142,154.128,2.16,0.0,0,0
traffic_light,off,169,1791299740.339023,40.795073,153.451,2.16,0.0,0,0
traffic_light,off,170,1791299740.540274,40.995005,154.223,2.66,0.0,0,0
traffic_light,off,171,1791299740.739328,41.194936,153.417,2.59,0.0,0,0
traffic_light,off,172,1791299740.939236,41.394868,153.937,2.08,0.0,0,0
traffic_light,off,173,1791299741.138866,41.594799,153.68,1.97,0.0,0,0
traffic_light,off,174,1791299741.339384,41.794730,154.264,2.01,0.0,0,0
traffic_light,off,175,1791299741.540323,41.994661,154.629,2.66,0.0,0,0
traffic_light,off,176,1791299741.739280,42.194593,153.729,2.58,0.0,0,0
traffic_light,off,177,1791299741.938884,42.394524,154.009,2.02,0.0,0,0
traffic_light,off,178,1791299742.138758,42.594455,153.998,1.95,0.0,0,0
traffic_light,off,179,1791299742.338808,42.794387,153.619,2.42,0.0,0,0
traffic_light,off,180,1791299742.539091,42.994318,154.333,2.09,0.0,0,0
traffic_light,off,181,1791299742.738778,43.194249,154.347,1.8,0.0,0,0
traffic_light,off,182,1791299742.938900,43.394181,153.713,2.64,0.0,0,0
traffic_light,off,183,1791299743.139174,43.594112,154.576,2.11,0.0,0,0
traffic_light,off,184,1791299743.339213,43.794043,154.042,2.75,0.0,0,0
traffic_light,off,185,1791299743.539001,43.993975,153.949,2.7,0.0,0,0
traffic_light,off,186,1791299743.739424,44.193906,154.62,2.52,0.0,0,0
traffic_light,off,187,1791299743.938776,44.393837,154.509,2.1,0.0,0,0
traffic_light,off,188,1791299744.138417,44.593768,153.664,2.6,0.0,0,0
traffic_light,off,189,1791299744.339025,44.793700,154.256,2.69,0.0,0,0
traffic_light,off,190,1791299744.539341,44.993631,153.938,3.39,0.0,0,0
traffic_light,off,191,1791299744.739094,45.193562,154.469,2.69,0.0,0,0
traffic_light,off,192,1791299744.939451,45.393494,154.862,2.74,0.0,0,0
traffic_light,off,193,1791299745.137986,45.593425,154.372,1.85,0.0,0,0
traffic_light,off,194,1791299745.338012,45.793357,153.663,2.6,0.0,0,0
traffic_light,off,195,1791299745.538771,45.993288,154.33,2.77,0.0,0,0
traffic_light,off,196,1791299745.739277,46.193219,154.897,2.78,0.0,0,0
traffic_light,off,197,1791299745.937861,46.393150,153.89,2.47,0.0,0,0
traffic_light,off,198,1791299746.138538,46.593082,154.342,2.89,0.0,0,0
traffic_light,off,199,1791299746.337403,46.793013,153.873,2.34,0.0,0,0
traffic_light,off,200,1791299746.538187,46.992944,154.097,2.94,0.0,0,0
traffic_light,off,201,1791299746.737865,47.192876,154.079,2.68,0.0,0,0
traffic_light,off,202,1791299746.937834,47.392807,153.979,2.87,0.0,0,0
traffic_light,off,203,1791299747.138409,47.592738,154.578,2.91,0.0,0,0
traffic_light,off,204,1791299747.337457,47.792670,153.637,2.94,0.0,0,0
traffic_light,off,205,1791299747.537888,47.992601,154.303,2.78,0.0,0,0
traffic_light,off,206,1791299747.737724,48.192532,154.098,2.86,0.0,0,0
traffic_light,off,207,1791299747.937083,48.392464,153.551,2.89,0.0,0,0
traffic_light,off,208,1791299748.137437,48.592395,154.034,2.8,0.0,0,0
traffic_light,off,209,1791299748.337453,48.792326,154.022,2.9,0.0,0,0
traffic_light,off,210,1791299748.537034,48.992258,153.75,2.82,0.0,0,0
traffic_light,off,211,1791299748.737602,49.192189,154.464,2.73,0.0,0,0
traffic_light,off,212,1791299748.936881,49.392120,153.599,2.96,0.0,0,0
traffic_light,off,213,1791299749.138012,49.592051,154.827,2.93,0.0,0,0
traffic_light,off,214,1791299749.336488,49.791983,153.373,2.93,0.0,0,0
traffic_light,off,215,1791299749.537221,49.991914,154.208,2.88,0.0,0,0
traffic_light,off,216,1791299749.737470,50.191845,154.759,2.66,0.0,0,0
traffic_light,off,217,1791299749.936646,50.391777,153.8,2.88,0.0,0,0
traffic_light,off,218,1791299750.137076,50.591708,154.349,2.85,0.0,0,0
traffic_light,off,219,1791299750.336179,50.791639,154.007,2.36,0.0,0,0
traffic_light,off,220,1791299750.535764,50.991571,153.884,2.11,0.0,0,0
traffic_light,off,221,1791299750.736664,51.191502,154.277,2.65,0.0,0,0
traffic_light,off,222,1791299750.936734,51.391433,154.433,2.68,0.0,0,0
traffic_light,off,223,1791299751.137050,51.591365,154.611,2.87,0.0,0,0
traffic_light,off,224,1791299751.336467,51.791296,154.313,2.68,0.0,0,0
traffic_light,off,225,1791299751.536493,51.991227,154.161,2.9,0.0,0,0
traffic_light,off,226,1791299751.736471,52.191159,154.454,2.65,0.0,0,0
traffic_light,off,227,1791299751.935921,52.391090,153.855,2.78,0.0,0,0
traffic_light,off,228,1791299752.135647,52.591021,153.44,2.95,0.0,0,0
traffic_light,off,229,1791299752.336093,52.790953,154.094,2.84,0.0,0,0
traffic_light,off,230,1791299752.536161,52.990884,154.278,2.79,0.0,0,0
traffic_light,off,231,1791299752.736276,53.190815,154.209,3.05,0.0,0,0
traffic_light,off,232,1791299752.936395,53.390747,154.628,2.82,0.0,0,0
traffic_light,off,233,1791299753.135332,53.590678,153.601,2.82,0.0,0,0
traffic_light,off,234,1791299753.335979,53.790609,154.297,2.87,0.0,0,0
traffic_light,off,235,1791299753.535837,53.990540,154.368,2.72,0.0,0,0
traffic_light,off,236,1791299753.735747,54.190472,154.166,2.91,0.0,0,0
traffic_light,off,237,1791299753.935872,54.390403,154.293,2.97,0.0,0,0
traffic_light,off,238,1791299754.135335,54.590334,153.906,2.89,0.0,0,0
traffic_light,off,239,1791299754.334999,54.790266,154.028,2.52,0.0,0,0
traffic_light,off,240,1791299754.534842,54.990197,153.44,2.88,0.0,0,0
traffic_light,off,241,1791299754.734877,55.190129,153.631,2.8,0.0,0,0
traffic_light,off,242,1791299754.935033,55.390060,153.892,2.76,0.0,0,0
traffic_light,off,243,1791299755.135425,55.589991,153.992,3.12,0.0,0,0
traffic_light,off,244,1791299755.335225,55.789922,154.115,2.9,0.0,0,0
traffic_light,off,245,1791299755.534825,55.989854,153.771,2.88,0.0,0,0
traffic_light,off,246,1791299755.735020,56.189785,154.182,2.73,0.0,0,0
traffic_light,off,247,1791299755.934892,56.389716,154.024,2.84,0.0,0,0
traffic_light,off,248,1791299756.135013,56.589648,154.348,2.7,0.0,0,0
traffic_light,off,249,1791299756.335062,56.789579,154.567,2.62,0.0,0,0
traffic_light,off,250,1791299756.534955,56.989511,154.08,3.04,0.0,0,0
traffic_light,off,251,1791299756.734956,57.189442,154.384,2.81,0.0,0,0
traffic_light,off,252,1791299756.934967,57.389373,154.567,2.68,0.0,0,0
traffic_light,off,253,1791299757.134808,57.589304,154.305,2.88,0.0,0,0
traffic_light,off,254,1791299757.333528,57.789236,154.095,1.89,0.0,0,0
traffic_light,off,255,1791299757.535154,57.989167,154.819,2.83,0.0,0,1
traffic_light,off,256,1791299757.734813,58.189098,154.508,2.89,0.0,0,0
traffic_light,off,257,1791299757.934892,58.389030,154.663,2.88,0.0,0,0
traffic_light,off,258,1791299758.134664,58.588961,154.618,2.75,0.0,0,0
traffic_light,off,259,1791299758.334138,58.788892,154.472,2.48,0.0,0,0
traffic_light,off,260,1791299758.533470,58.988823,153.583,2.74,0.0,0,0
traffic_light,off,261,1791299758.733773,59.188755,153.852,2.84,0.0,0,0
traffic_light,off,262,1791299758.933818,59.388686,153.936,2.88,0.0,0,0
traffic_light,off,263,1791299759.133442,59.588617,153.716,2.77,0.0,0,1
traffic_light,off,264,1791299759.332699,59.788549,154.147,1.72,0.0,0,0
traffic_light,off,265,1791299759.533855,59.988480,154.567,2.48,0.0,0,0
traffic_light,off,266,1791299759.733792,60.188411,154.542,2.5,0.0,0,1
traffic_light,off,267,1791299759.932527,60.388343,154.29,1.7,0.0,0,0
traffic_light,off,268,1791299760.133238,60.588274,154.739,2.02,0.0,0,3
traffic_light,off,269,1791299760.333239,60.788206,154.126,2.56,0.0,0,1
traffic_light,off,270,1791299760.533080,60.988137,153.892,2.73,0.0,0,0
traffic_light,off,271,1791299760.732926,61.188068,153.916,2.62,0.0,0,0
traffic_light,off,272,1791299760.932687,61.387999,153.604,2.73,0.0,0,0
traffic_light,off,273,1791299761.132087,61.587931,154.046,1.82,0.0,0,0
traffic_light,off,274,1791299761.332428,61.787862,153.492,2.74,0.0,0,0
traffic_light,off,275,1791299761.533500,61.987793,154.695,2.69,0.0,0,0
traffic_light,off,276,1791299761.732197,62.187725,153.59,2.56,0.0,0,0
traffic_light,off,277,1791299761.933503,62.387656,154.945,2.58,0.0,0,0
traffic_light,off,278,1791299762.132689,62.587587,154.006,2.86,0.0,0,0
traffic_light,off,279,1791299762.332558,62.787519,154.138,2.65,0.0,0,0
traffic_light,off,280,1791299762.531342,62.987450,153.57,2.14,0.0,0,0
traffic_light,off,281,1791299762.731807,63.187381,154.05,2.15,0.0,0,0
traffic_light,off,282,1791299762.932631,63.387313,154.22,2.84,0.0,0,0
traffic_light,off,283,1791299763.132021,63.587244,154.171,2.39,0.0,0,0
traffic_light,off,284,1791299763.332198,63.787175,154.077,2.7,0.0,0,0
traffic_light,off,285,1791299763.531611,63.987107,154.244,2.05,0.0,0,0
traffic_light,off,286,1791299763.732456,64.187038,154.417,2.78,0.0,0,0
traffic_light,off,287,1791299763.931715,64.386969,154.437,2.13,0.0,0,0
traffic_light,off,288,1791299764.131131,64.586900,153.911,2.1,0.0,0,0
traffic_light,off,289,1791299764.331701,64.786832,154.45,2.18,0.0,0,0
traffic_light,off,290,1791299764.531914,64.986763,154.252,2.67,0.0,0,0
traffic_light,off,291,1791299764.731474,65.186695,154.5,2.1,0.0,0,0
traffic_light,off,292,1791299764.931154,65.386626,154.204,2.11,0.0,0,0
traffic_light,off,293,1791299765.131065,65.586557,154.176,2.12,0.0,0,0
traffic_light,off,294,1791299765.332164,65.786489,154.078,3.37,0.0,0,0
traffic_light,off,295,1791299765.531841,65.986420,154.385,2.82,0.0,0,0
traffic_light,off,296,1791299765.732478,66.186351,155.161,2.74,0.0,0,1
traffic_light,off,297,1791299765.931607,66.386282,154.248,2.84,0.0,0,0
traffic_light,off,298,1791299766.131994,66.586214,154.705,2.86,0.0,0,0
traffic_light,off,299,1791299766.331407,66.786145,154.296,2.75,0.0,0,0
traffic_light,off,300,1791299766.531292,66.986076,154.249,2.75,0.0,0,0
traffic_light,off,301,1791299766.731457,67.186008,154.528,2.71,0.0,0,0
traffic_light,off,302,1791299766.930930,67.385939,154.233,2.54,0.0,0,0
traffic_light,off,303,1791299767.130841,67.585871,154.259,2.5,0.0,0,0
traffic_light,off,304,1791299767.330586,67.785802,153.808,2.74,0.0,0,0
traffic_light,off,305,1791299767.530601,67.985733,154.08,2.55,0.0,0,0
traffic_light,off,306,1791299767.730722,68.185664,154.038,2.77,0.0,0,0
traffic_light,off,307,1791299767.930177,68.385596,153.528,2.83,0.0,0,0
traffic_light,off,308,1791299768.129643,68.585527,153.726,2.18,0.0,0,0
traffic_light,off,309,1791299768.330373,68.785458,154.044,2.64,0.0,0,0
traffic_light,off,310,1791299768.529995,68.985389,154.223,2.18,0.0,0,0
traffic_light,off,311,1791299768.729771,69.185321,154.281,1.94,0.0,0,0
traffic_light,off,312,1791299768.930438,69.385252,154.453,2.51,0.0,0,0
traffic_light,off,313,1791299769.130353,69.585184,154.184,2.77,0.0,0,0
traffic_light,off,314,1791299769.330047,69.785115,153.921,2.79,0.0,0,0
traffic_light,off,315,1791299769.530179,69.985046,154.148,2.77,0.0,0,0
traffic_light,off,316,1791299769.730468,70.184978,154.47,2.8,0.0,0,0
traffic_light,off,317,1791299769.930358,70.384909,154.37,2.93,0.0,0,0
traffic_light,off,318,1791299770.129381,70.584840,154.272,2.15,0.0,0,0
traffic_light,off,319,1791299770.330102,70.784771,154.446,2.73,0.0,0,0
traffic_light,off,320,1791299770.529745,70.984703,153.985,2.9,0.0,0,0
traffic_light,off,321,1791299770.730293,71.184634,154.713,2.79,0.0,0,0
traffic_light,off,322,1791299770.930336,71.384565,154.721,2.9,0.0,0,0
traffic_light,off,323,1791299771.129387,71.584497,153.923,2.81,0.0,0,0
traffic_light,off,324,1791299771.329580,71.784428,154.16,2.82,0.0,0,0
traffic_light,off,325,1791299771.528627,71.984360,154.065,2.06,0.0,0,0
traffic_light,off,326,1791299771.729717,72.184291,154.552,2.7,0.0,0,0
traffic_light,off,327,1791299771.929658,72.384222,154.871,2.42,0.0,0,0
traffic_light,off,328,1791299772.128295,72.584153,153.761,2.24,0.0,0,0
traffic_light,off,329,1791299772.329405,72.784085,154.358,2.81,0.0,0,0
traffic_light,off,330,1791299772.527981,72.984016,153.813,2.03,0.0,0,0
traffic_light,off,331,1791299772.728916,73.183947,153.994,2.82,0.0,0,0
traffic_light,off,332,1791299772.929672,73.383879,154.815,2.79,0.0,0,0
traffic_light,off,333,1791299773.128359,73.583810,153.557,2.85,0.0,0,0
traffic_light,off,334,1791299773.328618,73.783741,153.914,2.78,0.0,0,0
traffic_light,off,335,1791299773.528026,73.983673,154.232,2.0,0.0,0,0
traffic_light,off,336,1791299773.729305,74.183604,154.78,2.76,0.0,0,1
traffic_light,off,337,1791299773.928835,74.383536,154.371,2.78,0.0,0,0
traffic_light,off,338,1791299774.128451,74.583467,153.983,2.85,0.0,0,0
traffic_light,off,339,1791299774.328474,74.783398,154.268,2.66,0.0,0,0
traffic_light,off,340,1791299774.527677,74.983329,154.107,2.09,0.0,0,0
traffic_light,off,341,1791299774.728562,75.183261,155.035,2.09,0.0,0,0
traffic_light,off,342,1791299774.928190,75.383192,154.191,2.65,0.0,0,0
traffic_light,off,343,1791299775.128828,75.583123,154.771,2.77,0.0,0,0
traffic_light,off,344,1791299775.327432,75.783054,154.235,2.03,0.0,0,0
traffic_light,off,345,1791299775.528402,75.982986,154.517,2.74,0.0,0,0
traffic_light,off,346,1791299775.728770,76.182917,154.874,2.83,0.0,0,0
traffic_light,off,347,1791299775.927395,76.382849,153.908,2.49,0.0,0,0
traffic_light,off,348,1791299776.127563,76.582780,154.05,2.55,0.0,0,0
traffic_light,off,349,1791299776.327724,76.782711,154.224,2.6,0.0,0,1
traffic_light,off,350,1791299776.527580,76.982642,154.065,2.69,0.0,0,0
traffic_light,off,351,1791299776.726327,77.182574,153.945,1.72,0.0,0,0
traffic_light,off,352,1791299776.927724,77.382505,154.588,2.45,0.0,0,0
traffic_light,off,353,1791299777.127341,77.582436,154.287,2.5,0.0,0,0
traffic_light,off,354,1791299777.326880,77.782368,153.869,2.49,0.0,0,1
traffic_light,off,355,1791299777.526984,77.982299,154.499,2.11,0.0,0,0
traffic_light,off,356,1791299777.727385,78.182231,154.835,2.19,0.0,0,1
traffic_light,off,357,1791299777.927103,78.382162,154.066,2.76,0.0,0,0
traffic_light,off,358,1791299778.127386,78.582093,154.376,2.83,0.0,0,0
traffic_light,off,359,1791299778.326828,78.782024,153.952,2.74,0.0,0,0
traffic_light,off,360,1791299778.526127,78.981956,153.893,2.17,0.0,0,0
traffic_light,off,361,1791299778.727718,79.181887,154.914,2.78,0.0,0,0
traffic_light,off,362,1791299778.926393,79.381818,153.753,2.71,0.0,0,0
traffic_light,off,363,1791299779.126669,79.581749,154.852,2.02,0.0,0,0
traffic_light,off,364,1791299779.325993,79.781681,153.472,2.73,0.0,0,0
traffic_light,off,365,1791299779.526253,79.981612,154.471,2.1,0.0,0,0
traffic_light,off,366,1791299779.726786,80.181544,154.364,2.76,0.0,0,0
traffic_light,off,367,1791299779.925890,80.381475,154.228,2.11,0.0,0,0
traffic_light,off,368,1791299780.126315,80.581406,154.039,2.75,0.0,0,0
traffic_light,off,369,1791299780.326534,80.781338,154.792,2.27,0.0,0,0
traffic_light,off,370,1791299780.526244,80.981269,154.166,2.7,0.0,0,0
traffic_light,off,371,1791299780.726737,81.181200,154.733,2.7,0.0,0,0
traffic_light,off,372,1791299780.926272,81.381131,154.247,2.78,0.0,0,0
traffic_light,off,373,1791299781.125190,81.581063,153.912,2.14,0.0,0,0
traffic_light,off,374,1791299781.324949,81.780994,153.879,1.96,0.0,0,0
traffic_light,off,375,1791299781.525438,81.980925,154.22,2.19,0.0,0,0
traffic_light,off,376,1791299781.726507,82.180857,154.865,2.67,0.0,0,0
traffic_light,off,377,1791299781.925761,82.380788,154.158,2.71,0.0,0,0
traffic_light,off,378,1791299782.124863,82.580720,154.282,1.78,0.0,0,0
traffic_light,off,379,1791299782.324641,82.780651,153.931,1.88,0.0,0,0
traffic_light,off,380,1791299782.525990,82.980582,154.494,2.79,0.0,0,0
traffic_light,off,381,1791299782.725736,83.180513,154.557,2.55,0.0,0,0
traffic_light,off,382,1791299782.925091,83.380445,154.7,1.87,0.0,0,0
traffic_light,off,383,1791299783.124739,83.580376,153.997,2.25,0.0,0,0
traffic_light,off,384,1791299783.324777,83.780307,154.142,2.22,0.0,0,0
traffic_light,off,385,1791299783.524197,83.980239,153.832,2.03,0.0,0,0
traffic_light,off,386,1791299783.725324,84.180170,155.047,1.96,0.0,0,0
traffic_light,off,387,1791299783.924647,84.380102,154.556,1.88,0.0,0,0
traffic_light,off,388,1791299784.124743,84.580033,154.398,2.2,0.0,0,0
traffic_light,off,389,1791299784.324135,84.779964,154.07,1.99,0.0,0,0
traffic_light,off,390,1791299784.524538,84.979895,154.334,2.17,0.0,0,0
traffic_light,off,391,1791299784.724573,85.179826,154.147,2.48,0.0,0,0
traffic_light,off,392,1791299784.924488,85.379758,154.456,2.22,0.0,0,0
traffic_light,off,393,1791299785.124412,85.579689,153.898,2.76,0.0,0,0
traffic_light,off,394,1791299785.323946,85.779621,154.156,2.13,0.0,0,0
traffic_light,off,395,1791299785.524102,85.979552,154.333,2.16,0.0,0,0
traffic_light,off,396,1791299785.724417,86.179483,154.98,1.92,0.0,0,0
traffic_light,off,397,1791299785.924494,86.379415,154.323,2.69,0.0,0,0
traffic_light,off,398,1791299786.124634,86.579346,154.914,2.29,0.0,0,0
traffic_light,off,399,1791299786.325399,86.779277,155.236,2.83,0.0,0,0
traffic_light,off,400,1791299786.523762,86.979209,153.745,2.75,0.0,0,0
traffic_light,off,401,1791299786.723860,87.179140,154.616,2.08,0.0,0,0
traffic_light,off,402,1791299786.923820,87.379071,153.844,2.85,0.0,0,0
traffic_light,off,403,1791299787.123562,87.579002,154.215,2.27,0.0,0,0
traffic_light,off,404,1791299787.324391,87.778934,154.519,2.88,0.0,0,0
traffic_light,off,405,1791299787.523204,87.978865,154.265,2.05,0.0,0,0
traffic_light,off,406,1791299787.724389,88.178796,154.842,2.72,0.0,0,0
traffic_light,off,407,1791299787.923563,88.378728,153.883,2.87,0.0,0,0
traffic_light,off,408,1791299788.123896,88.578659,153.909,3.3,0.0,0,0
traffic_light,off,409,1791299788.324078,88.778590,154.561,2.87,0.0,0,0
traffic_light,off,410,1791299788.523294,88.978522,153.854,2.86,0.0,0,0
traffic_light,off,411,1791299788.723207,89.178453,154.648,2.08,0.0,0,0
traffic_light,off,412,1791299788.923039,89.378384,153.753,2.84,0.0,0,0
traffic_light,off,413,1791299789.123546,89.578316,154.346,2.82,0.0,0,0
traffic_light,off,414,1791299789.323072,89.778247,153.966,2.8,0.0,0,0
traffic_light,off,415,1791299789.523505,89.978178,154.428,2.84,0.0,0,0
traffic_light,off,416,1791299789.723981,90.178110,155.479,2.37,0.0,0,0
traffic_light,off,417,1791299789.923149,90.378041,154.421,2.63,0.0,0,0
traffic_light,off,418,1791299790.123020,90.577972,154.201,2.77,0.0,0,0
traffic_light,off,419,1791299790.323078,90.777904,154.295,2.82,0.0,0,0
traffic_light,off,420,1791299790.522889,90.977835,154.362,2.63,0.0,0,0
traffic_light,off,421,1791299790.722136,91.177766,154.362,2.08,0.0,0,0
traffic_light,off,422,1791299790.922022,91.377698,153.782,2.49,0.0,0,0
traffic_light,off,423,1791299791.122216,91.577629,154.5,2.09,0.0,0,0
traffic_light,off,424,1791299791.321604,91.777560,153.809,2.15,0.0,0,0
traffic_light,off,425,1791299791.522391,91.977492,154.275,2.54,0.0,0,0
traffic_light,off,426,1791299791.722354,92.177423,154.144,2.74,0.0,0,0
traffic_light,off,427,1791299791.922573,92.377354,154.466,2.67,0.0,0,0
traffic_light,off,428,1791299792.121483,92.577285,154.028,2.12,0.0,0,0
traffic_light,off,429,1791299792.321647,92.777217,154.2,2.18,0.0,0,0
traffic_light,off,430,1791299792.521690,92.977148,154.455,1.99,0.0,0,0
traffic_light,off,431,1791299792.722288,93.177079,154.494,2.66,0.0,0,0
traffic_light,off,432,1791299792.921429,93.377011,153.882,2.48,0.0,0,0
traffic_light,off,433,1791299793.120607,93.576942,153.509,2.23,0.0,0,0
traffic_light,off,434,1791299793.321150,93.776873,154.199,2.17,0.0,0,0
traffic_light,off,435,1791299793.520904,93.976805,153.994,2.16,0.0,0,0
traffic_light,off,436,1791299793.721678,94.176736,154.201,2.76,0.0,0,0
traffic_light,off,437,1791299793.921272,94.376667,153.967,2.69,0.0,0,0
traffic_light,off,438,1791299794.120508,94.576599,153.822,2.2,0.0,0,0
traffic_light,off,439,1791299794.320722,94.776530,154.239,2.04,0.0,0,0
traffic_light,off,440,1791299794.520604,94.976461,153.863,2.3,0.0,0,0
traffic_light,off,441,1791299794.721427,95.176393,154.211,2.87,0.0,0,0
traffic_light,off,442,1791299794.921455,95.376324,154.49,2.7,0.0,0,0
traffic_light,off,443,1791299795.120702,95.576255,154.323,2.17,0.0,0,0
traffic_light,off,444,1791299795.320359,95.776187,153.969,2.26,0.0,0,0
traffic_light,off,445,1791299795.520720,95.976118,153.818,2.8,0.0,0,0
traffic_light,off,446,1791299795.720975,96.176049,154.163,2.8,0.0,0,1
traffic_light,off,447,1791299795.920356,96.375980,153.754,2.67,0.0,0,0
traffic_light,off,448,1791299796.120268,96.575912,154.291,2.12,0.0,0,0
traffic_light,off,449,1791299796.320699,96.775843,154.121,2.76,0.0,0,0
traffic_light,off,450,1791299796.519798,96.975775,153.836,2.28,0.0,0,0
traffic_light,off,451,1791299796.720375,97.175706,154.528,2.2,0.0,0,0
traffic_light,off,452,1791299796.919354,97.375637,153.801,1.97,0.0,0,0
traffic_light,off,453,1791299797.119054,97.575568,153.537,2.07,0.0,0,0
traffic_light,off,454,1791299797.320337,97.775500,153.982,2.89,0.0,0,1
traffic_light,off,455,1791299797.520313,97.975431,154.004,2.93,0.0,0,0
traffic_light,off,456,1791299797.720683,98.175362,154.422,2.91,0.0,0,1
traffic_light,off,457,1791299797.920395,98.375294,154.501,2.65,0.0,0,0
traffic_light,off,458,1791299798.118926,98.575225,153.877,1.88,0.0,0,0
traffic_light,off,459,1791299798.320374,98.775156,154.34,2.88,0.0,0,1
traffic_light,off,460,1791299798.519401,98.975088,154.351,2.02,0.0,0,0
traffic_light,off,461,1791299798.720564,99.175019,154.815,2.76,0.0,0,0
traffic_light,off,462,1791299798.919636,99.374951,154.781,1.97,0.0,0,0
traffic_light,off,463,1791299799.119051,99.574882,154.174,2.11,0.0,0,1
traffic_light,off,464,1791299799.319744,99.774813,154.303,2.7,0.0,0,0
traffic_light,off,465,1791299799.519549,99.974744,153.941,2.86,0.0,0,0
traffic_light,off,466,1791299799.720117,100.174676,154.642,2.84,0.0,0,1
traffic_light,off,467,1791299799.918202,100.374607,153.674,2.0,0.0,0,0
traffic_light,off,468,1791299800.119247,100.574538,153.831,2.92,0.0,0,0
traffic_light,off,469,1791299800.319259,100.774470,154.312,2.53,0.0,0,0
traffic_light,off,470,1791299800.519426,100.974401,154.348,2.73,0.0,0,0
traffic_light,off,471,1791299800.718797,101.174332,154.28,2.25,0.0,0,0
traffic_light,off,472,1791299800.919121,101.374264,154.258,2.68,0.0,0,0
traffic_light,off,473,1791299801.119353,101.574195,154.388,2.84,0.0,0,0
traffic_light,off,474,1791299801.318756,101.774126,153.831,2.87,0.0,0,0
traffic_light,off,475,1791299801.518940,101.974058,154.08,2.88,0.0,0,0
traffic_light,off,476,1791299801.719688,102.173989,154.972,2.78,0.0,0,0
traffic_light,off,477,1791299801.918917,102.373920,154.395,2.71,0.0,0,0
traffic_light,off,478,1791299802.118578,102.573851,153.943,2.83,0.0,0,0
traffic_light,off,479,1791299802.318495,102.773783,154.209,2.58,0.0,0,0
traffic_light,off,480,1791299802.518136,102.973714,153.634,2.87,0.0,0,0
traffic_light,off,481,1791299802.717910,103.173646,154.14,2.24,0.0,0,0
traffic_light,off,482,1791299802.917791,103.373577,153.685,2.63,0.0,0,0
traffic_light,off,483,1791299803.118383,103.573508,154.107,2.84,0.0,0,0
traffic_light,off,484,1791299803.318576,103.773440,154.397,2.79,0.0,0,0
traffic_light,off,485,1791299803.518118,103.973371,154.008,2.81,0.0,0,0
traffic_light,off,486,1791299803.718938,104.173302,154.88,2.83,0.0,0,0
traffic_light,off,487,1791299803.918048,104.373233,154.21,2.71,0.0,0,0
traffic_light,off,488,1791299804.117634,104.573165,153.765,2.75,0.0,0,0
traffic_light,off,489,1791299804.318151,104.773096,154.353,2.81,0.0,0,0
traffic_light,off,490,1791299804.517853,104.973027,154.111,2.8,0.0,0,0
traffic_light,off,491,1791299804.718594,105.172959,154.976,2.71,0.0,0,0
traffic_light,off,492,1791299804.916797,105.372890,154.176,1.87,0.0,0,0
traffic_light,off,493,1791299805.117753,105.572821,154.131,2.87,0.0,0,0
traffic_light,off,494,1791299805.317914,105.772753,154.355,2.88,0.0,0,0
traffic_light,off,495,1791299805.517437,105.972684,153.938,2.89,0.0,0,0
traffic_light,off,496,1791299805.718068,106.172615,154.673,2.85,0.0,0,0
traffic_light,off,497,1791299805.917186,106.372547,154.156,2.57,0.0,0,2
traffic_light,off,498,1791299806.116398,106.572478,153.903,2.11,0.0,0,2
traffic_light,off,499,1791299806.316433,106.772409,154.158,1.95,0.0,0,0
traffic_light,off,500,1791299806.516618,106.972341,154.053,2.3,0.0,0,1
traffic_light,off,501,1791299806.716938,107.172272,154.027,2.71,0.0,0,0
traffic_light,off,502,1791299806.916693,107.372203,154.64,1.94,0.0,0,0
traffic_light,off,503,1791299807.116562,107.572134,154.262,2.2,0.0,0,1
traffic_light,off,504,1791299807.316156,107.772066,154.099,2.01,0.0,0,2
traffic_light,off,505,1791299807.516553,107.971997,154.329,2.26,0.0,0,2
traffic_light,off,506,1791299807.716941,108.171928,154.343,2.74,0.0,0,0
traffic_light,off,507,1791299807.916439,108.371860,154.578,2.06,0.0,0,2
traffic_light,off,508,1791299808.116637,108.571791,154.51,2.36,0.0,0,2
traffic_light,off,509,1791299808.315582,108.771723,154.023,1.9,0.0,0,0
traffic_light,off,510,1791299808.516774,108.971654,154.353,2.88,0.0,0,0
traffic_light,off,511,1791299808.715989,109.171585,153.707,2.81,0.0,0,0
traffic_light,off,512,1791299808.916745,109.371516,154.626,2.72,0.0,0,0
traffic_light,off,513,1791299809.116359,109.571448,154.972,2.08,0.0,0,0
traffic_light,off,514,1791299809.316264,109.771379,154.223,2.8,0.0,0,0
traffic_light,off,515,1791299809.515755,109.971310,154.25,2.31,0.0,0,0
traffic_light,off,516,1791299809.715467,110.171242,154.074,2.27,0.0,0,0
traffic_light,off,517,1791299809.916147,110.371173,154.418,2.68,0.0,0,0
traffic_light,off,518,1791299810.115266,110.571104,154.058,2.23,0.0,0,0
traffic_light,off,519,1791299810.315446,110.771036,153.727,2.8,0.0,0,0
traffic_light,off,520,1791299810.515944,110.970967,154.306,2.79,0.0,0,0
traffic_light,off,521,1791299810.715757,111.170898,154.235,2.74,0.0,0,0
traffic_light,off,522,1791299810.916106,111.370830,154.776,2.62,0.0,0,0
traffic_light,off,523,1791299811.114206,111.570761,153.65,2.04,0.0,0,0
traffic_light,off,524,1791299811.314294,111.770692,153.463,2.25,0.0,0,0
traffic_light,off,525,1791299811.515682,111.970623,154.172,2.98,0.0,0,0
traffic_light,off,526,1791299811.715823,112.170555,154.652,2.73,0.0,0,0
traffic_light,off,527,1791299811.915556,112.370486,154.587,2.57,0.0,0,0
traffic_light,off,528,1791299812.114565,112.570417,154.222,2.02,0.0,0,0
traffic_light,off,529,1791299812.314781,112.770349,154.251,2.32,0.0,0,0
traffic_light,off,530,1791299812.514585,112.970280,153.682,2.71,0.0,0,0
traffic_light,off,531,1791299812.715691,113.170212,154.809,2.75,0.0,0,0
traffic_light,off,532,1791299812.915706,113.370143,154.977,2.65,0.0,0,1
traffic_light,off,533,1791299813.114249,113.570074,153.986,2.3,0.0,0,0
traffic_light,off,534,1791299813.314476,113.770005,154.398,2.22,0.0,0,0
traffic_light,off,535,1791299813.514670,113.969937,154.385,2.46,0.0,0,0
traffic_light,off,536,1791299813.714735,114.169868,154.193,2.75,0.0,0,0
traffic_light,off,537,1791299813.914790,114.369799,155.095,2.01,0.0,0,0
traffic_light,off,538,1791299814.114036,114.569731,154.515,1.91,0.0,0,0
traffic_light,off,539,1791299814.313635,114.769662,154.163,1.89,0.0,0,0
traffic_light,off,540,1791299814.514135,114.969593,153.841,2.82,0.0,0,0
traffic_light,off,541,1791299814.714391,115.169525,154.27,2.71,0.0,0,0
traffic_light,off,542,1791299814.913402,115.369456,154.31,1.88,0.0,0,0
traffic_light,off,543,1791299815.113489,115.569387,154.231,1.98,0.0,0,0
traffic_light,off,544,1791299815.314070,115.769319,154.159,2.73,0.0,0,0
traffic_light,off,545,1791299815.514244,115.969250,154.279,2.83,0.0,0,0
traffic_light,off,546,1791299815.713772,116.169181,153.851,2.86,0.0,0,0
traffic_light,off,547,1791299815.914086,116.369113,154.466,2.62,0.0,0,0
traffic_light,off,548,1791299816.113235,116.569044,153.841,2.59,0.0,0,0
traffic_light,off,549,1791299816.313445,116.768975,154.095,2.53,0.0,0,0
traffic_light,off,550,1791299816.513456,116.968907,153.978,2.79,0.0,0,0
traffic_light,off,551,1791299816.713405,117.168838,154.592,2.19,0.0,0,0
traffic_light,off,552,1791299816.913593,117.368769,154.369,2.64,0.0,0,0
traffic_light,off,553,1791299817.112525,117.568701,154.102,2.05,0.0,0,0
traffic_light,off,554,1791299817.313160,117.768632,153.937,2.82,0.0,0,0
traffic_light,off,555,1791299817.512916,117.968563,154.033,2.54,0.0,0,0
traffic_light,off,556,1791299817.713320,118.168494,154.818,2.22,0.0,0,0
traffic_light,off,557,1791299817.912953,118.368426,154.744,2.04,0.0,0,0
traffic_light,off,558,1791299818.111986,118.568357,153.902,2.06,0.0,0,0
traffic_light,off,559,1791299818.312375,118.768289,154.088,2.27,0.0,0,0
traffic_light,off,560,1791299818.512136,118.968220,153.92,2.21,0.0,0,0
traffic_light,off,561,1791299818.713634,119.168151,154.925,2.75,0.0,0,0
traffic_light,off,562,1791299818.913089,119.368082,154.517,2.71,0.0,0,0
traffic_light,off,563,1791299819.112639,119.568014,154.644,2.21,0.0,0,0
traffic_light,off,564,1791299819.312336,119.767945,153.811,2.8,0.0,0,0
traffic_light,off,565,1791299819.512667,119.967876,154.138,2.84,0.0,0,0
traffic_light,off,566,1791299819.712855,120.167808,154.55,2.71,0.0,0,0
traffic_light,off,567,1791299819.912452,120.367739,154.261,2.65,0.0,0,1
traffic_light,off,568,1791299820.111655,120.567670,154.242,2.08,0.0,0,0
traffic_light,off,569,1791299820.311833,120.767602,153.695,2.76,0.0,0,0
traffic_light,off,570,1791299820.511384,120.967533,153.771,2.32,0.0,0,1
traffic_light,off,571,1791299820.712333,121.167465,154.261,2.82,0.0,0,0
traffic_light,off,572,1791299820.912742,121.367396,154.526,3.04,0.0,0,0
traffic_light,off,573,1791299821.111361,121.567327,154.146,2.13,0.0,0,0
traffic_light,off,574,1791299821.311261,121.767258,153.961,2.29,0.0,0,0
traffic_light,off,575,1791299821.510943,121.967190,153.885,2.12,0.0,0,0
traffic_light,off,576,1791299821.710810,122.167121,154.075,1.83,0.0,0,0
traffic_light,off,577,1791299821.912001,122.367052,154.507,2.65,0.0,0,0
traffic_light,off,578,1791299822.111558,122.566984,154.655,2.14,0.0,0,0
traffic_light,off,579,1791299822.311404,122.766915,154.051,2.67,0.0,0,0
traffic_light,off,580,1791299822.512334,122.966846,154.862,2.84,0.0,0,0
traffic_light,off,581,1791299822.712543,123.166778,155.263,2.7,0.0,0,0
traffic_light,off,582,1791299822.910919,123.366709,153.739,2.71,0.0,0,0
traffic_light,off,583,1791299823.110534,123.566640,154.278,1.85,0.0,0,0
traffic_light,off,584,1791299823.310386,123.766571,154.088,2.0,0.0,0,0
traffic_light,off,585,1791299823.510331,123.966503,153.612,2.46,0.0,0,0
traffic_light,off,586,1791299823.710966,124.166434,153.925,2.82,0.0,0,0
traffic_light,off,587,1791299823.911281,124.366366,154.402,2.73,0.0,0,0
traffic_light,off,588,1791299824.109702,124.566297,153.542,2.05,0.0,0,0
traffic_light,off,589,1791299824.310304,124.766228,154.201,2.1,0.0,0,0
traffic_light,off,590,1791299824.510604,124.966159,153.775,2.82,0.0,0,0
traffic_light,off,591,1791299824.711774,125.166091,154.476,3.4,0.0,0,0
traffic_light,off,592,1791299824.910598,125.366022,154.041,2.7,0.0,0,0
traffic_light,off,593,1791299825.109387,125.565953,153.937,1.82,0.0,0,0
traffic_light,off,594,1791299825.310585,125.765885,154.079,2.78,0.0,0,0
traffic_light,off,595,1791299825.509954,125.965816,153.551,2.78,0.0,0,0
traffic_light,off,596,1791299825.710970,126.165747,154.66,2.75,0.0,0,0
traffic_light,off,597,1791299825.910431,126.365679,154.327,2.61,0.0,0,0
traffic_light,off,598,1791299826.110139,126.565610,153.92,2.8,0.0,0,0
traffic_light,off,599,1791299826.310153,126.765541,154.53,2.29,0.0,0,0
traffic_light,off,600,1791299826.509943,126.965472,153.903,2.75,0.0,0,0
traffic_light,off,601,1791299826.710788,127.165404,154.745,2.83,0.0,0,0
traffic_light,off,602,1791299826.909968,127.365335,154.033,2.79,0.0,0,0
traffic_light,off,603,1791299827.110292,127.565267,154.448,2.77,0.0,0,0
traffic_light,off,604,1791299827.310432,127.765198,154.574,2.85,0.0,0,0
traffic_light,off,605,1791299827.509784,127.965129,153.94,2.9,0.0,0,0
traffic_light,off,606,1791299827.710303,128.165061,154.591,2.84,0.0,0,0
traffic_light,off,607,1791299827.909808,128.364992,154.444,2.56,0.0,0,0
traffic_light,off,608,1791299828.109469,128.564923,154.439,2.28,0.0,0,1
traffic_light,off,609,1791299828.308692,128.764854,153.957,2.06,0.0,0,1
traffic_light,off,610,1791299828.509481,128.964786,154.072,2.81,0.0,0,0
traffic_light,off,611,1791299828.709212,129.164717,153.922,2.75,0.0,0,1
traffic_light,off,612,1791299828.910024,129.364648,154.869,2.68,0.0,0,1
traffic_light,off,613,1791299829.109087,129.564580,154.545,2.19,0.0,0,0
traffic_light,off,614,1791299829.308296,129.764511,153.772,2.19,0.0,0,0
traffic_light,off,615,1791299829.509207,129.964443,154.364,2.59,0.0,0,0
traffic_light,off,616,1791299829.709856,130.164374,154.79,2.86,0.0,0,1
traffic_light,off,617,1791299829.908625,130.364305,154.43,2.09,0.0,0,0
traffic_light,off,618,1791299830.109239,130.564236,154.336,2.85,0.0,0,0
traffic_light,off,619,1791299830.308937,130.764168,154.164,2.79,0.0,0,0
traffic_light,off,620,1791299830.509094,130.964099,154.548,2.64,0.0,0,0
traffic_light,off,621,1791299830.707905,131.164030,153.96,2.14,0.0,0,0
traffic_light,off,622,1791299830.908801,131.363962,154.367,2.66,0.0,0,0
traffic_light,off,623,1791299831.108632,131.563893,154.108,2.79,0.0,0,0
traffic_light,off,624,1791299831.308190,131.763824,153.769,2.79,0.0,0,0
traffic_light,off,625,1791299831.508939,131.963756,154.714,2.64,0.0,0,1
traffic_light,off,626,1791299831.709347,132.163687,154.631,3.22,0.0,0,0
traffic_light,off,627,1791299831.908234,132.363618,154.08,2.72,0.0,0,0
traffic_light,off,628,1791299832.108069,132.563550,153.884,2.82,0.0,0,0
traffic_light,off,629,1791299832.306488,132.763481,153.09,2.21,0.0,0,0
traffic_light,off,630,1791299832.508836,132.963412,154.725,2.95,0.0,0,0
traffic_light,off,631,1791299832.708503,133.163344,154.514,2.9,0.0,0,0
traffic_light,off,632,1791299832.908131,133.363275,154.284,2.81,0.0,0,1
traffic_light,off,633,1791299833.108841,133.563206,154.992,2.9,0.0,0,0
traffic_light,off,634,1791299833.307374,133.763138,154.313,2.21,0.0,0,0
traffic_light,off,635,1791299833.507576,133.963069,153.939,2.79,0.0,0,0
traffic_light,off,636,1791299833.707728,134.163000,154.158,2.8,0.0,0,0
traffic_light,off,637,1791299833.908152,134.362932,154.862,2.61,0.0,0,0
traffic_light,off,638,1791299834.108147,134.562863,154.715,2.83,0.0,0,0
traffic_light,off,639,1791299834.307039,134.762794,154.217,2.3,0.0,0,0
traffic_light,off,640,1791299834.507485,134.962725,154.29,2.73,0.0,0,0
traffic_light,off,641,1791299834.707223,135.162657,154.069,2.75,0.0,0,0
traffic_light,off,642,1791299834.907284,135.362588,154.346,2.61,0.0,0,0
traffic_light,off,643,1791299835.107285,135.562519,154.274,2.75,0.0,0,0
traffic_light,off,644,1791299835.306894,135.762451,153.993,2.73,0.0,0,0
traffic_light,off,645,1791299835.507500,135.962382,154.606,2.77,0.0,0,0
traffic_light,off,646,1791299835.707343,136.162313,154.477,2.81,0.0,0,0
traffic_light,off,647,1791299835.906611,136.362245,153.975,2.62,0.0,0,0
traffic_light,off,648,1791299836.106676,136.562176,153.986,2.75,0.0,0,0
traffic_light,off,649,1791299836.306393,136.762107,153.854,2.71,0.0,0,0
traffic_light,off,650,1791299836.506886,136.962039,154.925,2.21,0.0,0,0
traffic_light,off,651,1791299836.706510,137.161970,154.095,2.69,0.0,0,0
traffic_light,off,652,1791299836.905754,137.361901,154.21,1.94,0.0,0,0
traffic_light,off,653,1791299837.106192,137.561833,154.014,2.6,0.0,0,0
traffic_light,off,654,1791299837.305823,137.761764,154.254,2.09,0.0,0,0
traffic_light,off,655,1791299837.505426,137.961695,154.165,1.85,0.0,0,0
traffic_light,off,656,1791299837.706442,138.161627,154.22,2.84,0.0,0,0
traffic_light,off,657,1791299837.906115,138.361558,154.216,2.6,0.0,0,0
traffic_light,off,658,1791299838.106127,138.561489,154.241,2.66,0.0,0,0
traffic_light,off,659,1791299838.305281,138.761421,153.529,2.61,0.0,0,0
traffic_light,off,660,1791299838.506221,138.961352,154.543,2.58,0.0,0,0
traffic_light,off,661,1791299838.705854,139.161283,154.147,2.71,0.0,0,0
traffic_light,off,662,1791299838.905465,139.361214,153.99,2.52,0.0,0,0
traffic_light,off,663,1791299839.104759,139.561146,153.281,2.59,0.0,0,0
traffic_light,off,664,1791299839.304909,139.761077,154.09,2.03,0.0,0,0
traffic_light,off,665,1791299839.505731,139.961009,154.225,2.75,0.0,0,0
traffic_light,off,666,1791299839.705694,140.160940,154.23,2.84,0.0,0,0
traffic_light,off,667,1791299839.904965,140.360871,154.442,2.04,0.0,0,0
traffic_light,off,668,1791299840.104966,140.560802,153.63,2.88,0.0,0,0
traffic_light,off,669,1791299840.304558,140.760734,153.968,2.19,0.0,0,0
traffic_light,off,670,1791299840.505595,140.960665,154.421,2.83,0.0,0,0
traffic_light,off,671,1791299840.704155,141.160596,153.84,2.1,0.0,0,0
traffic_light,off,672,1791299840.904849,141.360528,154.333,2.44,0.0,0,0
traffic_light,off,673,1791299841.104212,141.560459,153.359,2.74,0.0,0,0
traffic_light,off,674,1791299841.305117,141.760391,154.168,2.9,0.0,0,0
traffic_light,off,675,1791299841.505297,141.960322,154.466,2.86,0.0,0,0
traffic_light,off,676,1791299841.704559,142.160253,154.335,2.3,0.0,0,0
traffic_light,off,677,1791299841.904904,142.360184,154.406,2.66,0.0,0,0
traffic_light,off,678,1791299842.104636,142.560116,154.036,2.81,0.0,0,0
traffic_light,off,679,1791299842.304461,142.760047,153.905,2.86,0.0,0,0
traffic_light,off,680,1791299842.504184,142.959978,153.7,2.86,0.0,0,0
traffic_light,off,681,1791299842.703563,143.159910,153.925,2.09,0.0,0,0
traffic_light,off,682,1791299842.904418,143.359841,154.188,2.73,0.0,0,0
traffic_light,off,683,1791299843.104137,143.559772,153.839,2.86,0.0,0,0
traffic_light,off,684,1791299843.304990,143.759703,154.728,2.91,0.0,0,0
traffic_light,off,685,1791299843.503782,143.959635,153.693,2.8,0.0,0,0
traffic_light,off,686,1791299843.704294,144.159566,153.959,3.12,0.0,0,0
traffic_light,off,687,1791299843.904592,144.359498,154.783,2.64,0.0,0,0
traffic_light,off,688,1791299844.103877,144.559429,153.99,2.81,0.0,0,0
traffic_light,off,689,1791299844.304601,144.759360,154.211,3.36,0.0,0,0
traffic_light,off,690,1791299844.504133,144.959291,154.442,2.75,0.0,0,0
traffic_light,off,691,1791299844.703970,145.159223,154.08,3.02,0.0,0,0
traffic_light,off,692,1791299844.903856,145.359154,154.454,2.62,0.0,0,0
traffic_light,off,693,1791299845.104340,145.559085,154.818,2.78,0.0,0,0
traffic_light,off,694,1791299845.304088,145.759017,154.593,2.83,0.0,0,0
traffic_light,off,695,1791299845.503384,145.958948,154.049,2.74,0.0,0,0
traffic_light,off,696,1791299845.703629,146.158879,154.289,2.77,0.0,0,0
traffic_light,off,697,1791299845.903823,146.358811,154.668,2.69,0.0,0,0
traffic_light,off,698,1791299846.102838,146.558742,154.15,2.3,0.0,0,0
traffic_light,off,699,1791299846.303473,146.758673,154.292,2.86,0.0,0,0
traffic_light,off,700,1791299846.502416,146.958605,154.022,2.18,0.0,0,0
traffic_light,off,701,1791299846.702981,147.158536,154.101,2.68,0.0,0,0
traffic_light,off,702,1791299846.902900,147.358467,154.077,2.71,0.0,0,0
traffic_light,off,703,1791299847.102976,147.558399,153.956,2.97,0.0,0,0
traffic_light,off,704,1791299847.303463,147.758330,154.896,2.68,0.0,0,0
traffic_light,off,705,1791299847.502616,147.958261,153.892,2.88,0.0,0,0
traffic_light,off,706,1791299847.703123,148.158193,154.44,2.94,0.0,0,0
traffic_light,off,707,1791299847.903201,148.358124,154.764,2.76,0.0,0,0
traffic_light,off,708,1791299848.102440,148.558055,153.878,2.95,0.0,0,0
traffic_light,off,709,1791299848.301897,148.757987,153.725,2.75,0.0,0,0
traffic_light,off,710,1791299848.502804,148.957918,154.49,2.84,0.0,0,0
traffic_light,off,711,1791299848.702185,149.157849,153.835,2.94,0.0,0,0
traffic_light,off,712,1791299848.902902,149.357780,154.862,2.71,0.0,0,0
traffic_light,off,713,1791299849.102542,149.557712,154.514,2.73,0.0,0,0
traffic_light,off,714,1791299849.302060,149.757643,153.928,2.93,0.0,0,0
traffic_light,off,715,1791299849.502210,149.957574,154.335,2.74,0.0,0,0
traffic_light,off,716,1791299849.701626,150.157506,153.717,2.83,0.0,0,0
traffic_light,off,717,1791299849.902029,150.357437,154.447,2.59,0.0,0,0
traffic_light,off,718,1791299850.101289,150.557368,154.16,2.24,0.0,0,0
traffic_light,off,719,1791299850.301630,150.757300,153.83,2.91,0.0,0,0
traffic_light,off,720,1791299850.501770,150.957231,154.131,2.85,0.0,0,0
traffic_light,off,721,1791299850.701240,151.157162,153.679,2.84,0.0,0,0
traffic_light,off,722,1791299850.900793,151.357094,154.192,1.96,0.0,0,0
traffic_light,off,723,1791299851.101299,151.557025,154.469,2.28,0.0,0,0
traffic_light,off,724,1791299851.301349,151.756956,153.618,3.21,0.0,0,0
traffic_light,off,725,1791299851.501228,151.956888,154.003,2.78,0.0,0,0
traffic_light,off,726,1791299851.701181,152.156819,153.889,2.92,0.0,0,0
traffic_light,off,727,1791299851.901564,152.356751,154.329,2.91,0.0,0,0
traffic_light,off,728,1791299852.101263,152.556682,154.184,2.84,0.0,0,0
traffic_light,off,729,1791299852.301617,152.756613,154.273,3.14,0.0,0,0
traffic_light,off,730,1791299852.501092,152.956544,154.203,2.79,0.0,0,0
traffic_light,off,731,1791299852.700703,153.156476,153.857,2.79,0.0,0,0
traffic_light,off,732,1791299852.900209,153.356407,153.738,2.5,0.0,0,0
traffic_light,off,733,1791299853.100388,153.556338,154.282,2.25,0.0,0,0
traffic_light,off,734,1791299853.300203,153.756269,153.778,2.59,0.0,0,0
traffic_light,off,735,1791299853.500323,153.956201,154.405,2.16,0.0,0,0
traffic_light,off,736,1791299853.699497,154.156132,153.648,2.2,0.0,0,0
traffic_light,off,737,1791299853.899329,154.356064,153.848,1.87,0.0,0,0
traffic_light,off,738,1791299854.100485,154.555995,154.301,2.63,0.0,0,0
traffic_light,off,739,1791299854.299655,154.755926,153.679,2.45,0.0,0,0
traffic_light,off,740,1791299854.499995,154.955858,154.576,2.0,0.0,0,0
traffic_light,off,741,1791299854.699853,155.155789,153.558,2.93,0.0,0,1
traffic_light,off,742,1791299854.899823,155.355720,154.001,2.54,0.0,0,0
traffic_light,off,743,1791299855.100089,155.555652,154.179,2.7,0.0,0,0
traffic_light,off,744,1791299855.299903,155.755583,153.75,2.99,0.0,0,0
traffic_light,off,745,1791299855.499125,155.955514,154.049,2.0,0.0,0,0
traffic_light,off,746,1791299855.699958,156.155445,154.005,2.93,0.0,0,0
traffic_light,off,747,1791299855.900083,156.355377,154.418,2.71,0.0,0,0
traffic_light,off,748,1791299856.100494,156.555308,154.74,2.87,0.0,0,0
traffic_light,off,749,1791299856.299678,156.755240,153.653,3.18,0.0,0,0
traffic_light,off,750,1791299856.498832,156.955171,153.991,2.11,0.0,0,0
traffic_light,off,751,1791299856.698853,157.155102,153.33,2.85,0.0,0,0
traffic_light,off,752,1791299856.898948,157.355033,153.626,2.71,0.0,0,0
traffic_light,off,753,1791299857.100126,157.554965,154.686,2.9,0.0,0,0
traffic_light,off,754,1791299857.298772,157.754896,153.411,2.88,0.0,0,0
traffic_light,off,755,1791299857.498759,157.954827,154.202,2.15,0.0,0,0
traffic_light,off,756,1791299857.699040,158.154759,153.979,2.72,0.0,0,0
traffic_light,off,757,1791299857.899060,158.354690,154.134,2.66,0.0,0,0
traffic_light,off,758,1791299858.099434,158.554621,154.018,3.21,0.0,0,0
traffic_light,off,759,1791299858.299825,158.754553,154.298,3.39,0.0,0,0
traffic_light,off,760,1791299858.499587,158.954484,154.691,2.81,0.0,0,0
traffic_light,off,761,1791299858.698310,159.154415,153.398,2.92,0.0,0,0
traffic_light,off,762,1791299858.898804,159.354347,154.09,2.79,0.0,0,0
traffic_light,off,763,1791299859.098859,159.554278,154.06,2.92,0.0,0,0
traffic_light,off,764,1791299859.298352,159.754209,153.645,2.92,0.0,0,0
traffic_light,off,765,1791299859.499232,159.954140,154.605,2.91,0.0,0,0
traffic_light,off,766,1791299859.699375,160.154072,154.713,3.01,0.0,0,0
traffic_light,off,767,1791299859.898464,160.354003,154.146,2.74,0.0,0,0
traffic_light,off,768,1791299860.098542,160.553935,154.386,2.63,0.0,0,0
traffic_light,off,769,1791299860.297730,160.753866,153.61,2.67,0.0,0,0
traffic_light,off,770,1791299860.499124,160.953797,154.778,2.85,0.0,0,0
traffic_light,off,771,1791299860.697809,161.153728,153.835,2.67,0.0,0,0
traffic_light,off,772,1791299860.898169,161.353660,154.271,2.66,0.0,0,0
traffic_light,off,773,1791299861.098088,161.553591,154.211,2.71,0.0,0,0
traffic_light,off,774,1791299861.297945,161.753523,154.008,2.83,0.0,0,0
traffic_light,off,775,1791299861.498200,161.953454,154.255,2.91,0.0,0,0
traffic_light,off,776,1791299861.697099,162.153385,154.254,1.92,0.0,0,0
traffic_light,off,777,1791299861.897478,162.353316,153.678,2.9,0.0,0,0
traffic_light,off,778,1791299862.098212,162.553248,154.618,2.77,0.0,0,0
traffic_light,off,779,1791299862.297288,162.753179,153.718,2.82,0.0,0,0
traffic_light,off,780,1791299862.496681,162.953110,154.143,1.95,0.0,0,0
traffic_light,off,781,1791299862.697807,163.153042,154.406,2.78,0.0,0,0
traffic_light,off,782,1791299862.896547,163.352973,154.179,1.85,0.0,0,0
traffic_light,off,783,1791299863.097041,163.552904,153.845,2.69,0.0,0,0
traffic_light,off,784,1791299863.297693,163.752836,154.437,2.79,0.0,0,0
traffic_light,off,785,1791299863.496986,163.952767,153.785,2.84,0.0,0,0
traffic_light,off,786,1791299863.697674,164.152698,154.678,2.67,0.0,0,0
traffic_light,off,787,1791299863.896793,164.352630,153.738,2.83,0.0,0,0
traffic_light,off,788,1791299864.097097,164.552561,154.006,2.94,0.0,0,0
traffic_light,off,789,1791299864.297053,164.752492,154.211,2.75,0.0,0,0
traffic_light,off,790,1791299864.496353,164.952424,153.711,2.62,0.0,0,0
traffic_light,off,791,1791299864.696729,165.152355,153.935,2.81,0.0,0,0
traffic_light,off,792,1791299864.896651,165.352286,153.991,2.75,0.0,0,0
traffic_light,off,793,1791299865.096771,165.552218,154.14,2.82,0.0,0,0
traffic_light,off,794,1791299865.296565,165.752149,154.013,2.78,0.0,0,0
traffic_light,off,795,1791299865.495870,165.952080,153.965,2.25,0.0,0,0
traffic_light,off,796,1791299865.696640,166.152012,154.32,2.69,0.0,0,0
traffic_light,off,797,1791299865.895965,166.351943,153.641,2.79,0.0,0,0
traffic_light,off,798,1791299866.095747,166.551874,154.323,1.99,0.0,0,0
traffic_light,off,799,1791299866.296885,166.751805,154.709,2.77,0.0,0,0
traffic_light,off,800,1791299866.496838,166.951737,154.63,2.85,0.0,0,0
traffic_light,off,801,1791299866.695958,167.151668,153.979,2.74,0.0,0,0
traffic_light,off,802,1791299866.895984,167.351600,154.265,2.63,0.0,0,0
traffic_light,off,803,1791299867.095694,167.551531,153.72,2.82,0.0,0,0
traffic_light,off,804,1791299867.296203,167.751462,154.252,2.89,0.0,0,0
traffic_light,off,805,1791299867.495610,167.951393,153.876,2.72,0.0,0,0
traffic_light,off,806,1791299867.696074,168.151325,154.402,2.78,0.0,0,0
traffic_light,off,807,1791299867.895615,168.351256,154.241,2.5,0.0,0,0
traffic_light,off,808,1791299868.095613,168.551187,154.108,2.7,0.0,0,0
traffic_light,off,809,1791299868.295709,168.751119,154.264,2.7,0.0,0,0
traffic_light,off,810,1791299868.495595,168.951050,154.149,2.8,0.0,0,0
traffic_light,off,811,1791299868.694981,169.150981,153.741,2.69,0.0,0,0
traffic_light,off,812,1791299868.895790,169.350913,154.385,2.9,0.0,0,0
traffic_light,off,813,1791299869.095220,169.550844,153.999,2.78,0.0,0,0
traffic_light,off,814,1791299869.295651,169.750775,154.567,2.68,0.0,0,0
traffic_light,off,815,1791299869.494233,169.950707,154.133,1.8,0.0,0,0
traffic_light,off,816,1791299869.694397,170.150638,154.144,2.05,0.0,0,0
traffic_light,off,817,1791299869.895403,170.350569,154.519,2.72,0.0,0,0
traffic_light,off,818,1791299870.094819,170.550501,154.103,2.62,0.0,0,0
traffic_light,off,819,1791299870.294855,170.750432,154.132,2.66,0.0,0,0
traffic_light,off,820,1791299870.493669,170.950363,153.868,1.82,0.0,0,0
traffic_light,off,821,1791299870.693829,171.150295,153.96,2.09,0.0,0,0
traffic_light,off,822,1791299870.894759,171.350226,154.391,2.66,0.0,0,0
traffic_light,off,823,1791299871.094149,171.550157,153.673,2.83,0.0,0,0
traffic_light,off,824,1791299871.294262,171.750088,153.89,2.8,0.0,0,0
traffic_light,off,825,1791299871.493503,171.950020,153.893,2.14,0.0,0,0
traffic_light,off,826,1791299871.693008,172.149951,153.521,2.04,0.0,0,0
traffic_light,off,827,1791299871.894078,172.349882,154.569,2.14,0.0,0,0
traffic_light,off,828,1791299872.093581,172.549814,153.452,2.8,0.0,0,0
traffic_light,off,829,1791299872.293571,172.749745,154.089,2.23,0.0,0,0
traffic_light,off,830,1791299872.493339,172.949677,153.938,2.24,0.0,0,0
traffic_light,off,831,1791299872.693139,173.149608,154.107,1.94,0.0,0,0
traffic_light,off,832,1791299872.894171,173.349539,154.206,2.92,0.0,0,1
traffic_light,off,833,1791299873.093956,173.549471,153.934,3.04,0.0,0,2
traffic_light,off,834,1791299873.294241,173.749402,154.487,2.87,0.0,0,0
traffic_light,off,835,1791299873.493748,173.949333,154.088,2.84,0.0,0,0
traffic_light,off,836,1791299873.694375,174.149264,154.885,2.74,0.0,0,0
traffic_light,off,837,1791299873.893774,174.349196,154.147,2.95,0.0,0,0
traffic_light,off,838,1791299874.093396,174.549127,153.958,2.83,0.0,0,0
traffic_light,off,839,1791299874.293403,174.749058,154.07,2.79,0.0,0,0
traffic_light,off,840,1791299874.493116,174.948990,153.722,2.92,0.0,0,0
traffic_light,off,841,1791299874.693548,175.148921,154.253,2.86,0.0,0,0
traffic_light,off,842,1791299874.893388,175.348852,154.15,2.88,0.0,0,1
traffic_light,off,843,1791299875.093655,175.548784,154.489,2.87,0.0,0,0
traffic_light,off,844,1791299875.293214,175.748715,154.091,2.92,0.0,0,0
traffic_light,off,845,1791299875.492140,175.948646,154.094,1.92,0.0,0,0
traffic_light,off,846,1791299875.693804,176.148577,154.866,2.88,0.0,0,0
traffic_light,off,847,1791299875.892804,176.348509,154.079,2.73,0.0,0,0
traffic_light,off,848,1791299876.092966,176.548440,154.166,2.88,0.0,0,0
traffic_light,off,849,1791299876.292301,176.748371,154.02,2.44,0.0,0,1
traffic_light,off,850,1791299876.492892,176.948303,154.129,2.94,0.0,0,0
traffic_light,off,851,1791299876.693350,177.148234,154.75,2.88,0.0,0,0
traffic_light,off,852,1791299876.892273,177.348165,153.97,2.66,0.0,0,0
traffic_light,off,853,1791299877.092752,177.548097,154.294,2.88,0.0,0,0
traffic_light,off,854,1791299877.292718,177.748028,154.597,2.58,0.0,0,0
traffic_light,off,855,1791299877.492901,177.947959,154.628,2.83,0.0,0,0
traffic_light,off,856,1791299877.692535,178.147891,154.395,2.74,0.0,0,0
traffic_light,off,857,1791299877.892805,178.347823,154.64,2.86,0.0,0,0
traffic_light,off,858,1791299878.091993,178.547754,154.44,2.31,0.0,0,0
traffic_light,off,859,1791299878.291845,178.747685,153.786,2.89,0.0,0,0
traffic_light,off,860,1791299878.491797,178.947616,153.855,2.85,0.0,0,0
traffic_light,off,861,1791299878.691799,179.147547,153.903,2.88,0.0,0,0
traffic_light,off,862,1791299878.892452,179.347479,154.706,2.8,0.0,0,0
traffic_light,off,863,1791299879.091806,179.547410,154.055,2.87,0.0,0,0
traffic_light,off,864,1791299879.291790,179.747341,154.121,2.85,0.0,0,0
traffic_light,off,865,1791299879.492390,179.947273,154.7,2.94,0.0,0,0
traffic_light,off,866,1791299879.691883,180.147204,154.187,3.0,0.0,0,1
traffic_light,off,867,1791299879.891610,180.347135,154.178,2.8,0.0,0,0
traffic_light,off,868,1791299880.091473,180.547066,154.167,2.76,0.0,0,0
traffic_light,off,869,1791299880.291549,180.746998,154.244,2.8,0.0,0,0
traffic_light,off,870,1791299880.491322,180.946929,154.002,2.92,0.0,0,0
traffic_light,off,871,1791299880.691242,181.146860,154.051,2.86,0.0,0,0
traffic_light,off,872,1791299880.891250,181.346792,154.165,2.82,0.0,0,0
traffic_light,off,873,1791299881.091125,181.546723,154.177,2.75,0.0,0,0
traffic_light,off,874,1791299881.291589,181.746655,154.597,2.83,0.0,0,1
traffic_light,off,875,1791299881.490914,181.946586,153.979,2.88,0.0,0,0
traffic_light,off,876,1791299881.690967,182.146517,154.1,2.87,0.0,0,0
traffic_light,off,877,1791299881.890915,182.346448,154.163,2.83,0.0,0,0
traffic_light,off,878,1791299882.090632,182.546380,153.861,2.9,0.0,0,0
traffic_light,off,879,1791299882.290144,182.746311,153.494,2.86,0.0,0,0
traffic_light,off,880,1791299882.491035,182.946242,154.544,2.77,0.0,0,0
traffic_light,off,881,1791299882.690066,183.146174,153.734,2.69,0.0,0,0
traffic_light,off,882,1791299882.890748,183.346105,154.272,2.89,0.0,0,0
traffic_light,off,883,1791299883.089776,183.546036,154.235,2.02,0.0,0,0
traffic_light,off,884,1791299883.290257,183.745968,153.988,2.82,0.0,0,0
traffic_light,off,885,1791299883.490462,183.945899,154.235,2.85,0.0,0,0
traffic_light,off,886,1791299883.689888,184.145831,153.895,2.61,0.0,0,0
traffic_light,off,887,1791299883.890669,184.345762,154.561,2.83,0.0,0,0
traffic_light,off,888,1791299884.090126,184.545693,154.362,2.6,0.0,0,0
traffic_light,off,889,1791299884.289778,184.745624,153.875,2.81,0.0,0,0
traffic_light,off,890,1791299884.490031,184.945556,154.409,2.59,0.0,0,0
traffic_light,off,891,1791299884.689941,185.145487,154.319,2.66,0.0,0,0
traffic_light,off,892,1791299884.889939,185.345418,154.439,2.63,0.0,0,0
traffic_light,off,893,1791299885.089731,185.545350,154.099,2.81,0.0,0,0
traffic_light,off,894,1791299885.289961,185.745281,154.661,2.57,0.0,0,0
traffic_light,off,895,1791299885.489931,185.945212,154.366,2.88,0.0,0,0
traffic_light,off,896,1791299885.689850,186.145143,154.438,2.8,0.0,0,0
traffic_light,off,897,1791299885.889904,186.345075,154.613,2.82,0.0,0,0
traffic_light,off,898,1791299886.089620,186.545006,154.296,2.86,0.0,0,0
traffic_light,off,899,1791299886.289552,186.744938,154.347,2.81,0.0,0,0
traffic_light,off,900,1791299886.489696,186.944869,154.506,2.81,0.0,0,0
traffic_light,off,901,1791299886.689582,187.144800,154.399,2.94,0.0,0,0
traffic_light,off,902,1791299886.888469,187.344731,154.188,2.15,0.0,0,0
traffic_light,off,903,1791299887.089151,187.544663,154.296,2.77,0.0,0,0
traffic_light,off,904,1791299887.289305,187.744594,154.439,2.85,0.0,0,0
traffic_light,off,905,1791299887.488910,187.944525,154.08,2.88,0.0,0,0
traffic_light,off,906,1791299887.689062,188.144457,154.103,3.08,0.0,0,0
traffic_light,off,907,1791299887.887831,188.344388,154.058,1.99,0.0,0,0
traffic_light,off,908,1791299888.088417,188.544319,154.327,2.35,0.0,0,0
traffic_light,off,909,1791299888.288247,188.744251,153.73,2.84,0.0,0,0
traffic_light,off,910,1791299888.488046,188.944182,153.615,2.82,0.0,0,0
traffic_light,off,911,1791299888.688227,189.144113,153.846,2.84,0.0,0,0
traffic_light,off,912,1791299888.887472,189.344045,154.075,1.98,0.0,0,0
traffic_light,off,913,1791299889.088109,189.543976,153.88,2.82,0.0,0,0
traffic_light,off,914,1791299889.288463,189.743907,154.393,2.74,0.0,0,0
traffic_light,off,915,1791299889.488099,189.943839,154.071,2.77,0.0,0,0
traffic_light,off,916,1791299889.689571,190.143770,155.518,2.83,0.0,0,0
traffic_light,off,917,1791299889.888272,190.343701,154.515,2.66,0.0,0,0
traffic_light,off,918,1791299890.087564,190.543633,154.46,2.02,0.0,0,0
traffic_light,off,919,1791299890.287823,190.743564,154.054,2.78,0.0,0,0
traffic_light,off,920,1791299890.488160,190.943495,154.451,2.79,0.0,0,0
traffic_light,off,921,1791299890.687460,191.143427,154.239,2.33,0.0,0,1
traffic_light,off,922,1791299890.888126,191.343358,154.571,2.76,0.0,0,1
traffic_light,off,923,1791299891.087935,191.543289,154.658,2.55,0.0,0,1
traffic_light,off,924,1791299891.287116,191.743221,153.718,2.75,0.0,0,0
traffic_light,off,925,1791299891.487595,191.943152,154.042,2.93,0.0,0,2
traffic_light,off,926,1791299891.687484,192.143083,154.485,2.52,0.0,0,0
traffic_light,off,927,1791299891.887315,192.343015,154.046,2.83,0.0,0,0
traffic_light,off,928,1791299892.087064,192.542946,154.141,2.55,0.0,0,0
traffic_light,off,929,1791299892.286724,192.742877,153.59,2.84,0.0,0,0
traffic_light,off,930,1791299892.487019,192.942808,154.224,2.57,0.0,0,0
traffic_light,off,931,1791299892.686464,193.142740,153.88,2.45,0.0,0,0
traffic_light,off,932,1791299892.886840,193.342671,153.936,2.81,0.0,0,0
traffic_light,off,933,1791299893.086905,193.542602,154.309,2.57,0.0,0,0
traffic_light,off,934,1791299893.286362,193.742534,153.774,2.63,0.0,0,0
traffic_light,off,935,1791299893.487251,193.942465,154.626,2.81,0.0,0,0
traffic_light,off,936,1791299893.686877,194.142396,154.285,2.85,0.0,0,0
traffic_light,off,937,1791299893.885947,194.342328,153.952,2.32,0.0,0,0
traffic_light,off,938,1791299894.086346,194.542259,154.102,2.64,0.0,0,0
traffic_light,off,939,1791299894.286073,194.742190,153.727,2.81,0.0,0,0
traffic_light,off,940,1791299894.487052,194.942122,154.837,2.75,0.0,0,0
traffic_light,off,941,1791299894.685986,195.142053,154.31,2.28,0.0,0,0
traffic_light,off,942,1791299894.885778,195.341984,154.279,2.14,0.0,0,0
traffic_light,off,943,1791299895.085574,195.541916,154.43,1.88,0.0,0,0
traffic_light,off,944,1791299895.285884,195.741847,153.842,2.84,0.0,0,0
traffic_light,off,945,1791299895.485099,195.941778,153.804,2.21,0.0,0,0
traffic_light,off,946,1791299895.686023,196.141710,154.227,2.74,0.0,0,0
traffic_light,off,947,1791299895.885790,196.341641,154.047,2.74,0.0,0,0
traffic_light,off,948,1791299896.085571,196.541572,153.934,2.7,0.0,0,0
traffic_light,off,949,1791299896.285752,196.741504,154.143,2.76,0.0,0,0
traffic_light,off,950,1791299896.485445,196.941435,154.005,2.66,0.0,0,0
traffic_light,off,951,1791299896.684936,197.141366,154.089,2.17,0.0,0,0
traffic_light,off,952,1791299896.885039,197.341297,154.316,2.08,0.0,0,0
traffic_light,off,953,1791299897.084762,197.541229,154.079,2.09,0.0,0,0
traffic_light,off,954,1791299897.285488,197.741160,154.195,2.78,0.0,0,0
traffic_light,off,955,1791299897.484852,197.941091,154.022,2.39,0.0,0,0
traffic_light,off,956,1791299897.685277,198.141023,154.803,2.11,0.0,0,0
traffic_light,off,957,1791299897.885506,198.340954,154.513,2.69,0.0,0,0
traffic_light,off,958,1791299898.084457,198.540885,153.644,2.58,0.0,0,0
traffic_light,off,959,1791299898.284776,198.740817,153.751,2.86,0.0,0,0
traffic_light,off,960,1791299898.484852,198.940748,153.985,2.78,0.0,0,0
traffic_light,off,961,1791299898.684716,199.140680,153.909,2.75,0.0,0,0
traffic_light,off,962,1791299898.884712,199.340611,154.75,2.04,0.0,0,0
traffic_light,off,963,1791299899.085442,199.540542,154.889,2.65,0.0,0,0
traffic_light,off,964,1791299899.285379,199.740473,154.882,2.67,0.0,0,0
traffic_light,off,965,1791299899.484179,199.940405,154.348,2.04,0.0,0,0
traffic_light,off,966,1791299899.684736,200.140336,154.231,2.82,0.0,0,0
traffic_light,off,967,1791299899.884383,200.340267,154.172,2.6,0.0,0,0
traffic_light,off,968,1791299900.084584,200.540199,154.405,2.6,0.0,0,0
traffic_light,off,969,1791299900.283784,200.740130,154.399,1.98,0.0,0,0
traffic_light,off,970,1791299900.484316,200.940061,154.305,2.6,0.0,0,0
traffic_light,off,971,1791299900.684113,201.139993,154.128,2.64,0.0,0,0
traffic_light,off,972,1791299900.884396,201.339924,154.335,2.79,0.0,0,0
traffic_light,off,973,1791299901.083398,201.539855,154.299,2.0,0.0,0,0
traffic_light,off,974,1791299901.284198,201.739787,154.32,2.82,0.0,0,0
traffic_light,off,975,1791299901.483875,201.939718,154.026,2.84,0.0,0,0
traffic_light,off,976,1791299901.684121,202.139649,154.355,2.82,0.0,0,0
traffic_light,off,977,1791299901.884074,202.339580,154.364,2.83,0.0,0,0
traffic_light,off,978,1791299902.082533,202.539512,153.84,1.92,0.0,0,0
traffic_light,off,979,1791299902.283825,202.739443,154.345,2.74,0.0,0,0
traffic_light,off,980,1791299902.483166,202.939375,153.585,2.91,0.0,0,0
traffic_light,off,981,1791299902.684055,203.139306,154.586,2.87,0.0,0,0
traffic_light,off,982,1791299902.884132,203.339237,154.747,2.85,0.0,0,0
traffic_light,off,983,1791299903.083109,203.539169,154.028,2.64,0.0,0,0
traffic_light,off,984,1791299903.282248,203.739100,153.741,2.15,0.0,0,0
traffic_light,off,985,1791299903.482947,203.939031,153.771,2.85,0.0,0,0
traffic_light,off,986,1791299903.683449,204.138962,154.389,2.8,0.0,0,0
traffic_light,off,987,1791299903.883531,204.338894,154.464,2.86,0.0,0,0
traffic_light,off,988,1791299904.081910,204.538825,153.989,1.86,0.0,0,0
traffic_light,off,989,1791299904.282766,204.738756,153.85,2.86,0.0,0,0
traffic_light,off,990,1791299904.482452,204.938688,153.665,2.78,0.0,0,0
traffic_light,off,991,1791299904.683059,205.138619,154.246,2.89,0.0,0,0
traffic_light,off,992,1791299904.882544,205.338551,153.807,2.86,0.0,0,0
traffic_light,off,993,1791299905.081209,205.538482,153.666,1.8,0.0,0,0
traffic_light,off,994,1791299905.282710,205.738413,154.174,2.78,0.0,0,0
traffic_light,off,995,1791299905.482244,205.938344,153.845,2.76,0.0,0,0
traffic_light,off,996,1791299905.682751,206.138276,154.335,2.84,0.0,0,0
traffic_light,off,997,1791299905.881337,206.338207,153.659,2.21,0.0,0,0
traffic_light,off,998,1791299906.081404,206.538138,154.142,1.85,0.0,0,0
traffic_light,off,999,1791299906.282097,206.738070,153.847,2.86,0.0,0,1
traffic_light,off,1000,1791299906.481964,206.938001,154.032,2.63,0.0,0,0
traffic_light,off,1001,1791299906.682453,207.137932,154.265,2.94,0.0,0,1
traffic_light,off,1002,1791299906.882612,207.337864,154.522,2.88,0.0,0,1
traffic_light,off,1003,1791299907.081743,207.537795,153.975,2.66,0.0,0,1
traffic_light,off,1004,1791299907.282402,207.737726,154.385,2.94,0.0,0,2
traffic_light,off,1005,1791299907.481306,207.937658,153.793,2.58,0.0,0,0
traffic_light,off,1006,1791299907.682434,208.137589,154.578,2.95,0.0,0,1
traffic_light,off,1007,1791299907.881107,208.337520,154.01,2.23,0.0,0,2
traffic_light,off,1008,1791299908.082009,208.537452,154.381,2.85,0.0,0,3
traffic_light,off,1009,1791299908.281206,208.737383,153.733,2.79,0.0,0,0
traffic_light,off,1010,1791299908.481119,208.937314,153.731,2.77,0.0,0,0
traffic_light,off,1011,1791299908.681331,209.137246,154.006,2.78,0.0,0,0
traffic_light,off,1012,1791299908.880132,209.337177,153.616,2.08,0.0,0,0
traffic_light,off,1013,1791299909.081578,209.537108,154.495,2.65,0.0,0,0
traffic_light,off,1014,1791299909.281139,209.737039,153.899,2.9,0.0,0,0
traffic_light,off,1015,1791299909.480913,209.936971,153.822,2.92,0.0,0,0
traffic_light,off,1016,1791299909.681442,210.136902,154.351,2.99,0.0,0,0
traffic_light,off,1017,1791299909.881354,210.336833,154.366,2.95,0.0,0,0
traffic_light,off,1018,1791299910.081177,210.536765,154.611,2.6,0.0,0,0
traffic_light,off,1019,1791299910.280439,210.736696,154.352,2.25,0.0,0,0
traffic_light,off,1020,1791299910.480844,210.936627,154.016,3.0,0.0,0,0
traffic_light,off,1021,1791299910.680760,211.136559,154.158,2.88,0.0,0,0
traffic_light,off,1022,1791299910.880993,211.336490,154.447,2.85,0.0,0,0
traffic_light,off,1023,1791299911.081066,211.536421,154.723,2.72,0.0,0,0
traffic_light,off,1024,1791299911.280538,211.736353,153.993,2.96,0.0,0,0
traffic_light,off,1025,1791299911.480783,211.936284,154.296,3.0,0.0,0,0
traffic_light,off,1026,1791299911.680177,212.136215,153.871,2.89,0.0,0,0
traffic_light,off,1027,1791299911.880551,212.336147,154.273,2.9,0.0,0,0
traffic_light,off,1028,1791299912.079636,212.536078,153.535,2.79,0.0,0,0
traffic_light,off,1029,1791299912.280189,212.736009,154.05,2.93,0.0,0,0
traffic_light,off,1030,1791299912.479984,212.935940,154.062,2.81,0.0,0,0
traffic_light,off,1031,1791299912.679566,213.135872,153.574,2.89,0.0,0,0
traffic_light,off,1032,1791299912.880345,213.335803,154.487,2.85,0.0,0,0
traffic_light,off,1033,1791299913.079954,213.535735,154.34,2.68,0.0,0,0
traffic_light,off,1034,1791299913.279734,213.735666,153.952,2.91,0.0,0,0
traffic_light,off,1035,1791299913.479359,213.935597,153.6,2.96,0.0,0,0
traffic_light,off,1036,1791299913.679409,214.135529,153.794,2.88,0.0,0,0
traffic_light,off,1037,1791299913.880050,214.335460,154.583,2.81,0.0,0,0
traffic_light,off,1038,1791299914.079959,214.535391,154.585,2.78,0.0,0,0
traffic_light,off,1039,1791299914.279429,214.735322,154.113,2.79,0.0,0,0
traffic_light,off,1040,1791299914.478788,214.935254,154.278,2.05,0.0,0,0
traffic_light,off,1041,1791299914.679188,215.135185,154.278,2.52,0.0,0,0
traffic_light,off,1042,1791299914.879843,215.335116,154.842,2.68,0.0,0,0
traffic_light,off,1043,1791299915.079580,215.535048,154.643,2.68,0.0,0,0
traffic_light,off,1044,1791299915.278942,215.734979,153.841,2.92,0.0,0,0
traffic_light,off,1045,1791299915.479299,215.934910,154.355,2.83,0.0,0,0
traffic_light,off,1046,1791299915.679007,216.134842,154.113,2.85,0.0,0,0
traffic_light,off,1047,1791299915.879586,216.334773,154.677,2.9,0.0,0,0
traffic_light,off,1048,1791299916.079172,216.534704,154.641,2.63,0.0,0,0
traffic_light,off,1049,1791299916.278727,216.734636,153.999,2.86,0.0,0,0
traffic_light,off,1050,1791299916.478374,216.934567,153.985,2.62,0.0,0,0
traffic_light,off,1051,1791299916.679234,217.134498,154.896,2.64,0.0,0,0
traffic_light,off,1052,1791299916.879500,217.334430,155.074,2.79,0.0,0,0
traffic_light,off,1053,1791299917.078093,217.534361,153.892,2.66,0.0,0,0
traffic_light,off,1054,1791299917.278929,217.734292,154.548,2.92,0.0,0,0
traffic_light,off,1055,1791299917.478762,217.934224,154.509,2.86,0.0,0,0
traffic_light,off,1056,1791299917.679252,218.134155,154.975,2.95,0.0,0,0
traffic_light,off,1057,1791299917.878328,218.334086,154.268,2.8,0.0,0,0
traffic_light,off,1058,1791299918.078260,218.534018,154.35,2.72,0.0,0,0
traffic_light,off,1059,1791299918.277284,218.733949,154.007,2.2,0.0,0,0
traffic_light,off,1060,1791299918.478458,218.933880,154.57,2.83,0.0,0,0
traffic_light,off,1061,1791299918.677865,219.133812,154.108,2.77,0.0,0,0
traffic_light,off,1062,1791299918.879268,219.333743,154.824,3.53,0.0,0,0
traffic_light,off,1063,1791299919.078065,219.533674,154.482,2.73,0.0,0,0
traffic_light,off,1064,1791299919.277869,219.733605,154.373,2.74,0.0,0,0
traffic_light,off,1065,1791299919.476964,219.933537,153.321,2.93,0.0,0,0
traffic_light,off,1066,1791299919.677776,220.133468,154.251,2.88,0.0,0,0
traffic_light,off,1067,1791299919.878223,220.333399,154.845,2.81,0.0,0,0
traffic_light,off,1068,1791299920.077480,220.533331,154.224,2.73,0.0,0,1
traffic_light,off,1069,1791299920.276838,220.733262,154.485,2.0,0.0,0,0
traffic_light,off,1070,1791299920.477779,220.933193,154.265,3.06,0.0,0,2
traffic_light,off,1071,1791299920.677025,221.133125,153.865,2.86,0.0,0,0
traffic_light,off,1072,1791299920.877819,221.333056,154.746,2.84,0.0,0,0
traffic_light,off,1073,1791299921.076956,221.532987,154.04,2.76,0.0,0,0
traffic_light,off,1074,1791299921.276234,221.732919,154.148,2.03,0.0,0,0
traffic_light,off,1075,1791299921.476845,221.932850,153.756,3.06,0.0,0,0
traffic_light,off,1076,1791299921.676615,222.132781,153.82,2.84,0.0,0,0
traffic_light,off,1077,1791299921.877447,222.332713,154.803,2.72,0.0,0,0
traffic_light,off,1078,1791299922.076171,222.532644,153.7,2.65,0.0,0,0
traffic_light,off,1079,1791299922.276242,222.732575,154.453,2.07,0.0,0,0
traffic_light,off,1080,1791299922.475648,222.932506,153.963,2.13,0.0,0,0
traffic_light,off,1081,1791299922.676805,223.132438,154.506,2.69,0.0,0,0
traffic_light,off,1082,1791299922.877362,223.332369,154.948,2.87,0.0,0,0
traffic_light,off,1083,1791299923.076291,223.532300,154.148,2.67,0.0,0,0
traffic_light,off,1084,1791299923.276162,223.732232,154.8,1.97,0.0,0,0
traffic_light,off,1085,1791299923.475996,223.932163,153.872,2.78,0.0,0,0
traffic_light,off,1086,1791299923.676771,224.132095,154.735,2.77,0.0,0,0
traffic_light,off,1087,1791299923.876641,224.332026,154.626,2.79,0.0,0,0
traffic_light,off,1088,1791299924.075815,224.531957,153.975,2.71,0.0,0,0
traffic_light,off,1089,1791299924.275128,224.731889,153.846,2.15,0.0,0,0
traffic_light,off,1090,1791299924.475806,224.931820,154.061,2.75,0.0,0,0
traffic_light,off,1091,1791299924.675808,225.131751,154.015,2.91,0.0,0,0
traffic_light,off,1092,1791299924.876715,225.331682,155.052,2.82,0.0,0,0
traffic_light,off,1093,1791299925.075962,225.531614,154.491,2.72,0.0,0,0
traffic_light,off,1094,1791299925.276635,225.731545,155.078,2.85,0.0,0,0
traffic_light,off,1095,1791299925.474974,225.931476,153.971,2.39,0.0,0,0
traffic_light,off,1096,1791299925.675480,226.131408,154.047,2.89,0.0,0,0
traffic_light,off,1097,1791299925.875369,226.331339,154.743,2.15,0.0,0,0
traffic_light,off,1098,1791299926.074745,226.531270,154.392,1.98,0.0,0,0
traffic_light,off,1099,1791299926.275538,226.731202,154.443,2.72,0.0,0,0
traffic_light,off,1100,1791299926.475406,226.931133,154.301,2.8,0.0,0,0
traffic_light,off,1101,1791299926.675082,227.131064,153.945,2.94,0.0,0,0
traffic_light,off,1102,1791299926.875812,227.330996,154.945,2.74,0.0,0,0
traffic_light,off,1103,1791299927.074597,227.530927,154.399,2.1,0.0,0,0
traffic_light,off,1104,1791299927.275112,227.730858,154.402,2.71,0.0,0,0
traffic_light,off,1105,1791299927.475219,227.930790,154.419,2.85,0.0,0,0
traffic_light,off,1106,1791299927.675089,228.130721,154.344,2.89,0.0,0,0
traffic_light,off,1107,1791299927.875321,228.330653,154.667,2.87,0.0,0,0
traffic_light,off,1108,1791299928.074934,228.530584,154.492,2.72,0.0,0,0
traffic_light,off,1109,1791299928.274095,228.730515,154.218,2.23,0.0,0,0
traffic_light,off,1110,1791299928.474683,228.930446,154.209,2.84,0.0,0,0
traffic_light,off,1111,1791299928.674244,229.130377,153.829,2.88,0.0,0,1
traffic_light,off,1112,1791299928.874732,229.330309,154.905,2.38,0.0,0,0
traffic_light,off,1113,1791299929.073680,229.530240,154.198,2.09,0.0,0,0
traffic_light,off,1114,1791299929.273586,229.730171,153.958,2.32,0.0,0,0
traffic_light,off,1115,1791299929.474491,229.930103,154.509,2.68,0.0,0,1
traffic_light,off,1116,1791299929.674391,230.130034,154.345,2.88,0.0,0,0
traffic_light,off,1117,1791299929.874493,230.329965,154.73,2.65,0.0,0,1
traffic_light,off,1118,1791299930.073889,230.529897,154.251,2.63,0.0,0,0
traffic_light,off,1119,1791299930.272650,230.729828,153.684,2.12,0.0,0,0
traffic_light,off,1120,1791299930.474264,230.929760,154.761,2.62,0.0,0,1
traffic_light,off,1121,1791299930.673344,231.129691,153.711,2.81,0.0,0,0
traffic_light,off,1122,1791299930.874273,231.329622,154.68,2.83,0.0,0,0
traffic_light,off,1123,1791299931.074010,231.529553,154.761,2.58,0.0,0,0
traffic_light,off,1124,1791299931.273618,231.729485,154.217,2.75,0.0,0,0
traffic_light,off,1125,1791299931.473660,231.929416,154.483,2.57,0.0,0,0
traffic_light,off,1126,1791299931.673956,232.129347,154.823,2.65,0.0,0,0
traffic_light,off,1127,1791299931.873578,232.329279,155.041,2.13,0.0,0,0
traffic_light,off,1128,1791299932.074124,232.529210,155.137,2.69,0.0,0,0
traffic_light,off,1129,1791299932.272135,232.729141,153.818,2.12,0.0,0,0
traffic_light,off,1130,1791299932.473398,232.929073,154.321,2.91,0.0,0,0
traffic_light,off,1131,1791299932.672972,233.129004,153.967,2.92,0.0,0,0
traffic_light,off,1132,1791299932.873710,233.328935,154.695,2.95,0.0,0,1
traffic_light,off,1133,1791299933.073358,233.528867,154.721,2.68,0.0,0,0
traffic_light,off,1134,1791299933.271939,233.728798,153.888,2.2,0.0,0,0
traffic_light,off,1135,1791299933.472724,233.928729,154.005,2.87,0.0,0,0
traffic_light,off,1136,1791299933.673193,234.128661,154.581,2.87,0.0,0,0
traffic_light,off,1137,1791299933.873040,234.328592,154.569,2.77,0.0,0,0
traffic_light,off,1138,1791299934.072850,234.528523,154.477,2.72,0.0,0,1
traffic_light,off,1139,1791299934.272306,234.728455,153.842,2.91,0.0,0,1
traffic_light,off,1140,1791299934.472935,234.928386,154.543,2.92,0.0,0,0
traffic_light,off,1141,1791299934.672125,235.128317,154.047,2.68,0.0,0,0
traffic_light,off,1142,1791299934.871509,235.328249,154.041,2.17,0.0,0,0
traffic_light,off,1143,1791299935.071654,235.528180,153.69,2.66,0.0,0,0
traffic_light,off,1144,1791299935.271492,235.728111,154.036,2.29,0.0,0,0
traffic_light,off,1145,1791299935.471982,235.928042,154.088,2.79,0.0,0,0
traffic_light,off,1146,1791299935.671933,236.127974,154.005,2.84,0.0,0,0
traffic_light,off,1147,1791299935.872206,236.327905,154.383,2.83,0.0,0,0
traffic_light,off,1148,1791299936.071554,236.527836,153.958,2.65,0.0,0,0
traffic_light,off,1149,1791299936.271617,236.727768,154.434,2.3,0.0,0,0
traffic_light,off,1150,1791299936.471075,236.927699,154.149,2.17,0.0,0,0
traffic_light,off,1151,1791299936.671266,237.127630,153.685,2.86,0.0,0,0
traffic_light,off,1152,1791299936.871320,237.327562,154.618,2.06,0.0,0,0
traffic_light,off,1153,1791299937.072187,237.527493,155.482,2.11,0.0,0,1
traffic_light,off,1154,1791299937.272103,237.727424,154.142,3.45,0.0,0,0
traffic_light,off,1155,1791299937.470673,237.927356,154.27,1.98,0.0,0,0
traffic_light,off,1156,1791299937.670369,238.127287,153.688,2.31,0.0,0,0
traffic_light,off,1157,1791299937.871325,238.327218,154.332,2.69,0.0,0,0
traffic_light,off,1158,1791299938.070738,238.527150,153.884,2.62,0.0,0,0
traffic_light,off,1159,1791299938.270826,238.727081,153.959,2.7,0.0,0,0
traffic_light,off,1160,1791299938.469774,238.927012,153.819,1.89,0.0,0,0
traffic_light,off,1161,1791299938.670256,239.126943,153.962,2.26,0.0,0,0
traffic_light,off,1162,1791299938.871201,239.326875,154.541,2.7,0.0,0,0
traffic_light,off,1163,1791299939.070808,239.526806,154.224,2.69,0.0,0,0
traffic_light,off,1164,1791299939.270543,239.726738,153.865,2.83,0.0,0,0
traffic_light,off,1165,1791299939.470546,239.926669,154.135,2.63,0.0,0,0
traffic_light,off,1166,1791299939.669578,240.126600,153.638,2.29,0.0,0,0
traffic_light,off,1167,1791299939.871820,240.326531,155.417,2.84,0.0,0,0
traffic_light,off,1168,1791299940.070268,240.526463,153.966,2.8,0.0,0,0
traffic_light,off,1169,1791299940.270169,240.726394,153.969,2.77,0.0,0,0
traffic_light,off,1170,1791299940.469805,240.926325,154.111,2.33,0.0,0,0
traffic_light,off,1171,1791299940.669837,241.126257,153.675,2.84,0.0,0,0
traffic_light,off,1172,1791299940.870369,241.326188,154.883,2.26,0.0,0,0
traffic_light,off,1173,1791299941.070205,241.526120,154.321,2.73,0.0,0,0
traffic_light,off,1174,1791299941.269623,241.726051,154.211,2.28,0.0,0,0
traffic_light,off,1175,1791299941.469625,241.925982,153.846,2.75,0.0,0,0
traffic_light,off,1176,1791299941.669585,242.125914,153.797,2.81,0.0,0,0
traffic_light,off,1177,1791299941.869464,242.325845,154.226,2.36,0.0,0,0
traffic_light,off,1178,1791299942.069785,242.525776,154.358,2.61,0.0,0,0
traffic_light,off,1179,1791299942.269911,242.725707,154.302,2.87,0.0,0,0
traffic_light,off,1180,1791299942.469698,242.925639,154.155,2.84,0.0,0,0
traffic_light,off,1181,1791299942.669364,243.125570,153.795,2.96,0.0,0,0
traffic_light,off,1182,1791299942.870343,243.325501,154.915,2.89,0.0,0,0
traffic_light,off,1183,1791299943.069215,243.525433,154.018,2.73,0.0,0,0
traffic_light,off,1184,1791299943.268889,243.725364,154.226,2.26,0.0,0,0
traffic_light,off,1185,1791299943.469508,243.925295,154.318,2.84,0.0,0,1
traffic_light,off,1186,1791299943.669562,244.125227,154.385,2.88,0.0,0,0
traffic_light,off,1187,1791299943.870161,244.325158,155.123,2.84,0.0,0,0
traffic_light,off,1188,1791299944.068657,244.525089,154.368,2.15,0.0,0,0
traffic_light,off,1189,1791299944.268613,244.725020,153.591,2.93,0.0,0,0
traffic_light,off,1190,1791299944.468109,244.924952,153.914,2.24,0.0,0,0
traffic_light,off,1191,1791299944.668725,245.124883,154.109,2.66,0.0,0,0
traffic_light,off,1192,1791299944.869483,245.324814,154.832,2.81,0.0,0,0
traffic_light,off,1193,1791299945.067989,245.524746,154.323,1.88,0.0,0,0
traffic_light,off,1194,1791299945.268529,245.724677,154.043,2.76,0.0,0,0
traffic_light,off,1195,1791299945.468499,245.924609,154.097,2.76,0.0,0,0
traffic_light,off,1196,1791299945.668747,246.124540,154.4,2.77,0.0,0,0
traffic_light,off,1197,1791299945.868555,246.324471,154.712,2.27,0.0,0,0
traffic_light,off,1198,1791299946.068147,246.524403,154.032,2.67,0.0,0,0
traffic_light,off,1199,1791299946.268106,246.724334,154.123,2.61,0.0,0,0
traffic_light,off,1200,1791299946.468646,246.924265,154.514,2.79,0.0,0,0
traffic_light,off,1201,1791299946.668792,247.124196,154.912,2.65,0.0,0,0
traffic_light,off,1202,1791299946.868068,247.324128,154.226,2.68,0.0,0,0
traffic_light,off,1203,1791299947.068586,247.524059,154.863,2.6,0.0,0,0
traffic_light,off,1204,1791299947.267459,247.723990,154.221,2.28,0.0,0,0
traffic_light,off,1205,1791299947.467635,247.923922,153.912,2.8,0.0,0,0
traffic_light,off,1206,1791299947.667758,248.123853,154.004,2.93,0.0,0,0
traffic_light,off,1207,1791299947.867700,248.323784,154.002,2.91,0.0,0,0
traffic_light,off,1208,1791299948.067994,248.523716,154.513,2.79,0.0,0,0
traffic_light,off,1209,1791299948.267780,248.723647,154.272,2.89,0.0,0,0
traffic_light,off,1210,1791299948.467762,248.923578,154.251,2.96,0.0,0,0
traffic_light,off,1211,1791299948.667233,249.123509,153.864,2.89,0.0,0,0
traffic_light,off,1212,1791299948.866757,249.323441,154.202,2.18,0.0,0,0
traffic_light,off,1213,1791299949.067508,249.523372,154.45,2.71,0.0,0,0
traffic_light,off,1214,1791299949.266776,249.723304,153.636,2.87,0.0,0,0
traffic_light,off,1215,1791299949.467690,249.923235,154.586,2.87,0.0,0,0
traffic_light,off,1216,1791299949.667020,250.123166,154.094,2.8,0.0,0,0
traffic_light,off,1217,1791299949.866580,250.323098,154.316,2.19,0.0,0,0
traffic_light,off,1218,1791299950.067111,250.523029,154.416,2.69,0.0,0,0
traffic_light,off,1219,1791299950.266710,250.722960,153.938,2.81,0.0,0,0
traffic_light,off,1220,1791299950.467109,250.922891,154.378,2.87,0.0,0,0
traffic_light,off,1221,1791299950.666831,251.122823,154.364,2.67,0.0,0,0
traffic_light,off,1222,1791299950.866689,251.322754,154.805,2.22,0.0,0,0
traffic_light,off,1223,1791299951.067348,251.522685,155.002,2.68,0.0,0,0
traffic_light,off,1224,1791299951.266471,251.722617,153.963,2.92,0.0,0,0
traffic_light,off,1225,1791299951.466375,251.922548,154.045,2.81,0.0,0,0
traffic_light,off,1226,1791299951.666117,252.122480,153.813,2.88,0.0,0,0
traffic_light,off,1227,1791299951.866997,252.322411,155.399,2.22,0.0,0,0
traffic_light,off,1228,1791299952.066685,252.522342,154.63,2.71,0.0,0,0
traffic_light,off,1229,1791299952.265615,252.722273,154.409,1.95,0.0,0,0
traffic_light,off,1230,1791299952.466552,252.922205,154.395,2.95,0.0,0,0
traffic_light,off,1231,1791299952.665899,253.122136,154.122,2.68,0.0,0,0
traffic_light,off,1232,1791299952.865843,253.322067,153.964,2.83,0.0,0,1
traffic_light,off,1233,1791299953.066335,253.521999,154.3,3.07,0.0,0,0
traffic_light,off,1234,1791299953.265719,253.721930,154.183,2.61,0.0,0,0
traffic_light,off,1235,1791299953.465398,253.921861,153.802,2.75,0.0,0,1
traffic_light,off,1236,1791299953.665822,254.121793,154.44,2.64,0.0,0,1
traffic_light,off,1237,1791299953.866091,254.321724,154.576,2.83,0.0,0,1
traffic_light,off,1238,1791299954.065563,254.521655,153.915,3.01,0.0,0,0
traffic_light,off,1239,1791299954.264749,254.721587,154.139,2.04,0.0,0,1
traffic_light,off,1240,1791299954.464723,254.921518,153.283,2.88,0.0,0,1
traffic_light,off,1241,1791299954.665492,255.121449,154.32,2.78,0.0,0,0
traffic_light,off,1242,1791299954.865150,255.321380,153.799,3.0,0.0,0,1
traffic_light,off,1243,1791299955.065454,255.521312,154.187,2.97,0.0,0,1
traffic_light,off,1244,1791299955.265440,255.721243,154.322,2.9,0.0,0,1
traffic_light,off,1245,1791299955.465075,255.921174,154.007,2.94,0.0,0,1
traffic_light,off,1246,1791299955.664170,256.121106,154.015,2.11,0.0,0,1
traffic_light,off,1247,1791299955.865848,256.321037,154.898,2.94,0.0,0,1
traffic_light,off,1248,1791299956.064687,256.520969,153.752,2.96,0.0,0,1
traffic_light,off,1249,1791299956.264417,256.720900,154.238,2.3,0.0,0,1
traffic_light,off,1250,1791299956.464946,256.920831,154.072,3.07,0.0,0,1
traffic_light,off,1251,1791299956.664425,257.120762,154.508,2.19,0.0,0,1
traffic_light,off,1252,1791299956.864989,257.320694,154.433,2.92,0.0,0,1
traffic_light,off,1253,1791299957.065672,257.520625,154.714,3.31,0.0,0,2
traffic_light,off,1254,1791299957.264611,257.720556,154.262,2.81,0.0,0,0
traffic_light,off,1255,1791299957.464383,257.920488,154.641,2.33,0.0,0,0
traffic_light,off,1256,1791299957.664174,258.120419,154.006,2.79,0.0,0,0
traffic_light,off,1257,1791299957.864736,258.320350,154.49,2.89,0.0,0,1
traffic_light,off,1258,1791299958.063509,258.520282,153.923,2.38,0.0,0,0
traffic_light,off,1259,1791299958.264615,258.720213,154.539,2.88,0.0,0,0
traffic_light,off,1260,1791299958.464131,258.920144,154.028,3.01,0.0,0,0
traffic_light,off,1261,1791299958.664088,259.120076,154.123,2.94,0.0,0,0
traffic_light,off,1262,1791299958.864042,259.320007,154.288,2.8,0.0,0,0
traffic_light,off,1263,1791299959.063743,259.519938,154.092,2.77,0.0,0,0
traffic_light,off,1264,1791299959.264112,259.719870,154.426,2.87,0.0,0,0
traffic_light,off,1265,1791299959.464158,259.919801,154.377,3.0,0.0,0,2
traffic_light,off,1266,1791299959.663161,260.119732,153.575,2.9,0.0,0,0
traffic_light,off,1267,1791299959.863481,260.319664,154.272,2.63,0.0,0,0
traffic_light,off,1268,1791299960.063312,260.519595,154.025,2.74,0.0,0,0
traffic_light,off,1269,1791299960.263473,260.719526,154.093,2.9,0.0,0,0
traffic_light,off,1270,1791299960.463085,260.919458,153.999,2.69,0.0,0,0
traffic_light,off,1271,1791299960.663284,261.119389,154.143,2.8,0.0,0,0
traffic_light,off,1272,1791299960.863394,261.319320,154.612,2.53,0.0,0,0
traffic_light,off,1273,1791299961.063798,261.519252,154.322,3.28,0.0,0,0
traffic_light,off,1274,1791299961.262947,261.719183,154.142,2.67,0.0,0,0
traffic_light,off,1275,1791299961.463063,261.919114,154.33,2.67,0.0,0,0
traffic_light,off,1276,1791299961.662577,262.119045,153.88,2.7,0.0,0,0
traffic_light,off,1277,1791299961.863414,262.318977,154.67,2.82,0.0,0,0
traffic_light,off,1278,1791299962.061231,262.518908,153.463,1.94,0.0,0,0
traffic_light,off,1279,1791299962.262966,262.718839,154.413,2.74,0.0,0,0
traffic_light,off,1280,1791299962.462567,262.918771,153.975,2.86,0.0,0,0
traffic_light,off,1281,1791299962.662395,263.118702,153.917,2.84,0.0,0,0
traffic_light,off,1282,1791299962.863007,263.318633,154.585,2.85,0.0,0,0
traffic_light,off,1283,1791299963.061815,263.518565,153.437,2.88,0.0,0,0
traffic_light,off,1284,1791299963.262435,263.718496,154.137,2.87,0.0,0,0
traffic_light,off,1285,1791299963.462190,263.918427,154.031,2.79,0.0,0,0
traffic_light,off,1286,1791299963.661957,264.118359,154.471,2.19,0.0,0,0
traffic_light,off,1287,1791299963.862490,264.318290,154.513,2.78,0.0,0,0
traffic_light,off,1288,1791299964.061298,264.518221,153.801,2.34,0.0,0,0
traffic_light,off,1289,1791299964.261544,264.718153,154.159,2.27,0.0,0,0
traffic_light,off,1290,1791299964.462239,264.918084,154.361,2.86,0.0,0,0
traffic_light,off,1291,1791299964.661163,265.118015,154.036,2.17,0.0,0,0
traffic_light,off,1292,1791299964.862537,265.317946,154.866,2.79,0.0,0,0
traffic_light,off,1293,1791299965.062052,265.517878,154.372,2.86,0.0,0,0
traffic_light,off,1294,1791299965.261858,265.717809,154.42,2.69,0.0,0,0
traffic_light,off,1295,1791299965.461263,265.917740,154.343,2.28,0.0,0,0
traffic_light,off,1296,1791299965.661603,266.117672,154.267,2.68,0.0,0,0
traffic_light,off,1297,1791299965.861617,266.317603,154.403,2.67,0.0,0,0
traffic_light,off,1298,1791299966.061177,266.517535,153.833,2.87,0.0,0,0
traffic_light,off,1299,1791299966.261546,266.717466,154.313,2.8,0.0,0,0
traffic_light,off,1300,1791299966.461168,266.917397,154.058,2.77,0.0,0,0
traffic_light,off,1301,1791299966.660808,267.117329,153.703,2.84,0.0,0,0
traffic_light,off,1302,1791299966.861242,267.317260,154.276,2.79,0.0,0,0
traffic_light,off,1303,1791299967.060693,267.517191,153.377,3.16,0.0,0,0
traffic_light,off,1304,1791299967.261298,267.717122,154.48,2.76,0.0,0,0
traffic_light,off,1305,1791299967.460456,267.917054,153.679,2.79,0.0,0,0
traffic_light,off,1306,1791299967.659775,268.116985,153.834,2.05,0.0,0,0
traffic_light,off,1307,1791299967.860481,268.316916,154.69,1.96,0.0,0,0
traffic_light,off,1308,1791299968.061005,268.516848,154.416,2.8,0.0,0,0
traffic_light,off,1309,1791299968.260173,268.716779,154.556,1.92,0.0,0,0
traffic_light,off,1310,1791299968.460091,268.916711,154.313,2.16,0.0,0,0
traffic_light,off,1311,1791299968.660419,269.116642,154.196,2.64,0.0,0,0
traffic_light,off,1312,1791299968.860234,269.316573,154.862,1.89,0.0,0,0
traffic_light,off,1313,1791299969.061193,269.516504,155.154,2.59,0.0,0,0
traffic_light,off,1314,1791299969.260907,269.716436,154.658,2.88,0.0,0,0
traffic_light,off,1315,1791299969.460428,269.916367,154.566,2.53,0.0,0,0
traffic_light,off,1316,1791299969.659863,270.116298,154.294,2.36,0.0,0,0
traffic_light,off,1317,1791299969.859499,270.316230,154.383,1.98,0.0,0,0
traffic_light,off,1318,1791299970.060448,270.516161,154.565,2.81,0.0,0,0
traffic_light,off,1319,1791299970.258585,270.716092,153.532,2.07,0.0,0,0
traffic_light,off,1320,1791299970.459467,270.916024,154.344,2.18,0.0,0,0
traffic_light,off,1321,1791299970.659810,271.115955,153.614,3.32,0.0,0,0
traffic_light,off,1322,1791299970.859039,271.315886,154.365,1.9,0.0,0,0
traffic_light,off,1323,1791299971.059383,271.515818,154.338,2.35,0.0,0,0
traffic_light,off,1324,1791299971.259265,271.715749,153.812,2.78,0.0,0,0
traffic_light,off,1325,1791299971.459272,271.915680,153.921,2.76,0.0,0,0
traffic_light,off,1326,1791299971.659787,272.115611,154.407,2.86,0.0,0,0
traffic_light,off,1327,1791299971.858806,272.315543,154.306,2.07,0.0,0,0
traffic_light,off,1328,1791299972.059068,272.515474,153.958,2.72,0.0,0,0
traffic_light,off,1329,1791299972.257446,272.715405,153.05,2.12,0.0,0,0
traffic_light,off,1330,1791299972.459857,272.915337,154.704,2.9,0.0,0,0
traffic_light,off,1331,1791299972.658230,273.115268,153.292,2.75,0.0,0,0
traffic_light,off,1332,1791299972.858571,273.315200,154.401,2.07,0.0,0,0
traffic_light,off,1333,1791299973.059321,273.515131,154.513,2.74,0.0,0,0
traffic_light,off,1334,1791299973.258296,273.715062,154.091,2.23,0.0,0,0
traffic_light,off,1335,1791299973.458559,273.914993,154.027,2.61,0.0,0,0
traffic_light,off,1336,1791299973.659168,274.114925,154.508,2.82,0.0,0,0
traffic_light,off,1337,1791299973.858716,274.314856,154.22,2.73,0.0,0,0
traffic_light,off,1338,1791299974.058570,274.514787,154.236,2.62,0.0,0,0
traffic_light,off,1339,1791299974.258382,274.714719,154.033,2.72,0.0,0,0
traffic_light,off,1340,1791299974.458332,274.914650,154.324,2.47,0.0,0,0
traffic_light,off,1341,1791299974.658574,275.114581,154.409,2.65,0.0,0,0
traffic_light,off,1342,1791299974.858695,275.314513,154.778,2.52,0.0,0,0
traffic_light,off,1343,1791299975.058002,275.514444,154.073,2.6,0.0,0,0
traffic_light,off,1344,1791299975.258321,275.714375,154.384,2.65,0.0,0,0
traffic_light,off,1345,1791299975.456750,275.914307,153.942,1.65,0.0,0,0
traffic_light,off,1346,1791299975.658213,276.114238,154.226,2.83,0.0,0,0
traffic_light,off,1347,1791299975.858557,276.314169,155.002,2.46,0.0,0,0
traffic_light,off,1348,1791299976.057340,276.514100,153.616,2.71,0.0,0,0
traffic_light,off,1349,1791299976.257887,276.714032,154.324,2.62,0.0,0,0
traffic_light,off,1350,1791299976.457302,276.913963,153.631,2.79,0.0,0,0
traffic_light,off,1351,1791299976.657787,277.113894,154.184,2.75,0.0,0,2
traffic_light,off,1352,1791299976.857606,277.313826,154.821,2.01,0.0,0,0
traffic_light,off,1353,1791299977.057294,277.513757,153.848,2.77,0.0,0,0
traffic_light,off,1354,1791299977.257899,277.713688,154.661,2.63,0.0,0,0
traffic_light,off,1355,1791299977.457398,277.913620,154.173,2.69,0.0,0,0
traffic_light,off,1356,1791299977.657146,278.113551,153.966,2.71,0.0,0,0
traffic_light,off,1357,1791299977.857897,278.313483,154.198,3.39,0.0,0,0
traffic_light,off,1358,1791299978.056729,278.513414,154.384,2.14,0.0,0,0
traffic_light,off,1359,1791299978.257777,278.713345,154.673,2.92,0.0,0,0
traffic_light,off,1360,1791299978.456758,278.913276,153.927,2.73,0.0,0,0
traffic_light,off,1361,1791299978.656317,279.113208,154.114,2.21,0.0,0,0
traffic_light,off,1362,1791299978.857251,279.313139,154.676,2.61,0.0,0,0
traffic_light,off,1363,1791299979.056784,279.513070,153.951,2.93,0.0,0,0
traffic_light,off,1364,1791299979.256544,279.713002,153.914,2.78,0.0,0,0
traffic_light,off,1365,1791299979.456839,279.912933,154.343,2.74,0.0,0,0
traffic_light,off,1366,1791299979.655865,280.112864,153.888,2.23,0.0,0,0
traffic_light,off,1367,1791299979.856977,280.312796,154.554,2.8,0.0,0,0
traffic_light,off,1368,1791299980.056214,280.512727,153.846,2.82,0.0,0,0
traffic_light,off,1369,1791299980.255970,280.712658,153.648,2.84,0.0,0,0
traffic_light,off,1370,1791299980.455782,280.912590,154.105,2.3,0.0,0,0
traffic_light,off,1371,1791299980.656064,281.112521,153.859,2.85,0.0,0,0
traffic_light,off,1372,1791299980.856445,281.312452,154.412,2.75,0.0,0,0
traffic_light,off,1373,1791299981.055946,281.512384,153.928,2.81,0.0,0,0
traffic_light,off,1374,1791299981.255469,281.712315,153.483,2.85,0.0,0,0
traffic_light,off,1375,1791299981.456456,281.912246,154.551,2.83,0.0,0,0
traffic_light,off,1376,1791299981.655449,282.112177,153.615,2.83,0.0,0,0
traffic_light,off,1377,1791299981.855972,282.312109,154.207,2.83,0.0,0,0
traffic_light,off,1378,1791299982.055997,282.512040,154.275,2.85,0.0,0,0
traffic_light,off,1379,1791299982.255580,282.711972,154.069,2.69,0.0,0,0
traffic_light,off,1380,1791299982.454875,282.911903,154.056,2.13,0.0,0,0
traffic_light,off,1381,1791299982.655149,283.111834,153.66,2.82,0.0,0,0
traffic_light,off,1382,1791299982.856322,283.311765,155.048,2.68,0.0,0,0
traffic_light,off,1383,1791299983.055455,283.511697,154.166,2.77,0.0,0,0
traffic_light,off,1384,1791299983.255572,283.711628,154.529,2.57,0.0,0,0
traffic_light,off,1385,1791299983.454653,283.911560,154.043,2.2,0.0,0,0
traffic_light,off,1386,1791299983.655274,284.111491,154.129,2.83,0.0,0,0
traffic_light,off,1387,1791299983.856353,284.311422,155.296,2.81,0.0,0,0
traffic_light,off,1388,1791299984.054851,284.511353,154.093,2.58,0.0,0,0
traffic_light,off,1389,1791299984.254319,284.711285,153.506,2.69,0.0,0,1
traffic_light,off,1390,1791299984.454743,284.911216,154.129,2.57,0.0,0,0
traffic_light,off,1391,1791299984.654130,285.111147,154.108,2.08,0.0,0,0
traffic_light,off,1392,1791299984.854861,285.311079,154.394,2.57,0.0,0,0
traffic_light,off,1393,1791299985.053702,285.511010,153.852,2.06,0.0,0,1
traffic_light,off,1394,1791299985.253622,285.710941,154.114,1.75,0.0,0,0
traffic_light,off,1395,1791299985.454818,285.910873,154.348,2.75,0.0,0,0
traffic_light,off,1396,1791299985.654050,286.110804,153.713,2.69,0.0,0,0
traffic_light,off,1397,1791299985.854672,286.310735,154.398,2.68,0.0,0,0
traffic_light,off,1398,1791299986.054388,286.510667,154.194,2.71,0.0,0,0
traffic_light,off,1399,1791299986.253835,286.710598,154.21,2.18,0.0,0,0
traffic_light,off,1400,1791299986.454214,286.910529,154.036,2.8,0.0,0,0
traffic_light,off,1401,1791299986.653270,287.110461,153.779,2.19,0.0,0,0
traffic_light,off,1402,1791299986.854555,287.310392,154.688,2.61,0.0,0,1
traffic_light,off,1403,1791299987.052983,287.510323,153.851,2.0,0.0,0,0
traffic_light,off,1404,1791299987.253248,287.710254,153.985,2.17,0.0,0,0
traffic_light,off,1405,1791299987.453734,287.910186,153.869,2.84,0.0,0,0
traffic_light,off,1406,1791299987.652850,288.110117,153.762,2.13,0.0,0,0
traffic_light,off,1407,1791299987.854954,288.310049,155.233,2.83,0.0,0,0
traffic_light,off,1408,1791299988.053792,288.509980,154.396,2.61,0.0,0,0
traffic_light,off,1409,1791299988.252618,288.709911,154.056,1.83,0.0,0,0
traffic_light,off,1410,1791299988.453782,288.909842,154.34,2.75,0.0,0,0
traffic_light,off,1411,1791299988.653318,289.109774,154.54,2.17,0.0,0,0
traffic_light,off,1412,1791299988.853708,289.309705,154.694,2.44,0.0,0,0
traffic_light,off,1413,1791299989.052986,289.509636,154.509,2.0,0.0,0,0
traffic_light,off,1414,1791299989.253452,289.709568,155.033,2.01,0.0,0,0
traffic_light,off,1415,1791299989.453456,289.909499,154.386,2.71,0.0,0,1
traffic_light,off,1416,1791299989.653809,290.109430,154.142,3.4,0.0,0,0
traffic_light,off,1417,1791299989.853168,290.309362,154.079,2.88,0.0,0,0
traffic_light,off,1418,1791299990.054050,290.509293,154.275,3.64,0.0,0,0
traffic_light,off,1419,1791299990.252338,290.709224,153.897,2.38,0.0,0,0
traffic_light,off,1420,1791299990.452342,290.909156,154.371,1.97,0.0,0,0
traffic_light,off,1421,1791299990.652553,291.109087,153.925,2.67,0.0,0,0
traffic_light,off,1422,1791299990.852827,291.309018,154.23,2.74,0.0,0,0
traffic_light,off,1423,1791299991.052406,291.508950,154.106,2.51,0.0,0,0
traffic_light,off,1424,1791299991.252020,291.708881,153.638,2.66,0.0,0,0
traffic_light,off,1425,1791299991.451389,291.908812,153.918,1.82,0.0,0,0
traffic_light,off,1426,1791299991.652212,292.108743,154.414,2.21,0.0,0,0
traffic_light,off,1427,1791299991.852067,292.308675,153.912,2.64,0.0,0,0
traffic_light,off,1428,1791299992.052226,292.508606,154.185,2.59,0.0,0,0
traffic_light,off,1429,1791299992.250684,292.708538,153.465,1.84,0.0,0,0
traffic_light,off,1430,1791299992.451997,292.908469,154.44,2.26,0.0,0,3
traffic_light,off,1431,1791299992.652182,293.108400,154.038,2.87,0.0,0,2
traffic_light,off,1432,1791299992.851482,293.308331,153.52,2.76,0.0,0,2
traffic_light,off,1433,1791299993.052217,293.508263,154.174,2.92,0.0,0,2
traffic_light,off,1434,1791299993.251960,293.708194,154.051,2.87,0.0,0,0
traffic_light,off,1435,1791299993.451152,293.908126,153.942,2.4,0.0,0,0
traffic_light,off,1436,1791299993.651049,294.108057,153.869,2.44,0.0,0,0
traffic_light,off,1437,1791299993.851448,294.307988,153.736,3.03,0.0,0,0
traffic_light,off,1438,1791299994.051323,294.507919,154.41,2.34,0.0,0,0
traffic_light,off,1439,1791299994.251281,294.707851,153.88,2.86,0.0,0,0
traffic_light,off,1440,1791299994.451003,294.907782,154.388,2.17,0.0,0,0
traffic_light,off,1441,1791299994.651224,295.107714,153.88,2.94,0.0,0,0
traffic_light,off,1442,1791299994.851004,295.307645,153.711,2.96,0.0,0,0
traffic_light,off,1443,1791299995.051204,295.507576,154.03,2.91,0.0,0,0
traffic_light,off,1444,1791299995.251244,295.707507,154.093,2.96,0.0,0,0
traffic_light,off,1445,1791299995.450804,295.907439,153.86,2.82,0.0,0,0
traffic_light,off,1446,1791299995.651249,296.107370,154.292,2.9,0.0,0,0
traffic_light,off,1447,1791299995.851245,296.307301,154.303,2.96,0.0,0,0
traffic_light,off,1448,1791299996.050960,296.507233,154.214,2.83,0.0,0,0
traffic_light,off,1449,1791299996.250419,296.707164,153.707,2.86,0.0,0,0
traffic_light,off,1450,1791299996.450822,296.907096,154.268,2.77,0.0,0,0
traffic_light,off,1451,1791299996.650344,297.107027,153.662,2.97,0.0,0,0
traffic_light,off,1452,1791299996.849990,297.306958,154.106,2.26,0.0,0,0
traffic_light,off,1453,1791299997.050159,297.506889,154.346,2.24,0.0,0,0
traffic_light,off,1454,1791299997.249641,297.706820,153.864,2.28,0.0,0,0
traffic_light,off,1455,1791299997.449771,297.906752,153.857,2.48,0.0,0,0
traffic_light,off,1456,1791299997.650205,298.106683,154.047,2.78,0.0,0,0
traffic_light,off,1457,1791299997.850167,298.306614,154.067,2.8,0.0,0,0
traffic_light,off,1458,1791299998.049474,298.506546,154.079,2.17,0.0,0,0
traffic_light,off,1459,1791299998.248929,298.706477,153.906,1.91,0.0,0,0
traffic_light,off,1460,1791299998.449688,298.906409,154.456,2.11,0.0,0,0
traffic_light,off,1461,1791299998.650383,299.106340,154.57,2.78,0.0,0,0
traffic_light,off,1462,1791299998.850350,299.306271,154.616,2.78,0.0,0,0
traffic_light,off,1463,1791299999.049385,299.506203,154.162,2.34,0.0,0,0
traffic_light,off,1464,1791299999.249959,299.706134,154.466,2.7,0.0,0,0
traffic_light,off,1465,1791299999.449509,299.906065,154.051,2.71,0.0,0,0
traffic_light,off,1466,1791299999.649923,300.105996,154.199,3.04,0.0,0,0
traffic_light,off,1467,1791299999.849708,300.305928,154.298,2.76,0.0,0,0
traffic_light,off,1468,1791300000.049122,300.505859,153.89,2.71,0.0,0,0
traffic_light,off,1469,1791300000.249267,300.705790,154.153,2.66,0.0,0,0
traffic_light,off,1470,1791300000.449583,300.905722,154.398,2.74,0.0,0,0
traffic_light,off,1471,1791300000.649357,301.105653,154.186,2.83,0.0,0,0
traffic_light,off,1472,1791300000.848741,301.305584,154.257,2.14,0.0,0,0
traffic_light,off,1473,1791300001.049044,301.505516,154.002,2.77,0.0,0,0
traffic_light,off,1474,1791300001.248177,301.705447,154.103,1.9,0.0,0,0
traffic_light,off,1475,1791300001.449945,301.905378,154.898,2.91,0.0,0,0
traffic_light,off,1476,1791300001.649016,302.105310,154.325,2.63,0.0,0,0
traffic_light,off,1477,1791300001.849333,302.305241,154.593,2.74,0.0,0,0
traffic_light,off,1478,1791300002.048914,302.505172,154.258,2.73,0.0,0,0
traffic_light,off,1479,1791300002.248128,302.705104,154.499,1.8,0.0,0,0
traffic_light,off,1480,1791300002.448571,302.905035,153.934,2.82,0.0,0,0
traffic_light,off,1481,1791300002.649004,303.104966,154.49,2.79,0.0,0,0
traffic_light,off,1482,1791300002.848556,303.304898,154.119,2.76,0.0,0,0
traffic_light,off,1483,1791300003.047919,303.504829,154.174,2.16,0.0,0,0
traffic_light,off,1484,1791300003.247555,303.704760,154.32,1.74,0.0,0,0
traffic_light,off,1485,1791300003.448403,303.904691,154.248,2.68,0.0,0,0
traffic_light,off,1486,1791300003.648667,304.104623,154.453,2.8,0.0,0,0
traffic_light,off,1487,1791300003.848623,304.304554,154.474,2.81,0.0,0,0
traffic_light,off,1488,1791300004.047417,304.504485,153.936,2.24,0.0,0,0
traffic_light,off,1489,1791300004.246959,304.704417,153.965,1.85,0.0,0,0
traffic_light,off,1490,1791300004.447635,304.904348,154.159,2.34,0.0,0,0
traffic_light,off,1491,1791300004.647217,305.104279,154.028,2.15,0.0,0,0
traffic_light,off,1492,1791300004.848220,305.304211,154.809,2.44,0.0,0,0
traffic_light,off,1493,1791300005.047986,305.504142,154.275,2.81,0.0,0,0
traffic_light,off,1494,1791300005.247241,305.704073,154.539,1.9,0.0,0,0
traffic_light,off,1495,1791300005.447396,305.904005,153.848,2.79,0.0,0,0
traffic_light,off,1496,1791300005.647229,306.103936,154.286,2.25,0.0,0,0
traffic_light,off,1497,1791300005.848179,306.303867,154.736,2.82,0.0,0,0
traffic_light,off,1498,1791300006.047107,306.503799,154.026,2.52,0.0,0,0
traffic_light,off,1499,1791300006.246745,306.703730,154.49,1.8,0.0,0,0
traffic_light,off,1500,1791300006.447641,306.903661,154.55,2.66,0.0,0,0
traffic_light,off,1501,1791300006.646149,307.103593,153.648,2.15,0.0,0,0
traffic_light,off,1502,1791300006.847250,307.303524,154.225,2.75,0.0,0,0
