t_s,seq,idx,label,label_name,confidence,xmin,ymin,xmax,ymax,cx_px,cy_px,w_px,h_px,area_ratio,angle_deg,x_mm,y_mm,z_mm,range_mm,bearing_deg,roi_x,roi_y,roi_w,roi_h,depth_lo_mm,depth_hi_mm
0.0,0,0,0,person,0.6123,0.55566,0.44401,0.99243,0.99892,396.3,207.8,223.6,159.8,0.24237,0.0,541.9,239.5,1488.7,1602.3,20.0,284.0,127.0,224.0,160.0,100,20000
0.0006,1,0,0,person,0.6113,0.55225,0.44444,0.99341,0.9987,395.7,207.8,225.9,159.6,0.24452,0.0,538.2,241.4,1488.7,1601.3,19.88,282.0,128.0,226.0,159.0,100,20000
0.0065,2,0,0,person,0.7227,0.47852,0.4401,0.9939,0.99924,376.9,207.3,263.9,161.0,0.28817,0.0,465.4,236.2,1479.6,1568.9,17.46,245.0,126.0,263.0,161.0,100,20000
0.0065,2,1,56,chair,0.5928,0.38306,0.8049,0.56592,0.99967,242.9,259.9,93.6,56.1,0.03562,0.0,-38.4,437.8,1494.5,1557.8,-1.47,196.0,231.0,93.0,56.0,100,20000
0.0779,3,0,0,person,0.689,0.47424,0.44032,0.9939,0.99946,375.8,207.3,266.1,161.0,0.29056,0.0,447.7,230.0,1440.9,1526.3,17.26,242.0,126.0,266.0,161.0,100,20000
0.0779,3,1,56,chair,0.625,0.38385,0.80414,0.56555,0.99978,243.0,259.8,93.0,56.3,0.03555,0.0,-38.2,435.1,1485.3,1548.2,-1.47,196.0,231.0,93.0,56.0,100,20000
0.1229,4,0,0,person,0.6699,0.52148,0.4401,0.99597,0.99913,388.5,207.2,242.9,161.0,0.26525,0.0,516.1,239.7,1501.4,1605.6,18.97,267.0,126.0,242.0,161.0,100,20000
0.1229,4,1,56,chair,0.5732,0.38336,0.80425,0.5661,0.99967,243.1,259.8,93.6,56.3,0.03571,0.0,-38.6,440.5,1503.8,1567.5,-1.47,196.0,231.0,93.0,56.0,100,20000
0.222,5,0,0,person,0.7051,0.50854,0.44076,0.99792,0.99924,385.7,207.4,250.6,160.8,0.27331,0.0,508.2,241.3,1512.0,1613.3,18.58,260.0,126.0,250.0,161.0,100,20000
0.2532,6,0,0,person,0.5767,0.35059,0.41037,0.99341,0.99881,344.1,202.9,329.1,169.5,0.37826,0.0,353.0,228.7,1530.0,1586.8,12.99,179.0,118.0,329.0,169.0,100,20000
0.2739,7,0,0,person,0.7817,0.33936,0.36111,0.99121,0.99881,340.6,195.8,333.7,183.7,0.41568,0.0,344.1,204.2,1550.9,1601.7,12.51,173.0,104.0,334.0,183.0,100,20000
0.4146,9,0,0,person,0.5347,0.11841,0.44097,0.979,0.99902,280.9,207.4,440.6,160.7,0.48025,0.0,175.1,398.0,2473.5,2511.4,4.05,60.0,127.0,441.0,160.0,100,20000
0.4163,10,0,0,person,0.8628,0.11548,0.4668,0.71228,0.99967,211.9,211.2,305.6,153.5,0.31802,0.0,-100.1,162.8,958.9,977.8,-5.96,59.0,134.0,305.0,153.0,100,20000
0.4562,12,0,0,person,0.5542,0.15942,0.48047,0.75598,0.99957,234.3,213.1,305.4,149.5,0.30967,0.0,-82.4,304.7,1742.9,1771.3,-2.71,81.0,138.0,306.0,149.0,100,20000
0.5522,14,0,0,person,0.9175,0.1792,0.42122,0.77466,0.99978,244.2,204.6,304.9,166.6,0.34451,0.0,-39.7,262.6,1713.5,1734.0,-1.33,91.0,121.0,305.0,166.0,100,20000
0.5856,15,0,0,person,0.8989,0.18188,0.40451,0.7489,0.99967,238.3,202.2,290.3,171.4,0.33747,0.0,-56.9,225.3,1533.7,1551.2,-2.12,93.0,116.0,290.0,171.0,100,20000
0.6098,17,0,0,person,0.9072,0.20093,0.35503,0.75842,0.99913,245.6,195.0,285.4,185.5,0.35908,0.0,-32.3,215.3,1667.5,1681.7,-1.11,102.0,102.0,286.0,185.0,100,20000
0.667,18,0,0,person,0.8799,0.18921,0.37977,0.77014,0.99891,245.6,198.5,297.4,178.3,0.35968,0.0,-32.3,230.2,1667.5,1683.6,-1.11,96.0,109.0,298.0,178.0,100,20000
0.6826,20,0,0,person,0.7954,0.23169,0.41254,0.79663,0.99935,263.2,203.3,289.2,169.0,0.33151,0.0,55.8,332.6,2225.3,2250.7,1.44,118.0,118.0,289.0,169.0,100,20000
0.7673,21,0,0,person,0.8042,0.28833,0.45074,0.91187,0.99946,307.3,208.8,319.3,158.0,0.34215,0.0,352.8,421.5,2579.3,2637.2,7.79,147.0,129.0,319.0,158.0,100,20000
0.8037,23,0,0,person,0.7441,0.44592,0.51562,0.9502,0.99935,357.4,218.2,258.2,139.3,0.24394,0.0,684.5,484.4,2582.8,2715.5,14.84,228.0,148.0,258.0,139.0,100,20000
0.8037,23,1,0,person,0.564,0.00659,0.0026,0.48096,0.99935,124.8,144.3,242.9,287.1,0.47283,0.0,-410.7,-0.5,1262.7,1327.8,-18.02,3.0,0.0,243.0,287.0,100,20000
0.8037,23,2,56,chair,0.5376,0.35806,0.82086,0.47122,0.99919,212.3,262.1,57.9,51.4,0.02018,0.0,-466.0,1352.3,4518.4,4739.4,-5.89,183.0,236.0,58.0,51.0,100,20000
0.8178,24,0,0,person,0.6787,0.41211,0.52604,0.99023,0.99891,359.0,219.6,296.0,136.2,0.27338,0.0,689.3,488.4,2552.0,2688.2,15.12,211.0,151.0,296.0,136.0,100,20000
0.8699,25,0,0,person,0.7036,0.375,0.53754,0.83264,0.99891,309.2,221.2,234.3,132.9,0.21114,0.0,352.7,480.9,2464.0,2535.1,8.15,192.0,154.0,234.0,133.0,100,20000
0.9214,27,0,0,person,0.6025,0.37817,0.54492,0.97046,0.99935,345.2,222.4,303.3,130.9,0.26915,0.0,589.1,499.3,2525.3,2640.7,13.13,193.0,156.0,303.0,131.0,100,20000
0.9689,28,0,0,person,0.6455,0.37061,0.54427,0.96582,0.99946,342.1,222.3,304.7,131.1,0.27093,0.0,555.3,486.5,2460.9,2569.3,12.72,189.0,156.0,305.0,131.0,100,20000
1.0171,29,0,0,person,0.6636,0.375,0.52105,0.854,0.99913,314.6,218.9,245.2,137.7,0.229,0.0,144.4,174.7,919.2,946.7,8.93,192.0,150.0,245.0,137.0,100,20000
1.0171,29,1,0,person,0.5352,0.00525,0.00217,0.42053,0.99978,109.0,144.3,212.6,287.3,0.41429,0.0,-260.1,-0.3,710.9,757.0,-20.1,2.0,0.0,213.0,287.0,100,20000
1.0471,31,0,0,person,0.6943,0.41101,0.50738,0.88708,0.99924,332.3,217.0,243.7,141.7,0.23416,0.0,256.5,235.5,1272.7,1319.5,11.39,210.0,146.0,244.0,141.0,100,20000
1.0471,31,1,0,person,0.54,0.00525,-0.00043,0.43677,0.99957,113.2,143.9,220.9,288.0,0.43152,0.0,-258.6,-0.3,727.0,771.6,-19.58,2.0,0.0,221.0,287.0,100,20000
1.0471,31,2,56,chair,0.5288,0.3042,0.79156,0.43738,0.99967,189.8,257.9,68.2,59.9,0.02772,0.0,-102.6,182.8,635.1,668.8,-9.18,155.0,227.0,68.0,60.0,100,20000
1.1121,32,0,56,chair,0.668,0.31329,0.79416,0.44586,0.99967,194.3,258.3,67.9,59.2,0.02724,0.0,-364.4,707.9,2448.4,2574.6,-8.47,160.0,228.0,68.0,59.0,100,20000
1.1121,32,1,0,person,0.6475,0.41077,0.50499,0.86938,0.99902,327.7,216.6,234.8,142.3,0.22657,0.0,415.4,401.5,2185.0,2260.1,10.76,210.0,145.0,235.0,142.0,100,20000
1.1121,32,2,56,chair,0.5825,0.34906,0.76541,0.44958,0.86013,204.5,234.1,51.5,27.3,0.00952,0.0,-111.4,206.0,902.8,932.7,-7.03,178.0,220.0,52.0,27.0,100,20000
1.1503,33,0,56,chair,0.6948,0.31482,0.79405,0.4505,0.99967,195.9,258.3,69.5,59.2,0.0279,0.0,-464.0,925.1,3199.6,3362.8,-8.25,161.0,228.0,69.0,59.0,100,20000
1.1503,33,1,0,person,0.6865,0.422,0.50499,0.91113,0.99935,341.3,216.6,250.4,142.4,0.24181,0.0,557.2,456.2,2483.1,2585.4,12.65,216.0,145.0,250.0,142.0,100,20000
1.1503,33,2,56,chair,0.5742,0.35336,0.76595,0.45255,0.87093,206.3,235.7,50.8,30.2,0.01041,0.0,-89.7,174.0,750.1,775.2,-6.82,180.0,220.0,51.0,30.0,100,20000
1.1821,35,0,56,chair,0.6699,0.31259,0.79557,0.4494,0.99946,195.1,258.5,70.0,58.7,0.02789,0.0,-489.2,971.1,3343.8,3516.2,-8.32,160.0,229.0,70.0,58.0,100,20000
1.1821,35,1,0,person,0.6694,0.44019,0.50803,0.97803,0.99913,363.1,217.0,275.4,141.4,0.26413,0.0,685.7,454.7,2457.8,2591.9,15.59,225.0,146.0,275.0,141.0,100,20000
1.1821,35,2,56,chair,0.5566,0.35272,0.76798,0.4519,0.87006,206.0,235.9,50.8,29.4,0.01012,0.0,-85.0,165.6,710.1,734.1,-6.83,180.0,221.0,51.0,29.0,100,20000
1.2167,36,0,0,person,0.6665,0.43555,0.50825,0.97461,0.99924,361.0,217.1,276.0,141.4,0.26467,0.0,681.5,458.2,2476.7,2609.3,15.39,223.0,146.0,276.0,141.0,100,20000
1.2167,36,1,56,chair,0.6489,0.30771,0.79546,0.4472,0.99957,193.3,258.5,71.4,58.8,0.02847,0.0,-104.9,199.5,687.1,723.1,-8.68,157.0,229.0,71.0,58.0,100,20000
1.2167,36,2,56,chair,0.54,0.35306,0.76845,0.45059,0.87288,205.7,236.4,49.9,30.1,0.01019,0.0,-1295.9,2513.9,10718.6,11085.5,-6.89,180.0,221.0,50.0,30.0,100,20000
1.2167,36,3,62,tv,0.5137,0.81665,0.65072,0.94818,0.72865,451.8,198.6,67.3,22.4,0.01025,0.0,1510.4,412.9,2991.2,3376.3,26.79,418.0,187.0,67.0,22.0,100,20000
1.2751,37,0,0,person,0.6597,0.42505,0.50977,0.91772,0.99946,343.7,217.3,252.2,141.0,0.24126,0.0,555.5,447.9,2420.8,2523.8,12.92,217.0,146.0,252.0,141.0,100,20000
1.2751,37,1,56,chair,0.6377,0.30881,0.79568,0.44751,0.99946,193.6,258.5,71.0,58.7,0.02826,0.0,-97.1,187.9,647.0,680.7,-8.54,158.0,229.0,71.0,58.0,100,20000
1.2751,37,2,56,chair,0.5317,0.35229,0.76899,0.45047,0.87169,205.5,236.3,50.3,29.6,0.01008,0.0,-78.2,151.7,647.0,669.1,-6.89,180.0,221.0,50.0,30.0,100,20000
1.2751,37,3,0,person,0.5249,0.00586,0.00043,0.44434,0.99935,115.3,144.0,224.5,287.7,0.43801,0.0,-288.2,-0.3,824.9,873.8,-19.26,3.0,0.0,224.0,287.0,100,20000
1.2751,37,4,62,tv,0.5088,0.8161,0.65177,0.94897,0.72854,451.9,198.8,68.0,22.1,0.0102,0.0,1747.8,479.0,3470.0,3914.7,26.73,417.0,187.0,68.0,22.0,100,20000
1.2967,39,0,56,chair,0.6528,0.31519,0.79796,0.45404,0.99935,196.9,258.8,71.1,58.0,0.02796,0.0,-90.5,184.4,635.1,667.5,-8.11,161.0,229.0,71.0,58.0,100,20000
1.2967,39,1,0,person,0.6323,0.43457,0.51194,0.9707,0.99891,359.7,217.6,274.5,140.2,0.26108,0.0,661.0,453.8,2436.0,2564.6,15.18,222.0,147.0,275.0,140.0,100,20000
1.3827,40,0,0,person,0.6748,0.43555,0.51714,0.98535,0.99924,363.8,218.4,281.5,138.8,0.26506,0.0,682.3,454.6,2423.8,2558.7,15.72,223.0,148.0,281.0,139.0,100,20000
1.3827,40,1,56,chair,0.5938,0.31586,0.80349,0.4563,0.99957,197.7,259.6,71.9,56.5,0.02754,0.0,-92.8,192.4,656.9,690.8,-8.04,161.0,231.0,72.0,56.0,100,20000
1.3827,40,2,56,chair,0.5205,0.35529,0.77574,0.45772,0.88053,208.1,238.5,52.4,30.2,0.01073,0.0,-75.4,157.7,658.0,680.8,-6.54,181.0,223.0,53.0,30.0,100,20000
1.4064,42,0,0,person,0.6348,0.43921,0.51823,0.98682,0.99924,365.1,218.5,280.4,138.5,0.26341,0.0,686.8,456.5,2417.7,2554.5,15.86,224.0,149.0,281.0,138.0,100,20000
1.4064,42,1,56,chair,0.6235,0.31024,0.80458,0.45514,0.99935,195.9,259.8,74.2,56.1,0.02822,0.0,-94.4,190.7,650.9,684.8,-8.25,158.0,231.0,75.0,56.0,100,20000
1.4064,42,2,56,chair,0.5195,0.35968,0.77683,0.45898,0.88118,209.6,238.8,50.8,30.1,0.01036,0.0,-71.6,156.7,654.0,676.3,-6.25,184.0,223.0,51.0,30.0,100,20000
1.4426,43,0,0,person,0.6587,0.42944,0.51845,0.98779,0.99913,362.8,218.5,285.9,138.4,0.26839,0.0,675.7,459.4,2433.0,2566.5,15.52,219.0,149.0,286.0,138.0,100,20000
1.4426,43,1,56,chair,0.6035,0.30972,0.80404,0.45496,0.99946,195.8,259.7,74.4,56.3,0.02838,0.0,-96.3,192.8,658.0,692.4,-8.33,158.0,231.0,74.0,56.0,100,20000
1.4426,43,2,56,chair,0.5225,0.35992,0.77732,0.45894,0.88287,209.6,239.1,50.7,30.4,0.01045,0.0,-73.4,159.7,663.0,685.9,-6.32,184.0,223.0,50.0,31.0,100,20000
1.4883,45,0,56,chair,0.6367,0.30743,0.80469,0.45496,0.99951,195.2,259.8,75.5,56.1,0.02874,0.0,-96.3,191.3,652.9,687.1,-8.39,157.0,231.0,75.0,56.0,100,20000
1.4883,45,1,0,person,0.6216,0.37769,0.5191,0.9126,0.99891,330.3,218.6,273.9,138.2,0.25666,0.0,477.4,458.8,2429.9,2518.5,11.12,193.0,149.0,274.0,138.0,100,20000
1.4883,45,2,56,chair,0.5371,0.3576,0.7781,0.45892,0.88303,209.0,239.2,51.9,30.2,0.01063,0.0,-72.7,157.1,649.0,671.7,-6.39,183.0,224.0,51.0,30.0,100,20000
1.5463,46,0,56,chair,0.6196,0.30661,0.80469,0.4549,0.9994,194.9,259.8,75.9,56.1,0.02887,0.0,-98.4,193.6,661.0,695.8,-8.47,156.0,231.0,76.0,56.0,100,20000
1.5463,46,1,0,person,0.6191,0.36548,0.51953,0.91748,0.99902,328.4,218.7,282.6,138.1,0.26468,0.0,464.5,458.2,2426.9,2513.1,10.84,187.0,149.0,282.0,138.0,100,20000
1.5463,46,2,56,chair,0.5098,0.35693,0.77791,0.4585,0.88449,208.8,239.4,52.0,30.7,0.01083,0.0,-72.6,155.2,641.0,663.5,-6.46,182.0,224.0,52.0,30.0,100,20000
1.5888,47,0,56,chair,0.6528,0.30734,0.8049,0.45496,0.9994,195.1,259.8,75.6,56.0,0.02871,0.0,-95.2,189.0,645.1,678.9,-8.39,157.0,231.0,75.0,56.0,100,20000
1.5888,47,1,0,person,0.6411,0.43945,0.51997,0.98706,0.99935,365.2,218.8,280.4,138.1,0.26251,0.0,689.8,456.5,2417.7,2555.3,15.92,225.0,149.0,280.0,138.0,100,20000
1.5888,47,2,56,chair,0.5293,0.35699,0.77786,0.4593,0.88536,209.0,239.5,52.4,31.0,0.011,0.0,-71.1,153.8,635.1,657.3,-6.39,182.0,224.0,53.0,30.0,100,20000
1.6243,48,0,56,chair,0.6416,0.30692,0.8036,0.4552,0.99935,195.1,259.6,75.9,56.4,0.02903,0.0,-94.1,188.3,642.9,676.5,-8.33,157.0,231.0,76.0,56.0,100,20000
1.6243,48,1,0,person,0.6323,0.43921,0.51953,0.9856,0.99924,364.8,218.7,279.8,138.2,0.26211,0.0,682.8,456.0,2414.7,2550.5,15.79,224.0,149.0,280.0,138.0,100,20000
1.6243,48,2,56,chair,0.522,0.35962,0.77745,0.45924,0.88194,209.6,239.0,51.0,30.1,0.01041,0.0,-70.9,156.1,648.1,670.4,-6.24,184.0,223.0,51.0,31.0,100,20000
1.6711,50,0,0,person,0.6235,0.41492,0.51953,0.92432,0.99924,342.8,218.7,260.8,138.2,0.24436,0.0,544.9,450.9,2387.8,2490.3,12.85,212.0,149.0,261.0,138.0,100,20000
1.6711,50,1,56,chair,0.6118,0.31143,0.80425,0.4549,0.99957,196.2,259.8,73.5,56.3,0.02802,0.0,-94.3,190.4,650.0,683.8,-8.25,159.0,231.0,73.0,56.0,100,20000
1.6711,50,2,56,chair,0.5327,0.35999,0.77732,0.45966,0.88346,209.8,239.2,51.0,30.6,0.01058,0.0,-70.0,153.9,639.1,661.1,-6.25,184.0,223.0,51.0,31.0,100,20000
1.7343,52,0,56,chair,0.6475,0.30527,0.80414,0.45496,0.99946,194.6,259.7,76.6,56.3,0.02924,0.0,-94.5,186.0,635.1,668.5,-8.46,156.0,231.0,76.0,56.0,100,20000
1.7343,52,1,0,person,0.6206,0.38354,0.51931,0.92065,0.99891,333.9,218.6,275.0,138.1,0.2576,0.0,489.1,449.8,2381.9,2472.8,11.6,196.0,149.0,275.0,138.0,100,20000
1.7343,52,2,56,chair,0.5327,0.35815,0.77772,0.45934,0.88818,209.3,239.9,51.8,31.8,0.01118,0.0,-70.9,155.0,639.9,662.2,-6.32,183.0,223.0,52.0,32.0,100,20000
1.7572,53,0,56,chair,0.666,0.30106,0.8036,0.45526,0.99957,193.6,259.7,79.0,56.4,0.03022,0.0,-97.4,190.1,649.0,683.2,-8.54,154.0,231.0,79.0,56.0,100,20000
1.7572,53,1,0,person,0.6113,0.39099,0.51975,0.91284,0.99902,333.8,218.7,267.2,138.0,0.25011,0.0,494.6,454.8,2408.7,2500.7,11.6,200.0,149.0,267.0,138.0,100,20000
1.7572,53,2,56,chair,0.5225,0.35846,0.77791,0.45894,0.88596,209.3,239.6,51.4,31.1,0.01086,0.0,-72.6,157.8,648.1,671.0,-6.39,183.0,224.0,51.0,31.0,100,20000
1.8143,54,0,56,chair,0.7598,0.29498,0.80349,0.45508,0.99967,192.0,259.7,82.0,56.5,0.03141,0.0,-98.8,188.1,642.0,676.2,-8.75,151.0,231.0,82.0,56.0,100,20000
1.8143,54,1,0,person,0.6094,0.44458,0.52062,0.98901,0.99935,367.0,218.9,278.7,137.9,0.26063,0.0,697.3,455.4,2411.7,2551.5,16.13,227.0,149.0,279.0,138.0,100,20000
1.8143,54,2,56,chair,0.5112,0.35858,0.7777,0.4593,0.88585,209.4,239.6,51.6,31.1,0.01089,0.0,-71.1,155.5,642.0,664.4,-6.32,183.0,223.0,52.0,32.0,100,20000
1.863,55,0,56,chair,0.7896,0.28723,0.80371,0.45459,0.99995,189.9,259.7,85.7,56.5,0.03284,0.0,-103.9,189.9,648.1,683.3,-9.11,147.0,231.0,85.0,56.0,100,20000
1.863,55,1,0,person,0.6025,0.38147,0.51845,0.9082,0.99902,330.2,218.5,269.7,138.4,0.25313,0.0,471.4,453.1,2399.7,2487.2,11.11,195.0,149.0,270.0,138.0,100,20000
1.863,55,2,56,chair,0.5493,0.35889,0.77756,0.4593,0.88471,209.5,239.4,51.4,30.9,0.01076,0.0,-72.2,157.1,652.0,674.5,-6.32,183.0,223.0,52.0,31.0,100,20000
1.9187,56,0,56,chair,0.7964,0.28015,0.80447,0.45441,0.99978,188.0,259.8,89.2,56.2,0.03403,0.0,-110.6,196.0,669.0,705.8,-9.39,143.0,231.0,89.0,56.0,100,20000
1.9187,56,1,0,person,0.6802,0.43701,0.51758,0.98242,0.99924,363.4,218.4,279.2,138.7,0.2627,0.0,676.7,456.0,2414.7,2548.8,15.66,223.0,149.0,280.0,138.0,100,20000
1.9187,56,2,56,chair,0.5649,0.36023,0.77745,0.45949,0.88444,209.8,239.3,50.8,30.8,0.01062,0.0,-77.7,171.1,710.1,734.5,-6.24,184.0,223.0,51.0,31.0,100,20000
1.9527,58,0,56,chair,0.6479,0.28613,0.80469,0.45471,0.99995,189.7,259.9,86.3,56.2,0.03292,0.0,-103.4,187.5,639.9,674.8,-9.18,146.0,231.0,86.0,56.0,100,20000
1.9527,58,1,0,person,0.6104,0.39795,0.50955,0.90845,0.99902,334.4,217.2,261.4,141.0,0.24987,0.0,488.5,437.4,2364.4,2453.6,11.67,203.0,146.0,262.0,141.0,100,20000
1.9527,58,2,56,chair,0.5728,0.36169,0.77737,0.45924,0.88574,210.2,239.5,49.9,31.2,0.01057,0.0,-69.5,155.5,642.0,664.2,-6.18,185.0,223.0,50.0,32.0,100,20000
1.9871,59,0,0,person,0.7241,0.00647,0.00347,0.46155,0.99913,119.8,144.4,233.0,286.8,0.4531,0.0,-291.4,0.8,862.1,910.0,-18.68,3.0,1.0,233.0,286.0,100,20000
1.9871,59,1,0,person,0.6602,0.44727,0.50803,0.91138,0.99935,347.8,217.1,237.6,141.5,0.22803,0.0,575.2,441.8,2387.8,2495.5,13.54,229.0,146.0,237.0,141.0,100,20000
1.9871,59,2,56,chair,0.585,0.35791,0.77783,0.45964,0.88574,209.3,239.6,52.1,31.1,0.01098,0.0,-71.5,157.2,645.9,668.6,-6.32,183.0,224.0,52.0,31.0,100,20000
1.9871,59,3,56,chair,0.5391,0.31049,0.80501,0.4563,0.99973,196.3,259.9,74.7,56.1,0.02839,0.0,-98.8,199.5,681.0,716.5,-8.25,158.0,231.0,75.0,56.0,100,20000
2.0225,60,0,0,person,0.7515,0.00513,-0.00391,0.45703,0.99913,118.3,143.3,231.4,288.9,0.45327,0.0,-326.4,-0.4,955.1,1009.3,-18.87,2.0,-1.0,232.0,288.0,100,20000
2.0225,60,1,0,person,0.7139,0.43958,0.50326,0.92603,0.99935,349.6,216.4,249.1,142.9,0.24132,0.0,593.2,440.1,2411.7,2522.3,13.82,225.0,144.0,249.0,143.0,100,20000
2.066,62,0,0,person,0.7969,0.43726,0.50282,0.91919,0.99935,347.3,216.3,246.7,143.0,0.23929,0.0,574.1,439.5,2408.7,2514.9,13.41,223.0,144.0,247.0,143.0,100,20000
2.066,62,1,0,person,0.5259,0.00269,-0.00087,0.48535,0.99891,124.9,143.7,247.1,287.9,0.48255,0.0,-559.8,-0.7,1721.1,1809.9,-18.02,1.0,0.0,247.0,287.0,100,20000
2.066,62,2,0,person,0.521,0.00635,0.00347,0.98828,0.99957,254.6,144.4,502.7,286.9,0.9781,0.0,11.6,2.2,2436.0,2436.0,0.27,3.0,1.0,503.0,286.0,100,20000
2.1021,64,0,0,person,0.7905,0.39209,0.49414,0.91577,0.99957,334.8,215.1,268.1,145.6,0.26468,0.0,383.3,333.8,1855.1,1923.5,11.67,200.0,142.0,268.0,145.0,100,20000
2.1021,64,1,0,person,0.7212,0.0083,0.03906,0.53857,0.99978,140.0,149.6,271.5,276.7,0.50944,0.0,-962.0,45.5,3349.6,3485.3,-16.02,4.0,11.0,271.0,276.0,100,20000
2.1647,65,0,0,person,0.52,0.41296,0.49349,0.89746,0.99957,335.5,215.0,248.1,145.8,0.2452,0.0,505.7,435.0,2417.7,2508.0,11.81,211.0,142.0,248.0,145.0,100,20000
2.1851,66,0,0,person,0.603,0.21558,0.4822,0.88916,0.99891,282.8,213.3,344.9,148.8,0.34805,0.0,62.7,144.4,825.9,840.8,4.34,110.0,138.0,345.0,149.0,100,20000
2.2193,67,0,0,person,0.7632,0.22876,0.48329,0.86987,0.99957,281.2,213.5,328.2,148.7,0.33099,0.0,114.0,278.5,1581.4,1609.8,4.12,117.0,139.0,328.0,148.0,100,20000
2.2693,69,0,56,chair,0.7939,0.22778,0.80702,0.45416,0.99951,174.6,260.1,115.9,55.4,0.04358,0.0,-1540.4,2270.6,7717.4,8190.6,-11.29,116.0,232.0,116.0,55.0,100,20000
2.2693,69,1,0,person,0.7578,0.37939,0.48459,0.88501,0.99924,323.7,213.7,258.9,148.2,0.26022,0.0,307.0,300.4,1705.9,1759.1,10.2,194.0,139.0,259.0,148.0,100,20000
2.2693,69,2,56,chair,0.5566,0.35901,0.77843,0.45891,0.88997,209.4,240.2,51.1,32.1,0.01114,0.0,-73.1,159.8,652.9,676.1,-6.39,183.0,224.0,51.0,32.0,100,20000
2.2693,69,3,56,chair,0.5024,0.24554,0.74984,0.36176,0.86399,155.5,232.4,59.5,32.9,0.01327,0.0,-637.6,573.9,2572.5,2711.8,-13.92,125.0,215.0,60.0,33.0,100,20000
2.3121,70,0,56,chair,0.8457,0.23206,0.8068,0.45355,0.99919,175.5,260.1,113.4,55.4,0.04261,0.0,-136.0,203.0,690.0,732.0,-11.15,118.0,232.0,114.0,55.0,100,20000
2.3121,70,1,0,person,0.625,0.35547,0.48394,0.88184,0.99957,316.8,213.6,269.5,148.5,0.27141,0.0,104.6,113.6,645.1,663.3,9.21,182.0,139.0,269.0,148.0,100,20000
2.3121,70,2,56,chair,0.6123,0.36011,0.77767,0.45854,0.88726,209.6,239.7,50.4,31.6,0.01079,0.0,-288.7,631.4,2607.2,2698.1,-6.32,184.0,223.0,50.0,32.0,100,20000
2.3121,70,3,56,chair,0.5513,0.24557,0.74989,0.36188,0.86144,155.5,232.0,59.6,32.1,0.01297,0.0,-4087.0,3679.1,16490.1,17382.8,-13.92,125.0,215.0,60.0,33.0,100,20000
2.387,71,0,56,chair,0.8462,0.23218,0.80566,0.45325,0.99935,175.5,259.9,113.2,55.8,0.04282,0.0,-130.8,195.3,663.9,704.3,-11.15,118.0,232.0,114.0,55.0,100,20000
2.387,71,1,0,person,0.7324,0.35291,0.48633,0.88501,0.99957,316.9,214.0,272.4,147.8,0.2731,0.0,308.0,336.9,1899.0,1953.1,9.21,180.0,140.0,273.0,147.0,100,20000
2.387,71,2,56,chair,0.6064,0.35986,0.77764,0.4583,0.88824,209.4,239.9,50.4,31.9,0.01089,0.0,-70.9,155.0,639.9,662.2,-6.32,184.0,223.0,50.0,32.0,100,20000
2.387,71,3,56,chair,0.5386,0.24551,0.75046,0.362,0.86111,155.5,232.1,59.6,31.9,0.01289,0.0,-659.6,597.1,2661.2,2806.0,-13.92,125.0,216.0,60.0,32.0,100,20000
2.4123,72,0,56,chair,0.8433,0.23206,0.80572,0.453,0.99924,175.4,259.9,113.1,55.7,0.04276,0.0,-184.9,274.2,932.1,989.0,-11.22,118.0,232.0,113.0,55.0,100,20000
2.4123,72,1,0,person,0.6499,0.36548,0.48806,0.88428,0.99935,319.9,214.2,265.6,147.3,0.26526,0.0,286.1,298.9,1685.0,1735.1,9.64,187.0,140.0,265.0,147.0,100,20000
2.4123,72,2,56,chair,0.6177,0.36053,0.77767,0.45816,0.88639,209.6,239.6,50.0,31.3,0.01061,0.0,-114.4,250.1,1032.8,1068.8,-6.32,184.0,223.0,50.0,32.0,100,20000
2.4123,72,3,56,chair,0.5601,0.24554,0.75062,0.36188,0.86068,155.5,232.0,59.6,31.7,0.0128,0.0,-256.0,230.4,1032.8,1088.7,-13.92,125.0,216.0,60.0,31.0,100,20000
2.4525,73,0,56,chair,0.8584,0.23303,0.80599,0.45282,0.99924,175.6,260.0,112.5,55.7,0.04247,0.0,-174.4,260.4,885.0,938.9,-11.15,119.0,232.0,112.0,55.0,100,20000
2.4525,73,1,0,person,0.6572,0.35657,0.48785,0.88281,0.99957,317.3,214.2,269.4,147.4,0.26929,0.0,257.9,279.8,1577.6,1622.8,9.28,182.0,140.0,270.0,147.0,100,20000
2.4525,73,2,56,chair,0.6025,0.36108,0.77778,0.45749,0.88894,209.6,240.0,49.4,32.0,0.01072,0.0,-205.6,454.4,1856.9,1922.7,-6.32,184.0,224.0,50.0,32.0,100,20000
2.4525,73,3,56,chair,0.5698,0.24557,0.74981,0.36176,0.86013,155.5,231.8,59.5,31.8,0.01282,0.0,-359.3,321.6,1449.5,1527.6,-13.92,125.0,215.0,60.0,32.0,100,20000
2.5371,75,0,56,chair,0.8535,0.23389,0.80669,0.45081,0.99935,175.3,260.1,111.1,55.5,0.04179,0.0,-184.7,274.0,931.2,988.1,-11.22,119.0,232.0,111.0,55.0,100,20000
2.5371,75,1,56,chair,0.5664,0.24539,0.75046,0.36182,0.85916,155.4,231.8,59.6,31.3,0.01266,0.0,-250.9,225.8,1012.2,1067.0,-13.92,125.0,216.0,60.0,31.0,100,20000
2.5371,75,2,0,person,0.5488,0.33179,0.48937,0.88416,0.99924,311.3,214.4,282.8,146.8,0.28164,0.0,247.2,298.4,1682.1,1726.2,8.36,169.0,140.0,283.0,147.0,100,20000
2.5371,75,3,56,chair,0.5435,0.36102,0.77851,0.4565,0.8922,209.3,240.6,48.9,32.7,0.01086,0.0,-218.3,476.9,1948.8,2018.1,-6.39,184.0,224.0,49.0,32.0,100,20000
2.5578,77,0,56,chair,0.8354,0.23096,0.80637,0.44769,0.99962,173.7,260.1,111.0,55.7,0.04188,0.0,-188.9,276.6,940.2,998.1,-11.36,118.0,232.0,111.0,55.0,100,20000
2.5578,77,1,56,chair,0.5952,0.36017,0.779,0.45679,0.88911,209.1,240.2,49.5,31.7,0.01064,0.0,-219.0,478.3,1954.8,2024.3,-6.39,184.0,224.0,49.0,32.0,100,20000
2.5578,77,2,56,chair,0.5776,0.24515,0.75043,0.36169,0.85509,155.4,231.2,59.7,30.1,0.0122,0.0,-482.0,431.5,1944.9,2049.7,-13.92,125.0,216.0,60.0,30.0,100,20000
2.5578,77,3,0,person,0.5195,0.30225,0.48915,0.87915,0.99913,302.4,214.3,295.4,146.9,0.29421,0.0,218.5,309.2,1742.9,1783.5,7.15,154.0,140.0,296.0,147.0,100,20000
2.589,78,0,56,chair,0.8306,0.22968,0.80648,0.44727,0.99924,173.3,260.0,111.4,55.5,0.04194,0.0,-190.8,277.7,943.9,1002.2,-11.43,117.0,232.0,112.0,55.0,100,20000
2.589,78,1,56,chair,0.5938,0.35974,0.77908,0.4566,0.8859,209.0,239.8,49.6,30.8,0.01035,0.0,-218.7,475.4,1952.8,2021.7,-6.39,184.0,224.0,49.0,31.0,100,20000
2.589,78,2,56,chair,0.5322,0.24496,0.75076,0.36151,0.84722,155.3,230.1,59.7,27.8,0.01124,0.0,-474.9,417.7,1915.9,2017.6,-13.92,125.0,216.0,60.0,27.0,100,20000
2.589,78,3,0,person,0.5132,0.30347,0.48785,0.8772,0.99913,302.3,214.1,293.7,147.2,0.29334,0.0,221.1,312.8,1763.6,1804.7,7.15,155.0,140.0,294.0,147.0,100,20000
2.6412,80,0,56,chair,0.8154,0.22784,0.80675,0.44244,0.99919,171.6,260.1,109.9,55.4,0.0413,0.0,-196.7,279.2,949.0,1008.6,-11.71,116.0,232.0,110.0,55.0,100,20000
2.6412,80,1,0,person,0.5229,0.25415,0.4885,0.86914,0.99902,287.6,214.2,314.9,147.0,0.31396,0.0,155.6,311.7,1757.1,1791.3,5.06,130.0,140.0,315.0,147.0,100,20000
2.6412,80,2,56,chair,0.5156,0.36111,0.77905,0.45795,0.8935,209.7,240.8,49.6,33.0,0.01108,0.0,-212.4,471.7,1917.8,1986.3,-6.32,184.0,224.0,50.0,33.0,100,20000
2.6618,81,0,56,chair,0.8164,0.22272,0.80745,0.43829,0.9994,169.2,260.2,110.4,55.3,0.04138,0.0,-207.6,287.7,977.9,1040.3,-11.99,114.0,232.0,110.0,55.0,100,20000
2.6618,81,1,56,chair,0.5088,0.36053,0.77911,0.45837,0.89643,209.6,241.3,50.1,33.8,0.01148,0.0,-216.0,482.3,1950.8,2021.1,-6.32,184.0,224.0,50.0,34.0,100,20000
2.6618,81,2,56,chair,0.5049,0.24579,0.75068,0.36151,0.83686,155.5,228.6,59.2,24.8,0.00997,0.0,-491.5,427.3,1982.9,2087.1,-13.92,125.0,216.0,60.0,25.0,100,20000
2.6618,81,3,0,person,0.5,0.2644,0.4898,0.86865,0.99902,290.1,214.4,309.4,146.7,0.3077,0.0,165.0,314.8,1762.0,1797.5,5.35,135.0,141.0,309.0,146.0,100,20000
2.733,82,0,56,chair,0.8027,0.21619,0.80838,0.43524,0.99929,166.8,260.3,112.2,55.0,0.04182,0.0,-210.0,281.0,955.1,1017.5,-12.4,110.0,232.0,112.0,55.0,100,20000
2.733,82,1,56,chair,0.5176,0.24579,0.75087,0.36169,0.83453,155.5,228.3,59.3,24.1,0.0097,0.0,-540.3,467.0,2180.1,2294.1,-13.92,125.0,216.0,60.0,24.0,100,20000
2.733,82,2,0,person,0.5176,0.24487,0.49045,0.86401,0.99924,283.9,214.5,317.0,146.5,0.31501,0.0,138.0,314.5,1760.4,1793.6,4.48,125.0,141.0,317.0,146.0,100,20000
2.733,82,3,56,chair,0.5151,0.36414,0.77903,0.45981,0.9031,210.9,242.2,49.0,35.7,0.01187,0.0,-206.9,483.4,1935.2,2005.4,-6.1,186.0,224.0,49.0,36.0,100,20000
2.7849,83,0,56,chair,0.8257,0.21783,0.80805,0.43469,0.99929,167.0,260.3,111.0,55.1,0.04147,0.0,-212.5,286.0,972.0,1035.2,-12.33,111.0,232.0,111.0,55.0,100,20000
2.7849,83,1,0,person,0.5537,0.27319,0.49154,0.7915,0.99935,272.6,214.7,265.4,146.2,0.2632,0.0,48.7,176.9,989.9,1006.8,2.82,139.0,141.0,266.0,146.0,100,20000
2.7849,83,2,56,chair,0.5332,0.36163,0.77846,0.45984,0.90175,210.3,242.0,50.3,35.5,0.01211,0.0,-208.8,479.5,1929.3,1998.9,-6.18,185.0,224.0,50.0,35.0,100,20000
2.7849,83,3,56,chair,0.5308,0.24612,0.7532,0.3623,0.83143,155.8,228.2,59.5,22.5,0.00909,0.0,-488.9,422.3,1982.9,2085.5,-13.85,126.0,216.0,59.0,23.0,100,20000
2.7881,84,0,56,chair,0.7905,0.21429,0.80881,0.43378,0.99935,165.9,260.4,112.4,54.9,0.04182,0.0,-211.1,280.7,954.2,1016.8,-12.47,109.0,232.0,113.0,55.0,100,20000
2.7881,84,1,0,person,0.584,0.28137,0.49045,0.80518,0.99935,278.2,214.5,268.2,146.6,0.26657,0.0,66.1,183.2,1025.2,1043.5,3.69,144.0,141.0,268.0,146.0,100,20000
2.7881,84,2,56,chair,0.542,0.24612,0.7532,0.36215,0.82818,155.7,227.7,59.4,21.6,0.0087,0.0,-521.6,447.8,2115.5,2224.4,-13.85,126.0,216.0,59.0,22.0,100,20000
2.7881,84,3,56,chair,0.5332,0.36008,0.77998,0.46066,0.9018,210.1,242.2,51.5,35.1,0.01225,0.0,-211.4,479.9,1931.3,2001.2,-6.25,184.0,224.0,51.0,35.0,100,20000
2.8935,85,0,56,chair,0.7949,0.21478,0.80865,0.43097,0.99913,165.3,260.3,110.7,54.9,0.04118,0.0,-211.0,277.4,943.0,1005.3,-12.61,109.0,232.0,111.0,55.0,100,20000
2.8935,85,1,0,person,0.5576,0.28967,0.49132,0.79443,0.99935,277.5,214.7,258.4,146.3,0.25643,0.0,58.3,168.3,942.1,958.8,3.54,148.0,141.0,258.0,146.0,100,20000
2.8935,85,2,62,tv,0.5498,0.66043,0.71994,0.85803,0.99848,388.7,247.5,101.2,80.2,0.05504,0.0,625.6,475.9,1813.3,1976.3,19.03,338.0,207.0,101.0,80.0,100,20000
2.8935,85,3,56,chair,0.5361,0.24637,0.7535,0.36194,0.82842,155.7,227.8,59.2,21.6,0.00866,0.0,-523.4,452.0,2122.5,2232.3,-13.85,126.0,217.0,59.0,21.0,100,20000
2.8935,85,4,56,chair,0.5234,0.36264,0.77854,0.46069,0.90419,210.8,242.3,50.2,36.2,0.01232,0.0,-208.8,481.9,1929.3,1999.5,-6.18,185.0,224.0,50.0,36.0,100,20000
2.9475,87,0,56,chair,0.792,0.21368,0.80854,0.42877,0.99913,164.5,260.3,110.1,54.9,0.04099,0.0,-216.2,282.7,960.8,1024.6,-12.68,109.0,232.0,110.0,55.0,100,20000
2.9475,87,1,0,person,0.5928,0.28564,0.49219,0.79126,0.99935,275.7,214.8,258.9,146.1,0.25643,0.0,56.5,173.7,972.0,989.0,3.33,146.0,141.0,259.0,146.0,100,20000
2.9475,87,2,62,tv,0.5703,0.66006,0.72097,0.85815,0.99805,388.7,247.5,101.4,79.8,0.05489,0.0,637.6,486.9,1855.1,2021.1,18.97,337.0,207.0,102.0,80.0,100,20000
2.9475,87,3,56,chair,0.5464,0.24738,0.7538,0.36185,0.82633,156.0,227.5,58.6,20.9,0.0083,0.0,-533.3,457.9,2162.9,2274.3,-13.85,126.0,217.0,59.0,20.0,100,20000
2.9475,87,4,56,chair,0.5376,0.35999,0.7784,0.45926,0.90213,209.7,242.0,50.8,35.6,0.01228,0.0,-212.5,482.3,1941.0,2011.3,-6.25,184.0,224.0,51.0,35.0,100,20000
2.9812,88,0,56,chair,0.7842,0.21381,0.80827,0.43036,0.99913,164.9,260.3,110.9,55.0,0.04133,0.0,-219.9,289.2,982.9,1047.9,-12.61,109.0,232.0,111.0,55.0,100,20000
2.9812,88,1,0,person,0.5889,0.24878,0.49284,0.84277,0.99913,279.4,214.8,304.1,145.8,0.30073,0.0,116.8,311.7,1744.4,1775.9,3.83,127.0,141.0,304.0,146.0,100,20000
2.9812,88,2,56,chair,0.541,0.24652,0.75353,0.36188,0.82723,155.8,227.6,59.1,21.2,0.0085,0.0,-521.1,450.0,2113.2,2222.5,-13.85,126.0,217.0,59.0,21.0,100,20000
2.9812,88,3,56,chair,0.5171,0.36304,0.77821,0.46039,0.90495,210.8,242.4,49.8,36.5,0.01234,0.0,-208.6,481.4,1927.4,1997.5,-6.18,185.0,224.0,50.0,36.0,100,20000
3.0115,89,0,56,chair,0.7817,0.21344,0.80794,0.42963,0.99919,164.6,260.2,110.7,55.1,0.04135,0.0,-212.6,278.0,944.8,1007.5,-12.68,109.0,232.0,110.0,55.0,100,20000
3.0115,89,1,0,person,0.5952,0.25049,0.49371,0.84521,0.99924,280.5,215.0,304.5,145.6,0.30065,0.0,120.7,312.5,1736.6,1768.6,3.98,128.0,142.0,304.0,145.0,100,20000
3.0115,89,2,56,chair,0.5464,0.24649,0.7535,0.36169,0.82658,155.7,227.5,59.0,21.0,0.00842,0.0,-486.4,420.1,1972.7,2074.8,-13.85,126.0,217.0,59.0,21.0,100,20000
3.0115,89,3,62,tv,0.5215,0.65964,0.72195,0.85767,0.99826,388.4,247.7,101.4,79.6,0.05472,0.0,637.0,486.5,1853.4,2019.3,18.97,337.0,207.0,102.0,80.0,100,20000
3.0115,89,4,56,chair,0.5186,0.36096,0.7787,0.4592,0.90131,210.0,241.9,50.3,35.3,0.01205,0.0,-213.1,483.8,1946.9,2017.4,-6.25,184.0,224.0,51.0,35.0,100,20000
3.0335,91,0,56,chair,0.7974,0.21454,0.80897,0.42841,0.99908,164.6,260.4,109.5,54.8,0.04066,0.0,-215.5,281.9,958.0,1021.6,-12.68,109.0,232.0,110.0,55.0,100,20000
3.0335,91,1,0,person,0.5952,0.24561,0.49392,0.84741,0.99924,279.8,215.0,308.1,145.5,0.3041,0.0,116.7,313.6,1742.9,1774.7,3.83,125.0,142.0,308.0,145.0,100,20000
3.0335,91,2,56,chair,0.5552,0.24686,0.75369,0.3616,0.82688,155.8,227.6,58.7,21.1,0.0084,0.0,-554.5,478.9,2248.7,2365.1,-13.85,126.0,217.0,59.0,21.0,100,20000
3.0335,91,3,62,tv,0.5405,0.66043,0.72141,0.85815,0.99826,388.8,247.6,101.2,79.7,0.05474,0.0,637.6,485.1,1848.0,2014.2,19.04,338.0,207.0,101.0,80.0,100,20000
3.0778,92,0,56,chair,0.77,0.21368,0.8087,0.42908,0.99908,164.5,260.3,110.3,54.8,0.04101,0.0,-217.6,284.5,967.1,1031.3,-12.68,109.0,232.0,110.0,55.0,100,20000
3.0778,92,1,0,person,0.583,0.25049,0.49306,0.84912,0.99924,281.5,214.9,306.5,145.8,0.30301,0.0,125.9,314.5,1747.6,1780.1,4.12,128.0,142.0,306.0,145.0,100,20000
3.0778,92,2,62,tv,0.5703,0.65976,0.72092,0.85779,0.99816,388.5,247.5,101.4,79.8,0.0549,0.0,635.2,485.1,1848.0,2013.4,18.97,337.0,207.0,102.0,80.0,100,20000
3.0778,92,3,56,chair,0.5449,0.24695,0.75339,0.36176,0.82593,155.8,227.4,58.8,20.9,0.00833,0.0,-541.2,461.8,2194.9,2307.3,-13.85,126.0,216.0,59.0,21.0,100,20000
3.1431,94,0,56,chair,0.7627,0.21265,0.80604,0.43024,0.99913,164.6,259.9,111.4,55.6,0.04201,0.0,-214.2,280.0,951.8,1015.0,-12.68,108.0,232.0,112.0,55.0,100,20000
3.1431,94,1,62,tv,0.6108,0.65741,0.71761,0.85754,0.99794,387.8,247.0,102.5,80.7,0.0561,0.0,637.1,486.0,1860.5,2025.7,18.9,336.0,206.0,103.0,81.0,100,20000
3.1431,94,2,0,person,0.5552,0.30139,0.49219,0.79688,0.99946,281.2,214.8,253.7,146.1,0.25135,0.0,72.0,178.5,999.1,1017.5,4.12,154.0,141.0,254.0,146.0,100,20000
3.1431,94,3,56,chair,0.5176,0.24628,0.75138,0.36139,0.82785,155.6,227.4,58.9,22.0,0.0088,0.0,-499.7,429.0,2026.6,2130.9,-13.85,126.0,216.0,59.0,22.0,100,20000
3.2105,95,0,56,chair,0.7295,0.21307,0.80583,0.43347,0.99908,165.5,259.9,112.8,55.7,0.04259,0.0,-215.8,285.4,970.0,1033.9,-12.54,109.0,232.0,112.0,55.0,100,20000
3.2105,95,1,62,tv,0.5923,0.65637,0.71533,0.85712,0.99599,387.5,246.4,102.8,80.8,0.05634,0.0,624.5,475.8,1830.5,1991.8,18.84,336.0,206.0,102.0,80.0,100,20000
3.2105,95,2,0,person,0.5845,0.24951,0.49219,0.81567,0.99935,272.7,214.8,289.9,146.1,0.28713,0.0,86.0,312.2,1747.6,1777.3,2.82,127.0,141.0,290.0,146.0,100,20000
3.2105,95,3,56,chair,0.5225,0.24625,0.75109,0.36157,0.82829,155.6,227.4,59.0,22.2,0.0089,0.0,-485.4,416.7,1968.7,2070.0,-13.85,126.0,216.0,59.0,22.0,100,20000
3.2485,96,0,56,chair,0.7256,0.21399,0.80604,0.4444,0.99913,168.5,259.9,118.0,55.6,0.04449,0.0,-205.6,281.6,957.0,1018.5,-12.13,109.0,232.0,118.0,55.0,100,20000
3.2485,96,1,0,person,0.6133,0.24048,0.49262,0.81311,0.99935,269.7,214.8,293.2,145.9,0.29017,0.0,74.8,311.7,1744.4,1773.6,2.46,123.0,141.0,293.0,146.0,100,20000
3.2485,96,2,62,tv,0.5811,0.65622,0.71512,0.85767,0.99696,387.6,246.5,103.1,81.2,0.05678,0.0,636.6,485.0,1865.9,2030.3,18.84,335.0,205.0,104.0,82.0,100,20000
3.2485,96,3,56,chair,0.5176,0.24649,0.75315,0.36188,0.8285,155.7,227.8,59.1,21.7,0.00869,0.0,-491.0,421.5,1991.1,2093.6,-13.85,126.0,216.0,59.0,22.0,100,20000
3.2912,97,0,56,chair,0.7207,0.21381,0.80669,0.43652,0.99913,166.5,260.0,114.0,55.4,0.04286,0.0,-207.2,277.2,942.1,1003.7,-12.4,109.0,232.0,114.0,55.0,100,20000
3.2912,97,1,62,tv,0.5874,0.65305,0.7149,0.85876,0.99761,387.0,246.6,105.3,81.4,0.05816,0.0,632.4,483.6,1860.5,2023.7,18.77,334.0,205.0,105.0,82.0,100,20000
3.2912,97,2,0,person,0.5728,0.2959,0.49306,0.79468,0.99967,279.2,215.0,255.4,145.9,0.25269,0.0,64.9,177.8,987.9,1005.9,3.76,151.0,142.0,255.0,145.0,100,20000
3.2912,97,3,56,chair,0.5,0.246,0.75334,0.36169,0.82897,155.6,227.9,59.2,21.8,0.00875,0.0,-606.1,517.6,2445.3,2571.9,-13.92,125.0,216.0,60.0,22.0,100,20000
3.3251,99,0,56,chair,0.7593,0.21515,0.80648,0.44189,0.99919,168.2,260.0,116.1,55.5,0.0437,0.0,-202.0,276.6,940.2,1000.6,-12.13,110.0,232.0,116.0,55.0,100,20000
3.3251,99,1,62,tv,0.5605,0.64847,0.71457,0.85742,0.99826,385.5,246.6,107.0,81.7,0.05928,0.0,630.1,485.5,1867.7,2030.0,18.64,332.0,205.0,107.0,82.0,100,20000
3.3251,99,2,0,person,0.5459,0.29907,0.49306,0.78625,0.99924,277.8,214.9,249.4,145.8,0.2466,0.0,57.4,163.6,909.2,925.6,3.61,153.0,142.0,249.0,145.0,100,20000
3.3251,99,3,56,chair,0.5283,0.24612,0.75081,0.362,0.82929,155.7,227.5,59.3,22.6,0.00909,0.0,-526.3,451.8,2134.2,2244.1,-13.85,126.0,216.0,59.0,22.0,100,20000
3.3753,100,0,56,chair,0.7202,0.21228,0.80621,0.4433,0.99924,167.8,260.0,118.3,55.6,0.04459,0.0,-213.0,288.3,979.9,1043.4,-12.26,108.0,232.0,118.0,55.0,100,20000
3.3753,100,1,62,tv,0.583,0.64954,0.71729,0.85718,0.99674,385.7,246.8,106.3,80.5,0.05802,0.0,623.5,484.6,1855.1,2016.2,18.58,332.0,206.0,106.0,81.0,100,20000
3.3753,100,2,0,person,0.5337,0.33423,0.49306,0.77368,0.99902,283.6,214.9,225.0,145.7,0.22234,0.0,53.9,123.6,687.1,700.2,4.49,171.0,142.0,225.0,145.0,100,20000
3.3753,100,3,56,chair,0.5103,0.24603,0.75068,0.36292,0.82967,155.9,227.6,59.8,22.7,0.00923,0.0,-518.1,442.5,2090.3,2198.5,-13.92,125.0,216.0,60.0,22.0,100,20000
3.4148,102,0,56,chair,0.792,0.21436,0.80735,0.44012,0.99919,167.5,260.1,115.6,55.2,0.04331,0.0,-206.3,279.2,949.0,1010.5,-12.26,109.0,232.0,116.0,55.0,100,20000
3.4148,102,1,62,tv,0.5938,0.65338,0.71799,0.85699,0.99664,386.7,246.9,104.2,80.3,0.05674,0.0,636.8,491.2,1880.5,2045.3,18.71,334.0,206.0,104.0,81.0,100,20000
3.4148,102,2,0,person,0.5742,0.33179,0.49349,0.74646,0.99924,276.0,215.0,212.3,145.7,0.20972,0.0,37.9,117.3,652.0,663.6,3.33,169.0,142.0,213.0,145.0,100,20000
3.4148,102,3,56,chair,0.5186,0.24625,0.75071,0.36346,0.82834,156.1,227.4,60.0,22.4,0.0091,0.0,-492.0,424.5,2005.6,2108.2,-13.78,126.0,216.0,60.0,22.0,100,20000
3.451,103,0,56,chair,0.7422,0.21265,0.80838,0.43738,0.99924,166.4,260.3,115.1,55.0,0.04289,0.0,-218.3,290.4,986.9,1051.6,-12.47,108.0,232.0,115.0,55.0,100,20000
3.451,103,1,0,person,0.6025,0.3197,0.49371,0.75049,0.99913,274.0,215.0,220.6,145.6,0.21773,0.0,34.7,117.8,654.9,666.3,3.03,163.0,142.0,221.0,145.0,100,20000
3.451,103,2,56,chair,0.5181,0.24606,0.75049,0.36353,0.82888,156.1,227.4,60.1,22.6,0.00921,0.0,-583.0,500.5,2364.4,2486.1,-13.85,125.0,216.0,61.0,22.0,100,20000
3.517,104,0,56,chair,0.7725,0.21399,0.80914,0.43439,0.9994,166.0,260.4,112.8,54.8,0.04193,0.0,-215.6,288.1,974.9,1039.2,-12.47,109.0,233.0,113.0,54.0,100,20000
3.517,104,1,0,person,0.5967,0.32532,0.49457,0.75085,0.99924,275.5,215.1,217.9,145.3,0.21475,0.0,37.2,117.8,654.9,666.4,3.25,166.0,142.0,218.0,145.0,100,20000
3.517,104,2,56,chair,0.5073,0.24588,0.75165,0.36481,0.83048,156.3,227.8,60.9,22.7,0.00938,0.0,-517.1,446.6,2097.1,2205.6,-13.85,125.0,216.0,61.0,23.0,100,20000
3.549,105,0,56,chair,0.7651,0.21423,0.80952,0.43384,0.99924,165.9,260.5,112.4,54.6,0.04166,0.0,-212.7,284.2,961.8,1025.2,-12.47,109.0,233.0,113.0,54.0,100,20000
3.549,105,1,0,person,0.6138,0.33105,0.49544,0.7533,0.99935,277.6,215.2,216.2,145.1,0.21278,0.0,40.9,118.8,660.1,672.0,3.55,169.0,142.0,216.0,145.0,100,20000
3.5608,106,0,56,chair,0.7725,0.21429,0.80914,0.4342,0.99935,166.0,260.4,112.6,54.8,0.04183,0.0,-210.1,280.7,949.9,1012.5,-12.47,109.0,233.0,113.0,54.0,100,20000
3.5608,106,1,0,person,0.6465,0.33801,0.49457,0.74902,0.99935,278.3,215.1,210.4,145.4,0.20747,0.0,42.6,118.9,661.0,673.0,3.69,173.0,142.0,210.0,145.0,100,20000
3.6272,108,0,56,chair,0.7583,0.21344,0.80865,0.43872,0.99929,167.0,260.3,115.3,54.9,0.04295,0.0,-202.0,271.9,924.0,984.1,-12.33,109.0,232.0,115.0,55.0,100,20000
3.6272,108,1,0,person,0.6489,0.33496,0.49414,0.74866,0.99913,277.4,215.0,211.8,145.4,0.20891,0.0,41.7,121.1,672.9,685.0,3.55,171.0,142.0,212.0,145.0,100,20000
3.6671,109,0,56,chair,0.7539,0.21313,0.80859,0.4361,0.99935,166.2,260.3,114.2,54.9,0.04253,0.0,-201.5,269.5,916.1,975.9,-12.4,109.0,232.0,114.0,55.0,100,20000
3.6671,109,1,0,person,0.6519,0.32336,0.49501,0.75439,0.99902,275.9,215.1,220.7,145.2,0.21724,0.0,40.9,126.8,704.9,717.4,3.32,165.0,142.0,221.0,145.0,100,20000
3.7454,111,0,56,chair,0.7388,0.21265,0.80843,0.43799,0.99935,166.6,260.3,115.4,55.0,0.04302,0.0,-201.9,270.1,917.9,977.9,-12.41,108.0,232.0,116.0,55.0,100,20000
3.7454,111,1,0,person,0.583,0.31653,0.49436,0.75732,0.99891,274.9,215.0,225.7,145.3,0.2224,0.0,40.1,129.9,722.1,734.8,3.18,162.0,142.0,225.0,145.0,100,20000
3.7606,112,0,56,chair,0.7666,0.21246,0.80827,0.43842,0.99935,166.6,260.3,115.7,55.0,0.04318,0.0,-203.0,271.6,923.1,983.4,-12.4,108.0,232.0,116.0,55.0,100,20000
3.7606,112,1,0,person,0.585,0.31531,0.49631,0.74731,0.99891,272.0,215.3,221.2,144.7,0.21712,0.0,34.1,127.9,710.9,723.1,2.75,161.0,142.0,221.0,145.0,100,20000
3.8023,113,0,56,chair,0.771,0.21393,0.80832,0.43915,0.99946,167.2,260.3,115.3,55.0,0.04305,0.0,-198.3,266.9,907.1,966.1,-12.33,109.0,232.0,115.0,55.0,100,20000
3.8023,113,1,0,person,0.5889,0.30115,0.49718,0.74585,0.99891,268.0,215.4,227.7,144.5,0.22312,0.0,27.6,132.3,730.0,742.4,2.17,154.0,143.0,227.0,144.0,100,20000
3.8194,114,0,56,chair,0.7456,0.2132,0.80767,0.43848,0.99946,166.8,260.2,115.3,55.2,0.04321,0.0,-198.3,266.9,907.1,966.1,-12.33,109.0,232.0,115.0,55.0,100,20000
3.8194,114,1,0,person,0.5977,0.26978,0.49653,0.75208,0.99881,261.6,215.3,246.9,144.7,0.24225,0.0,20.4,163.8,904.1,919.0,1.29,138.0,143.0,247.0,144.0,100,20000
3.8687,116,0,56,chair,0.7373,0.21368,0.80778,0.4375,0.99951,166.7,260.2,114.6,55.2,0.04291,0.0,-198.5,267.1,907.9,967.0,-12.33,109.0,232.0,115.0,55.0,100,20000
3.8687,116,1,0,person,0.585,0.24707,0.49674,0.75659,0.99859,256.9,215.3,260.9,144.5,0.2557,0.0,9.5,175.2,967.1,982.9,0.56,126.0,143.0,261.0,144.0,100,20000
3.9764,117,0,56,chair,0.7109,0.21246,0.80735,0.43658,0.9994,166.2,260.2,114.7,55.3,0.04304,0.0,-203.5,270.7,920.1,980.4,-12.47,108.0,232.0,115.0,55.0,100,20000
3.9764,117,1,0,person,0.6133,0.23145,0.49826,0.74487,0.99891,249.9,215.6,262.9,144.2,0.25704,0.0,-7.6,173.6,958.0,973.6,-0.45,118.0,143.0,263.0,144.0,100,20000
4.005,118,0,56,chair,0.6743,0.21161,0.8074,0.43646,0.9994,165.9,260.2,115.1,55.3,0.04317,0.0,-201.7,268.3,911.8,971.6,-12.47,108.0,232.0,115.0,55.0,100,20000
4.005,118,1,0,person,0.6265,0.23535,0.49653,0.75073,0.9987,252.4,215.3,263.9,144.6,0.25881,0.0,-1.5,170.7,942.1,957.4,-0.09,120.0,143.0,264.0,144.0,100,20000
4.0237,119,0,56,chair,0.7217,0.21307,0.80773,0.4364,0.99946,166.3,260.2,114.3,55.2,0.04282,0.0,-198.5,265.6,902.8,961.8,-12.4,109.0,232.0,114.0,55.0,100,20000
4.0237,119,1,0,person,0.6914,0.2146,0.4974,0.7522,0.9987,247.5,215.4,275.3,144.4,0.2695,0.0,-13.2,167.6,924.9,940.1,-0.82,109.0,143.0,276.0,144.0,100,20000
4.0605,120,0,56,chair,0.7031,0.21246,0.80794,0.43683,0.9994,166.2,260.3,114.9,55.1,0.04296,0.0,-200.6,266.9,907.1,966.6,-12.47,108.0,232.0,115.0,55.0,100,20000
4.0605,120,1,0,person,0.6562,0.23047,0.49913,0.75146,0.9987,251.4,215.7,266.7,143.9,0.26027,0.0,-3.8,165.6,913.9,928.8,-0.24,118.0,143.0,266.0,144.0,100,20000
4.0977,122,0,56,chair,0.7407,0.2124,0.8087,0.43878,0.99935,166.7,260.4,115.9,54.9,0.04316,0.0,-201.0,268.9,913.9,973.6,-12.4,108.0,232.0,116.0,55.0,100,20000
4.0977,122,1,0,person,0.5552,0.29175,0.50564,0.75598,0.99902,268.2,216.7,237.7,142.1,0.22904,0.0,30.4,143.1,778.9,792.5,2.24,149.0,145.0,238.0,142.0,100,20000
4.0977,122,2,62,tv,0.5156,0.59143,0.71327,0.85913,0.99935,371.3,246.6,137.1,82.4,0.07658,0.0,575.1,499.5,1921.7,2067.2,16.66,302.0,205.0,137.0,82.0,100,20000
4.1482,124,0,56,chair,0.7197,0.21429,0.81098,0.43933,0.99957,167.3,260.7,115.2,54.3,0.04244,0.0,-197.2,266.5,902.0,961.0,-12.33,109.0,233.0,115.0,54.0,100,20000
4.1482,124,1,0,person,0.5962,0.26831,0.51063,0.76526,0.99913,264.6,217.4,254.4,140.7,0.24276,0.0,25.4,164.0,880.2,895.7,1.65,137.0,147.0,254.0,140.0,100,20000
4.217,125,0,56,chair,0.6636,0.21271,0.80973,0.44,0.9994,167.1,260.5,116.4,54.6,0.04311,0.0,-195.5,264.2,894.0,952.5,-12.34,108.0,233.0,117.0,54.0,100,20000
4.217,125,1,0,person,0.5776,0.31982,0.50673,0.7561,0.99913,275.4,216.8,223.4,141.8,0.21482,0.0,38.2,123.5,672.0,684.3,3.25,163.0,145.0,224.0,142.0,100,20000
4.2387,126,0,56,chair,0.6772,0.21313,0.81,0.4433,0.99935,168.0,260.5,117.8,54.5,0.04358,0.0,-193.4,264.4,894.9,953.0,-12.19,109.0,233.0,117.0,54.0,100,20000
4.2387,126,1,0,person,0.502,0.33167,0.50781,0.76196,0.99913,280.0,217.0,220.3,141.5,0.21141,0.0,46.3,125.4,677.9,691.0,3.91,169.0,146.0,221.0,141.0,100,20000
4.2773,128,0,56,chair,0.7031,0.21228,0.80827,0.44531,0.99935,168.3,260.3,119.3,55.0,0.04453,0.0,-192.3,263.3,894.9,952.4,-12.13,108.0,232.0,120.0,55.0,100,20000
4.2773,128,1,0,person,0.5225,0.3407,0.51128,0.75317,0.99913,280.0,217.5,211.2,140.5,0.20122,0.0,44.8,122.4,656.9,669.7,3.9,174.0,147.0,211.0,140.0,100,20000
4.31,130,0,56,chair,0.7021,0.21277,0.80783,0.44366,0.99935,168.0,260.2,118.2,55.2,0.04422,0.0,-194.1,264.3,898.2,956.2,-12.19,108.0,232.0,119.0,55.0,100,20000
4.31,130,1,0,person,0.5117,0.34473,0.5115,0.75049,0.99913,280.4,217.5,207.7,140.4,0.19786,0.0,45.0,120.5,647.0,659.7,3.98,176.0,147.0,208.0,140.0,100,20000
4.3629,131,0,56,chair,0.6768,0.21246,0.80767,0.44196,0.9994,167.5,260.2,117.5,55.2,0.044,0.0,-194.5,263.3,894.9,952.9,-12.26,108.0,232.0,118.0,55.0,100,20000
4.3629,131,1,0,person,0.5312,0.34814,0.51302,0.74402,0.99913,279.6,217.7,202.7,140.0,0.19244,0.0,43.1,120.0,644.0,656.5,3.83,178.0,147.0,202.0,140.0,100,20000
4.4108,132,0,56,chair,0.6675,0.21265,0.80756,0.43805,0.99924,166.6,260.2,115.4,55.2,0.0432,0.0,-196.0,262.2,891.2,949.4,-12.4,108.0,232.0,116.0,55.0,100,20000
4.4108,132,1,0,person,0.5601,0.33325,0.51519,0.74377,0.99924,275.7,218.1,210.2,139.4,0.19871,0.0,37.0,122.3,652.0,664.4,3.25,170.0,148.0,210.0,139.0,100,20000
4.4492,133,0,56,chair,0.7305,0.21332,0.80827,0.4386,0.99924,166.9,260.3,115.3,55.0,0.04302,0.0,-193.2,260.0,883.8,941.3,-12.33,109.0,232.0,115.0,55.0,100,20000
4.4492,133,1,0,person,0.5288,0.34363,0.51606,0.73853,0.99902,277.0,218.2,202.2,139.1,0.19072,0.0,39.5,122.3,652.0,664.5,3.47,175.0,148.0,203.0,139.0,100,20000
4.4992,134,0,56,chair,0.709,0.21277,0.80881,0.43854,0.99924,166.7,260.4,115.6,54.8,0.04299,0.0,-196.2,262.4,892.0,950.3,-12.4,108.0,232.0,116.0,55.0,100,20000
4.4992,134,1,0,person,0.5376,0.35327,0.51758,0.73743,0.99913,279.2,218.4,196.7,138.7,0.18499,0.0,42.8,122.9,650.9,663.8,3.76,180.0,149.0,197.0,138.0,100,20000
4.4992,134,2,62,tv,0.5083,0.65912,0.72163,0.85809,0.99609,388.4,247.4,101.9,79.0,0.05461,0.0,659.9,501.4,1919.7,2091.0,18.97,337.0,207.0,102.0,79.0,100,20000
4.5525,136,0,56,chair,0.7188,0.21356,0.80778,0.43811,0.99929,166.8,260.2,115.0,55.2,0.043,0.0,-195.9,263.7,896.1,954.4,-12.33,109.0,232.0,115.0,55.0,100,20000
4.5525,136,1,0,person,0.5439,0.33655,0.51866,0.74841,0.99913,277.7,218.6,210.9,138.4,0.19789,0.0,42.2,126.1,668.1,681.2,3.61,172.0,149.0,211.0,138.0,100,20000
4.5955,137,0,56,chair,0.7178,0.21295,0.80816,0.43829,0.99929,166.7,260.3,115.4,55.0,0.04307,0.0,-194.6,261.8,889.9,947.8,-12.34,109.0,232.0,115.0,55.0,100,20000
4.5955,137,1,0,person,0.5278,0.33655,0.52018,0.74548,0.99902,277.0,218.8,209.4,137.9,0.19581,0.0,40.0,124.4,658.9,671.7,3.47,172.0,149.0,209.0,138.0,100,20000
4.5955,137,2,62,tv,0.5034,0.65985,0.72249,0.8584,0.99555,388.7,247.4,101.7,78.6,0.05422,0.0,659.2,503.4,1917.8,2089.5,18.97,337.0,208.0,102.0,78.0,100,20000
4.6233,139,0,56,chair,0.6997,0.21295,0.80827,0.43817,0.99924,166.7,260.3,115.3,55.0,0.04301,0.0,-197.2,265.4,902.0,960.7,-12.33,109.0,232.0,115.0,55.0,100,20000
4.6233,139,1,0,person,0.5552,0.30762,0.52105,0.7467,0.99913,269.9,218.9,224.8,137.7,0.20992,0.0,28.8,127.7,672.0,684.6,2.45,157.0,150.0,225.0,137.0,100,20000
4.654,140,0,56,chair,0.7046,0.21259,0.80838,0.4386,0.99924,166.7,260.3,115.7,55.0,0.04314,0.0,-197.3,263.9,897.0,955.6,-12.4,108.0,232.0,116.0,55.0,100,20000
4.654,140,1,0,person,0.5254,0.32617,0.52127,0.74573,0.99913,274.4,218.9,214.8,137.6,0.20049,0.0,35.7,124.9,656.9,669.6,3.11,167.0,150.0,214.0,137.0,100,20000
4.7321,141,0,56,chair,0.7422,0.21271,0.80843,0.43872,0.99929,166.8,260.3,115.7,55.0,0.04314,0.0,-198.4,265.4,902.0,960.9,-12.4,108.0,232.0,116.0,55.0,100,20000
4.7321,141,1,0,person,0.542,0.32104,0.52257,0.74487,0.99924,272.9,219.1,217.0,137.3,0.20203,0.0,33.6,126.6,666.0,678.8,2.89,164.0,150.0,217.0,137.0,100,20000
4.7835,142,0,56,chair,0.6987,0.21222,0.80827,0.43945,0.99935,166.8,260.3,116.3,55.0,0.04342,0.0,-196.8,264.8,899.9,958.5,-12.34,108.0,232.0,117.0,55.0,100,20000
4.7835,142,1,0,person,0.5459,0.31311,0.52257,0.74927,0.99902,272.0,219.1,223.3,137.2,0.20781,0.0,32.0,126.8,666.9,679.6,2.75,160.0,150.0,223.0,137.0,100,20000
4.7896,144,0,56,chair,0.6689,0.21271,0.808,0.43872,0.99929,166.8,260.2,115.7,55.1,0.04323,0.0,-196.6,263.0,894.0,952.4,-12.4,108.0,232.0,116.0,55.0,100,20000
4.7896,144,1,0,person,0.5918,0.31238,0.52409,0.74756,0.99913,271.3,219.3,222.8,136.8,0.20673,0.0,30.1,126.2,663.9,676.5,2.6,159.0,150.0,223.0,137.0,100,20000
4.8591,145,0,56,chair,0.7031,0.21283,0.808,0.43921,0.99935,166.9,260.3,115.9,55.1,0.04332,0.0,-196.6,263.0,894.0,952.4,-12.4,108.0,232.0,116.0,55.0,100,20000
4.8591,145,1,0,person,0.5542,0.32581,0.52409,0.74487,0.99924,274.1,219.4,214.6,136.8,0.19912,0.0,35.0,125.5,660.1,672.8,3.04,166.0,150.0,215.0,137.0,100,20000
4.9251,146,0,56,chair,0.6777,0.21277,0.80854,0.4397,0.99935,167.0,260.3,116.2,55.0,0.0433,0.0,-196.6,264.5,899.0,957.5,-12.34,108.0,232.0,117.0,55.0,100,20000
4.9251,146,1,0,person,0.5264,0.3407,0.52452,0.74426,0.99924,277.7,219.4,206.6,136.7,0.19158,0.0,41.2,124.8,652.0,665.1,3.62,174.0,151.0,207.0,136.0,100,20000
4.9798,148,0,56,chair,0.7251,0.21265,0.80892,0.44281,0.99935,167.8,260.4,117.8,54.8,0.04383,0.0,-195.3,264.3,898.2,956.4,-12.27,108.0,232.0,118.0,55.0,100,20000
4.9798,148,1,0,person,0.5103,0.36255,0.52365,0.74475,0.99891,283.5,219.2,195.7,136.9,0.18164,0.0,49.8,122.6,645.1,658.5,4.41,185.0,150.0,196.0,137.0,100,20000
5.0236,149,0,56,chair,0.7373,0.21283,0.80865,0.44299,0.99929,167.9,260.3,117.8,54.9,0.04388,0.0,-194.5,263.3,894.9,952.9,-12.26,108.0,232.0,118.0,55.0,100,20000
5.0236,149,1,0,person,0.5083,0.3739,0.52257,0.73572,0.99902,284.1,219.1,185.3,137.2,0.17239,0.0,50.5,122.4,644.0,657.5,4.48,191.0,150.0,185.0,137.0,100,20000
5.0424,150,0,56,chair,0.7476,0.21277,0.80854,0.44208,0.99929,167.6,260.3,117.4,54.9,0.04374,0.0,-194.3,263.0,894.0,951.9,-12.26,108.0,232.0,118.0,55.0,100,20000
5.0424,150,1,0,person,0.5264,0.37354,0.52214,0.74048,0.99902,285.2,219.0,187.9,137.3,0.17499,0.0,52.7,121.8,641.0,654.6,4.7,191.0,150.0,188.0,137.0,100,20000
5.0424,150,2,62,tv,0.5215,0.65985,0.72114,0.85809,0.99642,388.6,247.3,101.5,79.3,0.05457,0.0,659.9,501.4,1919.7,2091.0,18.97,337.0,207.0,102.0,79.0,100,20000
5.1241,151,0,56,chair,0.71,0.21265,0.80859,0.43933,0.99924,166.9,260.3,116.1,54.9,0.04322,0.0,-203.0,271.6,923.1,983.4,-12.4,108.0,232.0,116.0,55.0,100,20000
5.1241,151,1,0,person,0.5186,0.34827,0.52062,0.75256,0.99902,281.8,218.8,207.0,137.8,0.19341,0.0,48.8,125.6,665.1,678.6,4.2,178.0,149.0,207.0,138.0,100,20000
5.1402,153,0,56,chair,0.6919,0.21167,0.80941,0.44269,0.99935,167.5,260.5,118.3,54.7,0.04388,0.0,-196.1,266.5,902.0,960.8,-12.27,108.0,233.0,118.0,54.0,100,20000
5.1402,153,1,62,tv,0.5435,0.65924,0.72097,0.85809,0.99566,388.4,247.2,101.8,79.1,0.05462,0.0,660.5,501.9,1921.7,2093.1,18.97,337.0,207.0,102.0,79.0,100,20000
5.1402,153,2,0,person,0.5269,0.35571,0.52062,0.74036,0.99902,280.6,218.8,196.9,137.8,0.18402,0.0,45.6,121.6,644.0,657.0,4.05,182.0,149.0,197.0,138.0,100,20000
5.1687,154,0,56,chair,0.7231,0.21332,0.80897,0.43677,0.99929,166.4,260.4,114.4,54.8,0.04253,0.0,-199.0,266.3,904.9,964.0,-12.4,109.0,232.0,114.0,55.0,100,20000
5.1687,154,1,0,person,0.5151,0.35742,0.5191,0.76599,0.99935,287.6,218.7,209.2,138.3,0.19622,0.0,58.3,124.3,658.0,672.2,5.06,183.0,149.0,209.0,138.0,100,20000
5.2437,155,0,56,chair,0.6426,0.21082,0.80919,0.42657,0.99935,163.2,260.4,110.5,54.8,0.04103,0.0,-207.1,267.4,904.9,966.0,-12.89,107.0,233.0,111.0,54.0,100,20000
5.2437,155,1,0,person,0.5459,0.36011,0.51866,0.76233,0.99902,287.3,218.5,205.9,138.3,0.19321,0.0,57.2,123.7,654.9,668.9,4.99,184.0,149.0,206.0,138.0,100,20000
5.2437,155,2,62,tv,0.5366,0.65741,0.72087,0.85779,0.99577,387.9,247.2,102.6,79.2,0.05508,0.0,655.5,500.0,1914.0,2084.0,18.91,336.0,207.0,103.0,79.0,100,20000
5.309,156,0,56,chair,0.7051,0.21252,0.8093,0.42395,0.99929,162.9,260.4,108.3,54.7,0.04017,0.0,-212.1,274.0,927.1,989.7,-12.89,108.0,233.0,109.0,54.0,100,20000
5.309,156,1,0,person,0.5347,0.34851,0.51562,0.75378,0.99913,282.2,218.1,207.5,139.3,0.19595,0.0,48.4,123.8,660.1,673.4,4.19,178.0,148.0,207.0,139.0,100,20000
5.309,156,2,62,tv,0.5244,0.65326,0.71946,0.85797,0.99566,386.9,247.0,104.8,79.5,0.05654,0.0,650.0,499.5,1912.1,2080.4,18.77,334.0,207.0,105.0,79.0,100,20000
5.3255,158,0,56,chair,0.6167,0.20953,0.80973,0.42322,0.99929,162.0,260.5,109.4,54.6,0.04051,0.0,-209.8,268.0,907.1,968.9,-13.02,107.0,233.0,109.0,54.0,100,20000
5.3255,158,1,62,tv,0.5938,0.65741,0.72217,0.85846,0.99523,388.1,247.3,102.9,78.6,0.0549,0.0,654.2,499.0,1910.2,2079.9,18.91,336.0,207.0,103.0,79.0,100,20000
5.3255,158,2,0,person,0.5327,0.34973,0.51606,0.77588,0.99924,288.2,218.2,218.2,139.2,0.20591,0.0,59.1,123.4,658.0,672.1,5.13,179.0,148.0,218.0,139.0,100,20000
5.3567,159,0,56,chair,0.6812,0.20807,0.80887,0.42181,0.99935,161.2,260.4,109.4,54.9,0.04071,0.0,-216.1,271.9,924.0,987.1,-13.16,106.0,232.0,109.0,55.0,100,20000
5.3567,159,1,62,tv,0.5522,0.65851,0.72211,0.85852,0.9949,388.4,247.2,102.4,78.6,0.05456,0.0,647.6,492.1,1884.1,2052.2,18.97,337.0,207.0,102.0,79.0,100,20000
5.3567,159,2,0,person,0.5317,0.34558,0.51411,0.77869,0.99924,287.8,217.9,221.8,139.7,0.21011,0.0,58.0,124.5,663.9,678.0,4.99,176.0,148.0,222.0,139.0,100,20000
5.4268,160,0,56,chair,0.6777,0.21118,0.80859,0.42224,0.99929,162.2,260.3,108.1,54.9,0.04025,0.0,-215.6,275.7,937.0,1000.2,-12.96,108.0,232.0,108.0,55.0,100,20000
5.4268,160,1,62,tv,0.5439,0.65796,0.72168,0.85748,0.99447,388.0,247.1,102.2,78.6,0.05443,0.0,645.2,492.1,1884.1,2051.4,18.9,336.0,207.0,103.0,79.0,100,20000
5.4268,160,2,0,person,0.5229,0.33569,0.51172,0.78235,0.99924,286.2,217.6,228.7,140.4,0.21776,0.0,57.4,128.2,688.1,702.3,4.77,171.0,147.0,229.0,140.0,100,20000
5.4683,161,0,56,chair,0.6226,0.20813,0.80832,0.42145,0.9994,161.2,260.3,109.2,55.0,0.04076,0.0,-222.4,279.8,950.9,1015.9,-13.16,106.0,232.0,109.0,55.0,100,20000
5.4683,161,1,62,tv,0.5791,0.65839,0.72168,0.85767,0.9949,388.1,247.2,102.0,78.7,0.05445,0.0,644.5,489.7,1875.0,2042.3,18.97,337.0,207.0,102.0,79.0,100,20000
5.4683,161,2,0,person,0.5322,0.32275,0.51302,0.78223,0.99946,282.9,217.8,235.3,140.1,0.22351,0.0,52.2,128.2,688.1,701.9,4.34,165.0,147.0,235.0,140.0,100,20000
5.5075,163,0,56,chair,0.6519,0.20795,0.80849,0.42004,0.99935,160.8,260.3,108.6,55.0,0.04048,0.0,-215.2,270.7,920.1,982.9,-13.16,106.0,232.0,109.0,55.0,100,20000
5.5075,163,1,62,tv,0.6177,0.6571,0.72135,0.85828,0.99392,387.9,247.0,103.0,78.5,0.05484,0.0,655.5,500.0,1914.0,2084.0,18.91,336.0,207.0,103.0,79.0,100,20000
5.5075,163,2,0,person,0.5483,0.30286,0.51237,0.78418,0.99935,278.3,217.7,246.4,140.3,0.23439,0.0,59.5,172.0,923.1,940.9,3.69,155.0,147.0,246.0,140.0,100,20000
5.5527,164,0,62,tv,0.6592,0.65692,0.71951,0.8587,0.99457,388.0,246.8,103.3,79.2,0.0555,0.0,644.0,491.2,1880.5,2047.5,18.9,336.0,207.0,103.0,79.0,100,20000
5.5527,164,1,56,chair,0.5991,0.20679,0.80935,0.41901,0.99946,160.2,260.5,108.7,54.8,0.04035,0.0,-231.9,289.8,980.9,1048.8,-13.3,105.0,233.0,109.0,54.0,100,20000
5.5527,164,2,0,person,0.5566,0.30957,0.51367,0.78345,0.99924,279.8,217.9,242.6,139.8,0.2301,0.0,66.8,182.3,978.9,998.0,3.9,158.0,147.0,243.0,140.0,100,20000
5.5984,166,0,56,chair,0.6631,0.20972,0.80908,0.41864,0.99929,160.9,260.4,107.0,54.8,0.03974,0.0,-218.4,275.9,933.9,998.0,-13.16,107.0,233.0,107.0,54.0,100,20000
5.5984,166,1,62,tv,0.6401,0.65674,0.71772,0.85815,0.9949,387.8,246.6,103.1,79.8,0.05583,0.0,643.3,488.3,1878.6,2044.8,18.9,336.0,206.0,103.0,80.0,100,20000
5.5984,166,2,0,person,0.583,0.30127,0.51237,0.79565,0.99946,280.8,217.7,253.1,140.3,0.24081,0.0,67.9,178.6,958.9,977.8,4.05,154.0,147.0,253.0,140.0,100,20000
5.6508,167,0,62,tv,0.6528,0.65717,0.71723,0.85876,0.99447,388.1,246.5,103.2,79.8,0.05589,0.0,652.9,495.6,1906.5,2075.2,18.9,336.0,206.0,103.0,80.0,100,20000
5.6508,167,1,56,chair,0.5928,0.21008,0.808,0.41895,0.99935,161.0,260.3,106.9,55.1,0.03997,0.0,-212.6,267.5,909.2,971.3,-13.16,107.0,232.0,107.0,55.0,100,20000
5.6508,167,2,0,person,0.5894,0.30957,0.51324,0.79517,0.99935,282.8,217.8,248.6,140.0,0.23606,0.0,74.7,183.5,984.9,1004.6,4.34,158.0,147.0,249.0,140.0,100,20000
5.7018,168,0,56,chair,0.6284,0.21033,0.80838,0.41833,0.99924,160.9,260.3,106.5,55.0,0.0397,0.0,-212.6,267.5,909.2,971.3,-13.16,107.0,232.0,107.0,55.0,100,20000
5.7018,168,1,0,person,0.6064,0.27686,0.5128,0.81177,0.99935,278.7,217.7,273.9,140.1,0.26026,0.0,112.6,325.5,1747.6,1781.2,3.69,141.0,147.0,274.0,140.0,100,20000
5.7564,169,0,56,chair,0.6499,0.211,0.80821,0.4187,0.99935,161.2,260.3,106.3,55.0,0.0397,0.0,-211.7,267.8,910.1,972.0,-13.09,108.0,232.0,106.0,55.0,100,20000
5.7564,169,1,0,person,0.5874,0.28027,0.51237,0.80713,0.99935,278.4,217.7,269.8,140.3,0.25657,0.0,111.8,323.2,1735.0,1768.4,3.69,143.0,147.0,270.0,140.0,100,20000
5.7564,169,2,62,tv,0.5269,0.65659,0.71528,0.85876,0.99642,387.9,246.5,103.5,81.0,0.05684,0.0,647.1,491.2,1889.7,2056.9,18.9,336.0,206.0,103.0,80.0,100,20000
5.7769,171,0,56,chair,0.6548,0.21069,0.80881,0.41803,0.99935,161.0,260.4,106.2,54.9,0.03951,0.0,-212.3,267.1,907.9,969.9,-13.16,107.0,232.0,107.0,55.0,100,20000
5.7769,171,1,0,person,0.6138,0.27539,0.5128,0.80762,0.99946,277.3,217.8,272.5,140.2,0.25902,0.0,108.8,327.3,1757.1,1790.6,3.54,141.0,147.0,272.0,140.0,100,20000
5.7769,171,2,62,tv,0.5859,0.65652,0.71571,0.85925,0.99631,388.0,246.5,103.8,80.8,0.05689,0.0,644.0,488.8,1880.5,2046.9,18.9,336.0,206.0,103.0,80.0,100,20000
5.8263,172,0,56,chair,0.6929,0.21143,0.80854,0.41791,0.99924,161.1,260.3,105.7,54.9,0.03938,0.0,-211.2,265.6,902.8,964.5,-13.17,108.0,232.0,105.0,55.0,100,20000
5.8263,172,1,0,person,0.6079,0.27393,0.51302,0.80908,0.99935,277.3,217.8,274.0,140.1,0.26026,0.0,107.8,324.4,1741.3,1774.5,3.54,140.0,147.0,274.0,140.0,100,20000
5.8263,172,2,62,tv,0.5693,0.65686,0.71587,0.85889,0.99447,388.0,246.3,103.4,80.2,0.05629,0.0,642.7,487.8,1876.8,2042.9,18.9,336.0,206.0,103.0,80.0,100,20000
5.8598,174,0,56,chair,0.6323,0.21075,0.80876,0.41785,0.99935,160.9,260.4,106.0,54.9,0.03947,0.0,-214.7,268.6,913.1,975.7,-13.23,107.0,232.0,106.0,55.0,100,20000
5.8598,174,1,0,person,0.6016,0.28052,0.51215,0.80688,0.99946,278.4,217.7,269.5,140.3,0.2565,0.0,112.6,325.5,1747.6,1781.2,3.69,143.0,147.0,270.0,140.0,100,20000
5.8598,174,2,62,tv,0.5425,0.65637,0.71495,0.85864,0.99642,387.8,246.4,103.6,81.1,0.05693,0.0,648.4,489.7,1893.4,2060.4,18.9,336.0,205.0,103.0,81.0,100,20000
5.9053,175,0,56,chair,0.6816,0.20911,0.80843,0.41919,0.99924,160.8,260.3,107.6,55.0,0.04009,0.0,-211.8,266.5,905.8,967.7,-13.16,107.0,232.0,107.0,55.0,100,20000
5.9053,175,1,0,person,0.6074,0.27612,0.51215,0.80786,0.99946,277.5,217.7,272.3,140.3,0.25912,0.0,111.4,335.3,1799.8,1834.2,3.54,141.0,147.0,272.0,140.0,100,20000
5.9053,175,2,62,tv,0.5693,0.65674,0.71642,0.8584,0.99392,387.9,246.3,103.2,79.9,0.05596,0.0,644.0,488.8,1880.5,2046.9,18.9,336.0,206.0,103.0,80.0,100,20000
5.9572,177,0,56,chair,0.6304,0.21112,0.80832,0.41724,0.99924,160.9,260.3,105.5,55.0,0.03935,0.0,-208.6,262.4,892.0,952.9,-13.16,108.0,232.0,105.0,55.0,100,20000
5.9572,177,1,0,person,0.6201,0.28223,0.51215,0.80933,0.99935,279.4,217.7,269.9,140.3,0.2568,0.0,115.8,322.0,1728.8,1762.3,3.83,144.0,147.0,270.0,140.0,100,20000
5.9572,177,2,62,tv,0.5713,0.65692,0.71582,0.85913,0.99609,388.1,246.5,103.5,80.7,0.05667,0.0,643.3,488.3,1878.6,2044.8,18.9,336.0,206.0,103.0,80.0,100,20000
6.0218,178,0,56,chair,0.6221,0.21149,0.8087,0.41888,0.99929,161.4,260.4,106.2,54.9,0.03953,0.0,-224.5,284.0,965.2,1030.9,-13.09,108.0,232.0,106.0,55.0,100,20000
6.0218,178,1,0,person,0.6079,0.28101,0.5128,0.80981,0.99935,279.2,217.7,270.7,140.1,0.25729,0.0,115.1,326.4,1752.4,1786.3,3.76,143.0,147.0,271.0,140.0,100,20000
6.0218,178,2,62,tv,0.5723,0.65723,0.71707,0.85852,0.99414,388.0,246.4,103.1,79.8,0.05577,0.0,645.2,489.7,1884.1,2050.8,18.9,336.0,206.0,103.0,80.0,100,20000
6.0719,179,0,56,chair,0.6426,0.21106,0.80843,0.41882,0.99929,161.2,260.3,106.4,55.0,0.03965,0.0,-215.1,272.1,924.9,987.8,-13.09,108.0,232.0,106.0,55.0,100,20000
6.0719,179,1,0,person,0.5986,0.2843,0.51215,0.80688,0.99924,279.3,217.6,267.6,140.3,0.25454,0.0,117.3,326.1,1750.8,1784.8,3.83,145.0,147.0,268.0,140.0,100,20000
6.0719,179,2,62,tv,0.5801,0.65717,0.71723,0.85834,0.99479,388.0,246.5,103.0,79.9,0.05584,0.0,648.4,492.2,1893.4,2061.0,18.9,336.0,206.0,103.0,80.0,100,20000
6.1215,180,0,56,chair,0.6094,0.21063,0.80924,0.41809,0.99946,161.0,260.5,106.2,54.8,0.03946,0.0,-213.3,269.4,911.8,974.4,-13.17,107.0,233.0,107.0,54.0,100,20000
6.1215,180,1,0,person,0.6089,0.28503,0.51172,0.80933,0.99935,280.2,217.6,268.4,140.4,0.25566,0.0,118.2,322.6,1731.9,1765.6,3.9,145.0,147.0,269.0,140.0,100,20000
6.1215,180,2,62,tv,0.5938,0.65735,0.71788,0.85846,0.99425,388.0,246.5,103.0,79.6,0.05558,0.0,651.6,494.6,1902.7,2071.1,18.9,336.0,206.0,103.0,80.0,100,20000
6.1705,181,0,62,tv,0.6128,0.65729,0.71799,0.8584,0.99447,388.0,246.6,103.0,79.6,0.0556,0.0,645.2,489.7,1884.1,2050.8,18.9,336.0,206.0,103.0,80.0,100,20000
6.1705,181,1,0,person,0.5991,0.29041,0.51237,0.79932,0.99935,279.0,217.7,260.6,140.3,0.24783,0.0,82.2,232.9,1250.4,1274.6,3.76,148.0,147.0,261.0,140.0,100,20000
6.1705,181,2,56,chair,0.582,0.21155,0.80854,0.41937,0.99929,161.5,260.3,106.4,54.9,0.03964,0.0,-208.6,263.9,897.0,958.0,-13.09,108.0,232.0,106.0,55.0,100,20000
6.2049,184,0,62,tv,0.6367,0.65717,0.71832,0.85846,0.99457,388.0,246.7,103.1,79.6,0.05561,0.0,644.0,488.8,1880.5,2046.9,18.9,336.0,206.0,103.0,80.0,100,20000
6.2049,184,1,56,chair,0.6133,0.21045,0.80876,0.41858,0.99929,161.0,260.4,106.6,54.9,0.03966,0.0,-210.1,264.3,898.2,959.6,-13.17,107.0,232.0,107.0,55.0,100,20000
6.2049,184,2,0,person,0.6045,0.28613,0.51237,0.80322,0.99946,278.9,217.7,264.8,140.3,0.25187,0.0,112.9,320.0,1718.0,1751.2,3.76,146.0,147.0,265.0,140.0,100,20000
6.2293,185,0,56,chair,0.6323,0.21204,0.80924,0.41797,0.99935,161.3,260.4,105.4,54.8,0.03915,0.0,-208.6,265.0,897.0,958.3,-13.09,108.0,233.0,106.0,54.0,100,20000
6.2293,185,1,0,person,0.5967,0.29932,0.51194,0.8042,0.99935,282.5,217.6,258.5,140.4,0.24608,0.0,78.5,196.0,1052.0,1073.0,4.27,153.0,147.0,258.0,140.0,100,20000
6.2293,185,2,62,tv,0.5938,0.6568,0.71707,0.85773,0.99457,387.7,246.5,102.9,79.9,0.05576,0.0,645.2,489.7,1884.1,2050.8,18.9,336.0,206.0,103.0,80.0,100,20000
6.2802,187,0,62,tv,0.6748,0.65668,0.71984,0.85822,0.99371,387.8,246.8,103.2,78.9,0.0552,0.0,647.8,494.1,1891.5,2059.5,18.91,336.0,207.0,103.0,79.0,100,20000
6.2802,187,1,56,chair,0.6538,0.21063,0.8087,0.41992,0.99935,161.4,260.4,107.2,54.9,0.0399,0.0,-228.6,289.2,982.9,1049.8,-13.09,107.0,232.0,108.0,55.0,100,20000
6.2802,187,2,0,person,0.5527,0.30505,0.51302,0.79395,0.99935,281.3,217.8,250.3,140.1,0.23777,0.0,72.1,186.3,1000.2,1020.0,4.12,156.0,147.0,250.0,140.0,100,20000
6.3276,189,0,56,chair,0.582,0.21075,0.80843,0.42157,0.99946,161.9,260.3,107.9,55.0,0.04027,0.0,-215.9,273.0,928.0,991.1,-13.1,107.0,232.0,108.0,55.0,100,20000
6.3276,189,1,0,person,0.5742,0.32776,0.50499,0.75171,0.99924,276.3,216.6,217.1,142.3,0.20954,0.0,38.3,121.1,658.9,671.0,3.33,167.0,145.0,217.0,142.0,100,20000
6.3276,189,2,62,tv,0.5615,0.65863,0.72173,0.85809,0.99512,388.3,247.2,102.1,78.7,0.05453,0.0,645.1,490.2,1876.8,2044.2,18.97,337.0,207.0,102.0,79.0,100,20000
6.364,190,0,56,chair,0.5791,0.21014,0.80637,0.43756,0.99924,165.8,260.0,116.4,55.5,0.04386,0.0,-201.7,268.3,911.8,971.6,-12.47,107.0,232.0,117.0,55.0,100,20000
6.364,190,1,0,person,0.5498,0.31763,0.50369,0.76636,0.99913,277.5,216.4,229.7,142.7,0.22232,0.0,42.8,127.0,691.0,703.9,3.54,162.0,145.0,230.0,142.0,100,20000
6.364,190,2,62,tv,0.5435,0.65771,0.71908,0.85815,0.99577,388.1,246.9,102.6,79.7,0.05546,0.0,642.7,490.2,1876.8,2043.5,18.9,336.0,207.0,103.0,79.0,100,20000
6.3906,191,0,0,person,0.6104,0.29431,0.50347,0.75391,0.99924,268.3,216.4,235.3,142.8,0.22786,0.0,26.1,122.9,669.0,680.7,2.23,150.0,145.0,236.0,142.0,100,20000
6.3906,191,1,56,chair,0.6011,0.21246,0.80653,0.4375,0.99919,166.4,260.0,115.2,55.5,0.04336,0.0,-199.0,266.3,904.9,964.0,-12.4,108.0,232.0,116.0,55.0,100,20000
6.3906,191,2,62,tv,0.5913,0.65979,0.72005,0.85791,0.99599,388.5,247.1,101.4,79.5,0.05467,0.0,655.3,498.0,1906.5,2076.6,18.97,337.0,207.0,102.0,79.0,100,20000
6.4366,192,0,56,chair,0.666,0.2146,0.80632,0.43506,0.99935,166.3,260.0,112.9,55.6,0.04256,0.0,-197.8,263.0,894.0,952.6,-12.48,109.0,232.0,113.0,55.0,100,20000
6.4366,192,1,0,person,0.5776,0.27441,0.50543,0.73718,0.99924,259.0,216.7,236.9,142.2,0.22852,0.0,10.2,125.0,680.1,691.6,0.86,140.0,145.0,237.0,142.0,100,20000
6.5333,194,0,0,person,0.7402,0.2207,0.50434,0.7417,0.99946,246.4,216.5,266.8,142.6,0.25796,0.0,-15.0,164.4,894.9,910.0,-0.96,113.0,145.0,266.0,142.0,100,20000
6.5333,194,1,56,chair,0.6191,0.22437,0.80414,0.42078,0.9994,165.2,259.7,100.6,56.2,0.03835,0.0,-199.4,261.1,891.2,949.8,-12.61,114.0,231.0,101.0,56.0,100,20000
6.5448,195,0,0,person,0.8145,0.22253,0.50499,0.73901,0.99978,246.2,216.7,264.4,142.5,0.25555,0.0,-16.7,170.1,925.8,941.4,-1.03,113.0,145.0,265.0,142.0,100,20000
6.6127,196,0,0,person,0.8325,0.22803,0.50781,0.73242,0.99957,245.9,217.1,258.2,141.6,0.24804,0.0,-16.0,164.3,887.9,903.1,-1.03,116.0,146.0,259.0,141.0,100,20000
6.6127,196,1,62,tv,0.5044,0.65979,0.7213,0.85901,0.99295,388.8,246.9,102.0,78.2,0.05412,0.0,657.9,497.5,1914.0,2084.2,18.97,337.0,207.0,102.0,78.0,100,20000
6.639,198,0,0,person,0.8433,0.23279,0.50933,0.71875,0.99967,243.6,217.3,248.8,141.2,0.23829,0.0,-19.4,155.4,839.9,854.4,-1.32,119.0,146.0,249.0,141.0,100,20000
6.639,198,1,62,tv,0.5562,0.66083,0.72108,0.85864,0.99327,389.0,246.9,101.3,78.4,0.05384,0.0,664.9,503.4,1927.4,2100.1,19.03,338.0,207.0,101.0,79.0,100,20000
6.6483,199,0,0,person,0.8398,0.23425,0.51172,0.7157,0.99957,243.2,217.6,246.5,140.5,0.23488,0.0,-19.4,140.4,753.9,767.1,-1.47,119.0,147.0,247.0,140.0,100,20000
6.7006,200,0,0,person,0.8052,0.23145,0.51107,0.71265,0.99924,241.7,217.5,246.4,140.6,0.23491,0.0,-21.4,135.4,727.0,739.8,-1.69,118.0,147.0,246.0,140.0,100,20000
6.7578,202,0,0,person,0.7368,0.23389,0.51259,0.71094,0.99924,241.9,217.7,244.2,140.2,0.23216,0.0,-22.3,147.2,790.1,804.0,-1.62,119.0,147.0,245.0,140.0,100,20000
6.8179,203,0,0,person,0.7031,0.23169,0.51259,0.71265,0.99902,241.8,217.7,246.3,140.1,0.23395,0.0,-23.6,148.8,798.9,813.0,-1.69,118.0,147.0,246.0,140.0,100,20000
6.83,204,0,0,person,0.6621,0.23718,0.51302,0.7063,0.99913,241.5,217.7,240.2,140.0,0.22804,0.0,-21.1,133.2,715.1,727.7,-1.69,121.0,147.0,240.0,140.0,100,20000
6.9292,206,0,0,person,0.6431,0.19556,0.51389,0.69214,0.99924,227.3,217.9,254.2,139.8,0.24102,0.0,-60.8,175.4,935.2,953.4,-3.72,100.0,148.0,254.0,139.0,100,20000
6.9596,208,0,0,person,0.502,0.20532,0.51541,0.68713,0.99891,228.5,218.1,246.7,139.2,0.23296,0.0,-45.6,136.9,730.0,744.1,-3.57,105.0,148.0,246.0,139.0,100,20000
6.9795,209,0,0,person,0.5039,0.18408,0.51584,0.68958,0.99913,223.7,218.2,258.8,139.2,0.2443,0.0,-145.5,369.2,1968.7,2008.3,-4.23,94.0,148.0,259.0,139.0,100,20000
7.0128,210,0,0,person,0.5137,0.1709,0.51562,0.7002,0.99924,223.0,218.1,271.0,139.3,0.25598,0.0,-168.0,412.1,2197.4,2242.0,-4.37,87.0,148.0,271.0,139.0,100,20000
7.0485,211,0,0,person,0.5396,0.17334,0.51476,0.70312,0.99935,224.4,218.0,271.2,139.6,0.25673,0.0,-158.8,409.8,2185.0,2228.8,-4.16,88.0,148.0,272.0,139.0,100,20000
7.1485,212,0,0,person,0.605,0.13281,0.51107,0.68872,0.99967,210.3,217.5,284.6,140.7,0.27162,0.0,-240.2,413.6,2220.2,2271.1,-6.17,68.0,147.0,284.0,140.0,100,20000
7.1723,214,0,0,person,0.5278,0.18091,0.51107,0.69458,0.99913,224.1,217.5,263.0,140.6,0.2507,0.0,-162.5,409.3,2197.4,2241.1,-4.23,92.0,147.0,263.0,140.0,100,20000
7.1934,215,0,0,person,0.6177,0.04492,0.50911,0.68481,0.99957,186.8,217.2,327.6,141.3,0.31384,0.0,-420.1,463.0,2502.4,2579.3,-9.53,23.0,146.0,327.0,141.0,100,20000
7.232,216,0,0,person,0.5469,0.07129,0.50955,0.68359,0.99957,193.2,217.3,313.5,141.1,0.30004,0.0,-380.3,464.8,2512.2,2583.0,-8.61,36.0,146.0,314.0,141.0,100,20000
7.2943,217,0,0,person,0.52,0.19336,0.5115,0.7019,0.99935,229.2,217.6,260.4,140.5,0.24809,0.0,-132.1,410.3,2202.4,2244.2,-3.43,99.0,147.0,260.0,140.0,100,20000
7.3255,220,0,0,person,0.5659,0.19849,0.5115,0.70068,0.99924,230.2,217.5,257.1,140.5,0.24494,0.0,-135.5,429.9,2307.8,2351.4,-3.36,101.0,147.0,257.0,140.0,100,20000
7.3875,221,0,0,person,0.6128,0.2146,0.51107,0.71179,0.99913,237.2,217.5,254.6,140.6,0.24266,0.0,-102.3,465.6,2499.2,2544.3,-2.34,109.0,147.0,255.0,140.0,100,20000
7.425,222,0,0,person,0.6226,0.2168,0.5102,0.71082,0.99902,237.5,217.3,252.9,140.8,0.24149,0.0,-99.6,464.8,2512.2,2556.8,-2.27,111.0,146.0,252.0,141.0,100,20000
7.456,223,0,0,person,0.5894,0.20264,0.50694,0.70789,0.99902,233.1,216.9,258.7,141.7,0.24862,0.0,-129.0,467.2,2525.3,2571.4,-2.92,103.0,146.0,259.0,141.0,100,20000
7.5039,225,0,0,person,0.5713,0.19946,0.51172,0.71387,0.99935,233.8,217.6,263.4,140.4,0.25084,0.0,-123.2,472.9,2538.6,2585.2,-2.78,102.0,147.0,263.0,140.0,100,20000
7.5708,226,0,0,person,0.6201,0.20703,0.50977,0.71301,0.99902,235.5,217.3,259.1,140.9,0.24755,0.0,-109.8,467.2,2525.3,2570.5,-2.49,106.0,146.0,259.0,141.0,100,20000
7.624,227,0,0,person,0.5073,0.19263,0.51432,0.71558,0.99902,232.5,217.9,267.8,139.6,0.25347,0.0,-132.5,474.9,2531.9,2579.5,-3.0,98.0,148.0,268.0,139.0,100,20000
7.6823,229,0,0,person,0.5029,0.20947,0.51432,0.71277,1.00022,236.1,218.1,257.7,139.9,0.24455,0.0,-109.0,473.7,2508.9,2555.6,-2.49,107.0,148.0,257.0,140.0,100,20000
7.7739,231,0,56,chair,0.521,0.23685,0.80794,0.34818,0.99929,149.8,260.2,57.0,55.1,0.0213,0.0,-248.5,279.2,949.0,1020.0,-14.67,121.0,232.0,57.0,55.0,100,20000
7.8019,233,0,0,person,0.52,0.22815,0.52279,0.60156,0.99891,212.4,219.1,191.2,137.1,0.17779,0.0,-72.8,134.2,705.9,722.2,-5.89,116.0,150.0,192.0,137.0,100,20000
7.8019,233,1,56,chair,0.5015,0.23499,0.80735,0.35144,0.99946,150.1,260.2,59.6,55.3,0.02237,0.0,-252.7,284.0,965.2,1037.4,-14.67,120.0,232.0,59.0,55.0,100,20000
7.8759,234,0,0,person,0.5259,0.23315,0.52214,0.7063,1.00022,240.5,219.2,242.3,137.7,0.2262,0.0,-80.4,480.1,2508.9,2555.7,-1.84,119.0,150.0,242.0,138.0,100,20000
7.924,235,0,0,person,0.5356,0.23413,0.52127,0.70605,1.00043,240.7,219.1,241.6,138.0,0.22613,0.0,-80.5,480.7,2512.2,2559.0,-1.84,119.0,150.0,242.0,138.0,100,20000
7.942,238,0,0,person,0.5015,0.2312,0.52387,0.71423,1.00022,242.0,219.5,247.3,137.2,0.23009,0.0,-70.4,477.0,2492.7,2538.9,-1.62,118.0,150.0,247.0,138.0,100,20000
8.0579,240,0,0,person,0.5059,0.2312,0.52387,0.7124,1.0,241.6,219.4,246.4,137.1,0.22911,0.0,-74.1,480.7,2512.2,2558.8,-1.69,118.0,150.0,246.0,138.0,100,20000
8.0674,242,0,0,person,0.5093,0.23169,0.52669,0.71509,1.00022,242.4,219.9,247.5,136.4,0.2289,0.0,-67.7,483.9,2512.2,2559.3,-1.54,118.0,151.0,248.0,137.0,100,20000
8.1407,243,0,0,person,0.5259,0.23486,0.52517,0.71851,1.0,244.1,219.6,247.6,136.8,0.22965,0.0,-58.2,484.6,2515.4,2562.3,-1.33,120.0,151.0,247.0,137.0,100,20000
8.1806,245,0,0,person,0.5107,0.23389,0.5293,0.71655,1.0,243.3,220.2,247.1,135.6,0.22719,0.0,-64.5,487.1,2512.2,2559.8,-1.47,119.0,152.0,247.0,136.0,100,20000
8.2052,246,0,62,tv,0.5195,0.65979,0.72065,0.85864,0.9936,388.7,246.9,101.8,78.6,0.05428,0.0,659.2,500.9,1917.8,2088.9,18.97,337.0,207.0,102.0,79.0,100,20000
8.2052,246,1,0,person,0.5,0.23169,0.53038,0.71509,0.99891,242.4,220.2,247.5,134.9,0.22649,0.0,-67.3,480.8,2495.9,2542.7,-1.54,118.0,152.0,248.0,135.0,100,20000
8.3495,250,0,0,person,0.5005,0.23364,0.53016,0.72205,1.00022,244.7,220.4,250.1,135.4,0.22958,0.0,-54.8,485.2,2502.4,2549.6,-1.25,119.0,152.0,250.0,136.0,100,20000
8.3901,251,0,0,person,0.5298,0.23145,0.53038,0.72119,0.99902,243.9,220.2,250.7,135.0,0.22951,0.0,-58.0,482.7,2505.6,2552.3,-1.33,118.0,152.0,251.0,135.0,100,20000
8.3901,251,1,56,chair,0.5225,0.23535,0.80436,0.36902,0.99984,154.7,259.8,68.4,56.3,0.02613,0.0,-241.9,283.0,966.1,1035.4,-14.06,120.0,231.0,68.0,56.0,100,20000
8.4246,252,0,0,person,0.5093,0.23096,0.5293,0.72327,1.00022,244.3,220.3,252.1,135.6,0.23184,0.0,-54.8,485.2,2502.4,2549.6,-1.25,118.0,152.0,252.0,136.0,100,20000
8.4879,254,0,0,person,0.5,0.23242,0.5306,0.7196,1.00022,243.7,220.4,249.4,135.3,0.22879,0.0,-58.2,487.1,2512.2,2559.6,-1.33,119.0,152.0,249.0,136.0,100,20000
8.615,258,0,0,person,0.5137,0.23267,0.52951,0.72534,1.00022,245.3,220.3,252.2,135.6,0.2319,0.0,-48.0,480.9,2479.9,2526.6,-1.11,119.0,152.0,252.0,136.0,100,20000
8.6589,259,0,62,tv,0.5044,0.65985,0.71994,0.85779,0.99262,388.5,246.6,101.3,78.5,0.05397,0.0,656.6,496.5,1910.2,2080.0,18.97,337.0,207.0,102.0,78.0,100,20000
8.7575,261,0,0,person,0.5127,0.23486,0.53038,0.71777,1.00043,243.9,220.4,247.2,135.4,0.22699,0.0,-57.9,484.6,2499.2,2546.4,-1.33,120.0,152.0,247.0,136.0,100,20000
8.8138,263,0,0,person,0.5137,0.23389,0.5319,0.72095,1.00043,244.4,220.7,249.4,134.9,0.2282,0.0,-54.8,488.4,2502.4,2550.2,-1.25,119.0,153.0,250.0,135.0,100,20000
8.8946,267,0,0,person,0.5215,0.23022,0.53103,0.72302,0.99902,244.0,220.3,252.3,134.8,0.23063,0.0,-58.2,483.9,2512.2,2559.0,-1.33,117.0,152.0,253.0,135.0,100,20000
8.8946,267,1,62,tv,0.5073,0.6601,0.72021,0.85785,0.99306,388.6,246.7,101.2,78.6,0.05396,0.0,659.9,501.4,1919.7,2091.0,18.97,337.0,207.0,102.0,79.0,100,20000
8.9473,268,0,0,person,0.5029,0.22974,0.53277,0.72632,0.99902,244.8,220.6,254.2,134.3,0.23153,0.0,-55.0,487.1,2512.2,2559.6,-1.25,117.0,153.0,254.0,134.0,100,20000
8.9932,269,0,0,person,0.5127,0.2334,0.5332,0.72009,1.00043,244.1,220.8,249.2,134.6,0.2274,0.0,-57.8,487.1,2495.9,2543.6,-1.33,119.0,153.0,249.0,135.0,100,20000
9.1349,274,0,56,chair,0.5078,0.23569,0.80469,0.36823,0.99962,154.6,259.8,67.9,56.1,0.02584,0.0,-241.2,282.2,963.2,1032.3,-14.06,120.0,231.0,68.0,56.0,100,20000
9.1349,274,1,0,person,0.5034,0.23608,0.53299,0.72107,1.00022,245.0,220.8,248.3,134.6,0.2266,0.0,-40.8,386.6,1980.8,2018.6,-1.18,120.0,153.0,249.0,135.0,100,20000
9.1579,275,0,0,person,0.52,0.23145,0.53342,0.71899,0.99902,243.3,220.7,249.6,134.1,0.227,0.0,-61.4,487.1,2512.2,2559.7,-1.4,118.0,153.0,250.0,134.0,100,20000
9.2155,276,0,0,person,0.5054,0.2334,0.53342,0.71631,1.00022,243.1,220.8,247.2,134.4,0.22542,0.0,-64.1,487.1,2495.9,2543.8,-1.47,119.0,153.0,247.0,135.0,100,20000
9.26,277,0,0,person,0.5054,0.23218,0.5332,0.71704,1.00022,243.0,220.8,248.2,134.5,0.22644,0.0,-64.3,488.4,2502.4,2550.4,-1.47,118.0,153.0,249.0,135.0,100,20000
9.3913,281,0,0,person,0.5186,0.23315,0.53451,0.71924,0.99902,243.8,220.8,248.9,133.8,0.22579,0.0,-57.3,479.6,2473.5,2520.2,-1.33,119.0,153.0,249.0,134.0,100,20000
9.4889,284,0,0,person,0.501,0.23291,0.53516,0.71887,1.00022,243.7,221.1,248.8,133.9,0.226,0.0,-57.8,490.3,2495.9,2544.3,-1.33,119.0,154.0,249.0,134.0,100,20000
9.6525,289,0,0,person,0.501,0.23438,0.53602,0.72339,1.00022,245.2,221.2,250.4,133.7,0.227,0.0,-47.7,484.0,2464.0,2511.5,-1.11,120.0,154.0,250.0,134.0,100,20000
9.6673,291,0,0,person,0.5308,0.22827,0.5306,0.72058,0.99902,242.9,220.3,252.1,134.9,0.23061,0.0,-67.8,484.6,2515.4,2562.6,-1.54,116.0,152.0,252.0,135.0,100,20000
9.7208,292,0,56,chair,0.5884,0.23401,0.8036,0.37579,0.9994,156.1,259.6,72.6,56.4,0.02776,0.0,-238.5,283.3,967.1,1035.6,-13.85,119.0,231.0,73.0,56.0,100,20000
9.7208,292,1,0,person,0.5762,0.22998,0.52843,0.73682,0.99902,247.5,220.0,259.5,135.5,0.23851,0.0,-36.1,487.7,2531.9,2578.7,-0.82,117.0,152.0,260.0,135.0,100,20000
9.7208,292,2,62,tv,0.5107,0.65985,0.71696,0.8576,0.9911,388.5,246.0,101.2,79.0,0.05421,0.0,660.5,497.1,1921.7,2092.0,18.97,337.0,206.0,102.0,79.0,100,20000
9.7776,293,0,56,chair,0.6025,0.2345,0.80122,0.38162,0.99891,157.7,259.2,75.3,56.9,0.02908,0.0,-232.6,281.0,963.2,1030.0,-13.58,120.0,230.0,75.0,57.0,100,20000
9.7776,293,1,0,person,0.5645,0.23218,0.52734,0.724,0.99891,244.8,219.8,251.8,135.8,0.23193,0.0,-55.4,484.5,2531.9,2578.4,-1.25,118.0,151.0,252.0,136.0,100,20000
9.8446,294,0,56,chair,0.626,0.23663,0.80122,0.38977,0.99881,160.4,259.2,78.4,56.9,0.03026,0.0,-226.5,281.0,963.2,1028.6,-13.23,121.0,230.0,78.0,57.0,100,20000
9.8446,294,1,0,person,0.605,0.22729,0.52604,0.71863,0.99881,242.2,219.6,251.6,136.2,0.23229,0.0,-71.1,482.0,2518.7,2565.4,-1.62,116.0,151.0,251.0,136.0,100,20000
9.866,296,0,0,person,0.6973,0.24683,0.52626,0.64612,0.99902,228.6,219.6,204.4,136.2,0.18877,0.0,-50.2,153.6,802.9,819.0,-3.58,126.0,151.0,204.0,136.0,100,20000
9.9429,297,0,0,person,0.7334,0.24915,0.52604,0.64648,0.99902,229.3,219.6,203.4,136.2,0.18793,0.0,-47.3,150.8,788.1,803.8,-3.43,127.0,151.0,204.0,136.0,100,20000
9.9429,297,1,62,tv,0.5093,0.6601,0.71821,0.85754,0.99457,388.5,246.6,101.1,79.6,0.05456,0.0,652.7,493.6,1899.0,2067.8,18.97,337.0,206.0,102.0,80.0,100,20000
9.9737,299,0,0,person,0.6792,0.24512,0.52279,0.76074,0.99924,257.5,219.2,264.0,137.2,0.24567,0.0,27.8,475.1,2499.2,2544.1,0.64,125.0,150.0,264.0,137.0,100,20000
10.016,300,0,0,person,0.6987,0.25305,0.52062,0.64343,0.99913,229.5,218.8,199.9,137.8,0.1868,0.0,-54.7,172.2,911.8,929.5,-3.43,129.0,149.0,200.0,138.0,100,20000
10.0363,301,0,0,person,0.6938,0.24854,0.51997,0.73621,0.99935,252.1,218.8,249.7,138.1,0.23378,0.0,-7.0,468.3,2479.9,2523.7,-0.16,127.0,149.0,249.0,138.0,100,20000
10.1039,302,0,0,person,0.666,0.2533,0.5178,0.64783,0.99902,230.7,218.4,202.0,138.6,0.18986,0.0,-55.5,182.6,967.1,985.8,-3.28,129.0,149.0,202.0,138.0,100,20000
10.1494,303,0,0,person,0.7314,0.25513,0.51845,0.63904,0.99891,228.9,218.5,196.6,138.4,0.18445,0.0,-58.8,181.4,960.8,979.5,-3.5,130.0,149.0,197.0,138.0,100,20000
10.1494,303,1,56,chair,0.5088,0.2627,0.79449,0.40192,0.99935,170.1,258.3,71.3,59.0,0.02852,0.0,-207.4,284.2,982.9,1044.0,-11.92,134.0,228.0,71.0,59.0,100,20000
10.191,306,0,0,person,0.7124,0.25293,0.51649,0.6405,0.99902,228.7,218.2,198.4,139.0,0.18701,0.0,-60.4,181.2,966.1,984.8,-3.58,129.0,148.0,198.0,139.0,100,20000
10.191,306,1,62,tv,0.5142,0.6604,0.71918,0.85693,0.99425,388.4,246.7,100.6,79.2,0.05406,0.0,656.6,499.0,1910.2,2080.6,18.97,338.0,207.0,100.0,79.0,100,20000
10.2205,307,0,0,person,0.6875,0.25488,0.5178,0.64038,0.99902,229.2,218.4,197.4,138.6,0.18551,0.0,-57.0,175.8,931.2,949.4,-3.5,130.0,149.0,197.0,138.0,100,20000
10.2568,308,0,0,person,0.7065,0.25513,0.51801,0.64148,0.99881,229.5,218.4,197.8,138.5,0.18576,0.0,-46.1,145.2,769.0,783.9,-3.43,130.0,149.0,198.0,138.0,100,20000
10.2946,310,0,0,person,0.7607,0.25427,0.51888,0.64136,0.99891,229.3,218.6,198.2,138.2,0.18581,0.0,-48.4,152.4,806.9,822.6,-3.43,130.0,149.0,198.0,138.0,100,20000
10.2946,310,1,56,chair,0.5049,0.26196,0.79438,0.4043,0.99946,170.6,258.3,72.9,59.1,0.02919,0.0,-205.1,284.5,983.9,1044.5,-11.78,134.0,228.0,73.0,59.0,100,20000
10.3365,311,0,0,person,0.7002,0.25354,0.51758,0.64392,0.99902,229.7,218.4,199.9,138.7,0.18794,0.0,-47.6,149.7,793.0,808.4,-3.44,129.0,149.0,200.0,138.0,100,20000
10.3757,312,0,0,person,0.7075,0.25391,0.51649,0.65381,0.99891,232.4,218.2,204.7,138.9,0.19292,0.0,-42.6,152.5,813.0,828.3,-3.0,130.0,148.0,204.0,139.0,100,20000
10.468,313,0,0,person,0.7134,0.25354,0.51649,0.67285,0.99902,237.2,218.2,214.7,139.0,0.20233,0.0,-33.2,152.3,812.0,826.8,-2.34,129.0,148.0,215.0,139.0,100,20000
10.468,313,1,56,chair,0.5044,0.26093,0.79785,0.40338,0.99946,170.1,258.8,72.9,58.1,0.02872,0.0,-208.5,286.9,987.9,1049.6,-11.92,133.0,229.0,73.0,58.0,100,20000
10.468,313,2,62,tv,0.502,0.65991,0.71924,0.85791,0.99447,388.6,246.8,101.4,79.3,0.0545,0.0,647.6,492.1,1884.1,2052.2,18.97,337.0,207.0,102.0,79.0,100,20000
10.5097,315,0,0,person,0.7246,0.2533,0.51345,0.651,0.99902,231.5,217.8,203.6,139.8,0.19311,0.0,-42.9,145.5,781.1,795.7,-3.14,129.0,147.0,204.0,140.0,100,20000
10.57,316,0,0,person,0.7124,0.25244,0.51411,0.65173,0.99902,231.5,217.9,204.4,139.7,0.19362,0.0,-46.3,158.1,842.9,858.8,-3.14,129.0,148.0,204.0,139.0,100,20000
10.6023,317,0,0,person,0.7183,0.24854,0.51302,0.74915,0.99935,255.4,217.8,256.3,140.1,0.24346,0.0,11.8,362.3,1944.9,1978.4,0.35,127.0,147.0,256.0,140.0,100,20000
10.6265,318,0,0,person,0.7139,0.2478,0.51389,0.75183,0.99924,255.9,217.9,258.1,139.8,0.24463,0.0,11.7,362.2,1931.3,1965.0,0.35,126.0,148.0,258.0,139.0,100,20000
10.6712,319,0,0,person,0.6982,0.25269,0.51519,0.67603,0.99902,237.8,218.0,216.8,139.3,0.20482,0.0,-36.0,175.7,937.0,954.0,-2.2,129.0,148.0,217.0,139.0,100,20000
10.7331,321,0,0,person,0.7188,0.2533,0.51606,0.66052,0.99902,233.9,218.2,208.5,139.1,0.19667,0.0,-46.2,178.5,951.8,969.5,-2.78,129.0,148.0,209.0,139.0,100,20000
10.7824,322,0,0,person,0.7124,0.25305,0.51519,0.65332,0.99902,232.0,218.0,204.9,139.3,0.19366,0.0,-44.3,155.1,827.0,842.6,-3.07,129.0,148.0,205.0,139.0,100,20000
10.7824,322,1,62,tv,0.5283,0.65985,0.71902,0.85669,0.99425,388.2,246.7,100.8,79.3,0.05418,0.0,653.5,498.5,1908.4,2077.9,18.9,337.0,207.0,101.0,79.0,100,20000
10.816,324,0,0,person,0.6948,0.24902,0.51562,0.73779,0.99924,252.6,218.1,250.3,139.3,0.23638,0.0,-3.0,356.2,1899.0,1932.1,-0.09,127.0,148.0,250.0,139.0,100,20000
10.9092,326,0,0,person,0.7373,0.24707,0.5178,0.75586,0.99946,256.8,218.5,260.5,138.7,0.24506,0.0,19.0,365.0,1933.2,1967.4,0.56,126.0,149.0,261.0,138.0,100,20000
10.9111,327,0,0,person,0.6958,0.24561,0.51931,0.75903,0.99935,257.2,218.7,262.9,138.3,0.24646,0.0,19.4,372.5,1972.7,2007.7,0.56,125.0,149.0,263.0,138.0,100,20000
10.9508,329,0,0,person,0.7222,0.24463,0.5191,0.74219,0.99924,252.6,218.6,254.8,138.3,0.2389,0.0,-0.7,412.6,2185.0,2223.6,-0.02,125.0,149.0,255.0,138.0,100,20000
10.9508,329,1,56,chair,0.5732,0.25751,0.79872,0.38956,0.99978,165.6,259.0,67.6,57.9,0.02655,0.0,-220.2,288.7,989.9,1054.4,-12.54,131.0,230.0,68.0,57.0,100,20000
10.9934,330,0,0,person,0.665,0.24609,0.523,0.73718,0.99913,251.7,219.2,251.4,137.1,0.23382,0.0,-5.6,373.5,1964.7,1999.9,-0.16,126.0,150.0,251.0,137.0,100,20000
10.9934,330,1,56,chair,0.6079,0.25769,0.80067,0.38687,0.99957,165.0,259.2,66.1,57.3,0.02569,0.0,-219.7,286.4,981.9,1046.1,-12.61,131.0,230.0,67.0,57.0,100,20000
11.0385,331,0,0,person,0.6743,0.24585,0.523,0.72449,0.99913,248.4,219.2,245.1,137.1,0.22789,0.0,-25.5,373.5,1964.7,2000.0,-0.74,125.0,150.0,245.0,137.0,100,20000
11.0385,331,1,56,chair,0.5518,0.25775,0.80252,0.38568,0.99973,164.7,259.5,65.5,56.8,0.02523,0.0,-222.0,289.1,986.9,1052.1,-12.68,131.0,231.0,66.0,56.0,100,20000
11.0928,332,0,0,person,0.6558,0.24463,0.52561,0.72461,0.99902,248.1,219.5,245.7,136.3,0.22723,0.0,-23.2,378.3,1976.8,2012.8,-0.67,125.0,151.0,246.0,136.0,100,20000
11.0928,332,1,56,chair,0.5645,0.25745,0.80339,0.3858,0.99984,164.7,259.7,65.7,56.6,0.02521,0.0,-222.5,289.7,988.9,1054.2,-12.68,131.0,231.0,66.0,56.0,100,20000
11.1213,333,0,0,person,0.6558,0.24292,0.52626,0.71826,0.99902,246.1,219.6,243.4,136.2,0.22472,0.0,-34.9,369.2,1929.3,1964.6,-1.04,124.0,151.0,243.0,136.0,100,20000
11.1213,333,1,56,chair,0.6128,0.25702,0.80404,0.384,0.99962,164.1,259.7,65.0,56.3,0.02483,0.0,-222.4,287.9,982.9,1048.1,-12.75,131.0,231.0,65.0,56.0,100,20000
11.1213,333,2,62,tv,0.5396,0.66028,0.72152,0.85852,0.9949,388.8,247.2,101.5,78.7,0.05419,0.0,663.0,501.9,1921.7,2093.9,19.03,338.0,207.0,101.0,79.0,100,20000
11.1769,335,0,0,person,0.7002,0.25452,0.52322,0.63831,0.99891,228.6,219.2,196.5,137.0,0.18257,0.0,-56.6,172.2,905.8,923.8,-3.58,130.0,150.0,196.0,137.0,100,20000
11.1769,335,1,56,chair,0.5615,0.25879,0.80154,0.38303,0.99973,164.3,259.4,63.6,57.1,0.02462,0.0,-221.8,287.6,985.9,1050.7,-12.68,132.0,230.0,64.0,57.0,100,20000
11.2118,336,0,0,person,0.6304,0.2439,0.52387,0.72266,0.99913,247.4,219.3,245.1,136.9,0.22754,0.0,-28.3,376.9,1982.9,2018.6,-0.82,124.0,150.0,246.0,137.0,100,20000
11.2118,336,1,56,chair,0.6147,0.25775,0.79915,0.3826,0.99951,163.9,259.0,63.9,57.7,0.02501,0.0,-224.8,288.1,987.9,1053.3,-12.82,131.0,230.0,64.0,57.0,100,20000
11.2927,337,0,0,person,0.6089,0.24561,0.52344,0.71558,0.99913,246.1,219.3,240.6,137.0,0.22356,0.0,-45.3,476.3,2505.6,2550.9,-1.04,125.0,150.0,241.0,137.0,100,20000
11.2927,337,1,56,chair,0.5952,0.25769,0.7997,0.38251,0.99962,163.9,259.1,63.9,57.6,0.02495,0.0,-224.8,288.1,987.9,1053.3,-12.82,131.0,230.0,64.0,57.0,100,20000
11.316,339,0,56,chair,0.6104,0.25836,0.80176,0.38156,0.99967,163.8,259.4,63.1,57.0,0.02438,0.0,-224.0,288.7,989.9,1055.2,-12.75,132.0,230.0,63.0,57.0,100,20000
11.316,339,1,0,person,0.6079,0.24609,0.52409,0.7157,0.99902,246.2,219.3,240.4,136.8,0.22303,0.0,-40.7,460.2,2420.8,2464.5,-0.96,126.0,150.0,240.0,137.0,100,20000
11.3707,340,0,0,person,0.623,0.24658,0.52344,0.7229,0.99881,248.2,219.2,243.9,136.9,0.22643,0.0,-29.4,476.3,2505.6,2550.6,-0.67,126.0,150.0,244.0,137.0,100,20000
11.3707,340,1,56,chair,0.6216,0.25934,0.80241,0.37955,0.99962,163.6,259.5,61.5,56.8,0.02371,0.0,-225.7,290.6,992.0,1058.0,-12.82,132.0,231.0,62.0,56.0,100,20000
11.4038,342,0,0,person,0.6729,0.24683,0.52452,0.73889,0.99902,252.3,219.4,251.9,136.7,0.23348,0.0,-3.9,478.2,2499.2,2544.5,-0.09,126.0,151.0,252.0,136.0,100,20000
11.4038,342,1,56,chair,0.5771,0.25885,0.80219,0.3786,0.99978,163.2,259.5,61.3,56.9,0.02366,0.0,-223.5,286.2,976.9,1042.2,-12.89,132.0,231.0,61.0,56.0,100,20000
11.4682,343,0,0,person,0.6626,0.24658,0.52452,0.73816,0.99902,252.1,219.4,251.7,136.7,0.23325,0.0,-7.1,478.2,2499.2,2544.5,-0.16,126.0,151.0,251.0,136.0,100,20000
11.4682,343,1,56,chair,0.5386,0.26138,0.80263,0.37497,0.99908,162.9,259.4,58.2,56.6,0.02231,0.0,-226.6,288.5,984.9,1051.0,-12.96,133.0,231.0,58.0,56.0,100,20000
11.559,344,0,0,person,0.6631,0.24951,0.52452,0.72437,0.99924,249.3,219.4,243.1,136.7,0.22543,0.0,-26.1,477.6,2495.9,2541.3,-0.6,127.0,151.0,243.0,136.0,100,20000
11.559,344,1,56,chair,0.5474,0.26102,0.80165,0.37466,0.99913,162.7,259.3,58.2,56.9,0.02244,0.0,-228.0,289.0,990.9,1057.1,-12.96,133.0,230.0,58.0,57.0,100,20000
11.5613,345,0,0,person,0.6792,0.24658,0.52365,0.73901,0.99902,252.3,219.3,252.1,136.9,0.23409,0.0,-3.9,476.3,2505.6,2550.5,-0.09,126.0,150.0,252.0,137.0,100,20000
11.5613,345,1,56,chair,0.52,0.26102,0.80056,0.37772,0.99897,163.5,259.1,59.8,57.1,0.02315,0.0,-224.5,287.9,986.9,1052.3,-12.82,133.0,230.0,60.0,57.0,100,20000
11.6124,347,0,0,person,0.6147,0.24902,0.52886,0.71667,0.99902,247.2,220.0,239.4,135.4,0.21987,0.0,-38.4,476.5,2473.5,2519.3,-0.89,127.0,152.0,239.0,135.0,100,20000
11.6124,347,1,56,chair,0.5122,0.25867,0.80154,0.37646,0.99984,162.6,259.4,60.3,57.1,0.02336,0.0,-227.1,287.9,986.9,1052.8,-12.96,132.0,230.0,60.0,57.0,100,20000
11.6569,348,0,0,person,0.6182,0.24658,0.53212,0.72937,0.99891,249.8,220.5,247.2,134.4,0.22536,0.0,-19.6,480.2,2476.7,2522.9,-0.45,126.0,153.0,247.0,134.0,100,20000
11.6569,348,1,56,chair,0.5352,0.26178,0.80154,0.37561,0.99924,163.2,259.3,58.3,56.9,0.0225,0.0,-224.1,287.3,984.9,1050.1,-12.82,134.0,230.0,58.0,57.0,100,20000
11.7028,350,0,0,person,0.5923,0.24609,0.53516,0.72241,0.99881,247.9,220.9,243.9,133.5,0.22085,0.0,-32.1,482.8,2473.5,2520.4,-0.74,126.0,154.0,243.0,133.0,100,20000
11.7028,350,1,56,chair,0.5078,0.26151,0.80154,0.37393,0.99919,162.7,259.3,57.6,56.9,0.02222,0.0,-225.9,286.4,981.9,1047.5,-12.96,133.0,230.0,58.0,57.0,100,20000
11.7385,351,0,0,person,0.5806,0.25452,0.53754,0.64905,0.99881,231.3,221.2,202.0,132.8,0.18198,0.0,-44.9,159.6,817.9,834.5,-3.14,130.0,154.0,202.0,133.0,100,20000
11.7385,351,1,56,chair,0.5,0.26117,0.80132,0.37512,0.99913,162.9,259.3,58.3,57.0,0.02254,0.0,-224.4,286.1,980.9,1046.1,-12.89,133.0,230.0,59.0,57.0,100,20000
11.7777,353,0,0,person,0.6118,0.24463,0.53516,0.70935,0.99891,244.2,220.9,237.9,133.6,0.21551,0.0,-52.5,468.4,2399.7,2445.6,-1.25,125.0,154.0,238.0,133.0,100,20000
11.7777,353,1,56,chair,0.583,0.25555,0.80046,0.3739,0.99957,161.1,259.2,60.6,57.3,0.02356,0.0,-230.6,287.6,985.9,1052.6,-13.16,130.0,230.0,61.0,57.0,100,20000
11.8257,354,0,0,person,0.5776,0.24365,0.53646,0.71973,0.99881,246.6,221.1,243.8,133.2,0.22012,0.0,-42.1,489.0,2505.6,2553.2,-0.96,124.0,154.0,244.0,133.0,100,20000
11.8257,354,1,56,chair,0.541,0.2558,0.80176,0.37265,0.99978,160.9,259.4,59.8,57.0,0.02314,0.0,-233.5,289.6,993.0,1060.4,-13.23,130.0,230.0,60.0,57.0,100,20000
11.9185,355,0,0,person,0.5981,0.24438,0.53733,0.71838,0.99891,246.5,221.2,242.7,132.9,0.21879,0.0,-42.3,490.9,2515.4,2563.2,-0.96,125.0,154.0,242.0,133.0,100,20000
11.9185,355,1,56,chair,0.541,0.25586,0.80122,0.37415,0.99967,161.3,259.3,60.6,57.2,0.02347,0.0,-231.0,289.6,993.0,1059.8,-13.1,131.0,230.0,60.0,57.0,100,20000
11.9278,356,0,0,person,0.6147,0.24438,0.53559,0.72363,0.99891,247.8,221.0,245.4,133.4,0.22205,0.0,-32.7,490.9,2515.4,2563.1,-0.74,125.0,154.0,245.0,133.0,100,20000
11.9278,356,1,56,chair,0.5454,0.25513,0.80089,0.37393,0.99967,161.0,259.3,60.8,57.2,0.02362,0.0,-230.6,287.6,985.9,1052.6,-13.16,130.0,230.0,61.0,57.0,100,20000
11.9565,358,0,0,person,0.603,0.24487,0.53733,0.71765,0.99881,246.4,221.2,242.1,132.9,0.21818,0.0,-42.0,487.8,2499.2,2546.7,-0.96,125.0,154.0,242.0,133.0,100,20000
11.9565,358,1,56,chair,0.5288,0.25464,0.801,0.3736,0.99962,160.8,259.3,60.9,57.2,0.02363,0.0,-231.3,288.4,988.9,1055.7,-13.16,130.0,230.0,61.0,57.0,100,20000
12.0165,360,0,0,person,0.6235,0.24634,0.53668,0.71802,0.99902,246.9,221.1,241.5,133.2,0.21808,0.0,-38.9,489.0,2505.6,2553.2,-0.89,126.0,154.0,241.0,133.0,100,20000
12.0165,360,1,56,chair,0.5215,0.25531,0.801,0.37531,0.99967,161.4,259.3,61.4,57.2,0.02384,0.0,-227.7,285.5,978.9,1044.8,-13.09,130.0,230.0,62.0,57.0,100,20000
12.0845,361,0,0,person,0.6265,0.2439,0.53602,0.72766,0.99902,248.7,221.0,247.7,133.3,0.22398,0.0,-29.4,489.0,2505.6,2553.0,-0.67,124.0,154.0,248.0,133.0,100,20000
12.0845,361,1,56,chair,0.5645,0.255,0.80143,0.37341,0.99957,160.9,259.3,60.6,57.1,0.02346,0.0,-231.0,288.1,987.9,1054.7,-13.16,130.0,230.0,61.0,57.0,100,20000
12.1226,362,0,0,person,0.6235,0.24463,0.53971,0.73291,0.99891,250.3,221.6,250.0,132.2,0.22422,0.0,-16.7,492.2,2505.6,2553.5,-0.38,125.0,155.0,250.0,132.0,100,20000
12.1226,362,1,56,chair,0.5859,0.25543,0.80143,0.37448,0.99957,161.3,259.3,61.0,57.1,0.02359,0.0,-232.2,289.6,993.0,1060.1,-13.16,130.0,230.0,61.0,57.0,100,20000
12.1226,362,2,62,tv,0.5049,0.6601,0.71951,0.85797,0.99316,388.6,246.6,101.3,78.8,0.05415,0.0,660.5,501.9,1921.7,2093.1,18.97,337.0,207.0,102.0,79.0,100,20000
12.1754,363,0,0,person,0.6079,0.24463,0.53971,0.72363,0.99891,247.9,221.6,245.2,132.2,0.21996,0.0,-32.6,492.2,2505.6,2553.7,-0.75,125.0,155.0,245.0,132.0,100,20000
12.1754,363,1,56,chair,0.5449,0.25488,0.80067,0.37488,0.99957,161.2,259.2,61.4,57.3,0.02387,0.0,-230.3,287.3,984.9,1051.5,-13.16,130.0,230.0,61.0,57.0,100,20000
12.2219,365,0,0,person,0.6045,0.24536,0.53841,0.72803,0.99881,249.2,221.4,247.1,132.6,0.22222,0.0,-26.0,489.0,2489.5,2537.2,-0.6,125.0,155.0,247.0,132.0,100,20000
12.2219,365,1,56,chair,0.519,0.25537,0.80154,0.37527,0.99967,161.4,259.4,61.4,57.1,0.02376,0.0,-229.8,288.1,987.9,1054.4,-13.09,130.0,230.0,62.0,57.0,100,20000
12.2789,366,0,0,person,0.6104,0.24487,0.53776,0.72498,0.99891,248.3,221.3,245.8,132.8,0.2214,0.0,-29.2,485.3,2486.3,2533.4,-0.67,125.0,154.0,246.0,133.0,100,20000
12.2789,366,1,56,chair,0.521,0.25513,0.80197,0.37448,0.99957,161.2,259.4,61.1,56.9,0.02358,0.0,-229.2,285.8,979.9,1046.1,-13.16,130.0,230.0,61.0,57.0,100,20000
12.3051,368,0,0,person,0.6328,0.24561,0.54036,0.73608,0.99902,251.3,221.7,251.1,132.1,0.22496,0.0,-13.4,488.4,2486.3,2533.9,-0.31,125.0,155.0,251.0,132.0,100,20000
12.3051,368,1,56,chair,0.5615,0.25531,0.80122,0.37476,0.99962,161.3,259.3,61.2,57.1,0.0237,0.0,-229.2,285.8,979.9,1046.1,-13.16,130.0,230.0,61.0,57.0,100,20000
12.3365,369,0,0,person,0.623,0.24561,0.54253,0.73474,0.99891,251.0,222.0,250.4,131.4,0.22323,0.0,-12.9,475.6,2405.7,2452.3,-0.31,125.0,156.0,251.0,131.0,100,20000
12.3365,369,1,56,chair,0.5684,0.25568,0.80132,0.37244,0.99962,160.8,259.3,59.8,57.1,0.02315,0.0,-230.4,285.8,979.9,1046.4,-13.23,130.0,230.0,60.0,57.0,100,20000
12.3863,370,0,0,person,0.6108,0.24414,0.54167,0.72778,0.99891,248.8,221.8,247.6,131.7,0.22114,0.0,-26.3,493.5,2512.2,2560.3,-0.6,125.0,155.0,247.0,132.0,100,20000
12.3863,370,1,56,chair,0.5425,0.25549,0.80197,0.37393,0.99962,161.1,259.4,60.6,56.9,0.02341,0.0,-229.9,286.7,982.9,1049.4,-13.16,130.0,230.0,61.0,57.0,100,20000
12.4403,371,0,0,person,0.6152,0.24341,0.54319,0.73291,0.99891,249.9,222.1,250.6,131.2,0.22307,0.0,-19.8,493.5,2495.9,2544.3,-0.45,124.0,156.0,251.0,131.0,100,20000
12.4403,371,1,56,chair,0.541,0.25543,0.80241,0.37497,0.99973,161.4,259.5,61.2,56.8,0.02359,0.0,-229.2,287.0,979.9,1046.5,-13.16,130.0,231.0,61.0,56.0,100,20000
12.4403,371,2,62,tv,0.5112,0.65997,0.72027,0.85852,0.99382,388.7,246.8,101.7,78.8,0.05431,0.0,661.2,502.4,1923.6,2095.2,18.97,337.0,207.0,102.0,79.0,100,20000
12.4733,372,0,0,person,0.6182,0.24634,0.54188,0.72742,0.99891,249.3,221.9,246.3,131.6,0.21987,0.0,-23.1,496.7,2512.2,2560.9,-0.53,126.0,156.0,246.0,131.0,100,20000
12.5141,374,0,0,person,0.5889,0.24414,0.54384,0.73828,0.99902,251.5,222.2,253.0,131.1,0.22492,0.0,-6.7,465.2,2352.9,2398.5,-0.16,125.0,156.0,253.0,131.0,100,20000
12.5141,374,1,56,chair,0.5366,0.25543,0.80371,0.3732,0.99973,160.9,259.7,60.3,56.5,0.02309,0.0,-230.8,289.1,986.9,1054.0,-13.16,130.0,231.0,61.0,56.0,100,20000
12.5141,374,2,62,tv,0.5039,0.65985,0.71929,0.85797,0.99316,388.6,246.6,101.4,78.9,0.05426,0.0,657.9,500.0,1914.0,2084.8,18.97,337.0,207.0,102.0,79.0,100,20000
12.5789,375,0,0,person,0.603,0.24512,0.54253,0.73987,0.99891,252.2,222.0,253.3,131.4,0.22579,0.0,-7.0,489.7,2476.7,2524.7,-0.16,125.0,156.0,253.0,131.0,100,20000
12.5789,375,1,62,tv,0.5464,0.65997,0.72011,0.85785,0.99306,388.6,246.7,101.3,78.6,0.05401,0.0,661.2,502.4,1923.6,2095.2,18.97,337.0,207.0,102.0,79.0,100,20000
12.5789,375,2,56,chair,0.521,0.25562,0.80393,0.37299,0.99967,160.9,259.7,60.1,56.4,0.02297,0.0,-231.1,287.9,982.9,1049.9,-13.23,130.0,231.0,60.0,56.0,100,20000
12.64,377,0,0,person,0.6001,0.24438,0.54036,0.73889,0.99913,251.7,221.7,253.2,132.1,0.22687,0.0,-7.2,496.1,2525.3,2573.6,-0.16,125.0,155.0,253.0,132.0,100,20000
12.64,377,1,56,chair,0.562,0.25562,0.8036,0.37286,0.99951,160.9,259.6,60.0,56.4,0.02297,0.0,-231.1,287.9,982.9,1049.9,-13.23,130.0,231.0,60.0,56.0,100,20000
12.6824,378,0,56,chair,0.5747,0.25555,0.80414,0.37265,0.99946,160.8,259.7,60.0,56.3,0.02287,0.0,-232.5,289.7,988.9,1056.4,-13.23,130.0,231.0,60.0,56.0,100,20000
12.6824,378,1,0,person,0.5645,0.23999,0.54427,0.74072,0.99891,251.1,222.2,256.4,130.9,0.22765,0.0,-13.6,499.3,2525.3,2574.2,-0.31,122.0,156.0,257.0,131.0,100,20000
12.7294,380,0,56,chair,0.5757,0.25476,0.80523,0.37244,0.99951,160.6,259.9,60.3,56.0,0.02286,0.0,-232.8,290.0,989.9,1057.4,-13.23,130.0,231.0,60.0,56.0,100,20000
12.7294,380,1,0,person,0.5601,0.23877,0.54557,0.74084,0.99913,250.8,222.4,257.1,130.6,0.22772,0.0,-13.5,499.2,2508.9,2558.1,-0.31,122.0,157.0,257.0,130.0,100,20000
12.7367,381,0,0,person,0.5566,0.2395,0.54579,0.73975,0.99902,250.7,222.5,256.1,130.5,0.22673,0.0,-16.7,498.6,2505.6,2554.8,-0.38,122.0,157.0,256.0,130.0,100,20000
12.7367,381,1,56,chair,0.5376,0.25482,0.80556,0.37192,0.99951,160.4,259.9,60.0,55.9,0.02271,0.0,-231.8,290.1,985.9,1053.5,-13.23,130.0,232.0,60.0,55.0,100,20000
12.7584,382,0,56,chair,0.5806,0.255,0.8049,0.37268,0.99951,160.7,259.8,60.3,56.0,0.0229,0.0,-233.0,290.3,990.9,1058.5,-13.23,130.0,231.0,60.0,56.0,100,20000
12.7584,382,1,0,person,0.5664,0.23975,0.54622,0.74084,0.99913,251.0,222.5,256.6,130.4,0.22695,0.0,-13.5,498.6,2505.6,2554.8,-0.31,122.0,157.0,257.0,130.0,100,20000
12.8215,383,0,56,chair,0.5962,0.25549,0.80501,0.37213,0.99946,160.7,259.8,59.7,56.0,0.02268,0.0,-230.9,287.6,981.9,1048.9,-13.23,130.0,231.0,60.0,56.0,100,20000
12.8215,383,1,0,person,0.5518,0.2395,0.54601,0.73767,0.99902,250.2,222.5,255.1,130.5,0.22568,0.0,-19.9,499.9,2512.2,2561.5,-0.45,122.0,157.0,255.0,130.0,100,20000
12.8215,383,2,62,tv,0.5347,0.66003,0.71973,0.85779,0.99251,388.6,246.6,101.3,78.6,0.05394,0.0,655.9,496.0,1908.4,2078.0,18.97,337.0,207.0,102.0,78.0,100,20000
12.8553,385,0,56,chair,0.5967,0.25562,0.80436,0.37238,0.9994,160.8,259.7,59.8,56.2,0.02277,0.0,-230.7,287.3,980.9,1047.8,-13.23,130.0,231.0,60.0,56.0,100,20000
12.8553,385,1,0,person,0.5723,0.24023,0.5421,0.73694,0.99913,250.2,221.9,254.3,131.6,0.22701,0.0,-16.7,496.7,2512.2,2560.9,-0.38,123.0,156.0,254.0,131.0,100,20000
12.9068,387,0,0,person,0.5752,0.24097,0.54492,0.74133,0.99913,251.5,222.3,256.2,130.8,0.22727,0.0,-10.3,496.7,2512.2,2560.9,-0.23,123.0,156.0,256.0,131.0,100,20000
12.9068,387,1,56,chair,0.5635,0.25494,0.80561,0.37238,0.99962,160.6,260.0,60.1,55.9,0.02278,0.0,-231.6,289.8,984.9,1052.4,-13.23,130.0,232.0,60.0,55.0,100,20000
12.9715,388,0,56,chair,0.5796,0.25549,0.80512,0.37189,0.99951,160.6,259.9,59.6,56.0,0.02263,0.0,-230.4,287.0,979.9,1046.7,-13.23,130.0,231.0,60.0,56.0,100,20000
12.9715,388,1,0,person,0.5684,0.24194,0.54557,0.73853,0.99902,251.0,222.4,254.3,130.6,0.22518,0.0,-13.4,497.3,2499.2,2548.2,-0.31,123.0,157.0,255.0,130.0,100,20000
12.9715,388,2,62,tv,0.5103,0.65997,0.71978,0.85809,0.99338,388.6,246.7,101.4,78.8,0.05421,0.0,655.9,498.5,1908.4,2078.6,18.97,337.0,207.0,102.0,79.0,100,20000
12.9966,389,0,0,person,0.5742,0.24243,0.54579,0.73938,0.99902,251.3,222.5,254.4,130.5,0.22523,0.0,-10.3,499.2,2508.9,2558.1,-0.24,124.0,157.0,254.0,130.0,100,20000
12.9966,389,1,56,chair,0.5229,0.25488,0.80545,0.37137,0.99967,160.3,259.9,59.6,55.9,0.02262,0.0,-232.1,289.1,986.9,1054.2,-13.23,130.0,231.0,60.0,56.0,100,20000
13.0384,390,0,0,person,0.5635,0.24146,0.54688,0.74048,0.99902,251.4,222.6,255.5,130.2,0.22563,0.0,-10.4,503.2,2528.6,2578.2,-0.24,123.0,157.0,256.0,130.0,100,20000
13.0384,390,1,56,chair,0.5605,0.25531,0.80501,0.37201,0.99946,160.6,259.8,59.8,56.0,0.02269,0.0,-231.4,288.2,983.9,1051.0,-13.23,130.0,231.0,60.0,56.0,100,20000
13.117,392,0,56,chair,0.5977,0.25568,0.80425,0.37231,0.99946,160.8,259.7,59.7,56.2,0.02277,0.0,-231.1,287.9,982.9,1049.9,-13.23,130.0,231.0,60.0,56.0,100,20000
13.117,392,1,0,person,0.5615,0.24048,0.54492,0.73987,0.99913,251.0,222.3,255.7,130.8,0.22683,0.0,-13.5,496.7,2512.2,2560.9,-0.31,123.0,156.0,255.0,131.0,100,20000
13.1456,393,0,0,person,0.5698,0.2417,0.5447,0.73926,0.99902,251.1,222.3,254.8,130.8,0.22605,0.0,-13.6,499.3,2525.3,2574.2,-0.31,123.0,156.0,255.0,131.0,100,20000
13.1456,393,1,56,chair,0.5688,0.25525,0.8048,0.37143,0.9994,160.4,259.8,59.5,56.0,0.02261,0.0,-231.8,288.8,985.9,1053.2,-13.23,130.0,231.0,60.0,56.0,100,20000
13.1456,393,2,62,tv,0.5142,0.66028,0.71853,0.85736,0.99295,388.5,246.5,100.9,79.0,0.05408,0.0,658.5,495.6,1915.9,2085.6,18.97,338.0,206.0,100.0,79.0,100,20000
13.1828,394,0,0,person,0.5635,0.2417,0.54579,0.73608,0.99902,250.3,222.5,253.1,130.5,0.22407,0.0,-20.0,501.8,2522.0,2571.5,-0.45,123.0,157.0,253.0,130.0,100,20000
13.1828,394,1,56,chair,0.5454,0.25525,0.80534,0.37161,0.99951,160.5,259.9,59.6,55.9,0.02259,0.0,-232.3,289.4,987.9,1055.3,-13.23,130.0,231.0,60.0,56.0,100,20000
13.2342,395,0,56,chair,0.5625,0.25537,0.80545,0.37228,0.99957,160.7,259.9,59.9,55.9,0.02269,0.0,-231.1,287.9,982.9,1049.9,-13.23,130.0,231.0,60.0,56.0,100,20000
13.2342,395,1,0,person,0.5601,0.24146,0.54666,0.73755,0.99913,250.6,222.6,254.0,130.3,0.22447,0.0,-16.6,496.0,2492.7,2541.6,-0.38,123.0,157.0,254.0,130.0,100,20000
13.2997,397,0,56,chair,0.5767,0.25555,0.80512,0.37167,0.99951,160.6,259.9,59.5,56.0,0.02257,0.0,-231.1,287.9,982.9,1049.9,-13.23,130.0,231.0,60.0,56.0,100,20000
13.2997,397,1,0,person,0.5625,0.24072,0.54688,0.74268,0.99902,251.8,222.6,257.0,130.2,0.22696,0.0,-7.1,497.9,2502.4,2551.5,-0.16,123.0,157.0,257.0,130.0,100,20000
13.309,398,0,56,chair,0.5562,0.255,0.8049,0.37161,0.99946,160.4,259.8,59.7,56.0,0.02269,0.0,-230.4,287.0,979.9,1046.7,-13.23,130.0,231.0,60.0,56.0,100,20000
13.309,398,1,0,person,0.5537,0.24097,0.54688,0.7395,0.99902,251.0,222.6,255.2,130.2,0.22541,0.0,-13.5,499.9,2512.2,2561.5,-0.31,123.0,157.0,255.0,130.0,100,20000
13.4038,399,0,0,person,0.5752,0.24316,0.54427,0.74292,0.99924,252.4,222.3,255.9,131.0,0.22738,0.0,-4.0,499.3,2525.3,2574.2,-0.09,124.0,156.0,256.0,131.0,100,20000
13.4038,399,1,56,chair,0.5264,0.25592,0.80447,0.3725,0.99967,160.9,259.8,59.7,56.2,0.02276,0.0,-231.0,289.4,987.9,1055.0,-13.16,131.0,231.0,59.0,56.0,100,20000
13.4038,399,2,62,tv,0.5195,0.66022,0.71929,0.85822,0.99295,388.7,246.6,101.4,78.8,0.05418,0.0,664.9,501.0,1927.4,2099.5,19.03,338.0,207.0,101.0,78.0,100,20000
13.4322,401,0,0,person,0.5615,0.24194,0.54167,0.73108,0.99913,249.1,221.9,250.4,131.7,0.22376,0.0,-26.1,494.1,2499.2,2547.7,-0.6,123.0,156.0,251.0,131.0,100,20000
13.4322,401,1,56,chair,0.5078,0.25476,0.8049,0.37207,0.99973,160.5,259.9,60.1,56.1,0.02286,0.0,-231.6,288.5,984.9,1052.1,-13.23,130.0,231.0,60.0,56.0,100,20000
13.4881,402,0,0,person,0.5439,0.24365,0.54362,0.74573,0.99913,253.3,222.2,257.1,131.2,0.2287,0.0,-0.8,494.8,2502.4,2550.8,-0.02,124.0,156.0,257.0,131.0,100,20000
13.4881,402,1,56,chair,0.54,0.2547,0.80523,0.3707,0.99967,160.1,259.9,59.4,56.0,0.02256,0.0,-230.5,285.6,974.9,1041.7,-13.3,130.0,231.0,59.0,56.0,100,20000
13.4881,402,2,62,tv,0.5171,0.65991,0.71967,0.85846,0.99382,388.7,246.7,101.7,79.0,0.05443,0.0,663.2,504.0,1929.3,2101.4,18.97,337.0,207.0,102.0,79.0,100,20000
13.5338,404,0,0,person,0.5508,0.24194,0.54449,0.74182,0.99902,251.8,222.3,255.9,130.9,0.22721,0.0,-10.3,496.7,2512.2,2560.9,-0.23,123.0,156.0,256.0,131.0,100,20000
13.5338,404,1,56,chair,0.5098,0.25803,0.80371,0.36972,0.99908,160.7,259.6,57.2,56.3,0.02182,0.0,-230.3,288.5,984.9,1051.8,-13.16,132.0,231.0,57.0,56.0,100,20000
13.5815,405,0,0,person,0.5283,0.24146,0.54622,0.73645,0.99902,250.3,222.5,253.4,130.4,0.22413,0.0,-16.5,492.8,2476.7,2525.3,-0.38,123.0,157.0,254.0,130.0,100,20000
13.5815,405,1,56,chair,0.519,0.25555,0.80556,0.36957,0.99967,160.0,260.0,58.4,55.9,0.02213,0.0,-232.1,288.9,981.9,1049.5,-13.3,130.0,232.0,59.0,55.0,100,20000
13.5832,406,0,56,chair,0.5269,0.25629,0.80317,0.36768,0.99891,159.7,259.5,57.0,56.4,0.0218,0.0,-231.9,287.3,980.9,1048.1,-13.3,131.0,231.0,57.0,56.0,100,20000
13.5832,406,1,0,person,0.5264,0.24146,0.54384,0.72986,0.99902,248.7,222.2,250.1,131.1,0.22231,0.0,-29.2,492.8,2492.7,2541.1,-0.67,123.0,156.0,250.0,131.0,100,20000
13.6334,408,0,0,person,0.5576,0.24414,0.54167,0.73218,0.99924,249.9,221.9,249.9,131.8,0.22331,0.0,-19.8,494.1,2499.2,2547.7,-0.45,125.0,156.0,249.0,131.0,100,20000
13.6334,408,1,56,chair,0.5073,0.2565,0.80328,0.36667,0.99881,159.5,259.5,56.4,56.3,0.02154,0.0,-233.9,288.2,983.9,1051.6,-13.37,131.0,231.0,56.0,56.0,100,20000
13.6723,410,0,0,person,0.5542,0.24292,0.54579,0.73694,0.99902,250.8,222.5,252.9,130.5,0.2239,0.0,-13.5,497.9,2502.4,2551.5,-0.31,124.0,157.0,253.0,130.0,100,20000
13.6723,410,1,62,tv,0.5078,0.65997,0.72103,0.85773,0.99262,388.5,246.8,101.3,78.2,0.05371,0.0,661.2,500.0,1923.6,2094.6,18.97,337.0,207.0,102.0,78.0,100,20000
13.7197,411,0,0,person,0.5566,0.24341,0.54405,0.74158,0.99902,252.2,222.2,255.1,131.0,0.22665,0.0,-7.1,494.1,2499.2,2547.6,-0.16,124.0,156.0,255.0,131.0,100,20000
13.7197,411,1,56,chair,0.5073,0.25687,0.80349,0.36517,0.99902,159.2,259.6,55.4,56.3,0.02118,0.0,-235.1,288.2,983.9,1051.9,-13.44,131.0,231.0,55.0,56.0,100,20000
13.7197,411,2,62,tv,0.5039,0.65985,0.72065,0.85754,0.99382,388.5,246.9,101.2,78.7,0.054,0.0,657.9,500.0,1914.0,2084.8,18.97,337.0,207.0,102.0,79.0,100,20000
13.7574,413,0,0,person,0.5352,0.24414,0.54427,0.73535,0.99902,250.7,222.2,251.5,131.0,0.22338,0.0,-13.4,493.5,2495.9,2544.3,-0.31,125.0,156.0,251.0,131.0,100,20000
13.7574,413,1,56,chair,0.5005,0.25668,0.80382,0.36456,0.99891,159.0,259.6,55.2,56.2,0.02105,0.0,-235.3,288.5,984.9,1052.9,-13.44,131.0,231.0,55.0,56.0,100,20000
13.7968,414,0,0,person,0.5469,0.24365,0.54188,0.73718,0.99891,251.1,221.9,252.7,131.6,0.22556,0.0,-13.5,494.8,2502.4,2550.9,-0.31,124.0,156.0,253.0,131.0,100,20000
13.7968,414,1,62,tv,0.52,0.65979,0.71973,0.85822,0.99295,388.6,246.6,101.6,78.7,0.05422,0.0,659.2,498.5,1917.8,2088.3,18.97,337.0,207.0,102.0,78.0,100,20000
13.8465,415,0,0,person,0.5684,0.24561,0.53971,0.74084,0.99902,252.5,221.6,253.6,132.3,0.22746,0.0,-3.9,489.0,2489.5,2537.1,-0.09,125.0,155.0,254.0,132.0,100,20000
13.9026,417,0,0,person,0.542,0.24414,0.54145,0.73828,0.99891,251.5,221.8,253.0,131.7,0.22605,0.0,-7.1,490.9,2499.2,2547.0,-0.16,125.0,155.0,253.0,132.0,100,20000
13.9026,417,1,56,chair,0.5142,0.25723,0.80404,0.36444,0.99897,159.1,259.6,54.9,56.1,0.0209,0.0,-235.3,288.5,984.9,1052.9,-13.44,131.0,231.0,55.0,56.0,100,20000
13.9026,417,2,62,tv,0.5142,0.6601,0.72038,0.85828,0.99143,388.7,246.5,101.5,78.1,0.05372,0.0,659.9,499.0,1919.7,2090.4,18.97,337.0,207.0,102.0,78.0,100,20000
13.9402,418,0,0,person,0.5293,0.24268,0.54253,0.73645,0.99902,250.7,222.0,252.8,131.5,0.2254,0.0,-13.6,498.6,2522.0,2570.9,-0.31,124.0,156.0,253.0,131.0,100,20000
13.9402,418,1,56,chair,0.5068,0.25641,0.80425,0.36539,0.99891,159.2,259.7,55.8,56.1,0.02121,0.0,-235.5,290.3,990.9,1059.1,-13.37,131.0,231.0,56.0,56.0,100,20000
13.9665,419,0,0,person,0.5273,0.24243,0.54275,0.73706,0.99902,250.7,222.0,253.3,131.4,0.22568,0.0,-13.5,496.7,2512.2,2560.9,-0.31,124.0,156.0,253.0,131.0,100,20000
13.9957,421,0,0,person,0.5576,0.24414,0.54297,0.73535,0.99902,250.7,222.0,251.5,131.3,0.22402,0.0,-13.4,493.5,2495.9,2544.3,-0.31,125.0,156.0,251.0,131.0,100,20000
13.9957,421,1,56,chair,0.5068,0.25638,0.80349,0.36484,0.99902,159.0,259.6,55.5,56.3,0.02121,0.0,-234.6,287.6,981.9,1049.7,-13.44,131.0,231.0,55.0,56.0,100,20000
13.9957,421,2,62,tv,0.5044,0.65991,0.72087,0.85773,0.99306,388.5,246.8,101.3,78.4,0.05384,0.0,663.8,504.5,1931.3,2103.6,18.97,337.0,207.0,102.0,79.0,100,20000
14.0557,423,0,0,person,0.5518,0.24414,0.54253,0.73987,0.99913,251.9,222.0,253.8,131.5,0.22635,0.0,-7.1,491.6,2486.3,2534.4,-0.16,125.0,156.0,253.0,131.0,100,20000
14.0792,424,0,0,person,0.5537,0.24512,0.54102,0.73035,0.99913,249.7,221.8,248.4,131.9,0.22229,0.0,-23.1,493.5,2512.2,2560.3,-0.53,125.0,155.0,248.0,132.0,100,20000
14.1203,425,0,0,person,0.5581,0.2439,0.53971,0.73645,0.99891,251.0,221.6,252.2,132.2,0.22618,0.0,-13.5,494.1,2515.4,2563.5,-0.31,124.0,155.0,253.0,132.0,100,20000
14.1203,425,1,56,chair,0.5088,0.25641,0.80414,0.36435,0.99891,158.9,259.6,55.3,56.1,0.02102,0.0,-234.1,287.0,979.9,1047.6,-13.44,131.0,231.0,55.0,56.0,100,20000
14.1666,426,0,0,person,0.5474,0.24414,0.54145,0.73755,0.99902,251.3,221.8,252.6,131.8,0.22577,0.0,-10.3,492.9,2508.9,2556.9,-0.24,125.0,155.0,252.0,132.0,100,20000
14.1666,426,1,56,chair,0.5039,0.2565,0.80382,0.36655,0.99886,159.5,259.6,56.3,56.2,0.02146,0.0,-234.3,288.8,985.9,1053.7,-13.37,131.0,231.0,56.0,56.0,100,20000
14.2049,427,0,0,person,0.5498,0.24341,0.54058,0.73474,0.99913,250.4,221.7,251.6,132.1,0.2253,0.0,-16.7,492.9,2508.9,2556.9,-0.38,124.0,155.0,252.0,132.0,100,20000
14.2049,427,1,56,chair,0.5054,0.25656,0.80382,0.36542,0.99886,159.2,259.6,55.7,56.2,0.02123,0.0,-234.1,288.5,984.9,1052.6,-13.37,131.0,231.0,56.0,56.0,100,20000
14.2742,428,0,0,person,0.5591,0.24365,0.54384,0.73828,0.99902,251.4,222.2,253.3,131.1,0.22515,0.0,-10.3,493.5,2495.9,2544.2,-0.24,124.0,156.0,254.0,131.0,100,20000
14.2742,428,1,56,chair,0.5098,0.25681,0.80349,0.3645,0.99902,159.1,259.6,55.1,56.3,0.02106,0.0,-235.1,288.2,983.9,1051.9,-13.44,131.0,231.0,55.0,56.0,100,20000
14.3279,429,0,0,person,0.5576,0.24365,0.54275,0.73779,0.99902,251.2,222.0,253.0,131.4,0.22546,0.0,-13.4,491.6,2486.3,2534.5,-0.31,124.0,156.0,253.0,131.0,100,20000
14.3827,430,0,0,person,0.5708,0.24585,0.54297,0.73364,0.99902,250.7,222.0,249.7,131.3,0.22246,0.0,-16.7,496.7,2512.2,2560.9,-0.38,125.0,156.0,250.0,131.0,100,20000
14.3874,431,0,0,person,0.582,0.24561,0.54167,0.73914,0.99902,252.1,221.9,252.7,131.7,0.22572,0.0,-7.1,491.6,2486.3,2534.4,-0.16,125.0,156.0,253.0,131.0,100,20000
14.3874,431,1,62,tv,0.5117,0.66016,0.71978,0.8576,0.98947,388.5,246.1,101.1,77.7,0.05325,0.0,663.0,497.1,1921.7,2092.8,19.03,338.0,207.0,101.0,77.0,100,20000
14.3874,431,2,56,chair,0.5049,0.25671,0.80393,0.36346,0.99875,158.8,259.6,54.7,56.1,0.0208,0.0,-234.9,287.9,982.9,1050.8,-13.44,131.0,231.0,55.0,56.0,100,20000
14.4602,433,0,0,person,0.5273,0.24268,0.54384,0.73987,0.99902,251.5,222.2,254.6,131.1,0.22631,0.0,-10.3,496.7,2512.2,2560.9,-0.23,124.0,156.0,254.0,131.0,100,20000
14.4602,433,1,56,chair,0.5005,0.25653,0.80436,0.36441,0.99886,159.0,259.7,55.2,56.0,0.02098,0.0,-234.9,287.9,982.9,1050.8,-13.44,131.0,231.0,55.0,56.0,100,20000
14.4793,435,0,0,person,0.5552,0.24243,0.53993,0.73474,0.99902,250.2,221.6,252.1,132.2,0.22601,0.0,-16.8,496.1,2525.3,2573.6,-0.38,124.0,155.0,252.0,132.0,100,20000
14.5227,437,0,0,person,0.5498,0.2439,0.54123,0.73547,0.99902,250.7,221.8,251.7,131.8,0.22504,0.0,-16.7,493.5,2512.2,2560.3,-0.38,124.0,155.0,252.0,132.0,100,20000
14.5481,438,0,0,person,0.5552,0.24316,0.54405,0.73438,0.99902,250.3,222.2,251.5,131.0,0.22349,0.0,-16.6,494.1,2499.2,2547.6,-0.38,124.0,156.0,252.0,131.0,100,20000
14.5941,439,0,0,person,0.5562,0.24341,0.5447,0.73108,0.99902,249.5,222.3,249.7,130.8,0.22156,0.0,-23.0,495.4,2505.6,2554.2,-0.53,124.0,156.0,250.0,131.0,100,20000
14.5941,439,1,62,tv,0.5181,0.65997,0.72049,0.85852,0.99262,388.7,246.7,101.7,78.4,0.05403,0.0,658.5,498.0,1915.9,2086.2,18.97,337.0,207.0,102.0,78.0,100,20000
14.6596,440,0,0,person,0.5737,0.24561,0.54232,0.72913,0.99891,249.5,221.9,247.6,131.5,0.22077,0.0,-22.7,489.0,2473.5,2521.5,-0.53,125.0,156.0,248.0,131.0,100,20000
14.6596,440,1,62,tv,0.5356,0.65979,0.72059,0.85779,0.99143,388.5,246.5,101.4,78.0,0.05363,0.0,657.2,497.0,1912.1,2082.1,18.97,337.0,207.0,102.0,78.0,100,20000
14.6957,441,0,0,person,0.542,0.24316,0.54253,0.73401,0.99891,250.2,222.0,251.3,131.4,0.22401,0.0,-19.8,494.8,2502.4,2550.9,-0.45,124.0,156.0,251.0,131.0,100,20000
14.7345,442,0,0,person,0.5435,0.24268,0.54492,0.73352,0.99891,249.9,222.3,251.3,130.7,0.22284,0.0,-19.8,493.5,2495.9,2544.3,-0.45,124.0,156.0,251.0,131.0,100,20000
14.764,443,0,0,person,0.5635,0.24414,0.54145,0.73279,0.99902,250.1,221.8,250.2,131.8,0.22359,0.0,-16.6,491.6,2502.4,2550.3,-0.38,125.0,155.0,250.0,132.0,100,20000
14.7857,445,0,0,person,0.5522,0.24414,0.53928,0.73425,0.99891,250.5,221.5,250.9,132.4,0.22527,0.0,-16.6,490.9,2499.2,2547.0,-0.38,125.0,155.0,250.0,132.0,100,20000
14.8346,446,0,0,person,0.5459,0.24463,0.54102,0.73499,0.99902,250.8,221.8,251.1,131.9,0.22458,0.0,-13.3,485.3,2470.4,2517.7,-0.31,125.0,155.0,251.0,132.0,100,20000
14.8816,447,0,0,person,0.5693,0.24609,0.54188,0.73193,0.99902,250.4,221.9,248.8,131.7,0.2221,0.0,-16.6,494.1,2499.2,2547.6,-0.38,126.0,156.0,248.0,131.0,100,20000
14.8816,447,1,62,tv,0.5059,0.66003,0.71935,0.85858,0.99034,388.8,246.2,101.7,78.0,0.05381,0.0,660.5,499.5,1921.7,2092.5,18.97,337.0,207.0,102.0,78.0,100,20000
14.8816,447,2,56,chair,0.5049,0.25668,0.80469,0.36447,0.99886,159.0,259.7,55.2,55.9,0.02093,0.0,-234.1,287.0,979.9,1047.6,-13.44,131.0,231.0,55.0,56.0,100,20000
14.9156,449,0,0,person,0.5449,0.24341,0.54253,0.73303,0.99902,250.0,222.0,250.7,131.5,0.22351,0.0,-20.0,499.3,2525.3,2574.3,-0.45,124.0,156.0,251.0,131.0,100,20000
14.9156,449,1,56,chair,0.5137,0.2572,0.80382,0.3638,0.99897,159.0,259.6,54.6,56.2,0.0208,0.0,-233.9,286.8,978.9,1046.5,-13.44,131.0,231.0,55.0,56.0,100,20000
15.0021,450,0,0,person,0.5591,0.24414,0.54167,0.73181,0.99891,249.8,221.8,249.7,131.7,0.22298,0.0,-19.8,491.6,2502.4,2550.3,-0.45,125.0,155.0,249.0,132.0,100,20000
15.0423,452,0,0,person,0.5269,0.24316,0.54449,0.73779,0.99902,251.1,222.3,253.3,130.9,0.22482,0.0,-13.4,493.5,2495.9,2544.3,-0.31,124.0,156.0,253.0,131.0,100,20000
15.0423,452,1,56,chair,0.5098,0.25681,0.8048,0.36359,0.99902,158.8,259.8,54.7,55.9,0.02074,0.0,-235.6,288.8,985.9,1054.0,-13.44,131.0,231.0,55.0,56.0,100,20000
15.0945,453,0,0,person,0.5376,0.24414,0.54427,0.73511,0.99902,250.7,222.2,251.4,131.0,0.22327,0.0,-13.5,496.0,2508.9,2557.5,-0.31,125.0,156.0,251.0,131.0,100,20000
15.0945,453,1,62,tv,0.5151,0.65991,0.72119,0.85779,0.99316,388.5,246.9,101.3,78.3,0.05382,0.0,656.6,499.0,1910.2,2080.6,18.97,337.0,207.0,102.0,79.0,100,20000
15.0945,453,2,56,chair,0.501,0.25684,0.8049,0.36502,0.99891,159.2,259.7,55.4,55.9,0.02099,0.0,-235.3,288.5,984.9,1052.9,-13.44,131.0,231.0,55.0,56.0,100,20000
15.153,454,0,0,person,0.5522,0.24268,0.54232,0.73999,0.99902,251.6,222.0,254.6,131.5,0.22712,0.0,-10.3,494.8,2502.4,2550.9,-0.24,124.0,156.0,254.0,131.0,100,20000
15.153,454,1,62,tv,0.5312,0.65991,0.72141,0.85809,0.99208,388.6,246.7,101.5,78.0,0.05364,0.0,657.2,497.0,1912.1,2082.1,18.97,337.0,207.0,102.0,78.0,100,20000
15.1625,455,0,0,person,0.5469,0.24414,0.5434,0.74158,0.99913,252.3,222.1,254.7,131.3,0.2267,0.0,-3.9,490.3,2479.9,2527.9,-0.09,125.0,156.0,254.0,131.0,100,20000
15.1625,455,1,62,tv,0.522,0.65997,0.72016,0.85797,0.99154,388.6,246.5,101.4,78.2,0.05373,0.0,655.3,495.6,1906.5,2076.0,18.97,337.0,207.0,102.0,78.0,100,20000
15.1625,455,2,56,chair,0.5034,0.25684,0.8048,0.36502,0.99897,159.2,259.7,55.4,55.9,0.02101,0.0,-234.1,287.0,979.9,1047.6,-13.44,131.0,231.0,55.0,56.0,100,20000
15.2191,457,0,62,tv,0.5405,0.6601,0.72092,0.85791,0.99186,388.6,246.6,101.3,78.0,0.05359,0.0,661.2,500.0,1923.6,2094.6,18.97,337.0,207.0,102.0,78.0,100,20000
15.2191,457,1,0,person,0.5332,0.24268,0.54232,0.74316,0.99902,252.4,222.0,256.2,131.5,0.22857,0.0,-3.9,494.1,2499.2,2547.6,-0.09,124.0,156.0,256.0,131.0,100,20000
15.2683,458,0,0,person,0.5474,0.24316,0.54297,0.73987,0.99913,251.7,222.1,254.3,131.4,0.22658,0.0,-10.3,496.0,2508.9,2557.5,-0.24,124.0,156.0,254.0,131.0,100,20000
15.2683,458,1,62,tv,0.5229,0.65991,0.7213,0.85809,0.99306,388.6,246.9,101.5,78.3,0.05386,0.0,661.8,502.9,1925.5,2097.2,18.97,337.0,207.0,102.0,79.0,100,20000
15.2683,458,2,56,chair,0.5044,0.25659,0.80371,0.36612,0.99897,159.4,259.6,56.1,56.2,0.02139,0.0,-235.3,290.0,989.9,1058.0,-13.37,131.0,231.0,56.0,56.0,100,20000
15.3171,459,0,0,person,0.5498,0.24292,0.54123,0.73499,0.99902,250.3,221.8,251.9,131.8,0.22526,0.0,-16.7,492.2,2505.6,2553.5,-0.38,124.0,155.0,252.0,132.0,100,20000
15.3171,459,1,56,chair,0.5093,0.25656,0.80436,0.36526,0.99902,159.2,259.7,55.7,56.1,0.02116,0.0,-234.3,288.8,985.9,1053.7,-13.37,131.0,231.0,56.0,56.0,100,20000
15.3971,461,0,0,person,0.5293,0.24316,0.54514,0.73975,0.99902,251.6,222.4,254.3,130.7,0.22539,0.0,-10.2,494.1,2483.1,2531.8,-0.24,124.0,157.0,254.0,130.0,100,20000
15.3971,461,1,62,tv,0.5088,0.65985,0.72005,0.85828,0.99338,388.6,246.7,101.6,78.7,0.05424,0.0,659.2,500.9,1917.8,2088.9,18.97,337.0,207.0,102.0,79.0,100,20000
15.3971,461,2,56,chair,0.5029,0.25638,0.80436,0.36691,0.99891,159.6,259.7,56.6,56.0,0.0215,0.0,-233.4,287.6,981.9,1049.4,-13.37,131.0,231.0,56.0,56.0,100,20000
15.4244,463,0,0,person,0.5469,0.24463,0.54253,0.73596,0.99902,251.0,222.0,251.6,131.5,0.22429,0.0,-13.5,494.8,2502.4,2550.9,-0.31,125.0,156.0,251.0,131.0,100,20000
15.4244,463,1,62,tv,0.5249,0.65985,0.72043,0.85791,0.99295,388.5,246.7,101.4,78.5,0.05398,0.0,659.9,499.0,1919.7,2090.4,18.97,337.0,207.0,102.0,78.0,100,20000
15.4879,464,0,0,person,0.5566,0.24365,0.54319,0.73682,0.99913,251.0,222.1,252.5,131.3,0.22486,0.0,-13.5,496.0,2508.9,2557.5,-0.31,124.0,156.0,253.0,131.0,100,20000
15.4879,464,1,56,chair,0.5107,0.25662,0.80425,0.36621,0.99891,159.4,259.7,56.1,56.1,0.02133,0.0,-234.3,288.8,985.9,1053.7,-13.37,131.0,231.0,56.0,56.0,100,20000
15.5166,465,0,0,person,0.5337,0.24243,0.5421,0.73389,0.99902,249.9,221.9,251.6,131.6,0.22456,0.0,-19.9,496.7,2512.2,2560.9,-0.45,124.0,156.0,251.0,131.0,100,20000
15.5166,465,1,62,tv,0.5225,0.65991,0.72108,0.85791,0.99349,388.6,246.9,101.4,78.5,0.05394,0.0,661.2,502.4,1923.6,2095.2,18.97,337.0,207.0,102.0,79.0,100,20000
15.5166,465,2,56,chair,0.5195,0.25693,0.80414,0.36688,0.99897,159.7,259.6,56.3,56.1,0.02142,0.0,-234.3,288.8,985.9,1053.7,-13.37,131.0,231.0,56.0,56.0,100,20000
15.5742,466,0,62,tv,0.5483,0.65985,0.71994,0.85754,0.99382,388.5,246.8,101.2,78.9,0.05414,0.0,657.9,500.0,1914.0,2084.8,18.97,337.0,207.0,102.0,79.0,100,20000
15.5742,466,1,0,person,0.5347,0.24438,0.54362,0.73706,0.99902,251.2,222.1,252.3,131.2,0.22437,0.0,-10.3,495.4,2505.6,2554.1,-0.24,125.0,156.0,252.0,131.0,100,20000
15.5742,466,2,56,chair,0.5229,0.25674,0.80371,0.36584,0.99908,159.4,259.6,55.9,56.3,0.02131,0.0,-235.3,290.0,989.9,1058.0,-13.37,131.0,231.0,56.0,56.0,100,20000
15.5897,467,0,0,person,0.5391,0.24341,0.54362,0.73328,0.99913,250.0,222.2,250.8,131.2,0.22314,0.0,-19.9,496.7,2512.2,2560.9,-0.45,124.0,156.0,251.0,131.0,100,20000
15.5897,467,1,62,tv,0.5181,0.65991,0.72038,0.85852,0.99382,388.7,246.8,101.7,78.8,0.05431,0.0,657.2,499.5,1912.1,2082.7,18.97,337.0,207.0,102.0,79.0,100,20000
15.5897,467,2,56,chair,0.5083,0.25708,0.80469,0.36609,0.99891,159.5,259.7,55.8,55.9,0.02117,0.0,-233.9,288.2,983.9,1051.6,-13.37,131.0,231.0,56.0,56.0,100,20000
15.6098,468,0,0,person,0.5474,0.24438,0.54449,0.73352,0.99902,250.3,222.3,250.4,130.9,0.22233,0.0,-16.6,492.2,2489.5,2537.7,-0.38,125.0,156.0,250.0,131.0,100,20000
15.6098,468,1,56,chair,0.5,0.25687,0.80371,0.36664,0.99891,159.6,259.6,56.2,56.2,0.02143,0.0,-233.6,287.9,982.9,1050.5,-13.37,131.0,231.0,56.0,56.0,100,20000
15.6579,471,0,0,person,0.5293,0.24438,0.54449,0.73047,0.99902,249.6,222.3,248.9,130.9,0.22094,0.0,-19.8,493.5,2495.9,2544.3,-0.45,125.0,156.0,249.0,131.0,100,20000
15.6579,471,1,56,chair,0.5254,0.25665,0.80414,0.36658,0.99886,159.5,259.6,56.3,56.1,0.02141,0.0,-233.9,288.2,983.9,1051.6,-13.37,131.0,231.0,56.0,56.0,100,20000
15.7169,473,0,0,person,0.5469,0.24341,0.54319,0.73486,0.99891,250.4,222.1,251.6,131.2,0.22396,0.0,-16.7,496.7,2512.2,2560.9,-0.38,124.0,156.0,252.0,131.0,100,20000
15.7169,473,1,56,chair,0.5195,0.25717,0.80436,0.36621,0.99897,159.6,259.7,55.8,56.0,0.02122,0.0,-232.4,286.5,977.9,1045.2,-13.37,131.0,231.0,56.0,56.0,100,20000
15.7902,474,0,0,person,0.5171,0.24292,0.54405,0.73352,0.99891,250.0,222.2,251.2,131.0,0.22315,0.0,-19.8,494.1,2499.2,2547.7,-0.45,124.0,156.0,251.0,131.0,100,20000
15.7902,474,1,56,chair,0.5073,0.25699,0.80425,0.36649,0.99913,159.6,259.7,56.1,56.1,0.02134,0.0,-235.1,289.7,988.9,1056.9,-13.37,131.0,231.0,56.0,56.0,100,20000
15.8046,476,0,0,person,0.5215,0.24316,0.54557,0.73779,0.99902,251.1,222.4,253.3,130.6,0.22429,0.0,-13.5,497.9,2502.4,2551.5,-0.31,124.0,157.0,253.0,130.0,100,20000
15.8046,476,1,56,chair,0.5117,0.25696,0.8048,0.36548,0.99897,159.3,259.7,55.6,55.9,0.02107,0.0,-233.4,287.6,981.9,1049.4,-13.37,131.0,231.0,56.0,56.0,100,20000
15.8678,477,0,0,person,0.5117,0.2439,0.54557,0.73706,0.99891,251.1,222.4,252.5,130.6,0.22357,0.0,-13.5,499.9,2512.2,2561.5,-0.31,124.0,157.0,253.0,130.0,100,20000
15.8678,477,1,62,tv,0.5059,0.65979,0.72049,0.85803,0.99306,388.6,246.8,101.5,78.5,0.05403,0.0,656.6,499.0,1910.2,2080.6,18.97,337.0,207.0,102.0,79.0,100,20000
15.8678,477,2,56,chair,0.5039,0.25674,0.8048,0.36707,0.99891,159.7,259.7,56.5,55.9,0.02142,0.0,-232.7,286.8,978.9,1046.3,-13.37,131.0,231.0,56.0,56.0,100,20000
15.885,478,0,0,person,0.5225,0.24341,0.54427,0.73303,0.99902,250.0,222.2,250.7,131.0,0.22265,0.0,-20.0,499.3,2525.3,2574.3,-0.45,124.0,156.0,251.0,131.0,100,20000
15.885,478,1,56,chair,0.5142,0.25677,0.80382,0.36618,0.99908,159.5,259.6,56.0,56.2,0.02136,0.0,-233.4,287.6,981.9,1049.4,-13.37,131.0,231.0,56.0,56.0,100,20000
15.885,478,2,62,tv,0.5098,0.65997,0.72076,0.85815,0.99295,388.6,246.8,101.5,78.4,0.05394,0.0,664.5,502.5,1933.2,2105.1,18.97,337.0,207.0,102.0,78.0,100,20000
15.9479,479,0,62,tv,0.5454,0.65991,0.72097,0.85773,0.99327,388.5,246.9,101.3,78.4,0.05387,0.0,660.5,501.9,1921.7,2093.1,18.97,337.0,207.0,102.0,79.0,100,20000
15.9479,479,1,56,chair,0.5269,0.2569,0.80545,0.36584,0.99902,159.4,259.8,55.8,55.7,0.02109,0.0,-235.1,289.7,988.9,1056.9,-13.37,131.0,231.0,56.0,56.0,100,20000
15.9479,479,2,0,person,0.5078,0.24316,0.54492,0.7356,0.99891,250.6,222.3,252.1,130.7,0.22356,0.0,-16.7,496.7,2512.2,2560.9,-0.38,124.0,156.0,252.0,131.0,100,20000
15.9998,480,0,56,chair,0.5322,0.2572,0.80447,0.36484,0.99908,159.2,259.7,55.1,56.0,0.02095,0.0,-237.0,290.6,992.0,1060.5,-13.44,131.0,231.0,55.0,56.0,100,20000
15.9998,480,1,62,tv,0.5259,0.65991,0.72016,0.85822,0.99327,388.6,246.7,101.5,78.7,0.05416,0.0,663.8,504.5,1931.3,2103.6,18.97,337.0,207.0,102.0,79.0,100,20000
15.9998,480,2,0,person,0.5225,0.24341,0.54622,0.7384,0.99902,251.3,222.5,253.4,130.4,0.22413,0.0,-10.3,499.2,2508.9,2558.1,-0.24,124.0,157.0,254.0,130.0,100,20000
16.021,481,0,0,person,0.5176,0.24268,0.54557,0.73535,0.99902,250.4,222.4,252.2,130.6,0.2234,0.0,-16.7,499.9,2512.2,2561.5,-0.38,124.0,157.0,252.0,130.0,100,20000
16.021,481,1,56,chair,0.5063,0.25717,0.80414,0.36792,0.99902,160.0,259.7,56.7,56.1,0.02158,0.0,-234.3,290.3,990.9,1058.8,-13.3,131.0,231.0,57.0,56.0,100,20000
16.052,483,0,56,chair,0.5195,0.25711,0.80393,0.3681,0.99913,160.1,259.6,56.8,56.2,0.02167,0.0,-232.8,288.5,984.9,1052.4,-13.3,131.0,231.0,57.0,56.0,100,20000
16.052,483,1,0,person,0.5181,0.24463,0.54666,0.73279,0.99902,250.2,222.6,249.9,130.3,0.22082,0.0,-16.7,498.6,2505.6,2554.8,-0.38,125.0,157.0,250.0,130.0,100,20000
16.0943,484,0,0,person,0.521,0.24316,0.54644,0.7334,0.99891,250.0,222.5,251.0,130.3,0.22182,0.0,-19.9,499.9,2512.2,2561.5,-0.45,124.0,157.0,251.0,130.0,100,20000
16.0943,484,1,56,chair,0.5171,0.25665,0.80425,0.36823,0.99897,160.0,259.7,57.1,56.1,0.02173,0.0,-233.1,288.8,985.9,1053.4,-13.3,131.0,231.0,57.0,56.0,100,20000
16.1781,485,0,0,person,0.5342,0.24341,0.54753,0.73328,0.99891,250.0,222.7,250.8,130.0,0.22112,0.0,-19.9,501.2,2518.7,2568.2,-0.45,124.0,157.0,251.0,130.0,100,20000
16.1781,485,1,56,chair,0.5137,0.25653,0.80393,0.3667,0.99891,159.5,259.6,56.4,56.2,0.02148,0.0,-232.4,286.5,977.9,1045.2,-13.37,131.0,231.0,56.0,56.0,100,20000
16.1781,485,2,62,tv,0.5117,0.65985,0.71973,0.85779,0.99338,388.5,246.7,101.3,78.8,0.05417,0.0,661.2,502.4,1923.6,2095.2,18.97,337.0,207.0,102.0,79.0,100,20000
16.1943,486,0,0,person,0.5332,0.2439,0.54709,0.73193,0.99902,249.8,222.6,249.9,130.2,0.22056,0.0,-23.1,500.5,2515.4,2564.8,-0.53,124.0,157.0,250.0,130.0,100,20000
16.1943,486,1,56,chair,0.5083,0.25644,0.80371,0.36688,0.99891,159.6,259.6,56.5,56.2,0.02156,0.0,-234.3,288.8,985.9,1053.7,-13.37,131.0,231.0,56.0,56.0,100,20000
16.2596,488,0,0,person,0.541,0.2439,0.54709,0.73438,0.99891,250.4,222.6,251.1,130.1,0.22161,0.0,-16.7,499.9,2512.2,2561.5,-0.38,124.0,157.0,252.0,130.0,100,20000
16.2596,488,1,56,chair,0.5215,0.25687,0.80414,0.36591,0.99908,159.4,259.7,55.8,56.1,0.02126,0.0,-234.8,289.4,987.9,1055.9,-13.37,131.0,231.0,56.0,56.0,100,20000
16.317,489,0,0,person,0.5439,0.24414,0.54666,0.73596,0.99902,250.9,222.6,251.8,130.3,0.22248,0.0,-13.5,499.2,2508.9,2558.1,-0.31,125.0,157.0,251.0,130.0,100,20000
16.317,489,1,56,chair,0.5054,0.25702,0.80349,0.36853,0.99897,160.1,259.6,57.1,56.3,0.0218,0.0,-233.1,288.8,985.9,1053.4,-13.3,131.0,231.0,57.0,56.0,100,20000
16.368,491,0,0,person,0.5454,0.24438,0.54796,0.73804,0.99902,251.5,222.8,252.8,129.9,0.22267,0.0,-10.2,494.7,2486.3,2535.1,-0.24,125.0,157.0,252.0,130.0,100,20000
16.368,491,1,56,chair,0.5078,0.25699,0.80339,0.36725,0.99902,159.8,259.5,56.5,56.3,0.02157,0.0,-232.4,287.9,982.9,1050.2,-13.3,131.0,231.0,57.0,56.0,100,20000
16.3957,492,0,0,person,0.5386,0.24316,0.54666,0.73706,0.99891,250.9,222.6,252.9,130.2,0.22337,0.0,-13.5,499.9,2512.2,2561.5,-0.31,124.0,157.0,253.0,130.0,100,20000
16.3957,492,1,56,chair,0.5078,0.25674,0.8036,0.36655,0.99897,159.6,259.6,56.2,56.3,0.02145,0.0,-234.3,288.8,985.9,1053.7,-13.37,131.0,231.0,56.0,56.0,100,20000
16.4424,493,0,0,person,0.5439,0.24316,0.54709,0.7373,0.99902,251.0,222.6,253.0,130.2,0.22332,0.0,-13.5,499.9,2512.2,2561.5,-0.31,124.0,157.0,253.0,130.0,100,20000
16.4424,493,1,62,tv,0.541,0.65997,0.71967,0.85767,0.99349,388.5,246.7,101.2,78.9,0.05413,0.0,661.2,502.4,1923.6,2095.2,18.97,337.0,207.0,102.0,79.0,100,20000
16.4424,493,2,56,chair,0.5132,0.25653,0.80295,0.36578,0.99897,159.3,259.5,55.9,56.5,0.02142,0.0,-234.3,288.8,985.9,1053.7,-13.37,131.0,231.0,56.0,56.0,100,20000
16.4806,495,0,0,person,0.5542,0.24512,0.54688,0.73901,0.99902,251.9,222.6,252.9,130.2,0.22331,0.0,-7.1,499.9,2512.2,2561.5,-0.16,125.0,157.0,253.0,130.0,100,20000
16.4806,495,1,56,chair,0.5122,0.25629,0.80393,0.3663,0.99902,159.4,259.6,56.3,56.2,0.02146,0.0,-234.3,288.8,985.9,1053.7,-13.37,131.0,231.0,56.0,56.0,100,20000
16.5471,497,0,0,person,0.5337,0.24316,0.54731,0.73376,0.99891,250.1,222.7,251.2,130.1,0.22155,0.0,-19.9,499.9,2512.2,2561.5,-0.45,124.0,157.0,251.0,130.0,100,20000
16.5471,497,1,56,chair,0.5186,0.25647,0.80349,0.36606,0.99902,159.4,259.6,56.1,56.3,0.02143,0.0,-233.6,287.9,982.9,1050.5,-13.37,131.0,231.0,56.0,56.0,100,20000
16.6012,498,0,0,person,0.5464,0.24438,0.54774,0.73901,0.99913,251.7,222.7,253.3,130.0,0.22327,0.0,-7.1,496.6,2495.9,2544.8,-0.16,125.0,157.0,253.0,130.0,100,20000
16.6306,499,0,0,person,0.5327,0.24316,0.54731,0.73792,0.99902,251.2,222.7,253.3,130.1,0.22349,0.0,-13.6,501.8,2522.0,2571.5,-0.31,124.0,157.0,253.0,130.0,100,20000
16.6306,499,1,56,chair,0.5049,0.25687,0.80382,0.36548,0.99891,159.3,259.6,55.6,56.2,0.02119,0.0,-235.3,290.0,989.9,1058.0,-13.37,131.0,231.0,56.0,56.0,100,20000
16.6614,501,0,0,person,0.5332,0.24292,0.54796,0.73547,0.99902,250.5,222.8,252.2,129.9,0.22217,0.0,-16.7,499.2,2508.9,2558.1,-0.38,124.0,157.0,252.0,130.0,100,20000
16.6614,501,1,56,chair,0.5024,0.25656,0.8036,0.36719,0.99886,159.7,259.6,56.6,56.2,0.0216,0.0,-233.3,289.1,986.9,1054.5,-13.3,131.0,231.0,57.0,56.0,100,20000
16.7347,503,0,0,person,0.5376,0.24268,0.54839,0.74194,0.99913,252.1,222.8,255.6,129.8,0.22504,0.0,-7.2,502.5,2525.3,2574.8,-0.16,124.0,157.0,255.0,130.0,100,20000
16.7347,503,1,56,chair,0.5112,0.25668,0.80425,0.36792,0.99902,159.9,259.7,57.0,56.1,0.02167,0.0,-233.8,289.7,988.9,1056.7,-13.3,131.0,231.0,57.0,56.0,100,20000
16.7795,504,0,56,chair,0.5308,0.25693,0.80436,0.36667,0.99902,159.6,259.7,56.2,56.1,0.02136,0.0,-233.4,287.6,981.9,1049.4,-13.37,131.0,231.0,56.0,56.0,100,20000
16.7795,504,1,0,person,0.522,0.2417,0.54839,0.73584,0.99902,250.3,222.8,253.0,129.8,0.22267,0.0,-19.8,497.9,2502.4,2551.5,-0.45,123.0,157.0,253.0,130.0,100,20000
16.7795,504,2,62,tv,0.5142,0.6601,0.72076,0.85779,0.9924,388.6,246.7,101.2,78.2,0.0537,0.0,658.5,498.0,1915.9,2086.2,18.97,337.0,207.0,102.0,78.0,100,20000
16.8235,505,0,0,person,0.5376,0.24365,0.54818,0.73792,0.99902,251.3,222.8,253.1,129.8,0.22284,0.0,-13.5,499.9,2512.2,2561.5,-0.31,124.0,157.0,253.0,130.0,100,20000
16.8235,505,1,62,tv,0.5244,0.6601,0.72114,0.85797,0.9924,388.6,246.7,101.3,78.1,0.05367,0.0,660.5,499.5,1921.7,2092.5,18.97,337.0,207.0,102.0,78.0,100,20000
16.8235,505,2,56,chair,0.52,0.25687,0.80371,0.36563,0.99908,159.4,259.6,55.7,56.3,0.02125,0.0,-233.9,288.2,983.9,1051.6,-13.37,131.0,231.0,56.0,56.0,100,20000
16.8509,506,0,0,person,0.5425,0.2439,0.54883,0.7417,0.99902,252.3,222.9,254.9,129.7,0.2241,0.0,-7.1,497.2,2483.1,2532.4,-0.16,124.0,158.0,255.0,129.0,100,20000
16.8509,506,1,56,chair,0.5288,0.25674,0.80414,0.36319,0.99902,158.7,259.7,54.5,56.1,0.02074,0.0,-236.8,288.8,985.9,1054.3,-13.51,131.0,231.0,54.0,56.0,100,20000
16.8919,508,0,0,person,0.5493,0.24365,0.54839,0.73682,0.99913,251.0,222.8,252.5,129.8,0.22229,0.0,-13.5,500.5,2515.4,2564.7,-0.31,124.0,157.0,253.0,130.0,100,20000
16.8919,508,1,56,chair,0.5117,0.2565,0.80425,0.36276,0.99897,158.5,259.7,54.4,56.1,0.02069,0.0,-236.8,288.8,985.9,1054.3,-13.51,131.0,231.0,54.0,56.0,100,20000
16.9433,509,0,0,person,0.5308,0.2439,0.54709,0.73352,0.99891,250.2,222.6,250.7,130.1,0.22122,0.0,-19.9,499.9,2512.2,2561.5,-0.45,124.0,157.0,251.0,130.0,100,20000
16.9433,509,1,56,chair,0.5239,0.25699,0.80469,0.36221,0.99897,158.5,259.7,53.9,56.0,0.02044,0.0,-236.6,288.5,984.9,1053.2,-13.51,131.0,231.0,54.0,56.0,100,20000
16.9893,511,0,0,person,0.54,0.24365,0.54688,0.73901,0.99913,251.6,222.6,253.6,130.2,0.22403,0.0,-10.4,502.5,2525.3,2574.8,-0.24,124.0,157.0,254.0,130.0,100,20000
16.9893,511,1,56,chair,0.5396,0.25711,0.80534,0.36108,0.99913,158.3,259.8,53.2,55.8,0.02015,0.0,-238.1,288.8,985.9,1054.6,-13.58,131.0,231.0,53.0,56.0,100,20000
17.0238,512,0,56,chair,0.5405,0.25702,0.80512,0.36139,0.99902,158.3,259.8,53.4,55.8,0.02024,0.0,-237.1,289.1,986.9,1055.4,-13.51,131.0,231.0,54.0,56.0,100,20000
17.0238,512,1,0,person,0.5391,0.24316,0.54796,0.73779,0.99891,251.1,222.7,253.3,129.9,0.22305,0.0,-13.6,503.2,2528.6,2578.2,-0.31,124.0,157.0,253.0,130.0,100,20000
17.0896,513,0,0,person,0.5474,0.24194,0.54818,0.74243,0.99891,252.0,222.8,256.3,129.8,0.22559,0.0,-7.2,503.8,2531.9,2581.5,-0.16,123.0,157.0,257.0,130.0,100,20000
17.0896,513,1,56,chair,0.5264,0.25726,0.80469,0.36157,0.99908,158.4,259.7,53.4,56.0,0.02028,0.0,-236.6,288.5,984.9,1053.2,-13.51,131.0,231.0,54.0,56.0,100,20000
17.1336,515,0,0,person,0.5493,0.24292,0.54796,0.74207,0.99902,252.2,222.8,255.6,129.9,0.22515,0.0,-7.1,499.9,2512.2,2561.5,-0.16,124.0,157.0,255.0,130.0,100,20000
17.1336,515,1,56,chair,0.5117,0.25696,0.80512,0.36249,0.99897,158.6,259.8,54.0,55.8,0.02046,0.0,-236.6,288.5,984.9,1053.2,-13.51,131.0,231.0,54.0,56.0,100,20000
17.1951,516,0,0,person,0.5508,0.24341,0.54774,0.74011,0.99902,251.8,222.7,254.3,130.0,0.22415,0.0,-10.3,499.9,2512.2,2561.5,-0.23,124.0,157.0,254.0,130.0,100,20000
17.1951,516,1,56,chair,0.5244,0.25714,0.80469,0.36282,0.99902,158.7,259.7,54.1,56.0,0.02054,0.0,-237.1,289.1,986.9,1055.4,-13.51,131.0,231.0,54.0,56.0,100,20000
17.1951,516,2,62,tv,0.5039,0.66003,0.72027,0.85767,0.99349,388.5,246.8,101.2,78.7,0.054,0.0,661.8,502.9,1925.5,2097.2,18.97,337.0,207.0,102.0,79.0,100,20000
17.1955,517,0,56,chair,0.5439,0.25684,0.80501,0.36108,0.99908,158.2,259.8,53.4,55.9,0.02023,0.0,-237.6,288.2,983.9,1052.4,-13.58,131.0,231.0,53.0,56.0,100,20000
17.1955,517,1,0,person,0.5371,0.2439,0.54731,0.74365,0.99891,252.8,222.7,255.9,130.1,0.22569,0.0,-4.0,503.2,2528.6,2578.2,-0.09,124.0,157.0,256.0,130.0,100,20000
17.1955,517,2,62,tv,0.519,0.66003,0.72038,0.85809,0.9924,388.6,246.6,101.4,78.3,0.05388,0.0,661.8,500.5,1925.5,2096.7,18.97,337.0,207.0,102.0,78.0,100,20000
17.2623,518,0,0,person,0.5332,0.24243,0.54731,0.74219,0.99891,252.1,222.7,255.9,130.1,0.22569,0.0,-3.9,497.9,2502.4,2551.5,-0.09,124.0,157.0,256.0,130.0,100,20000
17.2623,518,1,56,chair,0.5176,0.25647,0.80566,0.36398,0.99897,158.8,259.9,55.0,55.7,0.02078,0.0,-234.9,289.2,982.9,1051.1,-13.44,131.0,232.0,55.0,55.0,100,20000
17.3638,520,0,0,person,0.5483,0.24438,0.54709,0.74377,0.99891,253.0,222.6,255.7,130.1,0.22563,0.0,-0.8,497.3,2499.2,2548.2,-0.02,125.0,157.0,255.0,130.0,100,20000
17.3638,520,1,56,chair,0.521,0.25751,0.80556,0.36102,0.99902,158.3,259.9,53.0,55.7,0.02003,0.0,-237.8,289.8,984.9,1053.8,-13.57,131.0,232.0,53.0,55.0,100,20000
17.3643,521,0,0,person,0.5493,0.24414,0.54666,0.73914,0.99891,251.7,222.6,253.4,130.2,0.22386,0.0,-6.9,486.6,2445.3,2493.3,-0.16,125.0,157.0,253.0,130.0,100,20000
17.3643,521,1,56,chair,0.5239,0.25723,0.80577,0.36148,0.99902,158.4,259.9,53.4,55.7,0.02015,0.0,-235.9,288.9,981.9,1050.4,-13.51,131.0,232.0,54.0,55.0,100,20000
17.3643,521,2,62,tv,0.5044,0.66003,0.72103,0.85803,0.99273,388.6,246.8,101.4,78.2,0.0538,0.0,663.8,502.0,1931.3,2103.0,18.97,337.0,207.0,102.0,78.0,100,20000
17.3852,522,0,56,chair,0.5464,0.25745,0.80642,0.36017,0.99913,158.1,260.0,52.6,55.5,0.0198,0.0,-236.6,288.3,979.9,1048.5,-13.57,131.0,232.0,53.0,55.0,100,20000
17.3852,522,1,0,person,0.522,0.24487,0.54579,0.74146,0.99891,252.5,222.4,254.3,130.5,0.22501,0.0,-3.9,499.9,2512.2,2561.5,-0.09,125.0,157.0,254.0,130.0,100,20000
17.4278,524,0,0,person,0.5249,0.24658,0.54688,0.73889,0.99902,252.3,222.6,252.1,130.2,0.22259,0.0,-3.9,496.6,2495.9,2544.8,-0.09,126.0,157.0,252.0,130.0,100,20000
17.4278,524,1,56,chair,0.521,0.25708,0.80697,0.35602,0.99908,157.0,260.1,50.7,55.3,0.01901,0.0,-239.4,288.6,980.9,1050.1,-13.72,131.0,232.0,51.0,55.0,100,20000
17.4687,525,0,56,chair,0.5312,0.25671,0.80675,0.3562,0.99908,156.9,260.0,50.9,55.4,0.01913,0.0,-241.6,291.3,989.9,1059.8,-13.72,131.0,232.0,51.0,55.0,100,20000
17.4687,525,1,0,person,0.502,0.24414,0.54731,0.73645,0.99902,251.0,222.7,252.1,130.1,0.22238,0.0,-10.3,497.3,2499.2,2548.2,-0.24,125.0,157.0,252.0,130.0,100,20000
17.549,526,0,56,chair,0.5249,0.25723,0.80653,0.35803,0.99913,157.5,260.0,51.6,55.5,0.01941,0.0,-237.6,288.0,978.9,1047.7,-13.64,131.0,232.0,52.0,55.0,100,20000
17.549,526,1,0,person,0.5029,0.24487,0.54753,0.73999,0.99913,252.1,222.7,253.5,130.1,0.2236,0.0,-7.1,499.9,2512.2,2561.5,-0.16,125.0,157.0,253.0,130.0,100,20000
17.5849,528,0,56,chair,0.5366,0.25717,0.80718,0.35452,0.99902,156.6,260.1,49.8,55.2,0.01868,0.0,-241.3,289.5,983.9,1053.6,-13.78,131.0,232.0,50.0,55.0,100,20000
17.6209,529,0,56,chair,0.542,0.25742,0.80849,0.35461,0.99908,156.7,260.3,49.8,54.9,0.01852,0.0,-242.3,290.7,987.9,1057.9,-13.78,131.0,232.0,50.0,55.0,100,20000
17.6209,529,1,0,person,0.5142,0.24365,0.54514,0.72607,1.00022,248.2,222.5,247.0,131.1,0.21954,0.0,-32.4,499.8,2495.9,2545.7,-0.74,124.0,157.0,247.0,131.0,100,20000
17.7201,531,0,56,chair,0.5508,0.25748,0.80827,0.35339,0.99913,156.4,260.3,49.1,55.0,0.01831,0.0,-243.3,290.4,986.9,1057.1,-13.85,131.0,232.0,49.0,55.0,100,20000
17.7201,531,1,0,person,0.5068,0.24658,0.54731,0.72668,1.0,249.2,222.8,245.8,130.4,0.21734,0.0,-22.9,499.2,2492.7,2542.3,-0.53,126.0,157.0,246.0,131.0,100,20000
17.7296,532,0,56,chair,0.5273,0.25732,0.80816,0.35361,0.99908,156.4,260.2,49.3,55.0,0.01838,0.0,-239.9,287.7,977.9,1047.2,-13.78,131.0,232.0,50.0,55.0,100,20000
17.7296,532,1,0,person,0.5073,0.24536,0.54753,0.72473,1.0,248.3,222.8,245.4,130.3,0.2169,0.0,-29.2,498.5,2489.5,2539.1,-0.67,125.0,157.0,246.0,131.0,100,20000
17.7667,533,0,56,chair,0.5337,0.25665,0.80805,0.35336,0.99919,156.2,260.2,49.5,55.0,0.01849,0.0,-241.9,288.6,980.9,1050.7,-13.85,131.0,232.0,49.0,55.0,100,20000
17.7667,533,1,0,person,0.5073,0.24463,0.54622,0.72168,1.00022,247.4,222.7,244.2,130.8,0.21658,0.0,-35.7,501.1,2502.4,2552.3,-0.82,125.0,157.0,244.0,131.0,100,20000
17.8186,534,0,56,chair,0.5352,0.25717,0.80805,0.35397,0.99924,156.5,260.2,49.6,55.1,0.01851,0.0,-239.6,287.4,976.9,1046.1,-13.78,131.0,232.0,50.0,55.0,100,20000
17.8186,534,1,0,person,0.5083,0.2478,0.54557,0.72668,1.00022,249.5,222.6,245.2,130.9,0.21772,0.0,-23.1,503.1,2512.2,2562.2,-0.53,126.0,157.0,246.0,131.0,100,20000
17.8546,535,0,56,chair,0.5435,0.25705,0.80849,0.35364,0.99908,156.3,260.3,49.5,54.9,0.01841,0.0,-238.9,286.5,973.9,1042.9,-13.78,131.0,232.0,50.0,55.0,100,20000
17.8546,535,1,0,person,0.5039,0.24463,0.54622,0.72241,1.0,247.6,222.7,244.6,130.7,0.21681,0.0,-35.5,497.9,2486.3,2535.9,-0.82,125.0,157.0,244.0,131.0,100,20000
17.9036,538,0,56,chair,0.5464,0.25763,0.80794,0.35516,0.99908,156.9,260.2,49.9,55.0,0.01864,0.0,-240.6,288.6,980.9,1050.4,-13.78,131.0,232.0,50.0,55.0,100,20000
17.9036,538,1,0,person,0.5098,0.24536,0.54753,0.72522,1.00022,248.5,222.9,245.7,130.4,0.21723,0.0,-29.1,497.2,2483.1,2532.6,-0.67,125.0,157.0,246.0,131.0,100,20000
17.9876,540,0,0,person,0.5391,0.24585,0.54861,0.74255,0.99913,253.0,222.9,254.3,129.7,0.22377,0.0,-0.7,496.0,2476.7,2525.9,-0.02,125.0,158.0,255.0,129.0,100,20000
17.9876,540,1,56,chair,0.5347,0.25757,0.80686,0.35788,0.99913,157.6,260.1,51.4,55.4,0.01929,0.0,-238.6,289.2,982.9,1052.0,-13.64,131.0,232.0,52.0,55.0,100,20000
18.0159,541,0,0,person,0.541,0.24731,0.54926,0.74072,0.99913,252.9,223.0,252.6,129.6,0.22197,0.0,-0.8,499.2,2492.7,2542.2,-0.02,126.0,158.0,253.0,129.0,100,20000
18.0159,541,1,56,chair,0.5366,0.25748,0.80632,0.35794,0.99913,157.5,260.0,51.4,55.5,0.01937,0.0,-237.2,287.4,976.9,1045.6,-13.65,131.0,232.0,52.0,55.0,100,20000
18.0268,542,0,56,chair,0.5439,0.25726,0.80664,0.35922,0.99913,157.8,260.0,52.2,55.4,0.01963,0.0,-237.6,288.0,978.9,1047.7,-13.64,131.0,232.0,52.0,55.0,100,20000
18.0268,542,1,0,person,0.5425,0.24536,0.55425,0.75305,0.99902,255.6,223.7,259.9,128.1,0.22581,0.0,14.7,490.3,2433.0,2482.0,0.35,125.0,159.0,260.0,128.0,100,20000
18.0268,542,2,62,tv,0.5205,0.65985,0.72108,0.85791,0.99295,388.5,246.8,101.4,78.3,0.05385,0.0,661.8,500.5,1925.5,2096.7,18.97,337.0,207.0,102.0,78.0,100,20000
18.064,543,0,0,person,0.5728,0.24927,0.56662,0.74536,0.99902,254.6,225.5,254.0,124.5,0.21451,0.0,7.0,409.7,1982.9,2024.8,0.2,127.0,163.0,254.0,124.0,100,20000
18.064,543,1,56,chair,0.5312,0.25735,0.80577,0.35907,0.99908,157.8,259.9,52.1,55.7,0.01966,0.0,-236.0,286.0,972.0,1040.3,-13.65,131.0,232.0,52.0,55.0,100,20000
18.1033,544,0,0,person,0.5635,0.24854,0.57682,0.75037,0.99902,255.7,226.9,256.9,121.6,0.21187,0.0,14.5,418.5,1989.0,2032.6,0.42,127.0,166.0,257.0,121.0,100,20000
18.1033,544,1,62,tv,0.5322,0.65985,0.72049,0.85822,0.99273,388.6,246.7,101.6,78.4,0.054,0.0,660.5,499.5,1921.7,2092.5,18.97,337.0,207.0,102.0,78.0,100,20000
18.1033,544,2,56,chair,0.5132,0.25754,0.80556,0.36023,0.99919,158.1,259.9,52.6,55.8,0.01988,0.0,-235.7,287.1,975.9,1044.2,-13.58,131.0,232.0,53.0,55.0,100,20000
18.1755,546,0,0,person,0.5117,0.24634,0.59071,0.75281,0.99902,255.8,228.9,259.3,117.6,0.2068,0.0,14.4,423.8,1966.7,2011.9,0.42,126.0,170.0,259.0,117.0,100,20000
18.2146,547,0,0,person,0.5591,0.24988,0.59722,0.73584,0.99924,252.3,229.9,248.8,115.8,0.19537,0.0,-5.6,429.7,1970.7,2017.0,-0.16,127.0,172.0,249.0,115.0,100,20000
18.2542,548,0,0,person,0.5322,0.24585,0.59983,0.74194,0.99902,252.9,230.2,254.0,115.0,0.19803,0.0,-3.1,427.1,1958.7,2004.7,-0.09,125.0,172.0,254.0,115.0,100,20000
18.3099,549,0,0,person,0.5278,0.24719,0.60026,0.7395,0.99913,252.6,230.3,252.1,114.9,0.19637,0.0,-3.2,443.7,2035.2,2083.0,-0.09,126.0,172.0,252.0,115.0,100,20000
18.3099,549,1,62,tv,0.5,0.6601,0.71984,0.85785,0.99273,388.6,246.6,101.2,78.6,0.05396,0.0,661.8,500.5,1925.5,2096.7,18.97,337.0,207.0,102.0,78.0,100,20000
18.3609,551,0,0,person,0.5068,0.24573,0.59701,0.74316,0.99891,253.2,229.8,254.7,115.7,0.19992,0.0,-0.6,432.0,1993.1,2039.4,-0.02,125.0,171.0,255.0,116.0,100,20000
18.407,552,0,62,tv,0.5405,0.65973,0.71967,0.85797,0.99306,388.5,246.6,101.5,78.7,0.0542,0.0,659.2,500.9,1917.8,2088.9,18.97,337.0,207.0,102.0,79.0,100,20000
18.6789,561,0,0,person,0.5371,0.24841,0.59549,0.73853,0.99881,252.7,229.6,250.9,116.2,0.19768,0.0,-0.6,428.9,1978.8,2024.7,-0.02,127.0,171.0,251.0,116.0,100,20000
18.6789,561,1,62,tv,0.5366,0.65924,0.7194,0.85822,0.99251,388.5,246.5,101.9,78.7,0.05434,0.0,657.9,497.5,1914.0,2084.2,18.97,337.0,207.0,102.0,78.0,100,20000
18.7256,562,0,0,person,0.5645,0.24744,0.59332,0.73413,0.99891,251.3,229.3,249.2,116.8,0.1974,0.0,-13.3,533.0,2473.5,2530.3,-0.31,126.0,170.0,249.0,117.0,100,20000
18.7857,564,0,0,person,0.5493,0.24634,0.59505,0.73682,0.99902,251.7,229.5,251.1,116.3,0.19814,0.0,-7.0,532.1,2454.6,2511.6,-0.16,126.0,171.0,251.0,116.0,100,20000
18.8179,565,0,0,person,0.5337,0.24561,0.59635,0.74365,0.99891,253.3,229.7,255.0,115.9,0.20049,0.0,-0.7,534.8,2467.2,2524.5,-0.02,125.0,171.0,255.0,116.0,100,20000
18.8619,566,0,62,tv,0.5317,0.65924,0.72011,0.85815,0.99349,388.5,246.8,101.8,78.7,0.05438,0.0,661.2,502.4,1923.6,2095.2,18.97,337.0,207.0,102.0,79.0,100,20000
18.8619,566,1,0,person,0.5269,0.24329,0.59701,0.74902,0.99891,254.0,229.8,258.9,115.7,0.20325,0.0,5.6,541.7,2499.2,2557.2,0.13,124.0,171.0,259.0,116.0,100,20000
18.9049,567,0,0,person,0.5166,0.24512,0.59939,0.73901,0.99891,251.9,230.2,252.9,115.1,0.19732,0.0,-6.3,486.3,2230.5,2282.9,-0.16,125.0,172.0,253.0,115.0,100,20000
18.961,568,0,0,person,0.5171,0.24048,0.60156,0.74414,0.99891,252.1,230.5,257.9,114.4,0.20013,0.0,-3.9,542.4,2473.5,2532.3,-0.09,123.0,173.0,258.0,114.0,100,20000
18.9732,570,0,0,person,0.5405,0.24255,0.60156,0.73315,0.99902,249.8,230.5,251.2,114.5,0.19499,0.0,-16.1,446.3,2035.2,2083.6,-0.45,124.0,173.0,251.0,114.0,100,20000
19.0291,571,0,0,person,0.5474,0.24231,0.60352,0.73242,0.99891,249.5,230.7,250.9,113.9,0.19378,0.0,-15.7,433.5,1976.8,2023.8,-0.46,124.0,173.0,251.0,114.0,100,20000
19.0754,572,0,0,person,0.5317,0.24048,0.6046,0.73145,0.99891,248.8,230.9,251.4,113.6,0.19359,0.0,-25.7,542.8,2460.9,2520.2,-0.6,123.0,174.0,251.0,113.0,100,20000
19.1152,573,0,0,person,0.5576,0.24255,0.60525,0.73584,0.99891,250.5,231.0,252.6,113.4,0.19419,0.0,-15.8,523.4,2373.1,2430.2,-0.38,124.0,174.0,252.0,113.0,100,20000
19.1771,575,0,0,person,0.5791,0.24463,0.60634,0.73535,0.99902,250.9,231.2,251.2,113.1,0.1927,0.0,-10.7,438.7,1989.0,2036.8,-0.31,125.0,174.0,251.0,113.0,100,20000
19.1931,577,0,0,person,0.5645,0.24329,0.60612,0.73755,0.99902,251.1,231.1,253.1,113.2,0.19419,0.0,-10.7,436.9,1980.8,2028.4,-0.31,124.0,174.0,253.0,113.0,100,20000
19.254,578,0,0,person,0.5469,0.24084,0.60612,0.729,0.99891,248.3,231.1,249.9,113.1,0.19174,0.0,-23.2,436.5,1978.8,2026.5,-0.67,123.0,174.0,250.0,113.0,100,20000
19.3111,579,0,0,person,0.5605,0.24097,0.6059,0.73071,0.99902,248.8,231.1,250.7,113.2,0.19253,0.0,-20.6,433.8,1966.7,2014.1,-0.6,123.0,174.0,251.0,113.0,100,20000
19.3526,580,0,0,person,0.5146,0.23987,0.60634,0.72681,0.99902,247.5,231.2,249.3,113.1,0.19121,0.0,-28.3,437.4,1982.9,2030.8,-0.82,122.0,174.0,250.0,113.0,100,20000
19.3916,581,0,0,person,0.5078,0.24084,0.60655,0.73413,0.99891,249.6,231.2,252.6,113.0,0.19355,0.0,-22.7,544.2,2467.2,2526.6,-0.53,123.0,174.0,252.0,113.0,100,20000
19.418,583,0,0,person,0.5059,0.23987,0.60677,0.73193,0.99902,248.8,231.2,251.9,113.0,0.19301,0.0,-29.0,544.9,2470.4,2529.9,-0.67,122.0,174.0,252.0,113.0,100,20000
19.4767,584,0,62,tv,0.541,0.65912,0.72011,0.85809,0.99284,388.4,246.7,101.9,78.5,0.05427,0.0,661.2,500.0,1923.6,2094.6,18.97,337.0,207.0,102.0,78.0,100,20000
19.4767,584,1,0,person,0.5151,0.24084,0.6072,0.73682,0.99891,250.3,231.3,253.9,112.8,0.19428,0.0,-16.3,540.7,2451.5,2510.5,-0.38,123.0,174.0,254.0,113.0,100,20000
19.5184,586,0,62,tv,0.5156,0.65985,0.71761,0.85822,0.99143,388.6,246.1,101.6,78.9,0.05432,0.0,660.5,497.1,1921.7,2092.0,18.97,337.0,206.0,102.0,79.0,100,20000
19.5184,586,1,56,chair,0.5132,0.25327,0.80924,0.3429,0.9987,152.6,260.3,45.9,54.6,0.01698,0.0,-249.1,288.1,974.9,1046.7,-14.33,129.0,233.0,46.0,54.0,100,20000
19.5542,587,0,0,person,0.5034,0.23999,0.60699,0.72363,0.99881,246.7,231.2,247.6,112.8,0.1895,0.0,-41.9,549.8,2492.7,2553.0,-0.96,122.0,174.0,248.0,113.0,100,20000
19.6392,589,0,62,tv,0.5386,0.6601,0.71794,0.85742,0.99099,388.5,246.1,101.0,78.6,0.05388,0.0,661.2,497.6,1923.6,2094.0,18.97,337.0,206.0,102.0,79.0,100,20000
19.6841,591,0,62,tv,0.5723,0.65912,0.72027,0.85754,0.9936,388.3,246.8,101.6,78.7,0.05423,0.0,659.2,500.9,1917.8,2088.9,18.97,337.0,207.0,102.0,79.0,100,20000
19.6841,591,1,0,person,0.5107,0.24182,0.60742,0.73828,0.99881,250.9,231.3,254.2,112.7,0.19431,0.0,-13.4,547.7,2483.1,2542.8,-0.31,123.0,174.0,255.0,113.0,100,20000
19.7317,592,0,62,tv,0.5029,0.65924,0.71978,0.85809,0.9924,388.4,246.6,101.8,78.5,0.05421,0.0,658.5,498.0,1915.9,2086.2,18.97,337.0,207.0,102.0,78.0,100,20000
19.827,595,0,0,person,0.5171,0.24109,0.6059,0.72852,0.99881,248.2,231.1,249.6,113.2,0.19152,0.0,-29.0,544.9,2470.4,2529.9,-0.67,123.0,174.0,250.0,113.0,100,20000
19.8728,596,0,0,person,0.5024,0.2417,0.60634,0.72705,0.99891,248.0,231.2,248.5,113.1,0.19053,0.0,-32.1,544.2,2467.2,2526.7,-0.75,123.0,174.0,249.0,113.0,100,20000
19.9249,598,0,0,person,0.5151,0.24084,0.60612,0.73022,0.99881,248.6,231.1,250.6,113.1,0.19217,0.0,-29.0,546.3,2476.7,2536.4,-0.67,123.0,174.0,250.0,113.0,100,20000
19.9722,599,0,62,tv,0.5513,0.65942,0.71913,0.85791,0.99273,388.4,246.5,101.6,78.8,0.05431,0.0,668.5,505.5,1944.9,2117.8,18.97,337.0,207.0,102.0,78.0,100,20000
19.9722,599,1,0,person,0.5107,0.24231,0.60634,0.73413,0.99891,250.0,231.2,251.8,113.1,0.19307,0.0,-19.8,552.0,2502.4,2562.6,-0.45,124.0,174.0,251.0,113.0,100,20000
