t_s,seq,idx,label,label_name,confidence,xmin,ymin,xmax,ymax,cx_px,cy_px,w_px,h_px,area_ratio,angle_deg,x_mm,y_mm,z_mm,range_mm,bearing_deg,roi_x,roi_y,roi_w,roi_h,depth_lo_mm,depth_hi_mm
0.0,0,0,56,chair,0.7632,0.31,0.78678,0.49487,0.99989,206.0,257.3,94.7,61.4,0.0394,0.0,-208.7,500.0,1744.4,1826.6,-6.82,158.0,226.0,95.0,61.0,100,20000
0.0,0,1,0,person,0.5566,0.43286,0.76812,0.77454,0.99995,309.1,254.6,174.9,66.8,0.07921,0.0,246.2,486.2,1735.0,1818.6,8.08,221.0,221.0,175.0,66.0,100,20000
0.0051,1,0,56,chair,0.7607,0.31195,0.78668,0.49622,0.99984,206.9,257.3,94.3,61.4,0.03928,0.0,-203.3,497.7,1736.6,1817.9,-6.68,159.0,226.0,95.0,61.0,100,20000
0.0051,1,1,0,person,0.5723,0.42749,0.76899,0.77258,1.00016,307.2,254.8,176.7,66.6,0.07977,0.0,237.6,488.9,1736.6,1819.7,7.79,218.0,221.0,177.0,67.0,100,20000
0.033,2,0,56,chair,0.6934,0.31812,0.78635,0.49695,0.99957,208.7,257.2,91.6,61.4,0.03813,0.0,-197.3,499.1,1741.3,1822.1,-6.46,162.0,226.0,92.0,61.0,100,20000
0.033,2,1,0,person,0.5015,0.42712,0.7666,0.79102,0.99984,311.8,254.4,186.3,67.2,0.08488,0.0,260.3,485.8,1741.3,1826.4,8.5,218.0,220.0,187.0,67.0,100,20000
0.0505,3,0,56,chair,0.6387,0.31879,0.7844,0.49817,0.99924,209.1,256.8,91.8,61.9,0.03854,0.0,-192.1,495.1,1735.0,1814.5,-6.32,163.0,225.0,92.0,62.0,100,20000
0.0906,4,0,56,chair,0.6865,0.31757,0.78461,0.49554,0.99957,208.2,256.9,91.1,61.9,0.03826,0.0,-199.3,496.4,1739.7,1820.1,-6.54,162.0,225.0,91.0,62.0,100,20000
0.0951,5,0,56,chair,0.6938,0.31665,0.78548,0.49622,0.99962,208.1,257.1,91.9,61.7,0.03845,0.0,-194.3,491.5,1715.0,1794.6,-6.46,162.0,226.0,92.0,61.0,100,20000
0.161,6,0,56,chair,0.687,0.3172,0.78385,0.49677,0.99962,208.4,256.8,91.9,62.1,0.03875,0.0,-197.3,496.8,1741.3,1821.5,-6.46,162.0,225.0,92.0,62.0,100,20000
0.1952,7,0,56,chair,0.7163,0.31628,0.78678,0.49731,0.99962,208.3,257.2,92.7,61.3,0.03853,0.0,-195.8,489.8,1708.9,1788.5,-6.54,161.0,226.0,93.0,61.0,100,20000
0.1952,7,1,0,person,0.5239,0.43079,0.76671,0.77991,0.99989,309.9,254.4,178.7,67.2,0.08141,0.0,246.4,475.9,1705.9,1788.1,8.22,220.0,220.0,179.0,67.0,100,20000
0.2005,8,0,56,chair,0.6968,0.31793,0.7857,0.49829,0.99929,209.0,257.0,92.3,61.5,0.03852,0.0,-194.7,498.2,1738.1,1818.5,-6.39,162.0,226.0,93.0,61.0,100,20000
0.2005,8,1,0,person,0.522,0.43152,0.76693,0.78284,0.99995,310.9,254.4,179.9,67.1,0.08186,0.0,251.0,480.6,1722.6,1805.9,8.29,220.0,220.0,180.0,67.0,100,20000
0.2909,10,0,56,chair,0.6313,0.31738,0.78309,0.49005,0.99978,206.7,256.7,88.4,62.4,0.03742,0.0,-117.4,283.0,992.0,1038.2,-6.75,162.0,225.0,88.0,62.0,100,20000
0.3421,11,0,56,chair,0.6919,0.31744,0.78429,0.49622,0.99951,208.3,256.9,91.5,62.0,0.03848,0.0,-112.5,283.3,993.0,1038.7,-6.46,162.0,225.0,92.0,62.0,100,20000
0.3917,12,0,56,chair,0.6509,0.31708,0.78277,0.49799,0.99946,208.7,256.6,92.6,62.4,0.0392,0.0,-112.5,283.3,993.0,1038.7,-6.46,162.0,225.0,92.0,62.0,100,20000
0.4424,13,0,56,chair,0.6499,0.31787,0.78353,0.49872,0.99935,209.0,256.7,92.6,62.2,0.03903,0.0,-110.9,282.5,989.9,1035.4,-6.39,162.0,225.0,93.0,62.0,100,20000
0.4424,13,1,0,person,0.5527,0.43494,0.76758,0.78174,0.99978,311.5,254.5,177.6,66.9,0.08053,0.0,250.9,474.3,1692.4,1775.4,8.43,222.0,221.0,178.0,66.0,100,20000
0.4921,14,0,56,chair,0.6313,0.31671,0.78309,0.49963,0.99951,209.0,256.7,93.7,62.3,0.03959,0.0,-110.9,282.5,989.9,1035.4,-6.39,162.0,225.0,93.0,62.0,100,20000
0.4921,14,1,0,person,0.5435,0.43542,0.7666,0.78467,0.99984,312.3,254.4,178.8,67.2,0.08146,0.0,260.3,485.8,1741.3,1826.4,8.5,222.0,220.0,179.0,67.0,100,20000
0.5422,15,0,56,chair,0.6357,0.31653,0.78244,0.49963,0.99951,208.9,256.6,93.7,62.5,0.03975,0.0,-111.2,283.3,993.0,1038.6,-6.39,162.0,225.0,93.0,62.0,100,20000
0.5422,15,1,0,person,0.5552,0.43591,0.76421,0.78381,0.99989,312.2,254.0,178.1,67.9,0.08199,0.0,263.0,486.7,1744.4,1830.0,8.57,223.0,220.0,178.0,67.0,100,20000
0.5924,16,0,56,chair,0.6694,0.3172,0.78299,0.50018,0.99946,209.2,256.7,93.7,62.3,0.03961,0.0,-109.1,281.0,984.9,1030.0,-6.32,162.0,225.0,94.0,62.0,100,20000
0.5924,16,1,0,person,0.5542,0.43677,0.76606,0.78345,1.00005,312.4,254.3,177.5,67.4,0.08112,0.0,264.0,490.7,1750.8,1837.3,8.57,223.0,220.0,178.0,68.0,100,20000
0.641,17,0,56,chair,0.6606,0.31799,0.78223,0.49963,0.99929,209.3,256.5,93.0,62.5,0.03943,0.0,-111.6,284.2,996.0,1041.7,-6.39,162.0,225.0,93.0,62.0,100,20000
0.641,17,1,0,person,0.5474,0.43542,0.76562,0.78174,1.0,311.6,254.2,177.3,67.5,0.08117,0.0,257.6,487.1,1738.1,1823.4,8.43,222.0,220.0,178.0,68.0,100,20000
0.6938,18,0,56,chair,0.645,0.31738,0.78136,0.49921,0.99929,209.0,256.4,93.1,62.8,0.03963,0.0,-111.3,283.6,994.0,1039.6,-6.39,162.0,225.0,93.0,62.0,100,20000
0.6938,18,1,0,person,0.542,0.4364,0.76823,0.78406,1.0,312.4,254.6,178.0,66.7,0.08058,0.0,261.3,485.8,1733.5,1819.1,8.57,223.0,221.0,178.0,66.0,100,20000
0.7426,19,0,56,chair,0.6924,0.31763,0.78309,0.5,0.99951,209.3,256.7,93.4,62.3,0.03947,0.0,-109.7,282.7,990.9,1036.3,-6.32,162.0,225.0,94.0,62.0,100,20000
0.7426,19,1,0,person,0.5562,0.43652,0.76682,0.78137,0.99989,311.8,254.4,176.6,67.1,0.08037,0.0,262.9,490.7,1758.7,1844.7,8.5,223.0,220.0,177.0,67.0,100,20000
0.7928,20,0,56,chair,0.6353,0.31665,0.78418,0.50049,0.99946,209.2,256.8,94.1,62.0,0.03958,0.0,-110.2,283.9,995.0,1040.6,-6.32,162.0,225.0,94.0,62.0,100,20000
0.7928,20,1,0,person,0.5059,0.43616,0.7678,0.79175,1.0,314.3,254.6,182.1,66.9,0.08257,0.0,269.4,486.7,1728.8,1816.1,8.86,223.0,221.0,182.0,67.0,100,20000
0.8419,21,0,56,chair,0.6416,0.31738,0.78581,0.49976,0.99935,209.2,257.1,93.4,61.5,0.03895,0.0,-111.0,284.0,990.9,1036.8,-6.39,162.0,226.0,93.0,61.0,100,20000
0.8419,21,1,0,person,0.5474,0.43616,0.76877,0.78613,1.00005,312.9,254.7,179.2,66.6,0.08094,0.0,264.3,489.3,1738.1,1824.9,8.65,223.0,221.0,179.0,67.0,100,20000
0.8939,22,0,56,chair,0.6758,0.31659,0.78429,0.49762,0.9994,208.4,256.9,92.7,62.0,0.03894,0.0,-112.7,283.9,995.0,1040.8,-6.46,162.0,225.0,92.0,62.0,100,20000
0.8939,22,1,0,person,0.5737,0.43457,0.7691,0.78235,1.00005,311.5,254.8,178.1,66.5,0.08032,0.0,259.5,492.9,1750.8,1837.3,8.43,222.0,221.0,178.0,67.0,100,20000
0.9428,23,0,56,chair,0.6694,0.31641,0.78342,0.49786,0.9994,208.5,256.7,92.9,62.2,0.03919,0.0,-112.5,283.3,993.0,1038.7,-6.46,162.0,225.0,92.0,62.0,100,20000
0.9428,23,1,0,person,0.5522,0.43237,0.76704,0.78345,1.0,311.2,254.5,179.8,67.1,0.08179,0.0,261.9,495.1,1766.8,1853.5,8.43,221.0,220.0,180.0,68.0,100,20000
0.9925,24,0,56,chair,0.707,0.31622,0.78364,0.49622,0.99951,208.0,256.8,92.2,62.2,0.03886,0.0,-114.0,283.9,995.0,1041.0,-6.54,161.0,225.0,93.0,62.0,100,20000
0.9925,24,1,0,person,0.5288,0.4231,0.76237,0.78467,0.99984,309.2,253.8,185.1,68.4,0.08586,0.0,254.6,498.4,1794.7,1879.9,8.07,216.0,219.0,185.0,68.0,100,20000
1.0424,25,0,56,chair,0.6914,0.31671,0.78451,0.49615,0.9994,208.1,256.9,91.9,61.9,0.03856,0.0,-112.3,282.7,990.9,1036.5,-6.47,162.0,225.0,92.0,62.0,100,20000
1.0424,25,1,0,person,0.5366,0.42651,0.76248,0.77942,0.99984,308.7,253.8,180.7,68.4,0.08377,0.0,255.3,499.8,1799.8,1885.3,8.07,218.0,219.0,181.0,68.0,100,20000
1.0915,26,0,56,chair,0.6909,0.31677,0.78461,0.49664,0.99951,208.2,256.9,92.1,61.9,0.03865,0.0,-113.0,284.5,997.1,1043.0,-6.47,162.0,225.0,92.0,62.0,100,20000
1.0915,26,1,0,person,0.5322,0.42615,0.76389,0.78455,0.99989,309.9,254.0,183.5,68.0,0.08458,0.0,248.1,479.3,1718.0,1800.8,8.22,218.0,220.0,183.0,67.0,100,20000
1.1431,27,0,56,chair,0.6895,0.31628,0.78678,0.49731,0.9994,208.3,257.2,92.7,61.2,0.03849,0.0,-113.7,284.6,993.0,1039.2,-6.53,161.0,226.0,93.0,61.0,100,20000
1.1431,27,1,0,person,0.5566,0.42639,0.76758,0.77905,0.99989,308.6,254.5,180.6,66.9,0.08193,0.0,245.1,488.4,1742.9,1826.6,8.0,218.0,221.0,180.0,66.0,100,20000
1.192,28,0,56,chair,0.6641,0.31824,0.7844,0.49817,0.99929,209.0,256.9,92.1,61.9,0.03867,0.0,-111.2,283.3,993.0,1038.6,-6.39,162.0,225.0,93.0,62.0,100,20000
1.192,28,1,68,microwave,0.5879,0.66156,0.7207,0.8573,0.91477,388.8,235.5,100.2,55.9,0.03799,0.0,637.0,430.0,1853.4,2006.4,18.97,338.0,207.0,100.0,56.0,100,20000
1.192,28,2,0,person,0.5679,0.42444,0.76801,0.77734,0.99995,307.7,254.6,180.7,66.8,0.08185,0.0,242.2,487.1,1738.1,1821.2,7.93,217.0,221.0,181.0,66.0,100,20000
1.2429,29,0,56,chair,0.7285,0.31738,0.78624,0.50055,0.9994,209.4,257.1,93.8,61.4,0.03904,0.0,-110.2,285.2,995.0,1040.9,-6.32,162.0,226.0,94.0,61.0,100,20000
1.2429,29,1,0,person,0.5684,0.42273,0.76888,0.7749,0.99995,306.6,254.7,180.3,66.5,0.08138,0.0,243.5,503.4,1796.4,1881.4,7.72,216.0,221.0,180.0,66.0,100,20000
1.2917,30,0,56,chair,0.7051,0.3175,0.7844,0.50159,0.99946,209.7,256.9,94.3,61.9,0.03959,0.0,-110.3,284.2,996.0,1041.6,-6.32,162.0,225.0,94.0,62.0,100,20000
1.2917,30,1,0,person,0.5483,0.42383,0.77984,0.77502,1.00011,306.9,256.3,179.8,63.4,0.07736,0.0,238.2,496.8,1741.3,1826.4,7.79,217.0,224.0,179.0,64.0,100,20000
1.3417,31,0,56,chair,0.6987,0.31738,0.78559,0.50146,0.99929,209.6,257.0,94.2,61.5,0.03934,0.0,-109.1,282.3,984.9,1030.4,-6.32,162.0,226.0,94.0,61.0,100,20000
1.3417,31,1,0,person,0.5576,0.42212,0.78158,0.77905,1.00011,307.5,256.6,182.7,62.9,0.078,0.0,235.7,489.3,1707.4,1791.7,7.86,216.0,225.0,182.0,63.0,100,20000
1.3924,32,0,56,chair,0.7231,0.31689,0.78624,0.50006,0.99935,209.1,257.1,93.8,61.4,0.03904,0.0,-110.2,285.2,995.0,1040.9,-6.32,162.0,226.0,94.0,61.0,100,20000
1.3924,32,1,0,person,0.5405,0.41663,0.77973,0.77783,1.0,305.8,256.3,184.9,63.4,0.07956,0.0,234.0,497.3,1742.9,1827.5,7.65,213.0,224.0,185.0,64.0,100,20000
1.4412,33,0,56,chair,0.6753,0.31586,0.78516,0.49896,0.99924,208.6,257.0,93.7,61.7,0.0392,0.0,-111.7,282.6,985.9,1031.7,-6.46,161.0,226.0,94.0,61.0,100,20000
1.4412,33,1,0,person,0.5498,0.41992,0.77474,0.77771,1.0,306.6,255.6,183.2,64.9,0.0806,0.0,235.4,488.9,1721.1,1804.6,7.79,215.0,223.0,183.0,65.0,100,20000
1.492,34,0,56,chair,0.7031,0.31653,0.78592,0.49847,0.99946,208.6,257.1,93.2,61.5,0.03885,0.0,-111.0,284.0,990.9,1036.8,-6.39,162.0,226.0,93.0,61.0,100,20000
1.492,34,1,0,person,0.5527,0.42139,0.77235,0.77722,1.0,306.8,255.2,182.2,65.6,0.081,0.0,234.9,490.2,1733.5,1816.7,7.72,215.0,222.0,182.0,66.0,100,20000
1.5418,35,0,56,chair,0.6997,0.31671,0.78375,0.49854,0.99951,208.7,256.8,93.1,62.1,0.03923,0.0,-111.3,283.6,994.0,1039.6,-6.39,162.0,225.0,93.0,62.0,100,20000
1.5418,35,1,0,person,0.5591,0.42212,0.7704,0.77429,1.0,306.3,254.9,180.3,66.1,0.08086,0.0,246.9,512.9,1821.9,1908.8,7.72,216.0,221.0,180.0,67.0,100,20000
1.5418,35,2,68,microwave,0.5068,0.66223,0.71913,0.85645,0.91385,388.8,235.1,99.4,56.1,0.03782,0.0,663.6,446.3,1923.6,2083.2,19.03,339.0,207.0,99.0,56.0,100,20000
1.5918,36,0,56,chair,0.688,0.31665,0.78668,0.4967,0.99951,208.2,257.2,92.2,61.3,0.03832,0.0,-112.6,284.9,994.0,1040.1,-6.46,162.0,226.0,92.0,61.0,100,20000
1.5918,36,1,0,person,0.5581,0.42505,0.77105,0.77783,1.00005,307.9,255.0,180.6,66.0,0.08079,0.0,242.2,491.5,1738.1,1822.4,7.93,217.0,222.0,181.0,66.0,100,20000
1.6418,37,0,56,chair,0.729,0.31641,0.78885,0.49524,0.99962,207.8,257.5,91.6,60.7,0.03769,0.0,-114.2,287.0,997.1,1043.8,-6.53,162.0,227.0,91.0,60.0,100,20000
1.6418,37,1,0,person,0.5522,0.42261,0.76573,0.78064,0.99989,308.0,254.2,183.3,67.4,0.08384,0.0,246.9,494.3,1771.7,1855.9,7.93,216.0,220.0,183.0,67.0,100,20000
1.6931,38,0,56,chair,0.7041,0.31805,0.7857,0.48932,0.99957,206.7,257.1,87.7,61.6,0.03663,0.0,-116.6,282.3,984.9,1031.2,-6.75,162.0,226.0,88.0,61.0,100,20000
1.6931,38,1,0,person,0.521,0.42578,0.76183,0.7887,0.99978,310.9,253.7,185.8,68.5,0.08636,0.0,254.5,481.0,1731.9,1815.4,8.36,218.0,219.0,185.0,68.0,100,20000
1.7436,39,0,56,chair,0.707,0.31689,0.78364,0.48889,0.9994,206.3,256.8,88.1,62.1,0.03711,0.0,-116.7,281.3,985.9,1031.9,-6.75,162.0,225.0,88.0,62.0,100,20000
1.7436,39,1,0,person,0.5244,0.41846,0.76063,0.78552,0.99989,308.2,253.5,187.9,68.9,0.08782,0.0,244.4,482.7,1738.1,1820.4,8.0,214.0,219.0,188.0,68.0,100,20000
1.7988,40,0,56,chair,0.7056,0.31665,0.78581,0.4884,0.99967,206.1,257.1,87.9,61.6,0.03673,0.0,-117.2,283.7,989.9,1036.4,-6.75,162.0,226.0,88.0,61.0,100,20000
1.7988,40,1,0,person,0.5439,0.42322,0.76204,0.77954,0.99978,307.9,253.7,182.4,68.5,0.08471,0.0,240.2,478.8,1724.2,1805.5,7.93,216.0,219.0,183.0,68.0,100,20000
1.8426,41,0,56,chair,0.6831,0.31567,0.78494,0.49176,0.99962,206.7,257.0,90.2,61.8,0.0378,0.0,-118.3,286.4,999.1,1046.1,-6.75,161.0,226.0,90.0,61.0,100,20000
1.8426,41,1,0,person,0.5249,0.41699,0.76248,0.78162,0.99973,306.8,253.8,186.7,68.3,0.08651,0.0,240.6,488.4,1758.7,1841.0,7.79,213.0,219.0,187.0,68.0,100,20000
1.8922,42,0,56,chair,0.6572,0.31726,0.78418,0.49231,0.99957,207.2,256.9,89.6,62.0,0.0377,0.0,-115.7,285.1,999.1,1045.4,-6.61,162.0,225.0,90.0,62.0,100,20000
1.8922,42,1,0,person,0.5029,0.4176,0.76302,0.78577,0.99978,308.1,253.8,188.5,68.2,0.08717,0.0,240.2,478.8,1724.2,1805.5,7.93,213.0,219.0,189.0,68.0,100,20000
1.9423,43,0,56,chair,0.6699,0.31622,0.78526,0.49152,0.99951,206.8,257.0,89.8,61.7,0.03756,0.0,-117.0,283.4,988.9,1035.3,-6.75,161.0,226.0,90.0,61.0,100,20000
1.9423,43,1,0,person,0.5244,0.42004,0.76204,0.78442,0.99973,308.3,253.7,186.6,68.5,0.08661,0.0,244.8,483.6,1741.3,1823.7,8.0,215.0,219.0,186.0,68.0,100,20000
1.9918,44,0,56,chair,0.7021,0.31793,0.78407,0.48865,0.99962,206.5,256.9,87.4,62.1,0.0368,0.0,-117.5,283.3,993.0,1039.3,-6.75,162.0,225.0,88.0,62.0,100,20000
1.9918,44,1,0,person,0.5376,0.42249,0.7615,0.77991,0.99978,307.8,253.6,183.0,68.6,0.08517,0.0,242.0,482.3,1736.6,1818.5,7.93,216.0,219.0,183.0,68.0,100,20000
2.043,45,0,56,chair,0.6875,0.31653,0.78451,0.4903,0.99967,206.5,256.9,89.0,62.0,0.03739,0.0,-116.8,284.5,997.1,1043.5,-6.68,162.0,225.0,89.0,62.0,100,20000
2.043,45,1,0,person,0.5435,0.42224,0.7615,0.78125,0.99973,308.1,253.6,183.8,68.6,0.08553,0.0,246.6,487.1,1754.0,1837.0,8.0,216.0,219.0,184.0,68.0,100,20000
2.0922,46,0,56,chair,0.6675,0.31696,0.78505,0.48889,0.99962,206.3,257.0,88.0,61.8,0.03689,0.0,-117.7,284.9,994.0,1040.7,-6.75,162.0,226.0,88.0,61.0,100,20000
2.0922,46,1,0,person,0.5112,0.42419,0.76226,0.78357,0.99984,309.2,253.7,184.0,68.4,0.08538,0.0,256.4,497.5,1791.4,1876.8,8.15,217.0,219.0,184.0,68.0,100,20000
2.142,47,0,56,chair,0.6431,0.31677,0.7857,0.49225,0.99962,207.1,257.1,89.8,61.6,0.03754,0.0,-115.5,285.8,997.1,1043.7,-6.61,162.0,226.0,90.0,61.0,100,20000
2.142,47,1,0,person,0.5361,0.42371,0.76259,0.78357,0.99989,309.1,253.8,184.2,68.3,0.08539,0.0,251.1,491.6,1770.0,1854.1,8.07,216.0,219.0,185.0,68.0,100,20000
2.1906,48,0,56,chair,0.6465,0.31671,0.78602,0.49445,0.99951,207.7,257.1,91.0,61.5,0.03795,0.0,-114.0,285.2,995.0,1041.3,-6.54,162.0,226.0,91.0,61.0,100,20000
2.1906,48,1,0,person,0.5264,0.42139,0.76573,0.78772,0.99973,309.5,254.2,187.6,67.4,0.08572,0.0,258.1,503.0,1803.1,1889.7,8.15,215.0,220.0,188.0,67.0,100,20000
2.2421,49,0,56,chair,0.6899,0.31708,0.78646,0.4964,0.99962,208.3,257.2,91.8,61.4,0.03822,0.0,-112.7,285.2,995.0,1041.2,-6.46,162.0,226.0,92.0,61.0,100,20000
2.2421,49,1,0,person,0.5356,0.42395,0.76942,0.78088,0.99984,308.4,254.8,182.7,66.4,0.08224,0.0,246.8,492.0,1755.5,1839.8,8.0,217.0,221.0,182.0,66.0,100,20000
2.2911,50,0,56,chair,0.6367,0.31757,0.78451,0.4975,0.99951,208.7,256.9,92.1,61.9,0.03868,0.0,-112.7,283.9,995.0,1040.8,-6.46,162.0,225.0,92.0,62.0,100,20000
2.2911,50,1,0,person,0.5347,0.43005,0.76953,0.7804,0.99989,309.9,254.8,179.4,66.3,0.08071,0.0,258.2,501.1,1788.1,1874.9,8.22,220.0,221.0,179.0,66.0,100,20000
2.3413,51,0,56,chair,0.646,0.31604,0.78537,0.49774,0.99935,208.3,257.0,93.0,61.6,0.03888,0.0,-115.0,287.7,1003.8,1050.5,-6.54,161.0,226.0,93.0,61.0,100,20000
2.3413,51,1,0,person,0.5298,0.42542,0.76812,0.77979,0.99995,308.5,254.6,181.4,66.8,0.08215,0.0,244.8,488.0,1741.3,1824.9,8.0,217.0,221.0,182.0,66.0,100,20000
2.3944,52,0,56,chair,0.6719,0.31641,0.78526,0.49725,0.99951,208.3,257.0,92.6,61.7,0.03874,0.0,-112.7,285.2,995.0,1041.2,-6.46,162.0,226.0,92.0,61.0,100,20000
2.3944,52,1,0,person,0.5352,0.4314,0.76617,0.77979,0.99978,310.1,254.3,178.4,67.3,0.08139,0.0,258.5,499.3,1789.7,1875.9,8.22,220.0,220.0,179.0,67.0,100,20000
2.442,53,0,56,chair,0.6562,0.31622,0.78418,0.49561,0.99957,207.8,256.9,91.8,62.0,0.03864,0.0,-116.1,286.1,1002.8,1049.3,-6.6,161.0,225.0,92.0,62.0,100,20000
2.442,53,1,0,person,0.5317,0.43311,0.76313,0.77954,0.99978,310.4,253.9,177.4,68.2,0.08198,0.0,262.0,499.3,1798.1,1884.4,8.29,221.0,219.0,178.0,68.0,100,20000
2.4928,54,0,56,chair,0.6768,0.31677,0.7844,0.48865,0.99967,206.2,256.9,88.0,62.0,0.037,0.0,-117.5,283.3,993.0,1039.3,-6.75,162.0,225.0,88.0,62.0,100,20000
2.4928,54,1,0,person,0.5225,0.42261,0.76161,0.78076,0.99989,308.1,253.7,183.4,68.6,0.08534,0.0,243.3,484.9,1746.0,1828.3,7.93,216.0,219.0,183.0,68.0,100,20000
2.541,55,0,56,chair,0.6831,0.31598,0.78472,0.48639,0.99978,205.4,257.0,87.2,61.9,0.03665,0.0,-120.4,285.5,996.0,1043.1,-6.89,161.0,226.0,88.0,61.0,100,20000
2.5905,56,0,56,chair,0.6958,0.31641,0.78624,0.48694,0.99967,205.7,257.2,87.3,61.5,0.0364,0.0,-118.2,283.1,987.9,1034.4,-6.82,162.0,226.0,87.0,61.0,100,20000
2.6409,57,0,56,chair,0.6787,0.31683,0.7844,0.48773,0.99973,206.0,256.9,87.5,62.0,0.0368,0.0,-120.2,286.7,1004.9,1051.9,-6.82,162.0,225.0,87.0,62.0,100,20000
2.6932,58,0,56,chair,0.6914,0.31635,0.7844,0.48993,0.99962,206.4,256.9,88.9,62.0,0.03736,0.0,-118.9,283.6,994.0,1040.5,-6.82,161.0,225.0,89.0,62.0,100,20000
2.7417,59,0,56,chair,0.6572,0.31689,0.78494,0.49268,0.99957,207.2,257.0,90.0,61.8,0.03773,0.0,-114.9,284.3,992.0,1038.3,-6.61,162.0,226.0,90.0,61.0,100,20000
2.7915,60,0,56,chair,0.6748,0.31671,0.7844,0.49011,0.99957,206.5,256.9,88.8,62.0,0.03731,0.0,-117.7,283.6,994.0,1040.3,-6.75,162.0,225.0,88.0,62.0,100,20000
2.8411,61,0,56,chair,0.6323,0.31641,0.78407,0.48798,0.99967,205.9,256.9,87.8,62.1,0.03699,0.0,-119.5,285.1,999.1,1045.8,-6.82,162.0,225.0,87.0,62.0,100,20000
2.8941,62,0,56,chair,0.5962,0.31647,0.78299,0.48438,0.99973,205.0,256.7,86.0,62.4,0.03639,0.0,-119.9,283.0,992.0,1038.5,-6.89,162.0,225.0,86.0,62.0,100,20000
2.9426,63,0,56,chair,0.5317,0.31714,0.7793,0.47211,0.99951,202.0,256.1,79.3,63.4,0.03413,0.0,-128.5,281.2,989.9,1037.1,-7.4,162.0,224.0,79.0,63.0,100,20000
2.9426,63,1,0,person,0.5,0.32104,0.73025,0.90649,0.99935,314.2,249.1,299.8,77.5,0.15754,0.0,278.9,476.6,1789.7,1873.0,8.86,164.0,210.0,300.0,77.0,100,20000
2.9934,64,0,56,chair,0.5498,0.31671,0.77789,0.45575,1.00011,197.7,256.0,71.2,64.0,0.0309,0.0,-139.2,283.9,995.0,1044.0,-7.96,162.0,224.0,71.0,64.0,100,20000
2.9934,64,1,57,couch,0.5039,0.31702,0.72374,0.88916,0.99957,308.8,248.2,292.9,79.4,0.15781,0.0,249.3,463.4,1757.1,1834.2,8.08,162.0,208.0,293.0,79.0,100,20000
3.0927,65,0,56,chair,0.6992,0.31689,0.77832,0.45047,0.99962,196.4,256.0,68.4,63.7,0.02956,0.0,-140.3,277.2,975.9,1024.2,-8.18,162.0,224.0,68.0,63.0,100,20000
3.0927,65,1,0,person,0.5205,0.41199,0.71235,0.75854,0.99962,299.7,246.5,177.4,82.7,0.09955,0.0,120.9,266.9,1026.8,1067.8,6.72,210.0,205.0,178.0,82.0,100,20000
3.0932,66,0,56,chair,0.6689,0.31616,0.77713,0.44763,0.99989,195.5,255.9,67.3,64.2,0.02929,0.0,-145.4,281.1,994.0,1043.2,-8.32,161.0,223.0,68.0,64.0,100,20000
3.0932,66,1,0,person,0.5244,0.41235,0.70822,0.75293,0.99946,298.3,245.9,174.4,83.9,0.09919,0.0,112.1,250.4,972.9,1010.8,6.57,211.0,203.0,174.0,84.0,100,20000
3.142,67,0,56,chair,0.603,0.31677,0.77669,0.44406,1.0,194.8,255.8,65.2,64.3,0.02843,0.0,-147.0,282.9,996.0,1045.8,-8.4,162.0,223.0,65.0,65.0,100,20000
3.142,67,1,0,person,0.5659,0.41345,0.70139,0.75427,0.99962,298.9,244.9,174.5,85.9,0.10164,0.0,116.1,254.1,997.1,1035.5,6.64,211.0,201.0,175.0,86.0,100,20000
3.1918,68,0,56,chair,0.6992,0.31726,0.77691,0.44193,0.99962,194.4,255.8,63.8,64.1,0.02777,0.0,-147.9,281.1,994.0,1043.5,-8.46,162.0,223.0,64.0,64.0,100,20000
3.1918,68,1,0,person,0.5811,0.41272,0.69293,0.75195,0.99957,298.2,243.7,173.7,88.3,0.10402,0.0,193.0,422.6,1674.8,1738.0,6.57,211.0,199.0,174.0,88.0,100,20000
3.2404,69,0,56,chair,0.6465,0.31744,0.77691,0.44226,0.99984,194.5,255.9,63.9,64.2,0.02783,0.0,-148.4,282.0,997.1,1046.8,-8.47,162.0,223.0,64.0,64.0,100,20000
3.2404,69,1,0,person,0.5298,0.41357,0.6875,0.75598,0.99951,299.4,242.9,175.3,89.9,0.10684,0.0,194.7,415.0,1653.3,1715.7,6.72,211.0,198.0,176.0,89.0,100,20000
3.2919,70,0,56,chair,0.6772,0.31641,0.77756,0.44482,0.99962,194.9,255.9,65.7,64.0,0.02851,0.0,-146.8,281.4,995.0,1044.4,-8.39,162.0,223.0,65.0,64.0,100,20000
3.2919,70,1,0,person,0.5259,0.41699,0.68533,0.75317,0.99946,299.6,242.6,172.1,90.5,0.1056,0.0,137.5,291.7,1167.9,1211.6,6.71,213.0,197.0,172.0,90.0,100,20000
3.3421,71,0,56,chair,0.7295,0.31659,0.77724,0.44827,0.99929,195.8,255.8,67.4,64.0,0.02924,0.0,-144.0,280.8,993.0,1041.9,-8.25,162.0,223.0,67.0,64.0,100,20000
3.3421,71,1,0,person,0.5742,0.42102,0.68034,0.74988,0.99946,299.8,241.9,168.4,91.9,0.10495,0.0,159.0,333.8,1350.1,1399.8,6.72,215.0,195.0,168.0,92.0,100,20000
3.3908,72,0,56,chair,0.7744,0.31659,0.77995,0.45047,0.9994,196.4,256.2,68.5,63.2,0.02938,0.0,-142.0,280.6,987.9,1036.7,-8.18,162.0,224.0,68.0,63.0,100,20000
3.3908,72,1,0,person,0.5601,0.41675,0.67839,0.75146,0.99935,299.1,241.6,171.4,92.4,0.10743,0.0,184.8,392.3,1586.6,1644.8,6.64,213.0,195.0,171.0,92.0,100,20000
3.4425,73,0,56,chair,0.7783,0.31659,0.78038,0.45163,0.99908,196.7,256.2,69.1,63.0,0.02953,0.0,-140.9,280.9,988.9,1037.6,-8.11,162.0,224.0,69.0,63.0,100,20000
3.4425,73,1,0,person,0.5483,0.4176,0.6799,0.75562,0.99951,300.3,241.8,173.1,92.0,0.10803,0.0,164.1,341.0,1379.1,1430.1,6.79,213.0,195.0,173.0,92.0,100,20000
3.4922,74,0,56,chair,0.7617,0.31683,0.78092,0.45355,0.99913,197.2,256.3,70.0,62.8,0.02983,0.0,-138.1,277.8,977.9,1025.9,-8.04,162.0,224.0,70.0,63.0,100,20000
3.4922,74,1,0,person,0.5566,0.42261,0.68793,0.75684,0.99946,301.9,243.0,171.1,89.7,0.10412,0.0,119.4,241.5,961.8,998.8,7.08,216.0,198.0,171.0,89.0,100,20000
3.5415,75,0,56,chair,0.6621,0.31708,0.77821,0.45703,0.99957,198.2,256.0,71.7,63.8,0.03098,0.0,-138.3,283.2,997.1,1045.7,-7.9,162.0,224.0,72.0,63.0,100,20000
3.5415,75,1,0,person,0.5522,0.42847,0.69553,0.75732,0.99946,303.6,244.1,168.4,87.5,0.09995,0.0,139.2,275.9,1088.2,1131.2,7.29,219.0,200.0,168.0,87.0,100,20000
3.5918,76,0,56,chair,0.6177,0.31683,0.77908,0.46344,0.99962,199.7,256.1,75.1,63.5,0.03233,0.0,-132.1,278.3,979.9,1027.2,-7.68,162.0,224.0,75.0,63.0,100,20000
3.5918,76,1,0,person,0.5244,0.42981,0.70649,0.76123,0.99951,304.9,245.7,169.7,84.4,0.09711,0.0,128.8,251.7,977.9,1018.0,7.5,220.0,203.0,169.0,84.0,100,20000
3.6425,77,0,56,chair,0.666,0.31641,0.78006,0.46637,0.99946,200.4,256.3,76.8,63.2,0.0329,0.0,-134.2,285.4,1004.9,1053.2,-7.61,162.0,224.0,76.0,63.0,100,20000
3.6425,77,1,0,person,0.5044,0.42957,0.71083,0.76331,0.99946,305.4,246.3,170.9,83.1,0.09633,0.0,145.4,285.5,1103.7,1149.3,7.5,219.0,204.0,171.0,83.0,100,20000
3.6947,78,0,56,chair,0.5615,0.31812,0.77951,0.47522,0.99946,203.1,256.2,80.4,63.3,0.03455,0.0,-127.5,284.7,1002.3,1049.7,-7.25,162.0,224.0,81.0,63.0,100,20000
3.6947,78,1,57,couch,0.5181,0.32056,0.7194,0.88843,0.99935,309.5,247.5,290.7,80.6,0.15898,0.0,248.4,455.4,1735.0,1810.9,8.15,164.0,207.0,290.0,80.0,100,20000
3.7425,79,0,56,chair,0.6284,0.31775,0.78082,0.47949,0.99951,204.1,256.4,82.8,63.0,0.03537,0.0,-124.5,283.5,998.1,1045.0,-7.11,162.0,224.0,83.0,63.0,100,20000
3.7935,80,0,56,chair,0.6846,0.31696,0.78266,0.48615,0.99962,205.6,256.6,86.6,62.5,0.03671,0.0,-120.3,283.9,995.0,1041.7,-6.89,162.0,225.0,86.0,62.0,100,20000
3.8418,81,0,56,chair,0.6846,0.31641,0.78407,0.49481,0.99973,207.7,256.9,91.3,62.1,0.03847,0.0,-114.5,285.1,999.1,1045.3,-6.54,162.0,225.0,91.0,62.0,100,20000
3.8915,82,0,56,chair,0.7041,0.31805,0.78451,0.49774,0.99951,208.8,256.9,92.0,61.9,0.03863,0.0,-113.0,284.5,997.1,1043.0,-6.47,162.0,225.0,92.0,62.0,100,20000
3.941,83,0,56,chair,0.7271,0.31677,0.78494,0.50317,0.99946,209.9,257.0,95.4,61.8,0.03999,0.0,-109.0,285.5,996.0,1041.8,-6.25,162.0,226.0,95.0,61.0,100,20000
3.9922,84,0,56,chair,0.7476,0.31635,0.78548,0.50586,0.99946,210.5,257.0,97.0,61.6,0.04055,0.0,-107.8,285.5,996.0,1041.7,-6.18,161.0,226.0,98.0,61.0,100,20000
4.0417,85,0,56,chair,0.7344,0.31702,0.78451,0.50391,0.99935,210.2,256.9,95.7,61.9,0.04015,0.0,-107.8,284.2,996.0,1041.3,-6.18,162.0,225.0,96.0,62.0,100,20000
4.0938,86,0,56,chair,0.7271,0.31598,0.78451,0.49969,0.99946,208.8,256.9,94.1,61.9,0.03949,0.0,-113.0,284.5,997.1,1043.0,-6.47,161.0,225.0,94.0,62.0,100,20000
4.1426,87,0,56,chair,0.7295,0.31744,0.78396,0.49835,0.99951,208.8,256.8,92.6,62.1,0.039,0.0,-111.7,284.5,997.1,1042.9,-6.39,162.0,225.0,93.0,62.0,100,20000
4.1926,88,0,56,chair,0.7246,0.31763,0.78385,0.49664,0.99951,208.5,256.8,91.7,62.1,0.03861,0.0,-112.4,283.0,992.0,1037.7,-6.46,162.0,225.0,92.0,62.0,100,20000
4.2398,89,0,56,chair,0.7183,0.31689,0.78407,0.49658,0.99967,208.2,256.9,92.0,62.1,0.03874,0.0,-112.6,283.6,994.0,1039.8,-6.46,162.0,225.0,92.0,62.0,100,20000
4.2907,90,0,56,chair,0.7139,0.31598,0.78451,0.49615,0.99957,207.9,256.9,92.2,61.9,0.03875,0.0,-114.7,285.7,1001.2,1047.5,-6.54,161.0,225.0,93.0,62.0,100,20000
4.3427,91,0,56,chair,0.7192,0.31702,0.7857,0.49677,0.99962,208.3,257.1,92.0,61.6,0.03845,0.0,-112.8,285.5,996.0,1042.2,-6.46,162.0,226.0,92.0,61.0,100,20000
4.391,92,0,56,chair,0.6528,0.31763,0.7832,0.4964,0.99946,208.4,256.7,91.5,62.3,0.03866,0.0,-113.0,284.5,997.1,1043.0,-6.47,162.0,225.0,92.0,62.0,100,20000
4.4438,93,0,56,chair,0.6709,0.31696,0.78255,0.49591,0.99946,208.1,256.6,91.6,62.5,0.03882,0.0,-115.6,287.9,1009.1,1055.7,-6.54,162.0,225.0,91.0,62.0,100,20000
4.4905,94,0,56,chair,0.6123,0.3175,0.78288,0.49512,0.9994,208.0,256.6,90.9,62.4,0.03846,0.0,-115.0,286.4,1003.8,1050.2,-6.54,162.0,225.0,91.0,62.0,100,20000
4.5903,95,0,56,chair,0.6724,0.31653,0.78483,0.49463,0.99946,207.7,256.9,91.2,61.8,0.03823,0.0,-114.3,286.1,998.1,1044.6,-6.53,162.0,226.0,91.0,61.0,100,20000
4.5907,96,0,56,chair,0.6411,0.31598,0.7832,0.49304,0.99957,207.1,256.7,90.7,62.3,0.03831,0.0,-117.4,286.0,1002.3,1048.9,-6.68,161.0,225.0,91.0,62.0,100,20000
4.6409,97,0,56,chair,0.6489,0.3172,0.78331,0.48993,0.99962,206.6,256.7,88.4,62.3,0.03736,0.0,-117.3,282.7,990.9,1037.1,-6.75,162.0,225.0,88.0,62.0,100,20000
4.6409,97,1,0,person,0.5073,0.31787,0.74175,0.89771,0.99935,311.2,250.7,296.9,74.2,0.14937,0.0,250.2,459.9,1702.9,1781.6,8.36,162.0,213.0,297.0,74.0,100,20000
4.6906,98,0,56,chair,0.625,0.31647,0.78288,0.48822,0.99951,206.0,256.7,87.9,62.4,0.03721,0.0,-118.8,283.3,993.0,1039.4,-6.82,162.0,225.0,87.0,62.0,100,20000
4.7411,99,0,56,chair,0.644,0.31622,0.78288,0.48645,0.99962,205.5,256.7,87.2,62.4,0.0369,0.0,-120.3,283.9,995.0,1041.7,-6.89,161.0,225.0,88.0,62.0,100,20000
4.7913,100,0,56,chair,0.6113,0.31586,0.78201,0.48358,0.99946,204.7,256.5,85.9,62.6,0.03647,0.0,-122.8,283.9,995.0,1042.0,-7.04,161.0,225.0,86.0,62.0,100,20000
4.7913,100,1,0,person,0.5156,0.31689,0.73676,0.87915,0.99957,306.2,250.0,287.9,75.7,0.14777,0.0,230.6,457.4,1701.4,1776.8,7.72,162.0,212.0,288.0,75.0,100,20000
4.8553,101,0,56,chair,0.6592,0.31683,0.78125,0.48291,0.99962,204.7,256.4,85.0,62.9,0.03627,0.0,-121.8,284.5,997.1,1044.0,-6.96,162.0,225.0,85.0,62.0,100,20000
4.9642,102,0,56,chair,0.6401,0.31653,0.78049,0.4812,0.99957,204.2,256.3,84.3,63.1,0.03608,0.0,-122.4,281.8,992.0,1038.5,-7.03,162.0,224.0,84.0,63.0,100,20000
5.0274,103,0,56,chair,0.6299,0.31659,0.78179,0.48077,0.99951,204.1,256.5,84.1,62.7,0.03575,0.0,-123.1,284.5,997.1,1044.2,-7.04,162.0,225.0,84.0,62.0,100,20000
5.0274,103,1,0,person,0.5127,0.31934,0.72483,0.86646,0.99957,303.6,248.3,280.1,79.1,0.15032,0.0,217.1,447.5,1696.9,1768.3,7.29,163.0,208.0,280.0,79.0,100,20000
5.0495,104,0,56,chair,0.6899,0.3161,0.78288,0.48077,0.99967,204.0,256.7,84.3,62.4,0.0357,0.0,-122.9,281.3,985.9,1032.6,-7.11,161.0,225.0,85.0,62.0,100,20000
5.1019,105,0,56,chair,0.6338,0.31561,0.78049,0.47876,0.99962,203.4,256.3,83.5,63.1,0.03575,0.0,-125.6,283.2,997.1,1044.1,-7.18,161.0,224.0,84.0,63.0,100,20000
5.1281,106,0,56,chair,0.6299,0.31714,0.77962,0.47369,0.99946,202.5,256.2,80.2,63.3,0.03442,0.0,-127.9,282.6,995.0,1042.2,-7.32,162.0,224.0,80.0,63.0,100,20000
5.1923,107,0,56,chair,0.6499,0.31665,0.77973,0.46857,0.99951,201.0,256.2,77.8,63.3,0.03339,0.0,-130.7,280.6,987.9,1035.3,-7.54,162.0,224.0,77.0,63.0,100,20000
5.2462,108,0,56,chair,0.6641,0.31738,0.77941,0.466,0.9994,200.5,256.1,76.1,63.4,0.03269,0.0,-133.9,284.7,1002.3,1050.5,-7.61,162.0,224.0,76.0,63.0,100,20000
5.2953,109,0,56,chair,0.6587,0.31671,0.77941,0.46448,0.99935,200.0,256.1,75.7,63.3,0.0325,0.0,-134.1,282.4,994.0,1042.0,-7.68,162.0,224.0,75.0,63.0,100,20000
5.3436,110,0,56,chair,0.6919,0.31689,0.78071,0.46118,0.99951,199.2,256.4,73.9,63.0,0.03157,0.0,-135.7,283.2,997.1,1045.4,-7.75,162.0,224.0,74.0,63.0,100,20000
5.3522,111,0,56,chair,0.7109,0.3172,0.7819,0.46094,0.99946,199.2,256.5,73.6,62.7,0.03127,0.0,-135.2,283.3,993.0,1041.4,-7.75,162.0,225.0,74.0,62.0,100,20000
5.3917,112,0,56,chair,0.6606,0.31689,0.78082,0.4613,0.99962,199.2,256.4,73.9,63.0,0.0316,0.0,-136.0,283.8,999.1,1047.5,-7.75,162.0,224.0,74.0,63.0,100,20000
5.4412,113,0,56,chair,0.6519,0.31647,0.78092,0.46271,0.99967,199.5,256.4,74.9,63.0,0.03199,0.0,-136.0,283.8,999.1,1047.5,-7.75,162.0,224.0,74.0,63.0,100,20000
5.4918,114,0,56,chair,0.6777,0.31689,0.7819,0.4635,0.99957,199.8,256.5,75.1,62.7,0.03191,0.0,-134.3,284.2,996.0,1044.4,-7.68,162.0,225.0,75.0,62.0,100,20000
5.4918,114,1,0,person,0.5034,0.31689,0.7105,0.88721,0.99957,308.2,246.3,292.0,83.3,0.16486,0.0,239.4,440.5,1702.9,1775.2,8.0,162.0,204.0,292.0,83.0,100,20000
5.5404,115,0,56,chair,0.6533,0.31659,0.78212,0.46405,0.99962,199.8,256.6,75.5,62.6,0.03207,0.0,-134.3,284.2,996.0,1044.4,-7.68,162.0,225.0,75.0,62.0,100,20000
5.5404,115,1,0,person,0.5171,0.31653,0.70898,0.88501,0.99935,307.6,246.0,291.1,83.6,0.16507,0.0,235.6,437.4,1690.9,1762.4,7.93,162.0,204.0,291.0,83.0,100,20000
5.5899,116,0,56,chair,0.6938,0.31677,0.78201,0.46442,0.99967,200.0,256.6,75.6,62.7,0.03214,0.0,-134.5,284.5,997.1,1045.6,-7.68,162.0,225.0,75.0,62.0,100,20000
5.5899,116,1,0,person,0.5308,0.31726,0.7092,0.88403,0.99935,307.5,246.0,290.2,83.6,0.16445,0.0,231.0,432.8,1673.3,1743.7,7.86,162.0,204.0,290.0,83.0,100,20000
5.64,117,0,56,chair,0.6626,0.31683,0.78255,0.46436,0.99957,200.0,256.6,75.5,62.5,0.03202,0.0,-134.7,285.1,999.1,1047.7,-7.68,162.0,225.0,75.0,62.0,100,20000
5.64,117,1,0,person,0.5552,0.31641,0.70638,0.88379,0.99935,307.3,245.6,290.5,84.4,0.16623,0.0,235.1,438.3,1702.9,1774.0,7.86,162.0,203.0,290.0,84.0,100,20000
5.692,118,0,56,chair,0.6343,0.3172,0.78179,0.46442,0.99957,200.1,256.5,75.4,62.7,0.03206,0.0,-134.6,284.8,998.1,1046.6,-7.68,162.0,225.0,75.0,62.0,100,20000
5.692,118,1,0,person,0.5,0.31616,0.70681,0.88159,0.99935,306.6,245.7,289.5,84.3,0.16541,0.0,230.2,437.1,1698.4,1768.8,7.72,161.0,203.0,290.0,84.0,100,20000
5.7412,119,0,56,chair,0.6035,0.31665,0.78168,0.46429,0.99967,199.9,256.5,75.6,62.8,0.03218,0.0,-131.1,277.3,972.0,1019.2,-7.68,162.0,225.0,75.0,62.0,100,20000
5.7412,119,1,0,person,0.5273,0.3147,0.70041,0.88184,0.99913,306.3,244.7,290.4,86.0,0.16942,0.0,237.7,447.0,1754.0,1825.6,7.72,161.0,201.0,290.0,86.0,100,20000
5.7916,120,0,56,chair,0.6675,0.31763,0.78266,0.46338,0.99957,199.9,256.6,74.6,62.5,0.03161,0.0,-132.1,279.6,979.9,1027.5,-7.68,162.0,225.0,75.0,62.0,100,20000
5.7916,120,1,0,person,0.5249,0.31665,0.69803,0.88721,0.99913,308.2,244.4,292.1,86.7,0.1718,0.0,246.8,447.4,1755.5,1828.3,8.0,162.0,201.0,292.0,86.0,100,20000
5.8426,121,0,56,chair,0.6465,0.31628,0.78147,0.4635,0.99973,199.6,256.5,75.4,62.9,0.03213,0.0,-133.7,280.2,981.9,1029.8,-7.75,161.0,225.0,76.0,62.0,100,20000
5.8426,121,1,0,person,0.5254,0.31384,0.69434,0.88989,0.99913,308.2,243.9,294.9,87.8,0.17557,0.0,244.2,442.1,1752.4,1823.7,7.93,160.0,199.0,295.0,88.0,100,20000
5.8907,122,0,56,chair,0.6641,0.31708,0.78179,0.46313,0.99962,199.7,256.5,74.8,62.7,0.03181,0.0,-133.1,281.6,986.9,1034.9,-7.68,162.0,225.0,75.0,62.0,100,20000
5.8907,122,1,0,person,0.5576,0.3125,0.69,0.88696,0.99957,307.1,243.3,294.1,89.2,0.17784,0.0,244.4,444.4,1770.0,1841.2,7.86,160.0,198.0,294.0,89.0,100,20000
5.9404,123,0,56,chair,0.6768,0.3161,0.78364,0.4624,0.99962,199.3,256.8,74.9,62.2,0.0316,0.0,-136.4,283.3,993.0,1041.6,-7.82,161.0,225.0,75.0,62.0,100,20000
5.9404,123,1,0,person,0.5107,0.31519,0.69021,0.87524,0.99902,304.8,243.2,286.7,88.9,0.17295,0.0,234.7,447.2,1781.5,1851.7,7.51,161.0,198.0,287.0,89.0,100,20000
5.9909,124,0,56,chair,0.6538,0.31781,0.78201,0.46143,0.99967,199.5,256.6,73.5,62.7,0.03126,0.0,-135.2,283.3,993.0,1041.4,-7.75,162.0,225.0,74.0,62.0,100,20000
5.9909,124,1,0,person,0.522,0.43005,0.68891,0.76343,0.99924,305.5,243.1,170.7,89.4,0.10346,0.0,128.4,242.3,965.2,1003.4,7.58,220.0,198.0,170.0,89.0,100,20000
6.0409,125,0,56,chair,0.6519,0.31763,0.78125,0.46088,0.99978,199.3,256.5,73.3,62.9,0.0313,0.0,-136.4,283.3,993.0,1041.6,-7.82,162.0,225.0,73.0,62.0,100,20000
6.0409,125,1,0,person,0.5986,0.31348,0.68414,0.87231,0.99967,303.6,242.5,286.1,90.9,0.17633,0.0,224.8,438.9,1757.1,1825.0,7.29,160.0,197.0,286.0,90.0,100,20000
6.092,126,0,56,chair,0.6655,0.31738,0.78071,0.45972,0.99973,198.9,256.4,72.9,63.1,0.03118,0.0,-136.7,282.6,995.0,1043.3,-7.82,162.0,224.0,73.0,63.0,100,20000
6.092,126,1,0,person,0.5659,0.31177,0.6849,0.88208,0.99957,305.6,242.6,292.0,90.6,0.17946,0.0,232.0,435.7,1744.4,1812.9,7.58,159.0,197.0,292.0,90.0,100,20000
6.1406,127,0,56,chair,0.6338,0.31708,0.78168,0.45978,0.99984,198.9,256.5,73.1,62.8,0.03113,0.0,-136.7,283.9,995.0,1043.7,-7.82,162.0,225.0,73.0,62.0,100,20000
6.1406,127,1,0,person,0.5439,0.31396,0.68685,0.86475,0.99957,301.7,242.8,282.0,90.1,0.17224,0.0,209.7,426.5,1707.4,1772.3,7.0,160.0,197.0,282.0,90.0,100,20000
6.1909,128,0,56,chair,0.6289,0.31781,0.78168,0.45978,0.99967,199.1,256.5,72.7,62.8,0.03095,0.0,-137.3,285.1,999.1,1048.0,-7.82,162.0,225.0,73.0,62.0,100,20000
6.1909,128,1,0,person,0.5161,0.31689,0.68793,0.85181,0.99902,299.2,242.9,273.9,89.6,0.16641,0.0,200.5,427.5,1702.9,1767.2,6.72,162.0,198.0,274.0,89.0,100,20000
6.2398,129,0,56,chair,0.6133,0.31689,0.78114,0.46136,0.99984,199.2,256.5,74.0,63.0,0.0316,0.0,-135.9,283.5,998.1,1046.4,-7.75,162.0,224.0,74.0,63.0,100,20000
6.2398,129,1,0,person,0.5664,0.31372,0.68934,0.88623,0.99967,307.2,243.2,293.1,89.4,0.17767,0.0,240.6,441.5,1758.7,1829.2,7.79,160.0,198.0,293.0,89.0,100,20000
6.2906,130,0,56,chair,0.6357,0.31708,0.78223,0.46252,0.99962,199.6,256.6,74.5,62.6,0.03162,0.0,-133.5,279.9,980.9,1028.8,-7.75,162.0,225.0,74.0,62.0,100,20000
6.2906,130,1,0,person,0.5698,0.31555,0.68761,0.88916,0.99913,308.4,242.9,293.7,89.7,0.17869,0.0,244.6,436.7,1739.7,1810.3,8.0,161.0,198.0,294.0,89.0,100,20000
6.3409,131,0,0,person,0.6079,0.31348,0.6862,0.89429,0.99989,309.2,242.8,297.4,90.3,0.18219,0.0,246.8,434.5,1739.7,1810.0,8.07,160.0,197.0,297.0,90.0,100,20000
6.3409,131,1,56,chair,0.5439,0.31677,0.78038,0.46301,0.99978,199.6,256.3,74.9,63.2,0.03209,0.0,-131.1,276.1,972.0,1018.9,-7.68,162.0,224.0,75.0,63.0,100,20000
6.3918,132,0,56,chair,0.6299,0.31671,0.78114,0.4632,0.99973,199.7,256.4,75.0,63.0,0.03202,0.0,-132.1,278.3,979.9,1027.2,-7.68,162.0,224.0,75.0,63.0,100,20000
6.3918,132,1,0,person,0.6011,0.31299,0.6862,0.88574,0.99967,306.9,242.8,293.2,90.3,0.17954,0.0,239.9,438.1,1754.0,1823.7,7.79,160.0,197.0,293.0,90.0,100,20000
6.4406,133,0,0,person,0.6499,0.3147,0.68641,0.8833,1.0,306.7,242.8,291.1,90.3,0.17831,0.0,239.9,440.3,1754.0,1824.3,7.79,161.0,197.0,291.0,91.0,100,20000
6.4406,133,1,56,chair,0.5283,0.3172,0.77941,0.46283,0.99962,199.7,256.2,74.6,63.4,0.03207,0.0,-134.2,280.0,985.9,1033.6,-7.75,162.0,224.0,74.0,63.0,100,20000
6.4909,134,0,0,person,0.6382,0.31519,0.68555,0.88916,0.99989,308.3,242.7,293.9,90.5,0.18042,0.0,260.1,462.0,1849.8,1924.3,8.0,161.0,197.0,294.0,90.0,100,20000
6.4909,134,1,56,chair,0.5488,0.31787,0.78125,0.4632,0.99978,200.0,256.5,74.4,62.9,0.03176,0.0,-134.2,283.9,995.0,1043.4,-7.68,162.0,225.0,75.0,62.0,100,20000
6.5417,135,0,0,person,0.6313,0.31421,0.68663,0.88599,1.0,307.3,242.9,292.8,90.3,0.17918,0.0,252.6,463.5,1846.3,1920.3,7.79,160.0,197.0,293.0,91.0,100,20000
6.5417,135,1,56,chair,0.5366,0.31702,0.78082,0.46295,0.99962,199.7,256.4,74.7,63.0,0.03193,0.0,-134.6,283.5,998.1,1046.3,-7.68,162.0,224.0,75.0,63.0,100,20000
6.5904,136,0,0,person,0.6235,0.31396,0.68717,0.88721,0.99978,307.5,242.9,293.5,90.0,0.1792,0.0,246.2,445.4,1783.1,1854.3,7.86,160.0,197.0,294.0,90.0,100,20000
6.5904,136,1,56,chair,0.5625,0.31714,0.78049,0.46289,0.99967,199.7,256.3,74.6,63.1,0.03195,0.0,-134.5,283.2,997.1,1045.2,-7.68,162.0,224.0,75.0,63.0,100,20000
6.6406,137,0,0,person,0.6177,0.31299,0.68728,0.89087,0.99978,308.2,242.9,295.9,90.0,0.18059,0.0,253.5,450.4,1803.1,1875.7,8.0,160.0,197.0,296.0,90.0,100,20000
6.6406,137,1,56,chair,0.6001,0.3172,0.78288,0.46259,0.99973,199.6,256.7,74.4,62.5,0.03153,0.0,-135.6,284.2,996.0,1044.6,-7.75,162.0,225.0,74.0,62.0,100,20000
6.6903,138,0,56,chair,0.6094,0.31616,0.78136,0.46252,0.99973,199.3,256.5,74.9,62.9,0.03196,0.0,-135.6,281.6,986.9,1035.2,-7.82,161.0,225.0,75.0,62.0,100,20000
6.6903,138,1,0,person,0.5864,0.31152,0.6862,0.89111,0.99978,307.9,242.8,296.8,90.3,0.18175,0.0,242.6,434.9,1741.3,1811.1,7.93,159.0,197.0,297.0,90.0,100,20000
6.7412,139,0,0,person,0.5874,0.31274,0.68435,0.88892,0.99978,307.6,242.5,295.0,90.8,0.18174,0.0,247.8,444.1,1778.2,1849.5,7.93,160.0,197.0,295.0,90.0,100,20000
6.7412,139,1,56,chair,0.5825,0.31714,0.78082,0.46179,0.99973,199.4,256.4,74.1,63.0,0.03167,0.0,-134.8,281.2,989.9,1037.9,-7.75,162.0,224.0,74.0,63.0,100,20000
6.7907,140,0,56,chair,0.6182,0.31671,0.78136,0.46002,0.99989,198.8,256.5,73.4,62.9,0.03132,0.0,-135.5,281.3,985.9,1034.2,-7.83,162.0,225.0,73.0,62.0,100,20000
6.7907,140,1,0,person,0.5762,0.31274,0.68641,0.86792,0.99967,302.2,242.8,284.3,90.2,0.17392,0.0,213.5,425.3,1702.9,1768.1,7.15,160.0,197.0,284.0,90.0,100,20000
6.8408,141,0,0,person,0.6221,0.31421,0.68349,0.87646,0.99978,304.8,242.4,287.9,91.1,0.17783,0.0,229.8,437.9,1762.0,1830.1,7.43,160.0,196.0,288.0,91.0,100,20000
6.8408,141,1,56,chair,0.5928,0.31738,0.78082,0.45929,0.99995,198.8,256.4,72.7,63.1,0.0311,0.0,-135.7,280.6,987.9,1035.9,-7.82,162.0,224.0,73.0,63.0,100,20000
6.8908,142,0,56,chair,0.6035,0.31677,0.78114,0.45807,0.99989,198.4,256.5,72.3,63.0,0.03091,0.0,-137.6,281.8,992.0,1040.4,-7.9,162.0,224.0,72.0,63.0,100,20000
6.8908,142,1,0,person,0.5903,0.31348,0.68186,0.87354,0.99967,303.9,242.1,286.8,91.5,0.17799,0.0,225.8,434.3,1747.6,1814.9,7.36,160.0,196.0,287.0,91.0,100,20000
6.9398,143,0,56,chair,0.644,0.31744,0.78309,0.4574,0.99989,198.4,256.7,71.7,62.4,0.03034,0.0,-137.3,282.5,989.9,1038.5,-7.9,162.0,225.0,72.0,62.0,100,20000
6.9398,143,1,0,person,0.6191,0.31396,0.67697,0.86719,0.99989,302.4,241.5,283.3,93.0,0.17865,0.0,229.9,451.1,1834.0,1902.6,7.15,160.0,194.0,284.0,93.0,100,20000
6.9906,144,0,56,chair,0.7339,0.31726,0.78266,0.45422,0.99957,197.5,256.6,70.1,62.5,0.02971,0.0,-139.9,282.7,990.9,1039.9,-8.04,162.0,225.0,70.0,62.0,100,20000
6.9906,144,1,0,person,0.5347,0.31494,0.67448,0.81934,0.9987,290.4,240.9,258.3,93.4,0.16354,0.0,162.3,420.7,1710.4,1768.8,5.42,161.0,194.0,258.0,93.0,100,20000
7.0406,145,0,56,chair,0.7627,0.31689,0.78212,0.45325,0.99913,197.2,256.5,69.8,62.5,0.02959,0.0,-140.5,283.9,995.0,1044.2,-8.04,162.0,225.0,70.0,62.0,100,20000
7.0906,146,0,56,chair,0.7891,0.31689,0.77984,0.45142,0.99908,196.7,256.2,68.9,63.1,0.02949,0.0,-140.0,279.2,982.9,1031.3,-8.11,162.0,224.0,69.0,63.0,100,20000
7.1413,147,0,56,chair,0.7842,0.31677,0.77854,0.44861,0.99913,195.9,256.0,67.5,63.5,0.02908,0.0,-143.6,281.2,989.9,1039.0,-8.25,162.0,224.0,67.0,63.0,100,20000
7.1898,148,0,56,chair,0.7632,0.31726,0.77745,0.44711,0.99935,195.7,255.9,66.5,63.9,0.02881,0.0,-144.8,279.9,989.9,1038.9,-8.32,162.0,223.0,66.0,64.0,100,20000
7.1898,148,1,0,person,0.5068,0.31323,0.66005,0.78223,0.9987,280.4,238.9,240.1,97.5,0.15883,0.0,132.7,459.7,1908.4,1967.5,3.98,160.0,190.0,240.0,97.0,100,20000
7.2413,149,0,56,chair,0.7144,0.31683,0.77767,0.44205,0.99957,194.3,255.9,64.1,63.9,0.02779,0.0,-147.9,281.1,994.0,1043.5,-8.46,162.0,223.0,64.0,64.0,100,20000
7.2413,149,1,0,person,0.5273,0.31323,0.65419,0.7749,0.99881,278.6,238.0,236.4,99.3,0.1591,0.0,126.9,469.2,1968.7,2027.8,3.69,160.0,188.0,236.0,99.0,100,20000
7.2908,150,0,56,chair,0.7173,0.31708,0.77724,0.43933,0.99929,193.6,255.8,62.6,64.0,0.02715,0.0,-150.8,281.7,996.0,1046.0,-8.61,162.0,223.0,62.0,64.0,100,20000
7.2908,150,1,0,person,0.5347,0.31396,0.65321,0.76099,0.99881,275.2,237.9,228.9,99.5,0.15449,0.0,139.2,597.2,2505.6,2579.5,3.18,160.0,188.0,229.0,99.0,100,20000
7.3411,151,0,56,chair,0.7222,0.31683,0.77604,0.43924,0.99935,193.6,255.7,62.7,64.3,0.02734,0.0,-151.6,283.1,1001.2,1051.4,-8.61,162.0,223.0,62.0,64.0,100,20000
7.3411,151,1,0,person,0.5254,0.31421,0.65278,0.7666,0.99891,276.7,237.8,231.6,99.7,0.15659,0.0,127.0,509.8,2139.0,2202.6,3.4,160.0,188.0,232.0,99.0,100,20000
7.3919,152,0,56,chair,0.7192,0.3172,0.77604,0.43887,0.99951,193.6,255.7,62.3,64.4,0.02719,0.0,-150.0,280.2,990.9,1040.6,-8.61,162.0,223.0,62.0,64.0,100,20000
7.3919,152,1,0,person,0.5317,0.31201,0.65397,0.76685,0.99891,276.2,238.0,232.9,99.3,0.15689,0.0,108.1,443.4,1860.5,1915.7,3.33,159.0,188.0,233.0,99.0,100,20000
7.4407,153,0,56,chair,0.7383,0.31696,0.77713,0.43884,0.9994,193.5,255.8,62.4,64.0,0.02709,0.0,-151.7,283.4,1002.3,1052.6,-8.61,162.0,223.0,62.0,64.0,100,20000
7.4919,154,0,56,chair,0.7422,0.31616,0.77734,0.43909,0.99929,193.3,255.8,62.9,63.9,0.02728,0.0,-152.5,282.5,999.1,1049.4,-8.68,161.0,223.0,63.0,64.0,100,20000
7.5406,155,0,56,chair,0.7236,0.31628,0.77724,0.43967,0.99935,193.5,255.8,63.2,64.0,0.02741,0.0,-150.3,280.8,993.0,1042.8,-8.61,161.0,223.0,64.0,64.0,100,20000
7.5406,155,1,0,person,0.5049,0.31128,0.65701,0.78101,0.9987,279.6,238.4,240.5,98.4,0.1605,0.0,130.3,466.0,1944.9,2004.2,3.83,159.0,189.0,240.0,98.0,100,20000
7.5908,156,0,56,chair,0.7197,0.31641,0.77658,0.43942,0.99924,193.5,255.7,63.0,64.1,0.02739,0.0,-150.5,281.1,994.0,1043.9,-8.61,162.0,223.0,62.0,64.0,100,20000
7.5908,156,1,0,person,0.519,0.31409,0.65994,0.76599,0.99891,276.5,238.9,231.4,97.6,0.15318,0.0,106.9,433.9,1801.4,1856.0,3.4,160.0,190.0,232.0,97.0,100,20000
7.6405,157,0,56,chair,0.7256,0.31659,0.77691,0.43936,0.99919,193.5,255.8,62.9,64.0,0.02729,0.0,-150.0,280.2,990.9,1040.6,-8.61,162.0,223.0,62.0,64.0,100,20000
7.6901,158,0,56,chair,0.7207,0.31677,0.77713,0.44086,0.99929,194.0,255.8,63.5,64.0,0.02757,0.0,-149.7,282.0,997.1,1047.0,-8.54,162.0,223.0,63.0,64.0,100,20000
7.741,159,0,56,chair,0.6201,0.31732,0.77745,0.44312,1.0,194.7,256.0,64.4,64.1,0.028,0.0,-148.7,283.8,999.1,1049.2,-8.47,162.0,223.0,64.0,65.0,100,20000
7.741,159,1,0,person,0.5933,0.31311,0.66417,0.78882,0.99902,282.1,239.5,243.6,96.4,0.15929,0.0,139.4,460.3,1900.8,1960.7,4.19,160.0,191.0,243.0,96.0,100,20000
7.7923,160,0,56,chair,0.5952,0.31757,0.77691,0.44446,1.0,195.1,255.9,65.0,64.2,0.02831,0.0,-147.3,283.5,998.1,1048.0,-8.4,162.0,223.0,65.0,65.0,100,20000
7.7923,160,1,0,person,0.5786,0.31335,0.66732,0.79663,0.99891,284.2,239.9,247.4,95.5,0.16025,0.0,136.6,424.3,1742.9,1799.0,4.48,160.0,192.0,247.0,95.0,100,20000
7.8422,161,0,56,chair,0.6621,0.31671,0.7768,0.44516,0.99984,195.0,255.8,65.8,64.2,0.02865,0.0,-146.5,280.8,993.0,1042.3,-8.39,162.0,223.0,65.0,64.0,100,20000
7.8422,161,1,0,person,0.5425,0.31555,0.66634,0.79834,0.99891,285.2,239.8,247.2,95.8,0.16056,0.0,141.2,422.4,1744.4,1800.4,4.63,161.0,191.0,247.0,96.0,100,20000
7.8905,162,0,56,chair,0.6489,0.31726,0.77745,0.44717,0.99995,195.7,255.9,66.5,64.1,0.0289,0.0,-145.0,280.2,990.9,1039.9,-8.33,162.0,223.0,66.0,64.0,100,20000
7.8905,162,1,0,person,0.5776,0.31555,0.66515,0.80249,0.99891,286.2,239.6,249.3,96.1,0.16252,0.0,146.7,425.5,1757.1,1813.8,4.77,161.0,191.0,249.0,96.0,100,20000
7.9419,163,0,56,chair,0.7261,0.31683,0.7781,0.44852,0.99957,195.9,256.0,67.4,63.8,0.02917,0.0,-144.9,283.8,999.1,1048.7,-8.25,162.0,224.0,67.0,63.0,100,20000
7.9419,163,1,0,person,0.5435,0.31555,0.66395,0.83374,0.99891,294.2,239.5,265.3,96.5,0.17357,0.0,185.4,432.6,1786.4,1847.4,5.93,161.0,191.0,265.0,96.0,100,20000
7.9917,164,0,56,chair,0.7441,0.31659,0.77843,0.44943,0.99946,196.1,256.0,68.0,63.7,0.02936,0.0,-140.9,278.3,979.9,1028.4,-8.18,162.0,224.0,68.0,63.0,100,20000
7.9917,164,1,0,person,0.5635,0.31238,0.66775,0.88159,0.99881,305.7,240.0,291.4,95.3,0.18844,0.0,244.8,448.1,1841.0,1910.5,7.57,159.0,192.0,292.0,95.0,100,20000
8.0408,165,0,56,chair,0.75,0.31653,0.77886,0.45053,0.9994,196.4,256.1,68.6,63.5,0.02955,0.0,-140.7,278.1,978.9,1027.3,-8.18,162.0,224.0,68.0,63.0,100,20000
8.0408,165,1,0,person,0.5664,0.31201,0.66743,0.88062,0.99891,305.3,240.0,291.1,95.5,0.18848,0.0,245.8,454.2,1865.9,1936.1,7.5,159.0,192.0,291.0,95.0,100,20000
8.0924,166,0,56,chair,0.7432,0.31635,0.77919,0.45193,0.99957,196.7,256.1,69.4,63.5,0.02988,0.0,-143.3,283.2,997.1,1046.4,-8.18,161.0,224.0,70.0,63.0,100,20000
8.0924,166,1,0,person,0.5952,0.31238,0.67068,0.88379,0.99902,306.2,240.4,292.6,94.6,0.18762,0.0,239.6,436.7,1784.8,1853.0,7.65,159.0,193.0,293.0,94.0,100,20000
8.1415,167,0,56,chair,0.7583,0.31799,0.78331,0.45297,0.99935,197.4,256.7,69.1,62.2,0.02916,0.0,-142.4,285.1,999.1,1048.7,-8.11,162.0,225.0,69.0,62.0,100,20000
8.1415,167,1,0,person,0.5679,0.31396,0.6709,0.87646,0.99881,304.7,240.4,288.0,94.4,0.18445,0.0,241.5,453.1,1851.6,1921.5,7.43,160.0,193.0,288.0,94.0,100,20000
8.1913,168,0,56,chair,0.7485,0.31708,0.78277,0.4541,0.99935,197.4,256.6,70.2,62.4,0.02968,0.0,-141.6,286.1,1002.8,1052.4,-8.04,162.0,225.0,70.0,62.0,100,20000
8.1913,168,1,0,person,0.5967,0.31042,0.67166,0.88086,0.99881,305.0,240.5,292.1,94.2,0.18662,0.0,259.9,482.7,1972.7,2047.5,7.51,158.0,193.0,293.0,94.0,100,20000
8.2409,169,0,56,chair,0.7451,0.31793,0.78516,0.45563,0.99957,198.0,257.0,70.5,61.8,0.02952,0.0,-140.5,287.7,1003.8,1053.6,-7.97,162.0,226.0,71.0,61.0,100,20000
8.2409,169,1,0,person,0.6045,0.31274,0.67263,0.8811,0.99891,305.6,240.7,291.0,94.0,0.18544,0.0,243.5,443.7,1813.3,1882.6,7.65,160.0,193.0,291.0,94.0,100,20000
8.291,170,0,56,chair,0.748,0.31696,0.78385,0.45654,0.99946,198.0,256.8,71.5,62.1,0.03009,0.0,-140.3,286.0,1002.3,1051.7,-7.97,162.0,225.0,71.0,62.0,100,20000
8.291,170,1,0,person,0.6104,0.31226,0.67437,0.88452,0.99902,306.4,241.0,293.0,93.5,0.18578,0.0,263.8,483.3,1964.7,2040.4,7.65,159.0,194.0,293.0,93.0,100,20000
8.3407,171,0,56,chair,0.7598,0.31677,0.78429,0.45691,0.99924,198.1,256.8,71.8,61.9,0.03012,0.0,-140.3,286.1,1002.8,1052.2,-7.96,162.0,225.0,71.0,62.0,100,20000
8.3407,171,1,0,person,0.5806,0.3114,0.67231,0.88599,0.99902,306.5,240.7,294.2,94.1,0.18772,0.0,265.2,478.8,1956.7,2031.8,7.72,159.0,193.0,294.0,94.0,100,20000
8.3912,172,0,56,chair,0.7358,0.31732,0.78385,0.45789,0.99946,198.5,256.8,72.0,62.1,0.03031,0.0,-138.7,285.4,1000.2,1049.3,-7.89,162.0,225.0,72.0,62.0,100,20000
8.3912,172,1,0,person,0.605,0.31201,0.67122,0.88599,0.99891,306.7,240.5,293.9,94.4,0.18809,0.0,253.4,457.5,1869.5,1941.3,7.72,159.0,193.0,294.0,94.0,100,20000
8.4411,173,0,56,chair,0.7402,0.31738,0.78418,0.45819,0.99951,198.5,256.9,72.1,62.0,0.03032,0.0,-138.4,284.8,998.1,1047.1,-7.89,162.0,225.0,72.0,62.0,100,20000
8.4411,173,1,0,person,0.5991,0.31287,0.67057,0.88672,0.99891,307.1,240.4,293.8,94.6,0.18842,0.0,279.2,494.9,2022.4,2100.7,7.86,160.0,193.0,294.0,94.0,100,20000
8.4917,174,0,56,chair,0.7373,0.31744,0.78364,0.45764,0.99946,198.4,256.8,71.8,62.2,0.03026,0.0,-138.3,284.5,997.1,1046.1,-7.9,162.0,225.0,72.0,62.0,100,20000
8.4917,174,1,0,person,0.6147,0.31299,0.67144,0.88477,0.99902,306.6,240.5,292.8,94.3,0.1873,0.0,313.1,560.0,2288.7,2376.9,7.79,160.0,193.0,293.0,94.0,100,20000
8.5413,175,0,56,chair,0.728,0.31763,0.78483,0.45892,0.99957,198.8,257.0,72.3,61.8,0.03034,0.0,-140.1,289.5,1010.1,1060.1,-7.9,162.0,226.0,72.0,61.0,100,20000
8.5413,175,1,0,person,0.6191,0.31543,0.67426,0.8855,0.99902,307.4,241.0,291.9,93.5,0.18514,0.0,273.2,486.7,1978.8,2056.0,7.86,161.0,194.0,292.0,93.0,100,20000
8.5909,176,0,56,chair,0.7041,0.31781,0.78526,0.46033,0.99962,199.2,257.0,73.0,61.7,0.03055,0.0,-137.7,287.2,1002.3,1051.7,-7.82,162.0,226.0,73.0,61.0,100,20000
8.5909,176,1,0,person,0.6616,0.31274,0.67632,0.88623,0.99967,306.9,241.3,293.6,93.1,0.18544,0.0,303.7,546.1,2220.2,2306.5,7.79,160.0,194.0,293.0,93.0,100,20000
8.6413,177,0,56,chair,0.7173,0.31836,0.78472,0.46075,0.99962,199.5,256.9,72.9,61.9,0.0306,0.0,-136.0,286.4,999.1,1048.2,-7.75,163.0,226.0,72.0,61.0,100,20000
8.6413,177,1,0,person,0.6367,0.31445,0.67654,0.88477,0.99902,307.0,241.3,292.0,92.9,0.18392,0.0,272.9,486.2,1976.8,2053.9,7.86,161.0,194.0,292.0,93.0,100,20000
8.6921,178,0,56,chair,0.7256,0.31628,0.78602,0.46075,0.99946,198.9,257.1,74.0,61.5,0.03084,0.0,-138.7,286.7,1000.2,1049.7,-7.89,161.0,226.0,74.0,61.0,100,20000
8.6921,178,1,0,person,0.5918,0.31128,0.6748,0.88428,0.99902,306.1,241.0,293.4,93.4,0.18578,0.0,258.0,472.7,1921.7,1995.7,7.65,159.0,194.0,293.0,93.0,100,20000
8.7413,179,0,56,chair,0.7451,0.31799,0.78537,0.45953,0.9994,199.0,257.0,72.5,61.6,0.03029,0.0,-136.7,285.2,995.0,1044.1,-7.82,162.0,226.0,73.0,61.0,100,20000
8.7413,179,1,0,person,0.5962,0.3136,0.67513,0.88647,0.99902,307.2,241.1,293.3,93.3,0.18555,0.0,283.2,509.2,2070.1,2150.5,7.79,160.0,194.0,293.0,93.0,100,20000
8.7917,180,0,56,chair,0.73,0.31793,0.78385,0.46088,0.99946,199.4,256.8,73.2,62.1,0.03082,0.0,-137.0,284.5,997.1,1045.9,-7.82,162.0,225.0,73.0,62.0,100,20000
8.7917,180,1,0,person,0.5903,0.3147,0.67339,0.8855,0.99902,307.3,240.8,292.2,93.8,0.18587,0.0,290.8,515.4,2106.3,2187.9,7.86,161.0,193.0,292.0,94.0,100,20000
8.8417,181,0,56,chair,0.6904,0.31738,0.78418,0.46179,0.99962,199.5,256.9,73.9,62.0,0.03111,0.0,-136.0,285.1,999.1,1047.8,-7.75,162.0,225.0,74.0,62.0,100,20000
8.8417,181,1,0,person,0.6367,0.31384,0.67426,0.88818,0.99913,307.7,241.0,294.1,93.6,0.18659,0.0,270.4,481.8,1958.7,2035.1,7.86,160.0,194.0,294.0,93.0,100,20000
8.891,182,0,56,chair,0.7192,0.31775,0.78407,0.46198,0.99957,199.6,256.8,73.8,62.1,0.03108,0.0,-135.7,284.5,997.1,1045.7,-7.75,162.0,225.0,74.0,62.0,100,20000
8.891,182,1,0,person,0.6133,0.3147,0.67502,0.8855,0.99902,307.3,241.1,292.2,93.3,0.18494,0.0,257.4,458.5,1864.1,1936.8,7.86,161.0,194.0,292.0,93.0,100,20000
8.9413,183,0,56,chair,0.7314,0.31708,0.78396,0.46271,0.99951,199.6,256.8,74.6,62.1,0.03139,0.0,-135.5,283.9,995.0,1043.5,-7.75,162.0,225.0,74.0,62.0,100,20000
8.9413,183,1,0,person,0.6094,0.31335,0.67611,0.88672,0.99891,307.2,241.2,293.6,93.0,0.18508,0.0,290.5,517.5,2104.0,2186.1,7.86,160.0,194.0,294.0,93.0,100,20000
8.9911,184,0,56,chair,0.7183,0.31689,0.7844,0.4632,0.99946,199.7,256.9,74.9,61.9,0.03147,0.0,-135.2,286.1,1002.8,1051.5,-7.68,162.0,225.0,75.0,62.0,100,20000
8.9911,184,1,0,person,0.6064,0.31274,0.67719,0.88745,0.99967,307.2,241.5,294.3,92.9,0.18533,0.0,280.1,501.6,2028.8,2108.6,7.86,160.0,195.0,294.0,92.0,100,20000
9.0412,185,0,56,chair,0.6899,0.3175,0.78385,0.46344,0.99967,199.9,256.8,74.7,62.2,0.0315,0.0,-134.7,285.1,999.1,1047.7,-7.68,162.0,225.0,75.0,62.0,100,20000
9.0412,185,1,0,person,0.6177,0.31152,0.6786,0.88965,0.99967,307.5,241.7,296.0,92.5,0.18562,0.0,272.1,487.2,1970.7,2048.2,7.86,159.0,195.0,296.0,92.0,100,20000
9.0914,186,0,56,chair,0.6987,0.31763,0.7832,0.46338,0.99962,199.9,256.7,74.6,62.3,0.03154,0.0,-134.3,284.2,996.0,1044.4,-7.68,162.0,225.0,75.0,62.0,100,20000
9.0914,186,1,0,person,0.6128,0.31445,0.67708,0.89136,0.99913,308.7,241.4,295.4,92.8,0.18579,0.0,283.7,494.3,1999.3,2078.9,8.08,161.0,195.0,295.0,92.0,100,20000
9.1411,187,0,56,chair,0.6968,0.31744,0.78331,0.46368,0.99957,200.0,256.7,74.9,62.3,0.03163,0.0,-133.9,283.3,993.0,1041.3,-7.68,162.0,225.0,75.0,62.0,100,20000
9.1411,187,1,0,person,0.6089,0.31201,0.67752,0.88989,0.99957,307.7,241.5,295.9,92.8,0.18611,0.0,285.2,510.7,2065.7,2146.9,7.86,159.0,195.0,296.0,92.0,100,20000
9.1912,188,0,56,chair,0.7139,0.31689,0.78385,0.46356,0.99957,199.8,256.8,75.1,62.1,0.03164,0.0,-135.0,285.7,1001.2,1049.9,-7.68,162.0,225.0,75.0,62.0,100,20000
9.1912,188,1,0,person,0.5952,0.31213,0.6773,0.8877,0.99902,307.2,241.4,294.7,92.7,0.18517,0.0,271.8,491.2,1987.0,2064.8,7.79,159.0,195.0,295.0,92.0,100,20000
9.2421,189,0,56,chair,0.7285,0.31689,0.78407,0.46301,0.99957,199.7,256.8,74.8,62.1,0.03149,0.0,-133.6,282.7,990.9,1039.1,-7.68,162.0,225.0,75.0,62.0,100,20000
9.2421,189,1,0,person,0.5801,0.31055,0.67784,0.88867,0.99891,307.0,241.5,296.0,92.5,0.18562,0.0,278.9,499.5,2020.3,2099.7,7.86,159.0,195.0,296.0,92.0,100,20000
9.2903,190,0,56,chair,0.7173,0.31708,0.78385,0.46356,0.99951,199.8,256.8,75.0,62.1,0.03159,0.0,-134.3,284.2,996.0,1044.4,-7.68,162.0,225.0,75.0,62.0,100,20000
9.2903,190,1,0,person,0.6074,0.31274,0.67806,0.89014,0.99891,307.9,241.5,295.6,92.4,0.18526,0.0,288.1,511.3,2067.9,2149.6,7.93,160.0,195.0,295.0,92.0,100,20000
9.3429,191,0,56,chair,0.7056,0.31702,0.78385,0.46375,0.99967,199.9,256.8,75.1,62.2,0.03167,0.0,-135.2,286.0,1002.3,1051.0,-7.68,162.0,225.0,75.0,62.0,100,20000
9.3429,191,1,0,person,0.5967,0.30908,0.67871,0.89893,0.99967,309.3,241.7,302.0,92.4,0.18932,0.0,300.2,518.5,2097.1,2181.0,8.15,158.0,195.0,302.0,92.0,100,20000
9.3909,192,0,56,chair,0.7129,0.31763,0.78451,0.4635,0.99962,200.0,256.9,74.7,62.0,0.03138,0.0,-134.9,285.4,1000.2,1048.8,-7.68,162.0,225.0,75.0,62.0,100,20000
9.3909,192,1,0,person,0.6118,0.31201,0.67839,0.89282,0.99946,308.4,241.6,297.4,92.5,0.18648,0.0,287.4,505.3,2043.8,2124.9,8.0,159.0,195.0,298.0,92.0,100,20000
9.442,193,0,56,chair,0.708,0.31708,0.78396,0.46375,0.99957,199.9,256.8,75.1,62.1,0.03162,0.0,-135.0,285.7,1001.2,1049.9,-7.68,162.0,225.0,75.0,62.0,100,20000
9.442,193,1,0,person,0.5884,0.3136,0.67871,0.88428,0.99891,306.7,241.6,292.2,92.2,0.18273,0.0,251.7,459.1,1856.9,1929.3,7.72,160.0,195.0,292.0,92.0,100,20000
9.4924,194,0,56,chair,0.6631,0.31598,0.7832,0.46417,0.99962,199.7,256.7,75.9,62.3,0.03207,0.0,-137.9,289.0,1012.8,1062.2,-7.75,161.0,225.0,76.0,62.0,100,20000
9.4924,194,1,0,person,0.6411,0.31079,0.67849,0.89062,0.99957,307.6,241.6,296.9,92.5,0.18617,0.0,275.4,488.7,1976.8,2054.9,7.93,159.0,195.0,297.0,92.0,100,20000
9.5412,195,0,56,chair,0.7363,0.3172,0.78635,0.46356,0.99957,199.9,257.2,74.9,61.4,0.03121,0.0,-135.9,288.9,1008.0,1057.4,-7.68,162.0,226.0,75.0,61.0,100,20000
9.5412,195,1,0,person,0.5918,0.31238,0.67763,0.88867,0.99891,307.5,241.4,295.1,92.5,0.18515,0.0,277.2,496.4,2007.6,2086.6,7.86,159.0,195.0,296.0,92.0,100,20000
9.591,196,0,56,chair,0.6973,0.31787,0.78266,0.46326,0.99967,200.0,256.7,74.4,62.5,0.03155,0.0,-134.9,285.4,1000.2,1048.8,-7.68,162.0,225.0,75.0,62.0,100,20000
9.591,196,1,0,person,0.6323,0.30908,0.67654,0.88892,0.99957,306.7,241.4,296.9,93.0,0.18731,0.0,268.5,482.8,1962.7,2039.0,7.79,158.0,194.0,297.0,93.0,100,20000
9.6417,197,0,56,chair,0.6602,0.3172,0.7832,0.45959,0.99978,198.9,256.7,72.9,62.4,0.03084,0.0,-138.8,288.2,1010.1,1059.5,-7.82,162.0,225.0,73.0,62.0,100,20000
9.6417,197,1,0,person,0.6133,0.30713,0.67567,0.88672,0.99967,305.6,241.2,296.8,93.3,0.18779,0.0,263.0,481.8,1958.7,2034.2,7.65,157.0,194.0,297.0,93.0,100,20000
9.6913,198,0,56,chair,0.7383,0.3175,0.78364,0.45532,0.99967,197.8,256.8,70.6,62.2,0.02977,0.0,-139.7,284.8,998.1,1047.3,-7.97,162.0,225.0,71.0,62.0,100,20000
9.6913,198,1,0,person,0.6411,0.3147,0.67198,0.88037,0.99913,305.9,240.6,289.6,94.2,0.18506,0.0,249.1,453.9,1855.1,1926.0,7.65,161.0,193.0,289.0,94.0,100,20000
9.7413,199,0,56,chair,0.7539,0.31659,0.78027,0.45123,0.99946,196.6,256.3,68.9,63.1,0.02951,0.0,-140.6,280.3,986.9,1035.5,-8.11,162.0,224.0,69.0,63.0,100,20000
9.7413,199,1,0,person,0.5405,0.31018,0.65972,0.8291,0.99859,291.7,238.8,265.7,97.6,0.17585,0.0,167.4,413.8,1718.0,1775.0,5.57,158.0,190.0,266.0,97.0,100,20000
9.7924,200,0,56,chair,0.7129,0.31824,0.77756,0.44797,0.99935,196.1,255.9,66.4,63.9,0.02877,0.0,-142.1,277.1,979.9,1028.2,-8.25,162.0,223.0,67.0,64.0,100,20000
9.7924,200,1,0,person,0.5278,0.31824,0.64779,0.75867,0.99881,275.7,237.1,225.5,101.1,0.1546,0.0,96.9,402.3,1705.9,1755.4,3.25,162.0,186.0,226.0,101.0,100,20000
9.8416,201,0,56,chair,0.731,0.31769,0.77691,0.44376,0.99951,194.9,255.8,64.5,64.1,0.02806,0.0,-146.8,281.4,995.0,1044.4,-8.39,162.0,223.0,65.0,64.0,100,20000
9.8908,202,0,56,chair,0.7158,0.31787,0.77702,0.43939,0.9994,193.9,255.8,62.2,64.0,0.02702,0.0,-149.1,278.5,984.9,1034.3,-8.61,162.0,223.0,62.0,64.0,100,20000
9.8908,202,1,0,person,0.521,0.41382,0.63867,0.72998,0.99881,292.8,235.8,161.9,103.7,0.11386,0.0,96.4,223.7,964.2,994.5,5.71,211.0,183.0,162.0,104.0,100,20000
9.9412,203,0,56,chair,0.666,0.31763,0.77745,0.43744,0.9994,193.3,255.9,61.3,63.9,0.02659,0.0,-151.6,280.8,993.0,1043.0,-8.68,162.0,223.0,61.0,64.0,100,20000
9.9412,203,1,0,person,0.5249,0.41638,0.63043,0.724,0.99891,291.9,234.6,157.5,106.1,0.11335,0.0,169.9,394.9,1721.1,1774.0,5.64,213.0,181.0,157.0,106.0,100,20000
9.9913,204,0,56,chair,0.6001,0.31738,0.77517,0.43585,0.99962,192.8,255.6,60.7,64.6,0.02659,0.0,-153.7,284.8,1007.0,1057.7,-8.68,162.0,223.0,61.0,64.0,100,20000
9.9913,204,1,0,person,0.5288,0.42041,0.62695,0.71814,0.99881,291.5,234.1,152.4,107.1,0.11071,0.0,235.9,552.4,2420.8,2494.2,5.57,215.0,180.0,152.0,107.0,100,20000
10.0421,205,0,56,chair,0.6011,0.31842,0.77669,0.43118,0.99957,191.9,255.8,57.7,64.2,0.02513,0.0,-154.1,280.8,993.0,1043.4,-8.82,163.0,223.0,57.0,64.0,100,20000
10.0421,205,1,0,person,0.5137,0.41797,0.62435,0.7124,0.99881,289.4,233.7,150.7,107.8,0.11025,0.0,161.7,397.3,1750.8,1802.6,5.28,214.0,179.0,150.0,108.0,100,20000
10.091,206,0,56,chair,0.5864,0.31769,0.77637,0.4299,0.99957,191.4,255.7,57.5,64.3,0.02505,0.0,-156.3,282.5,999.1,1050.0,-8.89,162.0,223.0,58.0,64.0,100,20000
10.091,206,1,0,person,0.5664,0.31726,0.61947,0.71179,0.99891,263.4,233.0,202.0,109.3,0.1497,0.0,65.3,558.9,2476.7,2539.8,1.51,162.0,178.0,202.0,109.0,100,20000
10.1409,207,0,56,chair,0.625,0.31738,0.77702,0.42877,0.99962,191.0,255.8,57.0,64.1,0.0248,0.0,-157.4,282.3,998.1,1049.1,-8.96,162.0,223.0,57.0,64.0,100,20000
10.1409,207,1,0,person,0.5576,0.31824,0.61458,0.70947,0.99891,263.1,232.3,200.3,110.7,0.15036,0.0,61.4,549.4,2448.4,2510.0,1.44,162.0,177.0,201.0,110.0,100,20000
10.1915,208,0,56,chair,0.6367,0.31781,0.77572,0.42761,0.99957,190.8,255.6,56.2,64.5,0.02458,0.0,-158.5,282.0,997.1,1048.3,-9.03,162.0,223.0,56.0,64.0,100,20000
10.1915,208,1,0,person,0.5986,0.31775,0.61502,0.71033,0.99891,263.2,232.4,201.0,110.6,0.15071,0.0,53.7,480.5,2141.3,2195.2,1.44,162.0,177.0,201.0,110.0,100,20000
10.2408,209,0,0,person,0.6104,0.31897,0.61556,0.71375,0.99902,264.4,232.5,202.1,110.4,0.15138,0.0,69.0,535.8,2387.8,2448.1,1.66,163.0,177.0,202.0,110.0,100,20000
10.2408,209,1,56,chair,0.606,0.31738,0.77561,0.42706,0.99973,190.6,255.6,56.2,64.5,0.02458,0.0,-158.7,282.3,998.1,1049.3,-9.03,162.0,223.0,56.0,64.0,100,20000
10.2902,210,0,56,chair,0.5952,0.31824,0.77572,0.42731,0.99973,190.9,255.7,55.8,64.5,0.02443,0.0,-158.5,282.0,997.1,1048.3,-9.03,162.0,223.0,56.0,64.0,100,20000
10.2902,210,1,0,person,0.5659,0.3197,0.6148,0.71045,0.99891,263.7,232.4,200.1,110.6,0.15009,0.0,52.3,445.4,1984.9,2034.9,1.51,163.0,177.0,200.0,110.0,100,20000
10.3402,211,0,56,chair,0.6382,0.31775,0.77615,0.42712,0.99967,190.7,255.7,56.0,64.4,0.02445,0.0,-158.0,281.1,994.0,1045.0,-9.03,162.0,223.0,56.0,64.0,100,20000
10.3402,211,1,0,person,0.5312,0.41125,0.61502,0.70142,0.99913,284.8,232.4,148.6,110.6,0.11146,0.0,78.8,218.5,973.9,1001.2,4.63,210.0,177.0,149.0,110.0,100,20000
10.3924,212,0,56,chair,0.6235,0.31842,0.77637,0.42694,0.99973,190.8,255.8,55.6,64.3,0.02424,0.0,-156.8,281.1,994.0,1044.8,-8.96,163.0,223.0,55.0,64.0,100,20000
10.3924,212,1,0,person,0.5859,0.31848,0.61491,0.70984,0.99902,263.2,232.4,200.4,110.6,0.15033,0.0,67.5,574.9,2562.2,2626.8,1.51,163.0,177.0,200.0,110.0,100,20000
10.4421,213,0,56,chair,0.6177,0.31818,0.77691,0.4267,0.99973,190.7,255.8,55.6,64.2,0.02418,0.0,-155.8,277.1,979.9,1030.2,-9.03,162.0,223.0,56.0,64.0,100,20000
10.4421,213,1,0,person,0.5376,0.31982,0.61578,0.70679,0.99891,262.8,232.5,198.1,110.3,0.14826,0.0,50.3,473.6,2110.9,2164.0,1.37,163.0,177.0,198.0,110.0,100,20000
10.4921,214,0,56,chair,0.6216,0.31781,0.77604,0.42654,0.99967,190.6,255.7,55.7,64.4,0.02432,0.0,-158.5,282.0,997.1,1048.3,-9.03,162.0,223.0,56.0,64.0,100,20000
10.4921,214,1,0,person,0.5459,0.31946,0.61589,0.7074,0.99891,262.9,232.5,198.6,110.3,0.14859,0.0,53.4,477.8,2129.5,2183.1,1.44,163.0,177.0,199.0,110.0,100,20000
10.5414,215,0,56,chair,0.645,0.31818,0.77648,0.4278,0.99967,191.0,255.8,56.1,64.3,0.02447,0.0,-155.5,278.8,985.9,1036.3,-8.96,162.0,223.0,57.0,64.0,100,20000
10.5414,215,1,0,person,0.5498,0.31836,0.61654,0.70703,0.99881,262.5,232.6,199.0,110.1,0.14858,0.0,61.3,548.7,2445.3,2506.9,1.44,163.0,177.0,199.0,110.0,100,20000
10.5912,216,0,56,chair,0.5981,0.31769,0.77691,0.42792,0.99962,190.9,255.8,56.4,64.1,0.02455,0.0,-157.3,282.0,997.1,1048.1,-8.96,162.0,223.0,57.0,64.0,100,20000
10.5912,216,1,0,person,0.5562,0.31873,0.61686,0.71436,0.99902,264.5,232.7,202.6,110.1,0.15119,0.0,65.8,511.1,2277.9,2335.5,1.65,163.0,177.0,202.0,110.0,100,20000
10.6406,217,0,56,chair,0.6421,0.31763,0.77745,0.42984,0.99967,191.4,255.9,57.5,64.0,0.02494,0.0,-156.8,283.4,1002.3,1053.3,-8.89,162.0,223.0,58.0,64.0,100,20000
10.6406,217,1,0,person,0.5601,0.31885,0.61957,0.72058,0.99891,266.1,233.1,205.7,109.2,0.15239,0.0,66.8,461.2,2043.8,2096.3,1.87,163.0,178.0,205.0,109.0,100,20000
10.6909,218,0,56,chair,0.6621,0.31787,0.7781,0.42914,0.99957,191.2,256.0,57.0,63.8,0.02464,0.0,-156.4,281.8,992.0,1043.0,-8.96,162.0,224.0,57.0,63.0,100,20000
10.7416,219,0,56,chair,0.6572,0.31793,0.77789,0.42889,0.99967,191.2,256.0,56.8,63.9,0.02461,0.0,-157.1,282.9,996.0,1047.2,-8.96,162.0,224.0,57.0,63.0,100,20000
10.7923,220,0,56,chair,0.6548,0.31732,0.77734,0.43024,0.99962,191.4,255.9,57.8,64.0,0.0251,0.0,-155.7,281.4,995.0,1045.7,-8.89,162.0,223.0,58.0,64.0,100,20000
10.7923,220,1,0,person,0.5068,0.31531,0.64334,0.73181,0.99881,268.1,236.5,213.2,102.4,0.14805,0.0,73.4,455.7,1942.9,1997.0,2.16,161.0,185.0,213.0,102.0,100,20000
10.8423,221,0,56,chair,0.6152,0.31708,0.77799,0.43073,0.99957,191.4,256.0,58.2,63.8,0.02518,0.0,-155.8,282.9,996.0,1047.1,-8.89,162.0,224.0,58.0,63.0,100,20000
10.8423,221,1,0,person,0.541,0.31616,0.65126,0.73254,0.99891,268.5,237.6,213.2,100.1,0.14475,0.0,74.9,454.7,1917.8,1972.4,2.24,161.0,187.0,214.0,100.0,100,20000
10.8905,222,0,56,chair,0.6562,0.31812,0.77799,0.43088,0.99951,191.7,256.0,57.7,63.8,0.02498,0.0,-155.5,282.4,994.0,1045.0,-8.89,162.0,224.0,58.0,63.0,100,20000
10.8905,222,1,0,person,0.501,0.3175,0.65451,0.74365,0.99881,271.7,238.1,218.2,99.2,0.14672,0.0,90.6,462.6,1941.0,1997.4,2.67,162.0,188.0,218.0,99.0,100,20000
10.941,223,0,56,chair,0.6123,0.31775,0.77691,0.43167,0.99951,191.9,255.8,58.3,64.1,0.02536,0.0,-151.4,276.0,975.9,1025.4,-8.82,162.0,223.0,59.0,64.0,100,20000
10.941,223,1,0,person,0.5083,0.31653,0.66168,0.75964,0.99902,275.5,239.1,226.9,97.2,0.14948,0.0,103.8,440.1,1827.0,1882.1,3.25,162.0,190.0,226.0,97.0,100,20000
10.9916,224,0,56,chair,0.6177,0.31744,0.77691,0.43375,0.99951,192.3,255.8,59.6,64.1,0.02589,0.0,-152.0,279.4,987.9,1037.8,-8.75,162.0,223.0,60.0,64.0,100,20000
10.9916,224,1,0,person,0.5039,0.31702,0.66298,0.74512,0.99891,271.9,239.3,219.2,96.7,0.14381,0.0,94.4,474.2,1968.7,2027.2,2.75,162.0,190.0,219.0,97.0,100,20000
11.041,225,0,56,chair,0.6221,0.31775,0.77767,0.43405,0.99962,192.5,255.9,59.5,63.9,0.02581,0.0,-152.0,279.4,987.9,1037.8,-8.75,162.0,223.0,60.0,64.0,100,20000
11.041,225,1,0,person,0.5322,0.31433,0.66254,0.76453,0.99902,276.2,239.3,230.5,96.9,0.15148,0.0,103.3,428.3,1778.2,1832.0,3.32,160.0,190.0,231.0,97.0,100,20000
11.0913,226,0,56,chair,0.6455,0.31744,0.77745,0.43451,0.99946,192.5,255.9,59.9,63.9,0.02599,0.0,-151.7,278.8,985.9,1035.7,-8.75,162.0,223.0,60.0,64.0,100,20000
11.0913,226,1,0,person,0.502,0.31226,0.66395,0.77991,0.99881,279.6,239.4,239.4,96.4,0.1566,0.0,118.0,426.7,1762.0,1816.8,3.83,159.0,191.0,240.0,96.0,100,20000
11.1414,227,0,56,chair,0.623,0.31763,0.77756,0.435,0.99946,192.7,255.9,60.1,63.9,0.02604,0.0,-153.0,281.1,994.0,1044.3,-8.75,162.0,223.0,60.0,64.0,100,20000
11.1914,228,0,56,chair,0.6382,0.31805,0.77843,0.43472,0.99951,192.7,256.0,59.7,63.7,0.02579,0.0,-153.0,282.4,994.0,1044.6,-8.75,162.0,224.0,60.0,63.0,100,20000
11.1914,228,1,0,person,0.5142,0.31384,0.66591,0.77991,0.9987,280.0,239.7,238.6,95.8,0.1551,0.0,127.5,452.3,1867.7,1925.9,3.91,160.0,191.0,239.0,96.0,100,20000
11.2419,229,0,56,chair,0.6909,0.31787,0.77756,0.43533,0.99946,192.8,255.9,60.1,63.9,0.02606,0.0,-152.7,280.5,992.0,1042.1,-8.75,162.0,223.0,60.0,64.0,100,20000
11.2901,230,0,56,chair,0.6689,0.31738,0.77756,0.43552,0.99957,192.7,255.9,60.5,63.9,0.02623,0.0,-153.9,282.8,1000.2,1050.7,-8.75,162.0,223.0,60.0,64.0,100,20000
11.343,231,0,56,chair,0.7002,0.31824,0.77778,0.43582,0.99967,193.0,256.0,60.2,63.9,0.02609,0.0,-151.9,282.6,995.0,1045.4,-8.68,162.0,224.0,61.0,63.0,100,20000
11.3907,232,0,56,chair,0.6826,0.31824,0.77799,0.43689,0.99978,193.3,256.0,60.7,63.9,0.02632,0.0,-152.0,282.9,996.0,1046.5,-8.68,162.0,224.0,61.0,63.0,100,20000
11.3907,232,1,0,person,0.5098,0.31738,0.66678,0.79858,0.99881,285.7,239.8,246.4,95.6,0.15977,0.0,146.9,434.9,1786.4,1844.4,4.7,162.0,192.0,246.0,95.0,100,20000
11.4422,233,0,56,chair,0.6807,0.31714,0.77702,0.43912,0.99973,193.6,255.9,62.5,64.1,0.02717,0.0,-149.7,279.7,988.9,1038.5,-8.61,162.0,223.0,62.0,64.0,100,20000
11.4422,233,1,0,person,0.5054,0.31641,0.66699,0.78149,0.99891,281.1,239.9,238.1,95.6,0.15437,0.0,126.6,427.7,1757.1,1812.8,4.12,162.0,192.0,238.0,95.0,100,20000
11.4923,234,0,56,chair,0.666,0.31787,0.77702,0.44168,0.99973,194.4,255.9,63.4,64.1,0.02757,0.0,-145.8,277.1,979.9,1028.7,-8.46,162.0,223.0,64.0,64.0,100,20000
11.4923,234,1,0,person,0.5059,0.31848,0.66667,0.78491,0.99891,282.5,239.8,238.8,95.7,0.15497,0.0,131.2,425.9,1758.7,1814.3,4.27,163.0,191.0,238.0,96.0,100,20000
11.541,235,0,56,chair,0.6641,0.31836,0.7781,0.44177,0.99957,194.6,256.0,63.2,63.8,0.02733,0.0,-145.8,280.6,987.9,1037.3,-8.4,163.0,224.0,63.0,63.0,100,20000
11.5911,236,0,56,chair,0.7065,0.31744,0.77669,0.4447,0.99957,195.1,255.8,65.2,64.2,0.02836,0.0,-145.2,278.2,983.9,1032.7,-8.39,162.0,223.0,65.0,64.0,100,20000
11.5911,236,1,0,person,0.5044,0.31958,0.66786,0.77637,0.99891,280.6,240.0,233.9,95.3,0.15122,0.0,120.8,423.1,1738.1,1792.9,3.98,163.0,192.0,234.0,95.0,100,20000
11.641,237,0,56,chair,0.7651,0.3175,0.77843,0.44766,0.99935,195.9,256.0,66.6,63.6,0.02875,0.0,-143.1,280.3,986.9,1035.9,-8.25,162.0,224.0,67.0,63.0,100,20000
11.641,237,1,0,person,0.502,0.41858,0.67057,0.74487,0.99924,297.8,240.5,167.1,94.7,0.10724,0.0,149.3,320.5,1309.8,1356.7,6.5,214.0,193.0,167.0,94.0,100,20000
11.693,238,0,56,chair,0.7876,0.31732,0.78038,0.45013,0.99897,196.5,256.2,68.0,63.0,0.02903,0.0,-142.7,282.1,993.0,1042.1,-8.18,162.0,224.0,68.0,63.0,100,20000
11.693,238,1,0,person,0.5161,0.31238,0.66992,0.7832,0.9987,280.5,240.3,241.1,94.7,0.1548,0.0,120.9,423.5,1739.7,1794.6,3.98,159.0,192.0,242.0,95.0,100,20000
11.742,239,0,56,chair,0.7773,0.3186,0.77995,0.45312,0.99913,197.6,256.2,68.9,63.1,0.02948,0.0,-139.8,283.8,999.1,1048.0,-7.97,163.0,224.0,69.0,63.0,100,20000
11.7915,240,0,56,chair,0.7456,0.31799,0.77995,0.45367,0.99946,197.5,256.2,69.5,63.2,0.02978,0.0,-140.1,281.8,992.0,1040.7,-8.04,162.0,224.0,70.0,63.0,100,20000
11.7915,240,1,0,person,0.5112,0.31677,0.66905,0.77429,0.99891,279.3,240.2,234.3,95.0,0.15092,0.0,120.5,438.1,1799.8,1856.3,3.83,162.0,192.0,234.0,95.0,100,20000
11.8422,241,0,56,chair,0.7495,0.31824,0.78092,0.45667,0.99951,198.4,256.4,70.9,63.0,0.03026,0.0,-139.2,282.6,995.0,1043.7,-7.96,162.0,224.0,71.0,63.0,100,20000
11.8916,242,0,56,chair,0.7476,0.3175,0.78103,0.46124,0.99946,199.4,256.4,73.6,62.9,0.0314,0.0,-135.3,282.4,994.0,1042.2,-7.75,162.0,224.0,74.0,63.0,100,20000
11.8916,242,1,0,person,0.519,0.31482,0.66797,0.80835,0.9987,287.5,240.0,252.7,95.3,0.16323,0.0,149.6,417.1,1713.5,1769.9,4.99,161.0,192.0,252.0,95.0,100,20000
11.9414,243,0,56,chair,0.752,0.31921,0.78309,0.46301,0.99951,200.2,256.7,73.6,62.3,0.03112,0.0,-133.2,284.5,997.1,1045.4,-7.61,163.0,225.0,74.0,62.0,100,20000
11.9414,243,1,0,person,0.5249,0.31714,0.67144,0.81274,0.99881,289.2,240.5,253.7,94.3,0.16224,0.0,156.0,413.4,1689.4,1746.2,5.28,162.0,193.0,254.0,94.0,100,20000
11.9918,244,0,56,chair,0.7651,0.31812,0.78429,0.46344,0.99957,200.1,256.9,74.4,62.0,0.03128,0.0,-134.9,285.4,1000.2,1048.8,-7.68,162.0,225.0,75.0,62.0,100,20000
11.9918,244,1,0,person,0.5474,0.31384,0.67285,0.88672,0.99891,307.3,240.7,293.3,93.9,0.18679,0.0,270.7,479.8,1960.7,2036.6,7.86,160.0,193.0,294.0,94.0,100,20000
12.0418,245,0,56,chair,0.7529,0.3186,0.78353,0.46478,0.99967,200.5,256.8,74.8,62.2,0.0316,0.0,-132.5,283.0,992.0,1040.1,-7.61,163.0,225.0,74.0,62.0,100,20000
12.0418,245,1,0,person,0.5996,0.31653,0.67459,0.88745,0.99924,308.2,241.0,292.3,93.5,0.18535,0.0,270.7,473.6,1925.5,2001.3,8.0,162.0,194.0,292.0,93.0,100,20000
12.093,246,0,56,chair,0.7754,0.31812,0.78559,0.466,0.99978,200.7,257.1,75.7,61.7,0.03167,0.0,-133.1,285.5,996.0,1044.6,-7.61,162.0,226.0,76.0,61.0,100,20000
12.093,246,1,0,person,0.5962,0.30957,0.67459,0.88892,0.99891,306.8,241.0,296.6,93.4,0.18789,0.0,263.9,474.6,1929.3,2004.3,7.79,158.0,194.0,297.0,93.0,100,20000
12.1422,247,0,56,chair,0.77,0.31775,0.78429,0.46722,0.99973,201.0,256.9,76.5,62.0,0.0322,0.0,-130.6,281.6,986.9,1034.6,-7.54,162.0,225.0,77.0,62.0,100,20000
12.1422,247,1,0,person,0.6011,0.30859,0.67524,0.88867,0.99902,306.5,241.1,297.0,93.2,0.18782,0.0,267.7,481.3,1956.7,2032.7,7.79,158.0,194.0,297.0,93.0,100,20000
12.192,248,0,56,chair,0.7725,0.31775,0.78494,0.46796,0.99978,201.1,257.0,76.9,61.9,0.03227,0.0,-131.9,285.8,997.1,1045.6,-7.54,162.0,226.0,77.0,61.0,100,20000
12.192,248,1,0,person,0.6011,0.31116,0.676,0.8855,0.99891,306.3,241.2,294.1,93.0,0.18546,0.0,249.7,453.2,1842.7,1914.0,7.72,159.0,194.0,294.0,93.0,100,20000
12.2411,249,0,56,chair,0.7759,0.31946,0.78581,0.46869,0.99967,201.8,257.1,76.4,61.6,0.03191,0.0,-131.1,286.7,1000.2,1048.7,-7.47,163.0,226.0,76.0,61.0,100,20000
12.2411,249,1,0,person,0.6074,0.31226,0.67741,0.88696,0.99891,307.0,241.4,294.2,92.6,0.18477,0.0,248.3,448.7,1815.0,1886.1,7.79,159.0,195.0,295.0,92.0,100,20000
12.2917,250,0,56,chair,0.7593,0.31812,0.78537,0.46942,0.99984,201.6,257.1,77.5,61.8,0.03245,0.0,-131.2,286.9,1001.2,1049.7,-7.47,162.0,226.0,78.0,61.0,100,20000
12.2917,250,1,0,person,0.6284,0.31079,0.67567,0.88477,0.99881,306.1,241.1,293.9,93.1,0.18548,0.0,261.5,474.6,1929.3,2004.0,7.72,159.0,194.0,294.0,93.0,100,20000
12.3426,251,0,56,chair,0.7295,0.31805,0.78375,0.47375,0.99967,202.7,256.8,79.7,62.2,0.03362,0.0,-130.1,288.8,1012.2,1060.6,-7.32,162.0,225.0,80.0,62.0,100,20000
12.3426,251,1,0,person,0.6416,0.31445,0.67567,0.88501,0.99902,307.1,241.2,292.1,93.1,0.18449,0.0,267.5,476.5,1937.1,2012.7,7.86,161.0,194.0,292.0,93.0,100,20000
12.3928,252,0,56,chair,0.7661,0.31848,0.78657,0.47528,0.99973,203.2,257.2,80.3,61.4,0.03342,0.0,-126.9,288.6,1007.0,1055.2,-7.18,163.0,226.0,80.0,61.0,100,20000
12.3928,252,1,0,person,0.5859,0.31506,0.67556,0.8811,0.99891,306.2,241.1,289.8,93.1,0.18303,0.0,259.2,470.3,1912.1,1986.1,7.72,161.0,194.0,290.0,93.0,100,20000
12.4419,253,0,56,chair,0.7539,0.31793,0.78537,0.47607,0.99973,203.3,257.1,81.0,61.7,0.0339,0.0,-126.9,285.8,997.1,1045.0,-7.25,162.0,226.0,81.0,61.0,100,20000
12.4419,253,1,0,person,0.6216,0.31433,0.67426,0.88696,0.99891,307.5,240.9,293.2,93.5,0.1859,0.0,284.6,507.0,2061.3,2141.7,7.86,160.0,194.0,294.0,93.0,100,20000
12.4921,254,0,56,chair,0.7563,0.31683,0.78581,0.47827,0.99973,203.5,257.1,82.7,61.6,0.03454,0.0,-122.4,278.6,972.0,1018.5,-7.18,162.0,226.0,82.0,61.0,100,20000
12.4921,254,1,0,person,0.5952,0.31421,0.67632,0.88062,0.99891,305.9,241.2,290.0,92.9,0.18272,0.0,246.7,456.3,1855.1,1926.3,7.58,160.0,194.0,290.0,93.0,100,20000
12.5425,255,0,56,chair,0.7583,0.31769,0.78711,0.48022,0.99967,204.3,257.3,83.2,61.2,0.03455,0.0,-125.2,287.7,1003.8,1051.7,-7.11,162.0,226.0,83.0,61.0,100,20000
12.5425,255,1,0,person,0.6045,0.31079,0.67546,0.8833,0.99935,305.7,241.2,293.1,93.3,0.18543,0.0,259.6,475.5,1933.2,2007.7,7.65,159.0,194.0,293.0,93.0,100,20000
12.5919,256,0,56,chair,0.7378,0.31842,0.78668,0.48187,0.99967,204.9,257.2,83.7,61.3,0.03481,0.0,-120.9,283.7,989.9,1036.8,-6.96,163.0,226.0,83.0,61.0,100,20000
12.5919,256,1,0,person,0.6226,0.31274,0.67665,0.88281,0.99935,306.1,241.3,291.9,92.9,0.18396,0.0,240.3,436.2,1773.3,1841.9,7.72,160.0,194.0,292.0,93.0,100,20000
12.6415,257,0,56,chair,0.7529,0.31952,0.78526,0.48193,0.99978,205.2,257.0,83.2,61.8,0.03484,0.0,-121.7,285.5,996.0,1043.2,-6.97,163.0,226.0,83.0,61.0,100,20000
12.6415,257,1,0,person,0.5898,0.31787,0.6747,0.88306,0.99902,307.4,241.0,289.4,93.4,0.1833,0.0,274.6,489.2,1989.0,2066.6,7.86,162.0,194.0,290.0,93.0,100,20000
12.6918,258,0,56,chair,0.7236,0.31708,0.78635,0.48273,0.99967,204.8,257.2,84.8,61.4,0.03534,0.0,-121.8,285.8,997.1,1044.4,-6.96,162.0,226.0,85.0,61.0,100,20000
12.6918,258,1,0,person,0.6025,0.31421,0.67708,0.88086,0.99957,305.9,241.4,290.1,92.9,0.18274,0.0,230.0,423.6,1713.5,1780.0,7.65,160.0,195.0,291.0,92.0,100,20000
12.7423,259,0,56,chair,0.7583,0.31757,0.78798,0.48297,0.99978,204.9,257.4,84.7,61.0,0.03503,0.0,-121.8,285.8,997.1,1044.4,-6.96,162.0,226.0,85.0,61.0,100,20000
12.7423,259,1,0,person,0.5825,0.31592,0.67567,0.875,0.99891,304.9,241.1,286.2,93.1,0.18072,0.0,260.7,486.7,1978.8,2054.4,7.51,161.0,194.0,287.0,93.0,100,20000
12.7914,260,0,56,chair,0.7891,0.31757,0.78906,0.4823,0.99967,204.8,257.6,84.3,60.7,0.03469,0.0,-123.5,287.9,1000.2,1048.1,-7.04,162.0,227.0,84.0,60.0,100,20000
12.7914,260,1,0,person,0.5659,0.31604,0.67589,0.87915,0.99913,306.0,241.2,288.3,93.1,0.18202,0.0,251.0,459.8,1869.5,1941.5,7.65,161.0,194.0,289.0,93.0,100,20000
12.8417,261,0,56,chair,0.7646,0.31818,0.78657,0.48193,0.99967,204.8,257.2,83.8,61.4,0.0349,0.0,-122.2,283.7,989.9,1037.0,-7.04,162.0,226.0,84.0,61.0,100,20000
12.8417,261,1,0,person,0.5771,0.31641,0.6747,0.87744,0.99902,305.6,241.0,287.2,93.4,0.18195,0.0,242.8,444.8,1808.2,1877.9,7.65,162.0,194.0,287.0,93.0,100,20000
12.8924,262,0,56,chair,0.7817,0.31793,0.78798,0.48151,0.99967,204.7,257.4,83.8,61.0,0.03463,0.0,-123.3,286.4,999.1,1046.6,-7.04,162.0,226.0,84.0,61.0,100,20000
12.8924,262,1,0,person,0.5474,0.31519,0.67231,0.87207,0.99902,303.9,240.7,285.1,94.1,0.18194,0.0,220.8,418.2,1708.9,1773.1,7.36,161.0,193.0,285.0,94.0,100,20000
12.9414,263,0,56,chair,0.7852,0.31818,0.78776,0.4812,0.99967,204.6,257.4,83.5,61.0,0.03455,0.0,-122.3,284.0,990.9,1038.0,-7.04,162.0,226.0,84.0,61.0,100,20000
12.9414,263,1,0,person,0.584,0.31592,0.6735,0.88159,0.99891,306.6,240.8,289.6,93.7,0.18407,0.0,260.7,470.7,1923.6,1997.4,7.72,161.0,193.0,290.0,94.0,100,20000
12.9915,264,0,56,chair,0.7568,0.3172,0.78754,0.48273,0.99967,204.8,257.4,84.8,61.1,0.03511,0.0,-121.3,284.6,993.0,1040.1,-6.96,162.0,226.0,85.0,61.0,100,20000
12.9915,264,1,0,person,0.5757,0.31567,0.67513,0.8772,0.99902,305.4,241.1,287.5,93.3,0.18187,0.0,258.7,478.4,1944.9,2019.5,7.58,161.0,194.0,288.0,93.0,100,20000
13.0431,265,0,56,chair,0.7695,0.31775,0.78939,0.48254,0.99973,204.9,257.6,84.4,60.6,0.03466,0.0,-121.9,287.3,998.1,1045.8,-6.96,162.0,227.0,85.0,60.0,100,20000
13.0431,265,1,0,person,0.5776,0.31616,0.67556,0.86719,0.99891,302.9,241.1,282.1,93.1,0.17818,0.0,216.6,420.7,1710.4,1774.6,7.22,161.0,194.0,283.0,93.0,100,20000
13.0923,266,0,56,chair,0.7593,0.31757,0.78798,0.48279,0.99973,204.9,257.4,84.6,61.0,0.03499,0.0,-121.2,284.3,992.0,1039.0,-6.97,162.0,226.0,85.0,61.0,100,20000
13.0923,266,1,0,person,0.6182,0.31641,0.67654,0.87939,0.99891,306.1,241.3,288.2,92.8,0.18149,0.0,265.5,481.8,1958.7,2034.5,7.72,162.0,194.0,288.0,93.0,100,20000
13.1419,267,0,56,chair,0.7334,0.31793,0.78765,0.48297,0.99973,205.0,257.4,84.5,61.1,0.035,0.0,-121.2,284.3,992.0,1039.0,-6.97,162.0,226.0,85.0,61.0,100,20000
13.1419,267,1,0,person,0.6367,0.31665,0.67828,0.88208,0.99902,306.9,241.5,289.5,92.4,0.18136,0.0,232.7,420.6,1701.4,1768.0,7.79,162.0,195.0,289.0,92.0,100,20000
13.192,268,0,56,chair,0.7134,0.31799,0.78407,0.48254,0.99967,204.9,256.9,84.2,62.1,0.03548,0.0,-121.7,284.2,996.0,1042.9,-6.97,162.0,225.0,85.0,62.0,100,20000
13.192,268,1,0,person,0.6499,0.31323,0.67589,0.8833,0.99957,306.3,241.3,291.9,93.2,0.18452,0.0,267.9,486.2,1976.8,2053.3,7.72,160.0,194.0,292.0,93.0,100,20000
13.2413,269,0,56,chair,0.7646,0.31714,0.787,0.48285,0.99973,204.8,257.3,84.8,61.3,0.03525,0.0,-120.8,283.4,988.9,1035.8,-6.96,162.0,226.0,85.0,61.0,100,20000
13.2413,269,1,0,person,0.6133,0.31592,0.67687,0.88037,0.99902,306.3,241.3,289.0,92.8,0.18184,0.0,235.7,431.8,1755.5,1823.1,7.65,161.0,194.0,289.0,93.0,100,20000
13.2922,270,0,56,chair,0.7725,0.31738,0.79047,0.48297,0.99973,204.9,257.8,84.8,60.3,0.03465,0.0,-121.2,285.6,992.0,1039.4,-6.97,162.0,227.0,85.0,60.0,100,20000
13.2922,270,1,0,person,0.5786,0.31738,0.67676,0.86646,0.99902,303.1,241.3,281.1,92.8,0.17695,0.0,221.5,430.2,1749.2,1814.9,7.22,162.0,194.0,281.0,93.0,100,20000
13.3418,271,0,56,chair,0.7632,0.31793,0.78722,0.48291,0.99973,205.0,257.3,84.5,61.2,0.03506,0.0,-122.3,286.9,1001.2,1048.7,-6.96,162.0,226.0,85.0,61.0,100,20000
13.3418,271,1,0,person,0.6182,0.31592,0.67665,0.88281,0.99902,306.9,241.3,290.2,92.8,0.18275,0.0,268.8,483.3,1964.7,2041.0,7.79,161.0,194.0,291.0,93.0,100,20000
13.391,272,0,56,chair,0.7485,0.31787,0.7857,0.48206,0.99962,204.8,257.1,84.1,61.6,0.03512,0.0,-123.6,286.9,1001.2,1048.8,-7.04,162.0,226.0,84.0,61.0,100,20000
13.391,272,1,0,person,0.6177,0.31677,0.67719,0.87988,0.99902,306.3,241.4,288.3,92.7,0.18123,0.0,229.4,418.4,1692.4,1758.4,7.72,162.0,195.0,288.0,92.0,100,20000
13.4426,273,0,56,chair,0.751,0.31714,0.7883,0.48181,0.99962,204.5,257.5,84.3,60.9,0.0348,0.0,-122.7,286.1,994.0,1041.6,-7.04,162.0,227.0,84.0,60.0,100,20000
13.4426,273,1,0,person,0.6025,0.31616,0.67535,0.87573,0.99902,305.1,241.1,286.5,93.2,0.18112,0.0,229.4,428.3,1741.3,1807.8,7.5,161.0,194.0,287.0,93.0,100,20000
13.4915,274,0,56,chair,0.7524,0.31628,0.78776,0.48163,0.99957,204.3,257.4,84.7,61.0,0.03502,0.0,-124.1,285.2,995.0,1042.5,-7.11,161.0,226.0,85.0,61.0,100,20000
13.4915,274,1,0,person,0.6035,0.31421,0.67622,0.87842,0.99891,305.3,241.2,288.9,92.9,0.18206,0.0,238.8,446.0,1813.3,1882.6,7.5,160.0,194.0,289.0,93.0,100,20000
13.5427,275,0,56,chair,0.7334,0.31677,0.78776,0.48224,0.99973,204.5,257.4,84.7,61.0,0.03507,0.0,-122.7,284.9,994.0,1041.3,-7.04,162.0,226.0,84.0,61.0,100,20000
13.5427,275,1,0,person,0.583,0.31604,0.67687,0.87134,0.99902,304.0,241.3,284.3,92.8,0.17889,0.0,245.8,468.0,1902.7,1974.8,7.36,161.0,194.0,285.0,93.0,100,20000
13.5927,276,0,56,chair,0.7334,0.31775,0.7857,0.48206,0.99962,204.8,257.1,84.1,61.6,0.03515,0.0,-123.0,285.5,996.0,1043.4,-7.04,162.0,226.0,84.0,61.0,100,20000
13.5927,276,1,0,person,0.5947,0.31665,0.67773,0.87378,0.99902,304.8,241.5,285.3,92.5,0.179,0.0,230.6,432.9,1750.8,1818.2,7.5,162.0,195.0,285.0,92.0,100,20000
13.6413,277,0,56,chair,0.7358,0.31812,0.78668,0.48206,0.99962,204.8,257.2,83.9,61.3,0.03491,0.0,-122.7,284.9,994.0,1041.3,-7.04,162.0,226.0,84.0,61.0,100,20000
13.6413,277,1,0,person,0.6074,0.31763,0.676,0.87598,0.99902,305.6,241.2,285.9,93.0,0.18036,0.0,241.4,446.4,1815.0,1884.6,7.58,162.0,194.0,286.0,93.0,100,20000
13.6907,278,0,56,chair,0.7422,0.31763,0.78863,0.48303,0.99962,205.0,257.5,84.7,60.8,0.0349,0.0,-120.3,283.5,984.9,1031.9,-6.96,162.0,227.0,85.0,60.0,100,20000
13.6907,278,1,0,person,0.6089,0.31616,0.67676,0.88208,0.99902,306.7,241.3,289.8,92.8,0.18237,0.0,247.6,449.4,1827.0,1897.7,7.72,161.0,194.0,290.0,93.0,100,20000
13.7424,279,0,56,chair,0.77,0.31726,0.78928,0.48297,0.99967,204.9,257.6,84.8,60.6,0.03486,0.0,-121.1,285.3,990.9,1038.2,-6.97,162.0,227.0,85.0,60.0,100,20000
13.7424,279,1,0,person,0.5859,0.31702,0.67763,0.87842,0.99913,306.0,241.5,287.4,92.6,0.18049,0.0,242.1,445.8,1803.1,1873.1,7.65,162.0,195.0,287.0,92.0,100,20000
13.7918,280,0,56,chair,0.7651,0.31812,0.78895,0.48291,0.99962,205.1,257.6,84.4,60.7,0.03472,0.0,-119.2,280.9,975.9,1022.5,-6.96,162.0,227.0,85.0,60.0,100,20000
13.7918,280,1,0,person,0.5728,0.31653,0.67654,0.87915,0.99913,306.1,241.3,288.1,92.9,0.1815,0.0,238.1,432.2,1757.1,1825.1,7.72,162.0,194.0,288.0,93.0,100,20000
13.8427,281,0,56,chair,0.7539,0.31879,0.78635,0.48273,0.99962,205.2,257.2,83.9,61.4,0.03496,0.0,-118.5,280.8,979.9,1026.2,-6.9,163.0,226.0,84.0,61.0,100,20000
13.8427,281,1,0,person,0.5762,0.32007,0.67817,0.87695,0.99913,306.4,241.5,285.1,92.4,0.17874,0.0,250.7,457.3,1849.8,1921.9,7.72,163.0,195.0,286.0,92.0,100,20000
13.892,282,0,56,chair,0.7764,0.31708,0.78733,0.48248,0.99967,204.7,257.3,84.7,61.2,0.03512,0.0,-121.7,285.5,996.0,1043.2,-6.97,162.0,226.0,85.0,61.0,100,20000
13.892,282,1,0,person,0.5771,0.31641,0.67687,0.88525,0.99924,307.6,241.4,291.2,92.8,0.18338,0.0,274.3,484.2,1968.7,2045.8,7.93,162.0,194.0,291.0,93.0,100,20000
13.9418,283,0,56,chair,0.7632,0.31708,0.78689,0.48309,0.99973,204.8,257.3,85.0,61.3,0.03533,0.0,-121.4,284.9,994.0,1041.1,-6.96,162.0,226.0,85.0,61.0,100,20000
13.9418,283,1,0,person,0.6025,0.31616,0.676,0.88281,0.99902,306.9,241.2,290.1,93.0,0.18304,0.0,256.2,460.7,1873.2,1946.0,7.79,161.0,194.0,291.0,93.0,100,20000
13.9909,284,0,56,chair,0.7681,0.31683,0.78646,0.4826,0.99967,204.7,257.2,84.9,61.4,0.03534,0.0,-122.8,288.0,1004.9,1052.5,-6.97,162.0,226.0,85.0,61.0,100,20000
13.9909,284,1,0,person,0.5669,0.31726,0.67622,0.87769,0.99902,305.9,241.2,286.9,93.0,0.18091,0.0,252.0,461.6,1876.8,1949.1,7.65,162.0,194.0,287.0,93.0,100,20000
14.0428,285,0,56,chair,0.7544,0.31738,0.78874,0.48297,0.99967,204.9,257.5,84.8,60.7,0.03493,0.0,-120.9,285.0,989.9,1037.2,-6.96,162.0,227.0,85.0,60.0,100,20000
14.0428,285,1,0,person,0.5757,0.31665,0.67632,0.87256,0.99902,304.4,241.2,284.6,92.9,0.17939,0.0,232.2,437.8,1779.8,1847.5,7.43,162.0,194.0,284.0,93.0,100,20000
14.092,286,0,56,chair,0.7368,0.31714,0.7857,0.48224,0.99967,204.6,257.1,84.5,61.6,0.03533,0.0,-122.8,285.2,995.0,1042.3,-7.04,162.0,226.0,84.0,61.0,100,20000
14.092,286,1,0,person,0.6074,0.31799,0.67524,0.88159,0.99913,307.1,241.1,288.6,93.3,0.18254,0.0,250.4,450.2,1830.5,1901.6,7.79,162.0,194.0,289.0,93.0,100,20000
14.1418,287,0,56,chair,0.7681,0.31732,0.78765,0.4823,0.99962,204.7,257.4,84.5,61.0,0.03497,0.0,-121.7,282.6,985.9,1032.8,-7.04,162.0,226.0,84.0,61.0,100,20000
14.1418,287,1,0,person,0.5918,0.31628,0.67513,0.87622,0.99913,305.3,241.1,286.7,93.3,0.18142,0.0,243.0,453.7,1844.5,1915.0,7.51,161.0,194.0,287.0,93.0,100,20000
14.1922,288,0,56,chair,0.7681,0.3186,0.787,0.48254,0.99973,205.1,257.3,83.9,61.3,0.03487,0.0,-120.4,285.5,996.0,1043.1,-6.89,163.0,226.0,84.0,61.0,100,20000
14.1922,288,1,0,person,0.6108,0.31665,0.67307,0.88062,0.99902,306.5,240.8,288.8,93.9,0.18383,0.0,265.2,478.8,1956.7,2031.8,7.72,162.0,193.0,288.0,94.0,100,20000
14.2433,289,0,56,chair,0.7524,0.31744,0.78668,0.48248,0.99973,204.8,257.2,84.5,61.4,0.03516,0.0,-122.3,286.9,1001.2,1048.7,-6.96,162.0,226.0,85.0,61.0,100,20000
14.2433,289,1,0,person,0.6143,0.31592,0.67296,0.87866,0.99891,305.8,240.7,288.1,93.9,0.18343,0.0,262.1,482.2,1970.7,2045.7,7.58,161.0,193.0,288.0,94.0,100,20000
14.2918,290,0,56,chair,0.7383,0.31738,0.78526,0.48267,0.99962,204.8,257.0,84.6,61.7,0.03543,0.0,-122.4,287.2,1002.3,1049.8,-6.96,162.0,226.0,85.0,61.0,100,20000
14.2918,290,1,0,person,0.6201,0.31653,0.67057,0.87891,0.99902,306.0,240.4,287.9,94.6,0.18471,0.0,266.5,481.2,1966.7,2042.2,7.72,162.0,193.0,288.0,94.0,100,20000
14.3416,291,0,56,chair,0.7686,0.31781,0.78646,0.48218,0.99973,204.8,257.2,84.2,61.4,0.03506,0.0,-121.6,282.3,984.9,1031.7,-7.04,162.0,226.0,84.0,61.0,100,20000
14.3416,291,1,0,person,0.5923,0.31653,0.66895,0.87793,0.99913,305.8,240.2,287.4,95.1,0.18536,0.0,276.4,501.2,2059.1,2137.2,7.65,162.0,192.0,287.0,95.0,100,20000
14.3937,292,0,56,chair,0.7539,0.31616,0.78548,0.48145,0.99973,204.2,257.1,84.6,61.7,0.03541,0.0,-123.8,284.6,993.0,1040.4,-7.11,161.0,226.0,85.0,61.0,100,20000
14.3937,292,1,0,person,0.5874,0.31421,0.66851,0.87793,0.99891,305.2,240.1,288.6,95.2,0.18625,0.0,255.7,472.5,1941.0,2014.0,7.5,160.0,192.0,289.0,95.0,100,20000
14.4418,293,0,56,chair,0.7402,0.31866,0.787,0.48114,0.99962,204.7,257.3,83.2,61.2,0.03455,0.0,-120.8,283.4,988.9,1035.8,-6.96,163.0,226.0,83.0,61.0,100,20000
14.4418,293,1,0,person,0.6235,0.31555,0.66764,0.88062,0.99891,306.2,240.0,289.3,95.4,0.18719,0.0,263.0,476.8,1958.7,2033.0,7.65,161.0,192.0,289.0,95.0,100,20000
14.4927,294,0,56,chair,0.7363,0.31616,0.78689,0.48047,0.99962,203.9,257.3,84.1,61.3,0.03495,0.0,-122.6,281.7,982.9,1029.8,-7.11,161.0,226.0,85.0,61.0,100,20000
14.4927,294,1,0,person,0.6152,0.31396,0.66515,0.88062,0.99902,305.8,239.6,290.1,96.2,0.18919,0.0,282.3,514.0,2122.5,2202.0,7.58,160.0,191.0,290.0,96.0,100,20000
14.543,295,0,56,chair,0.77,0.31635,0.78971,0.47772,0.99967,203.3,257.7,82.6,60.5,0.03388,0.0,-126.0,285.0,989.9,1037.8,-7.25,161.0,227.0,83.0,60.0,100,20000
14.543,295,1,0,person,0.5845,0.31348,0.66895,0.8811,0.99902,305.8,240.2,290.6,95.1,0.18735,0.0,254.0,460.4,1891.5,1963.2,7.65,160.0,192.0,291.0,95.0,100,20000
14.5949,296,0,56,chair,0.7427,0.31531,0.78613,0.47113,0.99967,201.3,257.2,79.8,61.5,0.03327,0.0,-129.6,283.4,988.9,1036.8,-7.47,161.0,226.0,80.0,61.0,100,20000
14.5949,296,1,0,person,0.605,0.31152,0.66591,0.88916,0.99902,307.4,239.7,295.8,95.9,0.19242,0.0,257.6,451.8,1865.9,1937.0,7.86,159.0,191.0,296.0,96.0,100,20000
14.6416,297,0,56,chair,0.7197,0.31543,0.78168,0.46631,0.99962,200.1,256.5,77.3,62.8,0.03288,0.0,-133.9,283.3,993.0,1041.3,-7.68,161.0,225.0,77.0,62.0,100,20000
14.6416,297,1,0,person,0.6235,0.31128,0.65343,0.88696,0.99881,306.7,237.9,294.7,99.5,0.19883,0.0,284.4,495.5,2079.0,2156.1,7.79,159.0,188.0,295.0,99.0,100,20000
14.6918,298,0,56,chair,0.689,0.31262,0.78049,0.46436,0.99973,198.9,256.4,77.7,63.1,0.03327,0.0,-136.7,282.6,995.0,1043.3,-7.82,160.0,224.0,77.0,63.0,100,20000
14.6918,298,1,0,person,0.5493,0.31262,0.64551,0.83496,0.99859,293.8,236.8,267.4,101.7,0.18443,0.0,181.2,409.5,1746.0,1802.5,5.92,160.0,185.0,267.0,102.0,100,20000
14.7424,299,0,56,chair,0.7617,0.31262,0.78266,0.4588,0.9994,197.5,256.6,74.8,62.4,0.03168,0.0,-140.4,283.6,994.0,1043.2,-8.04,160.0,225.0,74.0,62.0,100,20000
14.7424,299,1,0,person,0.5303,0.31506,0.63932,0.75745,0.99881,274.6,235.9,226.5,103.5,0.15903,0.0,77.9,334.9,1435.5,1476.1,3.11,161.0,184.0,226.0,103.0,100,20000
14.7918,300,0,56,chair,0.7593,0.31219,0.77854,0.45331,0.99935,196.0,256.0,72.3,63.6,0.03116,0.0,-143.9,281.8,992.0,1041.2,-8.25,159.0,224.0,73.0,63.0,100,20000
14.7918,300,1,0,person,0.5293,0.42639,0.63802,0.74646,0.99891,300.2,235.7,163.9,103.9,0.11551,0.0,135.7,261.8,1128.3,1166.2,6.86,218.0,183.0,164.0,104.0,100,20000
14.8423,301,0,56,chair,0.7422,0.31152,0.77756,0.44989,0.99957,194.9,255.9,70.8,63.9,0.03072,0.0,-145.2,278.2,983.9,1032.7,-8.39,159.0,223.0,71.0,64.0,100,20000
14.8918,302,0,56,chair,0.7139,0.31195,0.77658,0.44647,0.99957,194.2,255.8,68.9,64.2,0.03,0.0,-149.0,280.8,993.0,1042.6,-8.53,159.0,223.0,69.0,64.0,100,20000
14.8918,302,1,0,person,0.5376,0.31409,0.6237,0.72632,0.9987,266.3,233.6,211.1,108.0,0.15459,0.0,59.9,415.4,1830.5,1878.0,1.87,160.0,179.0,211.0,108.0,100,20000
14.9424,303,0,56,chair,0.707,0.31195,0.77756,0.44495,0.99973,193.8,255.9,68.1,64.0,0.02955,0.0,-148.8,277.9,982.9,1032.2,-8.61,159.0,223.0,68.0,64.0,100,20000
14.9424,303,1,0,person,0.5679,0.3114,0.6173,0.73291,0.99902,267.3,232.8,215.8,109.9,0.1609,0.0,96.9,595.5,2653.8,2721.5,2.09,159.0,177.0,216.0,110.0,100,20000
14.9918,304,0,56,chair,0.6777,0.3114,0.77691,0.44275,0.99962,193.1,255.8,67.3,64.1,0.02925,0.0,-152.0,281.7,996.0,1046.2,-8.68,159.0,223.0,67.0,64.0,100,20000
14.9918,304,1,0,person,0.6094,0.31006,0.61664,0.72729,0.99891,265.6,232.6,213.6,110.1,0.15949,0.0,85.5,610.6,2721.2,2790.2,1.8,158.0,177.0,214.0,110.0,100,20000
15.0417,305,0,56,chair,0.665,0.31219,0.77582,0.44156,0.99978,193.0,255.7,66.2,64.5,0.02897,0.0,-149.9,277.7,981.9,1031.4,-8.68,159.0,223.0,67.0,64.0,100,20000
15.0417,305,1,0,person,0.5791,0.31091,0.61567,0.71191,0.99881,261.8,232.5,205.3,110.3,0.15364,0.0,55.8,555.7,2476.7,2538.9,1.29,159.0,177.0,205.0,110.0,100,20000
15.0936,306,0,56,chair,0.6431,0.31091,0.77669,0.4418,0.99973,192.7,255.8,67.0,64.2,0.02919,0.0,-150.9,279.7,988.9,1038.7,-8.68,159.0,223.0,67.0,64.0,100,20000
15.0936,306,1,0,person,0.6167,0.30981,0.6148,0.71509,0.99891,262.4,232.4,207.5,110.6,0.15567,0.0,50.4,475.2,2117.8,2171.0,1.36,158.0,177.0,208.0,110.0,100,20000
15.1428,307,0,0,person,0.6152,0.31018,0.61274,0.71082,0.99891,261.4,232.1,205.1,111.2,0.15472,0.0,51.2,570.9,2558.8,2622.2,1.15,158.0,176.0,205.0,111.0,100,20000
15.1428,307,1,56,chair,0.6118,0.31122,0.7781,0.44211,0.99984,192.9,256.0,67.0,63.9,0.02902,0.0,-151.7,282.4,994.0,1044.4,-8.68,159.0,224.0,67.0,63.0,100,20000
15.1913,308,0,56,chair,0.6348,0.31158,0.77799,0.44131,0.99978,192.7,256.0,66.4,63.9,0.02877,0.0,-151.7,280.0,985.9,1036.1,-8.75,159.0,224.0,66.0,63.0,100,20000
15.1913,308,1,0,person,0.5938,0.31067,0.61187,0.70752,0.99902,260.7,232.0,203.2,111.5,0.15364,0.0,42.5,473.5,2122.5,2175.1,1.15,159.0,176.0,203.0,111.0,100,20000
15.2419,309,0,56,chair,0.6118,0.31134,0.77745,0.44171,0.99989,192.8,255.9,66.7,64.1,0.029,0.0,-151.9,281.4,995.0,1045.1,-8.68,159.0,223.0,67.0,64.0,100,20000
15.2419,309,1,0,person,0.6118,0.31006,0.61328,0.71216,0.99891,261.7,232.2,205.9,111.1,0.15506,0.0,45.0,471.5,2113.2,2165.6,1.22,158.0,176.0,206.0,111.0,100,20000
15.2918,310,0,56,chair,0.647,0.31097,0.77734,0.4418,0.99989,192.7,255.9,67.0,64.1,0.02912,0.0,-150.0,277.9,982.9,1032.4,-8.68,159.0,223.0,67.0,64.0,100,20000
15.2918,310,1,0,person,0.6064,0.30981,0.61491,0.71948,0.99902,263.5,232.4,209.8,110.6,0.15736,0.0,69.8,594.6,2650.2,2717.0,1.51,158.0,177.0,210.0,110.0,100,20000
15.3428,311,0,56,chair,0.6753,0.31238,0.7768,0.44186,0.99973,193.1,255.8,66.3,64.2,0.02886,0.0,-149.9,277.7,981.9,1031.4,-8.68,159.0,223.0,67.0,64.0,100,20000
15.3428,311,1,0,person,0.5376,0.31396,0.61675,0.72498,0.99891,266.0,232.7,210.4,110.1,0.15708,0.0,75.0,514.7,2294.1,2352.3,1.87,160.0,177.0,211.0,110.0,100,20000
15.3912,312,0,56,chair,0.6602,0.31122,0.77745,0.44226,0.99984,192.9,255.9,67.1,64.0,0.02914,0.0,-150.8,279.4,987.9,1037.7,-8.68,159.0,223.0,67.0,64.0,100,20000
15.3912,312,1,0,person,0.5713,0.3147,0.61957,0.7395,0.99891,269.9,233.1,217.5,109.2,0.16114,0.0,85.8,451.6,2001.4,2053.5,2.45,161.0,178.0,217.0,109.0,100,20000
15.442,313,0,56,chair,0.6699,0.31104,0.77778,0.44196,0.99973,192.8,256.0,67.0,63.9,0.02906,0.0,-149.9,278.9,981.9,1031.7,-8.68,159.0,224.0,67.0,63.0,100,20000
15.442,313,1,0,person,0.5952,0.31104,0.63097,0.74182,0.99859,269.5,234.7,220.6,105.9,0.15836,0.0,87.7,483.8,2108.6,2165.2,2.38,159.0,181.0,220.0,106.0,100,20000
15.4917,314,0,56,chair,0.6753,0.31122,0.77821,0.44199,0.99962,192.8,256.0,67.0,63.8,0.02895,0.0,-150.5,280.0,985.9,1035.9,-8.68,159.0,224.0,67.0,63.0,100,20000
15.4917,314,1,0,person,0.5474,0.31763,0.63889,0.7373,0.9987,270.1,235.8,214.9,103.6,0.151,0.0,73.8,401.8,1722.6,1770.4,2.45,162.0,184.0,215.0,103.0,100,20000
15.5433,315,0,56,chair,0.6899,0.31134,0.7781,0.43961,0.99946,192.2,256.0,65.7,63.8,0.02839,0.0,-151.0,278.6,980.9,1030.8,-8.75,159.0,224.0,66.0,63.0,100,20000
15.5433,315,1,0,person,0.5615,0.31323,0.64703,0.75342,0.9987,273.1,237.0,225.4,101.3,0.1548,0.0,103.8,485.0,2056.9,2115.9,2.89,160.0,186.0,225.0,101.0,100,20000
15.592,316,0,56,chair,0.6797,0.31116,0.77821,0.43884,0.99951,192.0,256.0,65.4,63.7,0.02826,0.0,-150.2,275.0,968.1,1017.5,-8.82,159.0,224.0,65.0,63.0,100,20000
15.592,316,1,0,person,0.5396,0.31384,0.65571,0.75671,0.9987,274.1,238.2,226.7,98.8,0.1519,0.0,103.8,466.9,1958.7,2016.3,3.03,160.0,188.0,227.0,99.0,100,20000
15.642,317,0,56,chair,0.6216,0.31213,0.77919,0.43732,0.99962,191.9,256.1,64.1,63.5,0.0276,0.0,-156.0,283.2,997.1,1048.2,-8.89,159.0,224.0,64.0,63.0,100,20000
15.642,317,1,0,person,0.5171,0.31213,0.66667,0.7644,0.9987,275.6,239.8,231.6,95.6,0.15017,0.0,101.2,433.7,1781.5,1836.3,3.25,159.0,192.0,232.0,95.0,100,20000
15.6921,318,0,56,chair,0.6304,0.31122,0.77951,0.43951,0.99962,192.2,256.2,65.7,63.4,0.02824,0.0,-151.7,280.0,985.9,1036.1,-8.75,159.0,224.0,66.0,63.0,100,20000
15.6921,318,1,0,person,0.522,0.31079,0.67003,0.77759,0.9987,278.6,240.3,239.0,94.7,0.15342,0.0,115.4,427.3,1755.5,1810.4,3.76,159.0,192.0,239.0,95.0,100,20000
15.7426,319,0,56,chair,0.6572,0.31067,0.77984,0.43729,0.99946,191.5,256.2,64.8,63.3,0.02781,0.0,-154.2,280.0,985.9,1036.4,-8.89,159.0,224.0,64.0,63.0,100,20000
15.7426,319,1,0,person,0.5269,0.31067,0.67578,0.78003,0.99881,279.2,241.1,240.3,93.0,0.15162,0.0,117.4,431.0,1752.4,1808.4,3.83,159.0,194.0,240.0,93.0,100,20000
15.7918,320,0,56,chair,0.6406,0.31097,0.78038,0.43683,0.9994,191.4,256.3,64.4,63.1,0.02757,0.0,-154.9,281.2,989.9,1040.7,-8.89,159.0,224.0,64.0,63.0,100,20000
15.7918,320,1,0,person,0.5107,0.3092,0.67795,0.77759,0.9987,278.2,241.4,239.8,92.4,0.15024,0.0,117.6,451.3,1825.3,1883.9,3.69,158.0,195.0,240.0,92.0,100,20000
15.8409,321,0,56,chair,0.6284,0.31055,0.77984,0.4364,0.99946,191.2,256.2,64.4,63.3,0.02764,0.0,-154.9,281.2,989.9,1040.7,-8.89,159.0,224.0,64.0,63.0,100,20000
15.8409,321,1,0,person,0.5132,0.30933,0.67611,0.77808,0.99881,278.4,241.2,240.0,92.9,0.15127,0.0,110.5,421.8,1715.0,1769.6,3.69,158.0,194.0,240.0,93.0,100,20000
15.8928,322,0,56,chair,0.6201,0.31158,0.78038,0.43631,0.99946,191.5,256.3,63.9,63.1,0.02733,0.0,-154.2,280.0,985.9,1036.4,-8.89,159.0,224.0,64.0,63.0,100,20000
15.8928,322,1,0,person,0.5024,0.31042,0.68056,0.76599,0.99881,275.6,241.8,233.3,91.7,0.14499,0.0,98.7,429.3,1736.6,1791.6,3.25,158.0,195.0,234.0,92.0,100,20000
15.9417,323,0,56,chair,0.6206,0.31152,0.78049,0.43668,0.99957,191.5,256.3,64.1,63.1,0.02742,0.0,-153.6,278.9,981.9,1032.2,-8.89,159.0,224.0,64.0,63.0,100,20000
15.9417,323,1,0,person,0.5078,0.30908,0.68142,0.75891,0.99881,273.4,242.0,230.3,91.4,0.14277,0.0,89.8,431.2,1735.0,1790.0,2.96,158.0,196.0,230.0,91.0,100,20000
15.9934,324,0,56,chair,0.6528,0.31146,0.78038,0.43637,0.99946,191.4,256.3,64.0,63.1,0.02737,0.0,-153.3,278.3,979.9,1030.1,-8.89,159.0,224.0,64.0,63.0,100,20000
15.9934,324,1,0,person,0.5127,0.30994,0.68142,0.75549,0.99881,272.8,242.0,228.1,91.4,0.14141,0.0,85.8,433.5,1744.4,1799.5,2.82,158.0,196.0,228.0,91.0,100,20000
16.0428,325,0,56,chair,0.6758,0.31104,0.77962,0.43588,0.99951,191.2,256.2,63.9,63.3,0.02745,0.0,-155.2,281.8,992.0,1042.9,-8.89,159.0,224.0,64.0,63.0,100,20000
16.0428,325,1,0,person,0.5039,0.30798,0.67871,0.7572,0.99881,272.7,241.6,230.0,92.2,0.1438,0.0,86.7,435.6,1762.0,1817.1,2.82,157.0,195.0,230.0,92.0,100,20000
16.0915,326,0,56,chair,0.5991,0.31183,0.77941,0.4361,0.99946,191.5,256.2,63.6,63.4,0.02735,0.0,-153.3,278.3,979.9,1030.1,-8.89,159.0,224.0,64.0,63.0,100,20000
16.0915,326,1,0,person,0.519,0.30908,0.67502,0.75391,0.99881,272.1,241.0,227.8,93.3,0.14403,0.0,85.5,427.5,1738.1,1791.9,2.82,158.0,194.0,228.0,93.0,100,20000
16.1414,327,0,56,chair,0.5737,0.3111,0.77908,0.43686,0.99951,191.5,256.1,64.4,63.5,0.02772,0.0,-153.8,279.2,982.9,1033.3,-8.89,159.0,224.0,64.0,63.0,100,20000
16.1414,327,1,0,person,0.5298,0.30823,0.67188,0.75977,0.9987,273.4,240.6,231.2,94.1,0.14757,0.0,91.1,430.8,1760.4,1814.6,2.96,157.0,193.0,232.0,94.0,100,20000
16.1924,328,0,56,chair,0.5884,0.31091,0.77908,0.43362,0.99951,190.6,256.1,62.8,63.5,0.02705,0.0,-155.3,279.8,984.9,1035.6,-8.96,159.0,224.0,63.0,63.0,100,20000
16.1924,328,1,0,person,0.54,0.30786,0.6735,0.76477,0.99891,274.6,240.8,233.9,93.7,0.14868,0.0,97.2,438.3,1791.4,1846.8,3.11,157.0,193.0,234.0,94.0,100,20000
16.2421,329,0,56,chair,0.6035,0.31091,0.78016,0.43399,0.9994,190.7,256.3,63.0,63.1,0.02698,0.0,-156.6,282.1,993.0,1044.1,-8.96,159.0,224.0,63.0,63.0,100,20000
16.2421,329,1,0,person,0.5283,0.30811,0.67459,0.755,0.99881,272.2,241.0,228.8,93.4,0.14489,0.0,59.4,305.0,1239.9,1278.2,2.74,157.0,194.0,229.0,93.0,100,20000
16.2924,330,0,56,chair,0.6201,0.31122,0.78016,0.43423,0.99957,190.8,256.3,63.0,63.2,0.02699,0.0,-155.2,279.5,983.9,1034.5,-8.96,159.0,224.0,63.0,63.0,100,20000
16.2924,330,1,0,person,0.5254,0.30969,0.67415,0.75146,0.99891,271.7,240.9,226.2,93.5,0.14347,0.0,74.9,394.8,1605.1,1654.6,2.67,158.0,194.0,226.0,93.0,100,20000
16.3436,331,0,56,chair,0.5767,0.31073,0.77908,0.43527,0.99946,191.0,256.1,63.8,63.5,0.02745,0.0,-154.9,278.9,981.9,1032.4,-8.96,159.0,224.0,63.0,63.0,100,20000
16.3436,331,1,0,person,0.5317,0.30798,0.67296,0.77515,0.9987,277.3,240.7,239.2,93.8,0.15218,0.0,107.5,433.9,1773.3,1828.8,3.47,157.0,193.0,239.0,94.0,100,20000
16.3914,332,0,56,chair,0.5903,0.31067,0.77962,0.43549,0.99957,191.0,256.2,63.9,63.3,0.02745,0.0,-156.3,281.5,990.9,1041.9,-8.96,159.0,224.0,63.0,63.0,100,20000
16.3914,332,1,0,person,0.5161,0.30273,0.67687,0.89868,0.99957,307.6,241.4,305.1,92.9,0.19231,0.0,260.0,458.9,1865.9,1939.0,7.93,155.0,194.0,305.0,93.0,100,20000
16.4421,333,0,56,chair,0.606,0.31091,0.77919,0.43567,0.99957,191.1,256.1,63.9,63.5,0.02749,0.0,-153.9,279.5,983.9,1034.3,-8.89,159.0,224.0,64.0,63.0,100,20000
16.4903,334,0,0,person,0.5518,0.3042,0.68273,0.89404,0.99967,306.7,242.3,302.0,91.3,0.18694,0.0,251.4,461.0,1855.1,1928.0,7.72,155.0,196.0,302.0,91.0,100,20000
16.4903,334,1,56,chair,0.5332,0.31088,0.77691,0.43567,0.99946,191.1,255.8,63.9,64.1,0.02777,0.0,-153.1,276.8,978.9,1028.7,-8.89,159.0,223.0,64.0,64.0,100,20000
16.5422,335,0,0,person,0.5688,0.30298,0.68294,0.8938,0.99967,306.4,242.3,302.5,91.2,0.18713,0.0,251.7,461.5,1856.9,1929.9,7.72,155.0,196.0,302.0,91.0,100,20000
16.5422,335,1,56,chair,0.5483,0.31033,0.77724,0.43579,0.9994,191.0,255.8,64.2,64.0,0.02787,0.0,-155.2,278.2,983.9,1034.2,-8.96,158.0,223.0,65.0,64.0,100,20000
16.5919,336,0,56,chair,0.5742,0.31067,0.7793,0.43646,0.99989,191.3,256.2,64.4,63.5,0.02775,0.0,-155.3,282.1,993.0,1043.9,-8.89,159.0,224.0,64.0,63.0,100,20000
16.5919,336,1,0,person,0.5493,0.30322,0.6824,0.89697,0.99957,307.2,242.2,304.0,91.3,0.18832,0.0,260.6,469.1,1887.8,1962.6,7.86,155.0,196.0,304.0,91.0,100,20000
16.6431,337,0,56,chair,0.606,0.3114,0.77919,0.43939,0.99978,192.2,256.2,65.5,63.5,0.02823,0.0,-151.9,278.1,978.9,1028.9,-8.82,159.0,224.0,65.0,63.0,100,20000
16.6431,337,1,0,person,0.5117,0.41016,0.68251,0.74658,0.9994,296.1,242.2,172.2,91.3,0.10661,0.0,119.9,270.6,1088.8,1128.3,6.28,210.0,196.0,172.0,91.0,100,20000
16.693,338,0,56,chair,0.5635,0.31073,0.77875,0.44257,0.99978,192.8,256.1,67.5,63.7,0.02914,0.0,-151.7,282.4,994.0,1044.4,-8.68,159.0,224.0,67.0,63.0,100,20000
16.693,338,1,0,person,0.5156,0.41272,0.68034,0.74939,0.9994,297.5,241.9,172.4,91.9,0.10742,0.0,192.2,421.8,1705.9,1767.8,6.43,211.0,195.0,172.0,92.0,100,20000
16.7437,339,0,0,person,0.5405,0.30908,0.68381,0.80566,0.99891,285.4,242.3,254.2,90.7,0.15647,0.0,143.5,433.9,1746.0,1804.8,4.7,158.0,196.0,254.0,91.0,100,20000
16.7437,339,1,56,chair,0.5298,0.31128,0.77745,0.44495,0.99984,193.6,255.9,68.4,64.0,0.02973,0.0,-149.4,279.1,986.9,1036.4,-8.61,159.0,223.0,68.0,64.0,100,20000
16.7919,340,0,56,chair,0.6323,0.31232,0.77832,0.44614,0.99978,194.2,256.0,68.5,63.8,0.02964,0.0,-147.2,278.6,980.9,1030.3,-8.53,159.0,224.0,69.0,63.0,100,20000
16.7919,340,1,0,person,0.5293,0.41492,0.68316,0.75671,0.9994,299.9,242.3,175.0,91.1,0.10809,0.0,206.0,430.0,1730.4,1794.9,6.79,212.0,196.0,175.0,91.0,100,20000
16.8423,341,0,56,chair,0.5894,0.31091,0.77734,0.44727,0.99984,194.1,255.9,69.8,64.1,0.03034,0.0,-146.6,278.5,984.9,1034.0,-8.47,159.0,223.0,70.0,64.0,100,20000
16.8423,341,1,0,person,0.5249,0.30811,0.68045,0.84595,0.99881,295.4,241.8,275.4,91.7,0.17123,0.0,188.7,433.6,1754.0,1816.6,6.14,157.0,195.0,276.0,92.0,100,20000
16.8926,342,0,56,chair,0.6528,0.31134,0.77778,0.44794,0.99989,194.4,256.0,69.9,64.0,0.03034,0.0,-147.6,281.8,992.0,1041.8,-8.46,159.0,224.0,70.0,63.0,100,20000
16.8926,342,1,0,person,0.5454,0.30884,0.68338,0.8103,0.99891,286.5,242.2,256.7,90.9,0.15823,0.0,146.6,430.0,1730.4,1789.0,4.84,158.0,196.0,256.0,91.0,100,20000
16.9422,343,0,56,chair,0.6792,0.31171,0.77897,0.44904,0.99973,194.8,256.1,70.3,63.6,0.03032,0.0,-147.2,280.9,988.9,1038.5,-8.47,159.0,224.0,70.0,63.0,100,20000
16.9422,343,1,0,person,0.5718,0.30847,0.67969,0.81323,0.99891,287.2,241.7,258.4,91.9,0.16113,0.0,147.3,423.2,1711.9,1769.6,4.92,157.0,195.0,259.0,92.0,100,20000
16.9924,344,0,56,chair,0.7021,0.31091,0.77875,0.45044,0.99962,194.9,256.1,71.4,63.6,0.03082,0.0,-146.1,281.2,989.9,1039.4,-8.4,159.0,224.0,71.0,63.0,100,20000
16.9924,344,1,0,person,0.5669,0.3092,0.68012,0.8125,0.99891,287.2,241.8,257.7,91.8,0.16045,0.0,152.3,431.3,1744.4,1803.4,4.99,158.0,195.0,258.0,92.0,100,20000
17.043,345,0,56,chair,0.708,0.31122,0.77941,0.45053,0.99962,195.0,256.2,71.3,63.4,0.03068,0.0,-145.2,279.5,983.9,1033.1,-8.39,159.0,224.0,71.0,63.0,100,20000
17.043,345,1,0,person,0.5566,0.30933,0.68066,0.80933,0.99891,286.4,241.9,256.0,91.7,0.15912,0.0,148.1,434.3,1747.6,1806.8,4.84,158.0,196.0,256.0,91.0,100,20000
17.0913,346,0,56,chair,0.7451,0.31183,0.78016,0.45108,0.9994,195.3,256.3,71.3,63.1,0.03053,0.0,-145.9,280.9,988.9,1038.3,-8.39,159.0,224.0,71.0,63.0,100,20000
17.0913,346,1,0,person,0.5576,0.31006,0.67708,0.79907,0.99881,283.9,241.3,250.4,92.7,0.15733,0.0,136.2,429.3,1736.6,1794.1,4.48,158.0,195.0,251.0,92.0,100,20000
17.1421,347,0,56,chair,0.73,0.31134,0.77962,0.45157,0.99957,195.3,256.2,71.8,63.3,0.03084,0.0,-145.0,281.5,990.9,1040.3,-8.33,159.0,224.0,72.0,63.0,100,20000
17.1421,347,1,0,person,0.5513,0.42078,0.68186,0.76355,0.99935,303.2,242.1,175.5,91.4,0.10883,0.0,214.9,421.7,1696.9,1761.7,7.22,215.0,196.0,175.0,91.0,100,20000
17.1909,348,0,56,chair,0.7402,0.31232,0.77984,0.45224,0.99946,195.7,256.2,71.6,63.3,0.03073,0.0,-143.9,279.5,983.9,1032.9,-8.32,159.0,224.0,72.0,63.0,100,20000
17.1909,348,1,0,person,0.5542,0.31018,0.68164,0.81152,0.99891,287.2,242.0,256.7,91.4,0.15906,0.0,149.7,432.3,1739.7,1798.8,4.92,158.0,196.0,257.0,91.0,100,20000
17.2429,349,0,56,chair,0.7295,0.31146,0.77919,0.45215,0.99946,195.5,256.1,72.0,63.4,0.03099,0.0,-143.1,277.8,977.9,1026.6,-8.33,159.0,224.0,72.0,63.0,100,20000
17.2429,349,1,0,person,0.5693,0.30969,0.68207,0.87622,0.99891,303.6,242.1,290.1,91.2,0.1795,0.0,226.4,439.9,1770.0,1837.8,7.29,158.0,196.0,290.0,91.0,100,20000
17.2921,350,0,56,chair,0.7207,0.31207,0.77995,0.45288,0.99951,195.8,256.2,72.1,63.2,0.03092,0.0,-143.9,279.5,983.9,1032.9,-8.32,159.0,224.0,72.0,63.0,100,20000
17.2921,350,1,0,person,0.5527,0.30811,0.68316,0.88379,0.99967,305.1,242.3,294.7,91.2,0.18221,0.0,242.5,457.5,1841.0,1912.4,7.5,157.0,196.0,295.0,91.0,100,20000
17.3435,351,0,56,chair,0.7524,0.31201,0.78158,0.45349,0.99929,196.0,256.4,72.4,62.7,0.0308,0.0,-142.4,280.2,981.9,1031.0,-8.25,159.0,225.0,73.0,62.0,100,20000
17.3435,351,1,0,person,0.6152,0.31152,0.68251,0.88062,0.99978,305.2,242.2,291.4,91.4,0.18056,0.0,247.0,465.9,1875.0,1947.7,7.5,159.0,196.0,291.0,91.0,100,20000
17.3911,352,0,56,chair,0.7441,0.31171,0.78244,0.45361,0.9994,195.9,256.6,72.7,62.5,0.03079,0.0,-143.3,281.9,987.9,1037.3,-8.25,159.0,225.0,73.0,62.0,100,20000
17.3911,352,1,0,person,0.5981,0.30713,0.68479,0.88379,0.99891,304.9,242.5,295.2,90.5,0.18114,0.0,238.2,451.6,1808.2,1878.9,7.5,157.0,197.0,295.0,90.0,100,20000
17.4431,353,0,56,chair,0.7627,0.31152,0.78147,0.45435,0.99924,196.1,256.4,73.1,62.7,0.0311,0.0,-142.5,280.4,982.9,1032.0,-8.25,159.0,225.0,73.0,62.0,100,20000
17.4431,353,1,0,person,0.5659,0.30835,0.68446,0.88525,0.99891,305.6,242.4,295.4,90.6,0.18141,0.0,246.7,463.4,1855.1,1928.0,7.58,157.0,197.0,296.0,90.0,100,20000
17.4929,354,0,56,chair,0.7261,0.3111,0.78136,0.45435,0.99935,196.0,256.4,73.3,62.8,0.03123,0.0,-142.7,280.7,983.9,1033.1,-8.25,159.0,225.0,73.0,62.0,100,20000
17.4929,354,1,0,person,0.5913,0.30676,0.68424,0.8811,0.99902,304.1,242.4,294.1,90.7,0.18079,0.0,232.2,444.6,1779.8,1849.1,7.43,157.0,197.0,294.0,90.0,100,20000
17.5422,355,0,56,chair,0.7065,0.31165,0.78179,0.45502,0.99946,196.3,256.5,73.4,62.7,0.03121,0.0,-144.3,283.9,995.0,1044.7,-8.25,159.0,225.0,73.0,62.0,100,20000
17.5422,355,1,0,person,0.5938,0.30811,0.68338,0.87964,0.99881,304.1,242.2,292.6,90.8,0.18028,0.0,238.3,458.4,1844.5,1915.5,7.36,157.0,196.0,293.0,91.0,100,20000
17.5931,356,0,56,chair,0.7002,0.3111,0.78331,0.45569,0.99962,196.3,256.7,74.0,62.3,0.03128,0.0,-141.9,281.6,986.9,1036.1,-8.18,159.0,225.0,74.0,62.0,100,20000
17.5931,356,1,0,person,0.6245,0.30786,0.68327,0.88037,0.99891,304.2,242.2,293.1,90.9,0.18071,0.0,229.3,441.1,1774.9,1843.2,7.36,157.0,196.0,293.0,91.0,100,20000
17.6427,357,0,56,chair,0.7192,0.31165,0.78364,0.45605,0.99951,196.5,256.8,73.9,62.2,0.03117,0.0,-142.3,282.5,989.9,1039.2,-8.18,159.0,225.0,74.0,62.0,100,20000
17.6427,357,1,0,person,0.6313,0.30493,0.68273,0.88452,0.99957,304.5,242.3,296.8,91.2,0.18364,0.0,234.3,446.4,1796.4,1865.8,7.43,156.0,196.0,296.0,91.0,100,20000
17.6929,358,0,56,chair,0.708,0.31122,0.78331,0.45593,0.99957,196.4,256.7,74.1,62.3,0.03129,0.0,-141.7,281.3,985.9,1035.0,-8.18,159.0,225.0,74.0,62.0,100,20000
17.6929,358,1,0,person,0.6323,0.3064,0.68359,0.88818,0.99891,305.8,242.3,297.9,90.8,0.18345,0.0,247.2,461.9,1858.7,1931.1,7.58,156.0,196.0,298.0,91.0,100,20000
17.7432,359,0,56,chair,0.6841,0.31165,0.78277,0.45978,0.99957,197.5,256.7,75.8,62.4,0.03211,0.0,-138.2,279.3,978.9,1027.3,-8.04,159.0,225.0,76.0,62.0,100,20000
17.7432,359,1,0,person,0.6455,0.3075,0.68511,0.88647,0.99881,305.7,242.5,296.4,90.3,0.18162,0.0,232.2,436.1,1746.0,1814.6,7.58,157.0,197.0,296.0,90.0,100,20000
17.7921,360,0,56,chair,0.6987,0.31067,0.78234,0.46124,0.99962,197.6,256.6,77.1,62.6,0.03272,0.0,-138.7,282.7,990.9,1039.7,-7.97,159.0,225.0,77.0,62.0,100,20000
17.7921,360,1,0,person,0.625,0.30786,0.68424,0.88452,0.99902,305.2,242.4,295.2,90.7,0.18152,0.0,230.6,437.3,1750.8,1819.3,7.5,157.0,197.0,295.0,90.0,100,20000
17.841,361,0,0,person,0.665,0.30444,0.6811,0.88477,0.99967,304.4,242.0,297.1,91.7,0.18488,0.0,242.5,461.9,1858.7,1930.5,7.43,155.0,196.0,298.0,91.0,100,20000
17.841,361,1,56,chair,0.6621,0.3111,0.7819,0.4632,0.99951,198.2,256.5,77.9,62.7,0.0331,0.0,-137.1,282.2,988.9,1037.5,-7.89,159.0,225.0,78.0,62.0,100,20000
17.8922,362,0,0,person,0.6655,0.30542,0.68294,0.88721,0.99967,305.3,242.3,297.9,91.2,0.18427,0.0,245.5,458.8,1846.3,1918.2,7.57,156.0,196.0,298.0,91.0,100,20000
17.8922,362,1,56,chair,0.6533,0.31146,0.78147,0.46417,0.99967,198.6,256.5,78.2,62.8,0.03332,0.0,-137.0,281.9,987.9,1036.4,-7.9,159.0,225.0,78.0,62.0,100,20000
17.9417,363,0,0,person,0.666,0.3064,0.68316,0.8855,0.99957,305.1,242.3,296.5,91.1,0.18323,0.0,244.4,461.0,1855.1,1927.1,7.51,156.0,196.0,297.0,91.0,100,20000
17.9417,363,1,56,chair,0.6304,0.31195,0.78147,0.46399,0.99951,198.6,256.5,77.8,62.8,0.03315,0.0,-138.0,283.9,995.0,1043.9,-7.9,159.0,225.0,78.0,62.0,100,20000
17.9925,364,0,0,person,0.6929,0.30762,0.68251,0.88599,0.99989,305.6,242.3,296.1,91.4,0.18356,0.0,232.8,435.1,1750.8,1819.0,7.57,157.0,196.0,296.0,91.0,100,20000
17.9925,364,1,56,chair,0.6011,0.31134,0.78179,0.46381,0.99973,198.4,256.5,78.1,62.8,0.03323,0.0,-135.2,278.2,974.9,1022.8,-7.9,159.0,225.0,78.0,62.0,100,20000
18.0429,365,0,0,person,0.6992,0.30811,0.68273,0.88354,0.99978,305.1,242.3,294.6,91.3,0.18244,0.0,245.3,462.8,1862.3,1934.6,7.5,157.0,196.0,295.0,91.0,100,20000
18.0429,365,1,56,chair,0.6104,0.31085,0.78114,0.46411,0.99962,198.4,256.4,78.5,62.9,0.03348,0.0,-136.7,280.0,985.9,1034.0,-7.89,159.0,224.0,78.0,63.0,100,20000
18.0915,366,0,0,person,0.6616,0.30664,0.68381,0.88477,0.99957,305.0,242.4,296.0,90.9,0.18255,0.0,247.0,461.5,1856.9,1929.3,7.58,157.0,196.0,296.0,91.0,100,20000
18.0915,366,1,56,chair,0.6323,0.31165,0.7819,0.46448,0.99951,198.7,256.5,78.2,62.7,0.03326,0.0,-137.6,283.0,992.0,1040.7,-7.9,159.0,225.0,78.0,62.0,100,20000
18.1434,367,0,0,person,0.6572,0.30469,0.68316,0.88721,0.99967,305.1,242.3,298.3,91.2,0.18437,0.0,245.5,458.8,1846.3,1918.2,7.57,156.0,196.0,298.0,91.0,100,20000
18.1434,367,1,56,chair,0.6479,0.31128,0.78244,0.46448,0.99951,198.6,256.6,78.4,62.5,0.03326,0.0,-136.0,279.9,980.9,1029.1,-7.89,159.0,225.0,78.0,62.0,100,20000
18.1919,368,0,56,chair,0.6558,0.31171,0.78288,0.46436,0.99962,198.7,256.7,78.2,62.4,0.03309,0.0,-138.0,283.9,995.0,1043.9,-7.9,159.0,225.0,78.0,62.0,100,20000
18.1919,368,1,0,person,0.6528,0.30493,0.68327,0.88379,0.99967,304.3,242.3,296.4,91.1,0.18315,0.0,230.1,438.3,1763.6,1831.8,7.43,156.0,196.0,296.0,91.0,100,20000
18.2422,369,0,0,person,0.6978,0.30884,0.68294,0.88354,0.99989,305.2,242.3,294.2,91.3,0.18215,0.0,233.7,436.7,1757.1,1825.6,7.58,158.0,196.0,294.0,91.0,100,20000
18.2422,369,1,56,chair,0.6108,0.31128,0.78179,0.46478,0.99962,198.7,256.5,78.6,62.7,0.03344,0.0,-137.6,283.0,992.0,1040.7,-7.9,159.0,225.0,78.0,62.0,100,20000
18.2923,370,0,0,person,0.6675,0.30615,0.68229,0.88647,0.99967,305.3,242.2,297.1,91.4,0.18418,0.0,245.1,462.3,1860.5,1932.7,7.5,156.0,196.0,297.0,91.0,100,20000
18.2923,370,1,56,chair,0.6313,0.31134,0.78082,0.46503,0.99929,198.8,256.3,78.7,62.9,0.03358,0.0,-136.2,281.5,990.9,1039.1,-7.83,159.0,224.0,79.0,63.0,100,20000
18.343,371,0,0,person,0.6641,0.30469,0.68273,0.8855,0.99957,304.7,242.3,297.4,91.2,0.18402,0.0,243.2,458.8,1846.3,1917.9,7.5,156.0,196.0,297.0,91.0,100,20000
18.343,371,1,56,chair,0.6377,0.31122,0.78255,0.46539,0.99962,198.8,256.6,78.9,62.5,0.03347,0.0,-136.6,283.6,994.0,1042.7,-7.82,159.0,225.0,79.0,62.0,100,20000
18.392,372,0,0,person,0.6855,0.30762,0.68251,0.88501,0.99967,305.3,242.2,295.6,91.3,0.18313,0.0,261.6,488.7,1966.7,2043.3,7.58,157.0,196.0,296.0,91.0,100,20000
18.392,372,1,56,chair,0.6206,0.31128,0.78201,0.46613,0.99935,199.0,256.5,79.3,62.6,0.03366,0.0,-136.0,282.5,989.9,1038.4,-7.82,159.0,225.0,79.0,62.0,100,20000
18.4422,373,0,0,person,0.6572,0.3064,0.68294,0.88721,0.99967,305.6,242.3,297.4,91.2,0.18396,0.0,257.6,481.4,1937.1,2012.6,7.57,156.0,196.0,298.0,91.0,100,20000
18.4422,373,1,56,chair,0.6367,0.31152,0.78234,0.46619,0.99962,199.1,256.6,79.2,62.6,0.03361,0.0,-136.0,282.5,989.9,1038.4,-7.82,159.0,225.0,79.0,62.0,100,20000
18.492,374,0,0,person,0.6812,0.30786,0.68262,0.88525,0.99978,305.4,242.3,295.6,91.3,0.18313,0.0,254.3,475.2,1912.1,1986.6,7.58,157.0,196.0,296.0,91.0,100,20000
18.492,374,1,56,chair,0.6167,0.31097,0.78201,0.46625,0.99935,199.0,256.5,79.5,62.6,0.03375,0.0,-136.2,282.7,990.9,1039.4,-7.83,159.0,225.0,79.0,62.0,100,20000
18.5437,375,0,0,person,0.6802,0.30688,0.68435,0.88428,0.99967,304.9,242.5,295.6,90.8,0.18207,0.0,239.5,454.2,1818.4,1889.5,7.5,157.0,197.0,295.0,90.0,100,20000
18.5437,375,1,56,chair,0.6348,0.3111,0.78179,0.46637,0.9994,199.0,256.5,79.5,62.7,0.03379,0.0,-136.4,283.3,993.0,1041.6,-7.82,159.0,225.0,79.0,62.0,100,20000
18.5922,376,0,0,person,0.6909,0.30884,0.68403,0.88159,0.99978,304.8,242.5,293.2,90.9,0.18085,0.0,226.9,430.3,1722.6,1790.0,7.5,158.0,197.0,293.0,90.0,100,20000
18.5922,376,1,56,chair,0.5967,0.31158,0.78125,0.46661,0.99946,199.2,256.4,79.4,62.8,0.03383,0.0,-136.2,282.7,990.9,1039.4,-7.83,159.0,225.0,79.0,62.0,100,20000
18.6429,377,0,0,person,0.6748,0.30664,0.68262,0.88501,0.99957,305.1,242.2,296.1,91.3,0.18331,0.0,247.0,461.5,1856.9,1929.3,7.58,157.0,196.0,296.0,91.0,100,20000
18.6429,377,1,56,chair,0.6562,0.31165,0.7819,0.46686,0.99946,199.3,256.5,79.5,62.7,0.03377,0.0,-134.9,282.7,990.9,1039.2,-7.75,159.0,225.0,80.0,62.0,100,20000
18.6932,378,0,56,chair,0.665,0.31097,0.78299,0.46692,0.99957,199.1,256.7,79.8,62.4,0.03378,0.0,-134.9,282.7,990.9,1039.2,-7.75,159.0,225.0,80.0,62.0,100,20000
18.6932,378,1,0,person,0.6533,0.30371,0.68197,0.8855,0.99957,304.4,242.1,297.9,91.5,0.18478,0.0,229.8,437.9,1762.0,1830.1,7.43,155.0,196.0,298.0,91.0,100,20000
18.7433,379,0,0,person,0.666,0.30713,0.68316,0.8833,0.99957,304.8,242.3,295.0,91.1,0.18231,0.0,241.8,456.2,1835.7,1906.9,7.5,157.0,196.0,295.0,91.0,100,20000
18.7433,379,1,56,chair,0.6343,0.31134,0.7819,0.4671,0.9994,199.3,256.5,79.7,62.6,0.03388,0.0,-136.0,285.1,999.1,1047.8,-7.75,159.0,225.0,80.0,62.0,100,20000
18.7926,380,0,0,person,0.6855,0.30737,0.68349,0.88232,0.99967,304.6,242.4,294.4,91.1,0.18179,0.0,241.5,460.1,1851.6,1923.1,7.43,157.0,196.0,294.0,91.0,100,20000
18.7926,380,1,56,chair,0.6167,0.31079,0.78179,0.46692,0.99946,199.1,256.5,79.9,62.7,0.03398,0.0,-135.7,284.5,997.1,1045.7,-7.75,159.0,225.0,80.0,62.0,100,20000
18.8421,381,0,0,person,0.6636,0.30615,0.68273,0.88647,0.99957,305.3,242.3,297.1,91.2,0.18387,0.0,256.2,483.3,1944.9,2020.4,7.5,156.0,196.0,297.0,91.0,100,20000
18.8421,381,1,56,chair,0.6294,0.31079,0.78147,0.46692,0.99957,199.1,256.5,79.9,62.8,0.03405,0.0,-135.3,283.6,994.0,1042.5,-7.75,159.0,225.0,80.0,62.0,100,20000
18.8928,382,0,0,person,0.6899,0.30786,0.68327,0.88477,0.99967,305.3,242.3,295.4,91.1,0.18253,0.0,256.3,479.0,1927.4,2002.5,7.57,157.0,196.0,296.0,91.0,100,20000
18.8928,382,1,56,chair,0.6323,0.31116,0.78244,0.46698,0.99957,199.2,256.6,79.8,62.5,0.03383,0.0,-134.5,281.9,987.9,1036.1,-7.75,159.0,225.0,80.0,62.0,100,20000
18.9421,383,0,56,chair,0.6426,0.31128,0.78201,0.46613,0.99951,199.0,256.5,79.3,62.6,0.03368,0.0,-136.7,283.9,995.0,1043.7,-7.82,159.0,225.0,79.0,62.0,100,20000
18.9421,383,1,0,person,0.6338,0.30444,0.68305,0.88428,0.99957,304.3,242.3,296.9,91.2,0.18353,0.0,240.8,463.2,1864.1,1935.8,7.36,155.0,196.0,297.0,91.0,100,20000
18.9919,384,0,0,person,0.6992,0.30713,0.6824,0.88721,0.99978,305.8,242.2,297.0,91.4,0.18411,0.0,263.8,488.2,1964.7,2041.6,7.65,157.0,196.0,297.0,91.0,100,20000
18.9919,384,1,56,chair,0.6035,0.31104,0.78212,0.46594,0.99957,198.9,256.6,79.3,62.6,0.03368,0.0,-135.3,281.0,984.9,1033.1,-7.82,159.0,225.0,79.0,62.0,100,20000
19.0431,385,0,0,person,0.6729,0.30615,0.68164,0.88989,0.99957,306.2,242.1,298.9,91.6,0.18559,0.0,247.4,457.9,1842.7,1914.8,7.65,156.0,196.0,299.0,91.0,100,20000
19.0431,385,1,56,chair,0.6362,0.31085,0.78168,0.4649,0.99962,198.6,256.5,78.9,62.8,0.03357,0.0,-136.2,282.7,990.9,1039.4,-7.83,159.0,225.0,79.0,62.0,100,20000
19.0917,386,0,0,person,0.7051,0.30786,0.67513,0.88403,0.99957,305.1,241.2,295.0,93.4,0.18693,0.0,258.8,483.3,1964.7,2039.8,7.5,157.0,194.0,295.0,93.0,100,20000
19.0917,386,1,56,chair,0.6104,0.31177,0.78158,0.46344,0.99984,198.5,256.5,77.7,62.9,0.0331,0.0,-138.0,283.9,995.0,1043.9,-7.9,159.0,225.0,78.0,62.0,100,20000
19.1431,387,0,56,chair,0.6777,0.31219,0.78244,0.45612,0.99984,196.7,256.6,73.7,62.6,0.03129,0.0,-141.0,279.9,980.9,1029.8,-8.18,159.0,225.0,74.0,62.0,100,20000
19.1431,387,1,0,person,0.6421,0.3042,0.67361,0.88208,0.99946,303.7,240.9,295.9,93.8,0.1883,0.0,224.8,432.2,1757.1,1823.4,7.29,155.0,194.0,296.0,93.0,100,20000
19.1921,388,0,56,chair,0.75,0.3114,0.78136,0.45221,0.99946,195.5,256.4,72.1,62.8,0.03071,0.0,-145.3,283.3,993.0,1042.8,-8.32,159.0,225.0,72.0,62.0,100,20000
19.1921,388,1,0,person,0.5474,0.3064,0.66461,0.84888,0.9987,295.8,239.5,277.7,96.2,0.18124,0.0,190.8,429.4,1773.3,1834.5,6.14,156.0,191.0,278.0,96.0,100,20000
19.2423,389,0,56,chair,0.749,0.31122,0.77865,0.4498,0.99929,194.8,256.0,71.0,63.5,0.03058,0.0,-146.8,282.6,995.0,1044.7,-8.39,159.0,224.0,71.0,63.0,100,20000
19.2423,389,1,0,person,0.5405,0.30872,0.65386,0.79663,0.9987,283.0,238.0,249.8,99.3,0.16825,0.0,142.5,447.8,1878.6,1936.5,4.34,158.0,188.0,249.0,99.0,100,20000
19.2931,390,0,56,chair,0.6792,0.3114,0.77865,0.44711,0.99957,194.2,256.1,69.5,63.6,0.02998,0.0,-148.0,280.0,985.9,1035.5,-8.54,159.0,224.0,69.0,63.0,100,20000
19.2931,390,1,0,person,0.5723,0.30847,0.64214,0.78223,0.9987,279.2,236.3,242.6,102.7,0.16892,0.0,156.1,554.3,2376.0,2444.8,3.76,157.0,184.0,243.0,103.0,100,20000
19.3417,391,0,56,chair,0.6895,0.31085,0.77756,0.44275,0.99951,192.9,255.9,67.5,63.9,0.02928,0.0,-152.3,282.3,998.1,1048.4,-8.68,159.0,223.0,67.0,64.0,100,20000
19.3417,391,1,0,person,0.5366,0.31177,0.64095,0.76123,0.99859,274.7,236.1,230.1,103.0,0.16074,0.0,106.7,458.3,1964.7,2020.3,3.11,159.0,184.0,230.0,103.0,100,20000
19.3938,392,0,56,chair,0.7021,0.3114,0.77897,0.44067,0.9994,192.5,256.1,66.2,63.5,0.02849,0.0,-153.0,282.4,994.0,1044.6,-8.75,159.0,224.0,66.0,63.0,100,20000
19.3938,392,1,0,person,0.5273,0.31396,0.63238,0.75159,0.99881,272.8,234.9,224.1,105.5,0.16036,0.0,117.9,553.0,2396.7,2462.5,2.82,160.0,182.0,224.0,105.0,100,20000
19.4421,393,0,56,chair,0.6562,0.3114,0.77865,0.43735,0.9994,191.7,256.0,64.5,63.6,0.0278,0.0,-154.6,280.6,987.9,1038.5,-8.89,159.0,224.0,64.0,63.0,100,20000
19.4421,393,1,0,person,0.5249,0.31348,0.62826,0.74268,0.99891,270.4,234.3,219.8,106.7,0.15908,0.0,121.6,628.9,2756.2,2829.7,2.53,160.0,180.0,220.0,107.0,100,20000
19.4928,394,0,56,chair,0.6313,0.31177,0.77734,0.43469,0.99946,191.1,255.9,62.9,64.0,0.0273,0.0,-155.5,278.8,985.9,1036.3,-8.96,159.0,223.0,63.0,64.0,100,20000
19.4928,394,1,0,person,0.5195,0.31409,0.62359,0.72229,0.99881,265.3,233.6,209.0,108.1,0.15316,0.0,76.7,576.8,2542.0,2607.7,1.73,160.0,179.0,209.0,108.0,100,20000
19.5438,395,0,56,chair,0.6602,0.31091,0.77875,0.43182,0.99951,190.1,256.1,61.9,63.6,0.02669,0.0,-156.9,280.3,986.9,1037.9,-9.03,159.0,224.0,62.0,63.0,100,20000
19.5438,395,1,0,person,0.5098,0.31287,0.6237,0.72021,0.99891,264.5,233.7,208.6,108.1,0.15284,0.0,66.1,518.7,2286.0,2345.0,1.66,160.0,179.0,208.0,108.0,100,20000
19.592,396,0,56,chair,0.6538,0.31067,0.77865,0.43085,0.9994,189.8,256.0,61.5,63.6,0.02653,0.0,-157.3,278.9,981.9,1032.8,-9.1,159.0,224.0,61.0,63.0,100,20000
19.592,396,1,0,person,0.52,0.31543,0.61979,0.71228,0.99891,263.1,233.1,203.2,109.2,0.15045,0.0,72.0,647.8,2871.1,2944.2,1.44,161.0,178.0,203.0,109.0,100,20000
19.642,397,0,56,chair,0.6235,0.31122,0.77865,0.43106,0.99951,190.0,256.1,61.4,63.6,0.02647,0.0,-158.2,280.3,986.9,1038.1,-9.11,159.0,224.0,61.0,63.0,100,20000
19.642,397,1,0,person,0.5044,0.31458,0.6161,0.70959,0.99902,262.2,232.6,202.2,110.3,0.15126,0.0,50.0,471.1,2099.4,2152.2,1.36,161.0,177.0,202.0,110.0,100,20000
19.6936,398,0,56,chair,0.6206,0.31079,0.77843,0.43054,0.99951,189.8,256.0,61.3,63.7,0.02647,0.0,-156.7,277.8,977.9,1028.6,-9.1,159.0,224.0,61.0,63.0,100,20000
19.6936,398,1,0,person,0.5132,0.31433,0.61599,0.70972,0.99902,262.2,232.6,202.4,110.3,0.15145,0.0,54.3,540.5,2408.7,2469.2,1.29,160.0,177.0,203.0,110.0,100,20000
19.7441,399,0,56,chair,0.5981,0.31128,0.77767,0.43069,0.99946,189.9,255.9,61.1,63.9,0.02648,0.0,-156.1,275.4,973.9,1024.1,-9.11,159.0,223.0,61.0,64.0,100,20000
19.7441,399,1,0,person,0.5459,0.31299,0.61643,0.71228,0.99902,262.5,232.6,204.4,110.2,0.15276,0.0,52.3,492.5,2194.9,2250.1,1.36,160.0,177.0,204.0,110.0,100,20000
19.7932,400,0,56,chair,0.6235,0.31049,0.77908,0.43091,0.99951,189.8,256.1,61.7,63.5,0.02654,0.0,-159.4,280.3,986.9,1038.2,-9.17,158.0,224.0,62.0,63.0,100,20000
19.7932,400,1,0,person,0.541,0.31238,0.61664,0.7135,0.99902,262.6,232.7,205.4,110.1,0.15338,0.0,71.8,676.4,3014.6,3090.4,1.36,159.0,177.0,206.0,110.0,100,20000
19.8429,401,0,56,chair,0.5947,0.31189,0.77778,0.43091,0.9994,190.2,255.9,60.9,63.8,0.02638,0.0,-157.0,278.3,979.9,1030.7,-9.1,159.0,224.0,61.0,63.0,100,20000
19.8429,401,1,0,person,0.5483,0.31482,0.61437,0.71667,0.99902,264.1,232.3,205.7,110.8,0.15457,0.0,76.4,616.7,2764.1,2833.1,1.58,161.0,176.0,205.0,111.0,100,20000
19.8924,402,0,56,chair,0.6353,0.31152,0.78016,0.43069,0.99946,190.0,256.3,61.0,63.2,0.02613,0.0,-157.8,279.8,984.9,1036.0,-9.1,159.0,224.0,61.0,63.0,100,20000
19.8924,402,1,0,person,0.5439,0.31458,0.61437,0.71338,0.99902,263.2,232.3,204.2,110.8,0.1534,0.0,70.0,592.9,2657.5,2723.7,1.51,161.0,176.0,204.0,111.0,100,20000
19.9439,403,0,56,chair,0.6147,0.31158,0.77821,0.43097,0.9994,190.1,256.0,61.1,63.7,0.02641,0.0,-157.3,278.9,981.9,1032.8,-9.1,159.0,224.0,61.0,63.0,100,20000
19.9439,403,1,0,person,0.541,0.31494,0.61404,0.71899,0.99913,264.7,232.3,206.9,110.9,0.1556,0.0,123.0,910.1,4079.0,4181.1,1.73,161.0,176.0,207.0,111.0,100,20000
19.9923,404,0,56,chair,0.6304,0.31116,0.77984,0.43079,0.9994,189.9,256.2,61.3,63.2,0.02627,0.0,-159.0,281.8,992.0,1043.4,-9.11,159.0,224.0,61.0,63.0,100,20000
19.9923,404,1,0,person,0.5464,0.31555,0.61339,0.7168,0.99902,264.3,232.2,205.4,111.1,0.15473,0.0,161.6,1247.7,5592.3,5732.1,1.66,161.0,176.0,206.0,111.0,100,20000
