host_time_s,stream,seq,device_time_s,interval_ms,device_interval_ms,latency_ms,width,height,frame_type,n_objects,objects,temp_c,cpu_css_pct,cpu_mss_pct
1.5214,frame,0,7.545702,,,152.55,512,288,BGR888p,,,,,
1.5216,detections,0,7.545702,,,152.75,,,,0,,,,
1.5217,system,0,,,,,,,,,,42.12,92.1,1.2
1.6996,frame,1,7.579025,178.24,33.32,297.47,512,288,BGR888p,,,,,
1.6997,detections,1,7.579025,178.16,33.32,297.57,,,,0,,,,
1.7277,frame,2,7.612347,28.13,33.32,292.27,512,288,BGR888p,,,,,
1.7278,detections,2,7.612347,28.12,33.32,292.36,,,,0,,,,
1.8316,frame,3,7.645668,103.86,33.32,362.81,512,288,BGR888p,,,,,
1.8317,detections,3,7.645668,103.87,33.32,362.91,,,,0,,,,
1.9317,frame,4,7.67899,100.13,33.32,429.63,512,288,BGR888p,,,,,
1.9318,detections,4,7.67899,100.13,33.32,429.72,,,,0,,,,
2.0335,frame,5,7.712313,101.75,33.32,498.07,512,288,BGR888p,,,,,
2.0336,detections,5,7.712313,101.79,33.32,498.21,,,,0,,,,
2.1379,frame,6,7.745634,104.45,33.32,569.22,512,288,BGR888p,,,,,
2.1399,detections,6,7.745634,106.26,33.32,571.16,,,,0,,,,
2.2433,frame,7,7.778955,105.35,33.32,641.24,512,288,BGR888p,,,,,
2.2439,detections,7,7.778955,103.96,33.32,641.8,,,,0,,,,
2.244,system,0,,722.3,,,,,,,,43.95,39.4,22.8
2.3463,frame,8,7.812279,102.99,33.32,710.94,512,288,BGR888p,,,,,
2.3465,detections,8,7.812279,102.67,33.32,711.17,,,,0,,,,
2.4482,frame,9,7.845599,101.95,33.32,779.59,512,288,BGR888p,,,,,
2.4485,detections,9,7.845599,101.97,33.32,779.82,,,,0,,,,
2.5513,frame,11,7.912244,103.11,66.65,816.04,512,288,BGR888p,,,,,
2.5517,detections,11,7.912244,103.24,66.65,816.42,,,,0,,,,
2.6527,frame,14,8.01221,101.38,99.97,817.46,512,288,BGR888p,,,,,
2.653,detections,14,8.01221,101.24,99.97,817.68,,,,0,,,,
2.7561,frame,17,8.112178,103.4,99.97,820.91,512,288,BGR888p,,,,,
2.7564,detections,17,8.112178,103.43,99.97,821.14,,,,0,,,,
2.8609,frame,20,8.212141,104.79,99.96,825.71,512,288,BGR888p,,,,,
2.8612,detections,20,8.212141,104.78,99.96,825.96,,,,0,,,,
2.9636,frame,23,8.312107,102.71,99.97,828.45,512,288,BGR888p,,,,,
2.9639,detections,23,8.312107,102.68,99.97,828.67,,,,0,,,,
3.0655,frame,26,8.412073,101.85,99.97,830.34,512,288,BGR888p,,,,,
3.0657,detections,26,8.412073,101.86,99.97,830.56,,,,0,,,,
3.165,frame,29,8.512036,99.55,99.96,829.93,512,288,BGR888p,,,,,
3.1653,detections,29,8.512036,99.58,99.96,830.18,,,,0,,,,
3.268,frame,32,8.612002,102.99,99.97,832.96,512,288,BGR888p,,,,,
3.2683,detections,32,8.612002,103.0,99.97,833.23,,,,0,,,,
3.2685,system,0,,1024.52,,,,,,,,44.52,22.3,13.0
3.3717,frame,36,8.74529,103.66,133.29,803.32,512,288,BGR888p,,,,,
3.3719,detections,36,8.74529,103.59,133.29,803.51,,,,0,,,,
3.4771,frame,39,8.845255,105.47,99.96,807.58,512,288,BGR888p,,,,,
3.4774,detections,39,8.845255,105.53,99.96,807.8,,,,0,,,,
3.5804,frame,42,8.945222,103.23,99.97,810.82,512,288,BGR888p,,,,,
3.5808,detections,42,8.945222,103.34,99.97,811.19,,,,0,,,,
3.6817,frame,45,9.045188,101.28,99.97,812.14,512,288,BGR888p,,,,,
3.6819,detections,45,9.045188,101.14,99.97,812.36,,,,0,,,,
3.7851,frame,48,9.145158,103.49,99.97,815.68,512,288,BGR888p,,,,,
3.7854,detections,48,9.145158,103.51,99.97,815.9,,,,0,,,,
3.887,frame,51,9.245122,101.91,99.96,817.63,512,288,BGR888p,,,,,
3.8874,detections,51,9.245122,101.93,99.96,817.87,,,,0,,,,
3.9906,frame,54,9.345089,103.53,99.97,821.16,512,288,BGR888p,,,,,
3.9929,detections,54,9.345089,105.54,99.97,823.5,,,,0,,,,
4.095,frame,57,9.44505,104.45,99.96,825.65,512,288,BGR888p,,,,,
4.0953,detections,57,9.44505,102.42,99.96,825.9,,,,0,,,,
4.1963,frame,60,9.545016,101.22,99.97,826.85,512,288,BGR888p,,,,,
4.197,detections,60,9.545016,101.66,99.97,827.55,,,,0,,,,
4.2994,frame,63,9.644989,103.18,99.97,830.12,512,288,BGR888p,,,,,
4.2997,detections,63,9.644989,102.72,99.97,830.35,,,,0,,,,
4.2999,system,0,,1031.38,,,,,,,,44.98,22.0,13.0
4.4036,frame,66,9.744946,104.17,99.96,834.34,512,288,BGR888p,,,,,
4.4039,detections,66,9.744946,104.17,99.96,834.57,,,,0,,,,
4.508,frame,69,9.844912,104.35,99.97,838.71,512,288,BGR888p,,,,,
4.5083,detections,69,9.844912,104.4,99.97,839.0,,,,0,,,,
4.6121,frame,73,9.978199,104.16,133.29,809.63,512,288,BGR888p,,,,,
4.6126,detections,73,9.978199,104.31,133.29,810.03,,,,0,,,,
4.7135,frame,76,10.078165,101.38,99.97,811.0,512,288,BGR888p,,,,,
4.7138,detections,76,10.078165,101.17,99.97,811.22,,,,0,,,,
4.8146,frame,79,10.178132,101.12,99.97,812.15,512,288,BGR888p,,,,,
4.8149,detections,79,10.178132,101.12,99.97,812.37,,,,0,,,,
4.9184,frame,82,10.278104,103.77,99.97,815.92,512,288,BGR888p,,,,,
4.9186,detections,82,10.278104,103.7,99.97,816.08,,,,0,,,,
5.0215,frame,85,10.378063,103.14,99.96,819.13,512,288,BGR888p,,,,,
5.0218,detections,85,10.378063,103.21,99.96,819.36,,,,0,,,,
5.1259,frame,88,10.478031,104.39,99.97,823.55,512,288,BGR888p,,,,,
5.1262,detections,88,10.478031,104.42,99.97,823.81,,,,0,,,,
5.2268,frame,91,10.577999,100.85,99.97,824.41,512,288,BGR888p,,,,,
5.227,detections,91,10.577999,100.75,99.97,824.55,,,,0,,,,
5.3317,frame,94,10.677962,104.89,99.96,829.36,512,288,BGR888p,,,,,
5.3319,detections,94,10.677962,104.96,99.96,829.58,,,,0,,,,
5.3321,system,0,,1032.2,,,,,,,,45.26,20.7,12.2
5.4327,frame,97,10.777927,101.02,99.96,830.41,512,288,BGR888p,,,,,
5.4329,detections,97,10.777927,101.02,99.96,830.63,,,,0,,,,
5.5348,frame,100,10.87789,102.18,99.96,832.64,512,288,BGR888p,,,,,
5.5351,detections,100,10.87789,102.2,99.96,832.93,,,,0,,,,
5.6384,frame,103,10.977856,103.51,99.97,836.19,512,288,BGR888p,,,,,
5.6388,detections,103,10.977856,103.67,99.97,836.61,,,,0,,,,
5.7415,frame,107,11.111144,103.1,133.29,806.0,512,288,BGR888p,,,,,
5.7417,detections,107,11.111144,102.93,133.29,806.22,,,,0,,,,
5.8458,frame,110,11.21111,104.29,99.97,810.32,512,288,BGR888p,,,,,
5.846,detections,110,11.21111,104.29,99.97,810.54,,,,0,,,,
5.9476,frame,113,11.311076,101.8,99.97,812.15,512,288,BGR888p,,,,,
5.9478,detections,113,11.311076,101.8,99.97,812.38,,,,0,,,,
6.0513,frame,116,11.411042,103.75,99.97,815.95,512,288,BGR888p,,,,,
6.0516,detections,116,11.411042,103.77,99.97,816.19,,,,0,,,,
6.1535,frame,119,11.511009,102.19,99.97,818.22,512,288,BGR888p,,,,,
6.1538,detections,119,11.511009,102.25,99.97,818.48,,,,0,,,,
6.2601,frame,122,11.610975,106.6,99.97,824.83,512,288,BGR888p,,,,,
6.2604,detections,122,11.610975,106.55,99.97,825.06,,,,0,,,,
6.2606,system,0,,928.49,,,,,,,,45.04,21.8,13.0
6.36,frame,125,11.710952,99.89,99.98,824.68,512,288,BGR888p,,,,,
6.3602,detections,125,11.710952,99.8,99.98,824.86,,,,0,,,,
6.4641,frame,128,11.810905,104.14,99.95,828.93,512,288,BGR888p,,,,,
6.4644,detections,128,11.810905,104.2,99.95,829.13,,,,0,,,,
6.5663,frame,131,11.910871,102.2,99.97,831.13,512,288,BGR888p,,,,,
6.5666,detections,131,11.910871,102.19,99.97,831.35,,,,0,,,,
6.6661,frame,134,12.010838,99.74,99.97,830.92,512,288,BGR888p,,,,,
6.6665,detections,134,12.010838,99.88,99.97,831.3,,,,0,,,,
6.7705,frame,137,12.1108,104.42,99.96,835.37,512,288,BGR888p,,,,,
6.7708,detections,137,12.1108,104.29,99.96,835.61,,,,0,,,,
6.8761,frame,141,12.244088,105.65,133.29,807.75,512,288,BGR888p,,,,,
6.8764,detections,141,12.244088,105.65,133.29,807.97,,,,0,,,,
6.9804,frame,144,12.344053,104.24,99.97,812.01,512,288,BGR888p,,,,,
6.9807,detections,144,12.344053,104.24,99.97,812.25,,,,0,,,,
7.0817,frame,147,12.44402,101.33,99.97,813.37,512,288,BGR888p,,,,,
7.082,detections,147,12.44402,101.31,99.97,813.6,,,,0,,,,
7.1848,frame,150,12.543985,103.07,99.96,816.47,512,288,BGR888p,,,,,
7.185,detections,150,12.543985,103.07,99.96,816.69,,,,0,,,,
7.2888,frame,153,12.643952,104.04,99.97,820.51,512,288,BGR888p,,,,,
7.289,detections,153,12.643952,103.96,99.97,820.67,,,,0,,,,
7.2891,system,0,,1028.56,,,,,,,,45.55,21.5,13.1
7.3933,frame,156,12.743917,104.49,99.96,825.07,512,288,BGR888p,,,,,
7.3936,detections,156,12.743917,104.57,99.96,825.29,,,,0,,,,
7.4964,frame,159,12.843884,103.11,99.97,828.21,512,288,BGR888p,,,,,
7.4967,detections,159,12.843884,103.11,99.97,828.44,,,,0,,,,
7.5994,frame,162,12.94385,103.03,99.97,831.27,512,288,BGR888p,,,,,
7.5997,detections,162,12.94385,103.02,99.97,831.49,,,,0,,,,
7.7002,frame,165,13.043816,100.79,99.97,832.1,512,288,BGR888p,,,,,
7.7006,detections,165,13.043816,100.94,99.97,832.5,,,,0,,,,
7.8047,frame,168,13.143779,104.44,99.96,836.57,512,288,BGR888p,,,,,
7.8049,detections,168,13.143779,104.3,99.96,836.8,,,,0,,,,
7.9083,frame,171,13.243745,103.58,99.97,840.19,512,288,BGR888p,,,,,
7.9085,detections,171,13.243745,103.58,99.97,840.42,,,,0,,,,
8.0132,frame,175,13.377032,104.95,133.29,811.86,512,288,BGR888p,,,,,
8.0135,detections,175,13.377032,104.96,133.29,812.1,,,,0,,,,
8.1145,frame,178,13.476998,101.31,99.97,813.24,512,288,BGR888p,,,,,
8.1149,detections,178,13.476998,101.4,99.97,813.57,,,,0,,,,
8.2193,frame,181,13.576964,104.81,99.97,818.05,512,288,BGR888p,,,,,
8.2196,detections,181,13.576964,104.72,99.97,818.27,,,,0,,,,
8.3207,frame,184,13.676931,101.37,99.97,819.45,512,288,BGR888p,,,,,
8.321,detections,184,13.676931,101.36,99.97,819.67,,,,0,,,,
8.3211,system,0,,1032.0,,,,,,,,45.66,21.6,12.9
8.4241,frame,187,13.776897,103.41,99.97,822.92,512,288,BGR888p,,,,,
8.4244,detections,187,13.776897,103.44,99.97,823.15,,,,0,,,,
8.5286,frame,190,13.876862,104.52,99.96,827.44,512,288,BGR888p,,,,,
8.5291,detections,190,13.876862,104.73,99.96,827.95,,,,0,,,,
8.6319,frame,193,13.976827,103.24,99.97,830.72,512,288,BGR888p,,,,,
8.6321,detections,193,13.976827,102.99,99.97,830.98,,,,0,,,,
8.7337,frame,196,14.076793,101.78,99.97,832.54,512,288,BGR888p,,,,,
8.7341,detections,196,14.076793,101.96,99.97,832.98,,,,0,,,,
8.8334,frame,199,14.176757,99.75,99.96,832.32,512,288,BGR888p,,,,,
8.8337,detections,199,14.176757,99.58,99.96,832.55,,,,0,,,,
8.9375,frame,202,14.276723,104.06,99.97,836.42,512,288,BGR888p,,,,,
8.9377,detections,202,14.276723,104.06,99.97,836.64,,,,0,,,,
9.0423,frame,206,14.410011,104.88,133.29,807.96,512,288,BGR888p,,,,,
9.0425,detections,206,14.410011,104.76,133.29,808.07,,,,0,,,,
9.1454,frame,209,14.509976,103.02,99.96,811.01,512,288,BGR888p,,,,,
9.1455,detections,209,14.509976,103.0,99.96,811.1,,,,0,,,,
9.2484,frame,212,14.609942,103.05,99.97,814.15,512,288,BGR888p,,,,,
9.2487,detections,212,14.609942,103.19,99.97,814.37,,,,0,,,,
9.2488,system,0,,927.71,,,,,,,,46.34,21.8,12.6
9.3501,frame,215,14.70991,101.65,99.97,815.86,512,288,BGR888p,,,,,
9.3504,detections,215,14.70991,101.7,99.97,816.11,,,,0,,,,
9.4537,frame,218,14.809875,103.63,99.96,819.5,512,288,BGR888p,,,,,
9.454,detections,218,14.809875,103.58,99.96,819.72,,,,0,,,,
9.556,frame,221,14.90984,102.34,99.97,821.92,512,288,BGR888p,,,,,
9.5564,detections,221,14.90984,102.43,99.97,822.21,,,,0,,,,
9.6591,frame,224,15.009806,103.06,99.97,824.98,512,288,BGR888p,,,,,
9.6612,detections,224,15.009806,104.8,99.97,827.06,,,,0,,,,
9.763,frame,227,15.109772,103.93,99.97,828.98,512,288,BGR888p,,,,,
9.7635,detections,227,15.109772,102.29,99.97,829.36,,,,0,,,,
9.8676,frame,230,15.20974,104.58,99.97,833.54,512,288,BGR888p,,,,,
9.8679,detections,230,15.20974,104.38,99.97,833.77,,,,0,,,,
9.9687,frame,233,15.309703,101.1,99.96,834.68,512,288,BGR888p,,,,,
9.969,detections,233,15.309703,101.1,99.96,834.91,,,,0,,,,
10.0698,frame,236,15.409667,101.13,99.96,835.85,512,288,BGR888p,,,,,
10.0701,detections,236,15.409667,101.13,99.96,836.11,,,,0,,,,
10.1735,frame,239,15.509633,103.7,99.97,839.59,512,288,BGR888p,,,,,
10.1738,detections,239,15.509633,103.72,99.97,839.84,,,,0,,,,
10.2777,frame,242,15.6096,104.18,99.97,843.79,512,288,BGR888p,,,,,
10.278,detections,242,15.6096,104.15,99.97,844.02,,,,0,,,,
10.2782,system,0,,1029.34,,,,,,,,45.94,22.3,12.8
10.3829,frame,246,15.742886,105.16,133.29,815.67,512,288,BGR888p,,,,,
10.3831,detections,246,15.742886,105.16,133.29,815.91,,,,0,,,,
10.4832,frame,249,15.842852,100.34,99.97,816.05,512,288,BGR888p,,,,,
10.4835,detections,249,15.842852,100.35,99.97,816.27,,,,0,,,,
10.5863,frame,252,15.942819,103.11,99.97,814.97,512,288,BGR888p,,,,,
10.5865,detections,252,15.942819,103.01,99.97,815.1,,,,0,,,,
10.6891,frame,255,16.042786,102.76,99.97,817.82,512,288,BGR888p,,,,,
10.6894,detections,255,16.042786,102.89,99.97,818.05,,,,0,,,,
10.7924,frame,258,16.142753,103.3,99.97,821.13,512,288,BGR888p,,,,,
10.7928,detections,258,16.142753,103.41,99.97,821.5,,,,0,,,,
10.8965,frame,261,16.242717,104.09,99.96,825.26,512,288,BGR888p,,,,,
10.8967,detections,261,16.242717,103.95,99.96,825.48,,,,0,,,,
10.9979,frame,264,16.342681,101.46,99.96,826.75,512,288,BGR888p,,,,,
10.999,detections,264,16.342681,102.29,99.96,827.9,,,,0,,,,
11.1029,frame,267,16.442647,104.94,99.97,831.73,512,288,BGR888p,,,,,
11.1032,detections,267,16.442647,104.16,99.97,832.02,,,,0,,,,
11.2039,frame,270,16.542614,100.99,99.97,832.75,512,288,BGR888p,,,,,
11.2042,detections,270,16.542614,100.97,99.97,833.02,,,,0,,,,
11.3076,frame,273,16.642577,103.77,99.96,836.54,512,288,BGR888p,,,,,
11.3079,detections,273,16.642577,103.72,99.96,836.77,,,,0,,,,
11.3081,system,0,,1029.88,,,,,,,,45.83,22.0,12.9
11.4127,frame,276,16.742542,105.06,99.97,841.7,512,288,BGR888p,,,,,
11.4134,detections,276,16.742542,105.48,99.97,842.32,,,,0,,,,
11.5174,frame,280,16.87583,104.66,133.29,813.02,512,288,BGR888p,,,,,
11.5176,detections,280,16.87583,104.24,133.29,813.24,,,,0,,,,
11.6177,frame,283,16.975797,100.3,99.97,813.33,512,288,BGR888p,,,,,
11.6179,detections,283,16.975797,100.25,99.97,813.51,,,,0,,,,
11.7206,frame,286,17.075762,102.97,99.97,816.35,512,288,BGR888p,,,,,
11.7209,detections,286,17.075762,103.02,99.97,816.57,,,,0,,,,
11.8237,frame,289,17.175728,103.03,99.97,819.42,512,288,BGR888p,,,,,
11.8241,detections,289,17.175728,103.18,99.97,819.82,,,,0,,,,
11.9272,frame,292,17.275695,103.54,99.97,823.0,512,288,BGR888p,,,,,
11.9275,detections,292,17.275695,103.4,99.97,823.22,,,,0,,,,
12.032,frame,295,17.375665,104.82,99.97,827.85,512,288,BGR888p,,,,,
12.0326,detections,295,17.375665,105.11,99.97,828.4,,,,0,,,,
12.134,frame,298,17.475626,102.01,99.96,830.06,512,288,BGR888p,,,,,
12.1347,detections,298,17.475626,102.15,99.96,830.62,,,,0,,,,
12.2375,frame,301,17.575592,103.49,99.97,833.42,512,288,BGR888p,,,,,
12.2378,detections,301,17.575592,103.05,99.97,833.64,,,,0,,,,
12.3371,frame,304,17.675556,99.61,99.96,833.09,512,288,BGR888p,,,,,
12.3374,detections,304,17.675556,99.63,99.96,833.31,,,,0,,,,
12.3376,system,0,,1029.51,,,,,,,,46.17,20.8,12.6
12.4403,frame,307,17.775521,103.12,99.97,836.22,512,288,BGR888p,,,,,
12.4405,detections,307,17.775521,103.1,99.97,836.44,,,,0,,,,
12.5436,frame,310,17.875488,103.33,99.97,839.58,512,288,BGR888p,,,,,
12.5454,detections,310,17.875488,104.84,99.97,841.37,,,,0,,,,
12.6488,frame,314,18.008774,105.23,133.29,811.53,512,288,BGR888p,,,,,
12.6499,detections,314,18.008774,104.59,133.29,812.69,,,,0,,,,
12.7517,frame,317,18.10874,102.86,99.97,814.43,512,288,BGR888p,,,,,
12.7519,detections,317,18.10874,102.01,99.97,814.66,,,,0,,,,
12.8544,frame,320,18.208707,102.76,99.97,817.22,512,288,BGR888p,,,,,
12.8548,detections,320,18.208707,102.89,99.97,817.61,,,,0,,,,
12.9573,frame,323,18.308672,102.86,99.97,820.15,512,288,BGR888p,,,,,
12.9577,detections,323,18.308672,102.82,99.97,820.48,,,,0,,,,
13.0598,frame,326,18.408639,102.46,99.97,822.61,512,288,BGR888p,,,,,
13.06,detections,326,18.408639,102.37,99.97,822.83,,,,0,,,,
13.1658,frame,329,18.508604,106.06,99.96,828.71,512,288,BGR888p,,,,,
13.1661,detections,329,18.508604,106.08,99.96,828.98,,,,0,,,,
13.2675,frame,332,18.608569,101.66,99.97,830.4,512,288,BGR888p,,,,,
13.2677,detections,332,18.608569,101.64,99.97,830.62,,,,0,,,,
13.2679,system,0,,930.36,,,,,,,,46.45,22.0,12.9
13.37,frame,335,18.708535,102.55,99.97,832.98,512,288,BGR888p,,,,,
13.3703,detections,335,18.708535,102.58,99.97,833.23,,,,0,,,,
13.4723,frame,338,18.808512,102.23,99.98,835.24,512,288,BGR888p,,,,,
13.4725,detections,338,18.808512,102.23,99.98,835.49,,,,0,,,,
13.5716,frame,341,18.908465,99.33,99.95,834.61,512,288,BGR888p,,,,,
13.5718,detections,341,18.908465,99.3,99.95,834.83,,,,0,,,,
13.674,frame,344,19.008431,102.45,99.97,837.06,512,288,BGR888p,,,,,
13.6742,detections,344,19.008431,102.4,99.97,837.24,,,,0,,,,
13.7803,frame,348,19.141718,106.29,133.29,810.09,512,288,BGR888p,,,,,
13.7806,detections,348,19.141718,106.34,133.29,810.32,,,,0,,,,
13.884,frame,351,19.241685,103.69,99.97,813.81,512,288,BGR888p,,,,,
13.8844,detections,351,19.241685,103.86,99.97,814.21,,,,0,,,,
13.9862,frame,354,19.341651,102.2,99.97,816.04,512,288,BGR888p,,,,,
13.9865,detections,354,19.341651,102.03,99.97,816.26,,,,0,,,,
14.0874,frame,357,19.441617,101.25,99.97,817.32,512,288,BGR888p,,,,,
14.0877,detections,357,19.441617,101.25,99.97,817.55,,,,0,,,,
14.1919,frame,360,19.541582,104.42,99.96,821.78,512,288,BGR888p,,,,,
14.1921,detections,360,19.541582,104.42,99.96,822.05,,,,0,,,,
14.2945,frame,363,19.641548,102.64,99.97,824.46,512,288,BGR888p,,,,,
14.2948,detections,363,19.641548,102.64,99.97,824.68,,,,0,,,,
14.2949,system,0,,1027.01,,,,,,,,46.34,21.8,12.4
14.3998,frame,366,19.741515,105.24,99.97,829.77,512,288,BGR888p,,,,,
14.4001,detections,366,19.741515,105.36,99.97,830.13,,,,0,,,,
14.5023,frame,369,19.841479,102.54,99.96,832.25,512,288,BGR888p,,,,,
14.5024,detections,369,19.841479,102.29,99.96,832.36,,,,0,,,,
14.6038,frame,372,19.941445,101.46,99.97,833.85,512,288,BGR888p,,,,,
14.6044,detections,372,19.941445,102.0,99.97,834.51,,,,0,,,,
14.7066,frame,375,20.041411,102.85,99.97,836.68,512,288,BGR888p,,,,,
14.7069,detections,375,20.041411,102.43,99.97,836.9,,,,0,,,,
14.8066,frame,378,20.141377,99.96,99.97,836.68,512,288,BGR888p,,,,,
14.8068,detections,378,20.141377,99.96,99.97,836.91,,,,0,,,,
14.9107,frame,381,20.24134,104.14,99.96,840.84,512,288,BGR888p,,,,,
14.9111,detections,381,20.24134,104.29,99.96,841.27,,,,0,,,,
15.0159,frame,385,20.374628,105.2,133.29,812.76,512,288,BGR888p,,,,,
15.0162,detections,385,20.374628,105.06,133.29,813.0,,,,0,,,,
15.1205,frame,388,20.474594,104.64,99.97,817.43,512,288,BGR888p,,,,,
15.1208,detections,388,20.474594,104.62,99.97,817.65,,,,0,,,,
15.2224,frame,391,20.57456,101.86,99.97,819.33,512,288,BGR888p,,,,,
15.2227,detections,391,20.57456,101.87,99.97,819.56,,,,0,,,,
15.3258,frame,394,20.674526,103.41,99.97,822.77,512,288,BGR888p,,,,,
15.3261,detections,394,20.674526,103.4,99.97,822.99,,,,0,,,,
15.3263,system,0,,1031.32,,,,,,,,46.96,22.6,13.1
15.4288,frame,397,20.774494,102.95,99.97,825.75,512,288,BGR888p,,,,,
15.429,detections,397,20.774494,102.95,99.97,825.98,,,,0,,,,
15.5324,frame,400,20.874461,103.63,99.97,829.41,512,288,BGR888p,,,,,
15.5348,detections,400,20.874461,105.77,99.97,831.84,,,,0,,,,
15.6362,frame,403,20.974425,103.81,99.96,833.26,512,288,BGR888p,,,,,
15.6368,detections,403,20.974425,102.0,99.96,833.85,,,,0,,,,
15.7394,frame,406,21.074392,103.24,99.97,836.53,512,288,BGR888p,,,,,
15.7397,detections,406,21.074392,102.9,99.97,836.75,,,,0,,,,
15.8408,frame,409,21.174355,101.32,99.96,837.9,512,288,BGR888p,,,,,
15.841,detections,409,21.174355,101.35,99.96,838.14,,,,0,,,,
15.9429,frame,412,21.274322,102.13,99.97,840.0,512,288,BGR888p,,,,,
15.9431,detections,412,21.274322,102.08,99.97,840.25,,,,0,,,,
16.0491,frame,415,21.374285,106.22,99.96,846.34,512,288,BGR888p,,,,,
16.0494,detections,415,21.374285,106.3,99.96,846.59,,,,0,,,,
16.1514,frame,419,21.507572,102.3,133.29,815.32,512,288,BGR888p,,,,,
16.1517,detections,419,21.507572,102.25,133.29,815.54,,,,0,,,,
16.2551,frame,422,21.607538,103.67,99.97,819.04,512,288,BGR888p,,,,,
16.2554,detections,422,21.607538,103.69,99.97,819.27,,,,0,,,,
16.3556,frame,425,21.707504,100.53,99.97,819.59,512,288,BGR888p,,,,,
16.3559,detections,425,21.707504,100.52,99.97,819.83,,,,0,,,,
16.3561,system,0,,1029.8,,,,,,,,46.67,21.6,12.3
16.4576,frame,428,21.80747,101.98,99.97,821.62,512,288,BGR888p,,,,,
16.4579,detections,428,21.80747,101.98,99.97,821.85,,,,0,,,,
16.5612,frame,431,21.907441,103.66,99.97,825.29,512,288,BGR888p,,,,,
16.5615,detections,431,21.907441,103.64,99.97,825.51,,,,0,,,,
16.6642,frame,434,22.007402,103.0,99.96,828.32,512,288,BGR888p,,,,,
16.6645,detections,434,22.007402,103.0,99.96,828.55,,,,0,,,,
16.7662,frame,437,22.107369,101.95,99.97,830.28,512,288,BGR888p,,,,,
16.7664,detections,437,22.107369,101.88,99.97,830.44,,,,0,,,,
16.8715,frame,440,22.207333,105.31,99.96,835.66,512,288,BGR888p,,,,,
16.8718,detections,440,22.207333,105.38,99.96,835.89,,,,0,,,,
16.9726,frame,443,22.307299,101.12,99.97,836.81,512,288,BGR888p,,,,,
16.9733,detections,443,22.307299,101.57,99.97,837.52,,,,0,,,,
17.0758,frame,446,22.407264,103.23,99.97,840.08,512,288,BGR888p,,,,,
17.0761,detections,446,22.407264,102.77,99.97,840.34,,,,0,,,,
17.177,frame,449,22.507229,101.16,99.96,841.28,512,288,BGR888p,,,,,
17.1773,detections,449,22.507229,101.2,99.96,841.54,,,,0,,,,
17.2822,frame,452,22.607194,105.23,99.97,846.57,512,288,BGR888p,,,,,
17.2826,detections,452,22.607194,105.24,99.97,846.82,,,,0,,,,
17.2827,system,0,,926.68,,,,,,,,46.51,22.6,12.9
17.3861,frame,456,22.740482,103.88,133.29,817.16,512,288,BGR888p,,,,,
17.3867,detections,456,22.740482,104.11,133.29,817.67,,,,0,,,,
17.4909,frame,459,22.840448,104.74,99.97,821.91,512,288,BGR888p,,,,,
17.4911,detections,459,22.840448,104.48,99.97,822.2,,,,0,,,,
17.5906,frame,462,22.940414,99.69,99.97,821.57,512,288,BGR888p,,,,,
17.5907,detections,462,22.940414,99.55,99.97,821.68,,,,0,,,,
17.6954,frame,465,23.040386,104.85,99.97,826.5,512,288,BGR888p,,,,,
17.6957,detections,465,23.040386,104.97,99.97,826.73,,,,0,,,,
17.7976,frame,468,23.140346,102.19,99.96,828.73,512,288,BGR888p,,,,,
17.7979,detections,468,23.140346,102.19,99.96,828.96,,,,0,,,,
17.9,frame,471,23.240313,102.38,99.97,821.33,512,288,BGR888p,,,,,
17.9003,detections,471,23.240313,102.41,99.97,821.59,,,,0,,,,
18.0044,frame,474,23.34028,104.44,99.97,825.81,512,288,BGR888p,,,,,
18.0048,detections,474,23.34028,104.58,99.97,826.21,,,,0,,,,
18.1084,frame,477,23.440244,103.99,99.96,829.83,512,288,BGR888p,,,,,
18.1087,detections,477,23.440244,103.82,99.96,830.05,,,,0,,,,
18.2098,frame,480,23.540218,101.38,99.97,831.23,512,288,BGR888p,,,,,
18.2101,detections,480,23.540218,101.38,99.97,831.46,,,,0,,,,
18.3101,frame,483,23.640173,100.27,99.96,831.61,512,288,BGR888p,,,,,
18.3104,detections,483,23.640173,100.39,99.96,831.94,,,,0,,,,
18.3107,system,0,,1027.95,,,,,,,,46.62,22.2,12.9
18.4154,frame,486,23.740139,105.36,99.97,836.95,512,288,BGR888p,,,,,
18.4157,detections,486,23.740139,105.25,99.97,837.18,,,,0,,,,
18.5209,frame,490,23.873427,105.5,133.29,809.18,512,288,BGR888p,,,,,
18.5212,detections,490,23.873427,105.56,133.29,809.46,,,,0,,,,
18.6248,frame,493,23.973392,103.91,99.97,813.11,512,288,BGR888p,,,,,
18.6251,detections,493,23.973392,103.85,99.97,813.36,,,,0,,,,
18.7242,frame,496,24.073358,99.39,99.97,812.53,512,288,BGR888p,,,,,
18.7245,detections,496,24.073358,99.39,99.97,812.75,,,,0,,,,
18.8269,frame,499,24.173324,102.64,99.97,815.22,512,288,BGR888p,,,,,
18.8272,detections,499,24.173324,102.69,99.97,815.51,,,,0,,,,
18.9298,frame,502,24.27329,102.93,99.97,818.18,512,288,BGR888p,,,,,
18.9301,detections,502,24.27329,102.88,99.97,818.4,,,,0,,,,
19.0322,frame,505,24.373256,102.36,99.97,820.58,512,288,BGR888p,,,,,
19.0326,detections,505,24.373256,102.5,99.97,820.95,,,,0,,,,
19.1352,frame,508,24.473224,103.07,99.97,823.68,512,288,BGR888p,,,,,
19.1355,detections,508,24.473224,102.93,99.97,823.9,,,,0,,,,
19.2384,frame,511,24.573187,103.22,99.96,826.93,512,288,BGR888p,,,,,
19.2387,detections,511,24.573187,103.22,99.96,827.15,,,,0,,,,
19.3414,frame,514,24.673156,102.98,99.97,829.95,512,288,BGR888p,,,,,
19.3417,detections,514,24.673156,102.98,99.97,830.17,,,,0,,,,
19.3419,system,0,,1031.17,,,,,,,,46.96,21.7,12.8
19.4442,frame,517,24.77312,102.81,99.96,832.8,512,288,BGR888p,,,,,
19.4446,detections,517,24.77312,102.88,99.96,833.09,,,,0,,,,
19.5439,frame,520,24.873083,99.67,99.96,832.49,512,288,BGR888p,,,,,
19.5442,detections,520,24.873083,99.62,99.96,832.75,,,,0,,,,
19.6467,frame,523,24.973048,102.8,99.96,835.29,512,288,BGR888p,,,,,
19.6469,detections,523,24.973048,102.7,99.96,835.44,,,,0,,,,
19.75,frame,527,25.106336,103.31,133.29,805.4,512,288,BGR888p,,,,,
19.7504,detections,527,25.106336,103.46,133.29,805.66,,,,0,,,,
19.8547,frame,530,25.206303,104.72,99.97,810.12,512,288,BGR888p,,,,,
19.855,detections,530,25.206303,104.68,99.97,810.37,,,,0,,,,
19.9596,frame,533,25.306271,104.81,99.97,814.96,512,288,BGR888p,,,,,
19.9598,detections,533,25.306271,104.82,99.97,815.21,,,,0,,,,
20.061,frame,536,25.406234,101.49,99.96,816.44,512,288,BGR888p,,,,,
20.0613,detections,536,25.406234,101.47,99.96,816.68,,,,0,,,,
20.164,frame,539,25.5062,102.98,99.97,819.52,512,288,BGR888p,,,,,
20.1643,detections,539,25.5062,103.01,99.97,819.75,,,,0,,,,
20.2666,frame,542,25.606166,102.53,99.97,822.06,512,288,BGR888p,,,,,
20.2668,detections,542,25.606166,102.5,99.97,822.28,,,,0,,,,
20.3696,frame,545,25.706132,102.99,99.97,825.09,512,288,BGR888p,,,,,
20.3698,detections,545,25.706132,103.0,99.97,825.32,,,,0,,,,
20.37,system,0,,1028.12,,,,,,,,46.73,21.3,12.2
20.4743,frame,548,25.806098,104.77,99.97,829.87,512,288,BGR888p,,,,,
20.4745,detections,548,25.806098,104.7,99.97,830.03,,,,0,,,,
20.5761,frame,551,25.906062,101.8,99.96,831.75,512,288,BGR888p,,,,,
20.5768,detections,551,25.906062,102.24,99.96,832.36,,,,0,,,,
20.6789,frame,554,26.006028,102.75,99.97,834.5,512,288,BGR888p,,,,,
20.6791,detections,554,26.006028,102.37,99.97,834.76,,,,0,,,,
20.7788,frame,557,26.105993,99.92,99.97,834.46,512,288,BGR888p,,,,,
20.779,detections,557,26.105993,99.92,99.97,834.69,,,,0,,,,
20.8821,frame,560,26.205962,103.34,99.97,837.85,512,288,BGR888p,,,,,
20.8824,detections,560,26.205962,103.36,99.97,838.08,,,,0,,,,
20.9875,frame,564,26.339246,105.33,133.28,809.87,512,288,BGR888p,,,,,
20.9877,detections,564,26.339246,105.3,133.28,810.09,,,,0,,,,
21.0914,frame,567,26.439212,103.92,99.97,813.84,512,288,BGR888p,,,,,
21.0918,detections,567,26.439212,104.1,99.97,814.26,,,,0,,,,
21.1935,frame,570,26.539178,102.1,99.97,815.98,512,288,BGR888p,,,,,
21.1938,detections,570,26.539178,101.95,99.97,816.22,,,,0,,,,
21.2942,frame,573,26.639144,100.73,99.97,816.73,512,288,BGR888p,,,,,
21.2945,detections,573,26.639144,100.71,99.97,816.95,,,,0,,,,
21.2946,system,0,,924.64,,,,,,,,47.01,21.8,12.8
21.3985,frame,576,26.739111,104.32,99.97,821.09,512,288,BGR888p,,,,,
21.3988,detections,576,26.739111,104.32,99.97,821.31,,,,0,,,,
21.5009,frame,579,26.839076,102.36,99.96,823.48,512,288,BGR888p,,,,,
21.5012,detections,579,26.839076,102.39,99.96,823.74,,,,0,,,,
21.6039,frame,582,26.939041,103.03,99.97,826.55,512,288,BGR888p,,,,,
21.6042,detections,582,26.939041,103.03,99.97,826.8,,,,0,,,,
21.7086,frame,585,27.039007,104.66,99.97,831.21,512,288,BGR888p,,,,,
21.7088,detections,585,27.039007,104.56,99.97,831.37,,,,0,,,,
21.8115,frame,588,27.138973,102.91,99.97,834.18,512,288,BGR888p,,,,,
21.8117,detections,588,27.138973,102.98,99.97,834.4,,,,0,,,,
21.9131,frame,591,27.238939,101.63,99.97,835.87,512,288,BGR888p,,,,,
21.9134,detections,591,27.238939,101.66,99.97,836.09,,,,0,,,,
22.0147,frame,594,27.338902,101.54,99.96,837.42,512,288,BGR888p,,,,,
22.0149,detections,594,27.338902,101.51,99.96,837.64,,,,0,,,,
22.119,frame,597,27.438868,104.34,99.97,841.76,512,288,BGR888p,,,,,
22.1193,detections,597,27.438868,104.42,99.97,842.09,,,,0,,,,
22.2261,frame,601,27.572156,107.14,133.29,815.67,512,288,BGR888p,,,,,
22.2264,detections,601,27.572156,107.09,133.29,815.9,,,,0,,,,
22.3276,frame,604,27.672121,101.44,99.97,817.12,512,288,BGR888p,,,,,
22.3278,detections,604,27.672121,101.41,99.97,817.35,,,,0,,,,
22.328,system,0,,1033.37,,,,,,,,46.96,21.8,12.7
22.4302,frame,607,27.772089,102.66,99.97,819.82,512,288,BGR888p,,,,,
22.4305,detections,607,27.772089,102.66,99.97,820.04,,,,0,,,,
22.5337,frame,610,27.872054,103.43,99.96,823.28,512,288,BGR888p,,,,,
22.5339,detections,610,27.872054,103.42,99.96,823.5,,,,0,,,,
22.6352,frame,613,27.972019,101.56,99.97,824.87,512,288,BGR888p,,,,,
22.6355,detections,613,27.972019,101.57,99.97,825.1,,,,0,,,,
22.7414,frame,616,28.071986,106.21,99.97,831.11,512,288,BGR888p,,,,,
22.7417,detections,616,28.071986,106.2,99.97,831.34,,,,0,,,,
22.8427,frame,619,28.171952,101.22,99.97,832.37,512,288,BGR888p,,,,,
22.8429,detections,619,28.171952,101.23,99.97,832.6,,,,0,,,,
22.9454,frame,622,28.271921,102.79,99.97,835.19,512,288,BGR888p,,,,,
22.9457,detections,622,28.271921,102.79,99.97,835.42,,,,0,,,,
23.0477,frame,625,28.371883,102.23,99.96,837.46,512,288,BGR888p,,,,,
23.0479,detections,625,28.371883,102.22,99.96,837.68,,,,0,,,,
23.1487,frame,628,28.471848,101.03,99.97,838.53,512,288,BGR888p,,,,,
23.1491,detections,628,28.471848,101.19,99.97,838.98,,,,0,,,,
23.2521,frame,631,28.571812,103.38,99.96,842.0,512,288,BGR888p,,,,,
23.2524,detections,631,28.571812,103.3,99.96,842.26,,,,0,,,,
23.3584,frame,635,28.7051,106.31,133.29,814.97,512,288,BGR888p,,,,,
23.3591,detections,635,28.7051,106.63,133.29,815.64,,,,0,,,,
23.3593,system,0,,1031.29,,,,,,,,47.01,22.0,12.7
23.4616,frame,638,28.805066,103.22,99.97,818.22,512,288,BGR888p,,,,,
23.4619,detections,638,28.805066,102.83,99.97,818.44,,,,0,,,,
23.5644,frame,641,28.905032,102.83,99.97,821.12,512,288,BGR888p,,,,,
23.5648,detections,641,28.905032,102.94,99.97,821.46,,,,0,,,,
23.6668,frame,644,29.004998,102.32,99.97,823.45,512,288,BGR888p,,,,,
23.667,detections,644,29.004998,102.22,99.97,823.67,,,,0,,,,
23.7689,frame,647,29.104964,102.15,99.97,825.63,512,288,BGR888p,,,,,
23.7692,detections,647,29.104964,102.17,99.97,825.88,,,,0,,,,
23.8721,frame,650,29.204932,103.18,99.97,828.87,512,288,BGR888p,,,,,
23.8724,detections,650,29.204932,103.19,99.97,829.09,,,,0,,,,
23.9765,frame,653,29.304897,104.36,99.97,833.25,512,288,BGR888p,,,,,
23.9771,detections,653,29.304897,104.72,99.97,833.91,,,,0,,,,
24.0806,frame,656,29.404861,104.13,99.96,837.42,512,288,BGR888p,,,,,
24.0809,detections,656,29.404861,103.75,99.96,837.64,,,,0,,,,
24.1825,frame,659,29.504827,101.85,99.97,839.3,512,288,BGR888p,,,,,
24.1829,detections,659,29.504827,102.02,99.97,839.71,,,,0,,,,
24.2818,frame,662,29.604791,99.3,99.96,838.64,512,288,BGR888p,,,,,
24.282,detections,662,29.604791,99.14,99.96,838.87,,,,0,,,,
24.3843,frame,665,29.704756,102.5,99.97,841.13,512,288,BGR888p,,,,,
24.3844,detections,665,29.704756,102.39,99.97,841.26,,,,0,,,,
24.3845,system,0,,1025.22,,,,,,,,47.07,21.5,12.7
24.4886,frame,669,29.838044,104.32,133.29,812.2,512,288,BGR888p,,,,,
24.4888,detections,669,29.838044,104.42,133.29,812.43,,,,0,,,,
24.5919,frame,672,29.93801,103.3,99.97,815.53,512,288,BGR888p,,,,,
24.5921,detections,672,29.93801,103.29,99.97,815.78,,,,0,,,,
24.6962,frame,675,30.037976,104.34,99.97,819.91,512,288,BGR888p,,,,,
24.6965,detections,675,30.037976,104.36,99.97,820.16,,,,0,,,,
24.7978,frame,678,30.137952,101.63,99.98,821.56,512,288,BGR888p,,,,,
24.7981,detections,678,30.137952,101.63,99.98,821.85,,,,0,,,,
24.9007,frame,681,30.23791,102.9,99.96,824.43,512,288,BGR888p,,,,,
24.9008,detections,681,30.23791,102.72,99.96,824.52,,,,0,,,,
25.0044,frame,684,30.337874,103.63,99.96,828.16,512,288,BGR888p,,,,,
25.0046,detections,684,30.337874,103.78,99.96,828.38,,,,0,,,,
25.11,frame,687,30.437842,105.67,99.97,833.86,512,288,BGR888p,,,,,
25.1103,detections,687,30.437842,105.7,99.97,834.12,,,,0,,,,
25.2128,frame,690,30.537805,102.73,99.96,836.63,512,288,BGR888p,,,,,
25.2132,detections,690,30.537805,102.87,99.96,837.03,,,,0,,,,
25.3155,frame,693,30.637771,102.72,99.97,839.39,512,288,BGR888p,,,,,
25.3158,detections,693,30.637771,102.56,99.97,839.61,,,,0,,,,
25.3159,system,0,,931.41,,,,,,,,47.24,22.4,12.8
25.4162,frame,696,30.737737,100.76,99.97,830.9,512,288,BGR888p,,,,,
25.4165,detections,696,30.737737,100.76,99.97,831.12,,,,0,,,,
25.5182,frame,699,30.837701,102.0,99.96,832.98,512,288,BGR888p,,,,,
25.5186,detections,699,30.837701,102.12,99.96,833.35,,,,0,,,,
25.6209,frame,702,30.937666,102.69,99.97,835.65,512,288,BGR888p,,,,,
25.6212,detections,702,30.937666,102.59,99.97,835.91,,,,0,,,,
25.7245,frame,706,31.070954,103.53,133.29,805.89,512,288,BGR888p,,,,,
25.7247,detections,706,31.070954,103.5,133.29,806.12,,,,0,,,,
25.8282,frame,709,31.17092,103.73,99.97,809.66,512,288,BGR888p,,,,,
25.8285,detections,709,31.17092,103.73,99.97,809.89,,,,0,,,,
25.9307,frame,712,31.270888,102.49,99.97,812.18,512,288,BGR888p,,,,,
25.9309,detections,712,31.270888,102.48,99.97,812.4,,,,0,,,,
26.0321,frame,715,31.370866,101.43,99.98,813.67,512,288,BGR888p,,,,,
26.0324,detections,715,31.370866,101.48,99.98,813.92,,,,0,,,,
26.1359,frame,718,31.470818,103.74,99.95,817.44,512,288,BGR888p,,,,,
26.1361,detections,718,31.470818,103.72,99.95,817.72,,,,0,,,,
26.2393,frame,721,31.570785,103.49,99.97,820.95,512,288,BGR888p,,,,,
26.2398,detections,721,31.570785,103.65,99.97,821.37,,,,0,,,,
26.3437,frame,724,31.670753,104.31,99.97,825.29,512,288,BGR888p,,,,,
26.3439,detections,724,31.670753,104.12,99.97,825.52,,,,0,,,,
26.3441,system,0,,1028.17,,,,,,,,47.13,21.8,12.8
26.4446,frame,727,31.770715,100.9,99.96,826.24,512,288,BGR888p,,,,,
26.4451,detections,727,31.770715,101.2,99.96,826.81,,,,0,,,,
26.5474,frame,730,31.870681,102.8,99.97,829.06,512,288,BGR888p,,,,,
26.5476,detections,730,31.870681,102.5,99.97,829.29,,,,0,,,,
26.6505,frame,733,31.970647,103.15,99.97,832.25,512,288,BGR888p,,,,,
26.6508,detections,733,31.970647,103.15,99.97,832.47,,,,0,,,,
26.7502,frame,736,32.07061,99.74,99.96,832.02,512,288,BGR888p,,,,,
26.7505,detections,736,32.07061,99.74,99.96,832.25,,,,1,2:0.42,,,
26.8548,frame,739,32.170576,104.52,99.97,836.51,512,288,BGR888p,,,,,
26.8549,detections,739,32.170576,104.36,99.97,836.6,,,,1,2:0.40,,,
26.9599,frame,743,32.303864,105.1,133.29,808.38,512,288,BGR888p,,,,,
26.9601,detections,743,32.303864,105.24,133.29,808.63,,,,1,2:0.54,,,
27.063,frame,746,32.40383,103.18,99.97,811.62,512,288,BGR888p,,,,,
27.0633,detections,746,32.40383,103.2,99.97,811.84,,,,1,2:0.63,,,
27.1643,frame,749,32.503796,101.3,99.97,812.93,512,288,BGR888p,,,,,
27.1646,detections,749,32.503796,101.27,99.97,813.14,,,,1,2:0.62,,,
27.2665,frame,752,32.603762,102.16,99.97,815.14,512,288,BGR888p,,,,,
27.267,detections,752,32.603762,102.36,99.97,815.57,,,,1,2:0.59,,,
27.3703,frame,755,32.703727,103.77,99.96,818.94,512,288,BGR888p,,,,,
27.3705,detections,755,32.703727,103.6,99.96,819.17,,,,1,2:0.39,,,
27.3708,system,0,,1026.67,,,,,,,,47.41,20.9,12.5
27.474,frame,758,32.803693,103.75,99.97,822.71,512,288,BGR888p,,,,,
27.4743,detections,758,32.803693,103.76,99.97,822.96,,,,0,,,,
27.5785,frame,761,32.903659,104.52,99.97,827.26,512,288,BGR888p,,,,,
27.5788,detections,761,32.903659,104.49,99.97,827.48,,,,0,,,,
27.6802,frame,764,33.003633,101.64,99.97,828.93,512,288,BGR888p,,,,,
27.6813,detections,764,33.003633,102.46,99.97,830.03,,,,0,,,,
27.7825,frame,767,33.103591,102.36,99.96,831.36,512,288,BGR888p,,,,,
27.783,detections,767,33.103591,101.74,99.96,831.79,,,,0,,,,
27.8844,frame,770,33.203558,101.82,99.97,833.18,512,288,BGR888p,,,,,
27.8846,detections,770,33.203558,101.63,99.97,833.41,,,,0,,,,
27.9845,frame,773,33.30352,100.17,99.96,833.4,512,288,BGR888p,,,,,
27.9848,detections,773,33.30352,100.17,99.96,833.62,,,,0,,,,
28.0892,frame,776,33.403486,104.66,99.97,838.09,512,288,BGR888p,,,,,
28.0895,detections,776,33.403486,104.66,99.97,838.32,,,,0,,,,
28.1928,frame,780,33.536774,103.56,133.29,808.36,512,288,BGR888p,,,,,
28.193,detections,780,33.536774,103.56,133.29,808.59,,,,0,,,,
28.2966,frame,783,33.636742,103.82,99.97,812.22,512,288,BGR888p,,,,,
28.297,detections,783,33.636742,103.98,99.97,812.62,,,,0,,,,
28.3987,frame,786,33.736706,102.15,99.96,814.41,512,288,BGR888p,,,,,
28.399,detections,786,33.736706,102.01,99.96,814.66,,,,0,,,,
28.3992,system,0,,1028.46,,,,,,,,47.41,21.4,12.4
28.4992,frame,789,33.836671,100.52,99.97,814.98,512,288,BGR888p,,,,,
28.4995,detections,789,33.836671,100.53,99.97,815.22,,,,0,,,,
28.6019,frame,792,33.936637,102.68,99.97,817.67,512,288,BGR888p,,,,,
28.6022,detections,792,33.936637,102.67,99.97,817.92,,,,0,,,,
28.705,frame,795,34.036605,103.09,99.97,820.8,512,288,BGR888p,,,,,
28.7053,detections,795,34.036605,103.12,99.97,821.08,,,,0,,,,
28.8094,frame,798,34.136569,104.43,99.96,825.26,512,288,BGR888p,,,,,
28.8097,detections,798,34.136569,104.4,99.96,825.5,,,,0,,,,
28.9145,frame,801,34.236535,105.09,99.97,830.38,512,288,BGR888p,,,,,
28.9148,detections,801,34.236535,105.07,99.97,830.6,,,,0,,,,
29.0173,frame,804,34.3365,102.82,99.96,833.23,512,288,BGR888p,,,,,
29.0176,detections,804,34.3365,102.82,99.96,833.45,,,,0,,,,
29.1183,frame,807,34.436471,100.98,99.97,834.24,512,288,BGR888p,,,,,
29.1186,detections,807,34.436471,100.99,99.97,834.47,,,,0,,,,
29.2184,frame,810,34.53643,100.08,99.96,834.31,512,288,BGR888p,,,,,
29.2185,detections,810,34.53643,99.94,99.96,834.4,,,,0,,,,
29.3216,frame,813,34.636396,103.15,99.97,837.54,512,288,BGR888p,,,,,
29.322,detections,813,34.636396,103.51,99.97,838.0,,,,0,,,,
29.3222,system,0,,923.04,,,,,,,,47.46,21.6,12.8
29.427,frame,816,34.736361,105.47,99.97,843.05,512,288,BGR888p,,,,,
29.4273,detections,816,34.736361,105.29,99.97,843.31,,,,1,2:0.53,,,
29.5299,frame,820,34.869649,102.9,133.29,812.66,512,288,BGR888p,,,,,
29.5302,detections,820,34.869649,102.89,133.29,812.92,,,,1,2:0.43,,,
29.6332,frame,823,34.969616,103.27,99.97,815.97,512,288,BGR888p,,,,,
29.6335,detections,823,34.969616,103.24,99.97,816.18,,,,0,,,,
29.734,frame,826,35.069581,100.79,99.96,816.79,512,288,BGR888p,,,,,
29.7343,detections,826,35.069581,100.83,99.96,817.05,,,,0,,,,
29.8357,frame,829,35.169548,101.74,99.97,818.56,512,288,BGR888p,,,,,
29.836,detections,829,35.169548,101.71,99.97,818.79,,,,0,,,,
29.9384,frame,832,35.269516,102.64,99.97,821.24,512,288,BGR888p,,,,,
29.9386,detections,832,35.269516,102.66,99.97,821.48,,,,1,2:0.44,,,
30.0406,frame,835,35.36948,102.21,99.96,823.47,512,288,BGR888p,,,,,
30.0408,detections,835,35.36948,102.18,99.96,823.69,,,,0,,,,
30.144,frame,838,35.469444,103.48,99.96,827.01,512,288,BGR888p,,,,,
30.1461,detections,838,35.469444,105.27,99.96,829.04,,,,1,2:0.45,,,
30.2478,frame,841,35.56941,103.78,99.97,830.8,512,288,BGR888p,,,,,
30.2481,detections,841,35.56941,101.99,99.97,831.04,,,,1,2:0.42,,,
30.3516,frame,844,35.669376,103.75,99.97,834.59,512,288,BGR888p,,,,,
30.352,detections,844,35.669376,103.91,99.97,834.98,,,,1,2:0.41,,,
30.3522,system,0,,1029.99,,,,,,,,47.46,22.1,13.0
30.4525,frame,847,35.76934,100.91,99.96,835.54,512,288,BGR888p,,,,,
30.4528,detections,847,35.76934,100.76,99.96,835.76,,,,0,,,,
30.5554,frame,850,35.869306,102.86,99.97,838.43,512,288,BGR888p,,,,,
30.5556,detections,850,35.869306,102.86,99.97,838.66,,,,1,2:0.46,,,
30.6581,frame,853,35.969271,102.75,99.96,841.24,512,288,BGR888p,,,,,
30.6584,detections,853,35.969271,102.75,99.96,841.43,,,,1,2:0.41,,,
30.7624,frame,857,36.102559,104.28,133.29,812.21,512,288,BGR888p,,,,,
30.7635,detections,857,36.102559,105.1,133.29,813.28,,,,1,2:0.64,,,
30.8678,frame,860,36.202525,105.4,99.97,817.65,512,288,BGR888p,,,,,
30.868,detections,860,36.202525,104.58,99.97,817.87,,,,1,2:0.55,,,
30.9677,frame,863,36.302491,99.96,99.97,817.64,512,288,BGR888p,,,,,
30.968,detections,863,36.302491,99.96,99.97,817.85,,,,1,2:0.57,,,
31.0708,frame,866,36.402466,103.05,99.97,820.66,512,288,BGR888p,,,,,
31.0709,detections,866,36.402466,102.93,99.97,820.77,,,,1,2:0.61,,,
31.1745,frame,869,36.502425,103.73,99.96,824.49,512,288,BGR888p,,,,,
31.1748,detections,869,36.502425,103.86,99.96,824.71,,,,1,2:0.60,,,
31.2775,frame,872,36.602389,102.98,99.96,827.5,512,288,BGR888p,,,,,
31.2778,detections,872,36.602389,102.98,99.96,827.72,,,,1,2:0.60,,,
31.3831,frame,875,36.702355,105.6,99.97,833.18,512,288,BGR888p,,,,,
31.3836,detections,875,36.702355,105.82,99.97,833.6,,,,1,2:0.53,,,
31.3838,system,0,,1031.58,,,,,,,,47.69,21.4,13.0
31.4848,frame,878,36.80232,101.74,99.97,834.92,512,288,BGR888p,,,,,
31.4851,detections,878,36.80232,101.54,99.97,835.19,,,,1,2:0.58,,,
31.5865,frame,881,36.902285,101.68,99.96,836.68,512,288,BGR888p,,,,,
31.5869,detections,881,36.902285,101.74,99.96,836.94,,,,1,2:0.57,,,
31.6857,frame,884,37.00225,99.22,99.96,835.81,512,288,BGR888p,,,,,
31.6863,detections,884,37.00225,99.45,99.96,836.37,,,,1,2:0.60,,,
31.7894,frame,887,37.102215,103.61,99.97,839.48,512,288,BGR888p,,,,,
31.7895,detections,887,37.102215,103.19,99.97,839.61,,,,1,2:0.60,,,
31.8933,frame,890,37.202181,103.98,99.97,843.54,512,288,BGR888p,,,,,
31.8936,detections,890,37.202181,104.09,99.97,843.76,,,,1,2:0.59,,,
31.9965,frame,894,37.335469,103.2,133.29,813.46,512,288,BGR888p,,,,,
31.9968,detections,894,37.335469,103.2,133.29,813.67,,,,1,2:0.59,,,
32.1001,frame,897,37.435435,103.54,99.97,817.04,512,288,BGR888p,,,,,
32.1004,detections,897,37.435435,103.56,99.97,817.26,,,,1,2:0.56,,,
32.2016,frame,900,37.535402,101.5,99.97,818.56,512,288,BGR888p,,,,,
32.2018,detections,900,37.535402,101.48,99.97,818.77,,,,1,2:0.59,,,
32.3038,frame,903,37.635367,102.18,99.97,820.77,512,288,BGR888p,,,,,
32.304,detections,903,37.635367,102.18,99.97,820.99,,,,1,2:0.58,,,
32.4067,frame,906,37.735337,102.94,99.97,823.78,512,288,BGR888p,,,,,
32.4072,detections,906,37.735337,103.21,99.97,824.25,,,,1,2:0.38,,,
32.4074,system,0,,1023.63,,,,,,,,47.63,22.2,12.5
32.5099,frame,909,37.835298,103.21,99.96,826.96,512,288,BGR888p,,,,,
32.5101,detections,909,37.835298,102.87,99.96,827.11,,,,0,,,,
32.6126,frame,912,37.935264,102.66,99.97,829.69,512,288,BGR888p,,,,,
32.6146,detections,912,37.935264,104.55,99.97,831.78,,,,0,,,,
32.7157,frame,915,38.035229,103.15,99.97,832.87,512,288,BGR888p,,,,,
32.716,detections,915,38.035229,101.34,99.97,833.09,,,,0,,,,
32.8196,frame,918,38.135195,103.85,99.97,836.76,512,288,BGR888p,,,,,
32.8198,detections,918,38.135195,103.87,99.97,837.0,,,,0,,,,
32.9211,frame,921,38.235162,101.51,99.97,830.56,512,288,BGR888p,,,,,
32.9215,detections,921,38.235162,101.61,99.97,830.88,,,,0,,,,
33.0205,frame,924,38.335125,99.42,99.96,829.99,512,288,BGR888p,,,,,
33.021,detections,924,38.335125,99.55,99.96,830.49,,,,0,,,,
33.1255,frame,927,38.435093,104.99,99.97,835.01,512,288,BGR888p,,,,,
33.1257,detections,927,38.435093,104.74,99.97,835.23,,,,0,,,,
33.2298,frame,931,38.568378,104.3,133.29,806.02,512,288,BGR888p,,,,,
33.23,detections,931,38.568378,104.3,133.29,806.24,,,,0,,,,
33.3354,frame,934,38.668344,105.67,99.97,811.73,512,288,BGR888p,,,,,
33.3357,detections,934,38.668344,105.67,99.97,811.95,,,,0,,,,
33.3359,system,0,,928.43,,,,,,,,47.63,21.5,12.9
33.4364,frame,937,38.768312,100.91,99.97,812.67,512,288,BGR888p,,,,,
33.4368,detections,937,38.768312,101.04,99.97,813.04,,,,1,2:0.38,,,
33.5403,frame,940,38.868276,103.91,99.96,816.61,512,288,BGR888p,,,,,
33.5405,detections,940,38.868276,103.77,99.96,816.82,,,,1,2:0.36,,,
33.6434,frame,943,38.968242,103.09,99.97,819.74,512,288,BGR888p,,,,,
33.6436,detections,943,38.968242,103.09,99.97,819.95,,,,0,,,,
33.7457,frame,946,39.068209,102.33,99.97,822.1,512,288,BGR888p,,,,,
33.746,detections,946,39.068209,102.35,99.97,822.35,,,,1,2:0.57,,,
33.8493,frame,949,39.168176,103.62,99.97,825.76,512,288,BGR888p,,,,,
33.8496,detections,949,39.168176,103.61,99.97,825.99,,,,1,2:0.58,,,
33.9532,frame,952,39.268144,103.9,99.97,829.69,512,288,BGR888p,,,,,
33.9535,detections,952,39.268144,103.9,99.97,829.93,,,,1,2:0.62,,,
34.0554,frame,955,39.368105,102.21,99.96,831.93,512,288,BGR888p,,,,,
34.0557,detections,955,39.368105,102.19,99.96,832.14,,,,1,2:0.64,,,
34.1546,frame,958,39.468072,99.22,99.97,831.19,512,288,BGR888p,,,,,
34.1551,detections,958,39.468072,99.48,99.97,831.72,,,,1,2:0.61,,,
34.2577,frame,961,39.568035,103.11,99.96,834.33,512,288,BGR888p,,,,,
34.258,detections,961,39.568035,102.85,99.96,834.54,,,,1,2:0.59,,,
34.3622,frame,965,39.701323,104.44,133.29,805.49,512,288,BGR888p,,,,,
34.3624,detections,965,39.701323,104.45,133.29,805.7,,,,1,2:0.60,,,
34.3626,system,0,,1026.75,,,,,,,,47.97,21.7,13.0
34.4653,frame,968,39.801288,103.11,99.96,808.63,512,288,BGR888p,,,,,
34.4657,detections,968,39.801288,103.24,99.96,808.99,,,,1,2:0.46,,,
34.5698,frame,971,39.901255,104.45,99.97,813.12,512,288,BGR888p,,,,,
34.57,detections,971,39.901255,104.33,99.97,813.33,,,,1,2:0.36,,,
34.6709,frame,974,40.00122,101.11,99.97,814.26,512,288,BGR888p,,,,,
34.6711,detections,974,40.00122,101.1,99.97,814.5,,,,1,2:0.37,,,
34.775,frame,977,40.101186,104.17,99.97,818.49,512,288,BGR888p,,,,,
34.7753,detections,977,40.101186,104.22,99.97,818.73,,,,1,2:0.37,,,
34.8789,frame,980,40.201156,103.84,99.97,822.33,512,288,BGR888p,,,,,
34.8791,detections,980,40.201156,103.79,99.97,822.57,,,,0,,,,
34.9828,frame,983,40.301118,103.96,99.96,826.33,512,288,BGR888p,,,,,
34.9831,detections,983,40.301118,103.97,99.96,826.59,,,,1,2:0.36,,,
35.0863,frame,986,40.401083,103.47,99.96,829.85,512,288,BGR888p,,,,,
35.0866,detections,986,40.401083,103.48,99.96,830.08,,,,0,,,,
35.1866,frame,989,40.501049,100.29,99.97,830.16,512,288,BGR888p,,,,,
35.1873,detections,989,40.501049,100.74,99.97,830.88,,,,1,2:0.47,,,
35.2897,frame,992,40.601021,103.09,99.97,833.27,512,288,BGR888p,,,,,
35.2899,detections,992,40.601021,102.61,99.97,833.49,,,,1,2:0.44,,,
35.3915,frame,995,40.700979,101.85,99.96,835.17,512,288,BGR888p,,,,,
35.3918,detections,995,40.700979,101.87,99.96,835.41,,,,1,2:0.46,,,
35.392,system,0,,1029.37,,,,,,,,47.46,20.4,12.2
35.4957,frame,998,40.800945,104.22,99.97,839.42,512,288,BGR888p,,,,,
35.4962,detections,998,40.800945,104.45,99.97,839.9,,,,1,2:0.48,,,
35.6015,frame,1002,40.934232,105.78,133.29,811.91,512,288,BGR888p,,,,,
35.6018,detections,1002,40.934232,105.53,133.29,812.13,,,,1,2:0.63,,,
35.7033,frame,1005,41.034198,101.78,99.97,813.66,512,288,BGR888p,,,,,
35.7034,detections,1005,41.034198,101.63,99.97,813.75,,,,1,2:0.64,,,
35.8052,frame,1008,41.134164,101.91,99.97,815.62,512,288,BGR888p,,,,,
35.8053,detections,1008,41.134164,101.94,99.97,815.73,,,,1,2:0.61,,,
35.9085,frame,1011,41.234131,103.33,99.97,819.04,512,288,BGR888p,,,,,
35.9088,detections,1011,41.234131,103.45,99.97,819.25,,,,1,2:0.61,,,
36.0116,frame,1014,41.334096,103.07,99.97,822.08,512,288,BGR888p,,,,,
36.0117,detections,1014,41.334096,102.92,99.97,822.17,,,,1,2:0.61,,,
36.1171,frame,1017,41.434063,105.46,99.97,827.64,512,288,BGR888p,,,,,
36.1173,detections,1017,41.434063,105.6,99.97,827.83,,,,0,,,,
36.2197,frame,1020,41.53403,102.66,99.97,830.33,512,288,BGR888p,,,,,
36.22,detections,1020,41.53403,102.67,99.97,830.55,,,,0,,,,
36.3216,frame,1023,41.633993,101.85,99.96,832.22,512,288,BGR888p,,,,,
36.3219,detections,1023,41.633993,101.86,99.96,832.46,,,,0,,,,
36.4227,frame,1026,41.733963,101.16,99.97,833.4,512,288,BGR888p,,,,,
36.423,detections,1026,41.733963,101.14,99.97,833.63,,,,0,,,,
36.4232,system,0,,1031.21,,,,,,,,47.58,21.9,13.0
36.5253,frame,1029,41.833923,102.6,99.96,836.04,512,288,BGR888p,,,,,
36.5258,detections,1029,41.833923,102.77,99.96,836.45,,,,0,,,,
36.6293,frame,1032,41.933889,103.94,99.97,840.02,512,288,BGR888p,,,,,
36.6296,detections,1032,41.933889,103.82,99.97,840.34,,,,0,,,,
36.7316,frame,1036,42.067176,102.29,133.29,809.01,512,288,BGR888p,,,,,
36.7318,detections,1036,42.067176,102.23,133.29,809.23,,,,0,,,,
36.8364,frame,1039,42.167142,104.86,99.97,813.9,512,288,BGR888p,,,,,
36.8367,detections,1039,42.167142,104.85,99.97,814.12,,,,0,,,,
36.9376,frame,1042,42.267109,101.18,99.97,815.11,512,288,BGR888p,,,,,
36.9379,detections,1042,42.267109,101.18,99.97,815.33,,,,0,,,,
37.0399,frame,1045,42.36708,102.33,99.97,817.47,512,288,BGR888p,,,,,
37.0402,detections,1045,42.36708,102.36,99.97,817.73,,,,0,,,,
37.1442,frame,1048,42.46704,104.27,99.96,821.8,512,288,BGR888p,,,,,
37.1445,detections,1048,42.46704,104.27,99.96,822.05,,,,0,,,,
37.2474,frame,1051,42.567006,103.18,99.97,825.0,512,288,BGR888p,,,,,
37.2477,detections,1051,42.567006,103.16,99.97,825.23,,,,0,,,,
37.3518,frame,1054,42.666972,104.42,99.97,829.46,512,288,BGR888p,,,,,
37.3521,detections,1054,42.666972,104.42,99.97,829.72,,,,0,,,,
37.3523,system,0,,929.08,,,,,,,,47.74,21.9,12.9
37.4553,frame,1057,42.76694,103.5,99.97,832.94,512,288,BGR888p,,,,,
37.4554,detections,1057,42.76694,103.36,99.97,833.04,,,,0,,,,
37.5575,frame,1060,42.866903,102.15,99.96,835.18,512,288,BGR888p,,,,,
37.5579,detections,1060,42.866903,102.43,99.96,835.56,,,,0,,,,
37.6592,frame,1063,42.966869,101.72,99.97,836.95,512,288,BGR888p,,,,,
37.6595,detections,1063,42.966869,101.61,99.97,837.2,,,,0,,,,
37.7634,frame,1066,43.066833,104.16,99.96,841.15,512,288,BGR888p,,,,,
37.7636,detections,1066,43.066833,104.16,99.96,841.39,,,,0,,,,
37.867,frame,1069,43.166799,103.68,99.97,844.85,512,288,BGR888p,,,,,
37.8673,detections,1069,43.166799,103.68,99.97,845.1,,,,0,,,,
37.9695,frame,1073,43.300086,102.46,133.29,813.98,512,288,BGR888p,,,,,
37.9696,detections,1073,43.300086,102.33,133.29,814.1,,,,0,,,,
38.0723,frame,1076,43.400053,102.78,99.97,816.84,512,288,BGR888p,,,,,
38.0725,detections,1076,43.400053,102.91,99.97,817.09,,,,0,,,,
38.1743,frame,1079,43.500019,102.07,99.97,818.94,512,288,BGR888p,,,,,
38.1746,detections,1079,43.500019,102.05,99.97,819.16,,,,0,,,,
38.2774,frame,1082,43.599984,103.1,99.96,822.08,512,288,BGR888p,,,,,
38.2777,detections,1082,43.599984,103.12,99.96,822.32,,,,0,,,,
38.3811,frame,1085,43.699951,103.66,99.97,825.79,512,288,BGR888p,,,,,
38.3814,detections,1085,43.699951,103.67,99.97,826.02,,,,0,,,,
38.3815,system,0,,1029.26,,,,,,,,47.46,22.0,13.0
38.4854,frame,1088,43.799919,104.27,99.97,830.08,512,288,BGR888p,,,,,
38.4859,detections,1088,43.799919,104.47,99.97,830.57,,,,0,,,,
38.5883,frame,1091,43.899882,102.97,99.96,833.07,512,288,BGR888p,,,,,
38.5888,detections,1091,43.899882,102.89,99.96,833.49,,,,0,,,,
38.6906,frame,1094,43.999848,102.22,99.97,835.32,512,288,BGR888p,,,,,
38.6908,detections,1094,43.999848,102.06,99.97,835.54,,,,0,,,,
38.7911,frame,1097,44.099814,100.55,99.97,835.95,512,288,BGR888p,,,,,
38.7914,detections,1097,44.099814,100.63,99.97,836.22,,,,0,,,,
38.8933,frame,1100,44.199778,102.23,99.96,838.17,512,288,BGR888p,,,,,
38.8936,detections,1100,44.199778,102.14,99.96,838.39,,,,0,,,,
38.9962,frame,1103,44.299743,102.84,99.96,841.05,512,288,BGR888p,,,,,
38.9964,detections,1103,44.299743,102.84,99.96,841.27,,,,0,,,,
39.1009,frame,1107,44.43303,104.77,133.29,812.52,512,288,BGR888p,,,,,
39.1012,detections,1107,44.43303,104.8,133.29,812.78,,,,0,,,,
39.2047,frame,1110,44.532997,103.73,99.97,816.29,512,288,BGR888p,,,,,
39.2049,detections,1110,44.532997,103.7,99.97,816.51,,,,0,,,,
39.3061,frame,1113,44.632963,101.48,99.97,817.84,512,288,BGR888p,,,,,
39.3065,detections,1113,44.632963,101.53,99.97,818.09,,,,0,,,,
39.4098,frame,1116,44.732928,103.71,99.97,821.54,512,288,BGR888p,,,,,
39.4101,detections,1116,44.732928,103.65,99.97,821.8,,,,0,,,,
39.4103,system,0,,1028.76,,,,,,,,48.02,21.3,12.2
39.513,frame,1119,44.832894,103.19,99.97,824.82,512,288,BGR888p,,,,,
39.5134,detections,1119,44.832894,103.27,99.97,825.07,,,,0,,,,
39.6154,frame,1122,44.932863,102.33,99.97,827.12,512,288,BGR888p,,,,,
39.6157,detections,1122,44.932863,102.34,99.97,827.47,,,,0,,,,
39.7194,frame,1125,45.032827,104.01,99.96,831.19,512,288,BGR888p,,,,,
39.7197,detections,1125,45.032827,103.95,99.96,831.43,,,,0,,,,
39.8238,frame,1128,45.132797,104.45,99.97,835.66,512,288,BGR888p,,,,,
39.8241,detections,1128,45.132797,104.42,99.97,835.91,,,,0,,,,
39.9251,frame,1131,45.232757,101.26,99.96,837.0,512,288,BGR888p,,,,,
39.9254,detections,1131,45.232757,101.31,99.96,837.23,,,,0,,,,
40.0252,frame,1134,45.332724,100.14,99.97,837.13,512,288,BGR888p,,,,,
40.0255,detections,1134,45.332724,100.09,99.97,837.35,,,,0,,,,
40.1289,frame,1137,45.432687,103.69,99.96,840.87,512,288,BGR888p,,,,,
40.1292,detections,1137,45.432687,103.74,99.96,841.14,,,,0,,,,
40.2348,frame,1140,45.532652,105.92,99.96,846.81,512,288,BGR888p,,,,,
40.2351,detections,1140,45.532652,105.87,99.96,847.07,,,,0,,,,
40.3395,frame,1144,45.66594,104.66,133.29,818.19,512,288,BGR888p,,,,,
40.3398,detections,1144,45.66594,104.68,133.29,818.44,,,,0,,,,
40.34,system,0,,929.66,,,,,,,,48.3,22.5,13.1
40.44,frame,1147,45.765911,100.5,99.97,818.72,512,288,BGR888p,,,,,
40.4403,detections,1147,45.765911,100.52,99.97,818.97,,,,0,,,,
40.5425,frame,1150,45.865872,102.45,99.96,821.2,512,288,BGR888p,,,,,
40.5427,detections,1150,45.865872,102.41,99.96,821.43,,,,0,,,,
40.6454,frame,1153,45.965838,102.9,99.97,816.41,512,288,BGR888p,,,,,
40.6458,detections,1153,45.965838,103.04,99.97,816.79,,,,0,,,,
40.7494,frame,1156,46.065806,104.04,99.97,820.49,512,288,BGR888p,,,,,
40.7497,detections,1156,46.065806,103.91,99.97,820.71,,,,0,,,,
40.8532,frame,1159,46.165771,103.82,99.96,824.35,512,288,BGR888p,,,,,
40.8539,detections,1159,46.165771,104.19,99.96,824.96,,,,0,,,,
40.9561,frame,1162,46.26574,102.88,99.97,827.28,512,288,BGR888p,,,,,
40.9571,detections,1162,46.26574,103.29,99.97,828.31,,,,0,,,,
41.059,frame,1165,46.365701,102.89,99.96,830.18,512,288,BGR888p,,,,,
41.0593,detections,1165,46.365701,102.14,99.96,830.43,,,,0,,,,
41.1586,frame,1168,46.465669,99.61,99.97,829.82,512,288,BGR888p,,,,,
41.1589,detections,1168,46.465669,99.58,99.97,830.04,,,,0,,,,
41.262,frame,1171,46.565631,103.43,99.96,833.29,512,288,BGR888p,,,,,
41.2623,detections,1171,46.565631,103.46,99.96,833.54,,,,0,,,,
41.3651,frame,1174,46.665597,103.09,99.97,836.44,512,288,BGR888p,,,,,
41.3654,detections,1174,46.665597,103.09,99.97,836.66,,,,0,,,,
41.3656,system,0,,1025.6,,,,,,,,47.8,21.6,12.9
41.47,frame,1178,46.798884,104.87,133.29,807.99,512,288,BGR888p,,,,,
41.4703,detections,1178,46.798884,104.87,133.29,808.25,,,,0,,,,
41.5723,frame,1181,46.898851,102.28,99.97,810.31,512,288,BGR888p,,,,,
41.5725,detections,1181,46.898851,102.25,99.97,810.53,,,,0,,,,
41.6739,frame,1184,46.998817,101.64,99.97,812.0,512,288,BGR888p,,,,,
41.6744,detections,1184,46.998817,101.86,99.97,812.47,,,,0,,,,
41.7765,frame,1187,47.098783,102.58,99.97,814.6,512,288,BGR888p,,,,,
41.7767,detections,1187,47.098783,102.36,99.97,814.82,,,,0,,,,
41.8795,frame,1190,47.19875,103.01,99.97,817.64,512,288,BGR888p,,,,,
41.8798,detections,1190,47.19875,103.01,99.97,817.86,,,,0,,,,
41.9821,frame,1193,47.298715,102.57,99.97,820.29,512,288,BGR888p,,,,,
41.9824,detections,1193,47.298715,102.62,99.97,820.52,,,,0,,,,
42.0868,frame,1196,47.398679,104.73,99.96,825.02,512,288,BGR888p,,,,,
42.0871,detections,1196,47.398679,104.7,99.96,825.29,,,,0,,,,
42.188,frame,1199,47.498645,101.21,99.97,826.26,512,288,BGR888p,,,,,
42.1891,detections,1199,47.498645,101.99,99.97,827.37,,,,0,,,,
42.2915,frame,1202,47.598611,103.46,99.97,829.76,512,288,BGR888p,,,,,
42.2917,detections,1202,47.598611,102.66,99.97,829.98,,,,0,,,,
42.3934,frame,1205,47.698578,101.95,99.97,831.75,512,288,BGR888p,,,,,
42.3937,detections,1205,47.698578,101.97,99.97,832.0,,,,0,,,,
42.3939,system,0,,1028.33,,,,,,,,47.86,21.3,12.8
42.4932,frame,1208,47.798541,99.75,99.96,831.54,512,288,BGR888p,,,,,
42.4935,detections,1208,47.798541,99.75,99.96,831.78,,,,0,,,,
42.5952,frame,1211,47.898507,102.02,99.97,833.58,512,288,BGR888p,,,,,
42.5954,detections,1211,47.898507,101.97,99.97,833.77,,,,0,,,,
42.6995,frame,1215,48.031795,104.31,133.29,804.61,512,288,BGR888p,,,,,
42.6999,detections,1215,48.031795,104.48,133.29,804.98,,,,0,,,,
42.8046,frame,1218,48.13176,105.08,99.96,809.73,512,288,BGR888p,,,,,
42.8049,detections,1218,48.13176,104.95,99.96,809.96,,,,0,,,,
42.9069,frame,1221,48.231727,102.33,99.97,812.1,512,288,BGR888p,,,,,
42.9072,detections,1221,48.231727,102.38,99.97,812.38,,,,0,,,,
43.0082,frame,1224,48.331693,101.27,99.97,813.4,512,288,BGR888p,,,,,
43.0085,detections,1224,48.331693,101.23,99.97,813.64,,,,0,,,,
43.1105,frame,1227,48.431658,102.33,99.96,815.76,512,288,BGR888p,,,,,
43.1108,detections,1227,48.431658,102.33,99.96,816.01,,,,0,,,,
43.2131,frame,1230,48.531624,102.62,99.97,818.45,512,288,BGR888p,,,,,
43.2134,detections,1230,48.531624,102.64,99.97,818.68,,,,0,,,,
43.3157,frame,1233,48.631589,102.6,99.96,821.04,512,288,BGR888p,,,,,
43.316,detections,1233,48.631589,102.55,99.96,821.26,,,,0,,,,
43.4208,frame,1236,48.731556,105.04,99.97,826.11,512,288,BGR888p,,,,,
43.421,detections,1236,48.731556,105.04,99.97,826.33,,,,0,,,,
43.4213,system,0,,1027.36,,,,,,,,48.36,21.4,12.0
43.5217,frame,1239,48.831521,100.92,99.97,827.08,512,288,BGR888p,,,,,
43.5228,detections,1239,48.831521,101.78,99.97,828.21,,,,0,,,,
43.6243,frame,1242,48.931487,102.61,99.97,829.71,512,288,BGR888p,,,,,
43.6249,detections,1242,48.931487,102.1,99.97,830.32,,,,0,,,,
43.7271,frame,1245,49.031454,102.75,99.97,832.53,512,288,BGR888p,,,,,
43.7275,detections,1245,49.031454,102.59,99.97,832.92,,,,0,,,,
43.827,frame,1248,49.131416,99.97,99.96,832.45,512,288,BGR888p,,,,,
43.8272,detections,1248,49.131416,99.68,99.96,832.6,,,,0,,,,
43.9308,frame,1251,49.231382,103.79,99.97,836.32,512,288,BGR888p,,,,,
43.9311,detections,1251,49.231382,103.88,99.97,836.54,,,,0,,,,
44.0353,frame,1255,49.36467,104.51,133.29,807.56,512,288,BGR888p,,,,,
44.0356,detections,1255,49.36467,104.54,133.29,807.8,,,,0,,,,
44.1399,frame,1258,49.464636,104.58,99.97,812.17,512,288,BGR888p,,,,,
44.1402,detections,1258,49.464636,104.62,99.97,812.46,,,,0,,,,
44.2423,frame,1261,49.564602,102.35,99.97,814.57,512,288,BGR888p,,,,,
44.2425,detections,1261,49.564602,102.31,99.97,814.79,,,,0,,,,
44.3422,frame,1264,49.664568,99.94,99.97,814.56,512,288,BGR888p,,,,,
44.3425,detections,1264,49.664568,99.96,99.97,814.8,,,,0,,,,
44.4444,frame,1267,49.764534,102.23,99.97,816.79,512,288,BGR888p,,,,,
44.4447,detections,1267,49.764534,102.19,99.97,817.01,,,,0,,,,
44.4449,system,0,,1023.6,,,,,,,,48.3,21.8,13.0
44.5474,frame,1270,49.8645,103.0,99.97,819.84,512,288,BGR888p,,,,,
44.5477,detections,1270,49.8645,103.03,99.97,820.08,,,,0,,,,
44.6511,frame,1273,49.964467,103.66,99.97,823.56,512,288,BGR888p,,,,,
44.6514,detections,1273,49.964467,103.68,99.97,823.78,,,,0,,,,
44.7551,frame,1276,50.064432,103.99,99.96,827.59,512,288,BGR888p,,,,,
44.7556,detections,1276,50.064432,104.17,99.96,828.01,,,,0,,,,
44.8568,frame,1279,50.164402,101.71,99.97,829.28,512,288,BGR888p,,,,,
44.8579,detections,1279,50.164402,102.28,99.97,830.35,,,,0,,,,
44.9606,frame,1282,50.264363,103.85,99.96,833.17,512,288,BGR888p,,,,,
44.9609,detections,1282,50.264363,103.05,99.96,833.39,,,,0,,,,
45.0611,frame,1285,50.364326,100.42,99.96,833.68,512,288,BGR888p,,,,,
45.0614,detections,1285,50.364326,100.49,99.96,833.93,,,,0,,,,
45.165,frame,1288,50.464292,103.9,99.97,837.56,512,288,BGR888p,,,,,
45.1653,detections,1288,50.464292,103.89,99.97,837.85,,,,0,,,,
45.2706,frame,1291,50.564258,105.63,99.97,843.23,512,288,BGR888p,,,,,
45.2709,detections,1291,50.564258,105.57,99.97,843.45,,,,0,,,,
45.3751,frame,1295,50.697545,104.54,133.29,814.51,512,288,BGR888p,,,,,
45.3754,detections,1295,50.697545,104.57,133.29,814.74,,,,0,,,,
45.3756,system,0,,930.74,,,,,,,,47.97,21.6,12.8
45.4765,frame,1298,50.797511,101.39,99.97,815.91,512,288,BGR888p,,,,,
45.4768,detections,1298,50.797511,101.38,99.97,816.16,,,,0,,,,
45.5787,frame,1301,50.897478,102.19,99.97,818.12,512,288,BGR888p,,,,,
45.579,detections,1301,50.897478,102.16,99.97,818.35,,,,0,,,,
45.6816,frame,1304,50.997443,102.89,99.96,821.06,512,288,BGR888p,,,,,
45.6819,detections,1304,50.997443,102.91,99.96,821.3,,,,0,,,,
45.7846,frame,1307,51.09741,103.0,99.97,824.09,512,288,BGR888p,,,,,
45.785,detections,1307,51.09741,103.12,99.97,824.46,,,,0,,,,
45.8896,frame,1310,51.197376,104.98,99.97,829.11,512,288,BGR888p,,,,,
45.8899,detections,1310,51.197376,104.85,99.97,829.33,,,,0,,,,
45.9911,frame,1313,51.297345,101.53,99.97,830.72,512,288,BGR888p,,,,,
45.9919,detections,1313,51.297345,102.04,99.97,831.43,,,,0,,,,
46.0943,frame,1316,51.397306,103.18,99.96,833.88,512,288,BGR888p,,,,,
46.0946,detections,1316,51.397306,102.67,99.96,834.11,,,,0,,,,
46.1953,frame,1319,51.497271,100.98,99.96,834.89,512,288,BGR888p,,,,,
46.1955,detections,1319,51.497271,100.94,99.96,835.08,,,,0,,,,
46.2954,frame,1322,51.597236,100.11,99.97,835.04,512,288,BGR888p,,,,,
46.2956,detections,1322,51.597236,100.14,99.97,835.27,,,,0,,,,
46.3995,frame,1325,51.697202,104.12,99.97,839.2,512,288,BGR888p,,,,,
46.3998,detections,1325,51.697202,104.12,99.97,839.42,,,,0,,,,
46.3999,system,0,,1024.34,,,,,,,,48.25,22.2,12.9
46.5046,frame,1329,51.830489,105.12,133.29,811.03,512,288,BGR888p,,,,,
46.5049,detections,1329,51.830489,105.12,133.29,811.25,,,,0,,,,
46.6083,frame,1332,51.930455,103.67,99.97,814.73,512,288,BGR888p,,,,,
46.6086,detections,1332,51.930455,103.67,99.97,814.95,,,,0,,,,
46.7095,frame,1335,52.030422,101.18,99.97,815.95,512,288,BGR888p,,,,,
46.7097,detections,1335,52.030422,101.18,99.97,816.17,,,,0,,,,
46.8116,frame,1338,52.130387,102.12,99.96,818.1,512,288,BGR888p,,,,,
46.812,detections,1338,52.130387,102.25,99.96,818.46,,,,0,,,,
46.9147,frame,1341,52.230359,103.09,99.97,821.21,512,288,BGR888p,,,,,
46.9149,detections,1341,52.230359,102.95,99.97,821.43,,,,0,,,,
47.0174,frame,1344,52.33032,102.68,99.96,823.94,512,288,BGR888p,,,,,
47.0176,detections,1344,52.33032,102.7,99.96,824.18,,,,0,,,,
47.1236,frame,1347,52.430287,106.21,99.97,830.17,512,288,BGR888p,,,,,
47.1238,detections,1347,52.430287,106.19,99.97,830.4,,,,0,,,,
47.2247,frame,1350,52.53025,101.14,99.96,831.35,512,288,BGR888p,,,,,
47.225,detections,1350,52.53025,101.14,99.96,831.59,,,,0,,,,
47.3275,frame,1353,52.630216,102.81,99.97,834.2,512,288,BGR888p,,,,,
47.3278,detections,1353,52.630216,102.83,99.97,834.44,,,,0,,,,
47.4288,frame,1356,52.730182,101.29,99.97,835.52,512,288,BGR888p,,,,,
47.4291,detections,1356,52.730182,101.27,99.97,835.74,,,,0,,,,
47.4293,system,0,,1029.35,,,,,,,,48.19,21.8,12.6
47.5316,frame,1359,52.830146,102.78,99.96,838.34,512,288,BGR888p,,,,,
47.5319,detections,1359,52.830146,102.8,99.96,838.58,,,,0,,,,
47.6344,frame,1362,52.930111,102.79,99.96,841.15,512,288,BGR888p,,,,,
47.6346,detections,1362,52.930111,102.77,99.96,841.38,,,,0,,,,
47.7392,frame,1366,53.063399,104.83,133.29,812.71,512,288,BGR888p,,,,,
47.7398,detections,1366,53.063399,105.18,133.29,813.32,,,,0,,,,
47.8443,frame,1369,53.163365,105.09,99.97,817.82,512,288,BGR888p,,,,,
47.8447,detections,1369,53.163365,104.89,99.97,818.22,,,,0,,,,
47.9445,frame,1372,53.263331,100.18,99.97,812.11,512,288,BGR888p,,,,,
47.9447,detections,1372,53.263331,100.02,99.97,812.33,,,,0,,,,
48.0486,frame,1375,53.363301,104.14,99.97,816.28,512,288,BGR888p,,,,,
48.0489,detections,1375,53.363301,104.14,99.97,816.5,,,,0,,,,
48.1533,frame,1378,53.463263,104.71,99.96,821.03,512,288,BGR888p,,,,,
48.1536,detections,1378,53.463263,104.73,99.96,821.28,,,,0,,,,
48.2569,frame,1381,53.563229,103.6,99.97,824.68,512,288,BGR888p,,,,,
48.2573,detections,1381,53.563229,103.65,99.97,824.97,,,,0,,,,
48.3584,frame,1384,53.663196,101.48,99.97,826.19,512,288,BGR888p,,,,,
48.3587,detections,1384,53.663196,101.46,99.97,826.46,,,,0,,,,
48.4613,frame,1387,53.76316,102.91,99.96,829.12,512,288,BGR888p,,,,,
48.4616,detections,1387,53.76316,102.86,99.96,829.34,,,,0,,,,
48.4617,system,0,,1032.45,,,,,,,,48.47,22.0,12.9
48.5633,frame,1390,53.863132,101.96,99.97,831.12,512,288,BGR888p,,,,,
48.5635,detections,1390,53.863132,101.97,99.97,831.35,,,,0,,,,
48.6638,frame,1393,53.96309,100.52,99.96,831.68,512,288,BGR888p,,,,,
48.6641,detections,1393,53.96309,100.53,99.96,831.98,,,,0,,,,
48.7677,frame,1396,54.063055,103.93,99.96,835.64,512,288,BGR888p,,,,,
48.768,detections,1396,54.063055,103.93,99.96,835.88,,,,0,,,,
48.8716,frame,1400,54.196347,103.84,133.29,806.18,512,288,BGR888p,,,,,
48.872,detections,1400,54.196347,103.95,133.29,806.55,,,,0,,,,
48.9752,frame,1403,54.296309,103.68,99.96,809.9,512,288,BGR888p,,,,,
48.9755,detections,1403,54.296309,103.54,99.96,810.12,,,,0,,,,
49.0778,frame,1406,54.396276,102.53,99.97,812.47,512,288,BGR888p,,,,,
49.0781,detections,1406,54.396276,102.56,99.97,812.72,,,,0,,,,
49.1789,frame,1409,54.496248,101.13,99.97,813.63,512,288,BGR888p,,,,,
49.1792,detections,1409,54.496248,101.17,99.97,813.92,,,,0,,,,
49.2822,frame,1412,54.596211,103.32,99.96,816.99,512,288,BGR888p,,,,,
49.2825,detections,1412,54.596211,103.27,99.96,817.21,,,,0,,,,
49.3848,frame,1415,54.696175,102.56,99.96,819.58,512,288,BGR888p,,,,,
49.3851,detections,1415,54.696175,102.57,99.96,819.82,,,,0,,,,
49.3853,system,0,,923.54,,,,,,,,48.14,21.9,12.9
49.4877,frame,1418,54.796138,102.87,99.96,822.48,512,288,BGR888p,,,,,
49.4879,detections,1418,54.796138,102.85,99.96,822.71,,,,0,,,,
49.5909,frame,1421,54.896105,103.24,99.97,825.75,512,288,BGR888p,,,,,
49.5912,detections,1421,54.896105,103.27,99.97,826.02,,,,0,,,,
49.6926,frame,1424,54.99607,101.67,99.97,827.46,512,288,BGR888p,,,,,
49.6933,detections,1424,54.99607,102.16,99.97,828.24,,,,0,,,,
49.7968,frame,1427,55.096036,104.22,99.97,831.71,512,288,BGR888p,,,,,
49.797,detections,1427,55.096036,103.69,99.97,831.93,,,,0,,,,
49.897,frame,1430,55.196,100.26,99.96,832.04,512,288,BGR888p,,,,,
49.8975,detections,1430,55.196,100.43,99.96,832.41,,,,0,,,,
49.9994,frame,1433,55.295965,102.33,99.97,834.35,512,288,BGR888p,,,,,
49.9996,detections,1433,55.295965,102.09,99.97,834.5,,,,0,,,,
50.1055,frame,1436,55.395931,106.12,99.97,840.54,512,288,BGR888p,,,,,
50.1058,detections,1436,55.395931,106.22,99.97,840.78,,,,0,,,,
50.2087,frame,1440,55.529219,103.22,133.29,810.46,512,288,BGR888p,,,,,
50.209,detections,1440,55.529219,103.19,133.29,810.68,,,,0,,,,
50.3114,frame,1443,55.629187,102.7,99.97,813.19,512,288,BGR888p,,,,,
50.3117,detections,1443,55.629187,102.7,99.97,813.41,,,,0,,,,
50.4119,frame,1446,55.729151,100.53,99.96,813.76,512,288,BGR888p,,,,,
50.4123,detections,1446,55.729151,100.59,99.96,814.04,,,,0,,,,
50.4124,system,0,,1027.15,,,,,,,,48.47,21.3,12.5
50.5143,frame,1449,55.829116,102.33,99.96,816.13,512,288,BGR888p,,,,,
50.5145,detections,1449,55.829116,102.28,99.96,816.35,,,,0,,,,
50.617,frame,1452,55.929083,102.76,99.97,818.97,512,288,BGR888p,,,,,
50.6174,detections,1452,55.929083,102.82,99.97,819.2,,,,0,,,,
50.7199,frame,1455,56.029052,102.87,99.97,821.82,512,288,BGR888p,,,,,
50.7202,detections,1455,56.029052,102.85,99.97,822.09,,,,0,,,,
50.8241,frame,1458,56.129017,104.15,99.96,826.06,512,288,BGR888p,,,,,
50.8244,detections,1458,56.129017,104.19,99.96,826.32,,,,0,,,,
50.926,frame,1461,56.228982,101.99,99.97,828.06,512,288,BGR888p,,,,,
50.9265,detections,1461,56.228982,102.11,99.97,828.46,,,,0,,,,
51.0299,frame,1464,56.328946,103.81,99.96,831.88,512,288,BGR888p,,,,,
51.0301,detections,1464,56.328946,103.61,99.96,832.14,,,,0,,,,
51.1307,frame,1467,56.42891,100.83,99.96,832.74,512,288,BGR888p,,,,,
51.1309,detections,1467,56.42891,100.83,99.96,832.96,,,,0,,,,
51.2331,frame,1470,56.528875,102.45,99.96,835.27,512,288,BGR888p,,,,,
51.2334,detections,1470,56.528875,102.5,99.96,835.5,,,,0,,,,
51.3367,frame,1473,56.628842,103.59,99.97,838.84,512,288,BGR888p,,,,,
51.337,detections,1473,56.628842,103.54,99.97,839.06,,,,0,,,,
51.441,frame,1477,56.762128,104.27,133.29,809.83,512,288,BGR888p,,,,,
51.4413,detections,1477,56.762128,104.33,133.29,810.13,,,,0,,,,
51.4415,system,0,,1029.07,,,,,,,,48.25,21.1,12.5
51.5441,frame,1480,56.862094,103.12,99.97,813.03,512,288,BGR888p,,,,,
51.5444,detections,1480,56.862094,103.13,99.97,813.28,,,,0,,,,
51.6453,frame,1483,56.962061,101.18,99.97,814.19,512,288,BGR888p,,,,,
51.6455,detections,1483,56.962061,101.11,99.97,814.42,,,,0,,,,
51.7475,frame,1486,57.062026,102.22,99.97,816.47,512,288,BGR888p,,,,,
51.7478,detections,1486,57.062026,102.25,99.97,816.71,,,,0,,,,
51.8504,frame,1489,57.161992,102.91,99.97,819.39,512,288,BGR888p,,,,,
51.8507,detections,1489,57.161992,102.88,99.97,819.61,,,,0,,,,
51.9525,frame,1492,57.261958,102.11,99.97,821.54,512,288,BGR888p,,,,,
51.9529,detections,1492,57.261958,102.25,99.97,821.9,,,,0,,,,
52.0587,frame,1495,57.361925,106.2,99.97,827.8,512,288,BGR888p,,,,,
52.059,detections,1495,57.361925,106.11,99.97,828.04,,,,0,,,,
52.1616,frame,1498,57.46189,102.86,99.96,830.67,512,288,BGR888p,,,,,
52.1618,detections,1498,57.46189,102.82,99.96,830.88,,,,0,,,,
52.2653,frame,1501,57.561856,103.72,99.97,834.42,512,288,BGR888p,,,,,
52.2656,detections,1501,57.561856,103.72,99.97,834.64,,,,0,,,,
52.3642,frame,1504,57.661824,98.92,99.97,833.37,512,288,BGR888p,,,,,
52.3645,detections,1504,57.661824,98.92,99.97,833.59,,,,0,,,,
52.4684,frame,1507,57.761785,104.14,99.96,837.5,512,288,BGR888p,,,,,
52.4685,detections,1507,57.761785,104.02,99.96,837.61,,,,0,,,,
52.4686,system,0,,1027.08,,,,,,,,48.64,22.2,13.0
52.5729,frame,1510,57.861751,104.52,99.97,842.1,512,288,BGR888p,,,,,
52.5731,detections,1510,57.861751,104.65,99.97,842.36,,,,0,,,,
52.6752,frame,1514,57.995042,102.34,133.29,811.16,512,288,BGR888p,,,,,
52.6759,detections,1514,57.995042,102.75,133.29,811.83,,,,0,,,,
52.7784,frame,1517,58.095007,103.21,99.97,814.4,512,288,BGR888p,,,,,
52.7787,detections,1517,58.095007,102.81,99.97,814.62,,,,0,,,,
52.8811,frame,1520,58.194971,102.7,99.96,817.18,512,288,BGR888p,,,,,
52.8814,detections,1520,58.194971,102.74,99.96,817.4,,,,0,,,,
52.9842,frame,1523,58.294941,103.09,99.97,820.27,512,288,BGR888p,,,,,
52.9847,detections,1523,58.294941,103.22,99.97,820.67,,,,0,,,,
53.087,frame,1526,58.394903,102.74,99.96,823.05,512,288,BGR888p,,,,,
53.0873,detections,1526,58.394903,102.61,99.96,823.3,,,,0,,,,
53.1918,frame,1529,58.49487,104.87,99.97,827.95,512,288,BGR888p,,,,,
53.1921,detections,1529,58.49487,104.84,99.97,828.2,,,,0,,,,
53.2934,frame,1532,58.594834,101.55,99.96,829.54,512,288,BGR888p,,,,,
53.2937,detections,1532,58.594834,101.57,99.96,829.79,,,,0,,,,
53.3977,frame,1535,58.694799,104.26,99.97,833.83,512,288,BGR888p,,,,,
53.3979,detections,1535,58.694799,104.24,99.97,834.05,,,,0,,,,
53.3981,system,0,,929.5,,,,,,,,48.25,22.8,12.9
53.4986,frame,1538,58.79477,100.99,99.97,834.85,512,288,BGR888p,,,,,
53.4989,detections,1538,58.79477,100.99,99.97,835.07,,,,0,,,,
53.5998,frame,1541,58.894729,101.15,99.96,836.04,512,288,BGR888p,,,,,
53.6001,detections,1541,58.894729,101.15,99.96,836.26,,,,0,,,,
53.7049,frame,1544,58.994695,105.11,99.97,841.19,512,288,BGR888p,,,,,
53.7052,detections,1544,58.994695,105.18,99.97,841.49,,,,0,,,,
53.808,frame,1548,59.127983,103.13,133.29,811.06,512,288,BGR888p,,,,,
53.8083,detections,1548,59.127983,103.09,133.29,811.29,,,,0,,,,
53.9117,frame,1551,59.227949,103.69,99.97,814.76,512,288,BGR888p,,,,,
53.912,detections,1551,59.227949,103.69,99.97,815.01,,,,0,,,,
54.0131,frame,1554,59.327914,101.33,99.96,816.14,512,288,BGR888p,,,,,
54.0135,detections,1554,59.327914,101.49,99.96,816.53,,,,0,,,,
54.1157,frame,1557,59.427887,102.67,99.97,818.81,512,288,BGR888p,,,,,
54.116,detections,1557,59.427887,102.49,99.97,819.04,,,,0,,,,
54.2178,frame,1560,59.527849,102.08,99.96,820.94,512,288,BGR888p,,,,,
54.2181,detections,1560,59.527849,102.08,99.96,821.19,,,,0,,,,
54.321,frame,1563,59.627814,103.2,99.96,824.18,512,288,BGR888p,,,,,
54.3213,detections,1563,59.627814,103.25,99.96,824.46,,,,0,,,,
54.4238,frame,1566,59.72778,102.77,99.97,826.97,512,288,BGR888p,,,,,
54.424,detections,1566,59.72778,102.71,99.97,827.19,,,,0,,,,
54.4242,system,0,,1026.15,,,,,,,,48.58,21.2,12.4
54.5268,frame,1569,59.827746,103.06,99.97,830.07,512,288,BGR888p,,,,,
54.5271,detections,1569,59.827746,103.07,99.97,830.34,,,,0,,,,
54.6285,frame,1572,59.927709,101.61,99.96,831.66,512,288,BGR888p,,,,,
54.6286,detections,1572,59.927709,101.46,99.96,831.74,,,,0,,,,
54.7314,frame,1575,60.027676,102.95,99.97,834.73,512,288,BGR888p,,,,,
54.7317,detections,1575,60.027676,103.13,99.97,834.95,,,,0,,,,
54.8317,frame,1578,60.127639,100.32,99.96,835.07,512,288,BGR888p,,,,,
54.832,detections,1578,60.127639,100.32,99.96,835.32,,,,0,,,,
54.9352,frame,1581,60.227605,103.49,99.97,838.59,512,288,BGR888p,,,,,
54.9355,detections,1581,60.227605,103.47,99.97,838.81,,,,0,,,,
55.0402,frame,1585,60.360896,104.94,133.29,810.25,512,288,BGR888p,,,,,
55.0406,detections,1585,60.360896,105.08,133.29,810.62,,,,0,,,,
55.1436,frame,1588,60.460858,103.41,99.96,808.06,512,288,BGR888p,,,,,
55.1438,detections,1588,60.460858,103.28,99.96,808.29,,,,0,,,,
55.2463,frame,1591,60.560825,102.76,99.97,810.84,512,288,BGR888p,,,,,
55.2466,detections,1591,60.560825,102.75,99.97,811.06,,,,0,,,,
55.3469,frame,1594,60.66079,100.57,99.96,811.45,512,288,BGR888p,,,,,
55.3472,detections,1594,60.66079,100.62,99.96,811.73,,,,0,,,,
55.4481,frame,1597,60.760756,101.22,99.97,812.72,512,288,BGR888p,,,,,
55.4484,detections,1597,60.760756,101.2,99.97,812.95,,,,0,,,,
55.4486,system,0,,1024.35,,,,,,,,48.53,21.7,12.4
55.5514,frame,1600,60.860724,103.24,99.97,815.98,512,288,BGR888p,,,,,
55.5516,detections,1600,60.860724,103.22,99.97,816.2,,,,0,,,,
55.6545,frame,1603,60.960689,103.12,99.97,819.14,512,288,BGR888p,,,,,
55.6548,detections,1603,60.960689,103.14,99.97,819.38,,,,0,,,,
55.7595,frame,1606,61.060654,104.97,99.96,824.13,512,288,BGR888p,,,,,
55.7597,detections,1606,61.060654,104.94,99.96,824.35,,,,0,,,,
55.861,frame,1609,61.160619,101.55,99.96,825.72,512,288,BGR888p,,,,,
55.8621,detections,1609,61.160619,102.38,99.96,826.86,,,,0,,,,
55.9652,frame,1612,61.260585,104.22,99.97,829.97,512,288,BGR888p,,,,,
55.9655,detections,1612,61.260585,103.39,99.97,830.19,,,,0,,,,
56.0662,frame,1615,61.360552,100.99,99.97,830.99,512,288,BGR888p,,,,,
56.0666,detections,1615,61.360552,101.12,99.97,831.35,,,,0,,,,
56.1688,frame,1618,61.460514,102.58,99.96,833.61,512,288,BGR888p,,,,,
56.169,detections,1618,61.460514,102.44,99.96,833.83,,,,0,,,,
56.2742,frame,1621,61.56048,105.4,99.97,839.05,512,288,BGR888p,,,,,
56.2745,detections,1621,61.56048,105.41,99.97,839.27,,,,0,,,,
56.3791,frame,1625,61.693768,104.91,133.29,810.71,512,288,BGR888p,,,,,
56.3794,detections,1625,61.693768,104.97,133.29,810.96,,,,0,,,,
56.3796,system,0,,931.02,,,,,,,,48.53,21.4,12.7
56.4806,frame,1628,61.793734,101.47,99.97,812.17,512,288,BGR888p,,,,,
56.4808,detections,1628,61.793734,101.41,99.97,812.39,,,,0,,,,
56.5827,frame,1631,61.8937,102.16,99.97,814.36,512,288,BGR888p,,,,,
56.583,detections,1631,61.8937,102.16,99.97,814.59,,,,0,,,,
56.6849,frame,1634,61.993671,102.15,99.97,816.5,512,288,BGR888p,,,,,
56.685,detections,1634,61.993671,102.05,99.97,816.63,,,,1,2:0.39,,,
56.7884,frame,1637,62.093633,103.56,99.96,820.15,512,288,BGR888p,,,,,
56.7887,detections,1637,62.093633,103.66,99.96,820.36,,,,0,,,,
56.8904,frame,1640,62.193598,101.97,99.97,822.15,512,288,BGR888p,,,,,
56.8907,detections,1640,62.193598,101.97,99.97,822.37,,,,0,,,,
56.9954,frame,1643,62.293563,105.01,99.96,827.18,512,288,BGR888p,,,,,
56.9957,detections,1643,62.293563,105.0,99.96,827.41,,,,0,,,,
57.0975,frame,1646,62.393529,102.06,99.97,829.29,512,288,BGR888p,,,,,
57.0979,detections,1646,62.393529,102.26,99.97,829.72,,,,0,,,,
57.1998,frame,1649,62.493495,102.31,99.97,831.61,512,288,BGR888p,,,,,
57.2,detections,1649,62.493495,102.08,99.97,831.8,,,,0,,,,
57.2995,frame,1652,62.593459,99.66,99.96,831.32,512,288,BGR888p,,,,,
57.2997,detections,1652,62.593459,99.7,99.96,831.55,,,,0,,,,
57.4032,frame,1655,62.693424,103.73,99.96,835.09,512,288,BGR888p,,,,,
57.4034,detections,1655,62.693424,103.73,99.96,835.32,,,,0,,,,
57.4036,system,0,,1024.01,,,,,,,,48.53,21.7,13.0
57.5079,frame,1659,62.826712,104.76,133.29,806.56,512,288,BGR888p,,,,,
57.5082,detections,1659,62.826712,104.79,133.29,806.81,,,,0,,,,
57.6114,frame,1662,62.926685,103.5,99.97,810.09,512,288,BGR888p,,,,,
57.6117,detections,1662,62.926685,103.47,99.97,810.31,,,,0,,,,
57.7143,frame,1665,63.026644,102.88,99.96,813.02,512,288,BGR888p,,,,,
57.7146,detections,1665,63.026644,102.91,99.96,813.27,,,,0,,,,
57.8154,frame,1668,63.12661,101.12,99.97,814.18,512,288,BGR888p,,,,,
57.8157,detections,1668,63.12661,101.12,99.97,814.42,,,,0,,,,
57.9189,frame,1671,63.226576,103.48,99.97,817.71,512,288,BGR888p,,,,,
57.9193,detections,1671,63.226576,103.58,99.97,818.03,,,,0,,,,
58.021,frame,1674,63.326541,102.09,99.96,819.81,512,288,BGR888p,,,,,
58.0213,detections,1674,63.326541,102.04,99.96,820.11,,,,0,,,,
58.1271,frame,1677,63.426507,106.05,99.97,825.95,512,288,BGR888p,,,,,
58.1276,detections,1677,63.426507,106.21,99.97,826.37,,,,0,,,,
58.2295,frame,1680,63.526475,102.44,99.97,828.37,512,288,BGR888p,,,,,
58.23,detections,1680,63.526475,102.48,99.97,828.92,,,,0,,,,
58.3313,frame,1683,63.626439,101.76,99.96,830.16,512,288,BGR888p,,,,,
58.3319,detections,1683,63.626439,101.83,99.96,830.76,,,,1,2:0.53,,,
58.4332,frame,1686,63.726405,101.95,99.97,832.15,512,288,BGR888p,,,,,
58.4335,detections,1686,63.726405,101.62,99.97,832.39,,,,1,2:0.60,,,
58.4337,system,0,,1030.09,,,,,,,,48.58,20.6,12.4
58.533,frame,1689,63.826369,99.76,99.96,831.95,512,288,BGR888p,,,,,
58.5333,detections,1689,63.826369,99.81,99.96,832.24,,,,1,2:0.40,,,
58.6357,frame,1692,63.926334,102.69,99.96,834.67,512,288,BGR888p,,,,,
58.6359,detections,1692,63.926334,102.62,99.96,834.89,,,,0,,,,
58.7397,frame,1696,64.059622,104.06,133.29,805.44,512,288,BGR888p,,,,,
58.74,detections,1696,64.059622,104.06,133.29,805.66,,,,0,,,,
58.8458,frame,1699,64.159587,106.09,99.96,811.57,512,288,BGR888p,,,,,
58.8461,detections,1699,64.159587,106.1,99.96,811.82,,,,0,,,,
58.9477,frame,1702,64.259554,101.87,99.97,813.47,512,288,BGR888p,,,,,
58.948,detections,1702,64.259554,101.87,99.97,813.69,,,,0,,,,
59.0488,frame,1705,64.359525,101.06,99.97,814.57,512,288,BGR888p,,,,,
59.049,detections,1705,64.359525,101.07,99.97,814.8,,,,0,,,,
59.153,frame,1708,64.459485,104.22,99.96,818.83,512,288,BGR888p,,,,,
59.1535,detections,1708,64.459485,104.43,99.96,819.28,,,,0,,,,
59.2551,frame,1711,64.559453,102.16,99.97,821.08,512,288,BGR888p,,,,,
59.2555,detections,1711,64.559453,102.01,99.97,821.3,,,,0,,,,
59.3581,frame,1714,64.659417,102.96,99.96,824.06,512,288,BGR888p,,,,,
59.3584,detections,1714,64.659417,102.95,99.96,824.28,,,,0,,,,
59.4635,frame,1717,64.759383,105.41,99.97,829.45,512,288,BGR888p,,,,,
59.4638,detections,1717,64.759383,105.35,99.97,829.67,,,,0,,,,
59.4639,system,0,,1030.23,,,,,,,,48.53,21.8,12.7
59.5657,frame,1720,64.859348,102.25,99.96,831.74,512,288,BGR888p,,,,,
59.566,detections,1720,64.859348,102.27,99.96,831.98,,,,0,,,,
59.6668,frame,1723,64.959315,101.04,99.97,832.81,512,288,BGR888p,,,,,
59.6671,detections,1723,64.959315,101.04,99.97,833.1,,,,0,,,,
59.7695,frame,1726,65.059282,102.7,99.97,835.54,512,288,BGR888p,,,,,
59.7698,detections,1726,65.059282,102.7,99.97,835.78,,,,0,,,,
59.8733,frame,1729,65.159244,103.78,99.96,839.35,512,288,BGR888p,,,,,
59.8735,detections,1729,65.159244,103.76,99.96,839.57,,,,0,,,,
59.9766,frame,1733,65.292531,103.37,133.29,809.44,512,288,BGR888p,,,,,
59.9769,detections,1733,65.292531,103.37,133.29,809.66,,,,0,,,,
60.0799,frame,1736,65.392497,103.22,99.97,812.69,512,288,BGR888p,,,,,
60.0801,detections,1736,65.392497,103.23,99.97,812.95,,,,0,,,,
60.1812,frame,1739,65.492464,101.36,99.97,814.09,512,288,BGR888p,,,,,
60.1816,detections,1739,65.492464,101.51,99.97,814.47,,,,0,,,,
60.2844,frame,1742,65.59243,103.16,99.97,817.25,512,288,BGR888p,,,,,
60.2846,detections,1742,65.59243,102.93,99.97,817.4,,,,1,2:0.50,,,
60.388,frame,1745,65.692396,103.61,99.97,820.93,512,288,BGR888p,,,,,
60.3883,detections,1745,65.692396,103.71,99.97,821.17,,,,0,,,,
60.3884,system,0,,924.51,,,,,,,,48.81,22.6,12.7
60.4918,frame,1748,65.792363,103.81,99.97,824.77,512,288,BGR888p,,,,,
60.4921,detections,1748,65.792363,103.79,99.97,824.99,,,,0,,,,
60.5963,frame,1751,65.892327,104.52,99.96,829.27,512,288,BGR888p,,,,,
60.5972,detections,1751,65.892327,105.1,99.96,830.12,,,,1,2:0.47,,,
60.6992,frame,1754,65.992293,102.91,99.97,832.27,512,288,BGR888p,,,,,
60.6995,detections,1754,65.992293,102.32,99.97,832.48,,,,1,2:0.45,,,
60.8008,frame,1757,66.092258,101.56,99.96,833.86,512,288,BGR888p,,,,,
60.801,detections,1757,66.092258,101.56,99.96,834.07,,,,1,2:0.62,,,
60.9017,frame,1760,66.192224,100.95,99.97,834.84,512,288,BGR888p,,,,,
60.902,detections,1760,66.192224,100.95,99.97,835.06,,,,1,2:0.61,,,
61.0057,frame,1763,66.292188,103.98,99.96,838.87,512,288,BGR888p,,,,,
61.006,detections,1763,66.292188,103.99,99.96,839.08,,,,1,2:0.63,,,
61.1113,frame,1766,66.392154,105.53,99.97,844.46,512,288,BGR888p,,,,,
61.1125,detections,1766,66.392154,106.57,99.97,845.74,,,,1,2:0.64,,,
61.2151,frame,1770,66.525441,103.86,133.29,815.05,512,288,BGR888p,,,,,
61.2156,detections,1770,66.525441,103.02,133.29,815.43,,,,1,2:0.64,,,
61.3183,frame,1773,66.625408,103.21,99.97,818.26,512,288,BGR888p,,,,,
61.3186,detections,1773,66.625408,103.03,99.97,818.5,,,,1,2:0.64,,,
61.422,frame,1776,66.725374,103.69,99.97,821.98,512,288,BGR888p,,,,,
61.4223,detections,1776,66.725374,103.71,99.97,822.23,,,,1,2:0.60,,,
61.4225,system,0,,1034.05,,,,,,,,48.47,21.8,13.0
61.5226,frame,1779,66.825345,100.62,99.97,822.63,512,288,BGR888p,,,,,
61.5229,detections,1779,66.825345,100.59,99.97,822.85,,,,1,2:0.59,,,
61.6253,frame,1782,66.925309,102.65,99.96,825.32,512,288,BGR888p,,,,,
61.6256,detections,1782,66.925309,102.65,99.96,825.54,,,,1,2:0.64,,,
61.7285,frame,1785,67.025272,103.24,99.96,828.59,512,288,BGR888p,,,,,
61.7288,detections,1785,67.025272,103.23,99.96,828.81,,,,1,2:0.65,,,
61.8307,frame,1788,67.125238,102.16,99.97,830.79,512,288,BGR888p,,,,,
61.8309,detections,1788,67.125238,102.16,99.97,831.0,,,,1,2:0.62,,,
61.9349,frame,1791,67.225211,104.21,99.97,835.03,512,288,BGR888p,,,,,
61.9352,detections,1791,67.225211,104.24,99.97,835.31,,,,1,2:0.60,,,
62.0341,frame,1794,67.325167,99.21,99.96,834.35,512,288,BGR888p,,,,,
62.0344,detections,1794,67.325167,99.24,99.96,834.56,,,,1,2:0.60,,,
62.1376,frame,1797,67.425132,103.44,99.97,837.76,512,288,BGR888p,,,,,
62.1378,detections,1797,67.425132,103.38,99.97,837.98,,,,1,2:0.59,,,
62.2409,frame,1801,67.55842,103.33,133.29,807.8,512,288,BGR888p,,,,,
62.2413,detections,1801,67.55842,103.5,133.29,808.2,,,,1,2:0.54,,,
62.347,frame,1804,67.658386,106.07,99.97,813.9,512,288,BGR888p,,,,,
62.3472,detections,1804,67.658386,105.93,99.97,814.16,,,,1,2:0.46,,,
62.4488,frame,1807,67.758356,101.82,99.97,815.76,512,288,BGR888p,,,,,
62.449,detections,1807,67.758356,101.79,99.97,815.97,,,,1,2:0.43,,,
62.4493,system,0,,1026.77,,,,,,,,48.97,20.8,12.3
62.5508,frame,1810,67.858318,102.0,99.96,817.8,512,288,BGR888p,,,,,
62.551,detections,1810,67.858318,102.01,99.96,818.02,,,,1,2:0.49,,,
62.6542,frame,1813,67.958283,103.41,99.96,821.25,512,288,BGR888p,,,,,
62.6544,detections,1813,67.958283,103.41,99.96,821.46,,,,1,2:0.42,,,
62.756,frame,1816,68.05825,101.82,99.97,817.97,512,288,BGR888p,,,,,
62.7563,detections,1816,68.05825,101.86,99.97,818.24,,,,1,2:0.43,,,
62.859,frame,1819,68.158215,102.96,99.96,820.98,512,288,BGR888p,,,,,
62.8593,detections,1819,68.158215,102.99,99.96,821.28,,,,1,2:0.50,,,
62.9624,frame,1822,68.258181,103.44,99.97,824.45,512,288,BGR888p,,,,,
62.9627,detections,1822,68.258181,103.37,99.97,824.67,,,,1,2:0.50,,,
63.0651,frame,1825,68.358147,102.71,99.97,827.25,512,288,BGR888p,,,,,
63.0657,detections,1825,68.358147,103.0,99.97,827.75,,,,1,2:0.50,,,
63.1682,frame,1828,68.458119,103.12,99.97,830.34,512,288,BGR888p,,,,,
63.1685,detections,1828,68.458119,102.83,99.97,830.56,,,,1,2:0.46,,,
63.2707,frame,1831,68.558077,102.45,99.96,832.83,512,288,BGR888p,,,,,
63.2711,detections,1831,68.558077,102.6,99.96,833.25,,,,1,2:0.47,,,
63.3771,frame,1834,68.658042,106.42,99.96,839.34,512,288,BGR888p,,,,,
63.3774,detections,1834,68.658042,106.33,99.96,839.57,,,,1,2:0.46,,,
63.4799,frame,1838,68.79133,102.76,133.29,808.77,512,288,BGR888p,,,,,
63.4806,detections,1838,68.79133,103.16,133.29,809.48,,,,0,,,,
63.4808,system,0,,1031.55,,,,,,,,48.64,21.6,13.2
63.583,frame,1841,68.891295,103.08,99.96,811.82,512,288,BGR888p,,,,,
63.5831,detections,1841,68.891295,102.5,99.96,811.93,,,,1,2:0.46,,,
63.6854,frame,1844,68.991262,102.47,99.97,814.38,512,288,BGR888p,,,,,
63.6857,detections,1844,68.991262,102.58,99.97,814.59,,,,1,2:0.59,,,
63.7883,frame,1847,69.091228,102.84,99.97,817.25,512,288,BGR888p,,,,,
63.7885,detections,1847,69.091228,102.84,99.97,817.46,,,,1,2:0.61,,,
63.8924,frame,1850,69.191194,104.12,99.97,821.41,512,288,BGR888p,,,,,
63.8926,detections,1850,69.191194,104.14,99.97,821.64,,,,1,2:0.55,,,
63.9959,frame,1853,69.29116,103.56,99.97,824.99,512,288,BGR888p,,,,,
63.9962,detections,1853,69.29116,103.6,99.97,825.28,,,,1,2:0.51,,,
64.098,frame,1856,69.391126,102.1,99.97,827.17,512,288,BGR888p,,,,,
64.0984,detections,1856,69.391126,102.1,99.97,827.42,,,,1,2:0.46,,,
64.2017,frame,1859,69.491091,103.67,99.96,830.83,512,288,BGR888p,,,,,
64.202,detections,1859,69.491091,103.6,99.96,831.04,,,,1,2:0.50,,,
64.3015,frame,1862,69.591057,99.81,99.97,830.64,512,288,BGR888p,,,,,
64.3018,detections,1862,69.591057,99.81,99.97,830.86,,,,1,2:0.51,,,
64.4045,frame,1865,69.69102,102.98,99.96,833.7,512,288,BGR888p,,,,,
64.4048,detections,1865,69.69102,103.01,99.96,833.94,,,,1,2:0.53,,,
64.405,system,0,,924.16,,,,,,,,49.14,21.7,13.2
64.5089,frame,1868,69.790986,104.4,99.97,838.12,512,288,BGR888p,,,,,
64.5092,detections,1868,69.790986,104.4,99.97,838.37,,,,1,2:0.54,,,
64.6134,frame,1872,69.924274,104.46,133.29,809.3,512,288,BGR888p,,,,,
64.614,detections,1872,69.924274,104.83,133.29,809.94,,,,1,2:0.45,,,
64.7164,frame,1875,70.02424,103.05,99.97,812.4,512,288,BGR888p,,,,,
64.7167,detections,1875,70.02424,102.68,99.97,812.63,,,,1,2:0.48,,,
64.8179,frame,1878,70.124206,101.5,99.97,813.92,512,288,BGR888p,,,,,
64.8182,detections,1878,70.124206,101.5,99.97,814.16,,,,1,2:0.39,,,
64.9214,frame,1881,70.224172,103.53,99.97,817.47,512,288,BGR888p,,,,,
64.9217,detections,1881,70.224172,103.5,99.97,817.69,,,,0,,,,
65.0242,frame,1884,70.324141,102.82,99.97,820.32,512,288,BGR888p,,,,,
65.0245,detections,1884,70.324141,102.83,99.97,820.55,,,,1,2:0.45,,,
65.1304,frame,1887,70.424107,106.16,99.97,826.52,512,288,BGR888p,,,,,
65.1307,detections,1887,70.424107,106.15,99.97,826.74,,,,1,2:0.46,,,
65.2323,frame,1890,70.524069,101.87,99.96,828.43,512,288,BGR888p,,,,,
65.2329,detections,1890,70.524069,102.27,99.96,829.08,,,,1,2:0.45,,,
65.3362,frame,1893,70.624034,103.9,99.96,832.36,512,288,BGR888p,,,,,
65.3366,detections,1893,70.624034,103.65,99.96,832.74,,,,1,2:0.47,,,
65.4364,frame,1896,70.724002,100.23,99.97,832.62,512,288,BGR888p,,,,,
65.4367,detections,1896,70.724002,100.07,99.97,832.84,,,,1,2:0.51,,,
65.4368,system,0,,1031.86,,,,,,,,48.64,21.4,13.0
65.5396,frame,1899,70.823966,103.19,99.96,835.85,512,288,BGR888p,,,,,
65.5398,detections,1899,70.823966,103.19,99.96,836.06,,,,1,2:0.60,,,
65.6444,frame,1902,70.92393,104.84,99.96,840.72,512,288,BGR888p,,,,,
65.6447,detections,1902,70.92393,104.84,99.96,840.93,,,,1,2:0.58,,,
65.7483,frame,1906,71.057218,103.88,133.29,811.31,512,288,BGR888p,,,,,
65.7486,detections,1906,71.057218,103.88,133.29,811.52,,,,1,2:0.60,,,
65.851,frame,1909,71.157185,102.68,99.97,814.02,512,288,BGR888p,,,,,
65.8513,detections,1909,71.157185,102.71,99.97,814.27,,,,1,2:0.59,,,
65.9515,frame,1912,71.25715,100.51,99.96,814.57,512,288,BGR888p,,,,,
65.9518,detections,1912,71.25715,100.48,99.96,814.78,,,,1,2:0.57,,,
66.0554,frame,1915,71.357116,103.92,99.97,818.53,512,288,BGR888p,,,,,
66.0557,detections,1915,71.357116,103.94,99.97,818.76,,,,1,2:0.60,,,
66.1573,frame,1918,71.457082,101.93,99.97,820.49,512,288,BGR888p,,,,,
66.1576,detections,1918,71.457082,101.92,99.97,820.72,,,,1,2:0.60,,,
66.2603,frame,1921,71.557051,102.96,99.97,823.47,512,288,BGR888p,,,,,
66.2606,detections,1921,71.557051,102.94,99.97,823.68,,,,1,2:0.60,,,
66.3659,frame,1924,71.657013,105.57,99.96,829.08,512,288,BGR888p,,,,,
66.3663,detections,1924,71.657013,105.76,99.96,829.49,,,,1,2:0.54,,,
66.4694,frame,1927,71.756979,103.54,99.97,832.65,512,288,BGR888p,,,,,
66.4697,detections,1927,71.756979,103.36,99.97,832.87,,,,1,2:0.51,,,
66.4699,system,0,,1033.01,,,,,,,,48.97,21.3,12.2
66.5694,frame,1930,71.856953,100.01,99.97,832.69,512,288,BGR888p,,,,,
66.5697,detections,1930,71.856953,100.01,99.97,832.9,,,,0,,,,
66.6722,frame,1933,71.956909,102.8,99.96,835.52,512,288,BGR888p,,,,,
66.6725,detections,1933,71.956909,102.78,99.96,835.71,,,,0,,,,
66.7746,frame,1936,72.056874,102.37,99.96,837.94,512,288,BGR888p,,,,,
66.7749,detections,1936,72.056874,102.4,99.96,838.16,,,,1,2:0.43,,,
66.8802,frame,1940,72.190162,105.59,133.29,810.24,512,288,BGR888p,,,,,
66.8807,detections,1940,72.190162,105.9,133.29,810.8,,,,1,2:0.58,,,
66.9832,frame,1943,72.290128,103.03,99.97,813.31,512,288,BGR888p,,,,,
66.9835,detections,1943,72.290128,102.72,99.97,813.52,,,,1,2:0.53,,,
67.0859,frame,1946,72.390094,102.66,99.97,816.0,512,288,BGR888p,,,,,
67.0861,detections,1946,72.390094,102.67,99.97,816.25,,,,1,2:0.59,,,
67.189,frame,1949,72.490074,103.1,99.98,819.12,512,288,BGR888p,,,,,
67.1893,detections,1949,72.490074,103.13,99.98,819.37,,,,1,2:0.60,,,
67.2929,frame,1952,72.590026,103.96,99.95,823.13,512,288,BGR888p,,,,,
67.2932,detections,1952,72.590026,103.96,99.95,823.37,,,,1,2:0.54,,,
67.3942,frame,1955,72.689995,101.23,99.97,824.39,512,288,BGR888p,,,,,
67.3946,detections,1955,72.689995,101.36,99.97,824.77,,,,1,2:0.43,,,
67.5004,frame,1958,72.789958,106.27,99.96,830.7,512,288,BGR888p,,,,,
67.5007,detections,1958,72.789958,106.12,99.96,830.92,,,,0,,,,
67.5009,system,0,,1031.0,,,,,,,,48.97,21.8,13.0
67.601,frame,1961,72.889923,100.54,99.96,831.25,512,288,BGR888p,,,,,
67.6014,detections,1961,72.889923,100.72,99.96,831.67,,,,0,,,,
67.7037,frame,1964,72.989908,102.68,99.99,833.97,512,288,BGR888p,,,,,
67.7039,detections,1964,72.989908,102.51,99.99,834.19,,,,0,,,,
67.8037,frame,1967,73.089853,100.01,99.95,834.04,512,288,BGR888p,,,,,
67.8039,detections,1967,73.089853,100.02,99.95,834.27,,,,0,,,,
67.9082,frame,1970,73.189819,104.57,99.97,838.64,512,288,BGR888p,,,,,
67.9085,detections,1970,73.189819,104.57,99.97,838.87,,,,0,,,,
68.0124,frame,1974,73.323106,104.14,133.29,809.5,512,288,BGR888p,,,,,
68.0131,detections,1974,73.323106,104.54,133.29,810.18,,,,1,2:0.42,,,
68.1175,frame,1977,73.423072,105.1,99.97,814.63,512,288,BGR888p,,,,,
68.1177,detections,1977,73.423072,104.69,99.97,814.85,,,,1,2:0.44,,,
68.2178,frame,1980,73.523039,100.3,99.97,814.97,512,288,BGR888p,,,,,
68.218,detections,1980,73.523039,100.3,99.97,815.18,,,,1,2:0.51,,,
68.3203,frame,1983,73.623005,102.47,99.97,817.47,512,288,BGR888p,,,,,
68.3205,detections,1983,73.623005,102.47,99.97,817.68,,,,0,,,,
68.4237,frame,1986,73.72297,103.41,99.96,820.91,512,288,BGR888p,,,,,
68.4241,detections,1986,73.72297,103.57,99.96,821.31,,,,1,2:0.59,,,
68.4243,system,0,,923.43,,,,,,,,49.03,22.2,12.9
68.5268,frame,1989,73.822938,103.18,99.97,824.13,512,288,BGR888p,,,,,
68.5271,detections,1989,73.822938,103.04,99.97,824.4,,,,1,2:0.61,,,
68.631,frame,1992,73.922902,104.19,99.96,828.35,512,288,BGR888p,,,,,
68.6313,detections,1992,73.922902,104.2,99.96,828.59,,,,1,2:0.38,,,
68.7356,frame,1995,74.02287,104.55,99.97,832.93,512,288,BGR888p,,,,,
68.7358,detections,1995,74.02287,104.52,99.97,833.14,,,,0,,,,
68.8361,frame,1998,74.122833,100.54,99.96,833.53,512,288,BGR888p,,,,,
68.8364,detections,1998,74.122833,100.58,99.96,833.79,,,,1,2:0.40,,,
68.9376,frame,2001,74.2228,101.46,99.97,835.0,512,288,BGR888p,,,,,
68.9379,detections,2001,74.2228,101.44,99.97,835.24,,,,1,2:0.45,,,
69.0387,frame,2004,74.322763,101.15,99.96,836.18,512,288,BGR888p,,,,,
69.039,detections,2004,74.322763,101.12,99.96,836.39,,,,1,2:0.59,,,
69.1422,frame,2007,74.422728,103.52,99.97,839.73,512,288,BGR888p,,,,,
69.1425,detections,2007,74.422728,103.52,99.97,839.95,,,,1,2:0.63,,,
69.2466,frame,2011,74.556016,104.32,133.29,810.77,512,288,BGR888p,,,,,
69.2468,detections,2011,74.556016,104.34,133.29,811.0,,,,1,2:0.60,,,
69.3503,frame,2014,74.655983,103.78,99.97,814.57,512,288,BGR888p,,,,,
69.3506,detections,2014,74.655983,103.76,99.97,814.79,,,,1,2:0.61,,,
69.4512,frame,2017,74.755948,100.87,99.96,815.48,512,288,BGR888p,,,,,
69.4516,detections,2017,74.755948,101.0,99.96,815.83,,,,1,2:0.59,,,
69.4518,system,0,,1027.49,,,,,,,,48.86,21.9,12.6
69.5545,frame,2020,74.855914,103.28,99.97,818.79,512,288,BGR888p,,,,,
69.5547,detections,2020,74.855914,103.15,99.97,819.01,,,,1,2:0.66,,,
69.657,frame,2023,74.955881,102.55,99.97,821.37,512,288,BGR888p,,,,,
69.6573,detections,2023,74.955881,102.57,99.97,821.61,,,,1,2:0.60,,,
69.7589,frame,2026,75.055849,101.9,99.97,823.3,512,288,BGR888p,,,,,
69.7592,detections,2026,75.055849,101.92,99.97,823.58,,,,1,2:0.45,,,
69.8646,frame,2029,75.155812,105.71,99.96,829.04,512,288,BGR888p,,,,,
69.8649,detections,2029,75.155812,105.66,99.96,829.26,,,,1,2:0.45,,,
69.9651,frame,2032,75.255777,100.44,99.96,829.54,512,288,BGR888p,,,,,
69.9661,detections,2032,75.255777,101.25,99.96,830.66,,,,1,2:0.41,,,
70.0687,frame,2035,75.355746,103.6,99.97,833.14,512,288,BGR888p,,,,,
70.0689,detections,2035,75.355746,102.77,99.97,833.35,,,,1,2:0.39,,,
70.1708,frame,2038,75.455711,102.18,99.96,835.35,512,288,BGR888p,,,,,
70.1711,detections,2038,75.455711,102.19,99.96,835.63,,,,1,2:0.39,,,
70.2706,frame,2041,75.555673,99.8,99.96,829.76,512,288,BGR888p,,,,,
70.2709,detections,2041,75.555673,99.8,99.96,829.98,,,,1,2:0.39,,,
70.3736,frame,2044,75.655638,102.93,99.96,832.73,512,288,BGR888p,,,,,
70.3738,detections,2044,75.655638,102.93,99.96,832.94,,,,1,2:0.42,,,
70.4792,frame,2048,75.788926,105.66,133.29,805.1,512,288,BGR888p,,,,,
70.4796,detections,2048,75.788926,105.79,133.29,805.45,,,,0,,,,
70.4798,system,0,,1028.01,,,,,,,,49.08,21.4,12.6
70.5823,frame,2051,75.888892,103.1,99.97,808.23,512,288,BGR888p,,,,,
70.5826,detections,2051,75.888892,102.98,99.97,808.46,,,,0,,,,
70.6854,frame,2054,75.988858,103.09,99.97,811.35,512,288,BGR888p,,,,,
70.6857,detections,2054,75.988858,103.12,99.97,811.61,,,,0,,,,
70.7876,frame,2057,76.088824,102.15,99.97,813.54,512,288,BGR888p,,,,,
70.7878,detections,2057,76.088824,102.13,99.97,813.78,,,,0,,,,
70.8898,frame,2060,76.188789,102.19,99.96,815.76,512,288,BGR888p,,,,,
70.8903,detections,2060,76.188789,102.42,99.96,816.24,,,,0,,,,
70.9926,frame,2063,76.288756,102.85,99.97,818.65,512,288,BGR888p,,,,,
70.9929,detections,2063,76.288756,102.63,99.97,818.9,,,,0,,,,
71.0951,frame,2066,76.388722,102.44,99.97,821.16,512,288,BGR888p,,,,,
71.0954,detections,2066,76.388722,102.48,99.97,821.41,,,,0,,,,
71.1996,frame,2069,76.488687,104.53,99.96,825.68,512,288,BGR888p,,,,,
71.2001,detections,2069,76.488687,104.73,99.96,826.23,,,,0,,,,
71.3025,frame,2072,76.588653,102.88,99.97,828.6,512,288,BGR888p,,,,,
71.3027,detections,2072,76.588653,102.62,99.97,828.82,,,,0,,,,
71.4046,frame,2075,76.68862,102.1,99.97,830.73,512,288,BGR888p,,,,,
71.4048,detections,2075,76.68862,102.1,99.97,830.95,,,,1,2:0.37,,,
71.5042,frame,2078,76.788582,99.64,99.96,830.42,512,288,BGR888p,,,,,
71.5046,detections,2078,76.788582,99.81,99.96,830.81,,,,0,,,,
71.5048,system,0,,1025.01,,,,,,,,48.92,21.7,13.0
71.6074,frame,2081,76.888548,103.25,99.97,833.69,512,288,BGR888p,,,,,
71.6077,detections,2081,76.888548,103.09,99.97,833.92,,,,0,,,,
71.7124,frame,2085,77.021836,104.95,133.29,805.34,512,288,BGR888p,,,,,
71.7126,detections,2085,77.021836,104.94,133.29,805.56,,,,0,,,,
71.8143,frame,2088,77.121802,101.95,99.97,807.33,512,288,BGR888p,,,,,
71.815,detections,2088,77.121802,102.34,99.97,807.97,,,,0,,,,
71.9179,frame,2091,77.221768,103.52,99.97,810.88,512,288,BGR888p,,,,,
71.9181,detections,2091,77.221768,103.14,99.97,811.15,,,,0,,,,
72.0187,frame,2094,77.321734,100.84,99.97,811.76,512,288,BGR888p,,,,,
72.019,detections,2094,77.321734,100.84,99.97,811.98,,,,0,,,,
72.1205,frame,2097,77.4217,101.82,99.97,813.58,512,288,BGR888p,,,,,
72.1207,detections,2097,77.4217,101.72,99.97,813.7,,,,0,,,,
72.2236,frame,2100,77.521665,103.08,99.96,816.74,512,288,BGR888p,,,,,
72.2239,detections,2100,77.521665,103.21,99.96,816.99,,,,0,,,,
72.3274,frame,2103,77.621631,103.78,99.97,820.55,512,288,BGR888p,,,,,
72.3276,detections,2103,77.621631,103.75,99.97,820.77,,,,0,,,,
72.432,frame,2106,77.721596,104.63,99.97,825.21,512,288,BGR888p,,,,,
72.4323,detections,2106,77.721596,104.67,99.97,825.48,,,,0,,,,
72.4325,system,0,,927.68,,,,,,,,49.08,22.0,12.8
72.5332,frame,2109,77.821562,101.17,99.97,826.42,512,288,BGR888p,,,,,
72.5338,detections,2109,77.821562,101.46,99.97,827.0,,,,0,,,,
72.6368,frame,2112,77.921528,103.59,99.97,830.04,512,288,BGR888p,,,,,
72.637,detections,2112,77.921528,103.27,99.97,830.27,,,,0,,,,
72.7378,frame,2115,78.021494,100.98,99.97,831.06,512,288,BGR888p,,,,,
72.738,detections,2115,78.021494,100.98,99.97,831.28,,,,0,,,,
72.8386,frame,2118,78.121458,100.81,99.96,831.9,512,288,BGR888p,,,,,
72.8388,detections,2118,78.121458,100.81,99.96,832.13,,,,0,,,,
72.9381,frame,2121,78.221424,99.56,99.97,831.53,512,288,BGR888p,,,,,
72.9384,detections,2121,78.221424,99.59,99.97,831.75,,,,0,,,,
73.042,frame,2125,78.354711,103.91,133.29,802.14,512,288,BGR888p,,,,,
73.0423,detections,2125,78.354711,103.91,133.29,802.37,,,,0,,,,
73.147,frame,2128,78.454677,104.92,99.97,807.07,512,288,BGR888p,,,,,
73.1472,detections,2128,78.454677,104.92,99.97,807.32,,,,0,,,,
73.25,frame,2131,78.554644,103.04,99.97,810.15,512,288,BGR888p,,,,,
73.2505,detections,2131,78.554644,103.26,99.97,810.64,,,,0,,,,
73.3528,frame,2134,78.654609,102.75,99.96,812.93,512,288,BGR888p,,,,,
73.353,detections,2134,78.654609,102.51,99.96,813.15,,,,0,,,,
73.4529,frame,2137,78.754575,100.19,99.97,813.16,512,288,BGR888p,,,,,
73.4532,detections,2137,78.754575,100.22,99.97,813.42,,,,0,,,,
73.4534,system,0,,1020.91,,,,,,,,48.25,21.4,12.6
73.5547,frame,2140,78.854543,101.73,99.97,814.92,512,288,BGR888p,,,,,
73.5551,detections,2140,78.854543,101.83,99.97,815.28,,,,0,,,,
73.6576,frame,2143,78.954507,102.95,99.96,817.91,512,288,BGR888p,,,,,
73.6579,detections,2143,78.954507,102.84,99.96,818.15,,,,0,,,,
73.7596,frame,2146,79.054472,101.97,99.96,819.91,512,288,BGR888p,,,,,
73.7598,detections,2146,79.054472,101.95,99.96,820.13,,,,0,,,,
73.8629,frame,2149,79.154438,103.28,99.97,823.22,512,288,BGR888p,,,,,
73.8631,detections,2149,79.154438,103.28,99.97,823.47,,,,0,,,,
73.9672,frame,2152,79.254404,104.31,99.97,827.57,512,288,BGR888p,,,,,
73.9683,detections,2152,79.254404,105.22,99.97,828.76,,,,0,,,,
74.0712,frame,2155,79.35437,104.04,99.97,831.64,512,288,BGR888p,,,,,
74.0715,detections,2155,79.35437,103.14,99.97,831.87,,,,0,,,,
74.1721,frame,2158,79.454337,100.88,99.97,832.58,512,288,BGR888p,,,,,
74.1724,detections,2158,79.454337,100.9,99.97,832.81,,,,0,,,,
74.2745,frame,2161,79.554299,102.38,99.96,834.97,512,288,BGR888p,,,,,
74.2747,detections,2161,79.554299,102.35,99.96,835.19,,,,0,,,,
74.3778,frame,2164,79.654265,103.28,99.97,838.28,512,288,BGR888p,,,,,
74.378,detections,2164,79.654265,103.28,99.97,838.5,,,,0,,,,
74.4815,frame,2168,79.787552,103.73,133.29,808.72,512,288,BGR888p,,,,,
74.4817,detections,2168,79.787552,103.73,133.29,808.95,,,,0,,,,
74.4819,system,0,,1028.51,,,,,,,,48.92,21.1,12.6
74.5861,frame,2171,79.887518,104.58,99.97,813.3,512,288,BGR888p,,,,,
74.5863,detections,2171,79.887518,104.57,99.97,813.51,,,,0,,,,
74.6862,frame,2174,79.987485,100.18,99.97,813.55,512,288,BGR888p,,,,,
74.6865,detections,2174,79.987485,100.2,99.97,813.77,,,,0,,,,
74.789,frame,2177,80.08745,102.8,99.96,816.42,512,288,BGR888p,,,,,
74.7893,detections,2177,80.08745,102.84,99.96,816.65,,,,0,,,,
74.8923,frame,2180,80.18742,103.3,99.97,819.71,512,288,BGR888p,,,,,
74.8926,detections,2180,80.18742,103.25,99.97,819.93,,,,0,,,,
74.9961,frame,2183,80.287383,103.71,99.96,823.52,512,288,BGR888p,,,,,
74.9964,detections,2183,80.287383,103.83,99.96,823.81,,,,0,,,,
75.0995,frame,2186,80.387347,103.45,99.96,826.95,512,288,BGR888p,,,,,
75.0998,detections,2186,80.387347,103.35,99.96,827.19,,,,0,,,,
75.201,frame,2189,80.487313,101.51,99.97,828.49,512,288,BGR888p,,,,,
75.2013,detections,2189,80.487313,101.52,99.97,828.75,,,,0,,,,
75.3068,frame,2192,80.587279,105.82,99.97,834.34,512,288,BGR888p,,,,,
75.3071,detections,2192,80.587279,105.79,99.97,834.59,,,,0,,,,
75.406,frame,2195,80.687244,99.15,99.97,833.53,512,288,BGR888p,,,,,
75.4063,detections,2195,80.687244,99.18,99.97,833.78,,,,0,,,,
75.5109,frame,2198,80.787209,104.88,99.96,838.44,512,288,BGR888p,,,,,
75.5111,detections,2198,80.787209,104.85,99.96,838.69,,,,0,,,,
75.5113,system,0,,1029.4,,,,,,,,49.03,22.4,12.9
75.6157,frame,2201,80.887175,104.84,99.97,843.31,512,288,BGR888p,,,,,
75.6161,detections,2201,80.887175,104.97,99.97,843.71,,,,0,,,,
75.7195,frame,2205,81.020462,103.78,133.29,813.8,512,288,BGR888p,,,,,
75.7197,detections,2205,81.020462,103.65,133.29,814.03,,,,0,,,,
75.8197,frame,2208,81.120428,100.21,99.97,814.05,512,288,BGR888p,,,,,
75.8199,detections,2208,81.120428,100.21,99.97,814.27,,,,0,,,,
75.9218,frame,2211,81.220394,102.12,99.97,816.19,512,288,BGR888p,,,,,
75.9221,detections,2211,81.220394,102.11,99.97,816.42,,,,0,,,,
76.0252,frame,2214,81.320365,103.4,99.97,819.63,512,288,BGR888p,,,,,
76.0255,detections,2214,81.320365,103.41,99.97,819.85,,,,0,,,,
76.1279,frame,2217,81.420326,102.73,99.96,822.39,512,288,BGR888p,,,,,
76.1282,detections,2217,81.420326,102.75,99.96,822.64,,,,0,,,,
76.2328,frame,2220,81.520292,104.91,99.97,827.34,512,288,BGR888p,,,,,
76.2331,detections,2220,81.520292,104.89,99.97,827.61,,,,0,,,,
76.3335,frame,2223,81.620257,100.66,99.96,828.04,512,288,BGR888p,,,,,
76.3342,detections,2223,81.620257,101.07,99.96,828.71,,,,0,,,,
76.4366,frame,2226,81.720223,103.13,99.97,831.2,512,288,BGR888p,,,,,
76.4369,detections,2226,81.720223,102.72,99.97,831.42,,,,0,,,,
76.4371,system,0,,925.75,,,,,,,,49.14,22.3,12.9
76.5393,frame,2229,81.820189,102.69,99.97,833.92,512,288,BGR888p,,,,,
76.5396,detections,2229,81.820189,102.68,99.97,834.14,,,,0,,,,
76.6403,frame,2232,81.920153,100.95,99.96,834.9,512,288,BGR888p,,,,,
76.6407,detections,2232,81.920153,101.08,99.96,835.3,,,,0,,,,
76.7433,frame,2235,82.020119,102.99,99.97,837.93,512,288,BGR888p,,,,,
76.7435,detections,2235,82.020119,102.86,99.97,838.15,,,,0,,,,
76.8485,frame,2239,82.153406,105.2,133.29,809.84,512,288,BGR888p,,,,,
76.8487,detections,2239,82.153406,105.2,133.29,810.06,,,,0,,,,
76.9516,frame,2242,82.253372,103.13,99.97,813.0,512,288,BGR888p,,,,,
76.9518,detections,2242,82.253372,103.13,99.97,813.23,,,,0,,,,
77.0539,frame,2245,82.353341,102.35,99.97,815.39,512,288,BGR888p,,,,,
77.0542,detections,2245,82.353341,102.37,99.97,815.63,,,,0,,,,
77.1546,frame,2248,82.453304,100.67,99.96,816.12,512,288,BGR888p,,,,,
77.1549,detections,2248,82.453304,100.7,99.96,816.38,,,,0,,,,
77.2567,frame,2251,82.55327,102.06,99.97,818.18,512,288,BGR888p,,,,,
77.2569,detections,2251,82.55327,102.0,99.97,818.4,,,,0,,,,
77.3609,frame,2254,82.653236,104.19,99.97,822.41,512,288,BGR888p,,,,,
77.3611,detections,2254,82.653236,104.19,99.97,822.65,,,,0,,,,
77.467,frame,2257,82.753204,106.14,99.97,828.58,512,288,BGR888p,,,,,
77.4673,detections,2257,82.753204,106.18,99.97,828.84,,,,0,,,,
77.4675,system,0,,1030.4,,,,,,,,49.08,21.5,12.6
77.5673,frame,2260,82.853167,100.34,99.96,828.96,512,288,BGR888p,,,,,
77.5676,detections,2260,82.853167,100.31,99.96,829.18,,,,0,,,,
77.6705,frame,2263,82.953134,103.13,99.97,832.13,512,288,BGR888p,,,,,
77.6709,detections,2263,82.953134,103.3,99.97,832.54,,,,0,,,,
77.7712,frame,2266,83.053099,100.75,99.96,832.92,512,288,BGR888p,,,,,
77.7718,detections,2266,83.053099,100.89,99.96,833.47,,,,0,,,,
77.8734,frame,2269,83.153063,102.15,99.96,835.1,512,288,BGR888p,,,,,
77.8736,detections,2269,83.153063,101.84,99.96,835.32,,,,0,,,,
77.9731,frame,2272,83.253028,99.77,99.96,834.93,512,288,BGR888p,,,,,
77.9734,detections,2272,83.253028,99.8,99.96,835.15,,,,0,,,,
78.0768,frame,2275,83.352994,103.63,99.97,838.57,512,288,BGR888p,,,,,
78.077,detections,2275,83.352994,103.6,99.97,838.79,,,,0,,,,
78.1812,frame,2279,83.486282,104.46,133.29,809.74,512,288,BGR888p,,,,,
78.1815,detections,2279,83.486282,104.47,133.29,809.97,,,,0,,,,
78.2848,frame,2282,83.586255,103.58,99.97,808.41,512,288,BGR888p,,,,,
78.2851,detections,2282,83.586255,103.58,99.97,808.65,,,,0,,,,
78.3878,frame,2285,83.686214,102.95,99.96,811.41,512,288,BGR888p,,,,,
78.3881,detections,2285,83.686214,102.98,99.96,811.66,,,,0,,,,
78.4878,frame,2288,83.78618,100.04,99.97,811.49,512,288,BGR888p,,,,,
78.4881,detections,2288,83.78618,100.03,99.97,811.76,,,,0,,,,
78.4883,system,0,,1020.85,,,,,,,,49.64,21.5,12.4
78.5918,frame,2291,83.886146,103.98,99.97,815.49,512,288,BGR888p,,,,,
78.592,detections,2291,83.886146,103.96,99.97,815.72,,,,0,,,,
78.6954,frame,2294,83.986113,103.59,99.97,819.12,512,288,BGR888p,,,,,
78.6958,detections,2294,83.986113,103.72,99.97,819.49,,,,0,,,,
78.7976,frame,2297,84.086077,102.27,99.96,821.42,512,288,BGR888p,,,,,
78.7979,detections,2297,84.086077,102.13,99.96,821.64,,,,0,,,,
78.9012,frame,2300,84.186043,103.6,99.97,825.06,512,288,BGR888p,,,,,
78.9015,detections,2300,84.186043,103.6,99.97,825.28,,,,0,,,,
79.0032,frame,2303,84.286009,101.96,99.97,827.05,512,288,BGR888p,,,,,
79.0038,detections,2303,84.286009,102.34,99.97,827.69,,,,0,,,,
79.106,frame,2306,84.38598,102.78,99.97,829.85,512,288,BGR888p,,,,,
79.1063,detections,2306,84.38598,102.42,99.97,830.1,,,,0,,,,
79.2066,frame,2309,84.485939,100.64,99.96,830.54,512,288,BGR888p,,,,,
79.2069,detections,2309,84.485939,100.62,99.96,830.76,,,,0,,,,
79.3091,frame,2312,84.585904,102.47,99.96,833.08,512,288,BGR888p,,,,,
79.3094,detections,2312,84.585904,102.5,99.96,833.3,,,,0,,,,
79.4114,frame,2316,84.719191,102.34,133.29,802.09,512,288,BGR888p,,,,,
79.4119,detections,2316,84.719191,102.47,133.29,802.52,,,,0,,,,
79.5171,frame,2319,84.819158,105.66,99.97,807.83,512,288,BGR888p,,,,,
79.5174,detections,2319,84.819158,105.53,99.97,808.05,,,,0,,,,
79.5176,system,0,,1029.26,,,,,,,,49.14,21.8,12.7
79.6186,frame,2322,84.919124,101.5,99.97,809.32,512,288,BGR888p,,,,,
79.6196,detections,2322,84.919124,102.24,99.97,810.36,,,,0,,,,
79.7215,frame,2325,85.01909,102.91,99.97,812.26,512,288,BGR888p,,,,,
79.7219,detections,2325,85.01909,102.26,99.97,812.63,,,,0,,,,
79.8234,frame,2328,85.119058,101.95,99.97,814.25,512,288,BGR888p,,,,,
79.8237,detections,2328,85.119058,101.82,99.97,814.48,,,,0,,,,
79.9277,frame,2331,85.219021,104.24,99.96,818.52,512,288,BGR888p,,,,,
79.9279,detections,2331,85.219021,104.23,99.96,818.74,,,,0,,,,
80.0306,frame,2334,85.318987,102.91,99.97,821.46,512,288,BGR888p,,,,,
80.0309,detections,2334,85.318987,102.91,99.97,821.69,,,,0,,,,
80.1339,frame,2337,85.418953,103.33,99.97,824.82,512,288,BGR888p,,,,,
80.1342,detections,2337,85.418953,103.36,99.97,825.08,,,,0,,,,
80.2377,frame,2340,85.518918,103.77,99.96,828.63,512,288,BGR888p,,,,,
80.238,detections,2340,85.518918,103.75,99.96,828.88,,,,0,,,,
80.339,frame,2343,85.618884,101.3,99.97,829.96,512,288,BGR888p,,,,,
80.3393,detections,2343,85.618884,101.31,99.97,830.22,,,,0,,,,
80.4416,frame,2346,85.718849,102.59,99.97,832.59,512,288,BGR888p,,,,,
80.4418,detections,2346,85.718849,102.56,99.97,832.81,,,,0,,,,
80.442,system,0,,924.45,,,,,,,,49.14,21.8,13.3
80.5425,frame,2349,85.818814,100.95,99.96,833.57,512,288,BGR888p,,,,,
80.5428,detections,2349,85.818814,100.95,99.96,833.8,,,,0,,,,
80.6487,frame,2352,85.918779,106.12,99.96,839.73,512,288,BGR888p,,,,,
80.6489,detections,2352,85.918779,106.12,99.96,839.95,,,,0,,,,
80.7507,frame,2356,86.052067,102.02,133.29,808.45,512,288,BGR888p,,,,,
80.7514,detections,2356,86.052067,102.5,133.29,809.2,,,,0,,,,
80.8542,frame,2359,86.152036,103.51,99.97,812.0,512,288,BGR888p,,,,,
80.8544,detections,2359,86.152036,103.03,99.97,812.23,,,,0,,,,
80.957,frame,2362,86.251999,102.82,99.96,814.85,512,288,BGR888p,,,,,
80.9573,detections,2362,86.251999,102.84,99.96,815.1,,,,0,,,,
81.06,frame,2365,86.351965,102.97,99.97,817.86,512,288,BGR888p,,,,,
81.0603,detections,2365,86.351965,102.98,99.97,818.11,,,,0,,,,
81.163,frame,2368,86.451931,103.04,99.97,820.94,512,288,BGR888p,,,,,
81.1633,detections,2368,86.451931,103.07,99.97,821.22,,,,0,,,,
81.2679,frame,2371,86.551898,104.86,99.97,825.82,512,288,BGR888p,,,,,
81.2681,detections,2371,86.551898,104.8,99.97,826.07,,,,0,,,,
81.3692,frame,2374,86.651869,101.36,99.97,827.21,512,288,BGR888p,,,,,
81.3695,detections,2374,86.651869,101.36,99.97,827.43,,,,0,,,,
81.4718,frame,2377,86.751828,102.58,99.96,829.84,512,288,BGR888p,,,,,
81.4721,detections,2377,86.751828,102.58,99.96,830.05,,,,0,,,,
81.4723,system,0,,1030.27,,,,,,,,49.36,20.9,12.9
81.5737,frame,2380,86.851795,101.84,99.97,831.71,512,288,BGR888p,,,,,
81.5739,detections,2380,86.851795,101.84,99.97,831.93,,,,0,,,,
81.6737,frame,2383,86.951758,100.0,99.96,831.75,512,288,BGR888p,,,,,
81.6739,detections,2383,86.951758,100.0,99.96,831.97,,,,0,,,,
81.7766,frame,2386,87.051724,102.99,99.97,834.78,512,288,BGR888p,,,,,
81.777,detections,2386,87.051724,103.13,99.97,835.18,,,,0,,,,
81.8827,frame,2390,87.185011,106.02,133.29,807.51,512,288,BGR888p,,,,,
81.8829,detections,2390,87.185011,105.89,133.29,807.73,,,,0,,,,
81.9851,frame,2393,87.284977,102.44,99.97,810.02,512,288,BGR888p,,,,,
81.9858,detections,2393,87.284977,102.87,99.97,810.67,,,,0,,,,
82.0883,frame,2396,87.384943,103.22,99.97,813.23,512,288,BGR888p,,,,,
82.0886,detections,2396,87.384943,102.78,99.97,813.46,,,,0,,,,
82.1906,frame,2399,87.484909,102.32,99.97,815.59,512,288,BGR888p,,,,,
82.1909,detections,2399,87.484909,102.32,99.97,815.81,,,,0,,,,
82.293,frame,2402,87.584875,102.34,99.97,817.96,512,288,BGR888p,,,,,
82.2933,detections,2402,87.584875,102.36,99.97,818.2,,,,0,,,,
82.3961,frame,2405,87.684841,103.11,99.97,821.14,512,288,BGR888p,,,,,
82.3964,detections,2405,87.684841,103.12,99.97,821.36,,,,0,,,,
82.5007,frame,2408,87.784809,104.65,99.97,825.78,512,288,BGR888p,,,,,
82.501,detections,2408,87.784809,104.61,99.97,826.0,,,,0,,,,
82.5012,system,0,,1028.91,,,,,,,,49.58,21.5,12.6
82.6032,frame,2411,87.884772,102.45,99.96,828.2,512,288,BGR888p,,,,,
82.6039,detections,2411,87.884772,102.92,99.96,828.92,,,,0,,,,
82.7078,frame,2414,87.984741,104.66,99.97,832.96,512,288,BGR888p,,,,,
82.7081,detections,2414,87.984741,104.19,99.97,833.22,,,,0,,,,
82.8078,frame,2417,88.084704,99.99,99.96,832.99,512,288,BGR888p,,,,,
82.8083,detections,2417,88.084704,100.15,99.96,833.38,,,,0,,,,
82.9124,frame,2420,88.184668,104.54,99.96,837.57,512,288,BGR888p,,,,,
82.9128,detections,2420,88.184668,104.55,99.96,837.99,,,,0,,,,
83.0166,frame,2423,88.284633,104.18,99.96,841.78,512,288,BGR888p,,,,,
83.0168,detections,2423,88.284633,104.01,99.96,842.0,,,,0,,,,
83.1212,frame,2427,88.417921,104.65,133.29,813.14,512,288,BGR888p,,,,,
83.1215,detections,2427,88.417921,104.65,133.29,813.37,,,,0,,,,
83.2235,frame,2430,88.517887,102.27,99.97,815.44,512,288,BGR888p,,,,,
83.2237,detections,2430,88.517887,102.27,99.97,815.67,,,,0,,,,
83.3267,frame,2433,88.617853,103.26,99.97,818.73,512,288,BGR888p,,,,,
83.327,detections,2433,88.617853,103.25,99.97,818.95,,,,0,,,,
83.4289,frame,2436,88.717819,102.18,99.97,820.94,512,288,BGR888p,,,,,
83.4293,detections,2436,88.717819,102.27,99.97,821.27,,,,0,,,,
83.5318,frame,2439,88.817785,102.88,99.97,823.88,512,288,BGR888p,,,,,
83.5321,detections,2439,88.817785,102.81,99.97,824.13,,,,0,,,,
83.5323,system,0,,1031.08,,,,,,,,49.59,22.3,12.9
83.6361,frame,2442,88.917751,104.29,99.97,828.11,512,288,BGR888p,,,,,
83.6367,detections,2442,88.917751,104.67,99.97,828.77,,,,0,,,,
83.7412,frame,2445,89.017721,105.16,99.97,833.37,512,288,BGR888p,,,,,
83.7415,detections,2445,89.017721,104.75,99.97,833.59,,,,0,,,,
83.8408,frame,2448,89.117682,99.57,99.96,832.98,512,288,BGR888p,,,,,
83.8413,detections,2448,89.117682,99.77,99.96,833.41,,,,0,,,,
83.9449,frame,2451,89.217649,104.1,99.97,837.12,512,288,BGR888p,,,,,
83.9452,detections,2451,89.217649,103.93,99.97,837.37,,,,0,,,,
84.05,frame,2454,89.317612,105.12,99.96,842.27,512,288,BGR888p,,,,,
84.0503,detections,2454,89.317612,105.12,99.96,842.52,,,,0,,,,
84.1528,frame,2458,89.450899,102.78,133.29,811.76,512,288,BGR888p,,,,,
84.1532,detections,2458,89.450899,102.93,133.29,812.2,,,,0,,,,
84.2555,frame,2461,89.550865,102.71,99.97,814.5,512,288,BGR888p,,,,,
84.2558,detections,2461,89.550865,102.53,99.97,814.73,,,,0,,,,
84.3576,frame,2464,89.650832,102.11,99.97,816.65,512,288,BGR888p,,,,,
84.3579,detections,2464,89.650832,102.11,99.97,816.87,,,,0,,,,
84.4605,frame,2467,89.750797,102.9,99.97,819.58,512,288,BGR888p,,,,,
84.461,detections,2467,89.750797,103.07,99.97,820.01,,,,0,,,,
84.4612,system,0,,928.93,,,,,,,,48.97,22.7,13.1
84.5634,frame,2470,89.850764,102.9,99.97,822.52,512,288,BGR888p,,,,,
84.5637,detections,2470,89.850764,102.73,99.97,822.74,,,,0,,,,
84.6655,frame,2473,89.95073,102.06,99.97,824.62,512,288,BGR888p,,,,,
84.6658,detections,2473,89.95073,102.07,99.97,824.84,,,,0,,,,
84.7706,frame,2476,90.050695,105.1,99.97,829.75,512,288,BGR888p,,,,,
84.7709,detections,2476,90.050695,105.11,99.97,829.98,,,,0,,,,
84.8737,frame,2479,90.15066,103.07,99.96,832.85,512,288,BGR888p,,,,,
84.8741,detections,2479,90.15066,103.2,99.96,833.22,,,,0,,,,
84.9753,frame,2482,90.250628,101.65,99.97,834.54,512,288,BGR888p,,,,,
84.9756,detections,2482,90.250628,101.52,99.97,834.76,,,,0,,,,
85.0746,frame,2485,90.35059,99.32,99.96,833.9,512,288,BGR888p,,,,,
85.0749,detections,2485,90.35059,99.32,99.96,834.12,,,,0,,,,
85.1775,frame,2488,90.450556,102.85,99.97,836.78,512,288,BGR888p,,,,,
85.1777,detections,2488,90.450556,102.85,99.97,837.01,,,,0,,,,
85.283,frame,2492,90.583844,105.54,133.29,809.04,512,288,BGR888p,,,,,
85.2833,detections,2492,90.583844,105.57,133.29,809.29,,,,0,,,,
85.3865,frame,2495,90.683809,103.46,99.96,812.53,512,288,BGR888p,,,,,
85.3867,detections,2495,90.683809,103.43,99.96,812.75,,,,0,,,,
85.4893,frame,2498,90.783776,102.79,99.97,815.36,512,288,BGR888p,,,,,
85.4895,detections,2498,90.783776,102.8,99.97,815.58,,,,0,,,,
85.4897,system,0,,1028.5,,,,,,,,49.2,20.7,12.4
85.5898,frame,2501,90.883742,100.53,99.97,815.91,512,288,BGR888p,,,,,
85.5901,detections,2501,90.883742,100.52,99.97,816.14,,,,0,,,,
85.6935,frame,2504,90.983707,103.67,99.96,819.62,512,288,BGR888p,,,,,
85.6938,detections,2504,90.983707,103.75,99.96,819.94,,,,0,,,,
85.7976,frame,2507,91.083673,104.08,99.97,818.93,512,288,BGR888p,,,,,
85.7978,detections,2507,91.083673,104.0,99.97,819.15,,,,0,,,,
85.9024,frame,2510,91.183639,104.86,99.97,823.82,512,288,BGR888p,,,,,
85.9028,detections,2510,91.183639,105.02,99.97,824.25,,,,0,,,,
86.0049,frame,2513,91.283605,102.51,99.97,826.35,512,288,BGR888p,,,,,
86.0052,detections,2513,91.283605,102.34,99.97,826.57,,,,0,,,,
86.1052,frame,2516,91.38357,100.31,99.97,826.71,512,288,BGR888p,,,,,
86.106,detections,2516,91.38357,100.8,99.97,827.44,,,,0,,,,
86.2088,frame,2519,91.483536,103.6,99.97,830.35,512,288,BGR888p,,,,,
86.2091,detections,2519,91.483536,103.13,99.97,830.6,,,,0,,,,
86.3085,frame,2522,91.5835,99.68,99.96,830.06,512,288,BGR888p,,,,,
86.3088,detections,2522,91.5835,99.68,99.96,830.28,,,,0,,,,
86.4108,frame,2525,91.683466,102.26,99.97,832.36,512,288,BGR888p,,,,,
86.411,detections,2525,91.683466,102.27,99.97,832.59,,,,0,,,,
86.5164,frame,2528,91.783431,105.63,99.96,838.02,512,288,BGR888p,,,,,
86.5167,detections,2528,91.783431,105.62,99.96,838.24,,,,0,,,,
86.5168,system,0,,1027.12,,,,,,,,49.47,21.8,13.1
86.6187,frame,2532,91.916719,102.28,133.29,807.0,512,288,BGR888p,,,,,
86.6193,detections,2532,91.916719,102.67,133.29,807.65,,,,0,,,,
86.7233,frame,2535,92.016686,104.66,99.97,811.72,512,288,BGR888p,,,,,
86.7236,detections,2535,92.016686,104.3,99.97,811.95,,,,0,,,,
86.8237,frame,2538,92.116651,100.33,99.96,812.02,512,288,BGR888p,,,,,
86.8238,detections,2538,92.116651,100.2,99.96,812.15,,,,0,,,,
86.9275,frame,2541,92.216617,103.85,99.97,815.95,512,288,BGR888p,,,,,
86.928,detections,2541,92.216617,104.13,99.97,816.35,,,,0,,,,
87.0312,frame,2544,92.316588,103.72,99.97,819.7,512,288,BGR888p,,,,,
87.0315,detections,2544,92.316588,103.55,99.97,819.92,,,,0,,,,
87.136,frame,2547,92.41655,104.8,99.96,824.55,512,288,BGR888p,,,,,
87.1363,detections,2547,92.41655,104.81,99.96,824.78,,,,0,,,,
87.2382,frame,2550,92.516517,102.15,99.97,826.72,512,288,BGR888p,,,,,
87.2388,detections,2550,92.516517,102.48,99.97,827.32,,,,0,,,,
87.3423,frame,2553,92.61648,104.12,99.96,830.88,512,288,BGR888p,,,,,
87.3426,detections,2553,92.61648,103.78,99.96,831.1,,,,0,,,,
87.4414,frame,2556,92.716447,99.13,99.97,830.03,512,288,BGR888p,,,,,
87.4417,detections,2556,92.716447,99.13,99.97,830.26,,,,0,,,,
87.545,frame,2559,92.816411,103.6,99.96,833.69,512,288,BGR888p,,,,,
87.5453,detections,2559,92.816411,103.63,99.96,833.92,,,,0,,,,
87.5455,system,0,,1028.66,,,,,,,,49.7,22.0,12.9
87.6503,frame,2562,92.916376,105.29,99.96,838.99,512,288,BGR888p,,,,,
87.6506,detections,2562,92.916376,105.26,99.96,839.22,,,,0,,,,
87.7554,frame,2565,93.016341,105.12,99.96,844.15,512,288,BGR888p,,,,,
87.7557,detections,2565,93.016341,105.14,99.96,844.4,,,,0,,,,
87.857,frame,2569,93.149629,101.54,133.29,812.4,512,288,BGR888p,,,,,
87.8573,detections,2569,93.149629,101.54,133.29,812.64,,,,0,,,,
87.9582,frame,2572,93.249595,101.22,99.97,813.65,512,288,BGR888p,,,,,
87.9586,detections,2572,93.249595,101.33,99.97,814.04,,,,0,,,,
88.0614,frame,2575,93.349561,103.16,99.97,816.84,512,288,BGR888p,,,,,
88.0616,detections,2575,93.349561,103.02,99.97,817.06,,,,0,,,,
88.1644,frame,2578,93.449529,103.03,99.97,819.9,512,288,BGR888p,,,,,
88.1646,detections,2578,93.449529,103.03,99.97,820.12,,,,0,,,,
88.2668,frame,2581,93.549494,102.38,99.96,822.31,512,288,BGR888p,,,,,
88.267,detections,2581,93.549494,102.38,99.96,822.54,,,,0,,,,
88.37,frame,2584,93.649458,103.21,99.96,825.56,512,288,BGR888p,,,,,
88.3703,detections,2584,93.649458,103.25,99.96,825.83,,,,0,,,,
88.4734,frame,2587,93.749424,103.42,99.97,829.02,512,288,BGR888p,,,,,
88.4737,detections,2587,93.749424,103.38,99.97,829.24,,,,0,,,,
88.4738,system,0,,928.33,,,,,,,,49.31,21.3,13.2
88.5758,frame,2590,93.84939,102.41,99.97,831.48,512,288,BGR888p,,,,,
88.5761,detections,2590,93.84939,102.45,99.97,831.78,,,,0,,,,
88.6754,frame,2593,93.949354,99.58,99.96,831.11,512,288,BGR888p,,,,,
88.6757,detections,2593,93.949354,99.57,99.96,831.34,,,,0,,,,
88.7788,frame,2596,94.049324,103.44,99.97,834.56,512,288,BGR888p,,,,,
88.7791,detections,2596,94.049324,103.41,99.97,834.81,,,,0,,,,
88.8822,frame,2600,94.182607,103.39,133.28,804.67,512,288,BGR888p,,,,,
88.8839,detections,2600,94.182607,104.77,133.28,806.32,,,,0,,,,
88.987,frame,2603,94.282573,104.8,99.97,809.5,512,288,BGR888p,,,,,
88.988,detections,2603,94.282573,104.11,99.97,810.44,,,,0,,,,
89.0899,frame,2606,94.38254,102.84,99.97,812.37,512,288,BGR888p,,,,,
89.0901,detections,2606,94.38254,102.16,99.97,812.63,,,,0,,,,
89.1929,frame,2609,94.482505,103.06,99.96,815.47,512,288,BGR888p,,,,,
89.1932,detections,2609,94.482505,103.09,99.96,815.72,,,,0,,,,
89.2959,frame,2612,94.582471,102.94,99.97,818.44,512,288,BGR888p,,,,,
89.2961,detections,2612,94.582471,102.91,99.97,818.69,,,,0,,,,
89.3994,frame,2615,94.682438,103.49,99.97,821.97,512,288,BGR888p,,,,,
89.3996,detections,2615,94.682438,103.49,99.97,822.19,,,,0,,,,
89.505,frame,2618,94.782406,105.67,99.97,827.72,512,288,BGR888p,,,,,
89.5054,detections,2618,94.782406,105.74,99.97,827.97,,,,0,,,,
89.5055,system,0,,1031.72,,,,,,,,49.31,21.1,11.9
89.6086,frame,2621,94.882368,103.61,99.96,831.27,512,288,BGR888p,,,,,
89.6088,detections,2621,94.882368,103.43,99.96,831.4,,,,0,,,,
89.7086,frame,2624,94.982334,99.94,99.97,831.29,512,288,BGR888p,,,,,
89.7091,detections,2624,94.982334,100.33,99.97,831.85,,,,0,,,,
89.8113,frame,2627,95.082305,102.76,99.97,834.07,512,288,BGR888p,,,,,
89.8116,detections,2627,95.082305,102.48,99.97,834.3,,,,0,,,,
89.9145,frame,2630,95.182264,103.21,99.96,837.32,512,288,BGR888p,,,,,
89.9148,detections,2630,95.182264,103.23,99.96,837.57,,,,0,,,,
90.019,frame,2633,95.28223,104.41,99.97,841.77,512,288,BGR888p,,,,,
90.0194,detections,2633,95.28223,104.58,99.97,842.2,,,,0,,,,
90.1244,frame,2637,95.415518,105.42,133.29,813.91,512,288,BGR888p,,,,,
90.1247,detections,2637,95.415518,105.25,133.29,814.16,,,,0,,,,
90.2252,frame,2640,95.515483,100.85,99.96,814.78,512,288,BGR888p,,,,,
90.2255,detections,2640,95.515483,100.82,99.96,815.01,,,,0,,,,
90.3286,frame,2643,95.615449,103.35,99.97,818.15,512,288,BGR888p,,,,,
90.3288,detections,2643,95.615449,103.32,99.97,818.35,,,,0,,,,
90.4306,frame,2646,95.715415,102.07,99.97,820.27,512,288,BGR888p,,,,,
90.4309,detections,2646,95.715415,102.1,99.97,820.49,,,,0,,,,
90.5363,frame,2649,95.815383,105.68,99.97,825.98,512,288,BGR888p,,,,,
90.5366,detections,2649,95.815383,105.68,99.97,826.21,,,,0,,,,
90.5367,system,0,,1031.21,,,,,,,,49.31,22.0,13.0
90.6381,frame,2652,95.915347,101.76,99.96,827.77,512,288,BGR888p,,,,,
90.6388,detections,2652,95.915347,102.23,99.96,828.47,,,,0,,,,
90.7421,frame,2655,96.015313,104.0,99.97,831.83,512,288,BGR888p,,,,,
90.7424,detections,2655,96.015313,103.55,99.97,832.06,,,,0,,,,
90.8431,frame,2658,96.115279,101.01,99.97,832.88,512,288,BGR888p,,,,,
90.8434,detections,2658,96.115279,101.01,99.97,833.11,,,,0,,,,
90.9421,frame,2661,96.215243,99.03,99.96,831.93,512,288,BGR888p,,,,,
90.9424,detections,2661,96.215243,99.02,99.96,832.16,,,,0,,,,
91.0461,frame,2664,96.315208,104.02,99.96,836.01,512,288,BGR888p,,,,,
91.0466,detections,2664,96.315208,104.17,99.96,836.37,,,,0,,,,
91.151,frame,2668,96.448496,104.82,133.29,807.46,512,288,BGR888p,,,,,
91.1511,detections,2668,96.448496,104.55,133.29,807.61,,,,0,,,,
91.2532,frame,2671,96.548461,102.25,99.96,809.78,512,288,BGR888p,,,,,
91.2535,detections,2671,96.548461,102.36,99.96,810.01,,,,0,,,,
91.3575,frame,2674,96.648428,104.25,99.97,814.07,512,288,BGR888p,,,,,
91.3577,detections,2674,96.648428,104.25,99.97,814.29,,,,0,,,,
91.4575,frame,2677,96.748399,100.02,99.97,814.11,512,288,BGR888p,,,,,
91.458,detections,2677,96.748399,100.28,99.97,814.62,,,,0,,,,
91.5608,frame,2680,96.848361,103.34,99.96,817.49,512,288,BGR888p,,,,,
91.5611,detections,2680,96.848361,103.08,99.96,817.71,,,,0,,,,
91.5613,system,0,,1024.52,,,,,,,,49.64,22.1,13.0
91.6643,frame,2683,96.948327,103.5,99.97,821.03,512,288,BGR888p,,,,,
91.6646,detections,2683,96.948327,103.51,99.97,821.25,,,,0,,,,
91.7672,frame,2686,97.048291,102.9,99.96,823.97,512,288,BGR888p,,,,,
91.7675,detections,2686,97.048291,102.9,99.96,824.19,,,,0,,,,
91.8713,frame,2689,97.148256,104.09,99.96,828.1,512,288,BGR888p,,,,,
91.8719,detections,2689,97.148256,104.4,99.96,828.66,,,,0,,,,
91.9738,frame,2692,97.248222,102.52,99.97,830.65,512,288,BGR888p,,,,,
91.975,detections,2692,97.248222,103.1,99.97,831.81,,,,0,,,,
92.0761,frame,2695,97.348188,102.29,99.97,833.0,512,288,BGR888p,,,,,
92.0765,detections,2695,97.348188,101.57,99.97,833.37,,,,0,,,,
92.1764,frame,2698,97.448152,100.27,99.96,833.25,512,288,BGR888p,,,,,
92.1766,detections,2698,97.448152,100.03,99.96,833.4,,,,0,,,,
92.28,frame,2701,97.548118,103.58,99.97,836.89,512,288,BGR888p,,,,,
92.2803,detections,2701,97.548118,103.69,99.97,837.15,,,,0,,,,
92.3828,frame,2704,97.648083,102.85,99.96,839.78,512,288,BGR888p,,,,,
92.3847,detections,2704,97.648083,104.42,99.96,841.67,,,,0,,,,
92.489,frame,2708,97.781371,106.21,133.29,812.7,512,288,BGR888p,,,,,
92.4893,detections,2708,97.781371,104.64,133.29,812.97,,,,0,,,,
92.4895,system,0,,928.24,,,,,,,,49.25,21.7,12.6
92.5908,frame,2711,97.881337,101.8,99.97,814.47,512,288,BGR888p,,,,,
92.5909,detections,2711,97.881337,101.62,99.97,814.57,,,,0,,,,
92.6924,frame,2714,97.981331,101.59,99.99,816.13,512,288,BGR888p,,,,,
92.6929,detections,2714,97.981331,101.96,99.99,816.61,,,,0,,,,
92.7966,frame,2717,98.081269,104.17,99.94,820.36,512,288,BGR888p,,,,,
92.7969,detections,2717,98.081269,103.94,99.94,820.59,,,,0,,,,
92.8977,frame,2720,98.181235,101.13,99.97,821.54,512,288,BGR888p,,,,,
92.898,detections,2720,98.181235,101.15,99.97,821.78,,,,0,,,,
93.0009,frame,2723,98.281202,103.17,99.97,824.74,512,288,BGR888p,,,,,
93.0012,detections,2723,98.281202,103.19,99.97,825.0,,,,0,,,,
93.1049,frame,2726,98.38117,104.05,99.97,828.84,512,288,BGR888p,,,,,
93.1054,detections,2726,98.38117,104.23,99.97,829.28,,,,0,,,,
93.2101,frame,2729,98.481132,105.15,99.96,834.03,512,288,BGR888p,,,,,
93.2104,detections,2729,98.481132,104.96,99.96,834.25,,,,0,,,,
93.3103,frame,2732,98.581104,100.25,99.97,834.27,512,288,BGR888p,,,,,
93.3106,detections,2732,98.581104,100.21,99.97,834.49,,,,0,,,,
93.4104,frame,2735,98.681062,100.07,99.96,834.38,512,288,BGR888p,,,,,
93.4107,detections,2735,98.681062,100.07,99.96,834.61,,,,0,,,,
93.5144,frame,2738,98.781028,103.99,99.97,838.41,512,288,BGR888p,,,,,
93.5147,detections,2738,98.781028,103.99,99.97,838.63,,,,0,,,,
93.5148,system,0,,1025.32,,,,,,,,49.59,21.6,12.7
93.619,frame,2742,98.914315,104.58,133.29,809.68,512,288,BGR888p,,,,,
93.6202,detections,2742,98.914315,105.53,133.29,810.89,,,,1,2:0.57,,,
93.724,frame,2745,99.014281,105.03,99.97,814.78,512,288,BGR888p,,,,,
93.7243,detections,2745,99.014281,104.12,99.97,815.03,,,,0,,,,
93.8251,frame,2748,99.114249,101.09,99.97,811.32,512,288,BGR888p,,,,,
93.8254,detections,2748,99.114249,101.09,99.97,811.54,,,,0,,,,
93.9272,frame,2751,99.214213,102.08,99.96,813.41,512,288,BGR888p,,,,,
93.9274,detections,2751,99.214213,102.05,99.96,813.63,,,,1,2:0.46,,,
94.0302,frame,2754,99.314181,103.07,99.97,816.5,512,288,BGR888p,,,,,
94.0305,detections,2754,99.314181,103.06,99.97,816.72,,,,1,2:0.58,,,
94.132,frame,2757,99.414147,101.71,99.97,818.25,512,288,BGR888p,,,,,
94.1324,detections,2757,99.414147,101.88,99.97,818.65,,,,1,2:0.61,,,
94.2377,frame,2760,99.514111,105.78,99.96,824.06,512,288,BGR888p,,,,,
94.238,detections,2760,99.514111,105.6,99.96,824.28,,,,0,,,,
94.3403,frame,2763,99.614076,102.59,99.96,826.68,512,288,BGR888p,,,,,
94.3406,detections,2763,99.614076,102.59,99.96,826.9,,,,0,,,,
94.4423,frame,2766,99.714042,101.96,99.97,828.68,512,288,BGR888p,,,,,
94.4425,detections,2766,99.714042,101.96,99.97,828.9,,,,0,,,,
94.544,frame,2769,99.814009,101.69,99.97,830.4,512,288,BGR888p,,,,,
94.5443,detections,2769,99.814009,101.72,99.97,830.66,,,,0,,,,
94.5444,system,0,,1029.61,,,,,,,,49.47,21.7,12.9
94.6434,frame,2772,99.913972,99.46,99.96,829.9,512,288,BGR888p,,,,,
94.6437,detections,2772,99.913972,99.43,99.96,830.12,,,,1,2:0.46,,,
94.7465,frame,2775,100.013937,103.08,99.96,833.01,512,288,BGR888p,,,,,
94.7468,detections,2775,100.013937,103.08,99.96,833.23,,,,1,2:0.37,,,
94.852,frame,2779,100.147225,105.47,133.29,805.2,512,288,BGR888p,,,,,
94.8523,detections,2779,100.147225,105.5,133.29,805.45,,,,1,2:0.43,,,
94.9531,frame,2782,100.247191,101.07,99.97,806.33,512,288,BGR888p,,,,,
94.9533,detections,2782,100.247191,101.08,99.97,806.56,,,,1,2:0.42,,,
95.0577,frame,2785,100.347157,104.62,99.97,810.97,512,288,BGR888p,,,,,
95.0579,detections,2785,100.347157,104.6,99.97,811.19,,,,1,2:0.41,,,
95.1584,frame,2788,100.447126,100.75,99.97,811.75,512,288,BGR888p,,,,,
95.1589,detections,2788,100.447126,100.91,99.97,812.15,,,,1,2:0.39,,,
95.2615,frame,2791,100.547089,103.1,99.96,814.87,512,288,BGR888p,,,,,
95.2618,detections,2791,100.547089,102.9,99.96,815.06,,,,1,2:0.44,,,
95.3646,frame,2794,100.647058,103.1,99.97,818.03,512,288,BGR888p,,,,,
95.3649,detections,2794,100.647058,103.16,99.97,818.26,,,,1,2:0.53,,,
95.4686,frame,2797,100.74702,103.92,99.96,821.99,512,288,BGR888p,,,,,
95.4688,detections,2797,100.74702,103.92,99.96,822.23,,,,1,2:0.53,,,
95.5728,frame,2800,100.846986,104.25,99.97,826.26,512,288,BGR888p,,,,,
95.5731,detections,2800,100.846986,104.23,99.97,826.48,,,,1,2:0.41,,,
95.5733,system,0,,1028.86,,,,,,,,49.7,21.7,12.8
95.6756,frame,2803,100.946952,102.8,99.97,829.09,512,288,BGR888p,,,,,
95.6759,detections,2803,100.946952,102.8,99.97,829.31,,,,1,2:0.40,,,
95.7776,frame,2806,101.04692,101.97,99.97,831.1,512,288,BGR888p,,,,,
95.7778,detections,2806,101.04692,101.97,99.97,831.31,,,,0,,,,
95.8774,frame,2809,101.146884,99.85,99.96,830.98,512,288,BGR888p,,,,,
95.8777,detections,2809,101.146884,99.86,99.96,831.21,,,,1,2:0.42,,,
95.9796,frame,2812,101.246847,102.16,99.96,833.17,512,288,BGR888p,,,,,
95.9798,detections,2812,101.246847,102.14,99.96,833.38,,,,0,,,,
96.0853,frame,2815,101.346813,105.76,99.97,838.97,512,288,BGR888p,,,,,
96.0856,detections,2815,101.346813,105.78,99.97,839.2,,,,0,,,,
96.1876,frame,2819,101.480101,102.21,133.29,807.89,512,288,BGR888p,,,,,
96.188,detections,2819,101.480101,102.39,133.29,808.31,,,,0,,,,
96.2914,frame,2822,101.580073,103.86,99.97,811.77,512,288,BGR888p,,,,,
96.2917,detections,2822,101.580073,103.67,99.97,811.99,,,,0,,,,
96.3918,frame,2825,101.680033,100.42,99.96,812.23,512,288,BGR888p,,,,,
96.3921,detections,2825,101.680033,100.42,99.96,812.48,,,,0,,,,
96.495,frame,2828,101.779998,103.16,99.97,815.42,512,288,BGR888p,,,,,
96.4953,detections,2828,101.779998,103.18,99.97,815.67,,,,0,,,,
96.4954,system,0,,922.15,,,,,,,,49.48,21.0,12.7
96.597,frame,2831,101.879966,102.05,99.97,817.46,512,288,BGR888p,,,,,
96.5972,detections,2831,101.879966,101.92,99.97,817.58,,,,0,,,,
96.7014,frame,2834,101.979933,104.41,99.97,821.96,512,288,BGR888p,,,,,
96.7017,detections,2834,101.979933,104.54,99.97,822.2,,,,0,,,,
96.805,frame,2837,102.079896,103.53,99.96,825.51,512,288,BGR888p,,,,,
96.8053,detections,2837,102.079896,103.53,99.96,825.77,,,,0,,,,
96.9075,frame,2840,102.179862,102.48,99.97,828.03,512,288,BGR888p,,,,,
96.9077,detections,2840,102.179862,102.45,99.97,828.25,,,,0,,,,
97.0092,frame,2843,102.279827,101.79,99.96,829.85,512,288,BGR888p,,,,,
97.0095,detections,2843,102.279827,101.79,99.96,830.08,,,,1,2:0.40,,,
97.1115,frame,2846,102.379794,102.22,99.97,832.11,512,288,BGR888p,,,,,
97.1117,detections,2846,102.379794,102.21,99.97,832.32,,,,1,2:0.44,,,
97.2115,frame,2849,102.479757,100.01,99.96,832.16,512,288,BGR888p,,,,,
97.2119,detections,2849,102.479757,100.14,99.96,832.51,,,,0,,,,
97.316,frame,2852,102.579723,104.5,99.97,836.69,512,288,BGR888p,,,,,
97.3163,detections,2852,102.579723,104.42,99.97,836.96,,,,0,,,,
97.4215,frame,2856,102.71301,105.53,133.29,808.94,512,288,BGR888p,,,,,
97.4223,detections,2856,102.71301,106.07,133.29,809.76,,,,0,,,,
97.5255,frame,2859,102.812977,104.02,99.97,812.99,512,288,BGR888p,,,,,
97.5258,detections,2859,102.812977,103.45,99.97,813.22,,,,1,2:0.37,,,
97.526,system,0,,1030.54,,,,,,,,50.2,21.1,12.6
97.6272,frame,2862,102.912943,101.66,99.97,814.67,512,288,BGR888p,,,,,
97.6274,detections,2862,102.912943,101.62,99.97,814.86,,,,1,2:0.52,,,
97.73,frame,2865,103.012913,102.78,99.97,817.49,512,288,BGR888p,,,,,
97.7302,detections,2865,103.012913,102.82,99.97,817.72,,,,1,2:0.48,,,
97.8323,frame,2868,103.112879,102.32,99.97,819.85,512,288,BGR888p,,,,,
97.8325,detections,2868,103.112879,102.31,99.97,820.06,,,,1,2:0.54,,,
97.9353,frame,2871,103.21284,103.05,99.96,822.93,512,288,BGR888p,,,,,
97.9356,detections,2871,103.21284,103.05,99.96,823.15,,,,1,2:0.57,,,
98.0398,frame,2874,103.312809,104.51,99.97,827.48,512,288,BGR888p,,,,,
98.0401,detections,2874,103.312809,104.51,99.97,827.72,,,,1,2:0.60,,,
98.1428,frame,2877,103.412772,102.93,99.96,830.44,512,288,BGR888p,,,,,
98.143,detections,2877,103.412772,102.93,99.96,830.66,,,,1,2:0.58,,,
98.2445,frame,2880,103.512739,101.69,99.97,832.22,512,288,BGR888p,,,,,
98.2466,detections,2880,103.512739,103.55,99.97,834.27,,,,1,2:0.54,,,
98.3481,frame,2883,103.612701,103.66,99.96,835.89,512,288,BGR888p,,,,,
98.3484,detections,2883,103.612701,101.83,99.96,836.11,,,,1,2:0.62,,,
98.4525,frame,2886,103.712667,104.41,99.97,840.31,512,288,BGR888p,,,,,
98.4528,detections,2886,103.712667,104.38,99.97,840.52,,,,1,2:0.60,,,
98.5589,frame,2890,103.845955,106.33,133.29,813.36,512,288,BGR888p,,,,,
98.5591,detections,2890,103.845955,106.34,133.29,813.64,,,,1,2:0.58,,,
98.5594,system,0,,1033.41,,,,,,,,49.64,21.7,13.2
98.6587,frame,2893,103.94592,99.87,99.96,813.26,512,288,BGR888p,,,,,
98.659,detections,2893,103.94592,99.87,99.96,813.48,,,,1,2:0.59,,,
98.7616,frame,2896,104.045887,102.81,99.97,816.11,512,288,BGR888p,,,,,
98.7618,detections,2896,104.045887,102.82,99.97,816.33,,,,1,2:0.60,,,
98.8646,frame,2899,104.145853,103.07,99.97,819.22,512,288,BGR888p,,,,,
98.8649,detections,2899,104.145853,103.07,99.97,819.43,,,,1,2:0.60,,,
98.9684,frame,2902,104.245818,103.82,99.96,823.01,512,288,BGR888p,,,,,
98.9686,detections,2902,104.245818,103.67,99.96,823.09,,,,1,2:0.56,,,
99.072,frame,2905,104.345786,103.56,99.97,826.66,512,288,BGR888p,,,,,
99.0723,detections,2905,104.345786,103.73,99.97,826.9,,,,1,2:0.52,,,
99.1754,frame,2908,104.44575,103.41,99.96,830.12,512,288,BGR888p,,,,,
99.176,detections,2908,104.44575,103.67,99.96,830.65,,,,1,2:0.59,,,
99.2783,frame,2911,104.545715,102.89,99.96,833.04,512,288,BGR888p,,,,,
99.2787,detections,2911,104.545715,102.76,99.96,833.41,,,,1,2:0.60,,,
99.378,frame,2914,104.64568,99.66,99.96,832.74,512,288,BGR888p,,,,,
99.3783,detections,2914,104.64568,99.54,99.96,832.98,,,,1,2:0.60,,,
99.4803,frame,2917,104.745645,102.37,99.96,835.14,512,288,BGR888p,,,,,
99.4806,detections,2917,104.745645,102.37,99.96,835.39,,,,1,2:0.61,,,
99.5835,frame,2920,104.845611,103.19,99.97,838.37,512,288,BGR888p,,,,,
99.5842,detections,2920,104.845611,103.58,99.97,839.03,,,,1,2:0.63,,,
99.5844,system,0,,1025.06,,,,,,,,50.03,22.5,13.2
99.6903,frame,2924,104.978899,106.8,133.29,811.88,512,288,BGR888p,,,,,
99.6906,detections,2924,104.978899,106.38,133.29,812.09,,,,1,2:0.63,,,
99.7927,frame,2927,105.078867,102.4,99.97,814.32,512,288,BGR888p,,,,,
99.793,detections,2927,105.078867,102.41,99.97,814.53,,,,1,2:0.63,,,
99.8946,frame,2930,105.178831,101.9,99.96,816.26,512,288,BGR888p,,,,,
99.8949,detections,2930,105.178831,101.91,99.96,816.47,,,,1,2:0.62,,,
99.9981,frame,2933,105.278797,103.41,99.97,819.73,512,288,BGR888p,,,,,
99.9983,detections,2933,105.278797,103.44,99.97,819.95,,,,1,2:0.63,,,
100.1014,frame,2936,105.378764,103.32,99.97,823.06,512,288,BGR888p,,,,,
100.1016,detections,2936,105.378764,103.29,99.97,823.27,,,,1,2:0.63,,,
100.2054,frame,2939,105.478729,103.98,99.96,827.07,512,288,BGR888p,,,,,
100.2056,detections,2939,105.478729,103.98,99.96,827.29,,,,1,2:0.63,,,
100.3085,frame,2942,105.578695,103.15,99.97,830.26,512,288,BGR888p,,,,,
100.3093,detections,2942,105.578695,103.7,99.97,831.05,,,,1,2:0.63,,,
100.4122,frame,2945,105.678665,103.67,99.97,833.96,512,288,BGR888p,,,,,
100.4124,detections,2945,105.678665,103.12,99.97,834.17,,,,1,2:0.63,,,
100.5129,frame,2948,105.778635,100.73,99.97,834.72,512,288,BGR888p,,,,,
100.5132,detections,2948,105.778635,100.76,99.97,834.97,,,,1,2:0.62,,,
100.5134,system,0,,928.94,,,,,,,,49.86,21.1,12.5
100.6179,frame,2951,105.87859,104.99,99.96,839.76,512,288,BGR888p,,,,,
100.6182,detections,2951,105.87859,104.99,99.96,840.01,,,,1,2:0.63,,,
100.7226,frame,2954,105.978555,104.67,99.96,844.52,512,288,BGR888p,,,,,
100.7232,detections,2954,105.978555,105.03,99.96,845.08,,,,1,2:0.63,,,
100.8257,frame,2958,106.111843,103.12,133.29,814.29,512,288,BGR888p,,,,,
100.8259,detections,2958,106.111843,102.72,133.29,814.5,,,,1,2:0.62,,,
100.9282,frame,2961,106.211811,102.53,99.97,816.86,512,288,BGR888p,,,,,
100.9285,detections,2961,106.211811,102.54,99.97,817.08,,,,1,2:0.63,,,
101.0312,frame,2964,106.311775,102.96,99.96,815.51,512,288,BGR888p,,,,,
101.0314,detections,2964,106.311775,102.96,99.96,815.73,,,,1,2:0.63,,,
101.1334,frame,2967,106.411741,102.17,99.97,817.71,512,288,BGR888p,,,,,
101.1336,detections,2967,106.411741,102.17,99.97,817.93,,,,1,2:0.64,,,
101.2364,frame,2970,106.51171,103.02,99.97,820.76,512,288,BGR888p,,,,,
101.2366,detections,2970,106.51171,103.01,99.97,820.97,,,,1,2:0.60,,,
101.3405,frame,2973,106.611673,104.11,99.96,824.91,512,288,BGR888p,,,,,
101.3409,detections,2973,106.611673,104.27,99.96,825.29,,,,1,2:0.61,,,
101.4433,frame,2976,106.711638,102.79,99.96,827.74,512,288,BGR888p,,,,,
101.4435,detections,2976,106.711638,102.64,99.96,827.95,,,,1,2:0.61,,,
101.5457,frame,2979,106.811609,102.39,99.97,830.15,512,288,BGR888p,,,,,
101.5459,detections,2979,106.811609,102.38,99.97,830.37,,,,1,2:0.64,,,
101.5461,system,0,,1032.71,,,,,,,,49.59,21.6,13.2
101.645,frame,2982,106.911568,99.37,99.96,829.6,512,288,BGR888p,,,,,
101.6453,detections,2982,106.911568,99.41,99.96,829.82,,,,1,2:0.56,,,
101.7475,frame,2985,107.011534,102.5,99.97,832.1,512,288,BGR888p,,,,,
101.7478,detections,2985,107.011534,102.46,99.97,832.32,,,,1,2:0.46,,,
101.8514,frame,2989,107.144821,103.85,133.29,802.66,512,288,BGR888p,,,,,
101.8516,detections,2989,107.144821,103.86,133.29,802.88,,,,1,2:0.36,,,
101.9564,frame,2992,107.244787,104.99,99.97,807.69,512,288,BGR888p,,,,,
101.9566,detections,2992,107.244787,104.98,99.97,807.9,,,,1,2:0.43,,,
102.0591,frame,2995,107.344754,102.73,99.97,810.48,512,288,BGR888p,,,,,
102.0594,detections,2995,107.344754,102.77,99.97,810.72,,,,1,2:0.40,,,
102.1598,frame,2998,107.444721,100.71,99.97,811.19,512,288,BGR888p,,,,,
102.1601,detections,2998,107.444721,100.66,99.97,811.41,,,,0,,,,
102.2618,frame,3001,107.544685,101.96,99.96,813.19,512,288,BGR888p,,,,,
102.262,detections,3001,107.544685,101.98,99.96,813.44,,,,0,,,,
102.3653,frame,3004,107.644651,103.56,99.97,816.79,512,288,BGR888p,,,,,
102.3657,detections,3004,107.644651,103.69,99.97,817.16,,,,0,,,,
102.4676,frame,3007,107.744617,102.24,99.97,819.06,512,288,BGR888p,,,,,
102.4678,detections,3007,107.744617,102.1,99.97,819.29,,,,0,,,,
102.5725,frame,3010,107.844585,104.88,99.97,823.97,512,288,BGR888p,,,,,
102.5727,detections,3010,107.844585,104.88,99.97,824.19,,,,0,,,,
102.5729,system,0,,1026.78,,,,,,,,49.81,21.7,12.7
102.6755,frame,3013,107.944548,103.01,99.96,827.02,512,288,BGR888p,,,,,
102.6758,detections,3013,107.944548,103.05,99.96,827.28,,,,0,,,,
102.7789,frame,3016,108.044514,103.43,99.97,830.5,512,288,BGR888p,,,,,
102.7792,detections,3016,108.044514,103.45,99.97,830.77,,,,0,,,,
102.8785,frame,3019,108.144481,99.61,99.97,830.13,512,288,BGR888p,,,,,
102.8788,detections,3019,108.144481,99.57,99.97,830.37,,,,0,,,,
102.9812,frame,3022,108.244444,102.73,99.96,832.9,512,288,BGR888p,,,,,
102.9815,detections,3022,108.244444,102.73,99.96,833.13,,,,0,,,,
103.0838,frame,3025,108.344409,102.6,99.96,835.54,512,288,BGR888p,,,,,
103.0841,detections,3025,108.344409,102.6,99.96,835.8,,,,0,,,,
103.1884,frame,3029,108.477697,104.6,133.29,806.85,512,288,BGR888p,,,,,
103.1892,detections,3029,108.477697,105.06,133.29,807.57,,,,0,,,,
103.2931,frame,3032,108.577663,104.68,99.97,811.59,512,288,BGR888p,,,,,
103.2934,detections,3032,108.577663,104.24,99.97,811.82,,,,0,,,,
103.3937,frame,3035,108.677629,100.56,99.97,812.16,512,288,BGR888p,,,,,
103.3941,detections,3035,108.677629,100.67,99.97,812.6,,,,0,,,,
103.4963,frame,3038,108.777595,102.62,99.97,814.82,512,288,BGR888p,,,,,
103.4966,detections,3038,108.777595,102.51,99.97,815.07,,,,0,,,,
103.5995,frame,3041,108.877561,103.22,99.97,818.07,512,288,BGR888p,,,,,
103.5998,detections,3041,108.877561,103.2,99.97,818.29,,,,0,,,,
103.6,system,0,,1027.08,,,,,,,,49.47,21.2,12.9
103.702,frame,3044,108.977529,102.47,99.97,820.57,512,288,BGR888p,,,,,
103.7023,detections,3044,108.977529,102.51,99.97,820.84,,,,0,,,,
103.8064,frame,3047,109.077493,104.45,99.96,825.06,512,288,BGR888p,,,,,
103.8067,detections,3047,109.077493,104.41,99.96,825.29,,,,1,2:0.44,,,
103.9081,frame,3050,109.177458,101.62,99.96,826.75,512,288,BGR888p,,,,,
103.9088,detections,3050,109.177458,102.05,99.96,827.4,,,,1,2:0.36,,,
104.0113,frame,3053,109.277424,103.27,99.97,830.02,512,288,BGR888p,,,,,
104.0116,detections,3053,109.277424,102.84,99.97,830.24,,,,1,2:0.37,,,
104.1132,frame,3056,109.377388,101.86,99.96,831.93,512,288,BGR888p,,,,,
104.1135,detections,3056,109.377388,101.87,99.96,832.15,,,,1,2:0.38,,,
104.2122,frame,3059,109.477353,99.03,99.96,830.99,512,288,BGR888p,,,,,
104.2125,detections,3059,109.477353,99.03,99.96,831.21,,,,1,2:0.39,,,
104.3153,frame,3062,109.577319,103.08,99.97,834.1,512,288,BGR888p,,,,,
104.3156,detections,3062,109.577319,103.08,99.97,834.32,,,,0,,,,
104.4189,frame,3066,109.710607,103.62,133.29,804.44,512,288,BGR888p,,,,,
104.4194,detections,3066,109.710607,103.84,133.29,804.93,,,,0,,,,
104.5248,frame,3069,109.810573,105.86,99.97,810.33,512,288,BGR888p,,,,,
104.5251,detections,3069,109.810573,105.65,99.97,810.55,,,,0,,,,
104.5253,system,0,,925.3,,,,,,,,49.92,20.6,12.2
104.6272,frame,3072,109.910541,102.42,99.97,812.78,512,288,BGR888p,,,,,
104.6275,detections,3072,109.910541,102.42,99.97,813.01,,,,0,,,,
104.7268,frame,3075,110.010505,99.59,99.96,812.41,512,288,BGR888p,,,,,
104.7271,detections,3075,110.010505,99.59,99.96,812.66,,,,1,2:0.45,,,
104.8291,frame,3078,110.110471,102.3,99.97,814.77,512,288,BGR888p,,,,,
104.8294,detections,3078,110.110471,102.33,99.97,814.99,,,,1,2:0.44,,,
104.9322,frame,3081,110.210436,103.1,99.96,817.88,512,288,BGR888p,,,,,
104.9325,detections,3081,110.210436,103.07,99.96,818.1,,,,1,2:0.41,,,
105.035,frame,3084,110.310404,102.78,99.97,820.69,512,288,BGR888p,,,,,
105.0353,detections,3084,110.310404,102.82,99.97,820.95,,,,1,2:0.44,,,
105.1399,frame,3087,110.410367,104.87,99.96,825.6,512,288,BGR888p,,,,,
105.1401,detections,3087,110.410367,104.83,99.96,825.86,,,,0,,,,
105.2418,frame,3090,110.510333,101.91,99.97,827.55,512,288,BGR888p,,,,,
105.2422,detections,3090,110.510333,102.1,99.97,827.99,,,,0,,,,
105.3434,frame,3093,110.610302,101.64,99.97,829.23,512,288,BGR888p,,,,,
105.3441,detections,3093,110.610302,101.89,99.97,829.93,,,,0,,,,
105.4458,frame,3096,110.710263,102.38,99.96,831.65,512,288,BGR888p,,,,,
105.4462,detections,3096,110.710263,102.13,99.96,832.07,,,,0,,,,
105.5486,frame,3099,110.810229,102.79,99.97,834.47,512,288,BGR888p,,,,,
105.5489,detections,3099,110.810229,102.62,99.97,834.7,,,,0,,,,
105.549,system,0,,1023.78,,,,,,,,50.2,21.6,12.8
105.6512,frame,3102,110.910195,102.64,99.97,837.14,512,288,BGR888p,,,,,
105.6515,detections,3102,110.910195,102.64,99.97,837.37,,,,0,,,,
105.7569,frame,3106,111.043485,105.7,133.29,809.55,512,288,BGR888p,,,,,
105.7572,detections,3106,111.043485,105.73,133.29,809.81,,,,0,,,,
105.8597,frame,3109,111.143448,102.77,99.96,812.36,512,288,BGR888p,,,,,
105.86,detections,3109,111.143448,102.76,99.96,812.61,,,,0,,,,
105.9596,frame,3112,111.243414,99.93,99.97,812.33,512,288,BGR888p,,,,,
105.9599,detections,3112,111.243414,99.91,99.97,812.56,,,,0,,,,
106.0616,frame,3115,111.343386,101.96,99.97,814.32,512,288,BGR888p,,,,,
106.0619,detections,3115,111.343386,101.96,99.97,814.55,,,,0,,,,
106.1655,frame,3118,111.443347,103.87,99.96,818.23,512,288,BGR888p,,,,,
106.1657,detections,3118,111.443347,103.88,99.96,818.46,,,,0,,,,
106.2682,frame,3121,111.54332,102.74,99.97,821.0,512,288,BGR888p,,,,,
106.2685,detections,3121,111.54332,102.74,99.97,821.23,,,,0,,,,
106.3712,frame,3124,111.643278,102.97,99.96,824.02,512,288,BGR888p,,,,,
106.3734,detections,3124,111.643278,104.93,99.96,826.27,,,,0,,,,
106.4748,frame,3127,111.743244,103.61,99.97,827.66,512,288,BGR888p,,,,,
106.4758,detections,3127,111.743244,102.38,99.97,828.66,,,,0,,,,
106.577,frame,3130,111.84321,102.15,99.97,829.84,512,288,BGR888p,,,,,
106.5781,detections,3130,111.84321,102.25,99.97,830.97,,,,0,,,,
106.5783,system,0,,1029.26,,,,,,,,50.14,22.1,12.7
106.6801,frame,3133,111.943173,103.17,99.96,833.07,512,288,BGR888p,,,,,
106.6804,detections,3133,111.943173,102.35,99.96,833.29,,,,0,,,,
106.7799,frame,3136,112.043139,99.76,99.97,832.84,512,288,BGR888p,,,,,
106.7801,detections,3136,112.043139,99.74,99.97,833.09,,,,0,,,,
106.8836,frame,3139,112.143104,103.75,99.96,836.63,512,288,BGR888p,,,,,
106.8839,detections,3139,112.143104,103.75,99.96,836.85,,,,0,,,,
106.9879,frame,3143,112.276392,104.26,133.29,807.6,512,288,BGR888p,,,,,
106.9882,detections,3143,112.276392,104.28,133.29,807.84,,,,0,,,,
107.0912,frame,3146,112.376358,103.29,99.97,810.92,512,288,BGR888p,,,,,
107.0914,detections,3146,112.376358,103.27,99.97,811.14,,,,0,,,,
107.1941,frame,3149,112.476334,102.92,99.98,813.88,512,288,BGR888p,,,,,
107.1944,detections,3149,112.476334,102.93,99.98,814.11,,,,0,,,,
107.2947,frame,3152,112.57629,100.63,99.96,814.54,512,288,BGR888p,,,,,
107.295,detections,3152,112.57629,100.62,99.96,814.76,,,,0,,,,
107.3972,frame,3155,112.676263,102.52,99.97,817.08,512,288,BGR888p,,,,,
107.3975,detections,3155,112.676263,102.52,99.97,817.31,,,,0,,,,
107.5008,frame,3158,112.776223,103.57,99.96,820.7,512,288,BGR888p,,,,,
107.5013,detections,3158,112.776223,103.75,99.96,821.12,,,,0,,,,
107.605,frame,3161,112.87619,104.18,99.97,824.91,512,288,BGR888p,,,,,
107.6071,detections,3161,112.87619,105.8,99.97,827.02,,,,0,,,,
107.6073,system,0,,1029.04,,,,,,,,49.86,21.7,12.8
107.7079,frame,3164,112.976153,102.93,99.96,827.91,512,288,BGR888p,,,,,
107.7083,detections,3164,112.976153,101.27,99.96,828.26,,,,0,,,,
107.8097,frame,3167,113.076118,101.77,99.96,829.75,512,288,BGR888p,,,,,
107.8103,detections,3167,113.076118,102.0,99.96,830.29,,,,0,,,,
107.9134,frame,3170,113.176092,103.72,99.97,833.42,512,288,BGR888p,,,,,
107.9137,detections,3170,113.176092,103.34,99.97,833.65,,,,0,,,,
108.0133,frame,3173,113.276051,99.93,99.96,833.39,512,288,BGR888p,,,,,
108.0136,detections,3173,113.276051,99.93,99.96,833.62,,,,0,,,,
108.1163,frame,3176,113.376014,102.97,99.96,836.4,512,288,BGR888p,,,,,
108.1166,detections,3176,113.376014,102.96,99.96,836.62,,,,0,,,,
108.2186,frame,3179,113.475979,102.28,99.96,838.72,512,288,BGR888p,,,,,
108.2189,detections,3179,113.475979,102.29,99.96,838.94,,,,0,,,,
108.3244,frame,3183,113.609269,105.8,133.29,811.23,512,288,BGR888p,,,,,
108.3247,detections,3183,113.609269,105.8,133.29,811.45,,,,0,,,,
108.4277,frame,3186,113.709241,103.35,99.97,814.61,512,288,BGR888p,,,,,
108.428,detections,3186,113.709241,103.35,99.97,814.83,,,,0,,,,
108.5301,frame,3189,113.8092,102.34,99.96,817.04,512,288,BGR888p,,,,,
108.5305,detections,3189,113.8092,102.52,99.96,817.41,,,,0,,,,
108.5307,system,0,,923.38,,,,,,,,50.03,21.0,12.1
108.6331,frame,3192,113.909165,103.0,99.96,819.99,512,288,BGR888p,,,,,
108.6333,detections,3192,113.909165,102.72,99.96,820.11,,,,0,,,,
108.7352,frame,3195,114.009132,102.08,99.97,822.16,512,288,BGR888p,,,,,
108.7355,detections,3195,114.009132,102.21,99.97,822.4,,,,0,,,,
108.841,frame,3198,114.109097,105.82,99.97,828.0,512,288,BGR888p,,,,,
108.8413,detections,3198,114.109097,105.82,99.97,828.25,,,,0,,,,
108.9415,frame,3201,114.209063,100.54,99.97,828.57,512,288,BGR888p,,,,,
108.9426,detections,3201,114.209063,101.3,99.97,829.61,,,,0,,,,
109.0435,frame,3204,114.309029,101.97,99.97,830.57,512,288,BGR888p,,,,,
109.0438,detections,3204,114.309029,101.2,99.97,830.82,,,,0,,,,
109.1454,frame,3207,114.409004,101.89,99.98,832.49,512,288,BGR888p,,,,,
109.1457,detections,3207,114.409004,101.87,99.98,832.71,,,,0,,,,
109.2474,frame,3210,114.508958,101.98,99.95,834.51,512,288,BGR888p,,,,,
109.2476,detections,3210,114.508958,101.98,99.95,834.74,,,,0,,,,
109.3467,frame,3213,114.608924,99.33,99.97,833.88,512,288,BGR888p,,,,,
109.347,detections,3213,114.608924,99.33,99.97,834.1,,,,0,,,,
109.4519,frame,3217,114.742212,105.17,133.29,805.77,512,288,BGR888p,,,,,
109.4521,detections,3217,114.742212,105.17,133.29,806.01,,,,0,,,,
109.556,frame,3220,114.842177,104.08,99.97,809.89,512,288,BGR888p,,,,,
109.5564,detections,3220,114.842177,104.25,99.97,810.27,,,,0,,,,
109.5566,system,0,,1025.85,,,,,,,,50.25,21.9,12.9
109.6606,frame,3223,114.942145,104.66,99.97,814.58,512,288,BGR888p,,,,,
109.6609,detections,3223,114.942145,104.5,99.97,814.8,,,,0,,,,
109.7605,frame,3226,115.04211,99.9,99.96,810.02,512,288,BGR888p,,,,,
109.7608,detections,3226,115.04211,99.92,99.96,810.26,,,,0,,,,
109.8636,frame,3229,115.14208,103.06,99.97,813.11,512,288,BGR888p,,,,,
109.8638,detections,3229,115.14208,103.05,99.97,813.33,,,,0,,,,
109.9666,frame,3232,115.242041,103.02,99.96,816.13,512,288,BGR888p,,,,,
109.9668,detections,3232,115.242041,102.91,99.96,816.25,,,,0,,,,
110.0699,frame,3235,115.342007,103.27,99.97,819.47,512,288,BGR888p,,,,,
110.0701,detections,3235,115.342007,103.38,99.97,819.72,,,,0,,,,
110.1742,frame,3238,115.441973,104.32,99.97,823.83,512,288,BGR888p,,,,,
110.1745,detections,3238,115.441973,104.32,99.97,824.05,,,,0,,,,
110.2762,frame,3241,115.54194,102.05,99.97,825.9,512,288,BGR888p,,,,,
110.2769,detections,3241,115.54194,102.42,99.97,826.54,,,,0,,,,
110.3802,frame,3244,115.641904,103.95,99.96,829.9,512,288,BGR888p,,,,,
110.3805,detections,3244,115.641904,103.58,99.96,830.12,,,,0,,,,
110.4806,frame,3247,115.741869,100.44,99.96,830.37,512,288,BGR888p,,,,,
110.4809,detections,3247,115.741869,100.44,99.96,830.6,,,,0,,,,
110.5833,frame,3250,115.841834,102.62,99.97,833.03,512,288,BGR888p,,,,,
110.5837,detections,3250,115.841834,102.78,99.97,833.42,,,,0,,,,
110.5839,system,0,,1027.3,,,,,,,,49.75,21.7,12.6
110.6863,frame,3253,115.941799,103.0,99.96,836.06,512,288,BGR888p,,,,,
110.6865,detections,3253,115.941799,102.84,99.96,836.29,,,,0,,,,
110.7916,frame,3257,116.075087,105.3,133.29,808.08,512,288,BGR888p,,,,,
110.7926,detections,3257,116.075087,106.04,133.29,809.08,,,,0,,,,
110.8941,frame,3260,116.175053,102.58,99.97,810.72,512,288,BGR888p,,,,,
110.8944,detections,3260,116.175053,101.87,99.97,810.95,,,,0,,,,
110.9973,frame,3263,116.275019,103.13,99.97,813.86,512,288,BGR888p,,,,,
110.9975,detections,3263,116.275019,103.1,99.97,814.08,,,,0,,,,
111.0998,frame,3266,116.374985,102.53,99.97,816.42,512,288,BGR888p,,,,,
111.1001,detections,3266,116.374985,102.53,99.97,816.65,,,,0,,,,
111.2029,frame,3269,116.474953,103.05,99.97,819.5,512,288,BGR888p,,,,,
111.2031,detections,3269,116.474953,103.05,99.97,819.75,,,,0,,,,
111.3056,frame,3272,116.574918,102.79,99.96,822.32,512,288,BGR888p,,,,,
111.3079,detections,3272,116.574918,104.79,99.96,824.62,,,,0,,,,
111.4082,frame,3275,116.674882,102.54,99.96,824.97,512,288,BGR888p,,,,,
111.4088,detections,3275,116.674882,100.91,99.96,825.51,,,,0,,,,
111.5124,frame,3278,116.774848,104.17,99.97,829.11,512,288,BGR888p,,,,,
111.5126,detections,3278,116.774848,103.79,99.97,829.33,,,,0,,,,
111.614,frame,3281,116.87482,101.61,99.97,830.74,512,288,BGR888p,,,,,
111.6144,detections,3281,116.87482,101.77,99.97,831.15,,,,0,,,,
111.6146,system,0,,1030.71,,,,,,,,49.97,21.3,13.0
111.7141,frame,3284,116.974778,100.11,99.96,830.93,512,288,BGR888p,,,,,
111.7144,detections,3284,116.974778,99.98,99.96,831.16,,,,0,,,,
111.8167,frame,3287,117.074743,102.63,99.96,833.56,512,288,BGR888p,,,,,
111.817,detections,3287,117.074743,102.59,99.96,833.78,,,,0,,,,
111.9203,frame,3291,117.208031,103.56,133.29,803.84,512,288,BGR888p,,,,,
111.9219,detections,3291,117.208031,104.89,133.29,805.44,,,,0,,,,
112.0238,frame,3294,117.307997,103.51,99.97,807.38,512,288,BGR888p,,,,,
112.024,detections,3294,117.307997,102.18,99.97,807.61,,,,0,,,,
112.1284,frame,3297,117.407963,104.62,99.97,812.03,512,288,BGR888p,,,,,
112.1287,detections,3297,117.407963,104.62,99.97,812.26,,,,0,,,,
112.2292,frame,3300,117.507929,100.84,99.97,812.9,512,288,BGR888p,,,,,
112.2295,detections,3300,117.507929,100.83,99.97,813.13,,,,0,,,,
112.3316,frame,3303,117.607895,102.39,99.97,815.32,512,288,BGR888p,,,,,
112.3319,detections,3303,117.607895,102.39,99.97,815.55,,,,0,,,,
112.4349,frame,3306,117.707862,103.29,99.97,818.64,512,288,BGR888p,,,,,
112.4352,detections,3306,117.707862,103.3,99.97,818.89,,,,0,,,,
112.5382,frame,3309,117.807826,103.27,99.96,821.95,512,288,BGR888p,,,,,
112.5384,detections,3309,117.807826,103.26,99.96,822.18,,,,0,,,,
112.5386,system,0,,924.03,,,,,,,,49.86,21.2,12.3
112.642,frame,3312,117.907792,103.8,99.97,825.78,512,288,BGR888p,,,,,
112.6424,detections,3312,117.907792,103.99,99.97,826.21,,,,0,,,,
112.745,frame,3315,118.007758,103.06,99.97,828.87,512,288,BGR888p,,,,,
112.7453,detections,3315,118.007758,102.89,99.97,829.12,,,,0,,,,
112.8481,frame,3318,118.107723,103.08,99.96,832.0,512,288,BGR888p,,,,,
112.8484,detections,3318,118.107723,103.06,99.96,832.22,,,,0,,,,
112.9474,frame,3321,118.207688,99.3,99.97,831.32,512,288,BGR888p,,,,,
112.9477,detections,3321,118.207688,99.28,99.97,831.54,,,,0,,,,
113.0504,frame,3324,118.307653,102.98,99.96,834.33,512,288,BGR888p,,,,,
113.0506,detections,3324,118.307653,102.98,99.96,834.55,,,,0,,,,
113.1554,frame,3327,118.407619,105.06,99.97,839.43,512,288,BGR888p,,,,,
113.1557,detections,3327,118.407619,105.07,99.97,839.66,,,,0,,,,
113.2576,frame,3331,118.540907,102.15,133.29,808.29,512,288,BGR888p,,,,,
113.2579,detections,3331,118.540907,102.15,133.29,808.51,,,,0,,,,
113.3618,frame,3334,118.640873,104.21,99.97,812.54,512,288,BGR888p,,,,,
113.3621,detections,3334,118.640873,104.22,99.97,812.79,,,,0,,,,
113.4623,frame,3337,118.740839,100.47,99.97,813.04,512,288,BGR888p,,,,,
113.4625,detections,3337,118.740839,100.47,99.97,813.26,,,,0,,,,
113.5639,frame,3340,118.840804,101.63,99.97,814.71,512,288,BGR888p,,,,,
113.5642,detections,3340,118.840804,101.65,99.97,814.96,,,,0,,,,
113.5644,system,0,,1025.75,,,,,,,,50.09,21.6,12.9
113.6666,frame,3343,118.940773,102.67,99.97,817.41,512,288,BGR888p,,,,,
113.667,detections,3343,118.940773,102.78,99.97,817.78,,,,0,,,,
113.7695,frame,3346,119.040738,102.88,99.97,820.33,512,288,BGR888p,,,,,
113.7697,detections,3346,119.040738,102.75,99.97,820.55,,,,0,,,,
113.8724,frame,3349,119.140706,102.9,99.97,823.26,512,288,BGR888p,,,,,
113.8726,detections,3349,119.140706,102.9,99.97,823.48,,,,0,,,,
113.9761,frame,3352,119.240667,103.74,99.96,827.06,512,288,BGR888p,,,,,
113.9764,detections,3352,119.240667,103.77,99.96,827.29,,,,0,,,,
114.0795,frame,3355,119.340633,103.42,99.97,830.51,512,288,BGR888p,,,,,
114.0798,detections,3355,119.340633,103.42,99.97,830.75,,,,0,,,,
114.1812,frame,3358,119.440598,101.66,99.96,832.2,512,288,BGR888p,,,,,
114.1815,detections,3358,119.440598,101.64,99.96,832.42,,,,0,,,,
114.282,frame,3361,119.540563,100.83,99.97,833.06,512,288,BGR888p,,,,,
114.2823,detections,3361,119.540563,100.86,99.97,833.32,,,,0,,,,
114.3858,frame,3364,119.640529,103.75,99.97,836.84,512,288,BGR888p,,,,,
114.386,detections,3364,119.640529,103.72,99.97,837.07,,,,0,,,,
114.4911,frame,3368,119.773816,105.34,133.29,808.98,512,288,BGR888p,,,,,
114.4918,detections,3368,119.773816,105.75,133.29,809.54,,,,0,,,,
114.5957,frame,3371,119.873782,104.6,99.97,813.53,512,288,BGR888p,,,,,
114.596,detections,3371,119.873782,104.19,99.97,813.75,,,,0,,,,
114.5961,system,0,,1031.77,,,,,,,,50.19,21.5,12.9
114.6977,frame,3374,119.973749,101.95,99.97,815.51,512,288,BGR888p,,,,,
114.6981,detections,3374,119.973749,102.08,99.97,815.88,,,,0,,,,
114.8007,frame,3377,120.073714,103.08,99.96,818.63,512,288,BGR888p,,,,,
114.801,detections,3377,120.073714,102.96,99.96,818.87,,,,0,,,,
114.9035,frame,3380,120.17368,102.72,99.97,821.38,512,288,BGR888p,,,,,
114.9037,detections,3380,120.17368,102.71,99.97,821.6,,,,0,,,,
115.0085,frame,3383,120.273647,105.03,99.97,826.44,512,288,BGR888p,,,,,
115.0088,detections,3383,120.273647,105.03,99.97,826.67,,,,0,,,,
115.1112,frame,3386,120.373614,102.74,99.97,829.22,512,288,BGR888p,,,,,
115.1115,detections,3386,120.373614,102.74,99.97,829.44,,,,0,,,,
115.2133,frame,3389,120.47358,102.12,99.97,831.38,512,288,BGR888p,,,,,
115.2136,detections,3389,120.47358,102.13,99.97,831.6,,,,0,,,,
115.3154,frame,3392,120.573544,102.05,99.96,833.47,512,288,BGR888p,,,,,
115.3157,detections,3392,120.573544,102.07,99.96,833.72,,,,0,,,,
115.4156,frame,3395,120.673507,100.25,99.96,833.75,512,288,BGR888p,,,,,
115.4159,detections,3395,120.673507,100.23,99.96,833.97,,,,0,,,,
115.52,frame,3398,120.773473,104.34,99.97,838.14,512,288,BGR888p,,,,,
115.5203,detections,3398,120.773473,104.4,99.97,838.41,,,,0,,,,
115.6271,frame,3401,120.873439,107.13,99.97,845.3,512,288,BGR888p,,,,,
115.6274,detections,3401,120.873439,107.09,99.97,845.53,,,,0,,,,
115.6276,system,0,,1031.43,,,,,,,,50.25,22.3,12.7
115.7293,frame,3405,121.006728,102.2,133.29,814.2,512,288,BGR888p,,,,,
115.7298,detections,3405,121.006728,102.38,133.29,814.64,,,,0,,,,
115.83,frame,3408,121.106693,100.69,99.97,814.92,512,288,BGR888p,,,,,
115.8303,detections,3408,121.106693,100.53,99.97,815.19,,,,0,,,,
115.9323,frame,3411,121.206658,102.27,99.96,817.22,512,288,BGR888p,,,,,
115.9325,detections,3411,121.206658,102.22,99.96,817.44,,,,0,,,,
116.0345,frame,3414,121.306624,102.19,99.97,819.44,512,288,BGR888p,,,,,
116.0347,detections,3414,121.306624,102.19,99.97,819.67,,,,0,,,,
116.1372,frame,3417,121.406592,102.76,99.97,822.25,512,288,BGR888p,,,,,
116.1375,detections,3417,121.406592,102.79,99.97,822.49,,,,0,,,,
116.2425,frame,3420,121.506557,105.26,99.96,827.53,512,288,BGR888p,,,,,
116.2427,detections,3420,121.506557,105.24,99.96,827.76,,,,0,,,,
116.3442,frame,3423,121.606522,101.77,99.96,829.33,512,288,BGR888p,,,,,
116.3445,detections,3423,121.606522,101.76,99.96,829.56,,,,0,,,,
116.4475,frame,3426,121.706488,103.22,99.97,832.59,512,288,BGR888p,,,,,
116.4477,detections,3426,121.706488,103.23,99.97,832.82,,,,0,,,,
116.5489,frame,3429,121.806452,101.46,99.96,834.09,512,288,BGR888p,,,,,
116.5493,detections,3429,121.806452,101.51,99.96,834.37,,,,0,,,,
116.5494,system,0,,921.86,,,,,,,,49.75,21.8,12.6
116.6506,frame,3432,121.906417,101.64,99.97,835.77,512,288,BGR888p,,,,,
116.6509,detections,3432,121.906417,101.61,99.97,836.02,,,,0,,,,
116.7535,frame,3435,122.006383,102.91,99.97,838.71,512,288,BGR888p,,,,,
116.7539,detections,3435,122.006383,103.03,99.97,839.09,,,,0,,,,
116.8583,frame,3439,122.13967,104.85,133.29,810.28,512,288,BGR888p,,,,,
116.8586,detections,3439,122.13967,104.71,133.29,810.51,,,,0,,,,
116.9615,frame,3442,122.239636,103.19,99.97,813.5,512,288,BGR888p,,,,,
116.9618,detections,3442,122.239636,103.19,99.97,813.73,,,,0,,,,
117.0623,frame,3445,122.339603,100.72,99.97,814.25,512,288,BGR888p,,,,,
117.0625,detections,3445,122.339603,100.72,99.97,814.49,,,,0,,,,
117.1644,frame,3448,122.439569,102.15,99.97,816.44,512,288,BGR888p,,,,,
117.1647,detections,3448,122.439569,102.14,99.97,816.66,,,,0,,,,
117.2677,frame,3451,122.539537,103.32,99.97,815.48,512,288,BGR888p,,,,,
117.268,detections,3451,122.539537,103.32,99.97,815.7,,,,0,,,,
117.3702,frame,3454,122.6395,102.5,99.96,818.02,512,288,BGR888p,,,,,
117.3705,detections,3454,122.6395,102.51,99.96,818.25,,,,0,,,,
117.4739,frame,3457,122.739469,103.69,99.97,821.74,512,288,BGR888p,,,,,
117.4769,detections,3457,122.739469,106.38,99.97,824.72,,,,0,,,,
117.5774,frame,3460,122.839432,103.44,99.96,825.22,512,288,BGR888p,,,,,
117.5776,detections,3460,122.839432,100.75,99.96,825.44,,,,0,,,,
117.5778,system,0,,1028.36,,,,,,,,50.53,21.9,12.9
117.6816,frame,3463,122.939397,104.21,99.96,829.46,512,288,BGR888p,,,,,
117.6818,detections,3463,122.939397,104.21,99.96,829.69,,,,0,,,,
117.7817,frame,3466,123.039364,100.17,99.97,829.67,512,288,BGR888p,,,,,
117.7822,detections,3466,123.039364,100.36,99.97,830.1,,,,0,,,,
117.8847,frame,3469,123.139327,102.98,99.96,832.68,512,288,BGR888p,,,,,
117.885,detections,3469,123.139327,102.79,99.96,832.9,,,,0,,,,
117.9885,frame,3472,123.239292,103.83,99.97,836.55,512,288,BGR888p,,,,,
117.99,detections,3472,123.239292,105.01,99.97,838.03,,,,0,,,,
118.0931,frame,3476,123.37258,104.6,133.29,807.88,512,288,BGR888p,,,,,
118.0935,detections,3476,123.37258,103.48,133.29,808.15,,,,0,,,,
118.196,frame,3479,123.472546,102.83,99.97,810.73,512,288,BGR888p,,,,,
118.1963,detections,3479,123.472546,102.8,99.97,810.98,,,,0,,,,
118.2969,frame,3482,123.572512,100.88,99.97,811.64,512,288,BGR888p,,,,,
118.2971,detections,3482,123.572512,100.85,99.97,811.89,,,,0,,,,
118.4012,frame,3485,123.672478,104.37,99.97,816.05,512,288,BGR888p,,,,,
118.4015,detections,3485,123.672478,104.38,99.97,816.28,,,,0,,,,
118.504,frame,3488,123.772445,102.78,99.97,818.86,512,288,BGR888p,,,,,
118.5043,detections,3488,123.772445,102.81,99.97,819.11,,,,0,,,,
118.6061,frame,3491,123.87241,102.07,99.96,820.91,512,288,BGR888p,,,,,
118.6062,detections,3491,123.87241,101.92,99.96,821.03,,,,0,,,,
118.6063,system,0,,1028.53,,,,,,,,50.31,21.9,12.9
118.7114,frame,3494,123.972378,105.33,99.97,826.32,512,288,BGR888p,,,,,
118.7117,detections,3494,123.972378,105.45,99.97,826.56,,,,0,,,,
118.8129,frame,3497,124.072341,101.48,99.96,827.85,512,288,BGR888p,,,,,
118.8139,detections,3497,124.072341,102.22,99.96,828.85,,,,0,,,,
118.9158,frame,3500,124.172307,102.93,99.97,830.81,512,288,BGR888p,,,,,
118.9161,detections,3500,124.172307,102.19,99.97,831.07,,,,0,,,,
119.0153,frame,3503,124.272272,99.49,99.96,830.34,512,288,BGR888p,,,,,
119.0156,detections,3503,124.272272,99.49,99.96,830.56,,,,0,,,,
119.1189,frame,3506,124.372237,103.54,99.96,833.91,512,288,BGR888p,,,,,
119.1191,detections,3506,124.372237,103.54,99.96,834.16,,,,0,,,,
119.224,frame,3510,124.505524,105.16,133.29,805.78,512,288,BGR888p,,,,,
119.2243,detections,3510,124.505524,105.21,133.29,806.05,,,,0,,,,
119.3272,frame,3513,124.605494,103.16,99.97,808.97,512,288,BGR888p,,,,,
119.3274,detections,3513,124.605494,103.11,99.97,809.19,,,,0,,,,
119.4298,frame,3516,124.705457,102.65,99.96,811.66,512,288,BGR888p,,,,,
119.4301,detections,3516,124.705457,102.65,99.96,811.9,,,,0,,,,
119.5299,frame,3519,124.805423,100.04,99.97,811.74,512,288,BGR888p,,,,,
119.5301,detections,3519,124.805423,100.06,99.97,812.01,,,,0,,,,
119.632,frame,3522,124.905388,102.13,99.96,813.89,512,288,BGR888p,,,,,
119.6322,detections,3522,124.905388,102.1,99.96,814.1,,,,0,,,,
119.6324,system,0,,1026.06,,,,,,,,50.36,21.2,12.7
119.7352,frame,3525,125.005356,103.19,99.97,817.12,512,288,BGR888p,,,,,
119.7354,detections,3525,125.005356,103.2,99.97,817.34,,,,0,,,,
119.8376,frame,3528,125.105321,102.4,99.96,819.55,512,288,BGR888p,,,,,
119.838,detections,3528,125.105321,102.53,99.96,819.92,,,,0,,,,
119.9402,frame,3531,125.205288,102.67,99.97,822.25,512,288,BGR888p,,,,,
119.9405,detections,3531,125.205288,102.54,99.97,822.48,,,,0,,,,
120.0458,frame,3534,125.305253,105.53,99.96,827.82,512,288,BGR888p,,,,,
120.046,detections,3534,125.305253,105.52,99.96,828.04,,,,0,,,,
120.1475,frame,3537,125.405217,101.73,99.96,829.58,512,288,BGR888p,,,,,
120.1478,detections,3537,125.405217,101.73,99.96,829.8,,,,0,,,,
120.249,frame,3540,125.505184,101.5,99.97,831.11,512,288,BGR888p,,,,,
120.2493,detections,3540,125.505184,101.52,99.97,831.36,,,,0,,,,
120.3493,frame,3543,125.605147,100.26,99.96,831.42,512,288,BGR888p,,,,,
120.3495,detections,3543,125.605147,100.26,99.96,831.66,,,,0,,,,
120.4548,frame,3546,125.705113,105.59,99.97,837.04,512,288,BGR888p,,,,,
120.4551,detections,3546,125.705113,105.59,99.97,837.33,,,,0,,,,
120.5587,frame,3550,125.8384,103.88,133.29,807.62,512,288,BGR888p,,,,,
120.559,detections,3550,125.8384,103.86,133.29,807.85,,,,0,,,,
120.5592,system,0,,926.81,,,,,,,,49.92,21.0,12.3
120.6636,frame,3553,125.938366,104.86,99.97,812.52,512,288,BGR888p,,,,,
120.6639,detections,3553,125.938366,104.86,99.97,812.74,,,,0,,,,
120.7637,frame,3556,126.038332,100.15,99.97,812.71,512,288,BGR888p,,,,,
120.764,detections,3556,126.038332,100.16,99.97,812.93,,,,0,,,,
120.8676,frame,3559,126.138303,103.88,99.97,816.61,512,288,BGR888p,,,,,
120.868,detections,3559,126.138303,104.03,99.97,817.0,,,,0,,,,
120.9701,frame,3562,126.238264,102.47,99.96,819.14,512,288,BGR888p,,,,,
120.9704,detections,3562,126.238264,102.34,99.96,819.37,,,,0,,,,
121.0765,frame,3565,126.338232,106.38,99.97,825.52,512,288,BGR888p,,,,,
121.0767,detections,3565,126.338232,106.35,99.97,825.75,,,,0,,,,
121.1775,frame,3568,126.438196,101.08,99.96,826.64,512,288,BGR888p,,,,,
121.178,detections,3568,126.438196,101.28,99.96,827.08,,,,0,,,,
121.2812,frame,3571,126.538161,103.7,99.96,830.38,512,288,BGR888p,,,,,
121.2815,detections,3571,126.538161,103.52,99.96,830.63,,,,0,,,,
121.3825,frame,3574,126.638127,101.22,99.97,831.63,512,288,BGR888p,,,,,
121.3827,detections,3574,126.638127,101.19,99.97,831.85,,,,0,,,,
121.4851,frame,3577,126.738093,102.65,99.97,834.36,512,288,BGR888p,,,,,
121.4854,detections,3577,126.738093,102.71,99.97,834.59,,,,0,,,,
121.5886,frame,3580,126.838056,103.47,99.96,837.85,512,288,BGR888p,,,,,
121.5889,detections,3580,126.838056,103.47,99.96,838.13,,,,0,,,,
121.5891,system,0,,1029.94,,,,,,,,50.14,21.6,12.9
121.6914,frame,3584,126.971344,102.78,133.29,807.31,512,288,BGR888p,,,,,
121.6916,detections,3584,126.971344,102.73,133.29,807.53,,,,0,,,,
121.7973,frame,3587,127.07131,105.9,99.97,813.25,512,288,BGR888p,,,,,
121.7975,detections,3587,127.07131,105.91,99.97,813.48,,,,0,,,,
121.8975,frame,3590,127.171282,100.22,99.97,813.5,512,288,BGR888p,,,,,
121.8979,detections,3590,127.171282,100.39,99.97,813.9,,,,0,,,,
121.9993,frame,3593,127.271256,101.81,99.97,815.34,512,288,BGR888p,,,,,
121.9996,detections,3593,127.271256,101.64,99.97,815.56,,,,0,,,,
122.102,frame,3596,127.37121,102.68,99.95,818.06,512,288,BGR888p,,,,,
122.1023,detections,3596,127.37121,102.71,99.95,818.31,,,,0,,,,
122.2044,frame,3599,127.471174,102.45,99.96,820.56,512,288,BGR888p,,,,,
122.2047,detections,3599,127.471174,102.45,99.96,820.8,,,,0,,,,
122.3079,frame,3602,127.571139,103.44,99.96,824.02,512,288,BGR888p,,,,,
122.31,detections,3602,127.571139,105.3,99.96,826.18,,,,0,,,,
122.4105,frame,3605,127.671105,102.63,99.97,826.71,512,288,BGR888p,,,,,
122.4108,detections,3605,127.671105,100.8,99.97,826.97,,,,0,,,,
122.5143,frame,3608,127.771073,103.81,99.97,830.53,512,288,BGR888p,,,,,
122.5146,detections,3608,127.771073,103.75,99.97,830.75,,,,0,,,,
122.6167,frame,3611,127.871038,102.37,99.96,832.94,512,288,BGR888p,,,,,
122.6169,detections,3611,127.871038,102.37,99.96,833.16,,,,0,,,,
122.6171,system,0,,1027.97,,,,,,,,50.25,22.6,12.9
122.7162,frame,3614,127.971,99.56,99.96,832.53,512,288,BGR888p,,,,,
122.7165,detections,3614,127.971,99.56,99.96,832.76,,,,0,,,,
122.8196,frame,3617,128.070966,103.41,99.97,835.98,512,288,BGR888p,,,,,
122.8199,detections,3617,128.070966,103.41,99.97,836.2,,,,0,,,,
122.9247,frame,3621,128.204254,105.1,133.29,807.79,512,288,BGR888p,,,,,
122.9251,detections,3621,128.204254,105.24,133.29,808.19,,,,0,,,,
123.0295,frame,3624,128.30422,104.72,99.97,812.54,512,288,BGR888p,,,,,
123.0297,detections,3624,128.30422,104.58,99.97,812.76,,,,0,,,,
123.1305,frame,3627,128.40419,101.02,99.97,813.59,512,288,BGR888p,,,,,
123.1307,detections,3627,128.40419,101.02,99.97,813.81,,,,0,,,,
123.2329,frame,3630,128.504152,102.41,99.96,816.08,512,288,BGR888p,,,,,
123.2333,detections,3630,128.504152,102.52,99.96,816.38,,,,0,,,,
123.3363,frame,3633,128.604117,103.42,99.96,819.51,512,288,BGR888p,,,,,
123.3366,detections,3633,128.604117,103.34,99.96,819.75,,,,0,,,,
123.4394,frame,3636,128.704086,103.12,99.97,822.65,512,288,BGR888p,,,,,
123.4397,detections,3636,128.704086,103.1,99.97,822.88,,,,0,,,,
123.544,frame,3639,128.804049,104.51,99.96,827.2,512,288,BGR888p,,,,,
123.5443,detections,3639,128.804049,104.55,99.96,827.46,,,,0,,,,
123.6461,frame,3642,128.904017,102.13,99.97,829.39,512,288,BGR888p,,,,,
123.6464,detections,3642,128.904017,102.13,99.97,829.62,,,,0,,,,
123.6465,system,0,,1029.44,,,,,,,,50.31,21.3,12.5
123.7472,frame,3645,129.00398,101.17,99.96,830.59,512,288,BGR888p,,,,,
123.7478,detections,3645,129.00398,101.39,99.96,831.05,,,,0,,,,
123.8505,frame,3648,129.103963,103.29,99.98,833.87,512,288,BGR888p,,,,,
123.8508,detections,3648,129.103963,103.03,99.98,834.09,,,,0,,,,
123.9499,frame,3651,129.203912,99.34,99.95,833.25,512,288,BGR888p,,,,,
123.9503,detections,3651,129.203912,99.51,99.95,833.67,,,,0,,,,
124.0545,frame,3654,129.303876,104.64,99.96,837.94,512,288,BGR888p,,,,,
124.0548,detections,3654,129.303876,104.48,99.96,838.18,,,,0,,,,
124.1587,frame,3658,129.437164,104.2,133.29,808.85,512,288,BGR888p,,,,,
124.159,detections,3658,129.437164,104.18,133.29,809.07,,,,0,,,,
124.263,frame,3661,129.53713,104.32,99.97,813.19,512,288,BGR888p,,,,,
124.2633,detections,3661,129.53713,104.33,99.97,813.42,,,,0,,,,
124.3636,frame,3664,129.637096,100.59,99.97,813.83,512,288,BGR888p,,,,,
124.3639,detections,3664,129.637096,100.58,99.97,814.05,,,,0,,,,
124.4663,frame,3667,129.737084,102.68,99.99,816.52,512,288,BGR888p,,,,,
124.4666,detections,3667,129.737084,102.69,99.99,816.75,,,,0,,,,
124.5688,frame,3670,129.837028,102.45,99.94,819.03,512,288,BGR888p,,,,,
124.569,detections,3670,129.837028,102.44,99.94,819.25,,,,0,,,,
124.5692,system,0,,922.7,,,,,,,,50.08,21.9,12.8
124.6719,frame,3673,129.936994,103.14,99.97,818.38,512,288,BGR888p,,,,,
124.6722,detections,3673,129.936994,103.2,99.97,818.67,,,,0,,,,
124.7775,frame,3676,130.036959,105.56,99.96,823.97,512,288,BGR888p,,,,,
124.7777,detections,3676,130.036959,105.5,99.96,824.19,,,,0,,,,
124.8777,frame,3679,130.136925,100.21,99.97,824.22,512,288,BGR888p,,,,,
124.8779,detections,3679,130.136925,100.21,99.97,824.44,,,,0,,,,
124.9814,frame,3682,130.236893,103.7,99.97,827.95,512,288,BGR888p,,,,,
124.9818,detections,3682,130.236893,103.88,99.97,828.37,,,,0,,,,
125.0827,frame,3685,130.336868,101.33,99.98,829.3,512,288,BGR888p,,,,,
125.083,detections,3685,130.336868,101.14,99.98,829.52,,,,0,,,,
125.1832,frame,3688,130.43682,100.52,99.95,829.87,512,288,BGR888p,,,,,
125.1835,detections,3688,130.43682,100.53,99.95,830.1,,,,0,,,,
125.2864,frame,3691,130.536786,103.15,99.97,833.06,512,288,BGR888p,,,,,
125.2866,detections,3691,130.536786,103.15,99.97,833.28,,,,0,,,,
125.3918,frame,3695,130.670073,105.43,133.29,805.2,512,288,BGR888p,,,,,
125.3921,detections,3695,130.670073,105.43,133.29,805.45,,,,0,,,,
125.4941,frame,3698,130.770039,102.29,99.97,807.56,512,288,BGR888p,,,,,
125.4951,detections,3698,130.770039,103.01,99.97,808.51,,,,0,,,,
125.5976,frame,3701,130.870006,103.49,99.97,811.0,512,288,BGR888p,,,,,
125.5977,detections,3701,130.870006,102.67,99.97,811.13,,,,0,,,,
125.5978,system,0,,1028.59,,,,,,,,50.36,21.6,12.9
125.6981,frame,3704,130.969973,100.47,99.97,811.6,512,288,BGR888p,,,,,
125.6984,detections,3704,130.969973,100.64,99.97,811.84,,,,0,,,,
125.8007,frame,3707,131.069937,102.61,99.96,814.2,512,288,BGR888p,,,,,
125.8009,detections,3707,131.069937,102.55,99.96,814.42,,,,0,,,,
125.9035,frame,3710,131.169903,102.85,99.97,817.08,512,288,BGR888p,,,,,
125.9038,detections,3710,131.169903,102.85,99.97,817.3,,,,0,,,,
126.0062,frame,3713,131.269872,102.73,99.97,819.83,512,288,BGR888p,,,,,
126.0066,detections,3713,131.269872,102.86,99.97,820.2,,,,0,,,,
126.1109,frame,3716,131.369834,104.64,99.96,824.52,512,288,BGR888p,,,,,
126.1112,detections,3716,131.369834,104.55,99.96,824.78,,,,0,,,,
126.2154,frame,3719,131.469802,104.54,99.97,829.09,512,288,BGR888p,,,,,
126.2157,detections,3719,131.469802,104.51,99.97,829.32,,,,0,,,,
126.3176,frame,3722,131.569766,102.2,99.96,831.33,512,288,BGR888p,,,,,
126.3179,detections,3722,131.569766,102.2,99.96,831.55,,,,0,,,,
126.4187,frame,3725,131.66973,101.06,99.96,832.46,512,288,BGR888p,,,,,
126.4191,detections,3725,131.66973,101.16,99.96,832.76,,,,0,,,,
126.5218,frame,3728,131.769696,103.12,99.97,835.58,512,288,BGR888p,,,,,
126.5221,detections,3728,131.769696,103.01,99.97,835.8,,,,0,,,,
126.6278,frame,3731,131.869661,105.95,99.96,841.56,512,288,BGR888p,,,,,
126.6288,detections,3731,131.869661,106.7,99.96,842.57,,,,0,,,,
126.629,system,0,,1031.15,,,,,,,,50.25,21.8,12.9
126.7313,frame,3735,132.00295,103.55,133.29,811.82,512,288,BGR888p,,,,,
126.7316,detections,3735,132.00295,102.79,133.29,812.04,,,,0,,,,
126.8338,frame,3738,132.102915,102.51,99.96,814.36,512,288,BGR888p,,,,,
126.8341,detections,3738,132.102915,102.51,99.96,814.62,,,,0,,,,
126.9368,frame,3741,132.202881,102.97,99.97,817.36,512,288,BGR888p,,,,,
126.937,detections,3741,132.202881,102.97,99.97,817.59,,,,0,,,,
127.0394,frame,3744,132.302848,102.65,99.97,820.05,512,288,BGR888p,,,,,
127.0398,detections,3744,132.302848,102.79,99.97,820.42,,,,0,,,,
127.1445,frame,3747,132.402813,105.06,99.96,825.15,512,288,BGR888p,,,,,
127.1448,detections,3747,132.402813,104.93,99.96,825.38,,,,0,,,,
127.2463,frame,3750,132.50278,101.83,99.97,827.02,512,288,BGR888p,,,,,
127.2466,detections,3750,132.50278,101.83,99.97,827.24,,,,0,,,,
127.3491,frame,3753,132.602745,102.81,99.96,829.9,512,288,BGR888p,,,,,
127.3494,detections,3753,132.602745,102.85,99.96,830.12,,,,0,,,,
127.451,frame,3756,132.70271,101.87,99.96,831.76,512,288,BGR888p,,,,,
127.4513,detections,3756,132.70271,101.85,99.96,832.01,,,,0,,,,
127.5518,frame,3759,132.802674,100.81,99.96,832.61,512,288,BGR888p,,,,,
127.5521,detections,3759,132.802674,100.81,99.96,832.88,,,,0,,,,
127.6558,frame,3762,132.90264,104.0,99.97,836.65,512,288,BGR888p,,,,,
127.6561,detections,3762,132.90264,103.98,99.97,836.9,,,,0,,,,
127.6563,system,0,,1027.3,,,,,,,,50.14,20.4,12.4
127.7606,frame,3766,133.035928,104.73,133.29,808.1,512,288,BGR888p,,,,,
127.7608,detections,3766,133.035928,104.75,133.29,808.34,,,,0,,,,
127.8632,frame,3769,133.135893,102.65,99.96,810.78,512,288,BGR888p,,,,,
127.8635,detections,3769,133.135893,102.64,99.96,811.01,,,,0,,,,
127.9654,frame,3772,133.235859,102.18,99.97,812.99,512,288,BGR888p,,,,,
127.9656,detections,3772,133.235859,102.17,99.97,813.21,,,,0,,,,
128.068,frame,3775,133.335828,102.61,99.97,815.63,512,288,BGR888p,,,,,
128.0684,detections,3775,133.335828,102.78,99.97,816.04,,,,0,,,,
128.1716,frame,3778,133.435804,103.65,99.98,819.29,512,288,BGR888p,,,,,
128.1719,detections,3778,133.435804,103.44,99.98,819.48,,,,0,,,,
128.2777,frame,3781,133.535766,106.06,99.96,825.4,512,288,BGR888p,,,,,
128.278,detections,3781,133.535766,106.12,99.96,825.65,,,,0,,,,
128.3795,frame,3784,133.635725,101.77,99.96,827.24,512,288,BGR888p,,,,,
128.3799,detections,3784,133.635725,101.9,99.96,827.6,,,,0,,,,
128.4839,frame,3787,133.735694,104.48,99.97,831.73,512,288,BGR888p,,,,,
128.4843,detections,3787,133.735694,104.39,99.97,832.02,,,,0,,,,
128.5837,frame,3790,133.835654,99.72,99.96,831.48,512,288,BGR888p,,,,,
128.5839,detections,3790,133.835654,99.65,99.96,831.7,,,,0,,,,
128.5841,system,0,,927.8,,,,,,,,50.31,21.7,13.2
128.6868,frame,3793,133.935621,103.11,99.97,834.63,512,288,BGR888p,,,,,
128.687,detections,3793,133.935621,103.11,99.97,834.85,,,,0,,,,
128.7905,frame,3796,134.035584,103.7,99.96,838.36,512,288,BGR888p,,,,,
128.7907,detections,3796,134.035584,103.7,99.96,838.58,,,,0,,,,
128.8957,frame,3799,134.13555,105.21,99.97,843.61,512,288,BGR888p,,,,,
128.896,detections,3799,134.13555,105.21,99.97,843.83,,,,0,,,,
128.9992,frame,3803,134.268837,103.53,133.29,813.84,512,288,BGR888p,,,,,
128.9995,detections,3803,134.268837,103.53,133.29,814.07,,,,0,,,,
129.1003,frame,3806,134.368804,101.12,99.97,815.0,512,288,BGR888p,,,,,
129.1007,detections,3806,134.368804,101.25,99.97,815.37,,,,0,,,,
129.2034,frame,3809,134.46877,103.11,99.97,818.14,512,288,BGR888p,,,,,
129.2037,detections,3809,134.46877,102.97,99.97,818.36,,,,0,,,,
129.3063,frame,3812,134.568737,102.9,99.97,821.07,512,288,BGR888p,,,,,
129.3066,detections,3812,134.568737,102.9,99.97,821.29,,,,0,,,,
129.4088,frame,3815,134.668701,102.43,99.96,823.53,512,288,BGR888p,,,,,
129.409,detections,3815,134.668701,102.43,99.96,823.76,,,,0,,,,
129.515,frame,3818,134.768667,106.19,99.97,829.77,512,288,BGR888p,,,,,
129.5153,detections,3818,134.768667,106.23,99.97,830.03,,,,0,,,,
129.6167,frame,3821,134.868632,101.71,99.96,831.52,512,288,BGR888p,,,,,
129.617,detections,3821,134.868632,101.68,99.96,831.75,,,,0,,,,
129.6171,system,0,,1033.04,,,,,,,,50.47,22.2,12.8
129.7185,frame,3824,134.968599,101.79,99.97,833.33,512,288,BGR888p,,,,,
129.7187,detections,3824,134.968599,101.78,99.97,833.55,,,,0,,,,
129.8177,frame,3827,135.068562,99.22,99.96,832.58,512,288,BGR888p,,,,,
129.8179,detections,3827,135.068562,99.22,99.96,832.81,,,,0,,,,
129.9226,frame,3830,135.168528,104.96,99.97,837.58,512,288,BGR888p,,,,,
129.9229,detections,3830,135.168528,104.96,99.97,837.8,,,,0,,,,
130.0298,frame,3834,135.301816,107.14,133.29,811.42,512,288,BGR888p,,,,,
130.03,detections,3834,135.301816,107.13,133.29,811.65,,,,0,,,,
130.1316,frame,3837,135.40179,101.8,99.97,813.25,512,288,BGR888p,,,,,
130.132,detections,3837,135.40179,101.94,99.97,813.62,,,,0,,,,
130.2325,frame,3840,135.501748,100.91,99.96,814.2,512,288,BGR888p,,,,,
130.2328,detections,3840,135.501748,100.77,99.96,814.43,,,,0,,,,
130.3352,frame,3843,135.601714,102.73,99.97,816.97,512,288,BGR888p,,,,,
130.3355,detections,3843,135.601714,102.73,99.97,817.19,,,,0,,,,
130.4388,frame,3846,135.701681,103.59,99.97,820.59,512,288,BGR888p,,,,,
130.4391,detections,3846,135.701681,103.59,99.97,820.81,,,,0,,,,
130.5419,frame,3849,135.801654,103.13,99.97,823.76,512,288,BGR888p,,,,,
130.5423,detections,3849,135.801654,103.21,99.97,824.06,,,,0,,,,
130.6478,frame,3852,135.901613,105.82,99.96,829.61,512,288,BGR888p,,,,,
130.648,detections,3852,135.901613,105.74,99.96,829.84,,,,0,,,,
130.6482,system,0,,1031.08,,,,,,,,50.25,22.2,12.9
130.7508,frame,3855,136.00158,103.05,99.97,832.71,512,288,BGR888p,,,,,
130.7511,detections,3855,136.00158,103.08,99.97,832.99,,,,0,,,,
130.8505,frame,3858,136.101543,99.7,99.96,832.39,512,288,BGR888p,,,,,
130.8507,detections,3858,136.101543,99.57,99.96,832.52,,,,0,,,,
130.9541,frame,3861,136.201507,103.6,99.96,836.11,512,288,BGR888p,,,,,
130.9544,detections,3861,136.201507,103.74,99.96,836.36,,,,0,,,,
131.0574,frame,3864,136.301472,103.25,99.96,839.35,512,288,BGR888p,,,,,
131.0592,detections,3864,136.301472,104.77,99.96,841.16,,,,0,,,,
131.1621,frame,3867,136.401438,104.72,99.97,844.14,512,288,BGR888p,,,,,
131.1631,detections,3867,136.401438,103.91,99.97,845.14,,,,0,,,,
131.2663,frame,3871,136.534725,104.2,133.29,815.04,512,288,BGR888p,,,,,
131.2666,detections,3871,136.534725,103.49,133.29,815.28,,,,0,,,,
131.3678,frame,3874,136.634692,101.49,99.97,816.54,512,288,BGR888p,,,,,
131.368,detections,3874,136.634692,101.46,99.97,816.76,,,,0,,,,
131.4711,frame,3877,136.73466,103.29,99.97,819.92,512,288,BGR888p,,,,,
131.4714,detections,3877,136.73466,103.36,99.97,820.15,,,,0,,,,
131.5727,frame,3880,136.834624,101.59,99.96,821.54,512,288,BGR888p,,,,,
131.573,detections,3880,136.834624,101.58,99.96,821.76,,,,0,,,,
131.5731,system,0,,924.91,,,,,,,,50.36,21.5,12.5
131.6756,frame,3883,136.934589,102.93,99.96,824.46,512,288,BGR888p,,,,,
131.6758,detections,3883,136.934589,102.89,99.96,824.69,,,,0,,,,
131.779,frame,3886,137.034557,103.43,99.97,827.92,512,288,BGR888p,,,,,
131.7793,detections,3886,137.034557,103.45,99.97,828.17,,,,0,,,,
131.8818,frame,3889,137.134521,102.83,99.96,830.78,512,288,BGR888p,,,,,
131.883,detections,3889,137.134521,103.71,99.96,831.95,,,,0,,,,
131.9846,frame,3892,137.234491,102.73,99.97,833.54,512,288,BGR888p,,,,,
131.9848,detections,3892,137.234491,101.82,99.97,833.77,,,,0,,,,
132.0846,frame,3895,137.334451,100.02,99.96,833.6,512,288,BGR888p,,,,,
132.0848,detections,3895,137.334451,100.01,99.96,833.82,,,,0,,,,
132.1885,frame,3898,137.434416,103.88,99.96,833.13,512,288,BGR888p,,,,,
132.1889,detections,3898,137.434416,104.02,99.96,833.49,,,,0,,,,
132.2934,frame,3902,137.567704,104.92,133.29,804.76,512,288,BGR888p,,,,,
132.2937,detections,3902,137.567704,104.79,133.29,804.98,,,,0,,,,
132.3989,frame,3905,137.66767,105.51,99.97,810.31,512,288,BGR888p,,,,,
132.3992,detections,3905,137.66767,105.53,99.97,810.55,,,,0,,,,
132.5005,frame,3908,137.767636,101.59,99.97,811.94,512,288,BGR888p,,,,,
132.5008,detections,3908,137.767636,101.59,99.97,812.19,,,,0,,,,
132.6016,frame,3911,137.867602,101.09,99.97,813.0,512,288,BGR888p,,,,,
132.6017,detections,3911,137.867602,100.93,99.97,813.1,,,,0,,,,
132.6018,system,0,,1028.66,,,,,,,,50.69,21.7,13.1
132.7049,frame,3914,137.96757,103.29,99.97,816.38,512,288,BGR888p,,,,,
132.7051,detections,3914,137.96757,103.42,99.97,816.63,,,,0,,,,
132.8065,frame,3917,138.067534,101.61,99.96,818.02,512,288,BGR888p,,,,,
132.8067,detections,3917,138.067534,101.61,99.96,818.24,,,,0,,,,
132.9093,frame,3920,138.1675,102.78,99.97,820.83,512,288,BGR888p,,,,,
132.9095,detections,3920,138.1675,102.78,99.97,821.06,,,,0,,,,
133.0135,frame,3923,138.267467,104.26,99.97,825.15,512,288,BGR888p,,,,,
133.0141,detections,3923,138.267467,104.56,99.97,825.71,,,,0,,,,
133.1172,frame,3926,138.367431,103.72,99.96,828.88,512,288,BGR888p,,,,,
133.1175,detections,3926,138.367431,103.42,99.96,829.1,,,,0,,,,
133.218,frame,3929,138.467398,100.73,99.97,829.65,512,288,BGR888p,,,,,
133.2184,detections,3929,138.467398,100.93,99.97,830.08,,,,0,,,,
133.3205,frame,3932,138.56736,102.54,99.96,832.22,512,288,BGR888p,,,,,
133.3208,detections,3932,138.56736,102.34,99.96,832.45,,,,0,,,,
133.4269,frame,3935,138.667327,106.42,99.97,838.68,512,288,BGR888p,,,,,
133.4272,detections,3935,138.667327,106.46,99.97,838.94,,,,0,,,,
133.5294,frame,3939,138.800614,102.42,133.29,807.82,512,288,BGR888p,,,,,
133.5296,detections,3939,138.800614,102.41,133.29,808.07,,,,0,,,,
133.6326,frame,3942,138.90058,103.26,99.97,811.11,512,288,BGR888p,,,,,
133.6329,detections,3942,138.90058,103.24,99.97,811.33,,,,0,,,,
133.633,system,0,,1031.25,,,,,,,,50.47,21.7,13.0
133.7334,frame,3945,139.000546,100.79,99.97,811.97,512,288,BGR888p,,,,,
133.7337,detections,3945,139.000546,100.84,99.97,812.2,,,,0,,,,
133.8357,frame,3948,139.100512,102.26,99.97,814.22,512,288,BGR888p,,,,,
133.8359,detections,3948,139.100512,102.21,99.97,814.44,,,,0,,,,
133.9387,frame,3951,139.200477,103.02,99.96,817.28,512,288,BGR888p,,,,,
133.9389,detections,3951,139.200477,103.02,99.96,817.5,,,,0,,,,
134.0425,frame,3954,139.300445,103.78,99.97,821.09,512,288,BGR888p,,,,,
134.0427,detections,3954,139.300445,103.78,99.97,821.32,,,,0,,,,
134.1464,frame,3957,139.40041,103.94,99.96,825.07,512,288,BGR888p,,,,,
134.1473,detections,3957,139.40041,104.6,99.96,825.99,,,,0,,,,
134.2495,frame,3960,139.500379,103.07,99.97,828.17,512,288,BGR888p,,,,,
134.2503,detections,3960,139.500379,103.02,99.97,829.02,,,,0,,,,
134.3526,frame,3963,139.60035,103.08,99.97,831.28,512,288,BGR888p,,,,,
134.3528,detections,3963,139.60035,102.48,99.97,831.5,,,,0,,,,
134.4518,frame,3966,139.700307,99.24,99.96,830.5,512,288,BGR888p,,,,,
134.4519,detections,3966,139.700307,99.09,99.96,830.59,,,,0,,,,
134.555,frame,3969,139.80027,103.18,99.96,833.79,512,288,BGR888p,,,,,
134.5553,detections,3969,139.80027,103.38,99.96,834.07,,,,0,,,,
134.66,frame,3972,139.900236,105.06,99.97,838.91,512,288,BGR888p,,,,,
134.6604,detections,3972,139.900236,105.07,99.97,839.17,,,,0,,,,
134.6605,system,0,,1027.5,,,,,,,,50.8,20.9,12.5
134.7635,frame,3976,140.033524,103.49,133.29,809.09,512,288,BGR888p,,,,,
134.7638,detections,3976,140.033524,103.45,133.29,809.34,,,,0,,,,
134.8656,frame,3979,140.133492,102.12,99.97,811.25,512,288,BGR888p,,,,,
134.8659,detections,3979,140.133492,102.12,99.97,811.47,,,,0,,,,
134.9663,frame,3982,140.233456,100.63,99.96,811.89,512,288,BGR888p,,,,,
134.9665,detections,3982,140.233456,100.61,99.96,812.12,,,,0,,,,
135.0685,frame,3985,140.333424,102.2,99.97,814.13,512,288,BGR888p,,,,,
135.0687,detections,3985,140.333424,102.2,99.97,814.36,,,,0,,,,
135.1711,frame,3988,140.433389,102.61,99.96,816.8,512,288,BGR888p,,,,,
135.1714,detections,3988,140.433389,102.63,99.96,817.03,,,,0,,,,
135.2737,frame,3991,140.533356,102.64,99.97,819.45,512,288,BGR888p,,,,,
135.2741,detections,3991,140.533356,102.75,99.97,819.85,,,,0,,,,
135.3767,frame,3994,140.633319,102.95,99.96,822.44,512,288,BGR888p,,,,,
135.3769,detections,3994,140.633319,102.82,99.96,822.66,,,,0,,,,
135.4792,frame,3997,140.733286,102.56,99.97,825.03,512,288,BGR888p,,,,,
135.4795,detections,3997,140.733286,102.56,99.97,825.25,,,,0,,,,
135.5817,frame,4000,140.833254,102.44,99.97,827.54,512,288,BGR888p,,,,,
135.582,detections,4000,140.833254,102.48,99.97,827.77,,,,0,,,,
135.5822,system,0,,921.66,,,,,,,,50.25,21.6,12.6
135.6832,frame,4003,140.933218,101.56,99.96,829.1,512,288,BGR888p,,,,,
135.6835,detections,4003,140.933218,101.52,99.96,829.32,,,,0,,,,
135.7856,frame,4006,141.03318,102.37,99.96,831.5,512,288,BGR888p,,,,,
135.7859,detections,4006,141.03318,102.37,99.96,831.73,,,,0,,,,
135.8868,frame,4009,141.133146,101.18,99.97,832.72,512,288,BGR888p,,,,,
135.8871,detections,4009,141.133146,101.18,99.97,832.94,,,,0,,,,
135.9905,frame,4013,141.266437,103.74,133.29,803.17,512,288,BGR888p,,,,,
135.9908,detections,4013,141.266437,103.74,133.29,803.39,,,,0,,,,
136.0948,frame,4016,141.3664,104.3,99.96,807.52,512,288,BGR888p,,,,,
136.0951,detections,4016,141.3664,104.32,99.96,807.79,,,,0,,,,
136.1991,frame,4019,141.466368,104.22,99.97,811.79,512,288,BGR888p,,,,,
136.1994,detections,4019,141.466368,104.23,99.97,812.02,,,,0,,,,
136.2995,frame,4022,141.566332,100.45,99.96,812.25,512,288,BGR888p,,,,,
136.2999,detections,4022,141.566332,100.58,99.96,812.64,,,,0,,,,
136.4028,frame,4025,141.666298,103.28,99.97,815.56,512,288,BGR888p,,,,,
136.4031,detections,4025,141.666298,103.13,99.97,815.79,,,,0,,,,
136.5055,frame,4028,141.766264,102.72,99.97,818.32,512,288,BGR888p,,,,,
136.5058,detections,4028,141.766264,102.71,99.97,818.54,,,,0,,,,
136.6087,frame,4031,141.866229,103.16,99.96,821.46,512,288,BGR888p,,,,,
136.6108,detections,4031,141.866229,104.99,99.96,823.56,,,,0,,,,
136.6109,system,0,,1028.7,,,,,,,,50.69,21.6,12.6
136.7126,frame,4034,141.966196,103.9,99.97,825.45,512,288,BGR888p,,,,,
136.7137,detections,4034,141.966196,102.97,99.97,826.62,,,,0,,,,
136.8146,frame,4037,142.066165,101.98,99.97,827.46,512,288,BGR888p,,,,,
136.8148,detections,4037,142.066165,101.08,99.97,827.69,,,,0,,,,
136.917,frame,4040,142.166128,102.48,99.96,830.0,512,288,BGR888p,,,,,
136.9173,detections,4040,142.166128,102.5,99.96,830.22,,,,0,,,,
137.0183,frame,4043,142.266091,101.28,99.96,831.29,512,288,BGR888p,,,,,
137.0186,detections,4043,142.266091,101.25,99.96,831.52,,,,0,,,,
137.1212,frame,4046,142.366055,102.93,99.96,834.26,512,288,BGR888p,,,,,
137.1215,detections,4046,142.366055,102.95,99.96,834.51,,,,0,,,,
137.2266,frame,4050,142.499343,105.33,133.29,806.29,512,288,BGR888p,,,,,
137.2268,detections,4050,142.499343,105.31,133.29,806.52,,,,0,,,,
137.3297,frame,4053,142.599309,103.16,99.97,809.49,512,288,BGR888p,,,,,
137.3301,detections,4053,142.599309,103.29,99.97,809.88,,,,0,,,,
137.43,frame,4056,142.699275,100.25,99.97,809.81,512,288,BGR888p,,,,,
137.4305,detections,4056,142.699275,100.35,99.97,810.26,,,,0,,,,
137.5334,frame,4059,142.799242,103.45,99.97,813.26,512,288,BGR888p,,,,,
137.5337,detections,4059,142.799242,103.22,99.97,813.48,,,,0,,,,
137.6361,frame,4062,142.899209,102.66,99.97,815.98,512,288,BGR888p,,,,,
137.6364,detections,4062,142.899209,102.69,99.97,816.21,,,,0,,,,
137.6365,system,0,,1025.66,,,,,,,,50.36,22.1,12.7
137.7385,frame,4065,142.999175,102.41,99.97,818.4,512,288,BGR888p,,,,,
137.7388,detections,4065,142.999175,102.38,99.97,818.62,,,,0,,,,
137.8438,frame,4068,143.099139,105.34,99.96,823.78,512,288,BGR888p,,,,,
137.8441,detections,4068,143.099139,105.37,99.96,824.05,,,,0,,,,
137.9455,frame,4071,143.199104,101.62,99.96,825.43,512,288,BGR888p,,,,,
137.9457,detections,4071,143.199104,101.59,99.96,825.65,,,,0,,,,
138.047,frame,4074,143.299071,101.54,99.97,827.0,512,288,BGR888p,,,,,
138.0473,detections,4074,143.299071,101.62,99.97,827.31,,,,0,,,,
138.1465,frame,4077,143.399034,99.51,99.96,826.59,512,288,BGR888p,,,,,
138.1468,detections,4077,143.399034,99.48,99.96,826.82,,,,0,,,,
138.2497,frame,4080,143.499,103.24,99.97,829.85,512,288,BGR888p,,,,,
138.2501,detections,4080,143.499,103.29,99.97,830.18,,,,0,,,,
138.3543,frame,4084,143.632287,104.56,133.29,801.09,512,288,BGR888p,,,,,
138.3547,detections,4084,143.632287,104.6,133.29,801.47,,,,0,,,,
138.4564,frame,4087,143.732253,102.06,99.97,803.19,512,288,BGR888p,,,,,
138.457,detections,4087,143.732253,102.32,99.97,803.84,,,,0,,,,
138.5601,frame,4090,143.83222,103.74,99.97,807.0,512,288,BGR888p,,,,,
138.5604,detections,4090,143.83222,103.38,99.97,807.23,,,,0,,,,
138.6616,frame,4093,143.932189,101.51,99.97,808.5,512,288,BGR888p,,,,,
138.6619,detections,4093,143.932189,101.47,99.97,808.73,,,,0,,,,
138.662,system,0,,1025.5,,,,,,,,50.58,21.2,12.4
138.7644,frame,4096,144.032153,102.77,99.96,811.31,512,288,BGR888p,,,,,
138.7647,detections,4096,144.032153,102.77,99.96,811.54,,,,0,,,,
138.8668,frame,4099,144.132119,102.41,99.97,813.75,512,288,BGR888p,,,,,
138.8671,detections,4099,144.132119,102.41,99.97,813.98,,,,0,,,,
138.9698,frame,4102,144.232084,103.01,99.96,816.8,512,288,BGR888p,,,,,
138.9718,detections,4102,144.232084,104.77,99.96,818.85,,,,0,,,,
139.072,frame,4105,144.332048,102.17,99.96,819.01,512,288,BGR888p,,,,,
139.0723,detections,4105,144.332048,100.45,99.96,819.28,,,,0,,,,
139.1744,frame,4108,144.432014,102.42,99.97,821.47,512,288,BGR888p,,,,,
139.1747,detections,4108,144.432014,102.39,99.97,821.69,,,,0,,,,
139.2765,frame,4111,144.531981,102.08,99.97,823.59,512,288,BGR888p,,,,,
139.2768,detections,4111,144.531981,102.09,99.97,823.81,,,,0,,,,
139.3766,frame,4114,144.631944,100.12,99.96,823.75,512,288,BGR888p,,,,,
139.377,detections,4114,144.631944,100.29,99.96,824.15,,,,0,,,,
139.4803,frame,4117,144.73191,103.65,99.97,827.43,512,288,BGR888p,,,,,
139.4805,detections,4117,144.73191,103.48,99.97,827.66,,,,0,,,,
139.5856,frame,4121,144.865197,105.29,133.29,799.43,512,288,BGR888p,,,,,
139.5858,detections,4121,144.865197,105.29,133.29,799.66,,,,0,,,,
139.586,system,0,,923.94,,,,,,,,50.53,21.9,12.5
139.6869,frame,4124,144.965166,101.3,99.97,800.77,512,288,BGR888p,,,,,
139.6879,detections,4124,144.965166,102.1,99.97,801.85,,,,0,,,,
139.79,frame,4127,145.06514,103.18,99.97,804.02,512,288,BGR888p,,,,,
139.7904,detections,4127,145.06514,102.45,99.97,804.27,,,,0,,,,
139.892,frame,4130,145.165095,101.97,99.95,805.99,512,288,BGR888p,,,,,
139.8923,detections,4130,145.165095,101.93,99.95,806.24,,,,0,,,,
139.9944,frame,4133,145.265062,102.36,99.97,808.38,512,288,BGR888p,,,,,
139.9946,detections,4133,145.265062,102.33,99.97,808.61,,,,0,,,,
140.0962,frame,4136,145.365027,101.83,99.96,810.25,512,288,BGR888p,,,,,
140.0965,detections,4136,145.365027,101.83,99.96,810.48,,,,0,,,,
140.1996,frame,4139,145.464997,103.38,99.97,813.65,512,288,BGR888p,,,,,
140.1998,detections,4139,145.464997,103.37,99.97,813.88,,,,0,,,,
140.3032,frame,4142,145.564958,103.66,99.96,817.36,512,288,BGR888p,,,,,
140.3042,detections,4142,145.564958,104.32,99.96,818.28,,,,0,,,,
140.4072,frame,4145,145.664925,103.94,99.97,822.85,512,288,BGR888p,,,,,
140.4076,detections,4145,145.664925,103.42,99.97,823.22,,,,0,,,,
140.5074,frame,4148,145.764907,100.24,99.98,823.1,512,288,BGR888p,,,,,
140.5077,detections,4148,145.764907,100.1,99.98,823.33,,,,0,,,,
140.6096,frame,4151,145.864854,102.19,99.95,825.29,512,288,BGR888p,,,,,
140.6097,detections,4151,145.864854,102.05,99.95,825.39,,,,0,,,,
140.6098,system,0,,1023.82,,,,,,,,50.25,21.8,12.9
140.7132,frame,4154,145.964819,103.6,99.96,828.99,512,288,BGR888p,,,,,
140.7135,detections,4154,145.964819,103.74,99.96,829.21,,,,0,,,,
140.8192,frame,4158,146.098107,106.0,133.29,801.7,512,288,BGR888p,,,,,
140.8195,detections,4158,146.098107,106.0,133.29,801.92,,,,0,,,,
140.9208,frame,4161,146.198073,101.56,99.97,803.29,512,288,BGR888p,,,,,
140.921,detections,4161,146.198073,101.56,99.97,803.51,,,,0,,,,
141.0224,frame,4164,146.298041,101.68,99.97,804.99,512,288,BGR888p,,,,,
141.0227,detections,4164,146.298041,101.7,99.97,805.24,,,,0,,,,
141.1252,frame,4167,146.398006,102.79,99.96,807.82,512,288,BGR888p,,,,,
141.1255,detections,4167,146.398006,102.77,99.96,808.05,,,,0,,,,
141.2276,frame,4170,146.497972,102.41,99.97,810.26,512,288,BGR888p,,,,,
141.2279,detections,4170,146.497972,102.4,99.97,810.48,,,,0,,,,
141.3296,frame,4173,146.597937,101.97,99.96,812.26,512,288,BGR888p,,,,,
141.3299,detections,4173,146.597937,101.97,99.96,812.49,,,,0,,,,
141.4337,frame,4176,146.697902,104.08,99.96,816.4,512,288,BGR888p,,,,,
141.4344,detections,4176,146.697902,104.52,99.96,817.08,,,,0,,,,
141.5367,frame,4179,146.797868,103.04,99.97,819.45,512,288,BGR888p,,,,,
141.537,detections,4179,146.797868,102.6,99.97,819.67,,,,0,,,,
141.6386,frame,4182,146.897834,101.89,99.97,821.37,512,288,BGR888p,,,,,
141.6389,detections,4182,146.897834,101.89,99.97,821.59,,,,0,,,,
141.639,system,0,,1029.23,,,,,,,,50.91,21.7,13.2
141.7387,frame,4185,146.997798,100.03,99.96,821.44,512,288,BGR888p,,,,,
141.7389,detections,4185,146.997798,100.03,99.96,821.66,,,,0,,,,
141.8417,frame,4188,147.097763,103.04,99.96,824.51,512,288,BGR888p,,,,,
141.842,detections,4188,147.097763,103.04,99.96,824.74,,,,0,,,,
141.9468,frame,4192,147.231051,105.1,133.29,796.32,512,288,BGR888p,,,,,
141.9472,detections,4192,147.231051,105.26,133.29,796.75,,,,0,,,,
142.0496,frame,4195,147.331017,102.77,99.97,799.12,512,288,BGR888p,,,,,
142.0506,detections,4195,147.331017,103.38,99.97,800.14,,,,0,,,,
142.1521,frame,4198,147.430983,102.54,99.97,801.73,512,288,BGR888p,,,,,
142.1524,detections,4198,147.430983,101.79,99.97,801.95,,,,0,,,,
142.2557,frame,4201,147.530959,103.55,99.98,805.28,512,288,BGR888p,,,,,
142.2559,detections,4201,147.530959,103.53,99.98,805.5,,,,0,,,,
142.3577,frame,4204,147.630916,102.08,99.96,807.41,512,288,BGR888p,,,,,
142.358,detections,4204,147.630916,102.11,99.96,807.66,,,,0,,,,
142.4603,frame,4207,147.730882,102.61,99.97,810.05,512,288,BGR888p,,,,,
142.4608,detections,4207,147.730882,102.74,99.97,810.46,,,,0,,,,
142.5643,frame,4210,147.830848,103.99,99.97,814.07,512,288,BGR888p,,,,,
142.5646,detections,4210,147.830848,103.83,99.97,814.29,,,,0,,,,
142.6659,frame,4213,147.930812,101.58,99.96,815.68,512,288,BGR888p,,,,,
142.6664,detections,4213,147.930812,101.85,99.96,816.21,,,,0,,,,
142.6666,system,0,,1027.61,,,,,,,,50.2,20.5,12.4
142.7683,frame,4216,148.030778,102.4,99.97,818.13,512,288,BGR888p,,,,,
142.7686,detections,4216,148.030778,102.15,99.97,818.37,,,,0,,,,
142.8693,frame,4219,148.130745,100.94,99.97,819.09,512,288,BGR888p,,,,,
142.8695,detections,4219,148.130745,100.92,99.97,819.31,,,,0,,,,
142.9693,frame,4222,148.230708,100.03,99.96,819.12,512,288,BGR888p,,,,,
142.9694,detections,4222,148.230708,99.93,99.96,819.24,,,,0,,,,
143.0744,frame,4225,148.330673,105.13,99.96,824.33,512,288,BGR888p,,,,,
143.0747,detections,4225,148.330673,105.25,99.96,824.57,,,,0,,,,
143.1785,frame,4229,148.463961,104.12,133.29,795.16,512,288,BGR888p,,,,,
143.1788,detections,4229,148.463961,104.1,133.29,795.38,,,,0,,,,
143.2829,frame,4232,148.563928,104.39,99.97,799.58,512,288,BGR888p,,,,,
143.2832,detections,4232,148.563928,104.42,99.97,799.83,,,,0,,,,
143.3836,frame,4235,148.663893,100.67,99.96,800.28,512,288,BGR888p,,,,,
143.3839,detections,4235,148.663893,100.64,99.96,800.5,,,,0,,,,
143.4865,frame,4238,148.763859,102.88,99.97,803.19,512,288,BGR888p,,,,,
143.4869,detections,4238,148.763859,103.01,99.97,803.56,,,,0,,,,
143.5885,frame,4241,148.863825,102.01,99.97,805.24,512,288,BGR888p,,,,,
143.5887,detections,4241,148.863825,101.87,99.97,805.46,,,,0,,,,
143.5889,system,0,,922.25,,,,,,,,50.64,21.8,12.8
143.6915,frame,4244,148.963791,103.01,99.97,808.28,512,288,BGR888p,,,,,
143.6917,detections,4244,148.963791,103.01,99.97,808.5,,,,0,,,,
143.7955,frame,4247,149.063759,104.01,99.97,812.32,512,288,BGR888p,,,,,
143.7961,detections,4247,149.063759,104.39,99.97,812.98,,,,0,,,,
143.8995,frame,4250,149.163722,103.99,99.96,816.35,512,288,BGR888p,,,,,
143.8997,detections,4250,149.163722,103.61,99.96,816.57,,,,0,,,,
143.9993,frame,4253,149.263688,99.86,99.97,816.24,512,288,BGR888p,,,,,
143.9996,detections,4253,149.263688,99.87,99.97,816.47,,,,0,,,,
144.1027,frame,4256,149.363652,103.31,99.96,819.59,512,288,BGR888p,,,,,
144.1029,detections,4256,149.363652,103.31,99.96,819.81,,,,0,,,,
144.2055,frame,4259,149.463617,102.8,99.96,822.42,512,288,BGR888p,,,,,
144.2057,detections,4259,149.463617,102.83,99.96,822.67,,,,0,,,,
144.31,frame,4263,149.596905,104.59,133.29,793.75,512,288,BGR888p,,,,,
144.311,detections,4263,149.596905,105.21,133.29,794.63,,,,0,,,,
144.4137,frame,4266,149.696871,103.62,99.97,797.38,512,288,BGR888p,,,,,
144.4139,detections,4266,149.696871,102.97,99.97,797.6,,,,0,,,,
144.515,frame,4269,149.796837,101.35,99.97,798.76,512,288,BGR888p,,,,,
144.5154,detections,4269,149.796837,101.52,99.97,799.16,,,,0,,,,
144.6179,frame,4272,149.896804,102.9,99.97,801.63,512,288,BGR888p,,,,,
144.618,detections,4272,149.896804,102.59,99.97,801.73,,,,0,,,,
144.6181,system,0,,1029.2,,,,,,,,50.7,21.4,12.9
144.7207,frame,4275,149.996771,102.76,99.97,804.48,512,288,BGR888p,,,,,
144.7209,detections,4275,149.996771,102.9,99.97,804.7,,,,0,,,,
144.8251,frame,4278,150.096736,104.46,99.96,808.99,512,288,BGR888p,,,,,
144.8254,detections,4278,150.096736,104.48,99.96,809.22,,,,0,,,,
144.9262,frame,4281,150.196701,101.04,99.96,810.06,512,288,BGR888p,,,,,
144.9268,detections,4281,150.196701,101.38,99.96,810.66,,,,0,,,,
145.0305,frame,4284,150.296666,104.35,99.96,814.44,512,288,BGR888p,,,,,
145.0308,detections,4284,150.296666,104.0,99.96,814.66,,,,0,,,,
145.1309,frame,4287,150.396632,100.38,99.97,814.87,512,288,BGR888p,,,,,
145.1312,detections,4287,150.396632,100.44,99.97,815.15,,,,0,,,,
145.2304,frame,4290,150.496596,99.52,99.96,814.42,512,288,BGR888p,,,,,
145.2307,detections,4290,150.496596,99.46,99.96,814.64,,,,0,,,,
145.3342,frame,4293,150.596562,103.81,99.97,818.26,512,288,BGR888p,,,,,
145.3345,detections,4293,150.596562,103.81,99.97,818.48,,,,0,,,,
145.4387,frame,4297,150.729849,104.46,133.29,789.43,512,288,BGR888p,,,,,
145.439,detections,4297,150.729849,104.46,133.29,789.65,,,,0,,,,
145.5435,frame,4300,150.829816,104.85,99.97,794.32,512,288,BGR888p,,,,,
145.544,detections,4300,150.829816,105.04,99.97,794.75,,,,0,,,,
145.6446,frame,4303,150.929782,101.03,99.97,795.38,512,288,BGR888p,,,,,
145.6448,detections,4303,150.929782,100.84,99.97,795.6,,,,0,,,,
145.645,system,0,,1026.9,,,,,,,,50.81,21.6,12.9
145.7486,frame,4306,151.029753,104.03,99.97,799.43,512,288,BGR888p,,,,,
145.7489,detections,4306,151.029753,104.03,99.97,799.65,,,,0,,,,
145.8505,frame,4309,151.129715,101.93,99.96,801.4,512,288,BGR888p,,,,,
145.8508,detections,4309,151.129715,101.93,99.96,801.63,,,,0,,,,
145.9536,frame,4312,151.229679,103.06,99.96,804.5,512,288,BGR888p,,,,,
145.9539,detections,4312,151.229679,103.06,99.96,804.72,,,,0,,,,
146.0574,frame,4315,151.329646,103.76,99.97,808.31,512,288,BGR888p,,,,,
146.0579,detections,4315,151.329646,104.04,99.97,808.84,,,,0,,,,
146.161,frame,4318,151.42961,103.69,99.96,812.04,512,288,BGR888p,,,,,
146.1613,detections,4318,151.42961,103.43,99.96,812.26,,,,0,,,,
146.2609,frame,4321,151.529576,99.86,99.97,811.91,512,288,BGR888p,,,,,
146.2615,detections,4321,151.529576,100.14,99.97,812.47,,,,0,,,,
146.3642,frame,4324,151.629541,103.3,99.96,815.25,512,288,BGR888p,,,,,
146.3645,detections,4324,151.629541,103.0,99.96,815.47,,,,0,,,,
146.4672,frame,4327,151.729506,103.03,99.96,818.31,512,288,BGR888p,,,,,
146.4675,detections,4327,151.729506,103.02,99.96,818.53,,,,0,,,,
146.572,frame,4331,151.862793,104.75,133.29,789.76,512,288,BGR888p,,,,,
146.5724,detections,4331,151.862793,104.94,133.29,790.2,,,,0,,,,
146.6747,frame,4334,151.962759,102.7,99.97,792.5,512,288,BGR888p,,,,,
146.6749,detections,4334,151.962759,102.51,99.97,792.72,,,,0,,,,
146.6751,system,0,,1030.1,,,,,,,,50.8,21.8,12.4
146.7754,frame,4337,152.062725,100.74,99.97,793.28,512,288,BGR888p,,,,,
146.7757,detections,4337,152.062725,100.75,99.97,793.5,,,,0,,,,
146.8763,frame,4340,152.162691,100.84,99.97,794.17,512,288,BGR888p,,,,,
146.8768,detections,4340,152.162691,101.07,99.97,794.62,,,,0,,,,
146.9795,frame,4343,152.262658,103.26,99.97,797.46,512,288,BGR888p,,,,,
146.9798,detections,4343,152.262658,103.04,99.97,797.69,,,,0,,,,
147.0816,frame,4346,152.362623,102.08,99.97,799.56,512,288,BGR888p,,,,,
147.0819,detections,4346,152.362623,102.06,99.97,799.78,,,,0,,,,
147.1841,frame,4349,152.462589,102.5,99.97,802.12,512,288,BGR888p,,,,,
147.1844,detections,4349,152.462589,102.53,99.97,802.35,,,,0,,,,
147.2894,frame,4352,152.562554,105.32,99.96,807.44,512,288,BGR888p,,,,,
147.2897,detections,4352,152.562554,105.28,99.96,807.66,,,,0,,,,
147.3928,frame,4355,152.662521,103.42,99.97,810.9,512,288,BGR888p,,,,,
147.3931,detections,4355,152.662521,103.45,99.97,811.18,,,,0,,,,
147.4928,frame,4358,152.762484,99.94,99.96,810.88,512,288,BGR888p,,,,,
147.493,detections,4358,152.762484,99.92,99.96,811.1,,,,0,,,,
147.5966,frame,4361,152.86245,103.83,99.97,814.74,512,288,BGR888p,,,,,
147.597,detections,4361,152.86245,103.96,99.97,815.12,,,,0,,,,
147.5972,system,0,,922.13,,,,,,,,50.69,22.0,12.8
147.7009,frame,4364,152.962416,104.29,99.97,819.06,512,288,BGR888p,,,,,
147.7012,detections,4364,152.962416,104.18,99.97,819.32,,,,0,,,,
147.8058,frame,4368,153.095703,104.96,133.29,790.73,512,288,BGR888p,,,,,
147.8061,detections,4368,153.095703,104.93,133.29,790.99,,,,0,,,,
147.9067,frame,4371,153.19567,100.85,99.97,791.61,512,288,BGR888p,,,,,
147.907,detections,4371,153.19567,100.85,99.97,791.83,,,,0,,,,
148.0082,frame,4374,153.295635,101.52,99.96,793.16,512,288,BGR888p,,,,,
148.0085,detections,4374,153.295635,101.52,99.96,793.39,,,,0,,,,
148.1106,frame,4377,153.395601,102.42,99.97,810.87,512,288,BGR888p,,,,,
148.1109,detections,4377,153.395601,102.41,99.97,811.09,,,,0,,,,
148.2129,frame,4380,153.495567,102.3,99.97,813.2,512,288,BGR888p,,,,,
148.2132,detections,4380,153.495567,102.33,99.97,813.46,,,,0,,,,
148.3158,frame,4383,153.595535,102.87,99.97,816.1,512,288,BGR888p,,,,,
148.3161,detections,4383,153.595535,102.84,99.97,816.33,,,,0,,,,
148.4197,frame,4386,153.695498,103.9,99.96,820.05,512,288,BGR888p,,,,,
148.4204,detections,4386,153.695498,104.34,99.96,820.79,,,,0,,,,
148.5236,frame,4389,153.795464,103.9,99.97,823.98,512,288,BGR888p,,,,,
148.5239,detections,4389,153.795464,103.47,99.97,824.21,,,,0,,,,
148.6237,frame,4392,153.89543,100.08,99.97,824.09,512,288,BGR888p,,,,,
148.6241,detections,4392,153.89543,100.23,99.97,824.51,,,,0,,,,
148.6243,system,0,,1027.08,,,,,,,,50.53,21.7,13.0
148.724,frame,4395,153.995394,100.34,99.96,824.47,512,288,BGR888p,,,,,
148.7243,detections,4395,153.995394,100.22,99.96,824.73,,,,0,,,,
148.8284,frame,4398,154.09536,104.34,99.97,828.84,512,288,BGR888p,,,,,
148.8286,detections,4398,154.09536,104.3,99.97,829.07,,,,0,,,,
148.9326,frame,4402,154.228647,104.19,133.29,799.77,512,288,BGR888p,,,,,
148.933,detections,4402,154.228647,104.38,133.29,800.19,,,,0,,,,
149.037,frame,4405,154.328613,104.44,99.97,804.23,512,288,BGR888p,,,,,
149.0373,detections,4405,154.328613,104.31,99.97,804.51,,,,0,,,,
149.1379,frame,4408,154.42858,100.91,99.97,805.16,512,288,BGR888p,,,,,
149.1382,detections,4408,154.42858,100.89,99.97,805.42,,,,0,,,,
149.2408,frame,4411,154.528546,102.91,99.97,808.12,512,288,BGR888p,,,,,
149.2411,detections,4411,154.528546,102.89,99.97,808.37,,,,0,,,,
149.3427,frame,4414,154.628512,101.85,99.97,810.01,512,288,BGR888p,,,,,
149.343,detections,4414,154.628512,101.87,99.97,810.26,,,,0,,,,
149.4505,frame,4417,154.728479,107.84,99.97,817.88,512,288,BGR888p,,,,,
149.4508,detections,4417,154.728479,107.85,99.97,818.13,,,,0,,,,
149.5526,frame,4420,154.828443,102.04,99.96,819.96,512,288,BGR888p,,,,,
149.553,detections,4420,154.828443,102.17,99.96,820.36,,,,0,,,,
149.6548,frame,4423,154.928409,102.2,99.97,822.19,512,288,BGR888p,,,,,
149.6552,detections,4423,154.928409,102.2,99.97,822.59,,,,0,,,,
149.6554,system,0,,1031.05,,,,,,,,50.69,20.6,12.5
149.7549,frame,4426,155.028374,100.12,99.97,822.34,512,288,BGR888p,,,,,
149.7551,detections,4426,155.028374,99.96,99.97,822.59,,,,0,,,,
149.8582,frame,4429,155.128339,103.37,99.96,825.75,512,288,BGR888p,,,,,
149.8585,detections,4429,155.128339,103.37,99.96,825.97,,,,0,,,,
149.963,frame,4432,155.228304,104.78,99.96,830.56,512,288,BGR888p,,,,,
149.9633,detections,4432,155.228304,104.81,99.96,830.82,,,,0,,,,
150.0647,frame,4436,155.361592,101.7,133.29,798.97,512,288,BGR888p,,,,,
150.065,detections,4436,155.361592,101.67,133.29,799.2,,,,0,,,,
150.1665,frame,4439,155.461557,101.77,99.96,800.79,512,288,BGR888p,,,,,
150.1669,detections,4439,155.461557,101.94,99.96,801.21,,,,0,,,,
150.2681,frame,4442,155.561524,101.6,99.97,802.43,512,288,BGR888p,,,,,
150.2684,detections,4442,155.561524,101.45,99.97,802.66,,,,0,,,,
150.3704,frame,4445,155.66149,102.34,99.97,804.78,512,288,BGR888p,,,,,
150.3707,detections,4445,155.66149,102.33,99.97,805.03,,,,0,,,,
150.4739,frame,4448,155.761458,103.51,99.97,808.32,512,288,BGR888p,,,,,
150.4742,detections,4448,155.761458,103.52,99.97,808.58,,,,0,,,,
150.5763,frame,4451,155.861424,102.34,99.97,810.7,512,288,BGR888p,,,,,
150.5766,detections,4451,155.861424,102.33,99.97,810.95,,,,0,,,,
150.5768,system,0,,921.41,,,,,,,,50.8,21.5,12.5
150.6807,frame,4454,155.961387,104.37,99.96,815.11,512,288,BGR888p,,,,,
150.681,detections,4454,155.961387,104.48,99.96,815.52,,,,0,,,,
150.7825,frame,4457,156.061352,101.82,99.96,816.98,512,288,BGR888p,,,,,
150.7831,detections,4457,156.061352,102.08,99.96,817.64,,,,0,,,,
150.8864,frame,4460,156.161318,103.9,99.97,820.89,512,288,BGR888p,,,,,
150.8866,detections,4460,156.161318,103.5,99.97,821.11,,,,0,,,,
150.9867,frame,4463,156.261284,100.35,99.97,821.27,512,288,BGR888p,,,,,
150.987,detections,4463,156.261284,100.35,99.97,821.49,,,,0,,,,
151.0884,frame,4466,156.361249,101.64,99.96,822.95,512,288,BGR888p,,,,,
151.0886,detections,4466,156.361249,101.64,99.96,823.17,,,,0,,,,
151.1913,frame,4469,156.461214,102.9,99.97,825.87,512,288,BGR888p,,,,,
151.1915,detections,4469,156.461214,102.89,99.97,826.1,,,,0,,,,
151.2977,frame,4473,156.594502,106.47,133.29,799.07,512,288,BGR888p,,,,,
151.298,detections,4473,156.594502,106.48,133.29,799.29,,,,0,,,,
151.3998,frame,4476,156.694468,102.05,99.97,801.14,512,288,BGR888p,,,,,
151.4,detections,4476,156.694468,102.03,99.97,801.36,,,,0,,,,
151.5001,frame,4479,156.794434,100.37,99.97,801.61,512,288,BGR888p,,,,,
151.5005,detections,4479,156.794434,100.44,99.97,801.84,,,,0,,,,
151.6022,frame,4482,156.894399,102.12,99.96,803.69,512,288,BGR888p,,,,,
151.6025,detections,4482,156.894399,102.04,99.96,803.91,,,,0,,,,
151.6027,system,0,,1025.9,,,,,,,,50.58,21.1,13.0
151.7049,frame,4485,156.994367,102.66,99.97,806.38,512,288,BGR888p,,,,,
151.7054,detections,4485,156.994367,102.87,99.97,806.83,,,,0,,,,
151.8087,frame,4488,157.094331,103.84,99.96,810.25,512,288,BGR888p,,,,,
151.809,detections,4488,157.094331,103.63,99.96,810.47,,,,0,,,,
151.9122,frame,4491,157.194299,103.46,99.97,813.75,512,288,BGR888p,,,,,
151.9125,detections,4491,157.194299,103.46,99.97,813.97,,,,0,,,,
152.0145,frame,4494,157.294263,102.3,99.96,816.06,512,288,BGR888p,,,,,
152.0147,detections,4494,157.294263,102.22,99.96,816.21,,,,0,,,,
152.1174,frame,4497,157.394234,102.91,99.97,819.03,512,288,BGR888p,,,,,
152.1177,detections,4497,157.394234,102.99,99.97,819.25,,,,0,,,,
152.2183,frame,4500,157.494193,100.85,99.96,819.92,512,288,BGR888p,,,,,
152.2185,detections,4500,157.494193,100.86,99.96,820.2,,,,0,,,,
152.3192,frame,4503,157.594158,100.95,99.96,820.91,512,288,BGR888p,,,,,
152.3195,detections,4503,157.594158,100.94,99.96,821.13,,,,0,,,,
152.4223,frame,4506,157.694123,103.04,99.96,823.98,512,288,BGR888p,,,,,
152.4225,detections,4506,157.694123,103.04,99.96,824.2,,,,0,,,,
152.5286,frame,4510,157.827411,106.34,133.29,797.04,512,288,BGR888p,,,,,
152.5289,detections,4510,157.827411,106.34,133.29,797.26,,,,0,,,,
152.6311,frame,4513,157.927381,102.46,99.97,799.55,512,288,BGR888p,,,,,
152.6314,detections,4513,157.927381,102.49,99.97,799.78,,,,0,,,,
152.6315,system,0,,1028.85,,,,,,,,50.69,21.5,12.8
152.7335,frame,4516,158.027344,102.4,99.96,801.97,512,288,BGR888p,,,,,
152.7339,detections,4516,158.027344,102.51,99.96,802.35,,,,0,,,,
152.836,frame,4519,158.127314,102.5,99.97,804.5,512,288,BGR888p,,,,,
152.8363,detections,4519,158.127314,102.41,99.97,804.76,,,,0,,,,
152.9392,frame,4522,158.227276,103.2,99.96,807.74,512,288,BGR888p,,,,,
152.9394,detections,4522,158.227276,103.16,99.96,807.96,,,,0,,,,
153.0434,frame,4525,158.327241,104.18,99.96,811.95,512,288,BGR888p,,,,,
153.0436,detections,4525,158.327241,104.18,99.96,812.18,,,,0,,,,
153.147,frame,4528,158.427207,103.65,99.97,815.63,512,288,BGR888p,,,,,
153.1481,detections,4528,158.427207,104.46,99.97,816.75,,,,0,,,,
153.2494,frame,4531,158.527176,102.35,99.97,818.03,512,288,BGR888p,,,,,
153.2496,detections,4531,158.527176,101.56,99.97,818.27,,,,0,,,,
153.3525,frame,4534,158.627138,103.18,99.96,821.23,512,288,BGR888p,,,,,
153.3528,detections,4534,158.627138,103.16,99.96,821.46,,,,0,,,,
153.4572,frame,4537,158.727102,104.67,99.96,825.94,512,288,BGR888p,,,,,
153.4575,detections,4537,158.727102,104.67,99.96,826.16,,,,0,,,,
153.5605,frame,4540,158.827068,103.33,99.97,829.31,512,288,BGR888p,,,,,
153.5608,detections,4540,158.827068,103.33,99.97,829.53,,,,0,,,,
153.6629,frame,4544,158.960355,102.41,133.29,798.43,512,288,BGR888p,,,,,
153.6632,detections,4544,158.960355,102.44,133.29,798.68,,,,0,,,,
153.6634,system,0,,1031.88,,,,,,,,50.81,21.2,12.2
153.7656,frame,4547,159.060321,102.68,99.97,801.15,512,288,BGR888p,,,,,
153.7661,detections,4547,159.060321,102.87,99.97,801.62,,,,0,,,,
153.8698,frame,4550,159.160288,104.18,99.97,805.36,512,288,BGR888p,,,,,
153.8701,detections,4550,159.160288,103.97,99.97,805.61,,,,0,,,,
153.9721,frame,4553,159.260255,102.28,99.97,807.73,512,288,BGR888p,,,,,
153.9724,detections,4553,159.260255,102.35,99.97,807.97,,,,0,,,,
154.0775,frame,4556,159.36022,105.36,99.96,813.08,512,288,BGR888p,,,,,
154.0777,detections,4556,159.36022,105.31,99.96,813.32,,,,0,,,,
154.1785,frame,4559,159.460185,101.05,99.96,814.18,512,288,BGR888p,,,,,
154.1791,detections,4559,159.460185,101.39,99.96,814.78,,,,0,,,,
154.2807,frame,4562,159.560151,102.19,99.97,816.38,512,288,BGR888p,,,,,
154.281,detections,4562,159.560151,101.83,99.97,816.6,,,,0,,,,
154.3842,frame,4565,159.660121,103.5,99.97,819.91,512,288,BGR888p,,,,,
154.3845,detections,4565,159.660121,103.5,99.97,820.13,,,,0,,,,
154.4885,frame,4568,159.76008,104.32,99.96,824.27,512,288,BGR888p,,,,,
154.4888,detections,4568,159.76008,104.32,99.96,824.49,,,,0,,,,
154.5915,frame,4571,159.860046,103.01,99.97,827.32,512,288,BGR888p,,,,,
154.5918,detections,4571,159.860046,103.02,99.97,827.54,,,,0,,,,
154.5919,system,0,,928.55,,,,,,,,50.86,22.2,13.1
154.6946,frame,4575,159.993336,103.12,133.29,797.15,512,288,BGR888p,,,,,
154.6949,detections,4575,159.993336,103.12,133.29,797.37,,,,0,,,,
154.7945,frame,4578,160.0933,99.84,99.96,797.02,512,288,BGR888p,,,,,
154.7949,detections,4578,160.0933,99.97,99.96,797.41,,,,0,,,,
154.8978,frame,4581,160.193266,103.28,99.97,800.36,512,288,BGR888p,,,,,
154.8982,detections,4581,160.193266,103.36,99.97,800.8,,,,0,,,,
155.0009,frame,4584,160.293234,103.16,99.97,803.53,512,288,BGR888p,,,,,
155.0012,detections,4584,160.293234,102.98,99.97,803.79,,,,0,,,,
155.1042,frame,4587,160.393198,103.3,99.96,806.87,512,288,BGR888p,,,,,
155.1045,detections,4587,160.393198,103.27,99.96,807.1,,,,0,,,,
155.207,frame,4590,160.493163,102.73,99.96,809.64,512,288,BGR888p,,,,,
155.2082,detections,4590,160.493163,103.75,99.96,810.94,,,,0,,,,
155.3108,frame,4593,160.593129,103.8,99.97,813.46,512,288,BGR888p,,,,,
155.311,detections,4593,160.593129,102.76,99.97,813.68,,,,0,,,,
155.4132,frame,4596,160.693099,102.45,99.97,815.94,512,288,BGR888p,,,,,
155.4135,detections,4596,160.693099,102.45,99.97,816.16,,,,0,,,,
155.5132,frame,4599,160.793059,100.0,99.96,815.98,512,288,BGR888p,,,,,
155.5135,detections,4599,160.793059,100.02,99.96,816.23,,,,0,,,,
155.6175,frame,4602,160.893025,104.35,99.97,831.15,512,288,BGR888p,,,,,
155.6178,detections,4602,160.893025,104.33,99.97,831.37,,,,0,,,,
155.618,system,0,,1026.02,,,,,,,,50.69,22.2,12.6
155.721,frame,4605,160.99299,103.48,99.96,834.66,512,288,BGR888p,,,,,
155.7213,detections,4605,160.99299,103.52,99.96,834.93,,,,0,,,,
155.8256,frame,4609,161.126278,104.52,133.29,805.91,512,288,BGR888p,,,,,
155.826,detections,4609,161.126278,104.65,133.29,806.33,,,,0,,,,
155.9255,frame,4612,161.226246,99.96,99.97,805.89,512,288,BGR888p,,,,,
155.9258,detections,4612,161.226246,99.79,99.97,806.12,,,,0,,,,
156.0283,frame,4615,161.32621,102.8,99.96,808.73,512,288,BGR888p,,,,,
156.0286,detections,4615,161.32621,102.81,99.96,808.95,,,,0,,,,
156.1312,frame,4618,161.426176,102.87,99.97,811.63,512,288,BGR888p,,,,,
156.1314,detections,4618,161.426176,102.87,99.97,811.86,,,,0,,,,
156.2338,frame,4621,161.526144,102.66,99.97,814.32,512,288,BGR888p,,,,,
156.2341,detections,4621,161.526144,102.65,99.97,814.58,,,,0,,,,
156.3386,frame,4624,161.626108,104.73,99.96,819.08,512,288,BGR888p,,,,,
156.3388,detections,4624,161.626108,104.73,99.96,819.31,,,,0,,,,
156.4425,frame,4627,161.726077,103.9,99.97,823.02,512,288,BGR888p,,,,,
156.4427,detections,4627,161.726077,103.9,99.97,823.24,,,,0,,,,
156.5438,frame,4630,161.826039,101.36,99.96,824.41,512,288,BGR888p,,,,,
156.5441,detections,4630,161.826039,101.36,99.96,824.68,,,,0,,,,
156.6464,frame,4633,161.926006,102.53,99.97,826.94,512,288,BGR888p,,,,,
156.6465,detections,4633,161.926006,102.46,99.97,827.1,,,,0,,,,
156.6467,system,0,,1028.68,,,,,,,,50.58,21.1,12.6
156.7521,frame,4636,162.025969,105.75,99.96,832.79,512,288,BGR888p,,,,,
156.7524,detections,4636,162.025969,105.86,99.96,833.04,,,,0,,,,
156.856,frame,4639,162.125934,103.89,99.96,836.68,512,288,BGR888p,,,,,
156.8565,detections,4639,162.125934,104.06,99.96,837.13,,,,0,,,,
156.9582,frame,4643,162.259222,102.21,133.29,805.61,512,288,BGR888p,,,,,
156.9585,detections,4643,162.259222,102.0,133.29,805.84,,,,0,,,,
157.0588,frame,4646,162.359188,100.61,99.97,806.26,512,288,BGR888p,,,,,
157.0591,detections,4646,162.359188,100.62,99.97,806.54,,,,0,,,,
157.1611,frame,4649,162.459154,102.31,99.97,808.63,512,288,BGR888p,,,,,
157.1614,detections,4649,162.459154,102.33,99.97,808.86,,,,0,,,,
157.2641,frame,4652,162.55912,102.94,99.97,811.6,512,288,BGR888p,,,,,
157.2644,detections,4652,162.55912,102.94,99.97,811.83,,,,0,,,,
157.367,frame,4655,162.659087,102.9,99.97,814.51,512,288,BGR888p,,,,,
157.3705,detections,4655,162.659087,106.18,99.97,818.1,,,,0,,,,
157.4708,frame,4658,162.759052,103.84,99.96,818.39,512,288,BGR888p,,,,,
157.4711,detections,4658,162.759052,100.54,99.96,818.63,,,,0,,,,
157.5735,frame,4661,162.859017,102.68,99.96,821.1,512,288,BGR888p,,,,,
157.5738,detections,4661,162.859017,102.68,99.96,821.33,,,,0,,,,
157.6748,frame,4664,162.958984,101.34,99.97,822.47,512,288,BGR888p,,,,,
157.6751,detections,4664,162.958984,101.33,99.97,822.72,,,,0,,,,
157.6753,system,0,,1028.65,,,,,,,,50.75,21.2,12.5
157.7753,frame,4667,163.058947,100.44,99.96,822.95,512,288,BGR888p,,,,,
157.7755,detections,4667,163.058947,100.47,99.96,823.2,,,,0,,,,
157.8756,frame,4670,163.158913,100.33,99.97,823.33,512,288,BGR888p,,,,,
157.876,detections,4670,163.158913,100.46,99.97,823.7,,,,0,,,,
157.9779,frame,4673,163.258879,102.29,99.97,825.64,512,288,BGR888p,,,,,
157.9782,detections,4673,163.258879,102.17,99.97,825.9,,,,0,,,,
158.0836,frame,4677,163.392166,105.72,133.29,798.07,512,288,BGR888p,,,,,
158.0839,detections,4677,163.392166,105.69,133.29,798.29,,,,0,,,,
158.1868,frame,4680,163.49214,103.15,99.97,801.25,512,288,BGR888p,,,,,
158.187,detections,4680,163.49214,103.15,99.97,801.47,,,,0,,,,
158.2891,frame,4683,163.592099,102.37,99.96,803.69,512,288,BGR888p,,,,,
158.2894,detections,4683,163.592099,102.4,99.96,803.91,,,,0,,,,
158.3905,frame,4686,163.692064,101.41,99.96,805.13,512,288,BGR888p,,,,,
158.391,detections,4686,163.692064,101.59,99.96,805.58,,,,0,,,,
158.4938,frame,4689,163.79203,103.3,99.97,808.43,512,288,BGR888p,,,,,
158.4941,detections,4689,163.79203,103.09,99.97,808.71,,,,0,,,,
158.5952,frame,4692,163.891998,101.38,99.97,809.85,512,288,BGR888p,,,,,
158.5955,detections,4692,163.891998,101.39,99.97,810.07,,,,0,,,,
158.5956,system,0,,920.34,,,,,,,,50.47,21.7,12.8
158.6983,frame,4695,163.991962,103.03,99.96,812.91,512,288,BGR888p,,,,,
158.6985,detections,4695,163.991962,103.0,99.96,813.1,,,,0,,,,
158.8022,frame,4698,164.09194,103.98,99.98,816.96,512,288,BGR888p,,,,,
158.8029,detections,4698,164.09194,104.4,99.98,817.56,,,,0,,,,
158.9065,frame,4701,164.191893,104.28,99.95,821.25,512,288,BGR888p,,,,,
158.9069,detections,4701,164.191893,104.03,99.95,821.62,,,,0,,,,
159.0075,frame,4704,164.291859,101.01,99.97,822.3,512,288,BGR888p,,,,,
159.0078,detections,4704,164.291859,100.88,99.97,822.52,,,,0,,,,
159.1075,frame,4707,164.391823,100.02,99.96,822.35,512,288,BGR888p,,,,,
159.1078,detections,4707,164.391823,100.01,99.96,822.57,,,,0,,,,
159.212,frame,4710,164.491789,104.5,99.97,826.91,512,288,BGR888p,,,,,
159.2123,detections,4710,164.491789,104.54,99.97,827.15,,,,0,,,,
159.316,frame,4714,164.625076,103.92,133.29,797.51,512,288,BGR888p,,,,,
159.3163,detections,4714,164.625076,103.91,133.29,797.77,,,,0,,,,
159.4205,frame,4717,164.725042,104.54,99.97,802.09,512,288,BGR888p,,,,,
159.4208,detections,4717,164.725042,104.51,99.97,802.32,,,,0,,,,
159.5206,frame,4720,164.825012,100.11,99.97,802.23,512,288,BGR888p,,,,,
159.5209,detections,4720,164.825012,100.11,99.97,802.45,,,,0,,,,
159.623,frame,4723,164.924974,102.34,99.96,804.61,512,288,BGR888p,,,,,
159.6232,detections,4723,164.924974,102.37,99.96,804.87,,,,0,,,,
159.6234,system,0,,1027.77,,,,,,,,51.03,21.5,12.9
159.7253,frame,4726,165.02494,102.4,99.97,807.03,512,288,BGR888p,,,,,
159.7256,detections,4726,165.02494,102.36,99.97,807.26,,,,0,,,,
159.8279,frame,4729,165.124907,102.54,99.97,809.62,512,288,BGR888p,,,,,
159.8282,detections,4729,165.124907,102.59,99.97,809.89,,,,0,,,,
159.9311,frame,4732,165.224877,103.2,99.97,812.88,512,288,BGR888p,,,,,
159.9337,detections,4732,165.224877,105.46,99.97,815.41,,,,0,,,,
160.0337,frame,4735,165.324837,102.63,99.96,815.5,512,288,BGR888p,,,,,
160.0347,detections,4735,165.324837,101.08,99.96,816.52,,,,0,,,,
160.1351,frame,4738,165.424805,101.36,99.97,816.93,512,288,BGR888p,,,,,
160.1363,detections,4738,165.424805,101.55,99.97,818.14,,,,0,,,,
160.2361,frame,4741,165.52477,101.05,99.96,818.03,512,288,BGR888p,,,,,
160.2373,detections,4741,165.52477,100.96,99.96,819.15,,,,0,,,,
160.3392,frame,4744,165.624732,103.09,99.96,821.11,512,288,BGR888p,,,,,
160.3395,detections,4744,165.624732,102.22,99.96,821.33,,,,0,,,,
160.4387,frame,4747,165.724698,99.48,99.97,820.63,512,288,BGR888p,,,,,
160.439,detections,4747,165.724698,99.48,99.97,820.85,,,,0,,,,
160.5409,frame,4751,165.857986,102.24,133.29,789.58,512,288,BGR888p,,,,,
160.5412,detections,4751,165.857986,102.28,133.29,789.84,,,,0,,,,
160.6465,frame,4754,165.957952,105.52,99.97,795.13,512,288,BGR888p,,,,,
160.6467,detections,4754,165.957952,105.48,99.97,795.35,,,,0,,,,
160.6469,system,0,,1023.47,,,,,,,,50.8,21.5,12.6
160.7499,frame,4757,166.057918,103.48,99.97,798.59,512,288,BGR888p,,,,,
160.75,detections,4757,166.057918,103.33,99.97,798.67,,,,0,,,,
160.8529,frame,4760,166.157884,102.97,99.97,801.66,512,288,BGR888p,,,,,
160.8532,detections,4760,166.157884,103.18,99.97,801.95,,,,0,,,,
160.9537,frame,4763,166.257849,100.77,99.96,802.45,512,288,BGR888p,,,,,
160.9541,detections,4763,166.257849,100.84,99.96,802.85,,,,0,,,,
161.0569,frame,4766,166.357815,103.19,99.97,805.68,512,288,BGR888p,,,,,
161.0571,detections,4766,166.357815,103.06,99.97,805.93,,,,0,,,,
161.1586,frame,4769,166.457783,101.71,99.97,807.42,512,288,BGR888p,,,,,
161.1588,detections,4769,166.457783,101.71,99.97,807.64,,,,0,,,,
161.2623,frame,4772,166.557747,103.76,99.96,811.22,512,288,BGR888p,,,,,
161.2645,detections,4772,166.557747,105.71,99.96,813.44,,,,0,,,,
161.3648,frame,4775,166.657714,102.48,99.97,813.73,512,288,BGR888p,,,,,
161.3659,detections,4775,166.657714,101.31,99.97,814.76,,,,0,,,,
161.4682,frame,4778,166.757679,103.39,99.96,817.16,512,288,BGR888p,,,,,
161.4685,detections,4778,166.757679,102.62,99.96,817.38,,,,0,,,,
161.5708,frame,4781,166.857644,102.61,99.96,819.8,512,288,BGR888p,,,,,
161.5711,detections,4781,166.857644,102.61,99.96,820.05,,,,0,,,,
161.6708,frame,4784,166.957609,99.96,99.96,819.8,512,288,BGR888p,,,,,
161.671,detections,4784,166.957609,99.96,99.96,820.02,,,,0,,,,
161.6712,system,0,,1024.36,,,,,,,,50.97,21.7,12.8
161.7731,frame,4787,167.057574,102.35,99.96,822.22,512,288,BGR888p,,,,,
161.7734,detections,4787,167.057574,102.39,99.96,822.44,,,,0,,,,
161.8765,frame,4791,167.190861,103.32,133.29,792.22,512,288,BGR888p,,,,,
161.8767,detections,4791,167.190861,103.29,133.29,792.44,,,,0,,,,
161.9802,frame,4794,167.290827,103.78,99.97,796.07,512,288,BGR888p,,,,,
161.9807,detections,4794,167.290827,103.98,99.97,796.48,,,,0,,,,
162.0828,frame,4797,167.390794,102.54,99.97,798.61,512,288,BGR888p,,,,,
162.0831,detections,4797,167.390794,102.36,99.97,798.86,,,,0,,,,
162.1839,frame,4800,167.490759,101.13,99.96,799.77,512,288,BGR888p,,,,,
162.1842,detections,4800,167.490759,101.14,99.96,800.03,,,,0,,,,
162.2859,frame,4803,167.590725,101.97,99.97,801.78,512,288,BGR888p,,,,,
162.2861,detections,4803,167.590725,101.94,99.97,802.03,,,,0,,,,
162.3889,frame,4806,167.690692,103.06,99.97,804.88,512,288,BGR888p,,,,,
162.3892,detections,4806,167.690692,103.1,99.97,805.13,,,,0,,,,
162.4924,frame,4809,167.790658,103.44,99.97,808.35,512,288,BGR888p,,,,,
162.4926,detections,4809,167.790658,103.41,99.97,808.58,,,,0,,,,
162.5971,frame,4812,167.890622,104.69,99.96,813.13,512,288,BGR888p,,,,,
162.5974,detections,4812,167.890622,104.75,99.96,813.36,,,,0,,,,
162.5975,system,0,,926.31,,,,,,,,51.08,22.3,12.7
162.6994,frame,4815,167.990588,102.33,99.97,815.45,512,288,BGR888p,,,,,
162.6998,detections,4815,167.990588,102.44,99.97,815.86,,,,0,,,,
162.8025,frame,4818,168.090554,103.08,99.97,818.55,512,288,BGR888p,,,,,
162.8027,detections,4818,168.090554,102.91,99.97,818.77,,,,0,,,,
162.9018,frame,4821,168.19052,99.33,99.97,817.91,512,288,BGR888p,,,,,
162.9021,detections,4821,168.19052,99.33,99.97,818.13,,,,0,,,,
163.0049,frame,4824,168.290484,103.14,99.96,821.08,512,288,BGR888p,,,,,
163.0054,detections,4824,168.290484,103.35,99.96,821.54,,,,0,,,,
163.1103,frame,4827,168.390449,105.38,99.96,826.5,512,288,BGR888p,,,,,
163.1106,detections,4827,168.390449,105.17,99.96,826.73,,,,0,,,,
163.2118,frame,4831,168.523737,101.44,133.29,794.65,512,288,BGR888p,,,,,
163.2129,detections,4831,168.523737,102.27,133.29,795.77,,,,0,,,,
163.3161,frame,4834,168.623703,104.3,99.97,799.01,512,288,BGR888p,,,,,
163.3164,detections,4834,168.623703,103.54,99.97,799.31,,,,0,,,,
163.4157,frame,4837,168.723669,99.6,99.97,798.64,512,288,BGR888p,,,,,
163.4159,detections,4837,168.723669,99.55,99.97,798.86,,,,0,,,,
163.5179,frame,4840,168.823635,102.2,99.97,800.85,512,288,BGR888p,,,,,
163.5181,detections,4840,168.823635,102.18,99.97,801.11,,,,0,,,,
163.6206,frame,4843,168.923603,102.71,99.97,803.6,512,288,BGR888p,,,,,
163.6208,detections,4843,168.923603,102.71,99.97,803.82,,,,0,,,,
163.621,system,0,,1023.45,,,,,,,,51.08,21.7,12.8
163.7225,frame,4846,169.023567,101.93,99.96,805.57,512,288,BGR888p,,,,,
163.7228,detections,4846,169.023567,101.94,99.96,805.83,,,,0,,,,
163.8257,frame,4849,169.123532,103.19,99.96,817.18,512,288,BGR888p,,,,,
163.826,detections,4849,169.123532,103.19,99.96,817.4,,,,0,,,,
163.9285,frame,4852,169.223498,102.81,99.97,820.02,512,288,BGR888p,,,,,
163.9288,detections,4852,169.223498,102.81,99.97,820.25,,,,0,,,,
164.0315,frame,4855,169.323465,102.99,99.97,823.04,512,288,BGR888p,,,,,
164.0319,detections,4855,169.323465,103.12,99.97,823.43,,,,0,,,,
164.1333,frame,4858,169.423431,101.79,99.97,824.87,512,288,BGR888p,,,,,
164.1335,detections,4858,169.423431,101.66,99.97,825.1,,,,0,,,,
164.2337,frame,4861,169.523393,100.45,99.96,825.39,512,288,BGR888p,,,,,
164.2342,detections,4861,169.523393,100.64,99.96,825.8,,,,0,,,,
164.3328,frame,4864,169.623359,99.06,99.97,824.46,512,288,BGR888p,,,,,
164.3333,detections,4864,169.623359,99.07,99.97,824.91,,,,0,,,,
164.4366,frame,4868,169.756647,103.83,133.29,794.99,512,288,BGR888p,,,,,
164.4369,detections,4868,169.756647,103.62,133.29,795.21,,,,0,,,,
164.5417,frame,4871,169.856612,105.1,99.97,800.13,512,288,BGR888p,,,,,
164.542,detections,4871,169.856612,105.11,99.97,800.36,,,,0,,,,
164.6451,frame,4874,169.95658,103.35,99.97,803.54,512,288,BGR888p,,,,,
164.6454,detections,4874,169.95658,103.38,99.97,803.77,,,,0,,,,
164.6455,system,0,,1024.53,,,,,,,,51.41,21.0,12.3
164.7472,frame,4877,170.056545,102.11,99.96,805.66,512,288,BGR888p,,,,,
164.7474,detections,4877,170.056545,102.09,99.96,805.89,,,,0,,,,
164.8485,frame,4880,170.156511,101.3,99.97,807.0,512,288,BGR888p,,,,,
164.8488,detections,4880,170.156511,101.3,99.97,807.22,,,,0,,,,
164.9505,frame,4883,170.256476,102.01,99.96,809.06,512,288,BGR888p,,,,,
164.9509,detections,4883,170.256476,102.11,99.96,809.37,,,,0,,,,
165.0541,frame,4886,170.356442,103.56,99.97,812.67,512,288,BGR888p,,,,,
165.0545,detections,4886,170.356442,103.64,99.97,813.07,,,,0,,,,
165.1572,frame,4889,170.456408,103.17,99.97,815.83,512,288,BGR888p,,,,,
165.1575,detections,4889,170.456408,102.98,99.97,816.06,,,,0,,,,
165.261,frame,4892,170.556373,103.81,99.96,819.68,512,288,BGR888p,,,,,
165.2621,detections,4892,170.556373,104.61,99.96,820.78,,,,0,,,,
165.3638,frame,4895,170.656339,102.77,99.97,822.48,512,288,BGR888p,,,,,
165.3641,detections,4895,170.656339,101.97,99.97,822.7,,,,0,,,,
165.4659,frame,4898,170.756305,102.06,99.97,824.57,512,288,BGR888p,,,,,
165.4661,detections,4898,170.756305,102.05,99.97,824.82,,,,0,,,,
165.5657,frame,4901,170.856269,99.82,99.96,824.43,512,288,BGR888p,,,,,
165.5659,detections,4901,170.856269,99.83,99.96,824.65,,,,0,,,,
165.6687,frame,4904,170.956234,102.99,99.96,827.46,512,288,BGR888p,,,,,
165.6689,detections,4904,170.956234,103.0,99.96,827.68,,,,0,,,,
165.6691,system,0,,1023.57,,,,,,,,50.69,21.1,12.5
165.7736,frame,4907,171.0562,104.97,99.97,832.46,512,288,BGR888p,,,,,
165.7739,detections,4907,171.0562,104.97,99.97,832.68,,,,0,,,,
165.8776,frame,4911,171.189488,103.99,133.29,803.16,512,288,BGR888p,,,,,
165.8779,detections,4911,171.189488,103.99,133.29,803.38,,,,0,,,,
165.9794,frame,4914,171.289461,101.72,99.97,804.91,512,288,BGR888p,,,,,
165.9796,detections,4914,171.289461,101.72,99.97,805.13,,,,0,,,,
166.0819,frame,4917,171.38942,102.52,99.96,807.47,512,288,BGR888p,,,,,
166.0823,detections,4917,171.38942,102.69,99.96,807.88,,,,0,,,,
166.1843,frame,4920,171.489386,102.39,99.97,809.89,512,288,BGR888p,,,,,
166.1845,detections,4920,171.489386,102.22,99.97,810.12,,,,0,,,,
166.2874,frame,4923,171.589354,103.15,99.97,813.08,512,288,BGR888p,,,,,
166.2877,detections,4923,171.589354,103.15,99.97,813.3,,,,0,,,,
166.3895,frame,4926,171.689318,102.12,99.96,815.24,512,288,BGR888p,,,,,
166.3918,detections,4926,171.689318,104.08,99.96,817.48,,,,0,,,,
166.4927,frame,4929,171.789283,103.18,99.97,818.45,512,288,BGR888p,,,,,
166.493,detections,4929,171.789283,101.22,99.97,818.67,,,,0,,,,
166.5968,frame,4932,171.889249,104.07,99.97,822.56,512,288,BGR888p,,,,,
166.5971,detections,4932,171.889249,104.1,99.97,822.83,,,,0,,,,
166.5973,system,0,,928.16,,,,,,,,50.8,21.7,12.9
166.6975,frame,4935,171.989215,100.68,99.97,823.3,512,288,BGR888p,,,,,
166.6978,detections,4935,171.989215,100.68,99.97,823.52,,,,0,,,,
166.7996,frame,4938,172.089178,102.17,99.96,825.49,512,288,BGR888p,,,,,
166.7999,detections,4938,172.089178,102.15,99.96,825.71,,,,0,,,,
166.9038,frame,4941,172.189144,104.18,99.97,829.71,512,288,BGR888p,,,,,
166.9041,detections,4941,172.189144,104.19,99.97,829.96,,,,0,,,,
167.0073,frame,4945,172.322432,103.47,133.29,799.89,512,288,BGR888p,,,,,
167.0076,detections,4945,172.322432,103.47,133.29,800.12,,,,0,,,,
167.1115,frame,4948,172.422398,104.18,99.97,804.11,512,288,BGR888p,,,,,
167.1119,detections,4948,172.422398,104.32,99.97,804.48,,,,0,,,,
167.2117,frame,4951,172.522366,100.19,99.97,804.33,512,288,BGR888p,,,,,
167.2119,detections,4951,172.522366,100.05,99.97,804.55,,,,0,,,,
167.3136,frame,4954,172.62233,101.96,99.96,806.32,512,288,BGR888p,,,,,
167.3139,detections,4954,172.62233,101.95,99.96,806.54,,,,0,,,,
167.4165,frame,4957,172.722297,102.86,99.97,809.21,512,288,BGR888p,,,,,
167.4168,detections,4957,172.722297,102.86,99.97,809.44,,,,0,,,,
167.5191,frame,4960,172.822264,102.6,99.97,811.92,512,288,BGR888p,,,,,
167.5194,detections,4960,172.822264,102.67,99.97,812.14,,,,0,,,,
167.6208,frame,4963,172.922229,101.75,99.96,813.63,512,288,BGR888p,,,,,
167.6211,detections,4963,172.922229,101.68,99.96,813.89,,,,0,,,,
167.6213,system,0,,1024.04,,,,,,,,51.03,21.6,12.9
167.7243,frame,4966,173.022193,103.42,99.96,817.09,512,288,BGR888p,,,,,
167.7245,detections,4966,173.022193,103.42,99.96,817.31,,,,0,,,,
167.8278,frame,4969,173.122159,103.51,99.97,820.64,512,288,BGR888p,,,,,
167.8281,detections,4969,173.122159,103.53,99.97,820.89,,,,0,,,,
167.9302,frame,4972,173.222123,102.46,99.96,823.13,512,288,BGR888p,,,,,
167.9305,detections,4972,173.222123,102.44,99.96,823.35,,,,0,,,,
168.0288,frame,4975,173.322088,98.56,99.96,821.72,512,288,BGR888p,,,,,
168.0291,detections,4975,173.322088,98.56,99.96,821.95,,,,0,,,,
168.1327,frame,4978,173.422054,103.9,99.97,825.66,512,288,BGR888p,,,,,
168.1331,detections,4978,173.422054,104.03,99.97,826.06,,,,0,,,,
168.2384,frame,4982,173.555342,105.73,133.29,798.1,512,288,BGR888p,,,,,
168.2387,detections,4982,173.555342,105.6,133.29,798.32,,,,0,,,,
168.3419,frame,4985,173.655308,103.46,99.97,801.6,512,288,BGR888p,,,,,
168.3421,detections,4985,173.655308,103.46,99.97,801.84,,,,0,,,,
168.4438,frame,4988,173.755274,101.94,99.97,803.58,512,288,BGR888p,,,,,
168.4441,detections,4988,173.755274,101.95,99.97,803.83,,,,0,,,,
168.5447,frame,4991,173.85524,100.89,99.97,804.5,512,288,BGR888p,,,,,
168.545,detections,4991,173.85524,100.89,99.97,804.72,,,,0,,,,
168.648,frame,4994,173.955205,103.31,99.96,807.84,512,288,BGR888p,,,,,
168.6483,detections,4994,173.955205,103.34,99.96,808.1,,,,0,,,,
168.6485,system,0,,1027.19,,,,,,,,51.19,21.1,12.7
168.7505,frame,4997,174.055172,102.46,99.97,810.34,512,288,BGR888p,,,,,
168.7508,detections,4997,174.055172,102.43,99.97,810.57,,,,0,,,,
168.8566,frame,5000,174.15514,106.12,99.97,816.49,512,288,BGR888p,,,,,
168.8569,detections,5000,174.15514,106.11,99.97,816.71,,,,0,,,,
168.956,frame,5003,174.255102,99.43,99.96,815.98,512,288,BGR888p,,,,,
168.9563,detections,5003,174.255102,99.46,99.96,816.21,,,,0,,,,
169.0596,frame,5006,174.355071,103.53,99.97,819.53,512,288,BGR888p,,,,,
169.0598,detections,5006,174.355071,103.52,99.97,819.76,,,,0,,,,
169.1618,frame,5009,174.455036,102.27,99.96,821.83,512,288,BGR888p,,,,,
169.1623,detections,5009,174.455036,102.44,99.96,822.24,,,,0,,,,
169.2622,frame,5012,174.554999,100.33,99.96,822.2,512,288,BGR888p,,,,,
169.2624,detections,5012,174.554999,100.16,99.96,822.43,,,,0,,,,
169.3649,frame,5015,174.654964,102.69,99.96,824.92,512,288,BGR888p,,,,,
169.3651,detections,5015,174.654964,102.68,99.96,825.18,,,,0,,,,
169.4702,frame,5019,174.788251,105.38,133.29,797.02,512,288,BGR888p,,,,,
169.471,detections,5019,174.788251,105.89,133.29,797.78,,,,0,,,,
169.5758,frame,5022,174.888218,105.56,99.97,802.61,512,288,BGR888p,,,,,
169.5761,detections,5022,174.888218,105.05,99.97,802.83,,,,0,,,,
169.6755,frame,5025,174.988188,99.66,99.97,802.3,512,288,BGR888p,,,,,
169.6757,detections,5025,174.988188,99.66,99.97,802.52,,,,0,,,,
169.6759,system,0,,1027.41,,,,,,,,51.08,22.0,12.4
169.7777,frame,5028,175.088149,102.2,99.96,804.55,512,288,BGR888p,,,,,
169.778,detections,5028,175.088149,102.22,99.96,804.79,,,,0,,,,
169.8809,frame,5031,175.188115,103.24,99.97,807.81,512,288,BGR888p,,,,,
169.8812,detections,5031,175.188115,103.25,99.97,808.07,,,,0,,,,
169.9845,frame,5034,175.288084,103.56,99.97,811.4,512,288,BGR888p,,,,,
169.9847,detections,5034,175.288084,103.53,99.97,811.62,,,,0,,,,
170.0879,frame,5037,175.388048,103.48,99.96,814.92,512,288,BGR888p,,,,,
170.0882,detections,5037,175.388048,103.52,99.96,815.18,,,,0,,,,
170.1899,frame,5040,175.488013,101.93,99.96,816.88,512,288,BGR888p,,,,,
170.1903,detections,5040,175.488013,102.05,99.96,817.27,,,,0,,,,
170.2934,frame,5043,175.587978,103.52,99.96,820.43,512,288,BGR888p,,,,,
170.2937,detections,5043,175.587978,103.37,99.96,820.66,,,,0,,,,
170.3934,frame,5046,175.687943,100.04,99.96,820.52,512,288,BGR888p,,,,,
170.3937,detections,5046,175.687943,100.06,99.96,820.75,,,,0,,,,
170.4957,frame,5049,175.787908,102.27,99.96,822.81,512,288,BGR888p,,,,,
170.496,detections,5049,175.787908,102.25,99.96,823.03,,,,0,,,,
170.6016,frame,5052,175.887874,105.89,99.97,828.74,512,288,BGR888p,,,,,
170.6019,detections,5052,175.887874,105.89,99.97,828.96,,,,0,,,,
170.602,system,0,,926.12,,,,,,,,50.97,22.2,12.9
170.7069,frame,5056,176.021161,105.27,133.29,800.72,512,288,BGR888p,,,,,
170.7071,detections,5056,176.021161,105.27,133.29,800.98,,,,0,,,,
170.8075,frame,5059,176.121127,100.67,99.97,801.43,512,288,BGR888p,,,,,
170.8078,detections,5059,176.121127,100.67,99.97,801.65,,,,0,,,,
170.9108,frame,5062,176.221094,103.28,99.97,804.73,512,288,BGR888p,,,,,
170.9111,detections,5062,176.221094,103.27,99.97,804.96,,,,0,,,,
171.0132,frame,5065,176.321059,102.42,99.96,807.2,512,288,BGR888p,,,,,
171.0135,detections,5065,176.321059,102.43,99.96,807.42,,,,0,,,,
171.1152,frame,5068,176.421025,102.01,99.97,809.24,512,288,BGR888p,,,,,
171.1155,detections,5068,176.421025,102.01,99.97,809.46,,,,0,,,,
171.2171,frame,5071,176.520991,101.88,99.97,811.19,512,288,BGR888p,,,,,
171.2175,detections,5071,176.520991,102.04,99.97,811.54,,,,0,,,,
171.3222,frame,5074,176.620958,105.06,99.97,816.26,512,288,BGR888p,,,,,
171.3225,detections,5074,176.620958,104.93,99.97,816.51,,,,0,,,,
171.4246,frame,5077,176.720922,102.42,99.96,825.19,512,288,BGR888p,,,,,
171.4249,detections,5077,176.720922,102.39,99.96,825.41,,,,0,,,,
171.5263,frame,5080,176.82089,101.69,99.97,826.91,512,288,BGR888p,,,,,
171.5266,detections,5080,176.82089,101.69,99.97,827.13,,,,0,,,,
171.6274,frame,5083,176.920852,101.11,99.96,828.1,512,288,BGR888p,,,,,
171.6279,detections,5083,176.920852,101.31,99.96,828.52,,,,0,,,,
171.6281,system,0,,1026.07,,,,,,,,51.14,22.0,13.1
171.7308,frame,5086,177.020818,103.37,99.97,831.47,512,288,BGR888p,,,,,
171.731,detections,5086,177.020818,103.17,99.97,831.69,,,,0,,,,
171.8362,frame,5090,177.154105,105.43,133.29,803.68,512,288,BGR888p,,,,,
171.8368,detections,5090,177.154105,105.75,133.29,804.16,,,,0,,,,
171.9398,frame,5093,177.254072,103.61,99.97,807.25,512,288,BGR888p,,,,,
171.9401,detections,5093,177.254072,103.3,99.97,807.5,,,,0,,,,
172.0425,frame,5096,177.354038,102.72,99.97,810.01,512,288,BGR888p,,,,,
172.0428,detections,5096,177.354038,102.72,99.97,810.23,,,,0,,,,
172.145,frame,5099,177.454003,102.46,99.96,812.51,512,288,BGR888p,,,,,
172.1453,detections,5099,177.454003,102.5,99.96,812.77,,,,0,,,,
172.2475,frame,5102,177.55397,102.44,99.97,814.99,512,288,BGR888p,,,,,
172.2479,detections,5102,177.55397,102.61,99.97,815.42,,,,0,,,,
172.3525,frame,5105,177.653937,105.08,99.97,820.16,512,288,BGR888p,,,,,
172.3532,detections,5105,177.653937,105.25,99.97,820.7,,,,0,,,,
172.4544,frame,5108,177.753902,101.9,99.96,822.05,512,288,BGR888p,,,,,
172.455,detections,5108,177.753902,101.83,99.96,822.59,,,,1,0:0.45,,,
172.5585,frame,5111,177.853866,104.03,99.96,826.11,512,288,BGR888p,,,,,
172.5587,detections,5111,177.853866,103.73,99.96,826.32,,,,1,0:0.39,,,
172.6578,frame,5114,177.953835,99.3,99.97,825.45,512,288,BGR888p,,,,,
172.658,detections,5114,177.953835,99.3,99.97,825.66,,,,2,0:0.54 0:0.41,,,
172.6583,system,0,,1030.18,,,,,,,,51.03,20.4,12.5
172.7615,frame,5117,178.053796,103.73,99.96,829.2,512,288,BGR888p,,,,,
172.7618,detections,5117,178.053796,103.72,99.96,829.42,,,,0,,,,
172.8663,frame,5120,178.153762,104.77,99.97,834.01,512,288,BGR888p,,,,,
172.8665,detections,5120,178.153762,104.77,99.97,834.23,,,,0,,,,
172.9678,frame,5124,178.28705,101.56,133.29,802.28,512,288,BGR888p,,,,,
172.9681,detections,5124,178.28705,101.59,133.29,802.55,,,,1,0:0.51,,,
173.0714,frame,5127,178.387016,103.55,99.97,805.87,512,288,BGR888p,,,,,
173.0716,detections,5127,178.387016,103.52,99.97,806.08,,,,1,0:0.35,,,
173.1721,frame,5130,178.486982,100.7,99.97,806.63,512,288,BGR888p,,,,,
173.1724,detections,5130,178.486982,100.73,99.97,806.85,,,,2,0:0.42 0:0.37,,,
173.2763,frame,5133,178.586947,104.18,99.96,810.83,512,288,BGR888p,,,,,
173.2767,detections,5133,178.586947,104.29,99.96,811.18,,,,1,0:0.48,,,
173.3789,frame,5136,178.686916,102.58,99.97,813.44,512,288,BGR888p,,,,,
173.3791,detections,5136,178.686916,102.45,99.97,813.68,,,,1,0:0.50,,,
173.4819,frame,5139,178.786879,103.03,99.96,816.51,512,288,BGR888p,,,,,
173.4822,detections,5139,178.786879,103.06,99.96,816.75,,,,0,,,,
173.5865,frame,5142,178.886845,104.61,99.97,821.2,512,288,BGR888p,,,,,
173.5872,detections,5142,178.886845,105.05,99.97,821.86,,,,0,,,,
173.6902,frame,5145,178.986811,103.71,99.97,824.9,512,288,BGR888p,,,,,
173.6905,detections,5145,178.986811,103.28,99.97,825.15,,,,1,0:0.35,,,
173.6907,system,0,,1032.44,,,,,,,,51.19,21.8,13.0
173.7903,frame,5148,179.086776,100.05,99.96,824.99,512,288,BGR888p,,,,,
173.7905,detections,5148,179.086776,100.03,99.96,825.21,,,,1,0:0.42,,,
173.8935,frame,5151,179.186743,103.21,99.97,828.26,512,288,BGR888p,,,,,
173.8939,detections,5151,179.186743,103.34,99.97,828.58,,,,1,0:0.47,,,
173.9987,frame,5154,179.286706,105.19,99.96,833.45,512,288,BGR888p,,,,,
173.9989,detections,5154,179.286706,105.05,99.96,833.67,,,,2,0:0.44 0:0.41,,,
174.103,frame,5158,179.419994,104.36,133.29,804.53,512,288,BGR888p,,,,,
174.1033,detections,5158,179.419994,104.4,133.29,804.79,,,,2,0:0.57 0:0.36,,,
174.2045,frame,5161,179.519963,101.47,99.97,806.03,512,288,BGR888p,,,,,
174.2047,detections,5161,179.519963,101.43,99.97,806.25,,,,1,0:0.52,,,
174.3069,frame,5164,179.619926,102.36,99.96,808.42,512,288,BGR888p,,,,,
174.3073,detections,5164,179.619926,102.54,99.96,808.83,,,,0,,,,
174.4098,frame,5167,179.719892,102.95,99.97,811.41,512,288,BGR888p,,,,,
174.4101,detections,5167,179.719892,102.78,99.97,811.63,,,,0,,,,
174.5137,frame,5170,179.819859,103.87,99.97,815.33,512,288,BGR888p,,,,,
174.514,detections,5170,179.819859,103.91,99.97,815.58,,,,0,,,,
174.6165,frame,5173,179.919825,102.82,99.97,818.1,512,288,BGR888p,,,,,
174.6166,detections,5173,179.919825,102.63,99.97,818.19,,,,0,,,,
174.6167,system,0,,925.96,,,,,,,,51.08,21.7,12.8
174.7178,frame,5176,180.019789,101.33,99.96,819.52,512,288,BGR888p,,,,,
174.7181,detections,5176,180.019789,101.48,99.96,819.77,,,,0,,,,
174.8204,frame,5179,180.11976,102.63,99.97,822.18,512,288,BGR888p,,,,,
174.8207,detections,5179,180.11976,102.63,99.97,822.41,,,,1,0:0.46,,,
174.9234,frame,5182,180.219721,102.91,99.96,825.13,512,288,BGR888p,,,,,
174.9236,detections,5182,180.219721,102.9,99.96,825.34,,,,1,0:0.59,,,
175.023,frame,5185,180.319685,99.65,99.96,824.81,512,288,BGR888p,,,,,
175.0233,detections,5185,180.319685,99.67,99.96,825.05,,,,2,0:0.60 0:0.37,,,
175.1273,frame,5188,180.41965,104.33,99.96,829.18,512,288,BGR888p,,,,,
175.1276,detections,5188,180.41965,104.31,99.96,829.39,,,,1,0:0.50,,,
175.2345,frame,5192,180.552938,107.13,133.29,803.02,512,288,BGR888p,,,,,
175.2347,detections,5192,180.552938,107.13,133.29,803.23,,,,1,0:0.47,,,
175.3366,frame,5195,180.652904,102.14,99.97,805.2,512,288,BGR888p,,,,,
175.337,detections,5195,180.652904,102.31,99.97,805.59,,,,0,,,,
175.4384,frame,5198,180.75287,101.84,99.97,807.07,512,288,BGR888p,,,,,
175.4387,detections,5198,180.75287,101.69,99.97,807.29,,,,0,,,,
175.5414,frame,5201,180.852836,102.99,99.97,810.1,512,288,BGR888p,,,,,
175.5417,detections,5201,180.852836,102.99,99.97,810.32,,,,0,,,,
175.6438,frame,5204,180.952801,102.36,99.96,812.45,512,288,BGR888p,,,,,
175.644,detections,5204,180.952801,102.25,99.96,812.58,,,,0,,,,
175.644,system,0,,1027.38,,,,,,,,51.13,21.1,13.1
175.7467,frame,5207,181.052768,102.95,99.97,815.48,512,288,BGR888p,,,,,
175.7489,detections,5207,181.052768,104.96,99.97,817.67,,,,0,,,,
175.8502,frame,5210,181.152735,103.47,99.97,818.99,512,288,BGR888p,,,,,
175.8505,detections,5210,181.152735,101.57,99.97,819.21,,,,0,,,,
175.9526,frame,5213,181.2527,102.33,99.96,821.35,512,288,BGR888p,,,,,
175.9528,detections,5213,181.2527,102.33,99.96,821.58,,,,0,,,,
176.0537,frame,5216,181.352665,101.13,99.96,822.52,512,288,BGR888p,,,,,
176.0539,detections,5216,181.352665,101.13,99.96,822.74,,,,0,,,,
176.1548,frame,5219,181.452629,101.11,99.96,823.66,512,288,BGR888p,,,,,
176.1551,detections,5219,181.452629,101.11,99.96,823.89,,,,0,,,,
176.2546,frame,5222,181.552594,99.8,99.96,823.5,512,288,BGR888p,,,,,
176.2549,detections,5222,181.552594,99.8,99.96,823.72,,,,0,,,,
176.3578,frame,5226,181.685882,103.2,133.29,793.41,512,288,BGR888p,,,,,
176.3582,detections,5226,181.685882,103.36,133.29,793.8,,,,0,,,,
176.4631,frame,5229,181.785848,105.27,99.97,798.74,512,288,BGR888p,,,,,
176.4634,detections,5229,181.785848,105.14,99.97,798.97,,,,0,,,,
176.5657,frame,5232,181.885814,102.6,99.97,801.35,512,288,BGR888p,,,,,
176.5659,detections,5232,181.885814,102.58,99.97,801.58,,,,0,,,,
176.669,frame,5235,181.98578,103.33,99.97,804.72,512,288,BGR888p,,,,,
176.6693,detections,5235,181.98578,103.35,99.97,804.97,,,,1,0:0.37,,,
176.6695,system,0,,1025.43,,,,,,,,51.41,21.2,12.3
176.7692,frame,5238,182.085746,100.23,99.97,804.98,512,288,BGR888p,,,,,
176.7695,detections,5238,182.085746,100.2,99.97,805.2,,,,0,,,,
176.8725,frame,5241,182.185712,103.28,99.97,808.29,512,288,BGR888p,,,,,
176.8728,detections,5241,182.185712,103.29,99.97,808.53,,,,1,0:0.54,,,
176.974,frame,5244,182.285678,101.54,99.97,809.89,512,288,BGR888p,,,,,
176.9743,detections,5244,182.285678,101.55,99.97,810.11,,,,1,0:0.49,,,
177.0774,frame,5247,182.385645,103.41,99.97,813.3,512,288,BGR888p,,,,,
177.0777,detections,5247,182.385645,103.38,99.97,813.52,,,,1,0:0.41,,,
177.1818,frame,5250,182.485608,104.4,99.96,817.74,512,288,BGR888p,,,,,
177.1821,detections,5250,182.485608,104.4,99.96,818.0,,,,1,0:0.53,,,
177.2844,frame,5253,182.585574,102.59,99.97,820.36,512,288,BGR888p,,,,,
177.2847,detections,5253,182.585574,102.59,99.97,820.58,,,,0,,,,
177.3855,frame,5256,182.68554,101.04,99.97,821.44,512,288,BGR888p,,,,,
177.3859,detections,5256,182.68554,101.22,99.97,821.86,,,,1,0:0.47,,,
177.4874,frame,5259,182.785505,101.95,99.96,823.42,512,288,BGR888p,,,,,
177.4877,detections,5259,182.785505,101.77,99.96,823.64,,,,1,0:0.43,,,
177.5871,frame,5262,182.88547,99.67,99.96,823.17,512,288,BGR888p,,,,,
177.5874,detections,5262,182.88547,99.73,99.96,823.41,,,,1,0:0.52,,,
177.692,frame,5266,183.018758,104.9,133.29,794.74,512,288,BGR888p,,,,,
177.6923,detections,5266,183.018758,104.87,133.29,794.99,,,,0,,,,
177.6924,system,0,,1022.97,,,,,,,,51.41,22.3,12.8
177.7961,frame,5269,183.118723,104.09,99.96,798.88,512,288,BGR888p,,,,,
177.7964,detections,5269,183.118723,104.08,99.96,799.1,,,,0,,,,
177.9,frame,5272,183.218689,103.93,99.97,802.83,512,288,BGR888p,,,,,
177.9003,detections,5272,183.218689,103.94,99.97,803.08,,,,0,,,,
178.0015,frame,5275,183.318655,101.48,99.97,804.35,512,288,BGR888p,,,,,
178.0018,detections,5275,183.318655,101.46,99.97,804.57,,,,1,0:0.40,,,
178.1027,frame,5278,183.418622,101.2,99.97,805.58,512,288,BGR888p,,,,,
178.103,detections,5278,183.418622,101.19,99.97,805.8,,,,1,0:0.36,,,
178.2058,frame,5281,183.518587,103.07,99.96,808.68,512,288,BGR888p,,,,,
178.206,detections,5281,183.518587,103.07,99.96,808.9,,,,0,,,,
178.3095,frame,5284,183.618553,103.78,99.97,812.5,512,288,BGR888p,,,,,
178.3098,detections,5284,183.618553,103.79,99.97,812.73,,,,0,,,,
178.4136,frame,5287,183.718519,104.08,99.97,816.61,512,288,BGR888p,,,,,
178.414,detections,5287,183.718519,104.22,99.97,816.99,,,,0,,,,
178.516,frame,5290,183.818485,102.36,99.97,819.0,512,288,BGR888p,,,,,
178.5163,detections,5290,183.818485,102.27,99.97,819.28,,,,1,0:0.47,,,
178.6186,frame,5293,183.918452,102.59,99.97,821.62,512,288,BGR888p,,,,,
178.6188,detections,5293,183.918452,102.53,99.97,821.84,,,,0,,,,
178.619,system,0,,926.55,,,,,,,,50.97,22.4,12.7
178.7194,frame,5296,184.018416,100.84,99.96,822.5,512,288,BGR888p,,,,,
178.7197,detections,5296,184.018416,100.85,99.96,822.74,,,,1,0:0.36,,,
178.8226,frame,5299,184.11838,103.22,99.96,825.77,512,288,BGR888p,,,,,
178.8229,detections,5299,184.11838,103.23,99.96,826.0,,,,0,,,,
178.9276,frame,5302,184.218346,104.99,99.97,835.22,512,288,BGR888p,,,,,
178.9279,detections,5302,184.218346,104.97,99.97,835.45,,,,1,0:0.39,,,
179.0295,frame,5306,184.351633,101.92,133.29,803.85,512,288,BGR888p,,,,,
179.0302,detections,5306,184.351633,102.31,133.29,804.5,,,,2,0:0.48 2:0.41,,,
179.1335,frame,5309,184.451599,103.97,99.97,807.86,512,288,BGR888p,,,,,
179.1338,detections,5309,184.451599,103.57,99.97,808.08,,,,2,0:0.61 2:0.52,,,
179.2333,frame,5312,184.551565,99.77,99.97,807.67,512,288,BGR888p,,,,,
179.2335,detections,5312,184.551565,99.77,99.97,807.88,,,,2,2:0.54 0:0.53,,,
179.3368,frame,5315,184.651535,103.54,99.97,811.23,512,288,BGR888p,,,,,
179.3371,detections,5315,184.651535,103.56,99.97,811.5,,,,2,2:0.57 0:0.50,,,
179.4413,frame,5318,184.751499,104.52,99.96,815.78,512,288,BGR888p,,,,,
179.4417,detections,5318,184.751499,104.58,99.96,816.09,,,,2,0:0.61 2:0.55,,,
179.5461,frame,5321,184.851463,104.78,99.96,820.62,512,288,BGR888p,,,,,
179.5464,detections,5321,184.851463,104.71,99.96,820.84,,,,1,0:0.42,,,
179.6492,frame,5324,184.951429,103.04,99.97,823.69,512,288,BGR888p,,,,,
179.6497,detections,5324,184.951429,103.29,99.97,824.18,,,,1,0:0.50,,,
179.6499,system,0,,1030.92,,,,,,,,51.25,21.4,13.0
179.7511,frame,5327,185.051396,101.96,99.97,825.7,512,288,BGR888p,,,,,
179.7514,detections,5327,185.051396,101.72,99.97,825.92,,,,2,0:0.63 2:0.43,,,
179.8518,frame,5330,185.15136,100.69,99.96,826.4,512,288,BGR888p,,,,,
179.8521,detections,5330,185.15136,100.66,99.96,826.61,,,,2,0:0.65 2:0.39,,,
179.9555,frame,5333,185.251327,103.66,99.97,830.1,512,288,BGR888p,,,,,
179.9557,detections,5333,185.251327,103.67,99.97,830.31,,,,2,0:0.61 2:0.46,,,
180.0598,frame,5336,185.35129,104.33,99.96,834.48,512,288,BGR888p,,,,,
180.0601,detections,5336,185.35129,104.35,99.96,834.73,,,,2,0:0.67 2:0.40,,,
180.1626,frame,5339,185.451256,102.84,99.97,837.35,512,288,BGR888p,,,,,
180.1633,detections,5339,185.451256,103.26,99.97,838.04,,,,2,0:0.65 2:0.40,,,
180.2657,frame,5343,185.584543,103.07,133.29,807.12,512,288,BGR888p,,,,,
180.266,detections,5343,185.584543,102.63,133.29,807.33,,,,2,0:0.67 2:0.43,,,
180.3681,frame,5346,185.684509,102.34,99.97,809.53,512,288,BGR888p,,,,,
180.3684,detections,5346,185.684509,102.39,99.97,809.77,,,,2,0:0.59 2:0.49,,,
180.471,frame,5349,185.784475,102.9,99.97,812.42,512,288,BGR888p,,,,,
180.4714,detections,5349,185.784475,103.04,99.97,812.86,,,,0,,,,
180.5737,frame,5352,185.884442,102.75,99.97,815.19,512,288,BGR888p,,,,,
180.5739,detections,5352,185.884442,102.53,99.97,815.38,,,,0,,,,
180.6785,frame,5355,185.984408,104.8,99.97,820.04,512,288,BGR888p,,,,,
180.6788,detections,5355,185.984408,104.86,99.97,820.3,,,,0,,,,
180.679,system,0,,1029.06,,,,,,,,51.25,21.2,12.5
180.7827,frame,5358,186.084377,104.21,99.97,824.28,512,288,BGR888p,,,,,
180.783,detections,5358,186.084377,104.18,99.97,824.5,,,,0,,,,
180.8847,frame,5361,186.184338,101.96,99.96,826.28,512,288,BGR888p,,,,,
180.8849,detections,5361,186.184338,101.96,99.96,826.5,,,,0,,,,
180.9846,frame,5364,186.284308,99.98,99.97,826.28,512,288,BGR888p,,,,,
180.9849,detections,5364,186.284308,99.98,99.97,826.51,,,,0,,,,
181.0874,frame,5367,186.384268,102.75,99.96,829.07,512,288,BGR888p,,,,,
181.0877,detections,5367,186.384268,102.75,99.96,829.3,,,,0,,,,
181.1925,frame,5370,186.484234,105.15,99.97,834.27,512,288,BGR888p,,,,,
181.1928,detections,5370,186.484234,105.16,99.97,834.5,,,,0,,,,
181.2954,frame,5374,186.617522,102.82,133.29,803.79,512,288,BGR888p,,,,,
181.2965,detections,5374,186.617522,103.72,133.29,804.98,,,,0,,,,
181.3984,frame,5377,186.717487,102.99,99.96,806.81,512,288,BGR888p,,,,,
181.3986,detections,5377,186.717487,102.07,99.96,807.03,,,,0,,,,
181.5003,frame,5380,186.817454,101.98,99.97,808.82,512,288,BGR888p,,,,,
181.5007,detections,5380,186.817454,102.12,99.97,809.19,,,,0,,,,
181.6035,frame,5383,186.91742,103.2,99.97,812.05,512,288,BGR888p,,,,,
181.6038,detections,5383,186.91742,103.05,99.97,812.27,,,,0,,,,
181.6039,system,0,,924.97,,,,,,,,51.3,21.6,12.8
181.7062,frame,5386,187.017385,102.72,99.96,814.8,512,288,BGR888p,,,,,
181.7065,detections,5386,187.017385,102.73,99.96,815.03,,,,0,,,,
181.8111,frame,5389,187.117351,104.88,99.97,819.75,512,288,BGR888p,,,,,
181.8114,detections,5389,187.117351,104.91,99.97,819.97,,,,0,,,,
181.913,frame,5392,187.217316,101.85,99.96,821.61,512,288,BGR888p,,,,,
181.914,detections,5392,187.217316,102.57,99.96,822.63,,,,0,,,,
182.017,frame,5395,187.317282,104.06,99.97,825.75,512,288,BGR888p,,,,,
182.0174,detections,5395,187.317282,103.37,99.97,825.98,,,,0,,,,
182.1168,frame,5398,187.417249,99.77,99.97,825.51,512,288,BGR888p,,,,,
182.1171,detections,5398,187.417249,99.75,99.97,825.8,,,,0,,,,
182.2208,frame,5401,187.517212,104.03,99.96,829.57,512,288,BGR888p,,,,,
182.2211,detections,5401,187.517212,104.01,99.96,829.86,,,,0,,,,
182.3252,frame,5404,187.617178,104.35,99.97,833.95,512,288,BGR888p,,,,,
182.3255,detections,5404,187.617178,104.33,99.97,834.18,,,,0,,,,
182.4294,frame,5408,187.750466,104.24,133.29,804.94,512,288,BGR888p,,,,,
182.4298,detections,5408,187.750466,104.32,133.29,805.21,,,,0,,,,
182.5314,frame,5411,187.850432,101.97,99.97,806.91,512,288,BGR888p,,,,,
182.5318,detections,5411,187.850432,102.08,99.97,807.33,,,,0,,,,
182.6331,frame,5414,187.950398,101.66,99.97,808.54,512,288,BGR888p,,,,,
182.6332,detections,5414,187.950398,101.36,99.97,808.67,,,,0,,,,
182.6333,system,0,,1029.33,,,,,,,,51.47,21.5,13.0
182.736,frame,5417,188.050364,102.92,99.97,811.55,512,288,BGR888p,,,,,
182.7363,detections,5417,188.050364,103.06,99.97,811.8,,,,0,,,,
182.8379,frame,5420,188.15033,101.93,99.97,813.51,512,288,BGR888p,,,,,
182.8382,detections,5420,188.15033,101.93,99.97,813.77,,,,0,,,,
182.9439,frame,5423,188.250295,106.04,99.96,819.59,512,288,BGR888p,,,,,
182.9442,detections,5423,188.250295,106.04,99.96,819.84,,,,0,,,,
183.0438,frame,5426,188.350261,99.83,99.97,819.46,512,288,BGR888p,,,,,
183.044,detections,5426,188.350261,99.81,99.97,819.68,,,,0,,,,
183.1453,frame,5429,188.450227,101.57,99.97,821.06,512,288,BGR888p,,,,,
183.1456,detections,5429,188.450227,101.58,99.97,821.29,,,,0,,,,
183.2498,frame,5432,188.550193,104.44,99.97,825.53,512,288,BGR888p,,,,,
183.25,detections,5432,188.550193,104.43,99.97,825.75,,,,3,1:0.74 2:0.60 1:0.57,,,
183.3496,frame,5435,188.650157,99.84,99.96,825.41,512,288,BGR888p,,,,,
183.3499,detections,5435,188.650157,99.84,99.96,825.63,,,,4,1:0.73 1:0.54 2:0.52 0:0.37,,,
183.4537,frame,5438,188.750122,104.05,99.96,829.49,512,288,BGR888p,,,,,
183.4539,detections,5438,188.750122,104.04,99.96,829.71,,,,3,1:0.77 2:0.51 1:0.41,,,
183.5586,frame,5442,188.88341,104.89,133.29,801.1,512,288,BGR888p,,,,,
183.559,detections,5442,188.88341,105.06,133.29,801.5,,,,3,1:0.48 2:0.45 1:0.44,,,
183.6632,frame,5445,188.983376,104.65,99.97,805.78,512,288,BGR888p,,,,,
183.6635,detections,5445,188.983376,104.48,99.97,806.0,,,,2,2:0.50 1:0.45,,,
183.6637,system,0,,1030.39,,,,,,,,51.58,20.9,12.8
183.7634,frame,5448,189.083343,100.23,99.97,806.04,512,288,BGR888p,,,,,
183.7637,detections,5448,189.083343,100.23,99.97,806.25,,,,3,1:0.76 1:0.55 2:0.41,,,
183.8654,frame,5451,189.183308,102.0,99.96,808.08,512,288,BGR888p,,,,,
183.8657,detections,5451,189.183308,102.0,99.96,808.29,,,,2,1:0.72 1:0.67,,,
183.9685,frame,5454,189.283273,103.07,99.96,811.18,512,288,BGR888p,,,,,
183.9688,detections,5454,189.283273,103.07,99.96,811.39,,,,3,1:0.69 1:0.62 1:0.50,,,
184.0726,frame,5457,189.383239,104.08,99.97,815.29,512,288,BGR888p,,,,,
184.0729,detections,5457,189.383239,104.1,99.97,815.53,,,,2,1:0.63 1:0.45,,,
184.1774,frame,5460,189.483208,104.84,99.97,820.15,512,288,BGR888p,,,,,
184.1777,detections,5460,189.483208,104.82,99.97,820.37,,,,3,1:0.73 1:0.51 1:0.47,,,
184.2797,frame,5463,189.583172,102.26,99.96,822.45,512,288,BGR888p,,,,,
184.2807,detections,5463,189.583172,103.03,99.96,823.49,,,,1,1:0.75,,,
184.3825,frame,5466,189.683136,102.8,99.96,825.29,512,288,BGR888p,,,,,
184.3827,detections,5466,189.683136,102.03,99.96,825.5,,,,3,1:0.78 1:0.69 1:0.61,,,
184.4824,frame,5469,189.783102,99.89,99.97,825.21,512,288,BGR888p,,,,,
184.4826,detections,5469,189.783102,99.89,99.97,825.42,,,,3,1:0.78 1:0.64 1:0.62,,,
184.5869,frame,5472,189.883066,104.58,99.96,829.82,512,288,BGR888p,,,,,
184.5874,detections,5472,189.883066,104.74,99.96,830.21,,,,3,1:0.81 1:0.76 1:0.68,,,
184.692,frame,5475,189.983032,105.09,99.97,834.94,512,288,BGR888p,,,,,
184.6923,detections,5475,189.983032,104.94,99.97,835.18,,,,4,1:0.75 1:0.74 1:0.49 0:0.37,,,
184.6925,system,0,,1028.86,,,,,,,,51.47,21.9,12.7
184.7959,frame,5479,190.116319,103.88,133.29,805.53,512,288,BGR888p,,,,,
184.7962,detections,5479,190.116319,103.88,133.29,805.77,,,,5,1:0.79 1:0.73 1:0.70 1:0.66 1:0.56,,,
184.8973,frame,5482,190.216287,101.36,99.97,806.93,512,288,BGR888p,,,,,
184.8975,detections,5482,190.216287,101.34,99.97,807.14,,,,5,1:0.77 1:0.77 1:0.69 1:0.68 1:0.61,,,
185.0009,frame,5485,190.316256,103.58,99.97,810.54,512,288,BGR888p,,,,,
185.0011,detections,5485,190.316256,103.59,99.97,810.79,,,,4,1:0.77 1:0.76 1:0.74 1:0.54,,,
185.1032,frame,5488,190.416218,102.33,99.96,812.91,512,288,BGR888p,,,,,
185.1034,detections,5488,190.416218,102.33,99.96,813.13,,,,6,1:0.76 1:0.76 1:0.66 1:0.54 1:0.43 1:0.42,,,
185.2089,frame,5491,190.516185,105.76,99.97,818.7,512,288,BGR888p,,,,,
185.2092,detections,5491,190.516185,105.78,99.97,818.95,,,,4,1:0.79 1:0.73 1:0.42 1:0.41,,,
185.3112,frame,5494,190.616151,102.27,99.97,821.0,512,288,BGR888p,,,,,
185.3118,detections,5494,190.616151,102.58,99.97,821.59,,,,2,1:0.78 1:0.43,,,
185.4149,frame,5497,190.716115,103.68,99.96,824.71,512,288,BGR888p,,,,,
185.4151,detections,5497,190.716115,103.34,99.96,824.96,,,,4,1:0.79 1:0.77 1:0.58 1:0.42,,,
185.5157,frame,5500,190.816087,100.8,99.97,825.55,512,288,BGR888p,,,,,
185.516,detections,5500,190.816087,100.81,99.97,825.78,,,,4,1:0.84 1:0.78 1:0.75 1:0.59,,,
185.62,frame,5503,190.916047,104.29,99.96,829.87,512,288,BGR888p,,,,,
185.6204,detections,5503,190.916047,104.46,99.96,830.3,,,,4,1:0.83 1:0.79 1:0.66 1:0.38,,,
185.6207,system,0,,928.21,,,,,,,,51.03,22.5,13.2
185.7242,frame,5506,191.01601,104.22,99.96,834.15,512,288,BGR888p,,,,,
185.7245,detections,5506,191.01601,104.07,99.96,834.37,,,,3,1:0.83 1:0.72 1:0.50,,,
185.8286,frame,5510,191.149298,104.41,133.29,805.25,512,288,BGR888p,,,,,
185.8289,detections,5510,191.149298,104.38,133.29,805.47,,,,3,1:0.83 1:0.79 1:0.66,,,
185.9295,frame,5513,191.249264,100.84,99.97,806.13,512,288,BGR888p,,,,,
185.9297,detections,5513,191.249264,100.85,99.97,806.35,,,,3,1:0.80 1:0.76 1:0.38,,,
186.0336,frame,5516,191.34923,104.19,99.97,810.36,512,288,BGR888p,,,,,
186.0339,detections,5516,191.34923,104.19,99.97,810.57,,,,4,1:0.84 1:0.76 1:0.53 1:0.44,,,
186.1356,frame,5519,191.449196,101.98,99.97,812.33,512,288,BGR888p,,,,,
186.1358,detections,5519,191.449196,101.9,99.97,812.48,,,,4,1:0.78 1:0.76 1:0.55 1:0.51,,,
186.2383,frame,5522,191.549164,102.69,99.97,815.09,512,288,BGR888p,,,,,
186.2386,detections,5522,191.549164,102.77,99.97,815.31,,,,3,1:0.82 1:0.73 1:0.68,,,
186.344,frame,5525,191.649129,105.67,99.96,820.79,512,288,BGR888p,,,,,
186.3443,detections,5525,191.649129,105.7,99.96,821.04,,,,2,1:0.83 1:0.74,,,
186.4456,frame,5528,191.749099,101.58,99.97,822.41,512,288,BGR888p,,,,,
186.4458,detections,5528,191.749099,101.56,99.97,822.63,,,,3,1:0.79 1:0.76 1:0.42,,,
186.5477,frame,5531,191.849059,102.12,99.96,824.56,512,288,BGR888p,,,,,
186.5479,detections,5531,191.849059,102.11,99.96,824.78,,,,3,1:0.80 1:0.77 0:0.47,,,
186.6477,frame,5534,191.949023,99.98,99.96,824.57,512,288,BGR888p,,,,,
186.648,detections,5534,191.949023,100.07,99.96,824.88,,,,5,1:0.79 1:0.70 0:0.50 1:0.47 1:0.40,,,
186.6483,system,0,,1027.56,,,,,,,,51.25,22.2,13.4
186.7512,frame,5537,192.04899,103.51,99.97,828.13,512,288,BGR888p,,,,,
186.7514,detections,5537,192.04899,103.43,99.97,828.35,,,,3,1:0.79 1:0.76 1:0.70,,,
186.856,frame,5541,192.182276,104.86,133.29,799.72,512,288,BGR888p,,,,,
186.8563,detections,5541,192.182276,104.88,133.29,799.94,,,,3,1:0.80 1:0.77 1:0.70,,,
186.9584,frame,5544,192.282242,102.33,99.97,802.07,512,288,BGR888p,,,,,
186.959,detections,5544,192.282242,102.69,99.97,802.7,,,,3,1:0.81 1:0.76 1:0.59,,,
187.0612,frame,5547,192.382209,102.87,99.97,808.58,512,288,BGR888p,,,,,
187.0615,detections,5547,192.382209,102.49,99.97,808.79,,,,4,1:0.81 1:0.77 1:0.64 0:0.39,,,
187.1655,frame,5550,192.482176,104.24,99.97,812.86,512,288,BGR888p,,,,,
187.1658,detections,5550,192.482176,104.26,99.97,813.09,,,,3,1:0.79 1:0.77 0:0.46,,,
187.2676,frame,5553,192.582143,102.1,99.97,814.98,512,288,BGR888p,,,,,
187.2678,detections,5553,192.582143,102.08,99.97,815.2,,,,3,1:0.82 1:0.74 1:0.47,,,
187.3736,frame,5556,192.682108,106.03,99.96,821.05,512,288,BGR888p,,,,,
187.3739,detections,5556,192.682108,106.03,99.96,821.27,,,,2,1:0.82 1:0.75,,,
187.4756,frame,5559,192.782074,102.0,99.97,823.08,512,288,BGR888p,,,,,
187.4759,detections,5559,192.782074,102.0,99.97,823.3,,,,3,1:0.83 1:0.75 0:0.54,,,
187.5774,frame,5562,192.882037,101.78,99.96,824.9,512,288,BGR888p,,,,,
187.5779,detections,5562,192.882037,102.08,99.96,825.45,,,,4,1:0.81 1:0.75 0:0.58 1:0.50,,,
187.6803,frame,5565,192.982003,102.93,99.97,827.86,512,288,BGR888p,,,,,
187.6807,detections,5565,192.982003,102.76,99.97,828.23,,,,4,1:0.86 1:0.79 0:0.57 1:0.52,,,
187.681,system,0,,1032.71,,,,,,,,51.3,21.2,12.4
187.7794,frame,5568,193.081969,99.1,99.97,826.99,512,288,BGR888p,,,,,
187.7797,detections,5568,193.081969,98.96,99.97,827.21,,,,4,1:0.84 1:0.80 1:0.59 1:0.57,,,
187.8823,frame,5571,193.181933,102.87,99.96,829.9,512,288,BGR888p,,,,,
187.8825,detections,5571,193.181933,102.87,99.96,830.12,,,,4,1:0.84 1:0.80 1:0.58 1:0.51,,,
187.9859,frame,5575,193.315221,103.67,133.29,800.28,512,288,BGR888p,,,,,
187.9866,detections,5575,193.315221,104.02,133.29,800.88,,,,4,1:0.81 1:0.77 1:0.59 1:0.40,,,
188.0912,frame,5578,193.415186,105.25,99.96,805.57,512,288,BGR888p,,,,,
188.0917,detections,5578,193.415186,105.14,99.96,806.05,,,,4,1:0.85 1:0.75 1:0.73 1:0.42,,,
188.1939,frame,5581,193.515156,102.67,99.97,808.27,512,288,BGR888p,,,,,
188.1941,detections,5581,193.515156,102.44,99.97,808.52,,,,5,1:0.85 1:0.78 1:0.77 1:0.59 1:0.54,,,
188.2958,frame,5584,193.615119,101.94,99.96,810.2,512,288,BGR888p,,,,,
188.296,detections,5584,193.615119,101.83,99.96,810.32,,,,4,1:0.84 1:0.76 1:0.74 1:0.63,,,
188.399,frame,5587,193.715085,103.22,99.97,813.53,512,288,BGR888p,,,,,
188.3993,detections,5587,193.715085,103.36,99.97,813.75,,,,4,1:0.78 1:0.75 1:0.68 1:0.66,,,
188.5016,frame,5590,193.81505,102.6,99.97,816.13,512,288,BGR888p,,,,,
188.5019,detections,5590,193.81505,102.57,99.97,816.36,,,,4,1:0.78 1:0.72 1:0.70 1:0.64,,,
188.6037,frame,5593,193.915016,102.11,99.97,818.28,512,288,BGR888p,,,,,
188.604,detections,5593,193.915016,102.11,99.97,818.49,,,,4,1:0.84 1:0.72 1:0.70 1:0.60,,,
188.6043,system,0,,923.24,,,,,,,,51.25,21.8,13.1
188.7072,frame,5596,194.014982,103.44,99.97,821.8,512,288,BGR888p,,,,,
188.7079,detections,5596,194.014982,103.85,99.97,822.39,,,,4,1:0.86 1:0.79 1:0.76 1:0.56,,,
188.8108,frame,5599,194.114947,103.58,99.96,825.37,512,288,BGR888p,,,,,
188.811,detections,5599,194.114947,103.17,99.96,825.58,,,,5,1:0.79 1:0.79 1:0.74 1:0.57 1:0.49,,,
188.9124,frame,5602,194.214914,101.62,99.97,826.98,512,288,BGR888p,,,,,
188.9125,detections,5602,194.214914,101.52,99.97,827.1,,,,4,1:0.81 1:0.76 1:0.74 1:0.52,,,
189.0129,frame,5605,194.314877,100.49,99.96,827.54,512,288,BGR888p,,,,,
189.0131,detections,5605,194.314877,100.59,99.96,827.78,,,,5,1:0.82 1:0.79 1:0.78 1:0.59 1:0.46,,,
189.1172,frame,5608,194.414843,104.32,99.97,831.9,512,288,BGR888p,,,,,
189.1175,detections,5608,194.414843,104.33,99.97,832.12,,,,6,1:0.82 1:0.80 1:0.80 1:0.61 1:0.50 1:0.50,,,
189.2215,frame,5612,194.54813,104.34,133.29,802.95,512,288,BGR888p,,,,,
189.2218,detections,5612,194.54813,104.34,133.29,803.17,,,,5,1:0.86 1:0.77 1:0.76 1:0.61 1:0.48,,,
189.3267,frame,5615,194.648096,105.21,99.97,808.2,512,288,BGR888p,,,,,
189.327,detections,5615,194.648096,105.21,99.97,808.41,,,,4,1:0.81 1:0.75 1:0.60 1:0.58,,,
189.4277,frame,5618,194.748063,100.9,99.97,809.14,512,288,BGR888p,,,,,
189.4279,detections,5618,194.748063,100.91,99.97,809.36,,,,4,1:0.81 1:0.79 1:0.63 1:0.62,,,
189.5305,frame,5621,194.848033,102.89,99.97,812.05,512,288,BGR888p,,,,,
189.5308,detections,5621,194.848033,102.89,99.97,812.27,,,,5,1:0.86 1:0.81 1:0.67 1:0.46 1:0.41,,,
189.6332,frame,5624,194.947994,102.68,99.96,814.78,512,288,BGR888p,,,,,
189.6335,detections,5624,194.947994,102.68,99.96,815.0,,,,5,1:0.86 1:0.75 1:0.74 1:0.61 1:0.42,,,
189.6337,system,0,,1029.45,,,,,,,,51.8,21.7,13.4
189.7387,frame,5627,195.047963,105.49,99.97,820.3,512,288,BGR888p,,,,,
189.7391,detections,5627,195.047963,105.63,99.97,820.71,,,,5,1:0.85 1:0.75 1:0.73 1:0.56 1:0.42,,,
189.84,frame,5630,195.147926,101.26,99.96,821.6,512,288,BGR888p,,,,,
189.8403,detections,5630,195.147926,101.16,99.96,821.86,,,,5,1:0.83 1:0.80 1:0.76 1:0.55 1:0.48,,,
189.9425,frame,5633,195.247891,102.56,99.96,824.2,512,288,BGR888p,,,,,
189.9428,detections,5633,195.247891,102.52,99.96,824.41,,,,4,1:0.84 1:0.77 1:0.73 1:0.68,,,
190.045,frame,5636,195.347857,102.46,99.97,826.69,512,288,BGR888p,,,,,
190.0453,detections,5636,195.347857,102.49,99.97,826.94,,,,4,1:0.82 1:0.77 1:0.76 1:0.70,,,
190.1453,frame,5639,195.447822,100.35,99.96,827.1,512,288,BGR888p,,,,,
190.1456,detections,5639,195.447822,100.36,99.96,827.34,,,,4,1:0.80 1:0.75 1:0.54 1:0.39,,,
190.2467,frame,5642,195.547787,101.34,99.96,828.4,512,288,BGR888p,,,,,
190.2468,detections,5642,195.547787,101.19,99.96,828.52,,,,4,1:0.85 1:0.84 1:0.77 1:0.75,,,
190.3511,frame,5646,195.681075,104.43,133.29,799.61,512,288,BGR888p,,,,,
190.3514,detections,5646,195.681075,104.55,133.29,799.82,,,,3,1:0.84 1:0.69 1:0.63,,,
190.4574,frame,5649,195.78104,106.27,99.96,805.89,512,288,BGR888p,,,,,
190.4576,detections,5649,195.78104,106.25,99.96,806.11,,,,4,1:0.85 1:0.82 1:0.74 1:0.51,,,
190.5586,frame,5652,195.881007,101.2,99.97,807.13,512,288,BGR888p,,,,,
190.5588,detections,5652,195.881007,101.2,99.97,807.35,,,,5,1:0.84 1:0.72 1:0.66 1:0.57 1:0.52,,,
190.6614,frame,5655,195.980973,102.77,99.97,809.94,512,288,BGR888p,,,,,
190.6616,detections,5655,195.980973,102.78,99.97,810.16,,,,5,1:0.82 1:0.77 1:0.66 1:0.63 1:0.58,,,
190.6618,system,0,,1028.14,,,,,,,,51.58,21.2,12.9
190.7646,frame,5658,196.080941,103.26,99.97,813.23,512,288,BGR888p,,,,,
190.7664,detections,5658,196.080941,104.76,99.97,815.05,,,,4,1:0.85 1:0.74 1:0.70 1:0.62,,,
190.8685,frame,5661,196.180905,103.87,99.96,817.14,512,288,BGR888p,,,,,
190.8688,detections,5661,196.180905,102.37,99.96,817.35,,,,4,1:0.81 1:0.77 1:0.75 1:0.55,,,
190.9719,frame,5664,196.280871,103.45,99.97,820.62,512,288,BGR888p,,,,,
190.9726,detections,5664,196.280871,103.81,99.97,821.23,,,,6,1:0.83 1:0.82 1:0.75 1:0.68 1:0.43 1:0.36,,,
191.0752,frame,5667,196.380836,103.3,99.96,823.96,512,288,BGR888p,,,,,
191.0755,detections,5667,196.380836,102.94,99.96,824.17,,,,5,1:0.83 1:0.80 1:0.51 1:0.47 1:0.37,,,
191.1776,frame,5670,196.480803,102.4,99.97,826.39,512,288,BGR888p,,,,,
191.1779,detections,5670,196.480803,102.4,99.97,826.61,,,,4,1:0.80 1:0.78 1:0.75 1:0.49,,,
191.2783,frame,5673,196.580767,100.7,99.96,827.12,512,288,BGR888p,,,,,
191.2786,detections,5673,196.580767,100.7,99.96,827.34,,,,4,1:0.86 1:0.75 1:0.71 1:0.55,,,
191.3808,frame,5676,196.680731,102.42,99.96,829.58,512,288,BGR888p,,,,,
191.381,detections,5676,196.680731,102.42,99.96,829.79,,,,3,1:0.82 1:0.76 1:0.36,,,
191.4854,frame,5679,196.780697,104.63,99.97,834.25,512,288,BGR888p,,,,,
191.4857,detections,5679,196.780697,104.63,99.97,834.46,,,,6,1:0.85 1:0.78 1:0.72 1:0.68 1:0.68 1:0.62,,,
191.5902,frame,5683,196.913984,104.82,133.29,805.78,512,288,BGR888p,,,,,
191.5905,detections,5683,196.913984,104.82,133.29,806.0,,,,6,1:0.79 1:0.79 1:0.74 1:0.60 1:0.46 1:0.38,,,
191.6921,frame,5686,197.013957,101.86,99.97,807.69,512,288,BGR888p,,,,,
191.6924,detections,5686,197.013957,101.88,99.97,807.9,,,,6,1:0.79 1:0.78 1:0.72 1:0.64 1:0.42 1:0.40,,,
191.6926,system,0,,1030.74,,,,,,,,51.36,21.2,13.0
191.7961,frame,5689,197.113917,103.99,99.96,811.72,512,288,BGR888p,,,,,
191.7965,detections,5689,197.113917,104.13,99.96,812.08,,,,4,1:0.85 1:0.77 1:0.61 1:0.53,,,
191.8989,frame,5692,197.213882,102.84,99.97,814.58,512,288,BGR888p,,,,,
191.8992,detections,5692,197.213882,102.71,99.97,814.82,,,,6,1:0.83 1:0.78 1:0.74 1:0.71 1:0.63 1:0.54,,,
192.001,frame,5695,197.313849,102.15,99.97,816.77,512,288,BGR888p,,,,,
192.0013,detections,5695,197.313849,102.13,99.97,816.99,,,,5,1:0.80 1:0.77 1:0.76 1:0.69 1:0.49,,,
192.1063,frame,5698,197.413814,105.25,99.96,822.04,512,288,BGR888p,,,,,
192.1066,detections,5698,197.413814,105.25,99.96,822.28,,,,5,1:0.82 1:0.77 1:0.72 1:0.40 1:0.37,,,
192.209,frame,5701,197.51378,102.68,99.97,824.75,512,288,BGR888p,,,,,
192.2093,detections,5701,197.51378,102.71,99.97,825.02,,,,6,1:0.80 1:0.75 1:0.65 1:0.61 1:0.57 1:0.49,,,
192.3112,frame,5704,197.613745,102.19,99.96,826.98,512,288,BGR888p,,,,,
192.3114,detections,5704,197.613745,102.14,99.96,827.2,,,,5,1:0.79 1:0.75 1:0.66 1:0.53 1:0.49,,,
192.4118,frame,5707,197.713712,100.63,99.97,827.64,512,288,BGR888p,,,,,
192.4121,detections,5707,197.713712,100.62,99.97,827.86,,,,4,1:0.83 1:0.74 1:0.68 1:0.38,,,
192.5155,frame,5710,197.813675,103.68,99.96,831.36,512,288,BGR888p,,,,,
192.5161,detections,5710,197.813675,104.01,99.96,831.96,,,,4,1:0.83 1:0.74 1:0.69 1:0.46,,,
192.6225,frame,5714,197.946963,106.97,133.29,805.03,512,288,BGR888p,,,,,
192.6227,detections,5714,197.946963,106.64,133.29,805.25,,,,5,1:0.78 1:0.75 1:0.63 1:0.62 1:0.49,,,
192.6229,system,0,,930.35,,,,,,,,51.58,22.6,13.3
192.7246,frame,5717,198.046929,102.12,99.97,807.19,512,288,BGR888p,,,,,
192.7248,detections,5717,198.046929,102.12,99.97,807.41,,,,4,1:0.79 1:0.71 1:0.70 1:0.66,,,
192.8271,frame,5720,198.146902,102.53,99.97,809.77,512,288,BGR888p,,,,,
192.8275,detections,5720,198.146902,102.71,99.97,810.16,,,,5,1:0.83 1:0.82 1:0.81 1:0.61 1:0.55,,,
192.9311,frame,5723,198.246861,104.0,99.96,813.81,512,288,BGR888p,,,,,
192.9314,detections,5723,198.246861,103.81,99.96,813.99,,,,6,1:0.83 1:0.81 1:0.81 1:0.43 1:0.42 1:0.39,,,
193.0368,frame,5726,198.346827,105.66,99.97,819.48,512,288,BGR888p,,,,,
193.037,detections,5726,198.346827,105.66,99.97,819.7,,,,5,1:0.82 1:0.79 1:0.72 1:0.51 1:0.48,,,
193.1387,frame,5729,198.446792,101.89,99.96,821.41,512,288,BGR888p,,,,,
193.1394,detections,5729,198.446792,102.34,99.96,822.1,,,,5,1:0.83 1:0.77 1:0.76 1:0.57 1:0.44,,,
193.2415,frame,5732,198.54676,102.88,99.97,824.32,512,288,BGR888p,,,,,
193.2421,detections,5732,198.54676,102.73,99.97,824.89,,,,4,1:0.81 1:0.74 1:0.55 1:0.42,,,
193.3425,frame,5735,198.646724,100.95,99.96,825.3,512,288,BGR888p,,,,,
193.3427,detections,5735,198.646724,100.65,99.96,825.52,,,,4,1:0.81 1:0.79 1:0.76 1:0.60,,,
193.4457,frame,5738,198.74669,103.26,99.97,828.59,512,288,BGR888p,,,,,
193.446,detections,5738,198.74669,103.26,99.97,828.81,,,,5,1:0.78 1:0.76 1:0.74 1:0.71 1:0.54,,,
193.5514,frame,5741,198.846654,105.63,99.96,834.26,512,288,BGR888p,,,,,
193.5516,detections,5741,198.846654,105.63,99.96,834.48,,,,4,1:0.80 1:0.77 1:0.76 1:0.73,,,
193.6565,frame,5744,198.946619,105.16,99.96,839.46,512,288,BGR888p,,,,,
193.6568,detections,5744,198.946619,105.16,99.96,839.67,,,,4,1:0.82 1:0.81 1:0.70 1:0.61,,,
193.657,system,0,,1034.07,,,,,,,,51.41,22.5,13.4
193.7569,frame,5748,199.079907,100.39,133.29,806.56,512,288,BGR888p,,,,,
193.7572,detections,5748,199.079907,100.42,133.29,806.81,,,,4,1:0.83 1:0.82 1:0.69 1:0.69,,,
193.8586,frame,5751,199.179874,101.68,99.97,808.28,512,288,BGR888p,,,,,
193.859,detections,5751,199.179874,101.79,99.97,808.63,,,,4,1:0.82 1:0.80 1:0.73 1:0.69,,,
193.9615,frame,5754,199.279842,102.91,99.97,811.22,512,288,BGR888p,,,,,
193.9618,detections,5754,199.279842,102.78,99.97,811.43,,,,4,1:0.85 1:0.81 1:0.77 1:0.69,,,
194.0641,frame,5757,199.379806,102.57,99.96,813.85,512,288,BGR888p,,,,,
194.0644,detections,5757,199.379806,102.6,99.96,814.07,,,,4,1:0.82 1:0.81 1:0.79 1:0.65,,,
194.1668,frame,5760,199.479773,102.68,99.97,816.54,512,288,BGR888p,,,,,
194.167,detections,5760,199.479773,102.66,99.97,816.76,,,,4,1:0.83 1:0.82 1:0.77 1:0.74,,,
194.2724,frame,5763,199.579739,105.67,99.97,822.24,512,288,BGR888p,,,,,
194.2727,detections,5763,199.579739,105.67,99.97,822.46,,,,4,1:0.83 1:0.82 1:0.80 1:0.68,,,
194.3752,frame,5766,199.679702,102.73,99.96,825.02,512,288,BGR888p,,,,,
194.3754,detections,5766,199.679702,102.74,99.96,825.23,,,,4,1:0.83 1:0.79 1:0.78 1:0.46,,,
194.4759,frame,5769,199.779668,100.71,99.97,825.75,512,288,BGR888p,,,,,
194.4761,detections,5769,199.779668,100.71,99.97,826.0,,,,3,1:0.83 1:0.79 1:0.78,,,
194.5773,frame,5772,199.879632,101.4,99.96,829.5,512,288,BGR888p,,,,,
194.5775,detections,5772,199.879632,101.39,99.96,829.71,,,,4,1:0.81 1:0.78 1:0.76 1:0.41,,,
194.6806,frame,5775,199.979598,103.36,99.97,832.89,512,288,BGR888p,,,,,
194.6809,detections,5775,199.979598,103.36,99.97,833.1,,,,4,1:0.82 1:0.77 1:0.76 1:0.70,,,
194.6811,system,0,,1024.1,,,,,,,,51.69,21.3,12.8
194.7863,frame,5779,200.112886,105.66,133.29,805.26,512,288,BGR888p,,,,,
194.7865,detections,5779,200.112886,105.66,133.29,805.48,,,,4,1:0.83 1:0.79 1:0.74 1:0.61,,,
194.8906,frame,5782,200.212851,104.36,99.96,809.65,512,288,BGR888p,,,,,
194.891,detections,5782,200.212851,104.49,99.96,810.01,,,,4,1:0.83 1:0.78 1:0.75 1:0.70,,,
194.9907,frame,5785,200.312818,100.07,99.97,809.75,512,288,BGR888p,,,,,
194.991,detections,5785,200.312818,99.94,99.97,809.97,,,,4,1:0.81 1:0.79 1:0.70 1:0.65,,,
195.0928,frame,5788,200.412784,102.08,99.97,811.87,512,288,BGR888p,,,,,
195.093,detections,5788,200.412784,102.08,99.97,812.08,,,,4,1:0.80 1:0.79 1:0.72 1:0.57,,,
195.1956,frame,5791,200.512751,102.83,99.97,814.73,512,288,BGR888p,,,,,
195.1959,detections,5791,200.512751,102.83,99.97,814.95,,,,4,1:0.81 1:0.80 1:0.71 1:0.69,,,
195.2991,frame,5794,200.612715,103.5,99.96,818.3,512,288,BGR888p,,,,,
195.2994,detections,5794,200.612715,103.53,99.96,818.52,,,,3,1:0.84 1:0.77 1:0.74,,,
195.4025,frame,5797,200.712685,103.38,99.97,821.63,512,288,BGR888p,,,,,
195.4027,detections,5797,200.712685,103.24,99.97,821.75,,,,4,1:0.84 1:0.77 1:0.74 1:0.49,,,
195.5056,frame,5800,200.812647,103.07,99.96,824.78,512,288,BGR888p,,,,,
195.5064,detections,5800,200.812647,103.7,99.96,825.56,,,,4,1:0.84 1:0.77 1:0.74 1:0.37,,,
195.6095,frame,5803,200.912613,103.94,99.97,828.75,512,288,BGR888p,,,,,
195.6098,detections,5803,200.912613,103.41,99.97,828.97,,,,4,1:0.83 1:0.76 1:0.73 1:0.44,,,
195.7094,frame,5806,201.012577,99.87,99.96,828.66,512,288,BGR888p,,,,,
195.71,detections,5806,201.012577,100.21,99.96,829.25,,,,4,1:0.85 1:0.77 1:0.73 1:0.38,,,
195.7103,system,0,,1029.17,,,,,,,,51.47,21.9,13.3
195.8135,frame,5809,201.112542,104.13,99.96,832.83,512,288,BGR888p,,,,,
195.8138,detections,5809,201.112542,103.79,99.96,833.05,,,,4,1:0.83 1:0.76 1:0.75 1:0.38,,,
195.9194,frame,5812,201.212508,105.88,99.97,838.74,512,288,BGR888p,,,,,
195.9204,detections,5812,201.212508,106.67,99.97,839.79,,,,3,1:0.83 1:0.76 1:0.74,,,
196.0223,frame,5816,201.345795,102.94,133.29,808.4,512,288,BGR888p,,,,,
196.0226,detections,5816,201.345795,102.15,133.29,808.61,,,,4,1:0.79 1:0.76 1:0.71 1:0.50,,,
196.1241,frame,5819,201.445761,101.76,99.97,810.22,512,288,BGR888p,,,,,
196.1244,detections,5819,201.445761,101.79,99.97,810.43,,,,4,1:0.78 1:0.76 1:0.68 1:0.56,,,
196.2272,frame,5822,201.545727,103.15,99.97,813.37,512,288,BGR888p,,,,,
196.2275,detections,5822,201.545727,103.12,99.97,813.59,,,,4,1:0.83 1:0.79 1:0.74 1:0.42,,,
196.33,frame,5825,201.645693,102.71,99.97,816.12,512,288,BGR888p,,,,,
196.3302,detections,5825,201.645693,102.75,99.97,816.37,,,,4,1:0.82 1:0.75 1:0.72 1:0.46,,,
196.4322,frame,5828,201.74566,102.29,99.97,818.44,512,288,BGR888p,,,,,
196.4325,detections,5828,201.74566,102.26,99.97,818.65,,,,4,1:0.82 1:0.75 1:0.70 1:0.46,,,
196.5382,frame,5831,201.845627,106.0,99.97,824.48,512,288,BGR888p,,,,,
196.5389,detections,5831,201.845627,106.43,99.97,825.15,,,,4,1:0.83 1:0.73 1:0.72 1:0.58,,,
196.6394,frame,5834,201.945592,101.14,99.96,825.65,512,288,BGR888p,,,,,
196.64,detections,5834,201.945592,101.03,99.96,826.22,,,,4,1:0.85 1:0.75 1:0.70 1:0.69,,,
196.6403,system,0,,929.98,,,,,,,,51.08,22.0,13.3
196.7417,frame,5837,202.045556,102.31,99.96,828.0,512,288,BGR888p,,,,,
196.742,detections,5837,202.045556,102.01,99.96,828.24,,,,2,1:0.49 1:0.41,,,
196.841,frame,5840,202.14552,99.27,99.96,827.3,512,288,BGR888p,,,,,
196.8412,detections,5840,202.14552,99.27,99.96,827.54,,,,1,1:0.43,,,
196.944,frame,5843,202.245486,103.04,99.97,830.37,512,288,BGR888p,,,,,
196.9444,detections,5843,202.245486,103.17,99.97,830.76,,,,4,1:0.71 1:0.67 1:0.65 1:0.59,,,
197.0494,frame,5847,202.378774,105.4,133.29,802.48,512,288,BGR888p,,,,,
197.0497,detections,5847,202.378774,105.23,133.29,802.7,,,,4,1:0.76 1:0.74 1:0.70 1:0.61,,,
197.1535,frame,5850,202.47874,104.13,99.97,806.64,512,288,BGR888p,,,,,
197.1538,detections,5850,202.47874,104.13,99.97,806.85,,,,5,1:0.82 1:0.75 1:0.67 1:0.59 1:0.42,,,
197.2557,frame,5853,202.578706,102.2,99.97,808.88,512,288,BGR888p,,,,,
197.256,detections,5853,202.578706,102.21,99.97,809.1,,,,4,1:0.77 1:0.74 1:0.73 1:0.66,,,
197.3568,frame,5856,202.678672,101.03,99.97,809.89,512,288,BGR888p,,,,,
197.3569,detections,5856,202.678672,100.9,99.97,809.99,,,,4,1:0.76 1:0.75 1:0.72 1:0.68,,,
197.4607,frame,5859,202.778638,103.92,99.97,813.89,512,288,BGR888p,,,,,
197.4609,detections,5859,202.778638,104.05,99.97,814.11,,,,4,1:0.78 1:0.73 1:0.69 1:0.54,,,
197.5654,frame,5862,202.878606,104.71,99.97,818.63,512,288,BGR888p,,,,,
197.5656,detections,5862,202.878606,104.71,99.97,818.86,,,,4,1:0.78 1:0.78 1:0.73 1:0.64,,,
197.6698,frame,5865,202.978571,104.43,99.96,823.1,512,288,BGR888p,,,,,
197.6701,detections,5865,202.978571,104.42,99.96,823.31,,,,4,1:0.78 1:0.75 1:0.74 1:0.70,,,
197.6703,system,0,,1030.05,,,,,,,,51.41,21.2,12.8
197.772,frame,5868,203.078535,102.15,99.96,825.28,512,288,BGR888p,,,,,
197.7722,detections,5868,203.078535,102.18,99.96,825.53,,,,4,1:0.75 1:0.74 1:0.74 1:0.69,,,
197.874,frame,5871,203.178501,102.0,99.97,827.32,512,288,BGR888p,,,,,
197.8743,detections,5871,203.178501,102.0,99.97,827.57,,,,4,1:0.77 1:0.74 1:0.73 1:0.73,,,
197.974,frame,5874,203.278466,100.01,99.96,827.37,512,288,BGR888p,,,,,
197.9744,detections,5874,203.278466,100.17,99.96,827.79,,,,4,1:0.77 1:0.73 1:0.73 1:0.72,,,
198.0771,frame,5877,203.378432,103.16,99.97,830.59,512,288,BGR888p,,,,,
198.0774,detections,5877,203.378432,103.0,99.97,830.81,,,,4,1:0.80 1:0.78 1:0.76 1:0.72,,,
198.1819,frame,5880,203.478396,104.76,99.96,835.36,512,288,BGR888p,,,,,
198.1822,detections,5880,203.478396,104.77,99.96,835.61,,,,4,1:0.75 1:0.73 1:0.72 1:0.72,,,
198.2869,frame,5884,203.611684,104.97,133.29,807.04,512,288,BGR888p,,,,,
198.2871,detections,5884,203.611684,104.94,133.29,807.29,,,,4,1:0.76 1:0.74 1:0.72 1:0.70,,,
198.388,frame,5887,203.71165,101.1,99.97,808.18,512,288,BGR888p,,,,,
198.3883,detections,5887,203.71165,101.14,99.97,808.44,,,,5,1:0.76 1:0.74 1:0.74 1:0.73 1:0.38,,,
198.4901,frame,5890,203.811616,102.15,99.97,810.39,512,288,BGR888p,,,,,
198.4904,detections,5890,203.811616,102.14,99.97,810.61,,,,4,1:0.79 1:0.77 1:0.72 1:0.70,,,
198.5935,frame,5893,203.911582,103.4,99.97,813.8,512,288,BGR888p,,,,,
198.5938,detections,5893,203.911582,103.38,99.97,814.02,,,,5,1:0.78 1:0.77 1:0.71 1:0.71 1:0.36,,,
198.6969,frame,5896,204.011549,103.36,99.97,817.19,512,288,BGR888p,,,,,
198.6971,detections,5896,204.011549,103.36,99.97,817.44,,,,4,1:0.80 1:0.77 1:0.75 1:0.62,,,
198.6974,system,0,,1027.08,,,,,,,,51.91,21.3,12.8
198.801,frame,5899,204.111513,104.12,99.96,821.35,512,288,BGR888p,,,,,
198.8013,detections,5899,204.111513,104.15,99.96,821.6,,,,4,1:0.76 1:0.75 1:0.74 1:0.71,,,
198.9038,frame,5902,204.21148,102.8,99.97,824.18,512,288,BGR888p,,,,,
198.9041,detections,5902,204.21148,102.77,99.97,824.44,,,,4,1:0.78 1:0.73 1:0.73 1:0.69,,,
199.0065,frame,5905,204.311444,102.66,99.96,826.88,512,288,BGR888p,,,,,
199.0069,detections,5905,204.311444,102.79,99.96,827.24,,,,4,1:0.83 1:0.81 1:0.74 1:0.64,,,
199.1062,frame,5908,204.411411,99.74,99.97,826.62,512,288,BGR888p,,,,,
199.1064,detections,5908,204.411411,99.52,99.97,826.76,,,,4,1:0.81 1:0.80 1:0.71 1:0.44,,,
199.2094,frame,5911,204.511374,103.22,99.96,829.91,512,288,BGR888p,,,,,
199.2097,detections,5911,204.511374,103.31,99.96,830.13,,,,4,1:0.84 1:0.71 1:0.68 1:0.41,,,
199.3151,frame,5914,204.61134,105.7,99.97,835.68,512,288,BGR888p,,,,,
199.3154,detections,5914,204.61134,105.73,99.97,835.9,,,,4,1:0.82 1:0.77 1:0.76 1:0.66,,,
199.4204,frame,5918,204.744628,105.3,133.29,807.66,512,288,BGR888p,,,,,
199.4207,detections,5918,204.744628,105.27,133.29,807.88,,,,4,1:0.80 1:0.74 1:0.71 1:0.55,,,
199.5214,frame,5921,204.844594,100.95,99.97,808.65,512,288,BGR888p,,,,,
199.5216,detections,5921,204.844594,100.94,99.97,808.86,,,,2,1:0.67 1:0.62,,,
199.6256,frame,5924,204.944562,104.22,99.97,812.83,512,288,BGR888p,,,,,
199.6257,detections,5924,204.944562,104.08,99.97,812.93,,,,3,1:0.66 1:0.57 1:0.39,,,
199.6258,system,0,,928.42,,,,,,,,51.47,22.3,13.1
199.7286,frame,5927,205.044526,103.05,99.96,815.98,512,288,BGR888p,,,,,
199.7289,detections,5927,205.044526,103.19,99.96,816.2,,,,3,1:0.78 1:0.55 1:0.52,,,
199.8336,frame,5930,205.144492,104.92,99.97,820.93,512,288,BGR888p,,,,,
199.8338,detections,5930,205.144492,104.91,99.97,821.15,,,,4,1:0.69 1:0.67 1:0.67 1:0.52,,,
199.9365,frame,5933,205.244459,102.96,99.97,823.93,512,288,BGR888p,,,,,
199.9368,detections,5933,205.244459,102.97,99.97,824.14,,,,5,1:0.79 1:0.73 1:0.70 2:0.66 1:0.46,,,
200.0388,frame,5936,205.344423,102.24,99.96,826.2,512,288,BGR888p,,,,,
200.0392,detections,5936,205.344423,102.41,99.96,826.62,,,,4,1:0.73 1:0.73 2:0.44 1:0.37,,,
200.1397,frame,5939,205.444389,100.89,99.97,827.13,512,288,BGR888p,,,,,
200.1399,detections,5939,205.444389,100.72,99.97,827.35,,,,3,1:0.77 1:0.73 1:0.41,,,
200.2417,frame,5942,205.544353,102.06,99.96,829.22,512,288,BGR888p,,,,,
200.242,detections,5942,205.544353,102.05,99.96,829.44,,,,6,1:0.77 1:0.74 1:0.63 2:0.56 1:0.56 1:0.46,,,
200.3458,frame,5945,205.644319,104.09,99.97,833.35,512,288,BGR888p,,,,,
200.3461,detections,5945,205.644319,104.11,99.97,833.64,,,,3,1:0.82 2:0.58 1:0.38,,,
200.4498,frame,5949,205.777606,103.99,133.29,804.04,512,288,BGR888p,,,,,
200.4504,detections,5949,205.777606,104.31,133.29,804.64,,,,3,1:0.83 1:0.80 1:0.77,,,
200.5537,frame,5952,205.877572,103.95,99.97,808.03,512,288,BGR888p,,,,,
200.554,detections,5952,205.877572,103.62,99.97,808.27,,,,2,1:0.77 1:0.72,,,
200.6553,frame,5955,205.977538,101.6,99.97,809.65,512,288,BGR888p,,,,,
200.6556,detections,5955,205.977538,101.55,99.97,809.83,,,,5,1:0.84 1:0.75 1:0.73 1:0.55 1:0.44,,,
200.6558,system,0,,1029.96,,,,,,,,51.52,22.6,13.1
200.7586,frame,5958,206.077504,103.28,99.97,812.98,512,288,BGR888p,,,,,
200.7589,detections,5958,206.077504,103.33,99.97,813.22,,,,3,1:0.86 1:0.74 1:0.68,,,
200.8618,frame,5961,206.177471,103.18,99.97,816.19,512,288,BGR888p,,,,,
200.8621,detections,5961,206.177471,103.16,99.97,816.4,,,,3,1:0.83 1:0.76 1:0.62,,,
200.9662,frame,5964,206.277445,104.43,99.97,820.64,512,288,BGR888p,,,,,
200.9665,detections,5964,206.277445,104.43,99.97,820.86,,,,4,1:0.83 1:0.76 1:0.48 1:0.39,,,
201.0682,frame,5967,206.377402,101.99,99.96,822.68,512,288,BGR888p,,,,,
201.0689,detections,5967,206.377402,102.41,99.96,823.4,,,,4,1:0.83 1:0.77 1:0.77 1:0.37,,,
201.1701,frame,5970,206.477372,101.89,99.97,824.63,512,288,BGR888p,,,,,
201.1712,detections,5970,206.477372,102.28,99.97,825.68,,,,3,1:0.79 1:0.65 1:0.63,,,
201.2733,frame,5973,206.577333,103.19,99.96,827.82,512,288,BGR888p,,,,,
201.2735,detections,5973,206.577333,102.37,99.96,828.03,,,,4,1:0.79 1:0.77 1:0.74 1:0.72,,,
201.3726,frame,5976,206.677297,99.26,99.96,827.12,512,288,BGR888p,,,,,
201.3728,detections,5976,206.677297,99.26,99.96,827.33,,,,5,1:0.72 1:0.69 1:0.66 2:0.61 1:0.40,,,
201.477,frame,5979,206.777263,104.49,99.97,831.68,512,288,BGR888p,,,,,
201.4773,detections,5979,206.777263,104.53,99.97,831.9,,,,4,1:0.76 1:0.59 1:0.55 2:0.51,,,
201.5819,frame,5983,206.910554,104.87,133.29,803.22,512,288,BGR888p,,,,,
201.5826,detections,5983,206.910554,105.27,133.29,803.9,,,,5,1:0.77 1:0.58 2:0.56 1:0.54 1:0.40,,,
201.6862,frame,5986,207.010516,104.28,99.96,807.54,512,288,BGR888p,,,,,
201.6865,detections,5986,207.010516,103.85,99.96,807.76,,,,5,1:0.76 1:0.71 1:0.70 2:0.58 0:0.36,,,
201.6867,system,0,,1030.93,,,,,,,,51.36,21.2,12.5
201.7889,frame,5989,207.110483,102.69,99.97,810.28,512,288,BGR888p,,,,,
201.7892,detections,5989,207.110483,102.74,99.97,810.53,,,,5,1:0.72 1:0.57 2:0.56 1:0.45 1:0.44,,,
201.8925,frame,5992,207.210448,103.57,99.97,813.87,512,288,BGR888p,,,,,
201.8927,detections,5992,207.210448,103.52,99.97,814.09,,,,5,1:0.78 1:0.67 1:0.62 2:0.56 1:0.49,,,
201.9945,frame,5995,207.310416,102.06,99.97,817.39,512,288,BGR888p,,,,,
201.9948,detections,5995,207.310416,102.06,99.97,817.61,,,,5,1:0.77 1:0.57 2:0.53 1:0.53 1:0.50,,,
202.0964,frame,5998,207.410385,101.83,99.97,819.25,512,288,BGR888p,,,,,
202.0967,detections,5998,207.410385,101.97,99.97,819.61,,,,5,1:0.76 1:0.75 1:0.71 1:0.56 2:0.52,,,
202.2015,frame,6001,207.510347,105.2,99.96,824.49,512,288,BGR888p,,,,,
202.2022,detections,6001,207.510347,105.45,99.96,825.13,,,,5,1:0.78 1:0.59 1:0.54 2:0.53 1:0.46,,,
202.3057,frame,6004,207.610312,104.15,99.96,828.68,512,288,BGR888p,,,,,
202.306,detections,6004,207.610312,103.77,99.96,828.89,,,,5,1:0.75 1:0.73 1:0.71 2:0.58 1:0.50,,,
202.4051,frame,6007,207.710278,99.38,99.97,828.06,512,288,BGR888p,,,,,
202.4053,detections,6007,207.710278,99.3,99.97,828.19,,,,5,1:0.76 1:0.74 1:0.64 1:0.47 2:0.46,,,
202.5095,frame,6010,207.810241,104.43,99.96,832.55,512,288,BGR888p,,,,,
202.5098,detections,6010,207.810241,104.51,99.96,832.77,,,,5,1:0.75 1:0.71 1:0.57 2:0.49 1:0.46,,,
202.6136,frame,6013,207.910207,104.09,99.97,836.68,512,288,BGR888p,,,,,
202.6148,detections,6013,207.910207,105.03,99.97,837.86,,,,6,1:0.78 1:0.72 2:0.52 1:0.48 1:0.41 1:0.35,,,
202.7185,frame,6017,208.043498,104.86,133.29,808.25,512,288,BGR888p,,,,,
202.7187,detections,6017,208.043498,103.92,133.29,808.47,,,,4,1:0.81 1:0.72 2:0.52 1:0.45,,,
202.7189,system,0,,1032.24,,,,,,,,51.96,21.8,13.4
202.8195,frame,6020,208.143461,101.06,99.96,809.35,512,288,BGR888p,,,,,
202.8198,detections,6020,208.143461,101.06,99.96,809.56,,,,5,1:0.80 1:0.73 1:0.55 2:0.53 1:0.47,,,
202.9219,frame,6023,208.243427,102.35,99.97,811.72,512,288,BGR888p,,,,,
202.9221,detections,6023,208.243427,102.34,99.97,811.97,,,,5,1:0.78 1:0.75 1:0.58 2:0.54 1:0.37,,,
203.0255,frame,6026,208.343392,103.61,99.96,815.37,512,288,BGR888p,,,,,
203.0257,detections,6026,208.343392,103.61,99.96,815.59,,,,5,1:0.74 1:0.69 2:0.57 1:0.39 1:0.38,,,
203.1288,frame,6029,208.443359,103.28,99.97,818.68,512,288,BGR888p,,,,,
203.1292,detections,6029,208.443359,103.46,99.97,819.1,,,,5,1:0.75 1:0.72 1:0.70 2:0.62 1:0.37,,,
203.2338,frame,6032,208.543326,105.06,99.97,823.77,512,288,BGR888p,,,,,
203.2341,detections,6032,208.543326,104.88,99.97,823.99,,,,5,1:0.73 1:0.69 2:0.61 1:0.57 1:0.48,,,
203.3363,frame,6035,208.64329,102.48,99.96,826.28,512,288,BGR888p,,,,,
203.3365,detections,6035,208.64329,102.48,99.96,826.5,,,,5,1:0.79 1:0.73 1:0.67 2:0.64 1:0.38,,,
203.4384,frame,6038,208.743256,102.12,99.97,828.44,512,288,BGR888p,,,,,
203.4387,detections,6038,208.743256,102.12,99.97,828.65,,,,4,1:0.75 1:0.74 1:0.68 2:0.64,,,
203.5382,frame,6041,208.843222,99.79,99.97,828.26,512,288,BGR888p,,,,,
203.5385,detections,6041,208.843222,99.79,99.97,828.48,,,,4,1:0.75 1:0.70 2:0.64 1:0.62,,,
203.6447,frame,6044,208.943185,106.5,99.96,834.79,512,288,BGR888p,,,,,
203.6463,detections,6044,208.943185,107.8,99.96,836.38,,,,4,1:0.76 1:0.71 1:0.67 2:0.62,,,
203.6466,system,0,,927.62,,,,,,,,51.69,22.0,13.1
203.7491,frame,6047,209.043151,104.43,99.97,839.28,512,288,BGR888p,,,,,
203.7502,detections,6047,209.043151,103.92,99.97,840.31,,,,4,1:0.76 1:0.73 1:0.71 1:0.60,,,
203.8532,frame,6051,209.176439,104.07,133.29,810.04,512,288,BGR888p,,,,,
203.8535,detections,6051,209.176439,103.28,133.29,810.26,,,,3,1:0.78 1:0.74 1:0.57,,,
203.9539,frame,6054,209.276409,100.66,99.97,810.73,512,288,BGR888p,,,,,
203.9541,detections,6054,209.276409,100.66,99.97,810.98,,,,3,1:0.78 1:0.75 1:0.63,,,
204.0567,frame,6057,209.376373,102.84,99.96,813.6,512,288,BGR888p,,,,,
204.0569,detections,6057,209.376373,102.83,99.96,813.82,,,,4,1:0.74 1:0.67 1:0.59 1:0.51,,,
204.1598,frame,6060,209.476337,103.11,99.96,816.75,512,288,BGR888p,,,,,
204.1602,detections,6060,209.476337,103.27,99.96,817.14,,,,1,1:0.56,,,
204.2617,frame,6063,209.576304,101.91,99.97,818.7,512,288,BGR888p,,,,,
204.262,detections,6063,209.576304,101.76,99.97,818.92,,,,2,1:0.69 1:0.68,,,
204.3666,frame,6066,209.67627,104.87,99.97,823.6,512,288,BGR888p,,,,,
204.367,detections,6066,209.67627,105.07,99.97,824.05,,,,2,1:0.80 1:0.70,,,
204.4701,frame,6069,209.776236,103.47,99.97,827.14,512,288,BGR888p,,,,,
204.4704,detections,6069,209.776236,103.32,99.97,827.37,,,,3,1:0.80 1:0.71 1:0.56,,,
204.5706,frame,6072,209.876205,100.58,99.97,827.72,512,288,BGR888p,,,,,
204.5709,detections,6072,209.876205,100.54,99.97,827.93,,,,2,1:0.73 1:0.69,,,
204.6742,frame,6075,209.976164,103.59,99.96,831.35,512,288,BGR888p,,,,,
204.6745,detections,6075,209.976164,103.59,99.96,831.57,,,,2,1:0.71 1:0.71,,,
204.6747,system,0,,1028.13,,,,,,,,51.74,21.4,12.7
204.779,frame,6078,210.07613,104.75,99.97,836.12,512,288,BGR888p,,,,,
204.7792,detections,6078,210.07613,104.74,99.97,836.33,,,,3,1:0.71 1:0.69 1:0.43,,,
204.8836,frame,6082,210.209421,104.66,133.29,807.51,512,288,BGR888p,,,,,
204.8839,detections,6082,210.209421,104.67,133.29,807.72,,,,4,1:0.80 1:0.53 0:0.53 1:0.52,,,
204.9849,frame,6085,210.309383,101.22,99.96,808.78,512,288,BGR888p,,,,,
204.9851,detections,6085,210.309383,101.24,99.96,809.03,,,,3,1:0.83 1:0.60 1:0.58,,,
205.0873,frame,6088,210.409352,102.49,99.97,811.29,512,288,BGR888p,,,,,
205.0878,detections,6088,210.409352,102.67,99.97,811.73,,,,2,1:0.79 1:0.65,,,
205.1898,frame,6091,210.509318,102.5,99.97,813.81,512,288,BGR888p,,,,,
205.1904,detections,6091,210.509318,102.64,99.97,814.45,,,,2,1:0.78 1:0.68,,,
205.2928,frame,6094,210.609282,102.95,99.96,816.8,512,288,BGR888p,,,,,
205.2931,detections,6094,210.609282,102.61,99.96,817.02,,,,2,1:0.77 1:0.64,,,
205.3952,frame,6097,210.709248,102.42,99.97,819.26,512,288,BGR888p,,,,,
205.3955,detections,6097,210.709248,102.43,99.97,819.48,,,,2,1:0.77 1:0.67,,,
205.4996,frame,6100,210.809212,104.41,99.96,823.71,512,288,BGR888p,,,,,
205.5009,detections,6100,210.809212,105.44,99.96,825.01,,,,2,1:0.76 1:0.67,,,
205.6045,frame,6103,210.909178,104.89,99.97,828.63,512,288,BGR888p,,,,,
205.6048,detections,6103,210.909178,103.85,99.97,828.84,,,,2,1:0.74 1:0.68,,,
205.7047,frame,6106,211.009145,100.13,99.97,828.79,512,288,BGR888p,,,,,
205.7049,detections,6106,211.009145,100.13,99.97,829.01,,,,0,,,,
205.7051,system,0,,1030.39,,,,,,,,51.74,21.4,12.7
205.8079,frame,6109,211.109108,103.3,99.96,832.12,512,288,BGR888p,,,,,
205.8082,detections,6109,211.109108,103.33,99.96,832.38,,,,1,1:0.77,,,
205.9138,frame,6112,211.209074,105.85,99.97,838.0,512,288,BGR888p,,,,,
205.914,detections,6112,211.209074,105.81,99.97,838.22,,,,2,1:0.79 2:0.40,,,
206.0171,frame,6116,211.342361,103.26,133.29,808.0,512,288,BGR888p,,,,,
206.0173,detections,6116,211.342361,103.29,133.29,808.23,,,,2,1:0.79 2:0.50,,,
206.1179,frame,6119,211.442328,100.88,99.97,808.9,512,288,BGR888p,,,,,
206.1182,detections,6119,211.442328,100.88,99.97,809.14,,,,2,1:0.79 2:0.37,,,
206.2199,frame,6122,211.542293,101.94,99.96,810.87,512,288,BGR888p,,,,,
206.2203,detections,6122,211.542293,102.11,99.96,811.34,,,,3,1:0.82 2:0.50 0:0.50,,,
206.3227,frame,6125,211.642259,102.82,99.97,813.71,512,288,BGR888p,,,,,
206.3229,detections,6125,211.642259,102.59,99.97,813.9,,,,3,1:0.80 2:0.46 0:0.39,,,
206.4261,frame,6128,211.742226,103.37,99.97,817.15,512,288,BGR888p,,,,,
206.4263,detections,6128,211.742226,103.42,99.97,817.37,,,,2,1:0.80 2:0.35,,,
206.5306,frame,6131,211.842193,104.58,99.97,821.74,512,288,BGR888p,,,,,
206.5309,detections,6131,211.842193,104.55,99.97,821.96,,,,0,,,,
206.6328,frame,6134,211.942156,102.15,99.96,823.93,512,288,BGR888p,,,,,
206.6337,detections,6134,211.942156,102.81,99.96,824.83,,,,0,,,,
206.6339,system,0,,928.84,,,,,,,,51.69,21.9,13.0
206.7341,frame,6137,212.042123,101.3,99.97,825.29,512,288,BGR888p,,,,,
206.7353,detections,6137,212.042123,101.62,99.97,826.51,,,,0,,,,
206.8367,frame,6140,212.142089,102.61,99.97,827.91,512,288,BGR888p,,,,,
206.837,detections,6140,212.142089,101.65,99.97,828.14,,,,0,,,,
206.9365,frame,6143,212.242052,99.81,99.96,827.76,512,288,BGR888p,,,,,
206.9368,detections,6143,212.242052,99.81,99.96,827.98,,,,2,2:0.57 0:0.47,,,
207.0397,frame,6146,212.342018,103.22,99.97,831.0,512,288,BGR888p,,,,,
207.04,detections,6146,212.342018,103.18,99.97,831.19,,,,2,0:0.59 2:0.48,,,
207.1455,frame,6150,212.475305,105.72,133.29,803.44,512,288,BGR888p,,,,,
207.1457,detections,6150,212.475305,105.74,133.29,803.66,,,,2,2:0.38 0:0.35,,,
207.2485,frame,6153,212.575272,103.07,99.97,806.55,512,288,BGR888p,,,,,
207.2489,detections,6153,212.575272,103.21,99.97,806.91,,,,0,,,,
207.3504,frame,6156,212.675238,101.86,99.97,808.44,512,288,BGR888p,,,,,
207.3507,detections,6156,212.675238,101.74,99.97,808.67,,,,2,0:0.65 2:0.45,,,
207.4522,frame,6159,212.775208,101.85,99.97,810.33,512,288,BGR888p,,,,,
207.4525,detections,6159,212.775208,101.85,99.97,810.54,,,,0,,,,
207.5551,frame,6162,212.87517,102.81,99.96,813.21,512,288,BGR888p,,,,,
207.5554,detections,6162,212.87517,102.86,99.96,813.44,,,,0,,,,
207.6579,frame,6165,212.975137,102.81,99.97,816.02,512,288,BGR888p,,,,,
207.6581,detections,6165,212.975137,102.77,99.97,816.28,,,,1,0:0.61,,,
207.6584,system,0,,1024.44,,,,,,,,51.63,22.2,12.9
207.7609,frame,6168,213.075102,103.04,99.96,819.1,512,288,BGR888p,,,,,
207.7637,detections,6168,213.075102,105.58,99.96,821.92,,,,0,,,,
207.8644,frame,6171,213.17507,103.47,99.97,822.6,512,288,BGR888p,,,,,
207.8648,detections,6171,213.17507,101.13,99.97,823.05,,,,0,,,,
207.9673,frame,6174,213.275035,102.91,99.96,825.55,512,288,BGR888p,,,,,
207.9676,detections,6174,213.275035,102.71,99.96,825.77,,,,0,,,,
208.07,frame,6177,213.374999,102.72,99.96,828.3,512,288,BGR888p,,,,,
208.0703,detections,6177,213.374999,102.76,99.96,828.56,,,,0,,,,
208.1698,frame,6180,213.474962,99.75,99.96,828.09,512,288,BGR888p,,,,,
208.1701,detections,6180,213.474962,99.74,99.96,828.34,,,,1,2:0.42,,,
208.274,frame,6183,213.574927,104.19,99.96,832.32,512,288,BGR888p,,,,,
208.2744,detections,6183,213.574927,104.36,99.96,832.76,,,,0,,,,
208.3783,frame,6187,213.708215,104.38,133.29,803.41,512,288,BGR888p,,,,,
208.3786,detections,6187,213.708215,104.18,133.29,803.63,,,,0,,,,
208.4823,frame,6190,213.808181,103.98,99.97,807.43,512,288,BGR888p,,,,,
208.4826,detections,6190,213.808181,103.99,99.97,807.65,,,,1,2:0.43,,,
208.583,frame,6193,213.908148,100.73,99.97,808.24,512,288,BGR888p,,,,,
208.5834,detections,6193,213.908148,100.79,99.97,808.48,,,,0,,,,
208.6861,frame,6196,214.008121,103.09,99.97,811.34,512,288,BGR888p,,,,,
208.6864,detections,6196,214.008121,103.07,99.97,811.56,,,,0,,,,
208.6866,system,0,,1028.25,,,,,,,,51.91,21.4,12.2
208.7893,frame,6199,214.108079,103.11,99.96,814.46,512,288,BGR888p,,,,,
208.7895,detections,6199,214.108079,103.08,99.96,814.69,,,,0,,,,
208.8906,frame,6202,214.208047,101.4,99.97,815.89,512,288,BGR888p,,,,,
208.8909,detections,6202,214.208047,101.39,99.97,816.11,,,,0,,,,
208.9929,frame,6205,214.308013,102.29,99.97,818.22,512,288,BGR888p,,,,,
208.9932,detections,6205,214.308013,102.32,99.97,818.47,,,,0,,,,
209.0977,frame,6208,214.407977,104.79,99.96,823.04,512,288,BGR888p,,,,,
209.0988,detections,6208,214.407977,105.52,99.96,824.07,,,,0,,,,
209.2001,frame,6211,214.507942,102.34,99.97,825.45,512,288,BGR888p,,,,,
209.2004,detections,6211,214.507942,101.61,99.97,825.68,,,,0,,,,
209.3019,frame,6214,214.607909,101.82,99.97,827.93,512,288,BGR888p,,,,,
209.3023,detections,6214,214.607909,101.95,99.97,828.36,,,,0,,,,
209.4018,frame,6217,214.707872,99.88,99.96,827.85,512,288,BGR888p,,,,,
209.402,detections,6217,214.707872,99.72,99.96,828.08,,,,0,,,,
209.5048,frame,6220,214.807838,103.06,99.97,830.94,512,288,BGR888p,,,,,
209.5051,detections,6220,214.807838,103.05,99.97,831.19,,,,0,,,,
209.6079,frame,6224,214.941125,103.06,133.29,800.71,512,288,BGR888p,,,,,
209.6099,detections,6224,214.941125,104.86,133.29,802.79,,,,0,,,,
209.7123,frame,6227,215.041091,104.42,99.97,805.18,512,288,BGR888p,,,,,
209.7126,detections,6227,215.041091,102.65,99.97,805.42,,,,0,,,,
209.7128,system,0,,1026.18,,,,,,,,51.74,22.0,12.8
209.8159,frame,6230,215.141057,103.6,99.97,808.8,512,288,BGR888p,,,,,
209.8162,detections,6230,215.141057,103.6,99.97,809.06,,,,0,,,,
209.9162,frame,6233,215.241023,100.28,99.97,809.11,512,288,BGR888p,,,,,
209.9165,detections,6233,215.241023,100.25,99.97,809.34,,,,0,,,,
210.0194,frame,6236,215.340988,103.19,99.96,812.34,512,288,BGR888p,,,,,
210.0196,detections,6236,215.340988,103.19,99.96,812.56,,,,0,,,,
210.1213,frame,6239,215.440957,101.88,99.97,814.26,512,288,BGR888p,,,,,
210.1215,detections,6239,215.440957,101.89,99.97,814.49,,,,0,,,,
210.224,frame,6242,215.540922,102.69,99.96,816.97,512,288,BGR888p,,,,,
210.2242,detections,6242,215.540922,102.71,99.96,817.23,,,,2,0:0.50 2:0.48,,,
210.329,frame,6245,215.640886,105.05,99.96,822.05,512,288,BGR888p,,,,,
210.3294,detections,6245,215.640886,105.18,99.96,822.46,,,,0,,,,
210.43,frame,6248,215.740852,100.98,99.97,823.07,512,288,BGR888p,,,,,
210.4311,detections,6248,215.740852,101.64,99.97,824.22,,,,0,,,,
210.5334,frame,6251,215.840818,103.46,99.97,826.56,512,288,BGR888p,,,,,
210.5337,detections,6251,215.840818,102.62,99.97,826.78,,,,0,,,,
210.6356,frame,6254,215.940784,102.22,99.97,828.76,512,288,BGR888p,,,,,
210.6358,detections,6254,215.940784,102.09,99.97,828.87,,,,0,,,,
210.736,frame,6257,216.040747,100.37,99.96,829.22,512,288,BGR888p,,,,,
210.7363,detections,6257,216.040747,100.54,99.96,829.48,,,,0,,,,
210.7365,system,0,,1023.7,,,,,,,,51.58,21.6,12.7
210.8385,frame,6260,216.140713,102.49,99.97,831.74,512,288,BGR888p,,,,,
210.8388,detections,6260,216.140713,102.44,99.97,831.96,,,,0,,,,
210.9441,frame,6264,216.274001,105.6,133.29,804.09,512,288,BGR888p,,,,,
210.9444,detections,6264,216.274001,105.64,133.29,804.32,,,,0,,,,
211.0474,frame,6267,216.373966,103.28,99.96,807.37,512,288,BGR888p,,,,,
211.0477,detections,6267,216.373966,103.24,99.96,807.59,,,,0,,,,
211.1494,frame,6270,216.473933,101.97,99.97,809.38,512,288,BGR888p,,,,,
211.1496,detections,6270,216.473933,101.97,99.97,809.6,,,,0,,,,
211.2505,frame,6273,216.573899,101.14,99.97,810.55,512,288,BGR888p,,,,,
211.2508,detections,6273,216.573899,101.14,99.97,810.77,,,,1,2:0.58,,,
211.3539,frame,6276,216.673864,103.42,99.96,814.0,512,288,BGR888p,,,,,
211.3544,detections,6276,216.673864,103.62,99.96,814.48,,,,2,2:0.69 2:0.51,,,
211.4558,frame,6279,216.773833,101.92,99.97,815.91,512,288,BGR888p,,,,,
211.456,detections,6279,216.773833,101.61,99.97,816.03,,,,2,2:0.68 2:0.53,,,
211.5594,frame,6282,216.873798,103.57,99.96,819.55,512,288,BGR888p,,,,,
211.5618,detections,6282,216.873798,105.78,99.96,821.95,,,,2,2:0.67 2:0.35,,,
211.6646,frame,6285,216.973762,105.18,99.96,824.77,512,288,BGR888p,,,,,
211.6648,detections,6285,216.973762,103.06,99.96,824.98,,,,0,,,,
211.665,system,0,,928.51,,,,,,,,51.63,21.6,13.0
211.7667,frame,6288,217.073729,102.13,99.97,826.93,512,288,BGR888p,,,,,
211.7674,detections,6288,217.073729,102.52,99.97,827.57,,,,0,,,,
211.8678,frame,6291,217.173693,101.04,99.96,828.01,512,288,BGR888p,,,,,
211.868,detections,6291,217.173693,100.67,99.96,828.24,,,,0,,,,
211.97,frame,6294,217.273657,102.22,99.96,830.26,512,288,BGR888p,,,,,
211.9703,detections,6294,217.273657,102.25,99.96,830.52,,,,0,,,,
212.0736,frame,6297,217.373623,103.63,99.97,833.94,512,288,BGR888p,,,,,
212.0739,detections,6297,217.373623,103.61,99.97,834.17,,,,0,,,,
212.1798,frame,6301,217.50691,106.18,133.29,806.82,512,288,BGR888p,,,,,
212.18,detections,6301,217.50691,106.16,133.29,807.04,,,,0,,,,
212.282,frame,6304,217.606876,102.17,99.97,809.02,512,288,BGR888p,,,,,
212.2822,detections,6304,217.606876,102.2,99.97,809.27,,,,0,,,,
212.3827,frame,6307,217.706843,100.78,99.97,809.83,512,288,BGR888p,,,,,
212.3831,detections,6307,217.706843,100.88,99.97,810.23,,,,0,,,,
212.4866,frame,6310,217.806813,103.85,99.97,813.71,512,288,BGR888p,,,,,
212.4868,detections,6310,217.806813,103.71,99.97,813.93,,,,0,,,,
212.5885,frame,6313,217.906775,101.96,99.96,815.71,512,288,BGR888p,,,,,
212.5888,detections,6313,217.906775,101.96,99.96,815.93,,,,0,,,,
212.6917,frame,6316,218.006743,103.16,99.97,818.87,512,288,BGR888p,,,,,
212.6919,detections,6316,218.006743,103.08,99.97,819.02,,,,0,,,,
212.692,system,0,,1026.99,,,,,,,,52.02,20.7,12.2
212.7951,frame,6319,218.106706,103.41,99.96,822.37,512,288,BGR888p,,,,,
212.7956,detections,6319,218.106706,103.77,99.96,822.88,,,,0,,,,
212.8983,frame,6322,218.206672,103.18,99.97,825.55,512,288,BGR888p,,,,,
212.8985,detections,6322,218.206672,102.89,99.97,825.78,,,,0,,,,
213.0002,frame,6325,218.306637,101.94,99.96,827.53,512,288,BGR888p,,,,,
213.0005,detections,6325,218.306637,101.94,99.96,827.75,,,,0,,,,
213.1009,frame,6328,218.406601,100.65,99.96,828.21,512,288,BGR888p,,,,,
213.1011,detections,6328,218.406601,100.65,99.96,828.47,,,,0,,,,
213.2027,frame,6331,218.506567,101.81,99.97,830.06,512,288,BGR888p,,,,,
213.2029,detections,6331,218.506567,101.82,99.97,830.29,,,,0,,,,
213.3085,frame,6335,218.639855,105.83,133.29,802.61,512,288,BGR888p,,,,,
213.3088,detections,6335,218.639855,105.83,133.29,802.83,,,,0,,,,
213.4127,frame,6338,218.739821,104.18,99.97,806.83,512,288,BGR888p,,,,,
213.4131,detections,6338,218.739821,104.32,99.97,807.25,,,,0,,,,
213.5147,frame,6341,218.839792,102.01,99.97,808.86,512,288,BGR888p,,,,,
213.515,detections,6341,218.839792,101.87,99.97,809.09,,,,0,,,,
213.6166,frame,6344,218.939752,101.88,99.96,810.78,512,288,BGR888p,,,,,
213.6168,detections,6344,218.939752,101.88,99.96,811.0,,,,0,,,,
213.7196,frame,6347,219.039718,103.04,99.97,813.85,512,288,BGR888p,,,,,
213.7199,detections,6347,219.039718,103.04,99.97,814.07,,,,0,,,,
213.72,system,0,,1028.06,,,,,,,,52.07,21.5,12.9
213.8224,frame,6350,219.139684,102.74,99.97,816.62,512,288,BGR888p,,,,,
213.8226,detections,6350,219.139684,102.74,99.97,816.85,,,,0,,,,
213.9276,frame,6353,219.23965,105.28,99.97,821.94,512,288,BGR888p,,,,,
213.9279,detections,6353,219.23965,105.28,99.97,822.16,,,,0,,,,
214.0303,frame,6356,219.339618,102.69,99.97,824.66,512,288,BGR888p,,,,,
214.0306,detections,6356,219.339618,102.69,99.97,824.88,,,,0,,,,
214.1316,frame,6359,219.439581,101.25,99.96,825.95,512,288,BGR888p,,,,,
214.1322,detections,6359,219.439581,101.66,99.96,826.61,,,,0,,,,
214.2336,frame,6362,219.539548,102.01,99.97,827.98,512,288,BGR888p,,,,,
214.2338,detections,6362,219.539548,101.58,99.97,828.18,,,,0,,,,
214.3374,frame,6365,219.639511,103.85,99.96,831.88,512,288,BGR888p,,,,,
214.3379,detections,6365,219.639511,104.1,99.96,832.35,,,,0,,,,
214.4421,frame,6368,219.739477,104.68,99.97,836.62,512,288,BGR888p,,,,,
214.4426,detections,6368,219.739477,104.66,99.97,837.04,,,,0,,,,
214.5472,frame,6372,219.872764,105.12,133.29,808.42,512,288,BGR888p,,,,,
214.5475,detections,6372,219.872764,104.92,133.29,808.65,,,,0,,,,
214.6495,frame,6375,219.97273,102.22,99.97,810.67,512,288,BGR888p,,,,,
214.6497,detections,6375,219.97273,102.21,99.97,810.89,,,,0,,,,
214.6499,system,0,,929.83,,,,,,,,51.8,22.2,12.8
214.7526,frame,6378,220.072696,103.1,99.97,813.81,512,288,BGR888p,,,,,
214.7528,detections,6378,220.072696,103.1,99.97,814.03,,,,0,,,,
214.8544,frame,6381,220.172671,101.85,99.98,815.68,512,288,BGR888p,,,,,
214.8547,detections,6381,220.172671,101.85,99.98,815.91,,,,0,,,,
214.958,frame,6384,220.272628,103.62,99.96,819.38,512,288,BGR888p,,,,,
214.9583,detections,6384,220.272628,103.67,99.96,819.63,,,,0,,,,
215.0625,frame,6387,220.372595,104.51,99.97,823.89,512,288,BGR888p,,,,,
215.0628,detections,6387,220.372595,104.46,99.97,824.11,,,,0,,,,
215.164,frame,6390,220.47256,101.5,99.96,825.47,512,288,BGR888p,,,,,
215.1651,detections,6390,220.47256,102.28,99.96,826.51,,,,0,,,,
215.267,frame,6393,220.572525,102.99,99.97,828.45,512,288,BGR888p,,,,,
215.2673,detections,6393,220.572525,102.25,99.97,828.71,,,,0,,,,
215.3681,frame,6396,220.67249,101.1,99.96,829.61,512,288,BGR888p,,,,,
215.3684,detections,6396,220.67249,101.1,99.96,829.84,,,,0,,,,
215.4716,frame,6399,220.772455,103.5,99.96,833.12,512,288,BGR888p,,,,,
215.472,detections,6399,220.772455,103.61,99.96,833.49,,,,0,,,,
215.5787,frame,6403,220.905743,107.04,133.29,806.86,512,288,BGR888p,,,,,
215.5789,detections,6403,220.905743,106.87,133.29,807.05,,,,0,,,,
215.6802,frame,6406,221.005712,101.53,99.97,808.42,512,288,BGR888p,,,,,
215.6805,detections,6406,221.005712,101.56,99.97,808.65,,,,0,,,,
215.6806,system,0,,1030.74,,,,,,,,52.07,21.9,13.2
215.7832,frame,6409,221.105675,103.03,99.96,811.49,512,288,BGR888p,,,,,
215.7835,detections,6409,221.105675,103.02,99.96,811.71,,,,0,,,,
215.8854,frame,6412,221.205641,102.17,99.97,813.65,512,288,BGR888p,,,,,
215.8855,detections,6412,221.205641,102.07,99.97,813.78,,,,0,,,,
215.9886,frame,6415,221.305607,103.17,99.97,816.9,512,288,BGR888p,,,,,
215.9888,detections,6415,221.305607,103.28,99.97,817.12,,,,0,,,,
216.0903,frame,6418,221.405574,101.69,99.97,818.56,512,288,BGR888p,,,,,
216.0904,detections,6418,221.405574,101.54,99.97,818.65,,,,0,,,,
216.195,frame,6421,221.50554,104.77,99.97,823.43,512,288,BGR888p,,,,,
216.1956,detections,6421,221.50554,105.27,99.97,824.03,,,,0,,,,
216.2998,frame,6424,221.605505,104.75,99.96,828.21,512,288,BGR888p,,,,,
216.3,detections,6424,221.605505,104.4,99.96,828.43,,,,0,,,,
216.3987,frame,6427,221.705474,98.95,99.97,827.18,512,288,BGR888p,,,,,
216.399,detections,6427,221.705474,98.95,99.97,827.41,,,,0,,,,
216.5012,frame,6430,221.805434,102.53,99.96,829.76,512,288,BGR888p,,,,,
216.5018,detections,6430,221.805434,102.84,99.96,830.37,,,,0,,,,
216.6052,frame,6433,221.905399,104.0,99.96,833.79,512,288,BGR888p,,,,,
216.6055,detections,6433,221.905399,103.69,99.96,834.01,,,,0,,,,
216.7115,frame,6437,222.038687,106.29,133.29,806.79,512,288,BGR888p,,,,,
216.7118,detections,6437,222.038687,106.28,133.29,806.99,,,,0,,,,
216.7119,system,0,,1031.31,,,,,,,,51.52,21.9,12.4
216.8138,frame,6440,222.138653,102.28,99.97,809.11,512,288,BGR888p,,,,,
216.8141,detections,6440,222.138653,102.29,99.97,809.36,,,,0,,,,
216.9144,frame,6443,222.238619,100.55,99.97,810.03,512,288,BGR888p,,,,,
216.9146,detections,6443,222.238619,100.55,99.97,810.26,,,,0,,,,
217.0181,frame,6446,222.338585,103.77,99.97,813.86,512,288,BGR888p,,,,,
217.0184,detections,6446,222.338585,103.8,99.97,814.09,,,,0,,,,
217.1206,frame,6449,222.438553,102.45,99.97,816.32,512,288,BGR888p,,,,,
217.1208,detections,6449,222.438553,102.42,99.97,816.54,,,,0,,,,
217.2237,frame,6452,222.538518,103.15,99.96,819.5,512,288,BGR888p,,,,,
217.224,detections,6452,222.538518,103.15,99.96,819.72,,,,0,,,,
217.3284,frame,6455,222.638484,104.63,99.97,824.16,512,288,BGR888p,,,,,
217.3286,detections,6455,222.638484,104.63,99.97,824.38,,,,0,,,,
217.4304,frame,6458,222.738448,102.09,99.96,826.29,512,288,BGR888p,,,,,
217.4311,detections,6458,222.738448,102.47,99.96,826.95,,,,0,,,,
217.5334,frame,6461,222.838414,102.92,99.97,829.24,512,288,BGR888p,,,,,
217.5338,detections,6461,222.838414,102.7,99.97,829.66,,,,0,,,,
217.6321,frame,6464,222.938378,98.72,99.96,827.93,512,288,BGR888p,,,,,
217.6322,detections,6464,222.938378,98.42,99.96,828.04,,,,0,,,,
217.7373,frame,6467,223.038344,105.2,99.97,833.23,512,288,BGR888p,,,,,
217.7376,detections,6467,223.038344,105.34,99.97,833.45,,,,0,,,,
217.7377,system,0,,1025.78,,,,,,,,52.07,21.9,12.9
217.8404,frame,6471,223.171631,103.1,133.29,802.97,512,288,BGR888p,,,,,
217.8405,detections,6471,223.171631,102.95,133.29,803.06,,,,0,,,,
217.9433,frame,6474,223.271597,102.95,99.97,806.01,512,288,BGR888p,,,,,
217.944,detections,6474,223.271597,103.52,99.97,806.68,,,,0,,,,
218.0475,frame,6477,223.371564,104.15,99.97,810.21,512,288,BGR888p,,,,,
218.0477,detections,6477,223.371564,103.73,99.97,810.43,,,,0,,,,
218.1513,frame,6480,223.471529,103.77,99.96,814.02,512,288,BGR888p,,,,,
218.1515,detections,6480,223.471529,103.79,99.96,814.27,,,,0,,,,
218.2534,frame,6483,223.571495,102.13,99.97,816.17,512,288,BGR888p,,,,,
218.2536,detections,6483,223.571495,102.1,99.97,816.39,,,,0,,,,
218.3564,frame,6486,223.671462,102.98,99.97,819.18,512,288,BGR888p,,,,,
218.3566,detections,6486,223.671462,102.98,99.97,819.4,,,,0,,,,
218.4621,frame,6489,223.77143,105.72,99.97,824.96,512,288,BGR888p,,,,,
218.4624,detections,6489,223.77143,105.75,99.97,825.18,,,,0,,,,
218.564,frame,6492,223.871392,101.96,99.96,826.95,512,288,BGR888p,,,,,
218.5645,detections,6492,223.871392,102.09,99.96,827.33,,,,0,,,,
218.6654,frame,6495,223.971358,101.37,99.97,828.33,512,288,BGR888p,,,,,
218.6657,detections,6495,223.971358,101.21,99.97,828.55,,,,0,,,,
218.6658,system,0,,928.12,,,,,,,,51.52,22.2,13.1
218.7653,frame,6498,224.071324,99.92,99.97,828.28,512,288,BGR888p,,,,,
218.7656,detections,6498,224.071324,99.92,99.97,828.5,,,,0,,,,
218.8686,frame,6501,224.171288,103.31,99.96,831.62,512,288,BGR888p,,,,,
218.8689,detections,6501,224.171288,103.31,99.96,831.85,,,,0,,,,
218.9734,frame,6505,224.304575,104.76,133.29,803.1,512,288,BGR888p,,,,,
218.9737,detections,6505,224.304575,104.77,133.29,803.33,,,,0,,,,
219.0768,frame,6508,224.404541,103.37,99.97,806.51,512,288,BGR888p,,,,,
219.077,detections,6508,224.404541,103.37,99.97,806.73,,,,0,,,,
219.179,frame,6511,224.504508,102.28,99.97,808.84,512,288,BGR888p,,,,,
219.1796,detections,6511,224.504508,102.54,99.97,809.33,,,,0,,,,
219.279,frame,6514,224.604473,99.99,99.97,808.83,512,288,BGR888p,,,,,
219.2793,detections,6514,224.604473,99.73,99.97,809.05,,,,0,,,,
219.3807,frame,6517,224.704439,101.66,99.97,810.54,512,288,BGR888p,,,,,
219.381,detections,6517,224.704439,101.66,99.97,810.76,,,,0,,,,
219.4839,frame,6520,224.804408,103.21,99.97,813.78,512,288,BGR888p,,,,,
219.4842,detections,6520,224.804408,103.23,99.97,814.03,,,,0,,,,
219.5869,frame,6523,224.904371,102.96,99.96,816.78,512,288,BGR888p,,,,,
219.5873,detections,6523,224.904371,103.1,99.96,817.17,,,,0,,,,
219.6888,frame,6526,225.004336,101.9,99.96,818.66,512,288,BGR888p,,,,,
219.6896,detections,6526,225.004336,102.36,99.96,819.52,,,,0,,,,
219.6897,system,0,,1023.89,,,,,,,,52.02,20.9,12.2
219.7927,frame,6529,225.104302,103.91,99.97,822.65,512,288,BGR888p,,,,,
219.7929,detections,6529,225.104302,103.26,99.97,822.84,,,,0,,,,
219.895,frame,6532,225.204268,102.29,99.97,824.99,512,288,BGR888p,,,,,
219.896,detections,6532,225.204268,103.1,99.97,826.08,,,,0,,,,
219.9965,frame,6535,225.304236,101.51,99.97,826.53,512,288,BGR888p,,,,,
219.9972,detections,6535,225.304236,101.22,99.97,827.27,,,,0,,,,
220.0983,frame,6538,225.404198,101.8,99.96,828.37,512,288,BGR888p,,,,,
220.0987,detections,6538,225.404198,101.48,99.96,828.79,,,,0,,,,
220.1995,frame,6541,225.504163,101.21,99.96,829.61,512,288,BGR888p,,,,,
220.1997,detections,6541,225.504163,101.04,99.96,829.83,,,,0,,,,
220.3041,frame,6545,225.637451,104.57,133.29,800.92,512,288,BGR888p,,,,,
220.3043,detections,6545,225.637451,104.6,133.29,801.14,,,,0,,,,
220.407,frame,6548,225.737416,102.9,99.96,803.82,512,288,BGR888p,,,,,
220.4073,detections,6548,225.737416,102.91,99.96,804.09,,,,0,,,,
220.5097,frame,6551,225.837383,102.71,99.97,806.57,512,288,BGR888p,,,,,
220.5108,detections,6551,225.837383,103.5,99.97,807.67,,,,0,,,,
220.6124,frame,6554,225.937349,102.73,99.97,809.33,512,288,BGR888p,,,,,
220.6128,detections,6554,225.937349,102.06,99.97,809.75,,,,0,,,,
220.7166,frame,6557,226.037314,104.17,99.96,813.5,512,288,BGR888p,,,,,
220.7168,detections,6557,226.037314,103.93,99.96,813.66,,,,0,,,,
220.7169,system,0,,1027.14,,,,,,,,52.13,21.1,12.5
220.8192,frame,6560,226.13728,102.64,99.97,816.21,512,288,BGR888p,,,,,
220.8195,detections,6560,226.13728,102.71,99.97,816.43,,,,0,,,,
220.9219,frame,6563,226.237261,102.66,99.98,818.89,512,288,BGR888p,,,,,
220.9222,detections,6563,226.237261,102.71,99.98,819.17,,,,0,,,,
221.0271,frame,6566,226.337215,105.19,99.95,824.15,512,288,BGR888p,,,,,
221.0273,detections,6566,226.337215,105.17,99.95,824.37,,,,0,,,,
221.1291,frame,6569,226.437177,102.06,99.96,826.24,512,288,BGR888p,,,,,
221.1301,detections,6569,226.437177,102.78,99.96,827.24,,,,0,,,,
221.2313,frame,6572,226.537143,102.24,99.97,828.49,512,288,BGR888p,,,,,
221.2316,detections,6572,226.537143,101.5,99.97,828.72,,,,0,,,,
221.3334,frame,6575,226.63711,102.07,99.97,830.59,512,288,BGR888p,,,,,
221.3337,detections,6575,226.63711,102.06,99.97,830.82,,,,0,,,,
221.4391,frame,6578,226.737073,105.64,99.96,836.3,512,288,BGR888p,,,,,
221.4394,detections,6578,226.737073,105.68,99.96,836.53,,,,1,1:0.47,,,
221.5408,frame,6582,226.870361,101.74,133.29,804.72,512,288,BGR888p,,,,,
221.5411,detections,6582,226.870361,101.7,133.29,804.94,,,,0,,,,
221.6448,frame,6585,226.970327,104.03,99.97,808.79,512,288,BGR888p,,,,,
221.6453,detections,6585,226.970327,104.2,99.97,809.18,,,,0,,,,
221.7455,frame,6588,227.070294,100.7,99.97,809.53,512,288,BGR888p,,,,,
221.7458,detections,6588,227.070294,100.56,99.97,809.78,,,,0,,,,
221.746,system,0,,1029.14,,,,,,,,52.29,22.3,13.1
221.8476,frame,6591,227.170263,102.06,99.97,811.61,512,288,BGR888p,,,,,
221.8479,detections,6591,227.170263,102.04,99.97,811.84,,,,0,,,,
221.9503,frame,6594,227.270225,102.72,99.96,814.37,512,288,BGR888p,,,,,
221.9506,detections,6594,227.270225,102.72,99.96,814.6,,,,0,,,,
222.0541,frame,6597,227.370191,103.82,99.97,818.26,512,288,BGR888p,,,,,
222.0544,detections,6597,227.370191,103.85,99.97,818.48,,,,0,,,,
222.1584,frame,6600,227.470156,104.23,99.96,822.49,512,288,BGR888p,,,,,
222.1586,detections,6600,227.470156,104.2,99.96,822.72,,,,0,,,,
222.2615,frame,6603,227.570121,103.13,99.96,825.65,512,288,BGR888p,,,,,
222.2618,detections,6603,227.570121,103.13,99.96,825.88,,,,0,,,,
222.365,frame,6606,227.670088,103.52,99.97,829.21,512,288,BGR888p,,,,,
222.3653,detections,6606,227.670088,103.55,99.97,829.47,,,,0,,,,
222.4643,frame,6609,227.770054,99.26,99.97,828.5,512,288,BGR888p,,,,,
222.4645,detections,6609,227.770054,99.23,99.97,828.73,,,,0,,,,
222.5644,frame,6612,227.870017,100.12,99.96,828.66,512,288,BGR888p,,,,,
222.5647,detections,6612,227.870017,100.12,99.96,828.89,,,,0,,,,
222.6688,frame,6615,227.969983,104.41,99.97,833.11,512,288,BGR888p,,,,,
222.6692,detections,6615,227.969983,104.59,99.97,833.52,,,,0,,,,
222.6694,system,0,,923.43,,,,,,,,51.52,22.2,12.9
222.7764,frame,6619,228.10327,107.63,133.29,807.46,512,288,BGR888p,,,,,
222.7767,detections,6619,228.10327,107.48,133.29,807.72,,,,0,,,,
222.8784,frame,6622,228.203237,101.96,99.97,809.45,512,288,BGR888p,,,,,
222.8787,detections,6622,228.203237,101.93,99.97,809.67,,,,0,,,,
222.9792,frame,6625,228.303203,100.78,99.97,810.26,512,288,BGR888p,,,,,
222.9795,detections,6625,228.303203,100.79,99.97,810.49,,,,0,,,,
223.0823,frame,6628,228.403168,103.16,99.96,813.46,512,288,BGR888p,,,,,
223.0826,detections,6628,228.403168,103.16,99.96,813.69,,,,0,,,,
223.1852,frame,6631,228.503135,102.83,99.97,816.33,512,288,BGR888p,,,,,
223.1855,detections,6631,228.503135,102.84,99.97,816.56,,,,0,,,,
223.2885,frame,6634,228.603101,103.37,99.97,819.73,512,288,BGR888p,,,,,
223.2888,detections,6634,228.603101,103.37,99.97,819.96,,,,0,,,,
223.3921,frame,6637,228.703067,103.57,99.97,823.37,512,288,BGR888p,,,,,
223.3924,detections,6637,228.703067,103.6,99.97,823.6,,,,0,,,,
223.4941,frame,6640,228.803032,102.0,99.96,825.4,512,288,BGR888p,,,,,
223.4953,detections,6640,228.803032,102.93,99.96,826.62,,,,0,,,,
223.5977,frame,6643,228.903003,103.56,99.97,828.96,512,288,BGR888p,,,,,
223.5979,detections,6643,228.903003,102.6,99.97,829.19,,,,0,,,,
223.6975,frame,6646,229.002962,99.86,99.96,828.86,512,288,BGR888p,,,,,
223.6979,detections,6646,229.002962,100.0,99.96,829.24,,,,0,,,,
223.6981,system,0,,1028.7,,,,,,,,52.51,21.2,12.4
223.8004,frame,6649,229.102927,102.82,99.96,831.72,512,288,BGR888p,,,,,
223.8006,detections,6649,229.102927,102.68,99.96,831.95,,,,0,,,,
223.9059,frame,6652,229.202892,105.57,99.96,837.32,512,288,BGR888p,,,,,
223.9062,detections,6652,229.202892,105.6,99.96,837.58,,,,0,,,,
224.0088,frame,6656,229.33618,102.88,133.29,806.91,512,288,BGR888p,,,,,
224.0091,detections,6656,229.33618,102.85,133.29,807.16,,,,0,,,,
224.1118,frame,6659,229.436147,102.99,99.97,809.93,512,288,BGR888p,,,,,
224.1121,detections,6659,229.436147,103.01,99.97,810.21,,,,0,,,,
224.2125,frame,6662,229.536113,100.72,99.97,810.68,512,288,BGR888p,,,,,
224.2128,detections,6662,229.536113,100.7,99.97,810.92,,,,0,,,,
224.3149,frame,6665,229.636078,102.37,99.96,813.08,512,288,BGR888p,,,,,
224.3151,detections,6665,229.636078,102.36,99.96,813.35,,,,0,,,,
224.4176,frame,6668,229.736046,102.76,99.97,815.87,512,288,BGR888p,,,,,
224.4179,detections,6668,229.736046,102.76,99.97,816.1,,,,0,,,,
224.5212,frame,6671,229.836012,103.6,99.97,819.51,512,288,BGR888p,,,,,
224.5215,detections,6671,229.836012,103.6,99.97,819.74,,,,0,,,,
224.6245,frame,6674,229.935976,103.27,99.96,822.68,512,288,BGR888p,,,,,
224.6257,detections,6674,229.935976,104.15,99.96,823.83,,,,0,,,,
224.7275,frame,6677,230.035941,103.0,99.96,825.72,512,288,BGR888p,,,,,
224.7279,detections,6677,230.035941,102.25,99.96,826.1,,,,0,,,,
224.7281,system,0,,1029.96,,,,,,,,51.74,22.1,12.7
224.828,frame,6680,230.135918,100.54,99.98,826.3,512,288,BGR888p,,,,,
224.8292,detections,6680,230.135918,101.3,99.98,827.47,,,,0,,,,
224.9308,frame,6683,230.235871,102.79,99.95,829.09,512,288,BGR888p,,,,,
224.931,detections,6683,230.235871,101.81,99.95,829.24,,,,0,,,,
225.0317,frame,6686,230.335837,100.88,99.97,830.03,512,288,BGR888p,,,,,
225.032,detections,6686,230.335837,100.96,99.97,830.26,,,,0,,,,
225.1351,frame,6689,230.435802,103.42,99.96,833.51,512,288,BGR888p,,,,,
225.1361,detections,6689,230.435802,104.09,99.96,834.43,,,,0,,,,
225.2402,frame,6693,230.56909,105.09,133.29,805.29,512,288,BGR888p,,,,,
225.2413,detections,6693,230.56909,105.2,133.29,806.35,,,,4,1:0.72 1:0.63 1:0.51 1:0.42,,,
225.3444,frame,6696,230.669057,104.16,99.97,809.48,512,288,BGR888p,,,,,
225.3449,detections,6696,230.669057,103.61,99.97,809.96,,,,3,1:0.71 1:0.69 1:0.47,,,
225.446,frame,6699,230.769022,101.62,99.96,811.14,512,288,BGR888p,,,,,
225.4463,detections,6699,230.769022,101.43,99.96,811.4,,,,3,1:0.81 1:0.62 1:0.61,,,
225.5495,frame,6702,230.868993,103.46,99.97,814.63,512,288,BGR888p,,,,,
225.5497,detections,6702,230.868993,103.42,99.97,814.85,,,,4,1:0.74 1:0.73 1:0.44 1:0.40,,,
225.6527,frame,6705,230.968954,103.23,99.96,817.89,512,288,BGR888p,,,,,
225.6529,detections,6705,230.968954,103.22,99.96,818.11,,,,5,1:0.72 1:0.70 1:0.50 1:0.49 1:0.48,,,
225.7579,frame,6708,231.068931,105.21,99.98,823.13,512,288,BGR888p,,,,,
225.7584,detections,6708,231.068931,105.48,99.98,823.63,,,,5,1:0.72 1:0.67 1:0.59 1:0.47 1:0.47,,,
225.7587,system,0,,1030.59,,,,,,,,52.07,21.7,13.0
225.8605,frame,6711,231.168888,102.59,99.96,825.76,512,288,BGR888p,,,,,
225.8607,detections,6711,231.168888,102.33,99.96,825.98,,,,4,1:0.80 1:0.74 1:0.67 1:0.47,,,
225.9618,frame,6714,231.268851,101.32,99.96,827.12,512,288,BGR888p,,,,,
225.9621,detections,6714,231.268851,101.32,99.96,827.33,,,,4,1:0.72 1:0.72 1:0.66 1:0.62,,,
226.0634,frame,6717,231.368818,101.59,99.97,828.74,512,288,BGR888p,,,,,
226.0637,detections,6717,231.368818,101.59,99.97,828.96,,,,4,1:0.73 1:0.69 1:0.67 1:0.54,,,
226.1655,frame,6720,231.468781,102.07,99.96,830.85,512,288,BGR888p,,,,,
226.1657,detections,6720,231.468781,102.08,99.96,831.07,,,,4,1:0.72 1:0.68 1:0.65 1:0.54,,,
226.2713,frame,6723,231.568746,105.87,99.96,836.76,512,288,BGR888p,,,,,
226.2716,detections,6723,231.568746,105.87,99.96,836.98,,,,4,1:0.73 1:0.61 1:0.60 1:0.52,,,
226.3752,frame,6727,231.702034,103.82,133.29,807.29,512,288,BGR888p,,,,,
226.3754,detections,6727,231.702034,103.82,133.29,807.5,,,,5,1:0.73 1:0.71 1:0.70 1:0.53 1:0.45,,,
226.4775,frame,6730,231.802,102.29,99.97,809.62,512,288,BGR888p,,,,,
226.4777,detections,6730,231.802,102.3,99.97,809.84,,,,4,1:0.74 1:0.73 1:0.69 1:0.58,,,
226.578,frame,6733,231.901967,100.52,99.97,810.16,512,288,BGR888p,,,,,
226.5782,detections,6733,231.901967,100.52,99.97,810.37,,,,5,1:0.76 1:0.71 1:0.70 1:0.46 1:0.43,,,
226.6826,frame,6736,232.001932,104.66,99.96,814.87,512,288,BGR888p,,,,,
226.6829,detections,6736,232.001932,104.67,99.96,815.09,,,,5,1:0.72 1:0.71 1:0.66 1:0.54 1:0.50,,,
226.6831,system,0,,924.45,,,,,,,,52.24,21.8,13.2
226.7865,frame,6739,232.101898,103.81,99.97,818.72,512,288,BGR888p,,,,,
226.7869,detections,6739,232.101898,103.98,99.97,819.11,,,,4,1:0.79 1:0.77 1:0.72 1:0.65,,,
226.8928,frame,6742,232.201864,106.34,99.97,825.09,512,288,BGR888p,,,,,
226.893,detections,6742,232.201864,106.17,99.97,825.3,,,,4,1:0.78 1:0.71 1:0.68 1:0.59,,,
226.9949,frame,6745,232.301829,102.1,99.96,827.23,512,288,BGR888p,,,,,
226.9952,detections,6745,232.301829,102.14,99.96,827.48,,,,4,1:0.78 1:0.77 1:0.70 1:0.69,,,
227.0966,frame,6748,232.401795,101.7,99.97,828.96,512,288,BGR888p,,,,,
227.0969,detections,6748,232.401795,101.67,99.97,829.19,,,,4,1:0.75 1:0.74 1:0.70 1:0.37,,,
227.1966,frame,6751,232.501762,100.03,99.97,829.03,512,288,BGR888p,,,,,
227.1969,detections,6751,232.501762,100.03,99.97,829.25,,,,5,1:0.66 1:0.64 1:0.52 1:0.38 1:0.35,,,
227.3011,frame,6754,232.601725,104.47,99.96,833.57,512,288,BGR888p,,,,,
227.3014,detections,6754,232.601725,104.5,99.96,833.79,,,,4,1:0.70 1:0.69 1:0.48 1:0.40,,,
227.4071,frame,6757,232.701691,106.01,99.97,839.62,512,288,BGR888p,,,,,
227.4082,detections,6757,232.701691,106.85,99.97,840.74,,,,5,1:0.67 1:0.63 1:0.44 1:0.42 0:0.39,,,
227.5101,frame,6761,232.834978,102.99,133.29,809.3,512,288,BGR888p,,,,,
227.5104,detections,6761,232.834978,102.13,133.29,809.52,,,,5,1:0.69 1:0.64 1:0.44 1:0.42 1:0.37,,,
227.613,frame,6764,232.934953,102.94,99.98,812.24,512,288,BGR888p,,,,,
227.6133,detections,6764,232.934953,102.95,99.98,812.49,,,,4,1:0.71 1:0.66 1:0.52 1:0.41,,,
227.7155,frame,6767,233.034915,102.42,99.96,814.7,512,288,BGR888p,,,,,
227.7157,detections,6767,233.034915,102.4,99.96,814.92,,,,4,1:0.73 1:0.71 1:0.51 1:0.42,,,
227.7159,system,0,,1032.81,,,,,,,,51.96,20.7,12.3
227.819,frame,6770,233.134879,103.53,99.96,818.27,512,288,BGR888p,,,,,
227.8194,detections,6770,233.134879,103.69,99.96,818.66,,,,4,1:0.71 1:0.66 1:0.54 1:0.38,,,
227.9229,frame,6773,233.234843,103.94,99.96,822.25,512,288,BGR888p,,,,,
227.9232,detections,6773,233.234843,103.8,99.96,822.49,,,,4,1:0.71 1:0.68 1:0.50 1:0.46,,,
228.0243,frame,6776,233.334809,101.34,99.97,823.62,512,288,BGR888p,,,,,
228.0248,detections,6776,233.334809,101.57,99.97,824.13,,,,5,1:0.73 1:0.71 1:0.52 1:0.50 1:0.37,,,
228.1277,frame,6779,233.434774,103.43,99.96,827.08,512,288,BGR888p,,,,,
228.1279,detections,6779,233.434774,103.16,99.96,827.29,,,,4,1:0.77 1:0.67 1:0.65 1:0.51,,,
228.2288,frame,6782,233.53474,101.08,99.97,828.19,512,288,BGR888p,,,,,
228.229,detections,6782,233.53474,101.06,99.97,828.37,,,,4,1:0.77 1:0.75 1:0.61 1:0.54,,,
228.3301,frame,6785,233.634703,101.31,99.96,829.57,512,288,BGR888p,,,,,
228.3304,detections,6785,233.634703,101.37,99.96,829.79,,,,5,1:0.78 1:0.77 1:0.62 1:0.47 1:0.40,,,
228.4339,frame,6788,233.734669,103.83,99.97,833.41,512,288,BGR888p,,,,,
228.4342,detections,6788,233.734669,103.84,99.97,833.67,,,,5,1:0.75 1:0.73 1:0.60 1:0.48 1:0.42,,,
228.5389,frame,6792,233.867957,104.94,133.29,805.06,512,288,BGR888p,,,,,
228.5391,detections,6792,233.867957,104.9,133.29,805.32,,,,5,1:0.76 1:0.64 1:0.58 1:0.54 1:0.37,,,
228.6429,frame,6795,233.967923,104.0,99.97,809.1,512,288,BGR888p,,,,,
228.6431,detections,6795,233.967923,104.01,99.97,809.35,,,,5,1:0.78 1:0.63 1:0.60 1:0.46 1:0.43,,,
228.7439,frame,6798,234.067889,101.01,99.97,810.14,512,288,BGR888p,,,,,
228.7441,detections,6798,234.067889,101.0,99.97,810.4,,,,4,1:0.77 1:0.66 1:0.64 1:0.55,,,
228.7444,system,0,,1028.45,,,,,,,,52.07,21.7,13.2
228.8483,frame,6801,234.167855,104.43,99.97,814.61,512,288,BGR888p,,,,,
228.8487,detections,6801,234.167855,104.6,99.97,815.05,,,,5,1:0.74 1:0.72 1:0.71 1:0.51 1:0.43,,,
228.9504,frame,6804,234.267823,102.09,99.97,816.72,512,288,BGR888p,,,,,
228.9506,detections,6804,234.267823,101.89,99.97,816.91,,,,5,1:0.78 1:0.64 1:0.63 1:0.52 1:0.44,,,
229.0532,frame,6807,234.367791,102.84,99.97,819.61,512,288,BGR888p,,,,,
229.0535,detections,6807,234.367791,102.87,99.97,819.82,,,,5,1:0.78 1:0.75 1:0.67 1:0.51 1:0.45,,,
229.1571,frame,6810,234.467753,103.88,99.96,823.55,512,288,BGR888p,,,,,
229.1583,detections,6810,234.467753,104.8,99.96,824.72,,,,4,1:0.74 1:0.73 1:0.67 1:0.56,,,
229.2602,frame,6813,234.567718,103.13,99.97,826.69,512,288,BGR888p,,,,,
229.2605,detections,6813,234.567718,102.22,99.97,826.91,,,,4,1:0.77 1:0.73 1:0.63 1:0.57,,,
229.3625,frame,6816,234.667684,102.25,99.97,828.97,512,288,BGR888p,,,,,
229.3627,detections,6816,234.667684,102.25,99.97,829.19,,,,4,1:0.75 1:0.75 1:0.59 1:0.52,,,
229.4627,frame,6819,234.767651,100.18,99.97,829.18,512,288,BGR888p,,,,,
229.4629,detections,6819,234.767651,100.18,99.97,829.4,,,,5,1:0.77 1:0.70 1:0.64 1:0.43 1:0.42,,,
229.5633,frame,6822,234.867613,100.64,99.96,829.86,512,288,BGR888p,,,,,
229.5636,detections,6822,234.867613,100.64,99.96,830.08,,,,4,1:0.81 1:0.73 1:0.60 1:0.57,,,
229.667,frame,6826,235.000901,103.65,133.29,800.18,512,288,BGR888p,,,,,
229.6671,detections,6826,235.000901,103.54,133.29,800.31,,,,3,1:0.67 1:0.56 0:0.45,,,
229.6672,system,0,,922.86,,,,,,,,52.02,22.3,13.1
229.7713,frame,6829,235.100867,104.37,99.97,804.63,512,288,BGR888p,,,,,
229.7716,detections,6829,235.100867,104.49,99.97,804.87,,,,5,1:0.83 1:0.68 1:0.58 1:0.43 1:0.40,,,
229.8742,frame,6832,235.200833,102.89,99.97,807.54,512,288,BGR888p,,,,,
229.8746,detections,6832,235.200833,103.01,99.97,807.91,,,,4,1:0.78 1:0.64 1:0.56 1:0.35,,,
229.9764,frame,6835,235.300799,102.14,99.97,809.72,512,288,BGR888p,,,,,
229.9766,detections,6835,235.300799,102.0,99.97,809.94,,,,3,1:0.79 1:0.75 1:0.50,,,
230.078,frame,6838,235.400764,101.65,99.96,811.41,512,288,BGR888p,,,,,
230.0783,detections,6838,235.400764,101.69,99.96,811.66,,,,3,1:0.84 1:0.65 1:0.63,,,
230.1813,frame,6841,235.500733,103.29,99.97,814.74,512,288,BGR888p,,,,,
230.1816,detections,6841,235.500733,103.26,99.97,814.95,,,,3,1:0.77 1:0.73 1:0.47,,,
230.2839,frame,6844,235.600706,102.55,99.97,817.31,512,288,BGR888p,,,,,
230.2841,detections,6844,235.600706,102.55,99.97,817.55,,,,4,1:0.84 1:0.76 1:0.47 1:0.47,,,
230.3891,frame,6847,235.700664,105.26,99.96,822.65,512,288,BGR888p,,,,,
230.3894,detections,6847,235.700664,105.3,99.96,822.87,,,,4,1:0.82 1:0.72 1:0.70 1:0.62,,,
230.491,frame,6850,235.800627,101.91,99.96,824.57,512,288,BGR888p,,,,,
230.4915,detections,6850,235.800627,102.1,99.96,825.04,,,,2,1:0.80 1:0.77,,,
230.5945,frame,6853,235.900595,103.44,99.97,828.04,512,288,BGR888p,,,,,
230.5947,detections,6853,235.900595,103.22,99.97,828.26,,,,4,1:0.77 1:0.72 1:0.55 1:0.42,,,
230.6954,frame,6856,236.000559,100.91,99.96,828.98,512,288,BGR888p,,,,,
230.6956,detections,6856,236.000559,100.91,99.96,829.2,,,,4,1:0.79 1:0.74 1:0.39 1:0.38,,,
230.6959,system,0,,1028.62,,,,,,,,51.85,21.7,13.1
230.7955,frame,6859,236.100523,100.11,99.96,829.13,512,288,BGR888p,,,,,
230.7957,detections,6859,236.100523,100.11,99.96,829.34,,,,5,1:0.83 1:0.77 1:0.64 1:0.45 1:0.35,,,
230.9001,frame,6862,236.200489,104.64,99.97,833.83,512,288,BGR888p,,,,,
230.9006,detections,6862,236.200489,104.84,99.97,834.25,,,,5,1:0.80 1:0.77 1:0.71 1:0.48 1:0.46,,,
231.0048,frame,6866,236.333779,104.66,133.29,805.17,512,288,BGR888p,,,,,
231.005,detections,6866,236.333779,104.46,133.29,805.39,,,,4,1:0.82 1:0.61 1:0.52 1:0.40,,,
231.1085,frame,6869,236.433742,103.72,99.96,808.93,512,288,BGR888p,,,,,
231.1088,detections,6869,236.433742,103.72,99.96,809.14,,,,2,1:0.70 1:0.44,,,
231.2092,frame,6872,236.53371,100.73,99.97,809.69,512,288,BGR888p,,,,,
231.2095,detections,6872,236.53371,100.73,99.97,809.91,,,,2,1:0.58 1:0.58,,,
231.3126,frame,6875,236.633675,103.4,99.96,813.13,512,288,BGR888p,,,,,
231.3129,detections,6875,236.633675,103.41,99.96,813.35,,,,3,1:0.81 1:0.76 1:0.51,,,
231.4151,frame,6878,236.733641,102.46,99.97,815.65,512,288,BGR888p,,,,,
231.4154,detections,6878,236.733641,102.48,99.97,815.87,,,,3,1:0.82 1:0.80 1:0.57,,,
231.5185,frame,6881,236.833611,103.41,99.97,819.06,512,288,BGR888p,,,,,
231.5188,detections,6881,236.833611,103.39,99.97,819.28,,,,2,1:0.79 1:0.77,,,
231.6223,frame,6884,236.933575,103.77,99.96,822.88,512,288,BGR888p,,,,,
231.6228,detections,6884,236.933575,104.04,99.96,823.39,,,,3,1:0.79 1:0.71 1:0.51,,,
231.7263,frame,6887,237.033538,104.06,99.96,826.97,512,288,BGR888p,,,,,
231.7266,detections,6887,237.033538,103.79,99.96,827.19,,,,2,1:0.80 1:0.62,,,
231.7268,system,0,,1030.95,,,,,,,,51.91,21.7,12.3
231.8284,frame,6890,237.133503,102.08,99.96,829.12,512,288,BGR888p,,,,,
231.8288,detections,6890,237.133503,102.18,99.96,829.42,,,,2,1:0.82 1:0.79,,,
231.9274,frame,6893,237.23347,98.99,99.97,828.11,512,288,BGR888p,,,,,
231.9278,detections,6893,237.23347,99.03,99.97,828.47,,,,2,1:0.82 1:0.71,,,
232.0303,frame,6896,237.333433,102.93,99.96,831.07,512,288,BGR888p,,,,,
232.0306,detections,6896,237.333433,102.79,99.96,831.29,,,,2,1:0.73 1:0.40,,,
232.1341,frame,6899,237.433399,103.78,99.97,834.87,512,288,BGR888p,,,,,
232.1343,detections,6899,237.433399,103.71,99.97,835.0,,,,0,,,,
232.2381,frame,6903,237.566686,103.94,133.29,805.59,512,288,BGR888p,,,,,
232.239,detections,6903,237.566686,104.65,133.29,806.44,,,,2,1:0.77 1:0.45,,,
232.3426,frame,6906,237.666653,104.56,99.97,810.14,512,288,BGR888p,,,,,
232.3429,detections,6906,237.666653,103.95,99.97,810.39,,,,1,1:0.68,,,
232.4448,frame,6909,237.766619,102.17,99.97,812.34,512,288,BGR888p,,,,,
232.4451,detections,6909,237.766619,102.14,99.97,812.56,,,,2,1:0.80 1:0.42,,,
232.5474,frame,6912,237.866584,102.62,99.96,815.0,512,288,BGR888p,,,,,
232.5477,detections,6912,237.866584,102.63,99.96,815.22,,,,2,1:0.81 1:0.46,,,
232.6493,frame,6915,237.96655,101.89,99.97,816.5,512,288,BGR888p,,,,,
232.6495,detections,6915,237.96655,101.79,99.97,816.62,,,,1,1:0.74,,,
232.7547,frame,6918,238.066518,105.4,99.97,821.91,512,288,BGR888p,,,,,
232.7548,detections,6918,238.066518,105.36,99.97,822.0,,,,0,,,,
232.7549,system,0,,1028.1,,,,,,,,52.46,22.2,13.0
232.8566,frame,6921,238.166487,101.87,99.97,823.87,512,288,BGR888p,,,,,
232.8569,detections,6921,238.166487,102.02,99.97,824.11,,,,1,1:0.67,,,
232.9613,frame,6924,238.266447,104.69,99.96,828.61,512,288,BGR888p,,,,,
232.9617,detections,6924,238.266447,104.82,99.96,828.98,,,,2,1:0.73 1:0.38,,,
233.0608,frame,6927,238.366413,99.51,99.97,828.15,512,288,BGR888p,,,,,
233.061,detections,6927,238.366413,99.37,99.97,828.37,,,,1,1:0.70,,,
233.1641,frame,6930,238.466377,103.34,99.96,831.56,512,288,BGR888p,,,,,
233.1644,detections,6930,238.466377,103.38,99.96,831.78,,,,2,1:0.58 1:0.56,,,
233.2677,frame,6933,238.566343,103.56,99.97,835.12,512,288,BGR888p,,,,,
233.2692,detections,6933,238.566343,104.79,99.97,836.67,,,,0,,,,
233.3734,frame,6937,238.69963,105.66,133.29,807.5,512,288,BGR888p,,,,,
233.3736,detections,6937,238.69963,104.41,133.29,807.73,,,,0,,,,
233.4757,frame,6940,238.799596,102.3,99.97,809.83,512,288,BGR888p,,,,,
233.4759,detections,6940,238.799596,102.3,99.97,810.06,,,,1,1:0.48,,,
233.5772,frame,6943,238.899563,101.55,99.97,811.38,512,288,BGR888p,,,,,
233.5774,detections,6943,238.899563,101.46,99.97,811.53,,,,0,,,,
233.6805,frame,6946,238.999528,103.29,99.96,814.74,512,288,BGR888p,,,,,
233.6808,detections,6946,238.999528,103.38,99.96,814.96,,,,0,,,,
233.6809,system,0,,926.02,,,,,,,,51.91,21.7,13.2
233.7828,frame,6949,239.099495,102.33,99.97,817.1,512,288,BGR888p,,,,,
233.7831,detections,6949,239.099495,102.33,99.97,817.35,,,,1,1:0.43,,,
233.8854,frame,6952,239.199462,102.57,99.97,819.7,512,288,BGR888p,,,,,
233.8857,detections,6952,239.199462,102.57,99.97,819.92,,,,0,,,,
233.9908,frame,6955,239.299426,105.38,99.96,825.12,512,288,BGR888p,,,,,
233.9912,detections,6955,239.299426,105.58,99.96,825.54,,,,1,1:0.65,,,
234.0915,frame,6958,239.399391,100.69,99.96,825.84,512,288,BGR888p,,,,,
234.0922,detections,6958,239.399391,100.98,99.96,826.58,,,,0,,,,
234.1942,frame,6961,239.499363,102.71,99.97,828.58,512,288,BGR888p,,,,,
234.1944,detections,6961,239.499363,102.23,99.97,828.8,,,,0,,,,
234.2957,frame,6964,239.599323,101.56,99.96,830.18,512,288,BGR888p,,,,,
234.296,detections,6964,239.599323,101.56,99.96,830.41,,,,1,1:0.44,,,
234.3995,frame,6967,239.699287,103.74,99.96,833.96,512,288,BGR888p,,,,,
234.3997,detections,6967,239.699287,103.74,99.96,834.17,,,,1,1:0.35,,,
234.5038,frame,6971,239.832575,104.28,133.29,804.96,512,288,BGR888p,,,,,
234.5043,detections,6971,239.832575,104.59,133.29,805.51,,,,1,1:0.48,,,
234.6077,frame,6974,239.93254,103.96,99.96,808.89,512,288,BGR888p,,,,,
234.6078,detections,6974,239.93254,103.5,99.96,808.97,,,,3,1:0.55 1:0.54 1:0.42,,,
234.7102,frame,6977,240.032507,102.48,99.97,811.46,512,288,BGR888p,,,,,
234.7105,detections,6977,240.032507,102.63,99.97,811.68,,,,0,,,,
234.7106,system,0,,1029.7,,,,,,,,52.29,21.2,12.8
234.813,frame,6980,240.132474,102.83,99.97,814.33,512,288,BGR888p,,,,,
234.8133,detections,6980,240.132474,102.87,99.97,814.59,,,,1,1:0.62,,,
234.9162,frame,6983,240.232441,103.15,99.97,817.51,512,288,BGR888p,,,,,
234.9164,detections,6983,240.232441,103.12,99.97,817.74,,,,0,,,,
235.0209,frame,6986,240.332408,104.73,99.97,822.27,512,288,BGR888p,,,,,
235.0213,detections,6986,240.332408,104.89,99.97,822.67,,,,1,1:0.61,,,
235.1222,frame,6989,240.432371,101.32,99.96,823.63,512,288,BGR888p,,,,,
235.1225,detections,6989,240.432371,101.15,99.96,823.85,,,,3,1:0.49 1:0.45 1:0.39,,,
235.2254,frame,6992,240.532336,103.22,99.96,826.88,512,288,BGR888p,,,,,
235.2257,detections,6992,240.532336,103.22,99.96,827.1,,,,1,1:0.75,,,
235.3282,frame,6995,240.632301,102.75,99.97,829.68,512,288,BGR888p,,,,,
235.3285,detections,6995,240.632301,102.76,99.97,829.91,,,,1,1:0.60,,,
235.4278,frame,6998,240.732266,99.63,99.96,829.33,512,288,BGR888p,,,,,
235.4281,detections,6998,240.732266,99.61,99.96,829.57,,,,1,1:0.42,,,
235.5313,frame,7001,240.832233,103.53,99.97,832.89,512,288,BGR888p,,,,,
235.5316,detections,7001,240.832233,103.52,99.97,833.11,,,,1,1:0.78,,,
235.637,frame,7005,240.965519,105.7,133.29,805.33,512,288,BGR888p,,,,,
235.6373,detections,7005,240.965519,105.73,133.29,805.55,,,,1,1:0.53,,,
235.7416,frame,7008,241.065486,104.59,99.97,809.92,512,288,BGR888p,,,,,
235.7419,detections,7008,241.065486,104.55,99.97,810.14,,,,1,1:0.43,,,
235.7421,system,0,,1031.45,,,,,,,,52.24,21.3,12.7
235.843,frame,7011,241.165456,101.37,99.97,811.32,512,288,BGR888p,,,,,
235.8433,detections,7011,241.165456,101.4,99.97,811.57,,,,1,1:0.77,,,
235.9459,frame,7014,241.265417,102.92,99.96,814.28,512,288,BGR888p,,,,,
235.9462,detections,7014,241.265417,102.92,99.96,814.53,,,,1,1:0.51,,,
236.0492,frame,7017,241.365382,103.25,99.96,817.56,512,288,BGR888p,,,,,
236.0496,detections,7017,241.365382,103.39,99.96,817.96,,,,1,1:0.79,,,
236.1515,frame,7020,241.465349,102.29,99.97,819.88,512,288,BGR888p,,,,,
236.1517,detections,7020,241.465349,102.12,99.97,820.1,,,,1,1:0.56,,,
236.2564,frame,7023,241.565315,104.91,99.97,824.83,512,288,BGR888p,,,,,
236.2566,detections,7023,241.565315,104.92,99.97,825.05,,,,0,,,,
236.3588,frame,7026,241.66528,102.38,99.96,827.24,512,288,BGR888p,,,,,
236.359,detections,7026,241.66528,102.38,99.96,827.47,,,,1,1:0.74,,,
236.4599,frame,7029,241.765249,101.16,99.97,828.43,512,288,BGR888p,,,,,
236.4602,detections,7029,241.765249,101.19,99.97,828.69,,,,1,1:0.74,,,
236.5596,frame,7032,241.86521,99.65,99.96,828.12,512,288,BGR888p,,,,,
236.5598,detections,7032,241.86521,99.62,99.96,828.34,,,,1,1:0.65,,,
236.6636,frame,7035,241.965176,104.04,99.97,832.2,512,288,BGR888p,,,,,
236.6639,detections,7035,241.965176,104.04,99.97,832.42,,,,1,1:0.49,,,
236.7663,frame,7039,242.098463,102.68,133.29,801.6,512,288,BGR888p,,,,,
236.7687,detections,7039,242.098463,104.83,133.29,804.02,,,,1,1:0.60,,,
236.769,system,0,,1026.89,,,,,,,,52.46,21.8,13.2
236.8723,frame,7042,242.198429,106.05,99.97,807.68,512,288,BGR888p,,,,,
236.8726,detections,7042,242.198429,103.91,99.97,807.91,,,,0,,,,
236.9748,frame,7045,242.298395,102.44,99.97,810.18,512,288,BGR888p,,,,,
236.9751,detections,7045,242.298395,102.47,99.97,810.41,,,,1,1:0.61,,,
237.0766,frame,7048,242.398363,101.82,99.97,812.01,512,288,BGR888p,,,,,
237.077,detections,7048,242.398363,101.93,99.97,812.38,,,,1,1:0.73,,,
237.1795,frame,7051,242.498327,102.93,99.96,814.97,512,288,BGR888p,,,,,
237.1798,detections,7051,242.498327,102.78,99.96,815.19,,,,1,0:0.57,,,
237.2825,frame,7054,242.598294,102.99,99.97,818.0,512,288,BGR888p,,,,,
237.2828,detections,7054,242.598294,103.0,99.97,818.23,,,,0,,,,
237.3874,frame,7057,242.698261,104.85,99.97,822.89,512,288,BGR888p,,,,,
237.3876,detections,7057,242.698261,104.85,99.97,823.11,,,,1,1:0.79,,,
237.4884,frame,7060,242.798224,101.05,99.96,823.98,512,288,BGR888p,,,,,
237.4887,detections,7060,242.798224,101.05,99.96,824.19,,,,1,1:0.79,,,
237.5907,frame,7063,242.898189,102.26,99.96,826.27,512,288,BGR888p,,,,,
237.5909,detections,7063,242.898189,102.26,99.96,826.49,,,,2,1:0.79 1:0.44,,,
237.6935,frame,7066,242.998155,102.85,99.97,829.15,512,288,BGR888p,,,,,
237.6938,detections,7066,242.998155,102.84,99.97,829.36,,,,1,1:0.78,,,
237.694,system,0,,925.0,,,,,,,,52.13,22.3,13.0
237.7933,frame,7069,243.098119,99.81,99.96,829.0,512,288,BGR888p,,,,,
237.7936,detections,7069,243.098119,99.82,99.96,829.22,,,,2,1:0.77 1:0.50,,,
237.8973,frame,7072,243.198085,103.98,99.97,833.01,512,288,BGR888p,,,,,
237.8976,detections,7072,243.198085,103.97,99.97,833.23,,,,1,1:0.81,,,
238.0025,frame,7076,243.331373,105.17,133.29,804.89,512,288,BGR888p,,,,,
238.0027,detections,7076,243.331373,105.17,133.29,805.11,,,,2,1:0.79 1:0.71,,,
238.1061,frame,7079,243.431339,103.65,99.97,808.61,512,288,BGR888p,,,,,
238.1066,detections,7079,243.431339,103.82,99.97,808.98,,,,2,1:0.81 1:0.51,,,
238.2081,frame,7082,243.531306,101.97,99.97,810.61,512,288,BGR888p,,,,,
238.2084,detections,7082,243.531306,101.84,99.97,810.84,,,,1,1:0.78,,,
238.3096,frame,7085,243.631271,101.51,99.96,812.12,512,288,BGR888p,,,,,
238.3099,detections,7085,243.631271,101.49,99.96,812.37,,,,2,1:0.80 1:0.53,,,
238.4127,frame,7088,243.731236,103.06,99.96,815.21,512,288,BGR888p,,,,,
238.4129,detections,7088,243.731236,103.04,99.96,815.43,,,,1,1:0.69,,,
238.5147,frame,7091,243.831204,102.06,99.97,817.3,512,288,BGR888p,,,,,
238.515,detections,7091,243.831204,102.06,99.97,817.52,,,,1,1:0.80,,,
238.6198,frame,7094,243.931171,105.07,99.97,822.4,512,288,BGR888p,,,,,
238.6201,detections,7094,243.931171,105.07,99.97,822.62,,,,2,1:0.81 1:0.70,,,
238.7214,frame,7097,244.031134,101.64,99.96,824.08,512,288,BGR888p,,,,,
238.7221,detections,7097,244.031134,102.03,99.96,824.74,,,,3,1:0.82 1:0.47 1:0.37,,,
238.7224,system,0,,1028.4,,,,,,,,52.57,21.2,12.2
238.8257,frame,7100,244.131099,104.29,99.96,828.4,512,288,BGR888p,,,,,
238.826,detections,7100,244.131099,103.9,99.96,828.62,,,,2,1:0.83 1:0.39,,,
238.927,frame,7103,244.231066,101.24,99.97,829.68,512,288,BGR888p,,,,,
238.9273,detections,7103,244.231066,101.29,99.97,829.95,,,,1,1:0.81,,,
239.0275,frame,7106,244.331029,100.48,99.96,830.2,512,288,BGR888p,,,,,
239.0277,detections,7106,244.331029,100.44,99.96,830.42,,,,1,1:0.81,,,
239.1306,frame,7109,244.430996,103.11,99.97,833.34,512,288,BGR888p,,,,,
239.131,detections,7109,244.430996,103.27,99.97,833.73,,,,1,1:0.85,,,
239.2355,frame,7113,244.564283,104.9,133.29,804.96,512,288,BGR888p,,,,,
239.2357,detections,7113,244.564283,104.75,133.29,805.17,,,,2,1:0.84 1:0.35,,,
239.3409,frame,7116,244.664248,105.42,99.96,810.41,512,288,BGR888p,,,,,
239.3412,detections,7116,244.664248,105.46,99.96,810.68,,,,2,1:0.84 1:0.38,,,
239.4407,frame,7119,244.764218,99.83,99.97,810.27,512,288,BGR888p,,,,,
239.441,detections,7119,244.764218,99.79,99.97,810.49,,,,2,1:0.81 1:0.67,,,
239.5437,frame,7122,244.864183,102.99,99.96,813.3,512,288,BGR888p,,,,,
239.544,detections,7122,244.864183,102.99,99.96,813.51,,,,2,1:0.80 1:0.59,,,
239.6452,frame,7125,244.964147,101.51,99.96,814.79,512,288,BGR888p,,,,,
239.6454,detections,7125,244.964147,101.39,99.96,814.9,,,,0,,,,
239.749,frame,7128,245.064114,103.74,99.97,818.62,512,288,BGR888p,,,,,
239.7493,detections,7128,245.064114,103.92,99.97,818.89,,,,0,,,,
239.7494,system,0,,1027.07,,,,,,,,52.46,22.4,13.0
239.8528,frame,7131,245.164078,103.87,99.96,822.54,512,288,BGR888p,,,,,
239.8531,detections,7131,245.164078,103.85,99.96,822.82,,,,1,1:0.35,,,
239.9552,frame,7134,245.264043,102.35,99.96,824.94,512,288,BGR888p,,,,,
239.9555,detections,7134,245.264043,102.36,99.96,825.17,,,,1,1:0.38,,,
240.0563,frame,7137,245.364009,101.08,99.97,826.02,512,288,BGR888p,,,,,
240.0569,detections,7137,245.364009,101.46,99.97,826.69,,,,1,1:0.48,,,
240.1596,frame,7140,245.463974,103.37,99.96,829.42,512,288,BGR888p,,,,,
240.1601,detections,7140,245.463974,103.12,99.96,829.82,,,,0,,,,
240.2597,frame,7143,245.563939,100.08,99.96,829.51,512,288,BGR888p,,,,,
240.2599,detections,7143,245.563939,99.84,99.96,829.67,,,,1,1:0.41,,,
240.3651,frame,7146,245.663904,105.39,99.96,835.01,512,288,BGR888p,,,,,
240.3654,detections,7146,245.663904,105.51,99.96,835.23,,,,0,,,,
240.4695,frame,7150,245.797192,104.42,133.29,806.09,512,288,BGR888p,,,,,
240.4701,detections,7150,245.797192,104.7,133.29,806.73,,,,0,,,,
240.5735,frame,7153,245.897158,103.98,99.97,810.1,512,288,BGR888p,,,,,
240.5738,detections,7153,245.897158,103.65,99.97,810.33,,,,0,,,,
240.6747,frame,7156,245.997125,101.21,99.97,811.35,512,288,BGR888p,,,,,
240.675,detections,7156,245.997125,101.22,99.97,811.58,,,,0,,,,
240.779,frame,7159,246.097091,104.25,99.97,815.18,512,288,BGR888p,,,,,
240.7793,detections,7159,246.097091,104.29,99.97,815.44,,,,1,1:0.43,,,
240.7794,system,0,,1030.01,,,,,,,,52.57,22.0,12.7
240.8811,frame,7162,246.197056,102.18,99.96,817.43,512,288,BGR888p,,,,,
240.8814,detections,7162,246.197056,102.17,99.96,817.65,,,,1,1:0.35,,,
240.9839,frame,7165,246.297022,102.8,99.97,820.23,512,288,BGR888p,,,,,
240.9842,detections,7165,246.297022,102.8,99.97,820.49,,,,0,,,,
241.0873,frame,7168,246.396989,103.33,99.97,823.6,512,288,BGR888p,,,,,
241.0875,detections,7168,246.396989,103.31,99.97,823.83,,,,1,1:0.62,,,
241.1901,frame,7171,246.496953,102.85,99.96,826.52,512,288,BGR888p,,,,,
241.1906,detections,7171,246.496953,103.01,99.96,826.88,,,,1,1:0.82,,,
241.2922,frame,7174,246.596919,102.04,99.97,828.51,512,288,BGR888p,,,,,
241.2923,detections,7174,246.596919,101.75,99.97,828.62,,,,1,1:0.82,,,
241.3923,frame,7177,246.696884,100.14,99.96,828.73,512,288,BGR888p,,,,,
241.3926,detections,7177,246.696884,100.26,99.96,828.95,,,,1,1:0.82,,,
241.4952,frame,7180,246.796849,102.94,99.96,831.71,512,288,BGR888p,,,,,
241.4955,detections,7180,246.796849,102.94,99.96,831.93,,,,1,1:0.82,,,
241.5988,frame,7184,246.930136,103.59,133.29,802.01,512,288,BGR888p,,,,,
241.6005,detections,7184,246.930136,105.0,133.29,803.67,,,,1,1:0.82,,,
241.7023,frame,7187,247.030102,103.45,99.97,805.49,512,288,BGR888p,,,,,
241.7029,detections,7187,247.030102,102.38,99.97,806.08,,,,1,1:0.82,,,
241.7031,system,0,,923.67,,,,,,,,51.96,21.7,12.9
241.8068,frame,7190,247.130069,104.51,99.97,810.04,512,288,BGR888p,,,,,
241.807,detections,7190,247.130069,104.17,99.97,810.25,,,,1,1:0.79,,,
241.9073,frame,7193,247.230035,100.55,99.97,810.62,512,288,BGR888p,,,,,
241.9076,detections,7193,247.230035,100.55,99.97,810.84,,,,1,1:0.78,,,
242.0099,frame,7196,247.33,102.53,99.97,813.18,512,288,BGR888p,,,,,
242.0101,detections,7196,247.33,102.52,99.97,813.43,,,,1,1:0.77,,,
242.1132,frame,7199,247.429968,103.35,99.97,816.56,512,288,BGR888p,,,,,
242.1135,detections,7199,247.429968,103.36,99.97,816.78,,,,1,1:0.78,,,
242.2164,frame,7202,247.529935,103.19,99.97,819.78,512,288,BGR888p,,,,,
242.2168,detections,7202,247.529935,103.36,99.97,820.19,,,,1,1:0.77,,,
242.3216,frame,7205,247.629902,105.21,99.97,825.03,512,288,BGR888p,,,,,
242.3219,detections,7205,247.629902,105.05,99.97,825.25,,,,1,1:0.78,,,
242.4257,frame,7208,247.729863,104.06,99.96,829.14,512,288,BGR888p,,,,,
242.4262,detections,7208,247.729863,104.31,99.96,829.63,,,,1,1:0.78,,,
242.5255,frame,7211,247.829847,99.8,99.98,828.95,512,288,BGR888p,,,,,
242.5257,detections,7211,247.829847,99.55,99.98,829.17,,,,1,1:0.79,,,
242.6276,frame,7214,247.929793,102.15,99.95,831.16,512,288,BGR888p,,,,,
242.6279,detections,7214,247.929793,102.15,99.95,831.38,,,,1,1:0.81,,,
242.7337,frame,7217,248.029759,106.07,99.97,837.27,512,288,BGR888p,,,,,
242.734,detections,7217,248.029759,106.07,99.97,837.48,,,,1,1:0.80,,,
242.7342,system,0,,1031.06,,,,,,,,52.4,21.0,12.2
242.8372,frame,7220,248.129724,103.47,99.96,840.77,512,288,BGR888p,,,,,
242.8381,detections,7220,248.129724,104.13,99.96,841.7,,,,1,1:0.83,,,
242.9396,frame,7224,248.263012,102.44,133.29,809.92,512,288,BGR888p,,,,,
242.9399,detections,7224,248.263012,101.78,133.29,810.13,,,,1,1:0.81,,,
243.0425,frame,7227,248.362979,102.86,99.97,812.81,512,288,BGR888p,,,,,
243.0427,detections,7227,248.362979,102.86,99.97,813.02,,,,1,1:0.81,,,
243.1446,frame,7230,248.462944,102.16,99.96,814.95,512,288,BGR888p,,,,,
243.1448,detections,7230,248.462944,102.04,99.96,815.05,,,,1,1:0.83,,,
243.2466,frame,7233,248.56291,102.01,99.97,817.04,512,288,BGR888p,,,,,
243.2471,detections,7233,248.56291,102.29,99.97,817.47,,,,1,1:0.82,,,
243.3497,frame,7236,248.662878,103.05,99.97,820.13,512,288,BGR888p,,,,,
243.3526,detections,7236,248.662878,105.56,99.97,823.07,,,,1,1:0.80,,,
243.4549,frame,7239,248.762843,105.19,99.96,825.34,512,288,BGR888p,,,,,
243.4551,detections,7239,248.762843,102.51,99.96,825.59,,,,1,1:0.79,,,
243.5586,frame,7242,248.862807,103.72,99.96,829.1,512,288,BGR888p,,,,,
243.5589,detections,7242,248.862807,103.72,99.96,829.32,,,,1,1:0.81,,,
243.6589,frame,7245,248.962773,100.32,99.97,829.46,512,288,BGR888p,,,,,
243.6592,detections,7245,248.962773,100.39,99.97,829.75,,,,2,1:0.83 1:0.43,,,
243.7605,frame,7248,249.062737,101.58,99.96,831.07,512,288,BGR888p,,,,,
243.7608,detections,7248,249.062737,101.51,99.96,831.29,,,,2,1:0.81 1:0.48,,,
243.761,system,0,,1026.78,,,,,,,,52.24,21.6,13.2
243.8644,frame,7251,249.162703,103.87,99.97,834.98,512,288,BGR888p,,,,,
243.8646,detections,7251,249.162703,103.87,99.97,835.19,,,,1,1:0.80,,,
243.9673,frame,7255,249.29599,102.95,133.29,804.64,512,288,BGR888p,,,,,
243.9676,detections,7255,249.29599,102.95,133.29,804.85,,,,1,1:0.81,,,
244.071,frame,7258,249.395957,103.72,99.97,808.43,512,288,BGR888p,,,,,
244.0713,detections,7258,249.395957,103.76,99.97,808.65,,,,1,1:0.82,,,
244.1734,frame,7261,249.495923,102.32,99.97,810.76,512,288,BGR888p,,,,,
244.1736,detections,7261,249.495923,102.3,99.97,810.99,,,,1,1:0.84,,,
244.2747,frame,7264,249.595892,101.38,99.97,812.16,512,288,BGR888p,,,,,
244.2752,detections,7264,249.595892,101.55,99.97,812.59,,,,2,1:0.83 1:0.41,,,
244.3784,frame,7267,249.695855,103.69,99.96,815.88,512,288,BGR888p,,,,,
244.3787,detections,7267,249.695855,103.49,99.96,816.1,,,,2,1:0.83 1:0.46,,,
244.4804,frame,7270,249.795823,101.96,99.97,817.87,512,288,BGR888p,,,,,
244.4806,detections,7270,249.795823,101.96,99.97,818.08,,,,2,1:0.84 1:0.38,,,
244.5835,frame,7273,249.895789,103.1,99.97,821.0,512,288,BGR888p,,,,,
244.5853,detections,7273,249.895789,104.64,99.97,822.82,,,,1,1:0.83,,,
244.6878,frame,7276,249.995751,104.36,99.96,825.41,512,288,BGR888p,,,,,
244.6892,detections,7276,249.995751,103.96,99.96,826.81,,,,2,1:0.80 1:0.38,,,
244.7921,frame,7279,250.095719,104.24,99.97,829.71,512,288,BGR888p,,,,,
244.7924,detections,7279,250.095719,103.14,99.97,829.93,,,,2,1:0.82 1:0.43,,,
244.7926,system,0,,1031.62,,,,,,,,52.29,21.9,12.9
244.8916,frame,7282,250.195684,99.49,99.96,829.2,512,288,BGR888p,,,,,
244.8918,detections,7282,250.195684,99.46,99.96,829.42,,,,2,1:0.84 1:0.42,,,
244.9955,frame,7285,250.295647,103.89,99.96,833.13,512,288,BGR888p,,,,,
244.9957,detections,7285,250.295647,103.89,99.96,833.35,,,,2,1:0.81 1:0.46,,,
245.1012,frame,7288,250.395613,105.7,99.97,838.87,512,288,BGR888p,,,,,
245.1022,detections,7288,250.395613,106.48,99.97,839.89,,,,1,1:0.77,,,
245.2038,frame,7292,250.5289,102.65,133.29,808.23,512,288,BGR888p,,,,,
245.2044,detections,7292,250.5289,102.17,133.29,808.78,,,,2,1:0.82 1:0.55,,,
245.3061,frame,7295,250.628866,102.31,99.97,810.6,512,288,BGR888p,,,,,
245.3065,detections,7295,250.628866,102.17,99.97,810.96,,,,2,1:0.79 1:0.37,,,
245.4075,frame,7298,250.728833,101.34,99.97,811.95,512,288,BGR888p,,,,,
245.4077,detections,7298,250.728833,101.18,99.97,812.17,,,,1,1:0.80,,,
245.5108,frame,7301,250.828799,103.32,99.97,815.3,512,288,BGR888p,,,,,
245.511,detections,7301,250.828799,103.31,99.97,815.51,,,,1,1:0.79,,,
245.6134,frame,7304,250.928764,102.57,99.96,817.9,512,288,BGR888p,,,,,
245.6136,detections,7304,250.928764,102.57,99.96,818.12,,,,1,1:0.84,,,
245.7187,frame,7307,251.02873,105.3,99.97,823.23,512,288,BGR888p,,,,,
245.7189,detections,7307,251.02873,105.3,99.97,823.45,,,,1,1:0.83,,,
245.7191,system,0,,926.52,,,,,,,,52.02,21.8,12.6
245.8203,frame,7310,251.128695,101.64,99.96,824.91,512,288,BGR888p,,,,,
245.8208,detections,7310,251.128695,101.93,99.96,825.45,,,,1,1:0.83,,,
245.9244,frame,7313,251.228661,104.14,99.97,829.08,512,288,BGR888p,,,,,
245.9247,detections,7313,251.228661,103.85,99.97,829.3,,,,1,1:0.78,,,
246.0245,frame,7316,251.328627,100.11,99.97,829.23,512,288,BGR888p,,,,,
246.0248,detections,7316,251.328627,100.11,99.97,829.44,,,,2,1:0.80 1:0.43,,,
246.1268,frame,7319,251.428591,102.23,99.96,831.49,512,288,BGR888p,,,,,
246.127,detections,7319,251.428591,102.23,99.96,831.71,,,,2,1:0.81 1:0.58,,,
246.2308,frame,7322,251.528557,104.02,99.97,835.55,512,288,BGR888p,,,,,
246.2327,detections,7322,251.528557,105.7,99.97,837.51,,,,1,1:0.77,,,
246.3357,frame,7326,251.661844,104.94,133.29,807.2,512,288,BGR888p,,,,,
246.3361,detections,7326,251.661844,103.41,133.29,807.61,,,,2,1:0.82 1:0.57,,,
246.4385,frame,7329,251.76181,102.76,99.97,809.99,512,288,BGR888p,,,,,
246.4387,detections,7329,251.76181,102.61,99.97,810.21,,,,2,1:0.81 1:0.55,,,
246.5389,frame,7332,251.861777,100.43,99.97,810.46,512,288,BGR888p,,,,,
246.5392,detections,7332,251.861777,100.46,99.97,810.7,,,,2,1:0.79 1:0.52,,,
246.6421,frame,7335,251.961742,103.16,99.96,813.64,512,288,BGR888p,,,,,
246.6423,detections,7335,251.961742,103.08,99.96,813.79,,,,2,1:0.79 1:0.60,,,
246.7451,frame,7338,252.061708,102.98,99.97,816.68,512,288,BGR888p,,,,,
246.7453,detections,7338,252.061708,103.03,99.97,816.87,,,,2,1:0.80 1:0.60,,,
246.7455,system,0,,1026.39,,,,,,,,52.35,21.7,12.4
246.8489,frame,7341,252.161674,103.88,99.97,820.59,512,288,BGR888p,,,,,
246.8492,detections,7341,252.161674,103.92,99.97,820.84,,,,2,1:0.80 1:0.60,,,
246.9544,frame,7344,252.26164,105.5,99.97,826.11,512,288,BGR888p,,,,,
246.9547,detections,7344,252.26164,105.46,99.97,826.33,,,,2,1:0.80 1:0.55,,,
247.0567,frame,7347,252.361605,102.24,99.96,828.39,512,288,BGR888p,,,,,
247.0569,detections,7347,252.361605,102.24,99.96,828.61,,,,2,1:0.80 1:0.57,,,
247.1573,frame,7350,252.461577,100.58,99.97,829.0,512,288,BGR888p,,,,,
247.1575,detections,7350,252.461577,100.58,99.97,829.22,,,,2,1:0.80 1:0.62,,,
247.2602,frame,7353,252.561538,102.93,99.96,831.97,512,288,BGR888p,,,,,
247.2605,detections,7353,252.561538,102.93,99.96,832.19,,,,2,1:0.80 1:0.61,,,
247.3657,frame,7356,252.661501,105.49,99.96,837.5,512,288,BGR888p,,,,,
247.3661,detections,7356,252.661501,105.65,99.96,837.93,,,,2,1:0.80 1:0.64,,,
247.4686,frame,7359,252.761467,102.93,99.97,840.46,512,288,BGR888p,,,,,
247.4689,detections,7359,252.761467,102.76,99.97,840.68,,,,1,1:0.78,,,
247.5717,frame,7363,252.894754,103.1,133.29,810.27,512,288,BGR888p,,,,,
247.572,detections,7363,252.894754,103.1,133.29,810.49,,,,2,1:0.79 1:0.40,,,
247.6723,frame,7366,252.994721,100.55,99.97,810.85,512,288,BGR888p,,,,,
247.6725,detections,7366,252.994721,100.55,99.97,811.07,,,,2,1:0.79 1:0.60,,,
247.7741,frame,7369,253.094687,101.79,99.97,812.69,512,288,BGR888p,,,,,
247.7743,detections,7369,253.094687,101.79,99.97,812.88,,,,2,1:0.81 1:0.56,,,
247.7745,system,0,,1028.99,,,,,,,,52.51,22.3,13.0
247.8767,frame,7372,253.194653,102.63,99.97,815.34,512,288,BGR888p,,,,,
247.8769,detections,7372,253.194653,102.63,99.97,815.56,,,,2,1:0.82 1:0.60,,,
247.9795,frame,7375,253.294619,102.85,99.97,818.22,512,288,BGR888p,,,,,
247.9798,detections,7375,253.294619,102.85,99.97,818.44,,,,2,1:0.81 1:0.53,,,
248.0849,frame,7378,253.394584,105.38,99.96,823.64,512,288,BGR888p,,,,,
248.0852,detections,7378,253.394584,105.42,99.96,823.9,,,,2,1:0.81 1:0.48,,,
248.186,frame,7381,253.494549,101.08,99.96,824.76,512,288,BGR888p,,,,,
248.1863,detections,7381,253.494549,101.08,99.96,825.01,,,,2,1:0.81 1:0.40,,,
248.2887,frame,7384,253.594516,102.69,99.97,827.44,512,288,BGR888p,,,,,
248.2889,detections,7384,253.594516,102.58,99.97,827.59,,,,2,1:0.81 1:0.54,,,
248.3914,frame,7387,253.694483,102.76,99.97,830.27,512,288,BGR888p,,,,,
248.3918,detections,7387,253.694483,102.97,99.97,830.66,,,,2,1:0.80 1:0.36,,,
248.4907,frame,7390,253.794445,99.29,99.96,828.59,512,288,BGR888p,,,,,
248.491,detections,7390,253.794445,99.17,99.96,828.83,,,,1,1:0.81,,,
248.5946,frame,7393,253.894411,103.89,99.97,832.51,512,288,BGR888p,,,,,
248.5949,detections,7393,253.894411,103.87,99.97,832.73,,,,1,1:0.79,,,
248.7001,frame,7397,254.027698,105.43,133.29,804.69,512,288,BGR888p,,,,,
248.7004,detections,7397,254.027698,105.48,133.29,804.92,,,,1,1:0.80,,,
248.8021,frame,7400,254.127665,102.03,99.97,806.76,512,288,BGR888p,,,,,
248.8027,detections,7400,254.127665,102.39,99.97,807.37,,,,1,1:0.79,,,
248.803,system,0,,1028.51,,,,,,,,52.56,22.0,12.8
248.9054,frame,7403,254.22763,103.35,99.96,810.11,512,288,BGR888p,,,,,
248.9057,detections,7403,254.22763,102.95,99.96,810.33,,,,1,1:0.83,,,
249.0054,frame,7406,254.327596,99.92,99.97,810.06,512,288,BGR888p,,,,,
249.0056,detections,7406,254.327596,99.92,99.97,810.28,,,,1,1:0.81,,,
249.1096,frame,7409,254.427562,104.21,99.97,814.31,512,288,BGR888p,,,,,
249.1098,detections,7409,254.427562,104.21,99.97,814.52,,,,2,1:0.80 1:0.60,,,
249.2118,frame,7412,254.52753,102.25,99.97,816.59,512,288,BGR888p,,,,,
249.2121,detections,7412,254.52753,102.25,99.97,816.84,,,,2,1:0.80 1:0.57,,,
249.3173,frame,7415,254.627494,105.45,99.96,822.08,512,288,BGR888p,,,,,
249.3175,detections,7415,254.627494,105.45,99.96,822.3,,,,2,1:0.79 1:0.37,,,
249.4181,frame,7418,254.727459,100.81,99.96,822.96,512,288,BGR888p,,,,,
249.4192,detections,7418,254.727459,101.7,99.96,824.07,,,,2,1:0.81 1:0.49,,,
249.521,frame,7421,254.827425,102.94,99.97,825.9,512,288,BGR888p,,,,,
249.5216,detections,7421,254.827425,102.39,99.97,826.49,,,,1,1:0.81,,,
249.6244,frame,7424,254.927396,103.35,99.97,829.29,512,288,BGR888p,,,,,
249.6246,detections,7424,254.927396,103.01,99.97,829.5,,,,2,1:0.81 1:0.46,,,
249.7243,frame,7427,255.027355,99.9,99.96,829.23,512,288,BGR888p,,,,,
249.7246,detections,7427,255.027355,99.93,99.96,829.47,,,,2,1:0.80 1:0.46,,,
249.7248,system,0,,921.79,,,,,,,,52.68,20.7,12.6
249.8277,frame,7430,255.12732,103.4,99.96,832.66,512,288,BGR888p,,,,,
249.8279,detections,7430,255.12732,103.37,99.96,832.88,,,,1,1:0.83,,,
249.9323,frame,7434,255.260608,104.63,133.29,804.0,512,288,BGR888p,,,,,
249.9326,detections,7434,255.260608,104.62,133.29,804.21,,,,1,1:0.83,,,
250.0366,frame,7437,255.360574,104.27,99.97,808.3,512,288,BGR888p,,,,,
250.0368,detections,7437,255.360574,104.27,99.97,808.52,,,,2,1:0.83 1:0.53,,,
250.1378,frame,7440,255.46054,101.23,99.97,809.56,512,288,BGR888p,,,,,
250.1381,detections,7440,255.46054,101.23,99.97,809.78,,,,1,1:0.79,,,
250.24,frame,7443,255.560508,102.23,99.97,811.82,512,288,BGR888p,,,,,
250.2403,detections,7443,255.560508,102.26,99.97,812.07,,,,1,1:0.80,,,
250.3433,frame,7446,255.660472,103.32,99.96,815.18,512,288,BGR888p,,,,,
250.3436,detections,7446,255.660472,103.29,99.96,815.4,,,,2,1:0.81 1:0.57,,,
250.4456,frame,7449,255.760441,102.29,99.97,817.49,512,288,BGR888p,,,,,
250.446,detections,7449,255.760441,102.44,99.97,817.87,,,,3,1:0.78 1:0.47 1:0.39,,,
250.548,frame,7452,255.860405,102.32,99.96,819.85,512,288,BGR888p,,,,,
250.5483,detections,7452,255.860405,102.21,99.96,820.12,,,,1,1:0.78,,,
250.6523,frame,7455,255.960369,104.33,99.96,824.22,512,288,BGR888p,,,,,
250.6528,detections,7455,255.960369,104.56,99.96,824.74,,,,1,1:0.62,,,
250.7559,frame,7458,256.060338,103.65,99.97,827.89,512,288,BGR888p,,,,,
250.7562,detections,7458,256.060338,103.41,99.97,828.16,,,,1,1:0.80,,,
250.7564,system,0,,1031.66,,,,,,,,52.07,21.6,12.7
250.857,frame,7461,256.160301,101.06,99.96,828.99,512,288,BGR888p,,,,,
250.8573,detections,7461,256.160301,101.05,99.96,829.24,,,,1,1:0.76,,,
250.9594,frame,7464,256.260265,102.43,99.96,831.46,512,288,BGR888p,,,,,
250.9597,detections,7464,256.260265,102.4,99.96,831.68,,,,1,1:0.74,,,
251.0629,frame,7467,256.36023,103.44,99.96,834.93,512,288,BGR888p,,,,,
251.0631,detections,7467,256.36023,103.44,99.96,835.18,,,,1,1:0.72,,,
251.1681,frame,7471,256.493518,105.24,133.29,806.92,512,288,BGR888p,,,,,
251.1687,detections,7471,256.493518,105.54,133.29,807.44,,,,1,1:0.70,,,
251.2713,frame,7474,256.593484,103.19,99.97,810.11,512,288,BGR888p,,,,,
251.2715,detections,7474,256.593484,102.89,99.97,810.32,,,,1,1:0.74,,,
251.3738,frame,7477,256.69345,102.5,99.97,812.66,512,288,BGR888p,,,,,
251.3741,detections,7477,256.69345,102.53,99.97,812.92,,,,1,1:0.72,,,
251.4764,frame,7480,256.793416,102.64,99.97,815.32,512,288,BGR888p,,,,,
251.4768,detections,7480,256.793416,102.75,99.97,815.68,,,,1,1:0.73,,,
251.5786,frame,7483,256.893384,102.15,99.97,817.5,512,288,BGR888p,,,,,
251.5788,detections,7483,256.893384,102.01,99.97,817.72,,,,1,1:0.73,,,
251.6807,frame,7486,256.993349,102.08,99.96,819.61,512,288,BGR888p,,,,,
251.6809,detections,7486,256.993349,102.08,99.96,819.83,,,,1,1:0.68,,,
251.786,frame,7489,257.093315,105.35,99.97,825.0,512,288,BGR888p,,,,,
251.7863,detections,7489,257.093315,105.38,99.97,825.25,,,,1,1:0.66,,,
251.7865,system,0,,1030.07,,,,,,,,52.68,21.9,13.2
251.8888,frame,7492,257.193279,102.83,99.96,827.86,512,288,BGR888p,,,,,
251.8891,detections,7492,257.193279,102.8,99.96,828.12,,,,1,1:0.60,,,
251.9898,frame,7495,257.293245,100.99,99.97,828.89,512,288,BGR888p,,,,,
251.9901,detections,7495,257.293245,100.99,99.97,829.14,,,,1,1:0.64,,,
252.091,frame,7498,257.393209,101.16,99.96,830.09,512,288,BGR888p,,,,,
252.0913,detections,7498,257.393209,101.2,99.96,830.34,,,,1,1:0.64,,,
252.1952,frame,7501,257.493174,104.17,99.96,834.3,512,288,BGR888p,,,,,
252.1954,detections,7501,257.493174,104.14,99.96,834.52,,,,1,1:0.68,,,
252.3015,frame,7505,257.626462,106.3,133.29,807.31,512,288,BGR888p,,,,,
252.3017,detections,7505,257.626462,106.29,133.29,807.53,,,,1,1:0.71,,,
252.4044,frame,7508,257.726428,102.94,99.97,810.29,512,288,BGR888p,,,,,
252.4047,detections,7508,257.726428,102.95,99.97,810.51,,,,1,1:0.73,,,
252.5064,frame,7511,257.826394,101.97,99.97,812.29,512,288,BGR888p,,,,,
252.5068,detections,7511,257.826394,102.1,99.97,812.65,,,,1,1:0.68,,,
252.6092,frame,7514,257.926379,102.84,99.99,815.08,512,288,BGR888p,,,,,
252.6093,detections,7514,257.926379,102.56,99.99,815.17,,,,1,1:0.72,,,
252.7122,frame,7517,258.026327,103.01,99.95,818.21,512,288,BGR888p,,,,,
252.7125,detections,7517,258.026327,103.16,99.95,818.42,,,,1,1:0.71,,,
252.7127,system,0,,926.18,,,,,,,,52.24,21.9,13.3
252.817,frame,7520,258.126294,104.77,99.97,823.01,512,288,BGR888p,,,,,
252.8173,detections,7520,258.126294,104.81,99.97,823.27,,,,1,1:0.69,,,
252.919,frame,7523,258.226257,102.0,99.96,825.12,512,288,BGR888p,,,,,
252.9193,detections,7523,258.226257,102.04,99.96,825.35,,,,1,1:0.72,,,
253.0218,frame,7526,258.326223,102.83,99.97,827.92,512,288,BGR888p,,,,,
253.0221,detections,7526,258.326223,102.76,99.97,828.17,,,,1,1:0.70,,,
253.1235,frame,7529,258.426196,101.61,99.97,829.56,512,288,BGR888p,,,,,
253.1237,detections,7529,258.426196,101.61,99.97,829.78,,,,1,1:0.73,,,
253.2235,frame,7532,258.526154,100.05,99.96,829.66,512,288,BGR888p,,,,,
253.2238,detections,7532,258.526154,100.05,99.96,829.88,,,,1,1:0.76,,,
253.3272,frame,7535,258.626119,103.69,99.96,833.38,512,288,BGR888p,,,,,
253.3275,detections,7535,258.626119,103.7,99.96,833.61,,,,1,1:0.76,,,
253.4325,frame,7539,258.759406,105.3,133.29,805.4,512,288,BGR888p,,,,,
253.4328,detections,7539,258.759406,105.3,133.29,805.62,,,,1,1:0.64,,,
253.5353,frame,7542,258.859372,102.8,99.97,808.23,512,288,BGR888p,,,,,
253.536,detections,7542,258.859372,103.27,99.97,808.96,,,,1,1:0.55,,,
253.6367,frame,7545,258.959339,101.42,99.97,809.63,512,288,BGR888p,,,,,
253.6369,detections,7545,258.959339,100.83,99.97,809.76,,,,1,1:0.72,,,
253.7398,frame,7548,259.059304,103.11,99.96,812.82,512,288,BGR888p,,,,,
253.7401,detections,7548,259.059304,103.21,99.96,813.06,,,,1,1:0.59,,,
253.7403,system,0,,1027.63,,,,,,,,52.46,21.0,12.4
253.8425,frame,7551,259.15927,102.66,99.97,815.51,512,288,BGR888p,,,,,
253.8427,detections,7551,259.15927,102.66,99.97,815.73,,,,1,1:0.62,,,
253.9441,frame,7554,259.259237,101.65,99.97,817.23,512,288,BGR888p,,,,,
253.9444,detections,7554,259.259237,101.69,99.97,817.45,,,,1,1:0.58,,,
254.0473,frame,7557,259.359202,103.14,99.96,820.37,512,288,BGR888p,,,,,
254.0475,detections,7557,259.359202,103.11,99.96,820.59,,,,1,1:0.59,,,
254.1504,frame,7560,259.459167,103.11,99.96,823.52,512,288,BGR888p,,,,,
254.151,detections,7560,259.459167,103.44,99.96,824.1,,,,1,1:0.66,,,
254.2539,frame,7563,259.559133,103.5,99.97,827.05,512,288,BGR888p,,,,,
254.2542,detections,7563,259.559133,103.2,99.97,827.32,,,,1,1:0.63,,,
254.3565,frame,7566,259.659102,102.63,99.97,829.71,512,288,BGR888p,,,,,
254.3568,detections,7566,259.659102,102.59,99.97,829.93,,,,1,1:0.71,,,
254.4557,frame,7569,259.759063,99.2,99.96,828.95,512,288,BGR888p,,,,,
254.456,detections,7569,259.759063,99.2,99.96,829.17,,,,1,1:0.62,,,
254.5588,frame,7572,259.859028,103.12,99.96,832.1,512,288,BGR888p,,,,,
254.5593,detections,7572,259.859028,103.29,99.96,832.49,,,,1,1:0.64,,,
254.6621,frame,7576,259.992316,103.23,133.29,802.0,512,288,BGR888p,,,,,
254.6622,detections,7576,259.992316,102.97,133.29,802.14,,,,1,1:0.71,,,
254.7677,frame,7579,260.092282,105.62,99.97,807.7,512,288,BGR888p,,,,,
254.7679,detections,7579,260.092282,105.71,99.97,807.91,,,,1,1:0.66,,,
254.7681,system,0,,1027.81,,,,,,,,52.35,22.1,13.3
254.871,frame,7582,260.192248,103.34,99.97,811.07,512,288,BGR888p,,,,,
254.8713,detections,7582,260.192248,103.38,99.97,811.33,,,,1,1:0.68,,,
254.9704,frame,7585,260.292214,99.36,99.97,810.47,512,288,BGR888p,,,,,
254.9706,detections,7585,260.292214,99.33,99.97,810.69,,,,1,1:0.69,,,
255.0722,frame,7588,260.392181,101.86,99.97,812.39,512,288,BGR888p,,,,,
255.0725,detections,7588,260.392181,101.9,99.97,812.62,,,,1,1:0.54,,,
255.1752,frame,7591,260.492146,103.01,99.96,815.4,512,288,BGR888p,,,,,
255.1755,detections,7591,260.492146,102.97,99.96,815.62,,,,1,1:0.50,,,
255.2777,frame,7594,260.592111,102.5,99.96,817.94,512,288,BGR888p,,,,,
255.278,detections,7594,260.592111,102.5,99.96,818.16,,,,1,1:0.47,,,
255.3831,frame,7597,260.692077,105.37,99.97,823.37,512,288,BGR888p,,,,,
255.3834,detections,7597,260.692077,105.4,99.97,823.59,,,,1,1:0.49,,,
255.4847,frame,7600,260.792043,101.57,99.97,824.95,512,288,BGR888p,,,,,
255.4853,detections,7600,260.792043,101.87,99.97,825.53,,,,0,,,,
255.588,frame,7603,260.892012,103.26,99.97,828.27,512,288,BGR888p,,,,,
255.5886,detections,7603,260.892012,103.29,99.97,828.83,,,,1,1:0.45,,,
255.6893,frame,7606,260.991974,101.36,99.96,829.68,512,288,BGR888p,,,,,
255.6897,detections,7606,260.991974,101.11,99.96,829.97,,,,1,1:0.66,,,
255.7899,frame,7609,261.091938,100.55,99.96,830.23,512,288,BGR888p,,,,,
255.7901,detections,7609,261.091938,100.45,99.96,830.49,,,,1,1:0.67,,,
255.7904,system,0,,1022.24,,,,,,,,52.62,22.2,12.8
255.8947,frame,7612,261.191904,104.85,99.97,835.11,512,288,BGR888p,,,,,
255.895,detections,7612,261.191904,104.85,99.97,835.33,,,,1,1:0.67,,,
255.9983,frame,7616,261.325192,103.58,133.29,805.4,512,288,BGR888p,,,,,
255.9989,detections,7616,261.325192,103.93,133.29,806.0,,,,1,1:0.67,,,
256.1033,frame,7619,261.425157,104.98,99.96,810.45,512,288,BGR888p,,,,,
256.1036,detections,7619,261.425157,104.71,99.96,810.71,,,,1,1:0.68,,,
256.2038,frame,7622,261.525124,100.53,99.97,810.97,512,288,BGR888p,,,,,
256.2041,detections,7622,261.525124,100.45,99.97,811.19,,,,1,1:0.52,,,
256.3067,frame,7625,261.62509,102.91,99.97,813.91,512,288,BGR888p,,,,,
256.307,detections,7625,261.62509,102.91,99.97,814.13,,,,1,1:0.50,,,
256.4095,frame,7628,261.725055,102.77,99.96,816.71,512,288,BGR888p,,,,,
256.4097,detections,7628,261.725055,102.77,99.96,816.94,,,,1,1:0.57,,,
256.5128,frame,7631,261.825027,103.38,99.97,820.12,512,288,BGR888p,,,,,
256.5131,detections,7631,261.825027,103.38,99.97,820.4,,,,0,,,,
256.6165,frame,7634,261.924988,103.68,99.96,823.85,512,288,BGR888p,,,,,
256.6169,detections,7634,261.924988,103.83,99.96,824.23,,,,0,,,,
256.7204,frame,7637,262.024955,103.91,99.97,826.87,512,288,BGR888p,,,,,
256.7207,detections,7637,262.024955,103.76,99.97,827.1,,,,0,,,,
256.7209,system,0,,930.51,,,,,,,,52.4,22.0,12.9
256.8231,frame,7640,262.124918,102.68,99.96,829.62,512,288,BGR888p,,,,,
256.8234,detections,7640,262.124918,102.72,99.96,829.85,,,,1,1:0.42,,,
256.9223,frame,7643,262.224884,99.22,99.97,828.83,512,288,BGR888p,,,,,
256.9226,detections,7643,262.224884,99.17,99.97,829.05,,,,0,,,,
257.0261,frame,7646,262.324848,103.72,99.96,832.62,512,288,BGR888p,,,,,
257.0263,detections,7646,262.324848,103.76,99.96,832.85,,,,1,1:0.40,,,
257.1313,frame,7649,262.424814,105.3,99.97,837.93,512,288,BGR888p,,,,,
257.1316,detections,7649,262.424814,105.26,99.97,838.15,,,,1,1:0.40,,,
257.2336,frame,7653,262.558101,102.23,133.29,806.86,512,288,BGR888p,,,,,
257.2338,detections,7653,262.558101,102.22,133.29,807.08,,,,1,1:0.39,,,
257.3368,frame,7656,262.658068,103.19,99.97,810.09,512,288,BGR888p,,,,,
257.337,detections,7656,262.658068,103.19,99.97,810.3,,,,0,,,,
257.4379,frame,7659,262.758034,101.17,99.97,811.29,512,288,BGR888p,,,,,
257.4382,detections,7659,262.758034,101.21,99.97,811.56,,,,1,1:0.40,,,
257.5399,frame,7662,262.857999,101.98,99.96,813.31,512,288,BGR888p,,,,,
257.5405,detections,7662,262.857999,102.23,99.96,813.86,,,,0,,,,
257.6424,frame,7665,262.957969,102.52,99.97,815.85,512,288,BGR888p,,,,,
257.6428,detections,7665,262.957969,102.37,99.97,816.22,,,,1,2:0.38,,,
257.7487,frame,7668,263.057934,106.31,99.96,822.19,512,288,BGR888p,,,,,
257.749,detections,7668,263.057934,106.16,99.96,822.41,,,,1,2:0.38,,,
257.7492,system,0,,1028.33,,,,,,,,52.35,20.8,12.3
257.8508,frame,7671,263.157897,102.09,99.96,824.32,512,288,BGR888p,,,,,
257.8516,detections,7671,263.157897,102.61,99.96,825.09,,,,0,,,,
257.9537,frame,7674,263.257863,102.85,99.97,827.21,512,288,BGR888p,,,,,
257.9539,detections,7674,263.257863,102.35,99.97,827.44,,,,0,,,,
258.0564,frame,7677,263.357829,102.76,99.97,830.01,512,288,BGR888p,,,,,
258.0567,detections,7677,263.357829,102.78,99.97,830.26,,,,0,,,,
258.1562,frame,7680,263.457793,99.8,99.96,829.84,512,288,BGR888p,,,,,
258.1565,detections,7680,263.457793,99.77,99.96,830.07,,,,0,,,,
258.2613,frame,7683,263.557758,105.03,99.96,834.9,512,288,BGR888p,,,,,
258.2615,detections,7683,263.557758,105.03,99.96,835.13,,,,0,,,,
258.3659,frame,7686,263.657724,104.59,99.97,839.52,512,288,BGR888p,,,,,
258.3661,detections,7686,263.657724,104.58,99.97,839.77,,,,0,,,,
258.4689,frame,7690,263.791011,103.0,133.29,809.24,512,288,BGR888p,,,,,
258.4691,detections,7690,263.791011,103.01,133.29,809.49,,,,0,,,,
258.5692,frame,7693,263.890978,100.38,99.97,809.66,512,288,BGR888p,,,,,
258.5695,detections,7693,263.890978,100.38,99.97,809.88,,,,0,,,,
258.6711,frame,7696,263.990944,101.85,99.97,811.56,512,288,BGR888p,,,,,
258.6715,detections,7696,263.990944,102.04,99.97,811.96,,,,0,,,,
258.7753,frame,7699,264.09091,104.26,99.97,815.83,512,288,BGR888p,,,,,
258.7756,detections,7699,264.09091,104.07,99.97,816.06,,,,0,,,,
258.7758,system,0,,1026.58,,,,,,,,52.51,21.7,13.2
258.8765,frame,7702,264.190875,101.18,99.96,817.05,512,288,BGR888p,,,,,
258.8768,detections,7702,264.190875,101.18,99.96,817.27,,,,0,,,,
258.9796,frame,7705,264.290841,103.05,99.97,820.13,512,288,BGR888p,,,,,
258.9798,detections,7705,264.290841,103.05,99.97,820.36,,,,0,,,,
259.0834,frame,7708,264.390808,103.85,99.97,824.02,512,288,BGR888p,,,,,
259.0837,detections,7708,264.390808,103.86,99.97,824.25,,,,0,,,,
259.1855,frame,7711,264.490772,102.07,99.96,826.12,512,288,BGR888p,,,,,
259.1862,detections,7711,264.490772,102.52,99.96,826.84,,,,0,,,,
259.2889,frame,7714,264.590738,103.38,99.97,829.54,512,288,BGR888p,,,,,
259.2892,detections,7714,264.590738,102.96,99.97,829.8,,,,0,,,,
259.3884,frame,7717,264.690702,99.56,99.96,829.14,512,288,BGR888p,,,,,
259.3887,detections,7717,264.690702,99.53,99.96,829.37,,,,0,,,,
259.4914,frame,7720,264.790668,102.94,99.97,832.12,512,288,BGR888p,,,,,
259.4917,detections,7720,264.790668,102.95,99.97,832.35,,,,0,,,,
259.5948,frame,7724,264.923955,103.38,133.29,802.21,512,288,BGR888p,,,,,
259.595,detections,7724,264.923955,103.37,133.29,802.44,,,,0,,,,
259.6987,frame,7727,265.023921,103.88,99.97,806.12,512,288,BGR888p,,,,,
259.6997,detections,7727,265.023921,104.67,99.97,807.17,,,,0,,,,
259.8032,frame,7730,265.123887,104.56,99.97,810.71,512,288,BGR888p,,,,,
259.8035,detections,7730,265.123887,103.77,99.97,810.95,,,,0,,,,
259.8036,system,0,,1027.86,,,,,,,,52.78,21.5,12.8
259.9053,frame,7733,265.223853,102.14,99.97,812.88,512,288,BGR888p,,,,,
259.9056,detections,7733,265.223853,102.14,99.97,813.11,,,,0,,,,
260.0073,frame,7736,265.323819,101.98,99.97,814.89,512,288,BGR888p,,,,,
260.0076,detections,7736,265.323819,101.97,99.97,815.12,,,,0,,,,
260.1099,frame,7739,265.423785,102.59,99.97,817.53,512,288,BGR888p,,,,,
260.1102,detections,7739,265.423785,102.65,99.97,817.81,,,,0,,,,
260.2125,frame,7742,265.523753,102.55,99.97,820.1,512,288,BGR888p,,,,,
260.2127,detections,7742,265.523753,102.49,99.97,820.33,,,,0,,,,
260.316,frame,7745,265.623721,103.57,99.97,823.74,512,288,BGR888p,,,,,
260.3171,detections,7745,265.623721,104.37,99.97,824.81,,,,0,,,,
260.4193,frame,7748,265.723682,103.22,99.96,826.96,512,288,BGR888p,,,,,
260.4195,detections,7748,265.723682,102.42,99.96,827.19,,,,1,1:0.77,,,
260.5219,frame,7751,265.823649,102.65,99.97,829.64,512,288,BGR888p,,,,,
260.5222,detections,7751,265.823649,102.68,99.97,829.91,,,,1,1:0.71,,,
260.6222,frame,7754,265.923612,100.31,99.96,829.99,512,288,BGR888p,,,,,
260.6225,detections,7754,265.923612,100.27,99.96,830.21,,,,2,1:0.68 1:0.52,,,
260.7231,frame,7757,266.023577,100.86,99.96,830.92,512,288,BGR888p,,,,,
260.7235,detections,7757,266.023577,101.04,99.96,831.29,,,,1,1:0.66,,,
260.7237,system,0,,920.06,,,,,,,,52.51,21.5,13.0
260.8278,frame,7761,266.156868,104.73,133.29,802.33,512,288,BGR888p,,,,,
260.8281,detections,7761,266.156868,104.56,133.29,802.55,,,,2,1:0.74 1:0.56,,,
260.9324,frame,7764,266.256831,104.61,99.96,806.97,512,288,BGR888p,,,,,
260.9329,detections,7764,266.256831,104.88,99.96,807.5,,,,2,1:0.76 1:0.48,,,
261.036,frame,7767,266.356799,103.63,99.97,810.66,512,288,BGR888p,,,,,
261.0363,detections,7767,266.356799,103.38,99.97,810.88,,,,2,1:0.78 1:0.57,,,
261.1384,frame,7770,266.456764,102.39,99.96,813.05,512,288,BGR888p,,,,,
261.1387,detections,7770,266.456764,102.36,99.96,813.27,,,,2,1:0.76 1:0.49,,,
261.2415,frame,7773,266.556729,103.08,99.96,816.18,512,288,BGR888p,,,,,
261.2418,detections,7773,266.556729,103.08,99.96,816.39,,,,1,1:0.80,,,
261.3455,frame,7776,266.656696,103.95,99.97,820.16,512,288,BGR888p,,,,,
261.3457,detections,7776,266.656696,103.95,99.97,820.37,,,,1,1:0.82,,,
261.4505,frame,7779,266.756662,105.02,99.97,825.21,512,288,BGR888p,,,,,
261.451,detections,7779,266.756662,105.29,99.97,825.73,,,,1,1:0.78,,,
261.5543,frame,7782,266.856629,103.86,99.97,829.1,512,288,BGR888p,,,,,
261.5546,detections,7782,266.856629,103.59,99.97,829.32,,,,1,1:0.81,,,
261.6548,frame,7785,266.956592,100.41,99.96,829.55,512,288,BGR888p,,,,,
261.655,detections,7785,266.956592,100.41,99.96,829.77,,,,0,,,,
261.7597,frame,7788,267.056564,104.98,99.97,834.56,512,288,BGR888p,,,,,
261.7602,detections,7788,267.056564,105.18,99.97,834.99,,,,0,,,,
261.7604,system,0,,1036.67,,,,,,,,52.46,21.3,12.4
261.8666,frame,7791,267.156522,106.84,99.96,841.45,512,288,BGR888p,,,,,
261.8668,detections,7791,267.156522,106.66,99.96,841.68,,,,0,,,,
261.9688,frame,7794,267.256487,102.2,99.96,843.68,512,288,BGR888p,,,,,
261.969,detections,7794,267.256487,102.19,99.96,843.91,,,,0,,,,
262.0696,frame,7798,267.389775,100.82,133.29,811.25,512,288,BGR888p,,,,,
262.07,detections,7798,267.389775,100.95,133.29,811.62,,,,0,,,,
262.1717,frame,7801,267.489741,102.06,99.97,813.3,512,288,BGR888p,,,,,
262.1719,detections,7801,267.489741,101.94,99.97,813.53,,,,0,,,,
262.2752,frame,7804,267.589707,103.53,99.97,816.87,512,288,BGR888p,,,,,
262.2755,detections,7804,267.589707,103.53,99.97,817.1,,,,0,,,,
262.3791,frame,7807,267.689674,103.89,99.97,820.82,512,288,BGR888p,,,,,
262.3794,detections,7807,267.689674,103.92,99.97,821.05,,,,0,,,,
262.4836,frame,7810,267.789639,104.54,99.96,825.38,512,288,BGR888p,,,,,
262.4845,detections,7810,267.789639,105.16,99.96,826.28,,,,0,,,,
262.5875,frame,7813,267.889605,103.93,99.97,829.32,512,288,BGR888p,,,,,
262.5878,detections,7813,267.889605,103.27,99.97,829.55,,,,0,,,,
262.6877,frame,7816,267.989572,100.12,99.97,829.47,512,288,BGR888p,,,,,
262.6879,detections,7816,267.989572,100.12,99.97,829.71,,,,0,,,,
262.7914,frame,7819,268.089538,103.78,99.97,833.26,512,288,BGR888p,,,,,
262.7917,detections,7819,268.089538,103.8,99.97,833.52,,,,0,,,,
262.7919,system,0,,1031.48,,,,,,,,52.67,22.2,13.1
262.8944,frame,7822,268.1895,102.93,99.96,836.25,512,288,BGR888p,,,,,
262.8946,detections,7822,268.1895,102.91,99.96,836.5,,,,0,,,,
262.9986,frame,7825,268.289466,104.24,99.97,840.52,512,288,BGR888p,,,,,
262.9989,detections,7825,268.289466,104.23,99.97,840.76,,,,0,,,,
263.1004,frame,7829,268.422753,101.8,133.29,809.04,512,288,BGR888p,,,,,
263.1007,detections,7829,268.422753,101.8,133.29,809.27,,,,0,,,,
263.2021,frame,7832,268.52272,101.67,99.97,810.77,512,288,BGR888p,,,,,
263.2024,detections,7832,268.52272,101.7,99.97,811.0,,,,0,,,,
263.3034,frame,7835,268.622686,101.32,99.97,812.11,512,288,BGR888p,,,,,
263.3037,detections,7835,268.622686,101.32,99.97,812.37,,,,0,,,,
263.4073,frame,7838,268.722653,103.88,99.97,816.01,512,288,BGR888p,,,,,
263.4075,detections,7838,268.722653,103.85,99.97,816.24,,,,0,,,,
263.5104,frame,7841,268.822618,103.07,99.96,819.13,512,288,BGR888p,,,,,
263.5106,detections,7841,268.822618,103.08,99.96,819.36,,,,0,,,,
263.6149,frame,7844,268.922583,104.51,99.96,823.67,512,288,BGR888p,,,,,
263.6151,detections,7844,268.922583,104.51,99.96,823.94,,,,0,,,,
263.717,frame,7847,269.022549,102.09,99.97,825.8,512,288,BGR888p,,,,,
263.7173,detections,7847,269.022549,102.13,99.97,826.07,,,,0,,,,
263.8191,frame,7850,269.122514,102.15,99.96,828.02,512,288,BGR888p,,,,,
263.8196,detections,7850,269.122514,102.32,99.96,828.44,,,,0,,,,
263.8198,system,0,,1027.92,,,,,,,,52.62,22.2,12.7
263.9214,frame,7853,269.222481,102.27,99.97,830.28,512,288,BGR888p,,,,,
263.9216,detections,7853,269.222481,102.06,99.97,830.51,,,,0,,,,
264.0216,frame,7856,269.322445,100.2,99.96,830.52,512,288,BGR888p,,,,,
264.0218,detections,7856,269.322445,100.2,99.96,830.76,,,,0,,,,
264.1244,frame,7859,269.42241,102.81,99.96,833.37,512,288,BGR888p,,,,,
264.1247,detections,7859,269.42241,102.81,99.96,833.6,,,,0,,,,
264.2274,frame,7863,269.555698,103.03,133.29,803.11,512,288,BGR888p,,,,,
264.2277,detections,7863,269.555698,103.03,133.29,803.34,,,,0,,,,
264.3322,frame,7866,269.655664,104.8,99.97,807.95,512,288,BGR888p,,,,,
264.333,detections,7866,269.655664,105.31,99.97,808.71,,,,0,,,,
264.4353,frame,7869,269.75563,103.12,99.97,811.1,512,288,BGR888p,,,,,
264.4356,detections,7869,269.75563,102.62,99.97,811.33,,,,0,,,,
264.5375,frame,7872,269.855596,102.17,99.97,813.31,512,288,BGR888p,,,,,
264.5378,detections,7872,269.855596,102.17,99.97,813.54,,,,0,,,,
264.6397,frame,7875,269.955561,102.18,99.96,814.28,512,288,BGR888p,,,,,
264.64,detections,7875,269.955561,102.19,99.96,814.51,,,,0,,,,
264.7421,frame,7878,270.055529,102.42,99.97,816.75,512,288,BGR888p,,,,,
264.7424,detections,7878,270.055529,102.45,99.97,816.99,,,,0,,,,
264.7426,system,0,,922.82,,,,,,,,52.29,21.1,12.4
264.8451,frame,7881,270.155493,102.95,99.96,819.75,512,288,BGR888p,,,,,
264.8455,detections,7881,270.155493,103.12,99.96,820.15,,,,0,,,,
264.9492,frame,7884,270.255459,104.12,99.97,823.88,512,288,BGR888p,,,,,
264.9503,detections,7884,270.255459,104.8,99.97,825.02,,,,0,,,,
265.0522,frame,7887,270.355424,103.04,99.97,826.93,512,288,BGR888p,,,,,
265.0525,detections,7887,270.355424,102.16,99.97,827.16,,,,0,,,,
265.1537,frame,7890,270.455396,101.46,99.97,828.42,512,288,BGR888p,,,,,
265.1539,detections,7890,270.455396,101.46,99.97,828.65,,,,0,,,,
265.2538,frame,7893,270.555354,100.11,99.96,828.57,512,288,BGR888p,,,,,
265.2541,detections,7893,270.555354,100.11,99.96,828.79,,,,0,,,,
265.3569,frame,7896,270.65532,103.12,99.97,831.73,512,288,BGR888p,,,,,
265.3572,detections,7896,270.65532,103.16,99.97,831.99,,,,0,,,,
265.4591,frame,7900,270.788607,102.18,133.29,800.64,512,288,BGR888p,,,,,
265.4594,detections,7900,270.788607,102.17,133.29,800.87,,,,0,,,,
265.5634,frame,7903,270.888573,104.34,99.97,804.99,512,288,BGR888p,,,,,
265.5637,detections,7903,270.888573,104.31,99.97,805.22,,,,0,,,,
265.6664,frame,7906,270.988539,102.96,99.97,807.98,512,288,BGR888p,,,,,
265.6667,detections,7906,270.988539,102.98,99.97,808.23,,,,0,,,,
265.7693,frame,7909,271.088505,102.94,99.97,810.98,512,288,BGR888p,,,,,
265.7696,detections,7909,271.088505,102.94,99.97,811.21,,,,0,,,,
265.7698,system,0,,1027.19,,,,,,,,52.18,21.1,12.5
265.8712,frame,7912,271.188471,101.86,99.97,812.85,512,288,BGR888p,,,,,
265.8717,detections,7912,271.188471,102.07,99.97,813.38,,,,0,,,,
265.9738,frame,7915,271.288438,102.57,99.97,815.45,512,288,BGR888p,,,,,
265.974,detections,7915,271.288438,102.33,99.97,815.68,,,,0,,,,
266.0759,frame,7918,271.388408,102.18,99.97,817.66,512,288,BGR888p,,,,,
266.0762,detections,7918,271.388408,102.21,99.97,817.92,,,,1,2:0.43,,,
266.1808,frame,7921,271.488368,104.88,99.96,822.52,512,288,BGR888p,,,,,
266.1809,detections,7921,271.488368,104.69,99.96,822.6,,,,0,,,,
266.2839,frame,7924,271.588334,103.04,99.97,825.66,512,288,BGR888p,,,,,
266.2848,detections,7924,271.588334,103.84,99.97,826.55,,,,0,,,,
266.3854,frame,7927,271.688302,101.53,99.97,827.22,512,288,BGR888p,,,,,
266.3861,detections,7927,271.688302,101.38,99.97,827.99,,,,1,2:0.37,,,
266.4876,frame,7930,271.788266,102.19,99.96,829.44,512,288,BGR888p,,,,,
266.4878,detections,7930,271.788266,101.69,99.96,829.66,,,,0,,,,
266.5874,frame,7933,271.88823,99.81,99.96,829.29,512,288,BGR888p,,,,,
266.5876,detections,7933,271.88823,99.81,99.96,829.51,,,,0,,,,
266.6919,frame,7936,271.988195,104.56,99.96,833.88,512,288,BGR888p,,,,,
266.6922,detections,7936,271.988195,104.59,99.96,834.14,,,,0,,,,
266.7972,frame,7940,272.121483,105.28,133.29,805.87,512,288,BGR888p,,,,,
266.7975,detections,7940,272.121483,105.25,133.29,806.1,,,,0,,,,
266.7976,system,0,,1027.87,,,,,,,,52.84,21.8,12.7
266.9017,frame,7943,272.221449,104.48,99.97,810.38,512,288,BGR888p,,,,,
266.9021,detections,7943,272.221449,104.61,99.97,810.79,,,,0,,,,
267.0022,frame,7946,272.321415,100.52,99.97,810.91,512,288,BGR888p,,,,,
267.0024,detections,7946,272.321415,100.31,99.97,811.06,,,,0,,,,
267.104,frame,7949,272.421381,101.79,99.97,812.76,512,288,BGR888p,,,,,
267.1043,detections,7949,272.421381,101.91,99.97,813.03,,,,0,,,,
267.2069,frame,7952,272.521349,102.9,99.97,815.69,512,288,BGR888p,,,,,
267.2072,detections,7952,272.521349,102.89,99.97,815.95,,,,0,,,,
267.3086,frame,7955,272.621312,101.72,99.96,817.46,512,288,BGR888p,,,,,
267.3089,detections,7955,272.621312,101.7,99.96,817.68,,,,0,,,,
267.4143,frame,7958,272.721278,105.62,99.97,823.11,512,288,BGR888p,,,,,
267.4145,detections,7958,272.721278,105.62,99.97,823.34,,,,0,,,,
267.515,frame,7961,272.821245,100.77,99.97,823.91,512,288,BGR888p,,,,,
267.5153,detections,7961,272.821245,100.81,99.97,824.18,,,,0,,,,
267.6165,frame,7964,272.921209,101.48,99.96,825.43,512,288,BGR888p,,,,,
267.617,detections,7964,272.921209,101.66,99.96,825.91,,,,0,,,,
267.7211,frame,7967,273.021174,104.56,99.96,830.04,512,288,BGR888p,,,,,
267.7214,detections,7967,273.021174,104.37,99.96,830.28,,,,0,,,,
267.8211,frame,7970,273.12114,100.05,99.97,830.14,512,288,BGR888p,,,,,
267.8214,detections,7970,273.12114,100.05,99.97,830.37,,,,1,2:0.66,,,
267.8216,system,0,,1023.95,,,,,,,,52.62,21.7,13.0
267.9255,frame,7973,273.221105,104.36,99.96,834.5,512,288,BGR888p,,,,,
267.9259,detections,7973,273.221105,104.47,99.96,834.9,,,,1,2:0.56,,,
268.0319,frame,7977,273.354393,106.43,133.29,807.64,512,288,BGR888p,,,,,
268.0322,detections,7977,273.354393,106.3,133.29,807.89,,,,1,2:0.72,,,
268.1351,frame,7980,273.454359,103.23,99.97,810.95,512,288,BGR888p,,,,,
268.1354,detections,7980,273.454359,103.26,99.97,811.19,,,,1,2:0.71,,,
268.2352,frame,7983,273.554327,100.1,99.97,811.03,512,288,BGR888p,,,,,
268.2355,detections,7983,273.554327,100.04,99.97,811.25,,,,1,2:0.59,,,
268.3397,frame,7986,273.654291,104.45,99.96,815.52,512,288,BGR888p,,,,,
268.3399,detections,7986,273.654291,104.45,99.96,815.73,,,,1,2:0.64,,,
268.4418,frame,7989,273.754256,102.08,99.96,817.64,512,288,BGR888p,,,,,
268.442,detections,7989,273.754256,102.08,99.96,817.85,,,,1,2:0.60,,,
268.5447,frame,7992,273.854222,102.9,99.97,820.57,512,288,BGR888p,,,,,
268.5449,detections,7992,273.854222,102.9,99.97,820.79,,,,1,2:0.63,,,
268.6497,frame,7995,273.954188,105.06,99.97,825.67,512,288,BGR888p,,,,,
268.65,detections,7995,273.954188,105.06,99.97,825.89,,,,1,2:0.68,,,
268.7515,frame,7998,274.054155,101.78,99.97,827.48,512,288,BGR888p,,,,,
268.7522,detections,7998,274.054155,102.21,99.97,828.17,,,,1,2:0.68,,,
268.7524,system,0,,930.83,,,,,,,,52.4,20.5,12.4
268.8539,frame,8001,274.154128,102.4,99.97,829.91,512,288,BGR888p,,,,,
268.8542,detections,8001,274.154128,102.02,99.97,830.19,,,,1,2:0.69,,,
268.9567,frame,8004,274.254086,102.83,99.96,832.79,512,288,BGR888p,,,,,
268.9571,detections,8004,274.254086,102.91,99.96,833.2,,,,1,2:0.68,,,
269.0621,frame,8007,274.354049,105.32,99.96,838.18,512,288,BGR888p,,,,,
269.0624,detections,8007,274.354049,105.23,99.96,838.4,,,,1,2:0.65,,,
269.1636,frame,8011,274.487337,101.55,133.29,806.4,512,288,BGR888p,,,,,
269.1639,detections,8011,274.487337,101.51,133.29,806.62,,,,1,2:0.61,,,
269.2652,frame,8014,274.587303,101.59,99.97,808.03,512,288,BGR888p,,,,,
269.2658,detections,8014,274.587303,101.96,99.97,808.65,,,,1,2:0.67,,,
269.3696,frame,8017,274.687269,104.39,99.97,812.45,512,288,BGR888p,,,,,
269.3698,detections,8017,274.687269,104.01,99.97,812.66,,,,1,2:0.66,,,
269.4711,frame,8020,274.787235,101.57,99.97,814.08,512,288,BGR888p,,,,,
269.4714,detections,8020,274.787235,101.6,99.97,814.29,,,,1,2:0.61,,,
269.5737,frame,8023,274.887204,102.58,99.97,816.66,512,288,BGR888p,,,,,
269.574,detections,8023,274.887204,102.56,99.97,816.9,,,,1,2:0.65,,,
269.6777,frame,8026,274.987168,103.96,99.96,820.65,512,288,BGR888p,,,,,
269.6779,detections,8026,274.987168,103.94,99.96,820.87,,,,1,2:0.69,,,
269.7814,frame,8029,275.087132,103.7,99.96,824.39,512,288,BGR888p,,,,,
269.782,detections,8029,275.087132,104.03,99.96,824.96,,,,1,2:0.69,,,
269.7822,system,0,,1029.8,,,,,,,,52.62,22.2,12.8
269.8854,frame,8032,275.187097,104.05,99.96,828.47,512,288,BGR888p,,,,,
269.8857,detections,8032,275.187097,103.72,99.96,828.69,,,,1,2:0.70,,,
269.9877,frame,8035,275.287063,102.29,99.97,830.79,512,288,BGR888p,,,,,
269.9881,detections,8035,275.287063,102.45,99.97,831.22,,,,1,2:0.54,,,
270.0876,frame,8038,275.38703,99.87,99.97,830.7,512,288,BGR888p,,,,,
270.0878,detections,8038,275.38703,99.71,99.97,830.91,,,,1,2:0.50,,,
270.1906,frame,8041,275.486994,103.02,99.96,833.75,512,288,BGR888p,,,,,
270.1909,detections,8041,275.486994,103.02,99.96,833.97,,,,1,2:0.55,,,
270.2955,frame,8044,275.586959,104.85,99.96,838.64,512,288,BGR888p,,,,,
270.2957,detections,8044,275.586959,104.86,99.96,838.86,,,,1,2:0.52,,,
270.4007,frame,8048,275.72025,105.28,133.29,810.63,512,288,BGR888p,,,,,
270.401,detections,8048,275.72025,105.27,133.29,810.84,,,,1,2:0.44,,,
270.5009,frame,8051,275.820213,100.19,99.96,810.85,512,288,BGR888p,,,,,
270.5012,detections,8051,275.820213,100.22,99.96,811.1,,,,0,,,,
270.6029,frame,8054,275.920179,101.97,99.97,812.86,512,288,BGR888p,,,,,
270.6032,detections,8054,275.920179,101.97,99.97,813.11,,,,0,,,,
270.7066,frame,8057,276.020145,103.68,99.97,816.57,512,288,BGR888p,,,,,
270.7068,detections,8057,276.020145,103.66,99.97,816.8,,,,0,,,,
270.8089,frame,8060,276.120111,102.33,99.97,818.94,512,288,BGR888p,,,,,
270.8092,detections,8060,276.120111,102.36,99.97,819.2,,,,0,,,,
270.8094,system,0,,1027.15,,,,,,,,53.11,22.0,12.9
270.9147,frame,8063,276.22008,105.84,99.97,824.81,512,288,BGR888p,,,,,
270.915,detections,8063,276.22008,105.81,99.97,825.03,,,,0,,,,
271.0174,frame,8066,276.320042,102.67,99.96,827.51,512,288,BGR888p,,,,,
271.0178,detections,8066,276.320042,102.8,99.96,827.88,,,,0,,,,
271.1207,frame,8069,276.420007,103.28,99.96,830.82,512,288,BGR888p,,,,,
271.121,detections,8069,276.420007,103.14,99.96,831.05,,,,0,,,,
271.2207,frame,8072,276.519977,100.05,99.97,830.9,512,288,BGR888p,,,,,
271.221,detections,8072,276.519977,100.05,99.97,831.13,,,,0,,,,
271.3209,frame,8075,276.619937,100.15,99.96,831.04,512,288,BGR888p,,,,,
271.321,detections,8075,276.619937,100.02,99.96,831.15,,,,0,,,,
271.4259,frame,8078,276.719903,105.05,99.97,836.18,512,288,BGR888p,,,,,
271.4263,detections,8078,276.719903,105.22,99.97,836.45,,,,0,,,,
271.5317,frame,8082,276.853191,105.79,133.29,808.69,512,288,BGR888p,,,,,
271.532,detections,8082,276.853191,105.75,133.29,808.92,,,,0,,,,
271.6349,frame,8085,276.953157,103.19,99.97,811.9,512,288,BGR888p,,,,,
271.6352,detections,8085,276.953157,103.22,99.97,812.17,,,,0,,,,
271.736,frame,8088,277.053123,101.09,99.97,813.02,512,288,BGR888p,,,,,
271.7363,detections,8088,277.053123,101.07,99.97,813.27,,,,0,,,,
271.7365,system,0,,927.08,,,,,,,,52.73,22.2,13.1
271.8379,frame,8091,277.153089,101.91,99.97,814.97,512,288,BGR888p,,,,,
271.8382,detections,8091,277.153089,101.93,99.97,815.26,,,,0,,,,
271.9405,frame,8094,277.253055,102.57,99.97,817.57,512,288,BGR888p,,,,,
271.9408,detections,8094,277.253055,102.53,99.97,817.8,,,,0,,,,
272.044,frame,8097,277.35302,103.53,99.96,821.14,512,288,BGR888p,,,,,
272.0445,detections,8097,277.35302,103.72,99.96,821.56,,,,0,,,,
272.148,frame,8100,277.452986,103.99,99.97,825.17,512,288,BGR888p,,,,,
272.1483,detections,8100,277.452986,103.85,99.97,825.44,,,,0,,,,
272.251,frame,8103,277.552952,102.94,99.97,828.14,512,288,BGR888p,,,,,
272.2513,detections,8103,277.552952,102.93,99.97,828.4,,,,0,,,,
272.3536,frame,8106,277.652924,102.63,99.97,830.8,512,288,BGR888p,,,,,
272.3541,detections,8106,277.652924,102.82,99.97,831.3,,,,0,,,,
272.4541,frame,8109,277.752882,100.49,99.96,831.37,512,288,BGR888p,,,,,
272.4544,detections,8109,277.752882,100.35,99.96,831.64,,,,0,,,,
272.5574,frame,8112,277.852847,103.29,99.96,834.66,512,288,BGR888p,,,,,
272.5576,detections,8112,277.852847,103.22,99.96,834.89,,,,0,,,,
272.6618,frame,8115,277.952813,104.47,99.97,839.16,512,288,BGR888p,,,,,
272.6621,detections,8115,277.952813,104.47,99.97,839.43,,,,0,,,,
272.7653,frame,8119,278.086101,103.43,133.29,807.27,512,288,BGR888p,,,,,
272.7655,detections,8119,278.086101,103.43,133.29,807.49,,,,0,,,,
272.7657,system,0,,1029.24,,,,,,,,52.67,20.9,12.2
272.8685,frame,8122,278.186067,103.22,99.97,810.52,512,288,BGR888p,,,,,
272.8688,detections,8122,278.186067,103.22,99.97,810.75,,,,0,,,,
272.9694,frame,8125,278.286033,100.93,99.97,811.49,512,288,BGR888p,,,,,
272.9697,detections,8125,278.286033,100.93,99.97,811.71,,,,0,,,,
273.0726,frame,8128,278.385999,103.16,99.97,814.68,512,288,BGR888p,,,,,
273.073,detections,8128,278.385999,103.32,99.97,815.1,,,,0,,,,
273.1755,frame,8131,278.485967,102.88,99.97,817.59,512,288,BGR888p,,,,,
273.1757,detections,8131,278.485967,102.72,99.97,817.82,,,,0,,,,
273.2807,frame,8134,278.585932,105.23,99.96,822.86,512,288,BGR888p,,,,,
273.281,detections,8134,278.585932,105.23,99.96,823.08,,,,0,,,,
273.3819,frame,8137,278.685896,101.21,99.96,824.11,512,288,BGR888p,,,,,
273.3822,detections,8137,278.685896,101.25,99.96,824.37,,,,0,,,,
273.4852,frame,8140,278.785861,103.33,99.96,827.47,512,288,BGR888p,,,,,
273.4855,detections,8140,278.785861,103.3,99.96,827.7,,,,0,,,,
273.5871,frame,8143,278.885827,101.89,99.97,829.43,512,288,BGR888p,,,,,
273.5874,detections,8143,278.885827,101.92,99.97,829.65,,,,0,,,,
273.6867,frame,8146,278.985792,99.62,99.96,829.05,512,288,BGR888p,,,,,
273.687,detections,8146,278.985792,99.59,99.96,829.28,,,,0,,,,
273.7904,frame,8149,279.085757,103.66,99.96,832.75,512,288,BGR888p,,,,,
273.7907,detections,8149,279.085757,103.66,99.96,832.98,,,,0,,,,
273.7908,system,0,,1025.15,,,,,,,,52.95,21.9,12.7
273.8932,frame,8153,279.219045,102.79,133.29,802.26,512,288,BGR888p,,,,,
273.8948,detections,8153,279.219045,104.15,133.29,803.9,,,,0,,,,
273.9964,frame,8156,279.319011,103.18,99.97,805.48,512,288,BGR888p,,,,,
273.9968,detections,8156,279.319011,101.99,99.97,805.9,,,,0,,,,
274.1002,frame,8159,279.418977,103.81,99.97,809.32,512,288,BGR888p,,,,,
274.1006,detections,8159,279.418977,103.8,99.97,809.74,,,,0,,,,
274.2011,frame,8162,279.518949,100.87,99.97,810.26,512,288,BGR888p,,,,,
274.2014,detections,8162,279.518949,100.76,99.97,810.49,,,,0,,,,
274.3033,frame,8165,279.618909,102.18,99.96,812.45,512,288,BGR888p,,,,,
274.3035,detections,8165,279.618909,102.14,99.96,812.67,,,,0,,,,
274.4066,frame,8168,279.718875,103.31,99.97,815.78,512,288,BGR888p,,,,,
274.4068,detections,8168,279.718875,103.31,99.97,816.02,,,,0,,,,
274.5079,frame,8171,279.818841,101.38,99.97,817.2,512,288,BGR888p,,,,,
274.5082,detections,8171,279.818841,101.42,99.97,817.47,,,,0,,,,
274.6111,frame,8174,279.91881,103.15,99.97,820.41,512,288,BGR888p,,,,,
274.6114,detections,8174,279.91881,103.15,99.97,820.65,,,,0,,,,
274.715,frame,8177,280.018771,103.89,99.96,824.31,512,288,BGR888p,,,,,
274.7165,detections,8177,280.018771,105.07,99.96,825.81,,,,0,,,,
274.8171,frame,8180,280.118737,102.12,99.97,826.5,512,288,BGR888p,,,,,
274.8182,detections,8180,280.118737,101.77,99.97,827.61,,,,0,,,,
274.8185,system,0,,1027.63,,,,,,,,52.78,21.7,12.6
274.9203,frame,8183,280.218704,103.2,99.97,829.7,512,288,BGR888p,,,,,
274.9206,detections,8183,280.218704,102.34,99.97,829.93,,,,0,,,,
275.0201,frame,8186,280.318667,99.77,99.96,829.54,512,288,BGR888p,,,,,
275.0204,detections,8186,280.318667,99.81,99.96,829.77,,,,0,,,,
275.1201,frame,8189,280.418633,100.02,99.97,829.6,512,288,BGR888p,,,,,
275.1205,detections,8189,280.418633,100.17,99.97,829.99,,,,0,,,,
275.2226,frame,8193,280.55192,102.48,133.29,798.76,512,288,BGR888p,,,,,
275.2228,detections,8193,280.55192,102.3,133.29,798.99,,,,0,,,,
275.3285,frame,8196,280.651886,105.89,99.97,804.69,512,288,BGR888p,,,,,
275.3287,detections,8196,280.651886,105.89,99.97,804.92,,,,0,,,,
275.4303,frame,8199,280.751852,101.83,99.97,806.54,512,288,BGR888p,,,,,
275.4306,detections,8199,280.751852,101.83,99.97,806.77,,,,0,,,,
275.5339,frame,8202,280.851818,103.58,99.97,810.16,512,288,BGR888p,,,,,
275.5341,detections,8202,280.851818,103.58,99.97,810.43,,,,0,,,,
275.6345,frame,8205,280.951786,100.67,99.97,810.86,512,288,BGR888p,,,,,
275.6348,detections,8205,280.951786,100.67,99.97,811.08,,,,0,,,,
275.7378,frame,8208,281.051751,103.24,99.96,814.14,512,288,BGR888p,,,,,
275.7381,detections,8208,281.051751,103.24,99.96,814.36,,,,0,,,,
275.7382,system,0,,919.78,,,,,,,,53.0,21.9,12.9
275.8404,frame,8211,281.151716,102.59,99.96,816.76,512,288,BGR888p,,,,,
275.8406,detections,8211,281.151716,102.59,99.96,816.99,,,,0,,,,
275.9435,frame,8214,281.251683,103.14,99.97,819.93,512,288,BGR888p,,,,,
275.9438,detections,8214,281.251683,103.14,99.97,820.16,,,,0,,,,
276.0477,frame,8217,281.351647,104.16,99.96,824.13,512,288,BGR888p,,,,,
276.0479,detections,8217,281.351647,104.16,99.96,824.36,,,,0,,,,
276.1497,frame,8220,281.451613,102.07,99.97,826.23,512,288,BGR888p,,,,,
276.1507,detections,8220,281.451613,102.8,99.97,827.23,,,,1,2:0.41,,,
276.2536,frame,8223,281.551578,103.9,99.96,830.17,512,288,BGR888p,,,,,
276.2539,detections,8223,281.551578,103.16,99.96,830.38,,,,1,2:0.49,,,
276.353,frame,8226,281.651543,99.39,99.96,829.59,512,288,BGR888p,,,,,
276.3533,detections,8226,281.651543,99.43,99.96,829.85,,,,0,,,,
276.4564,frame,8229,281.751508,103.34,99.96,832.98,512,288,BGR888p,,,,,
276.4567,detections,8229,281.751508,103.32,99.96,833.21,,,,1,2:0.40,,,
276.5615,frame,8232,281.851474,105.1,99.97,838.1,512,288,BGR888p,,,,,
276.5617,detections,8232,281.851474,105.07,99.97,838.32,,,,1,2:0.37,,,
276.6644,frame,8236,281.984761,102.91,133.29,807.73,512,288,BGR888p,,,,,
276.6655,detections,8236,281.984761,103.78,133.29,808.86,,,,1,2:0.36,,,
276.7684,frame,8239,282.084728,104.01,99.97,811.77,512,288,BGR888p,,,,,
276.7687,detections,8239,282.084728,103.15,99.97,811.99,,,,0,,,,
276.7688,system,0,,1030.57,,,,,,,,52.73,20.1,12.5
276.87,frame,8242,282.184694,101.63,99.97,813.44,512,288,BGR888p,,,,,
276.8703,detections,8242,282.184694,101.67,99.97,813.7,,,,0,,,,
276.9725,frame,8245,282.284659,102.51,99.96,815.99,512,288,BGR888p,,,,,
276.9728,detections,8245,282.284659,102.48,99.96,816.22,,,,0,,,,
277.0755,frame,8248,282.384628,102.94,99.97,818.96,512,288,BGR888p,,,,,
277.0758,detections,8248,282.384628,102.94,99.97,819.19,,,,0,,,,
277.1785,frame,8251,282.484592,102.98,99.96,821.98,512,288,BGR888p,,,,,
277.1809,detections,8251,282.484592,105.14,99.96,824.39,,,,0,,,,
277.2838,frame,8254,282.584556,105.34,99.96,827.35,512,288,BGR888p,,,,,
277.2841,detections,8254,282.584556,103.19,99.96,827.62,,,,0,,,,
277.3866,frame,8257,282.684522,102.79,99.97,830.18,512,288,BGR888p,,,,,
277.3869,detections,8257,282.684522,102.79,99.97,830.41,,,,0,,,,
277.4864,frame,8260,282.784492,99.78,99.97,829.99,512,288,BGR888p,,,,,
277.4866,detections,8260,282.784492,99.78,99.97,830.21,,,,0,,,,
277.5897,frame,8263,282.884453,103.28,99.96,833.31,512,288,BGR888p,,,,,
277.5899,detections,8263,282.884453,103.28,99.96,833.53,,,,1,2:0.47,,,
277.693,frame,8266,282.984418,103.34,99.96,836.68,512,288,BGR888p,,,,,
277.6936,detections,8266,282.984418,103.64,99.96,837.23,,,,1,2:0.47,,,
277.7994,frame,8270,283.117705,106.38,133.29,809.78,512,288,BGR888p,,,,,
277.7996,detections,8270,283.117705,106.08,133.29,809.99,,,,1,2:0.42,,,
277.7998,system,0,,1031.0,,,,,,,,53.06,22.2,12.9
277.9008,frame,8273,283.217672,101.43,99.97,811.24,512,288,BGR888p,,,,,
277.9011,detections,8273,283.217672,101.43,99.97,811.46,,,,0,,,,
278.0036,frame,8276,283.317638,102.83,99.97,814.1,512,288,BGR888p,,,,,
278.0039,detections,8276,283.317638,102.84,99.97,814.33,,,,1,2:0.39,,,
278.1062,frame,8279,283.417603,102.61,99.96,816.75,512,288,BGR888p,,,,,
278.1065,detections,8279,283.417603,102.6,99.96,816.97,,,,0,,,,
278.2095,frame,8282,283.517572,103.23,99.97,820.0,512,288,BGR888p,,,,,
278.2099,detections,8282,283.517572,103.37,99.97,820.38,,,,0,,,,
278.3119,frame,8285,283.617536,102.42,99.96,822.46,512,288,BGR888p,,,,,
278.3139,detections,8285,283.617536,104.06,99.96,824.53,,,,0,,,,
278.4157,frame,8288,283.717501,103.8,99.97,826.32,512,288,BGR888p,,,,,
278.416,detections,8288,283.717501,102.05,99.97,826.56,,,,0,,,,
278.5192,frame,8291,283.817466,103.52,99.96,829.85,512,288,BGR888p,,,,,
278.5195,detections,8291,283.817466,103.48,99.96,830.07,,,,0,,,,
278.6204,frame,8294,283.917433,101.14,99.97,831.02,512,288,BGR888p,,,,,
278.6206,detections,8294,283.917433,101.14,99.97,831.25,,,,0,,,,
278.7198,frame,8297,284.017396,99.47,99.96,830.52,512,288,BGR888p,,,,,
278.7201,detections,8297,284.017396,99.46,99.96,830.78,,,,0,,,,
278.8237,frame,8300,284.117362,103.92,99.97,834.47,512,288,BGR888p,,,,,
278.824,detections,8300,284.117362,103.92,99.97,834.7,,,,0,,,,
278.8242,system,0,,1024.37,,,,,,,,52.78,22.7,13.0
278.9285,frame,8304,284.25065,104.79,133.29,805.98,512,288,BGR888p,,,,,
278.9293,detections,8304,284.25065,105.26,133.29,806.7,,,,0,,,,
279.034,frame,8307,284.350616,105.45,99.97,811.46,512,288,BGR888p,,,,,
279.0343,detections,8307,284.350616,105.01,99.97,811.72,,,,0,,,,
279.135,frame,8310,284.450584,101.0,99.97,812.5,512,288,BGR888p,,,,,
279.1353,detections,8310,284.450584,101.01,99.97,812.76,,,,0,,,,
279.2374,frame,8313,284.550548,102.38,99.96,814.91,512,288,BGR888p,,,,,
279.2392,detections,8313,284.550548,103.91,99.96,816.73,,,,0,,,,
279.3404,frame,8316,284.650515,103.09,99.97,818.03,512,288,BGR888p,,,,,
279.3407,detections,8316,284.650515,101.52,99.97,818.25,,,,0,,,,
279.4444,frame,8319,284.750479,103.96,99.96,822.03,512,288,BGR888p,,,,,
279.4447,detections,8319,284.750479,103.96,99.96,822.25,,,,0,,,,
279.5474,frame,8322,284.850446,103.0,99.97,825.06,512,288,BGR888p,,,,,
279.5477,detections,8322,284.850446,103.0,99.97,825.28,,,,0,,,,
279.6496,frame,8325,284.950413,102.24,99.97,827.27,512,288,BGR888p,,,,,
279.6498,detections,8325,284.950413,102.09,99.97,827.36,,,,0,,,,
279.7534,frame,8328,285.050376,103.78,99.96,831.15,512,288,BGR888p,,,,,
279.7537,detections,8328,285.050376,103.94,99.96,831.38,,,,0,,,,
279.7539,system,0,,929.66,,,,,,,,52.4,21.4,12.9
279.8534,frame,8331,285.150341,99.94,99.96,831.13,512,288,BGR888p,,,,,
279.8536,detections,8331,285.150341,99.94,99.96,831.36,,,,0,,,,
279.9565,frame,8334,285.250306,103.15,99.96,834.32,512,288,BGR888p,,,,,
279.9568,detections,8334,285.250306,103.15,99.96,834.54,,,,1,2:0.43,,,
280.0616,frame,8337,285.350272,105.12,99.97,839.47,512,288,BGR888p,,,,,
280.0619,detections,8337,285.350272,105.11,99.97,839.69,,,,0,,,,
280.1643,frame,8341,285.48356,102.62,133.29,808.8,512,288,BGR888p,,,,,
280.165,detections,8341,285.48356,103.08,133.29,809.51,,,,0,,,,
280.2671,frame,8344,285.583526,102.83,99.97,809.72,512,288,BGR888p,,,,,
280.2676,detections,8344,285.583526,102.57,99.97,810.09,,,,0,,,,
280.3706,frame,8347,285.683492,103.54,99.97,813.23,512,288,BGR888p,,,,,
280.3709,detections,8347,285.683492,103.34,99.97,813.46,,,,0,,,,
280.4728,frame,8350,285.783457,102.2,99.96,815.47,512,288,BGR888p,,,,,
280.4733,detections,8350,285.783457,102.41,99.96,815.93,,,,0,,,,
280.5755,frame,8353,285.883426,102.64,99.97,818.15,512,288,BGR888p,,,,,
280.5758,detections,8353,285.883426,102.46,99.97,818.4,,,,0,,,,
280.6801,frame,8356,285.98339,104.66,99.96,822.88,512,288,BGR888p,,,,,
280.6805,detections,8356,285.98339,104.74,99.96,823.21,,,,0,,,,
280.7825,frame,8359,286.083355,102.38,99.96,825.25,512,288,BGR888p,,,,,
280.7828,detections,8359,286.083355,102.28,99.96,825.48,,,,0,,,,
280.7829,system,0,,1029.09,,,,,,,,52.78,21.3,12.3
280.8846,frame,8362,286.183321,102.08,99.97,827.37,512,288,BGR888p,,,,,
280.8849,detections,8362,286.183321,102.08,99.97,827.6,,,,0,,,,
280.9847,frame,8365,286.28329,100.13,99.97,827.54,512,288,BGR888p,,,,,
280.9854,detections,8365,286.28329,100.53,99.97,828.19,,,,0,,,,
281.0867,frame,8368,286.383251,101.99,99.96,829.57,512,288,BGR888p,,,,,
281.087,detections,8368,286.383251,101.62,99.96,829.82,,,,0,,,,
281.1888,frame,8371,286.483216,102.09,99.97,831.69,512,288,BGR888p,,,,,
281.1891,detections,8371,286.483216,102.07,99.97,831.95,,,,0,,,,
281.293,frame,8375,286.616504,104.19,133.29,802.61,512,288,BGR888p,,,,,
281.2946,detections,8375,286.616504,105.48,133.29,804.15,,,,0,,,,
281.399,frame,8378,286.71647,105.96,99.97,808.59,512,288,BGR888p,,,,,
281.3993,detections,8378,286.71647,104.71,99.97,808.86,,,,0,,,,
281.501,frame,8381,286.816436,102.04,99.97,810.66,512,288,BGR888p,,,,,
281.5013,detections,8381,286.816436,102.05,99.97,810.94,,,,0,,,,
281.6017,frame,8384,286.916402,100.74,99.97,811.44,512,288,BGR888p,,,,,
281.602,detections,8384,286.916402,100.69,99.97,811.66,,,,0,,,,
281.7056,frame,8387,287.016367,103.85,99.96,815.32,512,288,BGR888p,,,,,
281.7059,detections,8387,287.016367,103.87,99.96,815.57,,,,0,,,,
281.8086,frame,8390,287.116333,103.03,99.97,818.38,512,288,BGR888p,,,,,
281.8089,detections,8390,287.116333,103.0,99.97,818.61,,,,0,,,,
281.8091,system,0,,1026.1,,,,,,,,53.33,21.6,12.9
281.911,frame,8393,287.216299,102.41,99.97,820.82,512,288,BGR888p,,,,,
281.9113,detections,8393,287.216299,102.44,99.97,821.08,,,,0,,,,
282.014,frame,8396,287.316265,103.0,99.97,823.86,512,288,BGR888p,,,,,
282.0143,detections,8396,287.316265,103.02,99.97,824.13,,,,0,,,,
282.1163,frame,8399,287.41623,102.23,99.96,826.12,512,288,BGR888p,,,,,
282.1176,detections,8399,287.41623,103.24,99.96,827.47,,,,0,,,,
282.2204,frame,8402,287.516199,104.13,99.97,830.29,512,288,BGR888p,,,,,
282.2207,detections,8402,287.516199,103.07,99.97,830.51,,,,0,,,,
282.3201,frame,8405,287.61616,99.74,99.96,830.1,512,288,BGR888p,,,,,
282.3206,detections,8405,287.61616,99.95,99.96,830.51,,,,0,,,,
282.4213,frame,8408,287.716127,101.17,99.97,831.27,512,288,BGR888p,,,,,
282.4216,detections,8408,287.716127,100.96,99.97,831.5,,,,0,,,,
282.5247,frame,8412,287.849414,103.43,133.29,801.41,512,288,BGR888p,,,,,
282.525,detections,8412,287.849414,103.43,133.29,801.64,,,,0,,,,
282.63,frame,8415,287.949379,105.28,99.96,806.73,512,288,BGR888p,,,,,
282.6311,detections,8415,287.949379,106.1,99.96,807.86,,,,1,2:0.45,,,
282.7356,frame,8418,288.049352,105.56,99.97,812.32,512,288,BGR888p,,,,,
282.7358,detections,8418,288.049352,104.74,99.97,812.53,,,,0,,,,
282.8367,frame,8421,288.149311,101.16,99.96,813.51,512,288,BGR888p,,,,,
282.837,detections,8421,288.149311,101.17,99.96,813.75,,,,0,,,,
282.8372,system,0,,1028.16,,,,,,,,53.06,21.5,12.5
282.9398,frame,8424,288.249282,103.1,99.97,816.65,512,288,BGR888p,,,,,
282.9401,detections,8424,288.249282,103.1,99.97,816.91,,,,0,,,,
283.045,frame,8427,288.349246,105.12,99.96,821.8,512,288,BGR888p,,,,,
283.0473,detections,8427,288.349246,107.19,99.96,824.15,,,,0,,,,
283.1477,frame,8430,288.449211,102.79,99.96,824.63,512,288,BGR888p,,,,,
283.148,detections,8430,288.449211,100.73,99.96,824.86,,,,1,2:0.47,,,
283.2513,frame,8433,288.549175,103.53,99.96,828.19,512,288,BGR888p,,,,,
283.2515,detections,8433,288.549175,103.52,99.96,828.41,,,,0,,,,
283.3533,frame,8436,288.64914,102.01,99.96,830.24,512,288,BGR888p,,,,,
283.3537,detections,8436,288.64914,102.17,99.96,830.62,,,,1,2:0.35,,,
283.4536,frame,8439,288.749114,100.29,99.97,830.56,512,288,BGR888p,,,,,
283.4538,detections,8439,288.749114,100.14,99.97,830.77,,,,0,,,,
283.5577,frame,8442,288.84907,104.1,99.96,834.71,512,288,BGR888p,,,,,
283.5581,detections,8442,288.84907,104.29,99.96,835.18,,,,1,2:0.37,,,
283.6646,frame,8445,288.949036,106.97,99.97,841.7,512,288,BGR888p,,,,,
283.6649,detections,8445,288.949036,106.77,99.97,841.92,,,,1,2:0.52,,,
283.7677,frame,8449,289.082323,103.02,133.29,811.42,512,288,BGR888p,,,,,
283.7679,detections,8449,289.082323,103.01,133.29,811.64,,,,0,,,,
283.7681,system,0,,930.86,,,,,,,,52.89,21.2,12.9
283.8695,frame,8452,289.182292,101.79,99.97,813.25,512,288,BGR888p,,,,,
283.8697,detections,8452,289.182292,101.81,99.97,813.48,,,,0,,,,
283.9725,frame,8455,289.282256,103.03,99.96,816.32,512,288,BGR888p,,,,,
283.9728,detections,8455,289.282256,103.03,99.96,816.55,,,,0,,,,
284.074,frame,8458,289.382222,101.55,99.97,817.98,512,288,BGR888p,,,,,
284.0744,detections,8458,289.382222,101.64,99.97,818.23,,,,0,,,,
284.1783,frame,8461,289.482189,104.22,99.97,822.17,512,288,BGR888p,,,,,
284.1802,detections,8461,289.482189,105.85,99.97,824.16,,,,0,,,,
284.2813,frame,8464,289.582155,103.08,99.97,825.29,512,288,BGR888p,,,,,
284.2823,detections,8464,289.582155,102.02,99.97,826.2,,,,0,,,,
284.3853,frame,8467,289.682124,103.9,99.97,829.22,512,288,BGR888p,,,,,
284.3857,detections,8467,289.682124,103.43,99.97,829.64,,,,0,,,,
284.4862,frame,8470,289.7821,100.99,99.98,830.26,512,288,BGR888p,,,,,
284.4865,detections,8470,289.7821,100.85,99.98,830.5,,,,0,,,,
284.5865,frame,8473,289.882049,100.23,99.95,830.51,512,288,BGR888p,,,,,
284.5867,detections,8473,289.882049,100.19,99.95,830.74,,,,0,,,,
284.6883,frame,8476,289.98202,101.83,99.97,832.39,512,288,BGR888p,,,,,
284.6886,detections,8476,289.98202,101.85,99.97,832.62,,,,0,,,,
284.7927,frame,8480,290.115302,104.39,133.28,803.48,512,288,BGR888p,,,,,
284.793,detections,8480,290.115302,104.41,133.28,803.74,,,,0,,,,
284.7932,system,0,,1025.11,,,,,,,,52.84,21.0,12.7
284.8975,frame,8483,290.215267,104.79,99.96,808.3,512,288,BGR888p,,,,,
284.8977,detections,8483,290.215267,104.75,99.96,808.53,,,,0,,,,
285.0004,frame,8486,290.315234,102.89,99.97,811.23,512,288,BGR888p,,,,,
285.0006,detections,8486,290.315234,102.9,99.97,811.47,,,,0,,,,
285.1012,frame,8489,290.415216,100.87,99.98,812.12,512,288,BGR888p,,,,,
285.1015,detections,8489,290.415216,100.88,99.98,812.37,,,,0,,,,
285.2038,frame,8492,290.515165,102.61,99.95,814.78,512,288,BGR888p,,,,,
285.2041,detections,8492,290.515165,102.6,99.95,815.06,,,,1,2:0.52,,,
285.3068,frame,8495,290.615132,102.91,99.97,817.71,512,288,BGR888p,,,,,
285.307,detections,8495,290.615132,102.89,99.97,817.93,,,,1,2:0.45,,,
285.4103,frame,8498,290.715098,103.54,99.97,821.29,512,288,BGR888p,,,,,
285.4134,detections,8498,290.715098,106.38,99.97,824.38,,,,1,2:0.43,,,
285.5138,frame,8501,290.815063,103.54,99.96,824.86,512,288,BGR888p,,,,,
285.5141,detections,8501,290.815063,100.69,99.96,825.11,,,,1,2:0.42,,,
285.6161,frame,8504,290.915028,102.24,99.96,827.16,512,288,BGR888p,,,,,
285.6164,detections,8504,290.915028,102.27,99.96,827.38,,,,0,,,,
285.7188,frame,8507,291.014997,102.72,99.97,829.88,512,288,BGR888p,,,,,
285.7191,detections,8507,291.014997,102.7,99.97,830.11,,,,0,,,,
285.819,frame,8510,291.114961,100.24,99.96,830.2,512,288,BGR888p,,,,,
285.8193,detections,8510,291.114961,100.3,99.96,830.44,,,,0,,,,
285.8195,system,0,,1026.33,,,,,,,,52.73,22.1,12.6
285.9235,frame,8513,291.214924,104.49,99.96,834.69,512,288,BGR888p,,,,,
285.9238,detections,8513,291.214924,104.45,99.96,834.93,,,,0,,,,
286.0257,frame,8516,291.314889,102.15,99.96,836.87,512,288,BGR888p,,,,,
286.028,detections,8516,291.314889,104.22,99.96,839.28,,,,0,,,,
286.1311,frame,8520,291.448177,105.46,133.29,809.09,512,288,BGR888p,,,,,
286.1323,detections,8520,291.448177,104.32,133.29,810.28,,,,0,,,,
286.2333,frame,8523,291.548145,102.14,99.97,811.22,512,288,BGR888p,,,,,
286.2335,detections,8523,291.548145,101.19,99.97,811.45,,,,0,,,,
286.3357,frame,8526,291.64811,102.4,99.96,813.59,512,288,BGR888p,,,,,
286.3358,detections,8526,291.64811,102.25,99.96,813.69,,,,0,,,,
286.4394,frame,8529,291.748076,103.76,99.97,817.45,512,288,BGR888p,,,,,
286.4398,detections,8529,291.748076,104.05,99.97,817.83,,,,0,,,,
286.5423,frame,8532,291.848042,102.84,99.97,820.32,512,288,BGR888p,,,,,
286.5425,detections,8532,291.848042,102.7,99.97,820.56,,,,0,,,,
286.6438,frame,8535,291.948008,101.54,99.97,821.89,512,288,BGR888p,,,,,
286.6441,detections,8535,291.948008,101.53,99.97,822.16,,,,0,,,,
286.7489,frame,8538,292.047972,105.07,99.96,826.99,512,288,BGR888p,,,,,
286.7491,detections,8538,292.047972,105.06,99.96,827.25,,,,0,,,,
286.8519,frame,8541,292.147938,103.02,99.97,830.04,512,288,BGR888p,,,,,
286.8522,detections,8541,292.147938,103.05,99.97,830.3,,,,0,,,,
286.8524,system,0,,1032.84,,,,,,,,53.06,22.3,13.0
286.9529,frame,8544,292.247905,101.01,99.97,831.08,512,288,BGR888p,,,,,
286.9532,detections,8544,292.247905,101.01,99.97,831.35,,,,0,,,,
287.0555,frame,8547,292.347868,102.61,99.96,833.73,512,288,BGR888p,,,,,
287.0558,detections,8547,292.347868,102.58,99.96,833.96,,,,0,,,,
287.158,frame,8550,292.447834,102.48,99.97,836.25,512,288,BGR888p,,,,,
287.1583,detections,8550,292.447834,102.52,99.97,836.51,,,,0,,,,
287.2627,frame,8554,292.581121,104.73,133.29,807.69,512,288,BGR888p,,,,,
287.263,detections,8554,292.581121,104.7,133.29,807.92,,,,0,,,,
287.3667,frame,8557,292.681088,104.02,99.97,811.74,512,288,BGR888p,,,,,
287.3673,detections,8557,292.681088,104.33,99.97,812.32,,,,0,,,,
287.4686,frame,8560,292.781054,101.84,99.97,813.61,512,288,BGR888p,,,,,
287.469,detections,8560,292.781054,101.69,99.97,814.01,,,,0,,,,
287.5721,frame,8563,292.881019,103.56,99.96,817.27,512,288,BGR888p,,,,,
287.5725,detections,8563,292.881019,103.46,99.96,817.5,,,,0,,,,
287.6744,frame,8566,292.980986,102.25,99.97,819.49,512,288,BGR888p,,,,,
287.6747,detections,8566,292.980986,102.19,99.97,819.73,,,,0,,,,
287.7805,frame,8569,293.080952,106.09,99.97,823.48,512,288,BGR888p,,,,,
287.7807,detections,8569,293.080952,106.08,99.97,823.71,,,,0,,,,
287.7809,system,0,,928.55,,,,,,,,52.95,20.8,12.4
287.8821,frame,8572,293.180918,101.63,99.97,825.17,512,288,BGR888p,,,,,
287.8824,detections,8572,293.180918,101.66,99.97,825.4,,,,0,,,,
287.985,frame,8575,293.280882,102.92,99.96,828.11,512,288,BGR888p,,,,,
287.9854,detections,8575,293.280882,102.96,99.96,828.4,,,,0,,,,
288.0862,frame,8578,293.380849,101.15,99.97,829.3,512,288,BGR888p,,,,,
288.0865,detections,8578,293.380849,101.1,99.97,829.53,,,,0,,,,
288.1859,frame,8581,293.480812,99.77,99.96,829.1,512,288,BGR888p,,,,,
288.1863,detections,8581,293.480812,99.79,99.96,829.36,,,,0,,,,
288.2896,frame,8584,293.580778,103.63,99.97,832.76,512,288,BGR888p,,,,,
288.2898,detections,8584,293.580778,103.59,99.97,832.99,,,,0,,,,
288.3972,frame,8588,293.714065,107.67,133.29,807.14,512,288,BGR888p,,,,,
288.3975,detections,8588,293.714065,107.67,133.29,807.37,,,,0,,,,
288.5,frame,8591,293.814031,102.71,99.97,809.88,512,288,BGR888p,,,,,
288.5004,detections,8591,293.814031,102.87,99.97,810.28,,,,0,,,,
288.6015,frame,8594,293.913998,101.52,99.97,811.44,512,288,BGR888p,,,,,
288.6017,detections,8594,293.913998,101.36,99.97,811.67,,,,0,,,,
288.7031,frame,8597,294.013964,101.59,99.97,813.09,512,288,BGR888p,,,,,
288.7034,detections,8597,294.013964,101.62,99.97,813.32,,,,0,,,,
288.8056,frame,8600,294.113929,102.53,99.96,815.63,512,288,BGR888p,,,,,
288.8059,detections,8600,294.113929,102.5,99.96,815.86,,,,0,,,,
288.806,system,0,,1025.13,,,,,,,,53.22,21.6,13.0
288.9094,frame,8603,294.213897,103.84,99.97,819.51,512,288,BGR888p,,,,,
288.9097,detections,8603,294.213897,103.85,99.97,819.74,,,,0,,,,
289.0133,frame,8606,294.313862,103.81,99.96,823.35,512,288,BGR888p,,,,,
289.0135,detections,8606,294.313862,103.81,99.96,823.58,,,,0,,,,
289.1158,frame,8609,294.413826,102.5,99.96,825.89,512,288,BGR888p,,,,,
289.116,detections,8609,294.413826,102.5,99.96,826.12,,,,0,,,,
289.217,frame,8612,294.513798,101.23,99.97,827.15,512,288,BGR888p,,,,,
289.218,detections,8612,294.513798,102.02,99.97,828.24,,,,0,,,,
289.3198,frame,8615,294.613757,102.77,99.96,829.95,512,288,BGR888p,,,,,
289.32,detections,8615,294.613757,101.98,99.96,830.18,,,,0,,,,
289.4205,frame,8618,294.713722,100.77,99.96,830.76,512,288,BGR888p,,,,,
289.4208,detections,8618,294.713722,100.77,99.96,830.99,,,,0,,,,
289.5242,frame,8621,294.813688,103.67,99.97,834.47,512,288,BGR888p,,,,,
289.5246,detections,8621,294.813688,103.81,99.97,834.84,,,,0,,,,
289.6305,frame,8625,294.946975,106.33,133.29,807.51,512,288,BGR888p,,,,,
289.6308,detections,8625,294.946975,106.19,133.29,807.74,,,,0,,,,
289.7332,frame,8628,295.046941,102.7,99.97,810.25,512,288,BGR888p,,,,,
289.7335,detections,8628,295.046941,102.7,99.97,810.48,,,,0,,,,
289.8339,frame,8631,295.146907,100.63,99.97,810.92,512,288,BGR888p,,,,,
289.8341,detections,8631,295.146907,100.63,99.97,811.17,,,,0,,,,
289.8343,system,0,,1028.29,,,,,,,,52.62,21.3,12.6
289.936,frame,8634,295.246878,102.13,99.97,813.08,512,288,BGR888p,,,,,
289.9363,detections,8634,295.246878,102.16,99.97,813.33,,,,0,,,,
290.0387,frame,8637,295.346839,102.75,99.96,815.87,512,288,BGR888p,,,,,
290.039,detections,8637,295.346839,102.72,99.96,816.09,,,,0,,,,
290.1418,frame,8640,295.446806,103.06,99.97,818.97,512,288,BGR888p,,,,,
290.1421,detections,8640,295.446806,103.07,99.97,819.23,,,,0,,,,
290.2463,frame,8643,295.546772,104.46,99.97,823.46,512,288,BGR888p,,,,,
290.2465,detections,8643,295.546772,104.45,99.97,823.68,,,,0,,,,
290.3488,frame,8646,295.646737,102.54,99.96,826.03,512,288,BGR888p,,,,,
290.3491,detections,8646,295.646737,102.54,99.96,826.25,,,,0,,,,
290.4532,frame,8649,295.746708,104.37,99.97,830.43,512,288,BGR888p,,,,,
290.4534,detections,8649,295.746708,104.38,99.97,830.66,,,,0,,,,
290.5521,frame,8652,295.846669,98.88,99.96,829.38,512,288,BGR888p,,,,,
290.5527,detections,8652,295.846669,99.24,99.96,829.97,,,,0,,,,
290.6571,frame,8655,295.946632,105.01,99.96,834.42,512,288,BGR888p,,,,,
290.6574,detections,8655,295.946632,104.68,99.96,834.65,,,,0,,,,
290.7627,frame,8658,296.046597,105.6,99.96,840.03,512,288,BGR888p,,,,,
290.7634,detections,8658,296.046597,106.03,99.96,840.74,,,,0,,,,
290.7636,system,0,,929.28,,,,,,,,52.95,21.6,12.8
290.8672,frame,8662,296.179885,104.53,133.29,811.28,512,288,BGR888p,,,,,
290.8675,detections,8662,296.179885,104.09,133.29,811.51,,,,0,,,,
290.9664,frame,8665,296.279851,99.15,99.97,810.46,512,288,BGR888p,,,,,
290.9666,detections,8665,296.279851,99.15,99.97,810.7,,,,0,,,,
291.0704,frame,8668,296.379817,104.01,99.97,814.51,512,288,BGR888p,,,,,
291.0706,detections,8668,296.379817,104.01,99.97,814.74,,,,0,,,,
291.1734,frame,8671,296.479783,102.98,99.97,817.53,512,288,BGR888p,,,,,
291.1736,detections,8671,296.479783,102.99,99.97,817.76,,,,0,,,,
291.2765,frame,8674,296.579753,103.19,99.97,820.75,512,288,BGR888p,,,,,
291.2768,detections,8674,296.579753,103.19,99.97,820.98,,,,0,,,,
291.3816,frame,8677,296.679715,105.01,99.96,825.79,512,288,BGR888p,,,,,
291.3826,detections,8677,296.679715,105.75,99.96,826.8,,,,0,,,,
291.4844,frame,8680,296.779681,102.89,99.97,828.72,512,288,BGR888p,,,,,
291.4847,detections,8680,296.779681,102.15,99.97,828.94,,,,0,,,,
291.5865,frame,8683,296.879648,102.04,99.97,830.79,512,288,BGR888p,,,,,
291.5869,detections,8683,296.879648,102.18,99.97,831.17,,,,0,,,,
291.6874,frame,8686,296.97961,100.95,99.96,831.78,512,288,BGR888p,,,,,
291.6877,detections,8686,296.97961,100.81,99.96,832.01,,,,0,,,,
291.7908,frame,8689,297.079576,103.36,99.97,835.18,512,288,BGR888p,,,,,
291.7911,detections,8689,297.079576,103.36,99.97,835.4,,,,0,,,,
291.7913,system,0,,1027.66,,,,,,,,53.28,19.9,12.4
291.8949,frame,8692,297.179541,104.08,99.96,839.29,512,288,BGR888p,,,,,
291.8958,detections,8692,297.179541,104.75,99.96,840.22,,,,0,,,,
292.0002,frame,8696,297.31283,105.37,133.29,811.37,512,288,BGR888p,,,,,
292.0005,detections,8696,297.31283,104.7,133.29,811.6,,,,0,,,,
292.1002,frame,8699,297.412796,99.97,99.97,811.38,512,288,BGR888p,,,,,
292.1005,detections,8699,297.412796,99.97,99.97,811.6,,,,0,,,,
292.2028,frame,8702,297.512762,102.58,99.97,813.99,512,288,BGR888p,,,,,
292.2031,detections,8702,297.512762,102.59,99.97,814.22,,,,0,,,,
292.3056,frame,8705,297.612727,102.77,99.96,816.8,512,288,BGR888p,,,,,
292.3058,detections,8705,297.612727,102.77,99.96,817.02,,,,0,,,,
292.4098,frame,8708,297.712696,104.23,99.97,821.03,512,288,BGR888p,,,,,
292.41,detections,8708,297.712696,104.16,99.97,821.18,,,,0,,,,
292.5134,frame,8711,297.812659,103.64,99.96,824.74,512,288,BGR888p,,,,,
292.514,detections,8711,297.812659,104.04,99.96,825.32,,,,0,,,,
292.6174,frame,8714,297.912626,103.96,99.97,828.74,512,288,BGR888p,,,,,
292.6178,detections,8714,297.912626,103.82,99.97,829.15,,,,0,,,,
292.7192,frame,8717,298.012593,101.78,99.97,830.55,512,288,BGR888p,,,,,
292.7195,detections,8717,298.012593,101.61,99.97,830.78,,,,0,,,,
292.8187,frame,8720,298.112558,99.55,99.96,830.13,512,288,BGR888p,,,,,
292.819,detections,8720,298.112558,99.54,99.96,830.36,,,,0,,,,
292.8192,system,0,,1027.94,,,,,,,,53.44,21.8,13.1
292.9229,frame,8723,298.21252,104.14,99.96,834.31,512,288,BGR888p,,,,,
292.9231,detections,8723,298.21252,104.14,99.96,834.58,,,,0,,,,
293.0279,frame,8726,298.312486,105.07,99.97,839.42,512,288,BGR888p,,,,,
293.0282,detections,8726,298.312486,105.11,99.97,839.68,,,,0,,,,
293.1315,frame,8730,298.445773,103.59,133.29,809.72,512,288,BGR888p,,,,,
293.1318,detections,8730,298.445773,103.55,133.29,809.95,,,,0,,,,
293.2332,frame,8733,298.54574,101.71,99.97,811.46,512,288,BGR888p,,,,,
293.2335,detections,8733,298.54574,101.71,99.97,811.69,,,,0,,,,
293.3349,frame,8736,298.645706,101.69,99.97,813.2,512,288,BGR888p,,,,,
293.3353,detections,8736,298.645706,101.76,99.97,813.49,,,,0,,,,
293.4384,frame,8739,298.745674,103.47,99.97,816.7,512,288,BGR888p,,,,,
293.4387,detections,8739,298.745674,103.41,99.97,816.93,,,,0,,,,
293.5403,frame,8742,298.845638,101.84,99.96,818.57,512,288,BGR888p,,,,,
293.5405,detections,8742,298.845638,101.83,99.96,818.8,,,,0,,,,
293.6466,frame,8745,298.945603,106.3,99.96,824.91,512,288,BGR888p,,,,,
293.647,detections,8745,298.945603,106.48,99.96,825.34,,,,0,,,,
293.7468,frame,8748,299.045569,100.28,99.97,825.17,512,288,BGR888p,,,,,
293.747,detections,8748,299.045569,99.96,99.97,825.26,,,,0,,,,
293.8492,frame,8751,299.145535,102.34,99.97,827.6,512,288,BGR888p,,,,,
293.8497,detections,8751,299.145535,102.74,99.97,828.11,,,,0,,,,
293.8499,system,0,,1030.71,,,,,,,,52.95,22.3,12.9
293.9526,frame,8754,299.245501,103.44,99.97,831.08,512,288,BGR888p,,,,,
293.9529,detections,8754,299.245501,103.19,99.97,831.3,,,,0,,,,
294.0546,frame,8757,299.345464,102.03,99.96,833.14,512,288,BGR888p,,,,,
294.0549,detections,8757,299.345464,102.03,99.96,833.37,,,,0,,,,
294.1576,frame,8760,299.44543,103.0,99.97,836.17,512,288,BGR888p,,,,,
294.1579,detections,8760,299.44543,103.0,99.97,836.4,,,,0,,,,
294.2627,frame,8764,299.578718,105.03,133.29,807.92,512,288,BGR888p,,,,,
294.2629,detections,8764,299.578718,105.03,133.29,808.15,,,,0,,,,
294.3651,frame,8767,299.678683,102.45,99.96,810.43,512,288,BGR888p,,,,,
294.3654,detections,8767,299.678683,102.48,99.96,810.66,,,,0,,,,
294.4669,frame,8770,299.778651,101.78,99.97,812.23,512,288,BGR888p,,,,,
294.4672,detections,8770,299.778651,101.79,99.97,812.49,,,,0,,,,
294.5693,frame,8773,299.878615,102.39,99.96,814.64,512,288,BGR888p,,,,,
294.5696,detections,8773,299.878615,102.35,99.96,814.87,,,,0,,,,
294.6714,frame,8776,299.978581,102.15,99.97,816.83,512,288,BGR888p,,,,,
294.6719,detections,8776,299.978581,102.29,99.97,817.22,,,,0,,,,
294.7752,frame,8779,300.078547,103.78,99.97,820.64,512,288,BGR888p,,,,,
294.7755,detections,8779,300.078547,103.64,99.97,820.87,,,,0,,,,
294.7757,system,0,,925.76,,,,,,,,53.22,21.7,12.7
294.8794,frame,8782,300.178513,104.19,99.97,824.86,512,288,BGR888p,,,,,
294.8797,detections,8782,300.178513,104.19,99.97,825.09,,,,0,,,,
294.9815,frame,8785,300.278479,102.06,99.97,825.09,512,288,BGR888p,,,,,
294.9821,detections,8785,300.278479,102.44,99.97,825.76,,,,0,,,,
295.0851,frame,8788,300.378445,103.58,99.97,828.73,512,288,BGR888p,,,,,
295.0854,detections,8788,300.378445,103.22,99.97,828.96,,,,0,,,,
295.1861,frame,8791,300.47841,101.0,99.96,829.77,512,288,BGR888p,,,,,
295.1864,detections,8791,300.47841,101.0,99.96,830.0,,,,0,,,,
295.2857,frame,8794,300.578374,99.62,99.96,829.4,512,288,BGR888p,,,,,
295.2859,detections,8794,300.578374,99.59,99.96,829.63,,,,0,,,,
295.3882,frame,8797,300.67834,102.56,99.97,832.0,512,288,BGR888p,,,,,
295.3885,detections,8797,300.67834,102.57,99.97,832.23,,,,0,,,,
295.4937,frame,8801,300.811627,105.48,133.29,804.19,512,288,BGR888p,,,,,
295.494,detections,8801,300.811627,105.47,133.29,804.42,,,,0,,,,
295.5984,frame,8804,300.911593,104.67,99.97,808.88,512,288,BGR888p,,,,,
295.5986,detections,8804,300.911593,104.64,99.97,809.08,,,,0,,,,
295.6998,frame,8807,301.01156,101.44,99.97,810.36,512,288,BGR888p,,,,,
295.7003,detections,8807,301.01156,101.63,99.97,810.76,,,,0,,,,
295.8016,frame,8810,301.111531,101.77,99.97,812.16,512,288,BGR888p,,,,,
295.8019,detections,8810,301.111531,101.61,99.97,812.38,,,,0,,,,
295.802,system,0,,1026.37,,,,,,,,53.22,20.7,12.4
295.9046,frame,8813,301.211492,103.01,99.96,815.2,512,288,BGR888p,,,,,
295.9049,detections,8813,301.211492,103.01,99.96,815.43,,,,0,,,,
296.0067,frame,8816,301.311458,102.07,99.97,817.3,512,288,BGR888p,,,,,
296.0069,detections,8816,301.311458,102.06,99.97,817.53,,,,0,,,,
296.1091,frame,8819,301.411425,102.39,99.97,819.75,512,288,BGR888p,,,,,
296.1094,detections,8819,301.411425,102.43,99.97,819.99,,,,0,,,,
296.2126,frame,8822,301.511389,103.57,99.96,823.33,512,288,BGR888p,,,,,
296.2129,detections,8822,301.511389,103.54,99.96,823.56,,,,0,,,,
296.316,frame,8825,301.611354,103.33,99.96,826.69,512,288,BGR888p,,,,,
296.3162,detections,8825,301.611354,103.35,99.96,826.94,,,,0,,,,
296.4179,frame,8828,301.71132,101.92,99.97,828.65,512,288,BGR888p,,,,,
296.4181,detections,8828,301.71132,101.9,99.97,828.9,,,,0,,,,
296.5195,frame,8831,301.811284,101.6,99.96,830.29,512,288,BGR888p,,,,,
296.5197,detections,8831,301.811284,101.61,99.96,830.52,,,,0,,,,
296.6187,frame,8834,301.91125,99.21,99.97,829.53,512,288,BGR888p,,,,,
296.619,detections,8834,301.91125,99.21,99.97,829.76,,,,0,,,,
296.7209,frame,8838,302.044537,102.17,133.29,798.41,512,288,BGR888p,,,,,
296.7213,detections,8838,302.044537,102.37,133.29,798.85,,,,0,,,,
296.8249,frame,8841,302.144503,104.04,99.97,802.48,512,288,BGR888p,,,,,
296.8268,detections,8841,302.144503,105.47,99.97,804.4,,,,0,,,,
296.827,system,0,,1025.01,,,,,,,,53.17,21.6,12.9
296.9291,frame,8844,302.24447,104.2,99.97,806.73,512,288,BGR888p,,,,,
296.9297,detections,8844,302.24447,102.92,99.97,807.32,,,,0,,,,
297.0336,frame,8847,302.344435,104.48,99.96,811.23,512,288,BGR888p,,,,,
297.0338,detections,8847,302.344435,104.13,99.96,811.46,,,,0,,,,
297.1348,frame,8850,302.444406,101.25,99.97,812.51,512,288,BGR888p,,,,,
297.1351,detections,8850,302.444406,101.25,99.97,812.77,,,,0,,,,
297.238,frame,8853,302.544366,103.16,99.96,815.71,512,288,BGR888p,,,,,
297.2383,detections,8853,302.544366,103.19,99.96,815.98,,,,0,,,,
297.341,frame,8856,302.644334,103.01,99.97,818.76,512,288,BGR888p,,,,,
297.3413,detections,8856,302.644334,103.04,99.97,819.05,,,,0,,,,
297.443,frame,8859,302.744299,102.04,99.96,820.86,512,288,BGR888p,,,,,
297.4433,detections,8859,302.744299,102.01,99.96,821.09,,,,0,,,,
297.5477,frame,8862,302.844266,104.63,99.97,825.49,512,288,BGR888p,,,,,
297.5479,detections,8862,302.844266,104.6,99.97,825.72,,,,0,,,,
297.6491,frame,8865,302.944229,101.47,99.96,827.04,512,288,BGR888p,,,,,
297.6501,detections,8865,302.944229,102.15,99.96,827.97,,,,0,,,,
297.7523,frame,8868,303.044203,103.13,99.97,830.16,512,288,BGR888p,,,,,
297.7527,detections,8868,303.044203,102.59,99.97,830.53,,,,0,,,,
297.8523,frame,8871,303.144159,100.02,99.96,830.22,512,288,BGR888p,,,,,
297.8525,detections,8871,303.144159,99.88,99.96,830.44,,,,0,,,,
297.8527,system,0,,1025.68,,,,,,,,53.44,21.8,12.9
297.9548,frame,8874,303.244125,102.47,99.97,832.72,512,288,BGR888p,,,,,
297.955,detections,8874,303.244125,102.47,99.97,832.95,,,,0,,,,
298.0573,frame,8878,303.377416,102.52,133.29,801.95,512,288,BGR888p,,,,,
298.0575,detections,8878,303.377416,102.52,133.29,802.17,,,,0,,,,
298.1632,frame,8881,303.477379,105.9,99.96,807.84,512,288,BGR888p,,,,,
298.1633,detections,8881,303.477379,105.78,99.96,807.95,,,,0,,,,
298.266,frame,8884,303.577345,102.85,99.97,810.78,512,288,BGR888p,,,,,
298.2663,detections,8884,303.577345,103.01,99.97,811.04,,,,0,,,,
298.3674,frame,8887,303.677311,101.41,99.97,812.22,512,288,BGR888p,,,,,
298.3677,detections,8887,303.677311,101.38,99.97,812.45,,,,0,,,,
298.4714,frame,8890,303.777278,103.96,99.97,816.21,512,288,BGR888p,,,,,
298.4717,detections,8890,303.777278,103.95,99.97,816.44,,,,0,,,,
298.5735,frame,8893,303.877244,102.15,99.97,818.4,512,288,BGR888p,,,,,
298.5738,detections,8893,303.877244,102.16,99.97,818.63,,,,0,,,,
298.6788,frame,8896,303.977209,105.23,99.96,823.63,512,288,BGR888p,,,,,
298.679,detections,8896,303.977209,105.15,99.96,823.79,,,,0,,,,
298.7802,frame,8899,304.077176,101.4,99.97,825.1,512,288,BGR888p,,,,,
298.7806,detections,8899,304.077176,101.62,99.97,825.48,,,,0,,,,
298.7808,system,0,,928.06,,,,,,,,53.0,21.1,13.0
298.8845,frame,8902,304.177143,104.31,99.97,829.44,512,288,BGR888p,,,,,
298.8848,detections,8902,304.177143,104.17,99.97,829.67,,,,0,,,,
298.9858,frame,8905,304.277113,101.32,99.97,830.79,512,288,BGR888p,,,,,
298.9861,detections,8905,304.277113,101.32,99.97,831.05,,,,0,,,,
299.0876,frame,8908,304.377069,101.82,99.96,832.66,512,288,BGR888p,,,,,
299.0879,detections,8908,304.377069,101.82,99.96,832.88,,,,0,,,,
299.1932,frame,8911,304.477035,105.55,99.97,838.24,512,288,BGR888p,,,,,
299.1935,detections,8911,304.477035,105.55,99.97,838.48,,,,0,,,,
299.297,frame,8915,304.610322,103.83,133.29,808.79,512,288,BGR888p,,,,,
299.2973,detections,8915,304.610322,103.86,133.29,809.05,,,,0,,,,
299.4002,frame,8918,304.710289,103.19,99.97,812.02,512,288,BGR888p,,,,,
299.4005,detections,8918,304.710289,103.17,99.97,812.25,,,,0,,,,
299.5014,frame,8921,304.810256,101.18,99.97,813.23,512,288,BGR888p,,,,,
299.5017,detections,8921,304.810256,101.18,99.97,813.46,,,,0,,,,
299.6047,frame,8924,304.910225,103.33,99.97,816.59,512,288,BGR888p,,,,,
299.605,detections,8924,304.910225,103.33,99.97,816.82,,,,0,,,,
299.7077,frame,8927,305.010188,102.97,99.96,819.56,512,288,BGR888p,,,,,
299.7079,detections,8927,305.010188,102.87,99.96,819.69,,,,0,,,,
299.8126,frame,8930,305.110153,104.86,99.96,824.5,512,288,BGR888p,,,,,
299.813,detections,8930,305.110153,105.14,99.96,824.91,,,,0,,,,
299.8132,system,0,,1032.43,,,,,,,,52.89,21.3,12.2
299.9129,frame,8933,305.210118,100.39,99.96,824.92,512,288,BGR888p,,,,,
299.9132,detections,8933,305.210118,100.24,99.96,825.18,,,,0,,,,
300.0145,frame,8936,305.310086,101.51,99.97,826.46,512,288,BGR888p,,,,,
300.015,detections,8936,305.310086,101.8,99.97,827.06,,,,0,,,,
300.119,frame,8939,305.41005,104.53,99.96,831.03,512,288,BGR888p,,,,,
300.1193,detections,8939,305.41005,104.24,99.96,831.29,,,,0,,,,
300.2188,frame,8942,305.510013,99.86,99.96,830.92,512,288,BGR888p,,,,,
300.2191,detections,8942,305.510013,99.82,99.96,831.18,,,,0,,,,
300.3227,frame,8945,305.609979,103.85,99.97,834.8,512,288,BGR888p,,,,,
300.323,detections,8945,305.609979,103.85,99.97,835.03,,,,0,,,,
300.4292,frame,8949,305.743267,106.54,133.29,808.06,512,288,BGR888p,,,,,
300.43,detections,8949,305.743267,107.08,133.29,808.86,,,,0,,,,
300.5325,frame,8952,305.843233,103.26,99.97,811.35,512,288,BGR888p,,,,,
300.5328,detections,8952,305.843233,102.72,99.97,811.58,,,,0,,,,
300.6348,frame,8955,305.943199,102.34,99.97,813.72,512,288,BGR888p,,,,,
300.6351,detections,8955,305.943199,102.34,99.97,813.98,,,,0,,,,
300.7381,frame,8958,306.043165,103.28,99.97,817.08,512,288,BGR888p,,,,,
300.7384,detections,8958,306.043165,103.33,99.97,817.31,,,,0,,,,
300.8418,frame,8961,306.14313,103.74,99.96,820.84,512,288,BGR888p,,,,,
300.8423,detections,8961,306.14313,103.9,99.96,821.25,,,,0,,,,
300.8425,system,0,,1029.29,,,,,,,,53.38,22.7,12.7
300.9461,frame,8964,306.243097,104.27,99.97,825.14,512,288,BGR888p,,,,,
300.9464,detections,8964,306.243097,104.09,99.97,825.37,,,,0,,,,
301.0487,frame,8967,306.343064,102.56,99.97,827.71,512,288,BGR888p,,,,,
301.0489,detections,8967,306.343064,102.54,99.97,827.93,,,,0,,,,
301.1517,frame,8970,306.443028,102.97,99.96,830.71,512,288,BGR888p,,,,,
301.1519,detections,8970,306.443028,102.97,99.96,830.94,,,,0,,,,
301.2524,frame,8973,306.542998,100.75,99.97,831.49,512,288,BGR888p,,,,,
301.2527,detections,8973,306.542998,100.75,99.97,831.72,,,,0,,,,
301.3569,frame,8976,306.642957,104.52,99.96,836.05,512,288,BGR888p,,,,,
301.3572,detections,8976,306.642957,104.54,99.96,836.31,,,,0,,,,
