model,raw,seq,t_send_s,dev_t_s,edge_ms,pc_ms,post_ms,raw_bytes,n_objects
traffic_light_v8n,off,0,1791299298.857761,10.511162,331.804,-88.39,0.0,0,0
traffic_light_v8n,off,1,1791299299.058671,10.711093,288.316,-44.21,0.0,0,0
traffic_light_v8n,off,2,1791299299.140987,10.911026,124.483,2.66,0.0,0,0
traffic_light_v8n,off,3,1791299299.297075,11.110955,80.443,2.86,0.0,0,0
traffic_light_v8n,off,4,1791299299.496746,11.310887,80.493,2.55,0.0,0,0
traffic_light_v8n,off,5,1791299299.697021,11.510818,80.416,2.98,0.0,0,0
traffic_light_v8n,off,6,1791299299.896762,11.710749,80.474,2.73,0.0,0,0
traffic_light_v8n,off,7,1791299300.096067,11.910681,80.423,2.17,0.0,0,0
traffic_light_v8n,off,8,1791299300.296365,12.110612,80.211,2.73,0.0,0,0
traffic_light_v8n,off,9,1791299300.495602,12.310543,80.279,1.97,0.0,0,0
traffic_light_v8n,off,10,1791299300.696465,12.510475,80.247,2.94,0.0,0,0
traffic_light_v8n,off,11,1791299300.896288,12.710406,80.253,2.85,0.0,0,0
traffic_light_v8n,off,12,1791299301.096167,12.910337,80.211,2.81,0.0,0,0
traffic_light_v8n,off,13,1791299301.296186,13.110269,80.159,2.95,0.0,0,0
traffic_light_v8n,off,14,1791299301.496065,13.310200,80.188,2.87,0.0,0,0
traffic_light_v8n,off,15,1791299301.696667,13.510131,80.219,3.47,0.0,0,0
traffic_light_v8n,off,16,1791299301.895984,13.710063,80.338,2.8,0.0,0,0
traffic_light_v8n,off,17,1791299302.095827,13.909994,80.155,2.87,0.0,0,0
traffic_light_v8n,off,18,1791299302.295989,14.109925,80.234,3.0,0.0,0,0
traffic_light_v8n,off,19,1791299302.495784,14.309857,80.182,2.94,0.0,0,0
traffic_light_v8n,off,20,1791299302.695507,14.509788,80.199,2.74,0.0,0,0
traffic_light_v8n,off,21,1791299302.894684,14.709719,80.12,2.04,0.0,0,0
traffic_light_v8n,off,22,1791299303.095761,14.909651,80.301,3.0,0.0,0,0
traffic_light_v8n,off,23,1791299303.295654,15.109582,80.244,2.98,0.0,0,0
traffic_light_v8n,off,24,1791299303.495374,15.309513,80.188,2.86,0.0,0,0
traffic_light_v8n,off,25,1791299303.695507,15.509444,80.257,3.0,0.0,0,0
traffic_light_v8n,off,26,1791299303.894267,15.709376,80.104,2.04,0.0,0,0
traffic_light_v8n,off,27,1791299304.095197,15.909307,80.231,2.84,0.0,0,0
traffic_light_v8n,off,28,1791299304.295628,16.109239,80.113,3.44,0.0,0,0
traffic_light_v8n,off,29,1791299304.494654,16.309170,80.292,2.34,0.0,0,0
traffic_light_v8n,off,30,1791299304.694406,16.509101,80.26,2.26,0.0,0,0
traffic_light_v8n,off,31,1791299304.894097,16.709032,80.068,2.22,0.0,0,0
traffic_light_v8n,off,32,1791299305.094907,16.908964,80.175,2.95,0.0,0,0
traffic_light_v8n,off,33,1791299305.294752,17.108895,80.263,2.79,0.0,0,0
traffic_light_v8n,off,34,1791299305.493746,17.308826,80.177,1.97,0.0,0,0
traffic_light_v8n,off,35,1791299305.694468,17.508758,80.27,2.62,0.0,0,0
traffic_light_v8n,off,36,1791299305.894509,17.708689,80.211,2.8,0.0,0,0
traffic_light_v8n,off,37,1791299306.093784,17.908620,80.264,2.1,0.0,0,0
traffic_light_v8n,off,38,1791299306.294176,18.108552,80.271,2.55,0.0,0,0
traffic_light_v8n,off,39,1791299306.493425,18.308483,80.303,1.83,0.0,0,0
traffic_light_v8n,off,40,1791299306.694329,18.508415,80.305,2.81,0.0,0,0
traffic_light_v8n,off,41,1791299306.894298,18.708346,80.239,2.91,0.0,0,0
traffic_light_v8n,off,42,1791299307.094223,18.908277,80.266,2.87,0.0,0,0
traffic_light_v8n,off,43,1791299307.293997,19.108208,80.15,2.84,0.0,0,0
traffic_light_v8n,off,44,1791299307.493925,19.308140,80.207,2.77,0.0,0,0
traffic_light_v8n,off,45,1791299307.693794,19.508071,80.12,2.8,0.0,0,0
traffic_light_v8n,off,46,1791299307.893965,19.708002,80.347,2.81,0.0,0,0
traffic_light_v8n,off,47,1791299308.093683,19.907934,80.148,2.77,0.0,0,0
traffic_light_v8n,off,48,1791299308.293676,20.107865,80.23,2.75,0.0,0,0
traffic_light_v8n,off,49,1791299308.493598,20.307796,80.233,2.74,0.0,0,0
traffic_light_v8n,off,50,1791299308.693420,20.507728,80.296,2.59,0.0,0,0
traffic_light_v8n,off,51,1791299308.893419,20.707659,80.206,2.74,0.0,0,0
traffic_light_v8n,off,52,1791299309.093420,20.907590,80.207,2.82,0.0,0,0
traffic_light_v8n,off,53,1791299309.293302,21.107521,80.305,2.67,0.0,0,0
traffic_light_v8n,off,54,1791299309.492594,21.307453,80.176,2.14,0.0,0,0
traffic_light_v8n,off,55,1791299309.693178,21.507384,80.222,2.77,0.0,0,0
traffic_light_v8n,off,56,1791299309.893019,21.707315,80.251,2.65,0.0,0,0
traffic_light_v8n,off,57,1791299310.093009,21.907247,80.196,2.76,0.0,0,0
traffic_light_v8n,off,58,1791299310.292792,22.107178,80.25,2.56,0.0,0,0
traffic_light_v8n,off,59,1791299310.492931,22.307109,80.121,2.88,0.0,0,0
traffic_light_v8n,off,60,1791299310.692973,22.507041,80.308,2.82,0.0,0,0
traffic_light_v8n,off,61,1791299310.892968,22.706972,80.251,2.94,0.0,0,0
traffic_light_v8n,off,62,1791299311.091984,22.906903,80.194,2.08,0.0,0,0
traffic_light_v8n,off,63,1791299311.291740,23.106835,80.151,1.95,0.0,0,0
traffic_light_v8n,off,64,1791299311.492420,23.306767,80.184,2.67,0.0,0,0
traffic_light_v8n,off,65,1791299311.692441,23.506697,80.197,2.74,0.0,0,0
traffic_light_v8n,off,66,1791299311.892442,23.706629,80.299,2.71,0.0,0,0
traffic_light_v8n,off,67,1791299312.092307,23.906560,80.264,2.68,0.0,0,0
traffic_light_v8n,off,68,1791299312.292143,24.106491,80.127,2.72,0.0,0,0
traffic_light_v8n,off,69,1791299312.492235,24.306423,80.255,2.75,0.0,0,0
traffic_light_v8n,off,70,1791299312.692292,24.506354,80.331,2.8,0.0,0,0
traffic_light_v8n,off,71,1791299312.892172,24.706285,80.282,2.8,0.0,0,0
traffic_light_v8n,off,72,1791299313.091846,24.906217,80.173,2.63,0.0,0,0
traffic_light_v8n,off,73,1791299313.291721,25.106148,80.214,2.57,0.0,0,0
traffic_light_v8n,off,74,1791299313.491829,25.306079,80.391,2.56,0.0,0,0
traffic_light_v8n,off,75,1791299313.691697,25.506010,80.19,2.67,0.0,0,0
traffic_light_v8n,off,76,1791299313.891412,25.705942,80.085,2.58,0.0,0,0
traffic_light_v8n,off,77,1791299314.091648,25.905873,80.176,2.75,0.0,0,0
traffic_light_v8n,off,78,1791299314.291460,26.105805,80.162,2.69,0.0,0,0
traffic_light_v8n,off,79,1791299314.491399,26.305736,80.186,2.68,0.0,0,0
traffic_light_v8n,off,80,1791299314.691440,26.505667,80.17,2.8,0.0,0,0
traffic_light_v8n,off,81,1791299314.891411,26.705598,80.257,2.75,0.0,0,0
traffic_light_v8n,off,82,1791299315.091248,26.905530,80.233,2.68,0.0,0,0
traffic_light_v8n,off,83,1791299315.291174,27.105461,80.051,2.85,0.0,0,0
traffic_light_v8n,off,84,1791299315.491059,27.305393,80.215,2.65,0.0,0,0
traffic_light_v8n,off,85,1791299315.691208,27.505324,80.279,2.79,0.0,0,0
traffic_light_v8n,off,86,1791299315.890935,27.705255,80.144,2.73,0.0,0,0
traffic_light_v8n,off,87,1791299316.090135,27.905186,80.211,2.06,0.0,0,0
traffic_light_v8n,off,88,1791299316.290924,28.105118,80.227,2.85,0.0,0,0
traffic_light_v8n,off,89,1791299316.490667,28.305049,80.192,2.67,0.0,0,0
traffic_light_v8n,off,90,1791299316.690830,28.504980,80.313,2.81,0.0,0,0
traffic_light_v8n,off,91,1791299316.890431,28.704912,80.151,2.64,0.0,0,0
traffic_light_v8n,off,92,1791299317.090081,28.904843,80.254,2.26,0.0,0,0
traffic_light_v8n,off,93,1791299317.290595,29.104774,80.305,2.73,0.0,0,0
traffic_light_v8n,off,94,1791299317.490461,29.304706,80.251,2.77,0.0,0,0
traffic_light_v8n,off,95,1791299317.690496,29.504637,80.27,2.88,0.0,0,0
traffic_light_v8n,off,96,1791299317.889812,29.704569,80.25,2.27,0.0,0,0
traffic_light_v8n,off,97,1791299318.089413,29.904500,80.156,2.04,0.0,0,0
traffic_light_v8n,off,98,1791299318.290172,30.104431,80.272,2.74,0.0,0,0
traffic_light_v8n,off,99,1791299318.490044,30.304362,80.179,2.77,0.0,0,0
traffic_light_v8n,off,100,1791299318.689915,30.504293,80.214,2.68,0.0,0,0
traffic_light_v8n,off,101,1791299318.889268,30.704225,80.164,2.17,0.0,0,0
traffic_light_v8n,off,102,1791299319.089159,30.904156,80.353,1.95,0.0,0,0
traffic_light_v8n,off,103,1791299319.289300,31.104088,80.291,2.19,0.0,0,0
traffic_light_v8n,off,104,1791299319.489641,31.304019,80.216,2.65,0.0,0,0
traffic_light_v8n,off,105,1791299319.689740,31.503950,80.172,2.89,0.0,0,0
traffic_light_v8n,off,106,1791299319.889371,31.703881,80.17,2.59,0.0,0,0
traffic_light_v8n,off,107,1791299320.088756,31.903813,80.196,2.02,0.0,0,0
traffic_light_v8n,off,108,1791299320.289457,32.103744,80.287,2.7,0.0,0,0
traffic_light_v8n,off,109,1791299320.488609,32.303675,80.136,2.08,0.0,0,0
traffic_light_v8n,off,110,1791299320.689364,32.503607,80.291,2.73,0.0,0,0
traffic_light_v8n,off,111,1791299320.888494,32.703538,80.175,2.05,0.0,0,0
traffic_light_v8n,off,112,1791299321.088340,32.903469,80.163,1.97,0.0,0,0
traffic_light_v8n,off,113,1791299321.288931,33.103401,80.164,2.64,0.0,0,0
traffic_light_v8n,off,114,1791299321.488775,33.303332,80.148,2.56,0.0,0,0
traffic_light_v8n,off,115,1791299321.689371,33.503263,80.087,3.29,0.0,0,0
traffic_light_v8n,off,116,1791299321.888839,33.703195,80.168,2.75,0.0,0,0
traffic_light_v8n,off,117,1791299322.088736,33.903126,80.071,2.78,0.0,0,0
traffic_light_v8n,off,118,1791299322.288633,34.103057,80.28,2.54,0.0,0,0
traffic_light_v8n,off,119,1791299322.487922,34.302989,80.216,2.11,0.0,0,0
traffic_light_v8n,off,120,1791299322.688406,34.502920,80.229,2.53,0.0,0,0
traffic_light_v8n,off,121,1791299322.888392,34.702851,80.295,2.52,0.0,0,0
traffic_light_v8n,off,122,1791299323.088310,34.902783,80.187,2.61,0.0,0,0
traffic_light_v8n,off,123,1791299323.288255,35.102714,80.203,2.71,0.0,0,0
traffic_light_v8n,off,124,1791299323.488147,35.302646,80.189,2.69,0.0,0,0
traffic_light_v8n,off,125,1791299323.688113,35.502577,80.263,2.65,0.0,0,0
traffic_light_v8n,off,126,1791299323.888068,35.702508,80.22,2.72,0.0,0,0
traffic_light_v8n,off,127,1791299324.087993,35.902439,80.232,2.7,0.0,0,0
traffic_light_v8n,off,128,1791299324.287820,36.102370,80.199,2.63,0.0,0,0
traffic_light_v8n,off,129,1791299324.487828,36.302302,80.272,2.63,0.0,0,0
traffic_light_v8n,off,130,1791299324.687121,36.502233,80.154,2.11,0.0,0,0
traffic_light_v8n,off,131,1791299324.887625,36.702164,80.188,2.61,0.0,0,0
traffic_light_v8n,off,132,1791299325.087000,36.902096,80.27,2.04,0.0,0,0
traffic_light_v8n,off,133,1791299325.287426,37.102027,80.178,2.59,0.0,0,0
traffic_light_v8n,off,134,1791299325.487083,37.301958,80.396,2.11,0.0,0,0
traffic_light_v8n,off,135,1791299325.686810,37.501890,80.186,2.14,0.0,0,0
traffic_light_v8n,off,136,1791299325.887372,37.701821,80.326,2.6,0.0,0,0
traffic_light_v8n,off,137,1791299326.087283,37.901752,80.181,2.72,0.0,0,0
traffic_light_v8n,off,138,1791299326.287009,38.101684,80.104,2.6,0.0,0,0
traffic_light_v8n,off,139,1791299326.487325,38.301615,80.49,2.6,0.0,0,0
traffic_light_v8n,off,140,1791299326.686582,38.501546,80.14,2.28,0.0,0,0
traffic_light_v8n,off,141,1791299326.887168,38.701478,80.255,2.8,0.0,0,0
traffic_light_v8n,off,142,1791299327.086853,38.901409,80.244,2.58,0.0,0,0
traffic_light_v8n,off,143,1791299327.286796,39.101340,80.19,2.64,0.0,0,0
traffic_light_v8n,off,144,1791299327.486494,39.301272,80.588,2.05,0.0,0,0
traffic_light_v8n,off,145,1791299327.686630,39.501203,80.19,2.57,0.0,0,0
traffic_light_v8n,off,146,1791299327.886781,39.701135,80.259,2.77,0.0,0,0
traffic_light_v8n,off,147,1791299328.086487,39.901066,80.196,2.6,0.0,0,0
traffic_light_v8n,off,148,1791299328.286586,40.100997,80.124,2.81,0.0,0,0
traffic_light_v8n,off,149,1791299328.486578,40.300930,80.392,2.57,0.0,0,0
traffic_light_v8n,off,150,1791299328.686461,40.500860,80.21,2.77,0.0,0,0
traffic_light_v8n,off,151,1791299328.885734,40.700791,80.189,2.17,0.0,0,0
traffic_light_v8n,off,152,1791299329.086358,40.900722,80.185,2.82,0.0,0,0
traffic_light_v8n,off,153,1791299329.286186,41.100653,80.28,2.63,0.0,0,0
traffic_light_v8n,off,154,1791299329.486129,41.300585,80.291,2.63,0.0,0,0
traffic_light_v8n,off,155,1791299329.686064,41.500516,80.204,2.72,0.0,0,0
traffic_light_v8n,off,156,1791299329.885864,41.700448,80.206,2.58,0.0,0,0
traffic_light_v8n,off,157,1791299330.085076,41.900379,80.228,1.85,0.0,0,0
traffic_light_v8n,off,158,1791299330.285107,42.100310,80.203,1.97,0.0,0,0
traffic_light_v8n,off,159,1791299330.485631,42.300242,80.239,2.5,0.0,0,0
traffic_light_v8n,off,160,1791299330.685148,42.500173,80.165,2.19,0.0,0,0
traffic_light_v8n,off,161,1791299330.885542,42.700104,80.246,2.54,0.0,0,0
traffic_light_v8n,off,162,1791299331.085719,42.900035,80.228,2.79,0.0,0,0
traffic_light_v8n,off,163,1791299331.285593,43.099967,80.365,2.7,0.0,0,0
traffic_light_v8n,off,164,1791299331.485690,43.299898,80.578,2.65,0.0,0,0
traffic_light_v8n,off,165,1791299331.685158,43.499829,80.121,2.67,0.0,0,0
traffic_light_v8n,off,166,1791299331.884679,43.699761,80.128,2.22,0.0,0,0
traffic_light_v8n,off,167,1791299332.084645,43.899692,80.235,2.16,0.0,0,0
traffic_light_v8n,off,168,1791299332.284507,44.099623,80.162,2.24,0.0,0,0
traffic_light_v8n,off,169,1791299332.485443,44.299555,80.644,2.7,0.0,0,0
traffic_light_v8n,off,170,1791299332.684307,44.499486,80.232,2.01,0.0,0,0
traffic_light_v8n,off,171,1791299332.885061,44.699417,80.199,2.91,0.0,0,0
traffic_light_v8n,off,172,1791299333.084994,44.899349,80.419,2.69,0.0,0,0
traffic_light_v8n,off,173,1791299333.284618,45.099280,80.264,2.56,0.0,0,0
traffic_light_v8n,off,174,1791299333.484601,45.299211,80.154,2.65,0.0,0,0
traffic_light_v8n,off,175,1791299333.684736,45.499143,80.307,2.75,0.0,0,0
traffic_light_v8n,off,176,1791299333.884352,45.699074,80.156,2.59,0.0,0,0
traffic_light_v8n,off,177,1791299334.084273,45.899005,80.201,2.54,0.0,0,0
traffic_light_v8n,off,178,1791299334.284227,46.098937,80.202,2.59,0.0,0,0
traffic_light_v8n,off,179,1791299334.484576,46.298868,80.618,2.54,0.0,0,0
traffic_light_v8n,off,180,1791299334.683663,46.498799,80.313,2.03,0.0,0,0
traffic_light_v8n,off,181,1791299334.883594,46.698731,80.249,2.1,0.0,0,0
traffic_light_v8n,off,182,1791299335.084107,46.898662,80.298,2.61,0.0,0,0
traffic_light_v8n,off,183,1791299335.283038,47.098593,80.217,1.78,0.0,0,0
traffic_light_v8n,off,184,1791299335.484378,47.298524,80.567,2.75,0.0,0,0
traffic_light_v8n,off,185,1791299335.683799,47.498456,80.179,2.64,0.0,0,0
traffic_light_v8n,off,186,1791299335.884010,47.698387,80.249,2.84,0.0,0,0
traffic_light_v8n,off,187,1791299336.083829,47.898318,80.369,2.62,0.0,0,0
traffic_light_v8n,off,188,1791299336.283406,48.098250,80.14,2.52,0.0,0,0
traffic_light_v8n,off,189,1791299336.483882,48.298181,80.507,2.66,0.0,0,0
traffic_light_v8n,off,190,1791299336.683482,48.498112,80.115,2.72,0.0,0,0
traffic_light_v8n,off,191,1791299336.883559,48.698044,80.198,2.76,0.0,0,0
traffic_light_v8n,off,192,1791299337.083554,48.897975,80.26,2.76,0.0,0,0
traffic_light_v8n,off,193,1791299337.283434,49.097906,80.203,2.79,0.0,0,0
traffic_light_v8n,off,194,1791299337.483654,49.297838,80.56,2.69,0.0,0,0
traffic_light_v8n,off,195,1791299337.683356,49.497769,80.254,2.8,0.0,0,0
traffic_light_v8n,off,196,1791299337.882945,49.697700,80.237,2.48,0.0,0,0
traffic_light_v8n,off,197,1791299338.083231,49.897632,80.314,2.75,0.0,0,0
traffic_light_v8n,off,198,1791299338.283106,50.097563,80.219,2.79,0.0,0,0
traffic_light_v8n,off,199,1791299338.483346,50.297494,80.618,2.7,0.0,0,0
traffic_light_v8n,off,200,1791299338.683026,50.497426,80.287,2.78,0.0,0,0
traffic_light_v8n,off,201,1791299338.882696,50.697357,80.168,2.69,0.0,0,0
traffic_light_v8n,off,202,1791299339.082849,50.897288,80.249,2.86,0.0,0,0
traffic_light_v8n,off,203,1791299339.282642,51.097219,80.185,2.75,0.0,0,0
traffic_light_v8n,off,204,1791299339.482978,51.297151,80.495,2.88,0.0,0,0
traffic_light_v8n,off,205,1791299339.682509,51.497082,80.171,2.81,0.0,0,0
traffic_light_v8n,off,206,1791299339.882499,51.697013,80.306,2.73,0.0,0,0
traffic_light_v8n,off,207,1791299340.082426,51.896945,80.174,2.86,0.0,0,0
traffic_light_v8n,off,208,1791299340.282284,52.096876,80.168,2.79,0.0,0,0
traffic_light_v8n,off,209,1791299340.482690,52.296808,80.641,2.74,0.0,0,1
traffic_light_v8n,off,210,1791299340.682172,52.496739,80.191,2.8,0.0,0,0
traffic_light_v8n,off,211,1791299340.882173,52.696670,80.159,2.9,0.0,0,0
traffic_light_v8n,off,212,1791299341.082042,52.896602,80.201,2.79,0.0,0,0
traffic_light_v8n,off,213,1791299341.282033,53.096533,80.206,2.85,0.0,0,0
traffic_light_v8n,off,214,1791299341.482271,53.296464,80.65,2.71,0.0,0,0
traffic_light_v8n,off,215,1791299341.681797,53.496395,80.234,2.72,0.0,0,0
traffic_light_v8n,off,216,1791299341.881802,53.696327,80.154,2.88,0.0,0,0
traffic_light_v8n,off,217,1791299342.081611,53.896258,80.111,2.77,0.0,0,0
traffic_light_v8n,off,218,1791299342.280974,54.096189,80.186,2.18,0.0,0,0
traffic_light_v8n,off,219,1791299342.481643,54.296121,80.916,2.13,0.0,0,0
traffic_light_v8n,off,220,1791299342.681494,54.496052,80.18,2.81,0.0,0,0
traffic_light_v8n,off,221,1791299342.881379,54.695984,80.145,2.8,0.0,0,0
traffic_light_v8n,off,222,1791299343.081328,54.895915,80.222,2.74,0.0,0,0
traffic_light_v8n,off,223,1791299343.280421,55.095846,80.241,2.01,0.0,0,0
traffic_light_v8n,off,224,1791299343.481370,55.295777,80.448,2.7,0.0,0,0
traffic_light_v8n,off,225,1791299343.680978,55.495709,80.178,2.64,0.0,0,0
traffic_light_v8n,off,226,1791299343.880659,55.695640,80.463,2.1,0.0,0,1
traffic_light_v8n,off,227,1791299344.080927,55.895571,80.179,2.72,0.0,0,0
traffic_light_v8n,off,228,1791299344.281015,56.095503,80.392,2.66,0.0,0,1
traffic_light_v8n,off,229,1791299344.481081,56.295434,80.426,2.76,0.0,0,1
traffic_light_v8n,off,230,1791299344.680856,56.495365,80.29,2.75,0.0,0,0
traffic_light_v8n,off,231,1791299344.880825,56.695297,80.3,2.77,0.0,0,1
traffic_light_v8n,off,232,1791299345.080221,56.895228,80.319,2.23,0.0,0,0
traffic_light_v8n,off,233,1791299345.280024,57.095159,80.398,2.05,0.0,0,1
traffic_light_v8n,off,234,1791299345.480567,57.295091,80.56,2.46,0.0,0,0
traffic_light_v8n,off,235,1791299345.680285,57.495022,80.175,2.64,0.0,0,0
traffic_light_v8n,off,236,1791299345.880533,57.694953,80.352,2.76,0.0,0,0
traffic_light_v8n,off,237,1791299346.080446,57.894884,80.319,2.8,0.0,0,0
traffic_light_v8n,off,238,1791299346.280304,58.094816,80.252,2.77,0.0,0,1
traffic_light_v8n,off,239,1791299346.481063,58.294747,81.288,2.61,0.0,0,0
traffic_light_v8n,off,240,1791299346.680013,58.494678,80.245,2.64,0.0,0,0
traffic_light_v8n,off,241,1791299346.879763,58.694610,80.225,2.49,0.0,0,0
traffic_light_v8n,off,242,1791299347.080011,58.894541,80.218,2.86,0.0,0,0
traffic_light_v8n,off,243,1791299347.279957,59.094473,80.253,2.83,0.0,0,0
traffic_light_v8n,off,244,1791299347.480093,59.294404,80.723,2.6,0.0,0,0
traffic_light_v8n,off,245,1791299347.679566,59.494335,80.166,2.64,0.0,0,0
traffic_light_v8n,off,246,1791299347.879924,59.694266,80.232,3.03,0.0,0,0
traffic_light_v8n,off,247,1791299348.079412,59.894198,80.14,2.68,0.0,0,0
traffic_light_v8n,off,248,1791299348.279666,60.094129,80.289,2.83,0.0,0,0
traffic_light_v8n,off,249,1791299348.479922,60.294060,80.759,2.74,0.0,0,0
traffic_light_v8n,off,250,1791299348.679356,60.493992,80.234,2.74,0.0,0,0
traffic_light_v8n,off,251,1791299348.879468,60.693923,80.282,2.87,0.0,0,0
traffic_light_v8n,off,252,1791299349.079237,60.893854,80.16,2.83,0.0,0,0
traffic_light_v8n,off,253,1791299349.278682,61.093786,80.292,2.18,0.0,0,1
traffic_light_v8n,off,254,1791299349.478626,61.293717,80.629,1.9,0.0,0,0
traffic_light_v8n,off,255,1791299349.679064,61.493648,80.257,2.77,0.0,0,0
traffic_light_v8n,off,256,1791299349.879048,61.693580,80.312,2.76,0.0,0,0
traffic_light_v8n,off,257,1791299350.078795,61.893511,80.158,2.73,0.0,0,0
traffic_light_v8n,off,258,1791299350.279028,62.093442,80.154,3.04,0.0,0,0
traffic_light_v8n,off,259,1791299350.478270,62.293374,80.489,2.01,0.0,0,0
traffic_light_v8n,off,260,1791299350.678623,62.493305,80.216,2.68,0.0,0,0
traffic_light_v8n,off,261,1791299350.878505,62.693236,80.165,2.74,0.0,0,0
traffic_light_v8n,off,262,1791299351.079000,62.893168,80.186,3.25,0.0,0,0
traffic_light_v8n,off,263,1791299351.278384,63.093099,80.153,2.74,0.0,0,0
traffic_light_v8n,off,264,1791299351.477695,63.293030,80.436,1.85,0.0,0,0
traffic_light_v8n,off,265,1791299351.678396,63.492962,80.277,2.74,0.0,0,0
traffic_light_v8n,off,266,1791299351.878123,63.692893,80.235,2.6,0.0,0,0
traffic_light_v8n,off,267,1791299352.078267,63.892824,80.314,2.73,0.0,0,0
traffic_light_v8n,off,268,1791299352.277397,64.092755,80.325,1.93,0.0,0,0
traffic_light_v8n,off,269,1791299352.477673,64.292687,80.93,1.68,0.0,0,0
traffic_light_v8n,off,270,1791299352.677992,64.492618,80.193,2.78,0.0,0,0
traffic_light_v8n,off,271,1791299352.877729,64.692549,80.165,2.62,0.0,0,0
traffic_light_v8n,off,272,1791299353.077963,64.892481,80.282,2.81,0.0,0,0
traffic_light_v8n,off,273,1791299353.277382,65.092412,80.195,2.38,0.0,0,0
traffic_light_v8n,off,274,1791299353.478093,65.292343,80.898,2.46,0.0,0,0
traffic_light_v8n,off,275,1791299353.677772,65.492275,80.255,2.85,0.0,0,0
traffic_light_v8n,off,276,1791299353.877418,65.692206,80.1,2.72,0.0,0,0
traffic_light_v8n,off,277,1791299354.077564,65.892137,80.195,2.8,0.0,0,0
traffic_light_v8n,off,278,1791299354.277498,66.092069,80.234,2.8,0.0,0,0
traffic_light_v8n,off,279,1791299354.478041,66.292000,80.968,2.68,0.0,0,0
traffic_light_v8n,off,280,1791299354.677096,66.491931,80.141,2.66,0.0,0,0
traffic_light_v8n,off,281,1791299354.876459,66.691863,80.12,2.14,0.0,0,0
traffic_light_v8n,off,282,1791299355.077088,66.891794,80.227,2.69,0.0,0,0
traffic_light_v8n,off,283,1791299355.277035,67.091725,80.2,2.74,0.0,0,0
traffic_light_v8n,off,284,1791299355.476987,67.291656,81.013,1.97,0.0,0,0
traffic_light_v8n,off,285,1791299355.676800,67.491588,80.203,2.64,0.0,0,0
traffic_light_v8n,off,286,1791299355.877012,67.691519,80.347,2.78,0.0,0,0
traffic_light_v8n,off,287,1791299356.076919,67.891451,80.262,2.84,0.0,0,0
traffic_light_v8n,off,288,1791299356.275678,68.091382,80.161,1.89,0.0,0,0
traffic_light_v8n,off,289,1791299356.477137,68.291313,80.833,2.62,0.0,0,0
traffic_light_v8n,off,290,1791299356.676501,68.491244,80.179,2.71,0.0,0,0
traffic_light_v8n,off,291,1791299356.876402,68.691176,80.124,2.74,0.0,0,0
traffic_light_v8n,off,292,1791299357.076412,68.891107,80.176,2.76,0.0,0,0
traffic_light_v8n,off,293,1791299357.275451,69.091038,80.152,1.9,0.0,0,0
traffic_light_v8n,off,294,1791299357.476384,69.290970,80.538,2.51,0.0,0,0
traffic_light_v8n,off,295,1791299357.675393,69.490901,80.249,1.89,0.0,0,0
traffic_light_v8n,off,296,1791299357.875973,69.690832,80.176,2.6,0.0,0,0
traffic_light_v8n,off,297,1791299358.075871,69.890764,80.186,2.56,0.0,0,0
traffic_light_v8n,off,298,1791299358.276073,70.090695,80.265,2.75,0.0,0,0
traffic_light_v8n,off,299,1791299358.475558,70.290626,80.771,1.81,0.0,0,0
traffic_light_v8n,off,300,1791299358.675772,70.490558,80.315,2.54,0.0,0,0
traffic_light_v8n,off,301,1791299358.875895,70.690489,80.339,2.7,0.0,0,0
traffic_light_v8n,off,302,1791299359.075721,70.890420,80.171,2.76,0.0,0,0
traffic_light_v8n,off,303,1791299359.275482,71.090352,80.195,2.6,0.0,0,0
traffic_light_v8n,off,304,1791299359.475649,71.290283,80.482,2.51,0.0,0,0
traffic_light_v8n,off,305,1791299359.675260,71.490214,80.281,2.4,0.0,0,0
traffic_light_v8n,off,306,1791299359.875609,71.690146,80.378,2.69,0.0,0,0
traffic_light_v8n,off,307,1791299360.074675,71.890077,80.133,2.1,0.0,0,0
traffic_light_v8n,off,308,1791299360.274558,72.090008,80.187,2.01,0.0,0,0
traffic_light_v8n,off,309,1791299360.475767,72.289940,80.797,2.66,0.0,0,0
traffic_light_v8n,off,310,1791299360.675086,72.489871,80.117,2.73,0.0,0,0
traffic_light_v8n,off,311,1791299360.874853,72.689802,80.121,2.59,0.0,0,0
traffic_light_v8n,off,312,1791299361.075048,72.889733,80.171,2.78,0.0,0,0
traffic_light_v8n,off,313,1791299361.274802,73.089665,80.221,2.55,0.0,0,0
traffic_light_v8n,off,314,1791299361.475290,73.289596,80.763,2.56,0.0,0,0
traffic_light_v8n,off,315,1791299361.674710,73.489527,80.152,2.64,0.0,0,0
traffic_light_v8n,off,316,1791299361.874781,73.689459,80.352,2.6,0.0,0,0
traffic_light_v8n,off,317,1791299362.074740,73.889390,80.237,2.75,0.0,0,0
traffic_light_v8n,off,318,1791299362.274470,74.089322,80.158,2.75,0.0,0,0
traffic_light_v8n,off,319,1791299362.474616,74.289253,80.417,2.67,0.0,0,0
traffic_light_v8n,off,320,1791299362.674454,74.489184,80.21,2.82,0.0,0,0
traffic_light_v8n,off,321,1791299362.874428,74.689116,80.292,2.78,0.0,0,0
traffic_light_v8n,off,322,1791299363.074309,74.889047,80.255,2.77,0.0,0,0
traffic_light_v8n,off,323,1791299363.274224,75.088978,80.133,2.87,0.0,0,0
traffic_light_v8n,off,324,1791299363.474652,75.288909,80.815,2.66,0.0,0,0
traffic_light_v8n,off,325,1791299363.674124,75.488841,80.272,2.8,0.0,0,0
traffic_light_v8n,off,326,1791299363.874093,75.688772,80.292,2.79,0.0,0,0
traffic_light_v8n,off,327,1791299364.073917,75.888703,80.254,2.72,0.0,0,0
traffic_light_v8n,off,328,1791299364.273858,76.088635,80.151,2.83,0.0,0,0
traffic_light_v8n,off,329,1791299364.473476,76.288566,80.653,2.06,0.0,0,0
traffic_light_v8n,off,330,1791299364.673799,76.488497,80.224,2.86,0.0,0,0
traffic_light_v8n,off,331,1791299364.873762,76.688429,80.207,2.88,0.0,0,0
traffic_light_v8n,off,332,1791299365.072838,76.888360,80.226,2.05,0.0,0,0
traffic_light_v8n,off,333,1791299365.272773,77.088291,80.095,2.14,0.0,0,0
traffic_light_v8n,off,334,1791299365.473744,77.288223,80.68,2.6,0.0,0,0
traffic_light_v8n,off,335,1791299365.672614,77.488154,80.183,2.05,0.0,0,0
traffic_light_v8n,off,336,1791299365.873222,77.688085,80.185,2.68,0.0,0,0
traffic_light_v8n,off,337,1791299366.073302,77.888016,80.303,2.74,0.0,0,0
traffic_light_v8n,off,338,1791299366.272231,78.087948,80.148,2.02,0.0,0,0
traffic_light_v8n,off,339,1791299366.472812,78.287879,80.884,1.84,0.0,0,0
traffic_light_v8n,off,340,1791299366.672746,78.487811,80.147,2.57,0.0,0,0
traffic_light_v8n,off,341,1791299366.872919,78.687742,80.187,2.74,0.0,0,0
traffic_light_v8n,off,342,1791299367.072979,78.887673,80.414,2.65,0.0,0,0
traffic_light_v8n,off,343,1791299367.272254,79.087604,80.206,2.2,0.0,0,0
traffic_light_v8n,off,344,1791299367.473195,79.287536,80.835,2.62,0.0,0,0
traffic_light_v8n,off,345,1791299367.672605,79.487467,80.293,2.57,0.0,0,0
traffic_light_v8n,off,346,1791299367.872924,79.687398,80.207,3.08,0.0,0,0
traffic_light_v8n,off,347,1791299368.072877,79.887330,80.291,2.99,0.0,0,0
traffic_light_v8n,off,348,1791299368.272509,80.087261,80.21,2.8,0.0,0,0
traffic_light_v8n,off,349,1791299368.473008,80.287192,80.552,3.02,0.0,0,0
traffic_light_v8n,off,350,1791299368.671649,80.487124,80.279,1.99,0.0,0,0
traffic_light_v8n,off,351,1791299368.872220,80.687055,80.115,2.8,0.0,0,0
traffic_light_v8n,off,352,1791299369.072214,80.886987,80.228,2.76,0.0,0,0
traffic_light_v8n,off,353,1791299369.271533,81.086918,80.271,2.09,0.0,0,0
traffic_light_v8n,off,354,1791299369.472307,81.286849,80.729,2.49,0.0,0,0
traffic_light_v8n,off,355,1791299369.671833,81.486780,80.157,2.66,0.0,0,0
traffic_light_v8n,off,356,1791299369.871813,81.686712,80.225,2.63,0.0,0,0
traffic_light_v8n,off,357,1791299370.071879,81.886643,80.234,2.78,0.0,0,0
traffic_light_v8n,off,358,1791299370.271794,82.086574,80.245,2.76,0.0,0,0
traffic_light_v8n,off,359,1791299370.472082,82.286505,80.74,2.62,0.0,0,0
traffic_light_v8n,off,360,1791299370.671795,82.486437,80.289,2.85,0.0,0,0
traffic_light_v8n,off,361,1791299370.871606,82.686368,80.214,2.78,0.0,0,0
traffic_light_v8n,off,362,1791299371.071659,82.886300,80.199,2.91,0.0,0,0
traffic_light_v8n,off,363,1791299371.271497,83.086231,80.244,2.81,0.0,0,0
traffic_light_v8n,off,364,1791299371.471663,83.286162,80.737,2.53,0.0,0,0
traffic_light_v8n,off,365,1791299371.671372,83.486094,80.34,2.72,0.0,0,0
traffic_light_v8n,off,366,1791299371.871280,83.686025,80.197,2.84,0.0,0,0
traffic_light_v8n,off,367,1791299372.071100,83.885956,80.147,2.78,0.0,0,0
traffic_light_v8n,off,368,1791299372.271120,84.085887,80.268,2.75,0.0,0,0
traffic_light_v8n,off,369,1791299372.471499,84.285819,80.828,2.64,0.0,0,0
traffic_light_v8n,off,370,1791299372.671026,84.485750,80.219,2.84,0.0,0,0
traffic_light_v8n,off,371,1791299372.870949,84.685681,80.268,2.78,0.0,0,0
traffic_light_v8n,off,372,1791299373.070916,84.885613,80.214,2.88,0.0,0,0
traffic_light_v8n,off,373,1791299373.270599,85.085544,80.183,2.61,0.0,0,0
traffic_light_v8n,off,374,1791299373.471235,85.285475,80.526,3.02,0.0,0,0
traffic_light_v8n,off,375,1791299373.670707,85.485407,80.267,2.78,0.0,0,0
traffic_light_v8n,off,376,1791299373.870554,85.685338,80.279,2.71,0.0,0,0
traffic_light_v8n,off,377,1791299374.070251,85.885269,80.165,2.61,0.0,0,0
traffic_light_v8n,off,378,1791299374.269623,86.085201,80.138,2.07,0.0,0,0
traffic_light_v8n,off,379,1791299374.470388,86.285132,80.509,2.56,0.0,0,0
traffic_light_v8n,off,380,1791299374.670370,86.485063,80.335,2.76,0.0,0,0
traffic_light_v8n,off,381,1791299374.870250,86.684995,80.242,2.79,0.0,0,0
traffic_light_v8n,off,382,1791299375.069274,86.884926,80.251,1.89,0.0,0,0
traffic_light_v8n,off,383,1791299375.269825,87.084857,80.226,2.52,0.0,0,0
traffic_light_v8n,off,384,1791299375.470788,87.284789,80.582,3.2,0.0,0,0
traffic_light_v8n,off,385,1791299375.669822,87.484720,80.15,2.73,0.0,0,0
traffic_light_v8n,off,386,1791299375.869913,87.684651,80.329,2.72,0.0,0,0
traffic_light_v8n,off,387,1791299376.068855,87.884583,80.225,1.89,0.0,0,0
traffic_light_v8n,off,388,1791299376.269439,88.084514,80.237,2.47,0.0,0,0
traffic_light_v8n,off,389,1791299376.469743,88.284445,80.248,2.83,0.0,0,0
traffic_light_v8n,off,390,1791299376.669458,88.484377,80.263,2.6,0.0,0,0
traffic_light_v8n,off,391,1791299376.869718,88.684308,80.285,2.87,0.0,0,0
traffic_light_v8n,off,392,1791299377.068750,88.884239,80.301,2.02,0.0,0,0
traffic_light_v8n,off,393,1791299377.268701,89.084171,80.305,2.04,0.0,0,0
traffic_light_v8n,off,394,1791299377.469346,89.284102,80.294,2.9,0.0,0,0
traffic_light_v8n,off,395,1791299377.669183,89.484033,80.186,2.92,0.0,0,0
traffic_light_v8n,off,396,1791299377.869096,89.683964,80.266,2.82,0.0,0,0
traffic_light_v8n,off,397,1791299378.069033,89.883896,80.193,2.9,0.0,0,0
traffic_light_v8n,off,398,1791299378.268907,90.083827,80.123,2.92,0.0,0,0
traffic_light_v8n,off,399,1791299378.468826,90.283758,80.17,2.86,0.0,0,0
traffic_light_v8n,off,400,1791299378.668841,90.483690,80.192,2.92,0.0,0,0
traffic_light_v8n,off,401,1791299378.868808,90.683621,80.304,2.84,0.0,0,0
traffic_light_v8n,off,402,1791299379.068721,90.883552,80.271,2.83,0.0,0,0
traffic_light_v8n,off,403,1791299379.268709,91.083484,80.261,2.89,0.0,0,0
traffic_light_v8n,off,404,1791299379.468505,91.283415,80.137,2.91,0.0,0,0
traffic_light_v8n,off,405,1791299379.667907,91.483347,80.184,2.36,0.0,0,0
traffic_light_v8n,off,406,1791299379.868193,91.683278,80.103,2.77,0.0,0,0
traffic_light_v8n,off,407,1791299380.067689,91.883209,80.282,2.19,0.0,0,0
traffic_light_v8n,off,408,1791299380.268160,92.083140,80.103,2.87,0.0,0,0
traffic_light_v8n,off,409,1791299380.468282,92.283072,80.24,2.9,0.0,0,0
traffic_light_v8n,off,410,1791299380.668104,92.483003,80.222,2.84,0.0,0,0
traffic_light_v8n,off,411,1791299380.867953,92.682934,80.231,2.77,0.0,0,0
traffic_light_v8n,off,412,1791299381.067971,92.882865,80.181,2.88,0.0,0,0
traffic_light_v8n,off,413,1791299381.267779,93.082797,80.195,2.75,0.0,0,0
traffic_light_v8n,off,414,1791299381.467913,93.282728,80.299,2.85,0.0,0,0
traffic_light_v8n,off,415,1791299381.667801,93.482660,80.322,2.78,0.0,0,0
traffic_light_v8n,off,416,1791299381.867082,93.682591,80.288,2.19,0.0,0,0
traffic_light_v8n,off,417,1791299382.067751,93.882522,80.261,2.92,0.0,0,0
traffic_light_v8n,off,418,1791299382.267441,94.082454,80.196,2.75,0.0,0,0
traffic_light_v8n,off,419,1791299382.466718,94.282385,80.35,2.07,0.0,0,0
traffic_light_v8n,off,420,1791299382.666442,94.482316,80.162,2.02,0.0,0,0
traffic_light_v8n,off,421,1791299382.866468,94.682247,80.249,1.95,0.0,0,0
traffic_light_v8n,off,422,1791299383.067254,94.882179,80.225,2.83,0.0,0,0
traffic_light_v8n,off,423,1791299383.266669,95.082110,80.263,2.23,0.0,0,0
traffic_light_v8n,off,424,1791299383.466700,95.282041,80.271,2.32,0.0,0,0
traffic_light_v8n,off,425,1791299383.666715,95.481973,80.197,2.47,0.0,0,0
traffic_light_v8n,off,426,1791299383.866896,95.681904,80.309,2.65,0.0,0,0
traffic_light_v8n,off,427,1791299384.066597,95.881836,80.086,2.63,0.0,0,0
traffic_light_v8n,off,428,1791299384.266898,96.081767,80.203,2.89,0.0,0,0
traffic_light_v8n,off,429,1791299384.466835,96.281698,80.27,2.83,0.0,0,0
traffic_light_v8n,off,430,1791299384.666497,96.481629,80.151,2.68,0.0,0,0
traffic_light_v8n,off,431,1791299384.866454,96.681561,80.333,2.52,0.0,0,0
traffic_light_v8n,off,432,1791299385.066641,96.881492,80.219,2.82,0.0,0,0
traffic_light_v8n,off,433,1791299385.266638,97.081423,80.278,2.83,0.0,0,0
traffic_light_v8n,off,434,1791299385.466757,97.281355,80.354,2.97,0.0,0,0
traffic_light_v8n,off,435,1791299385.666618,97.481286,80.331,2.9,0.0,0,0
traffic_light_v8n,off,436,1791299385.866373,97.681217,80.247,2.83,0.0,0,0
traffic_light_v8n,off,437,1791299386.066392,97.881149,80.251,2.91,0.0,0,0
traffic_light_v8n,off,438,1791299386.266443,98.081080,80.346,2.94,0.0,0,0
traffic_light_v8n,off,439,1791299386.466030,98.281011,80.12,2.82,0.0,0,0
traffic_light_v8n,off,440,1791299386.665956,98.480943,80.132,2.8,0.0,0,0
traffic_light_v8n,off,441,1791299386.865931,98.680874,80.156,2.82,0.0,0,0
traffic_light_v8n,off,442,1791299387.065920,98.880805,80.254,2.78,0.0,0,0
traffic_light_v8n,off,443,1791299387.265822,99.080737,80.201,2.81,0.0,0,0
traffic_light_v8n,off,444,1791299387.465808,99.280668,80.21,2.85,0.0,0,0
traffic_light_v8n,off,445,1791299387.665742,99.480599,80.223,2.84,0.0,0,0
traffic_light_v8n,off,446,1791299387.865560,99.680530,80.208,2.72,0.0,0,0
traffic_light_v8n,off,447,1791299388.065455,99.880462,80.18,2.73,0.0,0,0
traffic_light_v8n,off,448,1791299388.265433,100.080393,80.127,2.84,0.0,0,0
traffic_light_v8n,off,449,1791299388.465640,100.280324,80.389,2.81,0.0,0,0
traffic_light_v8n,off,450,1791299388.665268,100.480256,80.212,2.72,0.0,0,0
traffic_light_v8n,off,451,1791299388.865216,100.680187,80.239,2.71,0.0,0,0
traffic_light_v8n,off,452,1791299389.065208,100.880119,80.259,2.77,0.0,0,0
traffic_light_v8n,off,453,1791299389.265068,101.080050,80.153,2.78,0.0,0,0
traffic_light_v8n,off,454,1791299389.464357,101.279981,80.147,2.2,0.0,0,0
traffic_light_v8n,off,455,1791299389.665053,101.479912,80.3,2.76,0.0,0,0
traffic_light_v8n,off,456,1791299389.864729,101.679844,80.181,2.59,0.0,0,0
traffic_light_v8n,off,457,1791299390.064651,101.879775,80.211,2.59,0.0,0,0
traffic_light_v8n,off,458,1791299390.264807,102.079706,80.221,2.8,0.0,0,0
traffic_light_v8n,off,459,1791299390.464783,102.279638,80.223,2.84,0.0,0,0
traffic_light_v8n,off,460,1791299390.664180,102.479569,80.291,2.24,0.0,0,0
traffic_light_v8n,off,461,1791299390.864702,102.679501,80.319,2.77,0.0,0,0
traffic_light_v8n,off,462,1791299391.064473,102.879432,80.163,2.8,0.0,0,0
traffic_light_v8n,off,463,1791299391.264649,103.079363,80.286,2.88,0.0,0,0
traffic_light_v8n,off,464,1791299391.464593,103.279294,80.3,2.88,0.0,0,0
traffic_light_v8n,off,465,1791299391.664379,103.479226,80.303,2.77,0.0,0,0
traffic_light_v8n,off,466,1791299391.864147,103.679157,80.214,2.7,0.0,0,0
traffic_light_v8n,off,467,1791299392.064241,103.879088,80.304,2.8,0.0,0,0
traffic_light_v8n,off,468,1791299392.264316,104.079020,80.357,2.86,0.0,0,0
traffic_light_v8n,off,469,1791299392.463864,104.278951,80.058,2.77,0.0,0,0
traffic_light_v8n,off,470,1791299392.663271,104.478882,80.286,2.03,0.0,0,0
traffic_light_v8n,off,471,1791299392.863530,104.678814,80.197,2.42,0.0,0,0
traffic_light_v8n,off,472,1791299393.062956,104.878745,80.308,1.9,0.0,0,0
traffic_light_v8n,off,473,1791299393.263150,105.078676,80.254,2.22,0.0,0,0
traffic_light_v8n,off,474,1791299393.463652,105.278608,80.237,2.74,0.0,0,0
traffic_light_v8n,off,475,1791299393.663709,105.478539,80.263,2.85,0.0,0,0
traffic_light_v8n,off,476,1791299393.863374,105.678470,80.106,2.77,0.0,0,0
traffic_light_v8n,off,477,1791299394.063411,105.878401,80.274,2.73,0.0,0,0
traffic_light_v8n,off,478,1791299394.263440,106.078333,80.259,2.82,0.0,0,0
traffic_light_v8n,off,479,1791299394.463356,106.278264,80.253,2.81,0.0,0,0
traffic_light_v8n,off,480,1791299394.663215,106.478196,80.194,2.79,0.0,0,0
traffic_light_v8n,off,481,1791299394.863207,106.678127,80.279,2.77,0.0,0,0
traffic_light_v8n,off,482,1791299395.063005,106.878058,80.228,2.71,0.0,0,0
traffic_light_v8n,off,483,1791299395.263062,107.077989,80.22,2.82,0.0,0,0
traffic_light_v8n,off,484,1791299395.462917,107.277921,80.19,2.78,0.0,0,0
traffic_light_v8n,off,485,1791299395.662766,107.477852,80.128,2.75,0.0,0,0
traffic_light_v8n,off,486,1791299395.862747,107.677783,80.215,2.72,0.0,0,0
traffic_light_v8n,off,487,1791299396.062657,107.877715,80.257,2.66,0.0,0,0
traffic_light_v8n,off,488,1791299396.262992,108.077646,80.305,3.01,0.0,0,0
traffic_light_v8n,off,489,1791299396.462584,108.277577,80.238,2.71,0.0,0,0
traffic_light_v8n,off,490,1791299396.662492,108.477509,80.191,2.76,0.0,0,0
traffic_light_v8n,off,491,1791299396.862374,108.677440,80.151,2.75,0.0,0,0
traffic_light_v8n,off,492,1791299397.061682,108.877371,80.234,2.08,0.0,0,0
traffic_light_v8n,off,493,1791299397.261708,109.077303,80.199,2.15,0.0,0,0
traffic_light_v8n,off,494,1791299397.462256,109.277234,80.254,2.73,0.0,0,0
traffic_light_v8n,off,495,1791299397.662170,109.477165,80.259,2.71,0.0,0,0
traffic_light_v8n,off,496,1791299397.861995,109.677097,80.255,2.61,0.0,0,0
traffic_light_v8n,off,497,1791299398.061265,109.877028,80.225,2.0,0.0,0,0
traffic_light_v8n,off,498,1791299398.261977,110.076959,80.219,2.77,0.0,0,0
traffic_light_v8n,off,499,1791299398.461199,110.276890,80.171,2.14,0.0,0,0
traffic_light_v8n,off,500,1791299398.661795,110.476822,80.178,2.73,0.0,0,0
traffic_light_v8n,off,501,1791299398.861805,110.676753,80.25,2.77,0.0,0,0
traffic_light_v8n,off,502,1791299399.060610,110.876685,80.256,1.68,0.0,0,0
traffic_light_v8n,off,503,1791299399.261582,111.076616,80.209,2.69,0.0,0,0
traffic_light_v8n,off,504,1791299399.461560,111.276547,80.33,2.61,0.0,0,1
traffic_light_v8n,off,505,1791299399.661549,111.476478,80.273,2.73,0.0,0,1
traffic_light_v8n,off,506,1791299399.861434,111.676410,80.27,2.72,0.0,0,0
traffic_light_v8n,off,507,1791299400.061142,111.876341,80.183,2.59,0.0,0,0
traffic_light_v8n,off,508,1791299400.260389,112.076272,80.25,1.84,0.0,0,0
traffic_light_v8n,off,509,1791299400.461209,112.276204,80.234,2.74,0.0,0,0
traffic_light_v8n,off,510,1791299400.660632,112.476135,80.259,2.18,0.0,0,0
traffic_light_v8n,off,511,1791299400.860817,112.676066,80.217,2.51,0.0,0,0
traffic_light_v8n,off,512,1791299401.060888,112.875998,80.239,2.72,0.0,0,0
traffic_light_v8n,off,513,1791299401.260321,113.075929,80.178,2.3,0.0,0,0
traffic_light_v8n,off,514,1791299401.460224,113.275861,80.299,2.13,0.0,0,0
traffic_light_v8n,off,515,1791299401.660815,113.475792,80.262,2.82,0.0,0,0
traffic_light_v8n,off,516,1791299401.860778,113.675723,80.285,2.84,0.0,0,0
traffic_light_v8n,off,517,1791299402.060553,113.875654,80.224,2.73,0.0,0,0
traffic_light_v8n,off,518,1791299402.260451,114.075586,80.187,2.74,0.0,0,0
traffic_light_v8n,off,519,1791299402.460573,114.275517,80.2,2.89,0.0,0,0
traffic_light_v8n,off,520,1791299402.659618,114.475448,80.143,2.12,0.0,0,0
traffic_light_v8n,off,521,1791299402.860330,114.675380,80.182,2.83,0.0,0,0
traffic_light_v8n,off,522,1791299403.060227,114.875311,80.267,2.72,0.0,0,0
traffic_light_v8n,off,523,1791299403.260222,115.075242,80.25,2.8,0.0,0,0
traffic_light_v8n,off,524,1791299403.460091,115.275174,80.215,2.77,0.0,0,0
traffic_light_v8n,off,525,1791299403.660037,115.475105,80.231,2.77,0.0,0,0
traffic_light_v8n,off,526,1791299403.859949,115.675036,80.167,2.81,0.0,0,0
traffic_light_v8n,off,527,1791299404.059730,115.874968,80.211,2.62,0.0,0,0
traffic_light_v8n,off,528,1791299404.259897,116.074899,80.325,2.74,0.0,0,0
traffic_light_v8n,off,529,1791299404.459684,116.274830,80.204,2.63,0.0,0,0
traffic_light_v8n,off,530,1791299404.659665,116.474761,80.153,2.78,0.0,0,0
traffic_light_v8n,off,531,1791299404.859687,116.674693,80.181,2.85,0.0,0,0
traffic_light_v8n,off,532,1791299405.059386,116.874624,80.187,2.64,0.0,0,0
traffic_light_v8n,off,533,1791299405.258626,117.074555,80.177,1.97,0.0,0,0
traffic_light_v8n,off,534,1791299405.459544,117.274487,80.295,2.79,0.0,0,0
traffic_light_v8n,off,535,1791299405.659281,117.474418,80.197,2.73,0.0,0,0
traffic_light_v8n,off,536,1791299405.858941,117.674350,80.2,2.46,0.0,0,0
traffic_light_v8n,off,537,1791299406.058580,117.874281,80.236,2.11,0.0,0,0
traffic_light_v8n,off,538,1791299406.258945,118.074212,80.237,2.59,0.0,0,0
traffic_light_v8n,off,539,1791299406.459041,118.274143,80.256,2.71,0.0,0,0
traffic_light_v8n,off,540,1791299406.658801,118.474075,80.148,2.64,0.0,0,0
traffic_light_v8n,off,541,1791299406.858947,118.674006,80.122,2.88,0.0,0,0
traffic_light_v8n,off,542,1791299407.058774,118.873937,80.306,2.6,0.0,0,0
traffic_light_v8n,off,543,1791299407.258802,119.073869,80.253,2.75,0.0,0,0
traffic_light_v8n,off,544,1791299407.458734,119.273800,80.186,2.78,0.0,0,0
traffic_light_v8n,off,545,1791299407.657758,119.473731,80.247,1.88,0.0,0,0
traffic_light_v8n,off,546,1791299407.858401,119.673663,80.15,2.65,0.0,0,0
traffic_light_v8n,off,547,1791299408.058699,119.873594,80.329,2.8,0.0,0,0
traffic_light_v8n,off,548,1791299408.258407,120.073525,80.229,2.72,0.0,0,0
traffic_light_v8n,off,549,1791299408.458363,120.273457,80.279,2.7,0.0,0,0
traffic_light_v8n,off,550,1791299408.658240,120.473388,80.276,2.7,0.0,0,0
traffic_light_v8n,off,551,1791299408.858298,120.673319,80.271,2.83,0.0,0,0
traffic_light_v8n,off,552,1791299409.058309,120.873251,80.32,2.86,0.0,0,0
traffic_light_v8n,off,553,1791299409.258084,121.073182,80.182,2.82,0.0,0,0
traffic_light_v8n,off,554,1791299409.458200,121.273113,80.331,2.88,0.0,0,0
traffic_light_v8n,off,555,1791299409.658062,121.473044,80.325,2.81,0.0,0,0
traffic_light_v8n,off,556,1791299409.857853,121.672976,80.254,2.75,0.0,0,0
traffic_light_v8n,off,557,1791299410.058025,121.872907,80.138,3.1,0.0,0,0
traffic_light_v8n,off,558,1791299410.257877,122.072839,80.302,2.86,0.0,0,0
traffic_light_v8n,off,559,1791299410.457823,122.272770,80.274,2.9,0.0,0,0
traffic_light_v8n,off,560,1791299410.657666,122.472701,80.222,2.84,0.0,0,0
traffic_light_v8n,off,561,1791299410.857502,122.672632,80.332,2.66,0.0,0,0
traffic_light_v8n,off,562,1791299411.057624,122.872564,80.27,2.88,0.0,0,0
traffic_light_v8n,off,563,1791299411.257379,123.072495,80.179,2.83,0.0,0,0
traffic_light_v8n,off,564,1791299411.457365,123.272426,80.301,2.76,0.0,0,0
traffic_light_v8n,off,565,1791299411.657277,123.472358,80.211,2.83,0.0,0,0
traffic_light_v8n,off,566,1791299411.857226,123.672289,80.19,2.86,0.0,0,0
traffic_light_v8n,off,567,1791299412.057188,123.872220,80.207,2.89,0.0,0,0
traffic_light_v8n,off,568,1791299412.256789,124.072152,80.179,2.66,0.0,0,0
traffic_light_v8n,off,569,1791299412.456328,124.272083,80.28,2.09,0.0,0,0
traffic_light_v8n,off,570,1791299412.656851,124.472014,80.172,2.78,0.0,0,0
traffic_light_v8n,off,571,1791299412.856698,124.671946,80.164,2.69,0.0,0,0
traffic_light_v8n,off,572,1791299413.056826,124.871877,80.24,2.83,0.0,0,0
traffic_light_v8n,off,573,1791299413.256644,125.071808,80.209,2.74,0.0,0,0
traffic_light_v8n,off,574,1791299413.456321,125.271740,80.144,2.56,0.0,0,0
traffic_light_v8n,off,575,1791299413.656650,125.471671,80.243,2.82,0.0,0,0
traffic_light_v8n,off,576,1791299413.856535,125.671602,80.251,2.79,0.0,0,0
traffic_light_v8n,off,577,1791299414.056413,125.871534,80.275,2.73,0.0,0,0
traffic_light_v8n,off,578,1791299414.255472,126.071465,80.27,1.89,0.0,0,0
traffic_light_v8n,off,579,1791299414.456231,126.271396,80.211,2.69,0.0,0,0
traffic_light_v8n,off,580,1791299414.656327,126.471328,80.29,2.83,0.0,0,0
traffic_light_v8n,off,581,1791299414.856242,126.671259,80.307,2.8,0.0,0,0
traffic_light_v8n,off,582,1791299415.056073,126.871190,80.333,2.67,0.0,0,0
traffic_light_v8n,off,583,1791299415.255219,127.071122,80.269,1.97,0.0,0,0
traffic_light_v8n,off,584,1791299415.456049,127.271053,80.198,2.92,0.0,0,0
traffic_light_v8n,off,585,1791299415.655818,127.470984,80.282,2.67,0.0,0,0
traffic_light_v8n,off,586,1791299415.855861,127.670916,80.233,2.83,0.0,0,0
traffic_light_v8n,off,587,1791299416.055496,127.870847,80.263,2.5,0.0,0,0
traffic_light_v8n,off,588,1791299416.254907,128.070778,80.272,1.98,0.0,0,0
traffic_light_v8n,off,589,1791299416.455617,128.270709,80.229,2.77,0.0,0,0
traffic_light_v8n,off,590,1791299416.655572,128.470641,80.276,2.76,0.0,0,0
traffic_light_v8n,off,591,1791299416.855302,128.670572,80.186,2.68,0.0,0,0
traffic_light_v8n,off,592,1791299417.055464,128.870503,80.335,2.76,0.0,0,0
traffic_light_v8n,off,593,1791299417.255297,129.070435,80.299,2.7,0.0,0,0
traffic_light_v8n,off,594,1791299417.455198,129.270366,80.182,2.78,0.0,0,0
traffic_light_v8n,off,595,1791299417.655172,129.470297,80.257,2.75,0.0,0,0
traffic_light_v8n,off,596,1791299417.855161,129.670229,80.292,2.77,0.0,0,0
traffic_light_v8n,off,597,1791299418.054847,129.870160,80.197,2.63,0.0,0,0
traffic_light_v8n,off,598,1791299418.254951,130.070091,80.25,2.74,0.0,0,0
traffic_light_v8n,off,599,1791299418.454796,130.270023,80.182,2.73,0.0,0,0
traffic_light_v8n,off,600,1791299418.654843,130.469954,80.2,2.83,0.0,0,0
traffic_light_v8n,off,601,1791299418.854629,130.669885,80.275,2.59,0.0,0,0
traffic_light_v8n,off,602,1791299419.054654,130.869817,80.27,2.68,0.0,0,0
traffic_light_v8n,off,603,1791299419.254735,131.069748,80.39,2.73,0.0,0,0
traffic_light_v8n,off,604,1791299419.454538,131.269679,80.308,2.66,0.0,0,0
traffic_light_v8n,off,605,1791299419.654323,131.469610,80.212,2.64,0.0,0,0
traffic_light_v8n,off,606,1791299419.854352,131.669542,80.272,2.67,0.0,0,0
traffic_light_v8n,off,607,1791299420.054204,131.869473,80.237,2.62,0.0,0,0
traffic_light_v8n,off,608,1791299420.254168,132.069405,80.28,2.62,0.0,0,0
traffic_light_v8n,off,609,1791299420.453981,132.269336,80.16,2.62,0.0,0,0
traffic_light_v8n,off,610,1791299420.653943,132.469267,80.177,2.63,0.0,0,0
traffic_light_v8n,off,611,1791299420.853956,132.669198,80.19,2.7,0.0,0,0
traffic_light_v8n,off,612,1791299421.053777,132.869130,80.107,2.67,0.0,0,0
traffic_light_v8n,off,613,1791299421.253910,133.069061,80.303,2.68,0.0,0,0
traffic_light_v8n,off,614,1791299421.453748,133.268992,80.122,2.77,0.0,0,0
traffic_light_v8n,off,615,1791299421.653750,133.468924,80.313,2.65,0.0,0,0
traffic_light_v8n,off,616,1791299421.853471,133.668855,80.135,2.62,0.0,0,0
traffic_light_v8n,off,617,1791299422.053293,133.868786,80.147,2.49,0.0,0,0
traffic_light_v8n,off,618,1791299422.253454,134.068718,80.247,2.61,0.0,0,1
traffic_light_v8n,off,619,1791299422.452366,134.268649,80.165,1.72,0.0,0,0
traffic_light_v8n,off,620,1791299422.653569,134.468581,80.333,2.75,0.0,0,0
traffic_light_v8n,off,621,1791299422.853478,134.668512,80.338,2.76,0.0,0,0
traffic_light_v8n,off,622,1791299423.053373,134.868443,80.291,2.77,0.0,0,0
traffic_light_v8n,off,623,1791299423.253076,135.068374,80.284,2.55,0.0,0,0
traffic_light_v8n,off,624,1791299423.453246,135.268306,80.287,2.77,0.0,0,1
traffic_light_v8n,off,625,1791299423.652508,135.468237,80.188,2.22,0.0,0,0
traffic_light_v8n,off,626,1791299423.853039,135.668168,80.438,2.57,0.0,0,0
traffic_light_v8n,off,627,1791299424.052681,135.868099,80.228,2.54,0.0,0,0
traffic_light_v8n,off,628,1791299424.252820,136.068031,80.296,2.72,0.0,0,0
traffic_light_v8n,off,629,1791299424.452802,136.267962,80.227,2.85,0.0,0,0
traffic_light_v8n,off,630,1791299424.652621,136.467894,80.195,2.74,0.0,0,0
traffic_light_v8n,off,631,1791299424.852586,136.667825,80.23,2.74,0.0,0,0
traffic_light_v8n,off,632,1791299425.052448,136.867756,80.194,2.73,0.0,0,0
traffic_light_v8n,off,633,1791299425.252415,137.067687,80.167,2.79,0.0,0,0
traffic_light_v8n,off,634,1791299425.452411,137.267619,80.262,2.77,0.0,0,0
traffic_light_v8n,off,635,1791299425.652252,137.467550,80.217,2.72,0.0,0,0
traffic_light_v8n,off,636,1791299425.852123,137.667481,80.172,2.7,0.0,0,0
traffic_light_v8n,off,637,1791299426.052012,137.867413,80.213,2.62,0.0,0,0
traffic_light_v8n,off,638,1791299426.252110,138.067344,80.18,2.82,0.0,0,0
traffic_light_v8n,off,639,1791299426.452167,138.267277,80.404,2.72,0.0,0,0
traffic_light_v8n,off,640,1791299426.651865,138.467207,80.159,2.73,0.0,0,0
traffic_light_v8n,off,641,1791299426.851870,138.667138,80.12,2.85,0.0,0,0
traffic_light_v8n,off,642,1791299427.051854,138.867070,80.206,2.81,0.0,0,0
traffic_light_v8n,off,643,1791299427.251181,139.067001,80.251,2.13,0.0,0,0
traffic_light_v8n,off,644,1791299427.451453,139.266932,80.159,2.62,0.0,0,0
traffic_light_v8n,off,645,1791299427.651181,139.466864,80.294,2.26,0.0,0,0
traffic_light_v8n,off,646,1791299427.851666,139.666795,80.232,2.85,0.0,0,0
traffic_light_v8n,off,647,1791299428.051469,139.866726,80.202,2.78,0.0,0,0
traffic_light_v8n,off,648,1791299428.251503,140.066657,80.32,2.76,0.0,0,0
traffic_light_v8n,off,649,1791299428.451129,140.266589,80.296,2.5,0.0,0,0
traffic_light_v8n,off,650,1791299428.650643,140.466520,80.253,2.07,0.0,0,0
traffic_light_v8n,off,651,1791299428.851071,140.666451,80.204,2.65,0.0,0,0
traffic_light_v8n,off,652,1791299429.051062,140.866383,80.268,2.64,0.0,0,0
traffic_light_v8n,off,653,1791299429.251057,141.066314,80.197,2.78,0.0,0,0
traffic_light_v8n,off,654,1791299429.450003,141.266245,80.273,1.75,0.0,0,0
traffic_light_v8n,off,655,1791299429.650899,141.466177,80.202,2.76,0.0,0,0
traffic_light_v8n,off,656,1791299429.850859,141.666108,80.287,2.7,0.0,0,0
traffic_light_v8n,off,657,1791299430.050842,141.866039,80.269,2.77,0.0,0,0
traffic_light_v8n,off,658,1791299430.250566,142.065971,80.104,2.7,0.0,0,0
traffic_light_v8n,off,659,1791299430.449709,142.265902,80.148,1.92,0.0,0,0
traffic_light_v8n,off,660,1791299430.650388,142.465833,80.238,2.55,0.0,0,0
traffic_light_v8n,off,661,1791299430.849496,142.665765,80.259,1.74,0.0,0,0
traffic_light_v8n,off,662,1791299431.050540,142.865696,80.278,2.77,0.0,0,0
traffic_light_v8n,off,663,1791299431.250089,143.065627,80.258,2.44,0.0,0,0
traffic_light_v8n,off,664,1791299431.449420,143.265558,80.214,1.91,0.0,0,0
traffic_light_v8n,off,665,1791299431.649735,143.465490,80.312,2.23,0.0,0,0
traffic_light_v8n,off,666,1791299431.849623,143.665421,80.27,2.22,0.0,0,0
traffic_light_v8n,off,667,1791299432.049967,143.865352,80.158,2.75,0.0,0,0
traffic_light_v8n,off,668,1791299432.249817,144.065284,80.141,2.69,0.0,0,0
traffic_light_v8n,off,669,1791299432.448859,144.265215,80.146,1.86,0.0,0,0
traffic_light_v8n,off,670,1791299432.649792,144.465147,80.255,2.69,0.0,0,0
traffic_light_v8n,off,671,1791299432.849827,144.665078,80.295,2.75,0.0,0,0
traffic_light_v8n,off,672,1791299433.049622,144.865009,80.161,2.72,0.0,0,0
traffic_light_v8n,off,673,1791299433.248784,145.064940,80.062,2.08,0.0,0,0
traffic_light_v8n,off,674,1791299433.449161,145.264872,80.29,2.3,0.0,0,0
traffic_light_v8n,off,675,1791299433.648576,145.464803,80.246,1.92,0.0,0,0
traffic_light_v8n,off,676,1791299433.849376,145.664734,80.208,2.73,0.0,0,0
traffic_light_v8n,off,677,1791299434.049263,145.864666,80.191,2.7,0.0,0,0
traffic_light_v8n,off,678,1791299434.249025,146.064597,80.104,2.62,0.0,0,0
traffic_light_v8n,off,679,1791299434.448740,146.264528,80.306,2.2,0.0,0,0
traffic_light_v8n,off,680,1791299434.648618,146.464460,80.226,2.21,0.0,0,0
traffic_light_v8n,off,681,1791299434.848974,146.664391,80.368,2.52,0.0,0,0
traffic_light_v8n,off,682,1791299435.048788,146.864322,80.331,2.42,0.0,0,0
traffic_light_v8n,off,683,1791299435.248190,147.064254,80.214,2.02,0.0,0,0
traffic_light_v8n,off,684,1791299435.448330,147.264185,80.301,2.14,0.0,0,0
traffic_light_v8n,off,685,1791299435.647764,147.464116,80.127,1.95,0.0,0,0
traffic_light_v8n,off,686,1791299435.848739,147.664048,80.261,2.73,0.0,0,0
traffic_light_v8n,off,687,1791299436.048681,147.863979,80.249,2.72,0.0,0,0
traffic_light_v8n,off,688,1791299436.248484,148.063910,80.323,2.56,0.0,0,0
traffic_light_v8n,off,689,1791299436.447863,148.263841,80.275,2.05,0.0,0,0
traffic_light_v8n,off,690,1791299436.648257,148.463773,80.167,2.62,0.0,0,0
traffic_light_v8n,off,691,1791299436.848318,148.663704,80.265,2.65,0.0,0,0
traffic_light_v8n,off,692,1791299437.048138,148.863635,80.231,2.57,0.0,0,0
traffic_light_v8n,off,693,1791299437.247982,149.063567,80.225,2.46,0.0,0,0
traffic_light_v8n,off,694,1791299437.447253,149.263498,80.246,1.81,0.0,0,0
traffic_light_v8n,off,695,1791299437.648141,149.463430,80.26,2.75,0.0,0,0
traffic_light_v8n,off,696,1791299437.848125,149.663361,80.337,2.73,0.0,0,0
traffic_light_v8n,off,697,1791299438.048045,149.863292,80.245,2.81,0.0,0,0
traffic_light_v8n,off,698,1791299438.247870,150.063223,80.254,2.69,0.0,0,0
traffic_light_v8n,off,699,1791299438.447207,150.263155,80.247,2.11,0.0,0,0
traffic_light_v8n,off,700,1791299438.647693,150.463086,80.151,2.72,0.0,0,0
traffic_light_v8n,off,701,1791299438.847450,150.663017,80.095,2.64,0.0,0,0
traffic_light_v8n,off,702,1791299439.047415,150.862949,80.111,2.65,0.0,0,0
traffic_light_v8n,off,703,1791299439.247240,151.062880,80.127,2.53,0.0,0,0
traffic_light_v8n,off,704,1791299439.446438,151.262811,80.117,1.81,0.0,0,0
traffic_light_v8n,off,705,1791299439.647453,151.462743,80.318,2.7,0.0,0,0
traffic_light_v8n,off,706,1791299439.847289,151.662674,80.249,2.77,0.0,0,0
traffic_light_v8n,off,707,1791299440.047216,151.862605,80.261,2.75,0.0,0,0
traffic_light_v8n,off,708,1791299440.247056,152.062536,80.164,2.76,0.0,0,0
traffic_light_v8n,off,709,1791299440.446470,152.262468,80.273,2.13,0.0,0,0
traffic_light_v8n,off,710,1791299440.646369,152.462399,80.212,2.18,0.0,0,0
traffic_light_v8n,off,711,1791299440.846999,152.662330,80.196,2.86,0.0,0,0
traffic_light_v8n,off,712,1791299441.046965,152.862262,80.308,2.79,0.0,0,0
traffic_light_v8n,off,713,1791299441.247326,153.062193,80.165,3.37,0.0,0,0
traffic_light_v8n,off,714,1791299441.446838,153.262124,80.279,2.83,0.0,0,0
traffic_light_v8n,off,715,1791299441.646650,153.462056,80.13,2.85,0.0,0,0
traffic_light_v8n,off,716,1791299441.846689,153.661987,80.237,2.83,0.0,0,0
traffic_light_v8n,off,717,1791299442.046590,153.861919,80.162,2.88,0.0,0,0
traffic_light_v8n,off,718,1791299442.246459,154.061850,80.151,2.86,0.0,0,0
traffic_light_v8n,off,719,1791299442.446323,154.261781,80.317,2.59,0.0,0,0
traffic_light_v8n,off,720,1791299442.646423,154.461712,80.247,2.86,0.0,0,0
traffic_light_v8n,off,721,1791299442.846437,154.661644,80.301,2.89,0.0,0,0
traffic_light_v8n,off,722,1791299443.046209,154.861575,80.27,2.77,0.0,0,0
traffic_light_v8n,off,723,1791299443.246240,155.061506,80.296,2.84,0.0,0,0
traffic_light_v8n,off,724,1791299443.446202,155.261438,80.284,2.88,0.0,0,0
traffic_light_v8n,off,725,1791299443.645337,155.461369,80.2,2.18,0.0,0,0
traffic_light_v8n,off,726,1791299443.845089,155.661300,80.254,1.97,0.0,0,0
traffic_light_v8n,off,727,1791299444.044986,155.861232,80.168,1.99,0.0,0,0
traffic_light_v8n,off,728,1791299444.245776,156.061163,80.263,2.74,0.0,0,0
traffic_light_v8n,off,729,1791299444.444944,156.261094,80.273,1.98,0.0,0,0
traffic_light_v8n,off,730,1791299444.644909,156.461026,80.216,2.09,0.0,0,0
traffic_light_v8n,off,731,1791299444.844951,156.660957,80.332,2.06,0.0,0,0
traffic_light_v8n,off,732,1791299445.045331,156.860888,80.154,2.69,0.0,0,0
traffic_light_v8n,off,733,1791299445.244742,157.060819,80.103,2.22,0.0,0,0
traffic_light_v8n,off,734,1791299445.445089,157.260751,80.168,2.57,0.0,0,0
traffic_light_v8n,off,735,1791299445.644432,157.460682,80.229,1.94,0.0,0,0
traffic_light_v8n,off,736,1791299445.844706,157.660613,80.19,2.29,0.0,0,0
traffic_light_v8n,off,737,1791299446.045189,157.860545,80.194,2.85,0.0,0,0
traffic_light_v8n,off,738,1791299446.244984,158.060476,80.195,2.71,0.0,0,0
traffic_light_v8n,off,739,1791299446.445049,158.260407,80.177,2.86,0.0,0,0
traffic_light_v8n,off,740,1791299446.643986,158.460339,80.333,1.77,0.0,0,0
traffic_light_v8n,off,741,1791299446.844791,158.660270,80.126,2.79,0.0,0,0
traffic_light_v8n,off,742,1791299447.044826,158.860201,80.203,2.82,0.0,0,0
traffic_light_v8n,off,743,1791299447.244824,159.060133,80.243,2.85,0.0,0,0
traffic_light_v8n,off,744,1791299447.444489,159.260064,80.074,2.82,0.0,0,0
traffic_light_v8n,off,745,1791299447.643665,159.459995,80.148,2.04,0.0,0,0
traffic_light_v8n,off,746,1791299447.844333,159.659927,80.071,2.79,0.0,0,0
traffic_light_v8n,off,747,1791299448.044346,159.859858,80.148,2.8,0.0,0,0
traffic_light_v8n,off,748,1791299448.244505,160.059789,80.268,2.91,0.0,0,0
traffic_light_v8n,off,749,1791299448.444313,160.259721,80.243,2.82,0.0,0,0
traffic_light_v8n,off,750,1791299448.643296,160.459653,80.175,1.96,0.0,0,0
traffic_light_v8n,off,751,1791299448.844283,160.659583,80.325,2.84,0.0,0,0
traffic_light_v8n,off,752,1791299449.044146,160.859515,80.166,2.93,0.0,0,0
traffic_light_v8n,off,753,1791299449.244068,161.059446,80.249,2.84,0.0,0,0
traffic_light_v8n,off,754,1791299449.444162,161.259377,80.137,3.12,0.0,0,0
traffic_light_v8n,off,755,1791299449.643147,161.459309,80.249,2.06,0.0,0,0
traffic_light_v8n,off,756,1791299449.843695,161.659240,80.097,2.78,0.0,0,0
traffic_light_v8n,off,757,1791299450.043767,161.859171,80.236,2.82,0.0,0,0
traffic_light_v8n,off,758,1791299450.243561,162.059103,80.086,2.8,0.0,0,0
traffic_light_v8n,off,759,1791299450.443449,162.259034,80.173,2.71,0.0,0,0
traffic_light_v8n,off,760,1791299450.643576,162.458965,80.163,2.88,0.0,0,0
traffic_light_v8n,off,761,1791299450.842927,162.658896,80.126,2.37,0.0,0,0
traffic_light_v8n,off,762,1791299451.043321,162.858828,80.184,2.77,0.0,0,0
traffic_light_v8n,off,763,1791299451.243224,163.058759,80.143,2.78,0.0,0,0
traffic_light_v8n,off,764,1791299451.443229,163.258690,80.192,2.81,0.0,0,0
traffic_light_v8n,off,765,1791299451.642855,163.458622,80.48,2.22,0.0,0,0
traffic_light_v8n,off,766,1791299451.843039,163.658553,80.209,2.74,0.0,0,0
traffic_light_v8n,off,767,1791299452.042328,163.858484,80.224,2.12,0.0,0,0
traffic_light_v8n,off,768,1791299452.242832,164.058416,80.184,2.69,0.0,0,0
traffic_light_v8n,off,769,1791299452.442291,164.258347,80.209,2.2,0.0,0,0
traffic_light_v8n,off,770,1791299452.642440,164.458279,80.55,2.08,0.0,0,0
traffic_light_v8n,off,771,1791299452.842675,164.658210,80.178,2.73,0.0,0,0
traffic_light_v8n,off,772,1791299453.043013,164.858141,80.215,3.12,0.0,0,0
traffic_light_v8n,off,773,1791299453.241723,165.058072,80.177,1.97,0.0,0,0
traffic_light_v8n,off,774,1791299453.442160,165.258004,80.11,2.51,0.0,0,0
traffic_light_v8n,off,775,1791299453.642220,165.457935,80.179,2.57,0.0,0,0
traffic_light_v8n,off,776,1791299453.842362,165.657866,80.229,2.73,0.0,0,0
traffic_light_v8n,off,777,1791299454.041426,165.857798,80.111,2.0,0.0,0,0
traffic_light_v8n,off,778,1791299454.241625,166.057729,80.244,2.09,0.0,0,0
traffic_light_v8n,off,779,1791299454.441312,166.257660,80.166,1.94,0.0,0,0
traffic_light_v8n,off,780,1791299454.642065,166.457592,80.441,2.5,0.0,0,0
traffic_light_v8n,off,781,1791299454.842054,166.657523,80.255,2.83,0.0,0,0
traffic_light_v8n,off,782,1791299455.041332,166.857454,80.166,2.26,0.0,0,0
traffic_light_v8n,off,783,1791299455.241822,167.057386,80.201,2.79,0.0,0,0
traffic_light_v8n,off,784,1791299455.441030,167.257317,80.224,2.04,0.0,0,0
traffic_light_v8n,off,785,1791299455.641623,167.457248,80.331,2.57,0.0,0,0
traffic_light_v8n,off,786,1791299455.841816,167.657180,80.336,2.86,0.0,0,0
traffic_light_v8n,off,787,1791299456.041554,167.857111,80.298,2.67,0.0,0,0
traffic_light_v8n,off,788,1791299456.240767,168.057042,80.16,2.09,0.0,0,0
traffic_light_v8n,off,789,1791299456.441562,168.256973,80.356,2.75,0.0,0,0
traffic_light_v8n,off,790,1791299456.641227,168.456905,80.18,2.69,0.0,0,0
traffic_light_v8n,off,791,1791299456.841370,168.656836,80.257,2.83,0.0,0,0
traffic_light_v8n,off,792,1791299457.041119,168.856768,80.216,2.69,0.0,0,0
traffic_light_v8n,off,793,1791299457.241195,169.056699,80.134,2.86,0.0,0,0
traffic_light_v8n,off,794,1791299457.441204,169.256630,80.301,2.83,0.0,0,0
traffic_light_v8n,off,795,1791299457.640928,169.456562,80.275,2.65,0.0,0,0
traffic_light_v8n,off,796,1791299457.840896,169.656493,80.154,2.8,0.0,0,0
traffic_light_v8n,off,797,1791299458.040923,169.856424,80.23,2.82,0.0,0,0
traffic_light_v8n,off,798,1791299458.240781,170.056355,80.147,2.85,0.0,0,0
traffic_light_v8n,off,799,1791299458.440062,170.256287,80.227,2.14,0.0,0,0
traffic_light_v8n,off,800,1791299458.640754,170.456218,80.437,2.64,0.0,0,0
traffic_light_v8n,off,801,1791299458.840491,170.656149,80.238,2.67,0.0,0,0
traffic_light_v8n,off,802,1791299459.039888,170.856081,80.278,2.08,0.0,0,0
traffic_light_v8n,off,803,1791299459.239926,171.056012,80.225,2.24,0.0,0,0
traffic_light_v8n,off,804,1791299459.439661,171.255944,80.183,2.07,0.0,0,0
traffic_light_v8n,off,805,1791299459.640249,171.455875,80.292,2.64,0.0,0,0
traffic_light_v8n,off,806,1791299459.840218,171.655806,80.209,2.76,0.0,0,0
traffic_light_v8n,off,807,1791299460.039423,171.855737,80.244,2.0,0.0,0,0
traffic_light_v8n,off,808,1791299460.239426,172.055669,80.183,2.13,0.0,0,0
traffic_light_v8n,off,809,1791299460.439980,172.255600,80.308,2.63,0.0,0,0
traffic_light_v8n,off,810,1791299460.639704,172.455531,80.26,2.44,0.0,0,0
traffic_light_v8n,off,811,1791299460.839363,172.655463,80.311,2.15,0.0,0,0
traffic_light_v8n,off,812,1791299461.039028,172.855394,80.284,1.9,0.0,0,0
traffic_light_v8n,off,813,1791299461.238780,173.055325,80.205,1.92,0.0,0,0
traffic_light_v8n,off,814,1791299461.439493,173.255257,80.093,2.7,0.0,0,0
traffic_light_v8n,off,815,1791299461.638878,173.455188,80.402,1.84,0.0,0,0
traffic_light_v8n,off,816,1791299461.838563,173.655119,80.266,1.77,0.0,0,0
traffic_light_v8n,off,817,1791299462.039395,173.855051,80.197,2.69,0.0,0,0
traffic_light_v8n,off,818,1791299462.238695,174.054982,80.248,2.06,0.0,0,0
traffic_light_v8n,off,819,1791299462.439214,174.254913,80.121,2.76,0.0,0,0
traffic_light_v8n,off,820,1791299462.638542,174.454845,80.284,1.98,0.0,0,0
traffic_light_v8n,off,821,1791299462.838365,174.654776,80.162,2.03,0.0,0,0
traffic_light_v8n,off,822,1791299463.038569,174.854707,80.196,2.22,0.0,0,0
traffic_light_v8n,off,823,1791299463.238275,175.054638,80.245,1.98,0.0,0,0
traffic_light_v8n,off,824,1791299463.439024,175.254570,80.312,2.73,0.0,0,0
traffic_light_v8n,off,825,1791299463.638994,175.454501,80.492,2.58,0.0,0,0
traffic_light_v8n,off,826,1791299463.837925,175.654432,80.302,1.9,0.0,0,0
traffic_light_v8n,off,827,1791299464.038111,175.854364,80.241,2.09,0.0,0,0
traffic_light_v8n,off,828,1791299464.237918,176.054295,80.23,2.01,0.0,0,0
traffic_light_v8n,off,829,1791299464.438417,176.254226,80.172,2.6,0.0,0,0
traffic_light_v8n,off,830,1791299464.638783,176.454158,80.603,2.61,0.0,0,0
traffic_light_v8n,off,831,1791299464.837801,176.654089,80.316,1.98,0.0,0,0
traffic_light_v8n,off,832,1791299465.037800,176.854020,80.217,2.18,0.0,0,0
traffic_light_v8n,off,833,1791299465.237492,177.053952,80.085,2.03,0.0,0,0
traffic_light_v8n,off,834,1791299465.438165,177.253883,80.15,2.72,0.0,0,0
traffic_light_v8n,off,835,1791299465.638283,177.453814,80.498,2.56,0.0,0,0
traffic_light_v8n,off,836,1791299465.837951,177.653746,80.22,2.57,0.0,0,0
traffic_light_v8n,off,837,1791299466.037737,177.853677,80.204,2.44,0.0,0,0
traffic_light_v8n,off,838,1791299466.237181,178.053608,80.175,2.0,0.0,0,1
traffic_light_v8n,off,839,1791299466.437966,178.253540,80.283,2.71,0.0,0,1
traffic_light_v8n,off,840,1791299466.638018,178.453471,80.484,2.6,0.0,0,1
traffic_light_v8n,off,841,1791299466.837823,178.653402,80.302,2.7,0.0,0,0
traffic_light_v8n,off,842,1791299467.037703,178.853333,80.151,2.72,0.0,0,0
traffic_light_v8n,off,843,1791299467.237690,179.053265,80.231,2.73,0.0,0,0
traffic_light_v8n,off,844,1791299467.437852,179.253196,80.204,3.0,0.0,0,0
traffic_light_v8n,off,845,1791299467.637421,179.453128,80.262,2.62,0.0,0,0
traffic_light_v8n,off,846,1791299467.837560,179.653059,80.328,2.74,0.0,0,0
traffic_light_v8n,off,847,1791299468.037383,179.852990,80.26,2.72,0.0,0,0
traffic_light_v8n,off,848,1791299468.236581,180.052922,80.085,2.15,0.0,0,0
traffic_light_v8n,off,849,1791299468.437224,180.252853,80.247,2.71,0.0,0,0
traffic_light_v8n,off,850,1791299468.637071,180.452784,80.233,2.64,0.0,0,0
traffic_light_v8n,off,851,1791299468.836982,180.652715,80.145,2.71,0.0,0,0
traffic_light_v8n,off,852,1791299469.037220,180.852647,80.326,2.83,0.0,0,0
traffic_light_v8n,off,853,1791299469.236920,181.052578,80.196,2.73,0.0,0,0
traffic_light_v8n,off,854,1791299469.437049,181.252509,80.26,2.86,0.0,0,0
traffic_light_v8n,off,855,1791299469.637005,181.452441,80.568,2.58,0.0,0,0
traffic_light_v8n,off,856,1791299469.836959,181.652372,80.396,2.78,0.0,0,0
traffic_light_v8n,off,857,1791299470.036902,181.852304,80.244,2.94,0.0,0,0
traffic_light_v8n,off,858,1791299470.235687,182.052235,80.163,1.84,0.0,0,0
traffic_light_v8n,off,859,1791299470.436370,182.252166,80.195,2.6,0.0,0,0
traffic_light_v8n,off,860,1791299470.636753,182.452097,80.623,2.64,0.0,0,0
traffic_light_v8n,off,861,1791299470.836370,182.652029,80.12,2.83,0.0,0,0
traffic_light_v8n,off,862,1791299471.036454,182.851960,80.253,2.85,0.0,0,0
traffic_light_v8n,off,863,1791299471.236293,183.051891,80.198,2.81,0.0,0,0
traffic_light_v8n,off,864,1791299471.435976,183.251823,80.047,2.71,0.0,0,0
traffic_light_v8n,off,865,1791299471.636161,183.451754,80.342,2.67,0.0,0,0
traffic_light_v8n,off,866,1791299471.835999,183.651685,80.145,2.77,0.0,0,0
traffic_light_v8n,off,867,1791299472.036034,183.851617,80.22,2.8,0.0,0,0
traffic_light_v8n,off,868,1791299472.235965,184.051548,80.178,2.84,0.0,0,0
traffic_light_v8n,off,869,1791299472.436037,184.251479,80.213,2.95,0.0,0,0
traffic_light_v8n,off,870,1791299472.635434,184.451411,80.736,1.93,0.0,0,0
traffic_light_v8n,off,871,1791299472.835734,184.651342,80.244,2.72,0.0,0,0
traffic_light_v8n,off,872,1791299473.035502,184.851273,80.23,2.61,0.0,0,0
traffic_light_v8n,off,873,1791299473.235650,185.051204,80.299,2.72,0.0,0,0
traffic_light_v8n,off,874,1791299473.435395,185.251136,80.223,2.64,0.0,0,0
traffic_light_v8n,off,875,1791299473.635635,185.451067,80.596,2.55,0.0,0,0
traffic_light_v8n,off,876,1791299473.835364,185.650998,80.193,2.78,0.0,0,0
traffic_light_v8n,off,877,1791299474.034607,185.850930,80.15,2.13,0.0,0,0
traffic_light_v8n,off,878,1791299474.235199,186.050861,80.186,2.75,0.0,0,0
traffic_light_v8n,off,879,1791299474.434718,186.250792,80.298,2.2,0.0,0,0
traffic_light_v8n,off,880,1791299474.635059,186.450724,80.419,2.53,0.0,0,0
traffic_light_v8n,off,881,1791299474.834987,186.650655,80.212,2.73,0.0,0,0
traffic_light_v8n,off,882,1791299475.034822,186.850586,80.175,2.67,0.0,0,0
traffic_light_v8n,off,883,1791299475.234820,187.050518,80.166,2.74,0.0,0,0
traffic_light_v8n,off,884,1791299475.433976,187.250449,80.208,1.92,0.0,0,0
traffic_light_v8n,off,885,1791299475.634347,187.450380,80.548,2.02,0.0,0,0
traffic_light_v8n,off,886,1791299475.833966,187.650312,80.245,2.02,0.0,0,0
traffic_light_v8n,off,887,1791299476.034560,187.850243,80.139,2.77,0.0,0,0
traffic_light_v8n,off,888,1791299476.234481,188.050174,80.228,2.69,0.0,0,0
traffic_light_v8n,off,889,1791299476.434335,188.250106,80.271,2.57,0.0,0,0
traffic_light_v8n,off,890,1791299476.634449,188.450037,80.563,2.46,0.0,0,0
traffic_light_v8n,off,891,1791299476.834047,188.649968,80.217,2.47,0.0,0,0
traffic_light_v8n,off,892,1791299477.033917,188.849900,80.187,2.46,0.0,0,0
traffic_light_v8n,off,893,1791299477.234112,189.049831,80.115,2.77,0.0,0,0
traffic_light_v8n,off,894,1791299477.434023,189.249762,80.185,2.68,0.0,0,0
traffic_light_v8n,off,895,1791299477.634243,189.449693,80.522,2.63,0.0,0,0
traffic_light_v8n,off,896,1791299477.834036,189.649625,80.314,2.7,0.0,0,0
traffic_light_v8n,off,897,1791299478.033087,189.849556,80.213,1.98,0.0,0,0
traffic_light_v8n,off,898,1791299478.233903,190.049487,80.219,2.8,0.0,0,0
traffic_light_v8n,off,899,1791299478.433746,190.249419,80.162,2.83,0.0,0,0
traffic_light_v8n,off,900,1791299478.633042,190.449350,80.573,1.79,0.0,0,0
traffic_light_v8n,off,901,1791299478.833769,190.649282,80.255,2.88,0.0,0,1
traffic_light_v8n,off,902,1791299479.032837,190.849213,80.275,2.05,0.0,0,1
traffic_light_v8n,off,903,1791299479.233428,191.049144,80.107,2.84,0.0,0,0
traffic_light_v8n,off,904,1791299479.433643,191.249076,80.374,2.83,0.0,0,0
traffic_light_v8n,off,905,1791299479.633545,191.449007,80.632,2.58,0.0,0,0
traffic_light_v8n,off,906,1791299479.833144,191.648938,80.146,2.72,0.0,0,0
traffic_light_v8n,off,907,1791299480.032410,191.848869,80.19,2.04,0.0,0,0
traffic_light_v8n,off,908,1791299480.233093,192.048801,80.179,2.78,0.0,0,0
traffic_light_v8n,off,909,1791299480.433081,192.248732,80.251,2.77,0.0,0,0
traffic_light_v8n,off,910,1791299480.633572,192.448663,80.57,2.97,0.0,0,0
traffic_light_v8n,off,911,1791299480.832983,192.648595,80.185,2.86,0.0,0,0
traffic_light_v8n,off,912,1791299481.032114,192.848526,80.316,1.97,0.0,0,0
traffic_light_v8n,off,913,1791299481.232903,193.048457,80.221,2.89,0.0,0,0
traffic_light_v8n,off,914,1791299481.432775,193.248389,80.199,2.85,0.0,0,0
traffic_light_v8n,off,915,1791299481.632827,193.448320,80.328,2.84,0.0,0,0
traffic_light_v8n,off,916,1791299481.832441,193.648251,80.105,2.75,0.0,0,0
traffic_light_v8n,off,917,1791299482.032431,193.848183,80.359,2.56,0.0,0,0
traffic_light_v8n,off,918,1791299482.232432,194.048114,80.231,2.75,0.0,0,0
traffic_light_v8n,off,919,1791299482.432311,194.248045,80.3,2.63,0.0,0,0
traffic_light_v8n,off,920,1791299482.631955,194.447977,80.581,2.09,0.0,0,0
traffic_light_v8n,off,921,1791299482.832192,194.647908,80.238,2.7,0.0,0,0
traffic_light_v8n,off,922,1791299483.032090,194.847839,80.212,2.7,0.0,0,0
traffic_light_v8n,off,923,1791299483.231543,195.047770,80.199,2.24,0.0,0,0
traffic_light_v8n,off,924,1791299483.431620,195.247702,80.201,2.4,0.0,0,0
traffic_light_v8n,off,925,1791299483.632041,195.447633,80.401,2.67,0.0,0,0
traffic_light_v8n,off,926,1791299483.831801,195.647565,80.156,2.75,0.0,0,0
traffic_light_v8n,off,927,1791299484.031419,195.847496,80.165,2.42,0.0,0,0
traffic_light_v8n,off,928,1791299484.231714,196.047427,80.239,2.68,0.0,0,0
traffic_light_v8n,off,929,1791299484.430799,196.247358,80.191,1.92,0.0,0,0
traffic_light_v8n,off,930,1791299484.631978,196.447290,80.578,2.77,0.0,0,0
traffic_light_v8n,off,931,1791299484.831323,196.647221,80.311,2.46,0.0,0,0
traffic_light_v8n,off,932,1791299485.031280,196.847152,80.069,2.72,0.0,0,0
traffic_light_v8n,off,933,1791299485.231311,197.047084,80.16,2.73,0.0,0,0
traffic_light_v8n,off,934,1791299485.431212,197.247015,80.179,2.69,0.0,0,0
traffic_light_v8n,off,935,1791299485.630801,197.446946,80.879,1.68,0.0,0,0
traffic_light_v8n,off,936,1791299485.830715,197.646878,80.195,2.28,0.0,0,0
traffic_light_v8n,off,937,1791299486.029923,197.846809,80.205,1.69,0.0,0,0
traffic_light_v8n,off,938,1791299486.230954,198.046741,80.259,2.62,0.0,0,0
traffic_light_v8n,off,939,1791299486.430056,198.246672,80.3,1.79,0.0,0,0
traffic_light_v8n,off,940,1791299486.631348,198.446603,80.894,2.62,0.0,0,0
traffic_light_v8n,off,941,1791299486.830817,198.646534,80.235,2.83,0.0,0,0
traffic_light_v8n,off,942,1791299487.029719,198.846466,80.124,1.95,0.0,0,0
traffic_light_v8n,off,943,1791299487.229961,199.046397,80.255,2.09,0.0,0,0
traffic_light_v8n,off,944,1791299487.429854,199.246328,80.151,2.16,0.0,0,0
traffic_light_v8n,off,945,1791299487.630049,199.446260,80.558,2.01,0.0,0,0
traffic_light_v8n,off,946,1791299487.830258,199.646191,80.14,2.7,0.0,0,0
traffic_light_v8n,off,947,1791299488.030280,199.846122,80.247,2.69,0.0,0,0
traffic_light_v8n,off,948,1791299488.230117,200.046053,80.147,2.7,0.0,0,0
traffic_light_v8n,off,949,1791299488.430153,200.245985,80.126,2.82,0.0,0,0
traffic_light_v8n,off,950,1791299488.629973,200.445916,80.859,2.01,0.0,0,0
traffic_light_v8n,off,951,1791299488.829970,200.645848,80.197,2.7,0.0,0,0
traffic_light_v8n,off,952,1791299489.029918,200.845779,80.254,2.67,0.0,0,0
traffic_light_v8n,off,953,1791299489.229797,201.045710,80.224,2.65,0.0,0,0
traffic_light_v8n,off,954,1791299489.429995,201.245642,80.264,2.87,0.0,0,0
traffic_light_v8n,off,955,1791299489.630113,201.445573,80.641,2.68,0.0,0,0
traffic_light_v8n,off,956,1791299489.829827,201.645504,80.27,2.83,0.0,0,0
traffic_light_v8n,off,957,1791299490.028952,201.845436,80.233,2.1,0.0,0,0
traffic_light_v8n,off,958,1791299490.229709,202.045367,80.223,2.85,0.0,0,0
traffic_light_v8n,off,959,1791299490.429770,202.245298,80.3,2.95,0.0,0,0
traffic_light_v8n,off,960,1791299490.629858,202.445229,80.599,2.81,0.0,0,0
traffic_light_v8n,off,961,1791299490.828847,202.645161,80.234,2.27,0.0,0,0
traffic_light_v8n,off,962,1791299491.029191,202.845092,80.176,2.7,0.0,0,0
traffic_light_v8n,off,963,1791299491.229124,203.045023,80.194,2.69,0.0,0,0
traffic_light_v8n,off,964,1791299491.428960,203.244955,80.292,2.5,0.0,0,0
traffic_light_v8n,off,965,1791299491.629424,203.444886,80.63,2.69,0.0,0,0
traffic_light_v8n,off,966,1791299491.828924,203.644817,80.182,2.71,0.0,0,0
traffic_light_v8n,off,967,1791299492.028998,203.844749,80.242,2.78,0.0,0,0
traffic_light_v8n,off,968,1791299492.227831,204.044680,80.128,1.86,0.0,0,0
traffic_light_v8n,off,969,1791299492.428968,204.244611,80.307,2.82,0.0,0,0
traffic_light_v8n,off,970,1791299492.628655,204.444542,80.171,2.72,0.0,0,0
traffic_light_v8n,off,971,1791299492.828810,204.644474,80.323,2.79,0.0,0,0
traffic_light_v8n,off,972,1791299493.028664,204.844405,80.212,2.79,0.0,0,0
traffic_light_v8n,off,973,1791299493.228475,205.044337,80.14,2.81,0.0,0,0
traffic_light_v8n,off,974,1791299493.428750,205.244268,80.388,2.87,0.0,0,0
traffic_light_v8n,off,975,1791299493.628683,205.444199,80.548,2.68,0.0,0,0
traffic_light_v8n,off,976,1791299493.827848,205.644131,80.279,2.25,0.0,0,0
traffic_light_v8n,off,977,1791299494.028114,205.844062,80.106,2.75,0.0,0,0
traffic_light_v8n,off,978,1791299494.227401,206.043993,80.155,2.07,0.0,0,0
traffic_light_v8n,off,979,1791299494.428113,206.243925,80.29,2.71,0.0,0,0
traffic_light_v8n,off,980,1791299494.628311,206.443856,80.571,2.7,0.0,0,0
traffic_light_v8n,off,981,1791299494.827964,206.643787,80.254,2.73,0.0,0,0
traffic_light_v8n,off,982,1791299495.027982,206.843718,80.202,2.87,0.0,0,0
traffic_light_v8n,off,983,1791299495.226932,207.043650,80.162,1.96,0.0,0,0
traffic_light_v8n,off,984,1791299495.427761,207.243581,80.182,2.81,0.0,0,0
traffic_light_v8n,off,985,1791299495.628305,207.443512,80.722,2.89,0.0,0,0
traffic_light_v8n,off,986,1791299495.827861,207.643444,80.318,2.91,0.0,0,0
traffic_light_v8n,off,987,1791299496.027752,207.843375,80.184,3.0,0.0,0,0
traffic_light_v8n,off,988,1791299496.226882,208.043307,80.219,2.19,0.0,0,0
traffic_light_v8n,off,989,1791299496.427398,208.243238,80.202,2.77,0.0,0,0
traffic_light_v8n,off,990,1791299496.627757,208.443169,80.588,2.8,0.0,0,1
traffic_light_v8n,off,991,1791299496.827338,208.643100,80.273,2.78,0.0,0,0
traffic_light_v8n,off,992,1791299497.027217,208.843032,80.07,2.93,0.0,0,0
traffic_light_v8n,off,993,1791299497.226623,209.042963,80.201,2.24,0.0,0,0
traffic_light_v8n,off,994,1791299497.427201,209.242894,80.261,2.85,0.0,0,0
traffic_light_v8n,off,995,1791299497.627408,209.442825,80.556,2.84,0.0,0,0
traffic_light_v8n,off,996,1791299497.826964,209.642757,80.193,2.83,0.0,0,0
traffic_light_v8n,off,997,1791299498.026927,209.842688,80.282,2.77,0.0,0,0
traffic_light_v8n,off,998,1791299498.226604,210.042620,80.177,2.6,0.0,0,0
traffic_light_v8n,off,999,1791299498.426840,210.242551,80.185,2.91,0.0,0,0
traffic_light_v8n,off,1000,1791299498.626716,210.442482,80.374,2.7,0.0,0,0
traffic_light_v8n,off,1001,1791299498.826725,210.642414,80.259,2.83,0.0,0,0
traffic_light_v8n,off,1002,1791299499.026947,210.842345,80.274,3.14,0.0,0,0
traffic_light_v8n,off,1003,1791299499.226398,211.042276,80.194,2.74,0.0,0,0
traffic_light_v8n,off,1004,1791299499.426195,211.242207,80.2,2.6,0.0,0,0
traffic_light_v8n,off,1005,1791299499.626708,211.442139,80.559,2.79,0.0,0,0
traffic_light_v8n,off,1006,1791299499.826172,211.642070,80.158,2.76,0.0,0,0
traffic_light_v8n,off,1007,1791299500.026127,211.842001,80.177,2.76,0.0,0,0
traffic_light_v8n,off,1008,1791299500.225980,212.041933,80.103,2.75,0.0,0,0
traffic_light_v8n,off,1009,1791299500.425985,212.241864,80.196,2.74,0.0,0,0
traffic_light_v8n,off,1010,1791299500.626006,212.441795,80.525,2.5,0.0,0,0
traffic_light_v8n,off,1011,1791299500.825806,212.641727,80.157,2.74,0.0,0,0
traffic_light_v8n,off,1012,1791299501.025659,212.841658,80.261,2.51,0.0,0,0
traffic_light_v8n,off,1013,1791299501.225780,213.041590,80.276,2.73,0.0,0,0
traffic_light_v8n,off,1014,1791299501.425640,213.241521,80.228,2.69,0.0,0,0
traffic_light_v8n,off,1015,1791299501.626210,213.441452,80.664,2.93,0.0,0,0
traffic_light_v8n,off,1016,1791299501.825577,213.641383,80.354,2.65,0.0,0,0
traffic_light_v8n,off,1017,1791299502.025502,213.841315,80.319,2.7,0.0,0,0
traffic_light_v8n,off,1018,1791299502.225408,214.041246,80.138,2.86,0.0,0,0
traffic_light_v8n,off,1019,1791299502.425265,214.241177,80.206,2.72,0.0,0,0
traffic_light_v8n,off,1020,1791299502.625736,214.441109,80.631,2.83,0.0,0,0
traffic_light_v8n,off,1021,1791299502.825286,214.641040,80.312,2.77,0.0,0,0
traffic_light_v8n,off,1022,1791299503.025064,214.840971,80.177,2.75,0.0,0,0
traffic_light_v8n,off,1023,1791299503.225033,215.040903,80.184,2.77,0.0,0,0
traffic_light_v8n,off,1024,1791299503.424928,215.240834,80.099,2.77,0.0,0,0
traffic_light_v8n,off,1025,1791299503.625371,215.440765,80.666,2.77,0.0,0,0
traffic_light_v8n,off,1026,1791299503.824803,215.640697,80.253,2.69,0.0,0,0
traffic_light_v8n,off,1027,1791299504.024934,215.840628,80.314,2.83,0.0,0,0
traffic_light_v8n,off,1028,1791299504.224692,216.040559,80.233,2.7,0.0,0,0
traffic_light_v8n,off,1029,1791299504.424678,216.240490,80.23,2.73,0.0,0,0
traffic_light_v8n,off,1030,1791299504.624952,216.440422,80.645,2.72,0.0,0,0
traffic_light_v8n,off,1031,1791299504.824484,216.640353,80.221,2.74,0.0,0,0
traffic_light_v8n,off,1032,1791299505.024786,216.840285,80.393,2.94,0.0,0,0
traffic_light_v8n,off,1033,1791299505.224377,217.040216,80.221,2.77,0.0,0,0
traffic_light_v8n,off,1034,1791299505.424026,217.240147,80.221,2.49,0.0,0,0
traffic_light_v8n,off,1035,1791299505.624294,217.440078,80.428,2.65,0.0,0,0
traffic_light_v8n,off,1036,1791299505.824011,217.640010,80.146,2.69,0.0,0,0
traffic_light_v8n,off,1037,1791299506.024068,217.839941,80.089,2.87,0.0,0,0
traffic_light_v8n,off,1038,1791299506.223966,218.039872,80.195,2.7,0.0,0,0
traffic_light_v8n,off,1039,1791299506.424016,218.239804,80.233,2.81,0.0,0,0
traffic_light_v8n,off,1040,1791299506.623043,218.439735,80.357,1.84,0.0,0,0
traffic_light_v8n,off,1041,1791299506.823822,218.639666,80.261,2.72,0.0,0,0
traffic_light_v8n,off,1042,1791299507.023967,218.839598,80.177,3.03,0.0,0,0
traffic_light_v8n,off,1043,1791299507.223688,219.039529,80.157,2.79,0.0,0,0
traffic_light_v8n,off,1044,1791299507.423689,219.239460,80.267,2.76,0.0,0,0
traffic_light_v8n,off,1045,1791299507.623816,219.439392,80.525,2.73,0.0,0,0
traffic_light_v8n,off,1046,1791299507.823467,219.639323,80.288,2.69,0.0,0,0
traffic_light_v8n,off,1047,1791299508.023054,219.839254,80.252,2.42,0.0,0,0
traffic_light_v8n,off,1048,1791299508.223316,220.039186,80.198,2.76,0.0,0,0
traffic_light_v8n,off,1049,1791299508.423204,220.239117,80.238,2.71,0.0,0,0
traffic_light_v8n,off,1050,1791299508.623988,220.439048,81.13,2.65,0.0,0,0
traffic_light_v8n,off,1051,1791299508.822951,220.638980,80.206,2.6,0.0,0,0
traffic_light_v8n,off,1052,1791299509.022867,220.838911,80.186,2.69,0.0,0,0
traffic_light_v8n,off,1053,1791299509.222897,221.038842,80.197,2.74,0.0,0,0
traffic_light_v8n,off,1054,1791299509.422924,221.238774,80.295,2.73,0.0,0,0
traffic_light_v8n,off,1055,1791299509.623733,221.438705,80.913,3.0,0.0,0,0
traffic_light_v8n,off,1056,1791299509.822999,221.638636,80.385,2.86,0.0,0,0
traffic_light_v8n,off,1057,1791299510.022743,221.838567,80.152,2.91,0.0,0,0
traffic_light_v8n,off,1058,1791299510.222801,222.038499,80.293,2.89,0.0,0,0
traffic_light_v8n,off,1059,1791299510.421849,222.238430,80.262,2.07,0.0,0,0
traffic_light_v8n,off,1060,1791299510.622209,222.438361,80.166,2.56,0.0,0,0
traffic_light_v8n,off,1061,1791299510.821703,222.638293,80.291,2.03,0.0,0,0
traffic_light_v8n,off,1062,1791299511.022410,222.838224,80.297,2.77,0.0,0,0
traffic_light_v8n,off,1063,1791299511.222097,223.038156,80.097,2.72,0.0,0,0
traffic_light_v8n,off,1064,1791299511.421434,223.238087,80.224,2.03,0.0,0,0
traffic_light_v8n,off,1065,1791299511.621997,223.438018,80.109,2.75,0.0,0,0
traffic_light_v8n,off,1066,1791299511.821579,223.637949,80.131,2.35,0.0,0,0
traffic_light_v8n,off,1067,1791299512.021991,223.837881,80.275,2.72,0.0,0,0
traffic_light_v8n,off,1068,1791299512.221722,224.037812,80.131,2.63,0.0,0,0
traffic_light_v8n,off,1069,1791299512.420943,224.237743,80.229,1.88,0.0,0,0
traffic_light_v8n,off,1070,1791299512.620767,224.437675,80.154,1.83,0.0,0,0
traffic_light_v8n,off,1071,1791299512.821801,224.637606,80.276,2.8,0.0,0,0
traffic_light_v8n,off,1072,1791299513.022027,224.837537,80.215,3.16,0.0,0,0
traffic_light_v8n,off,1073,1791299513.221467,225.037469,80.184,2.69,0.0,0,0
traffic_light_v8n,off,1074,1791299513.420626,225.237400,80.195,1.9,0.0,0,0
traffic_light_v8n,off,1075,1791299513.621073,225.437331,80.572,2.08,0.0,0,0
traffic_light_v8n,off,1076,1791299513.820533,225.637263,80.173,1.96,0.0,0,0
traffic_light_v8n,off,1077,1791299514.020502,225.837194,80.35,1.84,0.0,0,0
traffic_light_v8n,off,1078,1791299514.221278,226.037125,80.204,2.83,0.0,0,0
traffic_light_v8n,off,1079,1791299514.420331,226.237057,80.172,2.02,0.0,0,0
traffic_light_v8n,off,1080,1791299514.621181,226.436988,80.403,2.67,0.0,0,0
traffic_light_v8n,off,1081,1791299514.820977,226.636919,80.169,2.77,0.0,0,0
traffic_light_v8n,off,1082,1791299515.020924,226.836850,80.182,2.77,0.0,0,0
traffic_light_v8n,off,1083,1791299515.220903,227.036782,80.136,2.84,0.0,0,0
traffic_light_v8n,off,1084,1791299515.420821,227.236713,80.183,2.81,0.0,0,0
traffic_light_v8n,off,1085,1791299515.621073,227.436645,80.525,2.76,0.0,0,0
traffic_light_v8n,off,1086,1791299515.820490,227.636576,80.19,2.6,0.0,0,0
traffic_light_v8n,off,1087,1791299516.020592,227.836507,80.214,2.73,0.0,0,0
traffic_light_v8n,off,1088,1791299516.220726,228.036439,80.295,2.87,0.0,0,0
traffic_light_v8n,off,1089,1791299516.420455,228.236370,80.222,2.74,0.0,0,0
traffic_light_v8n,off,1090,1791299516.620594,228.436301,80.398,2.82,0.0,0,0
traffic_light_v8n,off,1091,1791299516.820318,228.636232,80.324,2.69,0.0,0,0
traffic_light_v8n,off,1092,1791299517.020223,228.836164,80.209,2.77,0.0,0,0
traffic_light_v8n,off,1093,1791299517.220104,229.036095,80.128,2.81,0.0,0,0
traffic_light_v8n,off,1094,1791299517.419988,229.236027,80.187,2.7,0.0,0,0
traffic_light_v8n,off,1095,1791299517.620242,229.435958,80.434,2.77,0.0,0,0
traffic_light_v8n,off,1096,1791299517.819768,229.635889,80.164,2.64,0.0,0,0
traffic_light_v8n,off,1097,1791299518.019854,229.835821,80.165,2.79,0.0,0,0
traffic_light_v8n,off,1098,1791299518.219663,230.035752,80.162,2.65,0.0,0,0
traffic_light_v8n,off,1099,1791299518.419775,230.235683,80.193,2.82,0.0,0,0
traffic_light_v8n,off,1100,1791299518.619876,230.435614,80.583,2.6,0.0,0,0
traffic_light_v8n,off,1101,1791299518.819481,230.635546,80.257,2.6,0.0,0,0
traffic_light_v8n,off,1102,1791299519.019770,230.835477,80.352,2.86,0.0,0,0
traffic_light_v8n,off,1103,1791299519.219582,231.035408,80.299,2.77,0.0,0,0
traffic_light_v8n,off,1104,1791299519.419299,231.235339,80.179,2.7,0.0,0,0
traffic_light_v8n,off,1105,1791299519.619562,231.435271,80.65,2.54,0.0,0,0
traffic_light_v8n,off,1106,1791299519.819216,231.635202,80.323,2.61,0.0,0,0
traffic_light_v8n,off,1107,1791299520.018595,231.835134,80.3,2.1,0.0,0,0
traffic_light_v8n,off,1108,1791299520.219209,232.035065,80.312,2.75,0.0,0,0
traffic_light_v8n,off,1109,1791299520.418985,232.234996,80.243,2.67,0.0,0,0
traffic_light_v8n,off,1110,1791299520.619377,232.434927,80.565,2.8,0.0,0,0
traffic_light_v8n,off,1111,1791299520.818648,232.634859,80.12,2.53,0.0,0,0
traffic_light_v8n,off,1112,1791299521.018818,232.834790,80.196,2.76,0.0,0,0
traffic_light_v8n,off,1113,1791299521.218934,233.034721,80.12,3.02,0.0,0,0
traffic_light_v8n,off,1114,1791299521.418606,233.234653,80.171,2.67,0.0,0,0
traffic_light_v8n,off,1115,1791299521.618951,233.434584,80.227,3.06,0.0,0,0
traffic_light_v8n,off,1116,1791299521.818454,233.634515,80.139,2.72,0.0,0,0
traffic_light_v8n,off,1117,1791299522.018338,233.834447,80.254,2.56,0.0,0,0
traffic_light_v8n,off,1118,1791299522.218145,234.034378,80.232,2.46,0.0,0,0
traffic_light_v8n,off,1119,1791299522.418446,234.234310,80.253,2.81,0.0,0,0
traffic_light_v8n,off,1120,1791299522.618334,234.434241,80.228,2.82,0.0,0,0
traffic_light_v8n,off,1121,1791299522.818018,234.634172,80.222,2.55,0.0,0,0
traffic_light_v8n,off,1122,1791299523.017902,234.834103,80.138,2.58,0.0,0,0
traffic_light_v8n,off,1123,1791299523.217985,235.034035,80.119,2.75,0.0,0,0
traffic_light_v8n,off,1124,1791299523.417097,235.233966,80.202,1.89,0.0,0,0
traffic_light_v8n,off,1125,1791299523.617917,235.433897,80.202,2.73,0.0,0,0
traffic_light_v8n,off,1126,1791299523.817738,235.633829,80.122,2.71,0.0,0,0
traffic_light_v8n,off,1127,1791299524.017860,235.833760,80.33,2.69,0.0,0,0
traffic_light_v8n,off,1128,1791299524.217815,236.033691,80.157,3.0,0.0,0,0
traffic_light_v8n,off,1129,1791299524.417507,236.233623,80.217,2.7,0.0,0,0
traffic_light_v8n,off,1130,1791299524.617659,236.433554,80.199,2.91,0.0,0,0
traffic_light_v8n,off,1131,1791299524.817409,236.633485,80.169,2.79,0.0,0,0
traffic_light_v8n,off,1132,1791299525.017556,236.833416,80.284,2.86,0.0,0,0
traffic_light_v8n,off,1133,1791299525.217358,237.033348,80.134,2.91,0.0,0,0
traffic_light_v8n,off,1134,1791299525.417227,237.233279,80.223,2.76,0.0,0,0
traffic_light_v8n,off,1135,1791299525.617210,237.433210,80.344,2.72,0.0,0,0
traffic_light_v8n,off,1136,1791299525.817121,237.633142,80.145,2.84,0.0,0,0
traffic_light_v8n,off,1137,1791299526.017084,237.833073,80.326,2.72,0.0,0,0
traffic_light_v8n,off,1138,1791299526.217107,238.033005,80.221,2.91,0.0,0,0
traffic_light_v8n,off,1139,1791299526.417185,238.232936,80.317,2.97,0.0,0,0
traffic_light_v8n,off,1140,1791299526.616207,238.432867,80.271,2.13,0.0,0,0
traffic_light_v8n,off,1141,1791299526.816840,238.632798,80.249,2.83,0.0,0,0
traffic_light_v8n,off,1142,1791299527.016824,238.832730,80.246,2.88,0.0,0,0
traffic_light_v8n,off,1143,1791299527.216625,239.032661,80.209,2.75,0.0,0,0
traffic_light_v8n,off,1144,1791299527.416651,239.232592,80.179,2.88,0.0,0,0
traffic_light_v8n,off,1145,1791299527.616313,239.432524,80.317,2.53,0.0,0,0
traffic_light_v8n,off,1146,1791299527.816484,239.632455,80.231,2.81,0.0,0,0
traffic_light_v8n,off,1147,1791299528.016650,239.832386,80.332,2.92,0.0,0,0
traffic_light_v8n,off,1148,1791299528.216306,240.032318,80.304,2.72,0.0,0,0
traffic_light_v8n,off,1149,1791299528.416294,240.232249,80.243,2.83,0.0,0,0
traffic_light_v8n,off,1150,1791299528.615445,240.432180,80.286,2.04,0.0,0,0
traffic_light_v8n,off,1151,1791299528.816154,240.632112,80.338,2.74,0.0,0,0
traffic_light_v8n,off,1152,1791299529.015687,240.832043,80.355,2.3,0.0,0,0
traffic_light_v8n,off,1153,1791299529.215954,241.031974,80.297,2.71,0.0,0,0
traffic_light_v8n,off,1154,1791299529.415766,241.231906,80.141,2.75,0.0,0,0
traffic_light_v8n,off,1155,1791299529.614664,241.431837,80.255,1.62,0.0,0,0
traffic_light_v8n,off,1156,1791299529.815499,241.631768,80.167,2.59,0.0,0,0
traffic_light_v8n,off,1157,1791299530.015760,241.831699,80.333,2.76,0.0,0,0
traffic_light_v8n,off,1158,1791299530.215593,242.031631,80.226,2.74,0.0,0,0
traffic_light_v8n,off,1159,1791299530.415578,242.231562,80.229,2.79,0.0,0,0
traffic_light_v8n,off,1160,1791299530.615470,242.431493,80.183,2.83,0.0,0,0
traffic_light_v8n,off,1161,1791299530.814485,242.631425,80.37,1.76,0.0,0,0
traffic_light_v8n,off,1162,1791299531.015330,242.831356,80.244,2.76,0.0,0,0
traffic_light_v8n,off,1163,1791299531.215126,243.031287,80.203,2.67,0.0,0,0
traffic_light_v8n,off,1164,1791299531.415050,243.231219,80.184,2.75,0.0,0,0
traffic_light_v8n,off,1165,1791299531.615098,243.431150,80.23,2.82,0.0,0,0
traffic_light_v8n,off,1166,1791299531.814928,243.631082,80.055,2.9,0.0,0,0
traffic_light_v8n,off,1167,1791299532.014939,243.831013,80.145,2.88,0.0,0,0
traffic_light_v8n,off,1168,1791299532.214839,244.030944,80.195,2.8,0.0,0,0
traffic_light_v8n,off,1169,1791299532.414720,244.230875,80.08,2.84,0.0,0,0
traffic_light_v8n,off,1170,1791299532.614775,244.430807,80.217,2.86,0.0,0,0
traffic_light_v8n,off,1171,1791299532.814603,244.630738,80.135,2.8,0.0,0,0
traffic_light_v8n,off,1172,1791299533.014751,244.830669,80.243,2.94,0.0,0,0
traffic_light_v8n,off,1173,1791299533.214676,245.030601,80.317,2.82,0.0,0,0
traffic_light_v8n,off,1174,1791299533.414491,245.230532,80.141,2.91,0.0,0,0
traffic_light_v8n,off,1175,1791299533.614424,245.430463,80.211,2.85,0.0,0,0
traffic_light_v8n,off,1176,1791299533.814329,245.630395,80.218,2.82,0.0,0,0
traffic_light_v8n,off,1177,1791299534.014254,245.830326,80.192,2.84,0.0,0,0
traffic_light_v8n,off,1178,1791299534.214028,246.030257,80.132,2.74,0.0,0,0
traffic_light_v8n,off,1179,1791299534.414032,246.230189,80.17,2.77,0.0,0,0
traffic_light_v8n,off,1180,1791299534.614253,246.430120,80.247,2.99,0.0,0,0
traffic_light_v8n,off,1181,1791299534.813929,246.630051,80.19,2.79,0.0,0,0
traffic_light_v8n,off,1182,1791299535.014001,246.829983,80.284,2.84,0.0,0,0
traffic_light_v8n,off,1183,1791299535.213915,247.029914,80.189,2.91,0.0,0,0
traffic_light_v8n,off,1184,1791299535.413811,247.229845,80.17,2.88,0.0,0,0
traffic_light_v8n,off,1185,1791299535.613865,247.429777,80.362,2.83,0.0,0,0
traffic_light_v8n,off,1186,1791299535.813535,247.629708,80.161,2.75,0.0,0,0
traffic_light_v8n,off,1187,1791299536.013654,247.829639,80.288,2.8,0.0,0,0
traffic_light_v8n,off,1188,1791299536.213476,248.029571,80.248,2.76,0.0,0,0
traffic_light_v8n,off,1189,1791299536.413432,248.229502,80.231,2.77,0.0,0,0
traffic_light_v8n,off,1190,1791299536.613034,248.429433,80.265,2.44,0.0,0,0
traffic_light_v8n,off,1191,1791299536.813292,248.629365,80.299,2.73,0.0,0,0
traffic_light_v8n,off,1192,1791299537.012969,248.829296,80.211,2.59,0.0,0,0
traffic_light_v8n,off,1193,1791299537.212098,249.029227,80.206,1.82,0.0,0,0
traffic_light_v8n,off,1194,1791299537.413044,249.229158,80.224,2.76,0.0,0,0
traffic_light_v8n,off,1195,1791299537.613051,249.429090,80.18,2.88,0.0,0,0
traffic_light_v8n,off,1196,1791299537.812960,249.629021,80.205,2.84,0.0,0,0
traffic_light_v8n,off,1197,1791299538.012834,249.828952,80.159,2.83,0.0,0,0
traffic_light_v8n,off,1198,1791299538.212604,250.028884,80.054,2.74,0.0,0,0
traffic_light_v8n,off,1199,1791299538.412804,250.228815,80.317,2.78,0.0,0,0
traffic_light_v8n,off,1200,1791299538.612407,250.428746,80.085,2.68,0.0,0,0
traffic_light_v8n,off,1201,1791299538.812620,250.628678,80.277,2.74,0.0,0,0
traffic_light_v8n,off,1202,1791299539.012425,250.828609,80.229,2.69,0.0,0,0
traffic_light_v8n,off,1203,1791299539.212390,251.028540,80.186,2.77,0.0,0,0
traffic_light_v8n,off,1204,1791299539.412428,251.228472,80.319,2.74,0.0,0,0
traffic_light_v8n,off,1205,1791299539.611366,251.428403,80.199,1.87,0.0,0,0
traffic_light_v8n,off,1206,1791299539.812062,251.628334,80.217,2.64,0.0,0,0
traffic_light_v8n,off,1207,1791299540.012164,251.828265,80.215,2.78,0.0,0,0
traffic_light_v8n,off,1208,1791299540.211991,252.028197,80.225,2.67,0.0,0,0
traffic_light_v8n,off,1209,1791299540.412081,252.228128,80.275,2.78,0.0,0,0
traffic_light_v8n,off,1210,1791299540.611896,252.428060,80.185,2.75,0.0,0,0
traffic_light_v8n,off,1211,1791299540.811884,252.627991,80.224,2.77,0.0,0,0
traffic_light_v8n,off,1212,1791299541.011819,252.827922,80.237,2.76,0.0,0,0
traffic_light_v8n,off,1213,1791299541.211970,253.027854,80.215,3.0,0.0,0,0
traffic_light_v8n,off,1214,1791299541.411465,253.227785,80.138,2.64,0.0,0,0
traffic_light_v8n,off,1215,1791299541.611587,253.427716,80.218,2.73,0.0,0,0
traffic_light_v8n,off,1216,1791299541.811328,253.627648,80.219,2.59,0.0,0,0
traffic_light_v8n,off,1217,1791299542.011412,253.827579,80.203,2.73,0.0,0,0
traffic_light_v8n,off,1218,1791299542.211282,254.027510,80.22,2.65,0.0,0,0
traffic_light_v8n,off,1219,1791299542.411268,254.227441,80.252,2.68,0.0,0,0
traffic_light_v8n,off,1220,1791299542.611160,254.427373,80.194,2.69,0.0,0,0
traffic_light_v8n,off,1221,1791299542.811043,254.627304,80.309,2.56,0.0,0,0
traffic_light_v8n,off,1222,1791299543.010961,254.827236,80.201,2.63,0.0,0,0
traffic_light_v8n,off,1223,1791299543.210967,255.027167,80.212,2.69,0.0,0,0
traffic_light_v8n,off,1224,1791299543.410805,255.227098,80.144,2.66,0.0,0,0
traffic_light_v8n,off,1225,1791299543.610877,255.427029,80.26,2.69,0.0,0,0
traffic_light_v8n,off,1226,1791299543.809986,255.626961,80.202,1.95,0.0,0,0
traffic_light_v8n,off,1227,1791299544.010679,255.826892,80.166,2.69,0.0,0,0
traffic_light_v8n,off,1228,1791299544.210780,256.026823,80.217,2.84,0.0,0,0
traffic_light_v8n,off,1229,1791299544.410433,256.226755,80.18,2.6,0.0,0,0
traffic_light_v8n,off,1230,1791299544.610536,256.426686,80.294,2.64,0.0,0,0
traffic_light_v8n,off,1231,1791299544.809763,256.626617,80.249,2.02,0.0,0,0
traffic_light_v8n,off,1232,1791299545.010277,256.826549,80.248,2.61,0.0,0,0
traffic_light_v8n,off,1233,1791299545.210350,257.026480,80.252,2.72,0.0,0,0
traffic_light_v8n,off,1234,1791299545.410207,257.226412,80.208,2.69,0.0,0,0
traffic_light_v8n,off,1235,1791299545.609948,257.426343,80.176,2.53,0.0,0,0
traffic_light_v8n,off,1236,1791299545.809653,257.626274,80.078,2.38,0.0,0,0
traffic_light_v8n,off,1237,1791299546.009775,257.826205,80.149,2.48,0.0,0,0
traffic_light_v8n,off,1238,1791299546.209963,258.026137,80.27,2.66,0.0,0,0
traffic_light_v8n,off,1239,1791299546.409193,258.226068,80.333,1.93,0.0,0,0
traffic_light_v8n,off,1240,1791299546.608737,258.425999,80.233,1.61,0.0,0,0
traffic_light_v8n,off,1241,1791299546.809779,258.625931,80.236,2.71,0.0,0,0
traffic_light_v8n,off,1242,1791299547.009377,258.825862,80.247,2.37,0.0,0,0
traffic_light_v8n,off,1243,1791299547.209570,259.025793,80.218,2.69,0.0,0,0
traffic_light_v8n,off,1244,1791299547.409283,259.225724,80.136,2.6,0.0,0,0
traffic_light_v8n,off,1245,1791299547.609365,259.425656,80.184,2.7,0.0,0,0
traffic_light_v8n,off,1246,1791299547.809394,259.625587,80.228,2.75,0.0,0,0
traffic_light_v8n,off,1247,1791299548.009160,259.825518,80.2,2.61,0.0,0,0
traffic_light_v8n,off,1248,1791299548.209226,260.025450,80.301,2.65,0.0,0,0
traffic_light_v8n,off,1249,1791299548.409107,260.225381,80.233,2.67,0.0,0,0
traffic_light_v8n,off,1250,1791299548.609191,260.425312,80.272,2.78,0.0,0,0
traffic_light_v8n,off,1251,1791299548.808937,260.625244,80.242,2.62,0.0,0,0
traffic_light_v8n,off,1252,1791299549.008930,260.825175,80.234,2.69,0.0,0,0
traffic_light_v8n,off,1253,1791299549.208867,261.025106,80.11,2.82,0.0,0,0
traffic_light_v8n,off,1254,1791299549.408777,261.225038,80.152,2.76,0.0,0,0
traffic_light_v8n,off,1255,1791299549.607935,261.424969,80.183,1.99,0.0,0,0
traffic_light_v8n,off,1256,1791299549.808552,261.624900,80.141,2.63,0.0,0,0
traffic_light_v8n,off,1257,1791299550.008471,261.824832,80.107,2.7,0.0,0,0
traffic_light_v8n,off,1258,1791299550.208435,262.024763,80.198,2.65,0.0,0,0
traffic_light_v8n,off,1259,1791299550.408289,262.224694,80.237,2.53,0.0,0,0
traffic_light_v8n,off,1260,1791299550.608197,262.424625,80.108,2.63,0.0,0,0
traffic_light_v8n,off,1261,1791299550.808404,262.624557,80.331,2.69,0.0,0,0
traffic_light_v8n,off,1262,1791299551.008146,262.824488,80.104,2.72,0.0,0,0
traffic_light_v8n,off,1263,1791299551.208092,263.024420,80.153,2.69,0.0,0,0
traffic_light_v8n,off,1264,1791299551.408130,263.224351,80.263,2.69,0.0,0,0
traffic_light_v8n,off,1265,1791299551.607383,263.424282,80.197,2.11,0.0,0,0
traffic_light_v8n,off,1266,1791299551.807888,263.624214,80.177,2.66,0.0,0,0
traffic_light_v8n,off,1267,1791299552.007726,263.824145,80.208,2.57,0.0,0,0
traffic_light_v8n,off,1268,1791299552.207269,264.024076,80.266,2.1,0.0,0,0
traffic_light_v8n,off,1269,1791299552.407781,264.224008,80.367,2.58,0.0,0,0
traffic_light_v8n,off,1270,1791299552.607260,264.423939,80.314,2.2,0.0,0,0
traffic_light_v8n,off,1271,1791299552.808310,264.623870,80.485,3.13,0.0,0,0
traffic_light_v8n,off,1272,1791299553.006819,264.823802,80.25,1.97,0.0,0,0
traffic_light_v8n,off,1273,1791299553.206838,265.023733,80.176,2.1,0.0,0,0
traffic_light_v8n,off,1274,1791299553.407316,265.223664,80.205,2.62,0.0,0,0
traffic_light_v8n,off,1275,1791299553.606738,265.423596,80.23,2.08,0.0,0,0
traffic_light_v8n,off,1276,1791299553.807654,265.623527,80.502,2.75,0.0,0,0
traffic_light_v8n,off,1277,1791299554.006800,265.823458,80.246,2.3,0.0,0,0
traffic_light_v8n,off,1278,1791299554.206124,266.023389,80.218,1.74,0.0,0,0
traffic_light_v8n,off,1279,1791299554.407058,266.223321,80.185,2.84,0.0,0,0
traffic_light_v8n,off,1280,1791299554.606824,266.423252,80.086,2.79,0.0,0,0
traffic_light_v8n,off,1281,1791299554.806675,266.623183,80.053,2.7,0.0,0,0
traffic_light_v8n,off,1282,1791299555.006177,266.823115,80.294,2.1,0.0,0,0
traffic_light_v8n,off,1283,1791299555.206109,267.023046,80.179,2.18,0.0,0,0
traffic_light_v8n,off,1284,1791299555.406448,267.222978,80.124,2.65,0.0,0,0
traffic_light_v8n,off,1285,1791299555.606113,267.422909,80.247,2.26,0.0,0,0
traffic_light_v8n,off,1286,1791299555.806115,267.622840,80.468,2.1,0.0,0,0
traffic_light_v8n,off,1287,1791299556.005863,267.822771,80.274,2.15,0.0,0,0
traffic_light_v8n,off,1288,1791299556.206443,268.022703,80.31,2.73,0.0,0,0
traffic_light_v8n,off,1289,1791299556.406123,268.222634,80.183,2.61,0.0,0,0
traffic_light_v8n,off,1290,1791299556.606197,268.422565,80.217,2.71,0.0,0,0
traffic_light_v8n,off,1291,1791299556.806345,268.622497,80.546,2.6,0.0,0,0
traffic_light_v8n,off,1292,1791299557.005327,268.822428,80.211,2.02,0.0,0,0
traffic_light_v8n,off,1293,1791299557.205954,269.022359,80.182,2.72,0.0,0,0
traffic_light_v8n,off,1294,1791299557.405924,269.222290,80.248,2.69,0.0,0,0
traffic_light_v8n,off,1295,1791299557.606089,269.422222,80.27,2.87,0.0,0,0
traffic_light_v8n,off,1296,1791299557.805730,269.622153,80.269,2.61,0.0,0,0
traffic_light_v8n,off,1297,1791299558.004965,269.822085,80.17,2.04,0.0,0,0
traffic_light_v8n,off,1298,1791299558.205055,270.022016,80.166,2.21,0.0,0,0
traffic_light_v8n,off,1299,1791299558.405468,270.221947,80.17,2.65,0.0,0,0
traffic_light_v8n,off,1300,1791299558.605601,270.421878,80.272,2.72,0.0,0,0
traffic_light_v8n,off,1301,1791299558.805755,270.621810,80.55,2.69,0.0,0,0
traffic_light_v8n,off,1302,1791299559.004628,270.821741,80.114,2.08,0.0,0,0
traffic_light_v8n,off,1303,1791299559.205295,271.021672,80.258,2.67,0.0,0,0
traffic_light_v8n,off,1304,1791299559.405160,271.221604,80.125,2.73,0.0,0,0
traffic_light_v8n,off,1305,1791299559.604964,271.421535,80.225,2.51,0.0,0,0
traffic_light_v8n,off,1306,1791299559.805146,271.621466,80.335,2.65,0.0,0,0
traffic_light_v8n,off,1307,1791299560.004260,271.821398,80.218,1.97,0.0,0,0
traffic_light_v8n,off,1308,1791299560.204332,272.021329,80.227,2.08,0.0,0,0
traffic_light_v8n,off,1309,1791299560.404958,272.221261,80.283,2.71,0.0,0,0
traffic_light_v8n,off,1310,1791299560.603934,272.421192,80.172,1.9,0.0,0,0
traffic_light_v8n,off,1311,1791299560.804032,272.621123,80.38,1.83,0.0,0,0
traffic_light_v8n,off,1312,1791299561.004071,272.821054,80.339,1.99,0.0,0,0
traffic_light_v8n,off,1313,1791299561.204041,273.020986,80.259,2.12,0.0,0,0
traffic_light_v8n,off,1314,1791299561.404456,273.220917,80.295,2.53,0.0,0,0
traffic_light_v8n,off,1315,1791299561.603774,273.420848,80.257,2.0,0.0,0,0
traffic_light_v8n,off,1316,1791299561.804541,273.620780,80.379,2.65,0.0,0,0
traffic_light_v8n,off,1317,1791299562.004258,273.820711,80.212,2.68,0.0,0,0
traffic_light_v8n,off,1318,1791299562.204270,274.020642,80.218,2.75,0.0,0,0
traffic_light_v8n,off,1319,1791299562.404279,274.220574,80.277,2.77,0.0,0,0
traffic_light_v8n,off,1320,1791299562.604130,274.420505,80.182,2.78,0.0,0,0
traffic_light_v8n,off,1321,1791299562.804183,274.620436,80.421,2.66,0.0,0,0
traffic_light_v8n,off,1322,1791299563.004034,274.820367,80.309,2.7,0.0,0,0
traffic_light_v8n,off,1323,1791299563.203947,275.020299,80.271,2.72,0.0,0,0
traffic_light_v8n,off,1324,1791299563.403918,275.220230,80.238,2.79,0.0,0,0
traffic_light_v8n,off,1325,1791299563.603915,275.420161,80.216,2.88,0.0,0,0
traffic_light_v8n,off,1326,1791299563.803702,275.620093,80.413,2.5,0.0,0,0
traffic_light_v8n,off,1327,1791299564.003497,275.820024,80.121,2.69,0.0,0,0
traffic_light_v8n,off,1328,1791299564.203638,276.019955,80.169,2.79,0.0,0,0
traffic_light_v8n,off,1329,1791299564.403422,276.219887,80.157,2.69,0.0,0,0
traffic_light_v8n,off,1330,1791299564.603405,276.419818,80.125,2.8,0.0,0,0
traffic_light_v8n,off,1331,1791299564.803718,276.619750,80.636,2.65,0.0,0,0
traffic_light_v8n,off,1332,1791299565.003370,276.819681,80.215,2.81,0.0,0,0
traffic_light_v8n,off,1333,1791299565.203246,277.019612,80.297,2.67,0.0,0,0
traffic_light_v8n,off,1334,1791299565.403142,277.219543,80.159,2.78,0.0,0,0
traffic_light_v8n,off,1335,1791299565.603161,277.419475,80.247,2.78,0.0,0,0
traffic_light_v8n,off,1336,1791299565.803155,277.619406,80.505,2.58,0.0,0,0
traffic_light_v8n,off,1337,1791299566.002222,277.819337,80.157,2.1,0.0,0,0
traffic_light_v8n,off,1338,1791299566.202901,278.019269,80.127,2.84,0.0,0,0
traffic_light_v8n,off,1339,1791299566.402607,278.219200,80.148,2.58,0.0,0,0
traffic_light_v8n,off,1340,1791299566.602646,278.419131,80.226,2.62,0.0,0,0
traffic_light_v8n,off,1341,1791299566.802752,278.619063,80.523,2.5,0.0,0,0
traffic_light_v8n,off,1342,1791299567.002504,278.818994,80.201,2.65,0.0,0,0
traffic_light_v8n,off,1343,1791299567.202426,279.018925,80.141,2.7,0.0,0,0
traffic_light_v8n,off,1344,1791299567.402356,279.218857,80.268,2.57,0.0,0,0
traffic_light_v8n,off,1345,1791299567.602240,279.418788,80.136,2.65,0.0,0,0
traffic_light_v8n,off,1346,1791299567.801628,279.618719,80.477,1.78,0.0,0,0
traffic_light_v8n,off,1347,1791299568.002212,279.818650,80.259,2.63,0.0,0,0
traffic_light_v8n,off,1348,1791299568.201542,280.018582,80.192,2.05,0.0,0,0
traffic_light_v8n,off,1349,1791299568.402050,280.218513,80.342,2.53,0.0,0,0
traffic_light_v8n,off,1350,1791299568.601877,280.418444,80.238,2.53,0.0,0,0
traffic_light_v8n,off,1351,1791299568.801758,280.618376,80.222,2.5,0.0,0,0
traffic_light_v8n,off,1352,1791299569.001830,280.818307,80.22,2.64,0.0,0,0
traffic_light_v8n,off,1353,1791299569.201788,281.018238,80.168,2.72,0.0,0,0
traffic_light_v8n,off,1354,1791299569.401884,281.218170,80.342,2.71,0.0,0,0
traffic_light_v8n,off,1355,1791299569.601779,281.418101,80.249,2.77,0.0,0,0
traffic_light_v8n,off,1356,1791299569.801444,281.618032,80.205,2.54,0.0,0,0
traffic_light_v8n,off,1357,1791299570.001454,281.817964,80.124,2.76,0.0,0,0
traffic_light_v8n,off,1358,1791299570.201456,282.017895,80.271,2.69,0.0,0,0
traffic_light_v8n,off,1359,1791299570.401386,282.217827,80.158,2.8,0.0,0,0
traffic_light_v8n,off,1360,1791299570.601198,282.417758,80.167,2.67,0.0,0,0
traffic_light_v8n,off,1361,1791299570.801122,282.617689,80.31,2.52,0.0,0,0
traffic_light_v8n,off,1362,1791299571.001208,282.817620,80.296,2.69,0.0,0,0
traffic_light_v8n,off,1363,1791299571.201115,283.017552,80.266,2.7,0.0,0,0
traffic_light_v8n,off,1364,1791299571.400495,283.217483,80.312,2.1,0.0,0,0
traffic_light_v8n,off,1365,1791299571.600510,283.417414,80.248,2.22,0.0,0,0
traffic_light_v8n,off,1366,1791299571.800673,283.617346,80.134,2.55,0.0,0,0
traffic_light_v8n,off,1367,1791299572.001033,283.817277,80.293,2.86,0.0,0,0
traffic_light_v8n,off,1368,1791299572.200867,284.017208,80.133,2.93,0.0,0,0
traffic_light_v8n,off,1369,1791299572.400821,284.217140,80.26,2.82,0.0,0,0
traffic_light_v8n,off,1370,1791299572.600422,284.417071,80.149,2.6,0.0,0,0
traffic_light_v8n,off,1371,1791299572.800244,284.617002,80.154,2.49,0.0,0,0
traffic_light_v8n,off,1372,1791299573.000579,284.816934,80.186,2.83,0.0,0,0
traffic_light_v8n,off,1373,1791299573.200382,285.016865,80.132,2.78,0.0,0,0
traffic_light_v8n,off,1374,1791299573.400348,285.216796,80.21,2.74,0.0,0,0
traffic_light_v8n,off,1375,1791299573.600397,285.416727,80.255,2.81,0.0,0,0
traffic_light_v8n,off,1376,1791299573.800009,285.616659,80.132,2.62,0.0,0,0
traffic_light_v8n,off,1377,1791299574.000169,285.816590,80.231,2.74,0.0,0,0
traffic_light_v8n,off,1378,1791299574.199493,286.016521,80.139,2.25,0.0,0,0
traffic_light_v8n,off,1379,1791299574.400059,286.216453,80.281,2.72,0.0,0,0
traffic_light_v8n,off,1380,1791299574.599284,286.416384,80.261,2.07,0.0,0,0
traffic_light_v8n,off,1381,1791299574.800050,286.616316,80.597,2.53,0.0,0,0
traffic_light_v8n,off,1382,1791299574.999815,286.816247,80.173,2.8,0.0,0,0
traffic_light_v8n,off,1383,1791299575.199002,287.016178,80.212,2.07,0.0,0,0
traffic_light_v8n,off,1384,1791299575.399344,287.216110,80.199,2.44,0.0,0,0
traffic_light_v8n,off,1385,1791299575.599633,287.416041,80.316,2.64,0.0,0,0
traffic_light_v8n,off,1386,1791299575.799778,287.615972,80.527,2.68,0.0,0,0
traffic_light_v8n,off,1387,1791299575.999465,287.815903,80.197,2.76,0.0,0,0
traffic_light_v8n,off,1388,1791299576.198686,288.015835,80.318,1.99,0.0,0,0
traffic_light_v8n,off,1389,1791299576.399265,288.215766,80.174,2.72,0.0,0,0
traffic_light_v8n,off,1390,1791299576.599098,288.415697,80.247,2.54,0.0,0,0
traffic_light_v8n,off,1391,1791299576.798307,288.615629,80.344,1.77,0.0,0,0
traffic_light_v8n,off,1392,1791299576.999004,288.815560,80.151,2.69,0.0,0,0
traffic_light_v8n,off,1393,1791299577.198391,289.015491,80.286,2.04,0.0,0,0
traffic_light_v8n,off,1394,1791299577.398991,289.215423,80.204,2.76,0.0,0,0
traffic_light_v8n,off,1395,1791299577.598892,289.415354,80.125,2.79,0.0,0,0
traffic_light_v8n,off,1396,1791299577.798747,289.615285,80.354,2.49,0.0,0,0
traffic_light_v8n,off,1397,1791299577.998579,289.815216,80.025,2.68,0.0,0,0
traffic_light_v8n,off,1398,1791299578.197843,290.015148,80.206,1.92,0.0,0,0
traffic_light_v8n,off,1399,1791299578.398631,290.215079,80.159,2.73,0.0,0,0
traffic_light_v8n,off,1400,1791299578.598427,290.415011,80.146,2.64,0.0,0,0
traffic_light_v8n,off,1401,1791299578.799076,290.614942,80.416,3.07,0.0,0,0
traffic_light_v8n,off,1402,1791299578.998356,290.814873,80.183,2.68,0.0,0,0
traffic_light_v8n,off,1403,1791299579.197470,291.014804,80.152,1.94,0.0,0,0
traffic_light_v8n,off,1404,1791299579.398324,291.214736,80.212,2.75,0.0,0,0
traffic_light_v8n,off,1405,1791299579.597666,291.414667,80.249,2.14,0.0,0,0
traffic_light_v8n,off,1406,1791299579.798183,291.614599,80.616,2.34,0.0,0,0
traffic_light_v8n,off,1407,1791299579.998111,291.814530,80.257,2.7,0.0,0,0
traffic_light_v8n,off,1408,1791299580.197868,292.014461,80.189,2.59,0.0,0,0
traffic_light_v8n,off,1409,1791299580.397913,292.214392,80.226,2.67,0.0,0,0
traffic_light_v8n,off,1410,1791299580.597938,292.414324,80.237,2.75,0.0,0,0
traffic_light_v8n,off,1411,1791299580.797478,292.614255,80.169,2.46,0.0,0,0
traffic_light_v8n,off,1412,1791299580.997717,292.814186,80.164,2.7,0.0,0,0
traffic_light_v8n,off,1413,1791299581.197773,293.014118,80.283,2.76,0.0,0,0
traffic_light_v8n,off,1414,1791299581.397575,293.214049,80.175,2.7,0.0,0,0
traffic_light_v8n,off,1415,1791299581.597415,293.413980,80.176,2.63,0.0,0,0
traffic_light_v8n,off,1416,1791299581.797279,293.613912,80.178,2.56,0.0,0,0
traffic_light_v8n,off,1417,1791299581.997307,293.813843,80.201,2.64,0.0,0,0
traffic_light_v8n,off,1418,1791299582.197264,294.013774,80.157,2.71,0.0,0,0
traffic_light_v8n,off,1419,1791299582.397295,294.213706,80.265,2.7,0.0,0,0
traffic_light_v8n,off,1420,1791299582.597055,294.413637,80.119,2.67,0.0,0,0
traffic_light_v8n,off,1421,1791299582.797072,294.613568,80.192,2.69,0.0,0,0
traffic_light_v8n,off,1422,1791299582.997147,294.813500,80.327,2.7,0.0,0,0
traffic_light_v8n,off,1423,1791299583.196894,295.013431,80.064,2.77,0.0,0,0
traffic_light_v8n,off,1424,1791299583.396837,295.213362,80.297,2.55,0.0,0,0
traffic_light_v8n,off,1425,1791299583.596704,295.413293,80.216,2.49,0.0,0,0
traffic_light_v8n,off,1426,1791299583.796849,295.613225,80.289,2.71,0.0,0,0
traffic_light_v8n,off,1427,1791299583.996762,295.813156,80.179,2.8,0.0,0,0
traffic_light_v8n,off,1428,1791299584.196476,296.013088,80.045,2.71,0.0,0,0
traffic_light_v8n,off,1429,1791299584.396618,296.213019,80.216,2.72,0.0,0,0
traffic_light_v8n,off,1430,1791299584.596333,296.412950,80.106,2.65,0.0,0,0
traffic_light_v8n,off,1431,1791299584.796180,296.612881,80.263,2.41,0.0,0,0
traffic_light_v8n,off,1432,1791299584.996200,296.812813,80.173,2.58,0.0,0,0
traffic_light_v8n,off,1433,1791299585.196181,297.012744,80.18,2.63,0.0,0,0
traffic_light_v8n,off,1434,1791299585.396231,297.212676,80.271,2.66,0.0,0,0
traffic_light_v8n,off,1435,1791299585.596129,297.412607,80.222,2.67,0.0,0,0
traffic_light_v8n,off,1436,1791299585.796020,297.612538,80.204,2.77,0.0,0,0
traffic_light_v8n,off,1437,1791299585.996109,297.812469,80.241,2.89,0.0,0,0
traffic_light_v8n,off,1438,1791299586.195853,298.012401,80.142,2.8,0.0,0,0
traffic_light_v8n,off,1439,1791299586.395911,298.212332,80.219,2.85,0.0,0,0
traffic_light_v8n,off,1440,1791299586.595804,298.412263,80.251,2.78,0.0,0,0
traffic_light_v8n,off,1441,1791299586.795597,298.612195,80.154,2.72,0.0,0,0
traffic_light_v8n,off,1442,1791299586.995669,298.812126,80.262,2.75,0.0,0,0
traffic_light_v8n,off,1443,1791299587.195594,299.012057,80.295,2.71,0.0,0,0
traffic_light_v8n,off,1444,1791299587.395443,299.211989,80.242,2.71,0.0,0,0
traffic_light_v8n,off,1445,1791299587.595417,299.411920,80.228,2.76,0.0,0,0
traffic_light_v8n,off,1446,1791299587.795295,299.611852,80.166,2.77,0.0,0,0
traffic_light_v8n,off,1447,1791299587.995329,299.811783,80.275,2.77,0.0,0,0
traffic_light_v8n,off,1448,1791299588.195250,300.011714,80.236,2.79,0.0,0,0
traffic_light_v8n,off,1449,1791299588.395231,300.211645,80.361,2.72,0.0,0,0
traffic_light_v8n,off,1450,1791299588.595100,300.411577,80.237,2.78,0.0,0,0
traffic_light_v8n,off,1451,1791299588.795031,300.611508,80.381,2.63,0.0,0,0
traffic_light_v8n,off,1452,1791299588.994245,300.811439,80.24,2.09,0.0,0,0
traffic_light_v8n,off,1453,1791299589.194318,301.011370,80.242,2.19,0.0,0,0
traffic_light_v8n,off,1454,1791299589.394779,301.211302,80.17,2.77,0.0,0,0
traffic_light_v8n,off,1455,1791299589.594022,301.411233,80.314,2.0,0.0,0,0
traffic_light_v8n,off,1456,1791299589.794563,301.611165,80.169,2.69,0.0,0,0
traffic_light_v8n,off,1457,1791299589.994575,301.811096,80.205,2.74,0.0,0,0
traffic_light_v8n,off,1458,1791299590.194406,302.011027,80.19,2.68,0.0,0,0
traffic_light_v8n,off,1459,1791299590.394312,302.210959,80.134,2.71,0.0,0,0
traffic_light_v8n,off,1460,1791299590.594474,302.410890,80.257,2.82,0.0,0,0
traffic_light_v8n,off,1461,1791299590.794340,302.610821,80.292,2.72,0.0,0,0
traffic_light_v8n,off,1462,1791299590.994097,302.810752,80.166,2.67,0.0,0,0
traffic_light_v8n,off,1463,1791299591.194109,303.010684,80.245,2.67,0.0,0,0
traffic_light_v8n,off,1464,1791299591.393958,303.210615,80.307,2.56,0.0,0,0
traffic_light_v8n,off,1465,1791299591.594152,303.410546,80.349,2.75,0.0,0,0
traffic_light_v8n,off,1466,1791299591.793819,303.610478,80.266,2.57,0.0,0,0
traffic_light_v8n,off,1467,1791299591.994012,303.810409,80.347,2.75,0.0,0,0
traffic_light_v8n,off,1468,1791299592.193825,304.010341,80.205,2.77,0.0,0,0
traffic_light_v8n,off,1469,1791299592.393678,304.210272,80.359,2.55,0.0,0,0
traffic_light_v8n,off,1470,1791299592.593818,304.410203,80.345,2.76,0.0,0,0
traffic_light_v8n,off,1471,1791299592.793767,304.610134,80.292,2.83,0.0,0,0
traffic_light_v8n,off,1472,1791299592.993441,304.810066,80.317,2.55,0.0,0,0
traffic_light_v8n,off,1473,1791299593.193269,305.009997,80.144,2.62,0.0,0,0
traffic_light_v8n,off,1474,1791299593.393309,305.209928,80.285,2.61,0.0,0,0
traffic_light_v8n,off,1475,1791299593.592585,305.409859,80.212,1.98,0.0,0,0
traffic_light_v8n,off,1476,1791299593.793240,305.609791,80.209,2.73,0.0,0,0
traffic_light_v8n,off,1477,1791299593.993037,305.809722,80.109,2.7,0.0,0,0
traffic_light_v8n,off,1478,1791299594.193058,306.009654,80.203,2.7,0.0,0,0
traffic_light_v8n,off,1479,1791299594.392813,306.209585,80.164,2.59,0.0,0,0
traffic_light_v8n,off,1480,1791299594.592079,306.409516,80.103,2.0,0.0,0,0
traffic_light_v8n,off,1481,1791299594.792958,306.609448,80.211,2.8,0.0,0,0
traffic_light_v8n,off,1482,1791299594.992206,306.809379,80.185,2.18,0.0,0,0
traffic_light_v8n,off,1483,1791299595.192889,307.009310,80.328,2.75,0.0,0,0
traffic_light_v8n,off,1484,1791299595.391950,307.209241,80.25,1.97,0.0,0,0
traffic_light_v8n,off,1485,1791299595.592740,307.409173,80.253,2.82,0.0,0,0
traffic_light_v8n,off,1486,1791299595.792686,307.609104,80.283,2.78,0.0,0,0
traffic_light_v8n,off,1487,1791299595.992711,307.809035,80.36,2.79,0.0,0,0
traffic_light_v8n,off,1488,1791299596.192368,308.008967,80.251,2.65,0.0,0,0
traffic_light_v8n,off,1489,1791299596.392184,308.208898,80.161,2.63,0.0,0,0
traffic_light_v8n,off,1490,1791299596.592173,308.408829,80.185,2.66,0.0,0,0
traffic_light_v8n,off,1491,1791299596.792203,308.608761,80.179,2.77,0.0,0,0
traffic_light_v8n,off,1492,1791299596.992233,308.808692,80.253,2.77,0.0,0,1
traffic_light_v8n,off,1493,1791299597.191926,309.008623,80.151,2.66,0.0,0,0
traffic_light_v8n,off,1494,1791299597.392047,309.208555,80.359,2.64,0.0,0,0
traffic_light_v8n,off,1495,1791299597.591831,309.408486,80.305,2.55,0.0,0,0
traffic_light_v8n,off,1496,1791299597.791843,309.608417,80.235,2.7,0.0,0,0
traffic_light_v8n,off,1497,1791299597.991815,309.808349,80.235,2.74,0.0,0,0
traffic_light_v8n,off,1498,1791299598.192000,310.008280,80.24,2.99,0.0,0,0
traffic_light_v8n,off,1499,1791299598.392205,310.208211,80.142,3.34,0.0,0,1
traffic_light_v8n,off,1500,1791299598.591717,310.408142,80.256,2.79,0.0,0,0
traffic_light_v8n,off,1501,1791299598.791335,310.608074,80.058,2.71,0.0,0,0
