t_s,seq,ts_device_s,ts_host_s,latency_ms,det_latency_ms,fps_inst,seq_gap,frame_w,frame_h,frame_type,source_w,source_h,cam_instance,exposure_us,iso,lens_pos,lens_pos_raw,color_temp_k,hfov_deg,vfov_deg,det_count,conf_max,conf_mean,top_label,n_person,n_car,n_traffic_light,n_stop_sign,nearest_z_mm,image_file
0.0,0,7.821352,13099.155764,98.74,76.87,,0,512,288,BGR888p,1352,1012,0,30008,1599,-1,-1.0,6500,66.04,51.9,1,0.7603,0.7603,chair,0,0,0,0,,frames/000000.jpg
0.0004,1,7.854675,13099.189087,65.43,65.37,2343.1,0,512,288,BGR888p,1352,1012,0,30008,1599,-1,-1.0,6500,66.04,51.9,1,0.7563,0.7563,chair,0,0,0,0,,frames/000001.jpg
0.0008,2,7.887997,13099.222409,74.01,73.99,2520.77,0,512,288,BGR888p,1352,1012,0,29996,110,-1,-1.0,4733,66.04,51.9,1,0.7925,0.7925,chair,0,0,0,0,,frames/000002.jpg
0.0497,3,7.92132,13099.255731,89.56,61.97,20.44,0,512,288,BGR888p,1352,1012,0,29996,110,-1,-1.0,4733,66.04,51.9,1,0.7871,0.7871,chair,0,0,0,0,,frames/000003.jpg
0.0835,4,7.954642,13099.289053,90.02,56.2,29.59,0,512,288,BGR888p,1352,1012,0,29996,110,-1,-1.0,4733,66.04,51.9,1,0.7803,0.7803,chair,0,0,0,0,,frames/000004.jpg
0.0839,5,7.987968,13099.32238,56.71,56.65,2851.54,0,512,288,BGR888p,1352,1012,0,29996,110,-1,-1.0,4733,66.04,51.9,1,0.7983,0.7983,chair,0,0,0,0,,frames/000005.jpg
0.1163,6,8.021285,13099.355697,56.17,56.14,30.82,0,512,288,BGR888p,1352,1012,0,29996,110,-1,-1.0,4733,66.04,51.9,1,0.7988,0.7988,chair,0,0,0,0,,frames/000006.jpg
0.155,7,8.054607,13099.389019,61.47,61.43,25.84,0,512,288,BGR888p,1352,1012,0,29996,110,-1,-1.0,4733,66.04,51.9,1,0.7793,0.7793,chair,0,0,0,0,,frames/000007.jpg
0.183,8,8.087934,13099.422345,56.06,56.02,35.8,0,512,288,BGR888p,1352,1012,0,29996,110,-1,-1.0,4733,66.04,51.9,1,0.7983,0.7983,chair,0,0,0,0,,frames/000008.jpg
0.2166,9,8.121251,13099.455662,56.42,56.38,29.73,0,512,288,BGR888p,1352,1012,0,30008,1599,-1,-1.0,5500,66.04,51.9,0,,,,0,0,0,0,,frames/000009.jpg
0.2504,10,8.154572,13099.488984,56.91,56.86,29.57,0,512,288,BGR888p,1352,1012,0,29996,976,-1,-1.0,5500,66.04,51.9,0,,,,0,0,0,0,,frames/000010.jpg
0.2832,11,8.187894,13099.522306,56.38,56.34,30.55,0,512,288,BGR888p,1352,1012,0,29996,694,-1,-1.0,5500,66.04,51.9,2,0.6382,0.5718,chair,1,0,0,0,,frames/000011.jpg
0.3165,12,8.221216,13099.555801,56.19,56.14,30.03,0,512,288,BGR888p,1352,1012,0,29996,562,-1,-1.0,5500,66.04,51.9,1,0.7139,0.7139,chair,0,0,0,0,,frames/000012.jpg
0.3496,13,8.254538,13099.589123,56.06,56.02,30.14,0,512,288,BGR888p,1352,1012,0,29996,498,-1,-1.0,5500,66.04,51.9,1,0.7373,0.7373,chair,0,0,0,0,,frames/000013.jpg
0.4163,14,8.28786,13099.622445,89.35,55.85,15.0,0,512,288,BGR888p,1352,1012,0,29996,447,-1,-1.0,5500,66.04,51.9,1,0.7334,0.7334,chair,0,0,0,0,,frames/000014.jpg
0.4497,15,8.321182,13099.655767,89.49,56.0,29.91,0,512,288,BGR888p,1352,1012,0,29996,407,-1,-1.0,5500,66.04,51.9,1,0.7227,0.7227,chair,0,0,0,0,,frames/000015.jpg
0.4501,16,8.354504,13099.689089,56.18,56.13,2835.09,0,512,288,BGR888p,1352,1012,0,29996,374,-1,-1.0,5500,66.04,51.9,1,0.7085,0.7085,chair,0,0,0,0,,frames/000016.jpg
0.4829,17,8.387826,13099.722411,56.07,56.04,30.45,0,512,288,BGR888p,1352,1012,0,29996,366,-1,-1.0,5537,66.04,51.9,1,0.731,0.731,chair,0,0,0,0,,frames/000017.jpg
0.516,18,8.421148,13099.755733,55.82,55.79,30.23,0,512,288,BGR888p,1352,1012,0,29996,353,-1,-1.0,5533,66.04,51.9,2,0.7085,0.6045,chair,1,0,0,0,,frames/000018.jpg
0.5498,19,8.45447,13099.789055,56.23,56.2,29.63,0,512,288,BGR888p,1352,1012,0,29996,337,-1,-1.0,5530,66.04,51.9,1,0.7607,0.7607,chair,0,0,0,0,,frames/000019.jpg
0.5825,20,8.487791,13099.822377,55.7,55.66,30.5,0,512,288,BGR888p,1352,1012,0,29996,319,-1,-1.0,5527,66.04,51.9,1,0.7603,0.7603,chair,0,0,0,0,,frames/000020.jpg
0.6164,21,8.521113,13099.855698,56.2,56.16,29.56,0,512,288,BGR888p,1352,1012,0,29996,304,-1,-1.0,5525,66.04,51.9,1,0.7529,0.7529,chair,0,0,0,0,,frames/000021.jpg
0.6826,22,8.554435,13099.88902,89.17,55.94,15.09,0,512,288,BGR888p,1352,1012,0,29996,289,-1,-1.0,5523,66.04,51.9,1,0.7456,0.7456,chair,0,0,0,0,,frames/000022.jpg
0.683,23,8.587757,13099.922342,55.86,55.79,2897.31,0,512,288,BGR888p,1352,1012,0,29996,276,-1,-1.0,5522,66.04,51.9,1,0.7344,0.7344,chair,0,0,0,0,,frames/000023.jpg
0.7162,24,8.621079,13099.955664,56.08,56.04,30.13,0,512,288,BGR888p,1352,1012,0,29996,265,-1,-1.0,5520,66.04,51.9,1,0.7627,0.7627,chair,0,0,0,0,,frames/000024.jpg
0.7828,25,8.654401,13099.988986,89.22,55.58,15.02,0,512,288,BGR888p,1352,1012,0,29996,254,-1,-1.0,5519,66.04,51.9,1,0.7607,0.7607,chair,0,0,0,0,,frames/000025.jpg
0.8164,26,8.687723,13100.022308,89.64,55.83,29.72,0,512,288,BGR888p,1352,1012,0,29996,244,-1,-1.0,5518,66.04,51.9,1,0.7397,0.7397,chair,0,0,0,0,,frames/000026.jpg
0.8167,27,8.721045,13100.05563,56.33,56.29,2925.37,0,512,288,BGR888p,1352,1012,0,29996,235,-1,-1.0,5517,66.04,51.9,1,0.7627,0.7627,chair,0,0,0,0,,frames/000027.jpg
0.8491,28,8.754367,13100.088952,55.7,55.67,30.92,0,512,288,BGR888p,1352,1012,0,29996,227,-1,-1.0,5516,66.04,51.9,1,0.7939,0.7939,chair,0,0,0,0,,frames/000028.jpg
0.9162,29,8.787688,13100.122273,89.49,55.53,14.89,0,512,288,BGR888p,1352,1012,0,29996,219,-1,-1.0,5515,66.04,51.9,1,0.771,0.771,chair,0,0,0,0,,frames/000029.jpg
0.9166,30,8.82101,13100.155595,56.18,56.12,2894.54,0,512,288,BGR888p,1352,1012,0,29996,212,-1,-1.0,5515,66.04,51.9,1,0.7725,0.7725,chair,0,0,0,0,,frames/000030.jpg
0.9496,31,8.854332,13100.188917,56.19,56.16,30.33,0,512,288,BGR888p,1352,1012,0,29996,205,-1,-1.0,5514,66.04,51.9,1,0.7822,0.7822,chair,0,0,0,0,,frames/000031.jpg
0.9828,32,8.887654,13100.222239,56.12,56.07,30.07,0,512,288,BGR888p,1352,1012,0,29996,199,-1,-1.0,5513,66.04,51.9,1,0.751,0.751,chair,0,0,0,0,,frames/000032.jpg
1.0496,33,8.920976,13100.255561,89.58,56.27,14.97,0,512,288,BGR888p,1352,1012,0,29996,193,-1,-1.0,5513,66.04,51.9,1,0.7744,0.7744,chair,0,0,0,0,,frames/000033.jpg
1.0499,34,8.954298,13100.288883,56.27,56.2,2880.53,0,512,288,BGR888p,1352,1012,0,29996,188,-1,-1.0,5512,66.04,51.9,1,0.7651,0.7651,chair,0,0,0,0,,frames/000034.jpg
1.0827,35,8.98762,13100.322205,56.07,56.03,30.53,0,512,288,BGR888p,1352,1012,0,29996,183,-1,-1.0,5512,66.04,51.9,1,0.7725,0.7725,chair,0,0,0,0,,frames/000035.jpg
1.116,36,9.020942,13100.355527,56.07,56.03,30.0,0,512,288,BGR888p,1352,1012,0,29996,178,-1,-1.0,5511,66.04,51.9,1,0.7822,0.7822,chair,0,0,0,0,,frames/000036.jpg
1.149,37,9.054263,13100.388848,55.72,55.68,30.32,0,512,288,BGR888p,1352,1012,0,29996,174,-1,-1.0,5511,66.04,51.9,1,0.7241,0.7241,chair,0,0,0,0,,frames/000037.jpg
1.1828,38,9.087585,13100.42217,56.19,56.14,29.59,0,512,288,BGR888p,1352,1012,0,29996,170,-1,-1.0,5511,66.04,51.9,1,0.7793,0.7793,chair,0,0,0,0,,frames/000038.jpg
1.2161,39,9.120907,13100.455493,56.14,56.1,30.07,0,512,288,BGR888p,1352,1012,0,29996,166,-1,-1.0,5510,66.04,51.9,1,0.7817,0.7817,chair,0,0,0,0,,frames/000039.jpg
1.2828,40,9.154229,13100.488814,89.52,56.17,14.99,0,512,288,BGR888p,1352,1012,0,29996,162,-1,-1.0,5510,66.04,51.9,1,0.7686,0.7686,chair,0,0,0,0,,frames/000040.jpg
1.2832,41,9.187551,13100.522136,56.22,56.16,2749.57,0,512,288,BGR888p,1352,1012,0,29996,159,-1,-1.0,5510,66.04,51.9,1,0.7485,0.7485,chair,0,0,0,0,,frames/000041.jpg
1.3159,42,9.220873,13100.555458,55.95,55.9,30.58,0,512,288,BGR888p,1352,1012,0,29996,155,-1,-1.0,5509,66.04,51.9,1,0.752,0.752,chair,0,0,0,0,,frames/000042.jpg
1.3827,43,9.254195,13100.58878,89.41,56.06,14.97,0,512,288,BGR888p,1352,1012,0,29996,158,-1,-1.0,5509,66.04,51.9,1,0.7456,0.7456,chair,0,0,0,0,,frames/000043.jpg
1.416,44,9.287517,13100.622102,89.45,56.04,30.0,0,512,288,BGR888p,1352,1012,0,29996,159,-1,-1.0,5509,66.04,51.9,1,0.7451,0.7451,chair,0,0,0,0,,frames/000044.jpg
1.4164,45,9.320839,13100.655424,56.14,56.08,2829.54,0,512,288,BGR888p,1352,1012,0,29996,159,-1,-1.0,5509,66.04,51.9,1,0.7573,0.7573,chair,0,0,0,0,,frames/000045.jpg
1.4495,46,9.354161,13100.688746,56.33,56.29,30.14,0,512,288,BGR888p,1352,1012,0,29996,159,-1,-1.0,5508,66.04,51.9,1,0.7397,0.7397,chair,0,0,0,0,,frames/000046.jpg
1.5163,47,9.387482,13100.722067,89.72,55.86,14.99,0,512,288,BGR888p,1352,1012,0,29996,156,-1,-1.0,5508,66.04,51.9,1,0.7822,0.7822,chair,0,0,0,0,,frames/000047.jpg
1.5166,48,9.420804,13100.755389,56.41,56.36,2906.12,0,512,288,BGR888p,1352,1012,0,29996,153,-1,-1.0,5508,66.04,51.9,1,0.7607,0.7607,chair,0,0,0,0,,frames/000048.jpg
1.5827,49,9.454126,13100.788711,89.52,55.85,15.13,0,512,288,BGR888p,1352,1012,0,29996,150,-1,-1.0,5508,66.04,51.9,1,0.752,0.752,chair,0,0,0,0,,frames/000049.jpg
1.6161,50,9.487448,13100.822033,89.61,56.16,29.92,0,512,288,BGR888p,1352,1012,0,29996,150,-1,-1.0,5507,66.04,51.9,1,0.7729,0.7729,chair,0,0,0,0,,frames/000050.jpg
1.6165,51,9.52077,13100.855355,56.3,56.26,2936.77,0,512,288,BGR888p,1352,1012,0,29996,150,-1,-1.0,5507,66.04,51.9,1,0.7666,0.7666,chair,0,0,0,0,,frames/000051.jpg
1.6822,52,9.554092,13100.888677,89.02,56.19,15.22,0,512,288,BGR888p,1352,1012,0,29996,150,-1,-1.0,5507,66.04,51.9,1,0.7554,0.7554,chair,0,0,0,0,,frames/000052.jpg
1.7163,53,9.587414,13100.921999,89.84,55.65,29.3,0,512,288,BGR888p,1352,1012,0,29996,150,-1,-1.0,5507,66.04,51.9,1,0.7725,0.7725,chair,0,0,0,0,,frames/000053.jpg
1.7495,54,9.620735,13100.95532,89.76,56.49,30.1,0,512,288,BGR888p,1352,1012,0,29996,150,-1,-1.0,5507,66.04,51.9,1,0.7573,0.7573,chair,0,0,0,0,,frames/000054.jpg
1.7829,55,9.654058,13100.988643,89.73,56.41,29.92,0,512,288,BGR888p,1352,1012,0,29996,150,-1,-1.0,5507,66.04,51.9,1,0.7476,0.7476,chair,0,0,0,0,,frames/000055.jpg
1.7833,56,9.687379,13101.021964,56.42,56.38,2747.89,0,512,288,BGR888p,1352,1012,0,29996,147,-1,-1.0,5506,66.04,51.9,1,0.7417,0.7417,chair,0,0,0,0,,frames/000056.jpg
1.8163,57,9.720701,13101.055286,56.52,56.49,30.34,0,512,288,BGR888p,1352,1012,0,29996,145,-1,-1.0,5506,66.04,51.9,1,0.7529,0.7529,chair,0,0,0,0,,frames/000057.jpg
1.8496,58,9.754023,13101.088608,56.56,56.53,29.98,0,512,288,BGR888p,1352,1012,0,29996,143,-1,-1.0,5506,66.04,51.9,1,0.7261,0.7261,chair,0,0,0,0,,frames/000058.jpg
1.8828,59,9.787345,13101.12193,56.38,56.34,30.17,0,512,288,BGR888p,1352,1012,0,29996,143,-1,-1.0,5506,66.04,51.9,1,0.7227,0.7227,chair,0,0,0,0,,frames/000059.jpg
1.9162,60,9.820667,13101.155252,56.46,56.43,29.93,0,512,288,BGR888p,1352,1012,0,29996,143,-1,-1.0,5506,66.04,51.9,1,0.7422,0.7422,chair,0,0,0,0,,frames/000060.jpg
1.9494,61,9.853989,13101.188574,56.34,56.3,30.13,0,512,288,BGR888p,1352,1012,0,29996,143,-1,-1.0,5506,66.04,51.9,1,0.7373,0.7373,chair,0,0,0,0,,frames/000061.jpg
2.0159,62,9.887311,13101.221896,89.55,55.83,15.03,0,512,288,BGR888p,1352,1012,0,29996,143,-1,-1.0,5506,66.04,51.9,1,0.7271,0.7271,chair,0,0,0,0,,frames/000062.jpg
2.0163,63,9.920633,13101.255218,56.24,56.19,2766.41,0,512,288,BGR888p,1352,1012,0,29996,143,-1,-1.0,5506,66.04,51.9,1,0.7314,0.7314,chair,0,0,0,0,,frames/000063.jpg
2.0494,64,9.953954,13101.288539,56.41,56.38,30.18,0,512,288,BGR888p,1352,1012,0,29996,143,-1,-1.0,5505,66.04,51.9,1,0.7485,0.7485,chair,0,0,0,0,,frames/000064.jpg
2.1162,65,9.987276,13101.321861,89.85,56.08,14.97,0,512,288,BGR888p,1352,1012,0,29996,143,-1,-1.0,5505,66.04,51.9,1,0.7231,0.7231,chair,0,0,0,0,,frames/000065.jpg
2.1165,66,10.020598,13101.355183,56.54,56.5,2898.0,0,512,288,BGR888p,1352,1012,0,29996,143,-1,-1.0,5505,66.04,51.9,1,0.7397,0.7397,chair,0,0,0,0,,frames/000066.jpg
2.1493,67,10.05392,13101.388505,56.31,56.27,30.54,0,512,288,BGR888p,1352,1012,0,29996,143,-1,-1.0,5505,66.04,51.9,1,0.7544,0.7544,chair,0,0,0,0,,frames/000067.jpg
2.1827,68,10.087245,13101.42183,56.46,56.43,29.88,0,512,288,BGR888p,1352,1012,0,29996,143,-1,-1.0,5505,66.04,51.9,1,0.7681,0.7681,chair,0,0,0,0,,frames/000068.jpg
2.2159,69,10.120564,13101.455149,56.24,56.2,30.19,0,512,288,BGR888p,1352,1012,0,29996,143,-1,-1.0,5505,66.04,51.9,1,0.7554,0.7554,chair,0,0,0,0,,frames/000069.jpg
2.2492,70,10.153886,13101.488471,56.25,56.21,30.02,0,512,288,BGR888p,1352,1012,0,29996,143,-1,-1.0,5505,66.04,51.9,1,0.7529,0.7529,chair,0,0,0,0,,frames/000070.jpg
2.2827,71,10.187209,13101.521794,56.43,56.39,29.85,0,512,288,BGR888p,1352,1012,0,29996,143,-1,-1.0,5505,66.04,51.9,1,0.7451,0.7451,chair,0,0,0,0,,frames/000071.jpg
2.349,72,10.22053,13101.555115,89.38,56.16,15.08,0,512,288,BGR888p,1352,1012,0,29996,143,-1,-1.0,5505,66.04,51.9,1,0.7583,0.7583,chair,0,0,0,0,,frames/000072.jpg
2.3493,73,10.253852,13101.588437,56.07,56.02,2769.08,0,512,288,BGR888p,1352,1012,0,29996,143,-1,-1.0,5505,66.04,51.9,1,0.7764,0.7764,chair,0,0,0,0,,frames/000073.jpg
2.3827,74,10.287173,13101.621758,56.51,56.48,29.97,0,512,288,BGR888p,1352,1012,0,29996,143,-1,-1.0,5505,66.04,51.9,1,0.7725,0.7725,chair,0,0,0,0,,frames/000074.jpg
2.4158,75,10.320495,13101.65508,56.32,56.27,30.17,0,512,288,BGR888p,1352,1012,0,29996,143,-1,-1.0,5505,66.04,51.9,1,0.751,0.751,chair,0,0,0,0,,frames/000075.jpg
2.4491,76,10.353817,13101.688402,56.2,56.16,30.11,0,512,288,BGR888p,1352,1012,0,29996,143,-1,-1.0,5505,66.04,51.9,1,0.749,0.749,chair,0,0,0,0,,frames/000076.jpg
2.4827,77,10.387139,13101.721724,56.55,56.52,29.72,0,512,288,BGR888p,1352,1012,0,29996,143,-1,-1.0,5505,66.04,51.9,1,0.7427,0.7427,chair,0,0,0,0,,frames/000077.jpg
2.5159,78,10.420461,13101.755046,56.42,56.38,30.12,0,512,288,BGR888p,1352,1012,0,29996,143,-1,-1.0,5505,66.04,51.9,1,0.7544,0.7544,chair,0,0,0,0,,frames/000078.jpg
2.5493,79,10.453783,13101.788368,56.52,56.48,29.9,0,512,288,BGR888p,1352,1012,0,29996,143,-1,-1.0,5505,66.04,51.9,1,0.752,0.752,chair,0,0,0,0,,frames/000079.jpg
2.5828,80,10.487105,13101.82169,56.62,56.59,29.93,0,512,288,BGR888p,1352,1012,0,29996,143,-1,-1.0,5505,66.04,51.9,1,0.7402,0.7402,chair,0,0,0,0,,frames/000080.jpg
2.6159,81,10.520426,13101.855012,56.48,56.45,30.14,0,512,288,BGR888p,1352,1012,0,29996,143,-1,-1.0,5500,66.04,51.9,1,0.7627,0.7627,chair,0,0,0,0,,frames/000081.jpg
2.6488,82,10.553748,13101.888333,56.06,56.03,30.42,0,512,288,BGR888p,1352,1012,0,29996,143,-1,-1.0,5500,66.04,51.9,1,0.7378,0.7378,chair,0,0,0,0,,frames/000082.jpg
2.6824,83,10.58707,13101.921655,56.3,56.27,29.76,0,512,288,BGR888p,1352,1012,0,29996,143,-1,-1.0,5500,66.04,51.9,1,0.728,0.728,chair,0,0,0,0,,frames/000083.jpg
2.7158,84,10.620392,13101.954977,56.34,56.31,29.97,0,512,288,BGR888p,1352,1012,0,29996,143,-1,-1.0,5500,66.04,51.9,2,0.7168,0.6089,chair,0,0,0,0,,frames/000084.jpg
2.7489,85,10.653714,13101.988299,56.11,56.08,30.23,0,512,288,BGR888p,1352,1012,0,29996,143,-1,-1.0,5500,66.04,51.9,1,0.7358,0.7358,chair,0,0,0,0,,frames/000085.jpg
2.7891,86,10.687036,13102.021621,62.96,62.92,24.84,0,512,288,BGR888p,1352,1012,0,29996,143,-1,-1.0,5500,66.04,51.9,1,0.7397,0.7397,chair,0,0,0,0,,frames/000086.jpg
2.816,87,10.720358,13102.054943,56.5,56.46,37.21,0,512,288,BGR888p,1352,1012,0,29996,143,-1,-1.0,5500,66.04,51.9,1,0.7651,0.7651,chair,0,0,0,0,,frames/000087.jpg
2.8495,88,10.75368,13102.088265,56.73,56.7,29.88,0,512,288,BGR888p,1352,1012,0,29996,143,-1,-1.0,5500,66.04,51.9,1,0.752,0.752,chair,0,0,0,0,,frames/000088.jpg
2.8824,89,10.787002,13102.121587,56.35,56.31,30.38,0,512,288,BGR888p,1352,1012,0,29996,143,-1,-1.0,5500,66.04,51.9,1,0.7456,0.7456,chair,0,0,0,0,,frames/000089.jpg
2.916,90,10.820324,13102.154909,56.62,56.58,29.76,0,512,288,BGR888p,1352,1012,0,29996,143,-1,-1.0,5500,66.04,51.9,1,0.7397,0.7397,chair,0,0,0,0,,frames/000090.jpg
2.9492,91,10.853645,13102.18823,56.52,56.49,30.09,0,512,288,BGR888p,1352,1012,0,29996,143,-1,-1.0,5500,66.04,51.9,1,0.7676,0.7676,chair,0,0,0,0,,frames/000091.jpg
2.9819,92,10.886967,13102.221552,55.94,55.91,30.57,0,512,288,BGR888p,1352,1012,0,29996,143,-1,-1.0,5500,66.04,51.9,1,0.7432,0.7432,chair,0,0,0,0,,frames/000092.jpg
3.0153,93,10.920289,13102.254874,56.02,55.98,29.92,0,512,288,BGR888p,1352,1012,0,29996,143,-1,-1.0,5500,66.04,51.9,1,0.7358,0.7358,chair,0,0,0,0,,frames/000093.jpg
3.0492,94,10.953611,13102.288196,56.58,56.54,29.51,0,512,288,BGR888p,1352,1012,0,29996,143,-1,-1.0,5500,66.04,51.9,1,0.7441,0.7441,chair,0,0,0,0,,frames/000094.jpg
3.0824,95,10.986933,13102.321518,56.45,56.41,30.13,0,512,288,BGR888p,1352,1012,0,29996,143,-1,-1.0,5500,66.04,51.9,1,0.7642,0.7642,chair,0,0,0,0,,frames/000095.jpg
3.1157,96,11.020255,13102.35484,56.36,56.32,30.08,0,512,288,BGR888p,1352,1012,0,29996,143,-1,-1.0,5500,66.04,51.9,1,0.7349,0.7349,chair,0,0,0,0,,frames/000096.jpg
3.1491,97,11.053578,13102.388163,56.5,56.45,29.88,0,512,288,BGR888p,1352,1012,0,29996,143,-1,-1.0,5500,66.04,51.9,1,0.7466,0.7466,chair,0,0,0,0,,frames/000097.jpg
3.1826,98,11.086898,13102.421483,56.61,56.58,29.9,0,512,288,BGR888p,1352,1012,0,29996,143,-1,-1.0,5500,66.04,51.9,1,0.7368,0.7368,chair,0,0,0,0,,frames/000098.jpg
3.2153,99,11.120221,13102.454806,56.03,55.98,30.56,0,512,288,BGR888p,1352,1012,0,29996,143,-1,-1.0,5500,66.04,51.9,1,0.7363,0.7363,chair,0,0,0,0,,frames/000099.jpg
3.2488,100,11.153542,13102.488127,56.25,56.2,29.82,0,512,288,BGR888p,1352,1012,0,29996,143,-1,-1.0,5500,66.04,51.9,1,0.7402,0.7402,chair,0,0,0,0,,frames/000100.jpg
3.2824,101,11.186864,13102.521449,56.51,56.48,29.77,0,512,288,BGR888p,1352,1012,0,29996,143,-1,-1.0,5500,66.04,51.9,1,0.7427,0.7427,chair,0,0,0,0,,frames/000101.jpg
3.3155,102,11.220186,13102.554771,56.29,56.26,30.22,0,512,288,BGR888p,1352,1012,0,29996,143,-1,-1.0,5500,66.04,51.9,1,0.7197,0.7197,chair,0,0,0,0,,frames/000102.jpg
3.349,103,11.253508,13102.588093,56.51,56.47,29.81,0,512,288,BGR888p,1352,1012,0,29996,143,-1,-1.0,5500,66.04,51.9,1,0.7222,0.7222,chair,0,0,0,0,,frames/000103.jpg
3.3824,104,11.28683,13102.621415,56.52,56.49,29.99,0,512,288,BGR888p,1352,1012,0,29996,143,-1,-1.0,5500,66.04,51.9,1,0.7349,0.7349,chair,0,0,0,0,,frames/000104.jpg
3.4156,105,11.320152,13102.654737,56.39,56.36,30.15,0,512,288,BGR888p,1352,1012,0,29996,143,-1,-1.0,5500,66.04,51.9,1,0.7222,0.7222,chair,0,0,0,0,,frames/000105.jpg
3.449,106,11.353474,13102.688059,56.48,56.45,29.91,0,512,288,BGR888p,1352,1012,0,29996,143,-1,-1.0,5500,66.04,51.9,1,0.7544,0.7544,chair,0,0,0,0,,frames/000106.jpg
3.482,107,11.386796,13102.721381,56.22,56.18,30.25,0,512,288,BGR888p,1352,1012,0,29996,143,-1,-1.0,5500,66.04,51.9,1,0.7568,0.7568,chair,0,0,0,0,,frames/000107.jpg
3.5156,108,11.420118,13102.754703,56.32,56.27,29.84,0,512,288,BGR888p,1352,1012,0,29996,143,-1,-1.0,5500,66.04,51.9,1,0.7686,0.7686,chair,0,0,0,0,,frames/000108.jpg
3.5824,109,11.453439,13102.788024,89.88,56.41,14.97,0,512,288,BGR888p,1352,1012,0,29996,143,-1,-1.0,5500,66.04,51.9,1,0.7725,0.7725,chair,0,0,0,0,,frames/000109.jpg
3.6154,110,11.486761,13102.821346,89.54,56.51,30.25,0,512,288,BGR888p,1352,1012,0,29996,143,-1,-1.0,5500,66.04,51.9,1,0.7676,0.7676,chair,0,0,0,0,,frames/000110.jpg
3.6489,111,11.520083,13102.854668,89.69,56.18,29.85,0,512,288,BGR888p,1352,1012,0,29996,143,-1,-1.0,5500,66.04,51.9,1,0.7388,0.7388,chair,0,0,0,0,,frames/000111.jpg
3.682,112,11.553405,13102.88799,89.47,56.32,30.22,0,512,288,BGR888p,1352,1012,0,29996,143,-1,-1.0,5500,66.04,51.9,1,0.7397,0.7397,chair,0,0,0,0,,frames/000112.jpg
3.7157,113,11.586727,13102.921312,89.91,56.09,29.72,0,512,288,BGR888p,1352,1012,0,29996,143,-1,-1.0,5500,66.04,51.9,1,0.7393,0.7393,chair,0,0,0,0,,frames/000113.jpg
3.749,114,11.620049,13102.954634,89.83,56.55,29.97,0,512,288,BGR888p,1352,1012,0,29996,143,-1,-1.0,5500,66.04,51.9,1,0.7632,0.7632,chair,0,0,0,0,,frames/000114.jpg
3.7881,115,11.653371,13102.987956,95.58,56.46,25.57,0,512,288,BGR888p,1352,1012,0,29996,143,-1,-1.0,5500,66.04,51.9,1,0.7593,0.7593,chair,0,0,0,0,,frames/000115.jpg
3.7886,116,11.686693,13103.021278,62.28,62.21,2121.71,0,512,288,BGR888p,1352,1012,0,29996,143,-1,-1.0,5500,66.04,51.9,1,0.7529,0.7529,chair,0,0,0,0,,frames/000116.jpg
3.816,117,11.720015,13103.0546,56.76,56.72,36.47,0,512,288,BGR888p,1352,1012,0,29996,143,-1,-1.0,5500,66.04,51.9,1,0.7446,0.7446,chair,0,0,0,0,,frames/000117.jpg
3.8824,118,11.753337,13103.087922,89.93,56.41,15.06,0,512,288,BGR888p,1352,1012,0,29996,143,-1,-1.0,5500,66.04,51.9,1,0.771,0.771,chair,0,0,0,0,,frames/000118.jpg
3.8829,119,11.786658,13103.121243,56.62,56.56,2122.07,0,512,288,BGR888p,1352,1012,0,29996,143,-1,-1.0,5500,66.04,51.9,1,0.7417,0.7417,chair,0,0,0,0,,frames/000119.jpg
3.9489,120,11.81998,13103.154565,89.89,56.31,15.15,0,512,288,BGR888p,1352,1012,0,29996,143,-1,-1.0,5500,66.04,51.9,1,0.7676,0.7676,chair,0,0,0,0,,frames/000120.jpg
3.9493,121,11.853303,13103.187888,56.58,56.53,2411.88,0,512,288,BGR888p,1352,1012,0,29996,143,-1,-1.0,5500,66.04,51.9,1,0.7319,0.7319,chair,0,0,0,0,,frames/000121.jpg
3.9824,122,11.886624,13103.221209,56.63,56.6,30.26,0,512,288,BGR888p,1352,1012,0,29996,143,-1,-1.0,5500,66.04,51.9,1,0.751,0.751,chair,0,0,0,0,,frames/000122.jpg
4.0155,123,11.919946,13103.254531,56.54,56.48,30.15,0,512,288,BGR888p,1352,1012,0,29996,143,-1,-1.0,5500,66.04,51.9,1,0.7212,0.7212,chair,0,0,0,0,,frames/000123.jpg
4.0485,124,11.953268,13103.287853,56.19,56.13,30.36,0,512,288,BGR888p,1352,1012,0,29996,143,-1,-1.0,5500,66.04,51.9,1,0.7002,0.7002,chair,0,0,0,0,,frames/000124.jpg
4.0823,125,11.986591,13103.321176,56.62,56.59,29.61,0,512,288,BGR888p,1352,1012,0,29996,143,-1,-1.0,5500,66.04,51.9,2,0.6528,0.5796,chair,1,0,0,0,,frames/000125.jpg
4.1156,126,12.019911,13103.354496,56.61,56.56,30.03,0,512,288,BGR888p,1352,1012,0,29996,143,-1,-1.0,5500,66.04,51.9,1,0.6367,0.6367,chair,0,0,0,0,,frames/000126.jpg
4.1489,127,12.053233,13103.387818,56.68,56.62,29.95,0,512,288,BGR888p,1352,1012,0,29996,143,-1,-1.0,5500,66.04,51.9,1,0.6431,0.6431,chair,0,0,0,0,,frames/000127.jpg
4.1822,128,12.086557,13103.421142,56.65,56.6,30.02,0,512,288,BGR888p,1352,1012,0,29996,143,-1,-1.0,5500,66.04,51.9,1,0.6343,0.6343,chair,0,0,0,0,,frames/000128.jpg
4.2153,129,12.119877,13103.454462,56.44,56.4,30.21,0,512,288,BGR888p,1352,1012,0,29996,143,-1,-1.0,5500,66.04,51.9,1,0.6738,0.6738,chair,0,0,0,0,,frames/000129.jpg
4.2823,130,12.153199,13103.487784,89.89,56.41,14.94,0,512,288,BGR888p,1352,1012,0,29996,143,-1,-1.0,5500,66.04,51.9,1,0.7051,0.7051,chair,0,0,0,0,,frames/000130.jpg
4.2827,131,12.186521,13103.521106,56.59,56.52,2194.05,0,512,288,BGR888p,1352,1012,0,29996,143,-1,-1.0,5500,66.04,51.9,1,0.6948,0.6948,chair,0,0,0,0,,frames/000131.jpg
4.3155,132,12.219843,13103.554428,56.65,56.62,30.48,0,512,288,BGR888p,1352,1012,0,29996,143,-1,-1.0,5500,66.04,51.9,2,0.7036,0.6023,chair,1,0,0,0,,frames/000132.jpg
4.3486,133,12.253165,13103.58775,56.33,56.28,30.19,0,512,288,BGR888p,1352,1012,0,29996,143,-1,-1.0,5500,66.04,51.9,2,0.7119,0.6145,chair,1,0,0,0,,frames/000133.jpg
4.4154,134,12.286487,13103.621072,89.89,56.47,14.97,0,512,288,BGR888p,1352,1012,0,29996,143,-1,-1.0,5500,66.04,51.9,2,0.7568,0.6497,chair,1,0,0,0,,frames/000134.jpg
4.4488,135,12.319808,13103.654394,89.85,56.53,29.97,0,512,288,BGR888p,1352,1012,0,29996,143,-1,-1.0,5500,66.04,51.9,1,0.7524,0.7524,chair,0,0,0,0,,frames/000135.jpg
4.4822,136,12.35313,13103.687715,89.96,56.49,29.99,0,512,288,BGR888p,1352,1012,0,29996,143,-1,-1.0,5500,66.04,51.9,1,0.7329,0.7329,chair,0,0,0,0,,frames/000136.jpg
4.5152,137,12.386452,13103.721037,89.62,56.6,30.26,0,512,288,BGR888p,1352,1012,0,29996,143,-1,-1.0,5500,66.04,51.9,1,0.7231,0.7231,chair,0,0,0,0,,frames/000137.jpg
4.5489,138,12.419774,13103.754359,89.95,56.26,29.69,0,512,288,BGR888p,1352,1012,0,29996,143,-1,-1.0,5500,66.04,51.9,1,0.7295,0.7295,chair,0,0,0,0,,frames/000138.jpg
4.5819,139,12.453096,13103.787681,89.77,56.59,30.27,0,512,288,BGR888p,1352,1012,0,29996,143,-1,-1.0,5500,66.04,51.9,1,0.7554,0.7554,chair,0,0,0,0,,frames/000139.jpg
4.615,140,12.486418,13103.821003,89.49,56.41,30.18,0,512,288,BGR888p,1352,1012,0,29996,143,-1,-1.0,5500,66.04,51.9,1,0.7554,0.7554,chair,0,0,0,0,,frames/000140.jpg
4.6155,141,12.51974,13103.854325,56.18,56.13,2144.84,0,512,288,BGR888p,1352,1012,0,29996,143,-1,-1.0,5500,66.04,51.9,1,0.7734,0.7734,chair,0,0,0,0,,frames/000141.jpg
4.6822,142,12.553062,13103.887647,90.02,56.11,14.98,0,512,288,BGR888p,1352,1012,0,29996,143,-1,-1.0,5500,66.04,51.9,1,0.7632,0.7632,chair,0,0,0,0,,frames/000142.jpg
4.6827,143,12.586384,13103.920969,56.72,56.65,2189.84,0,512,288,BGR888p,1352,1012,0,29996,143,-1,-1.0,5500,66.04,51.9,1,0.7329,0.7329,chair,0,0,0,0,,frames/000143.jpg
4.7151,144,12.619705,13103.95429,56.33,56.3,30.9,0,512,288,BGR888p,1352,1012,0,29996,143,-1,-1.0,5500,66.04,51.9,1,0.7529,0.7529,chair,0,0,0,0,,frames/000144.jpg
4.782,145,12.653027,13103.987613,89.86,56.52,14.93,0,512,288,BGR888p,1352,1012,0,29996,143,-1,-1.0,5500,66.04,51.9,1,0.7446,0.7446,chair,0,0,0,0,,frames/000145.jpg
4.8157,146,12.686349,13104.020934,90.19,56.48,29.74,0,512,288,BGR888p,1352,1012,0,29996,143,-1,-1.0,5500,66.04,51.9,1,0.7368,0.7368,chair,0,0,0,0,,frames/000146.jpg
4.816,147,12.719671,13104.054256,56.88,56.83,2894.96,0,512,288,BGR888p,1352,1012,0,29996,143,-1,-1.0,5500,66.04,51.9,1,0.7358,0.7358,chair,0,0,0,0,,frames/000147.jpg
4.8489,148,12.752998,13104.087583,56.82,56.77,30.36,0,512,288,BGR888p,1352,1012,0,29996,143,-1,-1.0,5500,66.04,51.9,1,0.7051,0.7051,chair,0,0,0,0,,frames/000148.jpg
4.9155,149,12.786315,13104.1209,90.02,56.37,15.02,0,512,288,BGR888p,1352,1012,0,29996,143,-1,-1.0,5500,66.04,51.9,1,0.7446,0.7446,chair,0,0,0,0,,frames/000149.jpg
4.916,150,12.819637,13104.154222,56.71,56.63,2065.44,0,512,288,BGR888p,1352,1012,0,29996,143,-1,-1.0,5500,66.04,51.9,1,0.7202,0.7202,chair,0,0,0,0,,frames/000150.jpg
4.9816,151,12.852959,13104.187544,89.58,56.73,15.25,0,512,288,BGR888p,1352,1012,0,29996,143,-1,-1.0,5500,66.04,51.9,1,0.7168,0.7168,chair,0,0,0,0,,frames/000151.jpg
4.9819,152,12.886282,13104.220867,56.27,56.22,2922.06,0,512,288,BGR888p,1352,1012,0,29996,143,-1,-1.0,5500,66.04,51.9,1,0.7261,0.7261,chair,0,0,0,0,,frames/000152.jpg
5.0156,153,12.919602,13104.254187,56.8,56.75,29.72,0,512,288,BGR888p,1352,1012,0,29996,143,-1,-1.0,5500,66.04,51.9,1,0.7539,0.7539,chair,0,0,0,0,,frames/000153.jpg
5.0487,154,12.952924,13104.287509,56.62,56.58,30.19,0,512,288,BGR888p,1352,1012,0,29996,143,-1,-1.0,5500,66.04,51.9,2,0.7524,0.6299,chair,1,0,0,0,,frames/000154.jpg
5.0822,155,12.986246,13104.320831,56.86,56.83,29.84,0,512,288,BGR888p,1352,1012,0,29996,143,-1,-1.0,5500,66.04,51.9,1,0.7388,0.7388,chair,0,0,0,0,,frames/000155.jpg
5.1155,156,13.019568,13104.354153,56.83,56.78,30.0,0,512,288,BGR888p,1352,1012,0,29996,143,-1,-1.0,5500,66.04,51.9,1,0.7632,0.7632,chair,0,0,0,0,,frames/000156.jpg
5.1823,157,13.05289,13104.387475,90.26,56.51,14.98,0,512,288,BGR888p,1352,1012,0,29996,143,-1,-1.0,5500,66.04,51.9,1,0.7124,0.7124,chair,0,0,0,0,,frames/000157.jpg
5.1828,158,13.086212,13104.420797,56.96,56.89,2083.18,0,512,288,BGR888p,1352,1012,0,29996,143,-1,-1.0,5500,66.04,51.9,2,0.7446,0.6323,chair,1,0,0,0,,frames/000158.jpg
5.2154,159,13.119534,13104.454119,56.81,56.78,30.69,0,512,288,BGR888p,1352,1012,0,29996,143,-1,-1.0,5500,66.04,51.9,1,0.7314,0.7314,chair,0,0,0,0,,frames/000159.jpg
5.2485,160,13.152856,13104.487441,56.49,56.44,30.2,0,512,288,BGR888p,1352,1012,0,29996,143,-1,-1.0,5500,66.04,51.9,1,0.7427,0.7427,chair,0,0,0,0,,frames/000160.jpg
5.2819,161,13.186179,13104.520764,56.61,56.56,29.91,0,512,288,BGR888p,1352,1012,0,29996,143,-1,-1.0,5500,66.04,51.9,1,0.7344,0.7344,chair,0,0,0,0,,frames/000161.jpg
5.3153,162,13.219499,13104.554085,56.78,56.75,29.95,0,512,288,BGR888p,1352,1012,0,29996,143,-1,-1.0,5500,66.04,51.9,1,0.6963,0.6963,chair,0,0,0,0,,frames/000162.jpg
5.3485,163,13.252821,13104.587406,56.53,56.5,30.16,0,512,288,BGR888p,1352,1012,0,29996,143,-1,-1.0,5500,66.04,51.9,1,0.6904,0.6904,chair,0,0,0,0,,frames/000163.jpg
5.3821,164,13.286143,13104.620728,56.96,56.92,29.71,0,512,288,BGR888p,1352,1012,0,29996,143,-1,-1.0,5500,66.04,51.9,1,0.7051,0.7051,chair,0,0,0,0,,frames/000164.jpg
5.4154,165,13.319465,13104.65405,56.72,56.68,30.1,0,512,288,BGR888p,1352,1012,0,29996,143,-1,-1.0,5500,66.04,51.9,1,0.7148,0.7148,chair,0,0,0,0,,frames/000165.jpg
5.4815,166,13.352787,13104.687372,89.69,56.7,15.11,0,512,288,BGR888p,1352,1012,0,29996,143,-1,-1.0,5500,66.04,51.9,1,0.6865,0.6865,chair,0,0,0,0,,frames/000166.jpg
5.4819,167,13.386109,13104.720694,56.38,56.33,2886.65,0,512,288,BGR888p,1352,1012,0,29996,143,-1,-1.0,5500,66.04,51.9,1,0.6963,0.6963,chair,0,0,0,0,,frames/000167.jpg
5.5152,168,13.419431,13104.754016,56.62,56.58,30.02,0,512,288,BGR888p,1352,1012,0,29996,143,-1,-1.0,5500,66.04,51.9,1,0.6934,0.6934,chair,0,0,0,0,,frames/000168.jpg
5.5817,169,13.452753,13104.787338,89.94,56.34,15.03,0,512,288,BGR888p,1352,1012,0,29996,143,-1,-1.0,5500,66.04,51.9,1,0.7144,0.7144,chair,0,0,0,0,,frames/000169.jpg
5.615,170,13.486075,13104.82066,89.89,56.58,30.06,0,512,288,BGR888p,1352,1012,0,29996,143,-1,-1.0,5500,66.04,51.9,1,0.6938,0.6938,chair,0,0,0,0,,frames/000170.jpg
5.6482,171,13.519396,13104.853982,89.64,56.53,30.14,0,512,288,BGR888p,1352,1012,0,29996,143,-1,-1.0,5500,66.04,51.9,1,0.7261,0.7261,chair,0,0,0,0,,frames/000171.jpg
5.6819,172,13.552718,13104.887303,90.0,56.28,29.68,0,512,288,BGR888p,1352,1012,0,29996,143,-1,-1.0,5500,66.04,51.9,1,0.7456,0.7456,chair,0,0,0,0,,frames/000172.jpg
5.6823,173,13.58604,13104.920625,56.69,56.62,2121.1,0,512,288,BGR888p,1352,1012,0,29996,143,-1,-1.0,5500,66.04,51.9,1,0.7227,0.7227,chair,0,0,0,0,,frames/000173.jpg
5.7153,174,13.619362,13104.953947,56.87,56.83,30.37,0,512,288,BGR888p,1352,1012,0,29996,143,-1,-1.0,5500,66.04,51.9,2,0.7607,0.6353,chair,1,0,0,0,,frames/000174.jpg
5.7483,175,13.652684,13104.987269,56.51,56.47,30.24,0,512,288,BGR888p,1352,1012,0,29996,143,-1,-1.0,5500,66.04,51.9,2,0.7417,0.6277,chair,1,0,0,0,,frames/000175.jpg
5.7818,176,13.686006,13105.020591,56.68,56.64,29.86,0,512,288,BGR888p,1352,1012,0,29996,143,-1,-1.0,5500,66.04,51.9,1,0.7168,0.7168,chair,0,0,0,0,,frames/000176.jpg
5.8149,177,13.719328,13105.053913,56.42,56.39,30.28,0,512,288,BGR888p,1352,1012,0,29996,143,-1,-1.0,5500,66.04,51.9,1,0.7402,0.7402,chair,0,0,0,0,,frames/000177.jpg
5.8486,178,13.75265,13105.087235,56.85,56.8,29.6,0,512,288,BGR888p,1352,1012,0,29996,143,-1,-1.0,5500,66.04,51.9,1,0.7734,0.7734,chair,0,0,0,0,,frames/000178.jpg
5.8818,179,13.785971,13105.120556,56.74,56.69,30.12,0,512,288,BGR888p,1352,1012,0,29996,143,-1,-1.0,5500,66.04,51.9,1,0.7422,0.7422,chair,0,0,0,0,,frames/000179.jpg
5.9148,180,13.819293,13105.153878,56.52,56.48,30.31,0,512,288,BGR888p,1352,1012,0,29996,143,-1,-1.0,5500,66.04,51.9,1,0.7603,0.7603,chair,0,0,0,0,,frames/000180.jpg
5.9486,181,13.852615,13105.1872,56.83,56.78,29.64,0,512,288,BGR888p,1352,1012,0,29996,143,-1,-1.0,5500,66.04,51.9,1,0.7603,0.7603,chair,0,0,0,0,,frames/000181.jpg
5.9817,182,13.885937,13105.220522,56.6,56.55,30.22,0,512,288,BGR888p,1352,1012,0,29996,143,-1,-1.0,5500,66.04,51.9,1,0.7646,0.7646,chair,0,0,0,0,,frames/000182.jpg
6.0147,183,13.919259,13105.253844,56.46,56.43,30.24,0,512,288,BGR888p,1352,1012,0,29996,143,-1,-1.0,5500,66.04,51.9,1,0.7769,0.7769,chair,0,0,0,0,,frames/000183.jpg
6.0486,184,13.952581,13105.287166,56.9,56.85,29.5,0,512,288,BGR888p,1352,1012,0,29996,143,-1,-1.0,5500,66.04,51.9,1,0.7539,0.7539,chair,0,0,0,0,,frames/000184.jpg
6.0814,185,13.985904,13105.320489,56.31,56.26,30.56,0,512,288,BGR888p,1352,1012,0,29996,143,-1,-1.0,5500,66.04,51.9,1,0.7363,0.7363,chair,0,0,0,0,,frames/000185.jpg
6.1482,186,14.019225,13105.35381,89.84,56.67,14.95,0,512,288,BGR888p,1352,1012,0,29996,143,-1,-1.0,5500,66.04,51.9,1,0.7593,0.7593,chair,0,0,0,0,,frames/000186.jpg
6.1816,187,14.052547,13105.387132,89.89,56.47,29.97,0,512,288,BGR888p,1352,1012,0,29996,143,-1,-1.0,5500,66.04,51.9,1,0.748,0.748,chair,0,0,0,0,,frames/000187.jpg
6.1821,188,14.08587,13105.420455,56.58,56.51,2150.35,0,512,288,BGR888p,1352,1012,0,29996,143,-1,-1.0,5500,66.04,51.9,1,0.7192,0.7192,chair,0,0,0,0,,frames/000188.jpg
6.2487,189,14.11919,13105.453775,90.29,56.7,15.02,0,512,288,BGR888p,1352,1012,0,29996,143,-1,-1.0,5500,66.04,51.9,1,0.7568,0.7568,chair,0,0,0,0,,frames/000189.jpg
6.2491,190,14.152512,13105.487097,56.99,56.91,2116.7,0,512,288,BGR888p,1352,1012,0,29996,143,-1,-1.0,5500,66.04,51.9,1,0.7495,0.7495,chair,0,0,0,0,,frames/000190.jpg
6.2814,191,14.185834,13105.520419,56.38,56.34,31.02,0,512,288,BGR888p,1352,1012,0,29996,143,-1,-1.0,5500,66.04,51.9,1,0.7314,0.7314,chair,0,0,0,0,,frames/000191.jpg
6.3149,192,14.219156,13105.553741,56.76,56.73,29.78,0,512,288,BGR888p,1352,1012,0,29996,143,-1,-1.0,5500,66.04,51.9,1,0.7568,0.7568,chair,0,0,0,0,,frames/000192.jpg
6.3484,193,14.252478,13105.587063,56.82,56.78,29.88,0,512,288,BGR888p,1352,1012,0,29996,143,-1,-1.0,5500,66.04,51.9,1,0.7881,0.7881,chair,0,0,0,0,,frames/000193.jpg
6.3815,194,14.2858,13105.620385,56.55,56.49,30.2,0,512,288,BGR888p,1352,1012,0,29996,143,-1,-1.0,5500,66.04,51.9,1,0.7632,0.7632,chair,0,0,0,0,,frames/000194.jpg
6.4152,195,14.319122,13105.653707,57.02,56.98,29.7,0,512,288,BGR888p,1352,1012,0,29996,143,-1,-1.0,5500,66.04,51.9,2,0.7661,0.6384,chair,1,0,0,0,,frames/000195.jpg
6.4485,196,14.352444,13105.687029,56.91,56.86,30.01,0,512,288,BGR888p,1352,1012,0,29996,143,-1,-1.0,5500,66.04,51.9,1,0.7764,0.7764,chair,0,0,0,0,,frames/000196.jpg
6.4815,197,14.385765,13105.72035,56.55,56.51,30.33,0,512,288,BGR888p,1352,1012,0,29996,143,-1,-1.0,5500,66.04,51.9,1,0.7476,0.7476,chair,0,0,0,0,,frames/000197.jpg
6.5148,198,14.419089,13105.753674,56.63,56.6,30.04,0,512,288,BGR888p,1352,1012,0,29996,143,-1,-1.0,5500,66.04,51.9,2,0.7729,0.6401,chair,1,0,0,0,,frames/000198.jpg
6.5484,199,14.452409,13105.786994,56.87,56.82,29.71,0,512,288,BGR888p,1352,1012,0,29996,143,-1,-1.0,5500,66.04,51.9,1,0.7598,0.7598,chair,0,0,0,0,,frames/000199.jpg
6.5819,200,14.485731,13105.820316,57.06,57.01,29.84,0,512,288,BGR888p,1352,1012,0,29996,143,-1,-1.0,5500,66.04,51.9,1,0.7607,0.7607,chair,0,0,0,0,,frames/000200.jpg
6.6148,201,14.519053,13105.853638,56.68,56.64,30.46,0,512,288,BGR888p,1352,1012,0,29996,143,-1,-1.0,5500,66.04,51.9,1,0.7603,0.7603,chair,0,0,0,0,,frames/000201.jpg
6.648,202,14.552375,13105.88696,56.47,56.43,30.11,0,512,288,BGR888p,1352,1012,0,29996,143,-1,-1.0,5500,66.04,51.9,1,0.7617,0.7617,chair,0,0,0,0,,frames/000202.jpg
6.6816,203,14.585697,13105.920282,56.78,56.73,29.73,0,512,288,BGR888p,1352,1012,0,29996,143,-1,-1.0,5500,66.04,51.9,1,0.7397,0.7397,chair,0,0,0,0,,frames/000203.jpg
6.7152,204,14.619019,13105.953604,57.16,57.13,29.74,0,512,288,BGR888p,1352,1012,0,29996,143,-1,-1.0,5500,66.04,51.9,2,0.7402,0.6232,chair,1,0,0,0,,frames/000204.jpg
6.7483,205,14.652341,13105.986926,56.84,56.8,30.22,0,512,288,BGR888p,1352,1012,0,29996,143,-1,-1.0,5500,66.04,51.9,2,0.7666,0.6399,chair,1,0,0,0,,frames/000205.jpg
6.7815,206,14.685662,13106.020247,56.68,56.63,30.15,0,512,288,BGR888p,1352,1012,0,29996,143,-1,-1.0,5500,66.04,51.9,1,0.7388,0.7388,chair,0,0,0,0,,frames/000206.jpg
6.8149,207,14.718984,13106.053569,56.82,56.78,29.91,0,512,288,BGR888p,1352,1012,0,29996,143,-1,-1.0,5500,66.04,51.9,2,0.7598,0.6362,chair,1,0,0,0,,frames/000207.jpg
6.8485,208,14.752307,13106.086893,56.97,56.93,29.83,0,512,288,BGR888p,1352,1012,0,29996,143,-1,-1.0,5500,66.04,51.9,2,0.7544,0.6297,chair,1,0,0,0,,frames/000208.jpg
6.8817,209,14.785628,13106.120213,56.91,56.87,30.09,0,512,288,BGR888p,1352,1012,0,29996,143,-1,-1.0,5500,66.04,51.9,2,0.75,0.6272,chair,1,0,0,0,,frames/000209.jpg
6.9149,210,14.81895,13106.153535,56.93,56.9,30.08,0,512,288,BGR888p,1352,1012,0,29996,143,-1,-1.0,5500,66.04,51.9,2,0.7603,0.6384,chair,1,0,0,0,,frames/000210.jpg
6.9478,211,14.852274,13106.186859,56.38,56.34,30.4,0,512,288,BGR888p,1352,1012,0,29996,143,-1,-1.0,5500,66.04,51.9,2,0.7583,0.6301,chair,1,0,0,0,,frames/000211.jpg
6.9816,212,14.885594,13106.220179,56.91,56.86,29.57,0,512,288,BGR888p,1352,1012,0,29996,143,-1,-1.0,5500,66.04,51.9,1,0.7773,0.7773,chair,0,0,0,0,,frames/000212.jpg
7.0148,213,14.918916,13106.253501,56.83,56.8,30.19,0,512,288,BGR888p,1352,1012,0,29996,143,-1,-1.0,5500,66.04,51.9,1,0.7598,0.7598,chair,0,0,0,0,,frames/000213.jpg
7.0483,214,14.952238,13106.286823,57.0,56.97,29.84,0,512,288,BGR888p,1352,1012,0,29996,143,-1,-1.0,5500,66.04,51.9,1,0.7642,0.7642,chair,0,0,0,0,,frames/000214.jpg
7.081,215,14.98556,13106.320145,56.36,56.31,30.6,0,512,288,BGR888p,1352,1012,0,29996,143,-1,-1.0,5500,66.04,51.9,1,0.7715,0.7715,chair,0,0,0,0,,frames/000215.jpg
7.1148,216,15.018881,13106.353467,56.89,56.86,29.55,0,512,288,BGR888p,1352,1012,0,29996,143,-1,-1.0,5500,66.04,51.9,1,0.7632,0.7632,chair,0,0,0,0,,frames/000216.jpg
7.1483,217,15.052203,13106.386788,57.02,56.99,29.89,0,512,288,BGR888p,1352,1012,0,29996,143,-1,-1.0,5500,66.04,51.9,1,0.7441,0.7441,chair,0,0,0,0,,frames/000217.jpg
7.1815,218,15.085525,13106.42011,56.97,56.93,30.07,0,512,288,BGR888p,1352,1012,0,29996,143,-1,-1.0,5500,66.04,51.9,1,0.7383,0.7383,chair,0,0,0,0,,frames/000218.jpg
7.2144,219,15.118847,13106.453432,56.57,56.53,30.37,0,512,288,BGR888p,1352,1012,0,29996,143,-1,-1.0,5500,66.04,51.9,1,0.7544,0.7544,chair,0,0,0,0,,frames/000219.jpg
7.2478,220,15.152169,13106.486754,56.66,56.64,29.94,0,512,288,BGR888p,1352,1012,0,29996,143,-1,-1.0,5500,66.04,51.9,1,0.7793,0.7793,chair,0,0,0,0,,frames/000220.jpg
7.3145,221,15.185491,13106.520076,89.96,56.82,15.0,0,512,288,BGR888p,1352,1012,0,29996,143,-1,-1.0,5500,66.04,51.9,1,0.7617,0.7617,chair,0,0,0,0,,frames/000221.jpg
7.3148,222,15.218813,13106.553398,56.65,56.59,2927.55,0,512,288,BGR888p,1352,1012,0,29996,143,-1,-1.0,5500,66.04,51.9,1,0.77,0.77,chair,0,0,0,0,,frames/000222.jpg
7.3477,223,15.252134,13106.586719,56.55,56.52,30.43,0,512,288,BGR888p,1352,1012,0,29996,143,-1,-1.0,5500,66.04,51.9,1,0.7568,0.7568,chair,0,0,0,0,,frames/000223.jpg
7.3814,224,15.285456,13106.620041,56.89,56.86,29.67,0,512,288,BGR888p,1352,1012,0,29996,143,-1,-1.0,5500,66.04,51.9,1,0.7256,0.7256,chair,0,0,0,0,,frames/000224.jpg
7.4144,225,15.31878,13106.653365,56.57,56.54,30.32,0,512,288,BGR888p,1352,1012,0,29996,143,-1,-1.0,5500,66.04,51.9,1,0.7212,0.7212,chair,0,0,0,0,,frames/000225.jpg
7.4483,226,15.3521,13106.687765,56.09,56.06,29.47,0,512,288,BGR888p,1352,1012,0,29996,143,-1,-1.0,5500,66.04,51.9,1,0.7075,0.7075,chair,0,0,0,0,,frames/000226.jpg
7.5147,227,15.385422,13106.721087,89.16,55.75,15.06,0,512,288,BGR888p,1352,1012,0,29996,143,-1,-1.0,5500,66.04,51.9,2,0.7261,0.6162,chair,1,0,0,0,,frames/000227.jpg
7.5151,228,15.418744,13106.754409,55.85,55.8,2768.25,0,512,288,BGR888p,1352,1012,0,29996,143,-1,-1.0,5500,66.04,51.9,2,0.7261,0.614,chair,1,0,0,0,,frames/000228.jpg
7.5483,229,15.452067,13106.787732,56.08,56.05,30.14,0,512,288,BGR888p,1352,1012,0,29996,143,-1,-1.0,5500,66.04,51.9,1,0.6948,0.6948,chair,0,0,0,0,,frames/000229.jpg
7.6144,230,15.485388,13106.821053,88.85,55.78,15.12,0,512,288,BGR888p,1352,1012,0,29996,143,-1,-1.0,5500,66.04,51.9,1,0.7002,0.7002,chair,0,0,0,0,,frames/000230.jpg
7.648,231,15.518709,13106.854374,89.2,55.49,29.72,0,512,288,BGR888p,1352,1012,0,29996,143,-1,-1.0,5500,66.04,51.9,2,0.7114,0.6142,chair,1,0,0,0,,frames/000231.jpg
7.6484,232,15.552031,13106.887696,55.89,55.85,2702.56,0,512,288,BGR888p,1352,1012,0,29996,143,-1,-1.0,5500,66.04,51.9,2,0.7036,0.6079,chair,1,0,0,0,,frames/000232.jpg
7.6815,233,15.585353,13106.921018,56.02,55.98,30.24,0,512,288,BGR888p,1352,1012,0,29996,143,-1,-1.0,5500,66.04,51.9,2,0.7144,0.6194,chair,1,0,0,0,,frames/000233.jpg
7.7476,234,15.618675,13106.95434,88.83,55.48,15.11,0,512,288,BGR888p,1352,1012,0,29996,143,-1,-1.0,5500,66.04,51.9,2,0.7002,0.6059,chair,1,0,0,0,,frames/000234.jpg
7.748,235,15.651998,13106.987663,55.52,55.47,2850.53,0,512,288,BGR888p,1352,1012,0,29996,143,-1,-1.0,5500,66.04,51.9,1,0.6699,0.6699,chair,0,0,0,0,,frames/000235.jpg
7.7814,236,15.685319,13107.020984,55.99,55.95,29.91,0,512,288,BGR888p,1352,1012,0,29996,143,-1,-1.0,5500,66.04,51.9,1,0.6992,0.6992,chair,0,0,0,0,,frames/000236.jpg
7.8147,237,15.718641,13107.054306,55.89,55.86,30.05,0,512,288,BGR888p,1352,1012,0,29996,143,-1,-1.0,5500,66.04,51.9,1,0.6685,0.6685,chair,0,0,0,0,,frames/000237.jpg
7.8813,238,15.751965,13107.08763,89.22,55.82,15.01,0,512,288,BGR888p,1352,1012,0,29996,143,-1,-1.0,5500,66.04,51.9,1,0.708,0.708,chair,0,0,0,0,,frames/000238.jpg
7.9149,239,15.785287,13107.120952,89.36,55.87,29.74,0,512,288,BGR888p,1352,1012,0,29996,143,-1,-1.0,5500,66.04,51.9,2,0.731,0.6189,chair,1,0,0,0,,frames/000239.jpg
7.9479,240,15.818607,13107.154272,89.15,55.99,30.35,0,512,288,BGR888p,1352,1012,0,29996,143,-1,-1.0,5500,66.04,51.9,1,0.7163,0.7163,chair,0,0,0,0,,frames/000240.jpg
7.9483,241,15.851928,13107.187593,55.84,55.78,2723.32,0,512,288,BGR888p,1352,1012,0,29996,143,-1,-1.0,5500,66.04,51.9,1,0.73,0.73,chair,0,0,0,0,,frames/000241.jpg
7.9814,242,15.88525,13107.220915,55.97,55.92,30.21,0,512,288,BGR888p,1352,1012,0,29996,143,-1,-1.0,5500,66.04,51.9,2,0.6987,0.5994,chair,0,0,0,0,,frames/000242.jpg
8.0148,243,15.918572,13107.254237,56.1,56.06,29.92,0,512,288,BGR888p,1352,1012,0,29996,143,-1,-1.0,5500,66.04,51.9,1,0.7183,0.7183,chair,0,0,0,0,,frames/000243.jpg
8.0481,244,15.951894,13107.287559,56.06,56.01,30.05,0,512,288,BGR888p,1352,1012,0,29996,143,-1,-1.0,5500,66.04,51.9,1,0.6992,0.6992,chair,0,0,0,0,,frames/000244.jpg
8.0812,245,15.985216,13107.320881,55.82,55.78,30.21,0,512,288,BGR888p,1352,1012,0,29996,143,-1,-1.0,5500,66.04,51.9,1,0.7246,0.7246,chair,0,0,0,0,,frames/000245.jpg
8.1479,246,16.018538,13107.354203,89.22,55.47,14.99,0,512,288,BGR888p,1352,1012,0,29996,143,-1,-1.0,5500,66.04,51.9,1,0.7188,0.7188,chair,0,0,0,0,,frames/000246.jpg
8.1482,247,16.05186,13107.387525,55.91,55.83,2803.51,0,512,288,BGR888p,1352,1012,0,29996,143,-1,-1.0,5500,66.04,51.9,1,0.7261,0.7261,chair,0,0,0,0,,frames/000247.jpg
8.1809,248,16.085185,13107.420849,55.56,55.52,30.64,0,512,288,BGR888p,1352,1012,0,29996,143,-1,-1.0,5500,66.04,51.9,3,0.7231,0.5749,chair,1,0,0,0,,frames/000248.jpg
8.2146,249,16.118504,13107.454169,56.02,55.98,29.61,0,512,288,BGR888p,1352,1012,0,29996,143,-1,-1.0,5500,66.04,51.9,2,0.7139,0.6069,chair,1,0,0,0,,frames/000249.jpg
8.2481,250,16.151825,13107.48749,56.14,56.12,29.93,0,512,288,BGR888p,1352,1012,0,29996,143,-1,-1.0,5500,66.04,51.9,1,0.6953,0.6953,chair,0,0,0,0,,frames/000250.jpg
8.3145,251,16.185147,13107.520812,89.27,55.85,15.04,0,512,288,BGR888p,1352,1012,0,29996,143,-1,-1.0,5500,66.04,51.9,1,0.6816,0.6816,chair,0,0,0,0,,frames/000251.jpg
8.3478,252,16.21847,13107.554134,89.16,55.9,30.09,0,512,288,BGR888p,1352,1012,0,29996,143,-1,-1.0,5500,66.04,51.9,2,0.7124,0.6072,chair,0,0,0,0,,frames/000252.jpg
8.3481,253,16.251791,13107.587456,55.86,55.79,2655.66,0,512,288,BGR888p,1352,1012,0,29996,143,-1,-1.0,5500,66.04,51.9,2,0.709,0.605,chair,1,0,0,0,,frames/000253.jpg
8.3815,254,16.285113,13107.620778,56.28,56.23,29.97,0,512,288,BGR888p,1352,1012,0,29996,143,-1,-1.0,5500,66.04,51.9,2,0.7065,0.6038,chair,1,0,0,0,,frames/000254.jpg
8.4145,255,16.318437,13107.654102,55.95,55.89,30.33,0,512,288,BGR888p,1352,1012,0,29996,143,-1,-1.0,5500,66.04,51.9,1,0.7061,0.7061,chair,0,0,0,0,,frames/000255.jpg
8.4478,256,16.351757,13107.687421,55.95,55.92,30.0,0,512,288,BGR888p,1352,1012,0,29996,143,-1,-1.0,5500,66.04,51.9,1,0.6875,0.6875,chair,0,0,0,0,,frames/000256.jpg
8.5145,257,16.385079,13107.720744,89.33,55.97,14.99,0,512,288,BGR888p,1352,1012,0,29996,143,-1,-1.0,5500,66.04,51.9,1,0.7017,0.7017,chair,0,0,0,0,,frames/000257.jpg
8.5149,258,16.4184,13107.754065,56.02,55.94,2913.01,0,512,288,BGR888p,1352,1012,0,29996,143,-1,-1.0,5500,66.04,51.9,1,0.6899,0.6899,chair,0,0,0,0,,frames/000258.jpg
8.5479,259,16.451722,13107.787387,56.04,56.0,30.32,0,512,288,BGR888p,1352,1012,0,29996,143,-1,-1.0,5500,66.04,51.9,1,0.6953,0.6953,chair,0,0,0,0,,frames/000259.jpg
8.5812,260,16.485044,13107.820709,55.99,55.94,30.04,0,512,288,BGR888p,1352,1012,0,29996,143,-1,-1.0,5500,66.04,51.9,1,0.6846,0.6846,chair,0,0,0,0,,frames/000260.jpg
8.6485,261,16.518366,13107.854031,89.48,55.66,14.84,0,512,288,BGR888p,1352,1012,0,29996,143,-1,-1.0,5500,66.04,51.9,1,0.6904,0.6904,chair,0,0,0,0,,frames/000261.jpg
8.6494,262,16.551688,13107.887353,56.19,56.08,1110.48,0,512,288,BGR888p,1352,1012,0,29996,143,-1,-1.0,5500,66.04,51.9,1,0.7383,0.7383,chair,0,0,0,0,,frames/000262.jpg
8.6814,263,16.58501,13107.920675,56.26,56.22,31.3,0,512,288,BGR888p,1352,1012,0,29996,143,-1,-1.0,5500,66.04,51.9,1,0.728,0.728,chair,0,0,0,0,,frames/000263.jpg
8.7144,264,16.618332,13107.953997,55.93,55.9,30.32,0,512,288,BGR888p,1352,1012,0,29996,143,-1,-1.0,5500,66.04,51.9,1,0.6685,0.6685,chair,0,0,0,0,,frames/000264.jpg
8.7808,265,16.651654,13107.987319,89.0,55.82,15.06,0,512,288,BGR888p,1352,1012,0,29996,143,-1,-1.0,5500,66.04,51.9,1,0.7051,0.7051,chair,0,0,0,0,,frames/000265.jpg
8.8139,266,16.684976,13108.02064,88.71,55.63,30.21,0,512,288,BGR888p,1352,1012,0,29996,143,-1,-1.0,5500,66.04,51.9,1,0.6558,0.6558,chair,0,0,0,0,,frames/000266.jpg
8.8142,267,16.718298,13108.053962,55.4,55.36,2794.62,0,512,288,BGR888p,1352,1012,0,29996,143,-1,-1.0,5500,66.04,51.9,1,0.6748,0.6748,chair,0,0,0,0,,frames/000267.jpg
8.881,268,16.751619,13108.087284,89.31,55.93,14.97,0,512,288,BGR888p,1352,1012,0,29996,143,-1,-1.0,5500,66.04,51.9,1,0.6699,0.6699,chair,0,0,0,0,,frames/000268.jpg
8.914,269,16.784941,13108.120606,88.95,55.95,30.34,0,512,288,BGR888p,1352,1012,0,29996,143,-1,-1.0,5500,66.04,51.9,2,0.6855,0.5952,chair,1,0,0,0,,frames/000269.jpg
8.9478,270,16.818263,13108.153928,89.39,55.6,29.57,0,512,288,BGR888p,1352,1012,0,29996,143,-1,-1.0,5500,66.04,51.9,2,0.6807,0.5953,chair,1,0,0,0,,frames/000270.jpg
8.9482,271,16.851585,13108.18725,56.08,56.02,2545.7,0,512,288,BGR888p,1352,1012,0,29996,143,-1,-1.0,5500,66.04,51.9,2,0.6699,0.5869,chair,1,0,0,0,,frames/000271.jpg
8.9812,272,16.884907,13108.220572,56.04,55.99,30.33,0,512,288,BGR888p,1352,1012,0,29996,143,-1,-1.0,5500,66.04,51.9,2,0.6675,0.591,chair,1,0,0,0,,frames/000272.jpg
9.0478,273,16.918229,13108.253894,89.46,56.03,15.0,0,512,288,BGR888p,1352,1012,0,29996,143,-1,-1.0,5500,66.04,51.9,2,0.7178,0.6238,chair,1,0,0,0,,frames/000273.jpg
9.0482,274,16.951551,13108.287216,56.15,56.1,2678.55,0,512,288,BGR888p,1352,1012,0,29996,143,-1,-1.0,5500,66.04,51.9,2,0.731,0.6306,chair,1,0,0,0,,frames/000274.jpg
9.0809,275,16.984873,13108.320537,55.79,55.75,30.58,0,512,288,BGR888p,1352,1012,0,29996,143,-1,-1.0,5500,66.04,51.9,2,0.7222,0.6216,chair,1,0,0,0,,frames/000275.jpg
9.1478,276,17.018195,13108.353859,89.47,55.91,14.95,0,512,288,BGR888p,1352,1012,0,29996,143,-1,-1.0,5500,66.04,51.9,1,0.7368,0.7368,chair,0,0,0,0,,frames/000276.jpg
9.1481,277,17.051516,13108.387181,56.16,56.11,2821.26,0,512,288,BGR888p,1352,1012,0,29996,143,-1,-1.0,5500,66.04,51.9,1,0.7456,0.7456,chair,0,0,0,0,,frames/000277.jpg
9.1813,278,17.084838,13108.420503,56.17,56.11,30.19,0,512,288,BGR888p,1352,1012,0,29996,143,-1,-1.0,5500,66.04,51.9,2,0.7456,0.627,chair,1,0,0,0,,frames/000278.jpg
9.2143,279,17.11816,13108.453825,55.87,55.82,30.3,0,512,288,BGR888p,1352,1012,0,29996,143,-1,-1.0,5500,66.04,51.9,2,0.7563,0.6369,chair,1,0,0,0,,frames/000279.jpg
9.248,280,17.151482,13108.487147,56.37,56.34,29.68,0,512,288,BGR888p,1352,1012,0,29996,143,-1,-1.0,5500,66.04,51.9,2,0.7139,0.6142,chair,1,0,0,0,,frames/000280.jpg
9.2812,281,17.184804,13108.520469,56.26,56.23,30.09,0,512,288,BGR888p,1352,1012,0,29996,143,-1,-1.0,5500,66.04,51.9,2,0.7144,0.6177,chair,1,0,0,0,,frames/000281.jpg
9.3478,282,17.218126,13108.553791,89.57,56.11,15.01,0,512,288,BGR888p,1352,1012,0,29996,143,-1,-1.0,5500,66.04,51.9,2,0.7163,0.6142,chair,1,0,0,0,,frames/000282.jpg
9.3482,283,17.251448,13108.587112,56.26,56.2,2700.26,0,512,288,BGR888p,1352,1012,0,29996,143,-1,-1.0,5500,66.04,51.9,2,0.7173,0.6131,chair,1,0,0,0,,frames/000283.jpg
9.3807,284,17.28477,13108.620435,55.87,55.84,30.74,0,512,288,BGR888p,1352,1012,0,29996,143,-1,-1.0,5500,66.04,51.9,1,0.7402,0.7402,chair,0,0,0,0,,frames/000284.jpg
9.4143,285,17.318092,13108.653757,56.05,56.01,29.8,0,512,288,BGR888p,1352,1012,0,29996,143,-1,-1.0,5500,66.04,51.9,2,0.7251,0.6201,chair,1,0,0,0,,frames/000285.jpg
9.4472,286,17.351413,13108.687078,55.65,55.62,30.39,0,512,288,BGR888p,1352,1012,0,29996,143,-1,-1.0,5500,66.04,51.9,1,0.6948,0.6948,chair,0,0,0,0,,frames/000286.jpg
9.4807,287,17.384735,13108.7204,55.9,55.86,29.8,0,512,288,BGR888p,1352,1012,0,29996,143,-1,-1.0,5500,66.04,51.9,1,0.7334,0.7334,chair,0,0,0,0,,frames/000287.jpg
9.514,288,17.418057,13108.753722,55.83,55.79,30.07,0,512,288,BGR888p,1352,1012,0,29996,143,-1,-1.0,5500,66.04,51.9,1,0.6904,0.6904,chair,0,0,0,0,,frames/000288.jpg
9.5477,289,17.451379,13108.787044,56.25,56.21,29.63,0,512,288,BGR888p,1352,1012,0,29996,143,-1,-1.0,5500,66.04,51.9,2,0.7222,0.6125,chair,1,0,0,0,,frames/000289.jpg
9.5811,290,17.484701,13108.820366,56.26,56.23,30.01,0,512,288,BGR888p,1352,1012,0,29996,143,-1,-1.0,5500,66.04,51.9,1,0.7251,0.7251,chair,0,0,0,0,,frames/000290.jpg
9.6143,291,17.518023,13108.853688,56.13,56.09,30.11,0,512,288,BGR888p,1352,1012,0,29996,143,-1,-1.0,5500,66.04,51.9,2,0.7451,0.625,chair,1,0,0,0,,frames/000291.jpg
9.6476,292,17.551345,13108.887009,56.16,56.13,30.0,0,512,288,BGR888p,1352,1012,0,29996,143,-1,-1.0,5500,66.04,51.9,1,0.7017,0.7017,chair,0,0,0,0,,frames/000292.jpg
9.681,293,17.584666,13108.920331,56.24,56.21,29.96,0,512,288,BGR888p,1352,1012,0,29996,143,-1,-1.0,5500,66.04,51.9,1,0.6753,0.6753,chair,0,0,0,0,,frames/000293.jpg
9.7143,294,17.617988,13108.953653,56.19,56.16,30.03,0,512,288,BGR888p,1352,1012,0,29996,143,-1,-1.0,5500,66.04,51.9,1,0.6958,0.6958,chair,0,0,0,0,,frames/000294.jpg
9.7476,295,17.65131,13108.986975,56.22,56.19,29.98,0,512,288,BGR888p,1352,1012,0,29996,143,-1,-1.0,5500,66.04,51.9,1,0.6875,0.6875,chair,0,0,0,0,,frames/000295.jpg
9.781,296,17.684632,13109.020297,56.23,56.19,30.01,0,512,288,BGR888p,1352,1012,0,29996,143,-1,-1.0,5500,66.04,51.9,1,0.6558,0.6558,chair,0,0,0,0,,frames/000296.jpg
9.8478,297,17.717954,13109.053619,89.76,56.29,14.96,0,512,288,BGR888p,1352,1012,0,29996,143,-1,-1.0,5500,66.04,51.9,1,0.6792,0.6792,chair,0,0,0,0,,frames/000297.jpg
9.8482,298,17.751277,13109.086942,56.45,56.41,2783.1,0,512,288,BGR888p,1352,1012,0,29996,143,-1,-1.0,5500,66.04,51.9,1,0.7188,0.7188,chair,0,0,0,0,,frames/000298.jpg
9.8811,299,17.784598,13109.120263,56.38,56.34,30.4,0,512,288,BGR888p,1352,1012,0,29996,143,-1,-1.0,5500,66.04,51.9,1,0.6958,0.6958,chair,0,0,0,0,,frames/000299.jpg
9.9143,300,17.81792,13109.153585,56.27,56.23,30.1,0,512,288,BGR888p,1352,1012,0,29996,143,-1,-1.0,5500,66.04,51.9,1,0.6826,0.6826,chair,0,0,0,0,,frames/000300.jpg
9.9472,301,17.851242,13109.186907,55.85,55.82,30.37,0,512,288,BGR888p,1352,1012,0,29996,143,-1,-1.0,5500,66.04,51.9,1,0.7192,0.7192,chair,0,0,0,0,,frames/000301.jpg
9.9809,302,17.884564,13109.220229,56.26,56.23,29.67,0,512,288,BGR888p,1352,1012,0,29996,143,-1,-1.0,5500,66.04,51.9,1,0.7451,0.7451,chair,0,0,0,0,,frames/000302.jpg
10.015,303,17.917885,13109.25355,56.53,56.42,29.32,0,512,288,BGR888p,1352,1012,0,29996,143,-1,-1.0,5500,66.04,51.9,1,0.7485,0.7485,chair,0,0,0,0,,frames/000303.jpg
10.0479,304,17.951207,13109.286872,56.39,56.34,30.48,0,512,288,BGR888p,1352,1012,0,29996,143,-1,-1.0,5500,66.04,51.9,1,0.7305,0.7305,chair,0,0,0,0,,frames/000304.jpg
10.081,305,17.984529,13109.320194,56.36,56.32,30.17,0,512,288,BGR888p,1352,1012,0,29996,143,-1,-1.0,5500,66.04,51.9,1,0.7432,0.7432,chair,0,0,0,0,,frames/000305.jpg
10.1137,306,18.017851,13109.353516,55.69,55.66,30.62,0,512,288,BGR888p,1352,1012,0,29996,143,-1,-1.0,5500,66.04,51.9,1,0.771,0.771,chair,0,0,0,0,,frames/000306.jpg
10.1809,307,18.051173,13109.386838,89.56,55.8,14.88,0,512,288,BGR888p,1352,1012,0,29996,143,-1,-1.0,5500,66.04,51.9,1,0.7661,0.7661,chair,0,0,0,0,,frames/000307.jpg
10.1812,308,18.084495,13109.42016,56.25,56.2,2711.88,0,512,288,BGR888p,1352,1012,0,29996,143,-1,-1.0,5500,66.04,51.9,2,0.7725,0.648,chair,1,0,0,0,,frames/000308.jpg
10.2137,309,18.117817,13109.453482,55.79,55.75,30.78,0,512,288,BGR888p,1352,1012,0,29996,143,-1,-1.0,5500,66.04,51.9,1,0.77,0.77,chair,0,0,0,0,,frames/000309.jpg
10.2474,310,18.151139,13109.486803,56.13,56.1,29.7,0,512,288,BGR888p,1352,1012,0,29996,143,-1,-1.0,5500,66.04,51.9,1,0.7476,0.7476,chair,0,0,0,0,,frames/000310.jpg
10.281,311,18.18446,13109.520125,56.41,56.38,29.76,0,512,288,BGR888p,1352,1012,0,29996,143,-1,-1.0,5500,66.04,51.9,2,0.7051,0.603,chair,0,0,0,0,,frames/000311.jpg
10.3138,312,18.217782,13109.553447,55.93,55.9,30.46,0,512,288,BGR888p,1352,1012,0,29996,143,-1,-1.0,5500,66.04,51.9,1,0.7124,0.7124,chair,0,0,0,0,,frames/000312.jpg
10.3476,313,18.251104,13109.586769,56.42,56.38,29.58,0,512,288,BGR888p,1352,1012,0,29996,143,-1,-1.0,5500,66.04,51.9,1,0.7251,0.7251,chair,0,0,0,0,,frames/000313.jpg
10.4141,314,18.284426,13109.620091,89.57,56.24,15.04,0,512,288,BGR888p,1352,1012,0,29996,143,-1,-1.0,5500,66.04,51.9,1,0.7295,0.7295,chair,0,0,0,0,,frames/000314.jpg
10.4145,315,18.317748,13109.653413,56.26,56.2,2888.94,0,512,288,BGR888p,1352,1012,0,29996,143,-1,-1.0,5500,66.04,51.9,1,0.7212,0.7212,chair,0,0,0,0,,frames/000315.jpg
10.4476,316,18.35107,13109.686735,56.37,56.34,30.23,0,512,288,BGR888p,1352,1012,0,29996,143,-1,-1.0,5500,66.04,51.9,2,0.7285,0.615,chair,1,0,0,0,,frames/000316.jpg
10.4808,317,18.384392,13109.720057,56.28,56.25,30.13,0,512,288,BGR888p,1352,1012,0,29996,143,-1,-1.0,5500,66.04,51.9,1,0.7119,0.7119,chair,0,0,0,0,,frames/000317.jpg
10.5139,318,18.417715,13109.75338,56.07,56.04,30.17,0,512,288,BGR888p,1352,1012,0,29996,143,-1,-1.0,5500,66.04,51.9,1,0.7163,0.7163,chair,0,0,0,0,,frames/000318.jpg
10.5474,319,18.451035,13109.7867,56.24,56.2,29.86,0,512,288,BGR888p,1352,1012,0,29996,143,-1,-1.0,5500,66.04,51.9,1,0.7124,0.7124,chair,0,0,0,0,,frames/000319.jpg
10.614,320,18.484357,13109.820022,89.5,56.29,15.02,0,512,288,BGR888p,1352,1012,0,29996,143,-1,-1.0,5500,66.04,51.9,1,0.7114,0.7114,chair,0,0,0,0,,frames/000320.jpg
10.6143,321,18.517679,13109.853344,56.19,56.14,2800.5,0,512,288,BGR888p,1352,1012,0,29996,143,-1,-1.0,5500,66.04,51.9,1,0.6885,0.6885,chair,0,0,0,0,,frames/000321.jpg
10.6475,322,18.551001,13109.886666,56.37,56.33,30.16,0,512,288,BGR888p,1352,1012,0,29996,143,-1,-1.0,5500,66.04,51.9,2,0.7217,0.6148,chair,1,0,0,0,,frames/000322.jpg
10.7141,323,18.584323,13109.919988,89.68,56.12,15.0,0,512,288,BGR888p,1352,1012,0,29996,143,-1,-1.0,5500,66.04,51.9,1,0.645,0.645,chair,0,0,0,0,,frames/000323.jpg
10.7145,324,18.617645,13109.95331,56.37,56.32,2829.46,0,512,288,BGR888p,1352,1012,0,29996,143,-1,-1.0,5500,66.04,51.9,2,0.7114,0.6106,chair,1,0,0,0,,frames/000324.jpg
10.7474,325,18.650969,13109.986634,56.27,56.23,30.41,0,512,288,BGR888p,1352,1012,0,29996,143,-1,-1.0,5500,66.04,51.9,2,0.7373,0.6262,chair,1,0,0,0,,frames/000325.jpg
10.8139,326,18.684289,13110.019954,89.46,55.79,15.02,0,512,288,BGR888p,1352,1012,0,29996,143,-1,-1.0,5500,66.04,51.9,2,0.6875,0.5987,chair,1,0,0,0,,frames/000326.jpg
10.8473,327,18.717611,13110.053276,89.56,56.1,29.99,0,512,288,BGR888p,1352,1012,0,29996,143,-1,-1.0,5500,66.04,51.9,2,0.7148,0.6218,chair,1,0,0,0,,frames/000327.jpg
10.8476,328,18.750934,13110.086599,56.24,56.2,2859.67,0,512,288,BGR888p,1352,1012,0,29996,143,-1,-1.0,5500,66.04,51.9,2,0.6836,0.5948,chair,0,0,0,0,,frames/000328.jpg
10.8808,329,18.784257,13110.119922,56.45,56.41,30.13,0,512,288,BGR888p,1352,1012,0,29996,143,-1,-1.0,5500,66.04,51.9,2,0.6924,0.6023,chair,1,0,0,0,,frames/000329.jpg
10.914,330,18.817576,13110.153241,56.27,56.24,30.18,0,512,288,BGR888p,1352,1012,0,29996,143,-1,-1.0,5500,66.04,51.9,1,0.688,0.688,chair,0,0,0,0,,frames/000330.jpg
10.9807,331,18.850898,13110.186563,89.7,56.15,14.98,0,512,288,BGR888p,1352,1012,0,29996,143,-1,-1.0,5500,66.04,51.9,1,0.709,0.709,chair,0,0,0,0,,frames/000331.jpg
11.0141,332,18.88422,13110.219885,89.75,56.34,29.95,0,512,288,BGR888p,1352,1012,0,29996,143,-1,-1.0,5500,66.04,51.9,2,0.7095,0.6114,chair,1,0,0,0,,frames/000332.jpg
11.0145,333,18.917542,13110.253207,56.44,56.39,2783.78,0,512,288,BGR888p,1352,1012,0,29996,143,-1,-1.0,5500,66.04,51.9,2,0.6973,0.6026,chair,1,0,0,0,,frames/000333.jpg
11.0808,334,18.950864,13110.286529,89.78,55.87,15.08,0,512,288,BGR888p,1352,1012,0,29996,143,-1,-1.0,5500,66.04,51.9,2,0.6919,0.6089,chair,1,0,0,0,,frames/000334.jpg
11.1139,335,18.984186,13110.319851,89.61,56.42,30.16,0,512,288,BGR888p,1352,1012,0,29996,143,-1,-1.0,5500,66.04,51.9,2,0.6978,0.602,chair,1,0,0,0,,frames/000335.jpg
11.1143,336,19.017508,13110.353173,56.3,56.25,2681.12,0,512,288,BGR888p,1352,1012,0,29996,143,-1,-1.0,5500,66.04,51.9,2,0.7202,0.6103,chair,1,0,0,0,,frames/000336.jpg
11.1473,337,19.05083,13110.386495,56.33,56.3,30.34,0,512,288,BGR888p,1352,1012,0,29996,143,-1,-1.0,5500,66.04,51.9,1,0.6802,0.6802,chair,0,0,0,0,,frames/000337.jpg
11.1803,338,19.084153,13110.419818,56.02,55.99,30.27,0,512,288,BGR888p,1352,1012,0,29996,143,-1,-1.0,5500,66.04,51.9,2,0.7495,0.6277,chair,1,0,0,0,,frames/000338.jpg
11.2139,339,19.117474,13110.453138,56.33,56.29,29.76,0,512,288,BGR888p,1352,1012,0,29996,143,-1,-1.0,5500,66.04,51.9,1,0.7197,0.7197,chair,0,0,0,0,,frames/000339.jpg
11.254,340,19.150795,13110.48646,63.12,63.08,24.93,0,512,288,BGR888p,1352,1012,0,29996,143,-1,-1.0,5500,66.04,51.9,1,0.7119,0.7119,chair,0,0,0,0,,frames/000340.jpg
11.2806,341,19.184117,13110.519782,56.44,56.41,37.56,0,512,288,BGR888p,1352,1012,0,29996,143,-1,-1.0,5500,66.04,51.9,1,0.7163,0.7163,chair,0,0,0,0,,frames/000341.jpg
11.3472,342,19.21744,13110.553105,89.62,56.23,15.03,0,512,288,BGR888p,1352,1012,0,29996,143,-1,-1.0,5500,66.04,51.9,1,0.7524,0.7524,chair,0,0,0,0,,frames/000342.jpg
11.3475,343,19.250761,13110.586426,56.31,56.27,2883.16,0,512,288,BGR888p,1352,1012,0,29996,143,-1,-1.0,5500,66.04,51.9,1,0.7271,0.7271,chair,0,0,0,0,,frames/000343.jpg
11.3807,344,19.284083,13110.619748,56.56,56.53,30.14,0,512,288,BGR888p,1352,1012,0,29996,143,-1,-1.0,5500,66.04,51.9,1,0.7397,0.7397,chair,0,0,0,0,,frames/000344.jpg
11.4135,345,19.317405,13110.65307,55.96,55.92,30.53,0,512,288,BGR888p,1352,1012,0,29996,143,-1,-1.0,5500,66.04,51.9,1,0.7324,0.7324,chair,0,0,0,0,,frames/000345.jpg
11.4808,346,19.350727,13110.686392,89.9,55.92,14.87,0,512,288,BGR888p,1352,1012,0,29996,143,-1,-1.0,5500,66.04,51.9,1,0.7427,0.7427,chair,0,0,0,0,,frames/000346.jpg
11.4811,347,19.384048,13110.719713,56.59,56.53,2721.19,0,512,288,BGR888p,1352,1012,0,29996,143,-1,-1.0,5500,66.04,51.9,2,0.7144,0.6089,chair,1,0,0,0,,frames/000347.jpg
11.5138,348,19.41737,13110.753035,56.34,56.31,30.57,0,512,288,BGR888p,1352,1012,0,29996,143,-1,-1.0,5500,66.04,51.9,2,0.7197,0.611,chair,1,0,0,0,,frames/000348.jpg
11.5806,349,19.450692,13110.786357,89.8,55.94,14.97,0,512,288,BGR888p,1352,1012,0,29996,143,-1,-1.0,5500,66.04,51.9,1,0.7163,0.7163,chair,0,0,0,0,,frames/000349.jpg
11.6138,350,19.484014,13110.819679,89.66,56.44,30.13,0,512,288,BGR888p,1352,1012,0,29996,143,-1,-1.0,5500,66.04,51.9,2,0.7021,0.6064,chair,1,0,0,0,,frames/000350.jpg
11.6142,351,19.517336,13110.853001,56.35,56.31,2776.8,0,512,288,BGR888p,1352,1012,0,29996,143,-1,-1.0,5500,66.04,51.9,1,0.7183,0.7183,chair,0,0,0,0,,frames/000351.jpg
11.6472,352,19.550658,13110.886323,56.43,56.39,30.26,0,512,288,BGR888p,1352,1012,0,29996,143,-1,-1.0,5500,66.04,51.9,1,0.6831,0.6831,chair,0,0,0,0,,frames/000352.jpg
11.6804,353,19.58398,13110.919645,56.33,56.3,30.11,0,512,288,BGR888p,1352,1012,0,29996,143,-1,-1.0,5500,66.04,51.9,1,0.6929,0.6929,chair,0,0,0,0,,frames/000353.jpg
11.7471,354,19.617302,13110.952967,89.7,56.32,14.99,0,512,288,BGR888p,1352,1012,0,29996,143,-1,-1.0,5500,66.04,51.9,1,0.6982,0.6982,chair,0,0,0,0,,frames/000354.jpg
11.7475,355,19.650624,13110.986289,56.39,56.35,2811.4,0,512,288,BGR888p,1352,1012,0,29996,143,-1,-1.0,5500,66.04,51.9,2,0.7119,0.6099,chair,1,0,0,0,,frames/000355.jpg
11.8138,356,19.683946,13111.019611,89.68,56.32,15.07,0,512,288,BGR888p,1352,1012,0,29996,143,-1,-1.0,5500,66.04,51.9,2,0.7495,0.6303,chair,1,0,0,0,,frames/000356.jpg
11.8142,357,19.717267,13111.052932,56.37,56.32,2628.0,0,512,288,BGR888p,1352,1012,0,29996,143,-1,-1.0,5500,66.04,51.9,2,0.7344,0.6179,chair,1,0,0,0,,frames/000357.jpg
11.8806,358,19.75059,13111.086255,89.91,56.47,15.06,0,512,288,BGR888p,1352,1012,0,29996,143,-1,-1.0,5500,66.04,51.9,2,0.707,0.6055,chair,1,0,0,0,,frames/000358.jpg
11.881,359,19.783912,13111.119577,56.6,56.54,2819.42,0,512,288,BGR888p,1352,1012,0,29996,143,-1,-1.0,5500,66.04,51.9,1,0.7158,0.7158,chair,0,0,0,0,,frames/000359.jpg
11.9139,360,19.817233,13111.152898,56.56,56.53,30.39,0,512,288,BGR888p,1352,1012,0,29996,143,-1,-1.0,5500,66.04,51.9,1,0.6807,0.6807,chair,0,0,0,0,,frames/000360.jpg
11.9472,361,19.850555,13111.18622,56.52,56.49,30.03,0,512,288,BGR888p,1352,1012,0,29996,143,-1,-1.0,5500,66.04,51.9,1,0.6899,0.6899,chair,0,0,0,0,,frames/000361.jpg
12.0138,362,19.883877,13111.219542,89.82,56.26,15.01,0,512,288,BGR888p,1352,1012,0,29996,143,-1,-1.0,5500,66.04,51.9,1,0.6865,0.6865,chair,0,0,0,0,,frames/000362.jpg
12.0467,363,19.917199,13111.252864,89.4,56.46,30.4,0,512,288,BGR888p,1352,1012,0,29996,143,-1,-1.0,5500,66.04,51.9,1,0.6904,0.6904,chair,0,0,0,0,,frames/000363.jpg
12.0805,364,19.95052,13111.286185,89.85,56.04,29.58,0,512,288,BGR888p,1352,1012,0,29996,143,-1,-1.0,5500,66.04,51.9,2,0.7031,0.615,chair,1,0,0,0,,frames/000364.jpg
12.0809,365,19.983842,13111.319507,56.54,56.48,2731.56,0,512,288,BGR888p,1352,1012,0,29996,143,-1,-1.0,5500,66.04,51.9,2,0.7251,0.6228,chair,1,0,0,0,,frames/000365.jpg
12.1136,366,20.017164,13111.352829,56.3,56.26,30.59,0,512,288,BGR888p,1352,1012,0,29996,143,-1,-1.0,5500,66.04,51.9,1,0.7051,0.7051,chair,0,0,0,0,,frames/000366.jpg
12.1471,367,20.050486,13111.386151,56.49,56.45,29.84,0,512,288,BGR888p,1352,1012,0,29996,143,-1,-1.0,5500,66.04,51.9,1,0.7017,0.7017,chair,0,0,0,0,,frames/000367.jpg
12.1804,368,20.083808,13111.419473,56.49,56.45,29.99,0,512,288,BGR888p,1352,1012,0,29996,143,-1,-1.0,5500,66.04,51.9,1,0.7012,0.7012,chair,0,0,0,0,,frames/000368.jpg
12.2136,369,20.11713,13111.452795,56.33,56.29,30.15,0,512,288,BGR888p,1352,1012,0,29996,143,-1,-1.0,5500,66.04,51.9,1,0.7163,0.7163,chair,0,0,0,0,,frames/000369.jpg
12.2474,370,20.150452,13111.486117,56.79,56.75,29.62,0,512,288,BGR888p,1352,1012,0,29996,143,-1,-1.0,5500,66.04,51.9,1,0.7075,0.7075,chair,0,0,0,0,,frames/000370.jpg
12.2805,371,20.183774,13111.519439,56.59,56.55,30.21,0,512,288,BGR888p,1352,1012,0,29996,143,-1,-1.0,5500,66.04,51.9,1,0.7163,0.7163,chair,0,0,0,0,,frames/000371.jpg
12.3136,372,20.217098,13111.552763,56.43,56.39,30.13,0,512,288,BGR888p,1352,1012,0,29996,143,-1,-1.0,5500,66.04,51.9,1,0.7207,0.7207,chair,0,0,0,0,,frames/000372.jpg
12.347,373,20.250417,13111.586082,56.45,56.41,29.99,0,512,288,BGR888p,1352,1012,0,29996,143,-1,-1.0,5500,66.04,51.9,2,0.6978,0.5997,chair,1,0,0,0,,frames/000373.jpg
12.3801,374,20.283739,13111.619404,56.2,56.16,30.25,0,512,288,BGR888p,1352,1012,0,29996,143,-1,-1.0,5500,66.04,51.9,1,0.7065,0.7065,chair,0,0,0,0,,frames/000374.jpg
12.4139,375,20.317062,13111.652727,56.69,56.65,29.57,0,512,288,BGR888p,1352,1012,0,29996,143,-1,-1.0,5500,66.04,51.9,2,0.7417,0.6255,chair,1,0,0,0,,frames/000375.jpg
12.4472,376,20.350383,13111.686048,56.61,56.57,30.04,0,512,288,BGR888p,1352,1012,0,29996,143,-1,-1.0,5500,66.04,51.9,1,0.7339,0.7339,chair,0,0,0,0,,frames/000376.jpg
12.48,377,20.383705,13111.71937,56.23,56.2,30.4,0,512,288,BGR888p,1352,1012,0,29996,143,-1,-1.0,5500,66.04,51.9,2,0.7241,0.615,chair,1,0,0,0,,frames/000377.jpg
12.5141,378,20.417027,13111.752692,56.95,56.92,29.36,0,512,288,BGR888p,1352,1012,0,29996,143,-1,-1.0,5500,66.04,51.9,3,0.7217,0.5814,chair,1,0,0,0,,frames/000378.jpg
12.5471,379,20.450351,13111.786016,56.62,56.58,30.33,0,512,288,BGR888p,1352,1012,0,29996,143,-1,-1.0,5500,66.04,51.9,1,0.7139,0.7139,chair,0,0,0,0,,frames/000379.jpg
12.5804,380,20.483671,13111.819336,56.59,56.55,30.03,0,512,288,BGR888p,1352,1012,0,29996,143,-1,-1.0,5500,66.04,51.9,2,0.7202,0.6152,chair,1,0,0,0,,frames/000380.jpg
12.6134,381,20.516993,13111.852657,56.28,56.25,30.28,0,512,288,BGR888p,1352,1012,0,29996,143,-1,-1.0,5500,66.04,51.9,2,0.7368,0.624,chair,1,0,0,0,,frames/000381.jpg
12.6466,382,20.550314,13111.885979,56.17,56.14,30.13,0,512,288,BGR888p,1352,1012,0,29996,143,-1,-1.0,5500,66.04,51.9,1,0.7158,0.7158,chair,0,0,0,0,,frames/000382.jpg
12.6801,383,20.583637,13111.919301,56.34,56.31,29.87,0,512,288,BGR888p,1352,1012,0,29996,143,-1,-1.0,5500,66.04,51.9,1,0.7192,0.7192,chair,0,0,0,0,,frames/000383.jpg
12.7136,384,20.616959,13111.952624,56.54,56.5,29.82,0,512,288,BGR888p,1352,1012,0,29996,143,-1,-1.0,5500,66.04,51.9,1,0.6807,0.6807,chair,0,0,0,0,,frames/000384.jpg
12.7467,385,20.65028,13111.985945,56.32,56.29,30.2,0,512,288,BGR888p,1352,1012,0,29996,143,-1,-1.0,5500,66.04,51.9,2,0.7197,0.613,chair,1,0,0,0,,frames/000385.jpg
12.7804,386,20.683602,13112.019267,56.68,56.65,29.68,0,512,288,BGR888p,1352,1012,0,29996,143,-1,-1.0,5500,66.04,51.9,2,0.709,0.6079,chair,1,0,0,0,,frames/000386.jpg
12.8135,387,20.716924,13112.052589,56.34,56.3,30.26,0,512,288,BGR888p,1352,1012,0,29996,143,-1,-1.0,5500,66.04,51.9,1,0.7124,0.7124,chair,0,0,0,0,,frames/000387.jpg
12.8472,388,20.750248,13112.085913,56.83,56.8,29.64,0,512,288,BGR888p,1352,1012,0,29996,143,-1,-1.0,5500,66.04,51.9,2,0.6836,0.5948,chair,1,0,0,0,,frames/000388.jpg
12.8804,389,20.783568,13112.119233,56.69,56.66,30.13,0,512,288,BGR888p,1352,1012,0,29996,143,-1,-1.0,5500,66.04,51.9,1,0.6953,0.6953,chair,0,0,0,0,,frames/000389.jpg
12.9135,390,20.81689,13112.152555,56.49,56.44,30.2,0,512,288,BGR888p,1352,1012,0,29996,143,-1,-1.0,5500,66.04,51.9,1,0.6938,0.6938,chair,0,0,0,0,,frames/000390.jpg
12.9473,391,20.850211,13112.185876,56.93,56.9,29.62,0,512,288,BGR888p,1352,1012,0,29996,143,-1,-1.0,5500,66.04,51.9,1,0.7197,0.7197,chair,0,0,0,0,,frames/000391.jpg
12.9802,392,20.883533,13112.219198,56.51,56.48,30.39,0,512,288,BGR888p,1352,1012,0,29996,143,-1,-1.0,5500,66.04,51.9,2,0.7627,0.6358,chair,1,0,0,0,,frames/000392.jpg
13.0136,393,20.916855,13112.25252,56.55,56.52,29.94,0,512,288,BGR888p,1352,1012,0,29996,143,-1,-1.0,5500,66.04,51.9,2,0.7368,0.6228,chair,1,0,0,0,,frames/000393.jpg
13.0472,394,20.950177,13112.285842,56.93,56.9,29.71,0,512,288,BGR888p,1352,1012,0,29996,143,-1,-1.0,5500,66.04,51.9,2,0.7129,0.6077,chair,1,0,0,0,,frames/000394.jpg
13.1135,395,20.983501,13112.319166,89.88,56.15,15.08,0,512,288,BGR888p,1352,1012,0,29996,143,-1,-1.0,5500,66.04,51.9,2,0.7178,0.6094,chair,1,0,0,0,,frames/000395.jpg
13.1139,396,21.016821,13112.352486,56.57,56.51,2409.89,0,512,288,BGR888p,1352,1012,0,29996,143,-1,-1.0,5500,66.04,51.9,1,0.7041,0.7041,chair,0,0,0,0,,frames/000396.jpg
13.147,397,21.050143,13112.385808,56.78,56.74,30.2,0,512,288,BGR888p,1352,1012,0,29996,143,-1,-1.0,5500,66.04,51.9,2,0.7305,0.6158,chair,1,0,0,0,,frames/000397.jpg
13.2133,398,21.083465,13112.41913,89.64,56.47,15.1,0,512,288,BGR888p,1352,1012,0,29996,143,-1,-1.0,5500,66.04,51.9,2,0.7202,0.6128,chair,1,0,0,0,,frames/000398.jpg
13.2136,399,21.116786,13112.452451,56.34,56.28,2822.78,0,512,288,BGR888p,1352,1012,0,29996,143,-1,-1.0,5500,66.04,51.9,1,0.7163,0.7163,chair,0,0,0,0,,frames/000399.jpg
13.2527,400,21.150109,13112.485774,62.46,62.43,25.61,0,512,288,BGR888p,1352,1012,0,29996,143,-1,-1.0,5500,66.04,51.9,1,0.6699,0.6699,chair,0,0,0,0,,frames/000400.jpg
13.2804,401,21.18343,13112.519095,56.91,56.88,36.0,0,512,288,BGR888p,1352,1012,0,29996,143,-1,-1.0,5500,66.04,51.9,1,0.6973,0.6973,chair,0,0,0,0,,frames/000401.jpg
13.3136,402,21.216757,13112.552422,56.73,56.7,30.15,0,512,288,BGR888p,1352,1012,0,29996,143,-1,-1.0,5500,66.04,51.9,1,0.6963,0.6963,chair,0,0,0,0,,frames/000402.jpg
13.3472,403,21.250074,13112.585739,56.98,56.96,29.8,0,512,288,BGR888p,1352,1012,0,29996,143,-1,-1.0,5500,66.04,51.9,1,0.7021,0.7021,chair,0,0,0,0,,frames/000403.jpg
13.3803,404,21.283396,13112.619061,56.79,56.76,30.19,0,512,288,BGR888p,1352,1012,0,29996,143,-1,-1.0,5500,66.04,51.9,1,0.7319,0.7319,chair,0,0,0,0,,frames/000404.jpg
13.4134,405,21.31672,13112.652385,56.6,56.56,30.17,0,512,288,BGR888p,1352,1012,0,29996,143,-1,-1.0,5500,66.04,51.9,1,0.729,0.729,chair,0,0,0,0,,frames/000405.jpg
13.4796,406,21.35004,13112.685705,89.49,56.72,15.1,0,512,288,BGR888p,1352,1012,0,29996,143,-1,-1.0,5500,66.04,51.9,1,0.7285,0.7285,chair,0,0,0,0,,frames/000406.jpg
13.5132,407,21.383362,13112.719027,89.66,56.13,29.84,0,512,288,BGR888p,1352,1012,0,29996,143,-1,-1.0,5500,66.04,51.9,1,0.7188,0.7188,chair,0,0,0,0,,frames/000407.jpg
13.5135,408,21.416683,13112.752348,56.36,56.31,2911.28,0,512,288,BGR888p,1352,1012,0,29996,143,-1,-1.0,5500,66.04,51.9,1,0.7144,0.7144,chair,0,0,0,0,,frames/000408.jpg
13.5468,409,21.450005,13112.78567,56.65,56.62,30.06,0,512,288,BGR888p,1352,1012,0,29996,143,-1,-1.0,5500,66.04,51.9,1,0.7295,0.7295,chair,0,0,0,0,,frames/000409.jpg
13.5796,410,21.483327,13112.818992,56.22,56.19,30.42,0,512,288,BGR888p,1352,1012,0,29996,143,-1,-1.0,5500,66.04,51.9,1,0.7295,0.7295,chair,0,0,0,0,,frames/000410.jpg
13.6131,411,21.516649,13112.852314,56.35,56.31,29.86,0,512,288,BGR888p,1352,1012,0,29996,143,-1,-1.0,5500,66.04,51.9,2,0.7163,0.6113,chair,1,0,0,0,,frames/000411.jpg
13.6468,412,21.549971,13112.885636,56.68,56.65,29.74,0,512,288,BGR888p,1352,1012,0,29996,143,-1,-1.0,5500,66.04,51.9,1,0.689,0.689,chair,0,0,0,0,,frames/000412.jpg
13.6802,413,21.583293,13112.918958,56.79,56.76,29.88,0,512,288,BGR888p,1352,1012,0,29996,143,-1,-1.0,5500,66.04,51.9,2,0.7271,0.6167,chair,1,0,0,0,,frames/000413.jpg
13.7136,414,21.616615,13112.95228,56.82,56.79,30.0,0,512,288,BGR888p,1352,1012,0,29996,143,-1,-1.0,5500,66.04,51.9,2,0.71,0.6069,chair,1,0,0,0,,frames/000414.jpg
13.7468,415,21.649937,13112.985602,56.7,56.67,30.12,0,512,288,BGR888p,1352,1012,0,29996,143,-1,-1.0,5500,66.04,51.9,2,0.7466,0.6282,chair,1,0,0,0,,frames/000415.jpg
13.7802,416,21.683259,13113.018924,56.66,56.61,29.88,0,512,288,BGR888p,1352,1012,0,29996,143,-1,-1.0,5500,66.04,51.9,2,0.7261,0.626,chair,1,0,0,0,,frames/000416.jpg
13.8135,417,21.716581,13113.052246,56.68,56.64,30.08,0,512,288,BGR888p,1352,1012,0,29996,143,-1,-1.0,5500,66.04,51.9,2,0.7251,0.6191,chair,1,0,0,0,,frames/000417.jpg
13.8467,418,21.749904,13113.085569,56.73,56.7,30.05,0,512,288,BGR888p,1352,1012,0,29996,143,-1,-1.0,5500,66.04,51.9,1,0.7061,0.7061,chair,0,0,0,0,,frames/000418.jpg
13.8799,419,21.783224,13113.118889,56.51,56.48,30.19,0,512,288,BGR888p,1352,1012,0,29996,143,-1,-1.0,5500,66.04,51.9,1,0.71,0.71,chair,0,0,0,0,,frames/000419.jpg
13.9133,420,21.816546,13113.152211,56.67,56.63,29.87,0,512,288,BGR888p,1352,1012,0,29996,143,-1,-1.0,5500,66.04,51.9,1,0.7119,0.7119,chair,0,0,0,0,,frames/000420.jpg
13.9465,421,21.849868,13113.185533,56.58,56.55,30.12,0,512,288,BGR888p,1352,1012,0,29996,143,-1,-1.0,5500,66.04,51.9,1,0.6938,0.6938,chair,0,0,0,0,,frames/000421.jpg
14.0133,422,21.88319,13113.218855,89.96,56.54,14.98,0,512,288,BGR888p,1352,1012,0,29996,143,-1,-1.0,5500,66.04,51.9,1,0.7021,0.7021,chair,0,0,0,0,,frames/000422.jpg
14.0136,423,21.916512,13113.252177,56.65,56.6,2890.39,0,512,288,BGR888p,1352,1012,0,29996,143,-1,-1.0,5500,66.04,51.9,1,0.6865,0.6865,chair,0,0,0,0,,frames/000423.jpg
14.0465,424,21.949834,13113.285499,56.6,56.57,30.39,0,512,288,BGR888p,1352,1012,0,29996,143,-1,-1.0,5500,66.04,51.9,1,0.6807,0.6807,chair,0,0,0,0,,frames/000424.jpg
14.0795,425,21.983156,13113.31882,56.26,56.23,30.31,0,512,288,BGR888p,1352,1012,0,29996,143,-1,-1.0,5500,66.04,51.9,2,0.7251,0.6159,chair,1,0,0,0,,frames/000425.jpg
14.1133,426,22.016478,13113.352142,56.65,56.62,29.66,0,512,288,BGR888p,1352,1012,0,29996,143,-1,-1.0,5500,66.04,51.9,1,0.7002,0.7002,chair,0,0,0,0,,frames/000426.jpg
14.1467,427,22.049799,13113.385464,56.78,56.74,29.92,0,512,288,BGR888p,1352,1012,0,29996,143,-1,-1.0,5500,66.04,51.9,1,0.7192,0.7192,chair,0,0,0,0,,frames/000427.jpg
14.1797,428,22.083123,13113.418788,56.51,56.47,30.25,0,512,288,BGR888p,1352,1012,0,29996,143,-1,-1.0,5500,66.04,51.9,2,0.7148,0.6096,chair,1,0,0,0,,frames/000428.jpg
14.2139,429,22.116443,13113.452108,57.15,57.1,29.3,0,512,288,BGR888p,1352,1012,0,29996,143,-1,-1.0,5500,66.04,51.9,1,0.728,0.728,chair,0,0,0,0,,frames/000429.jpg
14.2468,430,22.149765,13113.48543,56.95,56.92,30.34,0,512,288,BGR888p,1352,1012,0,29996,143,-1,-1.0,5500,66.04,51.9,1,0.7314,0.7314,chair,0,0,0,0,,frames/000430.jpg
14.2799,431,22.183087,13113.518752,56.73,56.7,30.21,0,512,288,BGR888p,1352,1012,0,29996,143,-1,-1.0,5500,66.04,51.9,2,0.7295,0.6306,chair,1,0,0,0,,frames/000431.jpg
14.3129,432,22.216409,13113.552074,56.38,56.34,30.33,0,512,288,BGR888p,1352,1012,0,29996,143,-1,-1.0,5500,66.04,51.9,2,0.7324,0.6301,chair,1,0,0,0,,frames/000432.jpg
14.3463,433,22.249731,13113.585396,56.42,56.38,29.96,0,512,288,BGR888p,1352,1012,0,29996,143,-1,-1.0,5500,66.04,51.9,2,0.7207,0.6216,chair,1,0,0,0,,frames/000433.jpg
14.3802,434,22.283053,13113.618718,56.98,56.94,29.51,0,512,288,BGR888p,1352,1012,0,29996,143,-1,-1.0,5500,66.04,51.9,3,0.7017,0.5728,chair,1,0,0,0,,frames/000434.jpg
14.4133,435,22.316377,13113.652042,56.81,56.79,30.19,0,512,288,BGR888p,1352,1012,0,29996,143,-1,-1.0,5500,66.04,51.9,2,0.6846,0.6059,chair,1,0,0,0,,frames/000435.jpg
14.4466,436,22.349696,13113.685361,56.77,56.73,30.03,0,512,288,BGR888p,1352,1012,0,29996,143,-1,-1.0,5500,66.04,51.9,2,0.7051,0.6197,chair,1,0,0,0,,frames/000436.jpg
14.4797,437,22.383018,13113.718683,56.62,56.58,30.17,0,512,288,BGR888p,1352,1012,0,29996,143,-1,-1.0,5500,66.04,51.9,2,0.7529,0.6414,chair,1,0,0,0,,frames/000437.jpg
14.5129,438,22.41634,13113.752005,56.48,56.46,30.13,0,512,288,BGR888p,1352,1012,0,29996,143,-1,-1.0,5500,66.04,51.9,3,0.7222,0.5853,chair,1,0,0,0,,frames/000438.jpg
14.5465,439,22.449662,13113.785327,56.73,56.7,29.78,0,512,288,BGR888p,1352,1012,0,29996,143,-1,-1.0,5500,66.04,51.9,2,0.7051,0.6072,chair,1,0,0,0,,frames/000439.jpg
14.5799,440,22.482984,13113.818649,56.82,56.78,29.93,0,512,288,BGR888p,1352,1012,0,29996,143,-1,-1.0,5500,66.04,51.9,2,0.7109,0.6209,chair,1,0,0,0,,frames/000440.jpg
14.6129,441,22.516306,13113.851971,56.4,56.36,30.31,0,512,288,BGR888p,1352,1012,0,29996,143,-1,-1.0,5500,66.04,51.9,2,0.7163,0.6192,chair,1,0,0,0,,frames/000441.jpg
14.6463,442,22.549628,13113.885292,56.46,56.41,29.93,0,512,288,BGR888p,1352,1012,0,29996,143,-1,-1.0,5500,66.04,51.9,2,0.6982,0.6035,chair,1,0,0,0,,frames/000442.jpg
14.6798,443,22.58295,13113.918615,56.72,56.69,29.89,0,512,288,BGR888p,1352,1012,0,29996,143,-1,-1.0,5500,66.04,51.9,2,0.7046,0.6159,chair,1,0,0,0,,frames/000443.jpg
14.713,444,22.616273,13113.952626,55.87,55.83,30.08,0,512,288,BGR888p,1352,1012,0,29996,143,-1,-1.0,5500,66.04,51.9,2,0.6978,0.6001,chair,1,0,0,0,,frames/000444.jpg
14.7469,445,22.649593,13113.985946,56.33,56.29,29.58,0,512,288,BGR888p,1352,1012,0,29996,143,-1,-1.0,5500,66.04,51.9,2,0.7212,0.6223,chair,1,0,0,0,,frames/000445.jpg
14.7798,446,22.682915,13114.019268,56.06,56.03,30.37,0,512,288,BGR888p,1352,1012,0,29996,143,-1,-1.0,5500,66.04,51.9,1,0.6729,0.6729,chair,0,0,0,0,,frames/000446.jpg
14.8127,447,22.716237,13114.05259,55.56,55.52,30.4,0,512,288,BGR888p,1352,1012,0,29996,143,-1,-1.0,5500,66.04,51.9,2,0.7021,0.6064,chair,1,0,0,0,,frames/000447.jpg
14.8466,448,22.749559,13114.085912,56.23,56.2,29.5,0,512,288,BGR888p,1352,1012,0,29996,143,-1,-1.0,5500,66.04,51.9,1,0.6675,0.6675,chair,0,0,0,0,,frames/000448.jpg
14.8793,449,22.782881,13114.119234,55.59,55.56,30.58,0,512,288,BGR888p,1352,1012,0,29996,143,-1,-1.0,5500,66.04,51.9,1,0.6948,0.6948,chair,0,0,0,0,,frames/000449.jpg
14.9462,450,22.816203,13114.152556,89.18,56.01,14.94,0,512,288,BGR888p,1352,1012,0,29996,143,-1,-1.0,5500,66.04,51.9,1,0.6846,0.6846,chair,0,0,0,0,,frames/000450.jpg
14.9466,451,22.849525,13114.185878,55.87,55.82,2759.75,0,512,288,BGR888p,1352,1012,0,29996,143,-1,-1.0,5500,66.04,51.9,3,0.7012,0.5698,chair,1,0,0,0,,frames/000451.jpg
14.9797,452,22.882846,13114.2192,56.09,56.05,30.14,0,512,288,BGR888p,1352,1012,0,29996,143,-1,-1.0,5500,66.04,51.9,2,0.7388,0.6352,chair,1,0,0,0,,frames/000452.jpg
15.013,453,22.916168,13114.252522,56.02,55.98,30.07,0,512,288,BGR888p,1352,1012,0,29996,143,-1,-1.0,5500,66.04,51.9,2,0.7324,0.6311,chair,1,0,0,0,,frames/000453.jpg
15.0465,454,22.94949,13114.285843,56.17,56.13,29.88,0,512,288,BGR888p,1352,1012,0,29996,143,-1,-1.0,5500,66.04,51.9,2,0.7646,0.6525,chair,1,0,0,0,,frames/000454.jpg
15.0849,455,22.982812,13114.319165,61.33,61.3,25.99,0,512,288,BGR888p,1352,1012,0,29996,143,-1,-1.0,5500,66.04,51.9,2,0.7524,0.644,chair,1,0,0,0,,frames/000455.jpg
15.1133,456,23.016134,13114.352487,56.21,56.16,35.28,0,512,288,BGR888p,1352,1012,0,29996,143,-1,-1.0,5500,66.04,51.9,2,0.7666,0.6502,chair,1,0,0,0,,frames/000456.jpg
15.1463,457,23.049456,13114.385809,55.93,55.89,30.29,0,512,288,BGR888p,1352,1012,0,29996,143,-1,-1.0,5500,66.04,51.9,2,0.7773,0.6472,chair,1,0,0,0,,frames/000457.jpg
15.18,458,23.082779,13114.419132,56.28,56.24,29.71,0,512,288,BGR888p,1352,1012,0,29996,143,-1,-1.0,5500,66.04,51.9,2,0.7939,0.6545,chair,1,0,0,0,,frames/000458.jpg
15.2126,459,23.116102,13114.452455,55.73,55.69,30.6,0,512,288,BGR888p,1352,1012,0,29996,143,-1,-1.0,5500,66.04,51.9,2,0.7632,0.647,chair,1,0,0,0,,frames/000459.jpg
15.2519,460,23.149422,13114.485775,61.69,61.66,25.44,0,512,288,BGR888p,1352,1012,0,29996,143,-1,-1.0,5500,66.04,51.9,2,0.7866,0.6604,chair,1,0,0,0,,frames/000460.jpg
15.2794,461,23.182744,13114.519097,55.82,55.79,36.46,0,512,288,BGR888p,1352,1012,0,29996,143,-1,-1.0,5500,66.04,51.9,2,0.7617,0.6521,chair,1,0,0,0,,frames/000461.jpg
15.3132,462,23.216067,13114.55242,56.37,56.34,29.54,0,512,288,BGR888p,1352,1012,0,29996,143,-1,-1.0,5500,66.04,51.9,2,0.7759,0.6556,chair,1,0,0,0,,frames/000462.jpg
15.3463,463,23.249387,13114.58574,56.09,56.05,30.24,0,512,288,BGR888p,1352,1012,0,29996,143,-1,-1.0,5500,66.04,51.9,2,0.7827,0.6548,chair,1,0,0,0,,frames/000463.jpg
15.3798,464,23.282709,13114.619062,56.29,56.26,29.83,0,512,288,BGR888p,1352,1012,0,29996,143,-1,-1.0,5500,66.04,51.9,2,0.7871,0.6619,chair,1,0,0,0,,frames/000464.jpg
15.4132,465,23.316031,13114.652384,56.4,56.38,29.93,0,512,288,BGR888p,1352,1012,0,29996,143,-1,-1.0,5500,66.04,51.9,2,0.7734,0.6386,chair,0,0,0,0,,frames/000465.jpg
15.4463,466,23.349353,13114.685706,56.16,56.12,30.21,0,512,288,BGR888p,1352,1012,0,29996,143,-1,-1.0,5500,66.04,51.9,2,0.7686,0.6409,chair,1,0,0,0,,frames/000466.jpg
15.4797,467,23.382675,13114.719028,56.27,56.24,29.92,0,512,288,BGR888p,1352,1012,0,29996,143,-1,-1.0,5500,66.04,51.9,2,0.7666,0.6343,chair,1,0,0,0,,frames/000467.jpg
15.5129,468,23.415997,13114.75235,56.16,56.14,30.12,0,512,288,BGR888p,1352,1012,0,29996,143,-1,-1.0,5500,66.04,51.9,2,0.7905,0.6528,chair,1,0,0,0,,frames/000468.jpg
15.5798,469,23.449319,13114.785672,89.64,56.09,14.96,0,512,288,BGR888p,1352,1012,0,29996,143,-1,-1.0,5500,66.04,51.9,1,0.8145,0.8145,chair,0,0,0,0,,frames/000469.jpg
15.5801,470,23.482641,13114.818994,56.33,56.28,2725.72,0,512,288,BGR888p,1352,1012,0,29996,143,-1,-1.0,5500,66.04,51.9,2,0.8062,0.6643,chair,1,0,0,0,,frames/000470.jpg
15.6127,471,23.515963,13114.852316,55.8,55.76,30.75,0,512,288,BGR888p,1352,1012,0,29996,143,-1,-1.0,5500,66.04,51.9,2,0.7686,0.6484,chair,1,0,0,0,,frames/000471.jpg
15.6465,472,23.549284,13114.885637,56.32,56.27,29.53,0,512,288,BGR888p,1352,1012,0,29996,143,-1,-1.0,5500,66.04,51.9,2,0.7827,0.6587,chair,1,0,0,0,,frames/000472.jpg
15.6797,473,23.582606,13114.918959,56.26,56.22,30.17,0,512,288,BGR888p,1352,1012,0,29996,143,-1,-1.0,5500,66.04,51.9,2,0.8101,0.6617,chair,1,0,0,0,,frames/000473.jpg
15.7465,474,23.615928,13114.952281,89.66,55.8,14.95,0,512,288,BGR888p,1352,1012,0,29996,143,-1,-1.0,5500,66.04,51.9,2,0.7896,0.646,chair,1,0,0,0,,frames/000474.jpg
15.747,475,23.64925,13114.985603,56.36,56.28,2114.2,0,512,288,BGR888p,1352,1012,0,29996,143,-1,-1.0,5500,66.04,51.9,1,0.7998,0.7998,chair,0,0,0,0,,frames/000475.jpg
15.7797,476,23.682572,13115.018925,56.23,56.19,30.56,0,512,288,BGR888p,1352,1012,0,29996,143,-1,-1.0,5500,66.04,51.9,2,0.8062,0.6558,chair,1,0,0,0,,frames/000476.jpg
15.813,477,23.715894,13115.052247,56.26,56.23,30.04,0,512,288,BGR888p,1352,1012,0,29996,143,-1,-1.0,5500,66.04,51.9,1,0.7817,0.7817,chair,0,0,0,0,,frames/000477.jpg
15.8463,478,23.749216,13115.085569,56.31,56.28,30.01,0,512,288,BGR888p,1352,1012,0,29996,143,-1,-1.0,5500,66.04,51.9,2,0.7715,0.6411,chair,1,0,0,0,,frames/000478.jpg
15.8795,479,23.782537,13115.11889,56.19,56.15,30.13,0,512,288,BGR888p,1352,1012,0,29996,143,-1,-1.0,5500,66.04,51.9,2,0.7915,0.6519,chair,1,0,0,0,,frames/000479.jpg
15.9125,480,23.815859,13115.152212,55.84,55.81,30.33,0,512,288,BGR888p,1352,1012,0,29996,143,-1,-1.0,5500,66.04,51.9,2,0.79,0.6606,chair,1,0,0,0,,frames/000480.jpg
15.9458,481,23.849181,13115.185534,55.77,55.73,30.08,0,512,288,BGR888p,1352,1012,0,29996,143,-1,-1.0,5500,66.04,51.9,2,0.7715,0.6413,chair,1,0,0,0,,frames/000481.jpg
15.9795,482,23.882503,13115.218856,56.24,56.2,29.6,0,512,288,BGR888p,1352,1012,0,29996,143,-1,-1.0,5500,66.04,51.9,2,0.7734,0.6421,chair,1,0,0,0,,frames/000482.jpg
16.0125,483,23.915825,13115.252178,55.81,55.77,30.38,0,512,288,BGR888p,1352,1012,0,29996,143,-1,-1.0,5500,66.04,51.9,2,0.8101,0.6614,chair,1,0,0,0,,frames/000483.jpg
16.046,484,23.949147,13115.2855,56.04,56.01,29.83,0,512,288,BGR888p,1352,1012,0,29996,143,-1,-1.0,5500,66.04,51.9,2,0.8052,0.6619,chair,1,0,0,0,,frames/000484.jpg
16.0799,485,23.982469,13115.318822,56.64,56.6,29.47,0,512,288,BGR888p,1352,1012,0,29996,143,-1,-1.0,5500,66.04,51.9,2,0.7842,0.6497,chair,1,0,0,0,,frames/000485.jpg
16.1131,486,24.015791,13115.352144,56.35,56.29,30.16,0,512,288,BGR888p,1352,1012,0,29996,143,-1,-1.0,5500,66.04,51.9,2,0.7881,0.656,chair,1,0,0,0,,frames/000486.jpg
16.1464,487,24.049113,13115.385466,56.35,56.31,30.01,0,512,288,BGR888p,1352,1012,0,29996,143,-1,-1.0,5500,66.04,51.9,2,0.75,0.6267,chair,1,0,0,0,,frames/000487.jpg
16.1793,488,24.082434,13115.418788,56.04,56.01,30.39,0,512,288,BGR888p,1352,1012,0,29996,143,-1,-1.0,5500,66.04,51.9,2,0.8042,0.6538,chair,1,0,0,0,,frames/000488.jpg
16.213,489,24.115756,13115.452109,56.32,56.28,29.68,0,512,288,BGR888p,1352,1012,0,29996,143,-1,-1.0,5500,66.04,51.9,2,0.79,0.6489,chair,1,0,0,0,,frames/000489.jpg
16.2516,490,24.149078,13115.485431,61.64,61.59,25.9,0,512,288,BGR888p,1352,1012,0,29996,143,-1,-1.0,5500,66.04,51.9,2,0.7651,0.6419,chair,1,0,0,0,,frames/000490.jpg
16.2789,491,24.1824,13115.518753,55.7,55.67,36.62,0,512,288,BGR888p,1352,1012,0,29996,143,-1,-1.0,5500,66.04,51.9,1,0.7744,0.7744,chair,0,0,0,0,,frames/000491.jpg
16.3128,492,24.215722,13115.552075,56.19,56.15,29.49,0,512,288,BGR888p,1352,1012,0,29996,143,-1,-1.0,5500,66.04,51.9,2,0.7734,0.6433,chair,1,0,0,0,,frames/000492.jpg
16.3794,493,24.249044,13115.585397,89.54,56.15,15.01,0,512,288,BGR888p,1352,1012,0,29996,143,-1,-1.0,5500,66.04,51.9,2,0.7417,0.6233,chair,1,0,0,0,,frames/000493.jpg
16.3798,494,24.282366,13115.618719,56.23,56.19,2762.68,0,512,288,BGR888p,1352,1012,0,29996,143,-1,-1.0,5500,66.04,51.9,2,0.7661,0.6331,chair,1,0,0,0,,frames/000494.jpg
16.413,495,24.315688,13115.652041,56.45,56.41,30.07,0,512,288,BGR888p,1352,1012,0,29996,143,-1,-1.0,5500,66.04,51.9,2,0.7456,0.6272,chair,0,0,0,0,,frames/000495.jpg
16.4462,496,24.34901,13115.685363,56.35,56.31,30.17,0,512,288,BGR888p,1352,1012,0,29996,143,-1,-1.0,5500,66.04,51.9,2,0.7842,0.6541,chair,1,0,0,0,,frames/000496.jpg
16.4791,497,24.382331,13115.718684,55.98,55.95,30.35,0,512,288,BGR888p,1352,1012,0,29996,143,-1,-1.0,5500,66.04,51.9,2,0.7949,0.6494,chair,1,0,0,0,,frames/000497.jpg
16.5124,498,24.415653,13115.752006,55.96,55.92,30.03,0,512,288,BGR888p,1352,1012,0,29996,143,-1,-1.0,5500,66.04,51.9,2,0.7939,0.6643,chair,1,0,0,0,,frames/000498.jpg
16.5461,499,24.448975,13115.785328,56.27,56.24,29.74,0,512,288,BGR888p,1352,1012,0,29996,143,-1,-1.0,5500,66.04,51.9,2,0.7915,0.648,chair,1,0,0,0,,frames/000499.jpg
16.5792,500,24.482297,13115.81865,56.04,56.0,30.22,0,512,288,BGR888p,1352,1012,0,29996,143,-1,-1.0,5500,66.04,51.9,2,0.749,0.6267,chair,1,0,0,0,,frames/000500.jpg
16.6127,501,24.515619,13115.851972,56.2,56.16,29.79,0,512,288,BGR888p,1352,1012,0,29996,143,-1,-1.0,5500,66.04,51.9,2,0.7773,0.6482,chair,1,0,0,0,,frames/000501.jpg
16.646,502,24.548941,13115.885294,56.27,56.22,30.04,0,512,288,BGR888p,1352,1012,0,29996,143,-1,-1.0,5500,66.04,51.9,2,0.7764,0.6451,chair,1,0,0,0,,frames/000502.jpg
16.6791,503,24.582263,13115.918616,56.01,55.97,30.25,0,512,288,BGR888p,1352,1012,0,29996,143,-1,-1.0,5500,66.04,51.9,2,0.7866,0.6486,chair,1,0,0,0,,frames/000503.jpg
16.7129,504,24.615585,13115.951938,56.45,56.4,29.53,0,512,288,BGR888p,1352,1012,0,29996,143,-1,-1.0,5500,66.04,51.9,2,0.7773,0.6438,chair,1,0,0,0,,frames/000504.jpg
16.7798,505,24.648906,13115.98526,89.89,56.37,14.97,0,512,288,BGR888p,1352,1012,0,29996,143,-1,-1.0,5500,66.04,51.9,2,0.7627,0.6423,chair,1,0,0,0,,frames/000505.jpg
16.7803,506,24.682228,13116.018581,56.59,56.51,1899.31,0,512,288,BGR888p,1352,1012,0,29996,143,-1,-1.0,5500,66.04,51.9,3,0.7827,0.6011,chair,1,0,0,0,,frames/000506.jpg
16.8135,507,24.71555,13116.051903,56.88,56.83,30.12,0,512,288,BGR888p,1352,1012,0,29996,143,-1,-1.0,5500,66.04,51.9,2,0.7925,0.6477,chair,1,0,0,0,,frames/000507.jpg
16.8462,508,24.748872,13116.085225,56.42,56.37,30.54,0,512,288,BGR888p,1352,1012,0,29996,143,-1,-1.0,5500,66.04,51.9,2,0.79,0.6536,chair,1,0,0,0,,frames/000508.jpg
16.8794,509,24.782195,13116.118548,56.38,56.35,30.14,0,512,288,BGR888p,1352,1012,0,29996,143,-1,-1.0,5500,66.04,51.9,2,0.77,0.6428,chair,1,0,0,0,,frames/000509.jpg
16.9127,510,24.815516,13116.151869,56.29,56.24,29.99,0,512,288,BGR888p,1352,1012,0,29996,143,-1,-1.0,5500,66.04,51.9,2,0.7568,0.6286,chair,1,0,0,0,,frames/000510.jpg
16.9456,511,24.848838,13116.185191,55.85,55.8,30.44,0,512,288,BGR888p,1352,1012,0,29996,143,-1,-1.0,5500,66.04,51.9,2,0.7681,0.6399,chair,1,0,0,0,,frames/000511.jpg
16.9795,512,24.88216,13116.218513,56.53,56.48,29.5,0,512,288,BGR888p,1352,1012,0,29996,143,-1,-1.0,5500,66.04,51.9,2,0.8013,0.6619,chair,1,0,0,0,,frames/000512.jpg
17.0461,513,24.915482,13116.251835,89.68,55.7,15.01,0,512,288,BGR888p,1352,1012,0,29996,143,-1,-1.0,5500,66.04,51.9,2,0.7891,0.6528,chair,1,0,0,0,,frames/000513.jpg
17.0466,514,24.948803,13116.285156,56.38,56.31,2048.31,0,512,288,BGR888p,1352,1012,0,29996,143,-1,-1.0,5500,66.04,51.9,2,0.7563,0.6377,chair,1,0,0,0,,frames/000514.jpg
17.0796,515,24.982126,13116.318479,56.7,56.67,30.29,0,512,288,BGR888p,1352,1012,0,29996,143,-1,-1.0,5500,66.04,51.9,2,0.7725,0.6433,chair,1,0,0,0,,frames/000515.jpg
17.1129,516,25.015447,13116.3518,56.49,56.45,30.08,0,512,288,BGR888p,1352,1012,0,29996,143,-1,-1.0,5500,66.04,51.9,2,0.75,0.6445,chair,1,0,0,0,,frames/000516.jpg
17.1796,517,25.048769,13116.385122,90.02,56.03,14.98,0,512,288,BGR888p,1352,1012,0,29996,143,-1,-1.0,5500,66.04,51.9,2,0.7627,0.6514,chair,1,0,0,0,,frames/000517.jpg
17.18,518,25.082094,13116.418447,56.71,56.65,2771.13,0,512,288,BGR888p,1352,1012,0,29996,143,-1,-1.0,5500,66.04,51.9,2,0.7314,0.6323,chair,1,0,0,0,,frames/000518.jpg
17.2129,519,25.115413,13116.451766,56.58,56.54,30.37,0,512,288,BGR888p,1352,1012,0,29996,143,-1,-1.0,5500,66.04,51.9,2,0.7524,0.6345,chair,1,0,0,0,,frames/000519.jpg
17.2794,520,25.148736,13116.485089,89.86,62.96,15.03,0,512,288,BGR888p,1352,1012,0,29996,143,-1,-1.0,5500,66.04,51.9,2,0.7554,0.6343,chair,1,0,0,0,,frames/000520.jpg
17.2798,521,25.182057,13116.51841,56.56,56.5,2781.76,0,512,288,BGR888p,1352,1012,0,29996,143,-1,-1.0,5500,66.04,51.9,2,0.7217,0.6255,chair,1,0,0,0,,frames/000521.jpg
17.3126,522,25.215379,13116.551732,56.28,56.24,30.51,0,512,288,BGR888p,1352,1012,0,29996,143,-1,-1.0,5500,66.04,51.9,2,0.7812,0.647,chair,1,0,0,0,,frames/000522.jpg
17.3458,523,25.2487,13116.585053,56.13,56.08,30.12,0,512,288,BGR888p,1352,1012,0,29996,143,-1,-1.0,5500,66.04,51.9,2,0.7764,0.6455,chair,1,0,0,0,,frames/000523.jpg
17.3794,524,25.282022,13116.618375,56.47,56.43,29.73,0,512,288,BGR888p,1352,1012,0,29996,143,-1,-1.0,5500,66.04,51.9,2,0.7871,0.6502,chair,1,0,0,0,,frames/000524.jpg
17.4128,525,25.315344,13116.651697,56.54,56.51,29.94,0,512,288,BGR888p,1352,1012,0,29996,143,-1,-1.0,5500,66.04,51.9,3,0.7632,0.5975,chair,1,0,0,0,,frames/000525.jpg
17.446,526,25.348666,13116.685019,56.4,56.35,30.13,0,512,288,BGR888p,1352,1012,0,29996,143,-1,-1.0,5500,66.04,51.9,2,0.792,0.6543,chair,0,0,0,0,,frames/000526.jpg
17.4795,527,25.381988,13116.718341,56.69,56.65,29.84,0,512,288,BGR888p,1352,1012,0,29996,143,-1,-1.0,5500,66.04,51.9,2,0.751,0.6277,chair,1,0,0,0,,frames/000527.jpg
17.5125,528,25.415312,13116.751665,56.39,56.36,30.29,0,512,288,BGR888p,1352,1012,0,29996,143,-1,-1.0,5500,66.04,51.9,2,0.751,0.6345,chair,1,0,0,0,,frames/000528.jpg
17.5458,529,25.448632,13116.784985,56.33,56.29,30.06,0,512,288,BGR888p,1352,1012,0,29996,143,-1,-1.0,5500,66.04,51.9,2,0.7939,0.648,chair,1,0,0,0,,frames/000529.jpg
17.579,530,25.481954,13116.818307,56.26,56.23,30.08,0,512,288,BGR888p,1352,1012,0,29996,143,-1,-1.0,5500,66.04,51.9,1,0.7993,0.7993,chair,0,0,0,0,,frames/000530.jpg
17.6123,531,25.515276,13116.851629,56.19,56.16,30.08,0,512,288,BGR888p,1352,1012,0,29996,143,-1,-1.0,5500,66.04,51.9,1,0.7769,0.7769,chair,0,0,0,0,,frames/000531.jpg
17.6456,532,25.548598,13116.884951,56.23,56.2,29.96,0,512,288,BGR888p,1352,1012,0,29996,143,-1,-1.0,5500,66.04,51.9,2,0.7676,0.6391,chair,1,0,0,0,,frames/000532.jpg
17.6786,533,25.58192,13116.918273,55.84,55.81,30.37,0,512,288,BGR888p,1352,1012,0,29996,143,-1,-1.0,5500,66.04,51.9,2,0.7939,0.6533,chair,1,0,0,0,,frames/000533.jpg
17.7119,534,25.615241,13116.951594,55.81,55.78,30.05,0,512,288,BGR888p,1352,1012,0,29996,143,-1,-1.0,5500,66.04,51.9,1,0.771,0.771,chair,0,0,0,0,,frames/000534.jpg
17.7459,535,25.648563,13116.984916,56.56,56.53,29.34,0,512,288,BGR888p,1352,1012,0,29996,143,-1,-1.0,5500,66.04,51.9,2,0.7754,0.648,chair,1,0,0,0,,frames/000535.jpg
17.7791,536,25.681885,13117.018238,56.37,56.33,30.18,0,512,288,BGR888p,1352,1012,0,29996,143,-1,-1.0,5500,66.04,51.9,2,0.7793,0.6419,chair,1,0,0,0,,frames/000536.jpg
17.8182,537,25.715207,13117.05156,62.05,62.02,25.58,0,512,288,BGR888p,1352,1012,0,29996,143,-1,-1.0,5500,66.04,51.9,2,0.7734,0.6389,chair,1,0,0,0,,frames/000537.jpg
17.8459,538,25.748529,13117.084882,56.59,56.57,36.03,0,512,288,BGR888p,1352,1012,0,29996,143,-1,-1.0,5500,66.04,51.9,2,0.7725,0.6372,chair,1,0,0,0,,frames/000538.jpg
17.8792,539,25.781852,13117.118205,56.56,56.53,30.03,0,512,288,BGR888p,1352,1012,0,29996,143,-1,-1.0,5500,66.04,51.9,2,0.7759,0.6401,chair,1,0,0,0,,frames/000539.jpg
17.9124,540,25.815172,13117.151526,56.36,56.32,30.17,0,512,288,BGR888p,1352,1012,0,29996,143,-1,-1.0,5500,66.04,51.9,2,0.7539,0.6414,chair,1,0,0,0,,frames/000540.jpg
17.9458,541,25.848494,13117.184847,56.51,56.48,29.89,0,512,288,BGR888p,1352,1012,0,29996,143,-1,-1.0,5500,66.04,51.9,2,0.7715,0.6462,chair,1,0,0,0,,frames/000541.jpg
17.9794,542,25.881816,13117.21817,56.75,56.72,29.8,0,512,288,BGR888p,1352,1012,0,29996,143,-1,-1.0,5500,66.04,51.9,3,0.7695,0.5976,chair,1,0,0,0,,frames/000542.jpg
18.0124,543,25.915138,13117.251491,56.42,56.38,30.3,0,512,288,BGR888p,1352,1012,0,29996,143,-1,-1.0,5500,66.04,51.9,2,0.7891,0.6539,chair,1,0,0,0,,frames/000543.jpg
18.0459,544,25.94846,13117.284813,56.63,56.6,29.83,0,512,288,BGR888p,1352,1012,0,29996,143,-1,-1.0,5500,66.04,51.9,2,0.7437,0.6238,chair,1,0,0,0,,frames/000544.jpg
18.079,545,25.981782,13117.318135,56.4,56.37,30.23,0,512,288,BGR888p,1352,1012,0,29996,143,-1,-1.0,5500,66.04,51.9,2,0.7271,0.6201,chair,1,0,0,0,,frames/000545.jpg
18.1126,546,26.015104,13117.351457,56.7,56.67,29.73,0,512,288,BGR888p,1352,1012,0,29996,143,-1,-1.0,5500,66.04,51.9,2,0.7007,0.6099,chair,1,0,0,0,,frames/000546.jpg
18.1455,547,26.048426,13117.384779,56.29,56.26,30.38,0,512,288,BGR888p,1352,1012,0,29996,143,-1,-1.0,5500,66.04,51.9,2,0.6914,0.5998,chair,1,0,0,0,,frames/000547.jpg
18.179,548,26.081749,13117.418102,56.49,56.46,29.85,0,512,288,BGR888p,1352,1012,0,29996,143,-1,-1.0,5500,66.04,51.9,2,0.7222,0.625,chair,1,0,0,0,,frames/000548.jpg
18.2125,549,26.115071,13117.451424,56.67,56.64,29.85,0,512,288,BGR888p,1352,1012,0,29996,143,-1,-1.0,5500,66.04,51.9,2,0.7358,0.6245,chair,1,0,0,0,,frames/000549.jpg
18.2469,550,26.148392,13117.484745,57.73,57.7,29.07,0,512,288,BGR888p,1352,1012,0,29996,143,-1,-1.0,5500,66.04,51.9,2,0.7407,0.6333,chair,1,0,0,0,,frames/000550.jpg
18.2796,551,26.181713,13117.518066,57.08,57.05,30.61,0,512,288,BGR888p,1352,1012,0,29996,143,-1,-1.0,5500,66.04,51.9,2,0.7661,0.6477,chair,1,0,0,0,,frames/000551.jpg
18.3123,552,26.215035,13117.551388,56.45,56.41,30.58,0,512,288,BGR888p,1352,1012,0,29996,143,-1,-1.0,5500,66.04,51.9,2,0.7852,0.6561,chair,1,0,0,0,,frames/000552.jpg
18.3453,553,26.248357,13117.58471,56.17,56.14,30.27,0,512,288,BGR888p,1352,1012,0,29996,143,-1,-1.0,5500,66.04,51.9,2,0.7798,0.6494,chair,1,0,0,0,,frames/000553.jpg
18.379,554,26.28168,13117.618033,56.54,56.51,29.68,0,512,288,BGR888p,1352,1012,0,29996,143,-1,-1.0,5500,66.04,51.9,2,0.7451,0.636,chair,1,0,0,0,,frames/000554.jpg
18.4127,555,26.315001,13117.651354,56.87,56.84,29.74,0,512,288,BGR888p,1352,1012,0,29996,143,-1,-1.0,5500,66.04,51.9,2,0.7725,0.6487,chair,1,0,0,0,,frames/000555.jpg
18.4458,556,26.348323,13117.684676,56.69,56.65,30.14,0,512,288,BGR888p,1352,1012,0,29996,143,-1,-1.0,5500,66.04,51.9,2,0.8018,0.6616,chair,1,0,0,0,,frames/000556.jpg
18.4788,557,26.381645,13117.717998,56.38,56.34,30.29,0,512,288,BGR888p,1352,1012,0,29996,143,-1,-1.0,5500,66.04,51.9,2,0.7949,0.6597,chair,1,0,0,0,,frames/000557.jpg
18.5127,558,26.414966,13117.751319,56.91,56.87,29.55,0,512,288,BGR888p,1352,1012,0,29996,143,-1,-1.0,5500,66.04,51.9,2,0.7881,0.6562,chair,1,0,0,0,,frames/000558.jpg
18.5454,559,26.448288,13117.784642,56.27,56.23,30.6,0,512,288,BGR888p,1352,1012,0,29996,143,-1,-1.0,5500,66.04,51.9,2,0.7822,0.6467,chair,1,0,0,0,,frames/000559.jpg
18.5789,560,26.48161,13117.817963,56.52,56.48,29.8,0,512,288,BGR888p,1352,1012,0,29996,143,-1,-1.0,5500,66.04,51.9,1,0.7939,0.7939,chair,0,0,0,0,,frames/000560.jpg
18.6122,561,26.514932,13117.851285,56.41,56.37,30.09,0,512,288,BGR888p,1352,1012,0,29996,143,-1,-1.0,5500,66.04,51.9,2,0.7759,0.6401,chair,1,0,0,0,,frames/000561.jpg
18.6456,562,26.548254,13117.884607,56.56,56.54,29.9,0,512,288,BGR888p,1352,1012,0,29996,143,-1,-1.0,5500,66.04,51.9,1,0.7949,0.7949,chair,0,0,0,0,,frames/000562.jpg
18.679,563,26.581576,13117.917929,56.63,56.6,29.94,0,512,288,BGR888p,1352,1012,0,29996,143,-1,-1.0,5500,66.04,51.9,1,0.771,0.771,chair,0,0,0,0,,frames/000563.jpg
18.7122,564,26.614898,13117.951251,56.54,56.5,30.09,0,512,288,BGR888p,1352,1012,0,29996,143,-1,-1.0,5500,66.04,51.9,1,0.7754,0.7754,chair,0,0,0,0,,frames/000564.jpg
18.7457,565,26.64822,13117.984573,56.64,56.61,29.91,0,512,288,BGR888p,1352,1012,0,29996,143,-1,-1.0,5500,66.04,51.9,2,0.7817,0.648,chair,1,0,0,0,,frames/000565.jpg
18.779,566,26.681542,13118.017895,56.62,56.58,30.03,0,512,288,BGR888p,1352,1012,0,29996,143,-1,-1.0,5500,66.04,51.9,2,0.7974,0.6592,chair,1,0,0,0,,frames/000566.jpg
18.8128,567,26.714863,13118.051217,57.15,57.11,29.55,0,512,288,BGR888p,1352,1012,0,29996,143,-1,-1.0,5500,66.04,51.9,2,0.7993,0.6513,chair,1,0,0,0,,frames/000567.jpg
18.8456,568,26.748185,13118.084538,56.54,56.51,30.5,0,512,288,BGR888p,1352,1012,0,29996,143,-1,-1.0,5500,66.04,51.9,2,0.7744,0.6401,chair,1,0,0,0,,frames/000568.jpg
18.879,569,26.781507,13118.11786,56.71,56.68,29.93,0,512,288,BGR888p,1352,1012,0,29996,143,-1,-1.0,5500,66.04,51.9,2,0.7964,0.6577,chair,1,0,0,0,,frames/000569.jpg
18.9122,570,26.81483,13118.151183,56.59,56.55,30.1,0,512,288,BGR888p,1352,1012,0,29996,143,-1,-1.0,5500,66.04,51.9,2,0.7725,0.6387,chair,1,0,0,0,,frames/000570.jpg
18.9456,571,26.848151,13118.184504,56.66,56.62,29.96,0,512,288,BGR888p,1352,1012,0,29996,143,-1,-1.0,5500,66.04,51.9,3,0.7842,0.597,chair,1,0,0,0,,frames/000571.jpg
18.9788,572,26.881473,13118.217826,56.56,56.53,30.12,0,512,288,BGR888p,1352,1012,0,29996,143,-1,-1.0,5500,66.04,51.9,1,0.7798,0.7798,chair,0,0,0,0,,frames/000572.jpg
19.012,573,26.914795,13118.251148,56.38,56.34,30.16,0,512,288,BGR888p,1352,1012,0,29996,143,-1,-1.0,5500,66.04,51.9,1,0.7964,0.7964,chair,0,0,0,0,,frames/000573.jpg
19.0451,574,26.948117,13118.28447,56.2,56.17,30.16,0,512,288,BGR888p,1352,1012,0,29996,143,-1,-1.0,5500,66.04,51.9,2,0.7759,0.6475,chair,1,0,0,0,,frames/000574.jpg
19.0789,575,26.981439,13118.317792,56.66,56.62,29.62,0,512,288,BGR888p,1352,1012,0,29996,143,-1,-1.0,5500,66.04,51.9,2,0.7764,0.6438,chair,1,0,0,0,,frames/000575.jpg
19.1118,576,27.01476,13118.351113,56.26,56.22,30.37,0,512,288,BGR888p,1352,1012,0,29996,143,-1,-1.0,5500,66.04,51.9,2,0.7812,0.6455,chair,1,0,0,0,,frames/000576.jpg
19.1458,577,27.048083,13118.384436,56.93,56.89,29.41,0,512,288,BGR888p,1352,1012,0,29996,143,-1,-1.0,5500,66.04,51.9,3,0.7891,0.5983,chair,1,0,0,0,,frames/000577.jpg
19.179,578,27.081404,13118.417757,56.79,56.76,30.14,0,512,288,BGR888p,1352,1012,0,29996,143,-1,-1.0,5500,66.04,51.9,3,0.7798,0.5972,chair,1,0,0,0,,frames/000578.jpg
19.2118,579,27.114726,13118.451079,56.28,56.25,30.48,0,512,288,BGR888p,1352,1012,0,29996,143,-1,-1.0,5500,66.04,51.9,2,0.8013,0.6536,chair,1,0,0,0,,frames/000579.jpg
19.2458,580,27.148048,13118.484401,56.93,56.9,29.43,0,512,288,BGR888p,1352,1012,0,29996,143,-1,-1.0,5500,66.04,51.9,2,0.7876,0.6509,chair,1,0,0,0,,frames/000580.jpg
19.2792,581,27.181372,13118.517725,56.96,56.93,29.98,0,512,288,BGR888p,1352,1012,0,29996,143,-1,-1.0,5500,66.04,51.9,2,0.8135,0.6614,chair,1,0,0,0,,frames/000581.jpg
19.3119,582,27.214692,13118.551045,56.39,56.36,30.54,0,512,288,BGR888p,1352,1012,0,29996,143,-1,-1.0,5500,66.04,51.9,2,0.8271,0.6743,chair,1,0,0,0,,frames/000582.jpg
19.3454,583,27.248014,13118.584367,56.54,56.51,29.88,0,512,288,BGR888p,1352,1012,0,29996,143,-1,-1.0,5500,66.04,51.9,2,0.8252,0.6675,chair,1,0,0,0,,frames/000583.jpg
19.3789,584,27.281336,13118.617689,56.71,56.68,29.85,0,512,288,BGR888p,1352,1012,0,29996,143,-1,-1.0,5500,66.04,51.9,2,0.7969,0.6529,chair,1,0,0,0,,frames/000584.jpg
19.4121,585,27.314657,13118.651011,56.63,56.59,30.08,0,512,288,BGR888p,1352,1012,0,29996,143,-1,-1.0,5500,66.04,51.9,2,0.7764,0.6428,chair,1,0,0,0,,frames/000585.jpg
19.4455,586,27.34798,13118.684333,56.69,56.65,29.98,0,512,288,BGR888p,1352,1012,0,29996,143,-1,-1.0,5500,66.04,51.9,2,0.792,0.647,chair,1,0,0,0,,frames/000586.jpg
19.4786,587,27.381301,13118.717654,56.5,56.47,30.18,0,512,288,BGR888p,1352,1012,0,29996,143,-1,-1.0,5500,66.04,51.9,1,0.7998,0.7998,chair,0,0,0,0,,frames/000587.jpg
19.5118,588,27.414623,13118.750976,56.38,56.34,30.12,0,512,288,BGR888p,1352,1012,0,29996,143,-1,-1.0,5500,66.04,51.9,2,0.8184,0.6597,chair,1,0,0,0,,frames/000588.jpg
19.5454,589,27.447945,13118.784298,56.6,56.57,29.81,0,512,288,BGR888p,1352,1012,0,29996,143,-1,-1.0,5500,66.04,51.9,2,0.8062,0.6573,chair,1,0,0,0,,frames/000589.jpg
19.5784,590,27.481267,13118.81762,56.36,56.32,30.23,0,512,288,BGR888p,1352,1012,0,29996,143,-1,-1.0,5500,66.04,51.9,1,0.7871,0.7871,chair,0,0,0,0,,frames/000590.jpg
19.6121,591,27.514589,13118.850942,56.7,56.66,29.7,0,512,288,BGR888p,1352,1012,0,29996,143,-1,-1.0,5500,66.04,51.9,2,0.8052,0.6538,chair,1,0,0,0,,frames/000591.jpg
19.6454,592,27.547911,13118.884264,56.66,56.63,30.06,0,512,288,BGR888p,1352,1012,0,29996,143,-1,-1.0,5500,66.04,51.9,1,0.8008,0.8008,chair,0,0,0,0,,frames/000592.jpg
19.6783,593,27.581233,13118.917586,56.26,56.23,30.36,0,512,288,BGR888p,1352,1012,0,29996,143,-1,-1.0,5500,66.04,51.9,2,0.7939,0.6497,chair,1,0,0,0,,frames/000593.jpg
19.712,594,27.614554,13118.950908,56.6,56.57,29.71,0,512,288,BGR888p,1352,1012,0,29996,143,-1,-1.0,5500,66.04,51.9,2,0.8125,0.6574,chair,1,0,0,0,,frames/000594.jpg
19.7455,595,27.647876,13118.984229,56.84,56.81,29.81,0,512,288,BGR888p,1352,1012,0,29996,143,-1,-1.0,5500,66.04,51.9,2,0.7686,0.6423,chair,1,0,0,0,,frames/000595.jpg
19.7789,596,27.681199,13119.017552,56.88,56.84,29.95,0,512,288,BGR888p,1352,1012,0,29996,143,-1,-1.0,5500,66.04,51.9,3,0.7822,0.5985,chair,1,0,0,0,,frames/000596.jpg
19.812,597,27.71452,13119.050873,56.73,56.7,30.17,0,512,288,BGR888p,1352,1012,0,29996,143,-1,-1.0,5500,66.04,51.9,2,0.7812,0.6492,chair,1,0,0,0,,frames/000597.jpg
19.8455,598,27.747842,13119.084195,56.77,56.74,29.89,0,512,288,BGR888p,1352,1012,0,29996,143,-1,-1.0,5500,66.04,51.9,2,0.8052,0.6538,chair,1,0,0,0,,frames/000598.jpg
19.8783,599,27.781164,13119.117517,56.36,56.33,30.46,0,512,288,BGR888p,1352,1012,0,29996,143,-1,-1.0,5500,66.04,51.9,2,0.7793,0.6482,chair,1,0,0,0,,frames/000599.jpg
19.9121,600,27.814486,13119.150839,56.76,56.72,29.66,0,512,288,BGR888p,1352,1012,0,29996,143,-1,-1.0,5500,66.04,51.9,2,0.7651,0.6364,chair,1,0,0,0,,frames/000600.jpg
19.9454,601,27.847808,13119.184161,56.77,56.74,30.02,0,512,288,BGR888p,1352,1012,0,29996,143,-1,-1.0,5500,66.04,51.9,1,0.7661,0.7661,chair,0,0,0,0,,frames/000601.jpg
19.979,602,27.88113,13119.217483,57.02,56.99,29.78,0,512,288,BGR888p,1352,1012,0,29996,143,-1,-1.0,5500,66.04,51.9,2,0.8091,0.6597,chair,1,0,0,0,,frames/000602.jpg
