run,t_axis_ms,canoe_ts_s,SeqLo,Index,Label,class,Conf,Cx,Cy,W,H
1,1,0.000541,0,0,2,car,0.88,0.148,0.495,0.296,0.447
1,1,0.000991,0,1,2,car,0.73,0.9570000000000001,0.366,0.08,0.062
1,1,0.001401,0,2,2,car,0.72,0.606,0.374,0.065,0.064
1,2,0.001802,0,3,2,car,0.55,0.48,0.373,0.073,0.061
1,188,0.187826,1,0,2,car,0.91,0.137,0.495,0.275,0.468
1,189,0.188662,1,1,2,car,0.72,0.594,0.382,0.066,0.062
1,190,0.189514,1,2,2,car,0.6900000000000001,0.9580000000000001,0.374,0.079,0.061
1,190,0.190038,1,3,2,car,0.6,0.47300000000000003,0.384,0.077,0.06
1,354,0.353616,2,0,2,car,0.91,0.126,0.512,0.252,0.47400000000000003
1,354,0.354091,2,1,2,car,0.75,0.586,0.379,0.065,0.062
1,355,0.354558,2,2,2,car,0.74,0.9580000000000001,0.373,0.08,0.062
1,515,0.514671,3,0,2,car,0.91,0.11900000000000001,0.491,0.23700000000000002,0.452
1,515,0.515187,3,1,2,car,0.8300000000000001,0.458,0.374,0.078,0.066
1,516,0.515744,3,2,2,car,0.75,0.962,0.37,0.074,0.066
1,516,0.516219,3,3,2,car,0.74,0.5760000000000001,0.374,0.064,0.064
1,517,0.516694,3,4,2,car,0.52,0.614,0.35000000000000003,0.033,0.03
1,714,0.713548,4,0,2,car,0.92,0.108,0.493,0.217,0.461
1,714,0.714023,4,1,2,car,0.77,0.966,0.372,0.068,0.07
1,714,0.714482,4,2,2,car,0.71,0.5720000000000001,0.38,0.063,0.06
1,715,0.714859,4,3,2,car,0.68,0.455,0.38,0.079,0.065
1,715,0.715194,4,4,2,car,0.5,0.612,0.355,0.032,0.036000000000000004
1,716,0.715539,4,5,2,car,0.5,0.837,0.35000000000000003,0.044,0.038
1,914,0.914416,5,0,2,car,0.88,0.097,0.497,0.194,0.464
1,915,0.915440,5,1,2,car,0.78,0.5690000000000001,0.379,0.065,0.062
1,916,0.916193,5,2,2,car,0.63,0.974,0.376,0.051000000000000004,0.066
1,917,0.917209,5,3,2,car,0.59,0.452,0.381,0.079,0.062
1,1114,1.114137,6,0,2,car,0.8300000000000001,0.089,0.5,0.178,0.455
1,1115,1.114800,6,1,2,car,0.76,0.5700000000000001,0.391,0.064,0.06
1,1315,1.314562,7,0,2,car,0.77,0.08,0.504,0.162,0.47400000000000003
1,1316,1.315603,7,1,2,car,0.77,0.5690000000000001,0.389,0.064,0.062
1,1317,1.316635,7,2,2,car,0.61,0.448,0.392,0.068,0.06
1,1317,1.317192,7,3,2,car,0.52,0.986,0.388,0.026000000000000002,0.045
1,1318,1.317634,7,4,2,car,0.5,0.801,0.358,0.04,0.034
1,1514,1.514103,8,0,2,car,0.8,0.073,0.52,0.146,0.41500000000000004
1,1515,1.514766,8,1,2,car,0.65,0.5670000000000001,0.388,0.063,0.063
1,1515,1.515405,8,2,2,car,0.5700000000000001,0.972,0.371,0.051000000000000004,0.048
1,1516,1.516085,8,3,2,car,0.54,0.853,0.361,0.043000000000000003,0.031
1,1517,1.516708,8,4,2,car,0.54,0.449,0.392,0.07,0.06
1,1714,1.713553,9,0,2,car,0.66,0.448,0.391,0.064,0.048
1,1714,1.714102,9,1,2,car,0.51,0.5630000000000001,0.406,0.063,0.024
1,1912,1.912169,10,0,2,car,0.53,0.8130000000000001,0.34400000000000003,0.046,0.039
1,1913,1.912832,10,1,8,boat,0.5,0.54,0.388,0.101,0.044
1,2113,2.112979,11,0,2,car,0.5700000000000001,0.8200000000000001,0.35000000000000003,0.051000000000000004,0.044
1,2113,2.113479,11,1,2,car,0.54,0.45,0.389,0.062,0.051000000000000004
1,2114,2.113872,11,2,2,car,0.53,0.873,0.354,0.042,0.037
1,2314,2.313617,12,0,2,car,0.72,0.453,0.391,0.062,0.051000000000000004
1,2314,2.314142,12,1,2,car,0.6,0.044,0.561,0.089,0.391
1,2315,2.314625,12,2,2,car,0.5700000000000001,0.561,0.392,0.062,0.046
1,2315,2.315084,12,3,2,car,0.52,0.615,0.363,0.027,0.028
1,2316,2.315534,12,4,2,car,0.5,0.979,0.366,0.041,0.042
1,2513,2.513265,13,0,2,car,0.64,0.037,0.555,0.075,0.42
1,2514,2.513764,13,1,2,car,0.56,0.561,0.39,0.062,0.048
1,2514,2.514240,13,2,2,car,0.55,0.618,0.36,0.027,0.03
1,2515,2.514682,13,3,2,car,0.55,0.841,0.354,0.052000000000000005,0.039
1,2713,2.713166,14,0,2,car,0.67,0.562,0.387,0.061,0.047
1,2714,2.713666,14,1,2,car,0.66,0.852,0.355,0.065,0.042
1,2714,2.714165,14,2,2,car,0.58,0.03,0.595,0.059000000000000004,0.41100000000000003
1,2715,2.714640,14,3,2,car,0.56,0.62,0.36,0.028,0.029
1,2715,2.715116,14,4,2,car,0.52,0.457,0.387,0.059000000000000004,0.049
1,2913,2.912862,15,0,2,car,0.73,0.5640000000000001,0.379,0.061,0.054
1,2913,2.913370,15,1,2,car,0.67,0.463,0.38,0.063,0.054
1,2914,2.913829,15,2,2,car,0.5700000000000001,0.967,0.34700000000000003,0.056,0.041
1,3113,3.113304,0,0,2,car,0.74,0.5670000000000001,0.373,0.059000000000000004,0.048
1,3114,3.114041,0,1,2,car,0.72,0.47200000000000003,0.371,0.069,0.059000000000000004
1,3115,3.114558,0,2,2,car,0.65,0.887,0.34900000000000003,0.06,0.051000000000000004
1,3313,3.313066,1,0,2,car,0.74,0.5710000000000001,0.369,0.061,0.055
1,3314,3.313500,1,1,2,car,0.59,0.897,0.35000000000000003,0.07100000000000001,0.054
1,3314,3.313894,1,2,2,car,0.53,0.47400000000000003,0.369,0.066,0.055
1,3314,3.314295,1,3,2,car,0.51,0.9510000000000001,0.34700000000000003,0.048,0.047
1,3513,3.513369,2,0,2,car,0.6900000000000001,0.5740000000000001,0.368,0.063,0.056
1,3514,3.514253,2,1,2,car,0.66,0.47500000000000003,0.369,0.062,0.055
1,3515,3.514778,2,2,2,car,0.58,0.159,0.365,0.125,0.1
1,3515,3.515269,2,3,2,car,0.5700000000000001,0.792,0.322,0.04,0.033
1,3516,3.515736,2,4,2,car,0.56,0.632,0.359,0.038,0.03
1,3713,3.712860,3,0,2,car,0.77,0.579,0.368,0.063,0.056
1,3713,3.713360,3,1,2,car,0.67,0.927,0.356,0.096,0.059000000000000004
1,3714,3.713851,3,2,2,car,0.54,0.88,0.333,0.074,0.055
1,3714,3.714335,3,3,2,car,0.52,0.63,0.362,0.045,0.029
1,3912,3.912262,4,0,2,car,0.76,0.581,0.365,0.06,0.061
1,3913,3.912835,4,1,2,car,0.64,0.9460000000000001,0.353,0.105,0.067
1,3913,3.913335,4,2,2,car,0.6,0.487,0.369,0.07,0.055
1,3914,3.914039,4,3,2,car,0.54,0.89,0.334,0.08,0.06
1,3914,3.914457,4,4,2,car,0.51,0.635,0.365,0.044,0.027
1,4113,4.112966,5,0,2,car,0.74,0.582,0.371,0.06,0.064
1,4114,4.113752,5,1,2,car,0.67,0.9500000000000001,0.362,0.095,0.066
1,4114,4.114276,5,2,2,car,0.55,0.894,0.34,0.08600000000000001,0.059000000000000004
1,4115,4.114711,5,3,2,car,0.51,0.482,0.378,0.063,0.053
1,4312,4.312498,6,0,2,car,0.75,0.58,0.384,0.062,0.059000000000000004
1,4313,4.313178,6,1,2,car,0.5700000000000001,0.48,0.386,0.06,0.055
1,4314,4.313703,6,2,2,car,0.56,0.9,0.34900000000000003,0.085,0.063
1,4314,4.314210,6,3,2,car,0.55,0.9580000000000001,0.376,0.078,0.058
1,4315,4.314669,6,4,2,car,0.52,0.978,0.382,0.042,0.054
1,4511,4.511334,7,0,2,car,0.67,0.966,0.34900000000000003,0.066,0.065
1,4512,4.511777,7,1,7,truck,0.5700000000000001,0.483,0.372,0.081,0.061
1,4512,4.512252,7,2,2,car,0.52,0.928,0.34,0.055,0.054
1,4513,4.512637,7,3,2,car,0.51,0.58,0.369,0.063,0.062
1,4712,4.712243,8,0,2,car,0.7000000000000001,0.582,0.36,0.063,0.062
1,4713,4.712735,8,1,2,car,0.61,0.487,0.362,0.07100000000000001,0.062
1,4912,4.912317,9,0,2,car,0.67,0.583,0.384,0.063,0.06
1,4913,4.912857,9,1,2,car,0.54,0.484,0.388,0.067,0.056
1,5112,5.112021,10,0,2,car,0.5700000000000001,0.483,0.398,0.073,0.061
1,5113,5.112816,10,1,2,car,0.5700000000000001,0.583,0.395,0.061,0.057
1,5114,5.113659,10,2,2,car,0.52,0.911,0.34600000000000003,0.066,0.046
1,5114,5.114495,10,3,2,car,0.52,0.63,0.405,0.029,0.027
1,5115,5.115109,10,4,2,car,0.5,0.971,0.356,0.059000000000000004,0.064
1,5312,5.311922,11,0,2,car,0.63,0.583,0.401,0.061,0.059000000000000004
1,5313,5.312873,11,1,2,car,0.52,0.48,0.402,0.077,0.063
1,5511,5.510808,12,0,2,car,0.68,0.579,0.402,0.06,0.062
1,5511,5.511291,12,1,2,car,0.63,0.47800000000000004,0.405,0.067,0.058
1,5711,5.710848,13,0,2,car,0.78,0.581,0.41000000000000003,0.061,0.061
1,5711,5.711323,13,1,2,car,0.59,0.48,0.41200000000000003,0.07200000000000001,0.062
1,5912,5.911888,14,0,2,car,0.67,0.582,0.41300000000000003,0.067,0.06
1,5912,5.912388,14,1,2,car,0.63,0.971,0.34600000000000003,0.047,0.05
1,5913,5.912863,14,2,2,car,0.53,0.9420000000000001,0.6940000000000001,0.117,0.581
1,5913,5.913354,14,3,2,car,0.52,0.936,0.339,0.045,0.046
1,5914,5.913739,14,4,2,car,0.52,0.47800000000000004,0.419,0.064,0.055
1,6111,6.110781,15,0,2,car,0.71,0.585,0.41200000000000003,0.063,0.057
1,6111,6.111265,15,1,2,car,0.61,0.485,0.41100000000000003,0.073,0.066
1,6312,6.312010,0,0,2,car,0.8,0.584,0.404,0.063,0.06
1,6313,6.312706,0,1,2,car,0.68,0.9500000000000001,0.46,0.097,0.33
1,6313,6.313239,0,2,2,car,0.63,0.484,0.403,0.068,0.061
1,6314,6.313714,0,3,2,car,0.59,0.031,0.618,0.063,0.457
1,6314,6.314140,0,4,2,car,0.53,0.961,0.313,0.049,0.046
1,6315,6.314549,0,5,0,person,0.51,0.923,0.297,0.037,0.055
1,6512,6.512271,1,0,2,car,0.8200000000000001,0.9400000000000001,0.437,0.116,0.299
1,6513,6.513148,1,1,2,car,0.78,0.58,0.403,0.063,0.061
1,6514,6.513795,1,2,2,car,0.77,0.483,0.402,0.067,0.064
1,6514,6.514434,1,3,2,car,0.66,0.042,0.599,0.084,0.43
1,6711,6.711222,2,0,2,car,0.86,0.93,0.437,0.133,0.292
1,6712,6.711960,2,1,2,car,0.76,0.579,0.40800000000000003,0.059000000000000004,0.059000000000000004
1,6713,6.712558,2,2,2,car,0.76,0.48,0.406,0.066,0.061
1,6713,6.713008,2,3,2,car,0.61,0.055,0.58,0.111,0.538
1,6912,6.911762,3,0,2,car,0.85,0.925,0.427,0.145,0.28
1,6912,6.912254,3,1,2,car,0.78,0.579,0.41100000000000003,0.061,0.059000000000000004
1,6913,6.912729,3,2,2,car,0.77,0.069,0.5750000000000001,0.138,0.556
1,6913,6.913131,3,3,2,car,0.6,0.48,0.40900000000000003,0.064,0.059000000000000004
1,7111,7.111426,4,0,2,car,0.8200000000000001,0.081,0.5700000000000001,0.164,0.524
1,7112,7.111909,4,1,2,car,0.8200000000000001,0.919,0.458,0.161,0.322
1,7112,7.112360,4,2,2,car,0.74,0.579,0.41100000000000003,0.058,0.051000000000000004
1,7113,7.112819,4,3,2,car,0.73,0.48,0.406,0.064,0.059000000000000004
1,7312,7.311811,5,0,2,car,0.88,0.913,0.432,0.171,0.267
1,7312,7.312302,5,1,2,car,0.8,0.094,0.559,0.19,0.511
1,7313,7.312802,5,2,2,car,0.73,0.577,0.403,0.062,0.063
1,7313,7.313170,5,3,2,car,0.7000000000000001,0.482,0.402,0.065,0.061
1,7314,7.313539,5,4,2,car,0.64,0.151,0.394,0.10200000000000001,0.065
1,7511,7.511015,6,0,2,car,0.88,0.906,0.434,0.182,0.258
1,7511,7.511499,6,1,2,car,0.87,0.107,0.55,0.215,0.518
1,7512,7.511909,6,2,2,car,0.73,0.5760000000000001,0.4,0.063,0.064
1,7512,7.512269,6,3,2,car,0.66,0.481,0.401,0.063,0.061
1,7712,7.711548,7,0,2,car,0.89,0.901,0.432,0.191,0.256
1,7712,7.712055,7,1,2,car,0.89,0.11900000000000001,0.5690000000000001,0.23900000000000002,0.585
1,7712,7.712490,7,2,2,car,0.6900000000000001,0.577,0.399,0.062,0.065
1,7713,7.712891,7,3,2,car,0.64,0.482,0.399,0.057,0.052000000000000005
1,7912,7.911637,8,0,2,car,0.92,0.131,0.5650000000000001,0.263,0.589
1,7912,7.912161,8,1,2,car,0.87,0.897,0.424,0.198,0.228
1,7913,7.912661,8,2,2,car,0.73,0.486,0.396,0.059000000000000004,0.045
1,7913,7.913079,8,3,2,car,0.67,0.579,0.395,0.061,0.055
1,8110,8.110482,9,0,2,car,0.9400000000000001,0.14200000000000002,0.5680000000000001,0.28400000000000003,0.55
1,8111,8.110899,9,1,2,car,0.9,0.894,0.417,0.20600000000000002,0.20800000000000002
1,8111,8.111317,9,2,2,car,0.65,0.581,0.391,0.06,0.057
1,8112,8.111702,9,3,2,car,0.64,0.486,0.391,0.055,0.048
1,8112,8.112071,9,4,2,car,0.51,0.785,0.386,0.084,0.082
1,8311,8.311218,10,0,2,car,0.9,0.151,0.557,0.302,0.538
1,8312,8.311693,10,1,2,car,0.8300000000000001,0.888,0.41600000000000004,0.213,0.20700000000000002
1,8312,8.312177,10,2,2,car,0.81,0.58,0.385,0.06,0.06
1,8313,8.312578,10,3,2,car,0.78,0.489,0.386,0.058,0.047
1,8313,8.312979,10,4,7,truck,0.58,0.726,0.157,0.311,0.313
1,8511,8.511079,11,0,2,car,0.91,0.158,0.547,0.315,0.532
1,8512,8.511570,11,1,2,car,0.78,0.885,0.41600000000000004,0.225,0.202
1,8512,8.511980,11,2,2,car,0.68,0.578,0.381,0.057,0.058
1,8512,8.512357,11,3,2,car,0.59,0.488,0.382,0.053,0.043000000000000003
1,8513,8.512733,11,4,7,truck,0.53,0.749,0.128,0.28800000000000003,0.254
1,8711,8.710726,12,0,2,car,0.93,0.164,0.498,0.327,0.417
1,8711,8.711430,12,1,2,car,0.86,0.877,0.41100000000000003,0.227,0.197
1,8712,8.711914,12,2,2,car,0.68,0.577,0.377,0.06,0.059000000000000004
1,8712,8.712331,12,3,2,car,0.65,0.487,0.378,0.054,0.042
1,8911,8.911160,13,0,2,car,0.9500000000000001,0.169,0.47100000000000003,0.338,0.357
1,8912,8.911864,13,1,2,car,0.8200000000000001,0.86,0.41100000000000003,0.217,0.185
1,8912,8.912388,13,2,2,car,0.71,0.489,0.377,0.052000000000000005,0.041
1,8913,8.912888,13,3,2,car,0.67,0.5740000000000001,0.379,0.06,0.056
1,9110,9.110135,14,0,2,car,0.9500000000000001,0.17400000000000002,0.47000000000000003,0.34700000000000003,0.342
1,9111,9.110503,14,1,2,car,0.89,0.848,0.41200000000000003,0.20600000000000002,0.189
1,9111,9.110905,14,2,2,car,0.73,0.5720000000000001,0.376,0.062,0.058
1,9111,9.111282,14,3,2,car,0.65,0.488,0.373,0.054,0.04
1,9112,9.111675,14,4,2,car,0.64,0.748,0.34,0.04,0.035
1,9311,9.310659,15,0,2,car,0.92,0.177,0.465,0.354,0.34
1,9311,9.311150,15,1,2,car,0.88,0.836,0.40700000000000003,0.198,0.183
1,9312,9.311634,15,2,2,car,0.71,0.5710000000000001,0.371,0.06,0.056
1,9312,9.312166,15,3,2,car,0.68,0.489,0.365,0.053,0.043000000000000003
1,9313,9.312608,15,4,2,car,0.58,0.547,0.296,0.081,0.069
1,9511,9.510617,0,0,2,car,0.93,0.18,0.458,0.36,0.321
1,9511,9.511166,0,1,2,car,0.87,0.8260000000000001,0.405,0.191,0.17500000000000002
1,9512,9.511715,0,2,2,car,0.8,0.5700000000000001,0.371,0.06,0.055
1,9512,9.512174,0,3,2,car,0.61,0.738,0.338,0.045,0.039
1,9513,9.512641,0,4,2,car,0.55,0.49,0.365,0.048,0.039
1,9710,9.709978,1,0,2,car,0.9400000000000001,0.182,0.461,0.361,0.327
1,9710,9.710445,1,1,2,car,0.87,0.8150000000000001,0.401,0.181,0.167
1,9711,9.710912,1,2,2,car,0.73,0.5670000000000001,0.368,0.061,0.057
1,9911,9.910887,2,0,2,car,0.9400000000000001,0.192,0.46,0.34400000000000003,0.318
1,9911,9.911394,2,1,2,car,0.89,0.804,0.399,0.17500000000000002,0.168
1,9912,9.911878,2,2,2,car,0.78,0.5680000000000001,0.368,0.056,0.055
1,9912,9.912320,2,3,2,car,0.7000000000000001,0.492,0.356,0.041,0.04
1,10110,10.109551,3,0,2,car,0.9400000000000001,0.201,0.447,0.329,0.306
1,10110,10.110034,3,1,2,car,0.91,0.795,0.397,0.166,0.158
1,10111,10.110501,3,2,2,car,0.73,0.5640000000000001,0.366,0.059000000000000004,0.056
1,10111,10.110943,3,3,2,car,0.73,0.492,0.35100000000000003,0.044,0.04
1,10310,10.309624,4,0,2,car,0.92,0.20700000000000002,0.446,0.319,0.313
1,10310,10.310165,4,1,2,car,0.91,0.786,0.397,0.161,0.154
1,10311,10.310615,4,2,2,car,0.7000000000000001,0.561,0.366,0.061,0.056
1,10311,10.311066,4,3,2,car,0.62,0.492,0.35100000000000003,0.045,0.036000000000000004
1,10510,10.509730,5,0,2,car,0.93,0.213,0.449,0.309,0.28600000000000003
1,10510,10.510312,5,1,2,car,0.75,0.779,0.394,0.156,0.152
1,10511,10.510869,5,2,2,car,0.59,0.56,0.363,0.062,0.053
1,10511,10.511319,5,3,2,car,0.54,0.492,0.34500000000000003,0.041,0.045
1,10710,10.709861,6,0,2,car,0.92,0.221,0.446,0.3,0.28700000000000003
1,10710,10.710344,6,1,2,car,0.8300000000000001,0.77,0.387,0.151,0.14200000000000002
1,10711,10.710803,6,2,2,car,0.72,0.863,0.34700000000000003,0.074,0.051000000000000004
1,10711,10.711286,6,3,2,car,0.67,0.558,0.363,0.061,0.051000000000000004
1,10712,10.711761,6,4,2,car,0.63,0.492,0.34400000000000003,0.04,0.041
1,10910,10.910393,7,0,2,car,0.91,0.763,0.382,0.145,0.147
1,10911,10.910933,7,1,2,car,0.88,0.224,0.428,0.295,0.264
1,10911,10.911474,7,2,2,car,0.72,0.857,0.34,0.083,0.052000000000000005
1,10912,10.912023,7,3,2,car,0.7000000000000001,0.549,0.355,0.07200000000000001,0.057
1,10913,10.912530,7,4,2,car,0.61,0.49,0.337,0.045,0.037
1,11109,11.109425,8,0,2,car,0.84,0.23500000000000001,0.432,0.278,0.258
1,11110,11.109917,8,1,2,car,0.8200000000000001,0.755,0.387,0.14400000000000002,0.145
1,11110,11.110351,8,2,2,car,0.71,0.857,0.35000000000000003,0.081,0.052000000000000005
1,11111,11.110801,8,3,2,car,0.7000000000000001,0.555,0.357,0.059000000000000004,0.059000000000000004
1,11111,11.111244,8,4,2,car,0.63,0.49,0.341,0.044,0.039
1,11310,11.310162,9,0,2,car,0.86,0.24,0.428,0.273,0.255
1,11311,11.310711,9,1,2,car,0.85,0.749,0.383,0.14100000000000001,0.14300000000000002
1,11311,11.311219,9,2,2,car,0.75,0.855,0.34900000000000003,0.08,0.053
1,11312,11.311661,9,3,2,car,0.74,0.551,0.355,0.062,0.063
1,11312,11.312095,9,4,2,car,0.6900000000000001,0.487,0.332,0.046,0.042
1,11510,11.510039,10,0,2,car,0.8300000000000001,0.741,0.381,0.138,0.138
1,11511,11.510596,10,1,2,car,0.79,0.245,0.426,0.264,0.244
1,11511,11.511087,10,2,2,car,0.75,0.548,0.356,0.058,0.057
1,11512,11.511538,10,3,2,car,0.73,0.852,0.35000000000000003,0.081,0.056
1,11512,11.511988,10,4,2,car,0.54,0.484,0.333,0.049,0.044
1,11711,11.710587,11,0,2,car,0.8,0.25,0.41000000000000003,0.251,0.218
1,11711,11.711185,11,1,2,car,0.73,0.732,0.381,0.132,0.138
1,11712,11.711742,11,2,2,car,0.72,0.852,0.35000000000000003,0.084,0.056
1,11712,11.712258,11,3,2,car,0.7000000000000001,0.543,0.356,0.06,0.059000000000000004
1,11713,11.712733,11,4,2,car,0.58,0.481,0.33,0.042,0.047
1,11909,11.909268,12,0,2,car,0.86,0.251,0.41600000000000004,0.247,0.228
1,11910,11.909759,12,1,2,car,0.8200000000000001,0.726,0.377,0.132,0.134
1,11910,11.910202,12,2,2,car,0.8,0.85,0.35000000000000003,0.08700000000000001,0.057
1,11911,11.910660,12,3,2,car,0.78,0.539,0.353,0.06,0.059000000000000004
1,11911,11.911144,12,4,2,car,0.63,0.48,0.331,0.036000000000000004,0.04
1,12109,12.109374,13,0,2,car,0.87,0.254,0.41000000000000003,0.241,0.214
1,12110,12.109865,13,1,2,car,0.8300000000000001,0.719,0.378,0.129,0.132
1,12110,12.110307,13,2,2,car,0.79,0.537,0.35100000000000003,0.057,0.062
1,12111,12.110955,13,3,2,car,0.66,0.849,0.352,0.09,0.06
1,12111,12.111430,13,4,2,car,0.65,0.47700000000000004,0.329,0.041,0.046
1,12310,12.309766,14,0,2,car,0.89,0.255,0.41100000000000003,0.23700000000000002,0.213
1,12310,12.310315,14,1,2,car,0.85,0.713,0.379,0.128,0.131
1,12311,12.310848,14,2,2,car,0.8300000000000001,0.532,0.355,0.057,0.061
1,12311,12.311372,14,3,2,car,0.66,0.851,0.359,0.091,0.061
1,12312,12.311888,14,4,2,car,0.54,0.47600000000000003,0.335,0.04,0.039
1,12312,12.312355,14,5,9,traffic light,0.54,0.216,0.031,0.042,0.059000000000000004
1,12510,12.509889,15,0,2,car,0.88,0.705,0.375,0.126,0.132
1,12510,12.510421,15,1,2,car,0.86,0.259,0.41400000000000003,0.23,0.221
1,12511,12.510954,15,2,2,car,0.77,0.53,0.35100000000000003,0.056,0.064
1,12512,12.511503,15,3,2,car,0.67,0.851,0.357,0.096,0.065
1,12512,12.512002,15,4,2,car,0.53,0.47500000000000003,0.335,0.036000000000000004,0.029
1,12512,12.512486,15,5,2,car,0.51,0.36,0.332,0.037,0.053
1,12710,12.709700,0,0,2,car,0.89,0.7010000000000001,0.37,0.124,0.124
1,12710,12.710478,0,1,2,car,0.85,0.261,0.404,0.226,0.209
1,12711,12.711051,0,2,2,car,0.84,0.526,0.34900000000000003,0.065,0.065
1,12712,12.711567,0,3,2,car,0.6900000000000001,0.854,0.356,0.096,0.07
1,12910,12.909576,1,0,2,car,0.88,0.262,0.41200000000000003,0.221,0.215
1,12910,12.910117,1,1,2,car,0.87,0.7000000000000001,0.377,0.122,0.13
1,12911,12.910650,1,2,2,car,0.84,0.525,0.358,0.063,0.063
1,12911,12.911165,1,3,2,car,0.63,0.858,0.364,0.094,0.07
1,13109,13.108822,2,0,2,car,0.88,0.265,0.41200000000000003,0.218,0.20800000000000002
1,13109,13.109354,2,1,2,car,0.88,0.6950000000000001,0.378,0.122,0.127
1,13110,13.109879,2,2,2,car,0.81,0.524,0.361,0.062,0.065
1,13110,13.110329,2,3,2,car,0.59,0.866,0.367,0.099,0.07100000000000001
1,13309,13.309379,3,0,2,car,0.86,0.6930000000000001,0.379,0.12,0.128
1,13310,13.309919,3,1,2,car,0.84,0.267,0.40700000000000003,0.215,0.197
1,13310,13.310436,3,2,2,car,0.78,0.522,0.362,0.061,0.065
1,13509,13.508780,4,0,2,car,0.89,0.27,0.40900000000000003,0.21,0.20800000000000002
1,13509,13.509305,4,1,2,car,0.84,0.6920000000000001,0.374,0.11900000000000001,0.122
1,13510,13.509861,4,2,2,car,0.8,0.519,0.362,0.064,0.064
1,13510,13.510402,4,3,2,car,0.61,0.88,0.372,0.10300000000000001,0.077
1,13709,13.708804,5,0,2,car,0.89,0.6920000000000001,0.377,0.11800000000000001,0.123
1,13709,13.709353,5,1,2,car,0.89,0.271,0.402,0.21,0.198
1,13710,13.709861,5,2,2,car,0.8,0.517,0.364,0.063,0.064
1,13710,13.710271,5,3,2,car,0.54,0.889,0.377,0.105,0.074
1,13909,13.908845,6,0,2,car,0.88,0.277,0.404,0.20500000000000002,0.191
1,13909,13.909402,6,1,2,car,0.81,0.6910000000000001,0.38,0.11900000000000001,0.124
1,13910,13.909926,6,2,2,car,0.75,0.512,0.366,0.064,0.067
1,13910,13.910475,6,3,2,car,0.54,0.897,0.381,0.108,0.081
1,14108,14.108443,7,0,2,car,0.87,0.281,0.40700000000000003,0.20400000000000001,0.188
1,14109,14.109016,7,1,2,car,0.8300000000000001,0.6920000000000001,0.388,0.116,0.11900000000000001
1,14110,14.109549,7,2,2,car,0.74,0.508,0.37,0.066,0.065
1,14110,14.110024,7,3,7,truck,0.65,0.906,0.388,0.114,0.08600000000000001
1,14309,14.309417,8,0,2,car,0.8,0.6910000000000001,0.389,0.117,0.11900000000000001
1,14310,14.309982,8,1,2,car,0.79,0.28300000000000003,0.405,0.203,0.179
1,14310,14.310498,8,2,7,truck,0.68,0.916,0.391,0.12,0.088
1,14311,14.311047,8,3,2,car,0.67,0.027,0.367,0.054,0.046
1,14312,14.311719,8,4,2,car,0.58,0.504,0.368,0.062,0.058
1,14508,14.508180,9,0,2,car,0.87,0.28400000000000003,0.404,0.201,0.181
1,14509,14.508671,9,1,2,car,0.86,0.6910000000000001,0.388,0.117,0.11800000000000001
1,14509,14.509138,9,2,7,truck,0.61,0.927,0.396,0.127,0.092
1,14510,14.509580,9,3,2,car,0.58,0.5,0.37,0.061,0.058
1,14708,14.707778,10,0,2,car,0.85,0.6910000000000001,0.387,0.116,0.121
1,14708,14.708253,10,1,2,car,0.84,0.28400000000000003,0.40700000000000003,0.201,0.191
1,14709,14.708703,10,2,2,car,0.64,0.494,0.371,0.065,0.058
1,14909,14.909219,11,0,2,car,0.88,0.6890000000000001,0.386,0.117,0.122
1,14910,14.910128,11,1,2,car,0.87,0.28200000000000003,0.401,0.199,0.183
1,14911,14.911078,11,2,2,car,0.76,0.936,0.397,0.123,0.099
1,14912,14.911660,11,3,2,car,0.68,0.487,0.37,0.064,0.061
1,14912,14.912201,11,4,2,car,0.52,0.752,0.363,0.052000000000000005,0.039
1,15108,15.108481,12,0,2,car,0.86,0.279,0.394,0.197,0.182
1,15109,15.109202,12,1,2,car,0.8300000000000001,0.9390000000000001,0.395,0.12,0.099
1,15110,15.109685,12,2,2,car,0.73,0.6890000000000001,0.367,0.114,0.093
1,15110,15.110152,12,3,2,car,0.68,0.482,0.365,0.065,0.068
1,15111,15.110595,12,4,2,car,0.6,0.835,0.334,0.134,0.101
1,15309,15.308702,13,0,2,car,0.8200000000000001,0.9400000000000001,0.401,0.116,0.1
1,15309,15.309259,13,1,2,car,0.81,0.278,0.389,0.201,0.17
1,15310,15.309775,13,2,2,car,0.73,0.761,0.368,0.064,0.059000000000000004
1,15310,15.310308,13,3,2,car,0.72,0.6890000000000001,0.368,0.113,0.082
1,15311,15.310783,13,4,2,car,0.55,0.47500000000000003,0.367,0.063,0.069
1,15311,15.311274,13,5,2,car,0.51,0.503,0.325,0.061,0.07
1,15509,15.508775,14,0,2,car,0.8200000000000001,0.275,0.41000000000000003,0.203,0.212
1,15509,15.509316,14,1,2,car,0.81,0.6890000000000001,0.381,0.115,0.114
1,15510,15.509856,14,2,2,car,0.74,0.46900000000000003,0.368,0.067,0.07200000000000001
1,15510,15.510315,14,3,2,car,0.65,0.9430000000000001,0.4,0.109,0.083
1,15511,15.510782,14,4,2,car,0.64,0.51,0.341,0.043000000000000003,0.038
1,15511,15.511249,14,5,2,car,0.63,0.769,0.37,0.064,0.059000000000000004
1,15708,15.708160,15,0,2,car,0.88,0.6900000000000001,0.384,0.117,0.115
1,15709,15.708717,15,1,2,car,0.81,0.27,0.40700000000000003,0.20800000000000002,0.202
1,15709,15.709241,15,2,2,car,0.75,0.465,0.371,0.068,0.069
1,15710,15.709782,15,3,2,car,0.71,0.774,0.373,0.066,0.059000000000000004
1,15710,15.710241,15,4,2,car,0.59,0.512,0.342,0.047,0.037
1,15711,15.710691,15,5,2,car,0.5,0.933,0.398,0.077,0.076
1,15909,15.908643,0,0,2,car,0.88,0.265,0.40700000000000003,0.211,0.211
1,15909,15.909184,0,1,2,car,0.86,0.6910000000000001,0.383,0.113,0.116
1,15910,15.909700,0,2,2,car,0.81,0.462,0.366,0.069,0.073
1,15910,15.910224,0,3,2,car,0.78,0.78,0.369,0.07100000000000001,0.058
1,15911,15.910675,0,4,2,car,0.54,0.523,0.337,0.036000000000000004,0.034
1,16109,16.108946,1,0,2,car,0.89,0.256,0.405,0.211,0.215
1,16110,16.109511,1,1,2,car,0.85,0.787,0.367,0.074,0.057
1,16110,16.110027,1,2,2,car,0.79,0.456,0.363,0.068,0.07
1,16110,16.110486,1,3,2,car,0.78,0.6920000000000001,0.385,0.113,0.12
1,16111,16.110985,1,4,2,car,0.55,0.527,0.329,0.037,0.04
1,16111,16.111436,1,5,2,car,0.54,0.9490000000000001,0.40700000000000003,0.096,0.106
1,16112,16.111895,1,6,7,truck,0.53,0.9440000000000001,0.329,0.112,0.127
1,16309,16.308929,2,0,2,car,0.88,0.6940000000000001,0.384,0.112,0.11900000000000001
1,16309,16.309478,2,1,2,car,0.84,0.789,0.369,0.082,0.058
1,16310,16.310051,2,2,2,car,0.8300000000000001,0.246,0.406,0.214,0.218
1,16310,16.310420,2,3,2,car,0.79,0.452,0.364,0.07200000000000001,0.073
1,16311,16.310887,2,4,2,car,0.58,0.53,0.332,0.035,0.034
1,16311,16.311329,2,5,2,car,0.56,0.9490000000000001,0.40800000000000003,0.099,0.106
1,16312,16.311779,2,6,2,car,0.52,0.333,0.3,0.163,0.148
1,16509,16.508568,3,0,2,car,0.88,0.6970000000000001,0.386,0.114,0.12
1,16509,16.509059,3,1,2,car,0.81,0.801,0.367,0.081,0.064
1,16510,16.509608,3,2,2,car,0.79,0.23500000000000001,0.406,0.226,0.221
1,16510,16.510050,3,3,2,car,0.78,0.449,0.363,0.069,0.074
1,16511,16.510525,3,4,2,car,0.78,0.9520000000000001,0.41200000000000003,0.096,0.116
1,16511,16.511001,3,5,2,car,0.59,0.8320000000000001,0.319,0.073,0.093
1,16511,16.511443,3,6,2,car,0.52,0.533,0.328,0.036000000000000004,0.037
1,16709,16.708952,4,0,2,car,0.91,0.7000000000000001,0.387,0.116,0.122
1,16710,16.709501,4,1,2,car,0.86,0.228,0.40900000000000003,0.229,0.221
1,16710,16.710050,4,2,2,car,0.8,0.8130000000000001,0.374,0.083,0.063
1,16711,16.710533,4,3,2,car,0.79,0.9540000000000001,0.41600000000000004,0.088,0.113
1,16711,16.710992,4,4,2,car,0.77,0.448,0.367,0.07200000000000001,0.08
1,16711,16.711442,4,5,2,car,0.66,0.067,0.379,0.134,0.14300000000000002
1,16712,16.711893,4,6,2,car,0.65,0.54,0.33,0.035,0.033
1,16712,16.712262,4,7,2,car,0.58,0.324,0.308,0.182,0.139
1,16908,16.908493,5,0,2,car,0.92,0.7030000000000001,0.385,0.113,0.122
1,16909,16.908993,5,1,2,car,0.89,0.213,0.40900000000000003,0.23600000000000002,0.222
1,16909,16.909435,5,2,2,car,0.8,0.446,0.366,0.074,0.073
1,16910,16.910008,5,3,2,car,0.8,0.9570000000000001,0.41500000000000004,0.084,0.128
1,16911,16.910533,5,4,2,car,0.79,0.8210000000000001,0.372,0.085,0.066
1,16911,16.911032,5,5,2,car,0.63,0.543,0.327,0.033,0.033
1,16912,16.911549,5,6,2,car,0.62,0.508,0.302,0.026000000000000002,0.026000000000000002
1,17108,17.107935,6,0,2,car,0.93,0.705,0.378,0.114,0.123
1,17108,17.108468,6,1,2,car,0.9,0.2,0.40700000000000003,0.248,0.229
1,17109,17.109017,6,2,2,car,0.86,0.9580000000000001,0.422,0.083,0.147
1,17109,17.109467,6,3,2,car,0.86,0.8300000000000001,0.365,0.09,0.07
1,17110,17.109926,6,4,2,car,0.74,0.443,0.358,0.07,0.073
1,17110,17.110368,6,5,2,car,0.64,0.547,0.318,0.032,0.036000000000000004
1,17111,17.110843,6,6,5,bus,0.6,0.877,0.315,0.152,0.12
1,17309,17.308598,7,0,2,car,0.88,0.18,0.401,0.252,0.234
1,17309,17.309090,7,1,2,car,0.86,0.706,0.369,0.112,0.122
1,17309,17.309491,7,2,2,car,0.8200000000000001,0.837,0.361,0.09,0.07200000000000001
1,17310,17.309958,7,3,2,car,0.8,0.9570000000000001,0.41100000000000003,0.084,0.135
1,17310,17.310409,7,4,2,car,0.71,0.442,0.354,0.075,0.075
1,17311,17.310868,7,5,2,car,0.54,0.548,0.313,0.033,0.035
1,17508,17.507959,8,0,2,car,0.91,0.707,0.376,0.111,0.11800000000000001
1,17509,17.508713,8,1,2,car,0.89,0.16,0.41400000000000003,0.27,0.252
1,17509,17.509458,8,2,2,car,0.87,0.845,0.368,0.094,0.076
1,17510,17.509933,8,3,2,car,0.84,0.9550000000000001,0.421,0.08700000000000001,0.14100000000000001
1,17510,17.510408,8,4,2,car,0.76,0.436,0.36,0.076,0.07200000000000001
1,17511,17.510892,8,5,2,car,0.65,0.549,0.318,0.033,0.035
1,17511,17.511342,8,6,2,car,0.53,0.923,0.317,0.151,0.136
1,17512,17.511776,8,7,2,car,0.53,0.783,0.32,0.074,0.029
1,17708,17.707811,9,0,2,car,0.9,0.709,0.377,0.112,0.121
1,17708,17.708294,9,1,2,car,0.87,0.14100000000000001,0.41500000000000004,0.281,0.259
1,17709,17.708745,9,2,2,car,0.84,0.853,0.368,0.095,0.07100000000000001
1,17709,17.709195,9,3,2,car,0.8,0.9540000000000001,0.425,0.09,0.147
1,17710,17.709646,9,4,2,car,0.76,0.434,0.358,0.077,0.075
1,17710,17.710088,9,5,2,car,0.67,0.55,0.318,0.034,0.034
1,17711,17.710522,9,6,2,car,0.6,0.932,0.319,0.135,0.125
1,17711,17.710973,9,7,2,car,0.58,0.79,0.321,0.07200000000000001,0.031
1,17909,17.908884,10,0,2,car,0.87,0.131,0.404,0.26,0.243
1,17910,17.909662,10,1,2,car,0.86,0.711,0.373,0.111,0.126
1,17910,17.910161,10,2,2,car,0.84,0.9520000000000001,0.417,0.095,0.136
1,17911,17.910612,10,3,2,car,0.81,0.864,0.369,0.1,0.073
1,17911,17.911071,10,4,2,car,0.65,0.795,0.321,0.068,0.03
1,17912,17.911521,10,5,2,car,0.65,0.433,0.357,0.077,0.079
1,17912,17.911972,10,6,2,car,0.59,0.55,0.318,0.036000000000000004,0.034
1,17912,17.912406,10,7,2,car,0.52,0.9480000000000001,0.324,0.10300000000000001,0.154
1,18108,18.108301,11,0,2,car,0.87,0.122,0.398,0.244,0.253
1,18109,18.109104,11,1,2,car,0.87,0.712,0.369,0.111,0.121
1,18110,18.109842,11,2,2,car,0.8200000000000001,0.43,0.355,0.078,0.081
1,18110,18.110358,11,3,2,car,0.78,0.874,0.368,0.10400000000000001,0.073
1,18111,18.110849,11,4,2,car,0.78,0.9480000000000001,0.429,0.10300000000000001,0.16
1,18111,18.111291,11,5,2,car,0.67,0.8,0.319,0.066,0.03
1,18112,18.111775,11,6,2,car,0.65,0.551,0.318,0.032,0.033
1,18309,18.308899,12,0,2,car,0.89,0.713,0.378,0.111,0.12
1,18310,18.309653,12,1,2,car,0.84,0.114,0.40700000000000003,0.229,0.277
1,18310,18.310374,12,2,2,car,0.84,0.9460000000000001,0.437,0.108,0.161
1,18311,18.310857,12,3,2,car,0.8300000000000001,0.882,0.377,0.099,0.076
1,18311,18.311340,12,4,2,car,0.78,0.426,0.36,0.082,0.079
1,18312,18.311791,12,5,2,car,0.7000000000000001,0.552,0.323,0.031,0.03
1,18312,18.312299,12,6,2,car,0.66,0.808,0.329,0.061,0.037
1,18313,18.312774,12,7,2,car,0.55,0.371,0.335,0.059000000000000004,0.037
1,18508,18.508399,13,0,2,car,0.89,0.892,0.385,0.099,0.079
1,18509,18.509202,13,1,2,car,0.89,0.716,0.381,0.109,0.121
1,18510,18.509718,13,2,2,car,0.88,0.101,0.41500000000000004,0.201,0.28300000000000003
1,18510,18.510193,13,3,2,car,0.86,0.9430000000000001,0.439,0.112,0.157
1,18511,18.510627,13,4,2,car,0.79,0.425,0.365,0.083,0.082
1,18511,18.511094,13,5,2,car,0.6900000000000001,0.8160000000000001,0.334,0.067,0.037
1,18512,18.511528,13,6,2,car,0.62,0.552,0.328,0.033,0.032
1,18708,18.708079,14,0,2,car,0.9,0.718,0.377,0.112,0.116
1,18709,18.708570,14,1,2,car,0.88,0.09,0.426,0.178,0.28700000000000003
1,18709,18.709029,14,2,2,car,0.84,0.902,0.383,0.1,0.077
1,18709,18.709488,14,3,2,car,0.8200000000000001,0.422,0.364,0.08600000000000001,0.083
1,18710,18.709955,14,4,2,car,0.73,0.8260000000000001,0.334,0.068,0.041
1,18710,18.710397,14,5,2,car,0.72,0.9400000000000001,0.443,0.11900000000000001,0.167
1,18711,18.710856,14,6,2,car,0.54,0.551,0.329,0.032,0.033
1,18907,18.907210,15,0,2,car,0.88,0.72,0.372,0.113,0.115
1,18908,18.907718,15,1,2,car,0.88,0.078,0.421,0.156,0.31
1,18908,18.908160,15,2,2,car,0.79,0.42,0.36,0.08600000000000001,0.082
1,18909,18.908578,15,3,2,car,0.74,0.91,0.378,0.091,0.07
1,18909,18.909012,15,4,2,car,0.7000000000000001,0.8320000000000001,0.329,0.07,0.037
1,18909,18.909438,15,5,2,car,0.6900000000000001,0.935,0.437,0.128,0.17400000000000002
1,18910,18.909856,15,6,2,car,0.53,0.551,0.324,0.031,0.029
1,19108,19.107807,0,0,2,car,0.9,0.721,0.369,0.111,0.111
1,19108,19.108364,0,1,2,car,0.86,0.934,0.44,0.132,0.202
1,19109,19.108922,0,2,2,car,0.84,0.064,0.402,0.129,0.28500000000000003
1,19109,19.109446,0,3,2,car,0.81,0.41600000000000004,0.356,0.08700000000000001,0.084
1,19110,19.109970,0,4,2,car,0.71,0.843,0.328,0.067,0.039
1,19110,19.110420,0,5,2,car,0.59,0.551,0.326,0.029,0.034
1,19307,19.307430,1,0,2,car,0.91,0.933,0.449,0.134,0.214
1,19308,19.307897,1,1,2,car,0.88,0.727,0.374,0.111,0.115
1,19308,19.308462,1,2,2,car,0.86,0.049,0.40800000000000003,0.098,0.274
1,19309,19.309027,1,3,2,car,0.74,0.855,0.337,0.073,0.043000000000000003
1,19309,19.309494,1,4,2,car,0.67,0.41400000000000003,0.359,0.09,0.083
1,19310,19.309945,1,5,2,car,0.56,0.553,0.329,0.033,0.035
1,19508,19.507503,2,0,2,car,0.89,0.731,0.381,0.109,0.115
1,19508,19.507978,2,1,2,car,0.81,0.866,0.34800000000000003,0.074,0.045
1,19508,19.508453,2,2,2,car,0.8,0.933,0.458,0.133,0.209
1,19509,19.508830,2,3,2,car,0.76,0.41200000000000003,0.365,0.093,0.084
1,19509,19.509314,2,4,2,car,0.58,0.555,0.337,0.032,0.03
1,19510,19.509838,2,5,2,car,0.53,0.035,0.41500000000000004,0.069,0.28800000000000003
1,19510,19.510379,2,6,2,car,0.5,0.622,0.336,0.032,0.024
1,19707,19.706847,3,0,2,car,0.91,0.737,0.379,0.111,0.117
1,19707,19.707388,3,1,2,car,0.89,0.934,0.462,0.131,0.222
1,19708,19.707945,3,2,2,car,0.8200000000000001,0.41000000000000003,0.365,0.093,0.085
1,19708,19.708461,3,3,2,car,0.79,0.878,0.35000000000000003,0.077,0.05
1,19906,19.906159,4,0,2,car,0.9,0.742,0.379,0.108,0.114
1,19907,19.906617,4,1,2,car,0.88,0.935,0.47000000000000003,0.13,0.231
1,19907,19.907199,4,2,2,car,0.81,0.40800000000000003,0.364,0.095,0.08700000000000001
1,19908,19.907617,4,3,2,car,0.76,0.891,0.35100000000000003,0.083,0.049
1,19908,19.908158,4,4,2,car,0.58,0.555,0.338,0.035,0.025
1,19909,19.908616,4,5,2,car,0.5700000000000001,0.624,0.337,0.036000000000000004,0.025
1,20107,20.107330,5,0,2,car,0.85,0.75,0.373,0.11,0.11
1,20108,20.107837,5,1,2,car,0.85,0.936,0.455,0.127,0.211
1,20108,20.108378,5,2,2,car,0.74,0.907,0.35000000000000003,0.088,0.05
1,20109,20.108878,5,3,2,car,0.74,0.405,0.363,0.097,0.097
1,20109,20.109419,5,4,2,car,0.51,0.557,0.334,0.037,0.028
1,20307,20.307182,6,0,2,car,0.88,0.757,0.367,0.11,0.115
1,20308,20.307714,6,1,2,car,0.88,0.937,0.452,0.126,0.209
1,20308,20.308239,6,2,2,car,0.79,0.922,0.35100000000000003,0.091,0.055
1,20309,20.308754,6,3,2,car,0.66,0.404,0.357,0.1,0.091
1,20309,20.309230,6,4,2,car,0.51,0.585,0.333,0.032,0.025
1,20507,20.507157,7,0,2,car,0.88,0.763,0.367,0.112,0.113
1,20508,20.507935,7,1,2,car,0.86,0.937,0.454,0.124,0.214
1,20509,20.508525,7,2,2,car,0.77,0.931,0.355,0.083,0.06
1,20509,20.509000,7,3,2,car,0.71,0.403,0.36,0.10300000000000001,0.092
1,20509,20.509483,7,4,2,car,0.51,0.632,0.339,0.039,0.022
1,20707,20.707107,8,0,2,car,0.9,0.936,0.46,0.124,0.223
1,20708,20.707795,8,1,2,car,0.8200000000000001,0.771,0.371,0.111,0.111
1,20708,20.708369,8,2,2,car,0.73,0.403,0.364,0.10400000000000001,0.095
1,20709,20.708901,8,3,2,car,0.63,0.633,0.343,0.039,0.023
1,20709,20.709450,8,4,2,car,0.51,0.562,0.343,0.032,0.025
1,20710,20.709892,8,5,2,car,0.5,0.934,0.362,0.07,0.059000000000000004
1,20710,20.710343,8,6,2,car,0.5,0.59,0.34,0.034,0.024
1,20907,20.906975,9,0,2,car,0.85,0.934,0.461,0.128,0.229
1,20908,20.907909,9,1,2,car,0.84,0.778,0.37,0.115,0.112
1,20909,20.908638,9,2,2,car,0.75,0.403,0.365,0.107,0.096
1,20909,20.909187,9,3,2,car,0.59,0.634,0.34600000000000003,0.044,0.027
1,21107,21.106983,10,0,2,car,0.87,0.931,0.463,0.137,0.255
1,21108,21.107679,10,1,2,car,0.87,0.785,0.367,0.113,0.111
1,21108,21.108253,10,2,2,car,0.71,0.404,0.363,0.107,0.1
1,21109,21.108769,10,3,2,car,0.64,0.641,0.34500000000000003,0.051000000000000004,0.027
1,21109,21.109228,10,4,2,car,0.53,0.596,0.341,0.036000000000000004,0.025
1,21306,21.306483,11,0,2,car,0.92,0.927,0.47900000000000004,0.145,0.275
1,21307,21.307015,11,1,2,car,0.88,0.791,0.37,0.116,0.106
1,21307,21.307474,11,2,2,car,0.66,0.405,0.367,0.105,0.097
1,21308,21.307875,11,3,2,car,0.64,0.599,0.34900000000000003,0.035,0.024
1,21308,21.308252,11,4,2,car,0.53,0.642,0.34900000000000003,0.044,0.026000000000000002
1,21505,21.505327,12,0,2,car,0.91,0.923,0.47800000000000004,0.153,0.272
1,21506,21.505720,12,1,2,car,0.86,0.798,0.375,0.111,0.107
1,21506,21.506269,12,2,2,car,0.52,0.602,0.352,0.04,0.028
1,21507,21.506671,12,3,2,car,0.5,0.41000000000000003,0.374,0.108,0.10300000000000001
1,21706,21.705843,13,0,2,car,0.89,0.917,0.47500000000000003,0.165,0.258
1,21706,21.706301,13,1,2,car,0.81,0.808,0.381,0.123,0.10400000000000001
1,21707,21.706760,13,2,2,car,0.68,0.41500000000000004,0.379,0.105,0.099
1,21707,21.707235,13,3,2,car,0.58,0.609,0.356,0.035,0.027
1,21708,21.707711,13,4,2,car,0.53,0.653,0.358,0.045,0.025
1,21907,21.906670,14,0,2,car,0.9,0.909,0.47600000000000003,0.181,0.255
1,21907,21.907259,14,1,2,car,0.8300000000000001,0.809,0.387,0.111,0.099
1,21908,21.907808,14,2,2,car,0.64,0.421,0.382,0.107,0.097
1,21908,21.908283,14,3,2,car,0.6,0.611,0.36,0.038,0.029
1,21909,21.908726,14,4,2,car,0.55,0.654,0.362,0.045,0.026000000000000002
1,22106,22.105686,15,0,2,car,0.91,0.898,0.46,0.201,0.233
1,22106,22.106227,15,1,2,car,0.8,0.81,0.382,0.095,0.095
1,22107,22.106751,15,2,2,car,0.61,0.43,0.378,0.10400000000000001,0.093
1,22107,22.107218,15,3,2,car,0.56,0.619,0.357,0.039,0.027
1,22108,22.107710,15,4,2,car,0.52,0.659,0.36,0.037,0.023
1,22307,22.306783,0,0,2,car,0.9,0.888,0.45,0.222,0.20600000000000002
1,22307,22.307275,0,1,2,car,0.75,0.44,0.381,0.10300000000000001,0.093
1,22308,22.307725,0,2,2,car,0.7000000000000001,0.047,0.499,0.094,0.398
1,22308,22.308168,0,3,2,car,0.61,0.808,0.384,0.089,0.08700000000000001
1,22309,22.308651,0,4,2,car,0.5700000000000001,0.667,0.363,0.047,0.026000000000000002
1,22309,22.309102,0,5,2,car,0.56,0.625,0.361,0.036000000000000004,0.029
1,22310,22.309577,0,6,2,car,0.51,0.589,0.364,0.031,0.03
1,22506,22.505964,1,0,2,car,0.9,0.88,0.456,0.23800000000000002,0.213
1,22507,22.506660,1,1,2,car,0.86,0.065,0.47100000000000003,0.131,0.419
1,22507,22.507184,1,2,2,car,0.8200000000000001,0.448,0.382,0.099,0.092
1,22508,22.507643,1,3,2,car,0.53,0.626,0.363,0.034,0.032
1,22508,22.508102,1,4,2,car,0.52,0.667,0.365,0.041,0.027
1,22509,22.508577,1,5,2,car,0.51,0.503,0.359,0.05,0.032
1,22509,22.509093,1,6,2,car,0.5,0.542,0.362,0.029,0.029
1,22706,22.705881,2,0,2,car,0.9400000000000001,0.86,0.445,0.23600000000000002,0.197
1,22706,22.706422,2,1,2,car,0.71,0.455,0.385,0.096,0.08700000000000001
1,22707,22.706872,2,2,2,car,0.68,0.083,0.488,0.167,0.517
1,22707,22.707331,2,3,2,car,0.6,0.632,0.366,0.038,0.03
1,22906,22.906323,3,0,2,car,0.93,0.839,0.447,0.218,0.183
1,22907,22.907249,3,1,2,car,0.76,0.46900000000000003,0.383,0.099,0.092
1,22908,22.907822,3,2,2,car,0.65,0.638,0.365,0.037,0.03
1,22908,22.908371,3,3,2,car,0.56,0.603,0.367,0.029,0.03
1,22909,22.908789,3,4,2,car,0.54,0.10300000000000001,0.559,0.20600000000000002,0.668
1,22909,22.909239,3,5,2,car,0.5,0.68,0.368,0.036000000000000004,0.026000000000000002
1,23106,23.106126,4,0,2,car,0.9400000000000001,0.8210000000000001,0.445,0.199,0.177
1,23107,23.106667,4,1,2,car,0.87,0.12,0.489,0.24,0.503
1,23107,23.107199,4,2,2,car,0.6900000000000001,0.923,0.374,0.037,0.041
1,23108,23.107740,4,3,2,car,0.68,0.481,0.387,0.093,0.088
1,23108,23.108190,4,4,2,car,0.58,0.642,0.369,0.041,0.031
1,23109,23.108665,4,5,2,car,0.54,0.606,0.368,0.031,0.036000000000000004
1,23306,23.305978,5,0,2,car,0.93,0.135,0.508,0.271,0.552
1,23307,23.306502,5,1,2,car,0.92,0.806,0.441,0.185,0.166
1,23307,23.307027,5,2,2,car,0.75,0.491,0.385,0.09,0.085
1,23307,23.307477,5,3,2,car,0.73,0.9430000000000001,0.375,0.041,0.041
1,23308,23.307936,5,4,2,car,0.5700000000000001,0.613,0.369,0.034,0.033
1,23308,23.308427,5,5,2,car,0.56,0.655,0.37,0.042,0.032
1,23506,23.506256,6,0,2,car,0.93,0.151,0.494,0.301,0.507
1,23507,23.506960,6,1,2,car,0.92,0.793,0.431,0.18,0.157
1,23507,23.507477,6,2,2,car,0.68,0.9590000000000001,0.373,0.043000000000000003,0.04
1,23508,23.507944,6,3,2,car,0.65,0.5,0.377,0.09,0.085
1,23508,23.508435,6,4,2,car,0.64,0.616,0.364,0.035,0.031
1,23509,23.508910,6,5,2,car,0.62,0.656,0.363,0.046,0.033
1,23509,23.509377,6,6,2,car,0.59,0.7010000000000001,0.367,0.036000000000000004,0.03
1,23510,23.509820,6,7,2,car,0.51,0.5650000000000001,0.361,0.036000000000000004,0.03
1,23705,23.705453,7,0,2,car,0.9400000000000001,0.166,0.486,0.331,0.47500000000000003
1,23706,23.705911,7,1,2,car,0.91,0.78,0.424,0.164,0.147
1,23706,23.706452,7,2,2,car,0.81,0.976,0.37,0.044,0.046
1,23707,23.706927,7,3,2,car,0.73,0.853,0.384,0.07200000000000001,0.08
1,23707,23.707370,7,4,2,car,0.73,0.507,0.375,0.08600000000000001,0.084
1,23708,23.707771,7,5,2,car,0.67,0.662,0.362,0.035,0.034
1,23708,23.708221,7,6,2,car,0.65,0.619,0.362,0.035,0.031
1,23709,23.708623,7,7,2,car,0.61,0.5680000000000001,0.36,0.037,0.027
1,23906,23.906181,8,0,2,car,0.96,0.179,0.482,0.357,0.46
1,23907,23.906886,8,1,2,car,0.92,0.767,0.421,0.155,0.134
1,23907,23.907394,8,2,2,car,0.8,0.85,0.386,0.075,0.081
1,23908,23.907844,8,3,2,car,0.79,0.511,0.377,0.08600000000000001,0.085
1,23908,23.908287,8,4,2,car,0.7000000000000001,0.663,0.366,0.046,0.034
1,23909,23.908745,8,5,2,car,0.6900000000000001,0.62,0.366,0.037,0.034
1,23909,23.909196,8,6,2,car,0.65,0.985,0.372,0.027,0.047
1,23910,23.909663,8,7,2,car,0.51,0.5690000000000001,0.36,0.034,0.029
1,24106,24.106246,9,0,2,car,0.9400000000000001,0.189,0.47100000000000003,0.377,0.431
1,24107,24.106967,9,1,2,car,0.93,0.758,0.417,0.149,0.132
1,24108,24.107721,9,2,2,car,0.75,0.848,0.383,0.08,0.083
1,24108,24.108466,9,3,2,car,0.73,0.516,0.375,0.084,0.084
1,24109,24.108966,9,4,2,car,0.65,0.625,0.365,0.042,0.036000000000000004
1,24109,24.109441,9,5,2,car,0.64,0.5700000000000001,0.359,0.034,0.032
1,24110,24.109908,9,6,2,car,0.64,0.667,0.364,0.041,0.032
1,24305,24.305246,10,0,2,car,0.9400000000000001,0.201,0.452,0.401,0.393
1,24306,24.305631,10,1,2,car,0.9,0.751,0.41400000000000003,0.14400000000000002,0.131
1,24306,24.306041,10,2,2,car,0.76,0.845,0.383,0.085,0.077
1,24306,24.306459,10,3,2,car,0.7000000000000001,0.519,0.375,0.085,0.084
1,24307,24.306844,10,4,2,car,0.6900000000000001,0.623,0.365,0.038,0.032
1,24307,24.307221,10,5,2,car,0.62,0.669,0.366,0.039,0.034
1,24308,24.307622,10,6,2,car,0.5700000000000001,0.5700000000000001,0.359,0.033,0.031
1,24308,24.308105,10,7,2,car,0.55,0.397,0.365,0.074,0.051000000000000004
1,24505,24.505008,11,0,2,car,0.9500000000000001,0.211,0.464,0.422,0.41600000000000004
1,24506,24.505574,11,1,2,car,0.89,0.743,0.41200000000000003,0.136,0.11800000000000001
1,24506,24.506049,11,2,2,car,0.8,0.845,0.388,0.082,0.077
1,24507,24.506581,11,3,2,car,0.68,0.667,0.37,0.044,0.037
1,24507,24.507097,11,4,2,car,0.67,0.627,0.369,0.039,0.037
1,24508,24.507630,11,5,2,car,0.66,0.524,0.38,0.079,0.081
1,24508,24.508113,11,6,2,car,0.63,0.4,0.366,0.053,0.049
1,24508,24.508498,11,7,2,car,0.51,0.5720000000000001,0.363,0.032,0.032
1,24705,24.705467,12,0,2,car,0.9500000000000001,0.219,0.465,0.439,0.404
1,24706,24.706007,12,1,2,car,0.9,0.737,0.41200000000000003,0.129,0.11900000000000001
1,24707,24.706572,12,2,2,car,0.78,0.844,0.386,0.081,0.078
1,24707,24.707031,12,3,2,car,0.73,0.528,0.38,0.079,0.082
1,24707,24.707490,12,4,2,car,0.7000000000000001,0.627,0.369,0.039,0.035
1,24708,24.707973,12,5,2,car,0.62,0.664,0.372,0.046,0.038
1,24708,24.708416,12,6,2,car,0.56,0.986,0.41200000000000003,0.027,0.055
1,24906,24.905761,13,0,2,car,0.9500000000000001,0.24,0.466,0.441,0.397
1,24907,24.906539,13,1,2,car,0.85,0.734,0.40900000000000003,0.124,0.117
1,24907,24.907113,13,2,2,car,0.8,0.533,0.38,0.079,0.078
1,24908,24.907579,13,3,2,car,0.79,0.843,0.385,0.081,0.077
1,24908,24.908022,13,4,2,car,0.74,0.629,0.368,0.04,0.036000000000000004
1,24908,24.908481,13,5,2,car,0.5,0.58,0.364,0.03,0.033
1,25106,25.105646,14,0,2,car,0.96,0.266,0.467,0.421,0.396
1,25106,25.106145,14,1,2,car,0.87,0.73,0.40800000000000003,0.12,0.111
1,25107,25.106702,14,2,2,car,0.86,0.536,0.383,0.079,0.08
1,25107,25.107153,14,3,2,car,0.8,0.841,0.386,0.084,0.076
1,25108,25.107628,14,4,2,car,0.6900000000000001,0.631,0.369,0.043000000000000003,0.037
1,25108,25.108095,14,5,2,car,0.6,0.981,0.397,0.036000000000000004,0.083
1,25109,25.108537,14,6,2,car,0.5,0.49,0.368,0.043000000000000003,0.049
1,25305,25.304752,15,0,2,car,0.96,0.296,0.455,0.396,0.368
1,25305,25.305211,15,1,2,car,0.87,0.73,0.4,0.113,0.111
1,25306,25.305661,15,2,2,car,0.8300000000000001,0.843,0.379,0.081,0.076
1,25306,25.306137,15,3,2,car,0.77,0.54,0.385,0.078,0.07100000000000001
1,25307,25.306612,15,4,2,car,0.65,0.978,0.396,0.042,0.07
1,25307,25.307062,15,5,2,car,0.56,0.492,0.358,0.057,0.051000000000000004
1,25308,25.307529,15,6,2,car,0.56,0.631,0.365,0.038,0.029
1,25505,25.505088,0,0,2,car,0.96,0.323,0.46,0.379,0.357
1,25506,25.505604,0,1,2,car,0.89,0.726,0.405,0.117,0.108
1,25506,25.506104,0,2,2,car,0.79,0.843,0.388,0.082,0.07200000000000001
1,25507,25.506578,0,3,2,car,0.62,0.545,0.399,0.077,0.062
1,25507,25.507054,0,4,2,car,0.59,0.634,0.369,0.043000000000000003,0.036000000000000004
1,25508,25.507529,0,5,2,car,0.56,0.976,0.402,0.046,0.073
1,25705,25.704555,1,0,2,car,0.97,0.34400000000000003,0.462,0.359,0.355
1,25705,25.705030,1,1,2,car,0.88,0.727,0.405,0.112,0.108
1,25706,25.705505,1,2,2,car,0.85,0.844,0.385,0.082,0.07200000000000001
1,25706,25.705988,1,3,2,car,0.73,0.976,0.399,0.049,0.07200000000000001
1,25706,25.706431,1,4,2,car,0.7000000000000001,0.552,0.388,0.07200000000000001,0.079
1,25707,25.706865,1,5,2,car,0.66,0.64,0.368,0.048,0.042
1,25905,25.904939,2,0,2,car,0.96,0.367,0.458,0.342,0.34500000000000003
1,25905,25.905488,2,1,2,car,0.87,0.727,0.406,0.111,0.108
1,25906,25.906045,2,2,2,car,0.85,0.845,0.384,0.082,0.07100000000000001
1,25907,25.906504,2,3,2,car,0.74,0.973,0.399,0.052000000000000005,0.07
1,25907,25.906971,2,4,2,car,0.65,0.125,0.355,0.176,0.062
1,25907,25.907421,2,5,2,car,0.65,0.641,0.369,0.046,0.037
1,25908,25.907872,2,6,2,car,0.64,0.554,0.387,0.082,0.08
1,26105,26.104545,3,0,2,car,0.9500000000000001,0.387,0.459,0.326,0.336
1,26105,26.105086,3,1,2,car,0.85,0.728,0.406,0.108,0.106
1,26106,26.105618,3,2,2,car,0.78,0.847,0.388,0.079,0.068
1,26106,26.106127,3,3,2,car,0.73,0.645,0.372,0.053,0.043000000000000003
1,26107,26.106593,3,4,2,car,0.71,0.562,0.389,0.069,0.081
1,26107,26.107044,3,5,2,car,0.7000000000000001,0.972,0.401,0.055,0.073
1,26305,26.304848,4,0,2,car,0.9500000000000001,0.40700000000000003,0.459,0.313,0.339
1,26305,26.305315,4,1,2,car,0.87,0.729,0.40700000000000003,0.11,0.108
1,26306,26.305757,4,2,2,car,0.77,0.846,0.386,0.081,0.068
1,26306,26.306216,4,3,2,car,0.71,0.642,0.377,0.044,0.034
1,26307,26.306667,4,4,2,car,0.71,0.5710000000000001,0.388,0.062,0.078
1,26307,26.307109,4,5,2,car,0.67,0.97,0.404,0.059000000000000004,0.07100000000000001
1,26504,26.504307,5,0,2,car,0.93,0.425,0.457,0.302,0.335
1,26505,26.504807,5,1,2,car,0.87,0.728,0.406,0.111,0.10200000000000001
1,26505,26.505331,5,2,2,car,0.78,0.969,0.403,0.059000000000000004,0.07100000000000001
1,26506,26.505831,5,3,2,car,0.75,0.846,0.386,0.082,0.066
1,26506,26.506297,5,4,2,car,0.72,0.643,0.378,0.043000000000000003,0.037
1,26507,26.506756,5,5,2,car,0.6,0.577,0.391,0.055,0.08600000000000001
1,26705,26.705035,6,0,2,car,0.92,0.446,0.463,0.309,0.327
1,26706,26.705724,6,1,2,car,0.88,0.729,0.40900000000000003,0.112,0.099
1,26706,26.706231,6,2,2,car,0.77,0.849,0.388,0.078,0.065
1,26707,26.706682,6,3,2,car,0.75,0.647,0.381,0.046,0.04
1,26707,26.707124,6,4,2,car,0.71,0.97,0.404,0.059000000000000004,0.074
1,26904,26.904306,7,0,2,car,0.9400000000000001,0.453,0.452,0.291,0.32
1,26905,26.904855,7,1,2,car,0.9,0.73,0.404,0.111,0.10300000000000001
1,26905,26.905387,7,2,2,car,0.78,0.967,0.4,0.064,0.07100000000000001
1,26906,26.905854,7,3,2,car,0.75,0.847,0.383,0.089,0.061
1,26906,26.906329,7,4,2,car,0.68,0.651,0.375,0.049,0.039
1,26907,26.906780,7,5,2,car,0.53,0.596,0.37,0.046,0.046
1,27105,27.104682,8,0,2,car,0.9400000000000001,0.463,0.462,0.28400000000000003,0.319
1,27106,27.105624,8,1,2,car,0.9,0.73,0.40800000000000003,0.108,0.10400000000000001
1,27106,27.106427,8,2,2,car,0.78,0.965,0.4,0.067,0.07
1,27107,27.106927,8,3,2,car,0.65,0.65,0.377,0.05,0.041
1,27107,27.107402,8,4,2,car,0.64,0.847,0.384,0.083,0.06
1,27304,27.303641,9,0,2,car,0.93,0.47200000000000003,0.466,0.281,0.321
1,27304,27.304059,9,1,2,car,0.89,0.728,0.40800000000000003,0.108,0.10300000000000001
1,27304,27.304428,9,2,2,car,0.75,0.962,0.398,0.073,0.067
1,27305,27.304796,9,3,2,car,0.64,0.844,0.384,0.079,0.065
1,27305,27.305173,9,4,2,car,0.6,0.649,0.382,0.05,0.038
1,27306,27.305558,9,5,2,car,0.54,0.312,0.361,0.096,0.044
1,27504,27.503551,10,0,2,car,0.88,0.47900000000000004,0.47100000000000003,0.276,0.324
1,27504,27.504042,10,1,2,car,0.86,0.728,0.40800000000000003,0.106,0.101
1,27504,27.504493,10,2,2,car,0.78,0.96,0.399,0.076,0.068
1,27505,27.505001,10,3,2,car,0.65,0.65,0.381,0.048,0.038
1,27505,27.505459,10,4,2,car,0.53,0.84,0.384,0.078,0.061
1,27705,27.704590,11,0,2,car,0.91,0.49,0.46900000000000003,0.272,0.324
1,27705,27.705148,11,1,2,car,0.87,0.727,0.405,0.107,0.10200000000000001
1,27706,27.705696,11,2,2,car,0.77,0.9590000000000001,0.395,0.08,0.067
1,27706,27.706262,11,3,2,car,0.66,0.181,0.358,0.152,0.061
1,27707,27.706720,11,4,2,car,0.6,0.655,0.378,0.048,0.041
1,27904,27.904213,12,0,2,car,0.88,0.727,0.40700000000000003,0.10300000000000001,0.1
1,27905,27.904762,12,1,2,car,0.86,0.499,0.47400000000000003,0.269,0.326
1,27905,27.905262,12,2,2,car,0.77,0.9560000000000001,0.395,0.084,0.069
1,27906,27.905720,12,3,2,car,0.62,0.657,0.381,0.043000000000000003,0.041
1,27906,27.906196,12,4,2,car,0.56,0.11800000000000001,0.359,0.23700000000000002,0.075
1,28105,28.104532,13,0,2,car,0.86,0.73,0.405,0.098,0.101
1,28105,28.105089,13,1,2,car,0.84,0.507,0.468,0.264,0.31
1,28106,28.105638,13,2,2,car,0.64,0.9540000000000001,0.394,0.08600000000000001,0.069
1,28106,28.106154,13,3,2,car,0.59,0.839,0.383,0.077,0.051000000000000004
1,28107,28.106613,13,4,2,car,0.58,0.657,0.378,0.044,0.041
1,28304,28.304130,14,0,2,car,0.87,0.522,0.463,0.267,0.309
1,28305,28.304630,14,1,2,car,0.8300000000000001,0.728,0.396,0.101,0.095
1,28305,28.305072,14,2,2,car,0.77,0.9530000000000001,0.386,0.091,0.069
1,28306,28.305523,14,3,2,car,0.74,0.842,0.373,0.081,0.061
1,28306,28.305998,14,4,2,car,0.65,0.654,0.377,0.053,0.038
1,28505,28.504580,15,0,2,car,0.9,0.53,0.452,0.263,0.293
1,28506,28.505522,15,1,2,car,0.8300000000000001,0.729,0.391,0.099,0.095
1,28506,28.506423,15,2,2,car,0.79,0.843,0.37,0.094,0.06
1,28507,28.507038,15,3,2,car,0.79,0.9510000000000001,0.379,0.095,0.074
1,28508,28.507513,15,4,2,car,0.58,0.66,0.358,0.058,0.059000000000000004
1,28508,28.508013,15,5,2,car,0.52,0.424,0.37,0.058,0.105
1,28704,28.704096,0,0,2,car,0.9,0.534,0.451,0.261,0.292
1,28705,28.704662,0,1,2,car,0.78,0.727,0.392,0.094,0.091
1,28705,28.705153,0,2,2,car,0.6900000000000001,0.8320000000000001,0.371,0.077,0.059000000000000004
1,28706,28.705595,0,3,2,car,0.68,0.9400000000000001,0.38,0.085,0.06
1,28706,28.706071,0,4,2,car,0.66,0.419,0.375,0.069,0.11
1,28707,28.706529,0,5,2,car,0.54,0.659,0.374,0.042,0.038
1,28904,28.903940,1,0,2,car,0.86,0.539,0.456,0.258,0.28800000000000003
1,28904,28.904464,1,1,2,car,0.8200000000000001,0.724,0.395,0.094,0.09
1,28905,28.905030,1,2,2,car,0.74,0.8260000000000001,0.376,0.074,0.059000000000000004
1,28906,28.905562,1,3,2,car,0.72,0.42,0.38,0.089,0.114
1,28906,28.906078,1,4,2,car,0.64,0.9400000000000001,0.384,0.1,0.066
1,29104,29.103874,2,0,2,car,0.87,0.542,0.456,0.257,0.28300000000000003
1,29104,29.104423,2,1,2,car,0.8200000000000001,0.719,0.396,0.097,0.088
1,29105,29.104964,2,2,2,car,0.78,0.41200000000000003,0.386,0.096,0.11900000000000001
1,29105,29.105496,2,3,2,car,0.73,0.8230000000000001,0.378,0.079,0.055
1,29106,29.105971,2,4,2,car,0.59,0.919,0.385,0.08700000000000001,0.063
1,29304,29.304013,3,0,2,car,0.9,0.545,0.459,0.257,0.28700000000000003
1,29304,29.304488,3,1,2,car,0.84,0.404,0.389,0.105,0.128
1,29305,29.304889,3,2,2,car,0.79,0.717,0.395,0.101,0.088
1,29305,29.305332,3,3,2,car,0.7000000000000001,0.8140000000000001,0.382,0.066,0.051000000000000004
1,29306,29.305791,3,4,2,car,0.61,0.932,0.387,0.11800000000000001,0.07200000000000001
1,29306,29.306249,3,5,2,car,0.6,0.29,0.383,0.121,0.077
1,29504,29.503865,4,0,2,car,0.91,0.545,0.46,0.256,0.28800000000000003
1,29504,29.504356,4,1,2,car,0.89,0.396,0.388,0.114,0.134
1,29505,29.504856,4,2,2,car,0.78,0.71,0.394,0.094,0.089
1,29505,29.505323,4,3,2,car,0.71,0.81,0.383,0.07,0.058
1,29506,29.505782,4,4,2,car,0.58,0.915,0.384,0.114,0.068
1,29704,29.704118,5,0,2,car,0.91,0.546,0.457,0.255,0.28400000000000003
1,29705,29.704790,5,1,2,car,0.9,0.387,0.388,0.126,0.138
1,29705,29.705323,5,2,2,car,0.8,0.707,0.393,0.09,0.088
1,29706,29.705798,5,3,2,car,0.71,0.913,0.386,0.107,0.068
1,29706,29.706256,5,4,2,car,0.71,0.804,0.381,0.064,0.056
1,29707,29.706650,5,5,2,car,0.62,0.156,0.362,0.153,0.054
1,29904,29.903667,6,0,2,car,0.91,0.546,0.456,0.256,0.28400000000000003
1,29904,29.904101,6,1,2,car,0.8200000000000001,0.376,0.387,0.13,0.14300000000000002
1,29905,29.904503,6,2,2,car,0.75,0.7020000000000001,0.392,0.091,0.089
1,29905,29.904904,6,3,2,car,0.74,0.798,0.382,0.068,0.055
1,29905,29.905380,6,4,2,car,0.66,0.901,0.384,0.111,0.068
1,29906,29.905830,6,5,2,car,0.55,0.289,0.366,0.054,0.033
1,30103,30.103241,7,0,2,car,0.92,0.546,0.459,0.253,0.28400000000000003
1,30104,30.103749,7,1,2,car,0.9,0.364,0.39,0.14100000000000001,0.151
1,30104,30.104249,7,2,2,car,0.84,0.897,0.385,0.111,0.07
1,30105,30.104617,7,3,2,car,0.75,0.6960000000000001,0.39,0.085,0.085
1,30105,30.105092,7,4,2,car,0.71,0.793,0.378,0.065,0.049
1,30105,30.105469,7,5,2,car,0.7000000000000001,0.268,0.362,0.058,0.029
1,30106,30.105854,7,6,2,car,0.52,0.745,0.377,0.044,0.047
1,30304,30.304018,8,0,2,car,0.92,0.543,0.455,0.256,0.279
1,30305,30.304510,8,1,2,car,0.89,0.352,0.392,0.154,0.157
1,30305,30.305026,8,2,2,car,0.8200000000000001,0.893,0.382,0.116,0.077
1,30306,30.305501,8,3,2,car,0.8200000000000001,0.6910000000000001,0.388,0.081,0.084
1,30306,30.305984,8,4,2,car,0.65,0.788,0.38,0.057,0.054
1,30306,30.306386,8,5,2,car,0.58,0.743,0.38,0.05,0.05
1,30307,30.306755,8,6,2,car,0.56,0.23600000000000002,0.358,0.082,0.033
1,30503,30.503256,9,0,2,car,0.93,0.54,0.457,0.255,0.28500000000000003
1,30504,30.503748,9,1,2,car,0.89,0.338,0.396,0.164,0.169
1,30504,30.504215,9,2,2,car,0.72,0.9540000000000001,0.554,0.091,0.308
1,30505,30.504673,9,3,2,car,0.71,0.684,0.386,0.082,0.08600000000000001
1,30505,30.505148,9,4,2,car,0.62,0.85,0.385,0.046,0.066
1,30506,30.505550,9,5,2,car,0.61,0.742,0.383,0.057,0.055
1,30506,30.505943,9,6,2,car,0.51,0.2,0.359,0.123,0.054
1,30704,30.703854,10,0,2,car,0.92,0.535,0.454,0.252,0.281
1,30704,30.704370,10,1,2,car,0.9,0.324,0.397,0.176,0.176
1,30705,30.704861,10,2,2,car,0.86,0.929,0.512,0.137,0.324
1,30705,30.705287,10,3,2,car,0.78,0.676,0.385,0.085,0.084
1,30706,30.705672,10,4,2,car,0.7000000000000001,0.737,0.382,0.051000000000000004,0.054
1,30706,30.706041,10,5,2,car,0.64,0.146,0.358,0.111,0.053
1,30706,30.706426,10,6,2,car,0.59,0.775,0.384,0.053,0.055
1,30707,30.706803,10,7,2,car,0.56,0.866,0.386,0.096,0.064
1,30904,30.903665,11,0,2,car,0.93,0.533,0.454,0.252,0.28300000000000003
1,30904,30.904148,11,1,2,car,0.89,0.912,0.533,0.17200000000000001,0.378
1,30905,30.904639,11,2,2,car,0.88,0.312,0.4,0.191,0.188
1,30905,30.905115,11,3,2,car,0.79,0.671,0.384,0.076,0.08
1,30906,30.905582,11,4,2,car,0.73,0.736,0.385,0.064,0.059000000000000004
1,30906,30.906016,11,5,2,car,0.62,0.421,0.341,0.07,0.078
1,30906,30.906376,11,6,2,car,0.6,0.772,0.385,0.051000000000000004,0.057
1,31104,31.103705,12,0,2,car,0.93,0.531,0.45,0.25,0.28300000000000003
1,31104,31.104197,12,1,2,car,0.92,0.301,0.4,0.209,0.199
1,31105,31.104664,12,2,2,car,0.9,0.897,0.493,0.203,0.305
1,31105,31.105131,12,3,2,car,0.73,0.668,0.38,0.074,0.078
1,31106,31.105606,12,4,2,car,0.72,0.748,0.385,0.083,0.057
1,31106,31.105999,12,5,2,car,0.56,0.41400000000000003,0.354,0.07100000000000001,0.10400000000000001
1,31106,31.106376,12,6,2,car,0.54,0.062,0.359,0.123,0.083
1,31304,31.303926,13,0,2,car,0.93,0.53,0.451,0.246,0.276
1,31304,31.304409,13,1,2,car,0.89,0.28800000000000003,0.401,0.221,0.209
1,31305,31.304901,13,2,2,car,0.88,0.882,0.483,0.227,0.28700000000000003
1,31305,31.305376,13,3,2,car,0.84,0.662,0.38,0.075,0.076
1,31306,31.305859,13,4,2,car,0.71,0.74,0.385,0.077,0.06
1,31306,31.306244,13,5,2,car,0.53,0.41000000000000003,0.357,0.078,0.111
1,31503,31.502820,14,0,2,car,0.92,0.527,0.446,0.23900000000000002,0.274
1,31503,31.503303,14,1,2,car,0.91,0.273,0.404,0.242,0.223
1,31504,31.503762,14,2,2,car,0.9,0.87,0.46,0.249,0.245
1,31504,31.504237,14,3,2,car,0.79,0.66,0.378,0.07100000000000001,0.076
1,31505,31.504695,14,4,2,car,0.71,0.738,0.384,0.077,0.061
1,31505,31.505072,14,5,2,car,0.67,0.403,0.356,0.08600000000000001,0.12
1,31703,31.703269,15,0,2,car,0.89,0.527,0.442,0.232,0.262
1,31704,31.703786,15,1,2,car,0.88,0.257,0.40700000000000003,0.255,0.23600000000000002
1,31704,31.704277,15,2,2,car,0.87,0.859,0.44,0.271,0.20800000000000002
1,31705,31.704818,15,3,2,car,0.74,0.653,0.38,0.069,0.074
1,31705,31.705301,15,4,2,car,0.73,0.398,0.361,0.09,0.136
1,31706,31.705678,15,5,2,car,0.71,0.727,0.383,0.063,0.064
1,31904,31.903564,0,0,2,car,0.91,0.529,0.435,0.22,0.252
1,31904,31.904088,0,1,2,car,0.9,0.23900000000000002,0.41100000000000003,0.276,0.247
1,31905,31.904588,0,2,2,car,0.9,0.837,0.439,0.262,0.212
1,31905,31.905055,0,3,2,car,0.77,0.391,0.36,0.091,0.14400000000000002
1,31906,31.905530,0,4,2,car,0.72,0.65,0.381,0.074,0.073
1,31906,31.905956,0,5,2,car,0.67,0.962,0.391,0.075,0.096
1,31906,31.906341,0,6,2,car,0.54,0.722,0.381,0.047,0.062
1,32103,32.103277,1,0,2,car,0.92,0.81,0.434,0.23700000000000002,0.197
1,32104,32.103760,1,1,2,car,0.91,0.528,0.434,0.21,0.23900000000000002
1,32104,32.104235,1,2,2,car,0.91,0.222,0.41600000000000004,0.295,0.26
1,32105,32.104710,1,3,2,car,0.8300000000000001,0.387,0.363,0.1,0.14400000000000002
1,32105,32.105185,1,4,2,car,0.81,0.9540000000000001,0.392,0.088,0.095
1,32106,32.105562,1,5,2,car,0.64,0.657,0.383,0.08700000000000001,0.07
1,32303,32.303194,2,0,2,car,0.9400000000000001,0.2,0.419,0.323,0.272
1,32304,32.303702,2,1,2,car,0.92,0.786,0.429,0.218,0.184
1,32304,32.304185,2,2,2,car,0.91,0.9400000000000001,0.395,0.116,0.092
1,32305,32.304644,2,3,2,car,0.9,0.528,0.429,0.196,0.223
1,32305,32.305103,2,4,2,car,0.81,0.382,0.367,0.107,0.151
1,32305,32.305496,2,5,2,car,0.6,0.64,0.384,0.063,0.074
1,32502,32.502407,3,0,2,car,0.93,0.763,0.424,0.197,0.169
1,32503,32.502907,3,1,2,car,0.92,0.528,0.429,0.188,0.214
1,32503,32.503390,3,2,2,car,0.91,0.184,0.426,0.336,0.28400000000000003
1,32504,32.503874,3,3,2,car,0.88,0.381,0.374,0.115,0.152
1,32504,32.504324,3,4,2,car,0.88,0.931,0.397,0.129,0.095
1,32505,32.504701,3,5,2,car,0.72,0.634,0.386,0.058,0.073
1,32703,32.702923,4,0,2,car,0.96,0.17200000000000001,0.442,0.34400000000000003,0.3
1,32703,32.703423,4,1,2,car,0.91,0.747,0.436,0.178,0.159
1,32704,32.703799,4,2,2,car,0.9,0.528,0.441,0.181,0.20500000000000002
1,32704,32.704258,4,3,2,car,0.87,0.377,0.389,0.126,0.156
1,32705,32.704668,4,4,2,car,0.85,0.931,0.41400000000000003,0.134,0.093
1,32705,32.705069,4,5,2,car,0.6900000000000001,0.632,0.40700000000000003,0.059000000000000004,0.064
1,32903,32.903201,5,0,2,car,0.96,0.165,0.455,0.33,0.324
1,32904,32.903922,5,1,2,car,0.93,0.734,0.43,0.167,0.14400000000000002
1,32904,32.904422,5,2,2,car,0.88,0.528,0.442,0.168,0.195
1,32905,32.904823,5,3,2,car,0.86,0.367,0.391,0.136,0.156
1,32905,32.905191,5,4,2,car,0.86,0.926,0.421,0.127,0.092
1,32906,32.905576,5,5,2,car,0.67,0.629,0.41200000000000003,0.051000000000000004,0.06
1,32906,32.905962,5,6,2,car,0.53,0.842,0.41200000000000003,0.089,0.07200000000000001
1,33103,33.103045,6,0,2,car,0.93,0.158,0.446,0.316,0.365
1,33104,33.103880,6,1,2,car,0.9,0.72,0.43,0.156,0.14200000000000002
1,33104,33.104421,6,2,2,car,0.9,0.527,0.437,0.166,0.191
1,33105,33.104921,6,3,2,car,0.9,0.358,0.395,0.145,0.17200000000000001
1,33105,33.105322,6,4,2,car,0.88,0.918,0.419,0.125,0.08600000000000001
1,33106,33.105715,6,5,2,car,0.65,0.623,0.40900000000000003,0.047,0.058
1,33106,33.106100,6,6,2,car,0.5,0.8250000000000001,0.41400000000000003,0.08,0.068
1,33303,33.302774,7,0,2,car,0.93,0.149,0.464,0.299,0.392
1,33303,33.303274,7,1,2,car,0.9,0.711,0.424,0.152,0.127
1,33304,33.303741,7,2,2,car,0.9,0.528,0.434,0.16,0.188
1,33304,33.304199,7,3,2,car,0.89,0.35100000000000003,0.394,0.151,0.182
1,33305,33.304666,7,4,2,car,0.87,0.914,0.418,0.125,0.085
1,33305,33.305043,7,5,2,car,0.59,0.8270000000000001,0.41200000000000003,0.091,0.07200000000000001
1,33305,33.305436,7,6,2,car,0.56,0.621,0.405,0.045,0.058
1,33503,33.502544,8,0,2,car,0.92,0.7020000000000001,0.42,0.14,0.12
1,33503,33.503044,8,1,2,car,0.92,0.139,0.47800000000000004,0.278,0.47700000000000004
1,33504,33.503502,8,2,2,car,0.88,0.337,0.394,0.166,0.188
1,33504,33.504019,8,3,2,car,0.88,0.527,0.43,0.157,0.182
1,33505,33.504543,8,4,2,car,0.8300000000000001,0.917,0.419,0.14200000000000002,0.083
1,33505,33.504961,8,5,2,car,0.6900000000000001,0.8130000000000001,0.419,0.08,0.062
1,33505,33.505337,8,6,2,car,0.52,0.619,0.402,0.038,0.061
1,33703,33.702797,9,0,2,car,0.91,0.6960000000000001,0.421,0.138,0.11800000000000001
1,33703,33.703297,9,1,2,car,0.91,0.126,0.506,0.252,0.544
1,33704,33.703797,9,2,2,car,0.87,0.526,0.429,0.159,0.178
1,33704,33.704256,9,3,2,car,0.84,0.904,0.421,0.11900000000000001,0.082
1,33705,33.704624,9,4,2,car,0.81,0.322,0.396,0.183,0.193
1,33705,33.705001,9,5,2,car,0.72,0.81,0.418,0.07200000000000001,0.064
1,33705,33.705370,9,6,2,car,0.67,0.423,0.406,0.047,0.07
1,33903,33.902879,10,0,2,car,0.9,0.686,0.421,0.126,0.11800000000000001
1,33903,33.903370,10,1,2,car,0.89,0.107,0.498,0.214,0.5640000000000001
1,33904,33.903837,10,2,2,car,0.87,0.527,0.43,0.158,0.181
1,33904,33.904214,10,3,2,car,0.87,0.312,0.398,0.191,0.20800000000000002
1,33905,33.904583,10,4,2,car,0.85,0.902,0.422,0.11800000000000001,0.084
1,33905,33.904984,10,5,2,car,0.78,0.809,0.417,0.065,0.066
1,33905,33.905369,10,6,2,car,0.75,0.423,0.40700000000000003,0.051000000000000004,0.07100000000000001
1,33906,33.905746,10,7,2,car,0.67,0.761,0.417,0.051000000000000004,0.068
1,34103,34.103124,11,0,2,car,0.9,0.68,0.42,0.12,0.115
1,34104,34.103640,11,1,2,car,0.86,0.526,0.429,0.16,0.185
1,34104,34.104042,11,2,2,car,0.84,0.901,0.423,0.12,0.083
1,34104,34.104410,11,3,2,car,0.81,0.078,0.526,0.158,0.549
1,34105,34.104803,11,4,2,car,0.77,0.41500000000000004,0.406,0.058,0.074
1,34105,34.105180,11,5,2,car,0.73,0.757,0.419,0.066,0.066
1,34106,34.105557,11,6,2,car,0.7000000000000001,0.81,0.419,0.064,0.069
1,34106,34.105958,11,7,2,car,0.68,0.298,0.403,0.20700000000000002,0.225
1,34303,34.303238,12,0,2,car,0.84,0.676,0.41300000000000003,0.11800000000000001,0.109
1,34304,34.303738,12,1,2,car,0.8300000000000001,0.525,0.421,0.161,0.185
1,34304,34.304238,12,2,2,car,0.8300000000000001,0.899,0.41200000000000003,0.122,0.09
1,34305,34.304623,12,3,2,car,0.8200000000000001,0.278,0.395,0.224,0.24
1,34305,34.305032,12,4,2,car,0.77,0.41100000000000003,0.399,0.065,0.08
1,34305,34.305401,12,5,2,car,0.76,0.755,0.41000000000000003,0.07,0.074
1,34306,34.305802,12,6,2,car,0.7000000000000001,0.81,0.41100000000000003,0.069,0.069
1,34306,34.306163,12,7,2,car,0.6900000000000001,0.043000000000000003,0.589,0.08600000000000001,0.354
1,34503,34.503156,13,0,2,car,0.86,0.668,0.406,0.114,0.10300000000000001
1,34504,34.503590,13,1,2,car,0.84,0.405,0.398,0.07,0.083
1,34504,34.503975,13,2,2,car,0.8300000000000001,0.526,0.42,0.165,0.194
1,34504,34.504352,13,3,2,car,0.8200000000000001,0.899,0.40900000000000003,0.117,0.083
1,34505,34.504720,13,4,2,car,0.72,0.972,0.41300000000000003,0.054,0.076
1,34505,34.505105,13,5,2,car,0.71,0.261,0.394,0.242,0.253
1,34505,34.505466,13,6,2,car,0.67,0.811,0.41000000000000003,0.068,0.07
1,34506,34.505843,13,7,2,car,0.65,0.752,0.40900000000000003,0.07,0.074
1,34703,34.702549,14,0,2,car,0.86,0.899,0.417,0.122,0.08700000000000001
1,34703,34.703057,14,1,2,car,0.86,0.525,0.426,0.166,0.197
1,34704,34.703524,14,2,2,car,0.85,0.663,0.41300000000000003,0.107,0.095
1,34704,34.703958,14,3,2,car,0.76,0.404,0.406,0.07200000000000001,0.076
1,34704,34.704360,14,4,2,car,0.76,0.242,0.401,0.264,0.263
1,34705,34.704736,14,5,2,car,0.75,0.777,0.41200000000000003,0.13,0.084
1,34902,34.902442,15,0,2,car,0.84,0.903,0.424,0.129,0.082
1,34903,34.902852,15,1,2,car,0.8300000000000001,0.661,0.418,0.10300000000000001,0.096
1,34903,34.903311,15,2,2,car,0.8200000000000001,0.403,0.41100000000000003,0.073,0.074
1,34904,34.903695,15,3,2,car,0.81,0.523,0.432,0.169,0.195
1,34904,34.904072,15,4,2,car,0.75,0.778,0.421,0.129,0.08
1,34904,34.904457,15,5,2,car,0.72,0.225,0.40900000000000003,0.28200000000000003,0.28400000000000003
1,35103,35.102646,0,0,2,car,0.9,0.9,0.423,0.121,0.085
1,35103,35.103138,0,1,2,car,0.8200000000000001,0.211,0.41100000000000003,0.297,0.299
1,35104,35.103613,0,2,2,car,0.8,0.525,0.432,0.17200000000000001,0.202
1,35104,35.104088,0,3,2,car,0.8,0.4,0.41100000000000003,0.081,0.074
1,35104,35.104473,0,4,2,car,0.8,0.659,0.418,0.091,0.095
1,35105,35.104858,0,5,2,car,0.79,0.778,0.421,0.129,0.08
1,35302,35.302433,1,0,2,car,0.9,0.898,0.423,0.125,0.082
1,35303,35.303006,1,1,2,car,0.84,0.198,0.40800000000000003,0.313,0.308
1,35304,35.303547,1,2,2,car,0.8300000000000001,0.525,0.432,0.176,0.202
1,35304,35.304014,1,3,2,car,0.8200000000000001,0.397,0.41100000000000003,0.08700000000000001,0.07200000000000001
1,35304,35.304456,1,4,2,car,0.8200000000000001,0.655,0.41600000000000004,0.08600000000000001,0.089
1,35305,35.304915,1,5,2,car,0.76,0.78,0.42,0.129,0.081
1,35501,35.501343,2,0,2,car,0.86,0.9,0.427,0.121,0.082
1,35502,35.501925,2,1,2,car,0.84,0.189,0.41200000000000003,0.322,0.316
1,35502,35.502449,2,2,2,car,0.81,0.78,0.425,0.128,0.082
1,35503,35.502916,2,3,2,car,0.78,0.648,0.421,0.08,0.08600000000000001
1,35503,35.503456,2,4,2,car,0.7000000000000001,0.394,0.41400000000000003,0.094,0.074
1,35504,35.503915,2,5,2,car,0.6900000000000001,0.525,0.439,0.18,0.21
1,35504,35.504382,2,6,2,car,0.5700000000000001,0.7020000000000001,0.417,0.043000000000000003,0.045
1,35702,35.702071,3,0,2,car,0.87,0.903,0.437,0.122,0.089
1,35703,35.702694,3,1,2,car,0.8300000000000001,0.646,0.43,0.076,0.08
1,35703,35.703227,3,2,2,car,0.8,0.777,0.435,0.114,0.083
1,35704,35.703751,3,3,2,car,0.75,0.529,0.453,0.187,0.226
1,35704,35.704275,3,4,2,car,0.65,0.184,0.429,0.328,0.329
1,35705,35.704808,3,5,2,car,0.63,0.705,0.426,0.049,0.049
1,35705,35.705275,3,6,2,car,0.53,0.394,0.42,0.10400000000000001,0.074
1,35902,35.901874,4,0,2,car,0.87,0.78,0.442,0.108,0.084
1,35902,35.902399,4,1,2,car,0.8300000000000001,0.907,0.447,0.11900000000000001,0.083
1,35903,35.902915,4,2,2,car,0.79,0.644,0.438,0.077,0.076
1,35903,35.903447,4,3,2,car,0.78,0.179,0.428,0.335,0.319
1,35904,35.903955,4,4,2,car,0.71,0.398,0.43,0.11,0.07100000000000001
1,35904,35.904397,4,5,2,car,0.65,0.706,0.437,0.053,0.051000000000000004
1,35905,35.904864,4,6,2,car,0.63,0.53,0.464,0.19,0.229
1,36102,36.102242,5,0,2,car,0.88,0.782,0.443,0.107,0.083
1,36103,36.103037,5,1,2,car,0.84,0.906,0.447,0.117,0.083
1,36104,36.103791,5,2,2,car,0.76,0.645,0.437,0.064,0.075
1,36104,36.104364,5,3,2,car,0.71,0.707,0.435,0.06,0.052000000000000005
1,36105,36.104888,5,4,2,car,0.67,0.176,0.432,0.34,0.332
1,36105,36.105355,5,5,2,car,0.65,0.41600000000000004,0.428,0.065,0.065
1,36106,36.105814,5,6,2,car,0.64,0.53,0.462,0.195,0.234
1,36302,36.301595,6,0,2,car,0.9,0.911,0.439,0.122,0.08600000000000001
1,36302,36.302168,6,1,2,car,0.89,0.787,0.434,0.106,0.08600000000000001
1,36303,36.302692,6,2,2,car,0.78,0.42,0.42,0.068,0.068
1,36303,36.303233,6,3,2,car,0.78,0.645,0.428,0.06,0.07200000000000001
1,36304,36.303700,6,4,2,car,0.73,0.532,0.45,0.198,0.227
1,36304,36.304167,6,5,2,car,0.67,0.711,0.426,0.061,0.059000000000000004
1,36305,36.304618,6,6,2,car,0.59,0.177,0.41300000000000003,0.342,0.318
1,36502,36.501701,7,0,2,car,0.88,0.913,0.432,0.121,0.084
1,36502,36.502143,7,1,2,car,0.86,0.794,0.429,0.108,0.08700000000000001
1,36503,36.502553,7,2,2,car,0.81,0.534,0.453,0.198,0.24
1,36503,36.502954,7,3,2,car,0.74,0.648,0.423,0.056,0.067
1,36503,36.503347,7,4,2,car,0.73,0.182,0.419,0.333,0.333
1,36504,36.503749,7,5,2,car,0.73,0.715,0.422,0.059000000000000004,0.058
1,36701,36.700824,8,0,2,car,0.9,0.914,0.438,0.121,0.08600000000000001
1,36701,36.701307,8,1,2,car,0.87,0.796,0.433,0.111,0.089
1,36702,36.701774,8,2,2,car,0.84,0.535,0.456,0.202,0.248
1,36702,36.702167,8,3,2,car,0.8200000000000001,0.647,0.426,0.056,0.062
1,36703,36.702544,8,4,2,car,0.6900000000000001,0.719,0.426,0.063,0.059000000000000004
1,36703,36.702913,8,5,2,car,0.68,0.188,0.421,0.327,0.328
1,36902,36.901814,9,0,2,car,0.9,0.916,0.438,0.123,0.08700000000000001
1,36903,36.902544,9,1,2,car,0.87,0.536,0.454,0.201,0.242
1,36903,36.902986,9,2,2,car,0.86,0.802,0.435,0.113,0.088
1,36903,36.903346,9,3,2,car,0.8,0.726,0.428,0.068,0.062
1,36904,36.903723,9,4,2,car,0.79,0.646,0.425,0.056,0.064
1,36904,36.904100,9,5,2,car,0.61,0.201,0.41000000000000003,0.312,0.292
1,36904,36.904485,9,6,2,car,0.54,0.428,0.42,0.049,0.063
1,37102,37.101765,10,0,2,car,0.87,0.216,0.41500000000000004,0.295,0.29
1,37102,37.102314,10,1,2,car,0.86,0.806,0.433,0.115,0.088
1,37103,37.102723,10,2,2,car,0.84,0.539,0.454,0.197,0.24
1,37103,37.103092,10,3,2,car,0.8300000000000001,0.916,0.435,0.11800000000000001,0.085
1,37103,37.103469,10,4,2,car,0.75,0.647,0.423,0.054,0.056
1,37104,37.103862,10,5,2,car,0.73,0.729,0.425,0.064,0.061
1,37104,37.104239,10,6,2,car,0.55,0.964,0.5670000000000001,0.07200000000000001,0.34
1,37301,37.300953,11,0,2,car,0.91,0.933,0.495,0.133,0.365
1,37301,37.301453,11,1,2,car,0.89,0.81,0.435,0.113,0.091
1,37302,37.301961,11,2,2,car,0.86,0.539,0.456,0.197,0.232
1,37302,37.302346,11,3,2,car,0.78,0.231,0.41300000000000003,0.28300000000000003,0.271
1,37303,37.302731,11,4,2,car,0.76,0.646,0.423,0.052000000000000005,0.06
1,37303,37.303157,11,5,2,car,0.6900000000000001,0.719,0.426,0.096,0.063
1,37304,37.303542,11,6,2,car,0.63,0.6940000000000001,0.422,0.046,0.054
1,37502,37.501649,12,0,2,car,0.91,0.541,0.463,0.196,0.226
1,37502,37.502034,12,1,2,car,0.85,0.804,0.439,0.095,0.08600000000000001
1,37502,37.502419,12,2,2,car,0.84,0.916,0.517,0.168,0.41600000000000004
1,37503,37.502812,12,3,2,car,0.79,0.248,0.42,0.262,0.264
1,37503,37.503197,12,4,2,car,0.78,0.739,0.431,0.07,0.065
1,37504,37.503599,12,5,2,car,0.72,0.646,0.426,0.05,0.063
1,37504,37.503976,12,6,2,car,0.61,0.443,0.422,0.048,0.061
1,37504,37.504360,12,7,2,car,0.6,0.6950000000000001,0.424,0.047,0.058
1,37701,37.701493,13,0,2,car,0.9,0.543,0.465,0.193,0.231
1,37702,37.702001,13,1,2,car,0.76,0.743,0.433,0.067,0.063
1,37702,37.702476,13,2,2,car,0.76,0.897,0.49,0.20600000000000002,0.34
1,37703,37.702951,13,3,2,car,0.74,0.266,0.426,0.245,0.265
1,37703,37.703328,13,4,2,car,0.72,0.647,0.427,0.055,0.061
1,37704,37.703705,13,5,2,car,0.62,0.6980000000000001,0.426,0.046,0.058
1,37704,37.704098,13,6,2,car,0.61,0.788,0.441,0.049,0.088
1,37704,37.704499,13,7,2,car,0.58,0.447,0.422,0.049,0.062
1,37902,37.901673,14,0,2,car,0.91,0.544,0.466,0.191,0.226
1,37903,37.902508,14,1,2,car,0.8,0.884,0.484,0.226,0.301
1,37903,37.903172,14,2,2,car,0.74,0.28200000000000003,0.425,0.232,0.245
1,37904,37.903672,14,3,2,car,0.73,0.753,0.434,0.084,0.07
1,37904,37.904097,14,4,2,car,0.6900000000000001,0.646,0.426,0.05,0.061
1,37904,37.904466,14,5,2,car,0.68,0.6990000000000001,0.425,0.052000000000000005,0.056
1,37905,37.904867,14,6,2,car,0.56,0.454,0.42,0.046,0.064
1,38101,38.101131,15,0,2,car,0.89,0.876,0.47200000000000003,0.244,0.253
1,38102,38.101615,15,1,2,car,0.89,0.547,0.47000000000000003,0.184,0.222
1,38102,38.102106,15,2,2,car,0.8300000000000001,0.299,0.43,0.22,0.232
1,38103,38.102598,15,3,2,car,0.76,0.746,0.432,0.059000000000000004,0.061
1,38103,38.102975,15,4,2,car,0.73,0.7030000000000001,0.425,0.051000000000000004,0.057
1,38103,38.103360,15,5,2,car,0.72,0.644,0.425,0.053,0.058
1,38104,38.103736,15,6,2,car,0.5700000000000001,0.457,0.418,0.045,0.065
1,38301,38.300508,0,0,2,car,0.92,0.868,0.47000000000000003,0.257,0.246
1,38301,38.301016,0,1,2,car,0.9,0.547,0.46900000000000003,0.184,0.218
1,38301,38.301483,0,2,2,car,0.81,0.314,0.426,0.20700000000000002,0.224
1,38302,38.301884,0,3,2,car,0.71,0.644,0.424,0.048,0.056
1,38302,38.302261,0,4,2,car,0.65,0.722,0.428,0.084,0.063
1,38303,38.302646,0,5,2,car,0.52,0.46,0.418,0.045,0.055
1,38501,38.500975,1,0,2,car,0.91,0.84,0.462,0.228,0.229
1,38501,38.501474,1,1,2,car,0.9,0.547,0.463,0.179,0.211
1,38502,38.501958,1,2,2,car,0.85,0.327,0.422,0.194,0.21
1,38502,38.502441,1,3,2,car,0.78,0.64,0.41600000000000004,0.053,0.057
1,38503,38.502818,1,4,2,car,0.74,0.707,0.42,0.064,0.059000000000000004
1,38503,38.503186,1,5,2,car,0.63,0.963,0.443,0.067,0.08
1,38701,38.701007,2,0,2,car,0.9,0.549,0.462,0.178,0.20600000000000002
1,38701,38.701490,2,1,2,car,0.86,0.8180000000000001,0.454,0.20500000000000002,0.209
1,38702,38.702006,2,2,2,car,0.8300000000000001,0.341,0.418,0.185,0.202
1,38702,38.702482,2,3,2,car,0.78,0.9490000000000001,0.438,0.094,0.08600000000000001
1,38703,38.702875,2,4,2,car,0.77,0.638,0.41200000000000003,0.048,0.06
1,38703,38.703252,2,5,2,car,0.73,0.705,0.41500000000000004,0.058,0.056
1,38901,38.900777,3,0,2,car,0.89,0.549,0.458,0.17500000000000002,0.201
1,38901,38.901277,3,1,2,car,0.85,0.35100000000000003,0.41200000000000003,0.17400000000000002,0.193
1,38902,38.901752,3,2,2,car,0.79,0.634,0.40700000000000003,0.05,0.058
1,38902,38.902194,3,3,2,car,0.78,0.6980000000000001,0.40800000000000003,0.052000000000000005,0.059000000000000004
1,38903,38.902579,3,4,2,car,0.78,0.805,0.448,0.2,0.192
1,38903,38.902989,3,5,2,car,0.63,0.9490000000000001,0.432,0.096,0.085
1,38903,38.903382,3,6,2,car,0.5700000000000001,0.904,0.442,0.061,0.10200000000000001
1,39101,39.100768,4,0,2,car,0.91,0.546,0.455,0.17400000000000002,0.2
1,39101,39.101252,4,1,2,car,0.89,0.36,0.406,0.168,0.183
1,39102,39.101620,4,2,2,car,0.85,0.788,0.443,0.178,0.181
1,39102,39.102014,4,3,2,car,0.74,0.631,0.406,0.052000000000000005,0.057
1,39102,39.102390,4,4,2,car,0.71,0.6950000000000001,0.403,0.044,0.054
1,39103,39.102775,4,5,2,car,0.62,0.902,0.437,0.099,0.114
1,39103,39.103185,4,6,2,car,0.53,0.464,0.399,0.044,0.06
1,39301,39.300973,5,0,2,car,0.91,0.544,0.446,0.168,0.196
1,39302,39.301653,5,1,2,car,0.88,0.771,0.434,0.166,0.17400000000000002
1,39302,39.302177,5,2,2,car,0.85,0.897,0.431,0.11900000000000001,0.117
1,39303,39.302677,5,3,2,car,0.84,0.368,0.398,0.16,0.17200000000000001
1,39303,39.303053,5,4,2,car,0.68,0.631,0.395,0.052000000000000005,0.054
1,39303,39.303447,5,5,2,car,0.58,0.9570000000000001,0.419,0.08,0.08
1,39500,39.500112,6,0,2,car,0.92,0.545,0.438,0.167,0.195
1,39501,39.500546,6,1,2,car,0.89,0.899,0.425,0.134,0.12
1,39501,39.500939,6,2,2,car,0.85,0.376,0.389,0.15,0.17300000000000001
1,39501,39.501324,6,3,2,car,0.8300000000000001,0.762,0.42,0.155,0.16
1,39502,39.501693,6,4,2,car,0.73,0.9590000000000001,0.41300000000000003,0.079,0.079
1,39700,39.700341,7,0,2,car,0.91,0.542,0.438,0.166,0.195
1,39701,39.700849,7,1,2,car,0.91,0.91,0.429,0.17300000000000001,0.125
1,39701,39.701316,7,2,2,car,0.87,0.384,0.39,0.14100000000000001,0.17200000000000001
1,39702,39.701783,7,3,2,car,0.85,0.757,0.418,0.147,0.156
1,39702,39.702250,7,4,2,car,0.55,0.27,0.396,0.092,0.069
1,39900,39.899636,8,0,2,car,0.93,0.918,0.431,0.161,0.131
1,39900,39.900103,8,1,2,car,0.92,0.544,0.436,0.165,0.192
1,39901,39.900562,8,2,2,car,0.8,0.39,0.387,0.139,0.165
1,39901,39.901020,8,3,2,car,0.8,0.75,0.41300000000000003,0.136,0.147
1,39901,39.901487,8,4,2,car,0.52,0.624,0.381,0.048,0.049
1,40100,40.099660,9,0,2,car,0.91,0.546,0.424,0.163,0.192
1,40100,40.100135,9,1,2,car,0.89,0.92,0.419,0.155,0.122
1,40101,40.100602,9,2,2,car,0.8200000000000001,0.397,0.38,0.138,0.163
1,40101,40.101061,9,3,2,car,0.81,0.741,0.403,0.136,0.14300000000000002
1,40101,40.101454,9,4,2,car,0.55,0.296,0.365,0.061,0.042
1,40102,40.101831,9,5,2,car,0.51,0.8270000000000001,0.397,0.068,0.076
1,40300,40.299610,10,0,2,car,0.92,0.545,0.424,0.163,0.196
1,40300,40.300331,10,1,2,car,0.91,0.927,0.422,0.14100000000000001,0.127
1,40301,40.300831,10,2,2,car,0.88,0.402,0.38,0.131,0.156
1,40301,40.301314,10,3,2,car,0.86,0.736,0.402,0.13,0.138
1,40302,40.301789,10,4,2,car,0.56,0.275,0.371,0.07,0.061
1,40302,40.302182,10,5,2,car,0.54,0.8280000000000001,0.4,0.089,0.07100000000000001
1,40500,40.499716,11,0,2,car,0.92,0.543,0.428,0.164,0.198
1,40500,40.500200,11,1,2,car,0.89,0.933,0.425,0.132,0.128
1,40501,40.500650,11,2,2,car,0.8300000000000001,0.404,0.378,0.125,0.155
1,40501,40.501109,11,3,2,car,0.79,0.732,0.4,0.129,0.131
1,40502,40.501568,11,4,2,car,0.53,0.244,0.358,0.052000000000000005,0.035
1,40700,40.699798,12,0,2,car,0.91,0.9390000000000001,0.429,0.12,0.136
1,40700,40.700305,12,1,2,car,0.91,0.541,0.424,0.163,0.191
1,40701,40.700748,12,2,2,car,0.87,0.406,0.377,0.126,0.154
1,40701,40.701223,12,3,2,car,0.71,0.728,0.396,0.13,0.124
1,40702,40.701682,12,4,2,car,0.52,0.216,0.355,0.069,0.035
1,40702,40.702050,12,5,2,car,0.5,0.624,0.372,0.055,0.04
1,40900,40.899633,13,0,2,car,0.89,0.538,0.41600000000000004,0.168,0.192
1,40900,40.900149,13,1,2,car,0.88,0.9450000000000001,0.426,0.11,0.14100000000000001
1,40901,40.900641,13,2,2,car,0.86,0.405,0.371,0.11900000000000001,0.15
1,40901,40.901116,13,3,2,car,0.8200000000000001,0.728,0.389,0.136,0.124
1,40902,40.901599,13,4,2,car,0.62,0.8190000000000001,0.387,0.113,0.091
1,40902,40.902001,13,5,2,car,0.51,0.26,0.39,0.098,0.08700000000000001
1,41100,41.099772,14,0,2,car,0.86,0.531,0.41200000000000003,0.165,0.192
1,41100,41.100272,14,1,2,car,0.86,0.71,0.387,0.123,0.123
1,41101,41.100673,14,2,2,car,0.84,0.9450000000000001,0.425,0.109,0.148
1,41101,41.101140,14,3,2,car,0.74,0.399,0.369,0.11,0.149
1,41102,41.101591,14,4,2,car,0.6,0.14300000000000002,0.35000000000000003,0.097,0.052000000000000005
1,41299,41.299214,15,0,2,car,0.87,0.525,0.42,0.164,0.193
1,41300,41.299722,15,1,2,car,0.85,0.7030000000000001,0.394,0.107,0.123
1,41300,41.300189,15,2,2,car,0.8200000000000001,0.396,0.378,0.112,0.14400000000000002
1,41301,41.300673,15,3,2,car,0.77,0.9560000000000001,0.437,0.088,0.147
1,41301,41.301131,15,4,2,car,0.68,0.792,0.398,0.089,0.083
1,41302,41.301516,15,5,2,car,0.66,0.921,0.404,0.069,0.084
1,41302,41.301918,15,6,2,car,0.5,0.069,0.355,0.101,0.053
1,41499,41.498812,0,0,2,car,0.91,0.52,0.426,0.169,0.203
1,41499,41.499181,0,1,2,car,0.8,0.925,0.41000000000000003,0.076,0.084
1,41500,41.499574,0,2,2,car,0.8,0.6940000000000001,0.397,0.107,0.11800000000000001
1,41500,41.500058,0,3,2,car,0.78,0.788,0.402,0.101,0.08700000000000001
1,41500,41.500435,0,4,2,car,0.75,0.396,0.377,0.113,0.14400000000000002
1,41501,41.500787,0,5,2,car,0.74,0.962,0.436,0.075,0.14200000000000002
1,41501,41.501139,0,6,2,car,0.52,0.611,0.38,0.052000000000000005,0.038
1,41700,41.699648,1,0,2,car,0.91,0.512,0.428,0.166,0.202
1,41700,41.700491,1,1,2,car,0.81,0.388,0.377,0.105,0.14300000000000002
1,41701,41.701032,1,2,2,car,0.77,0.685,0.394,0.111,0.117
1,41702,41.701540,1,3,2,car,0.75,0.936,0.41100000000000003,0.108,0.09
1,41702,41.701941,1,4,2,car,0.62,0.796,0.402,0.12,0.091
1,41702,41.702343,1,5,2,car,0.6,0.606,0.377,0.057,0.041
1,41703,41.702736,1,6,2,car,0.55,0.965,0.435,0.07,0.158
1,41900,41.899631,2,0,2,car,0.91,0.506,0.419,0.17200000000000001,0.203
1,41900,41.900352,2,1,2,car,0.74,0.9380000000000001,0.404,0.12,0.08600000000000001
1,41901,41.900860,2,2,2,car,0.73,0.672,0.385,0.11,0.111
1,41901,41.901376,2,3,2,car,0.68,0.385,0.368,0.106,0.14
1,41902,41.901843,2,4,2,car,0.68,0.8260000000000001,0.395,0.158,0.094
1,41902,41.902236,2,5,2,car,0.65,0.604,0.369,0.042,0.043000000000000003
1,41903,41.902613,2,6,2,car,0.61,0.19,0.362,0.075,0.044
1,42100,42.099753,3,0,2,car,0.87,0.494,0.41600000000000004,0.171,0.20600000000000002
1,42101,42.100605,3,1,2,car,0.86,0.777,0.391,0.129,0.095
1,42101,42.101129,3,2,2,car,0.86,0.666,0.379,0.116,0.11
1,42102,42.101629,3,3,2,car,0.8200000000000001,0.935,0.401,0.124,0.097
1,42102,42.102096,3,4,2,car,0.6900000000000001,0.379,0.366,0.10400000000000001,0.136
1,42103,42.102571,3,5,2,car,0.55,0.594,0.363,0.052000000000000005,0.047
1,42103,42.102981,3,6,2,car,0.54,0.151,0.355,0.08,0.051000000000000004
1,42300,42.299834,4,0,2,car,0.89,0.781,0.392,0.129,0.096
1,42301,42.300547,4,1,2,car,0.89,0.482,0.417,0.17400000000000002,0.21
1,42301,42.301268,4,2,2,car,0.88,0.658,0.381,0.124,0.108
1,42302,42.301784,4,3,2,car,0.86,0.934,0.403,0.13,0.092
1,42302,42.302284,4,4,2,car,0.66,0.861,0.372,0.052000000000000005,0.059000000000000004
1,42303,42.302685,4,5,2,car,0.62,0.369,0.366,0.098,0.14400000000000002
1,42498,42.498081,5,0,2,car,0.9,0.47200000000000003,0.425,0.178,0.20500000000000002
1,42498,42.498458,5,1,2,car,0.9,0.781,0.4,0.131,0.101
1,42499,42.498835,5,2,2,car,0.85,0.932,0.41100000000000003,0.134,0.101
1,42499,42.499220,5,3,2,car,0.8300000000000001,0.653,0.385,0.127,0.11
1,42500,42.499613,5,4,2,car,0.8,0.362,0.37,0.099,0.139
1,42500,42.500080,5,5,2,car,0.52,0.864,0.382,0.053,0.058
1,42700,42.699596,6,0,2,car,0.89,0.458,0.418,0.177,0.211
1,42700,42.700325,6,1,2,car,0.88,0.786,0.4,0.14,0.10400000000000001
1,42701,42.700825,6,2,2,car,0.8300000000000001,0.931,0.41100000000000003,0.136,0.098
1,42701,42.701324,6,3,2,car,0.81,0.649,0.382,0.134,0.107
1,42702,42.701808,6,4,2,car,0.75,0.358,0.37,0.095,0.136
1,42702,42.702209,6,5,2,car,0.63,0.027,0.364,0.055,0.061
1,42703,42.702569,6,6,2,car,0.59,0.865,0.377,0.07100000000000001,0.05
1,42703,42.703004,6,7,2,car,0.5700000000000001,0.971,0.583,0.058,0.279
1,42899,42.899407,7,0,2,car,0.9,0.448,0.426,0.183,0.219
1,42900,42.900054,7,1,2,car,0.85,0.8,0.406,0.156,0.10300000000000001
1,42901,42.900562,7,2,2,car,0.84,0.627,0.388,0.099,0.106
1,42901,42.901062,7,3,2,car,0.8,0.929,0.41200000000000003,0.136,0.1
1,42902,42.901553,7,4,2,car,0.75,0.35100000000000003,0.373,0.088,0.132
1,42902,42.902037,7,5,2,car,0.67,0.9550000000000001,0.582,0.08600000000000001,0.231
1,42902,42.902405,7,6,2,car,0.52,0.88,0.369,0.055,0.032
1,43100,43.099742,8,0,2,car,0.89,0.798,0.405,0.147,0.106
1,43100,43.100389,8,1,2,car,0.87,0.428,0.425,0.178,0.219
1,43101,43.101135,8,2,2,car,0.8300000000000001,0.9380000000000001,0.552,0.122,0.319
1,43102,43.101626,8,3,2,car,0.81,0.619,0.388,0.10300000000000001,0.10300000000000001
1,43102,43.102036,8,4,2,car,0.81,0.932,0.41200000000000003,0.134,0.1
1,43102,43.102421,8,5,2,car,0.65,0.34800000000000003,0.371,0.09,0.131
1,43103,43.102814,8,6,2,car,0.58,0.6960000000000001,0.388,0.073,0.081
1,43300,43.299726,9,0,2,car,0.86,0.801,0.406,0.151,0.107
1,43300,43.300446,9,1,2,car,0.85,0.40900000000000003,0.432,0.184,0.223
1,43301,43.300971,9,2,2,car,0.84,0.924,0.532,0.148,0.324
1,43301,43.301438,9,3,2,car,0.81,0.615,0.39,0.10400000000000001,0.098
1,43302,43.301896,9,4,2,car,0.71,0.511,0.393,0.051000000000000004,0.091
1,43302,43.302380,9,5,2,car,0.71,0.6920000000000001,0.387,0.079,0.077
1,43303,43.302748,9,6,2,car,0.7000000000000001,0.923,0.40900000000000003,0.111,0.094
1,43303,43.303142,9,7,2,car,0.56,0.555,0.367,0.047,0.042
1,43498,43.498455,10,0,2,car,0.9,0.911,0.524,0.176,0.315
1,43499,43.498914,10,1,2,car,0.89,0.389,0.423,0.189,0.227
1,43499,43.499299,10,2,2,car,0.87,0.806,0.41000000000000003,0.156,0.117
1,43500,43.499643,10,3,2,car,0.84,0.605,0.388,0.096,0.101
1,43500,43.499995,10,4,2,car,0.79,0.6900000000000001,0.389,0.082,0.079
1,43500,43.500347,10,5,2,car,0.71,0.498,0.393,0.068,0.094
1,43699,43.699217,11,0,2,car,0.9,0.899,0.546,0.201,0.378
1,43700,43.700093,11,1,2,car,0.87,0.373,0.42,0.187,0.219
1,43701,43.700969,11,2,2,car,0.8200000000000001,0.806,0.40800000000000003,0.153,0.115
1,43702,43.701502,11,3,2,car,0.78,0.598,0.387,0.091,0.1
1,43702,43.702002,11,4,2,car,0.77,0.6940000000000001,0.388,0.097,0.083
1,43702,43.702469,11,5,2,car,0.77,0.485,0.391,0.084,0.10300000000000001
1,43899,43.898634,12,0,2,car,0.9,0.888,0.538,0.222,0.36
1,43899,43.899142,12,1,2,car,0.79,0.358,0.424,0.193,0.216
1,43900,43.899626,12,2,2,car,0.78,0.808,0.41000000000000003,0.135,0.116
1,43900,43.900117,12,3,2,car,0.76,0.591,0.388,0.084,0.095
1,43901,43.900600,12,4,2,car,0.65,0.7030000000000001,0.39,0.112,0.084
1,44099,44.098871,13,0,2,car,0.92,0.878,0.533,0.242,0.35100000000000003
1,44100,44.099519,13,1,2,car,0.87,0.336,0.426,0.194,0.223
1,44100,44.100026,13,2,2,car,0.81,0.6970000000000001,0.395,0.1,0.08700000000000001
1,44101,44.100526,13,3,2,car,0.8,0.582,0.39,0.09,0.095
1,44101,44.101010,13,4,2,car,0.76,0.47500000000000003,0.395,0.09,0.09
1,44101,44.101493,13,5,2,car,0.63,0.805,0.41000000000000003,0.11,0.109
1,44299,44.298961,14,0,2,car,0.89,0.871,0.521,0.258,0.323
1,44300,44.299665,14,1,2,car,0.88,0.314,0.431,0.198,0.233
1,44300,44.300386,14,2,2,car,0.86,0.577,0.39,0.089,0.094
1,44301,44.300894,14,3,2,car,0.8200000000000001,0.7030000000000001,0.398,0.10300000000000001,0.089
1,44301,44.301386,14,4,2,car,0.72,0.47200000000000003,0.396,0.091,0.094
1,44302,44.301754,14,5,2,car,0.54,0.63,0.383,0.036000000000000004,0.056
1,44498,44.497707,15,0,2,car,0.91,0.861,0.51,0.276,0.307
1,44498,44.498117,15,1,2,car,0.86,0.5740000000000001,0.391,0.084,0.09
1,44499,44.498510,15,2,2,car,0.84,0.71,0.399,0.108,0.09
1,44499,44.498911,15,3,2,car,0.78,0.298,0.424,0.20700000000000002,0.223
1,44499,44.499305,15,4,2,car,0.75,0.46900000000000003,0.395,0.088,0.095
1,44500,44.499673,15,5,2,car,0.66,0.63,0.382,0.046,0.063
1,44698,44.697526,0,0,2,car,0.91,0.853,0.512,0.292,0.304
1,44698,44.697895,0,1,2,car,0.85,0.5700000000000001,0.391,0.085,0.092
1,44698,44.698231,0,2,2,car,0.84,0.275,0.425,0.20800000000000002,0.224
1,44699,44.698575,0,3,2,car,0.8200000000000001,0.718,0.402,0.111,0.094
1,44699,44.698936,0,4,2,car,0.74,0.632,0.385,0.049,0.061
1,44699,44.699320,0,5,2,car,0.73,0.465,0.397,0.088,0.097
1,44700,44.699705,0,6,2,car,0.56,0.138,0.381,0.062,0.057
1,44899,44.898951,1,0,2,car,0.86,0.263,0.428,0.227,0.227
1,44900,44.899672,1,1,2,car,0.85,0.847,0.504,0.303,0.28
1,44900,44.900229,1,2,2,car,0.85,0.5700000000000001,0.39,0.09,0.093
1,44901,44.900639,1,3,2,car,0.8,0.465,0.399,0.09,0.099
1,44901,44.901016,1,4,2,car,0.74,0.723,0.405,0.101,0.095
1,44901,44.901409,1,5,2,car,0.73,0.638,0.388,0.061,0.06
1,44902,44.901819,1,6,2,car,0.54,0.931,0.497,0.135,0.271
1,45098,45.097656,2,0,2,car,0.9,0.243,0.426,0.216,0.228
1,45098,45.098025,2,1,2,car,0.85,0.843,0.501,0.31,0.278
1,45098,45.098418,2,2,2,car,0.84,0.5740000000000001,0.386,0.083,0.096
1,45099,45.098820,2,3,2,car,0.79,0.468,0.393,0.09,0.1
1,45099,45.099188,2,4,2,car,0.78,0.648,0.385,0.068,0.062
1,45100,45.099565,2,5,2,car,0.66,0.33,0.366,0.113,0.125
1,45100,45.099942,2,6,2,car,0.55,0.733,0.4,0.099,0.097
1,45299,45.298778,3,0,2,car,0.88,0.23700000000000002,0.418,0.229,0.23500000000000001
1,45299,45.299270,3,1,2,car,0.87,0.843,0.496,0.312,0.276
1,45300,45.299704,3,2,2,car,0.85,0.579,0.381,0.08600000000000001,0.095
1,45300,45.300089,3,3,2,car,0.8,0.47600000000000003,0.389,0.094,0.109
1,45300,45.300466,3,4,2,car,0.75,0.34900000000000003,0.363,0.08700000000000001,0.11800000000000001
1,45301,45.300851,3,5,2,car,0.74,0.662,0.383,0.073,0.063
1,45301,45.301236,3,6,2,car,0.58,0.397,0.354,0.04,0.049
1,45302,45.301613,3,7,2,car,0.52,0.061,0.36,0.098,0.059000000000000004
1,45498,45.497729,4,0,2,car,0.92,0.843,0.491,0.312,0.281
1,45498,45.498106,4,1,2,car,0.91,0.228,0.421,0.23800000000000002,0.243
1,45498,45.498491,4,2,2,car,0.85,0.585,0.382,0.085,0.094
1,45499,45.498843,4,3,2,car,0.8200000000000001,0.674,0.382,0.073,0.066
1,45499,45.499196,4,4,2,car,0.75,0.353,0.365,0.095,0.128
1,45500,45.499572,4,5,2,car,0.71,0.481,0.397,0.093,0.096
1,45500,45.499933,4,6,2,car,0.58,0.406,0.357,0.051000000000000004,0.049
1,45500,45.500310,4,7,2,car,0.52,0.538,0.363,0.047,0.039
1,45698,45.697745,5,0,2,car,0.92,0.844,0.491,0.31,0.278
1,45698,45.698351,5,1,2,car,0.89,0.22,0.423,0.25,0.247
1,45699,45.698843,5,2,2,car,0.84,0.595,0.384,0.083,0.095
1,45699,45.699310,5,3,2,car,0.72,0.355,0.367,0.1,0.134
1,45700,45.699768,5,4,2,car,0.6900000000000001,0.6890000000000001,0.385,0.073,0.065
1,45700,45.700162,5,5,2,car,0.63,0.491,0.40800000000000003,0.095,0.078
1,45701,45.700571,5,6,2,car,0.53,0.419,0.36,0.045,0.05
1,45898,45.897556,6,0,2,car,0.91,0.213,0.417,0.265,0.258
1,45898,45.897949,6,1,2,car,0.89,0.846,0.484,0.308,0.27
1,45898,45.898351,6,2,2,car,0.84,0.605,0.378,0.088,0.094
1,45899,45.898719,6,3,2,car,0.8200000000000001,0.362,0.361,0.113,0.14100000000000001
1,45899,45.899096,6,4,2,car,0.81,0.7030000000000001,0.383,0.076,0.067
1,45899,45.899489,6,5,2,car,0.6,0.498,0.393,0.095,0.11
1,45900,45.899891,6,6,2,car,0.5700000000000001,0.429,0.356,0.048,0.054
1,46097,46.097318,7,0,2,car,0.92,0.203,0.41500000000000004,0.28300000000000003,0.271
1,46098,46.097703,7,1,2,car,0.86,0.843,0.48,0.303,0.254
1,46098,46.098088,7,2,2,car,0.8,0.612,0.381,0.088,0.09
1,46098,46.098490,7,3,2,car,0.78,0.361,0.362,0.12,0.14100000000000001
1,46099,46.098891,7,4,2,car,0.75,0.714,0.387,0.073,0.061
1,46099,46.099243,7,5,2,car,0.59,0.504,0.393,0.096,0.113
1,46100,46.099620,7,6,2,car,0.55,0.439,0.356,0.043000000000000003,0.055
1,46100,46.099972,7,7,2,car,0.55,0.507,0.361,0.08600000000000001,0.046
1,46298,46.298145,8,0,2,car,0.92,0.189,0.418,0.3,0.274
1,46299,46.298636,8,1,2,car,0.89,0.846,0.47700000000000004,0.306,0.26
1,46299,46.299046,8,2,2,car,0.84,0.615,0.377,0.08700000000000001,0.093
1,46299,46.299464,8,3,2,car,0.8,0.506,0.394,0.101,0.116
1,46300,46.299873,8,4,2,car,0.74,0.36,0.362,0.115,0.146
1,46300,46.300267,8,5,2,car,0.62,0.445,0.358,0.052000000000000005,0.058
1,46301,46.300668,8,6,2,car,0.6,0.727,0.385,0.078,0.065
1,46497,46.496916,9,0,2,car,0.93,0.17300000000000001,0.426,0.322,0.292
1,46497,46.497317,9,1,2,car,0.88,0.847,0.47900000000000004,0.303,0.252
1,46498,46.497702,9,2,2,car,0.8200000000000001,0.62,0.38,0.083,0.096
1,46498,46.498054,9,3,2,car,0.81,0.513,0.398,0.099,0.117
1,46498,46.498415,9,4,2,car,0.8,0.359,0.367,0.123,0.146
1,46499,46.498808,9,5,2,car,0.53,0.669,0.368,0.032,0.062
1,46697,46.697267,10,0,2,car,0.9400000000000001,0.165,0.428,0.33,0.308
1,46698,46.697718,10,1,2,car,0.91,0.849,0.481,0.299,0.253
1,46698,46.698226,10,2,2,car,0.84,0.361,0.366,0.14100000000000001,0.164
1,46699,46.698693,10,3,2,car,0.8200000000000001,0.516,0.396,0.10300000000000001,0.12
1,46699,46.699061,10,4,2,car,0.79,0.626,0.386,0.084,0.084
1,46699,46.699438,10,5,2,car,0.54,0.9510000000000001,0.388,0.097,0.078
1,46700,46.699823,10,6,2,car,0.52,0.457,0.354,0.049,0.049
1,46898,46.898299,11,0,2,car,0.9400000000000001,0.16,0.432,0.318,0.328
1,46899,46.899184,11,1,2,car,0.92,0.848,0.47600000000000003,0.302,0.254
1,46900,46.900036,11,2,2,car,0.8,0.359,0.362,0.15,0.169
1,46901,46.900560,11,3,2,car,0.75,0.629,0.376,0.084,0.095
1,46901,46.900970,11,4,2,car,0.73,0.518,0.396,0.107,0.11800000000000001
1,46901,46.901437,11,5,2,car,0.64,0.462,0.356,0.04,0.048
1,46902,46.901813,11,6,2,car,0.64,0.685,0.372,0.045,0.046
1,47098,47.098217,12,0,2,car,0.93,0.153,0.437,0.306,0.34700000000000003
1,47099,47.098864,12,1,2,car,0.84,0.342,0.366,0.149,0.178
1,47099,47.099388,12,2,2,car,0.8,0.519,0.398,0.11,0.122
1,47100,47.100060,12,3,2,car,0.79,0.848,0.47400000000000003,0.299,0.244
1,47101,47.100682,12,4,2,car,0.71,0.633,0.389,0.084,0.074
1,47101,47.101166,12,5,2,car,0.64,0.464,0.356,0.042,0.049
1,47102,47.101559,12,6,2,car,0.55,0.6880000000000001,0.373,0.048,0.054
1,47102,47.101969,12,7,2,car,0.54,0.425,0.368,0.046,0.066
1,47297,47.297397,13,0,2,car,0.92,0.145,0.455,0.289,0.39
1,47298,47.297782,13,1,2,car,0.89,0.85,0.47100000000000003,0.3,0.254
1,47298,47.298110,13,2,2,car,0.84,0.338,0.366,0.165,0.186
1,47298,47.298478,13,3,2,car,0.78,0.634,0.374,0.08600000000000001,0.095
1,47299,47.298831,13,4,2,car,0.64,0.519,0.4,0.108,0.11800000000000001
1,47299,47.299183,13,5,2,car,0.59,0.465,0.35000000000000003,0.05,0.052000000000000005
1,47300,47.299535,13,6,2,car,0.58,0.421,0.362,0.05,0.064
1,47300,47.299863,13,7,2,car,0.54,0.6910000000000001,0.371,0.047,0.049
1,47498,47.497830,14,0,2,car,0.93,0.136,0.467,0.273,0.428
1,47499,47.498559,14,1,2,car,0.89,0.85,0.47300000000000003,0.298,0.256
1,47499,47.499100,14,2,2,car,0.89,0.333,0.371,0.167,0.194
1,47500,47.499567,14,3,2,car,0.8300000000000001,0.517,0.397,0.113,0.128
1,47500,47.500034,14,4,2,car,0.8300000000000001,0.637,0.376,0.085,0.094
1,47501,47.500501,14,5,2,car,0.71,0.42,0.366,0.048,0.069
1,47501,47.500911,14,6,2,car,0.65,0.6970000000000001,0.375,0.051000000000000004,0.051000000000000004
1,47501,47.501312,14,7,2,car,0.52,0.46900000000000003,0.354,0.042,0.049
1,47698,47.698272,15,0,2,car,0.9400000000000001,0.126,0.491,0.252,0.487
1,47699,47.699305,15,1,2,car,0.87,0.85,0.47300000000000003,0.298,0.259
1,47700,47.700296,15,2,2,car,0.86,0.313,0.372,0.196,0.197
1,47701,47.700828,15,3,2,car,0.85,0.639,0.377,0.088,0.096
1,47701,47.701295,15,4,2,car,0.8300000000000001,0.517,0.396,0.116,0.128
1,47702,47.701746,15,5,2,car,0.81,0.417,0.366,0.05,0.07
1,47702,47.702221,15,6,2,car,0.58,0.7000000000000001,0.373,0.054,0.056
1,47703,47.702680,15,7,2,car,0.54,0.47200000000000003,0.354,0.04,0.053
1,47897,47.896724,0,0,2,car,0.9,0.113,0.522,0.225,0.55
1,47897,47.897092,0,1,2,car,0.88,0.85,0.47500000000000003,0.298,0.254
1,47897,47.897461,0,2,2,car,0.85,0.295,0.373,0.225,0.209
1,47898,47.897846,0,3,2,car,0.84,0.642,0.383,0.094,0.101
1,47898,47.898239,0,4,2,car,0.76,0.516,0.402,0.115,0.127
1,47899,47.898608,0,5,2,car,0.74,0.41200000000000003,0.368,0.054,0.079
1,47899,47.898984,0,6,2,car,0.55,0.7030000000000001,0.385,0.054,0.065
1,47899,47.899345,0,7,2,car,0.53,0.518,0.369,0.109,0.061
1,48098,48.097862,1,0,2,car,0.86,0.85,0.47800000000000004,0.298,0.265
1,48099,48.098722,1,1,2,car,0.86,0.641,0.379,0.093,0.096
1,48099,48.099443,1,2,2,car,0.84,0.512,0.402,0.12,0.136
1,48100,48.100205,1,3,2,car,0.84,0.301,0.372,0.211,0.215
1,48101,48.100688,1,4,2,car,0.8200000000000001,0.1,0.502,0.201,0.52
1,48101,48.101147,1,5,2,car,0.6,0.41000000000000003,0.368,0.06,0.07
1,48102,48.101556,1,6,2,car,0.59,0.705,0.375,0.063,0.058
1,48298,48.297837,2,0,2,car,0.89,0.851,0.47100000000000003,0.295,0.262
1,48298,48.298336,2,1,2,car,0.88,0.081,0.489,0.163,0.509
1,48299,48.298803,2,2,2,car,0.88,0.28800000000000003,0.371,0.222,0.23
1,48299,48.299278,2,3,2,car,0.8300000000000001,0.512,0.394,0.11800000000000001,0.13
1,48300,48.299762,2,4,2,car,0.8200000000000001,0.645,0.375,0.09,0.10200000000000001
1,48300,48.300171,2,5,2,car,0.72,0.714,0.371,0.059000000000000004,0.057
1,48301,48.300581,2,6,2,car,0.71,0.41200000000000003,0.365,0.07100000000000001,0.07100000000000001
1,48498,48.497721,3,0,2,car,0.9,0.854,0.47200000000000003,0.289,0.254
1,48498,48.498401,3,1,2,car,0.89,0.511,0.399,0.127,0.137
1,48499,48.498877,3,2,2,car,0.85,0.276,0.378,0.232,0.241
1,48499,48.499319,3,3,2,car,0.8300000000000001,0.645,0.38,0.088,0.101
1,48500,48.499753,3,4,2,car,0.75,0.06,0.53,0.122,0.455
1,48500,48.500130,3,5,2,car,0.75,0.40700000000000003,0.368,0.07100000000000001,0.077
1,48501,48.500507,3,6,2,car,0.61,0.718,0.375,0.055,0.056
1,48501,48.500925,3,7,2,car,0.51,0.585,0.355,0.044,0.049
1,48697,48.697402,4,0,2,car,0.89,0.265,0.377,0.248,0.252
1,48698,48.698155,4,1,2,car,0.87,0.508,0.402,0.127,0.138
1,48699,48.698843,4,2,2,car,0.87,0.855,0.47200000000000003,0.28800000000000003,0.259
1,48700,48.699589,4,3,2,car,0.86,0.647,0.378,0.089,0.099
1,48700,48.700064,4,4,2,car,0.8,0.40900000000000003,0.368,0.076,0.075
1,48701,48.700523,4,5,2,car,0.72,0.724,0.377,0.058,0.058
1,48701,48.700932,4,6,2,car,0.71,0.033,0.5710000000000001,0.067,0.451
1,48898,48.897630,5,0,2,car,0.89,0.25,0.384,0.271,0.27
1,48899,48.898540,5,1,2,car,0.88,0.856,0.48,0.28700000000000003,0.271
1,48899,48.899457,5,2,2,car,0.88,0.509,0.404,0.126,0.138
1,48900,48.900375,5,3,2,car,0.84,0.653,0.378,0.088,0.10200000000000001
1,48901,48.900964,5,4,2,car,0.81,0.40900000000000003,0.371,0.085,0.073
1,48901,48.901497,5,5,2,car,0.76,0.728,0.378,0.062,0.062
1,49098,49.097540,6,0,2,car,0.87,0.511,0.41000000000000003,0.131,0.139
1,49098,49.098293,6,1,2,car,0.87,0.858,0.47800000000000004,0.28200000000000003,0.259
1,49099,49.099063,6,2,2,car,0.86,0.659,0.383,0.08700000000000001,0.10300000000000001
1,49100,49.099883,6,3,2,car,0.6900000000000001,0.41500000000000004,0.376,0.07,0.069
1,49101,49.100775,6,4,7,truck,0.63,0.24,0.389,0.281,0.28300000000000003
1,49101,49.101275,6,5,2,car,0.6,0.735,0.382,0.062,0.064
1,49102,49.101677,6,6,2,car,0.52,0.598,0.367,0.029,0.042
1,49297,49.297326,7,0,2,car,0.89,0.862,0.47000000000000003,0.273,0.25
1,49298,49.298105,7,1,2,car,0.87,0.665,0.381,0.09,0.10300000000000001
1,49299,49.298850,7,2,2,car,0.86,0.511,0.40900000000000003,0.13,0.146
1,49300,49.299612,7,3,2,car,0.74,0.417,0.375,0.08,0.074
1,49300,49.300365,7,4,2,car,0.66,0.74,0.377,0.061,0.068
1,49301,49.300832,7,5,2,car,0.65,0.228,0.393,0.3,0.295
1,49497,49.496933,8,0,2,car,0.87,0.861,0.47400000000000003,0.272,0.248
1,49498,49.497629,8,1,2,car,0.86,0.673,0.385,0.092,0.106
1,49498,49.498202,8,2,2,car,0.85,0.516,0.41100000000000003,0.127,0.147
1,49502,49.501889,8,3,2,car,0.79,0.219,0.394,0.325,0.302
1,49503,49.502634,8,4,2,car,0.66,0.41600000000000004,0.38,0.073,0.074
1,49503,49.503142,8,5,2,car,0.62,0.579,0.372,0.051000000000000004,0.07
1,49504,49.503592,8,6,2,car,0.5700000000000001,0.742,0.38,0.069,0.068
1,49697,49.697448,9,0,2,car,0.86,0.864,0.47200000000000003,0.269,0.241
1,49698,49.698054,9,1,2,car,0.86,0.679,0.387,0.092,0.108
1,49699,49.698759,9,2,2,car,0.81,0.516,0.41200000000000003,0.13,0.152
1,49700,49.699504,9,3,2,car,0.76,0.2,0.398,0.331,0.315
1,49700,49.700004,9,4,2,car,0.73,0.419,0.382,0.074,0.074
1,49700,49.700454,9,5,2,car,0.65,0.751,0.383,0.068,0.068
1,49701,49.700954,9,6,2,car,0.63,0.584,0.382,0.044,0.059000000000000004
1,49897,49.897382,10,0,2,car,0.87,0.867,0.47300000000000003,0.263,0.254
1,49898,49.898390,10,1,2,car,0.85,0.6890000000000001,0.389,0.093,0.112
1,49899,49.899414,10,2,2,car,0.8,0.427,0.38,0.083,0.079
1,49900,49.899921,10,3,2,car,0.76,0.521,0.405,0.128,0.133
1,49900,49.900364,10,4,2,car,0.74,0.183,0.397,0.357,0.321
1,49901,49.900774,10,5,2,car,0.6,0.59,0.377,0.049,0.066
1,49901,49.901191,10,6,2,car,0.51,0.758,0.387,0.06,0.067
1,50096,50.096128,11,0,2,car,0.86,0.526,0.41400000000000003,0.132,0.148
1,50097,50.096734,11,1,2,car,0.85,0.6970000000000001,0.388,0.096,0.113
1,50097,50.097349,11,2,2,car,0.84,0.429,0.384,0.075,0.077
1,50098,50.097955,11,3,2,car,0.84,0.871,0.482,0.254,0.263
1,50099,50.098536,11,4,2,car,0.8300000000000001,0.179,0.40700000000000003,0.359,0.34900000000000003
1,50099,50.098979,11,5,2,car,0.66,0.766,0.387,0.055,0.064
1,50099,50.099364,11,6,2,car,0.58,0.592,0.379,0.054,0.073
1,50100,50.099733,11,7,2,car,0.55,0.364,0.358,0.059000000000000004,0.048
1,50296,50.295857,12,0,2,car,0.92,0.179,0.40800000000000003,0.358,0.365
1,50297,50.296890,12,1,2,car,0.91,0.705,0.387,0.1,0.11900000000000001
1,50298,50.297520,12,2,2,car,0.85,0.875,0.47600000000000003,0.245,0.261
1,50298,50.297971,12,3,2,car,0.84,0.432,0.381,0.077,0.079
1,50298,50.298380,12,4,2,car,0.79,0.35100000000000003,0.357,0.054,0.046
1,50299,50.298749,12,5,2,car,0.79,0.528,0.41300000000000003,0.131,0.147
1,50299,50.299126,12,6,2,car,0.67,0.774,0.383,0.059000000000000004,0.065
1,50299,50.299495,12,7,2,car,0.66,0.598,0.38,0.052000000000000005,0.069
1,50497,50.497479,13,0,2,car,0.9400000000000001,0.17500000000000002,0.42,0.35100000000000003,0.4
1,50498,50.498011,13,1,2,car,0.88,0.714,0.388,0.10200000000000001,0.121
1,50499,50.498773,13,2,2,car,0.85,0.878,0.492,0.241,0.28800000000000003
1,50500,50.499519,13,3,2,car,0.8200000000000001,0.438,0.382,0.08,0.081
1,50500,50.500018,13,4,2,car,0.79,0.533,0.41400000000000003,0.134,0.146
1,50500,50.500469,13,5,2,car,0.6900000000000001,0.606,0.38,0.049,0.068
1,50501,50.500968,13,6,2,car,0.64,0.781,0.382,0.053,0.074
1,50501,50.501436,13,7,2,car,0.64,0.336,0.358,0.045,0.053
1,50697,50.696643,14,0,2,car,0.89,0.883,0.49,0.231,0.289
1,50697,50.697347,14,1,2,car,0.87,0.723,0.391,0.106,0.129
1,50698,50.697847,14,2,2,car,0.86,0.17300000000000001,0.417,0.34700000000000003,0.41300000000000003
1,50698,50.698371,14,3,2,car,0.8,0.443,0.382,0.082,0.081
1,50699,50.698936,14,4,2,car,0.71,0.539,0.402,0.136,0.126
1,50699,50.699461,14,5,2,car,0.58,0.609,0.377,0.052000000000000005,0.07100000000000001
1,50897,50.896667,15,0,2,car,0.93,0.17300000000000001,0.423,0.34500000000000003,0.437
1,50897,50.897420,15,1,2,car,0.9,0.89,0.492,0.218,0.28800000000000003
1,50898,50.898174,15,2,2,car,0.87,0.736,0.392,0.11,0.134
1,50899,50.898911,15,3,2,car,0.8300000000000001,0.449,0.385,0.08600000000000001,0.079
1,50899,50.899411,15,4,2,car,0.81,0.547,0.41300000000000003,0.138,0.15
1,50900,50.899870,15,5,2,car,0.6900000000000001,0.618,0.378,0.05,0.065
1,51097,51.096511,0,0,2,car,0.92,0.169,0.429,0.338,0.462
1,51097,51.097494,0,1,2,car,0.88,0.899,0.514,0.199,0.335
1,51098,51.098469,0,2,2,car,0.85,0.75,0.392,0.122,0.138
1,51099,51.099394,0,3,2,car,0.8300000000000001,0.552,0.40700000000000003,0.14,0.14300000000000002
1,51100,51.099902,0,4,2,car,0.79,0.453,0.388,0.088,0.084
1,51100,51.100353,0,5,2,car,0.68,0.625,0.374,0.055,0.069
1,51101,51.100779,0,6,2,car,0.67,0.402,0.353,0.048,0.042
1,51297,51.296838,1,0,2,car,0.92,0.76,0.394,0.13,0.14200000000000002
1,51298,51.297542,1,1,2,car,0.89,0.166,0.443,0.331,0.5
1,51298,51.298296,1,2,2,car,0.88,0.902,0.521,0.194,0.35000000000000003
1,51299,51.299001,1,3,2,car,0.81,0.454,0.392,0.08600000000000001,0.088
1,51300,51.299533,1,4,2,car,0.76,0.395,0.358,0.074,0.044
1,51300,51.299967,1,5,2,car,0.59,0.632,0.374,0.049,0.074
1,51300,51.300360,1,6,2,car,0.55,0.848,0.372,0.06,0.063
1,51301,51.300729,1,7,2,car,0.55,0.6950000000000001,0.366,0.035,0.062
1,51496,51.496239,2,0,2,car,0.91,0.16,0.451,0.319,0.536
1,51497,51.496829,2,1,2,car,0.91,0.768,0.396,0.128,0.14400000000000002
1,51498,51.497607,2,2,2,car,0.88,0.911,0.541,0.176,0.381
1,51498,51.498345,2,3,2,car,0.8200000000000001,0.5670000000000001,0.419,0.14100000000000001,0.16
1,51499,51.499033,2,4,2,car,0.78,0.456,0.397,0.085,0.08700000000000001
1,51499,51.499491,2,5,2,car,0.59,0.634,0.373,0.048,0.076
1,51500,51.499967,2,6,2,car,0.55,0.392,0.36,0.095,0.046
1,51697,51.696984,3,0,2,car,0.9,0.156,0.464,0.312,0.59
1,51698,51.697828,3,1,2,car,0.89,0.777,0.396,0.134,0.154
1,51699,51.698557,3,2,2,car,0.87,0.459,0.392,0.095,0.098
1,51699,51.699032,3,3,2,car,0.75,0.5730000000000001,0.418,0.14400000000000002,0.162
1,51699,51.699491,3,4,2,car,0.74,0.921,0.515,0.158,0.336
1,51700,51.699974,3,5,2,car,0.66,0.35100000000000003,0.359,0.061,0.043000000000000003
1,51700,51.700449,3,6,2,car,0.65,0.705,0.364,0.057,0.069
1,51701,51.700900,3,7,2,car,0.61,0.852,0.369,0.053,0.05
1,51897,51.897041,4,0,2,car,0.92,0.15,0.483,0.301,0.661
1,51898,51.898090,4,1,2,car,0.88,0.461,0.393,0.105,0.1
1,51899,51.899130,4,2,2,car,0.86,0.577,0.42,0.146,0.161
1,51900,51.900097,4,3,2,car,0.86,0.789,0.401,0.14200000000000002,0.16
1,51901,51.900596,4,4,2,car,0.81,0.93,0.5,0.137,0.276
1,51901,51.901072,4,5,2,car,0.71,0.322,0.362,0.056,0.049
1,51902,51.901514,4,6,2,car,0.66,0.708,0.366,0.057,0.068
1,51902,51.901964,4,7,2,car,0.5700000000000001,0.666,0.35000000000000003,0.042,0.047
1,52097,52.097057,5,0,2,car,0.93,0.14300000000000002,0.493,0.28600000000000003,0.705
1,52098,52.098089,5,1,2,car,0.89,0.796,0.405,0.157,0.17200000000000001
1,52099,52.099113,5,2,2,car,0.88,0.458,0.389,0.11,0.1
1,52100,52.100112,5,3,2,car,0.8,0.9430000000000001,0.508,0.112,0.295
1,52101,52.100621,5,4,2,car,0.75,0.706,0.364,0.058,0.065
1,52101,52.101063,5,5,2,car,0.73,0.296,0.362,0.077,0.051000000000000004
1,52102,52.101521,5,6,2,car,0.71,0.58,0.421,0.146,0.17
1,52102,52.101997,5,7,2,car,0.64,0.403,0.35000000000000003,0.044,0.033
1,52297,52.297335,6,0,2,car,0.92,0.135,0.493,0.271,0.724
1,52298,52.298113,6,1,2,car,0.91,0.582,0.422,0.148,0.17200000000000001
1,52299,52.298850,6,2,2,car,0.9,0.801,0.404,0.17200000000000001,0.17400000000000002
1,52300,52.299604,6,3,2,car,0.87,0.454,0.388,0.11,0.101
1,52300,52.300120,6,4,2,car,0.8300000000000001,0.969,0.393,0.061,0.093
1,52301,52.300579,6,5,2,car,0.79,0.707,0.362,0.06,0.066
1,52301,52.301029,6,6,2,car,0.77,0.263,0.357,0.088,0.057
1,52301,52.301488,6,7,2,car,0.6,0.324,0.353,0.054,0.046
1,52497,52.497146,7,0,2,car,0.89,0.448,0.383,0.115,0.106
1,52498,52.497932,7,1,2,car,0.87,0.128,0.492,0.256,0.732
1,52499,52.498686,7,2,2,car,0.86,0.811,0.404,0.178,0.181
1,52499,52.499415,7,3,2,car,0.8,0.584,0.417,0.147,0.168
1,52500,52.499898,7,4,2,car,0.79,0.966,0.386,0.065,0.099
1,52500,52.500365,7,5,2,car,0.79,0.7030000000000001,0.362,0.057,0.059000000000000004
1,52501,52.500816,7,6,2,car,0.6900000000000001,0.296,0.34900000000000003,0.063,0.052000000000000005
1,52501,52.501266,7,7,2,car,0.6900000000000001,0.224,0.356,0.099,0.067
1,52697,52.696875,8,0,2,car,0.89,0.8210000000000001,0.40700000000000003,0.187,0.194
1,52698,52.697621,8,1,2,car,0.88,0.441,0.386,0.11800000000000001,0.109
1,52698,52.698399,8,2,2,car,0.84,0.11900000000000001,0.521,0.23900000000000002,0.801
1,52699,52.699103,8,3,2,car,0.8200000000000001,0.965,0.382,0.067,0.098
1,52700,52.699579,8,4,2,car,0.8,0.188,0.357,0.089,0.075
1,52700,52.700029,8,5,2,car,0.79,0.7000000000000001,0.363,0.056,0.062
1,52700,52.700463,8,6,2,car,0.75,0.585,0.421,0.149,0.178
1,52701,52.700856,8,7,2,car,0.7000000000000001,0.513,0.357,0.062,0.064
1,52897,52.896907,9,0,2,car,0.89,0.8310000000000001,0.41400000000000003,0.199,0.195
1,52898,52.897677,9,1,2,car,0.87,0.436,0.393,0.123,0.112
1,52898,52.898357,9,2,2,car,0.84,0.587,0.423,0.156,0.181
1,52899,52.899045,9,3,2,car,0.84,0.109,0.531,0.218,0.737
1,52899,52.899496,9,4,2,car,0.79,0.965,0.388,0.07100000000000001,0.106
1,52900,52.899881,9,5,2,car,0.74,0.23600000000000002,0.359,0.082,0.05
1,52900,52.900266,9,6,2,car,0.72,0.6970000000000001,0.368,0.058,0.058
1,52901,52.900651,9,7,2,car,0.68,0.508,0.364,0.064,0.069
1,53097,53.096972,10,0,2,car,0.92,0.427,0.393,0.124,0.117
1,53098,53.097718,10,1,2,car,0.91,0.839,0.41300000000000003,0.20700000000000002,0.20700000000000002
1,53099,53.098586,10,2,2,car,0.85,0.098,0.559,0.197,0.6900000000000001
1,53099,53.099299,10,3,2,car,0.84,0.587,0.419,0.158,0.177
1,53100,53.099750,10,4,2,car,0.79,0.965,0.388,0.07100000000000001,0.10200000000000001
1,53100,53.100348,10,5,2,car,0.76,0.6930000000000001,0.366,0.06,0.056
1,53101,53.100774,10,6,2,car,0.7000000000000001,0.504,0.362,0.064,0.075
1,53101,53.101175,10,7,2,car,0.68,0.197,0.358,0.085,0.054
1,53297,53.296726,11,0,2,car,0.91,0.419,0.391,0.128,0.122
1,53297,53.297422,11,1,2,car,0.88,0.843,0.404,0.213,0.20600000000000002
1,53298,53.298061,11,2,2,car,0.84,0.089,0.544,0.178,0.626
1,53299,53.298684,11,3,2,car,0.84,0.586,0.41200000000000003,0.158,0.17200000000000001
1,53299,53.299200,11,4,2,car,0.76,0.324,0.356,0.08700000000000001,0.051000000000000004
1,53300,53.299569,11,5,2,car,0.76,0.965,0.379,0.069,0.096
1,53300,53.299970,11,6,2,car,0.73,0.6890000000000001,0.364,0.06,0.064
1,53300,53.300339,11,7,2,car,0.67,0.158,0.354,0.1,0.063
1,53495,53.495308,12,0,2,car,0.89,0.41000000000000003,0.392,0.133,0.122
1,53496,53.495792,12,1,2,car,0.87,0.849,0.40700000000000003,0.216,0.216
1,53496,53.496283,12,2,2,car,0.8300000000000001,0.078,0.578,0.157,0.604
1,53497,53.496742,12,3,2,car,0.81,0.583,0.417,0.161,0.187
1,53497,53.497184,12,4,2,car,0.81,0.304,0.362,0.091,0.065
1,53498,53.497545,12,5,2,car,0.8,0.967,0.384,0.065,0.10300000000000001
1,53498,53.497913,12,6,2,car,0.75,0.492,0.359,0.066,0.074
1,53498,53.498290,12,7,2,car,0.7000000000000001,0.682,0.365,0.059000000000000004,0.058
1,53697,53.696709,13,0,2,car,0.9,0.401,0.396,0.137,0.127
1,53697,53.697430,13,1,2,car,0.88,0.853,0.406,0.226,0.223
1,53698,53.698159,13,2,2,car,0.84,0.58,0.418,0.165,0.181
1,53699,53.698822,13,3,2,car,0.8300000000000001,0.278,0.363,0.09,0.068
1,53699,53.699437,13,4,2,car,0.73,0.725,0.374,0.081,0.092
1,53700,53.700076,13,5,2,car,0.67,0.483,0.363,0.064,0.079
1,53701,53.700510,13,6,2,car,0.66,0.066,0.6,0.133,0.5670000000000001
1,53701,53.700911,13,7,2,car,0.65,0.674,0.363,0.067,0.061
1,53896,53.895889,14,0,2,car,0.91,0.388,0.402,0.14300000000000002,0.128
1,53896,53.896454,14,1,2,car,0.89,0.853,0.41300000000000003,0.23,0.223
1,53897,53.897085,14,2,2,car,0.8200000000000001,0.577,0.425,0.167,0.184
1,53898,53.897503,14,3,2,car,0.81,0.244,0.372,0.097,0.073
1,53898,53.897921,14,4,2,car,0.76,0.724,0.377,0.078,0.084
1,53898,53.898281,14,5,2,car,0.76,0.034,0.371,0.068,0.075
1,53899,53.898658,14,6,2,car,0.74,0.47700000000000004,0.371,0.074,0.074
1,53899,53.899043,14,7,2,car,0.73,0.057,0.643,0.115,0.552
1,54096,54.096298,15,0,2,car,0.89,0.852,0.40800000000000003,0.23800000000000002,0.228
1,54097,54.097052,15,1,2,car,0.86,0.376,0.397,0.14100000000000001,0.132
1,54098,54.097773,15,2,2,car,0.84,0.716,0.372,0.081,0.089
1,54099,54.098510,15,3,2,car,0.84,0.198,0.363,0.11800000000000001,0.079
1,54099,54.099149,15,4,2,car,0.76,0.5720000000000001,0.41400000000000003,0.163,0.181
1,54100,54.099780,15,5,2,car,0.75,0.47200000000000003,0.359,0.07100000000000001,0.079
1,54100,54.100222,15,6,2,car,0.7000000000000001,0.663,0.363,0.059000000000000004,0.058
1,54101,54.100623,15,7,2,car,0.64,0.05,0.598,0.101,0.646
1,54296,54.296175,0,0,2,car,0.86,0.854,0.373,0.249,0.232
1,54297,54.296912,0,1,2,car,0.86,0.371,0.368,0.15,0.14400000000000002
1,54298,54.297649,0,2,2,car,0.84,0.713,0.338,0.083,0.088
1,54298,54.298362,0,3,2,car,0.8200000000000001,0.156,0.336,0.134,0.091
1,54299,54.298985,0,4,2,car,0.78,0.461,0.331,0.084,0.082
1,54300,54.299591,0,5,2,car,0.77,0.5730000000000001,0.396,0.163,0.20800000000000002
1,54300,54.300197,0,6,2,car,0.6900000000000001,0.661,0.331,0.052000000000000005,0.06
1,54301,54.300615,0,7,2,car,0.65,0.045,0.595,0.091,0.635
1,54496,54.495797,1,0,2,car,0.92,0.358,0.352,0.159,0.137
1,54497,54.496518,1,1,2,car,0.88,0.851,0.364,0.252,0.243
1,54497,54.497231,1,2,2,car,0.8300000000000001,0.705,0.328,0.085,0.081
1,54498,54.497968,1,3,2,car,0.8200000000000001,0.5660000000000001,0.381,0.17,0.201
1,54499,54.498599,1,4,2,car,0.8,0.08700000000000001,0.332,0.17300000000000001,0.11900000000000001
1,54499,54.499025,1,5,2,car,0.74,0.461,0.321,0.076,0.08600000000000001
1,54499,54.499402,1,6,2,car,0.62,0.654,0.318,0.052000000000000005,0.058
1,54500,54.499770,1,7,2,car,0.59,0.234,0.309,0.053,0.045
1,54695,54.694593,2,0,2,car,0.91,0.855,0.378,0.258,0.23800000000000002
1,54695,54.695002,2,1,2,car,0.87,0.053,0.353,0.107,0.132
1,54695,54.695379,2,2,2,car,0.87,0.352,0.377,0.162,0.15
1,54696,54.695748,2,3,2,car,0.84,0.5650000000000001,0.393,0.17400000000000002,0.189
1,54696,54.696116,2,4,2,car,0.77,0.7030000000000001,0.34700000000000003,0.084,0.083
1,54697,54.696518,2,5,2,car,0.74,0.279,0.328,0.069,0.07
1,54697,54.696895,2,6,2,car,0.7000000000000001,0.22,0.327,0.052000000000000005,0.048
1,54698,54.697558,2,7,2,car,0.6900000000000001,0.453,0.34,0.076,0.084
1,54896,54.895862,3,0,2,car,0.91,0.342,0.386,0.168,0.154
1,54897,54.896779,3,1,2,car,0.88,0.859,0.385,0.264,0.241
1,54898,54.897566,3,2,2,car,0.8,0.448,0.35000000000000003,0.085,0.085
1,54898,54.898467,3,3,2,car,0.78,0.5680000000000001,0.394,0.17300000000000001,0.182
1,54899,54.899016,3,4,2,car,0.71,0.704,0.355,0.08,0.083
1,54900,54.899515,3,5,2,car,0.7000000000000001,0.056,0.342,0.109,0.088
1,54900,54.899966,3,6,2,car,0.6,0.258,0.327,0.068,0.052000000000000005
1,54900,54.900417,3,7,2,car,0.6,0.653,0.352,0.051000000000000004,0.07100000000000001
1,55096,55.095697,4,0,2,car,0.92,0.328,0.388,0.176,0.158
1,55096,55.096451,4,1,2,car,0.91,0.854,0.381,0.265,0.241
1,55097,55.097205,4,2,2,car,0.88,0.559,0.397,0.176,0.188
1,55098,55.097770,4,3,2,car,0.78,0.6900000000000001,0.355,0.079,0.083
1,55098,55.098221,4,4,2,car,0.76,0.028,0.34900000000000003,0.057,0.08
1,55099,55.098688,4,5,2,car,0.76,0.228,0.337,0.096,0.077
1,55099,55.099130,4,6,2,car,0.71,0.441,0.35000000000000003,0.084,0.088
1,55100,55.099589,4,7,2,car,0.5700000000000001,0.146,0.34,0.07200000000000001,0.047
1,55296,55.295795,5,0,2,car,0.9,0.557,0.441,0.18,0.182
1,55297,55.296713,5,1,2,car,0.89,0.852,0.431,0.268,0.245
1,55298,55.297630,5,2,2,car,0.88,0.298,0.432,0.216,0.17
1,55298,55.298359,5,3,2,car,0.78,0.192,0.384,0.11900000000000001,0.093
1,55299,55.298843,5,4,2,car,0.74,0.43,0.395,0.088,0.089
1,55299,55.299293,5,5,2,car,0.67,0.6890000000000001,0.397,0.073,0.083
1,55495,55.495131,6,0,2,car,0.93,0.307,0.47400000000000003,0.192,0.182
1,55496,55.496253,6,1,2,car,0.9,0.85,0.462,0.269,0.245
1,55497,55.497204,6,2,2,car,0.87,0.558,0.47600000000000003,0.186,0.192
1,55498,55.498105,6,3,2,car,0.8300000000000001,0.149,0.419,0.145,0.099
1,55499,55.498670,6,4,2,car,0.8200000000000001,0.424,0.426,0.099,0.09
1,55499,55.499154,6,5,2,car,0.74,0.687,0.43,0.08,0.085
1,55695,55.694844,7,0,2,car,0.89,0.293,0.468,0.196,0.185
1,55695,55.695376,7,1,2,car,0.89,0.553,0.47500000000000003,0.187,0.20600000000000002
1,55696,55.695925,7,2,2,car,0.89,0.845,0.453,0.272,0.24
1,55696,55.696450,7,3,2,car,0.77,0.107,0.41400000000000003,0.156,0.112
1,55697,55.696933,7,4,2,car,0.72,0.668,0.422,0.105,0.08700000000000001
1,55697,55.697375,7,5,2,car,0.6900000000000001,0.428,0.418,0.079,0.094
1,55894,55.893901,8,0,2,car,0.89,0.28700000000000003,0.465,0.203,0.183
1,55895,55.894532,8,1,2,car,0.87,0.842,0.448,0.268,0.242
1,55895,55.894917,8,2,2,car,0.79,0.552,0.47600000000000003,0.188,0.213
1,55895,55.895294,8,3,2,car,0.77,0.426,0.41300000000000003,0.08,0.094
1,55896,55.895736,8,4,2,car,0.74,0.672,0.417,0.111,0.08700000000000001
1,55896,55.896187,8,5,2,car,0.6900000000000001,0.976,0.434,0.047,0.129
1,55897,55.896646,8,6,2,car,0.66,0.073,0.41400000000000003,0.145,0.125
1,56095,56.095171,9,0,2,car,0.9,0.277,0.448,0.21,0.187
1,56096,56.095957,9,1,2,car,0.9,0.836,0.438,0.26,0.257
1,56097,56.096637,9,2,2,car,0.84,0.549,0.448,0.189,0.20600000000000002
1,56097,56.097153,9,3,2,car,0.78,0.678,0.397,0.096,0.09
1,56098,56.097595,9,4,2,car,0.76,0.421,0.392,0.08,0.1
1,56098,56.098063,9,5,2,car,0.73,0.967,0.425,0.065,0.149
1,56099,56.098521,9,6,2,car,0.54,0.046,0.392,0.093,0.128
1,56295,56.295269,10,0,2,car,0.88,0.8260000000000001,0.41100000000000003,0.258,0.243
1,56296,56.296047,10,1,2,car,0.86,0.264,0.427,0.219,0.19
1,56297,56.296833,10,2,2,car,0.85,0.544,0.42,0.192,0.192
1,56297,56.297333,10,3,2,car,0.74,0.41400000000000003,0.374,0.085,0.094
1,56298,56.297775,10,4,2,car,0.73,0.671,0.378,0.089,0.085
1,56298,56.298242,10,5,2,car,0.61,0.9570000000000001,0.385,0.085,0.126
1,56495,56.494776,11,0,2,car,0.88,0.8160000000000001,0.41600000000000004,0.255,0.25
1,56496,56.495530,11,1,2,car,0.88,0.248,0.434,0.224,0.199
1,56496,56.496235,11,2,2,car,0.87,0.538,0.42,0.199,0.189
1,56497,56.496701,11,3,2,car,0.75,0.389,0.374,0.123,0.094
1,56497,56.497152,11,4,2,car,0.6900000000000001,0.674,0.377,0.078,0.08700000000000001
1,56498,56.497611,11,5,2,car,0.5700000000000001,0.044,0.343,0.088,0.14300000000000002
1,56695,56.694940,12,0,2,car,0.9,0.808,0.425,0.252,0.244
1,56696,56.695513,12,1,2,car,0.9,0.23500000000000001,0.448,0.233,0.203
1,56696,56.695988,12,2,2,car,0.86,0.534,0.445,0.203,0.216
1,56697,56.696513,12,3,2,car,0.73,0.379,0.383,0.127,0.11
1,56697,56.696939,12,4,2,car,0.72,0.647,0.388,0.111,0.081
1,56697,56.697381,12,5,2,car,0.7000000000000001,0.9470000000000001,0.394,0.101,0.153
1,56698,56.697774,12,6,2,car,0.62,0.025,0.384,0.049,0.098
1,56698,56.698135,12,7,2,car,0.55,0.108,0.372,0.056,0.045
1,56895,56.894980,13,0,2,car,0.91,0.217,0.449,0.244,0.20700000000000002
1,56896,56.895898,13,1,2,car,0.89,0.798,0.427,0.248,0.251
1,56897,56.896586,13,2,2,car,0.8200000000000001,0.524,0.439,0.20600000000000002,0.197
1,56897,56.897159,13,3,2,car,0.68,0.097,0.375,0.07100000000000001,0.05
1,56898,56.897725,13,4,2,car,0.64,0.393,0.386,0.089,0.107
1,56898,56.898175,13,5,2,car,0.6,0.651,0.393,0.098,0.085
1,56899,56.898626,13,6,2,car,0.59,0.929,0.398,0.084,0.11900000000000001
1,57095,57.094971,14,0,2,car,0.88,0.20500000000000002,0.457,0.252,0.215
1,57096,57.095619,14,1,2,car,0.85,0.795,0.431,0.254,0.246
1,57096,57.096315,14,2,2,car,0.8300000000000001,0.519,0.448,0.21,0.211
1,57097,57.096815,14,3,2,car,0.78,0.391,0.392,0.088,0.101
1,57097,57.097265,14,4,2,car,0.6900000000000001,0.09,0.378,0.063,0.05
1,57098,57.097781,14,5,2,car,0.65,0.64,0.395,0.105,0.088
1,57098,57.098306,14,6,2,car,0.61,0.324,0.401,0.07,0.094
1,57099,57.098764,14,7,2,car,0.52,0.909,0.387,0.07200000000000001,0.137
1,57295,57.295135,15,0,2,car,0.89,0.194,0.461,0.262,0.224
1,57296,57.295929,15,1,2,car,0.87,0.791,0.433,0.249,0.244
1,57297,57.296683,15,2,2,car,0.81,0.515,0.45,0.214,0.217
1,57297,57.297248,15,3,2,car,0.72,0.389,0.394,0.093,0.10400000000000001
1,57298,57.297699,15,4,2,car,0.7000000000000001,0.641,0.397,0.106,0.082
1,57298,57.298158,15,5,2,car,0.6900000000000001,0.081,0.378,0.076,0.051000000000000004
1,57299,57.298625,15,6,2,car,0.67,0.313,0.404,0.066,0.094
1,57494,57.494094,0,0,2,car,0.89,0.186,0.461,0.274,0.231
1,57495,57.494848,0,1,2,car,0.88,0.789,0.427,0.248,0.247
1,57496,57.495618,0,2,2,car,0.85,0.512,0.447,0.219,0.214
1,57496,57.496150,0,3,2,car,0.77,0.64,0.387,0.11,0.092
1,57497,57.496617,0,4,2,car,0.72,0.385,0.392,0.092,0.11
1,57497,57.497100,0,5,2,car,0.52,0.07,0.372,0.07100000000000001,0.055
1,57694,57.694241,1,0,2,car,0.9,0.176,0.455,0.278,0.227
1,57695,57.695019,1,1,2,car,0.9,0.789,0.424,0.246,0.247
1,57696,57.695789,1,2,2,car,0.84,0.51,0.449,0.22,0.232
1,57697,57.696527,1,3,2,car,0.73,0.64,0.389,0.109,0.097
1,57697,57.697280,1,4,2,car,0.71,0.386,0.388,0.1,0.113
1,57698,57.697739,1,5,2,car,0.67,0.053,0.37,0.061,0.054
1,57894,57.894314,2,0,2,car,0.9,0.791,0.425,0.25,0.247
1,57895,57.895215,2,1,2,car,0.9,0.168,0.458,0.28600000000000003,0.234
1,57896,57.896133,2,2,2,car,0.8300000000000001,0.509,0.447,0.224,0.22
1,57897,57.896821,2,3,2,car,0.72,0.642,0.391,0.107,0.097
1,57897,57.897427,2,4,2,car,0.64,0.036000000000000004,0.371,0.07100000000000001,0.06
1,57898,57.898058,2,5,2,car,0.58,0.386,0.389,0.107,0.11
1,57899,57.898566,2,6,2,car,0.51,0.303,0.4,0.082,0.10200000000000001
1,58094,58.094109,3,0,2,car,0.91,0.158,0.455,0.297,0.23800000000000002
1,58095,58.095026,3,1,2,car,0.9,0.794,0.424,0.253,0.244
1,58096,58.095780,3,2,2,car,0.84,0.506,0.448,0.227,0.221
1,58097,58.096542,3,3,2,car,0.67,0.643,0.392,0.109,0.096
1,58097,58.097230,3,4,2,car,0.5700000000000001,0.382,0.393,0.092,0.11
1,58098,58.097738,3,5,2,car,0.5700000000000001,0.031,0.374,0.063,0.069
1,58098,58.098172,3,6,2,car,0.5,0.033,0.44,0.066,0.202
1,58293,58.292527,4,0,2,car,0.9,0.151,0.47200000000000003,0.301,0.273
1,58293,58.292945,4,1,2,car,0.88,0.505,0.445,0.232,0.219
1,58293,58.293404,4,2,2,car,0.85,0.797,0.425,0.255,0.248
1,58294,58.293903,4,3,2,car,0.75,0.379,0.389,0.096,0.116
1,58294,58.294280,4,4,2,car,0.7000000000000001,0.646,0.389,0.112,0.091
1,58295,58.294755,4,5,2,car,0.55,0.295,0.395,0.094,0.098
1,58493,58.492535,5,0,2,car,0.8,0.092,0.448,0.184,0.352
1,58493,58.492994,5,1,2,car,0.68,0.209,0.457,0.18,0.23600000000000002
1,58494,58.493501,5,2,2,car,0.55,0.667,0.419,0.15,0.161
1,58494,58.493944,5,3,2,car,0.52,0.855,0.367,0.139,0.132
1,58494,58.494370,5,4,2,car,0.52,0.397,0.395,0.065,0.097
1,58495,58.494730,5,5,2,car,0.5,0.295,0.386,0.098,0.091
1,58694,58.693632,6,0,2,car,0.89,0.436,0.445,0.218,0.20800000000000002
1,58694,58.694197,6,1,2,car,0.81,0.078,0.447,0.158,0.356
1,58695,58.694730,6,2,2,car,0.76,0.5710000000000001,0.41600000000000004,0.106,0.133
1,58695,58.695271,6,3,2,car,0.75,0.974,0.462,0.051000000000000004,0.123
1,58696,58.695778,6,4,2,car,0.74,0.35100000000000003,0.375,0.157,0.111
1,58696,58.696303,6,5,2,car,0.65,0.647,0.42,0.134,0.153
1,58697,58.696696,6,6,2,car,0.64,0.547,0.325,0.036000000000000004,0.035
1,58697,58.697089,6,7,2,car,0.58,0.481,0.317,0.055,0.056
1,58894,58.894049,7,0,2,car,0.89,0.591,0.41500000000000004,0.193,0.148
1,58895,58.894737,7,1,2,car,0.89,0.41300000000000003,0.45,0.219,0.221
1,58895,58.895245,7,2,2,car,0.81,0.066,0.444,0.132,0.35000000000000003
1,58896,58.895712,7,3,2,car,0.8,0.147,0.38,0.129,0.111
1,58896,58.896188,7,4,2,car,0.78,0.322,0.373,0.14300000000000002,0.109
1,58897,58.896564,7,5,2,car,0.76,0.724,0.377,0.08600000000000001,0.085
1,58897,58.896958,7,6,2,car,0.74,0.785,0.364,0.069,0.06
1,58897,58.897351,7,7,2,car,0.7000000000000001,0.961,0.436,0.076,0.171
1,59095,59.094524,8,0,2,car,0.91,0.387,0.465,0.225,0.262
1,59095,59.095245,8,1,2,car,0.91,0.5670000000000001,0.42,0.187,0.151
1,59096,59.095818,8,2,2,car,0.9,0.05,0.459,0.099,0.361
1,59096,59.096334,8,3,2,car,0.86,0.9500000000000001,0.431,0.096,0.154
1,59097,59.096810,8,4,2,car,0.8300000000000001,0.28400000000000003,0.375,0.155,0.113
1,59097,59.097252,8,5,2,car,0.78,0.717,0.377,0.094,0.084
1,59098,59.097629,8,6,2,car,0.76,0.785,0.364,0.069,0.064
1,59098,59.098014,8,7,2,car,0.71,0.11,0.378,0.12,0.115
1,59294,59.294089,9,0,2,car,0.91,0.537,0.418,0.187,0.148
1,59295,59.294712,9,1,2,car,0.9,0.357,0.462,0.225,0.23500000000000001
1,59295,59.295203,9,2,2,car,0.8200000000000001,0.785,0.365,0.07,0.062
1,59296,59.295679,9,3,2,car,0.8,0.9410000000000001,0.42,0.116,0.177
1,59296,59.296154,9,4,2,car,0.79,0.714,0.377,0.094,0.084
1,59297,59.296563,9,5,2,car,0.73,0.031,0.461,0.063,0.326
1,59297,59.296940,9,6,2,car,0.73,0.248,0.373,0.155,0.113
1,59297,59.297309,9,7,2,car,0.6900000000000001,0.08,0.383,0.10200000000000001,0.114
1,59494,59.494310,10,0,2,car,0.89,0.509,0.41400000000000003,0.182,0.148
1,59495,59.495080,10,1,2,car,0.89,0.327,0.458,0.228,0.233
1,59496,59.495826,10,2,2,car,0.84,0.211,0.37,0.167,0.114
1,59497,59.496579,10,3,2,car,0.79,0.711,0.375,0.089,0.08600000000000001
1,59497,59.497153,10,4,2,car,0.75,0.046,0.378,0.089,0.111
1,59498,59.497661,10,5,2,car,0.7000000000000001,0.554,0.325,0.029,0.033
1,59498,59.498119,10,6,2,car,0.7000000000000001,0.786,0.369,0.07200000000000001,0.07200000000000001
1,59499,59.498586,10,7,2,car,0.7000000000000001,0.626,0.34700000000000003,0.049,0.047
1,59693,59.693048,11,0,2,car,0.88,0.298,0.448,0.231,0.216
1,59694,59.693531,11,1,2,car,0.87,0.169,0.368,0.166,0.113
1,59694,59.694047,11,2,2,car,0.84,0.452,0.403,0.243,0.157
1,59695,59.694580,11,3,2,car,0.81,0.718,0.375,0.092,0.083
1,59695,59.695006,11,4,2,car,0.77,0.026000000000000002,0.378,0.052000000000000005,0.11900000000000001
1,59695,59.695399,11,5,2,car,0.76,0.793,0.364,0.07,0.061
1,59696,59.695743,11,6,2,car,0.74,0.5630000000000001,0.322,0.034,0.035
1,59696,59.696128,11,7,0,person,0.73,0.9440000000000001,0.483,0.111,0.367
1,59894,59.893760,12,0,2,car,0.89,0.435,0.401,0.223,0.158
1,59895,59.894645,12,1,2,car,0.87,0.269,0.446,0.23500000000000001,0.229
1,59896,59.895505,12,2,2,car,0.8,0.135,0.366,0.165,0.112
1,59896,59.896046,12,3,2,car,0.79,0.729,0.372,0.09,0.085
1,59897,59.896529,12,4,2,car,0.76,0.803,0.363,0.075,0.056
1,59897,59.896930,12,5,2,car,0.75,0.577,0.321,0.034,0.034
1,59897,59.897324,12,6,0,person,0.74,0.922,0.468,0.133,0.34700000000000003
1,59898,59.897701,12,7,2,car,0.63,0.649,0.34600000000000003,0.04,0.04
1,60094,60.093579,13,0,2,car,0.86,0.428,0.397,0.2,0.148
1,60094,60.094169,13,1,0,person,0.86,0.891,0.47000000000000003,0.124,0.34900000000000003
1,60095,60.094718,13,2,2,car,0.86,0.247,0.44,0.242,0.217
1,60095,60.095251,13,3,2,car,0.8300000000000001,0.747,0.368,0.088,0.081
1,60096,60.095709,13,4,2,car,0.77,0.8270000000000001,0.364,0.07200000000000001,0.061
1,60096,60.096176,13,5,2,car,0.76,0.106,0.358,0.168,0.128
1,60097,60.096619,13,6,2,car,0.65,0.596,0.319,0.033,0.033
1,60097,60.097069,13,7,2,car,0.61,0.666,0.343,0.044,0.043000000000000003
1,60294,60.293579,14,0,2,car,0.91,0.41100000000000003,0.398,0.20400000000000001,0.151
1,60294,60.294496,14,1,2,car,0.87,0.223,0.44,0.244,0.225
1,60295,60.295430,14,2,0,person,0.85,0.871,0.47200000000000003,0.127,0.355
1,60296,60.296135,14,3,2,car,0.8,0.774,0.366,0.09,0.083
1,60297,60.296602,14,4,2,car,0.74,0.08700000000000001,0.358,0.17400000000000002,0.124
1,60297,60.297060,14,5,2,car,0.7000000000000001,0.621,0.318,0.031,0.034
1,60298,60.297511,14,6,2,car,0.62,0.6920000000000001,0.34400000000000003,0.048,0.04
1,60298,60.297953,14,7,2,car,0.54,0.542,0.323,0.07100000000000001,0.091
1,60493,60.493218,15,0,2,car,0.93,0.398,0.395,0.199,0.153
1,60494,60.493996,15,1,2,car,0.89,0.202,0.435,0.248,0.227
1,60495,60.494553,15,2,2,car,0.79,0.805,0.369,0.08700000000000001,0.085
1,60495,60.495012,15,3,0,person,0.77,0.86,0.47300000000000003,0.127,0.354
1,60495,60.495454,15,4,2,car,0.71,0.504,0.34400000000000003,0.065,0.05
1,60496,60.495929,15,5,2,car,0.65,0.724,0.342,0.053,0.042
1,60496,60.496405,15,6,3,motorcycle,0.6,0.899,0.523,0.203,0.41400000000000003
1,60497,60.496863,15,7,2,car,0.6,0.652,0.316,0.031,0.032
1,60693,60.692660,0,0,2,car,0.91,0.386,0.392,0.20700000000000002,0.149
1,60693,60.693324,0,1,0,person,0.88,0.848,0.466,0.122,0.34500000000000003
1,60694,60.693906,0,2,2,car,0.85,0.186,0.433,0.251,0.229
1,60694,60.694291,0,3,2,car,0.71,0.54,0.34500000000000003,0.063,0.052000000000000005
1,60695,60.694675,0,4,3,motorcycle,0.64,0.904,0.525,0.192,0.406
1,60695,60.695077,0,5,2,car,0.61,0.765,0.338,0.061,0.044
1,60695,60.695462,0,6,5,bus,0.61,0.61,0.322,0.07100000000000001,0.1
1,60696,60.695814,0,7,2,car,0.52,0.6900000000000001,0.319,0.034,0.032
1,60893,60.893479,1,0,2,car,0.91,0.376,0.392,0.213,0.153
1,60894,60.894331,1,1,2,car,0.86,0.169,0.424,0.251,0.23
1,60895,60.895101,1,2,0,person,0.85,0.836,0.462,0.129,0.34400000000000003
1,60896,60.895912,1,3,2,car,0.77,0.579,0.34400000000000003,0.064,0.053
1,60897,60.896567,1,4,3,motorcycle,0.71,0.899,0.549,0.2,0.354
1,60897,60.897280,1,5,5,bus,0.71,0.651,0.318,0.075,0.10400000000000001
1,60898,60.898001,1,6,2,car,0.66,0.053,0.34700000000000003,0.105,0.12
1,60899,60.898525,1,7,2,car,0.54,0.506,0.342,0.098,0.049
1,61093,61.092782,2,0,2,car,0.92,0.375,0.396,0.20600000000000002,0.147
1,61094,61.093528,2,1,0,person,0.8,0.846,0.484,0.148,0.396
1,61094,61.094216,2,2,2,car,0.78,0.14,0.417,0.279,0.249
1,61095,61.094945,2,3,2,car,0.74,0.625,0.352,0.083,0.056
1,61096,61.095625,2,4,5,bus,0.6900000000000001,0.6930000000000001,0.326,0.082,0.10200000000000001
1,61096,61.096321,2,5,3,motorcycle,0.67,0.894,0.525,0.21,0.429
1,61097,61.097050,2,6,2,car,0.64,0.529,0.34900000000000003,0.06,0.05
1,61098,61.097673,2,7,2,car,0.61,0.47400000000000003,0.34600000000000003,0.078,0.052000000000000005
1,61294,61.293560,3,0,2,car,0.92,0.364,0.397,0.22,0.151
1,61294,61.294428,3,1,0,person,0.84,0.84,0.466,0.134,0.327
1,61295,61.295157,3,2,2,car,0.79,0.136,0.419,0.258,0.222
1,61296,61.296099,3,3,5,bus,0.71,0.742,0.331,0.081,0.10400000000000001
1,61297,61.296779,3,4,2,car,0.6900000000000001,0.503,0.34700000000000003,0.058,0.052000000000000005
1,61297,61.297279,3,5,2,car,0.6900000000000001,0.663,0.355,0.066,0.054
1,61298,61.297730,3,6,3,motorcycle,0.65,0.881,0.527,0.23800000000000002,0.422
1,61298,61.298197,3,7,2,car,0.63,0.587,0.353,0.09,0.053
1,61492,61.492290,4,0,2,car,0.88,0.36,0.394,0.225,0.15
1,61493,61.493060,4,1,0,person,0.85,0.835,0.46,0.126,0.335
1,61494,61.493748,4,2,2,car,0.84,0.127,0.41100000000000003,0.252,0.221
1,61494,61.494452,4,3,2,car,0.71,0.548,0.34600000000000003,0.064,0.054
1,61495,61.495083,4,4,2,car,0.7000000000000001,0.632,0.35000000000000003,0.091,0.053
1,61496,61.495730,4,5,2,car,0.67,0.713,0.352,0.062,0.057
1,61496,61.496205,4,6,3,motorcycle,0.5700000000000001,0.891,0.546,0.216,0.373
1,61692,61.692068,5,0,2,car,0.9,0.357,0.396,0.24,0.157
1,61693,61.692723,5,1,2,car,0.85,0.121,0.40700000000000003,0.243,0.278
1,61693,61.693330,5,2,0,person,0.77,0.84,0.464,0.126,0.321
1,61694,61.693772,5,3,2,car,0.72,0.767,0.359,0.06,0.054
1,61694,61.694165,5,4,3,motorcycle,0.68,0.889,0.524,0.221,0.418
1,61695,61.694542,5,5,2,car,0.67,0.601,0.34800000000000003,0.074,0.056
1,61695,61.694927,5,6,2,car,0.61,0.6890000000000001,0.353,0.101,0.057
1,61893,61.892518,6,0,2,car,0.92,0.364,0.399,0.23700000000000002,0.156
1,61893,61.893206,6,1,2,car,0.89,0.12,0.404,0.23900000000000002,0.279
1,61894,61.893919,6,2,0,person,0.8300000000000001,0.854,0.467,0.123,0.355
1,61895,61.894607,6,3,2,car,0.67,0.653,0.357,0.07,0.057
1,61895,61.895287,6,4,2,car,0.65,0.746,0.364,0.107,0.059000000000000004
1,61896,61.895787,6,5,3,motorcycle,0.64,0.901,0.5650000000000001,0.198,0.425
1,62092,62.092124,7,0,2,car,0.87,0.37,0.4,0.23900000000000002,0.155
1,62093,62.092919,7,1,2,car,0.87,0.116,0.406,0.231,0.267
1,62094,62.093673,7,2,0,person,0.86,0.867,0.464,0.126,0.361
1,62094,62.094377,7,3,2,car,0.72,0.71,0.359,0.07200000000000001,0.064
1,62095,62.095106,7,4,3,motorcycle,0.66,0.902,0.546,0.195,0.453
1,62096,62.095794,7,5,2,car,0.65,0.786,0.365,0.068,0.059000000000000004
1,62292,62.292214,8,0,2,car,0.92,0.383,0.393,0.24,0.154
1,62293,62.293017,8,1,0,person,0.84,0.891,0.465,0.128,0.365
1,62294,62.293721,8,2,2,car,0.8,0.11800000000000001,0.403,0.23500000000000001,0.242
1,62294,62.294409,8,3,2,car,0.77,0.776,0.36,0.077,0.062
1,62492,62.492303,9,0,2,car,0.92,0.394,0.41200000000000003,0.23900000000000002,0.157
1,62493,62.493180,9,1,0,person,0.81,0.921,0.497,0.14300000000000002,0.388
1,62494,62.493835,9,2,2,car,0.74,0.125,0.41000000000000003,0.245,0.226
1,62495,62.494507,9,3,2,car,0.72,0.836,0.383,0.06,0.066
1,62691,62.690951,10,0,2,car,0.92,0.4,0.441,0.244,0.161
1,62692,62.691648,10,1,2,car,0.89,0.125,0.45,0.241,0.221
1,62692,62.692115,10,2,0,person,0.59,0.932,0.532,0.136,0.394
1,62693,62.692770,10,3,2,car,0.54,0.024,0.374,0.049,0.10400000000000001
1,62892,62.891573,11,0,2,car,0.92,0.403,0.437,0.247,0.166
1,62892,62.892491,11,1,2,car,0.91,0.126,0.441,0.242,0.219
1,62893,62.893392,11,2,0,person,0.8200000000000001,0.935,0.529,0.129,0.395
1,63091,63.090942,12,0,2,car,0.88,0.40800000000000003,0.417,0.248,0.16
1,63091,63.091491,12,1,2,car,0.86,0.13,0.424,0.23700000000000002,0.219
1,63092,63.092064,12,2,0,person,0.73,0.933,0.522,0.133,0.402
1,63292,63.291580,13,0,2,car,0.88,0.13,0.41600000000000004,0.241,0.22
1,63292,63.292482,13,1,2,car,0.77,0.41000000000000003,0.40800000000000003,0.242,0.169
1,63293,63.293014,13,2,0,person,0.77,0.927,0.51,0.14400000000000002,0.389
1,63491,63.491482,14,0,2,car,0.84,0.11900000000000001,0.425,0.234,0.23600000000000002
1,63492,63.492358,14,1,2,car,0.8,0.38,0.41300000000000003,0.305,0.171
1,63493,63.493268,14,2,0,person,0.74,0.919,0.506,0.162,0.392
1,63691,63.691268,15,0,2,car,0.88,0.383,0.40700000000000003,0.261,0.158
1,63692,63.692046,15,1,0,person,0.86,0.895,0.512,0.166,0.398
1,63693,63.692792,15,2,2,car,0.84,0.111,0.41300000000000003,0.221,0.221
1,63891,63.891481,0,0,2,car,0.9,0.367,0.405,0.267,0.16
1,63892,63.892374,0,1,0,person,0.85,0.872,0.509,0.159,0.41000000000000003
1,63893,63.893111,0,2,2,car,0.84,0.1,0.41500000000000004,0.2,0.225
1,64092,64.091882,1,0,0,person,0.89,0.847,0.516,0.145,0.405
1,64093,64.092643,1,1,2,car,0.86,0.08700000000000001,0.41000000000000003,0.17400000000000002,0.229
1,64093,64.093422,1,2,2,car,0.85,0.355,0.405,0.263,0.165
1,64094,64.094200,1,3,3,motorcycle,0.84,0.89,0.5720000000000001,0.218,0.47800000000000004
1,64095,64.094978,1,4,0,person,0.71,0.495,0.382,0.037,0.115
1,64096,64.096076,1,5,0,person,0.61,0.652,0.388,0.032,0.127
1,64097,64.096551,1,6,0,person,0.55,0.627,0.387,0.03,0.124
1,64292,64.291537,2,0,2,car,0.9,0.334,0.403,0.276,0.17
1,64292,64.292094,2,1,3,motorcycle,0.89,0.888,0.5710000000000001,0.225,0.47700000000000004
1,64293,64.292618,2,2,2,car,0.84,0.074,0.401,0.149,0.225
1,64293,64.293134,2,3,0,person,0.79,0.8320000000000001,0.512,0.152,0.363
1,64294,64.293675,2,4,0,person,0.63,0.532,0.382,0.045,0.117
1,64294,64.294191,2,5,0,person,0.58,0.598,0.388,0.054,0.135
1,64295,64.294642,2,6,2,car,0.5,0.212,0.352,0.132,0.076
1,64490,64.490455,3,0,0,person,0.91,0.8250000000000001,0.521,0.14,0.436
1,64491,64.490988,3,1,2,car,0.91,0.328,0.395,0.277,0.168
1,64491,64.491487,3,2,2,car,0.87,0.059000000000000004,0.401,0.11800000000000001,0.23700000000000002
1,64492,64.491995,3,3,3,motorcycle,0.63,0.876,0.5690000000000001,0.247,0.47500000000000003
1,64493,64.492503,3,4,9,traffic light,0.53,0.777,0.22,0.048,0.097
1,64692,64.691528,4,0,2,car,0.9,0.322,0.39,0.28700000000000003,0.17
1,64692,64.692421,4,1,0,person,0.86,0.8240000000000001,0.508,0.134,0.43
1,64693,64.692986,4,2,2,car,0.86,0.05,0.387,0.1,0.228
1,64694,64.693502,4,3,3,motorcycle,0.84,0.901,0.559,0.198,0.47500000000000003
1,64891,64.891495,5,0,2,car,0.9,0.315,0.395,0.296,0.177
1,64892,64.892396,5,1,2,car,0.84,0.041,0.383,0.081,0.233
1,64893,64.892985,5,2,0,person,0.77,0.837,0.523,0.14100000000000001,0.429
1,64894,64.893526,5,3,3,motorcycle,0.67,0.904,0.5640000000000001,0.192,0.486
1,64894,64.894034,5,4,2,car,0.65,0.181,0.343,0.105,0.07100000000000001
1,64895,64.894558,5,5,0,person,0.53,0.802,0.392,0.042,0.138
1,65091,65.090560,6,0,2,car,0.92,0.313,0.404,0.296,0.177
1,65091,65.091052,6,1,0,person,0.8200000000000001,0.848,0.541,0.131,0.34
1,65092,65.091584,6,2,2,car,0.6900000000000001,0.034,0.389,0.067,0.23900000000000002
1,65291,65.291076,7,0,2,car,0.88,0.325,0.395,0.297,0.179
1,65292,65.291993,7,1,0,person,0.8,0.876,0.512,0.14,0.397
1,65293,65.292911,7,2,2,car,0.79,0.027,0.384,0.055,0.229
1,65491,65.490944,8,0,2,car,0.89,0.337,0.389,0.303,0.183
1,65492,65.491518,8,1,0,person,0.81,0.917,0.503,0.157,0.395
1,65492,65.492074,8,2,2,car,0.77,0.033,0.362,0.067,0.20800000000000002
1,65690,65.690354,9,0,2,car,0.89,0.042,0.36,0.084,0.20800000000000002
1,65691,65.690903,9,1,2,car,0.87,0.37,0.396,0.292,0.185
1,65691,65.691419,9,2,0,person,0.6900000000000001,0.9460000000000001,0.514,0.108,0.40700000000000003
1,65692,65.691959,9,3,2,car,0.52,0.295,0.717,0.591,0.524
1,65890,65.890001,10,0,2,car,0.93,0.403,0.40900000000000003,0.28500000000000003,0.186
1,65891,65.890558,10,1,2,car,0.89,0.057,0.361,0.114,0.213
1,66090,66.089722,11,0,2,car,0.88,0.081,0.372,0.164,0.218
1,66090,66.090214,11,1,2,car,0.87,0.453,0.427,0.278,0.192
1,66290,66.290319,12,0,2,car,0.92,0.511,0.438,0.275,0.194
1,66291,66.291229,12,1,2,car,0.84,0.114,0.376,0.227,0.211
1,66490,66.490024,13,0,2,car,0.9,0.582,0.451,0.272,0.197
1,66491,66.490589,13,1,2,car,0.63,0.152,0.395,0.298,0.193
1,66690,66.690196,14,0,2,car,0.91,0.657,0.47000000000000003,0.267,0.195
1,66691,66.690736,14,1,2,car,0.85,0.294,0.41000000000000003,0.169,0.179
1,66691,66.691195,14,2,2,car,0.8,0.1,0.34700000000000003,0.151,0.146
1,66890,66.890375,15,0,2,car,0.92,0.721,0.47200000000000003,0.267,0.197
1,66891,66.891088,15,1,2,car,0.9,0.361,0.40900000000000003,0.165,0.17500000000000002
1,66892,66.891571,15,2,2,car,0.8300000000000001,0.189,0.34600000000000003,0.127,0.135
1,66892,66.892014,15,3,2,car,0.75,0.082,0.339,0.107,0.101
1,66892,66.892464,15,4,2,car,0.52,0.018000000000000002,0.324,0.035,0.13
1,67090,67.090178,0,0,2,car,0.91,0.772,0.47400000000000003,0.273,0.20400000000000001
1,67091,67.090743,0,1,2,car,0.86,0.41300000000000003,0.406,0.155,0.178
1,67091,67.091235,0,2,2,car,0.84,0.257,0.352,0.117,0.129
1,67092,67.091702,0,3,2,car,0.8300000000000001,0.139,0.341,0.132,0.098
1,67092,67.092136,0,4,2,car,0.59,0.037,0.324,0.075,0.145
1,67093,67.092611,0,5,2,car,0.53,0.491,0.358,0.04,0.049
1,67291,67.290661,1,0,2,car,0.9,0.809,0.482,0.275,0.20600000000000002
1,67291,67.291439,1,1,2,car,0.84,0.299,0.361,0.114,0.122
1,67292,67.291996,1,2,2,car,0.77,0.453,0.41300000000000003,0.15,0.171
1,67293,67.292504,1,3,2,car,0.63,0.178,0.34700000000000003,0.079,0.081
1,67293,67.292955,1,4,2,car,0.61,0.043000000000000003,0.444,0.08700000000000001,0.389
1,67293,67.293413,1,5,2,car,0.54,0.145,0.339,0.113,0.094
1,67294,67.293938,1,6,2,car,0.53,0.049,0.338,0.097,0.14200000000000002
1,67294,67.294413,1,7,2,car,0.51,0.524,0.365,0.041,0.044
1,67490,67.489514,2,0,2,car,0.91,0.8310000000000001,0.47900000000000004,0.274,0.214
1,67490,67.489972,2,1,2,car,0.86,0.33,0.362,0.111,0.117
1,67490,67.490448,2,2,2,car,0.8300000000000001,0.065,0.42,0.131,0.41500000000000004
1,67491,67.490841,2,3,2,car,0.8200000000000001,0.47600000000000003,0.41500000000000004,0.145,0.166
1,67491,67.491242,2,4,2,car,0.72,0.16,0.342,0.145,0.105
1,67492,67.491627,2,5,2,car,0.54,0.546,0.365,0.043000000000000003,0.048
1,67492,67.492004,2,6,2,car,0.51,0.241,0.328,0.034,0.029
1,67691,67.690627,3,0,2,car,0.92,0.848,0.47500000000000003,0.271,0.20800000000000002
1,67691,67.691201,3,1,2,car,0.87,0.491,0.41100000000000003,0.14400000000000002,0.155
1,67692,67.691717,3,2,2,car,0.87,0.352,0.359,0.107,0.112
1,67692,67.692233,3,3,2,car,0.76,0.179,0.34800000000000003,0.113,0.098
1,67693,67.692749,3,4,2,car,0.72,0.254,0.326,0.044,0.032
1,67693,67.693175,3,5,2,car,0.7000000000000001,0.08600000000000001,0.432,0.17300000000000001,0.47900000000000004
1,67889,67.889439,4,0,2,car,0.92,0.503,0.405,0.14100000000000001,0.16
1,67890,67.889996,4,1,2,car,0.91,0.857,0.466,0.273,0.20500000000000002
1,67891,67.890504,4,2,2,car,0.8,0.37,0.358,0.10300000000000001,0.108
1,67891,67.891028,4,3,2,car,0.79,0.10400000000000001,0.417,0.209,0.47400000000000003
1,67892,67.891544,4,4,2,car,0.76,0.185,0.34500000000000003,0.091,0.10300000000000001
1,67892,67.892027,4,5,2,car,0.59,0.26,0.325,0.05,0.027
1,68090,68.090036,5,0,2,car,0.91,0.86,0.459,0.265,0.198
1,68091,68.090733,5,1,2,car,0.91,0.51,0.402,0.138,0.153
1,68091,68.091273,5,2,2,car,0.88,0.38,0.356,0.10200000000000001,0.098
1,68092,68.091716,5,3,2,car,0.87,0.11800000000000001,0.467,0.23600000000000002,0.5660000000000001
1,68289,68.289020,6,0,2,car,0.93,0.854,0.457,0.26,0.197
1,68290,68.289569,6,1,2,car,0.87,0.51,0.403,0.139,0.15
1,68290,68.290093,6,2,2,car,0.8300000000000001,0.386,0.358,0.096,0.097
1,68291,68.290593,6,3,2,car,0.79,0.126,0.462,0.253,0.525
1,68291,68.291101,6,4,2,car,0.54,0.963,0.39,0.051000000000000004,0.049
1,68292,68.291576,6,5,2,car,0.5,0.244,0.329,0.04,0.032
1,68490,68.490125,7,0,2,car,0.92,0.849,0.453,0.256,0.197
1,68491,68.490813,7,1,2,car,0.85,0.511,0.403,0.136,0.14300000000000002
1,68491,68.491452,7,2,2,car,0.8,0.383,0.357,0.105,0.093
1,68492,68.491969,7,3,2,car,0.6900000000000001,0.134,0.456,0.269,0.487
1,68492,68.492452,7,4,2,car,0.58,0.976,0.435,0.047,0.14
1,68690,68.689879,8,0,2,car,0.89,0.842,0.453,0.249,0.196
1,68690,68.690453,8,1,2,car,0.88,0.509,0.402,0.13,0.14
1,68691,68.690928,8,2,2,car,0.87,0.14200000000000002,0.45,0.28400000000000003,0.46
1,68691,68.691468,8,3,2,car,0.65,0.383,0.359,0.111,0.095
1,68692,68.691935,8,4,2,car,0.54,0.5680000000000001,0.368,0.052000000000000005,0.066
1,68890,68.889592,9,0,2,car,0.86,0.833,0.464,0.244,0.188
1,68890,68.890133,9,1,2,car,0.8200000000000001,0.509,0.40900000000000003,0.123,0.146
1,68891,68.890657,9,2,2,car,0.74,0.401,0.372,0.092,0.097
1,68891,68.891181,9,3,2,car,0.71,0.147,0.452,0.294,0.431
1,68892,68.891706,9,4,2,car,0.65,0.5710000000000001,0.378,0.049,0.066
1,69090,69.089501,10,0,2,car,0.93,0.8260000000000001,0.47000000000000003,0.23600000000000002,0.191
1,69090,69.090058,10,1,2,car,0.8,0.403,0.379,0.08600000000000001,0.093
1,69091,69.090583,10,2,2,car,0.8,0.151,0.453,0.302,0.418
1,69091,69.091050,10,3,2,car,0.76,0.507,0.418,0.12,0.138
1,69092,69.091574,10,4,2,car,0.56,0.5730000000000001,0.385,0.055,0.063
1,69290,69.290000,11,0,2,car,0.92,0.8200000000000001,0.468,0.23,0.188
1,69291,69.290721,11,1,2,car,0.87,0.153,0.448,0.307,0.396
1,69291,69.291254,11,2,2,car,0.8300000000000001,0.508,0.417,0.116,0.133
1,69292,69.291786,11,3,2,car,0.77,0.40700000000000003,0.375,0.079,0.08700000000000001
1,69292,69.292327,11,4,2,car,0.58,0.577,0.39,0.056,0.062
1,69293,69.292810,11,5,2,car,0.54,0.917,0.392,0.06,0.041
1,69293,69.293277,11,6,2,car,0.52,0.355,0.375,0.036000000000000004,0.063
1,69294,69.293662,11,7,2,car,0.51,0.314,0.378,0.049,0.07100000000000001
1,69489,69.488755,12,0,2,car,0.89,0.157,0.443,0.312,0.363
1,69489,69.489123,12,1,2,car,0.77,0.513,0.40700000000000003,0.111,0.136
1,69490,69.489517,12,2,2,car,0.74,0.417,0.37,0.08600000000000001,0.08600000000000001
1,69490,69.489893,12,3,2,car,0.71,0.812,0.46,0.227,0.182
1,69490,69.490278,12,4,2,car,0.63,0.582,0.379,0.055,0.064
1,69491,69.490680,12,5,2,car,0.62,0.931,0.384,0.059000000000000004,0.036000000000000004
1,69491,69.491073,12,6,2,car,0.5,0.33,0.369,0.092,0.07100000000000001
1,69689,69.688738,13,0,2,car,0.9,0.159,0.432,0.317,0.34900000000000003
1,69689,69.689279,13,1,2,car,0.9,0.808,0.444,0.218,0.171
1,69690,69.689795,13,2,2,car,0.81,0.512,0.392,0.112,0.111
1,69690,69.690253,13,3,2,car,0.8,0.419,0.359,0.081,0.081
1,69691,69.690679,13,4,2,car,0.56,0.587,0.376,0.065,0.062
1,69691,69.691064,13,5,2,car,0.51,0.332,0.364,0.09,0.074
1,69889,69.889450,14,0,2,car,0.88,0.161,0.423,0.321,0.332
1,69890,69.889999,14,1,2,car,0.86,0.802,0.431,0.214,0.161
1,69891,69.890515,14,2,2,car,0.79,0.421,0.356,0.078,0.082
1,69891,69.891039,14,3,2,car,0.67,0.591,0.371,0.06,0.07
1,69892,69.891564,14,4,5,bus,0.59,0.8250000000000001,0.342,0.154,0.10400000000000001
1,69892,69.891932,14,5,2,car,0.53,0.337,0.359,0.085,0.07200000000000001
1,70089,70.089007,15,0,2,car,0.91,0.797,0.43,0.212,0.163
1,70089,70.089499,15,1,2,car,0.8300000000000001,0.163,0.421,0.325,0.312
1,70090,70.090031,15,2,2,car,0.81,0.426,0.361,0.078,0.082
1,70090,70.090490,15,3,2,car,0.76,0.515,0.391,0.111,0.107
1,70091,70.090932,15,4,2,car,0.65,0.596,0.366,0.056,0.055
1,70091,70.091301,15,5,5,bus,0.6,0.836,0.343,0.155,0.113
1,70092,70.091694,15,6,2,car,0.58,0.339,0.36,0.07,0.063
1,70092,70.092096,15,7,2,car,0.5700000000000001,0.968,0.394,0.063,0.079
1,70290,70.289900,0,0,2,car,0.92,0.163,0.419,0.325,0.297
1,70290,70.290457,0,1,2,car,0.9,0.789,0.439,0.20800000000000002,0.169
1,70291,70.290973,0,2,2,car,0.85,0.428,0.361,0.077,0.082
1,70291,70.291489,0,3,2,car,0.8300000000000001,0.515,0.394,0.112,0.112
1,70292,70.291939,0,4,2,car,0.6900000000000001,0.977,0.401,0.043000000000000003,0.089
1,70292,70.292423,0,5,2,car,0.66,0.6,0.37,0.063,0.057
1,70293,70.292799,0,6,5,bus,0.58,0.856,0.359,0.169,0.146
1,70293,70.293258,0,7,2,car,0.56,0.333,0.352,0.045,0.045
1,70489,70.488670,1,0,2,car,0.92,0.784,0.439,0.20400000000000001,0.169
1,70489,70.489129,1,1,2,car,0.86,0.17400000000000002,0.41200000000000003,0.307,0.28200000000000003
1,70490,70.489604,1,2,2,car,0.85,0.514,0.394,0.112,0.11800000000000001
1,70490,70.490005,1,3,2,car,0.8,0.431,0.362,0.073,0.081
1,70490,70.490391,1,4,5,bus,0.64,0.876,0.366,0.181,0.163
1,70491,70.490792,1,5,2,car,0.63,0.602,0.37,0.06,0.06
1,70491,70.491169,1,6,2,car,0.54,0.329,0.34700000000000003,0.04,0.033
1,70689,70.688956,2,0,2,car,0.92,0.78,0.44,0.198,0.168
1,70689,70.689497,2,1,2,car,0.91,0.187,0.40800000000000003,0.29,0.274
1,70690,70.690038,2,2,5,bus,0.81,0.894,0.369,0.20400000000000001,0.17300000000000001
1,70691,70.690562,2,3,2,car,0.77,0.517,0.395,0.112,0.122
1,70691,70.691029,2,4,2,car,0.75,0.433,0.361,0.076,0.077
1,70691,70.691422,2,5,2,car,0.72,0.608,0.37,0.06,0.056
1,70692,70.691791,2,6,2,car,0.54,0.042,0.387,0.085,0.259
1,70692,70.692176,2,7,2,car,0.52,0.648,0.365,0.037,0.029
1,70890,70.889677,3,0,2,car,0.91,0.779,0.44,0.198,0.166
1,70890,70.890373,3,1,2,car,0.85,0.202,0.40800000000000003,0.28400000000000003,0.265
1,70891,70.890980,3,2,2,car,0.8,0.61,0.383,0.059000000000000004,0.063
1,70891,70.891487,3,3,2,car,0.74,0.441,0.363,0.067,0.069
1,70892,70.892036,3,4,2,car,0.6900000000000001,0.049,0.394,0.099,0.253
1,70893,70.892552,3,5,2,car,0.67,0.522,0.397,0.107,0.117
1,70893,70.893019,3,6,2,car,0.56,0.656,0.371,0.036000000000000004,0.029
1,71089,71.089160,4,0,2,car,0.89,0.209,0.404,0.274,0.253
1,71090,71.089717,4,1,2,car,0.84,0.775,0.437,0.192,0.163
1,71090,71.090176,4,2,5,bus,0.77,0.92,0.371,0.158,0.191
1,71091,71.090659,4,3,2,car,0.75,0.522,0.394,0.10400000000000001,0.116
1,71091,71.091126,4,4,2,car,0.75,0.614,0.376,0.057,0.061
1,71092,71.091593,4,5,2,car,0.65,0.443,0.36,0.065,0.07
1,71289,71.289348,5,0,2,car,0.88,0.773,0.439,0.189,0.16
1,71290,71.289840,5,1,2,car,0.88,0.223,0.404,0.26,0.247
1,71290,71.290364,5,2,2,car,0.6900000000000001,0.619,0.384,0.059000000000000004,0.054
1,71291,71.290847,5,3,2,car,0.66,0.065,0.383,0.131,0.24
1,71291,71.291372,5,4,5,bus,0.65,0.932,0.371,0.135,0.191
1,71292,71.291740,5,5,2,car,0.62,0.449,0.363,0.065,0.069
1,71292,71.292199,5,6,2,car,0.62,0.525,0.398,0.108,0.115
1,71293,71.292600,5,7,2,car,0.54,0.667,0.381,0.047,0.043000000000000003
1,71489,71.488692,6,0,2,car,0.93,0.772,0.439,0.185,0.158
1,71489,71.489159,6,1,2,car,0.88,0.234,0.402,0.25,0.23800000000000002
1,71490,71.489585,6,2,5,bus,0.8200000000000001,0.9420000000000001,0.369,0.114,0.213
1,71490,71.490028,6,3,2,car,0.77,0.623,0.385,0.059000000000000004,0.06
1,71490,71.490462,6,4,2,car,0.71,0.527,0.399,0.108,0.115
1,71491,71.490839,6,5,2,car,0.67,0.455,0.365,0.068,0.068
1,71491,71.491224,6,6,2,car,0.59,0.069,0.382,0.138,0.23800000000000002
1,71492,71.491592,6,7,5,bus,0.59,0.838,0.362,0.106,0.14
1,71688,71.687832,7,0,2,car,0.9400000000000001,0.771,0.434,0.181,0.155
1,71688,71.688225,7,1,2,car,0.88,0.246,0.397,0.23600000000000002,0.23
1,71689,71.688643,7,2,2,car,0.79,0.627,0.384,0.058,0.063
1,71689,71.689036,7,3,2,car,0.75,0.531,0.398,0.107,0.114
1,71689,71.689421,7,4,2,car,0.63,0.458,0.363,0.059000000000000004,0.063
1,71690,71.689790,7,5,5,bus,0.58,0.853,0.36,0.121,0.14100000000000001
1,71690,71.690166,7,6,5,bus,0.51,0.9550000000000001,0.378,0.09,0.192
1,71889,71.888798,8,0,2,car,0.93,0.77,0.435,0.18,0.153
1,71889,71.889338,8,1,2,car,0.89,0.256,0.398,0.23,0.22
1,71890,71.889773,8,2,5,bus,0.81,0.873,0.363,0.117,0.153
1,71890,71.890150,8,3,2,car,0.75,0.535,0.396,0.10200000000000001,0.112
1,71891,71.890518,8,4,2,car,0.66,0.462,0.364,0.06,0.065
1,71891,71.890985,8,5,5,bus,0.62,0.973,0.378,0.053,0.192
1,71891,71.891436,8,6,2,car,0.56,0.629,0.395,0.057,0.045
1,72089,72.089158,9,0,2,car,0.91,0.772,0.429,0.17300000000000001,0.153
1,72090,72.089707,9,1,5,bus,0.89,0.9,0.36,0.128,0.163
1,72090,72.090223,9,2,2,car,0.88,0.265,0.394,0.22,0.216
1,72091,72.090763,9,3,2,car,0.8300000000000001,0.14200000000000002,0.359,0.094,0.08700000000000001
1,72091,72.091230,9,4,2,car,0.76,0.536,0.394,0.10400000000000001,0.116
1,72092,72.091607,9,5,2,car,0.73,0.021,0.34900000000000003,0.042,0.057
1,72092,72.091976,9,6,2,car,0.7000000000000001,0.631,0.373,0.055,0.06
1,72092,72.092369,9,7,2,car,0.59,0.462,0.358,0.056,0.062
1,72289,72.289067,10,0,2,car,0.91,0.273,0.393,0.213,0.20600000000000002
1,72290,72.289616,10,1,2,car,0.9,0.769,0.427,0.17500000000000002,0.149
1,72290,72.290091,10,2,5,bus,0.9,0.925,0.369,0.148,0.198
1,72291,72.290624,10,3,2,car,0.87,0.112,0.363,0.161,0.099
1,72291,72.291164,10,4,2,car,0.76,0.635,0.373,0.056,0.06
1,72292,72.291648,10,5,2,car,0.73,0.538,0.397,0.105,0.114
1,72292,72.292098,10,6,2,car,0.72,0.465,0.359,0.056,0.066
1,72293,72.292565,10,7,2,car,0.53,0.385,0.363,0.037,0.064
1,72488,72.488034,11,0,2,car,0.93,0.767,0.434,0.17400000000000002,0.148
1,72488,72.488477,11,1,2,car,0.9,0.28200000000000003,0.397,0.20400000000000001,0.2
1,72489,72.488894,11,2,5,bus,0.85,0.9390000000000001,0.378,0.121,0.218
1,72489,72.489288,11,3,2,car,0.84,0.07100000000000001,0.367,0.14100000000000001,0.10200000000000001
1,72490,72.489665,11,4,2,car,0.8,0.635,0.381,0.057,0.056
1,72490,72.490074,11,5,2,car,0.77,0.465,0.367,0.058,0.062
1,72490,72.490443,11,6,2,car,0.6900000000000001,0.539,0.402,0.10300000000000001,0.113
1,72689,72.689255,12,0,2,car,0.92,0.763,0.436,0.176,0.149
1,72690,72.690147,12,1,2,car,0.9,0.28600000000000003,0.397,0.203,0.195
1,72691,72.690721,12,2,5,bus,0.84,0.9500000000000001,0.371,0.099,0.213
1,72691,72.691270,12,3,2,car,0.77,0.031,0.374,0.062,0.116
1,72692,72.691786,12,4,2,car,0.71,0.635,0.381,0.057,0.057
1,72692,72.692327,12,5,2,car,0.7000000000000001,0.464,0.366,0.055,0.062
1,72693,72.692785,12,6,2,car,0.68,0.539,0.4,0.10200000000000001,0.108
1,72693,72.693211,12,7,2,car,0.64,0.14400000000000002,0.354,0.07200000000000001,0.042
1,72888,72.888410,13,0,2,car,0.93,0.759,0.439,0.177,0.152
1,72889,72.888967,13,1,2,car,0.88,0.293,0.399,0.19,0.187
1,72889,72.889492,13,2,5,bus,0.77,0.962,0.377,0.074,0.212
1,72890,72.890040,13,3,2,car,0.77,0.632,0.383,0.057,0.059000000000000004
1,72891,72.890565,13,4,2,car,0.67,0.537,0.404,0.10200000000000001,0.111
1,72891,72.890933,13,5,2,car,0.67,0.463,0.366,0.053,0.061
1,72891,72.891392,13,6,2,car,0.6,0.107,0.357,0.08700000000000001,0.046
1,73088,73.088074,14,0,2,car,0.92,0.297,0.4,0.181,0.18
1,73089,73.088623,14,1,2,car,0.88,0.76,0.437,0.18,0.151
1,73089,73.089147,14,2,2,car,0.72,0.633,0.382,0.056,0.059000000000000004
1,73090,73.089663,14,3,2,car,0.7000000000000001,0.464,0.366,0.054,0.062
1,73090,73.090187,14,4,2,car,0.59,0.075,0.357,0.08600000000000001,0.048
1,73288,73.287737,15,0,2,car,0.91,0.759,0.429,0.177,0.149
1,73288,73.288319,15,1,2,car,0.9,0.303,0.394,0.176,0.178
1,73289,73.288868,15,2,2,car,0.71,0.633,0.372,0.058,0.059000000000000004
1,73289,73.289433,15,3,2,car,0.71,0.041,0.356,0.083,0.056
1,73290,73.289949,15,4,2,car,0.56,0.463,0.361,0.05,0.055
1,73487,73.487254,0,0,2,car,0.88,0.759,0.432,0.17500000000000002,0.147
1,73488,73.487696,0,1,2,car,0.8300000000000001,0.306,0.395,0.17,0.17
1,73488,73.488122,0,2,2,car,0.76,0.632,0.375,0.055,0.059000000000000004
1,73489,73.488515,0,3,2,car,0.61,0.019,0.36,0.038,0.064
1,73489,73.488908,0,4,2,car,0.58,0.217,0.364,0.059000000000000004,0.035
1,73489,73.489310,0,5,2,car,0.5700000000000001,0.463,0.363,0.05,0.056
1,73490,73.489727,0,6,2,car,0.54,0.538,0.4,0.1,0.10200000000000001
1,73688,73.688244,1,0,2,car,0.9,0.761,0.436,0.179,0.151
1,73689,73.689342,1,1,2,car,0.88,0.312,0.398,0.17,0.168
1,73690,73.689973,1,2,2,car,0.76,0.632,0.378,0.054,0.056
1,73690,73.690489,1,3,2,car,0.65,0.465,0.367,0.05,0.06
1,73691,73.691005,1,4,2,car,0.58,0.213,0.359,0.082,0.052000000000000005
1,73692,73.691521,1,5,2,car,0.56,0.538,0.398,0.1,0.11
1,73887,73.887269,2,0,2,car,0.89,0.321,0.392,0.161,0.154
1,73888,73.887728,2,1,2,car,0.88,0.766,0.436,0.178,0.157
1,73888,73.888195,2,2,2,car,0.79,0.185,0.366,0.129,0.065
1,73889,73.888670,2,3,2,car,0.77,0.633,0.375,0.055,0.056
1,73889,73.889120,2,4,2,car,0.64,0.46900000000000003,0.367,0.054,0.06
1,73889,73.889497,2,5,2,car,0.59,0.538,0.394,0.099,0.115
1,74087,74.086982,3,0,2,car,0.9,0.325,0.383,0.158,0.152
1,74088,74.087547,3,1,2,car,0.86,0.769,0.425,0.177,0.159
1,74088,74.088063,3,2,2,car,0.81,0.633,0.368,0.052000000000000005,0.055
1,74089,74.088506,3,3,2,car,0.68,0.539,0.389,0.098,0.113
1,74089,74.089038,3,4,2,car,0.56,0.46900000000000003,0.359,0.048,0.049
1,74089,74.089423,3,5,2,car,0.54,0.133,0.356,0.156,0.068
1,74288,74.287751,4,0,2,car,0.9,0.327,0.374,0.154,0.149
1,74288,74.288300,4,1,2,car,0.86,0.771,0.41500000000000004,0.178,0.158
1,74289,74.288784,4,2,2,car,0.77,0.631,0.362,0.052000000000000005,0.053
1,74289,74.289316,4,3,2,car,0.76,0.538,0.378,0.099,0.105
1,74290,74.289750,4,4,2,car,0.7000000000000001,0.467,0.352,0.049,0.05
1,74290,74.290119,4,5,2,car,0.51,0.078,0.34800000000000003,0.155,0.076
1,74487,74.487431,5,0,2,car,0.93,0.778,0.427,0.187,0.157
1,74488,74.488062,5,1,2,car,0.9,0.331,0.382,0.153,0.15
1,74489,74.488619,5,2,2,car,0.8,0.54,0.391,0.1,0.108
1,74489,74.489209,5,3,2,car,0.79,0.632,0.374,0.055,0.058
1,74490,74.489758,5,4,2,car,0.65,0.47400000000000003,0.361,0.053,0.048
1,74490,74.490225,5,5,2,car,0.58,0.256,0.356,0.046,0.043000000000000003
1,74688,74.687578,6,0,2,car,0.9,0.785,0.442,0.193,0.163
1,74688,74.688127,6,1,2,car,0.87,0.339,0.397,0.149,0.149
1,74689,74.688594,6,2,2,car,0.78,0.634,0.384,0.051000000000000004,0.058
1,74689,74.689061,6,3,2,car,0.72,0.541,0.401,0.097,0.105
1,74689,74.689487,6,4,2,car,0.6900000000000001,0.245,0.367,0.067,0.049
1,74690,74.689888,6,5,2,car,0.61,0.47600000000000003,0.378,0.042,0.047
1,74690,74.690257,6,6,2,car,0.56,0.185,0.372,0.063,0.033
1,74691,74.690650,6,7,5,bus,0.54,0.9450000000000001,0.362,0.109,0.147
1,74888,74.887864,7,0,2,car,0.9,0.792,0.44,0.195,0.165
1,74888,74.888397,7,1,2,car,0.88,0.34500000000000003,0.392,0.14300000000000002,0.14200000000000002
1,74889,74.888921,7,2,2,car,0.8200000000000001,0.634,0.384,0.054,0.06
1,74889,74.889478,7,3,2,car,0.75,0.031,0.369,0.062,0.054
1,74890,74.889994,7,4,2,car,0.7000000000000001,0.54,0.398,0.097,0.10400000000000001
1,74890,74.890461,7,5,2,car,0.7000000000000001,0.48,0.374,0.048,0.046
1,74891,74.890895,7,6,2,car,0.53,0.19,0.37,0.127,0.042
1,75087,75.087159,8,0,2,car,0.9400000000000001,0.797,0.432,0.198,0.169
1,75088,75.087725,8,1,2,car,0.91,0.34900000000000003,0.382,0.14400000000000002,0.14400000000000002
1,75088,75.088249,8,2,2,car,0.8,0.541,0.392,0.1,0.105
1,75089,75.088773,8,3,2,car,0.73,0.633,0.373,0.051000000000000004,0.059000000000000004
1,75089,75.089240,8,4,2,car,0.6900000000000001,0.163,0.36,0.115,0.051000000000000004
1,75090,75.089699,8,5,2,car,0.62,0.246,0.34700000000000003,0.052000000000000005,0.038
1,75090,75.090084,8,6,2,car,0.59,0.47700000000000004,0.361,0.037,0.04
1,75288,75.287585,9,0,2,car,0.93,0.802,0.43,0.20400000000000001,0.17300000000000001
1,75288,75.288117,9,1,2,car,0.88,0.354,0.378,0.137,0.138
1,75289,75.288642,9,2,2,car,0.8,0.539,0.389,0.1,0.10400000000000001
1,75289,75.289166,9,3,2,car,0.66,0.631,0.369,0.053,0.059000000000000004
1,75290,75.289698,9,4,2,car,0.64,0.481,0.361,0.044,0.046
1,75290,75.290075,9,5,2,car,0.56,0.28200000000000003,0.353,0.043000000000000003,0.046
1,75290,75.290460,9,6,2,car,0.56,0.137,0.36,0.112,0.056
1,75487,75.487003,10,0,2,car,0.93,0.805,0.436,0.209,0.177
1,75488,75.487601,10,1,2,car,0.88,0.356,0.382,0.135,0.138
1,75488,75.488141,10,2,2,car,0.71,0.63,0.376,0.049,0.055
1,75489,75.488690,10,3,2,car,0.62,0.537,0.393,0.097,0.105
1,75489,75.489116,10,4,2,car,0.62,0.097,0.366,0.155,0.069
1,75490,75.489559,10,5,2,car,0.59,0.251,0.36,0.10200000000000001,0.056
1,75688,75.687551,11,0,2,car,0.92,0.811,0.437,0.214,0.176
1,75688,75.688133,11,1,2,car,0.89,0.358,0.386,0.134,0.134
1,75689,75.688657,11,2,2,car,0.76,0.221,0.357,0.10300000000000001,0.055
1,75689,75.689181,11,3,2,car,0.71,0.536,0.396,0.096,0.1
1,75690,75.689714,11,4,2,car,0.6900000000000001,0.483,0.37,0.05,0.048
1,75690,75.690181,11,5,2,car,0.68,0.627,0.379,0.049,0.054
1,75691,75.690639,11,6,2,car,0.63,0.068,0.367,0.137,0.07200000000000001
1,75887,75.886739,12,0,2,car,0.92,0.364,0.391,0.127,0.126
1,75887,75.887256,12,1,2,car,0.92,0.8160000000000001,0.441,0.219,0.177
1,75888,75.887772,12,2,2,car,0.8,0.535,0.398,0.095,0.10200000000000001
1,75888,75.888280,12,3,2,car,0.79,0.625,0.381,0.051000000000000004,0.056
1,75889,75.888804,12,4,2,car,0.72,0.195,0.359,0.125,0.057
1,75889,75.889189,12,5,2,car,0.64,0.054,0.373,0.093,0.054
1,75890,75.889582,12,6,2,car,0.61,0.901,0.395,0.078,0.069
1,75890,75.889975,12,7,2,car,0.56,0.486,0.37,0.048,0.042
1,76087,76.086911,13,0,2,car,0.93,0.367,0.39,0.128,0.126
1,76087,76.087468,13,1,2,car,0.92,0.8210000000000001,0.443,0.228,0.18
1,76088,76.087935,13,2,2,car,0.77,0.624,0.381,0.049,0.055
1,76088,76.088410,13,3,2,car,0.7000000000000001,0.022,0.375,0.043000000000000003,0.057
1,76089,76.088869,13,4,2,car,0.7000000000000001,0.534,0.398,0.094,0.10400000000000001
1,76089,76.089246,13,5,2,car,0.6,0.922,0.399,0.096,0.07100000000000001
1,76090,76.089639,13,6,2,car,0.55,0.216,0.354,0.057,0.058
1,76090,76.090049,13,7,2,car,0.53,0.138,0.362,0.128,0.079
1,76286,76.286493,14,0,2,car,0.93,0.8240000000000001,0.449,0.232,0.185
1,76287,76.287304,14,1,2,car,0.93,0.369,0.393,0.125,0.126
1,76288,76.287779,14,2,2,car,0.81,0.621,0.383,0.046,0.052000000000000005
1,76288,76.288254,14,3,2,car,0.79,0.9410000000000001,0.41400000000000003,0.115,0.1
1,76289,76.288713,14,4,2,car,0.72,0.533,0.41000000000000003,0.097,0.08600000000000001
1,76289,76.289081,14,5,2,car,0.55,0.07,0.361,0.139,0.078
1,76289,76.289458,14,6,2,car,0.53,0.486,0.371,0.041,0.041
1,76487,76.486542,15,0,2,car,0.93,0.8300000000000001,0.45,0.24,0.189
1,76487,76.486967,15,1,2,car,0.9,0.372,0.389,0.122,0.124
1,76487,76.487328,15,2,2,car,0.8300000000000001,0.9550000000000001,0.405,0.089,0.083
1,76488,76.487705,15,3,2,car,0.8200000000000001,0.619,0.379,0.047,0.051000000000000004
1,76488,76.488049,15,4,2,car,0.6900000000000001,0.532,0.4,0.093,0.107
1,76488,76.488434,15,5,2,car,0.59,0.095,0.366,0.063,0.045
1,76489,76.488745,15,6,2,car,0.59,0.035,0.377,0.07,0.14300000000000002
1,76687,76.687409,0,0,2,car,0.91,0.834,0.456,0.243,0.196
1,76688,76.688245,0,1,2,car,0.89,0.374,0.392,0.11800000000000001,0.121
1,76689,76.689220,0,2,2,car,0.8,0.617,0.379,0.047,0.05
1,76690,76.689752,0,3,2,car,0.66,0.966,0.41500000000000004,0.066,0.106
1,76690,76.690235,0,4,2,car,0.66,0.052000000000000005,0.371,0.089,0.051000000000000004
1,76691,76.690637,0,5,2,car,0.63,0.532,0.401,0.091,0.105
1,76691,76.691014,0,6,2,car,0.58,0.153,0.371,0.096,0.045
1,76886,76.886090,1,0,2,car,0.91,0.842,0.46,0.253,0.195
1,76887,76.886549,1,1,2,car,0.9,0.377,0.397,0.113,0.11800000000000001
1,76887,76.886942,1,2,2,car,0.8,0.616,0.384,0.045,0.05
1,76887,76.887327,1,3,2,car,0.72,0.099,0.374,0.133,0.059000000000000004
1,76888,76.887679,1,4,2,car,0.58,0.034,0.375,0.068,0.063
1,76888,76.888031,1,5,2,car,0.5700000000000001,0.532,0.41000000000000003,0.093,0.101
1,77086,77.086007,2,0,2,car,0.91,0.85,0.463,0.257,0.20600000000000002
1,77087,77.086507,2,1,2,car,0.91,0.381,0.396,0.112,0.114
1,77087,77.086982,2,2,2,car,0.8,0.616,0.381,0.046,0.047
1,77087,77.087359,2,3,2,car,0.73,0.056,0.372,0.113,0.067
1,77088,77.087744,2,4,2,car,0.5,0.533,0.40700000000000003,0.09,0.10300000000000001
1,77286,77.286171,3,0,2,car,0.92,0.861,0.454,0.269,0.197
1,77287,77.286654,3,1,2,car,0.88,0.386,0.386,0.113,0.117
1,77287,77.287129,3,2,2,car,0.73,0.618,0.372,0.046,0.048
1,77288,77.287604,3,3,2,car,0.64,0.534,0.397,0.09,0.099
1,77486,77.485687,4,0,2,car,0.93,0.866,0.45,0.264,0.197
1,77486,77.486113,4,1,2,car,0.84,0.391,0.382,0.10200000000000001,0.115
1,77486,77.486481,4,2,2,car,0.77,0.617,0.368,0.048,0.046
1,77487,77.486907,4,3,2,car,0.73,0.535,0.392,0.091,0.101
1,77487,77.487268,4,4,2,car,0.56,0.107,0.354,0.088,0.069
1,77687,77.686514,5,0,2,car,0.91,0.869,0.457,0.256,0.20400000000000001
1,77687,77.687022,5,1,2,car,0.8300000000000001,0.394,0.382,0.10400000000000001,0.112
1,77688,77.687505,5,2,2,car,0.71,0.619,0.376,0.045,0.032
1,77688,77.687923,5,3,2,car,0.67,0.044,0.363,0.08700000000000001,0.069
1,77688,77.688300,5,4,2,car,0.64,0.537,0.394,0.09,0.097
1,77886,77.886112,6,0,2,car,0.9,0.872,0.457,0.251,0.201
1,77887,77.886513,6,1,2,car,0.8300000000000001,0.402,0.384,0.101,0.11
1,77887,77.886898,6,2,2,car,0.68,0.619,0.367,0.045,0.045
1,77887,77.887300,6,3,2,car,0.62,0.54,0.391,0.088,0.1
1,77888,77.887693,6,4,2,car,0.52,0.027,0.366,0.055,0.054
1,77888,77.888053,6,5,2,car,0.52,0.198,0.34700000000000003,0.068,0.034
1,78086,78.086152,7,0,2,car,0.91,0.876,0.453,0.245,0.20700000000000002
1,78087,78.086627,7,1,2,car,0.85,0.40800000000000003,0.377,0.097,0.099
1,78087,78.087127,7,2,2,car,0.62,0.547,0.363,0.078,0.046
1,78088,78.087512,7,3,2,car,0.52,0.545,0.386,0.085,0.095
1,78088,78.087914,7,4,2,car,0.52,0.621,0.363,0.045,0.04
1,78286,78.286021,8,0,2,car,0.9,0.88,0.458,0.23700000000000002,0.221
1,78287,78.286561,8,1,2,car,0.84,0.40900000000000003,0.376,0.096,0.096
1,78287,78.287061,8,2,2,car,0.67,0.546,0.384,0.08600000000000001,0.101
1,78288,78.287544,8,3,2,car,0.58,0.547,0.363,0.08,0.052000000000000005
1,78485,78.485275,9,0,2,car,0.91,0.885,0.46,0.227,0.219
1,78486,78.485651,9,1,2,car,0.74,0.41400000000000003,0.376,0.093,0.092
1,78486,78.486045,9,2,2,car,0.63,0.547,0.387,0.085,0.096
1,78486,78.486438,9,3,2,car,0.53,0.02,0.34800000000000003,0.04,0.034
1,78487,78.486815,9,4,2,car,0.51,0.547,0.363,0.076,0.048
1,78686,78.686183,10,0,2,car,0.92,0.888,0.459,0.221,0.227
1,78687,78.686954,10,1,2,car,0.85,0.417,0.372,0.095,0.093
1,78687,78.687478,10,2,2,car,0.75,0.55,0.383,0.08600000000000001,0.098
1,78688,78.687871,10,3,2,car,0.67,0.618,0.358,0.044,0.049
1,78885,78.885364,11,0,2,car,0.92,0.891,0.457,0.212,0.234
1,78886,78.885782,11,1,2,car,0.8200000000000001,0.421,0.361,0.089,0.093
1,78886,78.886158,11,2,2,car,0.76,0.553,0.373,0.083,0.091
1,78887,78.886535,11,3,2,car,0.73,0.617,0.34400000000000003,0.042,0.051000000000000004
1,79085,79.085322,12,0,2,car,0.9,0.898,0.467,0.203,0.245
1,79086,79.085822,12,1,2,car,0.8,0.425,0.366,0.08600000000000001,0.09
1,79086,79.086322,12,2,2,car,0.75,0.557,0.379,0.083,0.095
1,79087,79.086707,12,3,2,car,0.71,0.614,0.35100000000000003,0.044,0.045
1,79285,79.284863,13,0,2,car,0.9,0.901,0.481,0.198,0.261
1,79285,79.285264,13,1,2,car,0.8300000000000001,0.429,0.368,0.083,0.093
1,79286,79.285617,13,2,2,car,0.76,0.561,0.384,0.08600000000000001,0.095
1,79286,79.285953,13,3,2,car,0.76,0.616,0.356,0.043000000000000003,0.049
1,79486,79.485510,14,0,2,car,0.91,0.907,0.481,0.185,0.263
1,79486,79.485903,14,1,2,car,0.79,0.431,0.367,0.083,0.091
1,79486,79.486378,14,2,2,car,0.77,0.615,0.355,0.044,0.05
1,79487,79.486763,14,3,2,car,0.65,0.5640000000000001,0.383,0.083,0.093
1,79686,79.686230,15,0,2,car,0.91,0.911,0.491,0.177,0.28200000000000003
1,79687,79.686730,15,1,2,car,0.72,0.5670000000000001,0.384,0.084,0.082
1,79687,79.687221,15,2,2,car,0.71,0.615,0.354,0.042,0.046
1,79688,79.687713,15,3,2,car,0.6900000000000001,0.433,0.367,0.083,0.088
1,79688,79.688082,15,4,2,car,0.58,0.023,0.357,0.046,0.059000000000000004
1,79688,79.688458,15,5,2,car,0.52,0.229,0.342,0.178,0.093
1,79885,79.884853,0,0,2,car,0.9,0.916,0.5,0.167,0.299
1,79885,79.885247,0,1,2,car,0.76,0.436,0.369,0.078,0.08700000000000001
1,79886,79.885632,0,2,2,car,0.67,0.615,0.353,0.043000000000000003,0.039
1,79886,79.886017,0,3,2,car,0.58,0.192,0.34,0.179,0.101
1,79886,79.886385,0,4,2,car,0.51,0.5720000000000001,0.396,0.08700000000000001,0.066
1,80085,80.085303,1,0,2,car,0.9,0.92,0.501,0.159,0.297
1,80086,80.085803,1,1,2,car,0.8,0.437,0.368,0.078,0.082
1,80086,80.086278,1,2,2,car,0.76,0.579,0.383,0.083,0.08600000000000001
1,80087,80.086663,1,3,2,car,0.55,0.619,0.352,0.042,0.038
1,80286,80.285639,2,0,2,car,0.87,0.925,0.496,0.148,0.28500000000000003
1,80286,80.286483,2,1,2,car,0.75,0.437,0.37,0.078,0.081
1,80287,80.287343,2,2,2,car,0.75,0.582,0.389,0.085,0.084
1,80288,80.288203,2,3,2,car,0.62,0.539,0.36,0.043000000000000003,0.042
1,80485,80.484729,3,0,2,car,0.89,0.933,0.495,0.134,0.279
1,80485,80.485270,3,1,2,car,0.74,0.439,0.371,0.081,0.082
1,80486,80.485778,3,2,2,car,0.65,0.54,0.358,0.045,0.043000000000000003
1,80486,80.486171,3,3,2,car,0.55,0.591,0.393,0.08600000000000001,0.082
1,80685,80.684868,4,0,2,car,0.8300000000000001,0.441,0.365,0.075,0.078
1,80685,80.685367,4,1,2,car,0.79,0.9380000000000001,0.493,0.122,0.278
1,80686,80.685875,4,2,2,car,0.55,0.54,0.36,0.044,0.038
1,80686,80.686359,4,3,2,car,0.54,0.505,0.356,0.046,0.044
1,80885,80.885039,5,0,2,car,0.86,0.9460000000000001,0.5,0.108,0.276
1,80886,80.885539,5,1,2,car,0.6900000000000001,0.441,0.359,0.074,0.08700000000000001
1,80886,80.886014,5,2,2,car,0.67,0.541,0.356,0.049,0.047
1,80886,80.886481,5,3,2,car,0.63,0.035,0.643,0.07,0.394
1,80887,80.886948,5,4,2,car,0.61,0.596,0.386,0.084,0.094
1,80887,80.887357,5,5,2,car,0.52,0.502,0.34800000000000003,0.042,0.03
1,81085,81.085481,6,0,2,car,0.74,0.54,0.359,0.048,0.043000000000000003
1,81086,81.086194,6,1,2,car,0.73,0.599,0.383,0.083,0.098
1,81087,81.086931,6,2,2,car,0.72,0.9520000000000001,0.496,0.096,0.28300000000000003
1,81088,81.087619,6,3,2,car,0.6900000000000001,0.44,0.361,0.076,0.083
1,81088,81.088307,6,4,2,car,0.64,0.045,0.616,0.09,0.367
1,81089,81.088979,6,5,2,car,0.6,0.937,0.328,0.069,0.057
1,81286,81.285677,7,0,2,car,0.77,0.539,0.353,0.052000000000000005,0.049
1,81286,81.286373,7,1,2,car,0.71,0.602,0.383,0.08600000000000001,0.10400000000000001
1,81287,81.287086,7,2,2,car,0.6900000000000001,0.054,0.599,0.108,0.401
1,81288,81.287823,7,3,2,car,0.66,0.9550000000000001,0.326,0.076,0.06
1,81289,81.288553,7,4,2,car,0.6,0.96,0.498,0.081,0.273
1,81289,81.289200,7,5,2,car,0.56,0.44,0.358,0.075,0.082
1,81485,81.484579,8,0,2,car,0.76,0.061,0.596,0.123,0.37
1,81485,81.485062,8,1,2,car,0.71,0.606,0.374,0.084,0.089
1,81486,81.485529,8,2,2,car,0.7000000000000001,0.542,0.353,0.063,0.059000000000000004
1,81486,81.485996,8,3,2,car,0.61,0.966,0.324,0.065,0.059000000000000004
1,81486,81.486356,8,4,2,car,0.5700000000000001,0.964,0.49,0.07,0.292
1,81487,81.486742,8,5,2,car,0.55,0.439,0.359,0.074,0.079
1,81685,81.685316,9,0,2,car,0.8200000000000001,0.611,0.377,0.083,0.084
1,81686,81.685799,9,1,2,car,0.74,0.067,0.5750000000000001,0.134,0.401
1,81686,81.686274,9,2,2,car,0.6900000000000001,0.535,0.358,0.05,0.051000000000000004
1,81687,81.686741,9,3,2,car,0.64,0.438,0.361,0.074,0.078
1,81687,81.687216,9,4,2,car,0.61,0.972,0.547,0.054,0.20500000000000002
1,81688,81.687601,9,5,2,car,0.6,0.495,0.361,0.041,0.036000000000000004
1,81688,81.687970,9,6,2,car,0.54,0.17500000000000002,0.34500000000000003,0.048,0.039
1,81884,81.884086,10,0,2,car,0.81,0.07200000000000001,0.5650000000000001,0.145,0.441
1,81885,81.884586,10,1,2,car,0.72,0.616,0.376,0.079,0.085
1,81885,81.885078,10,2,2,car,0.7000000000000001,0.534,0.358,0.051000000000000004,0.051000000000000004
1,81886,81.885545,10,3,2,car,0.53,0.437,0.361,0.078,0.074
1,81886,81.886020,10,4,2,car,0.5,0.6950000000000001,0.35000000000000003,0.04,0.035
1,82084,82.084168,11,0,2,car,0.78,0.077,0.5760000000000001,0.156,0.47400000000000003
1,82085,82.084667,11,1,2,car,0.74,0.619,0.375,0.081,0.084
1,82085,82.085151,11,2,2,car,0.7000000000000001,0.533,0.353,0.051000000000000004,0.051000000000000004
1,82086,82.085610,11,3,2,car,0.6,0.438,0.359,0.075,0.075
1,82086,82.086118,11,4,2,car,0.53,0.14200000000000002,0.35000000000000003,0.063,0.067
1,82285,82.284929,12,0,2,car,0.8300000000000001,0.081,0.558,0.164,0.486
1,82286,82.285789,12,1,2,car,0.7000000000000001,0.706,0.343,0.045,0.033
1,82287,82.286633,12,2,2,car,0.66,0.623,0.367,0.083,0.082
1,82287,82.287174,12,3,2,car,0.64,0.434,0.34800000000000003,0.074,0.074
1,82288,82.287600,12,4,2,car,0.61,0.531,0.34400000000000003,0.05,0.052000000000000005
1,82485,82.484601,13,0,2,car,0.84,0.084,0.551,0.168,0.46900000000000003
1,82485,82.485289,13,1,2,car,0.73,0.532,0.34800000000000003,0.05,0.051000000000000004
1,82486,82.485764,13,2,2,car,0.6900000000000001,0.627,0.366,0.083,0.079
1,82486,82.486264,13,3,2,car,0.6900000000000001,0.418,0.35100000000000003,0.10400000000000001,0.078
1,82487,82.486723,13,4,2,car,0.64,0.709,0.34700000000000003,0.047,0.034
1,82684,82.684355,14,0,2,car,0.81,0.08700000000000001,0.55,0.17400000000000002,0.482
1,82685,82.684854,14,1,2,car,0.77,0.531,0.353,0.054,0.057
1,82685,82.685329,14,2,2,car,0.65,0.629,0.375,0.083,0.084
1,82686,82.685838,14,3,2,car,0.61,0.432,0.359,0.074,0.078
1,82885,82.884559,15,0,2,car,0.84,0.089,0.534,0.18,0.495
1,82885,82.885034,15,1,2,car,0.72,0.533,0.352,0.053,0.057
1,82886,82.885501,15,2,2,car,0.72,0.41500000000000004,0.359,0.111,0.081
1,82886,82.885968,15,3,2,car,0.61,0.635,0.375,0.081,0.091
1,83084,83.084345,0,0,2,car,0.87,0.095,0.544,0.19,0.491
1,83085,83.084755,0,1,2,car,0.6900000000000001,0.642,0.383,0.081,0.089
1,83085,83.085255,0,2,2,car,0.64,0.733,0.363,0.059000000000000004,0.04
1,83086,83.085648,0,3,2,car,0.58,0.434,0.363,0.07,0.077
1,83086,83.086025,0,4,2,car,0.55,0.535,0.362,0.059000000000000004,0.054
1,83285,83.284623,1,0,2,car,0.78,0.097,0.55,0.195,0.47500000000000003
1,83285,83.285131,1,1,2,car,0.72,0.432,0.372,0.074,0.079
1,83286,83.285533,1,2,2,car,0.6900000000000001,0.645,0.392,0.081,0.078
1,83286,83.286032,1,3,2,car,0.6900000000000001,0.535,0.373,0.053,0.053
1,83286,83.286417,1,4,2,car,0.67,0.745,0.374,0.052000000000000005,0.041
1,83287,83.286803,1,5,2,car,0.5700000000000001,0.602,0.37,0.038,0.04
1,83483,83.483460,2,0,2,car,0.8300000000000001,0.101,0.556,0.203,0.482
1,83484,83.483910,2,1,2,car,0.67,0.752,0.373,0.062,0.044
1,83484,83.484303,2,2,2,car,0.66,0.535,0.368,0.056,0.054
1,83485,83.484680,2,3,2,car,0.52,0.647,0.393,0.082,0.074
1,83485,83.485074,2,4,2,car,0.52,0.606,0.368,0.041,0.041
1,83485,83.485467,2,5,7,truck,0.51,0.431,0.37,0.077,0.081
1,83684,83.684188,3,0,2,car,0.8200000000000001,0.105,0.532,0.21,0.456
1,83685,83.684672,3,1,2,car,0.73,0.651,0.379,0.082,0.083
1,83685,83.685171,3,2,2,car,0.6900000000000001,0.763,0.365,0.061,0.045
1,83686,83.685638,3,3,2,car,0.66,0.537,0.36,0.058,0.057
1,83686,83.686105,3,4,2,car,0.58,0.434,0.359,0.069,0.076
1,83687,83.686507,3,5,2,car,0.58,0.607,0.353,0.042,0.044
1,83884,83.884171,4,0,2,car,0.81,0.108,0.496,0.217,0.4
1,83885,83.884810,4,1,2,car,0.77,0.434,0.355,0.073,0.079
1,83885,83.885285,4,2,2,car,0.75,0.655,0.371,0.081,0.08
1,83886,83.885802,4,3,2,car,0.7000000000000001,0.774,0.363,0.068,0.047
1,83886,83.886244,4,4,2,car,0.63,0.607,0.35100000000000003,0.048,0.042
1,83887,83.886686,4,5,2,car,0.58,0.533,0.355,0.053,0.056
1,84084,84.083892,5,0,2,car,0.91,0.114,0.525,0.228,0.47000000000000003
1,84084,84.084376,5,1,2,car,0.8,0.786,0.363,0.075,0.051000000000000004
1,84085,84.084867,5,2,2,car,0.78,0.659,0.375,0.08,0.084
1,84085,84.085318,5,3,2,car,0.77,0.432,0.359,0.07100000000000001,0.081
1,84086,84.085777,5,4,2,car,0.65,0.535,0.357,0.053,0.055
1,84086,84.086170,5,5,2,car,0.62,0.612,0.35000000000000003,0.044,0.043000000000000003
1,84285,84.284744,6,0,2,car,0.92,0.11800000000000001,0.509,0.23600000000000002,0.47400000000000003
1,84286,84.285604,6,1,2,car,0.8,0.798,0.37,0.079,0.05
1,84286,84.286136,6,2,2,car,0.77,0.658,0.38,0.084,0.082
1,84287,84.286636,6,3,2,car,0.77,0.431,0.361,0.07200000000000001,0.089
1,84287,84.287136,6,4,2,car,0.6900000000000001,0.535,0.365,0.054,0.055
1,84288,84.287521,6,5,2,car,0.65,0.61,0.357,0.046,0.044
1,84288,84.287889,6,6,2,car,0.56,0.5720000000000001,0.35000000000000003,0.041,0.036000000000000004
1,84484,84.483793,7,0,2,car,0.92,0.121,0.503,0.242,0.434
1,84484,84.484293,7,1,2,car,0.79,0.8140000000000001,0.372,0.081,0.053
1,84485,84.484743,7,2,2,car,0.75,0.43,0.361,0.08,0.089
1,84485,84.485202,7,3,2,car,0.71,0.659,0.378,0.083,0.073
1,84486,84.485669,7,4,2,car,0.68,0.533,0.363,0.059000000000000004,0.061
1,84486,84.486054,7,5,2,car,0.61,0.61,0.357,0.046,0.045
1,84684,84.683866,8,0,2,car,0.93,0.125,0.503,0.249,0.40700000000000003
1,84685,84.684554,8,1,2,car,0.84,0.661,0.38,0.081,0.076
1,84685,84.685071,8,2,2,car,0.8200000000000001,0.8280000000000001,0.376,0.085,0.057
1,84686,84.685562,8,3,2,car,0.73,0.433,0.357,0.076,0.074
1,84686,84.686021,8,4,2,car,0.73,0.534,0.366,0.057,0.057
1,84686,84.686471,8,5,2,car,0.66,0.61,0.362,0.048,0.049
1,84687,84.686848,8,6,2,car,0.52,0.5740000000000001,0.35100000000000003,0.044,0.04
1,84884,84.884365,9,0,2,car,0.9500000000000001,0.127,0.494,0.254,0.395
1,84885,84.885094,9,1,2,car,0.81,0.847,0.375,0.096,0.064
1,84886,84.885815,9,2,2,car,0.81,0.663,0.376,0.083,0.078
1,84887,84.886544,9,3,2,car,0.79,0.537,0.363,0.057,0.059000000000000004
1,84887,84.887274,9,4,2,car,0.73,0.435,0.362,0.069,0.07200000000000001
1,84888,84.888019,9,5,2,car,0.56,0.613,0.355,0.053,0.043000000000000003
1,85085,85.084504,10,0,2,car,0.9400000000000001,0.132,0.492,0.264,0.388
1,85085,85.085340,10,1,2,car,0.84,0.868,0.378,0.10300000000000001,0.065
1,85086,85.086216,10,2,2,car,0.8,0.665,0.377,0.085,0.078
1,85087,85.087068,10,3,2,car,0.76,0.438,0.361,0.07200000000000001,0.074
1,85088,85.087945,10,4,2,car,0.74,0.538,0.364,0.059000000000000004,0.06
1,85088,85.088395,10,5,2,car,0.62,0.615,0.356,0.048,0.042
1,85089,85.088756,10,6,2,car,0.59,0.334,0.34900000000000003,0.074,0.039
1,85284,85.284422,11,0,2,car,0.9500000000000001,0.135,0.482,0.271,0.367
1,85285,85.285290,11,1,2,car,0.88,0.889,0.382,0.11,0.075
1,85286,85.286118,11,2,2,car,0.76,0.439,0.364,0.074,0.075
1,85287,85.287002,11,3,2,car,0.76,0.539,0.367,0.058,0.056
1,85288,85.287879,11,4,2,car,0.75,0.665,0.378,0.084,0.08
1,85288,85.288485,11,5,2,car,0.55,0.617,0.357,0.051000000000000004,0.046
1,85484,85.483553,12,0,2,car,0.93,0.139,0.485,0.278,0.363
1,85484,85.483987,12,1,2,car,0.84,0.915,0.389,0.125,0.079
1,85484,85.484487,12,2,2,car,0.78,0.539,0.369,0.06,0.057
1,85485,85.485003,12,3,2,car,0.78,0.438,0.365,0.073,0.076
1,85485,85.485380,12,4,2,car,0.75,0.667,0.38,0.08600000000000001,0.08
1,85486,85.485765,12,5,2,car,0.56,0.612,0.362,0.055,0.049
1,85486,85.486125,12,6,2,car,0.52,0.98,0.387,0.038,0.048
1,85683,85.683331,13,0,2,car,0.93,0.14100000000000001,0.486,0.28300000000000003,0.361
1,85684,85.684036,13,1,2,car,0.89,0.936,0.394,0.121,0.084
1,85685,85.684748,13,2,2,car,0.78,0.438,0.368,0.074,0.077
1,85685,85.685469,13,3,2,car,0.77,0.537,0.373,0.059000000000000004,0.061
1,85686,85.686190,13,4,2,car,0.76,0.671,0.384,0.088,0.077
1,85687,85.686600,13,5,2,car,0.59,0.615,0.365,0.051000000000000004,0.049
1,85884,85.884224,14,0,2,car,0.91,0.145,0.47700000000000004,0.29,0.333
1,85885,85.885108,14,1,2,car,0.88,0.9490000000000001,0.397,0.098,0.082
1,85886,85.886173,14,2,2,car,0.8,0.671,0.385,0.09,0.084
1,85887,85.887083,14,3,2,car,0.75,0.437,0.37,0.076,0.077
1,85888,85.887861,14,4,2,car,0.6900000000000001,0.538,0.373,0.063,0.062
1,85888,85.888475,14,5,2,car,0.6,0.619,0.369,0.046,0.05
1,86084,86.084215,15,0,2,car,0.92,0.149,0.47200000000000003,0.299,0.322
1,86085,86.085091,15,1,2,car,0.81,0.673,0.384,0.09,0.082
1,86086,86.085984,15,2,2,car,0.76,0.435,0.367,0.079,0.08
1,86087,86.086885,15,3,2,car,0.75,0.964,0.396,0.07,0.093
1,86088,86.087738,15,4,2,car,0.72,0.54,0.375,0.064,0.06
1,86088,86.088368,15,5,2,car,0.52,0.621,0.363,0.052000000000000005,0.051000000000000004
1,86284,86.284083,0,0,2,car,0.93,0.152,0.47300000000000003,0.303,0.321
1,86285,86.284968,0,1,2,car,0.81,0.675,0.386,0.088,0.083
1,86286,86.285722,0,2,2,car,0.79,0.54,0.373,0.063,0.061
1,86287,86.286566,0,3,2,car,0.77,0.439,0.366,0.07200000000000001,0.077
1,86287,86.287442,0,4,2,car,0.5700000000000001,0.978,0.398,0.043000000000000003,0.111
1,86288,86.288089,0,5,2,car,0.55,0.62,0.366,0.055,0.047
1,86483,86.482838,1,0,2,car,0.92,0.155,0.46900000000000003,0.309,0.3
1,86484,86.483526,1,1,2,car,0.81,0.44,0.371,0.077,0.077
1,86484,86.484157,1,2,2,car,0.79,0.542,0.378,0.064,0.059000000000000004
1,86485,86.484648,1,3,2,car,0.76,0.678,0.391,0.088,0.082
1,86683,86.683443,2,0,2,car,0.9400000000000001,0.157,0.462,0.314,0.281
1,86684,86.683935,2,1,2,car,0.8,0.544,0.378,0.06,0.062
1,86684,86.684394,2,2,2,car,0.72,0.682,0.391,0.09,0.082
1,86685,86.684877,2,3,2,car,0.6900000000000001,0.441,0.374,0.078,0.079
1,86883,86.883377,3,0,2,car,0.9400000000000001,0.163,0.467,0.326,0.28200000000000003
1,86884,86.884106,3,1,2,car,0.79,0.685,0.394,0.091,0.088
1,86885,86.884885,3,2,2,car,0.79,0.545,0.382,0.061,0.064
1,86885,86.885401,3,3,2,car,0.68,0.443,0.379,0.074,0.07
1,86886,86.885868,3,4,2,car,0.51,0.633,0.37,0.048,0.053
1,87084,87.083549,4,0,2,car,0.9400000000000001,0.164,0.457,0.328,0.28500000000000003
1,87084,87.084220,4,1,2,car,0.81,0.685,0.386,0.094,0.093
1,87085,87.084728,4,2,2,car,0.74,0.442,0.365,0.075,0.084
1,87085,87.085228,4,3,2,car,0.66,0.528,0.37,0.092,0.061
1,87086,87.085703,4,4,2,car,0.5,0.634,0.362,0.047,0.056
1,87284,87.283515,5,0,2,car,0.9400000000000001,0.166,0.456,0.331,0.264
1,87284,87.283966,5,1,2,car,0.81,0.439,0.369,0.077,0.083
1,87284,87.284458,5,2,2,car,0.75,0.6880000000000001,0.393,0.096,0.098
1,87285,87.284933,5,3,2,car,0.74,0.545,0.375,0.068,0.063
1,87285,87.285400,5,4,2,car,0.55,0.636,0.369,0.046,0.052000000000000005
1,87286,87.285809,5,5,2,car,0.54,0.392,0.353,0.036000000000000004,0.046
1,87483,87.482786,6,0,2,car,0.93,0.167,0.46,0.334,0.28
1,87483,87.483294,6,1,2,car,0.8300000000000001,0.6910000000000001,0.391,0.099,0.096
1,87484,87.483695,6,2,2,car,0.74,0.547,0.375,0.069,0.065
1,87484,87.484105,6,3,2,car,0.66,0.437,0.368,0.075,0.085
1,87485,87.484531,6,4,2,car,0.66,0.634,0.367,0.049,0.053
1,87683,87.683023,7,0,2,car,0.93,0.17,0.457,0.339,0.265
1,87683,87.683490,7,1,2,car,0.78,0.434,0.366,0.075,0.082
1,87684,87.683932,7,2,2,car,0.77,0.548,0.375,0.07,0.062
1,87684,87.684424,7,3,2,car,0.76,0.6910000000000001,0.387,0.095,0.09
1,87685,87.684923,7,4,2,car,0.59,0.634,0.364,0.05,0.055
1,87883,87.882744,8,0,2,car,0.9400000000000001,0.171,0.459,0.342,0.259
1,87883,87.883235,8,1,2,car,0.8300000000000001,0.6940000000000001,0.393,0.101,0.091
1,87884,87.883686,8,2,2,car,0.78,0.546,0.379,0.068,0.069
1,87884,87.884161,8,3,2,car,0.74,0.428,0.373,0.079,0.084
1,87885,87.884562,8,4,2,car,0.59,0.64,0.371,0.049,0.052000000000000005
1,88083,88.083030,9,0,2,car,0.9,0.17300000000000001,0.45,0.34500000000000003,0.255
1,88084,88.083530,9,1,2,car,0.8300000000000001,0.6950000000000001,0.39,0.101,0.097
1,88084,88.083997,9,2,2,car,0.78,0.424,0.37,0.077,0.081
1,88084,88.084464,9,3,2,car,0.73,0.545,0.373,0.07100000000000001,0.07
1,88283,88.283021,10,0,2,car,0.93,0.17400000000000002,0.456,0.34700000000000003,0.263
1,88284,88.283628,10,1,2,car,0.86,0.6950000000000001,0.394,0.105,0.10300000000000001
1,88284,88.284152,10,2,2,car,0.79,0.545,0.377,0.07100000000000001,0.07
1,88285,88.284619,10,3,2,car,0.76,0.417,0.371,0.077,0.08700000000000001
1,88285,88.285094,10,4,2,car,0.56,0.637,0.368,0.048,0.053
1,88286,88.285504,10,5,2,car,0.53,0.599,0.354,0.044,0.037
1,88482,88.482161,11,0,2,car,0.9,0.17400000000000002,0.446,0.34700000000000003,0.248
1,88483,88.482562,11,1,2,car,0.87,0.6990000000000001,0.394,0.108,0.107
1,88483,88.482947,11,2,2,car,0.8,0.545,0.376,0.07100000000000001,0.074
1,88483,88.483324,11,3,2,car,0.79,0.41000000000000003,0.367,0.08,0.08700000000000001
1,88484,88.483717,11,4,2,car,0.6900000000000001,0.641,0.365,0.056,0.059000000000000004
1,88484,88.484110,11,5,2,car,0.61,0.599,0.36,0.048,0.049
1,88683,88.682684,12,0,2,car,0.91,0.17400000000000002,0.443,0.34800000000000003,0.249
1,88684,88.683528,12,1,2,car,0.88,0.7000000000000001,0.389,0.108,0.106
1,88684,88.683987,12,2,2,car,0.8,0.402,0.366,0.089,0.09
1,88684,88.684470,12,3,2,car,0.75,0.546,0.376,0.07,0.068
1,88685,88.684962,12,4,2,car,0.6900000000000001,0.64,0.362,0.058,0.058
1,88883,88.882921,13,0,2,car,0.92,0.18,0.449,0.343,0.252
1,88884,88.883642,13,1,2,car,0.88,0.7010000000000001,0.397,0.11,0.10200000000000001
1,88884,88.884150,13,2,2,car,0.85,0.545,0.38,0.07200000000000001,0.07
1,88885,88.884609,13,3,2,car,0.79,0.386,0.375,0.084,0.096
1,88885,88.885076,13,4,2,car,0.68,0.643,0.368,0.059000000000000004,0.06
1,88885,88.885486,13,5,2,car,0.62,0.597,0.364,0.048,0.051000000000000004
1,89082,89.081586,14,0,2,car,0.93,0.185,0.455,0.343,0.258
1,89082,89.082077,14,1,2,car,0.84,0.546,0.382,0.07200000000000001,0.074
1,89083,89.082552,14,2,2,car,0.84,0.7030000000000001,0.399,0.113,0.107
1,89083,89.083011,14,3,2,car,0.8,0.374,0.378,0.08700000000000001,0.092
1,89083,89.083396,14,4,2,car,0.72,0.644,0.372,0.062,0.059000000000000004
1,89084,89.083781,14,5,2,car,0.6,0.596,0.371,0.047,0.056
1,89282,89.282257,15,0,2,car,0.9400000000000001,0.188,0.454,0.335,0.258
1,89283,89.282765,15,1,2,car,0.89,0.705,0.399,0.117,0.10400000000000001
1,89283,89.283248,15,2,2,car,0.85,0.545,0.38,0.07100000000000001,0.074
1,89284,89.283707,15,3,2,car,0.79,0.363,0.376,0.088,0.106
1,89284,89.284108,15,4,2,car,0.72,0.645,0.369,0.065,0.063
1,89285,89.284526,15,5,2,car,0.62,0.592,0.365,0.041,0.048
1,89483,89.482789,0,0,2,car,0.93,0.192,0.445,0.333,0.248
1,89483,89.483264,0,1,2,car,0.9,0.708,0.395,0.115,0.108
1,89484,89.483723,0,2,2,car,0.77,0.34900000000000003,0.373,0.088,0.105
1,89484,89.484173,0,3,2,car,0.75,0.544,0.376,0.07100000000000001,0.075
1,89485,89.484599,0,4,2,car,0.68,0.644,0.364,0.064,0.062
1,89485,89.485034,0,5,2,car,0.54,0.421,0.34900000000000003,0.05,0.048
1,89682,89.682035,1,0,2,car,0.93,0.195,0.443,0.331,0.244
1,89683,89.682526,1,1,2,car,0.91,0.71,0.398,0.11800000000000001,0.111
1,89683,89.683002,1,2,2,car,0.75,0.544,0.379,0.07200000000000001,0.07100000000000001
1,89683,89.683485,1,3,2,car,0.68,0.342,0.364,0.099,0.093
1,89684,89.683952,1,4,2,car,0.54,0.645,0.366,0.064,0.065
1,89684,89.684345,1,5,2,car,0.5,0.41400000000000003,0.353,0.054,0.049
1,89882,89.882436,2,0,2,car,0.9400000000000001,0.196,0.445,0.331,0.247
1,89883,89.883009,2,1,2,car,0.88,0.715,0.399,0.121,0.11
1,89883,89.883468,2,2,2,car,0.67,0.544,0.376,0.073,0.065
1,89884,89.883935,2,3,2,car,0.64,0.40900000000000003,0.353,0.053,0.046
1,89884,89.884410,2,4,2,car,0.61,0.648,0.366,0.064,0.066
1,89885,89.884795,2,5,2,car,0.5700000000000001,0.329,0.363,0.116,0.078
1,89885,89.885196,2,6,2,car,0.54,0.36,0.366,0.053,0.073
1,90083,90.082574,3,0,2,car,0.91,0.195,0.444,0.331,0.243
1,90083,90.083074,3,1,2,car,0.89,0.717,0.399,0.123,0.111
1,90084,90.083549,3,2,2,car,0.79,0.649,0.365,0.066,0.065
1,90084,90.083967,3,3,2,car,0.79,0.545,0.376,0.074,0.066
1,90084,90.084409,3,4,2,car,0.77,0.34500000000000003,0.365,0.067,0.077
1,90085,90.084827,3,5,2,car,0.58,0.402,0.353,0.062,0.05
1,90282,90.282050,4,0,2,car,0.93,0.197,0.449,0.333,0.252
1,90283,90.282877,4,1,2,car,0.85,0.72,0.401,0.125,0.115
1,90283,90.283369,4,2,2,car,0.78,0.648,0.368,0.07,0.067
1,90284,90.283876,4,3,2,car,0.78,0.544,0.377,0.076,0.069
1,90284,90.284368,4,4,2,car,0.6900000000000001,0.336,0.369,0.063,0.081
1,90285,90.284778,4,5,2,car,0.61,0.38,0.358,0.044,0.052000000000000005
1,90285,90.285195,4,6,2,car,0.54,0.403,0.353,0.048,0.055
1,90483,90.482524,5,0,2,car,0.93,0.195,0.44,0.332,0.25
1,90483,90.483253,5,1,2,car,0.86,0.725,0.4,0.129,0.117
1,90484,90.483737,5,2,2,car,0.79,0.649,0.365,0.07,0.068
1,90484,90.484204,5,3,2,car,0.7000000000000001,0.544,0.375,0.078,0.07100000000000001
1,90485,90.484597,5,4,2,car,0.58,0.333,0.365,0.062,0.074
1,90485,90.484998,5,5,2,car,0.54,0.373,0.357,0.043000000000000003,0.056
1,90485,90.485400,5,6,2,car,0.54,0.4,0.35000000000000003,0.049,0.052000000000000005
1,90682,90.682360,6,0,2,car,0.92,0.191,0.438,0.33,0.25
1,90683,90.683236,6,1,2,car,0.9,0.728,0.399,0.135,0.122
1,90684,90.684113,6,2,2,car,0.78,0.65,0.364,0.076,0.069
1,90685,90.684613,6,3,2,car,0.77,0.544,0.371,0.078,0.076
1,90685,90.685080,6,4,2,car,0.64,0.394,0.35000000000000003,0.051000000000000004,0.055
1,90686,90.685547,6,5,2,car,0.56,0.361,0.356,0.051000000000000004,0.063
1,90882,90.882212,7,0,2,car,0.9,0.188,0.437,0.335,0.251
1,90883,90.883007,7,1,2,car,0.9,0.732,0.403,0.139,0.126
1,90884,90.883514,7,2,2,car,0.81,0.543,0.374,0.08,0.079
1,90884,90.883981,7,3,2,car,0.6900000000000001,0.65,0.368,0.07,0.07
1,90884,90.884481,7,4,2,car,0.65,0.35100000000000003,0.358,0.06,0.062
1,90885,90.884899,7,5,2,car,0.59,0.385,0.35100000000000003,0.051000000000000004,0.057
1,91082,91.081728,8,0,2,car,0.93,0.734,0.404,0.14400000000000002,0.133
1,91082,91.082203,8,1,2,car,0.9,0.186,0.448,0.338,0.264
1,91083,91.082646,8,2,2,car,0.73,0.542,0.376,0.083,0.07
1,91083,91.083022,8,3,2,car,0.6900000000000001,0.649,0.369,0.07200000000000001,0.073
1,91083,91.083399,8,4,2,car,0.66,0.341,0.361,0.063,0.069
1,91084,91.083776,8,5,2,car,0.62,0.384,0.355,0.046,0.06
1,91282,91.281973,9,0,2,car,0.91,0.186,0.448,0.34,0.259
1,91282,91.282473,9,1,2,car,0.9,0.741,0.404,0.148,0.133
1,91283,91.282940,9,2,2,car,0.7000000000000001,0.542,0.372,0.08,0.074
1,91283,91.283407,9,3,2,car,0.66,0.334,0.362,0.067,0.068
1,91284,91.283866,9,4,2,car,0.65,0.654,0.371,0.083,0.078
1,91284,91.284283,9,5,2,car,0.64,0.374,0.353,0.061,0.061
1,91482,91.482391,10,0,2,car,0.92,0.187,0.441,0.342,0.253
1,91483,91.483226,10,1,2,car,0.89,0.746,0.405,0.152,0.14
1,91484,91.483718,10,2,2,car,0.78,0.66,0.369,0.088,0.082
1,91484,91.484185,10,3,2,car,0.77,0.544,0.369,0.079,0.073
1,91485,91.484668,10,4,2,car,0.71,0.37,0.34900000000000003,0.057,0.066
1,91485,91.485053,10,5,2,car,0.65,0.054,0.392,0.108,0.209
1,91485,91.485471,10,6,2,car,0.54,0.327,0.355,0.065,0.067
1,91486,91.485864,10,7,2,car,0.5,0.41000000000000003,0.336,0.033,0.043000000000000003
1,91682,91.681907,11,0,2,car,0.91,0.185,0.441,0.337,0.252
1,91683,91.682620,11,1,2,car,0.89,0.753,0.40800000000000003,0.16,0.14200000000000002
1,91683,91.683127,11,2,2,car,0.8200000000000001,0.543,0.375,0.079,0.074
1,91684,91.683586,11,3,2,car,0.71,0.36,0.354,0.061,0.068
1,91684,91.684086,11,4,2,car,0.63,0.66,0.373,0.08700000000000001,0.084
1,91684,91.684487,11,5,2,car,0.53,0.036000000000000004,0.403,0.07200000000000001,0.226
1,91685,91.684880,11,6,0,person,0.52,0.935,0.396,0.041,0.124
1,91685,91.685290,11,7,2,car,0.51,0.399,0.343,0.045,0.051000000000000004
1,91882,91.881538,12,0,2,car,0.91,0.762,0.41000000000000003,0.166,0.147
1,91882,91.882037,12,1,2,car,0.91,0.182,0.439,0.34700000000000003,0.256
1,91882,91.882488,12,2,2,car,0.81,0.541,0.373,0.08,0.076
1,91883,91.882898,12,3,2,car,0.7000000000000001,0.356,0.356,0.066,0.069
1,91883,91.883307,12,4,2,car,0.61,0.662,0.377,0.082,0.089
1,91884,91.883717,12,5,0,person,0.58,0.926,0.394,0.046,0.128
1,91884,91.884126,12,6,2,car,0.56,0.398,0.343,0.041,0.049
1,92080,92.080063,13,0,2,car,0.93,0.182,0.443,0.34600000000000003,0.268
1,92080,92.080439,13,1,2,car,0.9,0.769,0.41100000000000003,0.171,0.151
1,92081,92.080792,13,2,2,car,0.75,0.34900000000000003,0.355,0.066,0.07200000000000001
1,92081,92.081185,13,3,2,car,0.7000000000000001,0.544,0.374,0.079,0.079
1,92082,92.081529,13,4,2,car,0.6,0.664,0.376,0.084,0.089
1,92281,92.281422,14,0,2,car,0.93,0.18,0.451,0.34700000000000003,0.276
1,92282,92.281905,14,1,2,car,0.9,0.776,0.417,0.178,0.155
1,92282,92.282356,14,2,2,car,0.8300000000000001,0.543,0.379,0.082,0.088
1,92283,92.282839,14,3,2,car,0.8300000000000001,0.342,0.362,0.075,0.073
1,92283,92.283298,14,4,2,car,0.62,0.662,0.375,0.081,0.081
1,92284,92.283699,14,5,2,car,0.54,0.054,0.387,0.108,0.129
1,92481,92.481348,15,0,2,car,0.93,0.178,0.454,0.353,0.278
1,92482,92.481856,15,1,2,car,0.92,0.784,0.421,0.183,0.161
1,92482,92.482331,15,2,2,car,0.8200000000000001,0.543,0.381,0.08,0.09
1,92483,92.482790,15,3,2,car,0.76,0.336,0.364,0.077,0.077
1,92483,92.483265,15,4,2,car,0.71,0.666,0.378,0.08600000000000001,0.08
1,92681,92.681232,0,0,2,car,0.91,0.177,0.459,0.34900000000000003,0.278
1,92682,92.681724,0,1,2,car,0.91,0.792,0.423,0.193,0.167
1,92682,92.682199,0,2,2,car,0.8300000000000001,0.543,0.381,0.081,0.091
1,92683,92.682674,0,3,2,car,0.71,0.894,0.369,0.1,0.077
1,92683,92.683149,0,4,2,car,0.68,0.667,0.375,0.09,0.078
1,92684,92.683575,0,5,2,car,0.64,0.34,0.364,0.095,0.08
1,92684,92.683969,0,6,2,car,0.6,0.051000000000000004,0.398,0.10300000000000001,0.168
1,92881,92.880888,1,0,2,car,0.93,0.179,0.453,0.34800000000000003,0.272
1,92882,92.881625,1,1,2,car,0.91,0.802,0.424,0.203,0.17200000000000001
1,92882,92.882149,1,2,2,car,0.8300000000000001,0.542,0.377,0.082,0.088
1,92883,92.882608,1,3,2,car,0.79,0.668,0.373,0.08700000000000001,0.08700000000000001
1,92883,92.883100,1,4,2,car,0.68,0.333,0.358,0.085,0.073
1,92884,92.883567,1,5,2,car,0.51,0.034,0.417,0.067,0.199
1,93081,93.080724,2,0,2,car,0.9400000000000001,0.17400000000000002,0.453,0.34700000000000003,0.272
1,93081,93.081330,2,1,2,car,0.92,0.81,0.427,0.211,0.176
1,93082,93.081739,2,2,2,car,0.86,0.542,0.376,0.083,0.089
1,93082,93.082133,2,3,2,car,0.8200000000000001,0.67,0.375,0.084,0.08700000000000001
1,93083,93.082510,2,4,2,car,0.62,0.328,0.354,0.097,0.065
1,93281,93.281043,3,0,2,car,0.9400000000000001,0.17400000000000002,0.451,0.34700000000000003,0.273
1,93282,93.281534,3,1,2,car,0.92,0.8200000000000001,0.432,0.219,0.185
1,93282,93.282001,3,2,2,car,0.85,0.541,0.376,0.084,0.089
1,93282,93.282476,3,3,2,car,0.85,0.673,0.375,0.08700000000000001,0.08600000000000001
1,93283,93.282935,3,4,2,car,0.62,0.325,0.355,0.101,0.07
1,93480,93.480264,4,0,2,car,0.9400000000000001,0.17300000000000001,0.45,0.34500000000000003,0.272
1,93481,93.480722,4,1,2,car,0.92,0.8310000000000001,0.436,0.234,0.192
1,93481,93.481214,4,2,2,car,0.8300000000000001,0.542,0.377,0.08700000000000001,0.091
1,93482,93.481648,4,3,2,car,0.81,0.676,0.375,0.092,0.088
1,93482,93.482115,4,4,2,car,0.55,0.623,0.35100000000000003,0.048,0.043000000000000003
1,93482,93.482484,4,5,2,car,0.54,0.34,0.357,0.064,0.064
1,93483,93.482885,4,6,2,car,0.5,0.727,0.356,0.039,0.044
1,93681,93.681099,5,0,2,car,0.9400000000000001,0.17,0.451,0.34,0.275
1,93682,93.681590,5,1,2,car,0.86,0.842,0.438,0.245,0.184
1,93682,93.682057,5,2,2,car,0.8300000000000001,0.543,0.381,0.08700000000000001,0.092
1,93683,93.682533,5,3,2,car,0.8200000000000001,0.677,0.377,0.09,0.088
1,93683,93.683007,5,4,2,car,0.65,0.32,0.355,0.092,0.07200000000000001
1,93881,93.881000,6,0,2,car,0.9500000000000001,0.167,0.457,0.334,0.273
1,93882,93.881696,6,1,2,car,0.85,0.859,0.451,0.264,0.20600000000000002
1,93882,93.882204,6,2,2,car,0.8,0.541,0.386,0.092,0.099
1,93883,93.882679,6,3,2,car,0.8,0.68,0.382,0.092,0.093
1,93883,93.883155,6,4,2,car,0.7000000000000001,0.326,0.362,0.08,0.073
1,94080,94.079844,7,0,2,car,0.9400000000000001,0.166,0.451,0.331,0.274
1,94080,94.080221,7,1,2,car,0.8200000000000001,0.541,0.386,0.092,0.101
1,94081,94.080606,7,2,2,car,0.78,0.683,0.381,0.092,0.093
1,94081,94.081000,7,3,2,car,0.74,0.866,0.47200000000000003,0.266,0.255
1,94081,94.081393,7,4,2,car,0.7000000000000001,0.321,0.357,0.085,0.078
1,94082,94.081761,7,5,2,car,0.6,0.743,0.363,0.043000000000000003,0.049
1,94280,94.280196,8,0,2,car,0.93,0.165,0.45,0.329,0.273
1,94281,94.280696,8,1,2,car,0.9,0.869,0.449,0.258,0.215
1,94281,94.281171,8,2,2,car,0.8200000000000001,0.541,0.383,0.096,0.105
1,94282,94.281630,8,3,2,car,0.79,0.687,0.382,0.092,0.099
1,94282,94.282089,8,4,2,car,0.6900000000000001,0.315,0.356,0.08700000000000001,0.079
1,94282,94.282490,8,5,2,car,0.54,0.747,0.356,0.044,0.04
1,94481,94.480728,9,0,2,car,0.93,0.164,0.453,0.328,0.272
1,94481,94.481211,9,1,2,car,0.87,0.874,0.449,0.25,0.213
1,94482,94.481711,9,2,2,car,0.8300000000000001,0.541,0.386,0.096,0.10400000000000001
1,94482,94.482186,9,3,2,car,0.78,0.311,0.357,0.08700000000000001,0.085
1,94483,94.482661,9,4,2,car,0.73,0.6900000000000001,0.382,0.098,0.10300000000000001
1,94483,94.483071,9,5,2,car,0.52,0.754,0.361,0.047,0.044
1,94680,94.679761,10,0,2,car,0.93,0.164,0.453,0.328,0.273
1,94680,94.680269,10,1,2,car,0.88,0.878,0.461,0.23700000000000002,0.227
1,94681,94.680744,10,2,2,car,0.8300000000000001,0.542,0.389,0.1,0.111
1,94681,94.681211,10,3,2,car,0.8200000000000001,0.6950000000000001,0.386,0.1,0.098
1,94682,94.681694,10,4,2,car,0.71,0.31,0.357,0.073,0.07100000000000001
1,94682,94.682079,10,5,2,car,0.65,0.758,0.366,0.054,0.05
1,94880,94.880285,11,0,2,car,0.9400000000000001,0.165,0.452,0.33,0.272
1,94881,94.880907,11,1,2,car,0.87,0.6990000000000001,0.386,0.1,0.10400000000000001
1,94881,94.881358,11,2,2,car,0.86,0.881,0.461,0.229,0.242
1,94882,94.881841,11,3,2,car,0.84,0.542,0.391,0.099,0.114
1,94882,94.882325,11,4,2,car,0.64,0.764,0.361,0.056,0.043000000000000003
1,94883,94.882718,11,5,2,car,0.63,0.303,0.356,0.079,0.082
1,94883,94.883111,11,6,2,car,0.51,0.581,0.342,0.112,0.089
1,95079,95.079277,12,0,2,car,0.92,0.165,0.45,0.331,0.27
1,95080,95.079695,12,1,2,car,0.9,0.7030000000000001,0.384,0.10400000000000001,0.107
1,95080,95.080080,12,2,2,car,0.87,0.543,0.391,0.10400000000000001,0.121
1,95080,95.080448,12,3,2,car,0.84,0.885,0.467,0.223,0.25
1,95081,95.080874,12,4,2,car,0.61,0.773,0.361,0.054,0.045
1,95081,95.081259,12,5,2,car,0.51,0.28800000000000003,0.36,0.095,0.091
1,95280,95.280488,13,0,2,car,0.91,0.164,0.452,0.329,0.273
1,95281,95.281283,13,1,2,car,0.9,0.706,0.387,0.106,0.108
1,95282,95.281799,13,2,2,car,0.86,0.542,0.394,0.108,0.12
1,95282,95.282307,13,3,2,car,0.85,0.887,0.47400000000000003,0.213,0.257
1,95283,95.282774,13,4,2,car,0.6,0.778,0.37,0.061,0.054
1,95480,95.480422,14,0,2,car,0.92,0.165,0.448,0.329,0.272
1,95481,95.481176,14,1,2,car,0.89,0.711,0.383,0.108,0.111
1,95482,95.481668,14,2,2,car,0.88,0.894,0.47600000000000003,0.20500000000000002,0.26
1,95482,95.482176,14,3,2,car,0.87,0.542,0.391,0.115,0.121
1,95483,95.482651,14,4,2,car,0.64,0.785,0.367,0.063,0.063
1,95680,95.680266,15,0,2,car,0.91,0.164,0.435,0.328,0.257
1,95681,95.680783,15,1,2,car,0.9,0.9,0.482,0.197,0.276
1,95681,95.681274,15,2,2,car,0.89,0.716,0.381,0.111,0.114
1,95682,95.681741,15,3,2,car,0.8300000000000001,0.543,0.386,0.12,0.13
1,95682,95.682216,15,4,2,car,0.68,0.79,0.358,0.062,0.05
1,95683,95.682585,15,5,2,car,0.54,0.026000000000000002,0.419,0.052000000000000005,0.182
1,95880,95.879602,0,0,2,car,0.9,0.164,0.438,0.328,0.258
1,95880,95.880110,0,1,2,car,0.9,0.905,0.489,0.19,0.28500000000000003
1,95880,95.880495,0,2,2,car,0.9,0.72,0.384,0.115,0.116
1,95881,95.880946,0,3,2,car,0.89,0.542,0.392,0.127,0.138
1,95881,95.881331,0,4,2,car,0.67,0.791,0.371,0.061,0.077
1,95882,95.881716,0,5,2,car,0.54,0.834,0.381,0.053,0.089
1,96080,96.079618,1,0,2,car,0.91,0.165,0.436,0.33,0.257
1,96080,96.080265,1,1,2,car,0.89,0.91,0.501,0.179,0.304
1,96081,96.080872,1,2,2,car,0.88,0.726,0.386,0.116,0.11800000000000001
1,96081,96.081453,1,3,2,car,0.88,0.542,0.394,0.132,0.135
1,96082,96.082051,1,4,2,car,0.59,0.796,0.359,0.055,0.053
1,96083,96.082649,1,5,2,car,0.56,0.839,0.381,0.056,0.093
1,96280,96.279855,2,0,2,car,0.92,0.731,0.384,0.11800000000000001,0.121
1,96280,96.280388,2,1,2,car,0.9,0.165,0.435,0.329,0.263
1,96281,96.280904,2,2,2,car,0.9,0.545,0.392,0.134,0.136
1,96281,96.281461,2,3,2,car,0.9,0.917,0.514,0.165,0.342
1,96282,96.282001,2,4,2,car,0.54,0.8140000000000001,0.358,0.074,0.058
1,96480,96.480035,3,0,2,car,0.92,0.544,0.394,0.139,0.14400000000000002
1,96481,96.480584,3,1,2,car,0.89,0.734,0.382,0.122,0.122
1,96481,96.481124,3,2,2,car,0.89,0.166,0.436,0.332,0.265
1,96482,96.481632,3,3,2,car,0.84,0.922,0.524,0.153,0.35000000000000003
1,96482,96.482165,3,4,2,car,0.58,0.8300000000000001,0.376,0.088,0.09
1,96680,96.679674,4,0,2,car,0.92,0.165,0.435,0.331,0.261
1,96680,96.680223,4,1,2,car,0.91,0.541,0.4,0.147,0.147
1,96681,96.680731,4,2,2,car,0.89,0.738,0.385,0.125,0.123
1,96681,96.681271,4,3,2,car,0.87,0.927,0.508,0.14300000000000002,0.315
1,96682,96.681714,4,4,2,car,0.5700000000000001,0.8230000000000001,0.378,0.084,0.098
1,96880,96.879764,5,0,2,car,0.9400000000000001,0.743,0.387,0.128,0.122
1,96880,96.880321,5,1,2,car,0.92,0.166,0.442,0.332,0.265
1,96881,96.880837,5,2,2,car,0.91,0.541,0.405,0.148,0.157
1,96881,96.881377,5,3,2,car,0.86,0.932,0.503,0.132,0.296
1,96882,96.881869,5,4,2,car,0.65,0.8300000000000001,0.379,0.077,0.099
1,96882,96.882336,5,5,2,car,0.51,0.669,0.361,0.049,0.063
1,97080,97.079886,6,0,2,car,0.91,0.167,0.432,0.334,0.253
1,97080,97.080435,6,1,2,car,0.9,0.54,0.403,0.155,0.165
1,97081,97.081000,6,2,2,car,0.87,0.746,0.384,0.13,0.127
1,97082,97.081516,6,3,2,car,0.85,0.937,0.501,0.122,0.291
1,97082,97.082040,6,4,2,car,0.61,0.8320000000000001,0.377,0.079,0.094
1,97083,97.082507,6,5,2,car,0.54,0.669,0.361,0.05,0.06
1,97279,97.279377,7,0,2,car,0.92,0.749,0.389,0.132,0.13
1,97280,97.280270,7,1,2,car,0.91,0.539,0.40800000000000003,0.157,0.165
1,97281,97.280877,7,2,2,car,0.89,0.17400000000000002,0.436,0.324,0.248
1,97281,97.281434,7,3,2,car,0.8200000000000001,0.9430000000000001,0.506,0.111,0.28200000000000003
1,97282,97.281917,7,4,2,car,0.53,0.049,0.34500000000000003,0.098,0.076
1,97479,97.479254,8,0,2,car,0.91,0.753,0.391,0.132,0.131
1,97480,97.479836,8,1,2,car,0.91,0.542,0.41300000000000003,0.161,0.17300000000000001
1,97480,97.480393,8,2,2,car,0.9,0.178,0.435,0.316,0.246
1,97481,97.480917,8,3,2,car,0.86,0.9480000000000001,0.508,0.10300000000000001,0.281
1,97481,97.481458,8,4,2,car,0.66,0.049,0.399,0.097,0.17500000000000002
1,97680,97.679753,9,0,2,car,0.92,0.542,0.41400000000000003,0.167,0.184
1,97680,97.680294,9,1,2,car,0.91,0.756,0.394,0.132,0.132
1,97681,97.680859,9,2,2,car,0.91,0.182,0.436,0.312,0.243
1,97681,97.681400,9,3,2,car,0.85,0.9500000000000001,0.515,0.096,0.269
1,97682,97.681891,9,4,2,car,0.56,0.047,0.352,0.095,0.068
1,97682,97.682358,9,5,2,car,0.51,0.861,0.384,0.08600000000000001,0.099
1,97879,97.879351,10,0,2,car,0.9400000000000001,0.757,0.393,0.137,0.134
1,97880,97.880056,10,1,2,car,0.92,0.192,0.433,0.303,0.23900000000000002
1,97881,97.880580,10,2,2,car,0.91,0.541,0.41500000000000004,0.17300000000000001,0.192
1,97881,97.881104,10,3,2,car,0.8200000000000001,0.9520000000000001,0.518,0.093,0.266
1,97882,97.881514,10,4,2,car,0.58,0.049,0.34900000000000003,0.08,0.059000000000000004
1,98079,98.078720,11,0,2,car,0.92,0.201,0.434,0.29,0.23500000000000001
1,98079,98.079212,11,1,2,car,0.92,0.761,0.393,0.137,0.134
1,98080,98.079679,11,2,2,car,0.91,0.542,0.422,0.18,0.198
1,98080,98.080154,11,3,2,car,0.67,0.9550000000000001,0.519,0.089,0.272
1,98081,98.080612,11,4,2,car,0.5700000000000001,0.864,0.383,0.09,0.096
1,98081,98.081006,11,5,2,car,0.54,0.044,0.35000000000000003,0.07,0.057
1,98279,98.278662,12,0,2,car,0.93,0.765,0.396,0.145,0.14
1,98279,98.279219,12,1,2,car,0.92,0.20500000000000002,0.433,0.28,0.232
1,98280,98.279760,12,2,2,car,0.92,0.54,0.422,0.186,0.20600000000000002
1,98280,98.280301,12,3,2,car,0.73,0.9550000000000001,0.509,0.089,0.289
1,98281,98.280743,12,4,2,car,0.63,0.041,0.406,0.083,0.157
1,98281,98.281218,12,5,2,car,0.5,0.876,0.387,0.08700000000000001,0.101
1,98479,98.479104,13,0,2,car,0.9400000000000001,0.214,0.427,0.273,0.22
1,98480,98.479555,13,1,2,car,0.93,0.766,0.396,0.146,0.14
1,98480,98.479997,13,2,2,car,0.91,0.541,0.423,0.193,0.215
1,98480,98.480423,13,3,2,car,0.77,0.9530000000000001,0.508,0.091,0.289
1,98481,98.480808,13,4,2,car,0.75,0.042,0.40700000000000003,0.083,0.17500000000000002
1,98679,98.678784,14,0,2,car,0.9400000000000001,0.768,0.397,0.148,0.138
1,98679,98.679341,14,1,2,car,0.92,0.223,0.428,0.262,0.218
1,98680,98.679988,14,2,2,car,0.91,0.541,0.429,0.198,0.218
1,98680,98.680488,14,3,2,car,0.84,0.043000000000000003,0.406,0.08600000000000001,0.164
1,98681,98.680963,14,4,2,car,0.77,0.9520000000000001,0.507,0.093,0.299
1,98681,98.681496,14,5,2,car,0.6,0.889,0.391,0.089,0.088
1,98879,98.879046,15,0,2,car,0.9400000000000001,0.771,0.398,0.15,0.137
1,98880,98.879586,15,1,2,car,0.92,0.229,0.426,0.253,0.211
1,98880,98.880111,15,2,2,car,0.9,0.539,0.431,0.2,0.219
1,98881,98.880651,15,3,2,car,0.86,0.9480000000000001,0.517,0.1,0.277
1,98881,98.881126,15,4,2,car,0.84,0.053,0.404,0.107,0.164
1,98882,98.881503,15,5,2,car,0.59,0.642,0.376,0.094,0.077
1,98882,98.881888,15,6,2,car,0.5700000000000001,0.89,0.388,0.08700000000000001,0.092
1,98882,98.882413,15,7,9,traffic light,0.54,0.289,0.228,0.016,0.061
1,99079,99.078513,0,0,2,car,0.93,0.775,0.396,0.153,0.139
1,99079,99.079021,0,1,2,car,0.91,0.24,0.423,0.243,0.20400000000000001
1,99080,99.079545,0,2,2,car,0.9,0.54,0.433,0.20800000000000002,0.222
1,99080,99.080069,0,3,2,car,0.88,0.9460000000000001,0.517,0.105,0.28
1,99081,99.080536,0,4,2,car,0.85,0.042,0.40800000000000003,0.084,0.166
1,99081,99.080987,0,5,9,traffic light,0.52,0.8290000000000001,0.231,0.023,0.06
1,99280,99.279880,1,0,2,car,0.9400000000000001,0.248,0.423,0.233,0.201
1,99280,99.280454,1,1,2,car,0.92,0.778,0.401,0.152,0.14100000000000001
1,99281,99.280994,1,2,2,car,0.88,0.538,0.44,0.217,0.231
1,99282,99.281535,1,3,2,car,0.87,0.9440000000000001,0.513,0.109,0.28700000000000003
1,99282,99.282084,1,4,2,car,0.8,0.038,0.41200000000000003,0.076,0.168
1,99283,99.282526,1,5,2,car,0.56,0.907,0.402,0.09,0.10300000000000001
1,99283,99.282977,1,6,2,car,0.56,0.096,0.34800000000000003,0.085,0.046
1,99283,99.283427,1,7,2,car,0.55,0.169,0.34800000000000003,0.068,0.053
1,99480,99.479577,2,0,2,car,0.9400000000000001,0.256,0.419,0.224,0.188
1,99480,99.480134,2,1,2,car,0.91,0.779,0.404,0.154,0.14400000000000002
1,99481,99.480658,2,2,2,car,0.86,0.538,0.444,0.224,0.231
1,99481,99.481199,2,3,2,car,0.85,0.9410000000000001,0.512,0.116,0.28700000000000003
1,99482,99.481731,2,4,2,car,0.71,0.906,0.396,0.098,0.098
1,99482,99.482092,2,5,2,car,0.71,0.033,0.41400000000000003,0.065,0.17200000000000001
1,99482,99.482485,2,6,2,car,0.66,0.169,0.34700000000000003,0.068,0.05
1,99483,99.482870,2,7,2,car,0.6,0.682,0.379,0.043000000000000003,0.078
1,99679,99.678994,3,0,2,car,0.9400000000000001,0.264,0.41600000000000004,0.217,0.183
1,99680,99.679543,3,1,2,car,0.91,0.782,0.404,0.156,0.146
1,99680,99.680051,3,2,2,car,0.87,0.535,0.446,0.226,0.242
1,99681,99.680576,3,3,2,car,0.8200000000000001,0.9380000000000001,0.515,0.12,0.291
1,99681,99.681108,3,4,2,car,0.74,0.165,0.34500000000000003,0.07100000000000001,0.052000000000000005
1,99681,99.681485,3,5,2,car,0.68,0.91,0.396,0.097,0.096
1,99682,99.681870,3,6,2,car,0.63,0.686,0.38,0.042,0.078
1,99682,99.682247,3,7,2,car,0.62,0.027,0.421,0.054,0.154
1,99879,99.878543,4,0,2,car,0.9400000000000001,0.273,0.41300000000000003,0.20700000000000002,0.178
1,99879,99.879092,4,1,2,car,0.91,0.787,0.406,0.158,0.149
1,99880,99.879625,4,2,2,car,0.9,0.538,0.448,0.23,0.242
1,99880,99.880100,4,3,2,car,0.8300000000000001,0.935,0.511,0.125,0.29
1,99881,99.880526,4,4,2,car,0.68,0.161,0.34700000000000003,0.07,0.049
1,99881,99.880903,4,5,2,car,0.5700000000000001,0.6880000000000001,0.381,0.038,0.077
1,99881,99.881296,4,6,2,car,0.54,0.019,0.435,0.039,0.126
1,99882,99.881722,4,7,2,car,0.53,0.913,0.394,0.093,0.093
1,100079,100.078879,5,0,2,car,0.93,0.28300000000000003,0.41100000000000003,0.199,0.17300000000000001
1,100079,100.079436,5,1,2,car,0.92,0.79,0.40700000000000003,0.162,0.152
1,100080,100.079960,5,2,2,car,0.88,0.538,0.451,0.23500000000000001,0.251
1,100080,100.080484,5,3,2,car,0.8200000000000001,0.933,0.51,0.13,0.294
1,100081,100.081017,5,4,2,car,0.75,0.157,0.34700000000000003,0.067,0.045
1,100081,100.081386,5,5,2,car,0.5700000000000001,0.6980000000000001,0.382,0.058,0.079
1,100082,100.081754,5,6,2,car,0.54,0.212,0.34500000000000003,0.05,0.043000000000000003
1,100082,100.082147,5,7,2,car,0.51,0.024,0.605,0.048,0.47000000000000003
1,100278,100.278329,6,0,2,car,0.93,0.289,0.40800000000000003,0.19,0.166
1,100279,100.278837,6,1,2,car,0.92,0.792,0.40800000000000003,0.163,0.152
1,100279,100.279353,6,2,2,car,0.88,0.931,0.509,0.135,0.304
1,100280,100.279747,6,3,2,car,0.87,0.539,0.449,0.244,0.251
1,100280,100.280222,6,4,2,car,0.78,0.051000000000000004,0.5750000000000001,0.10200000000000001,0.468
1,100281,100.280607,6,5,2,car,0.74,0.156,0.34700000000000003,0.07200000000000001,0.049
1,100281,100.280984,6,6,2,car,0.62,0.078,0.34700000000000003,0.08600000000000001,0.044
1,100281,100.281369,6,7,2,car,0.54,0.6890000000000001,0.382,0.042,0.08
1,100479,100.479099,7,0,2,car,0.93,0.297,0.405,0.185,0.158
1,100480,100.479656,7,1,2,car,0.92,0.793,0.40800000000000003,0.161,0.154
1,100480,100.480156,7,2,2,car,0.89,0.537,0.454,0.254,0.261
1,100481,100.480696,7,3,2,car,0.8300000000000001,0.929,0.509,0.138,0.303
1,100481,100.481253,7,4,2,car,0.8300000000000001,0.07200000000000001,0.538,0.14400000000000002,0.553
1,100482,100.481622,7,5,2,car,0.75,0.155,0.34500000000000003,0.07,0.05
1,100482,100.481999,7,6,2,car,0.71,0.076,0.34600000000000003,0.08700000000000001,0.047
1,100482,100.482392,7,7,2,car,0.64,0.7020000000000001,0.383,0.062,0.079
1,100679,100.678992,8,0,2,car,0.93,0.305,0.403,0.18,0.155
1,100680,100.679909,8,1,2,car,0.92,0.797,0.40800000000000003,0.165,0.156
1,100680,100.680483,8,2,2,car,0.91,0.537,0.458,0.261,0.272
1,100681,100.680999,8,3,2,car,0.87,0.927,0.51,0.14,0.3
1,100682,100.681507,8,4,2,car,0.79,0.088,0.503,0.177,0.552
1,100682,100.681982,8,5,2,car,0.71,0.7030000000000001,0.385,0.063,0.076
1,100682,100.682457,8,6,2,car,0.71,0.153,0.34500000000000003,0.068,0.049
1,100683,100.682883,8,7,2,car,0.54,0.199,0.34600000000000003,0.039,0.042
1,100879,100.879016,9,0,2,car,0.93,0.311,0.399,0.176,0.151
1,100880,100.879557,9,1,2,car,0.91,0.799,0.40800000000000003,0.168,0.154
1,100880,100.880073,9,2,2,car,0.89,0.535,0.462,0.265,0.276
1,100881,100.880589,9,3,2,car,0.89,0.101,0.5,0.203,0.542
1,100881,100.881121,9,4,2,car,0.8200000000000001,0.924,0.51,0.149,0.305
1,100882,100.881588,9,5,9,traffic light,0.66,0.256,0.216,0.02,0.069
1,100882,100.881973,9,6,2,car,0.64,0.7030000000000001,0.384,0.062,0.078
1,100882,100.882350,9,7,2,car,0.62,0.156,0.34400000000000003,0.06,0.047
1,101078,101.078196,10,0,2,car,0.9400000000000001,0.319,0.395,0.168,0.14100000000000001
1,101079,101.078745,10,1,2,car,0.92,0.801,0.40900000000000003,0.169,0.154
1,101079,101.079253,10,2,2,car,0.89,0.114,0.531,0.229,0.608
1,101080,101.079802,10,3,2,car,0.86,0.537,0.464,0.273,0.281
1,101080,101.080326,10,4,2,car,0.84,0.923,0.512,0.152,0.322
1,101081,101.080695,10,5,9,traffic light,0.58,0.255,0.216,0.021,0.074
1,101081,101.081072,10,6,2,car,0.5,0.7030000000000001,0.384,0.063,0.077
1,101278,101.277606,11,0,2,car,0.9400000000000001,0.124,0.521,0.249,0.5700000000000001
1,101278,101.278098,11,1,2,car,0.93,0.325,0.392,0.159,0.14200000000000002
1,101279,101.278573,11,2,2,car,0.93,0.802,0.41000000000000003,0.171,0.154
1,101279,101.279105,11,3,2,car,0.89,0.537,0.466,0.276,0.28700000000000003
1,101279,101.279482,11,4,2,car,0.87,0.921,0.524,0.155,0.339
1,101280,101.279850,11,5,2,car,0.52,0.425,0.328,0.105,0.083
1,101280,101.280244,11,6,2,car,0.5,0.646,0.382,0.078,0.081
1,101478,101.477876,12,0,2,car,0.9400000000000001,0.132,0.508,0.264,0.526
1,101479,101.478597,12,1,2,car,0.93,0.802,0.41000000000000003,0.17,0.156
1,101479,101.479096,12,2,2,car,0.92,0.328,0.392,0.153,0.135
1,101480,101.479555,12,3,2,car,0.88,0.918,0.526,0.161,0.343
1,101480,101.480006,12,4,2,car,0.88,0.537,0.465,0.276,0.28600000000000003
1,101480,101.480464,12,5,9,traffic light,0.59,0.253,0.215,0.018000000000000002,0.065
1,101481,101.480915,12,6,2,car,0.59,0.65,0.384,0.073,0.08
1,101481,101.481374,12,7,2,car,0.55,0.423,0.331,0.106,0.089
1,101679,101.678547,13,0,2,car,0.96,0.14100000000000001,0.483,0.28200000000000003,0.457
1,101679,101.679292,13,1,2,car,0.93,0.802,0.41100000000000003,0.168,0.158
1,101680,101.679874,13,2,2,car,0.9,0.537,0.467,0.276,0.28600000000000003
1,101680,101.680415,13,3,2,car,0.9,0.917,0.52,0.164,0.339
1,101681,101.680931,13,4,2,car,0.89,0.336,0.391,0.134,0.134
1,101681,101.681414,13,5,2,car,0.56,0.706,0.387,0.065,0.08
1,101682,101.681865,13,6,2,car,0.54,0.652,0.384,0.08,0.082
1,101682,101.682340,13,7,9,traffic light,0.53,0.253,0.216,0.018000000000000002,0.066
1,101879,101.878784,14,0,2,car,0.9400000000000001,0.149,0.47300000000000003,0.298,0.432
1,101879,101.879358,14,1,2,car,0.93,0.801,0.41100000000000003,0.167,0.158
1,101880,101.879915,14,2,2,car,0.91,0.915,0.513,0.169,0.332
1,101880,101.880463,14,3,2,car,0.9,0.537,0.47000000000000003,0.278,0.294
1,101881,101.880988,14,4,2,car,0.89,0.34900000000000003,0.389,0.124,0.131
1,101881,101.881479,14,5,2,car,0.59,0.649,0.384,0.077,0.084
1,101882,101.881954,14,6,2,car,0.55,0.425,0.327,0.101,0.081
1,101882,101.882421,14,7,2,car,0.54,0.707,0.388,0.066,0.08
1,102078,102.078489,15,0,2,car,0.9500000000000001,0.157,0.457,0.313,0.384
1,102079,102.079029,15,1,2,car,0.93,0.801,0.41200000000000003,0.166,0.156
1,102080,102.079554,15,2,2,car,0.89,0.912,0.523,0.176,0.34800000000000003
1,102080,102.080078,15,3,2,car,0.88,0.535,0.47100000000000003,0.281,0.29
1,102081,102.080602,15,4,2,car,0.85,0.352,0.391,0.133,0.127
1,102081,102.081085,15,5,2,car,0.66,0.705,0.389,0.063,0.081
1,102082,102.081553,15,6,2,car,0.59,0.427,0.327,0.097,0.074
1,102082,102.082003,15,7,9,traffic light,0.5,0.253,0.218,0.019,0.068
1,102278,102.278398,0,0,2,car,0.96,0.163,0.45,0.325,0.357
1,102279,102.279152,0,1,2,car,0.92,0.8,0.41300000000000003,0.164,0.157
1,102280,102.279668,0,2,2,car,0.9,0.535,0.47400000000000003,0.28200000000000003,0.289
1,102280,102.280151,0,3,2,car,0.89,0.909,0.516,0.181,0.339
1,102281,102.280593,0,4,2,car,0.8300000000000001,0.357,0.392,0.12,0.125
1,102281,102.281060,0,5,2,car,0.64,0.705,0.389,0.062,0.081
1,102282,102.281503,0,6,2,car,0.6,0.428,0.326,0.094,0.07200000000000001
1,102282,102.281970,0,7,2,car,0.51,0.644,0.386,0.076,0.084
1,102478,102.477939,1,0,2,car,0.96,0.167,0.443,0.333,0.33
1,102478,102.478430,1,1,2,car,0.92,0.798,0.41400000000000003,0.16,0.157
1,102479,102.478864,1,2,2,car,0.9,0.536,0.47300000000000003,0.28,0.29
1,102479,102.479323,1,3,2,car,0.89,0.907,0.508,0.184,0.322
1,102480,102.479798,1,4,2,car,0.87,0.359,0.39,0.11800000000000001,0.125
1,102480,102.480249,1,5,2,car,0.64,0.705,0.389,0.063,0.081
1,102481,102.480716,1,6,2,car,0.58,0.428,0.327,0.094,0.074
1,102678,102.678332,2,0,2,car,0.9400000000000001,0.17200000000000001,0.437,0.34400000000000003,0.309
1,102679,102.678921,2,1,2,car,0.92,0.799,0.41300000000000003,0.162,0.157
1,102679,102.679437,2,2,2,car,0.9,0.906,0.506,0.186,0.308
1,102680,102.679954,2,3,2,car,0.88,0.534,0.47100000000000003,0.28500000000000003,0.295
1,102680,102.680470,2,4,2,car,0.81,0.368,0.387,0.109,0.11800000000000001
1,102681,102.681010,2,5,2,car,0.6,0.426,0.325,0.092,0.074
1,102681,102.681485,2,6,2,car,0.55,0.707,0.389,0.063,0.079
1,102878,102.878462,3,0,2,car,0.93,0.19,0.431,0.325,0.293
1,102879,102.879052,3,1,2,car,0.92,0.905,0.507,0.189,0.312
1,102880,102.879576,3,2,2,car,0.92,0.799,0.41300000000000003,0.161,0.157
1,102880,102.880100,3,3,2,car,0.88,0.532,0.47000000000000003,0.29,0.297
1,102881,102.880617,3,4,2,car,0.8,0.37,0.386,0.099,0.114
1,102881,102.881157,3,5,2,car,0.63,0.427,0.328,0.092,0.078
1,102882,102.881640,3,6,2,car,0.56,0.706,0.389,0.064,0.079
1,103078,103.077577,4,0,2,car,0.9400000000000001,0.20800000000000002,0.426,0.302,0.279
1,103078,103.078134,4,1,2,car,0.92,0.903,0.505,0.193,0.306
1,103079,103.078658,4,2,2,car,0.92,0.797,0.41300000000000003,0.157,0.156
1,103079,103.079182,4,3,2,car,0.89,0.534,0.47000000000000003,0.28600000000000003,0.292
1,103080,103.079715,4,4,2,car,0.8,0.373,0.384,0.099,0.115
1,103080,103.080190,4,5,2,car,0.5700000000000001,0.706,0.389,0.063,0.079
1,103081,103.080632,4,6,2,car,0.52,0.651,0.386,0.092,0.085
1,103081,103.081009,4,7,2,car,0.52,0.427,0.326,0.09,0.076
1,103278,103.278060,5,0,2,car,0.9400000000000001,0.223,0.421,0.28500000000000003,0.265
1,103279,103.278846,5,1,2,car,0.92,0.796,0.41300000000000003,0.156,0.157
1,103279,103.279379,5,2,2,car,0.92,0.902,0.497,0.193,0.293
1,103280,103.279919,5,3,2,car,0.89,0.534,0.47100000000000003,0.28600000000000003,0.294
1,103280,103.280452,5,4,2,car,0.8,0.378,0.382,0.084,0.116
1,103281,103.280910,5,5,2,car,0.6,0.425,0.324,0.094,0.07200000000000001
1,103281,103.281353,5,6,2,car,0.5700000000000001,0.706,0.389,0.063,0.08
1,103282,103.281754,5,7,2,car,0.51,0.651,0.386,0.094,0.085
1,103478,103.477944,6,0,2,car,0.93,0.796,0.41300000000000003,0.156,0.157
1,103479,103.478502,6,1,2,car,0.92,0.901,0.495,0.194,0.29
1,103479,103.479026,6,2,2,car,0.91,0.23800000000000002,0.419,0.268,0.256
1,103479,103.479476,6,3,2,car,0.89,0.535,0.47100000000000003,0.28300000000000003,0.292
1,103480,103.479960,6,4,2,car,0.74,0.381,0.386,0.079,0.109
1,103480,103.480410,6,5,2,car,0.62,0.427,0.325,0.091,0.075
1,103481,103.480902,6,6,2,car,0.54,0.707,0.389,0.063,0.08
1,103481,103.481377,6,7,9,traffic light,0.5,0.253,0.218,0.02,0.074
1,103678,103.678116,7,0,2,car,0.93,0.796,0.41300000000000003,0.155,0.157
1,103679,103.678894,7,1,2,car,0.92,0.901,0.495,0.195,0.29
1,103679,103.679468,7,2,2,car,0.9,0.535,0.47100000000000003,0.28400000000000003,0.294
1,103680,103.680008,7,3,2,car,0.9,0.252,0.41600000000000004,0.25,0.23800000000000002
1,103680,103.680483,7,4,2,car,0.76,0.386,0.387,0.074,0.108
1,103681,103.680950,7,5,2,car,0.63,0.706,0.389,0.063,0.08
1,103681,103.681426,7,6,2,car,0.6,0.427,0.325,0.091,0.074
1,103682,103.681868,7,7,9,traffic light,0.51,0.253,0.217,0.02,0.073
1,103878,103.877993,8,0,2,car,0.92,0.796,0.41300000000000003,0.156,0.158
1,103879,103.878550,8,1,2,car,0.92,0.901,0.496,0.196,0.292
1,103879,103.878992,8,2,2,car,0.92,0.264,0.41400000000000003,0.23800000000000002,0.226
1,103879,103.879434,8,3,2,car,0.89,0.532,0.47100000000000003,0.289,0.291
1,103880,103.879877,8,4,2,car,0.76,0.393,0.384,0.063,0.106
1,103880,103.880311,8,5,9,traffic light,0.5700000000000001,0.253,0.217,0.02,0.074
1,103881,103.880688,8,6,2,car,0.56,0.707,0.389,0.064,0.08
1,103881,103.881056,8,7,2,car,0.53,0.429,0.324,0.09,0.07200000000000001
1,104078,104.077648,9,0,2,car,0.93,0.796,0.41400000000000003,0.154,0.158
1,104078,104.078197,9,1,2,car,0.93,0.275,0.41100000000000003,0.226,0.218
1,104079,104.078721,9,2,2,car,0.92,0.901,0.496,0.196,0.293
1,104079,104.079196,9,3,2,car,0.9,0.535,0.47100000000000003,0.28300000000000003,0.292
1,104080,104.079679,9,4,2,car,0.68,0.396,0.383,0.057,0.10200000000000001
1,104080,104.080155,9,5,2,car,0.5700000000000001,0.428,0.326,0.088,0.07200000000000001
1,104081,104.080613,9,6,9,traffic light,0.56,0.252,0.218,0.019,0.074
1,104081,104.080998,9,7,2,car,0.56,0.167,0.35000000000000003,0.042,0.055
1,104277,104.277287,10,0,2,car,0.93,0.795,0.41400000000000003,0.155,0.157
1,104278,104.277770,10,1,2,car,0.92,0.28200000000000003,0.40900000000000003,0.214,0.20800000000000002
1,104278,104.278295,10,2,2,car,0.92,0.901,0.495,0.196,0.292
1,104279,104.278721,10,3,2,car,0.9,0.535,0.47000000000000003,0.28200000000000003,0.29
1,104279,104.279171,10,4,2,car,0.6900000000000001,0.4,0.384,0.051000000000000004,0.105
1,104280,104.279613,10,5,2,car,0.58,0.431,0.321,0.08600000000000001,0.067
1,104280,104.280040,10,6,9,traffic light,0.5700000000000001,0.253,0.218,0.019,0.075
1,104281,104.280621,10,7,2,car,0.56,0.706,0.389,0.063,0.08
1,104477,104.477262,11,0,2,car,0.93,0.29,0.404,0.20700000000000002,0.20400000000000001
1,104478,104.477770,11,1,2,car,0.92,0.795,0.41400000000000003,0.155,0.157
1,104478,104.478286,11,2,2,car,0.92,0.901,0.495,0.196,0.291
1,104479,104.478843,11,3,2,car,0.9,0.533,0.47000000000000003,0.28600000000000003,0.291
1,104479,104.479384,11,4,2,car,0.63,0.401,0.383,0.049,0.107
1,104480,104.479867,11,5,2,car,0.59,0.706,0.389,0.062,0.079
1,104480,104.480326,11,6,9,traffic light,0.55,0.252,0.218,0.019,0.076
1,104481,104.480703,11,7,2,car,0.51,0.14200000000000002,0.355,0.07200000000000001,0.055
1,104677,104.676983,12,0,2,car,0.92,0.901,0.494,0.196,0.289
1,104678,104.677868,12,1,2,car,0.92,0.796,0.41400000000000003,0.155,0.157
1,104678,104.678425,12,2,2,car,0.92,0.297,0.402,0.2,0.2
1,104679,104.679023,12,3,2,car,0.91,0.534,0.47100000000000003,0.28200000000000003,0.29
1,104680,104.679514,12,4,2,car,0.66,0.164,0.353,0.109,0.054
1,104680,104.679989,12,5,2,car,0.6,0.707,0.389,0.063,0.079
1,104680,104.680448,12,6,2,car,0.56,0.425,0.333,0.094,0.088
1,104681,104.680891,12,7,9,traffic light,0.55,0.252,0.218,0.019,0.074
1,104877,104.877089,13,0,2,car,0.92,0.796,0.41400000000000003,0.154,0.157
1,104878,104.877638,13,1,2,car,0.92,0.901,0.496,0.196,0.293
1,104878,104.878154,13,2,2,car,0.92,0.303,0.403,0.195,0.191
1,104879,104.878678,13,3,2,car,0.9,0.534,0.47200000000000003,0.28200000000000003,0.289
1,104879,104.879194,13,4,2,car,0.66,0.706,0.389,0.063,0.079
1,104880,104.879678,13,5,2,car,0.62,0.14400000000000002,0.34900000000000003,0.062,0.047
1,104880,104.880120,13,6,2,car,0.55,0.198,0.359,0.063,0.059000000000000004
1,104881,104.880554,13,7,9,traffic light,0.54,0.252,0.218,0.019,0.074
1,105076,105.075728,14,0,2,car,0.92,0.796,0.41400000000000003,0.154,0.157
1,105076,105.076269,14,1,2,car,0.92,0.901,0.495,0.196,0.291
1,105077,105.076810,14,2,2,car,0.92,0.307,0.402,0.19,0.191
1,105077,105.077391,14,3,2,car,0.9,0.533,0.47300000000000003,0.28300000000000003,0.289
1,105078,105.077924,14,4,2,car,0.63,0.704,0.389,0.059000000000000004,0.08
1,105078,105.078391,14,5,2,car,0.62,0.14400000000000002,0.35000000000000003,0.065,0.044
1,105079,105.078858,14,6,9,traffic light,0.56,0.252,0.219,0.019,0.074
1,105079,105.079325,14,7,2,car,0.52,0.035,0.354,0.04,0.045
1,105276,105.276285,15,0,2,car,0.93,0.796,0.41500000000000004,0.155,0.156
1,105277,105.276777,15,1,2,car,0.92,0.901,0.495,0.196,0.29
1,105277,105.277235,15,2,2,car,0.9,0.533,0.47100000000000003,0.28200000000000003,0.28800000000000003
1,105278,105.277760,15,3,2,car,0.9,0.309,0.401,0.19,0.19
1,105278,105.278292,15,4,2,car,0.71,0.148,0.35000000000000003,0.073,0.048
1,105279,105.278734,15,5,9,traffic light,0.56,0.252,0.219,0.019,0.075
1,105279,105.279267,15,6,2,car,0.51,0.213,0.357,0.047,0.055
1,105476,105.476006,0,0,2,car,0.93,0.796,0.41500000000000004,0.154,0.157
1,105477,105.476555,0,1,2,car,0.92,0.901,0.495,0.196,0.291
1,105477,105.477063,0,2,2,car,0.9,0.533,0.47100000000000003,0.28200000000000003,0.29
1,105478,105.477579,0,3,2,car,0.88,0.316,0.4,0.194,0.189
1,105478,105.478120,0,4,2,car,0.67,0.146,0.34900000000000003,0.067,0.045
1,105479,105.478595,0,5,2,car,0.5700000000000001,0.426,0.326,0.099,0.076
1,105479,105.478980,0,6,9,traffic light,0.56,0.252,0.219,0.019,0.074
1,105479,105.479430,0,7,2,car,0.54,0.218,0.357,0.048,0.056
1,105677,105.677324,1,0,2,car,0.92,0.796,0.41400000000000003,0.154,0.157
1,105678,105.678094,1,1,2,car,0.92,0.901,0.495,0.196,0.291
1,105679,105.678652,1,2,2,car,0.9,0.535,0.47200000000000003,0.279,0.29
1,105679,105.679168,1,3,2,car,0.86,0.317,0.401,0.193,0.186
1,105680,105.679676,1,4,2,car,0.66,0.145,0.34900000000000003,0.064,0.043000000000000003
1,105680,105.680159,1,5,9,traffic light,0.59,0.252,0.219,0.019,0.073
1,105681,105.680650,1,6,2,car,0.58,0.427,0.327,0.096,0.074
1,105681,105.681101,1,7,2,car,0.51,0.089,0.34800000000000003,0.048,0.046
1,105878,105.877521,2,0,2,car,0.93,0.796,0.41400000000000003,0.154,0.157
1,105878,105.878413,2,1,2,car,0.92,0.901,0.495,0.196,0.292
1,105879,105.879003,2,2,2,car,0.89,0.316,0.399,0.188,0.18
1,105880,105.879511,2,3,2,car,0.88,0.534,0.47100000000000003,0.28500000000000003,0.29
1,105880,105.880035,2,4,2,car,0.67,0.145,0.34900000000000003,0.063,0.043000000000000003
1,105881,105.880568,2,5,9,traffic light,0.6,0.252,0.219,0.019,0.073
1,105881,105.881010,2,6,2,car,0.55,0.427,0.327,0.096,0.075
1,105881,105.881469,2,7,2,car,0.54,0.221,0.355,0.045,0.061
1,106076,106.076250,3,0,2,car,0.93,0.796,0.41400000000000003,0.154,0.156
1,106077,106.076848,3,1,2,car,0.92,0.901,0.497,0.196,0.294
1,106077,106.077397,3,2,2,car,0.9,0.314,0.399,0.182,0.182
1,106078,106.077864,3,3,2,car,0.89,0.535,0.47100000000000003,0.28200000000000003,0.29
1,106078,106.078397,3,4,2,car,0.64,0.146,0.34900000000000003,0.063,0.043000000000000003
1,106079,106.078863,3,5,9,traffic light,0.59,0.252,0.219,0.019,0.073
1,106079,106.079306,3,6,2,car,0.52,0.196,0.35100000000000003,0.038,0.037
1,106276,106.275856,4,0,2,car,0.93,0.795,0.41500000000000004,0.155,0.156
1,106276,106.276413,4,1,2,car,0.92,0.901,0.496,0.196,0.291
1,106277,106.276922,4,2,2,car,0.89,0.316,0.4,0.182,0.179
1,106277,106.277437,4,3,2,car,0.89,0.534,0.46900000000000003,0.281,0.28600000000000003
1,106278,106.277962,4,4,2,car,0.64,0.145,0.35000000000000003,0.065,0.044
1,106278,106.278429,4,5,9,traffic light,0.56,0.252,0.219,0.019,0.07100000000000001
1,106279,106.278879,4,6,2,car,0.51,0.196,0.35000000000000003,0.036000000000000004,0.035
1,106477,106.476749,5,0,2,car,0.92,0.901,0.496,0.196,0.292
1,106478,106.477527,5,1,2,car,0.92,0.797,0.41300000000000003,0.157,0.157
1,106478,106.478092,5,2,2,car,0.89,0.529,0.46900000000000003,0.291,0.289
1,106479,106.478608,5,3,2,car,0.8300000000000001,0.319,0.399,0.181,0.17200000000000001
1,106479,106.479125,5,4,2,car,0.67,0.07200000000000001,0.353,0.082,0.05
1,106480,106.479657,5,5,2,car,0.65,0.148,0.35000000000000003,0.073,0.045
1,106480,106.480108,5,6,2,car,0.56,0.427,0.329,0.099,0.08
1,106482,106.481762,5,7,2,car,0.54,0.159,0.494,0.318,0.229
1,106676,106.675700,6,0,2,car,0.93,0.901,0.495,0.196,0.289
1,106676,106.676224,6,1,2,car,0.91,0.793,0.41100000000000003,0.156,0.153
1,106677,106.676617,6,2,2,car,0.91,0.163,0.47500000000000003,0.325,0.291
1,106677,106.677027,6,3,2,car,0.88,0.535,0.463,0.275,0.277
1,106677,106.677396,6,4,2,car,0.86,0.336,0.395,0.17200000000000001,0.16
1,106876,106.876486,7,0,2,car,0.93,0.901,0.495,0.196,0.28800000000000003
1,106877,106.876986,7,1,2,car,0.92,0.163,0.47500000000000003,0.326,0.29
1,106878,106.877510,7,2,2,car,0.91,0.787,0.41000000000000003,0.149,0.15
1,106878,106.877977,7,3,2,car,0.91,0.54,0.461,0.265,0.276
1,106878,106.878444,7,4,2,car,0.88,0.34,0.394,0.167,0.157
1,106879,106.878845,7,5,2,car,0.62,0.6890000000000001,0.379,0.08,0.068
1,106879,106.879230,7,6,2,car,0.52,0.43,0.328,0.088,0.077
1,107077,107.076534,8,0,2,car,0.9400000000000001,0.164,0.466,0.328,0.276
1,107077,107.077247,8,1,2,car,0.92,0.901,0.494,0.195,0.28800000000000003
1,107078,107.077763,8,2,2,car,0.9,0.784,0.40700000000000003,0.15,0.147
1,107078,107.078238,8,3,2,car,0.88,0.34500000000000003,0.391,0.169,0.156
1,107079,107.078689,8,4,2,car,0.86,0.535,0.453,0.247,0.259
1,107079,107.079090,8,5,2,car,0.59,0.437,0.327,0.073,0.074
1,107079,107.079467,8,6,2,car,0.56,0.578,0.34900000000000003,0.162,0.108
1,107276,107.275698,9,0,2,car,0.92,0.901,0.495,0.195,0.28600000000000003
1,107276,107.276190,9,1,2,car,0.92,0.166,0.466,0.333,0.275
1,107277,107.276640,9,2,2,car,0.9,0.779,0.406,0.152,0.14100000000000001
1,107277,107.277107,9,3,2,car,0.89,0.536,0.456,0.245,0.26
1,107278,107.277591,9,4,2,car,0.87,0.34800000000000003,0.39,0.166,0.153
1,107278,107.277967,9,5,2,car,0.61,0.5740000000000001,0.34600000000000003,0.157,0.10400000000000001
1,107278,107.278336,9,6,2,car,0.58,0.435,0.326,0.078,0.07200000000000001
1,107476,107.476288,10,0,2,car,0.9400000000000001,0.17,0.467,0.339,0.271
1,107477,107.476804,10,1,2,car,0.92,0.774,0.405,0.149,0.139
1,107477,107.477304,10,2,2,car,0.92,0.901,0.494,0.197,0.28400000000000003
1,107478,107.477811,10,3,2,car,0.87,0.353,0.391,0.155,0.152
1,107478,107.478270,10,4,2,car,0.84,0.535,0.453,0.23500000000000001,0.244
1,107479,107.478647,10,5,2,car,0.55,0.674,0.382,0.085,0.078
1,107479,107.479016,10,6,2,car,0.53,0.046,0.354,0.092,0.053
1,107676,107.676295,11,0,2,car,0.9400000000000001,0.176,0.463,0.34,0.26
1,107677,107.676836,11,1,2,car,0.93,0.77,0.404,0.149,0.136
1,107677,107.677336,11,2,2,car,0.91,0.9,0.496,0.198,0.29
1,107678,107.677835,11,3,2,car,0.89,0.359,0.393,0.145,0.149
1,107678,107.678302,11,4,2,car,0.86,0.534,0.452,0.228,0.24
1,107679,107.678769,11,5,2,car,0.55,0.439,0.328,0.065,0.07100000000000001
1,107679,107.679138,11,6,2,car,0.54,0.04,0.357,0.08,0.051000000000000004
1,107680,107.679531,11,7,2,car,0.53,0.671,0.383,0.082,0.08
1,107876,107.875951,12,0,2,car,0.9400000000000001,0.193,0.455,0.321,0.251
1,107876,107.876450,12,1,2,car,0.92,0.766,0.404,0.153,0.133
1,107877,107.876958,12,2,2,car,0.92,0.362,0.391,0.14400000000000002,0.148
1,107877,107.877425,12,3,2,car,0.91,0.9,0.494,0.198,0.28700000000000003
1,107878,107.877884,12,4,2,car,0.88,0.533,0.451,0.222,0.241
1,107878,107.878277,12,5,2,car,0.62,0.031,0.358,0.062,0.05
1,107879,107.878670,12,6,2,car,0.59,0.437,0.327,0.068,0.07
1,107879,107.879064,12,7,2,car,0.51,0.5740000000000001,0.35000000000000003,0.149,0.109
1,108077,108.076548,13,0,2,car,0.92,0.20700000000000002,0.45,0.302,0.241
1,108077,108.077417,13,1,2,car,0.91,0.755,0.401,0.147,0.13
1,108078,108.078252,13,2,2,car,0.9,0.898,0.494,0.199,0.28800000000000003
1,108079,108.078776,13,3,2,car,0.9,0.356,0.393,0.125,0.14
1,108079,108.079268,13,4,2,car,0.9,0.533,0.448,0.214,0.232
1,108080,108.079735,13,5,2,car,0.73,0.088,0.359,0.08700000000000001,0.059000000000000004
1,108080,108.080112,13,6,2,car,0.66,0.026000000000000002,0.358,0.052000000000000005,0.051000000000000004
1,108081,108.080505,13,7,2,car,0.55,0.439,0.327,0.065,0.07100000000000001
1,108275,108.275434,14,0,2,car,0.91,0.75,0.401,0.14300000000000002,0.126
1,108276,108.275917,14,1,2,car,0.91,0.219,0.442,0.28500000000000003,0.227
1,108276,108.276376,14,2,2,car,0.9,0.897,0.491,0.2,0.28
1,108277,108.276843,14,3,2,car,0.88,0.369,0.389,0.133,0.14300000000000002
1,108277,108.277342,14,4,2,car,0.87,0.534,0.445,0.20800000000000002,0.225
1,108278,108.277719,14,5,2,car,0.7000000000000001,0.08,0.359,0.095,0.057
1,108278,108.278088,14,6,2,car,0.5700000000000001,0.02,0.36,0.041,0.05
1,108278,108.278465,14,7,2,car,0.53,0.437,0.326,0.069,0.067
1,108476,108.475826,15,0,2,car,0.91,0.742,0.4,0.138,0.11800000000000001
1,108476,108.476498,15,1,2,car,0.89,0.894,0.492,0.21,0.281
1,108477,108.476998,15,2,2,car,0.89,0.376,0.389,0.125,0.136
1,108477,108.477416,15,3,2,car,0.88,0.232,0.434,0.27,0.21
1,108478,108.477809,15,4,2,car,0.86,0.531,0.442,0.197,0.215
1,108478,108.478186,15,5,2,car,0.63,0.066,0.36,0.099,0.059000000000000004
1,108676,108.676186,0,0,2,car,0.91,0.379,0.388,0.126,0.132
1,108677,108.677071,0,1,2,car,0.91,0.242,0.432,0.262,0.21
1,108678,108.677579,0,2,2,car,0.91,0.735,0.398,0.138,0.11900000000000001
1,108678,108.678054,0,3,2,car,0.9,0.889,0.484,0.213,0.264
1,108679,108.678537,0,4,2,car,0.88,0.53,0.438,0.191,0.20400000000000001
1,108679,108.678914,0,5,2,car,0.74,0.056,0.359,0.1,0.06
1,108876,108.876497,1,0,2,car,0.9,0.382,0.388,0.121,0.125
1,108877,108.877357,1,1,2,car,0.89,0.731,0.397,0.137,0.11800000000000001
1,108878,108.878012,1,2,2,car,0.89,0.253,0.428,0.247,0.2
1,108879,108.878529,1,3,2,car,0.89,0.884,0.481,0.22,0.259
1,108879,108.879020,1,4,2,car,0.81,0.53,0.434,0.185,0.199
1,108879,108.879471,1,5,2,car,0.7000000000000001,0.039,0.592,0.077,0.4
1,108880,108.879848,1,6,2,car,0.68,0.049,0.361,0.089,0.06
1,109077,109.077086,2,0,2,car,0.93,0.26,0.434,0.24,0.196
1,109078,109.077856,2,1,2,car,0.89,0.378,0.389,0.11800000000000001,0.123
1,109078,109.078487,2,2,2,car,0.89,0.532,0.436,0.181,0.189
1,109079,109.079110,2,3,2,car,0.87,0.881,0.47400000000000003,0.228,0.241
1,109080,109.079642,2,4,2,car,0.86,0.723,0.398,0.132,0.109
1,109080,109.080093,2,5,2,car,0.8,0.038,0.368,0.076,0.064
1,109081,109.080543,2,6,2,car,0.72,0.051000000000000004,0.577,0.10300000000000001,0.456
1,109081,109.080986,2,7,2,car,0.7000000000000001,0.17300000000000001,0.365,0.079,0.073
1,109275,109.275071,3,0,2,car,0.92,0.531,0.439,0.17400000000000002,0.186
1,109276,109.275554,3,1,2,car,0.92,0.269,0.438,0.232,0.19
1,109276,109.275996,3,2,2,car,0.89,0.878,0.47500000000000003,0.23800000000000002,0.229
1,109276,109.276479,3,3,2,car,0.87,0.383,0.396,0.11,0.12
1,109277,109.276947,3,4,2,car,0.77,0.708,0.406,0.113,0.10400000000000001
1,109277,109.277332,3,5,2,car,0.76,0.062,0.587,0.125,0.402
1,109278,109.277725,3,6,2,car,0.74,0.03,0.377,0.059000000000000004,0.063
1,109278,109.278093,3,7,2,car,0.6900000000000001,0.163,0.378,0.096,0.085
1,109476,109.475701,4,0,2,car,0.92,0.531,0.439,0.167,0.183
1,109476,109.476102,4,1,2,car,0.91,0.277,0.43,0.222,0.17400000000000002
1,109477,109.476561,4,2,2,car,0.89,0.871,0.47100000000000003,0.25,0.222
1,109477,109.476995,4,3,2,car,0.87,0.387,0.396,0.10200000000000001,0.124
1,109477,109.477462,4,4,2,car,0.86,0.7020000000000001,0.403,0.117,0.10400000000000001
1,109478,109.477905,4,5,2,car,0.79,0.07200000000000001,0.58,0.146,0.457
1,109478,109.478388,4,6,2,car,0.64,0.155,0.377,0.131,0.081
1,109479,109.478863,4,7,2,car,0.5700000000000001,0.584,0.357,0.158,0.091
1,109675,109.674832,5,0,2,car,0.92,0.28300000000000003,0.43,0.212,0.17400000000000002
1,109675,109.675446,5,1,2,car,0.91,0.869,0.47600000000000003,0.257,0.225
1,109676,109.675946,5,2,2,car,0.9,0.531,0.438,0.164,0.178
1,109676,109.676413,5,3,2,car,0.8,0.081,0.5730000000000001,0.161,0.463
1,109677,109.676888,5,4,2,car,0.79,0.6960000000000001,0.404,0.106,0.099
1,109677,109.677265,5,5,2,car,0.79,0.394,0.396,0.10200000000000001,0.122
1,109678,109.677642,5,6,2,car,0.7000000000000001,0.124,0.379,0.125,0.084
1,109875,109.874930,6,0,2,car,0.91,0.28600000000000003,0.431,0.20800000000000002,0.167
1,109875,109.875331,6,1,2,car,0.91,0.533,0.439,0.159,0.169
1,109876,109.875700,6,2,2,car,0.9,0.864,0.46900000000000003,0.262,0.20700000000000002
1,109876,109.876191,6,3,2,car,0.8300000000000001,0.088,0.5680000000000001,0.178,0.499
1,109877,109.876650,6,4,2,car,0.8,0.6880000000000001,0.402,0.099,0.094
1,109877,109.877133,6,5,2,car,0.76,0.394,0.399,0.096,0.11800000000000001
1,109878,109.877600,6,6,2,car,0.59,0.105,0.382,0.121,0.077
1,110075,110.074553,7,0,2,car,0.92,0.293,0.43,0.201,0.178
1,110075,110.075052,7,1,2,car,0.9,0.862,0.47600000000000003,0.27,0.22
1,110076,110.075544,7,2,2,car,0.89,0.53,0.438,0.15,0.166
1,110076,110.076043,7,3,2,car,0.8300000000000001,0.093,0.5720000000000001,0.186,0.488
1,110077,110.076502,7,4,2,car,0.79,0.398,0.397,0.101,0.11900000000000001
1,110077,110.076887,7,5,2,car,0.72,0.685,0.402,0.094,0.092
1,110274,110.274052,8,0,2,car,0.92,0.294,0.43,0.199,0.17
1,110274,110.274429,8,1,2,car,0.9,0.854,0.47100000000000003,0.267,0.216
1,110275,110.274798,8,2,2,car,0.87,0.53,0.432,0.149,0.161
1,110275,110.275183,8,3,2,car,0.8,0.096,0.5710000000000001,0.192,0.491
1,110276,110.275576,8,4,2,car,0.78,0.403,0.394,0.107,0.115
1,110276,110.275920,8,5,2,car,0.66,0.681,0.401,0.083,0.084
1,110276,110.276280,8,6,2,car,0.5,0.732,0.367,0.05,0.03
1,110476,110.475698,9,0,2,car,0.92,0.847,0.47300000000000003,0.257,0.212
1,110476,110.476190,9,1,2,car,0.92,0.298,0.429,0.192,0.17400000000000002
1,110477,110.476665,9,2,2,car,0.89,0.53,0.431,0.148,0.16
1,110477,110.477156,9,3,2,car,0.84,0.099,0.5630000000000001,0.198,0.486
1,110478,110.477615,9,4,2,car,0.79,0.404,0.395,0.10300000000000001,0.115
1,110478,110.478074,9,5,2,car,0.71,0.676,0.399,0.08600000000000001,0.083
1,110478,110.478451,9,6,2,car,0.61,0.728,0.386,0.056,0.068
1,110479,110.478844,9,7,9,traffic light,0.59,0.214,0.219,0.023,0.092
1,110675,110.675190,10,0,2,car,0.92,0.841,0.46900000000000003,0.249,0.20800000000000002
1,110676,110.675689,10,1,2,car,0.9,0.297,0.428,0.189,0.171
1,110676,110.676181,10,2,2,car,0.89,0.529,0.429,0.147,0.16
1,110677,110.676664,10,3,2,car,0.86,0.1,0.5680000000000001,0.201,0.492
1,110677,110.677148,10,4,2,car,0.79,0.406,0.392,0.10400000000000001,0.114
1,110678,110.677533,10,5,2,car,0.78,0.669,0.397,0.083,0.08600000000000001
1,110678,110.677910,10,6,2,car,0.58,0.9490000000000001,0.44,0.101,0.146
1,110678,110.678311,10,7,2,car,0.58,0.728,0.385,0.056,0.07200000000000001
1,110874,110.874157,11,0,2,car,0.93,0.834,0.46900000000000003,0.244,0.20600000000000002
1,110875,110.874640,11,1,2,car,0.91,0.53,0.427,0.145,0.157
1,110875,110.875091,11,2,2,car,0.91,0.297,0.428,0.184,0.167
1,110876,110.875550,11,3,2,car,0.85,0.1,0.5670000000000001,0.201,0.493
1,110876,110.876025,11,4,2,car,0.8,0.665,0.395,0.08600000000000001,0.08700000000000001
1,110876,110.876385,11,5,2,car,0.76,0.4,0.394,0.098,0.114
1,110877,110.876770,11,6,2,car,0.64,0.9460000000000001,0.431,0.107,0.124
1,111075,111.075099,12,0,2,car,0.93,0.8310000000000001,0.463,0.24,0.195
1,111076,111.075598,12,1,2,car,0.92,0.529,0.428,0.14400000000000002,0.152
1,111076,111.076065,12,2,2,car,0.91,0.3,0.429,0.189,0.163
1,111077,111.076532,12,3,2,car,0.85,0.405,0.389,0.107,0.112
1,111077,111.076909,12,4,2,car,0.8300000000000001,0.101,0.5640000000000001,0.203,0.494
1,111077,111.077278,12,5,2,car,0.72,0.9420000000000001,0.436,0.115,0.133
1,111078,111.077671,12,6,2,car,0.67,0.662,0.396,0.076,0.08600000000000001
1,111078,111.078056,12,7,9,traffic light,0.58,0.176,0.193,0.032,0.076
1,111274,111.274025,13,0,2,car,0.93,0.8280000000000001,0.465,0.234,0.195
1,111275,111.274517,13,1,2,car,0.92,0.529,0.427,0.14200000000000002,0.152
1,111275,111.274984,13,2,2,car,0.9,0.299,0.429,0.188,0.162
1,111275,111.275377,13,3,2,car,0.86,0.096,0.561,0.193,0.486
1,111276,111.275737,13,4,2,car,0.8200000000000001,0.406,0.391,0.099,0.112
1,111276,111.276114,13,5,2,car,0.72,0.9430000000000001,0.437,0.112,0.13
1,111276,111.276491,13,6,2,car,0.66,0.66,0.398,0.074,0.078
1,111277,111.276851,13,7,2,car,0.55,0.20400000000000001,0.363,0.079,0.061
1,111475,111.475196,14,0,2,car,0.93,0.8230000000000001,0.463,0.233,0.19
1,111476,111.475704,14,1,2,car,0.92,0.529,0.425,0.14,0.147
1,111476,111.476179,14,2,2,car,0.91,0.299,0.428,0.192,0.163
1,111477,111.476679,14,3,2,car,0.85,0.40900000000000003,0.389,0.109,0.113
1,111477,111.477154,14,4,2,car,0.84,0.094,0.5660000000000001,0.188,0.492
1,111478,111.477523,14,5,2,car,0.81,0.9410000000000001,0.436,0.115,0.132
1,111478,111.477899,14,6,2,car,0.71,0.658,0.389,0.07200000000000001,0.073
1,111478,111.478292,14,7,2,car,0.55,0.20500000000000002,0.36,0.063,0.052000000000000005
1,111675,111.675097,15,0,2,car,0.9400000000000001,0.8200000000000001,0.46,0.226,0.195
1,111676,111.675630,15,1,2,car,0.92,0.3,0.424,0.196,0.163
1,111676,111.676097,15,2,2,car,0.91,0.529,0.422,0.137,0.15
1,111677,111.676572,15,3,2,car,0.88,0.41100000000000003,0.386,0.111,0.111
1,111677,111.677039,15,4,2,car,0.78,0.093,0.5680000000000001,0.186,0.484
1,111677,111.677424,15,5,2,car,0.61,0.9390000000000001,0.431,0.11800000000000001,0.133
1,111678,111.677833,15,6,9,traffic light,0.54,0.126,0.17400000000000002,0.03,0.081
1,111678,111.678226,15,7,2,car,0.51,0.712,0.379,0.052000000000000005,0.075
1,111874,111.873540,0,0,2,car,0.9400000000000001,0.8170000000000001,0.458,0.221,0.193
1,111874,111.874015,0,1,2,car,0.91,0.529,0.421,0.135,0.15
1,111874,111.874490,0,2,2,car,0.91,0.299,0.424,0.197,0.165
1,111875,111.874974,0,3,2,car,0.84,0.09,0.5680000000000001,0.181,0.498
1,111875,111.875441,0,4,2,car,0.8200000000000001,0.9380000000000001,0.432,0.11900000000000001,0.134
1,111876,111.875818,0,5,2,car,0.8,0.41100000000000003,0.384,0.111,0.107
1,111876,111.876194,0,6,2,car,0.55,0.652,0.384,0.075,0.075
1,112075,112.075317,1,0,2,car,0.92,0.296,0.42,0.196,0.166
1,112076,112.075858,1,1,2,car,0.92,0.8130000000000001,0.455,0.217,0.194
1,112076,112.076349,1,2,2,car,0.91,0.527,0.418,0.133,0.14400000000000002
1,112077,112.076849,1,3,2,car,0.85,0.404,0.384,0.092,0.11
1,112077,112.077349,1,4,2,car,0.81,0.08600000000000001,0.58,0.17200000000000001,0.52
1,112078,112.077742,1,5,9,traffic light,0.59,0.069,0.154,0.044,0.094
1,112078,112.078119,1,6,2,car,0.59,0.7030000000000001,0.368,0.056,0.054
1,112078,112.078488,1,7,2,car,0.5700000000000001,0.649,0.379,0.068,0.075
1,112275,112.275358,2,0,2,car,0.92,0.292,0.425,0.197,0.17
1,112276,112.275841,2,1,2,car,0.91,0.81,0.454,0.216,0.191
1,112276,112.276251,2,2,2,car,0.9,0.525,0.418,0.132,0.14100000000000001
1,112277,112.276636,2,3,2,car,0.85,0.40700000000000003,0.386,0.105,0.112
1,112277,112.277013,2,4,2,car,0.8,0.08,0.588,0.162,0.518
1,112277,112.277406,2,5,2,car,0.75,0.646,0.379,0.068,0.07200000000000001
1,112278,112.277807,2,6,2,car,0.71,0.6970000000000001,0.367,0.055,0.056
1,112278,112.278176,2,7,2,car,0.68,0.933,0.433,0.13,0.136
1,112475,112.474899,3,0,2,car,0.92,0.806,0.448,0.214,0.186
1,112475,112.475382,3,1,2,car,0.92,0.289,0.42,0.203,0.167
1,112476,112.475882,3,2,2,car,0.88,0.929,0.425,0.138,0.136
1,112476,112.476267,3,3,2,car,0.8200000000000001,0.525,0.41300000000000003,0.131,0.151
1,112477,112.476635,3,4,2,car,0.8,0.402,0.378,0.092,0.112
1,112477,112.477012,3,5,2,car,0.76,0.076,0.5670000000000001,0.153,0.514
1,112477,112.477397,3,6,2,car,0.73,0.644,0.373,0.063,0.07100000000000001
1,112478,112.477815,3,7,2,car,0.68,0.085,0.384,0.163,0.139
1,112674,112.674357,4,0,2,car,0.93,0.803,0.442,0.214,0.183
1,112675,112.674816,4,1,2,car,0.92,0.28700000000000003,0.41200000000000003,0.20400000000000001,0.17200000000000001
1,112675,112.675308,4,2,2,car,0.85,0.527,0.401,0.128,0.14400000000000002
1,112676,112.675693,4,3,2,car,0.8300000000000001,0.403,0.369,0.091,0.112
1,112676,112.676069,4,4,2,car,0.8200000000000001,0.07200000000000001,0.5680000000000001,0.145,0.488
1,112676,112.676463,4,5,2,car,0.76,0.642,0.365,0.064,0.066
1,112677,112.676864,4,6,2,car,0.66,0.924,0.418,0.145,0.131
1,112677,112.677233,4,7,2,car,0.63,0.6950000000000001,0.34900000000000003,0.05,0.053
1,112874,112.874242,5,0,2,car,0.92,0.8,0.438,0.213,0.178
1,112875,112.874742,5,1,2,car,0.9,0.28400000000000003,0.41000000000000003,0.209,0.169
1,112875,112.875192,5,2,2,car,0.84,0.527,0.401,0.125,0.147
1,112876,112.875569,5,3,2,car,0.84,0.405,0.37,0.09,0.108
1,112876,112.875938,5,4,2,car,0.8,0.639,0.364,0.065,0.065
1,112876,112.876331,5,5,2,car,0.75,0.923,0.41400000000000003,0.136,0.123
1,112877,112.876724,5,6,2,car,0.75,0.064,0.5700000000000001,0.13,0.481
1,112877,112.877126,5,7,2,car,0.65,0.6910000000000001,0.35100000000000003,0.05,0.051000000000000004
1,113075,113.074954,6,0,2,car,0.91,0.799,0.443,0.212,0.184
1,113076,113.075610,6,1,2,car,0.87,0.28200000000000003,0.41100000000000003,0.21,0.161
1,113076,113.076118,6,2,2,car,0.86,0.527,0.41000000000000003,0.126,0.151
1,113077,113.076585,6,3,2,car,0.81,0.637,0.367,0.065,0.064
1,113077,113.077027,6,4,2,car,0.76,0.406,0.376,0.092,0.11
1,113077,113.077486,6,5,2,car,0.75,0.057,0.602,0.115,0.387
1,113078,113.077953,6,6,2,car,0.74,0.911,0.41100000000000003,0.131,0.126
1,113078,113.078403,6,7,2,car,0.73,0.046,0.354,0.09,0.08600000000000001
1,113275,113.274905,7,0,2,car,0.93,0.797,0.445,0.20600000000000002,0.17400000000000002
1,113275,113.275445,7,1,2,car,0.88,0.275,0.421,0.217,0.17400000000000002
1,113276,113.275978,7,2,2,car,0.8200000000000001,0.636,0.37,0.066,0.065
1,113277,113.276502,7,3,2,car,0.81,0.527,0.40900000000000003,0.125,0.14400000000000002
1,113277,113.276969,7,4,2,car,0.77,0.903,0.41500000000000004,0.124,0.12
1,113277,113.277444,7,5,2,car,0.77,0.405,0.379,0.091,0.109
1,113278,113.277895,7,6,2,car,0.74,0.046,0.608,0.093,0.392
1,113278,113.278263,7,7,2,car,0.71,0.163,0.34700000000000003,0.08700000000000001,0.055
1,113475,113.475158,8,0,2,car,0.93,0.792,0.444,0.20600000000000002,0.178
1,113476,113.475789,8,1,2,car,0.86,0.527,0.405,0.124,0.14100000000000001
1,113476,113.476346,8,2,2,car,0.85,0.272,0.424,0.218,0.183
1,113477,113.476829,8,3,2,car,0.8200000000000001,0.635,0.367,0.063,0.066
1,113477,113.477272,8,4,2,car,0.75,0.406,0.378,0.091,0.10300000000000001
1,113478,113.477722,8,5,2,car,0.74,0.9,0.41500000000000004,0.10300000000000001,0.123
1,113478,113.478189,8,6,2,car,0.71,0.684,0.353,0.049,0.048
1,113479,113.478664,8,7,2,car,0.7000000000000001,0.031,0.34900000000000003,0.063,0.066
1,113675,113.674642,9,0,2,car,0.92,0.269,0.422,0.224,0.187
1,113675,113.675149,9,1,2,car,0.91,0.791,0.446,0.20400000000000001,0.183
1,113676,113.675592,9,2,2,car,0.85,0.526,0.4,0.122,0.137
1,113676,113.676018,9,3,2,car,0.8200000000000001,0.404,0.375,0.094,0.10300000000000001
1,113676,113.676476,9,4,2,car,0.8,0.632,0.365,0.059000000000000004,0.066
1,113677,113.676944,9,5,2,car,0.65,0.681,0.35000000000000003,0.046,0.044
1,113677,113.677402,9,6,2,car,0.65,0.024,0.34400000000000003,0.049,0.059000000000000004
1,113678,113.677869,9,7,2,car,0.62,0.113,0.35100000000000003,0.084,0.066
1,113874,113.873592,10,0,2,car,0.92,0.267,0.423,0.228,0.186
1,113874,113.874092,10,1,2,car,0.88,0.79,0.444,0.203,0.177
1,113875,113.874608,10,2,2,car,0.85,0.526,0.403,0.116,0.138
1,113875,113.875059,10,3,2,car,0.79,0.405,0.375,0.093,0.10200000000000001
1,113876,113.875526,10,4,2,car,0.78,0.631,0.366,0.057,0.065
1,113876,113.875968,10,5,2,car,0.7000000000000001,0.679,0.35100000000000003,0.046,0.042
1,113876,113.876435,10,6,2,car,0.63,0.019,0.34600000000000003,0.038,0.064
1,113877,113.876886,10,7,2,car,0.52,0.083,0.353,0.093,0.066
1,114074,114.074059,11,0,2,car,0.9,0.265,0.425,0.226,0.181
1,114075,114.074616,11,1,2,car,0.87,0.788,0.446,0.203,0.183
1,114075,114.075148,11,2,2,car,0.85,0.526,0.402,0.11800000000000001,0.127
1,114076,114.075665,11,3,2,car,0.8,0.63,0.363,0.058,0.064
1,114076,114.076197,11,4,2,car,0.79,0.40900000000000003,0.376,0.098,0.10200000000000001
1,114077,114.076656,11,5,2,car,0.7000000000000001,0.146,0.371,0.145,0.095
1,114077,114.077115,11,6,2,car,0.67,0.678,0.35100000000000003,0.045,0.044
1,114274,114.273690,12,0,2,car,0.92,0.267,0.419,0.224,0.181
1,114274,114.274271,12,1,2,car,0.88,0.788,0.432,0.202,0.17400000000000002
1,114275,114.274722,12,2,2,car,0.86,0.526,0.391,0.115,0.134
1,114275,114.275254,12,3,2,car,0.8,0.41100000000000003,0.368,0.096,0.097
1,114276,114.275803,12,4,2,car,0.74,0.629,0.353,0.054,0.064
1,114276,114.276336,12,5,2,car,0.53,0.855,0.391,0.111,0.105
1,114277,114.276958,12,6,2,car,0.52,0.674,0.34400000000000003,0.045,0.047
1,114277,114.277335,12,7,2,car,0.52,0.10200000000000001,0.334,0.04,0.041
1,114473,114.473476,13,0,2,car,0.91,0.263,0.41000000000000003,0.226,0.181
1,114474,114.474017,13,1,2,car,0.9,0.789,0.427,0.20600000000000002,0.181
1,114475,114.474549,13,2,2,car,0.89,0.526,0.39,0.115,0.129
1,114475,114.475082,13,3,2,car,0.84,0.41000000000000003,0.362,0.092,0.095
1,114476,114.475606,13,4,2,car,0.77,0.627,0.34900000000000003,0.055,0.059000000000000004
1,114476,114.476073,13,5,2,car,0.76,0.673,0.336,0.043000000000000003,0.039
1,114477,114.476540,13,6,2,car,0.54,0.049,0.34800000000000003,0.099,0.065
1,114674,114.673959,14,0,2,car,0.92,0.264,0.426,0.228,0.181
1,114674,114.674491,14,1,2,car,0.92,0.785,0.44,0.198,0.17200000000000001
1,114675,114.675016,14,2,2,car,0.87,0.526,0.402,0.114,0.124
1,114676,114.675532,14,3,2,car,0.8200000000000001,0.41100000000000003,0.373,0.094,0.101
1,114676,114.676073,14,4,2,car,0.8,0.627,0.362,0.054,0.06
1,114677,114.676613,14,5,2,car,0.67,0.672,0.35000000000000003,0.041,0.04
1,114677,114.677088,14,6,2,car,0.54,0.146,0.359,0.07,0.063
1,114873,114.872697,15,0,2,car,0.92,0.265,0.418,0.224,0.179
1,114873,114.873221,15,1,2,car,0.92,0.781,0.433,0.189,0.176
1,114874,114.873680,15,2,2,car,0.89,0.527,0.395,0.113,0.126
1,114874,114.874122,15,3,2,car,0.8300000000000001,0.41600000000000004,0.364,0.091,0.10300000000000001
1,114875,114.874581,15,4,2,car,0.81,0.625,0.355,0.051000000000000004,0.06
1,114875,114.875048,15,5,2,car,0.61,0.67,0.34600000000000003,0.044,0.044
1,114876,114.875507,15,6,2,car,0.53,0.016,0.35100000000000003,0.032,0.05
1,115073,115.073344,0,0,2,car,0.93,0.777,0.417,0.188,0.171
1,115074,115.074212,0,1,2,car,0.91,0.265,0.404,0.224,0.179
1,115075,115.074835,0,2,2,car,0.88,0.527,0.38,0.113,0.124
1,115075,115.075359,0,3,2,car,0.85,0.624,0.341,0.054,0.06
1,115076,115.075883,0,4,2,car,0.8300000000000001,0.41200000000000003,0.35000000000000003,0.09,0.093
1,115076,115.076416,0,5,2,car,0.6900000000000001,0.667,0.332,0.04,0.042
1,115077,115.076874,0,6,2,car,0.54,0.041,0.341,0.083,0.036000000000000004
1,115273,115.273490,1,0,2,car,0.91,0.773,0.43,0.184,0.162
1,115274,115.274105,1,1,2,car,0.91,0.264,0.41400000000000003,0.224,0.17400000000000002
1,115275,115.274637,1,2,2,car,0.85,0.41200000000000003,0.364,0.08700000000000001,0.10200000000000001
1,115275,115.275170,1,3,2,car,0.85,0.525,0.395,0.108,0.115
1,115276,115.275637,1,4,2,car,0.77,0.621,0.352,0.052000000000000005,0.06
1,115276,115.276145,1,5,2,car,0.73,0.664,0.34600000000000003,0.041,0.045
1,115277,115.276612,1,6,2,car,0.54,0.044,0.34800000000000003,0.088,0.062
1,115473,115.473310,2,0,2,car,0.9400000000000001,0.771,0.429,0.181,0.165
1,115474,115.474072,2,1,2,car,0.9,0.267,0.41500000000000004,0.223,0.176
1,115475,115.474604,2,2,2,car,0.81,0.41300000000000003,0.362,0.08700000000000001,0.101
1,115475,115.475145,2,3,2,car,0.8,0.525,0.39,0.108,0.114
1,115476,115.475669,2,4,2,car,0.76,0.621,0.35000000000000003,0.05,0.061
1,115476,115.476128,2,5,2,car,0.72,0.663,0.34400000000000003,0.04,0.046
1,115477,115.476562,2,6,2,car,0.54,0.556,0.339,0.10400000000000001,0.082
1,115477,115.476972,2,7,2,car,0.5,0.461,0.34800000000000003,0.043000000000000003,0.055
1,115673,115.673285,3,0,2,car,0.93,0.771,0.431,0.18,0.17
1,115674,115.674047,3,1,2,car,0.92,0.271,0.423,0.22,0.18
1,115675,115.674841,3,2,2,car,0.8200000000000001,0.41600000000000004,0.364,0.088,0.097
1,115676,115.675619,3,3,2,car,0.72,0.527,0.398,0.108,0.11
1,115676,115.676193,3,4,2,car,0.71,0.621,0.357,0.051000000000000004,0.059000000000000004
1,115677,115.676660,3,5,2,car,0.55,0.662,0.35000000000000003,0.039,0.041
1,115873,115.872957,4,0,2,car,0.9400000000000001,0.769,0.427,0.176,0.17200000000000001
1,115874,115.873718,4,1,2,car,0.92,0.274,0.417,0.219,0.176
1,115874,115.874423,4,2,2,car,0.86,0.417,0.362,0.085,0.095
1,115875,115.874923,4,3,2,car,0.73,0.62,0.354,0.049,0.056
1,115875,115.875357,4,4,2,car,0.67,0.528,0.4,0.10400000000000001,0.101
1,115876,115.875807,4,5,2,car,0.5700000000000001,0.661,0.34700000000000003,0.041,0.041
1,116073,116.072628,5,0,2,car,0.9400000000000001,0.767,0.424,0.17500000000000002,0.167
1,116074,116.073546,5,1,2,car,0.89,0.278,0.417,0.216,0.176
1,116074,116.074111,5,2,2,car,0.8200000000000001,0.41600000000000004,0.358,0.083,0.098
1,116075,116.074644,5,3,2,car,0.77,0.527,0.387,0.10300000000000001,0.112
1,116075,116.075160,5,4,2,car,0.6900000000000001,0.619,0.35100000000000003,0.049,0.057
1,116076,116.075610,5,5,2,car,0.54,0.468,0.35100000000000003,0.044,0.051000000000000004
1,116273,116.273095,6,0,2,car,0.9400000000000001,0.766,0.422,0.17,0.164
1,116274,116.273857,6,1,2,car,0.87,0.28400000000000003,0.41400000000000003,0.212,0.165
1,116274,116.274422,6,2,2,car,0.85,0.418,0.36,0.082,0.096
1,116275,116.274946,6,3,2,car,0.6900000000000001,0.526,0.395,0.10400000000000001,0.105
1,116275,116.275462,6,4,2,car,0.6900000000000001,0.619,0.352,0.051000000000000004,0.057
1,116276,116.275921,6,5,2,car,0.61,0.47700000000000004,0.354,0.044,0.049
1,116276,116.276396,6,6,2,car,0.59,0.661,0.343,0.041,0.041
1,116473,116.472963,7,0,2,car,0.93,0.765,0.428,0.17200000000000001,0.165
1,116474,116.473725,7,1,2,car,0.91,0.28600000000000003,0.42,0.20700000000000002,0.17300000000000001
1,116474,116.474298,7,2,2,car,0.79,0.421,0.368,0.079,0.09
1,116475,116.474839,7,3,2,car,0.71,0.618,0.36,0.049,0.055
1,116475,116.475347,7,4,2,car,0.68,0.527,0.40800000000000003,0.10300000000000001,0.081
1,116476,116.475847,7,5,2,car,0.68,0.47900000000000004,0.362,0.048,0.057
1,116476,116.476297,7,6,2,car,0.5700000000000001,0.66,0.34600000000000003,0.044,0.04
1,116673,116.672889,8,0,2,car,0.93,0.292,0.397,0.20400000000000001,0.17200000000000001
1,116674,116.673741,8,1,2,car,0.91,0.758,0.406,0.17300000000000001,0.16
1,116675,116.674519,8,2,2,car,0.8200000000000001,0.424,0.35000000000000003,0.082,0.088
1,116675,116.675207,8,3,2,car,0.73,0.529,0.378,0.10200000000000001,0.101
1,116676,116.675764,8,4,2,car,0.73,0.618,0.343,0.047,0.051000000000000004
1,116676,116.676231,8,5,2,car,0.64,0.484,0.342,0.048,0.061
1,116872,116.872323,9,0,2,car,0.92,0.76,0.41400000000000003,0.165,0.151
1,116873,116.873085,9,1,2,car,0.9,0.298,0.405,0.202,0.165
1,116874,116.873560,9,2,2,car,0.8300000000000001,0.532,0.383,0.1,0.108
1,116874,116.874019,9,3,2,car,0.74,0.617,0.35000000000000003,0.045,0.048
1,116874,116.874461,9,4,2,car,0.72,0.421,0.357,0.089,0.09
1,116875,116.874953,9,5,2,car,0.59,0.659,0.342,0.045,0.042
1,116875,116.875412,9,6,2,car,0.56,0.488,0.34800000000000003,0.05,0.066
1,117073,117.072822,10,0,2,car,0.91,0.302,0.397,0.199,0.161
1,117074,117.073601,10,1,2,car,0.91,0.755,0.40900000000000003,0.167,0.157
1,117074,117.074354,10,2,2,car,0.8,0.428,0.355,0.075,0.088
1,117075,117.075116,10,3,2,car,0.79,0.53,0.393,0.098,0.085
1,117076,117.075657,10,4,2,car,0.73,0.615,0.34700000000000003,0.044,0.048
1,117076,117.076116,10,5,2,car,0.64,0.6880000000000001,0.372,0.068,0.08
1,117077,117.076574,10,6,2,car,0.56,0.489,0.34800000000000003,0.047,0.062
1,117077,117.077033,10,7,2,car,0.51,0.659,0.341,0.04,0.037
1,117273,117.272797,11,0,2,car,0.93,0.757,0.405,0.162,0.149
1,117274,117.273690,11,1,2,car,0.92,0.307,0.392,0.196,0.16
1,117275,117.274755,11,2,2,car,0.8300000000000001,0.429,0.35000000000000003,0.07200000000000001,0.084
1,117276,117.275607,11,3,2,car,0.74,0.615,0.341,0.041,0.046
1,117276,117.276181,11,4,2,car,0.7000000000000001,0.53,0.38,0.096,0.08600000000000001
1,117277,117.276631,11,5,2,car,0.66,0.683,0.366,0.069,0.073
1,117277,117.277074,11,6,2,car,0.55,0.489,0.341,0.043000000000000003,0.058
1,117472,117.472436,12,0,2,car,0.9400000000000001,0.756,0.422,0.158,0.14400000000000002
1,117473,117.473190,12,1,2,car,0.92,0.309,0.41200000000000003,0.194,0.159
1,117474,117.473780,12,2,2,car,0.8200000000000001,0.429,0.368,0.07,0.084
1,117474,117.474329,12,3,2,car,0.74,0.532,0.402,0.095,0.081
1,117475,117.474779,12,4,2,car,0.7000000000000001,0.614,0.358,0.046,0.05
1,117475,117.475222,12,5,2,car,0.66,0.68,0.384,0.075,0.073
1,117672,117.672493,13,0,2,car,0.91,0.756,0.429,0.158,0.14
1,117673,117.673403,13,1,2,car,0.91,0.312,0.419,0.19,0.16
1,117674,117.674295,13,2,2,car,0.8,0.431,0.375,0.068,0.085
1,117675,117.675164,13,3,2,car,0.66,0.532,0.41200000000000003,0.094,0.077
1,117676,117.675770,13,4,2,car,0.66,0.677,0.392,0.069,0.077
1,117676,117.676294,13,5,2,car,0.64,0.611,0.366,0.045,0.047
1,117872,117.871821,14,0,2,car,0.92,0.316,0.41500000000000004,0.191,0.155
1,117873,117.872517,14,1,2,car,0.91,0.752,0.424,0.158,0.139
1,117873,117.873115,14,2,2,car,0.81,0.434,0.372,0.068,0.077
1,117874,117.873615,14,3,2,car,0.72,0.531,0.406,0.093,0.077
1,117874,117.874074,14,4,2,car,0.67,0.61,0.362,0.041,0.047
1,117875,117.874516,14,5,2,car,0.62,0.674,0.389,0.069,0.07100000000000001
1,118072,118.072361,15,0,2,car,0.9400000000000001,0.319,0.41400000000000003,0.186,0.156
1,118073,118.072951,15,1,2,car,0.92,0.751,0.423,0.153,0.139
1,118073,118.073492,15,2,2,car,0.78,0.435,0.368,0.07,0.082
1,118074,118.074008,15,3,2,car,0.75,0.532,0.393,0.09,0.099
1,118075,118.074548,15,4,2,car,0.7000000000000001,0.67,0.384,0.07200000000000001,0.07
1,118075,118.075023,15,5,2,car,0.6,0.608,0.36,0.04,0.046
1,118272,118.272328,0,0,2,car,0.93,0.323,0.41300000000000003,0.183,0.155
1,118273,118.273073,0,1,2,car,0.92,0.75,0.422,0.152,0.139
1,118274,118.273983,0,2,2,car,0.81,0.435,0.366,0.07,0.077
1,118275,118.274925,0,3,2,car,0.8,0.533,0.398,0.089,0.085
1,118276,118.275514,0,4,2,car,0.78,0.667,0.383,0.067,0.07
1,118276,118.276055,0,5,2,car,0.56,0.607,0.355,0.041,0.051000000000000004
1,118471,118.471483,1,0,2,car,0.92,0.328,0.41000000000000003,0.178,0.152
1,118472,118.472041,1,1,2,car,0.92,0.749,0.419,0.151,0.139
1,118473,118.472565,1,2,2,car,0.8300000000000001,0.437,0.366,0.07100000000000001,0.076
1,118473,118.473089,1,3,2,car,0.77,0.662,0.377,0.069,0.07
1,118474,118.473605,1,4,2,car,0.7000000000000001,0.533,0.392,0.08700000000000001,0.092
1,118474,118.474064,1,5,2,car,0.5700000000000001,0.606,0.353,0.039,0.048
1,118672,118.672441,2,0,2,car,0.92,0.333,0.40800000000000003,0.17400000000000002,0.14300000000000002
1,118673,118.673383,2,1,2,car,0.9,0.746,0.417,0.148,0.134
1,118674,118.674301,2,2,2,car,0.85,0.439,0.363,0.07,0.074
1,118675,118.675194,2,3,2,car,0.81,0.535,0.387,0.08600000000000001,0.097
1,118676,118.675784,2,4,2,car,0.8,0.66,0.376,0.068,0.064
1,118676,118.676275,2,5,2,car,0.56,0.606,0.352,0.039,0.041
1,118677,118.676726,2,6,2,car,0.55,0.067,0.276,0.034,0.032
1,118872,118.871876,3,0,2,car,0.92,0.745,0.42,0.146,0.132
1,118873,118.872629,3,1,2,car,0.88,0.336,0.41000000000000003,0.168,0.14400000000000002
1,118873,118.873375,3,2,2,car,0.86,0.444,0.364,0.066,0.07
1,118874,118.873874,3,3,2,car,0.81,0.658,0.377,0.065,0.069
1,118874,118.874317,3,4,2,car,0.8,0.535,0.386,0.08600000000000001,0.092
1,118875,118.874784,3,5,2,car,0.66,0.604,0.356,0.043000000000000003,0.045
1,119072,119.071998,4,0,2,car,0.93,0.742,0.419,0.145,0.132
1,119073,119.072514,4,1,2,car,0.86,0.339,0.40700000000000003,0.168,0.15
1,119073,119.073038,4,2,2,car,0.8300000000000001,0.445,0.364,0.059000000000000004,0.07100000000000001
1,119074,119.073555,4,3,2,car,0.8200000000000001,0.535,0.387,0.08700000000000001,0.098
1,119074,119.074325,4,4,0,person,0.73,0.975,0.434,0.049,0.194
1,119075,119.074857,4,5,2,car,0.72,0.654,0.373,0.069,0.065
1,119075,119.075349,4,6,2,car,0.6,0.602,0.352,0.044,0.042
1,119272,119.271662,5,0,2,car,0.91,0.342,0.403,0.162,0.14100000000000001
1,119272,119.272219,5,1,2,car,0.9,0.739,0.41100000000000003,0.145,0.128
1,119273,119.272759,5,2,2,car,0.84,0.445,0.362,0.061,0.07200000000000001
1,119273,119.273284,5,3,0,person,0.78,0.966,0.421,0.064,0.17300000000000001
1,119274,119.273841,5,4,2,car,0.76,0.533,0.383,0.088,0.1
1,119274,119.274299,5,5,2,car,0.71,0.656,0.371,0.064,0.06
1,119275,119.274766,5,6,2,car,0.56,0.601,0.35100000000000003,0.038,0.034
1,119473,119.472513,6,0,2,car,0.91,0.343,0.405,0.157,0.135
1,119473,119.473062,6,1,2,car,0.9,0.735,0.41500000000000004,0.14200000000000002,0.127
1,119474,119.473586,6,2,2,car,0.84,0.447,0.365,0.061,0.07
1,119474,119.474127,6,3,2,car,0.8,0.532,0.387,0.08600000000000001,0.099
1,119475,119.474659,6,4,2,car,0.73,0.647,0.372,0.064,0.061
1,119475,119.475118,6,5,0,person,0.71,0.9570000000000001,0.426,0.069,0.17300000000000001
1,119476,119.475585,6,6,2,car,0.6,0.601,0.354,0.041,0.042
1,119672,119.672013,7,0,2,car,0.9,0.73,0.40800000000000003,0.14,0.13
1,119673,119.673061,7,1,2,car,0.89,0.34700000000000003,0.399,0.158,0.133
1,119674,119.674012,7,2,2,car,0.84,0.532,0.381,0.08600000000000001,0.094
1,119675,119.674610,7,3,2,car,0.78,0.445,0.36,0.06,0.067
1,119675,119.675150,7,4,0,person,0.73,0.9440000000000001,0.418,0.088,0.17300000000000001
1,119676,119.675658,7,5,2,car,0.68,0.637,0.371,0.069,0.059000000000000004
1,119871,119.871349,8,0,2,car,0.92,0.35000000000000003,0.394,0.152,0.132
1,119872,119.871873,8,1,2,car,0.89,0.726,0.40700000000000003,0.137,0.132
1,119872,119.872356,8,2,2,car,0.85,0.532,0.382,0.085,0.094
1,119873,119.872832,8,3,2,car,0.8,0.447,0.36,0.057,0.067
1,119873,119.873364,8,4,2,car,0.67,0.633,0.37,0.065,0.057
1,119874,119.873897,8,5,0,person,0.56,0.934,0.421,0.099,0.166
1,120072,120.071701,9,0,2,car,0.91,0.354,0.39,0.15,0.11900000000000001
1,120072,120.072266,9,1,2,car,0.9,0.724,0.406,0.136,0.125
1,120073,120.072831,9,2,2,car,0.8300000000000001,0.532,0.381,0.08700000000000001,0.093
1,120073,120.073347,9,3,2,car,0.72,0.631,0.368,0.066,0.057
1,120074,120.073888,9,4,2,car,0.66,0.449,0.359,0.057,0.07100000000000001
1,120074,120.074404,9,5,0,person,0.55,0.915,0.42,0.085,0.157
1,120272,120.271847,10,0,2,car,0.93,0.356,0.392,0.147,0.122
1,120272,120.272445,10,1,2,car,0.91,0.722,0.40700000000000003,0.135,0.122
1,120273,120.273011,10,2,2,car,0.78,0.531,0.38,0.08600000000000001,0.088
1,120274,120.273535,10,3,0,person,0.7000000000000001,0.893,0.418,0.081,0.177
1,120274,120.274051,10,4,2,car,0.68,0.628,0.369,0.064,0.059000000000000004
1,120275,120.274584,10,5,2,car,0.58,0.807,0.375,0.036000000000000004,0.07100000000000001
1,120275,120.275042,10,6,2,car,0.54,0.454,0.367,0.067,0.084
1,120275,120.275468,10,7,3,motorcycle,0.5,0.894,0.47900000000000004,0.074,0.099
1,120472,120.472216,11,0,2,car,0.93,0.36,0.393,0.14300000000000002,0.11900000000000001
1,120473,120.472781,11,1,2,car,0.88,0.72,0.40700000000000003,0.133,0.11900000000000001
1,120473,120.473297,11,2,2,car,0.84,0.531,0.382,0.085,0.093
1,120474,120.473838,11,3,2,car,0.74,0.625,0.37,0.064,0.058
1,120474,120.474370,11,4,2,car,0.6,0.453,0.375,0.063,0.089
1,120475,120.474837,11,5,0,person,0.58,0.864,0.41100000000000003,0.07200000000000001,0.153
1,120475,120.475280,11,6,2,car,0.53,0.59,0.361,0.045,0.053
1,120476,120.475673,11,7,3,motorcycle,0.51,0.874,0.47900000000000004,0.073,0.098
1,120672,120.671724,12,0,2,car,0.93,0.359,0.39,0.138,0.116
1,120672,120.672272,12,1,2,car,0.88,0.716,0.4,0.133,0.115
1,120673,120.672813,12,2,2,car,0.84,0.529,0.38,0.089,0.094
1,120673,120.673362,12,3,2,car,0.68,0.623,0.367,0.061,0.057
1,120674,120.673903,12,4,3,motorcycle,0.63,0.854,0.464,0.078,0.112
1,120674,120.674435,12,5,0,person,0.61,0.856,0.41000000000000003,0.082,0.161
1,120675,120.674894,12,6,2,car,0.54,0.456,0.376,0.064,0.098
1,120675,120.675279,12,7,2,car,0.53,0.586,0.36,0.042,0.053
1,120871,120.871232,13,0,2,car,0.93,0.365,0.391,0.137,0.116
1,120872,120.871797,13,1,2,car,0.89,0.712,0.401,0.134,0.112
1,120872,120.872313,13,2,2,car,0.8300000000000001,0.527,0.381,0.093,0.095
1,120873,120.872845,13,3,2,car,0.68,0.617,0.369,0.067,0.054
1,120873,120.873345,13,4,0,person,0.63,0.838,0.418,0.074,0.163
1,120874,120.873845,13,5,2,car,0.62,0.459,0.359,0.06,0.058
1,121071,121.071248,14,0,2,car,0.92,0.369,0.4,0.131,0.105
1,121072,121.072149,14,1,2,car,0.88,0.71,0.41100000000000003,0.131,0.115
1,121073,121.072681,14,2,2,car,0.81,0.528,0.392,0.094,0.098
1,121073,121.073214,14,3,2,car,0.76,0.619,0.377,0.06,0.056
1,121074,121.073746,14,4,0,person,0.67,0.8160000000000001,0.423,0.08,0.183
1,121074,121.074262,14,5,2,car,0.59,0.46,0.362,0.055,0.058
1,121271,121.271329,15,0,2,car,0.92,0.371,0.396,0.128,0.10400000000000001
1,121272,121.271910,15,1,2,car,0.8300000000000001,0.706,0.40900000000000003,0.129,0.112
1,121272,121.272435,15,2,2,car,0.8,0.525,0.392,0.1,0.099
1,121273,121.272959,15,3,0,person,0.76,0.798,0.424,0.079,0.176
1,121273,121.273434,15,4,2,car,0.7000000000000001,0.617,0.374,0.059000000000000004,0.054
1,121274,121.273917,15,5,2,car,0.6900000000000001,0.463,0.362,0.061,0.057
1,121472,121.471599,0,0,2,car,0.84,0.531,0.382,0.088,0.097
1,121472,121.472147,0,1,2,car,0.8,0.372,0.388,0.131,0.10400000000000001
1,121473,121.472696,0,2,2,car,0.74,0.616,0.366,0.056,0.057
1,121473,121.473221,0,3,2,car,0.67,0.47100000000000003,0.354,0.068,0.061
1,121474,121.473778,0,4,0,person,0.67,0.782,0.41000000000000003,0.08,0.156
1,121474,121.474253,0,5,2,car,0.64,0.6940000000000001,0.397,0.114,0.101
1,121475,121.474704,0,6,2,car,0.5700000000000001,0.033,0.559,0.066,0.41000000000000003
1,121672,121.671508,1,0,2,car,0.85,0.529,0.382,0.091,0.098
1,121672,121.672073,1,1,2,car,0.84,0.376,0.384,0.12,0.101
1,121673,121.672622,1,2,2,car,0.77,0.47400000000000003,0.352,0.058,0.056
1,121673,121.673130,1,3,2,car,0.72,0.6940000000000001,0.397,0.107,0.106
1,121674,121.673646,1,4,2,car,0.6900000000000001,0.044,0.538,0.088,0.40800000000000003
1,121674,121.674187,1,5,2,car,0.63,0.61,0.362,0.066,0.062
1,121871,121.871204,2,0,2,car,0.85,0.529,0.385,0.09,0.098
1,121872,121.871770,2,1,2,car,0.81,0.38,0.383,0.121,0.099
1,121872,121.872302,2,2,2,car,0.73,0.47600000000000003,0.356,0.051000000000000004,0.056
1,121873,121.872827,2,3,2,car,0.6900000000000001,0.6900000000000001,0.398,0.10400000000000001,0.1
1,121873,121.873351,2,4,2,car,0.68,0.057,0.515,0.115,0.454
1,121874,121.873891,2,5,0,person,0.6,0.754,0.41400000000000003,0.081,0.159
1,121874,121.874350,2,6,2,car,0.6,0.603,0.363,0.075,0.06
1,122071,122.070860,3,0,2,car,0.87,0.385,0.385,0.114,0.097
1,122071,122.071417,3,1,2,car,0.76,0.53,0.387,0.089,0.098
1,122072,122.071933,3,2,2,car,0.76,0.07,0.533,0.14,0.507
1,122072,122.072482,3,3,2,car,0.73,0.47900000000000004,0.356,0.048,0.057
1,122073,122.073014,3,4,2,car,0.61,0.615,0.368,0.05,0.051000000000000004
1,122271,122.271212,4,0,2,car,0.84,0.388,0.382,0.111,0.099
1,122272,122.271941,4,1,2,car,0.84,0.533,0.386,0.094,0.097
1,122272,122.272473,4,2,0,person,0.79,0.719,0.40900000000000003,0.074,0.155
1,122273,122.273014,4,3,2,car,0.78,0.083,0.546,0.167,0.447
1,122274,122.273530,4,4,2,car,0.66,0.613,0.368,0.054,0.051000000000000004
1,122274,122.274071,4,5,2,car,0.61,0.485,0.357,0.045,0.05
1,122274,122.274447,4,6,3,motorcycle,0.5700000000000001,0.727,0.459,0.062,0.095
1,122470,122.470023,5,0,2,car,0.8300000000000001,0.534,0.381,0.096,0.097
1,122470,122.470474,5,1,2,car,0.8,0.094,0.505,0.189,0.374
1,122471,122.470965,5,2,2,car,0.78,0.392,0.375,0.114,0.095
1,122471,122.471441,5,3,2,car,0.62,0.613,0.364,0.06,0.054
1,122472,122.471907,5,4,2,car,0.55,0.492,0.35000000000000003,0.044,0.056
1,122670,122.669966,6,0,2,car,0.84,0.106,0.487,0.212,0.372
1,122670,122.670473,6,1,2,car,0.78,0.537,0.376,0.099,0.095
1,122671,122.670949,6,2,2,car,0.75,0.394,0.372,0.112,0.091
1,122671,122.671407,6,3,2,car,0.75,0.704,0.392,0.099,0.105
1,122672,122.671866,6,4,2,car,0.51,0.618,0.378,0.077,0.08700000000000001
1,122870,122.870104,7,0,2,car,0.8300000000000001,0.11800000000000001,0.505,0.23500000000000001,0.431
1,122871,122.870620,7,1,2,car,0.72,0.401,0.37,0.10400000000000001,0.085
1,122871,122.871120,7,2,2,car,0.65,0.6980000000000001,0.387,0.105,0.107
1,122872,122.871571,7,3,2,car,0.61,0.537,0.373,0.1,0.099
1,122872,122.872046,7,4,0,person,0.5700000000000001,0.674,0.41100000000000003,0.066,0.151
1,123070,123.069669,8,0,2,car,0.9,0.123,0.493,0.247,0.41200000000000003
1,123070,123.070194,8,1,2,car,0.72,0.406,0.37,0.10200000000000001,0.085
1,123071,123.070685,8,2,2,car,0.7000000000000001,0.542,0.379,0.096,0.096
1,123071,123.071152,8,3,2,car,0.52,0.706,0.39,0.08600000000000001,0.10300000000000001
1,123072,123.071611,8,4,0,person,0.5,0.663,0.41100000000000003,0.067,0.145
1,123270,123.270357,9,0,2,car,0.9400000000000001,0.13,0.48,0.261,0.394
1,123271,123.271152,9,1,2,car,0.77,0.543,0.383,0.097,0.1
1,123272,123.271676,9,2,2,car,0.74,0.402,0.372,0.111,0.084
1,123272,123.272167,9,3,0,person,0.58,0.65,0.40700000000000003,0.066,0.16
1,123273,123.272643,9,4,3,motorcycle,0.52,0.648,0.446,0.054,0.093
1,123470,123.470037,10,0,2,car,0.93,0.136,0.452,0.272,0.378
1,123471,123.470529,10,1,2,car,0.79,0.543,0.382,0.097,0.101
1,123471,123.470996,10,2,2,car,0.73,0.40700000000000003,0.372,0.10300000000000001,0.082
1,123471,123.471438,10,3,2,car,0.5700000000000001,0.7010000000000001,0.386,0.088,0.093
1,123472,123.471921,10,4,0,person,0.53,0.632,0.405,0.079,0.156
1,123472,123.472323,10,5,3,motorcycle,0.52,0.631,0.445,0.051000000000000004,0.085
1,123670,123.669807,11,0,2,car,0.92,0.14400000000000002,0.462,0.28700000000000003,0.32
1,123670,123.670282,11,1,2,car,0.8300000000000001,0.6950000000000001,0.392,0.096,0.095
1,123671,123.670774,11,2,2,car,0.78,0.544,0.384,0.092,0.098
1,123671,123.671224,11,3,2,car,0.61,0.437,0.373,0.136,0.083
1,123672,123.671675,11,4,2,car,0.55,0.807,0.376,0.082,0.061
1,123672,123.672060,11,5,3,motorcycle,0.54,0.617,0.449,0.052000000000000005,0.085
1,123869,123.869176,12,0,2,car,0.9500000000000001,0.15,0.456,0.3,0.289
1,123870,123.869659,12,1,2,car,0.81,0.421,0.383,0.08700000000000001,0.085
1,123870,123.870126,12,2,2,car,0.79,0.6880000000000001,0.392,0.101,0.083
1,123871,123.870519,12,3,2,car,0.67,0.542,0.384,0.08700000000000001,0.093
1,124070,124.070126,13,0,2,car,0.9400000000000001,0.156,0.447,0.311,0.265
1,124071,124.071010,13,1,2,car,0.78,0.686,0.395,0.1,0.088
1,124072,124.071535,13,2,2,car,0.74,0.546,0.381,0.08600000000000001,0.089
1,124072,124.072034,13,3,2,car,0.71,0.424,0.378,0.08600000000000001,0.075
1,124073,124.072510,13,4,0,person,0.53,0.788,0.378,0.033,0.063
1,124270,124.270150,14,0,2,car,0.93,0.161,0.438,0.322,0.244
1,124271,124.270871,14,1,2,car,0.78,0.429,0.377,0.085,0.076
1,124271,124.271403,14,2,2,car,0.76,0.685,0.395,0.097,0.088
1,124272,124.271903,14,3,2,car,0.65,0.538,0.392,0.083,0.109
1,124272,124.272378,14,4,3,motorcycle,0.55,0.585,0.458,0.046,0.08
1,124273,124.272771,14,5,0,person,0.5,0.787,0.379,0.03,0.065
1,124469,124.469469,15,0,2,car,0.91,0.182,0.434,0.3,0.225
1,124470,124.469969,15,1,2,car,0.84,0.43,0.378,0.081,0.075
1,124470,124.470444,15,2,2,car,0.81,0.682,0.398,0.097,0.085
1,124471,124.470936,15,3,2,car,0.66,0.534,0.383,0.07,0.088
1,124471,124.471394,15,4,0,person,0.6,0.784,0.372,0.034,0.081
1,124472,124.471796,15,5,2,car,0.58,0.606,0.367,0.055,0.042
1,124670,124.670075,0,0,2,car,0.91,0.20600000000000002,0.428,0.277,0.20800000000000002
1,124671,124.670812,0,1,2,car,0.8300000000000001,0.433,0.381,0.079,0.07100000000000001
1,124671,124.671328,0,2,2,car,0.8200000000000001,0.68,0.4,0.097,0.088
1,124672,124.671828,0,3,2,car,0.63,0.609,0.369,0.043000000000000003,0.041
1,124672,124.672459,0,4,3,motorcycle,0.56,0.5670000000000001,0.461,0.044,0.08700000000000001
1,124673,124.672893,0,5,2,car,0.54,0.531,0.367,0.054,0.047
1,124673,124.673270,0,6,0,person,0.52,0.784,0.37,0.032,0.083
1,124869,124.868862,1,0,2,car,0.87,0.226,0.421,0.258,0.201
1,124869,124.869362,1,1,2,car,0.8300000000000001,0.676,0.395,0.093,0.085
1,124870,124.869837,1,2,2,car,0.8200000000000001,0.435,0.375,0.077,0.069
1,124870,124.870320,1,3,2,car,0.59,0.603,0.362,0.049,0.041
1,125069,125.069386,2,0,2,car,0.89,0.245,0.41100000000000003,0.23700000000000002,0.188
1,125070,125.069869,2,1,2,car,0.84,0.438,0.369,0.074,0.066
1,125070,125.070328,2,2,2,car,0.81,0.675,0.386,0.094,0.082
1,125071,125.070836,2,3,2,car,0.52,0.603,0.357,0.047,0.035
1,125270,125.269893,3,0,2,car,0.91,0.26,0.405,0.221,0.17300000000000001
1,125270,125.270417,3,1,2,car,0.86,0.439,0.365,0.07200000000000001,0.062
1,125271,125.270819,3,2,2,car,0.8200000000000001,0.671,0.381,0.091,0.079
1,125271,125.271212,3,3,2,car,0.64,0.601,0.353,0.046,0.04
1,125272,125.271605,3,4,2,car,0.55,0.547,0.391,0.096,0.097
1,125272,125.271982,3,5,3,motorcycle,0.5,0.537,0.452,0.046,0.081
1,125469,125.469082,4,0,2,car,0.91,0.273,0.406,0.203,0.167
1,125469,125.469459,4,1,2,car,0.84,0.667,0.379,0.089,0.074
1,125470,125.469860,4,2,2,car,0.81,0.441,0.365,0.07,0.064
1,125470,125.470220,4,3,2,car,0.58,0.6,0.356,0.042,0.035
1,125471,125.470597,4,4,2,car,0.5700000000000001,0.546,0.405,0.097,0.105
1,125669,125.668754,5,0,2,car,0.91,0.28800000000000003,0.398,0.191,0.151
1,125669,125.669245,5,1,2,car,0.79,0.442,0.362,0.068,0.062
1,125670,125.669745,5,2,2,car,0.77,0.664,0.374,0.083,0.07200000000000001
1,125670,125.670212,5,3,2,car,0.6900000000000001,0.542,0.396,0.10200000000000001,0.091
1,125671,125.670605,5,4,2,car,0.55,0.6,0.34900000000000003,0.036000000000000004,0.032
1,125671,125.670982,5,5,0,person,0.54,0.84,0.341,0.028,0.07
1,125869,125.868794,6,0,2,car,0.93,0.301,0.397,0.177,0.148
1,125869,125.869294,6,1,2,car,0.79,0.662,0.375,0.081,0.073
1,125870,125.869785,6,2,2,car,0.77,0.444,0.361,0.065,0.06
1,125870,125.870252,6,3,2,car,0.66,0.536,0.386,0.113,0.095
1,125871,125.870645,6,4,2,car,0.52,0.598,0.34900000000000003,0.039,0.032
1,126069,126.069309,7,0,2,car,0.92,0.313,0.398,0.167,0.135
1,126070,126.069785,7,1,2,car,0.8200000000000001,0.66,0.379,0.08,0.07200000000000001
1,126070,126.070276,7,2,2,car,0.74,0.446,0.364,0.065,0.058
1,126071,126.070645,7,3,2,car,0.73,0.532,0.393,0.121,0.1
1,126071,126.071013,7,4,2,car,0.5,0.773,0.369,0.032,0.052000000000000005
1,126268,126.268031,8,0,2,car,0.93,0.326,0.399,0.157,0.133
1,126269,126.268523,8,1,2,car,0.74,0.659,0.378,0.077,0.07200000000000001
1,126269,126.269022,8,2,2,car,0.73,0.448,0.362,0.061,0.055
1,126269,126.269489,8,3,2,car,0.68,0.549,0.395,0.089,0.097
1,126468,126.467588,9,0,2,car,0.92,0.333,0.396,0.149,0.124
1,126468,126.467965,9,1,2,car,0.8,0.658,0.374,0.075,0.066
1,126468,126.468358,9,2,2,car,0.6900000000000001,0.55,0.4,0.089,0.089
1,126469,126.468768,9,3,2,car,0.67,0.453,0.365,0.066,0.061
1,126669,126.669079,10,0,2,car,0.93,0.34,0.392,0.14200000000000002,0.122
1,126670,126.669586,10,1,2,car,0.84,0.545,0.404,0.098,0.083
1,126670,126.670086,10,2,2,car,0.6900000000000001,0.654,0.372,0.07100000000000001,0.066
1,126671,126.670553,10,3,2,car,0.64,0.458,0.38,0.076,0.08700000000000001
1,126869,126.868922,11,0,2,car,0.87,0.34700000000000003,0.384,0.134,0.11
1,126869,126.869422,11,1,2,car,0.84,0.544,0.403,0.099,0.08
1,126870,126.869914,11,2,2,car,0.7000000000000001,0.654,0.369,0.069,0.068
1,126870,126.870405,11,3,2,car,0.65,0.446,0.385,0.07200000000000001,0.092
1,127069,127.068955,12,0,2,car,0.81,0.34500000000000003,0.377,0.114,0.10300000000000001
1,127070,127.069594,12,1,2,car,0.76,0.544,0.398,0.098,0.076
1,127070,127.070126,12,2,2,car,0.62,0.65,0.367,0.07200000000000001,0.07
1,127071,127.070618,12,3,2,car,0.6,0.445,0.364,0.084,0.064
1,127071,127.071109,12,4,2,car,0.51,0.46,0.357,0.052000000000000005,0.05
1,127268,127.267971,13,0,2,car,0.81,0.544,0.386,0.1,0.105
1,127268,127.268463,13,1,2,car,0.75,0.648,0.368,0.07,0.068
1,127269,127.268938,13,2,2,car,0.73,0.364,0.386,0.14200000000000002,0.11800000000000001
1,127269,127.269405,13,3,2,car,0.71,0.46,0.359,0.054,0.05
1,127467,127.467315,14,0,2,car,0.8200000000000001,0.647,0.366,0.07200000000000001,0.067
1,127468,127.467725,14,1,2,car,0.79,0.547,0.39,0.1,0.10300000000000001
1,127468,127.468118,14,2,2,car,0.77,0.34900000000000003,0.376,0.084,0.095
1,127469,127.468511,14,3,2,car,0.65,0.46,0.359,0.048,0.049
1,127469,127.468880,14,4,2,car,0.5700000000000001,0.978,0.40700000000000003,0.044,0.211
1,127668,127.668134,15,0,2,car,0.8300000000000001,0.549,0.394,0.101,0.10200000000000001
1,127669,127.668535,15,1,2,car,0.77,0.462,0.361,0.053,0.046
1,127669,127.668937,15,2,2,car,0.74,0.648,0.371,0.068,0.063
1,127669,127.669404,15,3,2,car,0.67,0.389,0.385,0.085,0.084
1,127868,127.868420,0,0,2,car,0.84,0.549,0.399,0.1,0.108
1,127869,127.868936,0,1,2,car,0.78,0.463,0.364,0.054,0.049
1,127869,127.869411,0,2,2,car,0.71,0.969,0.421,0.062,0.17500000000000002
1,127870,127.869895,0,3,2,car,0.71,0.381,0.382,0.107,0.096
1,127870,127.870362,0,4,2,car,0.68,0.647,0.375,0.067,0.065
1,128069,128.068878,1,0,2,car,0.85,0.55,0.396,0.101,0.108
1,128070,128.069771,1,1,2,car,0.8,0.646,0.374,0.07,0.063
1,128070,128.070271,1,2,2,car,0.78,0.466,0.365,0.054,0.047
1,128071,128.070754,1,3,2,car,0.71,0.963,0.424,0.073,0.155
1,128071,128.071205,1,4,2,car,0.59,0.4,0.378,0.078,0.091
1,128268,128.268050,2,0,2,car,0.85,0.55,0.394,0.10400000000000001,0.109
1,128269,128.268559,2,1,2,car,0.8200000000000001,0.9590000000000001,0.419,0.082,0.14100000000000001
1,128269,128.269025,2,2,2,car,0.79,0.46900000000000003,0.362,0.053,0.048
1,128269,128.269476,2,3,2,car,0.77,0.646,0.372,0.069,0.062
1,128270,128.269959,2,4,2,car,0.6900000000000001,0.4,0.378,0.088,0.09
1,128468,128.468255,3,0,2,car,0.8200000000000001,0.644,0.367,0.067,0.062
1,128469,128.468853,3,1,2,car,0.8200000000000001,0.9510000000000001,0.41300000000000003,0.096,0.137
1,128469,128.469361,3,2,2,car,0.8,0.551,0.389,0.10200000000000001,0.108
1,128470,128.469795,3,3,2,car,0.73,0.4,0.37,0.092,0.085
1,128470,128.470434,3,4,2,car,0.67,0.47000000000000003,0.358,0.048,0.049
1,128668,128.668238,4,0,2,car,0.88,0.9450000000000001,0.40900000000000003,0.109,0.134
1,128669,128.668770,4,1,2,car,0.84,0.643,0.366,0.065,0.063
1,128669,128.669270,4,2,2,car,0.78,0.551,0.393,0.10300000000000001,0.099
1,128670,128.669762,4,3,2,car,0.72,0.4,0.369,0.096,0.085
1,128670,128.670220,4,4,2,car,0.6900000000000001,0.47100000000000003,0.358,0.047,0.048
1,128869,128.868704,5,0,2,car,0.91,0.9390000000000001,0.40800000000000003,0.121,0.127
1,128869,128.869245,5,1,2,car,0.8300000000000001,0.642,0.366,0.062,0.062
1,128870,128.869736,5,2,2,car,0.79,0.549,0.389,0.10200000000000001,0.11
1,128870,128.870228,5,3,2,car,0.75,0.403,0.371,0.097,0.084
1,128871,128.870613,5,4,2,car,0.64,0.47100000000000003,0.357,0.047,0.044
1,128871,128.871023,5,5,0,person,0.6,0.321,0.372,0.061,0.138
1,129068,129.068040,6,0,2,car,0.87,0.936,0.406,0.127,0.121
1,129069,129.068548,6,1,2,car,0.78,0.55,0.402,0.105,0.088
1,129069,129.068999,6,2,2,car,0.77,0.64,0.37,0.06,0.059000000000000004
1,129069,129.069458,6,3,0,person,0.68,0.317,0.376,0.06,0.14300000000000002
1,129070,129.069916,6,4,2,car,0.62,0.47300000000000003,0.361,0.046,0.046
1,129070,129.070293,6,5,2,car,0.5700000000000001,0.41100000000000003,0.367,0.084,0.074
1,129268,129.267827,7,0,2,car,0.9,0.93,0.40800000000000003,0.138,0.121
1,129268,129.268253,7,1,2,car,0.81,0.41100000000000003,0.374,0.09,0.08
1,129269,129.268621,7,2,2,car,0.71,0.549,0.397,0.107,0.10300000000000001
1,129269,129.269015,7,3,2,car,0.7000000000000001,0.638,0.375,0.06,0.06
1,129269,129.269408,7,4,0,person,0.55,0.734,0.36,0.027,0.083
1,129270,129.269785,7,5,2,car,0.53,0.47300000000000003,0.366,0.044,0.039
1,129469,129.468588,8,0,2,car,0.87,0.922,0.41200000000000003,0.152,0.12
1,129469,129.469489,8,1,2,car,0.8,0.637,0.384,0.063,0.062
1,129470,129.470030,8,2,2,car,0.76,0.417,0.382,0.08600000000000001,0.074
1,129471,129.470538,8,3,2,car,0.75,0.55,0.41500000000000004,0.107,0.08700000000000001
1,129471,129.470997,8,4,2,car,0.63,0.47500000000000003,0.372,0.044,0.039
1,129471,129.471406,8,5,0,person,0.59,0.736,0.368,0.028,0.082
1,129472,129.471816,8,6,0,person,0.55,0.314,0.384,0.06,0.14400000000000002
1,129667,129.667318,9,0,2,car,0.85,0.921,0.41300000000000003,0.154,0.117
1,129668,129.667801,9,1,2,car,0.78,0.42,0.382,0.08600000000000001,0.073
1,129668,129.668260,9,2,2,car,0.74,0.55,0.41300000000000003,0.111,0.095
1,129669,129.668645,9,3,0,person,0.66,0.316,0.387,0.059000000000000004,0.137
1,129669,129.669096,9,4,2,car,0.62,0.631,0.385,0.074,0.06
1,129669,129.669472,9,5,0,person,0.61,0.737,0.376,0.029,0.076
1,129670,129.669849,9,6,2,car,0.5700000000000001,0.47900000000000004,0.377,0.044,0.043000000000000003
1,129868,129.867948,10,0,2,car,0.91,0.919,0.418,0.159,0.123
1,129868,129.868423,10,1,2,car,0.75,0.636,0.389,0.061,0.059000000000000004
1,129869,129.868906,10,2,2,car,0.74,0.423,0.384,0.081,0.073
1,129869,129.869365,10,3,0,person,0.73,0.313,0.388,0.057,0.137
1,129870,129.869816,10,4,2,car,0.71,0.549,0.41100000000000003,0.112,0.105
1,129870,129.870193,10,5,0,person,0.53,0.735,0.383,0.029,0.06
1,129871,129.870586,10,6,2,car,0.52,0.483,0.38,0.052000000000000005,0.042
1,130068,130.068144,11,0,2,car,0.88,0.914,0.41600000000000004,0.162,0.125
1,130069,130.069176,11,1,2,car,0.81,0.551,0.41200000000000003,0.112,0.108
1,130070,130.069963,11,2,2,car,0.78,0.425,0.386,0.082,0.07100000000000001
1,130070,130.070430,11,3,0,person,0.76,0.314,0.389,0.061,0.135
1,130071,130.070921,11,4,2,car,0.7000000000000001,0.629,0.388,0.075,0.061
1,130071,130.071380,11,5,2,car,0.52,0.483,0.378,0.046,0.041
1,130267,130.266653,12,0,2,car,0.88,0.908,0.41400000000000003,0.164,0.122
1,130267,130.267144,12,1,2,car,0.79,0.429,0.382,0.077,0.07100000000000001
1,130268,130.267611,12,2,2,car,0.72,0.551,0.40900000000000003,0.112,0.109
1,130268,130.268095,12,3,2,car,0.7000000000000001,0.634,0.386,0.063,0.06
1,130269,130.268570,12,4,0,person,0.53,0.317,0.384,0.063,0.13
1,130468,130.468200,13,0,2,car,0.87,0.433,0.38,0.073,0.073
1,130469,130.468766,13,1,2,car,0.85,0.899,0.40900000000000003,0.16,0.111
1,130469,130.469429,13,2,2,car,0.77,0.969,0.547,0.062,0.253
1,130470,130.469954,13,3,2,car,0.75,0.55,0.40700000000000003,0.11,0.113
1,130470,130.470363,13,4,2,car,0.67,0.635,0.383,0.06,0.059000000000000004
1,130471,130.470806,13,5,0,person,0.62,0.315,0.383,0.057,0.128
1,130471,130.471182,13,6,2,car,0.5700000000000001,0.482,0.371,0.035,0.041
1,130668,130.667848,14,0,2,car,0.85,0.891,0.41200000000000003,0.151,0.105
1,130668,130.668364,14,1,2,car,0.84,0.435,0.382,0.07200000000000001,0.065
1,130669,130.668864,14,2,2,car,0.77,0.549,0.40800000000000003,0.109,0.116
1,130669,130.669331,14,3,2,car,0.77,0.9550000000000001,0.56,0.089,0.222
1,130670,130.669814,14,4,2,car,0.72,0.636,0.384,0.059000000000000004,0.06
1,130670,130.670182,14,5,0,person,0.6,0.316,0.38,0.054,0.123
1,130671,130.670551,14,6,2,car,0.5,0.485,0.373,0.038,0.045
1,130868,130.868298,15,0,2,car,0.86,0.437,0.383,0.075,0.064
1,130869,130.868822,15,1,2,car,0.77,0.883,0.41400000000000003,0.146,0.098
1,130869,130.869314,15,2,2,car,0.75,0.9430000000000001,0.523,0.114,0.256
1,130870,130.869813,15,3,2,car,0.75,0.635,0.384,0.059000000000000004,0.057
1,130870,130.870305,15,4,2,car,0.75,0.549,0.41100000000000003,0.109,0.112
1,130871,130.870698,15,5,2,car,0.54,0.489,0.371,0.036000000000000004,0.039
1,130871,130.871091,15,6,3,motorcycle,0.53,0.316,0.419,0.055,0.108
1,130871,130.871493,15,7,0,person,0.51,0.728,0.384,0.019,0.046
1,131068,131.067568,0,0,2,car,0.9,0.933,0.492,0.134,0.281
1,131068,131.068076,0,1,2,car,0.8200000000000001,0.438,0.378,0.07100000000000001,0.063
1,131069,131.068551,0,2,2,car,0.81,0.877,0.40900000000000003,0.14200000000000002,0.099
1,131069,131.069002,0,3,2,car,0.78,0.549,0.404,0.111,0.11
1,131069,131.069461,0,4,2,car,0.74,0.634,0.376,0.058,0.059000000000000004
1,131070,131.069854,0,5,0,person,0.6,0.32,0.38,0.044,0.132
1,131070,131.070239,0,6,0,person,0.58,0.727,0.379,0.02,0.04
1,131267,131.267019,1,0,2,car,0.89,0.925,0.491,0.15,0.258
1,131268,131.267527,1,1,2,car,0.8200000000000001,0.864,0.41000000000000003,0.127,0.098
1,131268,131.268002,1,2,2,car,0.8,0.547,0.40800000000000003,0.11,0.113
1,131268,131.268461,1,3,2,car,0.79,0.44,0.381,0.07,0.059000000000000004
1,131269,131.268919,1,4,2,car,0.74,0.633,0.381,0.054,0.057
1,131269,131.269313,1,5,2,car,0.55,0.488,0.377,0.037,0.057
1,131270,131.269730,1,6,3,motorcycle,0.54,0.319,0.43,0.044,0.062
1,131270,131.270124,1,7,0,person,0.52,0.326,0.382,0.04,0.116
1,131468,131.468091,2,0,2,car,0.9,0.916,0.525,0.166,0.337
1,131469,131.468943,2,1,2,car,0.8300000000000001,0.85,0.40800000000000003,0.123,0.092
1,131469,131.469451,2,2,2,car,0.8200000000000001,0.547,0.40700000000000003,0.111,0.111
1,131470,131.469951,2,3,2,car,0.81,0.444,0.379,0.062,0.06
1,131470,131.470443,2,4,2,car,0.6900000000000001,0.634,0.379,0.056,0.055
1,131471,131.470819,2,5,2,car,0.61,0.492,0.376,0.038,0.055
1,131471,131.471188,2,6,3,motorcycle,0.58,0.324,0.423,0.046,0.076
1,131472,131.471565,2,7,0,person,0.53,0.326,0.382,0.047,0.111
1,131668,131.667870,3,0,2,car,0.92,0.909,0.51,0.18,0.303
1,131668,131.668370,3,1,2,car,0.81,0.842,0.40900000000000003,0.107,0.091
1,131669,131.668869,3,2,2,car,0.81,0.546,0.41300000000000003,0.11,0.106
1,131669,131.669271,3,3,2,car,0.76,0.444,0.379,0.065,0.06
1,131670,131.669656,3,4,2,car,0.72,0.633,0.38,0.054,0.055
1,131670,131.670033,3,5,3,motorcycle,0.64,0.326,0.425,0.035,0.062
1,131670,131.670418,3,6,0,person,0.53,0.332,0.386,0.051000000000000004,0.127
1,131671,131.670786,3,7,2,car,0.53,0.493,0.372,0.033,0.048
1,131867,131.866870,4,0,2,car,0.91,0.903,0.502,0.192,0.28700000000000003
1,131867,131.867361,4,1,2,car,0.81,0.543,0.41400000000000003,0.109,0.107
1,131868,131.867828,4,2,2,car,0.76,0.8290000000000001,0.403,0.091,0.088
1,131868,131.868287,4,3,2,car,0.73,0.44,0.377,0.07100000000000001,0.059000000000000004
1,131869,131.868787,4,4,2,car,0.66,0.634,0.379,0.058,0.056
1,131869,131.869180,4,5,3,motorcycle,0.64,0.333,0.417,0.044,0.08
1,131870,131.869557,4,6,0,person,0.62,0.336,0.376,0.051000000000000004,0.107
1,131870,131.869942,4,7,2,car,0.53,0.493,0.376,0.038,0.053
1,132068,132.067959,5,0,2,car,0.87,0.898,0.488,0.202,0.265
1,132069,132.068860,5,1,2,car,0.78,0.8230000000000001,0.4,0.085,0.08600000000000001
1,132069,132.069384,5,2,2,car,0.78,0.541,0.41200000000000003,0.108,0.105
1,132070,132.069892,5,3,0,person,0.73,0.337,0.377,0.048,0.117
1,132070,132.070359,5,4,2,car,0.67,0.444,0.376,0.065,0.059000000000000004
1,132071,132.070793,5,5,3,motorcycle,0.63,0.334,0.41100000000000003,0.044,0.09
1,132266,132.266402,6,0,2,car,0.86,0.894,0.47200000000000003,0.212,0.266
1,132267,132.266795,6,1,2,car,0.78,0.54,0.417,0.107,0.099
1,132267,132.267205,6,2,2,car,0.6900000000000001,0.444,0.375,0.062,0.058
1,132268,132.267573,6,3,2,car,0.6900000000000001,0.8140000000000001,0.398,0.081,0.08
1,132268,132.267942,6,4,3,motorcycle,0.62,0.338,0.41100000000000003,0.046,0.08700000000000001
1,132268,132.268319,6,5,0,person,0.5700000000000001,0.341,0.382,0.043000000000000003,0.111
1,132269,132.268696,6,6,2,car,0.53,0.628,0.383,0.053,0.05
1,132467,132.467139,7,0,2,car,0.84,0.888,0.488,0.223,0.272
1,132468,132.467581,7,1,2,car,0.8300000000000001,0.539,0.406,0.107,0.113
1,132468,132.468048,7,2,2,car,0.75,0.808,0.397,0.075,0.078
1,132468,132.468441,7,3,2,car,0.74,0.446,0.371,0.062,0.058
1,132469,132.468818,7,4,2,car,0.58,0.628,0.377,0.05,0.047
1,132469,132.469203,7,5,3,motorcycle,0.58,0.341,0.4,0.047,0.099
1,132667,132.666638,8,0,2,car,0.89,0.885,0.481,0.226,0.242
1,132667,132.667130,8,1,2,car,0.8300000000000001,0.539,0.406,0.106,0.11
1,132668,132.667581,8,2,2,car,0.77,0.444,0.371,0.063,0.058
1,132668,132.668047,8,3,0,person,0.64,0.34700000000000003,0.384,0.042,0.117
1,132866,132.866441,9,0,2,car,0.92,0.88,0.47300000000000003,0.231,0.24
1,132867,132.866925,9,1,2,car,0.8200000000000001,0.447,0.365,0.063,0.056
1,132867,132.867416,9,2,2,car,0.72,0.538,0.404,0.10400000000000001,0.111
1,133066,133.065654,10,0,2,car,0.89,0.877,0.46900000000000003,0.23800000000000002,0.226
1,133066,133.066146,10,1,2,car,0.8,0.443,0.37,0.058,0.058
1,133067,133.066621,10,2,2,car,0.77,0.537,0.406,0.107,0.106
1,133266,133.266301,11,0,2,car,0.91,0.875,0.464,0.24,0.211
1,133267,133.266834,11,1,2,car,0.81,0.534,0.401,0.11800000000000001,0.108
1,133267,133.267309,11,2,2,car,0.81,0.442,0.369,0.057,0.058
1,133466,133.466186,12,0,2,car,0.91,0.874,0.458,0.245,0.212
1,133467,133.467030,12,1,2,car,0.8,0.534,0.402,0.112,0.113
1,133468,133.467529,12,2,2,car,0.5700000000000001,0.444,0.364,0.058,0.057
1,133666,133.666062,13,0,2,car,0.91,0.871,0.452,0.255,0.209
1,133666,133.666488,13,1,2,car,0.81,0.536,0.398,0.109,0.112
1,133667,133.666964,13,2,2,car,0.66,0.441,0.362,0.062,0.058
1,133667,133.667332,13,3,2,car,0.59,0.623,0.37,0.056,0.056
1,133668,133.667750,13,4,2,car,0.51,0.66,0.371,0.031,0.041
1,133866,133.865521,14,0,2,car,0.92,0.867,0.448,0.258,0.21
1,133866,133.865996,14,1,2,car,0.75,0.534,0.393,0.107,0.111
1,133866,133.866488,14,2,2,car,0.71,0.44,0.359,0.063,0.054
1,133867,133.866947,14,3,2,car,0.59,0.613,0.37,0.073,0.053
1,133867,133.867422,14,4,2,car,0.51,0.66,0.369,0.034,0.045
1,134066,134.066020,15,0,2,car,0.91,0.863,0.444,0.257,0.20400000000000001
1,134066,134.066496,15,1,2,car,0.8,0.536,0.388,0.105,0.109
1,134067,134.067020,15,2,2,car,0.65,0.441,0.359,0.066,0.054
1,134068,134.067503,15,3,3,motorcycle,0.58,0.355,0.39,0.038,0.068
1,134068,134.067970,15,4,2,car,0.5,0.62,0.367,0.067,0.05
1,134068,134.068372,15,5,0,person,0.5,0.709,0.372,0.025,0.041
1,134265,134.265234,0,0,2,car,0.91,0.864,0.451,0.266,0.20600000000000002
1,134266,134.265741,0,1,2,car,0.77,0.535,0.394,0.10300000000000001,0.107
1,134266,134.266233,0,2,2,car,0.64,0.444,0.367,0.06,0.054
1,134267,134.266741,0,3,3,motorcycle,0.54,0.355,0.397,0.035,0.066
1,134267,134.267134,0,4,2,car,0.52,0.623,0.378,0.053,0.052000000000000005
1,134466,134.466241,1,0,2,car,0.9,0.86,0.453,0.264,0.20500000000000002
1,134467,134.466921,1,1,2,car,0.84,0.537,0.395,0.10300000000000001,0.10400000000000001
1,134467,134.467453,1,2,2,car,0.64,0.443,0.372,0.062,0.056
1,134468,134.467945,1,3,2,car,0.62,0.623,0.38,0.058,0.055
1,134665,134.664536,2,0,2,car,0.92,0.852,0.448,0.257,0.20400000000000001
1,134665,134.665011,2,1,2,car,0.75,0.537,0.394,0.10200000000000001,0.10200000000000001
1,134665,134.665405,2,2,2,car,0.63,0.442,0.372,0.064,0.058
1,134866,134.866002,3,0,2,car,0.91,0.843,0.443,0.246,0.187
1,134866,134.866485,3,1,2,car,0.76,0.537,0.395,0.101,0.10400000000000001
1,134867,134.866993,3,2,2,car,0.66,0.624,0.386,0.062,0.057
1,134867,134.867460,3,3,3,motorcycle,0.58,0.357,0.385,0.036000000000000004,0.10200000000000001
1,134868,134.867935,3,4,2,car,0.54,0.446,0.373,0.067,0.068
1,135066,135.065952,4,0,2,car,0.91,0.838,0.445,0.23900000000000002,0.195
1,135067,135.066829,4,1,2,car,0.76,0.536,0.398,0.1,0.097
1,135067,135.067361,4,2,2,car,0.67,0.445,0.383,0.06,0.057
1,135068,135.067853,4,3,2,car,0.58,0.624,0.389,0.067,0.052000000000000005
1,135266,135.265714,5,0,2,car,0.93,0.833,0.438,0.23600000000000002,0.193
1,135267,135.266525,5,1,2,car,0.72,0.537,0.392,0.10200000000000001,0.099
1,135267,135.267066,5,2,2,car,0.63,0.622,0.388,0.073,0.05
1,135268,135.267582,5,3,2,car,0.62,0.445,0.377,0.067,0.056
1,135466,135.465657,6,0,2,car,0.93,0.8310000000000001,0.442,0.23500000000000001,0.191
1,135466,135.466467,6,1,2,car,0.7000000000000001,0.45,0.388,0.07,0.057
1,135467,135.466967,6,2,2,car,0.67,0.538,0.406,0.10200000000000001,0.085
1,135467,135.467450,6,3,2,car,0.64,0.627,0.393,0.068,0.056
1,135468,135.467926,6,4,0,person,0.5700000000000001,0.356,0.381,0.036000000000000004,0.101
1,135665,135.664583,7,0,2,car,0.92,0.8310000000000001,0.453,0.23600000000000002,0.188
1,135665,135.665041,7,1,2,car,0.6900000000000001,0.629,0.405,0.074,0.06
1,135666,135.665517,7,2,2,car,0.6900000000000001,0.538,0.41000000000000003,0.101,0.095
1,135666,135.666000,7,3,2,car,0.54,0.453,0.406,0.075,0.068
1,135666,135.666483,7,4,0,person,0.52,0.356,0.388,0.036000000000000004,0.105
1,135865,135.864918,8,0,2,car,0.92,0.8320000000000001,0.456,0.23600000000000002,0.194
1,135865,135.865443,8,1,2,car,0.78,0.537,0.40700000000000003,0.1,0.095
1,135866,135.865917,8,2,2,car,0.66,0.637,0.406,0.063,0.059000000000000004
1,135866,135.866393,8,3,0,person,0.62,0.355,0.389,0.039,0.106
1,136066,136.065720,9,0,2,car,0.92,0.834,0.456,0.23800000000000002,0.193
1,136066,136.066482,9,1,2,car,0.74,0.537,0.406,0.101,0.089
1,136067,136.066982,9,2,2,car,0.6900000000000001,0.454,0.403,0.062,0.052000000000000005
1,136067,136.067441,9,3,2,car,0.55,0.638,0.41100000000000003,0.063,0.057
1,136265,136.265368,10,0,2,car,0.92,0.841,0.464,0.246,0.198
1,136266,136.265876,10,1,2,car,0.67,0.538,0.41300000000000003,0.1,0.1
1,136266,136.266293,10,2,2,car,0.55,0.639,0.418,0.07,0.05
1,136267,136.266662,10,3,2,car,0.55,0.455,0.41200000000000003,0.064,0.056
1,136466,136.465515,11,0,2,car,0.92,0.847,0.47100000000000003,0.25,0.20400000000000001
1,136466,136.466293,11,1,2,car,0.6900000000000001,0.539,0.42,0.10300000000000001,0.089
1,136467,136.466825,11,2,2,car,0.68,0.653,0.426,0.08600000000000001,0.055
1,136467,136.467300,11,3,2,car,0.64,0.454,0.41400000000000003,0.06,0.053
1,136665,136.665023,12,0,2,car,0.92,0.854,0.47100000000000003,0.26,0.20800000000000002
1,136666,136.665530,12,1,2,car,0.73,0.539,0.419,0.10300000000000001,0.10400000000000001
1,136666,136.665998,12,2,0,person,0.66,0.359,0.403,0.041,0.101
1,136666,136.666489,12,3,2,car,0.64,0.453,0.41100000000000003,0.062,0.057
1,136667,136.666882,12,4,2,car,0.53,0.644,0.42,0.066,0.059000000000000004
1,136865,136.865382,13,0,2,car,0.9,0.863,0.459,0.271,0.203
1,136866,136.865907,13,1,2,car,0.84,0.538,0.41500000000000004,0.10400000000000001,0.112
1,136866,136.866390,13,2,2,car,0.73,0.652,0.41200000000000003,0.09,0.062
1,136867,136.866808,13,3,2,car,0.68,0.456,0.402,0.062,0.055
1,136867,136.867275,13,4,0,person,0.61,0.358,0.395,0.036000000000000004,0.1
1,137065,137.064604,14,0,2,car,0.92,0.866,0.447,0.261,0.198
1,137065,137.065104,14,1,2,car,0.72,0.54,0.404,0.109,0.099
1,137066,137.065587,14,2,2,car,0.7000000000000001,0.453,0.397,0.061,0.054
1,137066,137.066046,14,3,2,car,0.65,0.656,0.40700000000000003,0.092,0.064
1,137265,137.265201,15,0,2,car,0.91,0.869,0.456,0.256,0.201
1,137266,137.266070,15,1,2,car,0.72,0.538,0.41000000000000003,0.106,0.10300000000000001
1,137267,137.266963,15,2,2,car,0.68,0.447,0.401,0.053,0.052000000000000005
1,137267,137.267479,15,3,2,car,0.61,0.653,0.41100000000000003,0.082,0.064
1,137465,137.465094,0,0,2,car,0.91,0.871,0.466,0.252,0.215
1,137466,137.465979,0,1,2,car,0.74,0.539,0.41000000000000003,0.107,0.10400000000000001
1,137466,137.466479,0,2,2,car,0.68,0.649,0.41300000000000003,0.075,0.062
1,137467,137.466954,0,3,2,car,0.63,0.442,0.406,0.054,0.057
1,137664,137.664291,1,0,2,car,0.91,0.875,0.467,0.248,0.219
1,137665,137.664815,1,1,2,car,0.79,0.538,0.41300000000000003,0.112,0.113
1,137665,137.665315,1,2,2,car,0.7000000000000001,0.437,0.405,0.055,0.055
1,137666,137.665782,1,3,2,car,0.65,0.658,0.41200000000000003,0.093,0.065
1,137666,137.666159,1,4,2,car,0.55,0.03,0.583,0.059000000000000004,0.366
1,137865,137.864921,2,0,2,car,0.9,0.874,0.467,0.25,0.226
1,137866,137.865650,2,1,2,car,0.79,0.43,0.399,0.054,0.055
1,137866,137.866166,2,2,2,car,0.76,0.536,0.41200000000000003,0.111,0.111
1,137867,137.866576,2,3,2,car,0.63,0.654,0.40900000000000003,0.077,0.069
1,138065,138.065207,3,0,2,car,0.88,0.875,0.468,0.247,0.23
1,138066,138.066043,3,1,2,car,0.79,0.535,0.41300000000000003,0.115,0.115
1,138067,138.066567,3,2,2,car,0.79,0.05,0.551,0.101,0.331
1,138067,138.067059,3,3,2,car,0.71,0.422,0.399,0.055,0.056
1,138067,138.067460,3,4,2,car,0.61,0.652,0.40900000000000003,0.079,0.069
1,138265,138.264994,4,0,2,car,0.89,0.873,0.462,0.25,0.232
1,138266,138.265846,4,1,2,car,0.84,0.533,0.406,0.114,0.117
1,138266,138.266370,4,2,2,car,0.76,0.063,0.53,0.127,0.41400000000000003
1,138267,138.266870,4,3,2,car,0.73,0.41400000000000003,0.393,0.054,0.055
1,138267,138.267271,4,4,2,car,0.6900000000000001,0.639,0.403,0.106,0.073
1,138268,138.267648,4,5,0,person,0.58,0.35100000000000003,0.389,0.037,0.106
1,138465,138.465100,5,0,2,car,0.89,0.871,0.46,0.252,0.231
1,138466,138.465616,5,1,2,car,0.85,0.07100000000000001,0.524,0.14200000000000002,0.41500000000000004
1,138466,138.466124,5,2,2,car,0.8300000000000001,0.533,0.406,0.114,0.116
1,138467,138.466591,5,3,2,car,0.75,0.405,0.392,0.059000000000000004,0.056
1,138467,138.467058,5,4,2,car,0.67,0.654,0.403,0.077,0.07200000000000001
1,138467,138.467443,5,5,0,person,0.63,0.356,0.39,0.036000000000000004,0.111
1,138664,138.664444,6,0,2,car,0.89,0.87,0.465,0.255,0.229
1,138665,138.665173,6,1,2,car,0.88,0.535,0.417,0.114,0.124
1,138666,138.665656,6,2,2,car,0.79,0.08,0.54,0.161,0.456
1,138666,138.666123,6,3,2,car,0.7000000000000001,0.655,0.40800000000000003,0.079,0.07200000000000001
1,138666,138.666484,6,4,2,car,0.54,0.397,0.397,0.056,0.054
1,138865,138.864870,7,0,2,car,0.88,0.869,0.462,0.256,0.227
1,138866,138.865738,7,1,2,car,0.84,0.534,0.417,0.117,0.126
1,138867,138.866573,7,2,2,car,0.76,0.089,0.517,0.178,0.391
1,138867,138.867221,7,3,2,car,0.75,0.659,0.40700000000000003,0.08,0.07200000000000001
1,138868,138.867655,7,4,2,car,0.59,0.606,0.393,0.039,0.044
1,138868,138.868138,7,5,2,car,0.51,0.391,0.395,0.054,0.061
1,139065,139.065123,8,0,2,car,0.9,0.868,0.465,0.261,0.231
1,139066,139.065631,8,1,2,car,0.85,0.537,0.41600000000000004,0.11800000000000001,0.126
1,139066,139.066139,8,2,2,car,0.81,0.097,0.497,0.193,0.359
1,139067,139.066606,8,3,2,car,0.76,0.661,0.404,0.083,0.068
1,139067,139.067073,8,4,0,person,0.63,0.352,0.388,0.038,0.105
1,139067,139.067458,8,5,2,car,0.62,0.389,0.39,0.053,0.054
1,139068,139.067851,8,6,2,car,0.55,0.606,0.393,0.045,0.042
1,139264,139.264393,9,0,2,car,0.9,0.867,0.459,0.262,0.20400000000000001
1,139265,139.265122,9,1,2,car,0.87,0.539,0.422,0.115,0.125
1,139266,139.265630,9,2,2,car,0.79,0.662,0.40700000000000003,0.081,0.07100000000000001
1,139266,139.266130,9,3,2,car,0.76,0.10400000000000001,0.523,0.20800000000000002,0.41200000000000003
1,139267,139.266507,9,4,2,car,0.62,0.383,0.394,0.052000000000000005,0.051000000000000004
1,139267,139.266876,9,5,0,person,0.54,0.34600000000000003,0.398,0.034,0.108
1,139267,139.267269,9,6,2,car,0.51,0.61,0.396,0.04,0.046
1,139464,139.464376,10,0,2,car,0.9,0.865,0.463,0.267,0.201
1,139465,139.465040,10,1,2,car,0.88,0.542,0.428,0.117,0.127
1,139466,139.465540,10,2,2,car,0.77,0.111,0.508,0.222,0.406
1,139466,139.466015,10,3,2,car,0.76,0.667,0.41000000000000003,0.085,0.07100000000000001
1,139466,139.466498,10,4,2,car,0.65,0.377,0.397,0.054,0.056
1,139664,139.664081,11,0,2,car,0.89,0.116,0.506,0.233,0.374
1,139665,139.664556,11,1,2,car,0.88,0.863,0.47200000000000003,0.27,0.211
1,139665,139.665015,11,2,2,car,0.78,0.667,0.41200000000000003,0.083,0.074
1,139666,139.665506,11,3,2,car,0.74,0.544,0.438,0.117,0.116
1,139666,139.666006,11,4,2,car,0.56,0.605,0.389,0.047,0.031
1,139666,139.666408,11,5,2,car,0.53,0.485,0.397,0.041,0.056
1,139667,139.666760,11,6,2,car,0.51,0.368,0.396,0.061,0.056
1,139864,139.864424,12,0,2,car,0.92,0.121,0.497,0.242,0.367
1,139865,139.864933,12,1,2,car,0.9,0.86,0.462,0.267,0.198
1,139865,139.865408,12,2,2,car,0.8200000000000001,0.544,0.428,0.122,0.133
1,139866,139.865891,12,3,2,car,0.81,0.669,0.41000000000000003,0.082,0.075
1,139866,139.866366,12,4,2,car,0.6,0.34900000000000003,0.395,0.08700000000000001,0.066
1,139867,139.866767,12,5,2,car,0.56,0.483,0.398,0.039,0.048
1,140064,140.063883,13,0,2,car,0.92,0.126,0.496,0.251,0.371
1,140064,140.064399,13,1,2,car,0.9,0.852,0.456,0.256,0.189
1,140065,140.064891,13,2,2,car,0.85,0.545,0.425,0.122,0.129
1,140065,140.065341,13,3,2,car,0.74,0.67,0.40800000000000003,0.078,0.07100000000000001
1,140066,140.065759,13,4,2,car,0.73,0.34900000000000003,0.391,0.076,0.064
1,140066,140.066161,13,5,2,car,0.51,0.615,0.391,0.041,0.031
1,140264,140.263588,14,0,2,car,0.9,0.129,0.487,0.259,0.34900000000000003
1,140264,140.264080,14,1,2,car,0.89,0.845,0.456,0.249,0.188
1,140265,140.264538,14,2,2,car,0.89,0.546,0.425,0.123,0.137
1,140265,140.265022,14,3,2,car,0.72,0.34700000000000003,0.389,0.073,0.07200000000000001
1,140265,140.265497,14,4,2,car,0.7000000000000001,0.671,0.406,0.078,0.07
1,140266,140.265898,14,5,2,car,0.55,0.616,0.39,0.041,0.036000000000000004
1,140464,140.464497,15,0,2,car,0.93,0.133,0.481,0.265,0.327
1,140465,140.465283,15,1,2,car,0.91,0.843,0.455,0.248,0.188
1,140466,140.465791,15,2,2,car,0.88,0.546,0.422,0.126,0.137
1,140466,140.466315,15,3,2,car,0.73,0.333,0.388,0.08,0.07100000000000001
1,140467,140.466774,15,4,2,car,0.73,0.672,0.402,0.082,0.07100000000000001
1,140467,140.467167,15,5,2,car,0.61,0.258,0.381,0.051000000000000004,0.075
1,140468,140.467561,15,6,2,car,0.5,0.618,0.397,0.037,0.043000000000000003
1,140663,140.663472,0,0,2,car,0.89,0.134,0.47200000000000003,0.268,0.314
1,140664,140.663947,0,1,2,car,0.88,0.546,0.417,0.126,0.14200000000000002
1,140664,140.664406,0,2,2,car,0.88,0.839,0.45,0.242,0.182
1,140665,140.664857,0,3,2,car,0.77,0.33,0.386,0.076,0.064
1,140665,140.665307,0,4,2,car,0.75,0.67,0.399,0.08,0.065
1,140666,140.665684,0,5,2,car,0.53,0.715,0.392,0.038,0.052000000000000005
1,140666,140.666077,0,6,2,car,0.51,0.481,0.386,0.036000000000000004,0.045
1,140864,140.863955,1,0,2,car,0.89,0.8320000000000001,0.447,0.233,0.183
1,140864,140.864447,1,1,2,car,0.88,0.136,0.47400000000000003,0.272,0.31
1,140865,140.864946,1,2,2,car,0.8,0.327,0.383,0.081,0.069
1,140865,140.865422,1,3,2,car,0.78,0.545,0.42,0.131,0.135
1,140866,140.865896,1,4,2,car,0.66,0.67,0.399,0.08,0.07
1,140866,140.866273,1,5,2,car,0.56,0.48,0.386,0.034,0.045
1,141063,141.063422,2,0,2,car,0.9,0.138,0.46900000000000003,0.275,0.304
1,141064,141.063922,2,1,2,car,0.89,0.8320000000000001,0.447,0.234,0.184
1,141064,141.064389,2,2,2,car,0.8200000000000001,0.546,0.41600000000000004,0.13,0.14200000000000002
1,141065,141.064880,2,3,2,car,0.74,0.681,0.399,0.105,0.07200000000000001
1,141065,141.065347,2,4,2,car,0.68,0.32,0.383,0.082,0.069
1,141066,141.065773,2,5,2,car,0.56,0.47900000000000004,0.385,0.035,0.047
1,141066,141.066166,2,6,2,car,0.52,0.612,0.381,0.048,0.062
1,141264,141.263978,3,0,2,car,0.93,0.8310000000000001,0.444,0.23900000000000002,0.186
1,141265,141.264757,3,1,2,car,0.9,0.138,0.457,0.276,0.278
1,141266,141.265601,3,2,2,car,0.81,0.548,0.41500000000000004,0.131,0.14400000000000002
1,141266,141.266141,3,3,2,car,0.75,0.669,0.398,0.084,0.07
1,141267,141.266649,3,4,2,car,0.62,0.47900000000000004,0.384,0.039,0.048
1,141267,141.267026,3,5,2,car,0.6,0.312,0.382,0.077,0.067
1,141464,141.463626,4,0,2,car,0.92,0.8310000000000001,0.441,0.23800000000000002,0.185
1,141464,141.464117,4,1,2,car,0.86,0.136,0.451,0.271,0.258
1,141465,141.464617,4,2,2,car,0.85,0.547,0.41300000000000003,0.133,0.148
1,141465,141.465092,4,3,2,car,0.68,0.296,0.382,0.097,0.07
1,141466,141.465559,4,4,2,car,0.64,0.666,0.396,0.074,0.067
1,141466,141.465936,4,5,2,car,0.56,0.47600000000000003,0.383,0.035,0.045
1,141663,141.662773,5,0,2,car,0.92,0.8290000000000001,0.431,0.234,0.165
1,141663,141.663142,5,1,2,car,0.89,0.546,0.41100000000000003,0.137,0.15
1,141664,141.663535,5,2,2,car,0.87,0.13,0.448,0.26,0.246
1,141664,141.663912,5,3,2,car,0.75,0.296,0.383,0.08600000000000001,0.074
1,141664,141.664281,5,4,2,car,0.68,0.663,0.396,0.074,0.07
1,141665,141.664641,5,5,2,car,0.63,0.47600000000000003,0.381,0.037,0.047
1,141863,141.863428,6,0,2,car,0.91,0.8270000000000001,0.43,0.23500000000000001,0.164
1,141864,141.863912,6,1,2,car,0.91,0.545,0.41300000000000003,0.139,0.147
1,141864,141.864378,6,2,2,car,0.88,0.122,0.447,0.245,0.248
1,141865,141.864862,6,3,2,car,0.76,0.28800000000000003,0.383,0.093,0.08
1,141865,141.865353,6,4,2,car,0.7000000000000001,0.662,0.395,0.075,0.07
1,141866,141.865746,6,5,2,car,0.51,0.47400000000000003,0.381,0.032,0.047
1,142064,142.064173,7,0,2,car,0.9,0.543,0.41200000000000003,0.139,0.147
1,142065,142.065009,7,1,2,car,0.89,0.8200000000000001,0.424,0.23,0.155
1,142066,142.065525,7,2,2,car,0.87,0.112,0.446,0.224,0.253
1,142066,142.066000,7,3,2,car,0.7000000000000001,0.28200000000000003,0.381,0.098,0.079
1,142066,142.066475,7,4,2,car,0.66,0.662,0.394,0.076,0.065
1,142067,142.066868,7,5,2,car,0.55,0.47800000000000004,0.378,0.038,0.049
1,142067,142.067245,7,6,2,car,0.54,0.906,0.40900000000000003,0.079,0.097
1,142068,142.067638,7,7,2,car,0.54,0.7030000000000001,0.387,0.047,0.046
1,142263,142.262796,8,0,2,car,0.9,0.097,0.458,0.194,0.278
1,142263,142.263214,8,1,2,car,0.89,0.544,0.41100000000000003,0.14,0.15
1,142264,142.263591,8,2,2,car,0.88,0.811,0.422,0.221,0.15
1,142264,142.263968,8,3,2,car,0.79,0.269,0.383,0.095,0.083
1,142264,142.264345,8,4,2,car,0.75,0.673,0.396,0.101,0.068
1,142265,142.264721,8,5,2,car,0.62,0.195,0.378,0.057,0.038
1,142265,142.265098,8,6,2,car,0.59,0.9,0.40700000000000003,0.084,0.098
1,142265,142.265483,8,7,2,car,0.5700000000000001,0.47500000000000003,0.378,0.035,0.048
1,142463,142.462796,9,0,2,car,0.91,0.544,0.41300000000000003,0.139,0.15
1,142463,142.463296,9,1,2,car,0.9,0.081,0.45,0.161,0.266
1,142464,142.463754,9,2,2,car,0.88,0.809,0.424,0.225,0.156
1,142464,142.464213,9,3,2,car,0.8300000000000001,0.257,0.386,0.101,0.091
1,142465,142.464705,9,4,2,car,0.64,0.17300000000000001,0.381,0.075,0.043000000000000003
1,142465,142.465090,9,5,2,car,0.62,0.657,0.398,0.073,0.064
1,142465,142.465466,9,6,2,car,0.52,0.47600000000000003,0.379,0.033,0.05
1,142466,142.465835,9,7,2,car,0.52,0.888,0.41000000000000003,0.088,0.10400000000000001
1,142663,142.662648,10,0,2,car,0.91,0.543,0.41500000000000004,0.136,0.145
1,142663,142.663049,10,1,2,car,0.84,0.063,0.456,0.127,0.265
1,142663,142.663418,10,2,2,car,0.84,0.795,0.425,0.20800000000000002,0.15
1,142664,142.663795,10,3,2,car,0.84,0.246,0.39,0.108,0.09
1,142664,142.664163,10,4,2,car,0.74,0.651,0.399,0.069,0.065
1,142665,142.664540,10,5,2,car,0.6900000000000001,0.155,0.385,0.073,0.043000000000000003
1,142665,142.664909,10,6,2,car,0.56,0.878,0.40900000000000003,0.105,0.105
1,142863,142.863016,11,0,2,car,0.93,0.78,0.43,0.185,0.152
1,142864,142.863516,11,1,2,car,0.91,0.542,0.419,0.135,0.146
1,142864,142.864016,11,2,2,car,0.8,0.878,0.417,0.098,0.105
1,142864,142.864482,11,3,2,car,0.79,0.23600000000000002,0.395,0.115,0.095
1,142865,142.864966,11,4,2,car,0.79,0.045,0.488,0.089,0.318
1,142865,142.865351,11,5,2,car,0.74,0.129,0.389,0.075,0.049
1,142866,142.865760,11,6,2,car,0.67,0.651,0.402,0.07200000000000001,0.066
1,142866,142.866145,11,7,2,car,0.51,0.309,0.394,0.034,0.034
1,143063,143.063335,12,0,2,car,0.91,0.77,0.432,0.176,0.145
1,143064,143.063786,12,1,2,car,0.88,0.541,0.422,0.135,0.14400000000000002
1,143064,143.064244,12,2,2,car,0.8300000000000001,0.22,0.4,0.117,0.098
1,143065,143.064728,12,3,2,car,0.8200000000000001,0.87,0.423,0.108,0.10200000000000001
1,143065,143.065121,12,4,2,car,0.79,0.646,0.405,0.07100000000000001,0.068
1,143065,143.065490,12,5,2,car,0.78,0.10200000000000001,0.39,0.084,0.052000000000000005
1,143066,143.065866,12,6,2,car,0.6,0.02,0.5,0.039,0.189
1,143263,143.263310,13,0,2,car,0.9400000000000001,0.766,0.435,0.17500000000000002,0.14300000000000002
1,143264,143.263973,13,1,2,car,0.87,0.20400000000000001,0.403,0.12,0.101
1,143265,143.264621,13,2,2,car,0.8300000000000001,0.54,0.425,0.135,0.148
1,143265,143.265129,13,3,2,car,0.8200000000000001,0.866,0.422,0.109,0.099
1,143266,143.265628,13,4,2,car,0.77,0.07100000000000001,0.393,0.093,0.055
1,143266,143.266030,13,5,2,car,0.77,0.644,0.406,0.068,0.067
1,143463,143.463424,14,0,2,car,0.92,0.759,0.438,0.17200000000000001,0.14100000000000001
1,143464,143.464276,14,1,2,car,0.86,0.863,0.426,0.11,0.10200000000000001
1,143465,143.464808,14,2,2,car,0.85,0.54,0.431,0.134,0.14
1,143465,143.465292,14,3,2,car,0.79,0.64,0.40900000000000003,0.067,0.065
1,143466,143.465726,14,4,2,car,0.74,0.046,0.395,0.084,0.055
1,143466,143.466095,14,5,2,car,0.65,0.184,0.41400000000000003,0.121,0.095
1,143466,143.466488,14,6,2,car,0.62,0.289,0.402,0.036000000000000004,0.034
1,143467,143.466865,14,7,2,car,0.54,0.47700000000000004,0.396,0.033,0.042
1,143662,143.662260,15,0,2,car,0.91,0.749,0.443,0.163,0.136
1,143663,143.662629,15,1,2,car,0.9,0.856,0.43,0.114,0.098
1,143663,143.662998,15,2,2,car,0.86,0.17,0.41600000000000004,0.137,0.113
1,143663,143.663366,15,3,2,car,0.8,0.539,0.434,0.135,0.139
1,143664,143.663751,15,4,2,car,0.75,0.638,0.41200000000000003,0.066,0.062
1,143664,143.664120,15,5,2,car,0.73,0.024,0.403,0.047,0.06
1,143664,143.664489,15,6,2,car,0.61,0.28,0.406,0.03,0.027
1,143665,143.664841,15,7,2,car,0.55,0.394,0.40700000000000003,0.028,0.025
1,143862,143.862473,0,0,2,car,0.92,0.744,0.444,0.156,0.131
1,143863,143.863267,0,1,2,car,0.91,0.151,0.421,0.149,0.116
1,143864,143.863800,0,2,2,car,0.89,0.85,0.433,0.116,0.097
1,143864,143.864300,0,3,2,car,0.88,0.538,0.439,0.133,0.139
1,143865,143.864767,0,4,2,car,0.8,0.638,0.41600000000000004,0.066,0.063
1,143865,143.865168,0,5,2,car,0.59,0.387,0.40700000000000003,0.028,0.024
1,143866,143.865545,0,6,2,car,0.5700000000000001,0.272,0.406,0.038,0.032
1,144062,144.062104,1,0,2,car,0.92,0.128,0.421,0.161,0.123
1,144063,144.062587,1,1,2,car,0.89,0.74,0.445,0.14400000000000002,0.127
1,144063,144.063038,1,2,2,car,0.89,0.847,0.432,0.114,0.094
1,144064,144.063513,1,3,2,car,0.86,0.537,0.441,0.132,0.136
1,144064,144.063931,1,4,2,car,0.8,0.635,0.41200000000000003,0.06,0.061
1,144064,144.064332,1,5,2,car,0.56,0.382,0.405,0.033,0.022
1,144065,144.064766,1,6,9,traffic light,0.51,0.592,0.243,0.021,0.035
1,144065,144.065167,1,7,2,car,0.51,0.47700000000000004,0.399,0.031,0.039
1,144263,144.263062,2,0,2,car,0.93,0.10200000000000001,0.421,0.17400000000000002,0.131
1,144264,144.263570,2,1,2,car,0.91,0.733,0.441,0.146,0.126
1,144264,144.264053,2,2,2,car,0.8200000000000001,0.85,0.429,0.10300000000000001,0.094
1,144265,144.264667,2,3,2,car,0.8200000000000001,0.537,0.437,0.127,0.138
1,144265,144.265167,2,4,2,car,0.81,0.634,0.40900000000000003,0.058,0.061
1,144266,144.265560,2,5,2,car,0.54,0.47600000000000003,0.396,0.031,0.038
1,144266,144.265937,2,6,2,car,0.52,0.376,0.402,0.033,0.028
1,144463,144.462684,3,0,2,car,0.92,0.083,0.424,0.166,0.139
1,144463,144.463405,3,1,2,car,0.88,0.536,0.436,0.127,0.137
1,144464,144.463897,3,2,2,car,0.86,0.727,0.438,0.14100000000000001,0.12
1,144464,144.464388,3,3,2,car,0.8300000000000001,0.634,0.40800000000000003,0.054,0.06
1,144465,144.464847,3,4,2,car,0.8200000000000001,0.844,0.429,0.10400000000000001,0.093
1,144465,144.465224,3,5,2,car,0.54,0.926,0.389,0.064,0.041
1,144466,144.465617,3,6,2,car,0.54,0.47700000000000004,0.396,0.03,0.035
1,144662,144.661545,4,0,2,car,0.92,0.069,0.426,0.138,0.14100000000000001
1,144662,144.661930,4,1,2,car,0.86,0.838,0.425,0.111,0.089
1,144662,144.662307,4,2,2,car,0.86,0.719,0.435,0.133,0.12
1,144663,144.662708,4,3,2,car,0.85,0.535,0.436,0.126,0.135
1,144663,144.663077,4,4,2,car,0.75,0.631,0.406,0.054,0.063
1,144664,144.663552,4,5,2,car,0.55,0.592,0.404,0.035,0.046
1,144863,144.862798,5,0,2,car,0.9,0.054,0.426,0.107,0.149
1,144864,144.863715,5,1,2,car,0.8300000000000001,0.84,0.425,0.105,0.091
1,144864,144.864289,5,2,2,car,0.8,0.533,0.433,0.124,0.133
1,144865,144.864797,5,3,2,car,0.8,0.715,0.431,0.131,0.116
1,144865,144.865346,5,4,2,car,0.5700000000000001,0.63,0.401,0.051000000000000004,0.055
1,144866,144.865886,5,5,2,car,0.55,0.353,0.393,0.037,0.027
1,144866,144.866329,5,6,9,traffic light,0.51,0.599,0.214,0.025,0.041
1,145062,145.062445,6,0,2,car,0.92,0.8280000000000001,0.419,0.121,0.091
1,145063,145.063142,6,1,2,car,0.81,0.707,0.426,0.122,0.115
1,145064,145.063740,6,2,2,car,0.79,0.533,0.431,0.121,0.128
1,145064,145.064280,6,3,2,car,0.75,0.035,0.43,0.07100000000000001,0.17200000000000001
1,145065,145.064837,6,4,2,car,0.63,0.632,0.393,0.053,0.039
1,145065,145.065288,6,5,2,car,0.62,0.342,0.389,0.042,0.035
1,145262,145.262191,7,0,2,car,0.91,0.8260000000000001,0.419,0.122,0.09
1,145263,145.262797,7,1,2,car,0.86,0.704,0.423,0.116,0.11
1,145263,145.263321,7,2,2,car,0.79,0.531,0.433,0.11900000000000001,0.132
1,145264,145.263854,7,3,2,car,0.59,0.63,0.399,0.053,0.053
1,145264,145.264378,7,4,2,car,0.58,0.332,0.388,0.049,0.034
1,145462,145.462190,8,0,2,car,0.87,0.8260000000000001,0.41200000000000003,0.117,0.092
1,145463,145.463099,8,1,2,car,0.84,0.6950000000000001,0.41100000000000003,0.111,0.1
1,145464,145.463673,8,2,2,car,0.81,0.53,0.423,0.117,0.128
1,145464,145.464189,8,3,2,car,0.72,0.319,0.378,0.049,0.037
1,145465,145.464771,8,4,2,car,0.65,0.626,0.389,0.048,0.052000000000000005
1,145662,145.662214,9,0,2,car,0.88,0.8250000000000001,0.404,0.117,0.093
1,145663,145.663124,9,1,2,car,0.86,0.6930000000000001,0.401,0.107,0.1
1,145664,145.663713,9,2,2,car,0.81,0.529,0.41000000000000003,0.117,0.127
1,145664,145.664254,9,3,2,car,0.67,0.626,0.38,0.045,0.054
1,145665,145.664713,9,4,2,car,0.67,0.302,0.368,0.054,0.039
1,145665,145.665245,9,5,2,car,0.52,0.589,0.378,0.03,0.033
1,145862,145.862320,10,0,2,car,0.9,0.8240000000000001,0.403,0.11900000000000001,0.093
1,145863,145.863017,10,1,2,car,0.85,0.687,0.401,0.108,0.10200000000000001
1,145864,145.863557,10,2,2,car,0.8200000000000001,0.528,0.401,0.114,0.108
1,145864,145.864098,10,3,2,car,0.68,0.28500000000000003,0.366,0.059000000000000004,0.043000000000000003
1,145865,145.864614,10,4,2,car,0.64,0.624,0.377,0.047,0.052000000000000005
1,145865,145.865089,10,5,2,car,0.56,0.59,0.372,0.035,0.04
1,145866,145.865515,10,6,2,car,0.55,0.124,0.365,0.076,0.04
1,146062,146.062057,11,0,2,car,0.88,0.8260000000000001,0.393,0.11800000000000001,0.089
1,146063,146.062991,11,1,2,car,0.8,0.683,0.388,0.096,0.089
1,146064,146.063557,11,2,2,car,0.78,0.528,0.395,0.111,0.121
1,146064,146.064114,11,3,2,car,0.59,0.264,0.36,0.064,0.041
1,146065,146.064638,11,4,2,car,0.58,0.624,0.369,0.042,0.049
1,146262,146.262270,12,0,2,car,0.91,0.8280000000000001,0.4,0.11900000000000001,0.092
1,146263,146.263155,12,1,2,car,0.73,0.23500000000000001,0.362,0.076,0.053
1,146264,146.263917,12,2,2,car,0.73,0.526,0.4,0.114,0.12
1,146264,146.264466,12,3,2,car,0.71,0.684,0.394,0.096,0.091
1,146265,146.265014,12,4,2,car,0.65,0.057,0.365,0.084,0.051000000000000004
1,146265,146.265465,12,5,2,car,0.53,0.591,0.38,0.034,0.036000000000000004
1,146266,146.265932,12,6,2,car,0.51,0.622,0.375,0.039,0.044
1,146462,146.461852,13,0,2,car,0.92,0.8270000000000001,0.4,0.123,0.092
1,146463,146.462982,13,1,2,car,0.8300000000000001,0.684,0.397,0.099,0.094
1,146464,146.463564,13,2,2,car,0.8,0.528,0.402,0.112,0.12
1,146464,146.464055,13,3,2,car,0.6,0.203,0.366,0.084,0.049
1,146465,146.464571,13,4,2,car,0.59,0.622,0.38,0.041,0.048
1,146465,146.465039,13,5,2,car,0.5,0.589,0.382,0.037,0.036000000000000004
1,146466,146.465505,13,6,2,car,0.5,0.033,0.365,0.065,0.058
1,146662,146.662105,14,0,2,car,0.9,0.8290000000000001,0.398,0.11900000000000001,0.092
1,146663,146.662974,14,1,2,car,0.84,0.527,0.397,0.109,0.115
1,146664,146.663932,14,2,2,car,0.79,0.683,0.395,0.101,0.095
1,146665,146.664653,14,3,2,car,0.78,0.152,0.365,0.106,0.059000000000000004
1,146665,146.665185,14,4,2,car,0.52,0.013000000000000001,0.363,0.025,0.064
1,146666,146.665751,14,5,2,car,0.51,0.893,0.379,0.032,0.035
1,146666,146.666201,14,6,2,car,0.51,0.621,0.381,0.041,0.045
1,146862,146.861924,15,0,2,car,0.91,0.8290000000000001,0.4,0.12,0.094
1,146863,146.862744,15,1,2,car,0.8200000000000001,0.686,0.396,0.10300000000000001,0.09
1,146864,146.863636,15,2,2,car,0.76,0.528,0.4,0.105,0.116
1,146864,146.864218,15,3,2,car,0.74,0.101,0.373,0.131,0.075
1,146865,146.864800,15,4,2,car,0.64,0.594,0.383,0.034,0.042
1,146865,146.865291,15,5,2,car,0.63,0.902,0.382,0.037,0.034
1,146866,146.865685,15,6,2,car,0.58,0.623,0.385,0.037,0.043000000000000003
1,147061,147.060990,0,0,2,car,0.89,0.8300000000000001,0.405,0.122,0.085
1,147061,147.061498,0,1,2,car,0.8,0.682,0.404,0.101,0.095
1,147062,147.061965,0,2,2,car,0.68,0.055,0.381,0.11,0.083
1,147062,147.062432,0,3,2,car,0.65,0.529,0.406,0.108,0.11
1,147063,147.062891,0,4,2,car,0.62,0.91,0.389,0.035,0.033
1,147063,147.063267,0,5,2,car,0.56,0.623,0.391,0.041,0.042
1,147262,147.261727,1,0,2,car,0.89,0.835,0.403,0.127,0.092
1,147263,147.262587,1,1,2,car,0.8200000000000001,0.686,0.403,0.1,0.099
1,147263,147.263242,1,2,2,car,0.76,0.531,0.405,0.109,0.114
1,147264,147.263775,1,3,2,car,0.65,0.921,0.387,0.041,0.035
1,147264,147.264266,1,4,2,car,0.59,0.625,0.391,0.041,0.046
1,147265,147.264635,1,5,2,car,0.54,0.017,0.386,0.035,0.082
1,147461,147.461063,2,0,2,car,0.88,0.839,0.405,0.121,0.09
1,147462,147.461554,2,1,2,car,0.84,0.6930000000000001,0.403,0.108,0.098
1,147462,147.462021,2,2,2,car,0.81,0.532,0.406,0.108,0.11800000000000001
1,147463,147.462513,2,3,2,car,0.56,0.627,0.387,0.04,0.057
1,147661,147.661234,3,0,2,car,0.87,0.839,0.40800000000000003,0.124,0.09
1,147662,147.662078,3,1,2,car,0.8300000000000001,0.6910000000000001,0.404,0.1,0.096
1,147663,147.662971,3,2,2,car,0.68,0.53,0.41000000000000003,0.107,0.108
1,147663,147.663471,3,3,2,car,0.59,0.627,0.394,0.039,0.045
1,147664,147.663979,3,4,2,car,0.54,0.596,0.397,0.035,0.042
1,147861,147.861193,4,0,2,car,0.89,0.84,0.403,0.124,0.09
1,147862,147.861987,4,1,2,car,0.78,0.6910000000000001,0.4,0.10200000000000001,0.094
1,147862,147.862487,4,2,2,car,0.73,0.528,0.402,0.108,0.114
1,147863,147.862987,4,3,2,car,0.64,0.628,0.389,0.038,0.047
1,147863,147.863396,4,4,2,car,0.55,0.596,0.392,0.033,0.04
1,148061,148.061012,5,0,2,car,0.88,0.84,0.40800000000000003,0.125,0.089
1,148062,148.061512,5,1,2,car,0.78,0.527,0.402,0.107,0.112
1,148062,148.061995,5,2,2,car,0.75,0.6930000000000001,0.404,0.099,0.097
1,148062,148.062397,5,3,2,car,0.56,0.628,0.392,0.038,0.048
1,148063,148.062773,5,4,2,car,0.55,0.595,0.393,0.038,0.044
1,148260,148.260389,6,0,2,car,0.89,0.843,0.41200000000000003,0.122,0.09
1,148261,148.260889,6,1,2,car,0.8200000000000001,0.524,0.40800000000000003,0.108,0.112
1,148261,148.261339,6,2,2,car,0.75,0.6920000000000001,0.41000000000000003,0.10400000000000001,0.097
1,148262,148.261806,6,3,2,car,0.59,0.594,0.397,0.035,0.046
1,148262,148.262273,6,4,2,car,0.54,0.626,0.396,0.04,0.049
1,148461,148.461208,7,0,2,car,0.88,0.84,0.40800000000000003,0.127,0.093
1,148462,148.462068,7,1,2,car,0.86,0.522,0.403,0.109,0.116
1,148463,148.462559,7,2,2,car,0.75,0.6880000000000001,0.404,0.112,0.099
1,148463,148.463059,7,3,2,car,0.58,0.971,0.399,0.056,0.07100000000000001
1,148464,148.463526,7,4,2,car,0.53,0.627,0.392,0.046,0.052000000000000005
1,148464,148.463977,7,5,2,car,0.52,0.592,0.393,0.036000000000000004,0.04
1,148660,148.660142,8,0,2,car,0.89,0.843,0.41100000000000003,0.13,0.095
1,148661,148.660986,8,1,2,car,0.84,0.687,0.40900000000000003,0.112,0.101
1,148661,148.661478,8,2,2,car,0.79,0.522,0.41200000000000003,0.11,0.107
1,148662,148.661952,8,3,2,car,0.6,0.592,0.396,0.037,0.045
1,148662,148.662420,8,4,2,car,0.55,0.626,0.393,0.043000000000000003,0.05
1,148861,148.860502,9,0,2,car,0.87,0.845,0.41100000000000003,0.132,0.098
1,148861,148.860986,9,1,2,car,0.85,0.687,0.40800000000000003,0.117,0.10300000000000001
1,148861,148.861477,9,2,2,car,0.8300000000000001,0.518,0.405,0.11,0.114
1,148862,148.861977,9,3,2,car,0.6,0.589,0.393,0.038,0.046
1,149060,149.060469,10,0,2,car,0.9,0.843,0.41100000000000003,0.133,0.094
1,149061,149.060944,10,1,2,car,0.86,0.687,0.40700000000000003,0.12,0.106
1,149061,149.061427,10,2,2,car,0.8300000000000001,0.515,0.403,0.11,0.116
1,149062,149.061894,10,3,2,car,0.62,0.59,0.39,0.039,0.051000000000000004
1,149062,149.062345,10,4,2,car,0.5700000000000001,0.626,0.39,0.046,0.054
1,149261,149.260976,11,0,2,car,0.9,0.848,0.41600000000000004,0.134,0.098
1,149262,149.261869,11,1,2,car,0.8300000000000001,0.6890000000000001,0.41400000000000003,0.11800000000000001,0.108
1,149263,149.262762,11,2,2,car,0.75,0.515,0.41400000000000003,0.111,0.108
1,149264,149.263647,11,3,2,car,0.66,0.59,0.391,0.043000000000000003,0.05
1,149264,149.264171,11,4,2,car,0.62,0.629,0.392,0.043000000000000003,0.055
1,149461,149.460746,12,0,2,car,0.92,0.852,0.42,0.135,0.101
1,149462,149.461615,12,1,2,car,0.87,0.6930000000000001,0.418,0.11900000000000001,0.113
1,149462,149.462123,12,2,2,car,0.75,0.516,0.41400000000000003,0.108,0.116
1,149463,149.462622,12,3,2,car,0.7000000000000001,0.594,0.396,0.046,0.047
1,149661,149.660656,13,0,2,car,0.92,0.859,0.418,0.14200000000000002,0.10200000000000001
1,149662,149.661508,13,1,2,car,0.81,0.7000000000000001,0.417,0.124,0.111
1,149662,149.662351,13,2,2,car,0.8,0.519,0.41000000000000003,0.112,0.113
1,149663,149.663187,13,3,2,car,0.5,0.595,0.393,0.045,0.053
1,149860,149.860409,14,0,2,car,0.91,0.863,0.428,0.14100000000000001,0.10300000000000001
1,149861,149.861130,14,1,2,car,0.91,0.6990000000000001,0.424,0.131,0.11900000000000001
1,149862,149.861990,14,2,2,car,0.86,0.519,0.419,0.115,0.11800000000000001
1,149862,149.862490,14,3,2,car,0.59,0.599,0.403,0.048,0.054
1,149863,149.862982,14,4,2,car,0.52,0.453,0.396,0.057,0.047
1,150060,150.059696,15,0,2,car,0.88,0.856,0.428,0.157,0.10400000000000001
1,150060,150.060188,15,1,2,car,0.86,0.52,0.419,0.115,0.11800000000000001
1,150061,150.060688,15,2,2,car,0.81,0.705,0.425,0.13,0.12
1,150061,150.061187,15,3,2,car,0.53,0.603,0.402,0.049,0.058
1,150260,150.260187,0,0,2,car,0.89,0.865,0.428,0.157,0.106
1,150261,150.260744,0,1,2,car,0.88,0.712,0.426,0.133,0.121
1,150261,150.261252,0,2,2,car,0.8200000000000001,0.522,0.421,0.114,0.12
1,150460,150.460015,1,0,2,car,0.92,0.877,0.421,0.145,0.10200000000000001
1,150461,150.460670,1,1,2,car,0.91,0.712,0.422,0.14100000000000001,0.12
1,150461,150.461186,1,2,2,car,0.87,0.522,0.417,0.116,0.123
1,150660,150.660014,2,0,2,car,0.93,0.878,0.397,0.152,0.112
1,150661,150.660907,2,1,2,car,0.93,0.717,0.397,0.14300000000000002,0.125
1,150661,150.661399,2,2,2,car,0.78,0.525,0.387,0.116,0.11800000000000001
1,150662,150.661792,2,3,2,car,0.56,0.632,0.376,0.088,0.064
1,150662,150.662160,2,4,2,car,0.53,0.456,0.375,0.035,0.041
1,150860,150.859637,3,0,2,car,0.93,0.888,0.405,0.15,0.113
1,150860,150.860350,3,1,2,car,0.93,0.725,0.40700000000000003,0.145,0.125
1,150861,150.860866,3,2,2,car,0.8300000000000001,0.524,0.395,0.114,0.11800000000000001
1,151059,151.058981,4,0,2,car,0.92,0.729,0.41100000000000003,0.149,0.13
1,151059,151.059423,4,1,2,car,0.92,0.895,0.40800000000000003,0.154,0.111
1,151060,151.059890,4,2,2,car,0.67,0.525,0.398,0.117,0.12
1,151260,151.259652,5,0,2,car,0.93,0.734,0.40800000000000003,0.153,0.129
1,151260,151.260447,5,1,2,car,0.92,0.9,0.406,0.159,0.116
1,151261,151.260971,5,2,2,car,0.77,0.526,0.397,0.11800000000000001,0.121
1,151261,151.261463,5,3,2,car,0.54,0.625,0.38,0.067,0.064
1,151459,151.459373,6,0,2,car,0.9400000000000001,0.74,0.404,0.154,0.133
1,151460,151.459889,6,1,2,car,0.86,0.902,0.401,0.156,0.109
1,151460,151.460381,6,2,2,car,0.75,0.525,0.392,0.12,0.124
1,151660,151.659872,7,0,2,car,0.91,0.744,0.41300000000000003,0.158,0.137
1,151661,151.660757,7,1,2,car,0.88,0.912,0.40900000000000003,0.163,0.117
1,151661,151.661290,7,2,2,car,0.73,0.528,0.402,0.126,0.13
1,151662,151.661773,7,3,2,car,0.51,0.45,0.397,0.044,0.04
1,151860,151.859995,8,0,2,car,0.9,0.75,0.421,0.162,0.14100000000000001
1,151861,151.860888,8,1,2,car,0.79,0.911,0.418,0.156,0.10300000000000001
1,151862,151.861633,8,2,2,car,0.66,0.529,0.41500000000000004,0.123,0.13
1,151862,151.862346,8,3,2,car,0.58,0.618,0.403,0.08600000000000001,0.057
1,152059,152.059331,9,0,2,car,0.93,0.753,0.423,0.17,0.147
1,152060,152.059740,9,1,2,car,0.91,0.916,0.421,0.16,0.114
1,152060,152.060142,9,2,2,car,0.8200000000000001,0.529,0.41600000000000004,0.127,0.14400000000000002
1,152061,152.060519,9,3,2,car,0.55,0.617,0.384,0.095,0.084
1,152259,152.259404,10,0,2,car,0.9400000000000001,0.92,0.428,0.158,0.114
1,152260,152.259887,10,1,2,car,0.93,0.759,0.424,0.17200000000000001,0.14200000000000002
1,152260,152.260370,10,2,2,car,0.86,0.53,0.417,0.126,0.136
1,152261,152.260838,10,3,2,car,0.58,0.637,0.41000000000000003,0.069,0.048
1,152459,152.459387,11,0,2,car,0.92,0.92,0.428,0.157,0.113
1,152460,152.459911,11,1,2,car,0.9,0.761,0.428,0.17400000000000002,0.14200000000000002
1,152460,152.460395,11,2,2,car,0.84,0.532,0.422,0.127,0.136
1,152461,152.460894,11,3,2,car,0.71,0.639,0.41500000000000004,0.06,0.052000000000000005
1,152658,152.658477,12,0,2,car,0.93,0.768,0.433,0.176,0.145
1,152659,152.658944,12,1,2,car,0.89,0.926,0.429,0.147,0.112
1,152659,152.659411,12,2,2,car,0.87,0.532,0.425,0.128,0.14300000000000002
1,152660,152.659894,12,3,2,car,0.66,0.642,0.418,0.063,0.053
1,152859,152.859378,13,0,2,car,0.93,0.771,0.437,0.178,0.149
1,152860,152.860197,13,1,2,car,0.87,0.532,0.426,0.13,0.14100000000000001
1,152861,152.861049,13,2,2,car,0.8,0.924,0.431,0.146,0.107
1,152862,152.861712,13,3,2,car,0.67,0.646,0.417,0.057,0.053
1,153059,153.059410,14,0,2,car,0.92,0.775,0.436,0.18,0.152
1,153060,153.059934,14,1,2,car,0.91,0.535,0.424,0.131,0.14100000000000001
1,153060,153.060311,14,2,2,car,0.89,0.926,0.431,0.14,0.111
1,153061,153.060762,14,3,2,car,0.65,0.65,0.41600000000000004,0.054,0.053
1,153259,153.259467,15,0,2,car,0.93,0.78,0.438,0.185,0.155
1,153260,153.260327,15,1,2,car,0.9,0.93,0.436,0.134,0.113
1,153261,153.260868,15,2,2,car,0.85,0.535,0.427,0.129,0.14400000000000002
1,153261,153.261376,15,3,2,car,0.7000000000000001,0.649,0.417,0.067,0.051000000000000004
1,153458,153.458188,0,0,2,car,0.92,0.787,0.446,0.19,0.164
1,153459,153.458606,0,1,2,car,0.85,0.929,0.436,0.131,0.11
1,153459,153.458983,0,2,2,car,0.84,0.538,0.43,0.131,0.14300000000000002
1,153459,153.459327,0,3,2,car,0.68,0.653,0.418,0.06,0.054
1,153460,153.459712,0,4,2,car,0.5700000000000001,0.61,0.40900000000000003,0.047,0.056
1,153659,153.658589,1,0,2,car,0.91,0.799,0.445,0.194,0.165
1,153659,153.659310,1,1,2,car,0.9,0.539,0.429,0.134,0.145
1,153660,153.659966,1,2,2,car,0.87,0.934,0.438,0.125,0.11
1,153660,153.660465,1,3,2,car,0.7000000000000001,0.655,0.421,0.07100000000000001,0.062
1,153859,153.859187,2,0,2,car,0.9400000000000001,0.806,0.449,0.197,0.17
1,153860,153.860031,2,1,2,car,0.9,0.539,0.432,0.136,0.14400000000000002
1,153861,153.860522,2,2,2,car,0.75,0.657,0.418,0.068,0.062
1,153861,153.861014,2,3,2,car,0.68,0.937,0.426,0.12,0.09
1,153861,153.861489,2,4,2,car,0.5,0.441,0.41000000000000003,0.043000000000000003,0.048
1,154059,154.058900,3,0,2,car,0.93,0.541,0.428,0.137,0.147
1,154059,154.059383,3,1,2,car,0.92,0.8160000000000001,0.449,0.203,0.176
1,154060,154.059866,3,2,2,car,0.8,0.66,0.41400000000000003,0.067,0.06
1,154060,154.060251,3,3,2,car,0.65,0.9390000000000001,0.418,0.114,0.079
1,154258,154.258416,4,0,2,car,0.92,0.542,0.426,0.138,0.149
1,154259,154.259137,4,1,2,car,0.91,0.8290000000000001,0.45,0.222,0.182
1,154260,154.259866,4,2,2,car,0.8,0.663,0.41100000000000003,0.068,0.067
1,154260,154.260374,4,3,2,car,0.64,0.9450000000000001,0.421,0.106,0.094
1,154261,154.260873,4,4,2,car,0.63,0.441,0.403,0.058,0.049
1,154459,154.458989,5,0,2,car,0.92,0.543,0.425,0.138,0.149
1,154460,154.459660,5,1,2,car,0.91,0.839,0.454,0.228,0.191
1,154460,154.460160,5,2,2,car,0.8,0.662,0.41100000000000003,0.07200000000000001,0.07100000000000001
1,154461,154.460644,5,3,2,car,0.6,0.9530000000000001,0.41300000000000003,0.089,0.07100000000000001
1,154659,154.658890,6,0,2,car,0.91,0.542,0.425,0.14200000000000002,0.149
1,154660,154.659611,6,1,2,car,0.9,0.864,0.456,0.262,0.199
1,154660,154.660127,6,2,2,car,0.8200000000000001,0.668,0.40800000000000003,0.068,0.068
1,154859,154.858947,7,0,2,car,0.92,0.542,0.424,0.14400000000000002,0.15
1,154860,154.859815,7,1,2,car,0.91,0.866,0.449,0.261,0.197
1,154860,154.860348,7,2,2,car,0.8300000000000001,0.67,0.40700000000000003,0.074,0.07200000000000001
1,154861,154.860757,7,3,2,car,0.5700000000000001,0.465,0.383,0.057,0.06
1,155058,155.057693,8,0,2,car,0.9400000000000001,0.542,0.424,0.146,0.153
1,155058,155.058160,8,1,2,car,0.9,0.871,0.449,0.254,0.198
1,155059,155.058553,8,2,2,car,0.78,0.673,0.405,0.075,0.074
1,155258,155.257938,9,0,2,car,0.92,0.543,0.425,0.149,0.156
1,155258,155.258430,9,1,2,car,0.89,0.873,0.452,0.251,0.20600000000000002
1,155259,155.258897,9,2,2,car,0.79,0.674,0.405,0.076,0.074
1,155259,155.259355,9,3,2,car,0.54,0.468,0.381,0.054,0.056
1,155459,155.458724,10,0,2,car,0.92,0.54,0.427,0.15,0.158
1,155459,155.459215,10,1,2,car,0.9,0.874,0.461,0.248,0.224
1,155460,155.459715,10,2,2,car,0.8200000000000001,0.668,0.405,0.105,0.08
1,155460,155.460182,10,3,2,car,0.5700000000000001,0.462,0.378,0.059000000000000004,0.066
1,155659,155.659018,11,0,2,car,0.91,0.879,0.458,0.242,0.218
1,155660,155.659870,11,1,2,car,0.89,0.539,0.429,0.152,0.161
1,155660,155.660395,11,2,2,car,0.8,0.672,0.406,0.094,0.083
1,155661,155.660870,11,3,2,car,0.73,0.771,0.406,0.063,0.07100000000000001
1,155661,155.661329,11,4,2,car,0.65,0.461,0.379,0.062,0.061
1,155858,155.858321,12,0,2,car,0.91,0.879,0.459,0.24,0.226
1,155859,155.858936,12,1,2,car,0.9,0.537,0.428,0.156,0.164
1,155859,155.859403,12,2,2,car,0.79,0.667,0.402,0.101,0.085
1,155860,155.859870,12,3,2,car,0.6900000000000001,0.454,0.379,0.066,0.064
1,155860,155.860328,12,4,2,car,0.68,0.769,0.405,0.065,0.076
1,156058,156.058296,13,0,2,car,0.92,0.878,0.463,0.24,0.232
1,156059,156.058714,13,1,2,car,0.89,0.535,0.434,0.159,0.168
1,156059,156.059173,13,2,2,car,0.81,0.673,0.406,0.08700000000000001,0.083
1,156060,156.059558,13,3,2,car,0.66,0.767,0.404,0.074,0.073
1,156060,156.060025,13,4,2,car,0.6,0.453,0.374,0.064,0.065
1,156258,156.257854,14,0,2,car,0.91,0.532,0.441,0.161,0.176
1,156258,156.258329,14,1,2,car,0.91,0.878,0.47300000000000003,0.23900000000000002,0.23900000000000002
1,156259,156.258828,14,2,2,car,0.81,0.672,0.41200000000000003,0.095,0.088
1,156259,156.259320,14,3,2,car,0.8,0.765,0.41200000000000003,0.079,0.073
1,156260,156.259787,14,4,2,car,0.67,0.445,0.392,0.061,0.051000000000000004
1,156458,156.458287,15,0,2,car,0.92,0.528,0.446,0.165,0.17500000000000002
1,156459,156.459123,15,1,2,car,0.91,0.878,0.484,0.24,0.247
1,156460,156.459655,15,2,2,car,0.8,0.675,0.41300000000000003,0.089,0.089
1,156460,156.460163,15,3,2,car,0.79,0.761,0.40900000000000003,0.078,0.067
1,156461,156.460663,15,4,2,car,0.55,0.443,0.39,0.062,0.064
1,156658,156.657558,0,0,2,car,0.9,0.879,0.487,0.23800000000000002,0.258
1,156658,156.658066,0,1,2,car,0.9,0.526,0.446,0.169,0.178
1,156659,156.658532,0,2,2,car,0.78,0.664,0.41400000000000003,0.105,0.095
1,156659,156.658999,0,3,2,car,0.76,0.755,0.40900000000000003,0.083,0.074
1,156659,156.659475,0,4,2,car,0.61,0.445,0.378,0.078,0.074
1,156858,156.857991,1,0,2,car,0.9,0.523,0.445,0.171,0.179
1,156858,156.858483,1,1,2,car,0.9,0.879,0.492,0.23900000000000002,0.27
1,156859,156.858950,1,2,2,car,0.84,0.663,0.41100000000000003,0.109,0.1
1,156859,156.859425,1,3,2,car,0.71,0.756,0.40900000000000003,0.084,0.073
1,156860,156.859908,1,4,2,car,0.6900000000000001,0.437,0.379,0.065,0.07200000000000001
1,157057,157.057335,2,0,2,car,0.91,0.521,0.442,0.17400000000000002,0.184
1,157058,157.057737,2,1,2,car,0.9,0.882,0.494,0.234,0.28400000000000003
1,157058,157.058187,2,2,2,car,0.8,0.664,0.40900000000000003,0.111,0.10300000000000001
1,157059,157.058581,2,3,2,car,0.75,0.431,0.383,0.062,0.063
1,157059,157.058949,2,4,2,car,0.64,0.747,0.40800000000000003,0.067,0.083
1,157059,157.059334,2,5,2,car,0.53,0.388,0.38,0.035,0.049
1,157258,157.257900,3,0,2,car,0.89,0.883,0.486,0.232,0.279
1,157258,157.258408,3,1,2,car,0.89,0.519,0.441,0.17400000000000002,0.186
1,157259,157.258793,3,2,2,car,0.81,0.662,0.405,0.117,0.108
1,157259,157.259178,3,3,2,car,0.6,0.428,0.379,0.061,0.062
1,157260,157.259555,3,4,2,car,0.54,0.743,0.4,0.063,0.068
1,157458,157.457621,4,0,2,car,0.88,0.516,0.443,0.183,0.2
1,157458,157.458104,4,1,2,car,0.88,0.885,0.495,0.229,0.298
1,157459,157.458563,4,2,2,car,0.88,0.657,0.403,0.128,0.108
1,157459,157.459047,4,3,2,car,0.6900000000000001,0.736,0.395,0.061,0.067
1,157459,157.459440,4,4,2,car,0.55,0.423,0.377,0.053,0.064
1,157460,157.459816,4,5,2,car,0.53,0.383,0.372,0.037,0.045
1,157658,157.658055,5,0,2,car,0.89,0.887,0.505,0.225,0.328
1,157659,157.658555,5,1,2,car,0.86,0.651,0.401,0.14200000000000002,0.109
1,157659,157.659062,5,2,2,car,0.8300000000000001,0.515,0.439,0.187,0.202
1,157660,157.659513,5,3,2,car,0.68,0.732,0.389,0.06,0.065
1,157660,157.659972,5,4,2,car,0.54,0.422,0.372,0.06,0.065
1,157858,157.858136,6,0,2,car,0.89,0.891,0.508,0.218,0.328
1,157859,157.859013,6,1,2,car,0.87,0.514,0.439,0.19,0.197
1,157860,157.859521,6,2,2,car,0.76,0.728,0.385,0.055,0.066
1,157860,157.860012,6,3,2,car,0.72,0.419,0.375,0.06,0.062
1,157860,157.860471,6,4,2,car,0.72,0.664,0.402,0.115,0.109
1,157861,157.860848,6,5,2,car,0.53,0.8280000000000001,0.395,0.10200000000000001,0.094
1,158057,158.057144,7,0,2,car,0.93,0.894,0.515,0.212,0.34400000000000003
1,158058,158.057546,7,1,2,car,0.8300000000000001,0.514,0.444,0.191,0.20600000000000002
1,158058,158.058046,7,2,2,car,0.68,0.418,0.373,0.057,0.064
1,158058,158.058447,7,3,2,car,0.59,0.7000000000000001,0.377,0.106,0.065
1,158059,158.058824,7,4,2,car,0.59,0.677,0.41500000000000004,0.095,0.081
1,158059,158.059201,7,5,2,car,0.58,0.8270000000000001,0.396,0.108,0.089
1,158060,158.059553,7,6,2,car,0.51,0.8,0.398,0.056,0.084
1,158257,158.257005,8,0,2,car,0.91,0.896,0.523,0.20800000000000002,0.354
1,158258,158.257504,8,1,2,car,0.88,0.516,0.443,0.2,0.20600000000000002
1,158258,158.257963,8,2,2,car,0.68,0.8220000000000001,0.403,0.114,0.098
1,158258,158.258463,8,3,2,car,0.67,0.671,0.401,0.126,0.11
1,158259,158.258954,8,4,2,car,0.65,0.417,0.375,0.056,0.063
1,158458,158.458200,9,0,2,car,0.92,0.897,0.528,0.20500000000000002,0.365
1,158459,158.458913,9,1,2,car,0.88,0.514,0.446,0.202,0.20700000000000002
1,158459,158.459404,9,2,2,car,0.86,0.672,0.403,0.126,0.113
1,158460,158.459814,9,3,2,car,0.72,0.417,0.377,0.057,0.064
1,158460,158.460174,9,4,2,car,0.67,0.8190000000000001,0.403,0.117,0.089
1,158658,158.657987,10,0,2,car,0.92,0.899,0.532,0.202,0.368
1,158659,158.658724,10,1,2,car,0.86,0.517,0.448,0.211,0.214
1,158659,158.659453,10,2,2,car,0.86,0.673,0.403,0.126,0.114
1,158660,158.660141,10,3,2,car,0.6900000000000001,0.81,0.399,0.106,0.083
1,158661,158.660878,10,4,2,car,0.6,0.213,0.364,0.046,0.034
1,158661,158.661313,10,5,2,car,0.55,0.419,0.377,0.062,0.063
1,158857,158.856675,11,0,2,car,0.92,0.899,0.532,0.202,0.367
1,158857,158.857077,11,1,2,car,0.92,0.672,0.403,0.124,0.117
1,158857,158.857429,11,2,2,car,0.8300000000000001,0.518,0.455,0.214,0.224
1,158858,158.857806,11,3,2,car,0.76,0.797,0.398,0.115,0.082
1,158858,158.858158,11,4,2,car,0.71,0.417,0.376,0.055,0.065
1,158859,158.858510,11,5,2,car,0.5700000000000001,0.199,0.366,0.06,0.034
1,159058,159.057715,12,0,2,car,0.91,0.672,0.401,0.126,0.11800000000000001
1,159058,159.058420,12,1,2,car,0.91,0.9,0.528,0.2,0.363
1,159059,159.058936,12,2,2,car,0.84,0.518,0.46,0.215,0.243
1,159059,159.059321,12,3,2,car,0.84,0.794,0.392,0.117,0.088
1,159060,159.059731,12,4,2,car,0.7000000000000001,0.419,0.377,0.06,0.063
1,159060,159.060107,12,5,2,car,0.5700000000000001,0.082,0.365,0.052000000000000005,0.027
1,159257,159.257493,13,0,2,car,0.91,0.899,0.53,0.201,0.366
1,159258,159.258026,13,1,2,car,0.86,0.519,0.454,0.216,0.24
1,159259,159.258509,13,2,2,car,0.86,0.678,0.402,0.11900000000000001,0.117
1,159259,159.258960,13,3,2,car,0.81,0.791,0.392,0.111,0.08700000000000001
1,159259,159.259451,13,4,2,car,0.67,0.421,0.374,0.064,0.067
1,159260,159.259812,13,5,2,car,0.53,0.869,0.364,0.076,0.078
1,159260,159.260205,13,6,2,car,0.51,0.333,0.352,0.039,0.038
1,159458,159.457665,14,0,2,car,0.91,0.899,0.528,0.202,0.37
1,159458,159.458386,14,1,2,car,0.87,0.519,0.454,0.218,0.234
1,159459,159.458861,14,2,2,car,0.84,0.676,0.401,0.122,0.11900000000000001
1,159459,159.459369,14,3,2,car,0.78,0.785,0.389,0.094,0.085
1,159460,159.459746,14,4,2,car,0.72,0.419,0.373,0.061,0.066
1,159460,159.460123,14,5,2,car,0.51,0.196,0.364,0.038,0.044
1,159658,159.657992,15,0,2,car,0.91,0.896,0.527,0.20700000000000002,0.367
1,159659,159.658713,15,1,2,car,0.89,0.672,0.4,0.129,0.121
1,159659,159.659237,15,2,2,car,0.87,0.52,0.452,0.218,0.228
1,159660,159.659745,15,3,2,car,0.79,0.779,0.389,0.092,0.084
1,159660,159.660114,15,4,2,car,0.68,0.419,0.374,0.059000000000000004,0.064
1,159661,159.660581,15,5,2,car,0.54,0.08,0.361,0.081,0.041
1,159661,159.660950,15,6,2,car,0.52,0.191,0.36,0.044,0.04
1,159661,159.661343,15,7,2,car,0.51,0.038,0.35100000000000003,0.036000000000000004,0.031
1,159856,159.856198,0,0,2,car,0.91,0.895,0.512,0.209,0.353
1,159857,159.856591,0,1,2,car,0.89,0.52,0.45,0.218,0.23
1,159857,159.856984,0,2,2,car,0.88,0.676,0.398,0.122,0.121
1,159857,159.857361,0,3,2,car,0.75,0.775,0.385,0.08600000000000001,0.08
1,159858,159.857738,0,4,2,car,0.5700000000000001,0.269,0.362,0.053,0.049
1,159858,159.858115,0,5,2,car,0.51,0.419,0.355,0.058,0.092
1,160057,160.056820,1,0,2,car,0.91,0.519,0.451,0.218,0.23600000000000002
1,160057,160.057311,1,1,2,car,0.89,0.675,0.398,0.123,0.11900000000000001
1,160058,160.057778,1,2,2,car,0.88,0.893,0.5,0.212,0.325
1,160058,160.058270,1,3,2,car,0.72,0.767,0.384,0.077,0.075
1,160059,160.058769,1,4,2,car,0.68,0.036000000000000004,0.374,0.07100000000000001,0.083
1,160059,160.059130,1,5,2,car,0.56,0.274,0.362,0.07100000000000001,0.05
1,160060,160.059507,1,6,2,car,0.55,0.419,0.353,0.057,0.091
1,160060,160.059892,1,7,2,car,0.54,0.167,0.34700000000000003,0.051000000000000004,0.035
1,160257,160.257073,2,0,2,car,0.9,0.519,0.448,0.217,0.233
1,160258,160.257581,2,1,2,car,0.9,0.892,0.506,0.216,0.334
1,160258,160.258040,2,2,2,car,0.8,0.682,0.399,0.105,0.122
1,160258,160.258441,2,3,2,car,0.66,0.765,0.385,0.07,0.069
1,160259,160.258900,2,4,2,car,0.63,0.272,0.36,0.07200000000000001,0.05
1,160259,160.259269,2,5,2,car,0.53,0.417,0.362,0.055,0.07100000000000001
1,160457,160.457376,3,0,2,car,0.91,0.672,0.399,0.125,0.11900000000000001
1,160458,160.457900,3,1,2,car,0.9,0.518,0.446,0.219,0.233
1,160458,160.458400,3,2,2,car,0.86,0.889,0.502,0.221,0.323
1,160459,160.458850,3,3,2,car,0.67,0.76,0.383,0.068,0.067
1,160459,160.459219,3,4,2,car,0.56,0.26,0.36,0.066,0.053
1,160460,160.459604,3,5,2,car,0.5,0.065,0.358,0.052000000000000005,0.034
1,160657,160.656810,4,0,2,car,0.91,0.675,0.396,0.12,0.117
1,160657,160.657277,4,1,2,car,0.88,0.887,0.488,0.225,0.307
1,160658,160.657777,4,2,2,car,0.88,0.517,0.442,0.219,0.225
1,160658,160.658260,4,3,2,car,0.62,0.753,0.381,0.064,0.069
1,160659,160.658743,4,4,2,car,0.62,0.252,0.36,0.065,0.044
1,160659,160.659112,4,5,2,car,0.54,0.423,0.368,0.058,0.055
1,160856,160.855958,5,0,2,car,0.89,0.886,0.49,0.228,0.298
1,160856,160.856375,5,1,2,car,0.88,0.516,0.437,0.216,0.217
1,160857,160.856736,5,2,2,car,0.88,0.68,0.395,0.108,0.117
1,160857,160.857129,5,3,2,car,0.66,0.751,0.382,0.062,0.06
1,160857,160.857498,5,4,2,car,0.53,0.422,0.367,0.055,0.057
1,160858,160.857875,5,5,2,car,0.52,0.23700000000000002,0.35000000000000003,0.057,0.04
1,161057,161.056506,6,0,2,car,0.9,0.884,0.489,0.232,0.293
1,161057,161.056973,6,1,2,car,0.87,0.517,0.435,0.217,0.217
1,161057,161.057374,6,2,2,car,0.81,0.676,0.394,0.114,0.116
1,161058,161.057858,6,3,2,car,0.58,0.746,0.379,0.062,0.056
1,161058,161.058243,6,4,2,car,0.51,0.424,0.366,0.059000000000000004,0.056
1,161257,161.257120,7,0,2,car,0.89,0.523,0.432,0.20700000000000002,0.217
1,161258,161.257988,7,1,2,car,0.87,0.883,0.484,0.234,0.28300000000000003
1,161258,161.258455,7,2,2,car,0.8,0.677,0.393,0.11,0.11800000000000001
1,161259,161.258947,7,3,2,car,0.53,0.321,0.35000000000000003,0.039,0.029
1,161457,161.456636,8,0,2,car,0.89,0.523,0.432,0.20600000000000002,0.217
1,161457,161.457119,8,1,2,car,0.87,0.882,0.481,0.23500000000000001,0.279
1,161458,161.457603,8,2,2,car,0.81,0.678,0.398,0.114,0.126
1,161458,161.458070,8,3,2,car,0.6,0.74,0.374,0.058,0.051000000000000004
1,161459,161.458528,8,4,2,car,0.58,0.017,0.343,0.034,0.036000000000000004
1,161459,161.458905,8,5,2,car,0.55,0.427,0.364,0.06,0.055
1,161459,161.459298,8,6,2,car,0.52,0.319,0.35000000000000003,0.043000000000000003,0.032
1,161657,161.656922,9,0,2,car,0.89,0.525,0.437,0.201,0.211
1,161657,161.657438,9,1,2,car,0.88,0.881,0.483,0.23700000000000002,0.273
1,161658,161.657938,9,2,2,car,0.75,0.684,0.397,0.10400000000000001,0.124
1,161658,161.658323,9,3,2,car,0.72,0.74,0.37,0.056,0.051000000000000004
1,161659,161.658716,9,4,2,car,0.6,0.433,0.363,0.068,0.054
1,161659,161.659093,9,5,2,car,0.53,0.309,0.355,0.042,0.033
1,161659,161.659462,9,6,2,car,0.51,0.379,0.355,0.042,0.05
1,161660,161.659839,9,7,2,car,0.51,0.016,0.34500000000000003,0.032,0.037
1,161857,161.856668,10,0,2,car,0.92,0.526,0.432,0.203,0.213
1,161857,161.857126,10,1,2,car,0.86,0.882,0.47700000000000004,0.23600000000000002,0.267
1,161858,161.857536,10,2,2,car,0.73,0.737,0.372,0.05,0.053
1,161858,161.857913,10,3,2,car,0.68,0.684,0.395,0.10300000000000001,0.127
1,161858,161.858290,10,4,2,car,0.56,0.38,0.356,0.047,0.051000000000000004
1,161859,161.858699,10,5,2,car,0.54,0.298,0.353,0.046,0.036000000000000004
1,161859,161.859076,10,6,2,car,0.51,0.428,0.363,0.052000000000000005,0.056
1,162056,162.055725,11,0,2,car,0.93,0.528,0.428,0.195,0.211
1,162056,162.056200,11,1,2,car,0.85,0.881,0.46900000000000003,0.23500000000000001,0.254
1,162057,162.056725,11,2,2,car,0.8200000000000001,0.674,0.395,0.124,0.117
1,162057,162.057208,11,3,2,car,0.72,0.031,0.451,0.061,0.222
1,162058,162.057740,11,4,2,car,0.64,0.737,0.37,0.052000000000000005,0.059000000000000004
1,162058,162.058256,11,5,2,car,0.6,0.291,0.353,0.047,0.039
1,162059,162.058805,11,6,2,car,0.5700000000000001,0.432,0.362,0.055,0.055
1,162059,162.059264,11,7,2,car,0.54,0.379,0.35000000000000003,0.049,0.054
1,162255,162.255471,12,0,2,car,0.91,0.53,0.429,0.194,0.20500000000000002
1,162256,162.256020,12,1,2,car,0.88,0.881,0.47000000000000003,0.23600000000000002,0.254
1,162257,162.256519,12,2,2,car,0.8300000000000001,0.054,0.426,0.107,0.201
1,162257,162.257068,12,3,2,car,0.6,0.735,0.373,0.051000000000000004,0.054
1,162258,162.257568,12,4,2,car,0.59,0.151,0.354,0.07100000000000001,0.058
1,162258,162.258043,12,5,2,car,0.51,0.682,0.388,0.10400000000000001,0.107
1,162457,162.457010,13,0,2,car,0.91,0.534,0.432,0.186,0.201
1,162458,162.457936,13,1,2,car,0.91,0.07200000000000001,0.418,0.14400000000000002,0.177
1,162459,162.458518,13,2,2,car,0.89,0.882,0.47600000000000003,0.23500000000000001,0.258
1,162459,162.459050,13,3,2,car,0.89,0.672,0.399,0.127,0.115
1,162460,162.459583,13,4,2,car,0.58,0.441,0.366,0.051000000000000004,0.05
1,162460,162.460058,13,5,2,car,0.54,0.14100000000000001,0.35100000000000003,0.065,0.051000000000000004
1,162461,162.460549,13,6,2,car,0.5,0.23600000000000002,0.366,0.069,0.049
1,162657,162.656608,14,0,2,car,0.91,0.535,0.434,0.187,0.198
1,162657,162.657411,14,1,2,car,0.89,0.884,0.48,0.231,0.267
1,162658,162.658108,14,2,2,car,0.89,0.085,0.42,0.171,0.178
1,162659,162.658705,14,3,2,car,0.75,0.671,0.402,0.124,0.113
1,162659,162.659238,14,4,2,car,0.64,0.735,0.379,0.054,0.053
1,162660,162.659754,14,5,2,car,0.54,0.439,0.369,0.045,0.05
1,162660,162.660213,14,6,2,car,0.53,0.399,0.352,0.08600000000000001,0.077
1,162856,162.855756,15,0,2,car,0.9,0.538,0.438,0.178,0.193
1,162856,162.856288,15,1,2,car,0.88,0.885,0.491,0.229,0.265
1,162857,162.856813,15,2,2,car,0.86,0.097,0.418,0.195,0.165
1,162857,162.857329,15,3,2,car,0.81,0.671,0.41200000000000003,0.117,0.115
1,162858,162.857861,15,4,2,car,0.62,0.444,0.375,0.046,0.05
1,162858,162.858320,15,5,2,car,0.58,0.382,0.371,0.051000000000000004,0.047
1,162859,162.858787,15,6,2,car,0.54,0.735,0.381,0.049,0.051000000000000004
1,162859,162.859180,15,7,2,car,0.53,0.274,0.365,0.046,0.034
1,163055,163.055313,0,0,2,car,0.92,0.539,0.433,0.177,0.187
1,163056,163.055845,0,1,2,car,0.91,0.106,0.41000000000000003,0.211,0.151
1,163056,163.056370,0,2,2,car,0.85,0.888,0.486,0.224,0.27
1,163057,163.056894,0,3,2,car,0.78,0.676,0.404,0.106,0.11900000000000001
1,163057,163.057418,0,4,2,car,0.61,0.449,0.373,0.057,0.051000000000000004
1,163058,163.057861,0,5,2,car,0.5700000000000001,0.738,0.381,0.05,0.051000000000000004
1,163058,163.058311,0,6,2,car,0.55,0.269,0.363,0.046,0.039
1,163059,163.058754,0,7,2,car,0.53,0.306,0.363,0.042,0.039
1,163256,163.256279,1,0,2,car,0.92,0.541,0.431,0.17400000000000002,0.182
1,163257,163.257180,1,1,2,car,0.92,0.129,0.404,0.2,0.136
1,163258,163.257754,1,2,2,car,0.87,0.89,0.487,0.219,0.275
1,163258,163.258286,1,3,2,car,0.78,0.676,0.402,0.092,0.122
1,163259,163.258811,1,4,2,car,0.68,0.45,0.371,0.055,0.05
1,163259,163.259335,1,5,2,car,0.6,0.742,0.379,0.05,0.05
1,163260,163.259818,1,6,2,car,0.58,0.382,0.362,0.055,0.06
1,163260,163.260285,1,7,2,car,0.58,0.041,0.365,0.081,0.092
1,163456,163.455689,2,0,2,car,0.91,0.542,0.429,0.171,0.182
1,163456,163.456246,2,1,2,car,0.9,0.151,0.4,0.19,0.131
1,163457,163.456770,2,2,2,car,0.86,0.893,0.488,0.213,0.276
1,163457,163.457278,2,3,2,car,0.75,0.665,0.402,0.109,0.117
1,163458,163.457753,2,4,2,car,0.7000000000000001,0.382,0.363,0.055,0.061
1,163458,163.458228,2,5,2,car,0.63,0.454,0.371,0.057,0.049
1,163459,163.458622,2,6,2,car,0.63,0.269,0.364,0.073,0.046
1,163459,163.458990,2,7,2,car,0.5700000000000001,0.741,0.377,0.052000000000000005,0.045
1,163656,163.656172,3,0,2,car,0.93,0.166,0.401,0.17400000000000002,0.126
1,163657,163.656647,3,1,2,car,0.9,0.545,0.429,0.17200000000000001,0.179
1,163657,163.657171,3,2,2,car,0.89,0.897,0.494,0.20400000000000001,0.28200000000000003
1,163658,163.657646,3,3,2,car,0.79,0.658,0.4,0.107,0.109
1,163658,163.658179,3,4,2,car,0.74,0.739,0.383,0.053,0.048
1,163659,163.658572,3,5,2,car,0.72,0.381,0.365,0.053,0.06
1,163659,163.658965,3,6,2,car,0.65,0.262,0.364,0.063,0.047
1,163659,163.659342,3,7,2,car,0.61,0.456,0.371,0.056,0.05
1,163856,163.855770,4,0,2,car,0.91,0.181,0.398,0.169,0.11900000000000001
1,163856,163.856327,4,1,2,car,0.91,0.547,0.431,0.168,0.181
1,163857,163.856851,4,2,2,car,0.9,0.9,0.502,0.199,0.289
1,163857,163.857367,4,3,2,car,0.75,0.658,0.399,0.1,0.10300000000000001
1,163858,163.857924,4,4,2,car,0.72,0.74,0.383,0.053,0.048
1,163858,163.858440,4,5,2,car,0.6900000000000001,0.462,0.37,0.057,0.051000000000000004
1,163859,163.858899,4,6,2,car,0.61,0.252,0.364,0.069,0.054
1,163859,163.859309,4,7,2,car,0.59,0.38,0.367,0.055,0.056
1,164055,164.055073,5,0,2,car,0.92,0.547,0.432,0.167,0.183
1,164056,164.055638,5,1,2,car,0.92,0.193,0.396,0.165,0.114
1,164056,164.056171,5,2,2,car,0.85,0.902,0.498,0.196,0.28800000000000003
1,164057,164.056646,5,3,2,car,0.74,0.649,0.4,0.096,0.108
1,164057,164.057170,5,4,2,car,0.6900000000000001,0.044,0.38,0.088,0.082
1,164058,164.057539,5,5,2,car,0.63,0.738,0.385,0.058,0.049
1,164058,164.057907,5,6,2,car,0.58,0.846,0.406,0.10200000000000001,0.093
1,164256,164.255908,6,0,2,car,0.92,0.546,0.434,0.168,0.185
1,164257,164.256834,6,1,2,car,0.92,0.201,0.396,0.157,0.11
1,164258,164.257653,6,2,2,car,0.87,0.904,0.511,0.19,0.313
1,164258,164.258235,6,3,2,car,0.72,0.84,0.402,0.097,0.081
1,164259,164.258742,6,4,2,car,0.7000000000000001,0.739,0.383,0.059000000000000004,0.051000000000000004
1,164259,164.259201,6,5,2,car,0.59,0.637,0.4,0.099,0.106
1,164260,164.259578,6,6,2,car,0.5,0.032,0.373,0.063,0.10300000000000001
1,164456,164.455826,7,0,2,car,0.9400000000000001,0.544,0.434,0.168,0.183
1,164456,164.456309,7,1,2,car,0.9,0.907,0.517,0.184,0.312
1,164457,164.456759,7,2,2,car,0.88,0.20400000000000001,0.397,0.155,0.11
1,164457,164.457218,7,3,2,car,0.79,0.635,0.403,0.081,0.105
1,164458,164.457701,7,4,2,car,0.74,0.841,0.403,0.105,0.083
1,164458,164.458103,7,5,2,car,0.62,0.736,0.385,0.06,0.049
1,164458,164.458472,7,6,2,car,0.5700000000000001,0.37,0.375,0.064,0.056
1,164656,164.656194,8,0,2,car,0.92,0.209,0.397,0.151,0.105
1,164657,164.657037,8,1,2,car,0.92,0.543,0.433,0.166,0.18
1,164658,164.657545,8,2,2,car,0.87,0.908,0.512,0.182,0.326
1,164658,164.658037,8,3,2,car,0.79,0.626,0.403,0.081,0.10400000000000001
1,164659,164.658504,8,4,2,car,0.79,0.841,0.403,0.113,0.085
1,164659,164.658971,8,5,2,car,0.73,0.113,0.371,0.113,0.081
1,164659,164.659348,8,6,2,car,0.7000000000000001,0.369,0.37,0.064,0.066
1,164660,164.659724,8,7,2,car,0.6,0.28800000000000003,0.366,0.068,0.035
1,164855,164.854989,9,0,2,car,0.89,0.907,0.519,0.184,0.319
1,164855,164.855497,9,1,2,car,0.87,0.541,0.432,0.167,0.181
1,164856,164.856005,9,2,2,car,0.85,0.21,0.398,0.148,0.10200000000000001
1,164856,164.856496,9,3,2,car,0.77,0.837,0.398,0.111,0.082
1,164857,164.856939,9,4,2,car,0.67,0.74,0.38,0.055,0.049
1,164857,164.857307,9,5,2,car,0.6,0.277,0.364,0.07100000000000001,0.041
1,164858,164.857676,9,6,2,car,0.6,0.361,0.367,0.066,0.064
1,164858,164.858061,9,7,2,car,0.55,0.623,0.401,0.069,0.095
1,165055,165.054792,10,0,2,car,0.9,0.904,0.517,0.19,0.312
1,165055,165.055275,10,1,2,car,0.89,0.213,0.392,0.153,0.101
1,165056,165.055750,10,2,2,car,0.87,0.541,0.431,0.168,0.181
1,165056,165.056201,10,3,2,car,0.74,0.069,0.561,0.139,0.4
1,165057,165.056586,10,4,2,car,0.73,0.356,0.366,0.069,0.064
1,165057,165.056963,10,5,2,car,0.67,0.837,0.398,0.088,0.073
1,165057,165.057315,10,6,2,car,0.62,0.617,0.401,0.063,0.101
1,165058,165.057667,10,7,2,car,0.58,0.734,0.378,0.056,0.045
1,165256,165.256241,11,0,2,car,0.91,0.903,0.516,0.194,0.309
1,165257,165.257085,11,1,2,car,0.89,0.54,0.437,0.166,0.179
1,165258,165.257970,11,2,2,car,0.88,0.107,0.524,0.214,0.447
1,165258,165.258494,11,3,2,car,0.74,0.8280000000000001,0.397,0.10200000000000001,0.077
1,165259,165.258986,11,4,2,car,0.7000000000000001,0.35100000000000003,0.367,0.07,0.07
1,165259,165.259379,11,5,2,car,0.68,0.218,0.392,0.14200000000000002,0.096
1,165260,165.259764,11,6,2,car,0.58,0.41200000000000003,0.34600000000000003,0.074,0.079
1,165260,165.260165,11,7,2,car,0.52,0.621,0.396,0.064,0.091
1,165456,165.455553,12,0,2,car,0.9,0.135,0.493,0.27,0.356
1,165456,165.456052,12,1,2,car,0.9,0.542,0.433,0.171,0.181
1,165457,165.456552,12,2,2,car,0.88,0.9,0.506,0.199,0.28600000000000003
1,165457,165.457019,12,3,2,car,0.81,0.34700000000000003,0.369,0.079,0.066
1,165458,165.457502,12,4,2,car,0.71,0.8240000000000001,0.399,0.097,0.076
1,165458,165.457871,12,5,2,car,0.7000000000000001,0.23700000000000002,0.393,0.105,0.099
1,165458,165.458264,12,6,2,car,0.58,0.736,0.382,0.055,0.044
1,165459,165.458690,12,7,2,car,0.54,0.625,0.382,0.07,0.07
1,165655,165.654700,13,0,2,car,0.93,0.54,0.435,0.167,0.181
1,165655,165.655216,13,1,2,car,0.91,0.152,0.458,0.304,0.267
1,165656,165.655716,13,2,2,car,0.87,0.897,0.502,0.20500000000000002,0.274
1,165656,165.656183,13,3,2,car,0.72,0.34400000000000003,0.37,0.074,0.07
1,165657,165.656535,13,4,2,car,0.63,0.74,0.383,0.049,0.045
1,165657,165.656953,13,5,2,car,0.62,0.8320000000000001,0.398,0.075,0.069
1,165657,165.657322,13,6,2,car,0.52,0.623,0.381,0.061,0.07
1,165658,165.657715,13,7,2,car,0.52,0.6920000000000001,0.377,0.038,0.039
1,165856,165.855584,14,0,2,car,0.92,0.169,0.454,0.328,0.253
1,165856,165.856436,14,1,2,car,0.9,0.54,0.434,0.168,0.182
1,165857,165.856952,14,2,2,car,0.87,0.892,0.493,0.214,0.28
1,165857,165.857444,14,3,2,car,0.67,0.339,0.367,0.08700000000000001,0.07200000000000001
1,165858,165.857927,14,4,2,car,0.65,0.6960000000000001,0.373,0.043000000000000003,0.042
1,165858,165.858329,14,5,2,car,0.62,0.741,0.381,0.046,0.045
1,165859,165.858697,14,6,2,car,0.54,0.417,0.338,0.067,0.08700000000000001
1,165859,165.859091,14,7,2,car,0.54,0.628,0.374,0.05,0.066
1,166054,166.053888,15,0,2,car,0.91,0.217,0.424,0.276,0.194
1,166054,166.054363,15,1,2,car,0.9,0.541,0.428,0.171,0.182
1,166055,166.054822,15,2,2,car,0.85,0.888,0.483,0.224,0.272
1,166055,166.055281,15,3,2,car,0.67,0.627,0.366,0.052000000000000005,0.064
1,166056,166.055674,15,4,2,car,0.59,0.8150000000000001,0.379,0.088,0.079
1,166056,166.056067,15,5,2,car,0.54,0.383,0.359,0.054,0.052000000000000005
1,166056,166.056452,15,6,2,car,0.54,0.6970000000000001,0.365,0.04,0.042
1,166057,166.056854,15,7,2,car,0.53,0.742,0.37,0.052000000000000005,0.042
1,166255,166.255166,0,0,2,car,0.92,0.255,0.41000000000000003,0.23700000000000002,0.181
1,166256,166.256017,0,1,2,car,0.92,0.543,0.419,0.171,0.18
1,166256,166.256476,0,2,2,car,0.88,0.885,0.47800000000000004,0.229,0.269
1,166257,166.256976,0,3,2,car,0.66,0.40900000000000003,0.322,0.069,0.08
1,166257,166.257377,0,4,2,car,0.6,0.626,0.357,0.051000000000000004,0.059000000000000004
1,166258,166.257754,0,5,2,car,0.56,0.07,0.357,0.11900000000000001,0.084
1,166258,166.258147,0,6,2,car,0.53,0.373,0.354,0.068,0.063
1,166455,166.454764,1,0,2,car,0.92,0.28300000000000003,0.41100000000000003,0.21,0.165
1,166455,166.455255,1,1,2,car,0.92,0.543,0.432,0.168,0.186
1,166456,166.455706,1,2,2,car,0.9,0.879,0.47900000000000004,0.23800000000000002,0.246
1,166456,166.456164,1,3,2,car,0.89,0.17200000000000001,0.389,0.123,0.117
1,166457,166.456640,1,4,2,car,0.72,0.626,0.37,0.053,0.065
1,166457,166.457041,1,5,2,car,0.63,0.40800000000000003,0.331,0.08,0.084
1,166457,166.457434,1,6,2,car,0.53,0.069,0.369,0.137,0.099
1,166655,166.655140,2,0,2,car,0.91,0.544,0.428,0.168,0.184
1,166656,166.655877,2,1,2,car,0.9,0.874,0.466,0.248,0.228
1,166656,166.656369,2,2,2,car,0.89,0.171,0.391,0.154,0.123
1,166657,166.656868,2,3,2,car,0.89,0.308,0.396,0.185,0.133
1,166657,166.657344,2,4,2,car,0.6900000000000001,0.402,0.33,0.08,0.088
1,166658,166.657729,2,5,2,car,0.6900000000000001,0.626,0.369,0.051000000000000004,0.063
1,166658,166.658097,2,6,2,car,0.59,0.05,0.365,0.1,0.083
1,166855,166.854869,3,0,2,car,0.91,0.328,0.39,0.169,0.139
1,166856,166.855590,3,1,2,car,0.91,0.164,0.386,0.17500000000000002,0.126
1,166856,166.856131,3,2,2,car,0.9,0.545,0.427,0.176,0.19
1,166857,166.856647,3,3,2,car,0.89,0.868,0.458,0.253,0.222
1,166857,166.857097,3,4,2,car,0.6900000000000001,0.402,0.327,0.074,0.089
1,166858,166.857556,3,5,2,car,0.66,0.627,0.363,0.051000000000000004,0.06
1,167054,167.054041,4,0,2,car,0.93,0.545,0.431,0.177,0.189
1,167055,167.054541,4,1,2,car,0.91,0.15,0.393,0.2,0.13
1,167055,167.054991,4,2,2,car,0.91,0.865,0.453,0.264,0.20500000000000002
1,167055,167.055385,4,3,2,car,0.89,0.34500000000000003,0.389,0.154,0.12
1,167056,167.055753,4,4,2,car,0.72,0.399,0.331,0.08,0.093
1,167056,167.056147,4,5,2,car,0.71,0.275,0.362,0.098,0.099
1,167057,167.056507,4,6,2,car,0.6900000000000001,0.625,0.364,0.054,0.077
1,167057,167.056900,4,7,2,car,0.51,0.031,0.352,0.064,0.059000000000000004
1,167255,167.255065,5,0,2,car,0.92,0.362,0.389,0.146,0.128
1,167256,167.255958,5,1,2,car,0.92,0.129,0.393,0.20700000000000002,0.138
1,167257,167.256859,5,2,2,car,0.92,0.86,0.448,0.271,0.20800000000000002
1,167257,167.257359,5,3,2,car,0.9,0.549,0.428,0.184,0.192
1,167258,167.257866,5,4,2,car,0.66,0.261,0.36,0.095,0.10200000000000001
1,167258,167.258251,5,5,2,car,0.59,0.395,0.322,0.078,0.082
1,167259,167.258677,5,6,2,car,0.58,0.63,0.364,0.048,0.059000000000000004
1,167259,167.259046,5,7,2,car,0.51,0.022,0.371,0.045,0.117
1,167455,167.454515,6,0,2,car,0.92,0.109,0.392,0.219,0.148
1,167455,167.454974,6,1,2,car,0.91,0.553,0.422,0.181,0.196
1,167455,167.455375,6,2,2,car,0.9,0.845,0.435,0.254,0.196
1,167456,167.455826,6,3,2,car,0.85,0.376,0.377,0.13,0.126
1,167456,167.456228,6,4,2,car,0.5700000000000001,0.977,0.455,0.045,0.186
1,167457,167.456645,6,5,2,car,0.53,0.631,0.361,0.043000000000000003,0.055
1,167654,167.653515,7,0,2,car,0.91,0.554,0.422,0.183,0.197
1,167654,167.653974,7,1,2,car,0.91,0.8260000000000001,0.41600000000000004,0.23500000000000001,0.168
1,167654,167.654449,7,2,2,car,0.88,0.098,0.397,0.196,0.159
1,167655,167.654924,7,3,2,car,0.84,0.242,0.358,0.147,0.11
1,167655,167.655309,7,4,2,car,0.79,0.97,0.423,0.061,0.14100000000000001
1,167656,167.655686,7,5,2,car,0.71,0.387,0.365,0.123,0.128
1,167854,167.853933,8,0,2,car,0.91,0.811,0.40700000000000003,0.225,0.176
1,167854,167.854432,8,1,2,car,0.9,0.558,0.41500000000000004,0.187,0.2
1,167855,167.854924,8,2,2,car,0.87,0.088,0.396,0.17500000000000002,0.17400000000000002
1,167855,167.855383,8,3,2,car,0.79,0.963,0.41600000000000004,0.073,0.139
1,167856,167.855858,8,4,2,car,0.77,0.216,0.356,0.189,0.12
1,167856,167.856259,8,5,2,car,0.6900000000000001,0.396,0.363,0.11900000000000001,0.101
1,167857,167.856652,8,6,2,car,0.51,0.321,0.342,0.077,0.075
1,168053,168.053326,9,0,2,car,0.93,0.791,0.402,0.20400000000000001,0.167
1,168054,168.053850,9,1,2,car,0.9,0.558,0.41000000000000003,0.19,0.201
1,168054,168.054317,9,2,2,car,0.87,0.07,0.403,0.14,0.193
1,168055,168.054768,9,3,2,car,0.85,0.9540000000000001,0.386,0.089,0.153
1,168055,168.055153,9,4,2,car,0.8,0.201,0.357,0.17,0.128
1,168056,168.055530,9,5,2,car,0.7000000000000001,0.403,0.363,0.108,0.096
1,168056,168.055923,9,6,2,car,0.51,0.328,0.34800000000000003,0.06,0.066
1,168255,168.254751,10,0,2,car,0.92,0.779,0.40900000000000003,0.193,0.162
1,168256,168.255619,10,1,2,car,0.91,0.559,0.425,0.193,0.20600000000000002
1,168256,168.256127,10,2,2,car,0.86,0.9480000000000001,0.398,0.10300000000000001,0.152
1,168257,168.256643,10,3,2,car,0.74,0.40900000000000003,0.371,0.106,0.098
1,168257,168.257118,10,4,2,car,0.71,0.051000000000000004,0.41300000000000003,0.101,0.188
1,168257,168.257479,10,5,2,car,0.67,0.319,0.361,0.064,0.069
1,168258,168.257864,10,6,2,car,0.65,0.167,0.374,0.185,0.136
1,168258,168.258249,10,7,2,car,0.56,0.266,0.359,0.052000000000000005,0.074
1,168456,168.455635,11,0,2,car,0.93,0.763,0.40900000000000003,0.18,0.153
1,168456,168.456249,11,1,2,car,0.91,0.559,0.429,0.198,0.209
1,168457,168.456757,11,2,2,car,0.8,0.14400000000000002,0.38,0.2,0.151
1,168457,168.457265,11,3,2,car,0.78,0.316,0.366,0.084,0.069
1,168458,168.457740,11,4,2,car,0.78,0.41500000000000004,0.374,0.099,0.089
1,168458,168.458215,11,5,2,car,0.7000000000000001,0.867,0.38,0.08,0.055
1,168459,168.458609,11,6,2,car,0.68,0.9410000000000001,0.417,0.114,0.14100000000000001
1,168459,168.458994,11,7,2,car,0.6,0.215,0.358,0.132,0.1
1,168655,168.654979,12,0,2,car,0.91,0.9380000000000001,0.395,0.124,0.151
1,168656,168.655675,12,1,2,car,0.9,0.754,0.4,0.17300000000000001,0.14100000000000001
1,168656,168.656192,12,2,2,car,0.88,0.558,0.42,0.202,0.20700000000000002
1,168657,168.656699,12,3,2,car,0.84,0.108,0.38,0.218,0.165
1,168657,168.657150,12,4,2,car,0.77,0.417,0.368,0.089,0.083
1,168658,168.657519,12,5,2,car,0.77,0.305,0.361,0.091,0.075
1,168658,168.657912,12,6,2,car,0.62,0.163,0.341,0.11,0.094
1,168658,168.658289,12,7,2,car,0.59,0.866,0.373,0.067,0.061
1,168855,168.854594,13,0,2,car,0.9,0.561,0.431,0.199,0.209
1,168855,168.855331,13,1,2,car,0.89,0.098,0.399,0.196,0.19
1,168856,168.855822,13,2,2,car,0.84,0.935,0.41100000000000003,0.13,0.15
1,168856,168.856330,13,3,2,car,0.8300000000000001,0.291,0.379,0.1,0.084
1,168857,168.856797,13,4,2,car,0.78,0.425,0.38,0.09,0.082
1,168857,168.857182,13,5,2,car,0.75,0.749,0.41100000000000003,0.14400000000000002,0.136
1,168858,168.857551,13,6,2,car,0.7000000000000001,0.864,0.389,0.063,0.073
1,168858,168.857944,13,7,2,car,0.64,0.367,0.339,0.125,0.126
1,169054,169.053659,14,0,2,car,0.89,0.56,0.434,0.203,0.199
1,169054,169.054151,14,1,2,car,0.88,0.926,0.40900000000000003,0.145,0.137
1,169055,169.054536,14,2,2,car,0.88,0.084,0.406,0.168,0.201
1,169055,169.055011,14,3,2,car,0.88,0.722,0.40800000000000003,0.154,0.131
1,169055,169.055429,14,4,2,car,0.85,0.278,0.383,0.11,0.08600000000000001
1,169056,169.055797,14,5,2,car,0.84,0.426,0.382,0.083,0.078
1,169056,169.056190,14,6,2,car,0.6,0.14100000000000001,0.366,0.083,0.074
1,169057,169.056567,14,7,2,car,0.59,0.802,0.388,0.065,0.068
1,169255,169.255133,15,0,2,car,0.9,0.921,0.40900000000000003,0.155,0.137
1,169256,169.255993,15,1,2,car,0.88,0.561,0.438,0.20600000000000002,0.199
1,169257,169.256870,15,2,2,car,0.86,0.061,0.404,0.121,0.202
1,169258,169.257779,15,3,2,car,0.84,0.729,0.406,0.115,0.12
1,169258,169.258295,15,4,2,car,0.74,0.259,0.382,0.11800000000000001,0.091
1,169259,169.258697,15,5,2,car,0.73,0.43,0.381,0.079,0.078
1,169259,169.259065,15,6,2,car,0.67,0.34500000000000003,0.341,0.147,0.138
1,169259,169.259450,15,7,2,car,0.65,0.8140000000000001,0.388,0.061,0.061
1,169455,169.454527,0,0,2,car,0.91,0.919,0.40700000000000003,0.154,0.132
1,169455,169.455452,0,1,2,car,0.89,0.561,0.443,0.209,0.214
1,169456,169.456190,0,2,2,car,0.8200000000000001,0.242,0.389,0.133,0.098
1,169457,169.456697,0,3,2,car,0.74,0.435,0.384,0.079,0.078
1,169457,169.457197,0,4,2,car,0.6900000000000001,0.713,0.404,0.113,0.116
1,169458,169.457664,0,5,5,bus,0.68,0.34,0.342,0.148,0.145
1,169458,169.458049,0,6,2,car,0.66,0.8140000000000001,0.385,0.097,0.066
1,169458,169.458418,0,7,2,car,0.65,0.038,0.371,0.074,0.09
1,169654,169.654436,1,0,2,car,0.91,0.56,0.446,0.21,0.219
1,169655,169.655288,1,1,2,car,0.87,0.915,0.40800000000000003,0.165,0.126
1,169656,169.656156,1,2,2,car,0.84,0.216,0.391,0.147,0.1
1,169657,169.657033,1,3,2,car,0.84,0.705,0.402,0.107,0.115
1,169657,169.657483,1,4,2,car,0.77,0.078,0.551,0.158,0.422
1,169658,169.657860,1,5,2,car,0.65,0.438,0.383,0.078,0.078
1,169658,169.658245,1,6,5,bus,0.53,0.331,0.341,0.157,0.15
1,169659,169.658606,1,7,2,car,0.53,0.113,0.391,0.10300000000000001,0.116
1,169855,169.854665,2,0,2,car,0.92,0.559,0.451,0.213,0.223
1,169855,169.855386,2,1,2,car,0.89,0.109,0.544,0.217,0.429
1,169856,169.856082,2,2,5,bus,0.86,0.322,0.343,0.167,0.16
1,169857,169.856598,2,3,2,car,0.8300000000000001,0.193,0.395,0.155,0.111
1,169857,169.857090,2,4,2,car,0.8200000000000001,0.7010000000000001,0.402,0.093,0.112
1,169857,169.857458,2,5,2,car,0.8200000000000001,0.91,0.41600000000000004,0.17500000000000002,0.136
1,169858,169.857852,2,6,2,car,0.67,0.44,0.385,0.079,0.079
1,169858,169.858245,2,7,2,car,0.53,0.802,0.393,0.059000000000000004,0.053
1,170053,170.053386,3,0,2,car,0.91,0.133,0.496,0.267,0.337
1,170054,170.054099,3,1,2,car,0.86,0.558,0.441,0.215,0.226
1,170055,170.054631,3,2,5,bus,0.85,0.307,0.334,0.183,0.168
1,170055,170.055131,3,3,2,car,0.81,0.905,0.402,0.185,0.124
1,170056,170.055508,3,4,2,car,0.8,0.6910000000000001,0.393,0.098,0.10200000000000001
1,170056,170.055909,3,5,2,car,0.67,0.441,0.371,0.069,0.064
1,170056,170.056286,3,6,2,car,0.6,0.977,0.526,0.046,0.322
1,170254,170.253525,4,0,2,car,0.91,0.149,0.47200000000000003,0.298,0.291
1,170254,170.254025,4,1,2,car,0.88,0.556,0.445,0.217,0.225
1,170254,170.254492,4,2,2,car,0.81,0.441,0.374,0.065,0.066
1,170255,170.254975,4,3,5,bus,0.8,0.293,0.336,0.189,0.177
1,170255,170.255450,4,4,2,car,0.79,0.683,0.391,0.096,0.099
1,170256,170.255827,4,5,2,car,0.78,0.888,0.401,0.194,0.123
1,170256,170.256212,4,6,2,car,0.73,0.9570000000000001,0.525,0.082,0.27
1,170257,170.256572,4,7,2,car,0.5,0.489,0.295,0.036000000000000004,0.028
1,170454,170.454376,5,0,2,car,0.89,0.554,0.443,0.22,0.233
1,170455,170.455097,5,1,2,car,0.85,0.874,0.401,0.159,0.127
1,170456,170.455794,5,2,2,car,0.8300000000000001,0.9390000000000001,0.487,0.115,0.292
1,170456,170.456457,5,3,2,car,0.77,0.163,0.442,0.325,0.227
1,170457,170.456973,5,4,2,car,0.76,0.674,0.389,0.095,0.096
1,170457,170.457457,5,5,2,car,0.74,0.44,0.373,0.062,0.068
1,170458,170.457916,5,6,5,bus,0.72,0.277,0.329,0.2,0.177
1,170654,170.654065,6,0,2,car,0.88,0.552,0.441,0.22,0.227
1,170655,170.654917,6,1,2,car,0.88,0.067,0.405,0.135,0.167
1,170656,170.655564,6,2,2,car,0.85,0.856,0.399,0.138,0.127
1,170657,170.656555,6,3,2,car,0.85,0.196,0.437,0.303,0.231
1,170657,170.657055,6,4,2,car,0.84,0.924,0.461,0.149,0.312
1,170658,170.657555,6,5,2,car,0.79,0.673,0.383,0.08600000000000001,0.093
1,170658,170.657915,6,6,2,car,0.72,0.444,0.371,0.064,0.07200000000000001
1,170658,170.658292,6,7,7,truck,0.59,0.262,0.314,0.214,0.17
1,170853,170.853229,7,0,2,car,0.89,0.063,0.41400000000000003,0.125,0.168
1,170854,170.853704,7,1,2,car,0.88,0.23500000000000001,0.424,0.26,0.197
1,170854,170.854195,7,2,2,car,0.8,0.665,0.387,0.08600000000000001,0.089
1,170855,170.854671,7,3,2,car,0.78,0.549,0.445,0.22,0.225
1,170855,170.855137,7,4,2,car,0.76,0.834,0.397,0.114,0.117
1,170856,170.855531,7,5,2,car,0.72,0.445,0.372,0.062,0.067
1,170856,170.855907,7,6,2,car,0.7000000000000001,0.911,0.482,0.177,0.35000000000000003
1,170856,170.856284,7,7,5,bus,0.58,0.242,0.303,0.246,0.157
1,171053,171.053171,8,0,2,car,0.85,0.266,0.421,0.224,0.181
1,171054,171.053695,8,1,2,car,0.81,0.895,0.48,0.21,0.318
1,171054,171.054162,8,2,2,car,0.81,0.053,0.422,0.105,0.164
1,171055,171.054547,8,3,2,car,0.74,0.45,0.378,0.068,0.066
1,171055,171.055006,8,4,2,car,0.74,0.664,0.391,0.08,0.09
1,171055,171.055407,8,5,2,car,0.73,0.548,0.481,0.219,0.163
1,171056,171.055784,8,6,5,bus,0.7000000000000001,0.234,0.332,0.277,0.218
1,171056,171.056169,8,7,2,car,0.56,0.541,0.381,0.17200000000000001,0.082
1,171253,171.252908,9,0,2,car,0.91,0.291,0.41200000000000003,0.199,0.157
1,171253,171.253334,9,1,2,car,0.86,0.879,0.459,0.23800000000000002,0.272
1,171254,171.253785,9,2,2,car,0.78,0.658,0.39,0.074,0.085
1,171254,171.254260,9,3,2,car,0.77,0.544,0.48,0.215,0.168
1,171255,171.254882,9,4,5,bus,0.74,0.198,0.327,0.29,0.23900000000000002
1,171255,171.255284,9,5,2,car,0.71,0.029,0.421,0.059000000000000004,0.17300000000000001
1,171256,171.255726,9,6,2,car,0.63,0.446,0.373,0.065,0.067
1,171256,171.256136,9,7,2,car,0.54,0.538,0.383,0.161,0.092
1,171453,171.453407,10,0,2,car,0.92,0.316,0.406,0.177,0.14300000000000002
1,171454,171.453948,10,1,2,car,0.89,0.876,0.45,0.242,0.252
1,171454,171.454472,10,2,2,car,0.79,0.657,0.387,0.069,0.084
1,171455,171.455005,10,3,5,bus,0.77,0.17300000000000001,0.328,0.332,0.257
1,171456,171.455537,10,4,2,car,0.65,0.543,0.47700000000000004,0.212,0.164
1,171456,171.456004,10,5,2,car,0.58,0.444,0.367,0.051000000000000004,0.064
1,171456,171.456463,10,6,2,car,0.51,0.538,0.382,0.169,0.093
1,171653,171.653210,11,0,2,car,0.91,0.867,0.441,0.258,0.233
1,171654,171.654119,11,1,5,bus,0.89,0.164,0.322,0.327,0.28400000000000003
1,171655,171.654726,11,2,2,car,0.84,0.335,0.397,0.162,0.126
1,171655,171.655250,11,3,2,car,0.76,0.653,0.379,0.07200000000000001,0.075
1,171656,171.655758,11,4,2,car,0.68,0.54,0.464,0.20800000000000002,0.196
1,171656,171.656290,11,5,2,car,0.5700000000000001,0.447,0.364,0.054,0.066
1,171852,171.852251,12,0,2,car,0.9,0.859,0.441,0.264,0.232
1,171853,171.852800,12,1,5,bus,0.85,0.152,0.314,0.303,0.3
1,171853,171.853333,12,2,2,car,0.84,0.352,0.394,0.146,0.11900000000000001
1,171854,171.853849,12,3,2,car,0.79,0.539,0.449,0.20800000000000002,0.221
1,171854,171.854381,12,4,2,car,0.73,0.651,0.379,0.075,0.077
1,171855,171.854824,12,5,2,car,0.5700000000000001,0.453,0.363,0.056,0.07100000000000001
1,172052,172.051890,13,0,2,car,0.9,0.837,0.441,0.23800000000000002,0.214
1,172052,172.052415,13,1,2,car,0.9,0.362,0.394,0.134,0.111
1,172053,172.052931,13,2,2,car,0.72,0.65,0.377,0.069,0.074
1,172053,172.053373,13,3,2,car,0.6900000000000001,0.54,0.45,0.20500000000000002,0.224
1,172054,172.053750,13,4,5,bus,0.59,0.151,0.319,0.302,0.342
1,172054,172.054127,13,5,2,car,0.5700000000000001,0.456,0.361,0.055,0.062
1,172253,172.253135,14,0,2,car,0.92,0.8180000000000001,0.432,0.221,0.198
1,172254,172.253741,14,1,5,bus,0.86,0.14200000000000002,0.319,0.28400000000000003,0.397
1,172254,172.254306,14,2,2,car,0.76,0.374,0.387,0.124,0.10400000000000001
1,172255,172.254839,14,3,2,car,0.73,0.54,0.448,0.20400000000000001,0.22
1,172255,172.255388,14,4,2,car,0.66,0.652,0.373,0.068,0.07200000000000001
1,172256,172.255912,14,5,2,car,0.65,0.9570000000000001,0.41100000000000003,0.084,0.093
1,172256,172.256363,14,6,2,car,0.51,0.421,0.295,0.04,0.032
1,172257,172.256813,14,7,2,car,0.5,0.5710000000000001,0.325,0.04,0.029
1,172453,172.453347,15,0,2,car,0.91,0.802,0.418,0.20500000000000002,0.192
1,172454,172.454257,15,1,5,bus,0.88,0.128,0.311,0.256,0.41100000000000003
1,172455,172.455158,15,2,2,car,0.79,0.541,0.435,0.202,0.23
1,172456,172.455739,15,3,2,car,0.73,0.653,0.365,0.069,0.076
1,172456,172.456288,15,4,2,car,0.6900000000000001,0.385,0.383,0.117,0.10300000000000001
1,172457,172.456805,15,5,2,car,0.6900000000000001,0.963,0.40900000000000003,0.074,0.101
1,172457,172.457271,15,6,2,car,0.56,0.325,0.297,0.041,0.035
1,172458,172.457747,15,7,2,car,0.55,0.41200000000000003,0.295,0.043000000000000003,0.038
1,172652,172.651913,0,0,5,bus,0.88,0.117,0.32,0.234,0.406
1,172652,172.652478,0,1,2,car,0.87,0.79,0.421,0.192,0.176
1,172653,172.653011,0,2,2,car,0.76,0.654,0.365,0.062,0.068
1,172654,172.653543,0,3,2,car,0.7000000000000001,0.394,0.382,0.115,0.093
1,172654,172.654084,0,4,2,car,0.62,0.314,0.304,0.05,0.034
1,172655,172.654658,0,5,2,car,0.62,0.973,0.41200000000000003,0.053,0.096
1,172853,172.852535,1,0,2,car,0.91,0.776,0.41200000000000003,0.181,0.166
1,172853,172.853117,1,1,2,car,0.75,0.545,0.434,0.195,0.214
1,172854,172.853674,1,2,2,car,0.73,0.299,0.299,0.05,0.035
1,172854,172.854190,1,3,2,car,0.71,0.655,0.358,0.063,0.069
1,172855,172.854731,1,4,2,car,0.67,0.402,0.378,0.106,0.093
1,172855,172.855263,1,5,2,car,0.61,0.23,0.307,0.052000000000000005,0.029
1,172856,172.855730,1,6,2,car,0.6,0.389,0.298,0.039,0.036000000000000004
1,172856,172.856189,1,7,5,bus,0.5,0.109,0.297,0.219,0.405
1,173051,173.051298,2,0,2,car,0.91,0.765,0.405,0.168,0.156
1,173052,173.051814,2,1,2,car,0.84,0.548,0.431,0.195,0.211
1,173052,173.052322,2,2,2,car,0.66,0.657,0.34500000000000003,0.063,0.077
1,173053,173.052863,2,3,2,car,0.65,0.214,0.305,0.056,0.029
1,173053,173.053420,2,4,2,car,0.65,0.28500000000000003,0.297,0.049,0.036000000000000004
1,173054,173.053829,2,5,2,car,0.58,0.419,0.365,0.116,0.08700000000000001
1,173054,173.054296,2,6,2,car,0.56,0.371,0.297,0.053,0.037
1,173253,173.252723,3,0,2,car,0.88,0.755,0.406,0.157,0.154
1,173254,173.253657,3,1,2,car,0.78,0.548,0.433,0.19,0.213
1,173254,173.254246,3,2,2,car,0.73,0.269,0.3,0.052000000000000005,0.039
1,173255,173.254771,3,3,2,car,0.67,0.417,0.369,0.09,0.075
1,173255,173.255303,3,4,2,car,0.65,0.34900000000000003,0.299,0.064,0.045
1,173256,173.255844,3,5,2,car,0.53,0.659,0.34800000000000003,0.059000000000000004,0.07100000000000001
1,173452,173.452427,4,0,2,car,0.75,0.747,0.404,0.146,0.133
1,173453,173.452976,4,1,2,car,0.74,0.331,0.302,0.062,0.053
1,173453,173.453492,4,2,2,car,0.67,0.252,0.303,0.056,0.04
1,173454,173.454025,4,3,2,car,0.65,0.166,0.311,0.07100000000000001,0.035
1,173455,173.454557,4,4,2,car,0.61,0.548,0.438,0.186,0.198
1,173455,173.455016,4,5,2,car,0.58,0.428,0.365,0.098,0.08
1,173455,173.455475,4,6,2,car,0.53,0.792,0.363,0.062,0.083
1,173456,173.455852,4,7,2,car,0.52,0.41300000000000003,0.276,0.039,0.037
1,173653,173.652837,5,0,2,car,0.78,0.739,0.401,0.145,0.136
1,173654,173.653639,5,1,2,car,0.76,0.065,0.514,0.131,0.41000000000000003
1,173655,173.654540,5,2,2,car,0.75,0.232,0.3,0.057,0.042
1,173655,173.655114,5,3,2,car,0.71,0.309,0.3,0.068,0.062
1,173656,173.655687,5,4,2,car,0.63,0.794,0.36,0.061,0.084
1,173656,173.656146,5,5,5,bus,0.6,0.548,0.439,0.186,0.199
1,173657,173.656621,5,6,2,car,0.58,0.403,0.276,0.039,0.033
1,173657,173.657088,5,7,2,car,0.58,0.437,0.354,0.094,0.083
1,173853,173.852893,6,0,2,car,0.86,0.728,0.396,0.134,0.129
1,173853,173.853459,6,1,2,car,0.84,0.55,0.439,0.185,0.201
1,173854,173.853983,6,2,2,car,0.8200000000000001,0.089,0.503,0.177,0.423
1,173855,173.854523,6,3,2,car,0.76,0.791,0.356,0.06,0.088
1,173855,173.854990,6,4,2,car,0.71,0.961,0.528,0.077,0.372
1,173855,173.855441,6,5,2,car,0.7000000000000001,0.28,0.304,0.077,0.065
1,173856,173.855875,6,6,2,car,0.67,0.212,0.305,0.067,0.043000000000000003
1,173856,173.856252,6,7,2,car,0.61,0.442,0.353,0.09,0.084
1,174052,174.051983,7,0,2,car,0.88,0.55,0.437,0.183,0.199
1,174053,174.052532,7,1,2,car,0.8300000000000001,0.10400000000000001,0.505,0.20800000000000002,0.41500000000000004
1,174053,174.053040,7,2,2,car,0.8300000000000001,0.9400000000000001,0.516,0.117,0.319
1,174054,174.053565,7,3,2,car,0.8200000000000001,0.726,0.393,0.124,0.126
1,174054,174.054040,7,4,2,car,0.75,0.246,0.313,0.09,0.065
1,174054,174.054474,7,5,2,car,0.71,0.792,0.352,0.058,0.079
1,174055,174.054949,7,6,2,car,0.68,0.444,0.34900000000000003,0.082,0.07100000000000001
1,174055,174.055318,7,7,2,car,0.62,0.379,0.28,0.048,0.034
1,174253,174.252769,8,0,2,car,0.9,0.12,0.497,0.24,0.421
1,174253,174.253326,8,1,2,car,0.89,0.553,0.431,0.181,0.197
1,174254,174.253859,8,2,2,car,0.88,0.722,0.384,0.11800000000000001,0.12
1,174254,174.254383,8,3,2,car,0.8,0.924,0.482,0.149,0.355
1,174255,174.254932,8,4,2,car,0.77,0.791,0.34600000000000003,0.062,0.077
1,174255,174.255465,8,5,2,car,0.74,0.188,0.312,0.124,0.076
1,174256,174.255907,8,6,2,car,0.66,0.372,0.277,0.054,0.039
1,174256,174.256349,8,7,2,car,0.64,0.453,0.343,0.083,0.077
1,174453,174.453088,9,0,2,car,0.91,0.128,0.484,0.256,0.393
1,174454,174.453981,9,1,2,car,0.89,0.552,0.429,0.179,0.195
1,174455,174.454571,9,2,2,car,0.86,0.91,0.504,0.178,0.438
1,174455,174.455095,9,3,2,car,0.85,0.72,0.375,0.113,0.11800000000000001
1,174456,174.455644,9,4,2,car,0.74,0.459,0.335,0.081,0.075
1,174456,174.456103,9,5,2,car,0.71,0.787,0.339,0.068,0.073
1,174457,174.456553,9,6,2,car,0.7000000000000001,0.24,0.295,0.067,0.054
1,174457,174.457021,9,7,2,car,0.68,0.356,0.277,0.06,0.041
1,174653,174.652637,10,0,2,car,0.9400000000000001,0.138,0.462,0.276,0.352
1,174654,174.653506,10,1,2,car,0.92,0.902,0.483,0.192,0.41400000000000003
1,174654,174.654104,10,2,2,car,0.91,0.553,0.421,0.179,0.20500000000000002
1,174655,174.654653,10,3,2,car,0.81,0.721,0.367,0.106,0.114
1,174655,174.655177,10,4,2,car,0.75,0.789,0.332,0.065,0.074
1,174656,174.655693,10,5,2,car,0.71,0.464,0.326,0.078,0.075
1,174656,174.656143,10,6,2,car,0.64,0.214,0.298,0.07,0.054
1,174657,174.656594,10,7,2,car,0.61,0.34600000000000003,0.276,0.054,0.045
1,174853,174.852669,11,0,2,car,0.92,0.894,0.47100000000000003,0.211,0.382
1,174854,174.853620,11,1,2,car,0.91,0.146,0.453,0.291,0.312
1,174854,174.854185,11,2,2,car,0.9,0.553,0.417,0.18,0.20400000000000001
1,174855,174.854742,11,3,2,car,0.8200000000000001,0.72,0.359,0.107,0.113
1,174855,174.855266,11,4,2,car,0.73,0.787,0.327,0.067,0.074
1,174856,174.855783,11,5,2,car,0.6900000000000001,0.468,0.323,0.073,0.082
1,174856,174.856217,11,6,2,car,0.64,0.328,0.277,0.061,0.043000000000000003
1,174857,174.856659,11,7,2,car,0.6,0.612,0.295,0.051000000000000004,0.058
1,175051,175.051350,12,0,2,car,0.91,0.553,0.41200000000000003,0.18,0.20600000000000002
1,175052,175.051809,12,1,2,car,0.91,0.887,0.451,0.223,0.329
1,175052,175.052268,12,2,2,car,0.9,0.155,0.419,0.309,0.28400000000000003
1,175053,175.052726,12,3,2,car,0.8300000000000001,0.719,0.35000000000000003,0.10200000000000001,0.10400000000000001
1,175053,175.053185,12,4,2,car,0.75,0.47500000000000003,0.319,0.073,0.075
1,175054,175.053652,12,5,2,car,0.68,0.788,0.325,0.069,0.08
1,175054,175.054103,12,6,2,car,0.54,0.616,0.289,0.045,0.058
1,175054,175.054496,12,7,2,car,0.54,0.312,0.277,0.06,0.045
1,175252,175.251661,13,0,2,car,0.91,0.161,0.423,0.322,0.267
1,175252,175.252210,13,1,2,car,0.9,0.883,0.428,0.231,0.28500000000000003
1,175253,175.252734,13,2,2,car,0.89,0.551,0.41000000000000003,0.178,0.2
1,175253,175.253250,13,3,2,car,0.84,0.719,0.343,0.098,0.106
1,175254,175.253783,13,4,2,car,0.65,0.788,0.315,0.065,0.063
1,175254,175.254323,13,5,2,car,0.64,0.47800000000000004,0.313,0.066,0.067
1,175255,175.254684,13,6,2,car,0.64,0.272,0.28,0.109,0.053
1,175255,175.255151,13,7,2,car,0.55,0.618,0.28300000000000003,0.041,0.048
1,175452,175.452267,14,0,2,car,0.9,0.552,0.403,0.178,0.195
1,175453,175.453160,14,1,2,car,0.88,0.167,0.41500000000000004,0.333,0.246
1,175454,175.453733,14,2,2,car,0.87,0.879,0.417,0.23900000000000002,0.28400000000000003
1,175454,175.454249,14,3,2,car,0.84,0.722,0.336,0.098,0.106
1,175455,175.454773,14,4,2,car,0.81,0.786,0.316,0.059000000000000004,0.076
1,175455,175.455289,14,5,2,car,0.79,0.485,0.305,0.07200000000000001,0.076
1,175456,175.455748,14,6,2,car,0.55,0.597,0.276,0.083,0.065
1,175456,175.456207,14,7,2,car,0.52,0.665,0.296,0.065,0.073
1,175652,175.652012,15,0,2,car,0.9,0.191,0.395,0.312,0.234
1,175653,175.652602,15,1,2,car,0.88,0.552,0.405,0.181,0.201
1,175653,175.653118,15,2,2,car,0.88,0.874,0.397,0.243,0.248
1,175654,175.653659,15,3,2,car,0.8,0.721,0.333,0.089,0.096
1,175654,175.654175,15,4,2,car,0.72,0.487,0.304,0.069,0.073
1,175655,175.654650,15,5,2,car,0.7000000000000001,0.784,0.311,0.056,0.064
1,175655,175.655101,15,6,2,car,0.59,0.617,0.28200000000000003,0.04,0.039
1,175655,175.655477,15,7,2,car,0.55,0.542,0.28800000000000003,0.047,0.041
1,175851,175.851242,0,0,2,car,0.91,0.55,0.40900000000000003,0.183,0.209
1,175852,175.851799,0,1,2,car,0.9,0.874,0.395,0.248,0.231
1,175852,175.852323,0,2,2,car,0.89,0.211,0.402,0.293,0.209
1,175853,175.852847,0,3,2,car,0.78,0.724,0.341,0.09,0.096
1,175853,175.853371,0,4,2,car,0.65,0.619,0.28600000000000003,0.041,0.044
1,175854,175.853863,0,5,2,car,0.58,0.017,0.318,0.034,0.094
1,175854,175.854240,0,6,2,car,0.56,0.492,0.31,0.073,0.074
1,175855,175.854658,0,7,2,car,0.52,0.668,0.301,0.064,0.068
1,176051,176.050610,1,0,2,car,0.9,0.552,0.41300000000000003,0.181,0.201
1,176051,176.051069,1,1,2,car,0.9,0.873,0.4,0.251,0.234
1,176052,176.051511,1,2,2,car,0.89,0.231,0.401,0.278,0.20400000000000001
1,176052,176.051937,1,3,2,car,0.8,0.723,0.34800000000000003,0.082,0.092
1,176052,176.052330,1,4,2,car,0.58,0.354,0.292,0.069,0.047
1,176053,176.052666,1,5,2,car,0.56,0.40700000000000003,0.3,0.052000000000000005,0.037
1,176053,176.053060,1,6,2,car,0.51,0.585,0.28800000000000003,0.047,0.049
1,176252,176.251920,2,0,2,car,0.91,0.87,0.392,0.248,0.228
1,176253,176.252797,2,1,2,car,0.9,0.557,0.40700000000000003,0.188,0.20400000000000001
1,176253,176.253354,2,2,2,car,0.88,0.249,0.39,0.259,0.199
1,176254,176.253911,2,3,2,car,0.8200000000000001,0.723,0.34600000000000003,0.079,0.097
1,176254,176.254460,2,4,2,car,0.6900000000000001,0.114,0.306,0.124,0.078
1,176255,176.254992,2,5,2,car,0.59,0.399,0.303,0.055,0.033
1,176255,176.255460,2,6,2,car,0.5,0.585,0.28300000000000003,0.046,0.042
1,176452,176.451748,3,0,2,car,0.92,0.865,0.388,0.23800000000000002,0.221
1,176452,176.452297,3,1,2,car,0.89,0.562,0.405,0.188,0.201
1,176453,176.452813,3,2,2,car,0.8200000000000001,0.725,0.342,0.079,0.092
1,176453,176.453345,3,3,2,car,0.79,0.06,0.311,0.11900000000000001,0.08700000000000001
1,176454,176.453861,3,4,2,car,0.75,0.27,0.392,0.249,0.20700000000000002
1,176454,176.454320,3,5,2,car,0.5700000000000001,0.154,0.296,0.073,0.063
1,176455,176.454779,3,6,2,car,0.52,0.394,0.304,0.054,0.043000000000000003
1,176651,176.651321,4,0,2,car,0.91,0.28600000000000003,0.374,0.23600000000000002,0.195
1,176652,176.651870,4,1,2,car,0.89,0.5670000000000001,0.4,0.192,0.2
1,176652,176.652403,4,2,2,car,0.88,0.859,0.379,0.228,0.215
1,176653,176.652943,4,3,2,car,0.8300000000000001,0.724,0.338,0.076,0.084
1,176653,176.653484,4,4,2,car,0.65,0.034,0.289,0.067,0.15
1,176654,176.653927,4,5,2,car,0.56,0.464,0.3,0.044,0.038
1,176654,176.654385,4,6,2,car,0.56,0.684,0.308,0.049,0.043000000000000003
1,176655,176.654787,4,7,2,car,0.53,0.383,0.295,0.06,0.055
1,176851,176.851182,5,0,2,car,0.9,0.5670000000000001,0.386,0.19,0.198
1,176852,176.851935,5,1,2,car,0.88,0.849,0.369,0.216,0.20600000000000002
1,176852,176.852492,5,2,2,car,0.86,0.298,0.356,0.223,0.166
1,176853,176.853009,5,3,2,car,0.8200000000000001,0.725,0.331,0.078,0.08700000000000001
1,176853,176.853484,5,4,2,car,0.58,0.137,0.297,0.07100000000000001,0.047
1,176854,176.853959,5,5,2,car,0.58,0.456,0.297,0.055,0.046
1,177051,177.050567,6,0,2,car,0.92,0.5750000000000001,0.401,0.194,0.201
1,177051,177.051017,6,1,2,car,0.9,0.844,0.376,0.20600000000000002,0.193
1,177051,177.051492,6,2,2,car,0.86,0.311,0.371,0.214,0.16
1,177052,177.051869,6,3,2,car,0.8,0.726,0.34800000000000003,0.079,0.084
1,177052,177.052246,6,4,2,car,0.5700000000000001,0.187,0.325,0.1,0.063
1,177053,177.052648,6,5,2,car,0.5700000000000001,0.447,0.311,0.048,0.052000000000000005
1,177053,177.053033,6,6,2,car,0.51,0.665,0.319,0.074,0.081
1,177251,177.251148,7,0,2,car,0.92,0.318,0.41400000000000003,0.20700000000000002,0.167
1,177252,177.251664,7,1,2,car,0.9,0.5710000000000001,0.443,0.196,0.199
1,177252,177.252147,7,2,2,car,0.87,0.8320000000000001,0.419,0.198,0.189
1,177253,177.252631,7,3,2,car,0.77,0.719,0.387,0.076,0.084
1,177253,177.253089,7,4,2,car,0.58,0.122,0.371,0.123,0.074
1,177254,177.253548,7,5,2,car,0.55,0.435,0.357,0.049,0.053
1,177452,177.451557,8,0,2,car,0.92,0.325,0.41200000000000003,0.202,0.164
1,177452,177.452466,8,1,2,car,0.91,0.5680000000000001,0.45,0.197,0.211
1,177453,177.453048,8,2,2,car,0.89,0.8180000000000001,0.419,0.191,0.178
1,177454,177.453605,8,3,2,car,0.8200000000000001,0.71,0.386,0.074,0.08
1,177454,177.454121,8,4,2,car,0.73,0.061,0.372,0.123,0.095
1,177455,177.454662,8,5,2,car,0.54,0.14400000000000002,0.356,0.11,0.064
1,177455,177.455137,8,6,2,car,0.52,0.5700000000000001,0.333,0.04,0.039
1,177456,177.455563,8,7,2,car,0.52,0.663,0.367,0.054,0.062
1,177650,177.650090,9,0,2,car,0.93,0.326,0.396,0.19,0.158
1,177651,177.650664,9,1,2,car,0.91,0.801,0.404,0.181,0.17
1,177651,177.651180,9,2,2,car,0.9,0.5650000000000001,0.436,0.195,0.214
1,177652,177.651704,9,3,2,car,0.62,0.7020000000000001,0.366,0.073,0.081
1,177652,177.652236,9,4,2,car,0.58,0.657,0.361,0.063,0.08700000000000001
1,177851,177.851138,10,0,2,car,0.9400000000000001,0.782,0.402,0.17500000000000002,0.163
1,177852,177.851654,10,1,2,car,0.89,0.562,0.437,0.198,0.216
1,177852,177.852179,10,2,2,car,0.88,0.331,0.397,0.186,0.151
1,177853,177.852637,10,3,2,car,0.72,0.6890000000000001,0.366,0.077,0.078
1,177853,177.853170,10,4,2,car,0.58,0.047,0.352,0.094,0.066
1,177854,177.853653,10,5,2,car,0.56,0.42,0.34,0.085,0.066
1,177854,177.854104,10,6,2,car,0.55,0.265,0.339,0.06,0.049
1,178051,178.050671,11,0,2,car,0.92,0.765,0.399,0.163,0.158
1,178051,178.051154,11,1,2,car,0.88,0.334,0.399,0.18,0.136
1,178052,178.051605,11,2,2,car,0.86,0.556,0.445,0.197,0.212
1,178052,178.052047,11,3,2,car,0.79,0.17300000000000001,0.343,0.09,0.065
1,178052,178.052440,11,4,2,car,0.78,0.25,0.34700000000000003,0.083,0.063
1,178053,178.052809,11,5,2,car,0.64,0.68,0.366,0.068,0.076
1,178053,178.053153,11,6,2,car,0.59,0.013000000000000001,0.366,0.027,0.053
1,178054,178.053546,11,7,2,car,0.52,0.037,0.34700000000000003,0.057,0.046
1,178251,178.250818,12,0,2,car,0.93,0.741,0.393,0.162,0.146
1,178252,178.251760,12,1,2,car,0.87,0.336,0.395,0.17300000000000001,0.136
1,178253,178.252669,12,2,2,car,0.86,0.553,0.442,0.198,0.214
1,178253,178.253259,12,3,2,car,0.76,0.125,0.34700000000000003,0.123,0.069
1,178254,178.253775,12,4,2,car,0.7000000000000001,0.224,0.34700000000000003,0.095,0.063
1,178254,178.254234,12,5,2,car,0.51,0.293,0.318,0.064,0.031
1,178255,178.254701,12,6,2,car,0.51,0.434,0.34,0.039,0.056
1,178451,178.451137,13,0,2,car,0.93,0.713,0.39,0.159,0.138
1,178452,178.451718,13,1,2,car,0.92,0.337,0.39,0.17,0.134
1,178452,178.452251,13,2,2,car,0.81,0.058,0.353,0.116,0.076
1,178453,178.452791,13,3,2,car,0.78,0.193,0.353,0.135,0.075
1,178453,178.453324,13,4,2,car,0.78,0.547,0.445,0.197,0.214
1,178454,178.453783,13,5,2,car,0.7000000000000001,0.268,0.333,0.07200000000000001,0.055
1,178454,178.454250,13,6,2,car,0.58,0.47500000000000003,0.34600000000000003,0.07200000000000001,0.052000000000000005
1,178650,178.649850,14,0,2,car,0.93,0.338,0.381,0.162,0.139
1,178650,178.650407,14,1,2,car,0.9,0.6900000000000001,0.371,0.15,0.133
1,178651,178.650915,14,2,2,car,0.87,0.542,0.435,0.202,0.215
1,178651,178.651447,14,3,2,car,0.8300000000000001,0.166,0.34500000000000003,0.128,0.076
1,178652,178.651972,14,4,2,car,0.74,0.249,0.33,0.077,0.068
1,178652,178.652455,14,5,2,car,0.62,0.46,0.34,0.069,0.056
1,178653,178.652922,14,6,2,car,0.53,0.016,0.34500000000000003,0.032,0.097
1,178851,178.851045,15,0,2,car,0.92,0.339,0.373,0.155,0.131
1,178852,178.851635,15,1,2,car,0.91,0.672,0.363,0.128,0.123
1,178852,178.852160,15,2,2,car,0.89,0.138,0.343,0.138,0.085
1,178853,178.852692,15,3,2,car,0.84,0.542,0.434,0.211,0.214
1,178853,178.853143,15,4,2,car,0.7000000000000001,0.224,0.322,0.066,0.061
1,178854,178.853667,15,5,2,car,0.63,0.044,0.335,0.08600000000000001,0.057
1,178854,178.854126,15,6,2,car,0.61,0.553,0.309,0.037,0.032
1,178855,178.854560,15,7,2,car,0.6,0.459,0.334,0.06,0.051000000000000004
1,179052,179.051692,0,0,2,car,0.91,0.101,0.34700000000000003,0.158,0.095
1,179052,179.052176,0,1,2,car,0.9,0.34400000000000003,0.373,0.152,0.124
1,179053,179.052634,0,2,2,car,0.89,0.538,0.431,0.202,0.211
1,179053,179.053109,0,3,2,car,0.79,0.653,0.362,0.109,0.11900000000000001
1,179054,179.053568,0,4,2,car,0.68,0.26,0.337,0.096,0.076
1,179054,179.054043,0,5,2,car,0.64,0.201,0.325,0.093,0.063
1,179055,179.054502,0,6,2,car,0.59,0.03,0.341,0.06,0.07200000000000001
1,179055,179.054936,0,7,2,car,0.54,0.454,0.338,0.056,0.061
1,179251,179.250627,1,0,2,car,0.93,0.076,0.34600000000000003,0.152,0.10300000000000001
1,179251,179.251143,1,1,2,car,0.89,0.538,0.43,0.201,0.217
1,179252,179.251651,1,2,2,car,0.76,0.34600000000000003,0.364,0.147,0.127
1,179252,179.252191,1,3,2,car,0.75,0.7010000000000001,0.333,0.059000000000000004,0.052000000000000005
1,179253,179.252707,1,4,2,car,0.75,0.634,0.354,0.1,0.115
1,179253,179.253183,1,5,2,car,0.73,0.246,0.335,0.115,0.082
1,179254,179.253576,1,6,2,car,0.6900000000000001,0.18,0.324,0.08700000000000001,0.069
1,179254,179.254035,1,7,2,car,0.53,0.455,0.325,0.049,0.046
1,179451,179.450888,2,0,2,car,0.91,0.057,0.34900000000000003,0.113,0.11
1,179451,179.451429,2,1,2,car,0.85,0.539,0.417,0.20600000000000002,0.213
1,179452,179.451929,2,2,2,car,0.8,0.34600000000000003,0.357,0.148,0.124
1,179452,179.452469,2,3,2,car,0.79,0.6990000000000001,0.326,0.055,0.056
1,179453,179.452977,2,4,2,car,0.7000000000000001,0.214,0.335,0.108,0.076
1,179453,179.453436,2,5,2,car,0.65,0.614,0.341,0.10400000000000001,0.10400000000000001
1,179454,179.453911,2,6,2,car,0.5700000000000001,0.453,0.329,0.058,0.057
1,179454,179.454280,2,7,2,car,0.56,0.545,0.301,0.035,0.025
1,179650,179.649593,3,0,2,car,0.91,0.35100000000000003,0.34500000000000003,0.145,0.11800000000000001
1,179650,179.650134,3,1,2,car,0.9,0.536,0.40900000000000003,0.211,0.218
1,179651,179.650658,3,2,2,car,0.8300000000000001,0.189,0.337,0.16,0.106
1,179651,179.651183,3,3,2,car,0.8200000000000001,0.04,0.34500000000000003,0.08,0.122
1,179652,179.651707,3,4,2,car,0.67,0.45,0.328,0.063,0.076
1,179652,179.652182,3,5,2,car,0.64,0.6950000000000001,0.318,0.056,0.043000000000000003
1,179653,179.652665,3,6,2,car,0.55,0.28500000000000003,0.332,0.063,0.095
1,179850,179.850453,4,0,2,car,0.9,0.533,0.42,0.214,0.22
1,179851,179.851231,4,1,2,car,0.81,0.146,0.356,0.18,0.124
1,179852,179.851928,4,2,2,car,0.78,0.354,0.356,0.138,0.11
1,179853,179.852853,4,3,2,car,0.73,0.271,0.34900000000000003,0.08,0.10200000000000001
1,179853,179.853328,4,4,2,car,0.65,0.6940000000000001,0.332,0.054,0.043000000000000003
1,179854,179.853796,4,5,2,car,0.63,0.637,0.337,0.06,0.061
1,179854,179.854246,4,6,2,car,0.55,0.45,0.325,0.051000000000000004,0.046
1,179855,179.854688,4,7,2,car,0.52,0.023,0.356,0.047,0.115
1,180051,180.051026,5,0,2,car,0.9,0.536,0.432,0.216,0.224
1,180052,180.051591,5,1,2,car,0.86,0.12,0.374,0.194,0.137
1,180052,180.052042,5,2,2,car,0.77,0.355,0.368,0.133,0.112
1,180052,180.052419,5,3,2,car,0.77,0.045,0.512,0.09,0.517
1,180053,180.052869,5,4,2,car,0.7000000000000001,0.6910000000000001,0.34700000000000003,0.056,0.051000000000000004
1,180053,180.053320,5,5,2,car,0.67,0.634,0.34900000000000003,0.059000000000000004,0.062
1,180054,180.053697,5,6,2,car,0.67,0.247,0.355,0.094,0.08700000000000001
1,180054,180.054090,5,7,2,car,0.5,0.454,0.359,0.064,0.082
1,180250,180.250239,6,0,2,car,0.89,0.535,0.422,0.214,0.214
1,180251,180.250780,6,1,2,car,0.86,0.354,0.363,0.128,0.114
1,180251,180.251288,6,2,2,car,0.81,0.125,0.366,0.106,0.131
1,180252,180.251804,6,3,2,car,0.76,0.225,0.352,0.128,0.095
1,180252,180.252336,6,4,2,car,0.75,0.07200000000000001,0.51,0.14400000000000002,0.58
1,180253,180.252795,6,5,2,car,0.61,0.63,0.341,0.058,0.053
1,180253,180.253254,6,6,2,car,0.55,0.6910000000000001,0.339,0.048,0.039
1,180254,180.253631,6,7,2,car,0.51,0.262,0.305,0.042,0.037
1,180450,180.450017,7,0,2,car,0.89,0.196,0.365,0.146,0.112
1,180451,180.450591,7,1,2,car,0.88,0.534,0.44,0.221,0.233
1,180451,180.451107,7,2,2,car,0.85,0.356,0.373,0.117,0.108
1,180452,180.451631,7,3,2,car,0.63,0.091,0.498,0.184,0.558
1,180452,180.452131,7,4,2,car,0.62,0.6880000000000001,0.34800000000000003,0.056,0.042
1,180453,180.452581,7,5,2,car,0.59,0.294,0.36,0.066,0.101
1,180453,180.452999,7,6,2,car,0.54,0.545,0.317,0.062,0.026000000000000002
1,180453,180.453401,7,7,2,car,0.53,0.453,0.367,0.07200000000000001,0.097
1,180650,180.650058,8,0,2,car,0.9,0.362,0.377,0.128,0.107
1,180651,180.650607,8,1,2,car,0.87,0.533,0.445,0.223,0.23700000000000002
1,180651,180.651115,8,2,2,car,0.81,0.108,0.506,0.217,0.5690000000000001
1,180651,180.651483,8,3,2,car,0.7000000000000001,0.20500000000000002,0.375,0.081,0.109
1,180652,180.651860,8,4,2,car,0.62,0.273,0.35100000000000003,0.079,0.074
1,180652,180.652245,8,5,2,car,0.61,0.685,0.35000000000000003,0.051000000000000004,0.041
1,180653,180.652630,8,6,2,car,0.51,0.451,0.34400000000000003,0.052000000000000005,0.043000000000000003
1,180850,180.849828,9,0,2,car,0.88,0.366,0.383,0.133,0.113
1,180850,180.850344,9,1,2,car,0.86,0.533,0.453,0.228,0.24
1,180851,180.850827,9,2,2,car,0.84,0.123,0.489,0.247,0.518
1,180851,180.851286,9,3,2,car,0.6900000000000001,0.686,0.36,0.049,0.046
1,180852,180.851704,9,4,2,car,0.62,0.62,0.36,0.057,0.064
1,180852,180.852081,9,5,2,car,0.53,0.266,0.356,0.111,0.08
1,181051,181.050630,10,0,2,car,0.89,0.534,0.462,0.234,0.246
1,181051,181.051114,10,1,2,car,0.84,0.37,0.386,0.124,0.106
1,181051,181.051499,10,2,2,car,0.6900000000000001,0.135,0.47200000000000003,0.27,0.458
1,181052,181.052039,10,3,2,car,0.58,0.617,0.36,0.055,0.056
1,181052,181.052408,10,4,2,car,0.53,0.304,0.361,0.07100000000000001,0.069
1,181249,181.249073,11,0,2,car,0.86,0.373,0.385,0.12,0.109
1,181250,181.249589,11,1,2,car,0.86,0.534,0.47000000000000003,0.23500000000000001,0.253
1,181250,181.250081,11,2,2,car,0.77,0.146,0.46,0.292,0.40800000000000003
1,181251,181.250572,11,3,2,car,0.7000000000000001,0.298,0.359,0.069,0.067
1,181251,181.251031,11,4,2,car,0.68,0.617,0.357,0.054,0.051000000000000004
1,181251,181.251408,11,5,2,car,0.58,0.684,0.371,0.052000000000000005,0.038
1,181449,181.449466,12,0,2,car,0.87,0.541,0.468,0.232,0.256
1,181450,181.449974,12,1,2,car,0.86,0.159,0.442,0.317,0.365
1,181450,181.450449,12,2,2,car,0.79,0.38,0.378,0.112,0.10200000000000001
1,181451,181.450949,12,3,2,car,0.6900000000000001,0.6880000000000001,0.365,0.049,0.046
1,181451,181.451350,12,4,2,car,0.64,0.622,0.35100000000000003,0.051000000000000004,0.039
1,181649,181.648851,13,0,2,car,0.91,0.177,0.437,0.34,0.329
1,181649,181.649367,13,1,2,car,0.85,0.556,0.47200000000000003,0.244,0.266
1,181650,181.649834,13,2,2,car,0.73,0.6970000000000001,0.365,0.049,0.043000000000000003
1,181650,181.650317,13,3,2,car,0.67,0.393,0.37,0.099,0.094
1,181651,181.650694,13,4,2,car,0.6,0.032,0.401,0.064,0.23600000000000002
1,181651,181.651063,13,5,2,car,0.53,0.973,0.553,0.054,0.369
1,181651,181.651456,13,6,2,car,0.52,0.629,0.34900000000000003,0.045,0.033
1,181850,181.849891,14,0,2,car,0.8300000000000001,0.5740000000000001,0.464,0.243,0.257
1,181851,181.850546,14,1,2,car,0.79,0.40900000000000003,0.366,0.121,0.105
1,181851,181.851062,14,2,2,car,0.78,0.224,0.424,0.299,0.301
1,181852,181.851562,14,3,2,car,0.68,0.707,0.356,0.051000000000000004,0.048
1,181852,181.852021,14,4,2,car,0.5700000000000001,0.602,0.325,0.043000000000000003,0.027
1,181852,181.852398,14,5,2,car,0.55,0.491,0.336,0.04,0.034
1,181853,181.852791,14,6,2,car,0.53,0.644,0.34700000000000003,0.046,0.029
1,181853,181.853184,14,7,2,car,0.5,0.069,0.34500000000000003,0.137,0.14300000000000002
1,182050,182.050447,15,0,2,car,0.91,0.592,0.47700000000000004,0.268,0.294
1,182051,182.050972,15,1,2,car,0.88,0.27,0.398,0.273,0.255
1,182051,182.051357,15,2,2,car,0.78,0.097,0.359,0.17500000000000002,0.152
1,182052,182.051742,15,3,2,car,0.73,0.434,0.365,0.091,0.112
1,182052,182.052127,15,4,2,car,0.66,0.724,0.352,0.052000000000000005,0.046
1,182053,182.052512,15,5,2,car,0.64,0.968,0.523,0.064,0.28700000000000003
1,182249,182.249448,0,0,2,car,0.92,0.624,0.47900000000000004,0.28300000000000003,0.301
1,182250,182.249955,0,1,2,car,0.86,0.114,0.361,0.228,0.17500000000000002
1,182250,182.250422,0,2,2,car,0.86,0.315,0.404,0.252,0.263
1,182251,182.250906,0,3,2,car,0.74,0.971,0.509,0.058,0.271
1,182251,182.251373,0,4,2,car,0.7000000000000001,0.457,0.361,0.081,0.115
1,182252,182.251758,0,5,2,car,0.56,0.532,0.338,0.056,0.037
1,182252,182.252151,0,6,2,car,0.53,0.742,0.359,0.051000000000000004,0.038
1,182450,182.449971,1,0,2,car,0.92,0.663,0.48,0.296,0.3
1,182451,182.450709,1,1,2,car,0.91,0.10200000000000001,0.376,0.203,0.201
1,182451,182.451216,1,2,2,car,0.85,0.362,0.394,0.228,0.232
1,182452,182.451692,1,3,2,car,0.8,0.493,0.367,0.07,0.10200000000000001
1,182452,182.452175,1,4,2,car,0.74,0.23900000000000002,0.354,0.098,0.095
1,182453,182.452585,1,5,2,car,0.65,0.977,0.497,0.045,0.243
1,182453,182.452953,1,6,2,car,0.64,0.763,0.358,0.048,0.043000000000000003
1,182453,182.453338,1,7,2,car,0.61,0.548,0.343,0.046,0.039
1,182649,182.649463,2,0,2,car,0.92,0.715,0.486,0.311,0.306
1,182650,182.650298,2,1,2,car,0.88,0.092,0.393,0.183,0.243
1,182651,182.650823,2,2,2,car,0.8300000000000001,0.41500000000000004,0.4,0.209,0.229
1,182651,182.651322,2,3,2,car,0.74,0.26,0.372,0.157,0.127
1,182652,182.651789,2,4,2,car,0.67,0.53,0.371,0.054,0.097
1,182652,182.652191,2,5,2,car,0.6,0.5750000000000001,0.34700000000000003,0.046,0.039
1,182849,182.849389,3,0,2,car,0.93,0.774,0.5,0.329,0.325
1,182850,182.849872,3,1,2,car,0.89,0.47300000000000003,0.401,0.209,0.219
1,182850,182.850331,3,2,2,car,0.8300000000000001,0.244,0.386,0.212,0.147
1,182851,182.850798,3,3,2,car,0.8,0.07,0.402,0.139,0.242
1,182851,182.851248,3,4,2,car,0.72,0.368,0.353,0.069,0.08600000000000001
1,182852,182.851666,3,5,2,car,0.62,0.606,0.353,0.064,0.048
1,182852,182.852043,3,6,2,car,0.51,0.163,0.34600000000000003,0.107,0.073
1,183050,183.050183,4,0,2,car,0.93,0.8300000000000001,0.511,0.332,0.327
1,183051,183.050601,4,1,2,car,0.87,0.217,0.398,0.265,0.17
1,183051,183.051068,4,2,2,car,0.81,0.046,0.419,0.092,0.28200000000000003
1,183051,183.051444,4,3,2,car,0.76,0.52,0.41400000000000003,0.179,0.219
1,183052,183.051821,4,4,2,car,0.63,0.383,0.364,0.11,0.095
1,183052,183.052182,4,5,2,car,0.5700000000000001,0.62,0.355,0.049,0.043000000000000003
1,183053,183.052567,4,6,2,car,0.53,0.677,0.36,0.073,0.058
1,183249,183.249011,5,0,2,car,0.9400000000000001,0.852,0.52,0.294,0.34
1,183250,183.249748,5,1,2,car,0.88,0.186,0.417,0.315,0.201
1,183250,183.250248,5,2,2,car,0.66,0.5660000000000001,0.41500000000000004,0.164,0.20400000000000001
1,183251,183.250756,5,3,2,car,0.63,0.704,0.362,0.056,0.053
1,183251,183.251247,5,4,2,car,0.62,0.385,0.38,0.131,0.12
1,183252,183.251616,5,5,2,car,0.54,0.742,0.355,0.036000000000000004,0.039
1,183252,183.252009,5,6,2,car,0.54,0.082,0.383,0.166,0.13
1,183449,183.449125,6,0,2,car,0.9,0.875,0.533,0.248,0.355
1,183450,183.449657,6,1,2,car,0.88,0.16,0.435,0.32,0.24
1,183450,183.450149,6,2,2,car,0.87,0.613,0.422,0.161,0.20500000000000002
1,183451,183.450616,6,3,2,car,0.59,0.715,0.364,0.06,0.056
1,183451,183.451075,6,4,2,car,0.59,0.795,0.372,0.054,0.05
1,183451,183.451452,6,5,2,car,0.52,0.763,0.361,0.042,0.04
1,183649,183.648862,7,0,2,car,0.91,0.893,0.55,0.212,0.373
1,183650,183.649690,7,1,2,car,0.89,0.146,0.465,0.293,0.298
1,183650,183.650402,7,2,2,car,0.84,0.646,0.424,0.146,0.189
1,183651,183.650910,7,3,2,car,0.67,0.35100000000000003,0.393,0.168,0.135
1,183651,183.651287,7,4,2,car,0.64,0.804,0.379,0.058,0.056
1,183652,183.651664,7,5,2,car,0.63,0.47800000000000004,0.369,0.10400000000000001,0.064
1,183652,183.652025,7,6,2,car,0.58,0.731,0.369,0.045,0.058
1,183652,183.652418,7,7,2,car,0.53,0.543,0.367,0.078,0.056
1,183849,183.849198,8,0,2,car,0.9,0.908,0.5630000000000001,0.182,0.387
1,183850,183.850050,8,1,2,car,0.84,0.674,0.422,0.14200000000000002,0.185
1,183851,183.850926,8,2,2,car,0.8200000000000001,0.106,0.506,0.213,0.40800000000000003
1,183851,183.851426,8,3,2,car,0.67,0.803,0.375,0.056,0.053
1,183852,183.851926,8,4,2,car,0.58,0.466,0.367,0.117,0.076
1,183852,183.852392,8,5,2,car,0.54,0.606,0.399,0.041,0.07100000000000001
1,183853,183.852777,8,6,2,car,0.52,0.334,0.386,0.169,0.136
1,183853,183.853163,8,7,2,car,0.5,0.873,0.373,0.054,0.04
1,184050,184.050229,9,0,2,car,0.8200000000000001,0.6970000000000001,0.422,0.131,0.179
1,184051,184.050672,9,1,2,car,0.8200000000000001,0.921,0.5710000000000001,0.158,0.4
1,184051,184.051049,9,2,2,car,0.8,0.448,0.387,0.128,0.112
1,184051,184.051425,9,3,2,car,0.78,0.866,0.375,0.055,0.052000000000000005
1,184052,184.051811,9,4,2,car,0.77,0.794,0.37,0.059000000000000004,0.056
1,184052,184.052204,9,5,2,car,0.75,0.07,0.494,0.139,0.35100000000000003
1,184053,184.052580,9,6,2,car,0.73,0.62,0.391,0.063,0.089
1,184053,184.052965,9,7,2,car,0.58,0.267,0.397,0.254,0.17
1,184249,184.248893,10,0,2,car,0.79,0.425,0.387,0.148,0.114
1,184250,184.249606,10,1,2,car,0.78,0.63,0.385,0.081,0.09
1,184250,184.250098,10,2,2,car,0.78,0.862,0.369,0.058,0.05
1,184251,184.250638,10,3,2,car,0.77,0.717,0.41600000000000004,0.127,0.17200000000000001
1,184251,184.251105,10,4,2,car,0.77,0.792,0.363,0.047,0.056
1,184251,184.251474,10,5,2,car,0.62,0.932,0.578,0.136,0.41200000000000003
1,184252,184.251851,10,6,2,car,0.53,0.515,0.369,0.08700000000000001,0.066
1,184252,184.252236,10,7,2,car,0.5,0.188,0.436,0.34700000000000003,0.26
1,184449,184.449065,11,0,2,car,0.75,0.849,0.36,0.056,0.056
1,184450,184.449589,11,1,2,car,0.74,0.629,0.38,0.08700000000000001,0.08600000000000001
1,184450,184.450089,11,2,2,car,0.71,0.729,0.41200000000000003,0.124,0.163
1,184451,184.450564,11,3,2,car,0.71,0.155,0.463,0.31,0.334
1,184451,184.451039,11,4,2,car,0.61,0.9390000000000001,0.527,0.122,0.32
1,184451,184.451432,11,5,2,car,0.58,0.789,0.358,0.041,0.052000000000000005
1,184452,184.451801,11,6,2,car,0.5700000000000001,0.389,0.4,0.17200000000000001,0.135
1,184649,184.648983,12,0,2,car,0.8300000000000001,0.8320000000000001,0.361,0.06,0.056
1,184650,184.649507,12,1,2,car,0.8,0.9410000000000001,0.524,0.116,0.299
1,184650,184.650007,12,2,2,car,0.73,0.617,0.379,0.081,0.084
1,184650,184.650465,12,3,2,car,0.72,0.733,0.41000000000000003,0.11900000000000001,0.16
1,184651,184.650924,12,4,2,car,0.71,0.362,0.406,0.179,0.153
1,184651,184.651317,12,5,2,car,0.66,0.11,0.47800000000000004,0.221,0.39
1,184652,184.651702,12,6,2,car,0.56,0.47100000000000003,0.385,0.109,0.1
1,184652,184.652087,12,7,2,car,0.51,0.226,0.385,0.123,0.15
1,184849,184.848851,13,0,2,car,0.8200000000000001,0.8160000000000001,0.357,0.063,0.054
1,184850,184.849695,13,1,2,car,0.81,0.604,0.376,0.083,0.08700000000000001
1,184851,184.850571,13,2,2,car,0.77,0.9420000000000001,0.521,0.115,0.317
1,184851,184.851071,13,3,2,car,0.73,0.152,0.398,0.18,0.177
1,184851,184.851472,13,4,2,car,0.5700000000000001,0.441,0.377,0.115,0.08700000000000001
1,184852,184.851833,13,5,2,car,0.5700000000000001,0.729,0.402,0.113,0.154
1,184852,184.852210,13,6,2,car,0.56,0.319,0.4,0.224,0.148
1,185048,185.048007,14,0,2,car,0.81,0.802,0.355,0.057,0.049
1,185049,185.048515,14,1,2,car,0.76,0.595,0.379,0.083,0.079
1,185050,185.050055,14,2,2,car,0.6,0.28600000000000003,0.406,0.232,0.17
1,185050,185.050456,14,3,2,car,0.59,0.725,0.395,0.113,0.149
1,185051,185.050833,14,4,2,car,0.58,0.9400000000000001,0.539,0.12,0.291
1,185051,185.051210,14,5,2,car,0.55,0.41600000000000004,0.365,0.151,0.075
1,185248,185.248334,15,0,2,car,0.8,0.79,0.354,0.057,0.051000000000000004
1,185249,185.249079,15,1,2,car,0.79,0.717,0.39,0.115,0.14300000000000002
1,185250,185.249768,15,2,2,car,0.76,0.163,0.461,0.325,0.28200000000000003
1,185250,185.250226,15,3,2,car,0.76,0.9590000000000001,0.375,0.08,0.101
1,185251,185.250636,15,4,2,car,0.73,0.585,0.37,0.078,0.084
1,185251,185.250996,15,5,2,car,0.67,0.9420000000000001,0.537,0.115,0.314
1,185251,185.251373,15,6,2,car,0.67,0.353,0.384,0.186,0.123
1,185252,185.251750,15,7,2,car,0.63,0.657,0.342,0.041,0.043000000000000003
1,185447,185.447490,0,0,2,car,0.8200000000000001,0.9470000000000001,0.39,0.10400000000000001,0.137
1,185448,185.447989,0,1,2,car,0.79,0.9420000000000001,0.521,0.115,0.301
1,185448,185.448391,0,2,2,car,0.77,0.5740000000000001,0.37,0.078,0.079
1,185449,185.448776,0,3,2,car,0.76,0.781,0.355,0.054,0.053
1,185449,185.449144,0,4,2,car,0.68,0.71,0.387,0.105,0.14200000000000002
1,185450,185.449554,0,5,2,car,0.58,0.316,0.384,0.194,0.11900000000000001
1,185648,185.647940,1,0,2,car,0.8200000000000001,0.9390000000000001,0.386,0.121,0.135
1,185648,185.648431,1,1,2,car,0.81,0.768,0.35100000000000003,0.049,0.054
1,185649,185.648915,1,2,2,car,0.78,0.7000000000000001,0.38,0.10300000000000001,0.13
1,185649,185.649373,1,3,2,car,0.77,0.9400000000000001,0.515,0.12,0.316
1,185650,185.649824,1,4,2,car,0.76,0.268,0.396,0.218,0.157
1,185650,185.650217,1,5,2,car,0.67,0.5640000000000001,0.366,0.081,0.078
1,185651,185.650610,1,6,2,car,0.59,0.638,0.34400000000000003,0.045,0.047
1,185848,185.848128,2,0,2,car,0.84,0.931,0.385,0.133,0.128
1,185849,185.849004,2,1,2,car,0.8,0.6920000000000001,0.382,0.105,0.126
1,185850,185.849545,2,2,2,car,0.78,0.9400000000000001,0.516,0.12,0.337
1,185850,185.850044,2,3,2,car,0.76,0.762,0.354,0.056,0.049
1,185850,185.850413,2,4,2,car,0.65,0.638,0.34400000000000003,0.038,0.044
1,185851,185.850790,2,5,2,car,0.64,0.558,0.369,0.078,0.07100000000000001
1,185851,185.851183,2,6,2,car,0.62,0.371,0.384,0.116,0.121
1,185852,185.851585,2,7,2,car,0.6,0.20600000000000002,0.43,0.298,0.231
1,186047,186.047316,3,0,2,car,0.85,0.927,0.39,0.14100000000000001,0.132
1,186048,186.047808,3,1,2,car,0.84,0.152,0.446,0.304,0.273
1,186048,186.048275,3,2,2,car,0.8200000000000001,0.9410000000000001,0.516,0.11800000000000001,0.317
1,186049,186.048709,3,3,2,car,0.78,0.758,0.361,0.059000000000000004,0.053
1,186050,186.050290,3,4,2,car,0.71,0.339,0.397,0.145,0.137
1,186051,186.050691,3,5,2,car,0.7000000000000001,0.6890000000000001,0.385,0.096,0.12
1,186051,186.051076,3,6,2,car,0.6900000000000001,0.556,0.377,0.079,0.07
1,186051,186.051429,3,7,2,car,0.56,0.637,0.352,0.039,0.038
1,186248,186.248045,4,0,2,car,0.8,0.754,0.362,0.06,0.054
1,186249,186.248561,4,1,2,car,0.78,0.9420000000000001,0.527,0.115,0.33
1,186249,186.249028,4,2,2,car,0.75,0.686,0.385,0.094,0.116
1,186249,186.249486,4,3,2,car,0.73,0.12,0.483,0.241,0.363
1,186250,186.249880,4,4,2,car,0.71,0.554,0.376,0.079,0.073
1,186250,186.250248,4,5,2,car,0.7000000000000001,0.924,0.393,0.148,0.135
1,186251,186.250642,4,6,2,car,0.6900000000000001,0.289,0.40800000000000003,0.193,0.153
1,186449,186.448503,5,0,2,car,0.84,0.9430000000000001,0.534,0.113,0.318
1,186449,186.449248,5,1,2,car,0.84,0.754,0.365,0.056,0.053
1,186450,186.450117,5,2,2,car,0.78,0.92,0.401,0.159,0.131
1,186451,186.450649,5,3,2,car,0.75,0.553,0.382,0.076,0.073
1,186451,186.451100,5,4,2,car,0.67,0.683,0.388,0.092,0.113
1,186451,186.451477,5,5,2,car,0.6,0.232,0.427,0.244,0.197
1,186452,186.451854,5,6,2,car,0.52,0.623,0.359,0.058,0.034
1,186452,186.452222,5,7,2,car,0.5,0.841,0.356,0.041,0.048
1,186648,186.647929,6,0,2,car,0.84,0.9430000000000001,0.55,0.113,0.335
1,186649,186.648683,6,1,2,car,0.8200000000000001,0.916,0.406,0.167,0.133
1,186649,186.649190,6,2,2,car,0.8200000000000001,0.753,0.374,0.055,0.05
1,186650,186.649690,6,3,2,car,0.79,0.552,0.387,0.079,0.075
1,186650,186.650133,6,4,2,car,0.7000000000000001,0.68,0.393,0.089,0.108
1,186651,186.650567,6,5,2,car,0.66,0.159,0.47200000000000003,0.319,0.279
1,186651,186.650911,6,6,2,car,0.63,0.808,0.364,0.046,0.047
1,186848,186.848264,7,0,2,car,0.87,0.911,0.401,0.17300000000000001,0.128
1,186849,186.848772,7,1,2,car,0.84,0.752,0.368,0.055,0.054
1,186849,186.849239,7,2,2,car,0.8300000000000001,0.9430000000000001,0.536,0.114,0.318
1,186850,186.849714,7,3,2,car,0.79,0.549,0.384,0.082,0.074
1,186850,186.850099,7,4,2,car,0.75,0.672,0.387,0.09,0.10400000000000001
1,186850,186.850484,7,5,2,car,0.73,0.8150000000000001,0.36,0.049,0.053
1,186851,186.850886,7,6,2,car,0.73,0.265,0.383,0.112,0.092
1,186851,186.851279,7,7,2,car,0.59,0.358,0.369,0.042,0.066
1,187048,187.047912,8,0,2,car,0.88,0.901,0.402,0.169,0.13
1,187049,187.048706,8,1,2,car,0.84,0.9410000000000001,0.541,0.11800000000000001,0.317
1,187050,187.050402,8,2,2,car,0.8300000000000001,0.217,0.388,0.17300000000000001,0.107
1,187051,187.050795,8,3,2,car,0.8200000000000001,0.547,0.385,0.079,0.073
1,187051,187.051172,8,4,2,car,0.73,0.668,0.391,0.089,0.10400000000000001
1,187052,187.051582,8,5,2,car,0.71,0.746,0.374,0.061,0.046
1,187052,187.051967,8,6,2,car,0.65,0.305,0.376,0.07,0.07200000000000001
1,187052,187.052351,8,7,2,car,0.61,0.342,0.372,0.054,0.067
1,187248,187.248214,9,0,2,car,0.92,0.17200000000000001,0.397,0.187,0.121
1,187249,187.248861,9,1,2,car,0.89,0.89,0.403,0.165,0.129
1,187249,187.249353,9,2,2,car,0.8200000000000001,0.9380000000000001,0.552,0.123,0.338
1,187250,187.249861,9,3,2,car,0.78,0.745,0.373,0.057,0.046
1,187250,187.250237,9,4,2,car,0.77,0.546,0.385,0.076,0.076
1,187251,187.250606,9,5,2,car,0.74,0.665,0.39,0.08600000000000001,0.099
1,187251,187.250983,9,6,2,car,0.6900000000000001,0.324,0.37,0.058,0.076
1,187251,187.251376,9,7,2,car,0.67,0.272,0.38,0.092,0.09
1,187448,187.447706,10,0,2,car,0.88,0.881,0.399,0.169,0.124
1,187448,187.448181,10,1,2,car,0.87,0.135,0.405,0.251,0.139
1,187449,187.448648,10,2,2,car,0.85,0.935,0.532,0.129,0.311
1,187449,187.449098,10,3,2,car,0.77,0.302,0.373,0.07200000000000001,0.078
1,187450,187.449590,10,4,2,car,0.73,0.545,0.385,0.076,0.07200000000000001
1,187450,187.449991,10,5,2,car,0.7000000000000001,0.661,0.385,0.083,0.094
1,187450,187.450376,10,6,2,car,0.64,0.743,0.372,0.057,0.047
1,187451,187.450753,10,7,2,car,0.59,0.248,0.384,0.09,0.094
1,187648,187.648041,11,0,2,car,0.89,0.875,0.398,0.165,0.127
1,187649,187.648893,11,1,2,car,0.88,0.122,0.41200000000000003,0.245,0.168
1,187649,187.649384,11,2,2,car,0.8300000000000001,0.932,0.531,0.136,0.302
1,187650,187.649868,11,3,2,car,0.78,0.28400000000000003,0.376,0.08,0.084
1,187650,187.650327,11,4,2,car,0.77,0.743,0.373,0.054,0.047
1,187651,187.650785,11,5,2,car,0.77,0.544,0.385,0.076,0.073
1,187651,187.651179,11,6,2,car,0.61,0.658,0.384,0.081,0.094
1,187652,187.651605,11,7,2,car,0.52,0.214,0.381,0.117,0.095
1,187848,187.848106,12,0,2,car,0.9,0.169,0.387,0.14,0.11900000000000001
1,187849,187.848876,12,1,2,car,0.86,0.869,0.392,0.158,0.123
1,187850,187.849622,12,2,2,car,0.85,0.744,0.37,0.059000000000000004,0.051000000000000004
1,187850,187.850146,12,3,2,car,0.8200000000000001,0.93,0.533,0.14,0.34900000000000003
1,187851,187.850646,12,4,2,car,0.81,0.068,0.42,0.136,0.203
1,187851,187.851137,12,5,2,car,0.74,0.265,0.373,0.094,0.08700000000000001
1,187852,187.851538,12,6,2,car,0.59,0.658,0.378,0.074,0.091
1,188047,188.047139,13,0,2,car,0.85,0.745,0.37,0.06,0.051000000000000004
1,188048,188.047647,13,1,2,car,0.8200000000000001,0.927,0.526,0.145,0.337
1,188048,188.048089,13,2,2,car,0.79,0.23500000000000001,0.374,0.115,0.095
1,188049,188.048573,13,3,2,car,0.78,0.862,0.391,0.155,0.12
1,188050,188.050088,13,4,2,car,0.72,0.105,0.401,0.192,0.152
1,188050,188.050440,13,5,2,car,0.62,0.032,0.41300000000000003,0.064,0.194
1,188051,188.050801,13,6,2,car,0.59,0.654,0.385,0.07100000000000001,0.07200000000000001
1,188051,188.051137,13,7,2,car,0.52,0.541,0.385,0.07,0.055
1,188246,188.246475,14,0,2,car,0.84,0.07200000000000001,0.40800000000000003,0.14400000000000002,0.17500000000000002
1,188247,188.246966,14,1,2,car,0.81,0.746,0.375,0.062,0.052000000000000005
1,188247,188.247442,14,2,2,car,0.75,0.188,0.382,0.128,0.106
1,188248,188.247900,14,3,2,car,0.71,0.925,0.525,0.148,0.333
1,188248,188.248375,14,4,2,car,0.65,0.86,0.393,0.164,0.12
1,188249,188.248760,14,5,2,car,0.58,0.652,0.387,0.069,0.063
1,188249,188.249146,14,6,2,car,0.54,0.257,0.368,0.077,0.076
1,188250,188.249563,14,7,2,car,0.53,0.541,0.387,0.075,0.059000000000000004
1,188448,188.447941,15,0,2,car,0.85,0.128,0.385,0.166,0.126
1,188449,188.448621,15,1,2,car,0.8300000000000001,0.925,0.512,0.15,0.33
1,188449,188.449063,15,2,2,car,0.78,0.748,0.374,0.061,0.053
1,188449,188.449473,15,3,2,car,0.77,0.038,0.40800000000000003,0.076,0.177
1,188450,188.449833,15,4,2,car,0.72,0.85,0.389,0.14100000000000001,0.117
1,188450,188.450218,15,5,2,car,0.64,0.218,0.368,0.07200000000000001,0.079
1,188451,188.450603,15,6,2,car,0.58,0.651,0.384,0.066,0.065
1,188451,188.450996,15,7,2,car,0.54,0.544,0.383,0.07200000000000001,0.055
1,188647,188.647129,0,0,2,car,0.79,0.851,0.394,0.149,0.116
1,188648,188.647637,0,1,2,car,0.78,0.923,0.524,0.152,0.325
1,188648,188.648104,0,2,2,car,0.77,0.085,0.401,0.169,0.154
1,188649,188.648596,0,3,2,car,0.73,0.751,0.376,0.062,0.049
1,188649,188.649087,0,4,2,car,0.72,0.545,0.384,0.073,0.066
1,188649,188.649464,0,5,2,car,0.6,0.651,0.38,0.066,0.079
1,188650,188.649832,0,6,2,car,0.54,0.17400000000000002,0.377,0.099,0.095
1,188846,188.846326,1,0,2,car,0.87,0.058,0.405,0.115,0.17300000000000001
1,188847,188.846785,1,1,2,car,0.81,0.753,0.371,0.059000000000000004,0.051000000000000004
1,188847,188.847260,1,2,2,car,0.7000000000000001,0.65,0.375,0.066,0.079
1,188848,188.847735,1,3,2,car,0.6900000000000001,0.543,0.378,0.075,0.07200000000000001
1,188848,188.848145,1,4,2,car,0.66,0.922,0.516,0.155,0.336
1,188849,188.848554,1,5,2,car,0.66,0.848,0.388,0.145,0.113
1,189047,189.046989,2,0,2,car,0.78,0.078,0.392,0.148,0.122
1,189048,189.047726,2,1,2,car,0.77,0.92,0.517,0.158,0.326
1,189048,189.048439,2,2,2,car,0.75,0.756,0.376,0.061,0.046
1,189050,189.050257,2,3,2,car,0.6900000000000001,0.546,0.385,0.07100000000000001,0.073
1,189051,189.050675,2,4,2,car,0.63,0.85,0.392,0.147,0.112
1,189051,189.051052,2,5,2,car,0.56,0.651,0.38,0.062,0.08
1,189247,189.246923,3,0,2,car,0.79,0.549,0.386,0.078,0.075
1,189247,189.247447,3,1,2,car,0.78,0.051000000000000004,0.4,0.101,0.14300000000000002
1,189248,189.247947,3,2,2,car,0.77,0.918,0.534,0.162,0.34500000000000003
1,189248,189.248422,3,3,2,car,0.7000000000000001,0.851,0.396,0.14400000000000002,0.115
1,189249,189.248873,3,4,2,car,0.68,0.759,0.379,0.066,0.048
1,189249,189.249274,3,5,2,car,0.63,0.651,0.382,0.064,0.075
1,189447,189.446742,4,0,2,car,0.74,0.853,0.399,0.132,0.115
1,189448,189.447537,4,1,2,car,0.73,0.917,0.5670000000000001,0.166,0.403
1,189448,189.448077,4,2,2,car,0.61,0.769,0.383,0.049,0.043000000000000003
1,189646,189.646447,5,0,2,car,0.79,0.915,0.559,0.168,0.395
1,189647,189.646963,5,1,2,car,0.75,0.77,0.381,0.06,0.049
1,189647,189.647446,5,2,2,car,0.68,0.634,0.385,0.109,0.079
1,189648,189.647913,5,3,2,car,0.67,0.855,0.395,0.131,0.116
1,189648,189.648380,5,4,2,car,0.5700000000000001,0.548,0.385,0.076,0.07200000000000001
1,189846,189.846430,6,0,2,car,0.86,0.915,0.5630000000000001,0.168,0.393
1,189847,189.846938,6,1,2,car,0.8,0.772,0.391,0.065,0.054
1,189847,189.847413,6,2,2,car,0.79,0.857,0.406,0.136,0.114
1,189848,189.847872,6,3,2,car,0.72,0.638,0.395,0.093,0.08700000000000001
1,189848,189.848363,6,4,2,car,0.6,0.552,0.395,0.078,0.082
1,190047,190.046626,7,0,2,car,0.86,0.914,0.5660000000000001,0.171,0.406
1,190047,190.047322,7,1,2,car,0.77,0.777,0.39,0.064,0.053
1,190048,190.047830,7,2,2,car,0.76,0.86,0.406,0.133,0.12
1,190048,190.048248,7,3,2,car,0.75,0.64,0.397,0.101,0.096
1,190049,190.048608,7,4,2,car,0.73,0.547,0.397,0.08600000000000001,0.09
1,190050,190.050173,7,5,2,car,0.6,0.305,0.383,0.069,0.054
1,190051,190.050615,7,6,2,car,0.56,0.067,0.375,0.133,0.10400000000000001
1,190246,190.246429,8,0,2,car,0.86,0.913,0.548,0.17400000000000002,0.381
1,190247,190.246896,8,1,2,car,0.8300000000000001,0.863,0.404,0.135,0.135
1,190247,190.247363,8,2,2,car,0.74,0.783,0.385,0.061,0.055
1,190248,190.247838,8,3,2,car,0.66,0.66,0.384,0.07100000000000001,0.068
1,190248,190.248239,8,4,2,car,0.64,0.289,0.373,0.076,0.051000000000000004
1,190249,190.248649,8,5,2,car,0.62,0.041,0.379,0.083,0.131
1,190249,190.249017,8,6,2,car,0.61,0.551,0.381,0.079,0.067
1,190249,190.249403,8,7,2,car,0.5,0.161,0.378,0.089,0.07200000000000001
1,190447,190.446568,9,0,2,car,0.86,0.912,0.544,0.176,0.375
1,190447,190.447067,9,1,2,car,0.78,0.79,0.389,0.064,0.057
1,190448,190.447551,9,2,2,car,0.68,0.87,0.396,0.132,0.112
1,190448,190.448018,9,3,2,car,0.67,0.553,0.388,0.077,0.077
1,190449,190.448525,9,4,2,car,0.62,0.656,0.385,0.063,0.074
1,190646,190.646264,10,0,2,car,0.89,0.91,0.533,0.179,0.35000000000000003
1,190647,190.646985,10,1,2,car,0.74,0.79,0.391,0.063,0.058
1,190647,190.647411,10,2,2,car,0.74,0.869,0.403,0.134,0.116
1,190648,190.647902,10,3,2,car,0.68,0.655,0.383,0.062,0.068
1,190648,190.648287,10,4,2,car,0.6,0.068,0.392,0.137,0.109
1,190649,190.648664,10,5,2,car,0.56,0.552,0.393,0.078,0.081
1,190649,190.649057,10,6,2,car,0.52,0.068,0.363,0.134,0.047
1,190845,190.845248,11,0,2,car,0.87,0.906,0.541,0.187,0.368
1,190846,190.845764,11,1,2,car,0.74,0.786,0.391,0.063,0.059000000000000004
1,190846,190.846386,11,2,2,car,0.67,0.868,0.402,0.134,0.11900000000000001
1,190847,190.846845,11,3,2,car,0.64,0.547,0.403,0.079,0.07200000000000001
1,190847,190.847312,11,4,2,car,0.63,0.6960000000000001,0.386,0.047,0.052000000000000005
1,190848,190.847697,11,5,2,car,0.63,0.652,0.386,0.064,0.063
1,191046,191.046394,12,0,2,car,0.88,0.904,0.544,0.192,0.387
1,191047,191.047180,12,1,2,car,0.78,0.79,0.389,0.066,0.06
1,191048,191.047909,12,2,2,car,0.66,0.871,0.389,0.133,0.095
1,191048,191.048401,12,3,2,car,0.65,0.648,0.383,0.059000000000000004,0.07
1,191049,191.048802,12,4,2,car,0.6,0.542,0.39,0.082,0.08600000000000001
1,191050,191.050392,12,5,2,car,0.59,0.6960000000000001,0.384,0.045,0.048
1,191051,191.050818,12,6,2,car,0.5,0.04,0.393,0.08,0.12
1,191245,191.245279,13,0,2,car,0.86,0.902,0.542,0.195,0.384
1,191246,191.245787,13,1,2,car,0.73,0.791,0.39,0.07,0.064
1,191246,191.246246,13,2,2,car,0.6900000000000001,0.6960000000000001,0.384,0.051000000000000004,0.052000000000000005
1,191247,191.246647,13,3,2,car,0.65,0.647,0.384,0.057,0.067
1,191247,191.246991,13,4,2,car,0.6,0.539,0.391,0.08600000000000001,0.088
1,191247,191.247385,13,5,2,car,0.5700000000000001,0.111,0.381,0.136,0.083
1,191248,191.247745,13,6,2,car,0.54,0.606,0.383,0.037,0.05
1,191447,191.446630,14,0,2,car,0.87,0.902,0.539,0.196,0.381
1,191447,191.447483,14,1,2,car,0.8300000000000001,0.057,0.382,0.113,0.101
1,191448,191.448146,14,2,2,car,0.77,0.791,0.392,0.07100000000000001,0.063
1,191449,191.448670,14,3,2,car,0.64,0.647,0.386,0.06,0.077
1,191449,191.449129,14,4,2,car,0.56,0.6960000000000001,0.383,0.05,0.058
1,191450,191.449547,14,5,2,car,0.54,0.537,0.383,0.082,0.069
1,191450,191.449924,14,6,2,car,0.54,0.865,0.392,0.116,0.1
1,191646,191.646007,15,0,2,car,0.87,0.903,0.555,0.193,0.394
1,191647,191.646892,15,1,2,car,0.86,0.797,0.402,0.08,0.074
1,191648,191.647588,15,2,2,car,0.74,0.023,0.39,0.046,0.117
1,191648,191.648301,15,3,2,car,0.67,0.645,0.4,0.067,0.065
1,191649,191.648809,15,4,2,car,0.56,0.538,0.394,0.08,0.081
1,191649,191.649301,15,5,2,car,0.54,0.857,0.402,0.089,0.11
1,191845,191.845368,0,0,2,car,0.77,0.905,0.561,0.19,0.398
1,191846,191.845876,0,1,2,car,0.75,0.805,0.397,0.081,0.077
1,191846,191.846343,0,2,2,car,0.71,0.27,0.377,0.05,0.043000000000000003
1,191847,191.846826,0,3,2,car,0.64,0.649,0.389,0.061,0.062
1,191847,191.847309,0,4,2,car,0.63,0.324,0.38,0.051000000000000004,0.033
1,191848,191.847686,0,5,2,car,0.62,0.534,0.396,0.09,0.08700000000000001
1,191848,191.848079,0,6,2,car,0.5700000000000001,0.864,0.396,0.093,0.108
1,191848,191.848473,0,7,2,car,0.56,0.61,0.387,0.043000000000000003,0.057
1,192046,192.045720,1,0,2,car,0.88,0.811,0.397,0.088,0.076
1,192046,192.046375,1,1,2,car,0.8300000000000001,0.908,0.553,0.184,0.386
1,192047,192.046899,1,2,2,car,0.68,0.536,0.39,0.08600000000000001,0.09
1,192047,192.047374,1,3,2,car,0.68,0.65,0.388,0.06,0.069
1,192048,192.047833,1,4,2,car,0.61,0.244,0.374,0.058,0.044
1,192048,192.048226,1,5,2,car,0.59,0.705,0.387,0.055,0.062
1,192049,192.048603,1,6,2,car,0.54,0.303,0.376,0.063,0.046
1,192050,192.050152,1,7,2,car,0.51,0.612,0.388,0.038,0.061
1,192245,192.245367,2,0,2,car,0.8200000000000001,0.8200000000000001,0.397,0.098,0.078
1,192246,192.245850,2,1,2,car,0.8,0.651,0.4,0.062,0.052000000000000005
1,192246,192.246301,2,2,2,car,0.74,0.91,0.5760000000000001,0.18,0.438
1,192247,192.246776,2,3,2,car,0.73,0.533,0.395,0.092,0.094
1,192247,192.247169,2,4,2,car,0.7000000000000001,0.708,0.386,0.056,0.061
1,192248,192.247571,2,5,2,car,0.63,0.367,0.381,0.047,0.039
1,192248,192.247931,2,6,2,car,0.6,0.89,0.397,0.10200000000000001,0.114
1,192248,192.248275,2,7,2,car,0.6,0.211,0.373,0.083,0.046
1,192447,192.446759,3,0,2,car,0.85,0.8260000000000001,0.403,0.097,0.075
1,192447,192.447447,3,1,2,car,0.78,0.914,0.5740000000000001,0.171,0.403
1,192448,192.447963,3,2,2,car,0.71,0.654,0.40700000000000003,0.06,0.053
1,192448,192.448455,3,3,2,car,0.67,0.535,0.397,0.088,0.09
1,192449,192.448905,3,4,2,car,0.63,0.046,0.393,0.091,0.106
1,192449,192.449274,3,5,2,car,0.6,0.17300000000000001,0.379,0.10300000000000001,0.05
1,192450,192.449659,3,6,2,car,0.58,0.916,0.374,0.08,0.056
1,192450,192.450044,3,7,2,car,0.5700000000000001,0.613,0.387,0.039,0.049
1,192646,192.645751,4,0,2,car,0.84,0.916,0.538,0.165,0.337
1,192646,192.646496,4,1,2,car,0.79,0.833,0.406,0.107,0.081
1,192647,192.647144,4,2,2,car,0.78,0.532,0.399,0.091,0.091
1,192648,192.647610,4,3,2,car,0.7000000000000001,0.126,0.383,0.084,0.055
1,192648,192.648077,4,4,2,car,0.59,0.614,0.391,0.042,0.052000000000000005
1,192648,192.648487,4,5,2,car,0.59,0.922,0.404,0.125,0.107
1,192649,192.648872,4,6,2,car,0.59,0.653,0.401,0.061,0.058
1,192649,192.649273,4,7,2,car,0.5,0.017,0.384,0.034,0.07200000000000001
1,192847,192.846652,5,0,2,car,0.8,0.921,0.532,0.157,0.327
1,192848,192.847536,5,1,2,car,0.8,0.53,0.394,0.091,0.096
1,192848,192.848265,5,2,2,car,0.74,0.09,0.38,0.097,0.069
1,192849,192.848683,5,3,2,car,0.74,0.8310000000000001,0.4,0.129,0.084
1,192849,192.849068,5,4,2,car,0.73,0.714,0.389,0.065,0.067
1,192849,192.849453,5,5,2,car,0.73,0.654,0.393,0.059000000000000004,0.063
1,192850,192.849838,5,6,2,car,0.7000000000000001,0.936,0.399,0.123,0.112
1,192850,192.850223,5,7,2,car,0.64,0.181,0.371,0.106,0.056
1,193046,193.046225,6,0,2,car,0.81,0.9440000000000001,0.404,0.113,0.122
1,193047,193.046856,6,1,2,car,0.78,0.845,0.403,0.117,0.089
1,193047,193.047454,6,2,2,car,0.76,0.528,0.394,0.092,0.094
1,193048,193.048044,6,3,2,car,0.75,0.924,0.551,0.15,0.331
1,193048,193.048429,6,4,2,car,0.75,0.714,0.39,0.067,0.07
1,193049,193.048822,6,5,2,car,0.7000000000000001,0.23,0.375,0.075,0.056
1,193050,193.050223,6,6,2,car,0.66,0.654,0.4,0.06,0.057
1,193051,193.050600,6,7,2,car,0.64,0.157,0.379,0.07100000000000001,0.07100000000000001
1,193245,193.244775,7,0,2,car,0.86,0.07100000000000001,0.387,0.14200000000000002,0.09
1,193245,193.245176,7,1,2,car,0.85,0.852,0.403,0.125,0.093
1,193246,193.245569,7,2,2,car,0.78,0.928,0.544,0.14300000000000002,0.36
1,193246,193.245938,7,3,2,car,0.77,0.717,0.392,0.07,0.074
1,193246,193.246290,7,4,2,car,0.67,0.526,0.397,0.095,0.098
1,193247,193.246667,7,5,2,car,0.67,0.201,0.375,0.08700000000000001,0.053
1,193247,193.247011,7,6,2,car,0.61,0.28600000000000003,0.384,0.078,0.054
1,193247,193.247371,7,7,2,car,0.59,0.653,0.399,0.06,0.059000000000000004
1,193447,193.446535,8,0,2,car,0.85,0.933,0.55,0.134,0.418
1,193447,193.447379,8,1,2,car,0.84,0.862,0.402,0.133,0.101
1,193448,193.448223,8,2,2,car,0.79,0.522,0.394,0.092,0.098
1,193449,193.448952,8,3,2,car,0.77,0.038,0.395,0.075,0.108
1,193449,193.449468,8,4,2,car,0.75,0.638,0.388,0.093,0.074
1,193450,193.449869,8,5,2,car,0.6900000000000001,0.17,0.372,0.099,0.066
1,193450,193.450246,8,6,2,car,0.65,0.72,0.393,0.07,0.076
1,193451,193.450615,8,7,2,car,0.51,0.264,0.382,0.076,0.056
1,193645,193.644675,9,0,2,car,0.86,0.871,0.405,0.14100000000000001,0.098
1,193645,193.645150,9,1,2,car,0.8200000000000001,0.9390000000000001,0.5680000000000001,0.122,0.366
1,193646,193.645634,9,2,2,car,0.73,0.518,0.398,0.097,0.093
1,193646,193.646092,9,3,2,car,0.6900000000000001,0.72,0.394,0.07100000000000001,0.078
1,193647,193.646518,9,4,2,car,0.64,0.434,0.403,0.044,0.029
1,193647,193.646895,9,5,2,car,0.64,0.225,0.384,0.108,0.064
1,193647,193.647288,9,6,2,car,0.62,0.637,0.392,0.092,0.075
1,193648,193.647633,9,7,2,car,0.58,0.13,0.379,0.126,0.074
1,193846,193.845977,10,0,2,car,0.87,0.88,0.41200000000000003,0.148,0.10300000000000001
1,193847,193.846657,10,1,2,car,0.84,0.188,0.386,0.121,0.07
1,193847,193.847394,10,2,2,car,0.79,0.9460000000000001,0.5690000000000001,0.108,0.355
1,193848,193.848091,10,3,2,car,0.77,0.519,0.402,0.098,0.098
1,193848,193.848500,10,4,2,car,0.75,0.723,0.397,0.075,0.073
1,193849,193.848902,10,5,2,car,0.71,0.651,0.397,0.068,0.074
1,193849,193.849278,10,6,2,car,0.7000000000000001,0.07200000000000001,0.378,0.138,0.08700000000000001
1,193850,193.849647,10,7,2,car,0.66,0.432,0.404,0.042,0.026000000000000002
1,194046,194.045600,11,0,2,car,0.84,0.887,0.417,0.157,0.108
1,194046,194.046452,11,1,2,car,0.8300000000000001,0.14200000000000002,0.391,0.14300000000000002,0.079
1,194047,194.047287,11,2,2,car,0.77,0.723,0.402,0.08600000000000001,0.075
1,194048,194.047828,11,3,2,car,0.72,0.517,0.403,0.097,0.101
1,194048,194.048328,11,4,2,car,0.7000000000000001,0.651,0.4,0.067,0.078
1,194049,194.048705,11,5,2,car,0.67,0.9530000000000001,0.5630000000000001,0.094,0.403
1,194050,194.050277,11,6,7,truck,0.59,0.81,0.382,0.105,0.114
1,194051,194.050654,11,7,2,car,0.5700000000000001,0.43,0.406,0.036000000000000004,0.027
1,194244,194.244395,12,0,2,car,0.93,0.899,0.42,0.165,0.121
1,194245,194.244985,12,1,2,car,0.87,0.1,0.388,0.163,0.09
1,194246,194.245591,12,2,2,car,0.8200000000000001,0.425,0.404,0.038,0.029
1,194246,194.245984,12,3,2,car,0.75,0.651,0.399,0.066,0.083
1,194246,194.246361,12,4,2,car,0.72,0.724,0.403,0.08600000000000001,0.078
1,194247,194.246730,12,5,2,car,0.71,0.514,0.401,0.1,0.101
1,194247,194.247115,12,6,2,car,0.59,0.606,0.394,0.042,0.063
1,194247,194.247483,12,7,2,car,0.55,0.963,0.5750000000000001,0.073,0.434
1,194444,194.443731,13,0,2,car,0.86,0.911,0.423,0.17300000000000001,0.11900000000000001
1,194444,194.444116,13,1,2,car,0.78,0.726,0.401,0.085,0.078
1,194445,194.444526,13,2,2,car,0.74,0.423,0.405,0.036000000000000004,0.034
1,194445,194.444911,13,3,2,car,0.72,0.654,0.402,0.064,0.078
1,194445,194.445320,13,4,2,car,0.72,0.513,0.401,0.097,0.101
1,194446,194.445705,13,5,2,car,0.5700000000000001,0.604,0.401,0.042,0.058
1,194446,194.446090,13,6,2,car,0.55,0.061,0.392,0.122,0.101
1,194645,194.644738,14,0,2,car,0.87,0.918,0.423,0.161,0.122
1,194646,194.645598,14,1,2,car,0.84,0.515,0.406,0.10200000000000001,0.105
1,194646,194.646319,14,2,2,car,0.72,0.731,0.403,0.084,0.077
1,194647,194.646983,14,3,2,car,0.6900000000000001,0.635,0.405,0.11,0.084
1,194647,194.647482,14,4,2,car,0.65,0.42,0.40700000000000003,0.035,0.034
1,194846,194.845663,15,0,2,car,0.87,0.923,0.424,0.15,0.129
1,194846,194.846392,15,1,2,car,0.79,0.516,0.402,0.101,0.107
1,194847,194.847130,15,2,2,car,0.77,0.203,0.393,0.10300000000000001,0.064
1,194848,194.847629,15,3,2,car,0.7000000000000001,0.732,0.401,0.091,0.075
1,194848,194.848031,15,4,2,car,0.7000000000000001,0.336,0.405,0.051000000000000004,0.041
1,194848,194.848408,15,5,2,car,0.6900000000000001,0.41500000000000004,0.404,0.041,0.04
1,194849,194.848793,15,6,2,car,0.63,0.599,0.403,0.065,0.067
1,194849,194.849194,15,7,2,car,0.61,0.659,0.405,0.066,0.07200000000000001
1,195044,195.043648,0,0,2,car,0.9,0.928,0.435,0.14100000000000001,0.14200000000000002
1,195044,195.044065,0,1,2,car,0.79,0.514,0.40800000000000003,0.106,0.10400000000000001
1,195044,195.044442,0,2,2,car,0.65,0.747,0.404,0.081,0.079
1,195045,195.044819,0,3,2,car,0.64,0.607,0.40700000000000003,0.055,0.065
1,195045,195.045188,0,4,2,car,0.64,0.41300000000000003,0.41100000000000003,0.053,0.044
1,195046,195.045581,0,5,2,car,0.61,0.662,0.403,0.067,0.081
1,195046,195.045958,0,6,2,car,0.58,0.166,0.398,0.109,0.07100000000000001
1,195046,195.046343,0,7,2,car,0.55,0.32,0.40800000000000003,0.052000000000000005,0.046
1,195244,195.244253,1,0,2,car,0.9,0.935,0.432,0.128,0.15
1,195245,195.244737,1,1,2,car,0.8300000000000001,0.517,0.406,0.105,0.107
1,195245,195.245105,1,2,2,car,0.76,0.738,0.396,0.096,0.09
1,195246,195.245507,1,3,2,car,0.72,0.094,0.386,0.188,0.106
1,195246,195.245900,1,4,2,car,0.66,0.662,0.402,0.066,0.084
1,195246,195.246285,1,5,2,car,0.65,0.609,0.405,0.056,0.069
1,195247,195.246645,1,6,2,car,0.59,0.41100000000000003,0.406,0.054,0.043000000000000003
1,195247,195.246998,1,7,2,car,0.5700000000000001,0.308,0.403,0.07,0.049
1,195445,195.444744,2,0,2,car,0.89,0.9410000000000001,0.437,0.11800000000000001,0.153
1,195445,195.445252,2,1,2,car,0.78,0.519,0.41000000000000003,0.109,0.111
1,195446,195.445719,2,2,2,car,0.73,0.069,0.397,0.139,0.10300000000000001
1,195446,195.446211,2,3,2,car,0.73,0.745,0.398,0.097,0.084
1,195447,195.446932,2,4,2,car,0.65,0.663,0.401,0.073,0.08700000000000001
1,195447,195.447358,2,5,2,car,0.62,0.406,0.40700000000000003,0.061,0.048
1,195448,195.447988,2,6,2,car,0.6,0.28200000000000003,0.402,0.07200000000000001,0.056
1,195448,195.448447,2,7,2,car,0.59,0.607,0.399,0.057,0.084
1,195645,195.644867,3,0,2,car,0.87,0.9480000000000001,0.439,0.10400000000000001,0.165
1,195646,195.645637,3,1,2,car,0.8,0.516,0.405,0.105,0.10400000000000001
1,195646,195.646325,3,2,2,car,0.75,0.254,0.4,0.079,0.059000000000000004
1,195647,195.646816,3,3,2,car,0.72,0.662,0.403,0.074,0.089
1,195647,195.647242,3,4,2,car,0.7000000000000001,0.398,0.405,0.054,0.05
1,195648,195.647611,3,5,2,car,0.68,0.754,0.402,0.081,0.085
1,195648,195.647996,3,6,2,car,0.62,0.145,0.405,0.095,0.052000000000000005
1,195648,195.648381,3,7,2,car,0.54,0.608,0.4,0.06,0.08700000000000001
1,195845,195.844711,4,0,2,car,0.84,0.9550000000000001,0.445,0.089,0.17
1,195846,195.845792,4,1,2,car,0.81,0.515,0.40900000000000003,0.108,0.107
1,195847,195.846677,4,2,2,car,0.74,0.746,0.40700000000000003,0.10300000000000001,0.085
1,195847,195.847184,4,3,2,car,0.74,0.659,0.40800000000000003,0.077,0.091
1,195848,195.847717,4,4,2,car,0.6900000000000001,0.219,0.402,0.10300000000000001,0.065
1,195848,195.848086,4,5,2,car,0.66,0.10400000000000001,0.404,0.124,0.06
1,195848,195.848471,4,6,2,car,0.62,0.387,0.405,0.048,0.05
1,196044,196.044210,5,0,2,car,0.85,0.17500000000000002,0.404,0.11900000000000001,0.078
1,196045,196.044816,5,1,2,car,0.79,0.66,0.40900000000000003,0.081,0.094
1,196045,196.045193,5,2,2,car,0.77,0.513,0.417,0.107,0.111
1,196046,196.045587,5,3,2,car,0.73,0.75,0.40900000000000003,0.10300000000000001,0.094
1,196046,196.045963,5,4,2,car,0.68,0.961,0.45,0.078,0.17400000000000002
1,196046,196.046324,5,5,2,car,0.64,0.381,0.40700000000000003,0.049,0.054
1,196047,196.046676,5,6,2,car,0.55,0.027,0.39,0.054,0.097
1,196047,196.047045,5,7,2,car,0.5,0.41500000000000004,0.40900000000000003,0.049,0.048
1,196244,196.244431,6,0,2,car,0.87,0.117,0.405,0.139,0.083
1,196245,196.245168,6,1,2,car,0.78,0.659,0.41100000000000003,0.084,0.092
1,196246,196.245824,6,2,2,car,0.71,0.751,0.41100000000000003,0.11,0.09
1,196246,196.246315,6,3,2,car,0.68,0.513,0.422,0.108,0.11800000000000001
1,196247,196.246831,6,4,2,car,0.66,0.606,0.417,0.052000000000000005,0.065
1,196247,196.247233,6,5,2,car,0.6,0.968,0.463,0.062,0.169
1,196248,196.247601,6,6,2,car,0.56,0.369,0.40800000000000003,0.055,0.058
1,196248,196.247994,6,7,2,car,0.53,0.435,0.41300000000000003,0.046,0.046
1,196444,196.444160,7,0,2,car,0.81,0.066,0.40800000000000003,0.132,0.10400000000000001
1,196445,196.444889,7,1,2,car,0.78,0.512,0.42,0.109,0.113
1,196446,196.445569,7,2,2,car,0.74,0.359,0.405,0.066,0.062
1,196446,196.446053,7,3,2,car,0.73,0.661,0.41000000000000003,0.08600000000000001,0.095
1,196446,196.446438,7,4,2,car,0.7000000000000001,0.603,0.41400000000000003,0.053,0.07
1,196447,196.446806,7,5,2,car,0.64,0.17500000000000002,0.41100000000000003,0.075,0.045
1,196447,196.447199,7,6,2,car,0.62,0.436,0.41100000000000003,0.043000000000000003,0.049
1,196448,196.447576,7,7,2,car,0.6,0.753,0.406,0.11,0.088
1,196644,196.644266,8,0,2,car,0.8300000000000001,0.51,0.42,0.114,0.116
1,196645,196.644782,8,1,2,car,0.8,0.661,0.41000000000000003,0.085,0.095
1,196645,196.645282,8,2,2,car,0.72,0.14200000000000002,0.40800000000000003,0.083,0.048
1,196646,196.645749,8,3,2,car,0.62,0.434,0.41300000000000003,0.043000000000000003,0.039
1,196646,196.646199,8,4,2,car,0.61,0.03,0.41000000000000003,0.06,0.122
1,196647,196.646576,8,5,2,car,0.6,0.605,0.41400000000000003,0.051000000000000004,0.068
1,196647,196.646970,8,6,2,car,0.6,0.354,0.397,0.062,0.06
1,196647,196.647363,8,7,2,car,0.59,0.275,0.418,0.051000000000000004,0.03
1,196844,196.844323,9,0,2,car,0.85,0.761,0.398,0.112,0.096
1,196845,196.845027,9,1,2,car,0.84,0.509,0.41300000000000003,0.115,0.12
1,196846,196.845691,9,2,2,car,0.77,0.662,0.40900000000000003,0.08600000000000001,0.08600000000000001
1,196846,196.846404,9,3,2,car,0.73,0.10400000000000001,0.397,0.091,0.046
1,196847,196.846838,9,4,2,car,0.64,0.264,0.40800000000000003,0.047,0.032
1,196847,196.847223,9,5,2,car,0.63,0.603,0.405,0.047,0.058
1,196848,196.847624,9,6,2,car,0.6,0.34500000000000003,0.39,0.066,0.068
1,196848,196.847985,9,7,2,car,0.59,0.434,0.399,0.045,0.053
1,197043,197.042840,10,0,2,car,0.87,0.508,0.41600000000000004,0.117,0.11900000000000001
1,197043,197.043446,10,1,2,car,0.73,0.662,0.404,0.088,0.096
1,197044,197.044052,10,2,2,car,0.7000000000000001,0.77,0.4,0.121,0.088
1,197044,197.044462,10,3,2,car,0.7000000000000001,0.053,0.398,0.10400000000000001,0.057
1,197045,197.044847,10,4,2,car,0.56,0.603,0.403,0.05,0.061
1,197045,197.045215,10,5,2,car,0.54,0.334,0.389,0.063,0.07
1,197243,197.243150,11,0,2,car,0.9,0.508,0.421,0.11800000000000001,0.125
1,197244,197.243953,11,1,2,car,0.77,0.669,0.40800000000000003,0.094,0.097
1,197245,197.244985,11,2,2,car,0.66,0.606,0.405,0.049,0.064
1,197246,197.245649,11,3,5,bus,0.62,0.895,0.368,0.199,0.137
1,197246,197.246108,11,4,2,car,0.58,0.784,0.405,0.14,0.092
1,197247,197.246509,11,5,2,car,0.53,0.031,0.4,0.063,0.063
1,197444,197.443748,12,0,2,car,0.85,0.511,0.40900000000000003,0.117,0.121
1,197445,197.444608,12,1,2,car,0.8,0.778,0.395,0.108,0.096
1,197445,197.445436,12,2,5,bus,0.77,0.905,0.363,0.187,0.164
1,197446,197.445943,12,3,2,car,0.74,0.664,0.4,0.08,0.095
1,197446,197.446361,12,4,2,car,0.63,0.12,0.388,0.07200000000000001,0.045
1,197447,197.446730,12,5,2,car,0.59,0.611,0.397,0.044,0.061
1,197643,197.643354,13,0,2,car,0.89,0.512,0.41500000000000004,0.12,0.124
1,197644,197.644059,13,1,2,car,0.86,0.781,0.401,0.116,0.10200000000000001
1,197645,197.644583,13,2,5,bus,0.81,0.914,0.365,0.17200000000000001,0.18
1,197645,197.645034,13,3,2,car,0.8,0.663,0.406,0.078,0.093
1,197646,197.645533,13,4,2,car,0.61,0.085,0.39,0.081,0.053
1,197646,197.645935,13,5,2,car,0.53,0.314,0.386,0.14300000000000002,0.093
1,197646,197.646320,13,6,2,car,0.51,0.614,0.388,0.041,0.04
1,197844,197.843804,14,0,2,car,0.92,0.513,0.424,0.123,0.129
1,197845,197.844533,14,1,2,car,0.84,0.788,0.41200000000000003,0.12,0.111
1,197845,197.845189,14,2,2,car,0.78,0.668,0.41000000000000003,0.079,0.09
1,197846,197.845811,14,3,2,car,0.68,0.048,0.392,0.089,0.056
1,197846,197.846229,14,4,2,car,0.63,0.615,0.40800000000000003,0.045,0.065
1,197847,197.846606,14,5,2,car,0.5700000000000001,0.366,0.397,0.042,0.061
1,197847,197.846975,14,6,2,car,0.55,0.124,0.4,0.076,0.051000000000000004
1,197847,197.847327,14,7,2,car,0.51,0.302,0.39,0.167,0.095
1,198043,198.043386,15,0,2,car,0.93,0.514,0.42,0.126,0.133
1,198044,198.043877,15,1,2,car,0.8300000000000001,0.793,0.402,0.115,0.098
1,198044,198.044279,15,2,2,car,0.79,0.668,0.40900000000000003,0.08,0.08700000000000001
1,198045,198.044664,15,3,5,bus,0.75,0.929,0.368,0.14100000000000001,0.218
1,198045,198.045065,15,4,2,car,0.65,0.083,0.391,0.089,0.058
1,198045,198.045459,15,5,2,car,0.64,0.253,0.388,0.121,0.111
1,198046,198.045852,15,6,2,car,0.56,0.338,0.388,0.081,0.077
1,198046,198.046229,15,7,2,car,0.53,0.617,0.389,0.039,0.036000000000000004
1,198244,198.243713,0,0,2,car,0.91,0.514,0.421,0.127,0.135
1,198244,198.244213,0,1,2,car,0.8200000000000001,0.797,0.406,0.121,0.11
1,198245,198.244704,0,2,5,bus,0.81,0.9480000000000001,0.356,0.10300000000000001,0.224
1,198245,198.245204,0,3,2,car,0.77,0.666,0.406,0.078,0.088
1,198246,198.245671,0,4,2,car,0.76,0.039,0.393,0.079,0.065
1,198246,198.246048,0,5,2,car,0.72,0.219,0.388,0.152,0.11800000000000001
1,198246,198.246441,0,6,2,car,0.6,0.71,0.40800000000000003,0.038,0.052000000000000005
1,198247,198.246818,0,7,2,car,0.59,0.615,0.399,0.04,0.06
1,198444,198.443598,1,0,2,car,0.92,0.514,0.419,0.133,0.138
1,198444,198.444098,1,1,2,car,0.81,0.8,0.401,0.12,0.106
1,198445,198.444573,1,2,2,car,0.71,0.668,0.401,0.077,0.08700000000000001
1,198445,198.445023,1,3,2,car,0.7000000000000001,0.331,0.381,0.064,0.07100000000000001
1,198445,198.445408,1,4,5,bus,0.67,0.962,0.356,0.076,0.233
1,198446,198.445769,1,5,2,car,0.6,0.615,0.399,0.042,0.059000000000000004
1,198446,198.446162,1,6,2,car,0.56,0.178,0.387,0.17300000000000001,0.133
1,198447,198.446555,1,7,2,car,0.55,0.28700000000000003,0.377,0.07100000000000001,0.096
1,198644,198.643778,2,0,2,car,0.9,0.515,0.41500000000000004,0.138,0.145
1,198644,198.644499,2,1,2,car,0.89,0.797,0.398,0.121,0.11
1,198645,198.645187,2,2,2,car,0.81,0.13,0.384,0.213,0.156
1,198646,198.645891,2,3,2,car,0.71,0.265,0.375,0.084,0.1
1,198646,198.646317,2,4,2,car,0.71,0.668,0.395,0.08,0.084
1,198647,198.646825,2,5,2,car,0.68,0.325,0.373,0.057,0.074
1,198647,198.647210,2,6,2,car,0.55,0.616,0.387,0.037,0.059000000000000004
1,198843,198.842548,3,0,2,car,0.91,0.797,0.397,0.117,0.107
1,198843,198.843048,3,1,2,car,0.88,0.517,0.41600000000000004,0.14400000000000002,0.149
1,198844,198.843556,3,2,2,car,0.72,0.1,0.366,0.201,0.216
1,198844,198.844039,3,3,2,car,0.65,0.309,0.376,0.067,0.081
1,198845,198.844506,3,4,2,car,0.61,0.23700000000000002,0.378,0.099,0.106
1,198845,198.844891,3,5,2,car,0.6,0.67,0.395,0.082,0.088
1,199043,199.042613,4,0,2,car,0.92,0.515,0.41400000000000003,0.151,0.153
1,199043,199.042990,4,1,2,car,0.88,0.794,0.389,0.11900000000000001,0.1
1,199043,199.043400,4,2,2,car,0.86,0.079,0.379,0.159,0.218
1,199044,199.043785,4,3,2,car,0.76,0.67,0.383,0.093,0.091
1,199044,199.044170,4,4,2,car,0.73,0.21,0.373,0.11800000000000001,0.111
1,199045,199.044530,4,5,2,car,0.65,0.291,0.369,0.07200000000000001,0.085
1,199045,199.044907,4,6,2,car,0.63,0.9570000000000001,0.365,0.082,0.051000000000000004
1,199045,199.045284,4,7,2,car,0.58,0.889,0.378,0.06,0.035
1,199243,199.243424,5,0,2,car,0.91,0.515,0.417,0.152,0.16
1,199244,199.244268,5,1,2,car,0.9,0.79,0.392,0.112,0.1
1,199245,199.244776,5,2,2,car,0.8200000000000001,0.054,0.394,0.107,0.232
1,199245,199.245202,5,3,2,car,0.77,0.662,0.385,0.079,0.08600000000000001
1,199246,199.245570,5,4,2,car,0.77,0.963,0.369,0.07200000000000001,0.056
1,199246,199.245963,5,5,2,car,0.64,0.269,0.375,0.075,0.084
1,199246,199.246356,5,6,2,car,0.64,0.17,0.375,0.146,0.121
1,199444,199.443857,6,0,2,car,0.88,0.516,0.40900000000000003,0.155,0.162
1,199445,199.444595,6,1,2,car,0.84,0.786,0.379,0.106,0.099
1,199445,199.445275,6,2,2,car,0.76,0.122,0.371,0.178,0.14
1,199446,199.445775,6,3,2,car,0.71,0.968,0.357,0.065,0.059000000000000004
1,199446,199.446258,6,4,2,car,0.61,0.656,0.383,0.075,0.07
1,199447,199.446626,6,5,2,car,0.59,0.245,0.362,0.08700000000000001,0.088
1,199447,199.447003,6,6,2,car,0.5700000000000001,0.021,0.389,0.043000000000000003,0.251
1,199447,199.447388,6,7,2,car,0.51,0.891,0.363,0.096,0.05
1,199643,199.643161,7,0,2,car,0.91,0.516,0.40700000000000003,0.158,0.17
1,199644,199.643882,7,1,2,car,0.9,0.091,0.372,0.181,0.158
1,199645,199.644627,7,2,2,car,0.8,0.78,0.374,0.10300000000000001,0.094
1,199645,199.645348,7,3,2,car,0.71,0.655,0.374,0.073,0.079
1,199646,199.645880,7,4,2,car,0.65,0.219,0.352,0.096,0.083
1,199646,199.646372,7,5,2,car,0.55,0.976,0.359,0.047,0.054
1,199647,199.646749,7,6,2,car,0.54,0.927,0.369,0.057,0.034
1,199842,199.842275,8,0,2,car,0.9,0.518,0.41200000000000003,0.162,0.171
1,199843,199.842767,8,1,2,car,0.89,0.07200000000000001,0.375,0.14400000000000002,0.178
1,199843,199.843250,8,2,2,car,0.8,0.778,0.377,0.109,0.091
1,199844,199.843717,8,3,2,car,0.79,0.652,0.378,0.07200000000000001,0.076
1,199844,199.844184,8,4,2,car,0.73,0.198,0.354,0.129,0.085
1,199845,199.844569,8,5,2,car,0.56,0.6990000000000001,0.363,0.039,0.066
1,199845,199.844938,8,6,2,car,0.53,0.982,0.367,0.034,0.04
1,200042,200.041931,9,0,2,car,0.87,0.768,0.384,0.099,0.08600000000000001
1,200042,200.042349,9,1,2,car,0.87,0.52,0.418,0.169,0.17400000000000002
1,200043,200.042717,9,2,2,car,0.79,0.166,0.375,0.147,0.126
1,200043,200.043086,9,3,2,car,0.78,0.052000000000000005,0.371,0.10400000000000001,0.199
1,200044,200.043504,9,4,2,car,0.6900000000000001,0.653,0.382,0.067,0.07200000000000001
1,200044,200.043897,9,5,2,car,0.55,0.9550000000000001,0.377,0.07100000000000001,0.039
1,200243,200.242676,10,0,2,car,0.9,0.523,0.422,0.17,0.183
1,200243,200.243388,10,1,2,car,0.8200000000000001,0.765,0.385,0.096,0.082
1,200244,200.244216,10,2,2,car,0.79,0.128,0.378,0.169,0.133
1,200245,200.245060,10,3,2,car,0.62,0.642,0.386,0.08700000000000001,0.07200000000000001
1,200443,200.442929,11,0,2,car,0.91,0.526,0.43,0.17300000000000001,0.187
1,200444,200.443814,11,1,2,car,0.76,0.754,0.386,0.089,0.079
1,200444,200.444469,11,2,2,car,0.74,0.097,0.384,0.191,0.151
1,200445,200.444994,11,3,2,car,0.65,0.968,0.375,0.058,0.056
1,200445,200.445387,11,4,2,car,0.65,0.921,0.373,0.051000000000000004,0.05
1,200446,200.445862,11,5,2,car,0.58,0.65,0.385,0.059000000000000004,0.073
1,200643,200.642609,12,0,2,car,0.85,0.527,0.431,0.17500000000000002,0.186
1,200643,200.643478,12,1,2,car,0.7000000000000001,0.743,0.387,0.091,0.077
1,200644,200.643977,12,2,2,car,0.67,0.975,0.373,0.049,0.067
1,200644,200.644485,12,3,2,car,0.66,0.649,0.395,0.056,0.052000000000000005
1,200645,200.644952,12,4,2,car,0.58,0.931,0.373,0.056,0.051000000000000004
1,200842,200.842199,13,0,2,car,0.78,0.735,0.383,0.082,0.074
1,200843,200.842912,13,1,2,car,0.74,0.527,0.429,0.176,0.187
1,200844,200.843649,13,2,2,car,0.61,0.646,0.384,0.056,0.067
1,201042,201.041658,14,0,2,car,0.84,0.528,0.431,0.179,0.189
1,201042,201.042141,14,1,2,car,0.81,0.73,0.384,0.084,0.069
1,201043,201.042551,14,2,2,car,0.6900000000000001,0.964,0.373,0.07200000000000001,0.06
1,201043,201.042952,14,3,2,car,0.63,0.043000000000000003,0.397,0.08700000000000001,0.192
1,201043,201.043345,14,4,2,car,0.63,0.642,0.384,0.055,0.065
1,201044,201.043722,14,5,2,car,0.54,0.134,0.369,0.094,0.034
1,201044,201.044107,14,6,2,car,0.51,0.305,0.361,0.066,0.047
1,201242,201.241756,15,0,2,car,0.77,0.722,0.384,0.076,0.068
1,201242,201.242149,15,1,2,car,0.77,0.53,0.431,0.179,0.187
1,201243,201.242649,15,2,2,car,0.6900000000000001,0.972,0.374,0.054,0.055
1,201243,201.243419,15,3,2,car,0.5700000000000001,0.641,0.392,0.051000000000000004,0.045
1,201244,201.244156,15,4,2,car,0.53,0.11800000000000001,0.371,0.081,0.037
1,201245,201.244598,15,5,2,car,0.5,0.294,0.356,0.062,0.04
1,201443,201.442525,0,0,2,car,0.81,0.53,0.437,0.182,0.194
1,201443,201.443263,0,1,2,car,0.76,0.718,0.385,0.066,0.063
1,201444,201.443770,0,2,2,car,0.6,0.638,0.394,0.047,0.045
1,201444,201.444205,0,3,2,car,0.5700000000000001,0.211,0.376,0.064,0.037
1,201445,201.444573,0,4,2,car,0.56,0.973,0.375,0.053,0.056
1,201642,201.641984,1,0,2,car,0.71,0.531,0.44,0.184,0.197
1,201643,201.642525,1,1,2,car,0.68,0.713,0.382,0.07,0.067
1,201643,201.643016,1,2,2,car,0.64,0.632,0.389,0.056,0.06
1,201643,201.643483,1,3,2,car,0.52,0.185,0.375,0.07,0.032
1,201841,201.841083,2,0,2,car,0.8200000000000001,0.53,0.437,0.184,0.193
1,201842,201.841779,2,1,2,car,0.6,0.631,0.39,0.045,0.051000000000000004
1,201842,201.842278,2,2,2,car,0.59,0.712,0.375,0.067,0.074
1,202041,202.041213,3,0,2,car,0.86,0.527,0.437,0.185,0.198
1,202042,202.041623,3,1,2,car,0.68,0.968,0.442,0.063,0.168
1,202042,202.041991,3,2,2,car,0.61,0.704,0.366,0.068,0.078
1,202042,202.042393,3,3,2,car,0.6,0.62,0.381,0.055,0.065
1,202043,202.042786,3,4,2,car,0.58,0.041,0.374,0.077,0.034
1,202242,202.241892,4,0,2,car,0.85,0.522,0.431,0.185,0.196
1,202242,202.242425,4,1,2,car,0.8200000000000001,0.963,0.418,0.073,0.183
1,202243,202.242925,4,2,2,car,0.56,0.619,0.372,0.051000000000000004,0.055
1,202243,202.243392,4,3,2,car,0.55,0.03,0.375,0.059000000000000004,0.044
1,202244,202.243842,4,4,2,car,0.53,0.721,0.362,0.093,0.075
1,202442,202.441605,5,0,2,car,0.89,0.9530000000000001,0.422,0.092,0.17300000000000001
1,202442,202.442105,5,1,2,car,0.8300000000000001,0.518,0.434,0.189,0.201
1,202443,202.442547,5,2,2,car,0.67,0.116,0.373,0.17,0.113
1,202443,202.443014,5,3,2,car,0.56,0.621,0.373,0.078,0.055
1,202443,202.443408,5,4,2,car,0.5,0.644,0.373,0.036000000000000004,0.049
1,202641,202.641383,6,0,2,car,0.9,0.9460000000000001,0.425,0.107,0.18
1,202642,202.641875,6,1,2,car,0.81,0.511,0.434,0.19,0.203
1,202642,202.642367,6,2,2,car,0.55,0.074,0.402,0.147,0.17300000000000001
1,202643,202.642817,6,3,2,car,0.54,0.602,0.376,0.053,0.052000000000000005
1,202643,202.643292,6,4,2,car,0.51,0.634,0.37,0.033,0.05
1,202644,202.643669,6,5,2,car,0.51,0.685,0.372,0.065,0.059000000000000004
1,202842,202.841784,7,0,2,car,0.91,0.9380000000000001,0.419,0.124,0.167
1,202843,202.842694,7,1,2,car,0.85,0.501,0.438,0.195,0.20500000000000002
1,202843,202.843218,7,2,2,car,0.66,0.684,0.371,0.052000000000000005,0.054
1,202844,202.843693,7,3,2,car,0.54,0.595,0.374,0.05,0.057
1,202844,202.844168,7,4,2,car,0.5,0.628,0.367,0.032,0.046
1,203042,203.041546,8,0,2,car,0.86,0.929,0.417,0.14100000000000001,0.164
1,203042,203.042063,8,1,2,car,0.8200000000000001,0.487,0.439,0.195,0.20700000000000002
1,203043,203.042562,8,2,2,car,0.71,0.676,0.371,0.047,0.056
1,203043,203.043021,8,3,2,car,0.54,0.618,0.369,0.036000000000000004,0.051000000000000004
1,203044,203.043504,8,4,2,car,0.53,0.584,0.376,0.052000000000000005,0.056
1,203241,203.241054,9,0,2,car,0.88,0.921,0.41300000000000003,0.157,0.158
1,203242,203.241554,9,1,2,car,0.74,0.47100000000000003,0.441,0.197,0.21
1,203242,203.242029,9,2,2,car,0.65,0.665,0.369,0.045,0.056
1,203243,203.242512,9,3,2,car,0.55,0.5700000000000001,0.373,0.057,0.06
1,203441,203.440874,10,0,2,car,0.91,0.911,0.41100000000000003,0.176,0.153
1,203441,203.441365,10,1,2,car,0.86,0.448,0.438,0.20600000000000002,0.203
1,203641,203.641029,11,0,2,car,0.9,0.897,0.41100000000000003,0.19,0.148
1,203642,203.641520,11,1,2,car,0.87,0.424,0.443,0.212,0.21
1,203642,203.641987,11,2,2,car,0.58,0.547,0.375,0.05,0.056
1,203642,203.642487,11,3,2,car,0.53,0.64,0.373,0.049,0.046
1,203840,203.840340,12,0,2,car,0.89,0.874,0.40900000000000003,0.177,0.14200000000000002
1,203841,203.840815,12,1,2,car,0.8200000000000001,0.4,0.445,0.219,0.215
1,203841,203.841307,12,2,2,car,0.67,0.536,0.384,0.044,0.04
1,203842,203.841774,12,3,2,car,0.55,0.628,0.37,0.047,0.047
1,204041,204.041077,13,0,2,car,0.9,0.853,0.41100000000000003,0.167,0.14
1,204042,204.041577,13,1,2,car,0.87,0.373,0.452,0.229,0.23600000000000002
1,204042,204.042076,13,2,2,car,0.74,0.524,0.385,0.05,0.041
1,204043,204.042576,13,3,2,car,0.51,0.587,0.368,0.04,0.047
1,204241,204.240806,14,0,2,car,0.91,0.834,0.40900000000000003,0.162,0.132
1,204241,204.241322,14,1,2,car,0.8300000000000001,0.343,0.455,0.246,0.247
1,204242,204.241814,14,2,2,car,0.67,0.517,0.384,0.045,0.04
1,204242,204.242297,14,3,2,car,0.53,0.606,0.366,0.046,0.047
1,204441,204.440838,15,0,2,car,0.91,0.8220000000000001,0.406,0.161,0.129
1,204441,204.441363,15,1,2,car,0.85,0.313,0.459,0.262,0.263
1,204442,204.441829,15,2,2,car,0.7000000000000001,0.509,0.382,0.046,0.045
1,204442,204.442313,15,3,2,car,0.67,0.599,0.364,0.044,0.05
1,204641,204.640608,0,0,2,car,0.92,0.805,0.405,0.157,0.127
1,204641,204.641108,0,1,2,car,0.9,0.278,0.466,0.295,0.272
1,204642,204.641583,0,2,2,car,0.74,0.5,0.383,0.047,0.044
1,204642,204.641993,0,3,2,car,0.66,0.418,0.381,0.058,0.068
1,204642,204.642361,0,4,2,car,0.53,0.589,0.362,0.048,0.051000000000000004
1,204841,204.840927,1,0,2,car,0.92,0.23900000000000002,0.47400000000000003,0.328,0.295
1,204841,204.841411,1,1,2,car,0.88,0.788,0.397,0.151,0.11800000000000001
1,204844,204.844450,1,2,2,car,0.76,0.406,0.382,0.065,0.067
1,204845,204.845163,1,3,2,car,0.73,0.494,0.382,0.047,0.043000000000000003
1,204846,204.845884,1,4,2,car,0.67,0.581,0.361,0.046,0.046
1,204846,204.846465,1,5,2,car,0.52,0.523,0.359,0.038,0.043000000000000003
1,205040,205.040042,2,0,2,car,0.93,0.777,0.397,0.148,0.121
1,205041,205.040599,2,1,2,car,0.89,0.191,0.47900000000000004,0.38,0.312
1,205041,205.041066,2,2,2,car,0.8200000000000001,0.394,0.381,0.081,0.07200000000000001
1,205042,205.041525,2,3,2,car,0.7000000000000001,0.49,0.377,0.05,0.048
1,205042,205.041926,2,4,2,car,0.63,0.5750000000000001,0.358,0.046,0.048
1,205042,205.042311,2,5,2,car,0.55,0.524,0.355,0.035,0.037
1,205241,205.240828,3,0,2,car,0.93,0.18,0.47700000000000004,0.359,0.327
1,205242,205.241729,3,1,2,car,0.9,0.769,0.391,0.14300000000000002,0.128
1,205242,205.242204,3,2,2,car,0.67,0.387,0.374,0.081,0.076
1,205243,205.242696,3,3,2,car,0.62,0.485,0.373,0.051000000000000004,0.046
1,205243,205.243081,3,4,2,car,0.56,0.5730000000000001,0.34500000000000003,0.044,0.044
1,205243,205.243474,3,5,2,car,0.51,0.521,0.34400000000000003,0.052000000000000005,0.049
1,205441,205.440582,4,0,2,car,0.9500000000000001,0.168,0.494,0.335,0.367
1,205441,205.441008,4,1,2,car,0.9,0.762,0.388,0.139,0.116
1,205441,205.441393,4,2,2,car,0.77,0.383,0.371,0.081,0.075
1,205442,205.441770,4,3,2,car,0.62,0.486,0.371,0.05,0.036000000000000004
1,205442,205.442155,4,4,2,car,0.61,0.5740000000000001,0.343,0.046,0.042
1,205640,205.639754,5,0,2,car,0.88,0.755,0.386,0.139,0.117
1,205640,205.640262,5,1,2,car,0.88,0.156,0.513,0.312,0.417
1,205641,205.640761,5,2,2,car,0.77,0.381,0.374,0.084,0.073
1,205641,205.641237,5,3,2,car,0.62,0.49,0.372,0.054,0.041
1,205642,205.641638,5,4,2,car,0.55,0.315,0.356,0.065,0.054
1,205642,205.642015,5,5,2,car,0.51,0.577,0.337,0.053,0.045
1,205841,205.840712,6,0,2,car,0.91,0.14400000000000002,0.547,0.289,0.5
1,205841,205.841433,6,1,2,car,0.78,0.381,0.374,0.08600000000000001,0.077
1,205842,205.842170,6,2,2,car,0.68,0.755,0.386,0.136,0.11900000000000001
1,205843,205.842711,6,3,2,car,0.6,0.496,0.372,0.062,0.042
1,205843,205.843128,6,4,0,person,0.53,0.973,0.35100000000000003,0.025,0.10300000000000001
1,206041,206.040752,7,0,2,car,0.92,0.132,0.582,0.265,0.579
1,206041,206.041252,7,1,2,car,0.73,0.38,0.376,0.09,0.07200000000000001
1,206042,206.041735,7,2,2,car,0.61,0.492,0.358,0.055,0.073
1,206042,206.042186,7,3,7,truck,0.58,0.756,0.379,0.135,0.127
1,206043,206.042677,7,4,2,car,0.56,0.25,0.375,0.064,0.074
1,206043,206.043062,7,5,2,car,0.51,0.297,0.364,0.057,0.044
1,206241,206.240784,8,0,2,car,0.91,0.117,0.583,0.23500000000000001,0.607
1,206241,206.241292,8,1,2,car,0.78,0.38,0.375,0.09,0.08
1,206242,206.241792,8,2,2,car,0.77,0.756,0.387,0.127,0.117
1,206242,206.242251,8,3,2,car,0.75,0.221,0.367,0.096,0.107
1,206243,206.242620,8,4,2,car,0.75,0.293,0.364,0.077,0.064
1,206243,206.242996,8,5,2,car,0.51,0.493,0.355,0.055,0.081
1,206441,206.441062,9,0,2,car,0.86,0.1,0.559,0.2,0.5760000000000001
1,206442,206.441603,9,1,2,car,0.84,0.757,0.387,0.124,0.116
1,206442,206.442095,9,2,2,car,0.76,0.378,0.371,0.093,0.091
1,206443,206.442562,9,3,2,car,0.75,0.274,0.366,0.085,0.067
1,206443,206.443037,9,4,2,car,0.67,0.188,0.372,0.116,0.113
1,206443,206.443471,9,5,2,car,0.54,0.453,0.322,0.035,0.038
1,206444,206.443848,9,6,2,car,0.53,0.537,0.329,0.035,0.035
1,206444,206.444241,9,7,2,car,0.5,0.587,0.325,0.038,0.04
1,206641,206.640661,10,0,2,car,0.78,0.763,0.385,0.122,0.117
1,206641,206.641160,10,1,2,car,0.78,0.378,0.373,0.096,0.088
1,206642,206.641611,10,2,2,car,0.76,0.081,0.556,0.163,0.542
1,206642,206.642004,10,3,2,car,0.68,0.259,0.366,0.094,0.07
1,206642,206.642381,10,4,2,car,0.63,0.499,0.358,0.056,0.073
1,206643,206.642774,10,5,2,car,0.61,0.15,0.365,0.116,0.112
1,206643,206.643176,10,6,2,car,0.59,0.309,0.343,0.055,0.043000000000000003
1,206644,206.643552,10,7,2,car,0.5,0.541,0.326,0.037,0.041
1,206841,206.840685,11,0,2,car,0.84,0.767,0.384,0.126,0.11800000000000001
1,206841,206.841176,11,1,2,car,0.79,0.379,0.37,0.099,0.091
1,206842,206.841660,11,2,2,car,0.74,0.252,0.363,0.107,0.081
1,206842,206.842118,11,3,2,car,0.74,0.064,0.5660000000000001,0.13,0.487
1,206842,206.842487,11,4,2,car,0.71,0.092,0.376,0.165,0.151
1,206843,206.842888,11,5,2,car,0.6,0.439,0.34,0.048,0.046
1,206843,206.843273,11,6,2,car,0.56,0.597,0.32,0.037,0.039
1,207041,207.040627,12,0,2,car,0.92,0.774,0.384,0.12,0.114
1,207041,207.041282,12,1,2,car,0.91,0.093,0.381,0.187,0.17
1,207042,207.041798,12,2,2,car,0.85,0.23600000000000002,0.367,0.122,0.089
1,207042,207.042273,12,3,2,car,0.66,0.382,0.371,0.1,0.089
1,207043,207.042757,12,4,2,car,0.55,0.046,0.591,0.093,0.4
1,207043,207.043133,12,5,2,car,0.54,0.602,0.316,0.036000000000000004,0.042
1,207241,207.240692,13,0,2,car,0.92,0.079,0.39,0.158,0.192
1,207241,207.241208,13,1,2,car,0.89,0.779,0.388,0.123,0.116
1,207242,207.241708,13,2,2,car,0.88,0.221,0.375,0.134,0.1
1,207242,207.242175,13,3,2,car,0.81,0.384,0.376,0.105,0.09
1,207243,207.242625,13,4,2,car,0.6900000000000001,0.297,0.356,0.07200000000000001,0.068
1,207243,207.243026,13,5,2,car,0.65,0.516,0.366,0.064,0.075
1,207243,207.243395,13,6,2,car,0.55,0.454,0.34800000000000003,0.054,0.04
1,207244,207.243797,13,7,2,car,0.53,0.56,0.322,0.037,0.042
1,207440,207.439725,14,0,2,car,0.92,0.057,0.398,0.115,0.20500000000000002
1,207441,207.440732,14,1,2,car,0.92,0.202,0.38,0.146,0.105
1,207441,207.441240,14,2,2,car,0.87,0.786,0.389,0.124,0.115
1,207442,207.441707,14,3,2,car,0.7000000000000001,0.386,0.38,0.105,0.08600000000000001
1,207442,207.442166,14,4,2,car,0.68,0.292,0.359,0.08700000000000001,0.075
1,207443,207.442584,14,5,2,car,0.62,0.5630000000000001,0.319,0.039,0.039
1,207443,207.442936,14,6,2,car,0.5700000000000001,0.455,0.343,0.046,0.048
1,207443,207.443296,14,7,2,car,0.55,0.518,0.379,0.067,0.057
1,207640,207.639757,15,0,2,car,0.9,0.177,0.377,0.161,0.116
1,207640,207.640420,15,1,2,car,0.89,0.79,0.382,0.124,0.114
1,207641,207.640953,15,2,2,car,0.73,0.033,0.397,0.066,0.20700000000000002
1,207641,207.641453,15,3,2,car,0.65,0.281,0.359,0.094,0.084
1,207642,207.641854,15,4,2,car,0.58,0.384,0.373,0.105,0.093
1,207642,207.642223,15,5,2,car,0.55,0.46,0.341,0.044,0.041
1,207643,207.642600,15,6,2,car,0.53,0.5650000000000001,0.314,0.04,0.046
1,207643,207.642993,15,7,2,car,0.51,0.52,0.362,0.069,0.084
1,207840,207.840346,0,0,2,car,0.91,0.791,0.376,0.128,0.113
1,207841,207.841075,0,1,2,car,0.8,0.149,0.368,0.17300000000000001,0.111
1,207842,207.841542,0,2,2,car,0.71,0.383,0.369,0.108,0.095
1,207842,207.841944,0,3,2,car,0.71,0.273,0.34900000000000003,0.105,0.08700000000000001
1,207842,207.842443,0,4,2,car,0.66,0.522,0.357,0.073,0.088
1,207843,207.842820,0,5,2,car,0.59,0.5660000000000001,0.304,0.039,0.034
1,207843,207.843205,0,6,2,car,0.52,0.461,0.327,0.047,0.049
1,207844,207.843574,0,7,2,car,0.5,0.607,0.296,0.042,0.039
1,208040,208.040239,1,0,2,car,0.89,0.117,0.378,0.209,0.14300000000000002
1,208041,208.040763,1,1,2,car,0.87,0.798,0.371,0.127,0.115
1,208041,208.041255,1,2,2,car,0.8,0.254,0.34700000000000003,0.116,0.088
1,208042,208.041722,1,3,2,car,0.75,0.523,0.354,0.077,0.101
1,208042,208.042189,1,4,2,car,0.72,0.381,0.365,0.112,0.098
1,208043,208.042590,1,5,2,car,0.55,0.5700000000000001,0.3,0.036000000000000004,0.031
1,208043,208.042959,1,6,2,car,0.53,0.605,0.294,0.047,0.039
1,208240,208.239854,2,0,2,car,0.92,0.098,0.384,0.196,0.15
1,208240,208.240337,2,1,2,car,0.91,0.805,0.368,0.13,0.115
1,208241,208.240812,2,2,2,car,0.81,0.241,0.34600000000000003,0.11900000000000001,0.092
1,208241,208.241279,2,3,2,car,0.76,0.378,0.362,0.11800000000000001,0.10200000000000001
1,208242,208.241762,2,4,2,car,0.71,0.524,0.354,0.078,0.10300000000000001
1,208242,208.242147,2,5,2,car,0.59,0.327,0.338,0.077,0.075
1,208440,208.439698,3,0,2,car,0.91,0.085,0.385,0.171,0.164
1,208440,208.440148,3,1,2,car,0.91,0.811,0.364,0.14,0.112
1,208441,208.440607,3,2,2,car,0.86,0.234,0.343,0.131,0.09
1,208441,208.441074,3,3,2,car,0.73,0.374,0.35100000000000003,0.11900000000000001,0.116
1,208441,208.441459,3,4,2,car,0.63,0.525,0.35000000000000003,0.081,0.113
1,208442,208.441844,3,5,2,car,0.59,0.324,0.331,0.07200000000000001,0.068
1,208640,208.639935,4,0,2,car,0.9,0.074,0.397,0.148,0.176
1,208641,208.640778,4,1,2,car,0.86,0.8190000000000001,0.37,0.14100000000000001,0.117
1,208641,208.641466,4,2,2,car,0.8,0.374,0.369,0.124,0.10300000000000001
1,208642,208.642015,4,3,2,car,0.79,0.22,0.34600000000000003,0.14100000000000001,0.092
1,208642,208.642490,4,4,2,car,0.63,0.527,0.355,0.085,0.124
1,208643,208.642900,4,5,2,car,0.54,0.5730000000000001,0.295,0.034,0.034
1,208643,208.643269,4,6,2,car,0.52,0.495,0.28400000000000003,0.032,0.026000000000000002
1,208840,208.839778,5,0,2,car,0.92,0.20700000000000002,0.36,0.149,0.107
1,208841,208.840639,5,1,2,car,0.9,0.057,0.41300000000000003,0.113,0.194
1,208841,208.841491,5,2,2,car,0.8,0.8270000000000001,0.377,0.139,0.11800000000000001
1,208842,208.842343,5,3,2,car,0.77,0.37,0.369,0.131,0.125
1,208843,208.842982,5,4,2,car,0.6,0.53,0.366,0.089,0.122
1,208844,208.843621,5,5,2,car,0.56,0.616,0.296,0.034,0.029
1,208844,208.844046,5,6,2,car,0.54,0.5740000000000001,0.297,0.033,0.03
1,209040,209.039589,6,0,2,car,0.89,0.193,0.356,0.157,0.11
1,209040,209.040335,6,1,2,car,0.84,0.367,0.368,0.135,0.128
1,209041,209.041351,6,2,2,car,0.81,0.041,0.41300000000000003,0.083,0.186
1,209042,209.042195,6,3,2,car,0.65,0.301,0.339,0.093,0.076
1,209043,209.043063,6,4,2,car,0.55,0.578,0.295,0.031,0.033
1,209044,209.043546,6,5,2,car,0.52,0.838,0.374,0.148,0.127
1,209240,209.239687,7,0,2,car,0.9,0.851,0.371,0.153,0.13
1,209240,209.240318,7,1,2,car,0.88,0.178,0.356,0.159,0.113
1,209241,209.241055,7,2,2,car,0.79,0.025,0.40900000000000003,0.05,0.158
1,209242,209.241678,7,3,2,car,0.76,0.362,0.368,0.14200000000000002,0.124
1,209242,209.242301,7,4,2,car,0.66,0.301,0.335,0.084,0.074
1,209243,209.242915,7,5,2,car,0.53,0.531,0.365,0.096,0.138
1,209439,209.438540,8,0,2,car,0.91,0.165,0.36,0.169,0.123
1,209439,209.439130,8,1,2,car,0.89,0.358,0.368,0.148,0.136
1,209440,209.439703,8,2,2,car,0.81,0.863,0.379,0.16,0.135
1,209440,209.440268,8,3,2,car,0.78,0.536,0.372,0.11,0.147
1,209441,209.440850,8,4,2,car,0.52,0.617,0.28700000000000003,0.037,0.028
1,209441,209.441252,8,5,2,car,0.51,0.481,0.306,0.053,0.043000000000000003
1,209639,209.639047,9,0,2,car,0.92,0.149,0.365,0.17200000000000001,0.129
1,209640,209.639744,9,1,2,car,0.9,0.352,0.367,0.153,0.148
1,209640,209.640243,9,2,2,car,0.81,0.878,0.378,0.178,0.14
1,209641,209.640727,9,3,2,car,0.75,0.536,0.375,0.115,0.156
1,209641,209.641202,9,4,2,car,0.64,0.616,0.28600000000000003,0.038,0.03
1,209642,209.641677,9,5,2,car,0.62,0.398,0.291,0.039,0.042
1,209642,209.642128,9,6,2,car,0.5700000000000001,0.485,0.303,0.061,0.051000000000000004
1,209839,209.839137,10,0,2,car,0.9,0.14100000000000001,0.364,0.185,0.136
1,209840,209.839710,10,1,2,car,0.89,0.34800000000000003,0.372,0.16,0.147
1,209840,209.840235,10,2,2,car,0.87,0.89,0.379,0.176,0.14200000000000002
1,209841,209.840743,10,3,2,car,0.6,0.534,0.374,0.121,0.169
1,209841,209.841242,10,4,2,car,0.5700000000000001,0.277,0.334,0.112,0.075
1,209842,209.841685,10,5,2,car,0.53,0.616,0.28700000000000003,0.037,0.031
1,210039,210.039161,11,0,2,car,0.89,0.343,0.371,0.165,0.157
1,210040,210.039661,11,1,2,car,0.86,0.898,0.379,0.186,0.145
1,210040,210.040070,11,2,2,car,0.86,0.122,0.364,0.17200000000000001,0.138
1,210041,210.040513,11,3,2,car,0.78,0.537,0.38,0.128,0.177
1,210041,210.040906,11,4,2,car,0.59,0.616,0.28300000000000003,0.036000000000000004,0.029
1,210041,210.041291,11,5,2,car,0.52,0.8130000000000001,0.314,0.056,0.085
1,210239,210.238923,12,0,2,car,0.91,0.127,0.365,0.20600000000000002,0.145
1,210239,210.239464,12,1,2,car,0.87,0.337,0.37,0.17400000000000002,0.163
1,210240,210.239955,12,2,2,car,0.85,0.54,0.382,0.138,0.189
1,210240,210.240438,12,3,2,car,0.8200000000000001,0.907,0.378,0.184,0.151
1,210241,210.240905,12,4,2,car,0.5700000000000001,0.395,0.28800000000000003,0.045,0.044
1,210438,210.437923,13,0,2,car,0.9,0.913,0.379,0.17200000000000001,0.152
1,210438,210.438292,13,1,2,car,0.89,0.33,0.374,0.179,0.166
1,210439,210.438677,13,2,2,car,0.8300000000000001,0.539,0.388,0.149,0.2
1,210439,210.439021,13,3,2,car,0.71,0.099,0.366,0.177,0.147
1,210439,210.439414,13,4,2,car,0.6900000000000001,0.396,0.28600000000000003,0.046,0.05
1,210639,210.638611,14,0,2,car,0.91,0.915,0.38,0.165,0.158
1,210639,210.638996,14,1,2,car,0.91,0.11,0.366,0.22,0.146
1,210639,210.639479,14,2,2,car,0.89,0.319,0.375,0.198,0.169
1,210640,210.639938,14,3,2,car,0.84,0.542,0.392,0.159,0.212
1,210640,210.640331,14,4,2,car,0.5700000000000001,0.396,0.291,0.044,0.045
1,210641,210.640708,14,5,2,car,0.5,0.446,0.278,0.033,0.024
1,210839,210.839143,15,0,2,car,0.91,0.109,0.368,0.219,0.153
1,210840,210.839667,15,1,2,car,0.86,0.316,0.379,0.2,0.183
1,210840,210.840167,15,2,2,car,0.85,0.543,0.4,0.167,0.232
1,210841,210.840642,15,3,2,car,0.85,0.924,0.385,0.151,0.161
1,210841,210.841109,15,4,2,car,0.6,0.397,0.29,0.046,0.048
1,210842,210.841518,15,5,0,person,0.51,0.794,0.34900000000000003,0.028,0.082
1,211038,211.038077,0,0,2,car,0.91,0.106,0.369,0.212,0.157
1,211039,211.038577,0,1,2,car,0.91,0.307,0.383,0.209,0.188
1,211039,211.039060,0,2,2,car,0.85,0.931,0.383,0.137,0.166
1,211040,211.039535,0,3,2,car,0.8,0.546,0.405,0.181,0.247
1,211040,211.039920,0,4,2,car,0.7000000000000001,0.398,0.289,0.05,0.047
1,211040,211.040289,0,5,0,person,0.56,0.834,0.341,0.034,0.085
1,211239,211.239068,1,0,2,car,0.92,0.101,0.367,0.202,0.157
1,211240,211.239568,1,1,2,car,0.92,0.298,0.385,0.219,0.197
1,211240,211.239953,1,2,2,car,0.84,0.545,0.40700000000000003,0.193,0.259
1,211240,211.240436,1,3,2,car,0.8300000000000001,0.935,0.371,0.129,0.14100000000000001
1,211241,211.240845,1,4,2,car,0.7000000000000001,0.396,0.291,0.046,0.046
1,211241,211.241214,1,5,2,car,0.68,0.964,0.531,0.07200000000000001,0.374
1,211438,211.438142,2,0,2,car,0.92,0.28800000000000003,0.391,0.231,0.194
1,211439,211.438527,2,1,2,car,0.91,0.097,0.372,0.194,0.169
1,211439,211.438895,2,2,2,car,0.84,0.545,0.40900000000000003,0.203,0.27
1,211439,211.439272,2,3,2,car,0.81,0.9400000000000001,0.374,0.117,0.149
1,211440,211.439649,2,4,2,car,0.7000000000000001,0.396,0.289,0.049,0.046
1,211440,211.440042,2,5,2,car,0.66,0.9460000000000001,0.526,0.108,0.34800000000000003
1,211440,211.440460,2,6,0,person,0.52,0.8190000000000001,0.335,0.033,0.1
1,211639,211.638706,3,0,2,car,0.93,0.279,0.389,0.24,0.211
1,211639,211.639222,3,1,2,car,0.91,0.093,0.374,0.185,0.181
1,211640,211.639689,3,2,2,car,0.8200000000000001,0.9410000000000001,0.491,0.117,0.388
1,211640,211.640164,3,3,2,car,0.81,0.546,0.41200000000000003,0.216,0.28300000000000003
1,211641,211.640541,3,4,2,car,0.6900000000000001,0.397,0.28500000000000003,0.042,0.04
1,211839,211.839083,4,0,2,car,0.92,0.27,0.394,0.249,0.215
1,211840,211.839582,4,1,2,car,0.9,0.08700000000000001,0.374,0.17400000000000002,0.178
1,211840,211.840066,4,2,2,car,0.84,0.929,0.47500000000000003,0.139,0.39
1,211841,211.840516,4,3,2,car,0.7000000000000001,0.547,0.41300000000000003,0.222,0.28500000000000003
1,211841,211.840893,4,4,2,car,0.66,0.396,0.28500000000000003,0.044,0.036000000000000004
1,211841,211.841286,4,5,2,car,0.66,0.849,0.315,0.10400000000000001,0.092
1,211842,211.841671,4,6,0,person,0.63,0.744,0.34600000000000003,0.029,0.093
1,212039,212.038746,5,0,2,car,0.91,0.261,0.4,0.259,0.213
1,212039,212.039246,5,1,2,car,0.9,0.084,0.374,0.167,0.176
1,212040,212.039705,5,2,2,car,0.85,0.922,0.464,0.156,0.399
1,212040,212.040164,5,3,2,car,0.8,0.544,0.421,0.23500000000000001,0.302
1,212041,212.040540,5,4,2,car,0.71,0.397,0.28600000000000003,0.041,0.032
1,212041,212.040884,5,5,0,person,0.65,0.792,0.341,0.038,0.093
1,212041,212.041343,5,6,0,person,0.64,0.733,0.35000000000000003,0.033,0.1
1,212238,212.238074,6,0,2,car,0.92,0.079,0.374,0.157,0.176
1,212239,212.238533,6,1,2,car,0.9,0.252,0.40900000000000003,0.266,0.211
1,212239,212.238983,6,2,2,car,0.86,0.545,0.425,0.244,0.314
1,212239,212.239467,6,3,2,car,0.85,0.914,0.458,0.168,0.388
1,212240,212.239860,6,4,2,car,0.67,0.397,0.28700000000000003,0.044,0.037
1,212240,212.240245,6,5,2,car,0.52,0.87,0.316,0.077,0.098
1,212438,212.437967,7,0,2,car,0.91,0.243,0.40900000000000003,0.275,0.219
1,212438,212.438368,7,1,2,car,0.86,0.544,0.437,0.254,0.338
1,212439,212.438737,7,2,2,car,0.81,0.073,0.377,0.146,0.184
1,212439,212.439130,7,3,2,car,0.79,0.907,0.488,0.184,0.43
1,212439,212.439499,7,4,2,car,0.7000000000000001,0.395,0.28400000000000003,0.05,0.038
1,212638,212.638065,8,0,2,car,0.9,0.224,0.41100000000000003,0.308,0.218
1,212639,212.638581,8,1,2,car,0.9,0.067,0.377,0.134,0.185
1,212639,212.639048,8,2,2,car,0.81,0.546,0.433,0.268,0.332
1,212640,212.639531,8,3,2,car,0.72,0.902,0.525,0.191,0.329
1,212640,212.640006,8,4,2,car,0.6,0.4,0.28400000000000003,0.041,0.03
1,212838,212.838138,9,0,2,car,0.91,0.224,0.423,0.302,0.225
1,212839,212.838621,9,1,2,car,0.85,0.916,0.52,0.164,0.313
1,212839,212.839096,9,2,2,car,0.76,0.077,0.38,0.156,0.179
1,212840,212.839580,9,3,2,car,0.76,0.782,0.38,0.195,0.17
1,212840,212.840047,9,4,2,car,0.66,0.545,0.432,0.263,0.326
1,213039,213.038678,10,0,2,car,0.91,0.225,0.427,0.3,0.228
1,213039,213.039194,10,1,2,car,0.91,0.546,0.436,0.26,0.327
1,213040,213.039694,10,2,2,car,0.89,0.918,0.517,0.161,0.311
1,213040,213.040161,10,3,2,car,0.85,0.776,0.392,0.195,0.186
1,213041,213.040538,10,4,2,car,0.81,0.082,0.389,0.163,0.184
1,213041,213.040915,10,5,2,car,0.52,0.031,0.643,0.062,0.468
1,213238,213.238121,11,0,2,car,0.91,0.546,0.434,0.253,0.313
1,213239,213.238587,11,1,2,car,0.91,0.227,0.427,0.297,0.231
1,213239,213.239063,11,2,2,car,0.9,0.766,0.387,0.185,0.169
1,213240,213.239521,11,3,2,car,0.84,0.084,0.385,0.168,0.177
1,213240,213.239996,11,4,2,car,0.8,0.915,0.526,0.17,0.424
1,213240,213.240381,11,5,2,car,0.54,0.031,0.637,0.062,0.452
1,213241,213.240758,11,6,2,car,0.52,0.246,0.289,0.045,0.033
1,213438,213.438153,12,0,2,car,0.9,0.229,0.425,0.292,0.221
1,213439,213.438661,12,1,2,car,0.89,0.546,0.443,0.249,0.322
1,213439,213.439144,12,2,2,car,0.89,0.758,0.385,0.171,0.163
1,213440,213.439586,12,3,2,car,0.84,0.91,0.538,0.179,0.419
1,213440,213.440045,12,4,2,car,0.84,0.093,0.382,0.186,0.168
1,213440,213.440430,12,5,2,car,0.52,0.032,0.653,0.063,0.458
1,213638,213.638144,13,0,2,car,0.92,0.904,0.528,0.191,0.424
1,213639,213.638644,13,1,2,car,0.9,0.232,0.429,0.28700000000000003,0.227
1,213639,213.639045,13,2,2,car,0.88,0.095,0.377,0.19,0.157
1,213640,213.639504,13,3,2,car,0.8300000000000001,0.751,0.388,0.159,0.159
1,213640,213.639889,13,4,2,car,0.75,0.544,0.445,0.243,0.321
1,213640,213.640274,13,5,2,car,0.51,0.03,0.629,0.061,0.452
1,213838,213.837890,14,0,2,car,0.9,0.899,0.525,0.202,0.378
1,213838,213.838373,14,1,2,car,0.89,0.23600000000000002,0.424,0.28700000000000003,0.222
1,213839,213.838832,14,2,2,car,0.87,0.10400000000000001,0.376,0.187,0.147
1,213839,213.839290,14,3,2,car,0.86,0.543,0.445,0.24,0.319
1,213840,213.839700,14,4,2,car,0.85,0.742,0.384,0.153,0.153
1,213840,213.840085,14,5,2,car,0.53,0.97,0.339,0.058,0.036000000000000004
1,214038,214.038061,15,0,2,car,0.9,0.893,0.516,0.212,0.337
1,214039,214.038553,15,1,2,car,0.9,0.242,0.425,0.279,0.218
1,214039,214.039020,15,2,2,car,0.89,0.11900000000000001,0.375,0.17500000000000002,0.14200000000000002
1,214039,214.039470,15,3,2,car,0.84,0.544,0.442,0.23500000000000001,0.31
1,214040,214.039953,15,4,2,car,0.81,0.733,0.381,0.149,0.14
1,214040,214.040330,15,5,2,car,0.58,0.868,0.354,0.136,0.137
1,214041,214.040724,15,6,2,car,0.54,0.967,0.338,0.062,0.033
1,214238,214.237766,0,0,2,car,0.89,0.248,0.427,0.275,0.212
1,214238,214.238241,0,1,2,car,0.89,0.137,0.374,0.161,0.135
1,214239,214.238708,0,2,2,car,0.88,0.887,0.505,0.225,0.302
1,214239,214.239158,0,3,2,car,0.88,0.544,0.444,0.227,0.306
1,214240,214.239543,0,4,2,car,0.84,0.722,0.381,0.14100000000000001,0.14300000000000002
1,214438,214.438076,1,0,2,car,0.92,0.255,0.431,0.264,0.211
1,214439,214.438920,1,1,2,car,0.9,0.882,0.496,0.23500000000000001,0.28500000000000003
1,214440,214.439715,1,2,2,car,0.88,0.545,0.443,0.223,0.29
1,214440,214.440231,1,3,2,car,0.87,0.147,0.373,0.145,0.125
1,214441,214.440722,1,4,2,car,0.86,0.716,0.384,0.14,0.136
1,214441,214.441132,1,5,2,car,0.54,0.894,0.326,0.08,0.066
1,214638,214.637855,2,0,2,car,0.93,0.263,0.433,0.257,0.20600000000000002
1,214638,214.638355,2,1,2,car,0.88,0.544,0.448,0.219,0.28500000000000003
1,214639,214.638813,2,2,2,car,0.86,0.168,0.374,0.146,0.128
1,214639,214.639280,2,3,2,car,0.85,0.713,0.386,0.116,0.13
1,214640,214.639657,2,4,2,car,0.84,0.876,0.485,0.247,0.28700000000000003
1,214640,214.640042,2,5,2,car,0.54,0.901,0.33,0.083,0.058
1,214837,214.837027,3,0,2,car,0.93,0.271,0.428,0.248,0.2
1,214838,214.837502,3,1,2,car,0.89,0.182,0.368,0.138,0.129
1,214838,214.838002,3,2,2,car,0.88,0.872,0.48,0.254,0.264
1,214839,214.838510,3,3,2,car,0.87,0.544,0.449,0.217,0.28800000000000003
1,214839,214.838993,3,4,2,car,0.84,0.705,0.381,0.121,0.124
1,214839,214.839370,3,5,2,car,0.59,0.888,0.328,0.135,0.059000000000000004
1,215038,215.037510,4,0,2,car,0.9400000000000001,0.277,0.426,0.24,0.195
1,215038,215.037985,4,1,2,car,0.92,0.865,0.47200000000000003,0.256,0.244
1,215038,215.038493,4,2,2,car,0.87,0.543,0.446,0.216,0.28600000000000003
1,215039,215.038960,4,3,2,car,0.87,0.7020000000000001,0.376,0.108,0.11800000000000001
1,215039,215.039328,4,4,2,car,0.87,0.189,0.365,0.125,0.128
1,215238,215.237739,5,0,2,car,0.93,0.28700000000000003,0.423,0.229,0.186
1,215238,215.238492,5,1,2,car,0.89,0.864,0.465,0.267,0.23
1,215239,215.239213,5,2,2,car,0.89,0.543,0.441,0.216,0.28200000000000003
1,215240,215.239713,5,3,2,car,0.77,0.20500000000000002,0.362,0.123,0.114
1,215240,215.240114,5,4,2,car,0.74,0.6950000000000001,0.373,0.101,0.114
1,215240,215.240491,5,5,2,car,0.5700000000000001,0.872,0.324,0.095,0.054
1,215438,215.437771,6,0,2,car,0.9,0.295,0.41500000000000004,0.224,0.18
1,215438,215.438443,6,1,2,car,0.89,0.542,0.445,0.216,0.291
1,215439,215.438951,6,2,2,car,0.88,0.861,0.464,0.274,0.233
1,215439,215.439426,6,3,2,car,0.78,0.6920000000000001,0.363,0.097,0.101
1,215440,215.439819,6,4,2,car,0.74,0.217,0.36,0.113,0.109
1,215440,215.440204,6,5,2,car,0.54,0.856,0.318,0.047,0.043000000000000003
1,215441,215.440573,6,6,2,car,0.51,0.164,0.31,0.05,0.035
1,215637,215.637115,7,0,2,car,0.92,0.304,0.41300000000000003,0.215,0.176
1,215638,215.637590,7,1,2,car,0.91,0.849,0.454,0.262,0.215
1,215638,215.638073,7,2,2,car,0.88,0.544,0.443,0.218,0.29
1,215639,215.638541,7,3,2,car,0.73,0.686,0.36,0.092,0.097
1,215639,215.639015,7,4,2,car,0.55,0.15,0.308,0.052000000000000005,0.036000000000000004
1,215639,215.639384,7,5,2,car,0.52,0.276,0.302,0.045,0.037
1,215837,215.837311,8,0,2,car,0.9400000000000001,0.834,0.442,0.249,0.20600000000000002
1,215838,215.837827,8,1,2,car,0.88,0.544,0.439,0.217,0.28600000000000003
1,215838,215.838294,8,2,2,car,0.87,0.313,0.406,0.20500000000000002,0.169
1,215839,215.838696,8,3,2,car,0.75,0.683,0.358,0.089,0.094
1,215839,215.839064,8,4,2,car,0.6900000000000001,0.936,0.395,0.113,0.134
1,215839,215.839466,8,5,2,car,0.61,0.139,0.309,0.055,0.036000000000000004
1,215840,215.839851,8,6,2,car,0.55,0.246,0.318,0.08600000000000001,0.054
1,215840,215.840211,8,7,2,car,0.55,0.022,0.41100000000000003,0.045,0.20400000000000001
1,216038,216.037581,9,0,2,car,0.9400000000000001,0.8180000000000001,0.436,0.231,0.195
1,216038,216.038302,9,1,2,car,0.92,0.323,0.403,0.197,0.164
1,216039,216.038810,9,2,2,car,0.85,0.544,0.435,0.214,0.279
1,216039,216.039301,9,3,2,car,0.8300000000000001,0.908,0.391,0.13,0.129
1,216040,216.039752,9,4,2,car,0.6900000000000001,0.68,0.357,0.084,0.096
1,216040,216.040129,9,5,2,car,0.6900000000000001,0.033,0.41400000000000003,0.066,0.18
1,216040,216.040497,9,6,2,car,0.6,0.129,0.31,0.054,0.038
1,216238,216.237580,10,0,2,car,0.9500000000000001,0.805,0.429,0.216,0.185
1,216238,216.238096,10,1,2,car,0.92,0.331,0.401,0.189,0.162
1,216239,216.238580,10,2,2,car,0.87,0.545,0.44,0.214,0.291
1,216239,216.239079,10,3,2,car,0.86,0.899,0.387,0.126,0.126
1,216240,216.239538,10,4,2,car,0.84,0.044,0.41600000000000004,0.089,0.198
1,216240,216.239915,10,5,2,car,0.74,0.676,0.355,0.081,0.08700000000000001
1,216240,216.240300,10,6,2,car,0.51,0.11900000000000001,0.314,0.045,0.035
1,216241,216.240661,10,7,2,car,0.5,0.258,0.34700000000000003,0.082,0.089
1,216437,216.437031,11,0,2,car,0.93,0.79,0.422,0.202,0.168
1,216438,216.437531,11,1,2,car,0.92,0.053,0.405,0.106,0.191
1,216438,216.438030,11,2,2,car,0.91,0.34,0.397,0.179,0.157
1,216439,216.438506,11,3,2,car,0.86,0.886,0.38,0.11900000000000001,0.115
1,216439,216.438866,11,4,2,car,0.84,0.547,0.436,0.21,0.28300000000000003
1,216439,216.439243,11,5,2,car,0.72,0.673,0.355,0.079,0.092
1,216440,216.439620,11,6,2,car,0.64,0.269,0.34400000000000003,0.085,0.089
1,216440,216.440005,11,7,2,car,0.63,0.231,0.305,0.054,0.044
1,216637,216.636973,12,0,2,car,0.93,0.779,0.417,0.19,0.16
1,216637,216.637465,12,1,2,car,0.93,0.064,0.403,0.128,0.196
1,216638,216.637932,12,2,2,car,0.91,0.35000000000000003,0.386,0.17200000000000001,0.136
1,216638,216.638390,12,3,2,car,0.88,0.875,0.377,0.11800000000000001,0.116
1,216639,216.638849,12,4,2,car,0.8,0.545,0.434,0.20800000000000002,0.281
1,216639,216.639226,12,5,2,car,0.77,0.276,0.342,0.08700000000000001,0.08
1,216640,216.639570,12,6,2,car,0.6900000000000001,0.671,0.34900000000000003,0.076,0.083
1,216640,216.639930,12,7,2,car,0.67,0.222,0.306,0.068,0.046
1,216837,216.837489,13,0,2,car,0.9400000000000001,0.358,0.384,0.161,0.14
1,216838,216.838316,13,1,2,car,0.92,0.073,0.399,0.145,0.198
1,216839,216.839332,13,2,2,car,0.9,0.768,0.40900000000000003,0.177,0.148
1,216840,216.839840,13,3,2,car,0.85,0.545,0.424,0.20600000000000002,0.273
1,216840,216.840290,13,4,2,car,0.8200000000000001,0.865,0.371,0.117,0.114
1,216841,216.840675,13,5,2,car,0.72,0.281,0.34,0.083,0.078
1,216841,216.841060,13,6,2,car,0.67,0.67,0.343,0.07200000000000001,0.081
1,216841,216.841421,13,7,2,car,0.59,0.198,0.303,0.07,0.039
1,217038,217.038275,14,0,2,car,0.93,0.365,0.382,0.156,0.128
1,217039,217.038783,14,1,2,car,0.91,0.082,0.397,0.163,0.196
1,217039,217.039241,14,2,2,car,0.9,0.759,0.406,0.167,0.14200000000000002
1,217040,217.039725,14,3,2,car,0.85,0.852,0.37,0.113,0.097
1,217040,217.040339,14,4,2,car,0.8200000000000001,0.547,0.427,0.2,0.271
1,217041,217.040749,14,5,2,car,0.78,0.28800000000000003,0.338,0.085,0.08
1,217041,217.041150,14,6,2,car,0.65,0.664,0.343,0.063,0.075
1,217042,217.041535,14,7,2,car,0.64,0.232,0.303,0.056,0.037
1,217237,217.236873,15,0,2,car,0.93,0.748,0.41200000000000003,0.159,0.14100000000000001
1,217237,217.237373,15,1,2,car,0.92,0.089,0.4,0.179,0.182
1,217238,217.237848,15,2,2,car,0.92,0.372,0.389,0.151,0.12
1,217238,217.238315,15,3,2,car,0.86,0.841,0.382,0.115,0.107
1,217239,217.238790,15,4,2,car,0.86,0.547,0.427,0.197,0.255
1,217239,217.239167,15,5,2,car,0.8200000000000001,0.28700000000000003,0.34700000000000003,0.082,0.077
1,217240,217.239544,15,6,2,car,0.6900000000000001,0.663,0.354,0.061,0.076
1,217240,217.239937,15,7,2,car,0.67,0.149,0.321,0.074,0.054
1,217437,217.436873,0,0,2,car,0.93,0.741,0.401,0.149,0.121
1,217437,217.437356,0,1,2,car,0.9,0.095,0.397,0.191,0.184
1,217438,217.437815,0,2,2,car,0.89,0.381,0.384,0.15,0.117
1,217438,217.438290,0,3,2,car,0.86,0.548,0.431,0.195,0.268
1,217439,217.438765,0,4,2,car,0.72,0.29,0.343,0.08,0.082
1,217439,217.439150,0,5,2,car,0.68,0.834,0.378,0.112,0.10200000000000001
1,217440,217.439511,0,6,2,car,0.67,0.658,0.34800000000000003,0.053,0.07100000000000001
1,217440,217.439912,0,7,2,car,0.54,0.129,0.321,0.075,0.06
1,217636,217.635947,1,0,2,car,0.93,0.732,0.397,0.138,0.113
1,217636,217.636348,1,1,2,car,0.92,0.10200000000000001,0.385,0.20600000000000002,0.178
1,217637,217.636733,1,2,2,car,0.87,0.39,0.38,0.156,0.113
1,217637,217.637110,1,3,2,car,0.81,0.8230000000000001,0.37,0.11,0.098
1,217637,217.637446,1,4,2,car,0.8,0.289,0.34,0.081,0.074
1,217638,217.638011,1,5,2,car,0.79,0.548,0.432,0.198,0.276
1,217638,217.638404,1,6,2,car,0.61,0.657,0.34400000000000003,0.053,0.064
1,217639,217.638781,1,7,2,car,0.58,0.9470000000000001,0.327,0.049,0.039
1,217837,217.836503,2,0,2,car,0.91,0.725,0.393,0.131,0.11
1,217837,217.836978,2,1,2,car,0.91,0.109,0.381,0.216,0.156
1,217837,217.837453,2,2,2,car,0.87,0.393,0.38,0.145,0.116
1,217838,217.837937,2,3,2,car,0.8300000000000001,0.548,0.429,0.2,0.269
1,217838,217.838404,2,4,2,car,0.78,0.8130000000000001,0.368,0.117,0.098
1,217839,217.838789,2,5,2,car,0.74,0.28800000000000003,0.34,0.083,0.074
1,217839,217.839198,2,6,2,car,0.56,0.9500000000000001,0.328,0.053,0.038
1,217840,217.839583,2,7,2,car,0.53,0.653,0.34,0.047,0.058
1,218037,218.037142,3,0,2,car,0.84,0.112,0.376,0.22,0.145
1,218038,218.037649,3,1,2,car,0.84,0.716,0.388,0.124,0.106
1,218038,218.038141,3,2,2,car,0.81,0.391,0.377,0.129,0.111
1,218039,218.038592,3,3,2,car,0.77,0.551,0.428,0.192,0.265
1,218039,218.038977,3,4,2,car,0.74,0.806,0.361,0.109,0.092
1,218039,218.039378,3,5,2,car,0.62,0.289,0.325,0.07,0.038
1,218040,218.039771,3,6,2,car,0.59,0.961,0.331,0.059000000000000004,0.038
1,218040,218.040164,3,7,2,car,0.53,0.291,0.343,0.079,0.075
1,218237,218.237084,4,0,2,car,0.91,0.123,0.376,0.20500000000000002,0.148
1,218238,218.237542,4,1,2,car,0.88,0.395,0.376,0.129,0.109
1,218238,218.238018,4,2,2,car,0.85,0.709,0.385,0.122,0.10200000000000001
1,218239,218.238501,4,3,2,car,0.84,0.552,0.428,0.192,0.265
1,218239,218.238976,4,4,2,car,0.8200000000000001,0.798,0.364,0.109,0.095
1,218239,218.239353,4,5,2,car,0.67,0.222,0.321,0.084,0.051000000000000004
1,218240,218.239730,4,6,2,car,0.64,0.969,0.333,0.053,0.04
1,218240,218.240115,4,7,2,car,0.61,0.291,0.34400000000000003,0.082,0.075
1,218437,218.436911,5,0,2,car,0.91,0.129,0.375,0.194,0.14200000000000002
1,218437,218.437435,5,1,2,car,0.88,0.706,0.385,0.11,0.109
1,218438,218.437927,5,2,2,car,0.84,0.789,0.359,0.108,0.088
1,218438,218.438419,5,3,2,car,0.8300000000000001,0.396,0.377,0.124,0.109
1,218439,218.438894,5,4,2,car,0.81,0.555,0.428,0.191,0.267
1,218439,218.439287,5,5,2,car,0.6900000000000001,0.213,0.322,0.063,0.055
1,218440,218.439664,5,6,2,car,0.65,0.29,0.326,0.068,0.036000000000000004
1,218440,218.440049,5,7,2,car,0.5700000000000001,0.971,0.331,0.051000000000000004,0.039
1,218637,218.636845,6,0,2,car,0.9,0.131,0.366,0.186,0.133
1,218637,218.637279,6,1,2,car,0.85,0.555,0.42,0.192,0.258
1,218638,218.637664,6,2,2,car,0.84,0.6990000000000001,0.377,0.10400000000000001,0.101
1,218638,218.638057,6,3,2,car,0.8200000000000001,0.29,0.337,0.07,0.073
1,218638,218.638459,6,4,2,car,0.8200000000000001,0.397,0.367,0.117,0.107
1,218639,218.638828,6,5,2,car,0.81,0.788,0.354,0.096,0.08600000000000001
1,218639,218.639221,6,6,2,car,0.58,0.978,0.329,0.043000000000000003,0.04
1,218640,218.639614,6,7,2,car,0.56,0.199,0.324,0.066,0.063
1,218836,218.836287,7,0,2,car,0.87,0.135,0.365,0.17300000000000001,0.132
1,218837,218.836755,7,1,2,car,0.81,0.776,0.354,0.10400000000000001,0.08600000000000001
1,218837,218.837230,7,2,2,car,0.8,0.398,0.36,0.108,0.08700000000000001
1,218838,218.837705,7,3,2,car,0.78,0.6970000000000001,0.372,0.094,0.093
1,218838,218.838090,7,4,2,car,0.76,0.28800000000000003,0.336,0.07200000000000001,0.067
1,218838,218.838467,7,5,2,car,0.71,0.559,0.419,0.189,0.253
1,218839,218.838844,7,6,2,car,0.52,0.222,0.327,0.082,0.065
1,218839,218.839237,7,7,2,car,0.51,0.927,0.329,0.062,0.041
1,219037,219.036525,8,0,2,car,0.9,0.13,0.367,0.171,0.132
1,219037,219.037418,8,1,2,car,0.79,0.6920000000000001,0.375,0.091,0.089
1,219038,219.038171,8,2,2,car,0.79,0.776,0.359,0.092,0.082
1,219039,219.038704,8,3,2,car,0.76,0.28600000000000003,0.34,0.079,0.069
1,219039,219.039171,8,4,2,car,0.66,0.405,0.369,0.12,0.099
1,219040,219.039547,8,5,2,car,0.61,0.5640000000000001,0.422,0.19,0.251
1,219040,219.039924,8,6,2,car,0.58,0.195,0.322,0.047,0.045
1,219236,219.236254,9,0,2,car,0.79,0.091,0.369,0.182,0.127
1,219237,219.236762,9,1,2,car,0.78,0.771,0.361,0.089,0.077
1,219237,219.237253,9,2,2,car,0.78,0.6880000000000001,0.375,0.085,0.089
1,219238,219.237728,9,3,2,car,0.76,0.402,0.367,0.107,0.092
1,219238,219.238187,9,4,2,car,0.7000000000000001,0.28300000000000003,0.34400000000000003,0.076,0.066
1,219239,219.238564,9,5,2,car,0.67,0.152,0.366,0.114,0.114
1,219239,219.238957,9,6,2,car,0.66,0.5630000000000001,0.425,0.186,0.253
1,219436,219.436163,10,0,2,car,0.77,0.4,0.368,0.105,0.089
1,219437,219.436646,10,1,2,car,0.77,0.28300000000000003,0.343,0.081,0.066
1,219437,219.437114,10,2,2,car,0.76,0.5640000000000001,0.427,0.184,0.25
1,219438,219.437564,10,3,2,car,0.75,0.766,0.36,0.089,0.076
1,219438,219.438015,10,4,2,car,0.75,0.683,0.375,0.082,0.08700000000000001
1,219438,219.438441,10,5,2,car,0.6900000000000001,0.11900000000000001,0.37,0.167,0.11900000000000001
1,219439,219.438809,10,6,2,car,0.63,0.9470000000000001,0.342,0.08700000000000001,0.042
1,219439,219.439186,10,7,2,car,0.52,0.042,0.354,0.083,0.094
1,219636,219.636007,11,0,2,car,0.84,0.10300000000000001,0.367,0.134,0.115
1,219636,219.636417,11,1,2,car,0.81,0.402,0.365,0.10200000000000001,0.096
1,219637,219.636867,11,2,2,car,0.81,0.758,0.353,0.081,0.066
1,219637,219.637244,11,3,2,car,0.75,0.5660000000000001,0.422,0.18,0.246
1,219638,219.637621,11,4,2,car,0.64,0.677,0.364,0.075,0.07
1,219638,219.638006,11,5,2,car,0.63,0.28200000000000003,0.342,0.077,0.067
1,219638,219.638375,11,6,2,car,0.6,0.9520000000000001,0.34400000000000003,0.082,0.042
1,219639,219.638743,11,7,2,car,0.51,0.027,0.358,0.054,0.101
1,219836,219.836408,12,0,2,car,0.89,0.117,0.368,0.16,0.116
1,219837,219.837121,12,1,2,car,0.8200000000000001,0.751,0.36,0.088,0.075
1,219838,219.837620,12,2,2,car,0.76,0.403,0.364,0.101,0.089
1,219838,219.837997,12,3,2,car,0.72,0.673,0.369,0.07100000000000001,0.077
1,219838,219.838398,12,4,2,car,0.71,0.277,0.343,0.073,0.067
1,219839,219.838767,12,5,2,car,0.7000000000000001,0.5660000000000001,0.423,0.17500000000000002,0.24
1,219839,219.839152,12,6,2,car,0.5700000000000001,0.9560000000000001,0.34700000000000003,0.07,0.04
1,220036,220.036129,13,0,2,car,0.9,0.112,0.373,0.157,0.11800000000000001
1,220037,220.036612,13,1,2,car,0.8,0.5690000000000001,0.428,0.176,0.242
1,220037,220.037071,13,2,2,car,0.79,0.746,0.362,0.083,0.07200000000000001
1,220038,220.037538,13,3,2,car,0.76,0.404,0.369,0.099,0.085
1,220038,220.037988,13,4,2,car,0.75,0.671,0.371,0.067,0.076
1,220038,220.038382,13,5,2,car,0.71,0.964,0.352,0.07100000000000001,0.045
1,220039,220.038775,13,6,2,car,0.5700000000000001,0.28,0.34500000000000003,0.074,0.065
1,220236,220.236325,14,0,2,car,0.89,0.111,0.376,0.156,0.117
1,220237,220.237005,14,1,2,car,0.84,0.5690000000000001,0.429,0.17200000000000001,0.232
1,220238,220.237505,14,2,2,car,0.8300000000000001,0.40700000000000003,0.371,0.096,0.083
1,220238,220.237996,14,3,2,car,0.79,0.744,0.363,0.078,0.065
1,220238,220.238488,14,4,2,car,0.73,0.966,0.357,0.065,0.049
1,220239,220.238881,14,5,2,car,0.73,0.67,0.375,0.063,0.07
1,220239,220.239249,14,6,2,car,0.61,0.277,0.34600000000000003,0.084,0.059000000000000004
1,220240,220.239626,14,7,2,car,0.54,0.47000000000000003,0.342,0.052000000000000005,0.036000000000000004
1,220436,220.435931,15,0,2,car,0.87,0.109,0.372,0.156,0.11900000000000001
1,220436,220.436423,15,1,2,car,0.8200000000000001,0.74,0.359,0.076,0.066
1,220437,220.436882,15,2,2,car,0.81,0.406,0.363,0.095,0.082
1,220437,220.437357,15,3,2,car,0.8,0.5760000000000001,0.41400000000000003,0.185,0.216
1,220438,220.437750,15,4,2,car,0.7000000000000001,0.277,0.34400000000000003,0.081,0.066
1,220438,220.438127,15,5,2,car,0.68,0.665,0.372,0.056,0.069
1,220439,220.438512,15,6,2,car,0.64,0.971,0.352,0.056,0.051000000000000004
1,220635,220.635415,0,0,2,car,0.9,0.106,0.365,0.157,0.122
1,220636,220.635890,0,1,2,car,0.81,0.40900000000000003,0.355,0.094,0.08600000000000001
1,220636,220.636291,0,2,2,car,0.77,0.737,0.34900000000000003,0.074,0.068
1,220637,220.636742,0,3,2,car,0.73,0.5680000000000001,0.40700000000000003,0.17,0.221
1,220637,220.637119,0,4,2,car,0.72,0.278,0.339,0.085,0.063
1,220638,220.637504,0,5,2,car,0.67,0.976,0.34700000000000003,0.048,0.048
1,220638,220.637889,0,6,2,car,0.65,0.662,0.358,0.054,0.063
1,220836,220.836078,1,0,2,car,0.9,0.105,0.367,0.157,0.114
1,220837,220.836913,1,1,2,car,0.85,0.5690000000000001,0.41500000000000004,0.171,0.228
1,220838,220.837593,1,2,2,car,0.85,0.41000000000000003,0.359,0.092,0.08
1,220838,220.838109,1,3,2,car,0.84,0.734,0.355,0.07200000000000001,0.068
1,220839,220.838502,1,4,2,car,0.76,0.275,0.342,0.078,0.065
1,220839,220.838871,1,5,2,car,0.68,0.661,0.362,0.049,0.064
1,220839,220.839264,1,6,2,car,0.54,0.026000000000000002,0.335,0.049,0.038
1,220840,220.839658,1,7,2,car,0.51,0.983,0.358,0.033,0.045
1,221036,221.035823,2,0,2,car,0.9,0.107,0.36,0.157,0.115
1,221036,221.036347,2,1,2,car,0.86,0.734,0.35000000000000003,0.07,0.067
1,221037,221.036847,2,2,2,car,0.8300000000000001,0.5730000000000001,0.404,0.167,0.224
1,221037,221.037339,2,3,2,car,0.8,0.41100000000000003,0.356,0.092,0.081
1,221038,221.037814,2,4,2,car,0.78,0.278,0.338,0.082,0.064
1,221038,221.038199,2,5,2,car,0.65,0.661,0.361,0.049,0.066
1,221039,221.038576,2,6,2,car,0.52,0.213,0.332,0.045,0.04
1,221236,221.235716,3,0,2,car,0.89,0.108,0.357,0.155,0.108
1,221236,221.236216,3,1,2,car,0.86,0.5760000000000001,0.401,0.161,0.223
1,221237,221.236716,3,2,2,car,0.8,0.41200000000000003,0.35100000000000003,0.09,0.078
1,221237,221.237215,3,3,2,car,0.76,0.277,0.336,0.084,0.062
1,221238,221.237592,3,4,2,car,0.75,0.732,0.34700000000000003,0.068,0.064
1,221238,221.237977,3,5,2,car,0.62,0.662,0.355,0.044,0.064
1,221238,221.238379,3,6,0,person,0.58,0.9490000000000001,0.34400000000000003,0.039,0.121
1,221239,221.238755,3,7,2,car,0.54,0.467,0.323,0.047,0.035
1,221435,221.435331,4,0,2,car,0.9,0.107,0.363,0.157,0.114
1,221436,221.435838,4,1,2,car,0.85,0.579,0.405,0.162,0.221
1,221436,221.436314,4,2,2,car,0.81,0.41400000000000003,0.361,0.089,0.076
1,221437,221.436789,4,3,2,car,0.8,0.73,0.357,0.07,0.062
1,221437,221.437264,4,4,2,car,0.77,0.276,0.342,0.083,0.064
1,221438,221.437641,4,5,2,car,0.71,0.664,0.362,0.039,0.063
1,221438,221.438001,4,6,2,car,0.56,0.187,0.339,0.053,0.047
1,221438,221.438395,4,7,2,car,0.53,0.47000000000000003,0.335,0.05,0.033
1,221635,221.634978,5,0,2,car,0.87,0.109,0.367,0.16,0.11800000000000001
1,221635,221.635494,5,1,2,car,0.84,0.41600000000000004,0.365,0.09,0.077
1,221636,221.635912,5,2,2,car,0.8200000000000001,0.73,0.36,0.067,0.061
1,221636,221.636305,5,3,2,car,0.78,0.584,0.40900000000000003,0.17200000000000001,0.216
1,221637,221.636723,5,4,2,car,0.6900000000000001,0.278,0.343,0.082,0.066
1,221637,221.637100,5,5,2,car,0.61,0.664,0.367,0.035,0.055
1,221637,221.637476,5,6,2,car,0.53,0.181,0.343,0.041,0.043000000000000003
1,221835,221.834977,6,0,2,car,0.88,0.108,0.367,0.158,0.108
1,221835,221.835371,6,1,2,car,0.8300000000000001,0.588,0.41100000000000003,0.162,0.215
1,221836,221.835862,6,2,2,car,0.81,0.73,0.362,0.064,0.061
1,221836,221.836223,6,3,2,car,0.81,0.417,0.366,0.09,0.075
1,221837,221.836591,6,4,2,car,0.76,0.279,0.34600000000000003,0.081,0.066
1,221837,221.836993,6,5,2,car,0.65,0.665,0.366,0.033,0.06
1,221837,221.837369,6,6,2,car,0.58,0.47600000000000003,0.34400000000000003,0.043000000000000003,0.034
1,222035,222.035239,7,0,2,car,0.87,0.11,0.368,0.156,0.107
1,222036,222.035739,7,1,2,car,0.8300000000000001,0.729,0.365,0.065,0.061
1,222036,222.036173,7,2,2,car,0.8200000000000001,0.586,0.41200000000000003,0.155,0.214
1,222037,222.036656,7,3,2,car,0.8,0.419,0.367,0.088,0.07200000000000001
1,222037,222.037115,7,4,2,car,0.6900000000000001,0.274,0.34800000000000003,0.083,0.07100000000000001
1,222037,222.037492,7,5,2,car,0.66,0.47700000000000004,0.34600000000000003,0.035,0.032
1,222038,222.037869,7,6,2,car,0.56,0.663,0.365,0.032,0.061
1,222234,222.234313,8,0,2,car,0.89,0.11,0.369,0.155,0.107
1,222235,222.234829,8,1,2,car,0.8,0.73,0.365,0.06,0.061
1,222235,222.235296,8,2,2,car,0.8,0.586,0.41200000000000003,0.156,0.214
1,222236,222.235697,8,3,2,car,0.77,0.418,0.367,0.089,0.07100000000000001
1,222236,222.236066,8,4,2,car,0.64,0.273,0.34900000000000003,0.083,0.07
1,222236,222.236459,8,5,2,car,0.63,0.47700000000000004,0.34900000000000003,0.041,0.033
1,222435,222.435041,9,0,2,car,0.84,0.731,0.37,0.06,0.058
1,222436,222.435549,9,1,2,car,0.81,0.419,0.371,0.08700000000000001,0.074
1,222436,222.436024,9,2,2,car,0.79,0.097,0.373,0.182,0.10400000000000001
1,222436,222.436500,9,3,2,car,0.79,0.586,0.417,0.161,0.219
1,222437,222.436958,9,4,2,car,0.61,0.273,0.354,0.083,0.065
1,222437,222.437351,9,5,2,car,0.56,0.47600000000000003,0.352,0.039,0.034
1,222635,222.634705,10,0,2,car,0.9,0.109,0.376,0.155,0.106
1,222635,222.635147,10,1,2,car,0.8300000000000001,0.729,0.371,0.062,0.058
1,222636,222.635606,10,2,2,car,0.8200000000000001,0.42,0.372,0.08600000000000001,0.074
1,222636,222.636065,10,3,2,car,0.77,0.588,0.418,0.157,0.22
1,222636,222.636466,10,4,2,car,0.71,0.267,0.36,0.082,0.066
1,222637,222.636843,10,5,2,car,0.5700000000000001,0.47700000000000004,0.356,0.036000000000000004,0.033
1,222637,222.637187,10,6,2,car,0.55,0.503,0.393,0.038,0.099
1,222638,222.637564,10,7,2,car,0.55,0.187,0.359,0.05,0.056
1,222835,222.834795,11,0,2,car,0.91,0.109,0.375,0.153,0.106
1,222836,222.835548,11,1,2,car,0.84,0.42,0.373,0.08700000000000001,0.075
1,222836,222.836064,11,2,2,car,0.8300000000000001,0.729,0.373,0.062,0.056
1,222837,222.836556,11,3,2,car,0.76,0.587,0.418,0.161,0.22
1,222837,222.836933,11,4,2,car,0.76,0.267,0.362,0.085,0.067
1,222837,222.837326,11,5,2,car,0.58,0.47600000000000003,0.356,0.036000000000000004,0.032
1,223034,223.034098,12,0,2,car,0.9,0.11,0.372,0.152,0.10200000000000001
1,223035,223.034573,12,1,2,car,0.86,0.421,0.371,0.09,0.075
1,223035,223.035064,12,2,2,car,0.8200000000000001,0.578,0.418,0.17200000000000001,0.222
1,223036,223.035531,12,3,2,car,0.75,0.265,0.36,0.084,0.068
1,223036,223.035925,12,4,2,car,0.73,0.729,0.371,0.06,0.059000000000000004
1,223036,223.036301,12,5,2,car,0.51,0.47500000000000003,0.352,0.035,0.035
1,223235,223.234507,13,0,2,car,0.86,0.10300000000000001,0.368,0.179,0.1
1,223235,223.235015,13,1,2,car,0.84,0.42,0.37,0.088,0.07200000000000001
1,223235,223.235473,13,2,2,car,0.8300000000000001,0.73,0.37,0.058,0.056
1,223236,223.235932,13,3,2,car,0.79,0.5760000000000001,0.41600000000000004,0.17500000000000002,0.22
1,223236,223.236424,13,4,2,car,0.66,0.47400000000000003,0.35000000000000003,0.036000000000000004,0.035
1,223237,223.236801,13,5,2,car,0.65,0.259,0.355,0.085,0.07
1,223434,223.434072,14,0,2,car,0.86,0.11,0.368,0.16,0.10300000000000001
1,223435,223.434654,14,1,2,car,0.85,0.422,0.369,0.08600000000000001,0.07100000000000001
1,223435,223.435129,14,2,2,car,0.79,0.58,0.41600000000000004,0.17200000000000001,0.221
1,223436,223.435571,14,3,2,car,0.78,0.261,0.356,0.094,0.068
1,223436,223.435924,14,4,2,car,0.74,0.73,0.37,0.057,0.055
1,223436,223.436300,14,5,2,car,0.67,0.47400000000000003,0.35100000000000003,0.037,0.036000000000000004
1,223437,223.436685,14,6,2,car,0.59,0.023,0.36,0.047,0.06
1,223634,223.634440,15,0,2,car,0.9,0.109,0.37,0.164,0.10200000000000001
1,223635,223.634915,15,1,2,car,0.81,0.579,0.418,0.17200000000000001,0.222
1,223635,223.635325,15,2,2,car,0.8,0.728,0.369,0.055,0.057
1,223636,223.635776,15,3,2,car,0.79,0.421,0.371,0.08700000000000001,0.07200000000000001
1,223636,223.636169,15,4,2,car,0.76,0.26,0.36,0.08700000000000001,0.069
1,223637,223.636546,15,5,2,car,0.55,0.47300000000000003,0.353,0.03,0.037
1,223834,223.834317,0,0,2,car,0.87,0.107,0.371,0.169,0.10400000000000001
1,223835,223.834768,0,1,2,car,0.86,0.42,0.374,0.089,0.074
1,223835,223.835267,0,2,2,car,0.8,0.583,0.42,0.165,0.224
1,223836,223.835734,0,3,2,car,0.77,0.73,0.372,0.057,0.056
1,223836,223.836127,0,4,2,car,0.66,0.253,0.361,0.081,0.068
1,223837,223.836512,0,5,2,car,0.54,0.47300000000000003,0.353,0.028,0.041
1,224034,224.033972,1,0,2,car,0.86,0.108,0.372,0.163,0.10200000000000001
1,224034,224.034374,1,1,2,car,0.77,0.417,0.375,0.096,0.068
1,224035,224.035160,1,2,2,car,0.7000000000000001,0.583,0.42,0.169,0.224
1,224036,224.035791,1,3,2,car,0.6900000000000001,0.731,0.373,0.055,0.049
1,224036,224.036446,1,4,2,car,0.56,0.25,0.36,0.08700000000000001,0.068
1,224037,224.037061,1,5,2,car,0.5,0.47500000000000003,0.354,0.029,0.042
1,224234,224.234299,2,0,2,car,0.87,0.111,0.371,0.161,0.1
1,224235,224.235037,2,1,2,car,0.8200000000000001,0.42,0.375,0.091,0.07
1,224236,224.235741,2,2,2,car,0.74,0.732,0.372,0.056,0.048
1,224236,224.236487,2,3,2,car,0.73,0.25,0.362,0.082,0.067
1,224237,224.237208,2,4,2,car,0.7000000000000001,0.581,0.422,0.169,0.232
1,224238,224.237839,2,5,2,car,0.53,0.376,0.361,0.036000000000000004,0.03
1,224238,224.238273,2,6,2,car,0.52,0.024,0.371,0.049,0.076
1,224434,224.434283,3,0,2,car,0.87,0.109,0.374,0.166,0.10400000000000001
1,224435,224.434987,3,1,2,car,0.8200000000000001,0.421,0.375,0.088,0.07
1,224436,224.435708,3,2,2,car,0.75,0.582,0.422,0.169,0.232
1,224436,224.436454,3,3,2,car,0.67,0.254,0.362,0.08600000000000001,0.07
1,224437,224.437142,3,4,2,car,0.61,0.731,0.372,0.055,0.052000000000000005
1,224438,224.437723,3,5,2,car,0.53,0.377,0.361,0.039,0.032
1,224633,224.633111,4,0,2,car,0.92,0.107,0.372,0.164,0.10400000000000001
1,224634,224.633602,4,1,2,car,0.8200000000000001,0.584,0.42,0.17500000000000002,0.24
1,224634,224.634069,4,2,2,car,0.6900000000000001,0.244,0.36,0.10400000000000001,0.07
1,224634,224.634462,4,3,2,car,0.68,0.422,0.374,0.089,0.067
1,224635,224.634864,4,4,2,car,0.62,0.731,0.374,0.052000000000000005,0.046
1,224834,224.833856,5,0,2,car,0.89,0.10400000000000001,0.367,0.167,0.106
1,224835,224.834593,5,1,2,car,0.76,0.424,0.369,0.084,0.07100000000000001
1,224835,224.835445,5,2,2,car,0.75,0.583,0.41400000000000003,0.176,0.244
1,224836,224.836305,5,3,2,car,0.63,0.731,0.367,0.055,0.05
1,224837,224.837026,5,4,2,car,0.55,0.24,0.354,0.099,0.075
1,224838,224.837878,5,5,2,car,0.51,0.371,0.353,0.045,0.032
1,225033,225.032905,6,0,2,car,0.91,0.108,0.364,0.167,0.105
1,225033,225.033306,6,1,2,car,0.74,0.584,0.41200000000000003,0.177,0.247
1,225034,225.033691,6,2,2,car,0.72,0.727,0.363,0.05,0.049
1,225034,225.034060,6,3,2,car,0.7000000000000001,0.243,0.352,0.1,0.075
1,225034,225.034437,6,4,2,car,0.66,0.425,0.365,0.09,0.07200000000000001
1,225035,225.034830,6,5,2,car,0.58,0.364,0.35100000000000003,0.044,0.036000000000000004
1,225233,225.233469,7,0,2,car,0.85,0.11,0.365,0.163,0.101
1,225234,225.234190,7,1,2,car,0.77,0.726,0.363,0.049,0.048
1,225235,225.234920,7,2,2,car,0.67,0.583,0.41500000000000004,0.18,0.251
1,225236,225.235649,7,3,2,car,0.66,0.23800000000000002,0.357,0.106,0.07200000000000001
1,225236,225.236288,7,4,2,car,0.64,0.423,0.368,0.08700000000000001,0.07
1,225237,225.236738,7,5,2,car,0.61,0.36,0.353,0.042,0.039
1,225434,225.433805,8,0,2,car,0.9,0.108,0.365,0.165,0.10400000000000001
1,225434,225.434485,8,1,2,car,0.79,0.234,0.357,0.10400000000000001,0.077
1,225435,225.435206,8,2,2,car,0.73,0.724,0.366,0.049,0.049
1,225436,225.435886,8,3,2,car,0.7000000000000001,0.424,0.369,0.082,0.07
1,225437,225.436590,8,4,7,truck,0.5700000000000001,0.581,0.418,0.181,0.257
1,225437,225.437114,8,5,2,car,0.55,0.358,0.355,0.054,0.041
1,225633,225.632780,9,0,2,car,0.9,0.107,0.369,0.159,0.10400000000000001
1,225633,225.633444,9,1,2,car,0.77,0.231,0.362,0.10300000000000001,0.07200000000000001
1,225634,225.634116,9,2,2,car,0.74,0.422,0.373,0.083,0.07
1,225635,225.634706,9,3,2,car,0.68,0.72,0.368,0.048,0.041
1,225833,225.832944,10,0,2,car,0.93,0.105,0.371,0.163,0.10300000000000001
1,225834,225.833665,10,1,2,car,0.67,0.216,0.364,0.097,0.066
1,225834,225.834377,10,2,2,car,0.59,0.42,0.372,0.083,0.068
1,225835,225.835082,10,3,2,car,0.58,0.34400000000000003,0.362,0.048,0.041
1,225836,225.835762,10,4,7,truck,0.54,0.577,0.423,0.187,0.257
1,226033,226.033246,11,0,2,car,0.91,0.10400000000000001,0.374,0.162,0.10300000000000001
1,226034,226.033943,11,1,2,car,0.8300000000000001,0.5740000000000001,0.423,0.189,0.262
1,226035,226.034655,11,2,2,car,0.77,0.226,0.364,0.106,0.073
1,226035,226.035384,11,3,2,car,0.7000000000000001,0.335,0.363,0.045,0.041
1,226036,226.036097,11,4,2,car,0.68,0.42,0.375,0.079,0.066
1,226037,226.036728,11,5,2,car,0.52,0.47800000000000004,0.364,0.036000000000000004,0.044
1,226037,226.037154,11,6,2,car,0.51,0.709,0.366,0.046,0.042
1,226233,226.233262,12,0,2,car,0.9400000000000001,0.099,0.382,0.162,0.099
1,226234,226.233909,12,1,2,car,0.75,0.217,0.373,0.10400000000000001,0.075
1,226235,226.234573,12,2,2,car,0.65,0.5690000000000001,0.437,0.188,0.255
1,226235,226.235212,12,3,2,car,0.62,0.418,0.384,0.081,0.07
1,226236,226.235851,12,4,2,car,0.54,0.325,0.371,0.046,0.04
1,226433,226.433090,13,0,2,car,0.92,0.096,0.39,0.163,0.101
1,226434,226.433745,13,1,2,car,0.74,0.41600000000000004,0.386,0.084,0.07
1,226434,226.434433,13,2,2,car,0.66,0.216,0.38,0.101,0.073
1,226435,226.435113,13,3,2,car,0.58,0.321,0.375,0.045,0.041
1,226436,226.435703,13,4,7,truck,0.56,0.5660000000000001,0.437,0.189,0.255
1,226633,226.632712,14,0,2,car,0.93,0.094,0.385,0.161,0.098
1,226633,226.633335,14,1,2,car,0.81,0.561,0.434,0.189,0.259
1,226634,226.633925,14,2,2,car,0.72,0.21,0.371,0.097,0.073
1,226635,226.634515,14,3,2,car,0.6900000000000001,0.41500000000000004,0.382,0.084,0.07200000000000001
1,226635,226.634916,14,4,2,car,0.64,0.6940000000000001,0.371,0.042,0.036000000000000004
1,226635,226.635309,14,5,2,car,0.62,0.312,0.371,0.045,0.042
1,226833,226.833007,15,0,2,car,0.93,0.08600000000000001,0.384,0.166,0.101
1,226834,226.833728,15,1,2,car,0.71,0.41300000000000003,0.382,0.081,0.07
1,226834,226.834416,15,2,2,car,0.65,0.20600000000000002,0.368,0.106,0.063
1,226835,226.835088,15,3,2,car,0.65,0.6910000000000001,0.371,0.041,0.035
1,226836,226.835587,15,4,2,car,0.63,0.304,0.369,0.045,0.044
1,226836,226.835997,15,5,7,truck,0.61,0.558,0.435,0.19,0.258
1,226836,226.836406,15,6,2,car,0.52,0.35000000000000003,0.37,0.052000000000000005,0.037
1,227033,227.033178,0,0,2,car,0.93,0.085,0.386,0.164,0.1
1,227034,227.033883,0,1,2,car,0.78,0.41100000000000003,0.383,0.077,0.069
1,227035,227.034505,0,2,2,car,0.72,0.3,0.371,0.052000000000000005,0.049
1,227035,227.035128,0,3,2,car,0.64,0.199,0.365,0.1,0.054
1,227036,227.035767,0,4,2,car,0.62,0.553,0.441,0.188,0.255
1,227036,227.036414,0,5,2,car,0.54,0.6880000000000001,0.374,0.039,0.035
1,227233,227.232981,1,0,2,car,0.9400000000000001,0.081,0.388,0.162,0.10400000000000001
1,227234,227.233685,1,1,2,car,0.77,0.41000000000000003,0.384,0.08,0.068
1,227234,227.234333,1,2,2,car,0.7000000000000001,0.55,0.44,0.188,0.257
1,227235,227.235021,1,3,2,car,0.65,0.292,0.372,0.053,0.046
1,227236,227.235635,1,4,2,car,0.6,0.196,0.362,0.10300000000000001,0.053
1,227433,227.432858,2,0,2,car,0.91,0.079,0.386,0.156,0.1
1,227434,227.433661,2,1,2,car,0.77,0.40800000000000003,0.381,0.083,0.07200000000000001
1,227434,227.434480,2,2,2,car,0.72,0.28500000000000003,0.373,0.049,0.045
1,227435,227.435299,2,3,2,car,0.6,0.545,0.439,0.184,0.254
1,227436,227.436135,2,4,2,car,0.5700000000000001,0.185,0.357,0.096,0.039
1,227437,227.436806,2,5,2,car,0.52,0.366,0.368,0.031,0.036000000000000004
1,227437,227.437240,2,6,2,car,0.51,0.34400000000000003,0.372,0.054,0.035
1,227632,227.631841,3,0,2,car,0.9400000000000001,0.077,0.386,0.152,0.10400000000000001
1,227632,227.632235,3,1,2,car,0.77,0.184,0.375,0.107,0.077
1,227633,227.632628,3,2,2,car,0.73,0.40700000000000003,0.381,0.081,0.068
1,227633,227.633029,3,3,2,car,0.65,0.54,0.439,0.186,0.253
1,227633,227.633422,3,4,2,car,0.6,0.275,0.372,0.055,0.046
1,227634,227.633783,3,5,2,car,0.5700000000000001,0.677,0.37,0.041,0.034
1,227634,227.634135,3,6,2,car,0.5,0.366,0.364,0.034,0.033
1,227832,227.832439,4,0,2,car,0.93,0.07,0.39,0.139,0.106
1,227833,227.833135,4,1,2,car,0.78,0.401,0.383,0.079,0.068
1,227834,227.833848,4,2,2,car,0.75,0.534,0.444,0.187,0.251
1,227835,227.834602,4,3,2,car,0.66,0.265,0.377,0.062,0.051000000000000004
1,227835,227.835331,4,4,2,car,0.54,0.171,0.366,0.10400000000000001,0.06
1,227836,227.835978,4,5,2,car,0.53,0.353,0.372,0.034,0.033
1,227836,227.836404,4,6,2,car,0.52,0.668,0.372,0.042,0.031
1,228032,228.032357,5,0,2,car,0.92,0.063,0.394,0.125,0.107
1,228033,228.033094,5,1,2,car,0.68,0.147,0.382,0.089,0.075
1,228034,228.033815,5,2,2,car,0.68,0.255,0.377,0.067,0.051000000000000004
1,228035,228.034560,5,3,2,car,0.68,0.392,0.385,0.08,0.066
1,228035,228.035281,5,4,2,car,0.6,0.34400000000000003,0.372,0.036000000000000004,0.037
1,228036,228.035707,5,5,2,car,0.6,0.645,0.374,0.07200000000000001,0.037
1,228036,228.036092,5,6,2,car,0.59,0.522,0.447,0.181,0.25
1,228233,228.232856,6,0,2,car,0.91,0.051000000000000004,0.392,0.101,0.105
1,228234,228.233511,6,1,2,car,0.81,0.504,0.443,0.184,0.247
1,228234,228.234158,6,2,2,car,0.81,0.14,0.38,0.128,0.08
1,228235,228.234887,6,3,2,car,0.74,0.381,0.382,0.081,0.07200000000000001
1,228236,228.235526,6,4,2,car,0.63,0.329,0.37,0.035,0.038
1,228236,228.236124,6,5,2,car,0.56,0.23800000000000002,0.377,0.07200000000000001,0.05
1,228237,228.236542,6,6,2,car,0.53,0.649,0.369,0.036000000000000004,0.031
1,228433,228.433125,7,0,2,car,0.8,0.037,0.39,0.075,0.11
1,228434,228.433887,7,1,2,car,0.8,0.364,0.379,0.075,0.07100000000000001
1,228435,228.434731,7,2,2,car,0.79,0.113,0.379,0.135,0.084
1,228436,228.435698,7,3,5,bus,0.77,0.9430000000000001,0.329,0.115,0.441
1,228437,228.436550,7,4,2,car,0.74,0.485,0.44,0.186,0.256
1,228437,228.437402,7,5,2,car,0.67,0.213,0.373,0.078,0.055
1,228438,228.437803,7,6,2,car,0.64,0.316,0.368,0.036000000000000004,0.037
1,228438,228.438180,7,7,2,car,0.58,0.725,0.371,0.05,0.037
1,228632,228.631994,8,0,5,bus,0.74,0.927,0.376,0.14400000000000002,0.275
1,228632,228.632404,8,1,2,car,0.73,0.34800000000000003,0.377,0.076,0.065
1,228633,228.632765,8,2,2,car,0.7000000000000001,0.09,0.375,0.134,0.092
1,228633,228.633133,8,3,2,car,0.62,0.299,0.363,0.039,0.04
1,228634,228.633502,8,4,2,car,0.59,0.022,0.381,0.044,0.111
1,228634,228.633879,8,5,7,truck,0.58,0.463,0.437,0.19,0.253
1,228634,228.634239,8,6,2,car,0.56,0.196,0.369,0.08600000000000001,0.057
1,228635,228.634599,8,7,2,car,0.54,0.616,0.364,0.037,0.024
1,228833,228.832862,9,0,5,bus,0.8200000000000001,0.906,0.378,0.187,0.28500000000000003
1,228834,228.833575,9,1,2,car,0.81,0.328,0.374,0.07100000000000001,0.069
1,228834,228.834280,9,2,2,car,0.79,0.063,0.375,0.126,0.094
1,228835,228.835001,9,3,2,car,0.65,0.159,0.37,0.073,0.054
1,228836,228.835721,9,4,2,car,0.59,0.279,0.361,0.041,0.04
1,228836,228.836442,9,5,2,car,0.5700000000000001,0.221,0.366,0.08,0.055
1,228837,228.836876,9,6,2,car,0.52,0.6,0.361,0.04,0.026000000000000002
1,229033,229.032772,10,0,5,bus,0.92,0.895,0.318,0.209,0.406
1,229034,229.033517,10,1,2,car,0.81,0.307,0.374,0.066,0.07200000000000001
1,229034,229.034238,10,2,2,car,0.8,0.049,0.376,0.098,0.098
1,229035,229.035041,10,3,2,car,0.73,0.41100000000000003,0.439,0.201,0.265
1,229036,229.035885,10,4,2,car,0.67,0.261,0.362,0.044,0.043000000000000003
1,229036,229.036491,10,5,2,car,0.64,0.139,0.371,0.091,0.058
1,229037,229.036917,10,6,2,car,0.6,0.533,0.364,0.069,0.038
1,229037,229.037294,10,7,2,car,0.53,0.587,0.361,0.04,0.028
1,229233,229.232960,11,0,5,bus,0.78,0.883,0.322,0.233,0.406
1,229234,229.233680,11,1,2,car,0.75,0.28400000000000003,0.374,0.052000000000000005,0.07
1,229234,229.234426,11,2,2,car,0.73,0.113,0.37,0.1,0.063
1,229235,229.235139,11,3,2,car,0.71,0.034,0.376,0.067,0.092
1,229236,229.235868,11,4,2,car,0.6900000000000001,0.245,0.362,0.049,0.04
1,229237,229.236589,11,5,2,car,0.6,0.578,0.36,0.04,0.031
1,229237,229.237039,11,6,2,car,0.59,0.522,0.366,0.076,0.041
1,229237,229.237449,11,7,7,truck,0.56,0.383,0.428,0.20600000000000002,0.246
1,229431,229.431329,12,0,5,bus,0.85,0.87,0.368,0.26,0.489
1,229432,229.431976,12,1,2,car,0.66,0.085,0.366,0.1,0.063
1,229433,229.432648,12,2,2,car,0.65,0.225,0.356,0.049,0.051000000000000004
1,229433,229.433303,12,3,2,car,0.6,0.26,0.37,0.038,0.066
1,229434,229.433885,12,4,2,car,0.58,0.503,0.358,0.093,0.05
1,229434,229.434278,12,5,2,car,0.58,0.358,0.424,0.222,0.268
1,229435,229.434671,12,6,2,car,0.52,0.5690000000000001,0.34900000000000003,0.037,0.028
1,229435,229.435048,12,7,2,car,0.51,0.018000000000000002,0.374,0.037,0.078
1,229632,229.632057,13,0,5,bus,0.74,0.859,0.34,0.28,0.47400000000000003
1,229633,229.632565,13,1,2,car,0.68,0.06,0.362,0.115,0.07
1,229633,229.633008,13,2,2,car,0.67,0.209,0.355,0.05,0.046
1,229634,229.633532,13,3,7,truck,0.65,0.325,0.424,0.229,0.27
1,229634,229.633983,13,4,2,car,0.58,0.505,0.37,0.074,0.068
1,229634,229.634425,13,5,2,car,0.5,0.164,0.358,0.043000000000000003,0.054
1,229832,229.832213,14,0,5,bus,0.85,0.85,0.331,0.298,0.47800000000000004
1,229833,229.832712,14,1,2,car,0.6900000000000001,0.293,0.442,0.24,0.313
1,229833,229.833212,14,2,2,car,0.65,0.03,0.367,0.06,0.076
1,229834,229.833712,14,3,2,car,0.62,0.496,0.373,0.078,0.07200000000000001
1,229834,229.834171,14,4,2,car,0.6,0.19,0.354,0.047,0.049
1,229835,229.834555,14,5,2,car,0.53,0.11,0.362,0.067,0.061
1,229835,229.834940,14,6,2,car,0.51,0.671,0.357,0.058,0.047
1,230032,230.031614,15,0,5,bus,0.86,0.841,0.315,0.317,0.488
1,230032,230.032327,15,1,2,car,0.79,0.49,0.375,0.077,0.075
1,230033,230.033080,15,2,2,car,0.61,0.263,0.442,0.262,0.333
1,230232,230.231753,0,0,5,bus,0.91,0.833,0.318,0.333,0.47300000000000003
1,230232,230.232498,0,1,2,car,0.78,0.486,0.379,0.081,0.07200000000000001
1,230233,230.233227,0,2,2,car,0.74,0.233,0.45,0.294,0.35000000000000003
1,230234,230.233948,0,3,2,car,0.5700000000000001,0.077,0.36,0.1,0.068
1,230235,230.234686,0,4,2,car,0.52,0.541,0.35100000000000003,0.04,0.03
1,230432,230.431646,1,0,5,bus,0.92,0.8230000000000001,0.324,0.352,0.465
1,230432,230.432203,1,1,2,car,0.81,0.47800000000000004,0.382,0.084,0.074
1,230433,230.432891,1,2,2,car,0.76,0.044,0.366,0.088,0.074
1,230433,230.433489,1,3,2,car,0.75,0.197,0.454,0.311,0.356
1,230434,230.434079,1,4,2,car,0.61,0.536,0.358,0.036000000000000004,0.029
1,230632,230.631883,2,0,5,bus,0.96,0.8180000000000001,0.326,0.362,0.47100000000000003
1,230633,230.632612,2,1,2,car,0.8,0.165,0.457,0.33,0.368
1,230633,230.633349,2,2,2,car,0.79,0.47400000000000003,0.379,0.08600000000000001,0.084
1,230634,230.634062,2,3,2,car,0.58,0.342,0.372,0.053,0.085
1,230832,230.831661,3,0,5,bus,0.9500000000000001,0.812,0.32,0.374,0.444
1,230833,230.832562,3,1,2,car,0.74,0.465,0.373,0.1,0.096
1,230833,230.833283,3,2,2,car,0.71,0.155,0.451,0.31,0.374
1,230834,230.833988,3,3,2,car,0.6900000000000001,0.327,0.378,0.074,0.116
1,230835,230.834709,3,4,2,car,0.54,0.525,0.359,0.034,0.032
1,231031,231.031013,4,0,5,bus,0.9400000000000001,0.805,0.316,0.386,0.439
1,231032,231.031718,4,1,2,car,0.81,0.466,0.373,0.096,0.092
1,231032,231.032447,4,2,2,car,0.74,0.312,0.375,0.091,0.114
1,231033,231.033168,4,3,2,car,0.67,0.14400000000000002,0.465,0.28800000000000003,0.418
1,231034,231.033897,4,4,2,car,0.65,0.365,0.354,0.043000000000000003,0.046
1,231035,231.034536,4,5,2,car,0.56,0.525,0.35100000000000003,0.037,0.031
1,231232,231.231636,5,0,5,bus,0.9500000000000001,0.802,0.32,0.395,0.438
1,231232,231.232397,5,1,2,car,0.8200000000000001,0.465,0.38,0.099,0.096
1,231233,231.233266,5,2,2,car,0.79,0.297,0.378,0.108,0.11800000000000001
1,231234,231.234126,5,3,2,car,0.79,0.134,0.47000000000000003,0.268,0.438
1,231235,231.234970,5,4,2,car,0.63,0.362,0.357,0.045,0.047
1,231431,231.430791,6,0,5,bus,0.9500000000000001,0.799,0.316,0.401,0.422
1,231432,231.431504,6,1,2,car,0.86,0.28500000000000003,0.379,0.125,0.121
1,231432,231.432209,6,2,2,car,0.81,0.121,0.484,0.241,0.47300000000000003
1,231433,231.432921,6,3,2,car,0.74,0.463,0.384,0.10300000000000001,0.096
1,231434,231.433544,6,4,2,car,0.62,0.356,0.357,0.04,0.046
1,231631,231.630815,7,0,5,bus,0.96,0.793,0.311,0.41300000000000003,0.421
1,231632,231.631520,7,1,2,car,0.9,0.11,0.491,0.22,0.506
1,231632,231.632224,7,2,2,car,0.79,0.462,0.388,0.106,0.095
1,231633,231.632929,7,3,2,car,0.75,0.28400000000000003,0.378,0.122,0.122
1,231634,231.633658,7,4,2,car,0.64,0.36,0.356,0.056,0.054
1,231831,231.831486,8,0,5,bus,0.9400000000000001,0.795,0.315,0.40800000000000003,0.41500000000000004
1,231832,231.832224,8,1,2,car,0.85,0.275,0.376,0.133,0.124
1,231833,231.832937,8,2,2,car,0.81,0.10200000000000001,0.5,0.20500000000000002,0.53
1,231834,231.833641,8,3,2,car,0.75,0.462,0.385,0.109,0.106
1,231834,231.834247,8,4,2,car,0.68,0.357,0.354,0.048,0.05
1,232032,232.031797,9,0,5,bus,0.9400000000000001,0.795,0.317,0.40900000000000003,0.40900000000000003
1,232033,232.032666,9,1,2,car,0.86,0.275,0.377,0.134,0.125
1,232034,232.033583,9,2,2,car,0.84,0.464,0.389,0.112,0.11
1,232034,232.034484,9,3,2,car,0.72,0.092,0.521,0.185,0.581
1,232035,232.035377,9,4,2,car,0.71,0.358,0.356,0.05,0.049
1,232036,232.036041,9,5,2,car,0.63,0.184,0.368,0.066,0.098
1,232036,232.036483,9,6,2,car,0.53,0.55,0.35000000000000003,0.044,0.037
1,232232,232.231854,10,0,5,bus,0.9400000000000001,0.792,0.32,0.41300000000000003,0.399
1,232233,232.232747,10,1,2,car,0.89,0.275,0.38,0.138,0.127
1,232234,232.233607,10,2,2,car,0.77,0.46900000000000003,0.396,0.12,0.12
1,232234,232.234468,10,3,2,car,0.76,0.08600000000000001,0.526,0.17200000000000001,0.587
1,232235,232.235344,10,4,2,car,0.74,0.365,0.36,0.053,0.052000000000000005
1,232236,232.236007,10,5,2,car,0.67,0.17400000000000002,0.375,0.08,0.10200000000000001
1,232431,232.430690,11,0,5,bus,0.9400000000000001,0.791,0.333,0.417,0.406
1,232431,232.431436,11,1,2,car,0.84,0.28300000000000003,0.384,0.14,0.127
1,232432,232.432140,11,2,2,car,0.84,0.47500000000000003,0.4,0.126,0.127
1,232433,232.432804,11,3,2,car,0.6900000000000001,0.169,0.378,0.096,0.10300000000000001
1,232433,232.433394,11,4,2,car,0.65,0.369,0.361,0.052000000000000005,0.049
1,232434,232.433803,11,5,2,car,0.58,0.08,0.53,0.16,0.596
1,232630,232.630141,12,0,5,bus,0.9400000000000001,0.795,0.332,0.40700000000000003,0.394
1,232631,232.630887,12,1,2,car,0.87,0.483,0.406,0.132,0.127
1,232632,232.631599,12,2,2,car,0.74,0.28600000000000003,0.384,0.137,0.131
1,232632,232.632320,12,3,2,car,0.64,0.372,0.362,0.056,0.051000000000000004
1,232633,232.632967,12,4,2,car,0.58,0.166,0.379,0.11,0.10200000000000001
1,232633,232.633385,12,5,5,bus,0.5,0.076,0.512,0.154,0.604
1,232831,232.830951,13,0,5,bus,0.9400000000000001,0.796,0.335,0.40700000000000003,0.395
1,232832,232.831672,13,1,2,car,0.89,0.292,0.382,0.139,0.133
1,232832,232.832443,13,2,2,car,0.89,0.491,0.40800000000000003,0.138,0.137
1,232833,232.833172,13,3,2,car,0.73,0.381,0.363,0.056,0.055
1,232834,232.833892,13,4,2,car,0.7000000000000001,0.167,0.375,0.122,0.106
1,232835,232.834515,13,5,2,car,0.68,0.074,0.521,0.148,0.586
1,232835,232.834941,13,6,2,car,0.59,0.548,0.367,0.043000000000000003,0.051000000000000004
1,233031,233.030926,14,0,5,bus,0.9500000000000001,0.798,0.34,0.402,0.405
1,233032,233.031762,14,1,2,car,0.91,0.301,0.383,0.14,0.132
1,233033,233.032630,14,2,2,car,0.88,0.498,0.41200000000000003,0.147,0.145
1,233034,233.033515,14,3,2,car,0.73,0.386,0.362,0.059000000000000004,0.057
1,233034,233.034384,14,4,2,car,0.58,0.152,0.373,0.101,0.10200000000000001
1,233035,233.035358,14,5,2,car,0.55,0.07100000000000001,0.523,0.14400000000000002,0.603
1,233230,233.230369,15,0,5,bus,0.9400000000000001,0.802,0.338,0.395,0.392
1,233231,233.231057,15,1,2,car,0.89,0.306,0.386,0.14100000000000001,0.132
1,233232,233.231745,15,2,2,car,0.89,0.506,0.423,0.154,0.147
1,233232,233.232474,15,3,2,car,0.8,0.391,0.366,0.056,0.06
1,233233,233.233179,15,4,2,car,0.7000000000000001,0.069,0.517,0.139,0.562
1,233234,233.233785,15,5,2,car,0.64,0.146,0.382,0.10400000000000001,0.109
1,233431,233.430508,0,0,5,bus,0.93,0.804,0.332,0.39,0.377
1,233431,233.431229,0,1,2,car,0.89,0.512,0.429,0.161,0.151
1,233432,233.431966,0,2,2,car,0.85,0.313,0.385,0.14100000000000001,0.135
1,233433,233.432670,0,3,2,car,0.74,0.4,0.368,0.06,0.062
1,233433,233.433170,0,4,2,car,0.71,0.145,0.379,0.10400000000000001,0.111
1,233434,233.433645,0,5,2,car,0.6900000000000001,0.069,0.517,0.14,0.5730000000000001
1,233434,233.434030,0,6,2,car,0.53,0.20400000000000001,0.367,0.057,0.082
1,233631,233.630630,1,0,5,bus,0.9400000000000001,0.805,0.327,0.385,0.358
1,233631,233.631351,1,1,2,car,0.91,0.518,0.428,0.169,0.167
1,233632,233.632088,1,2,2,car,0.89,0.32,0.382,0.139,0.133
1,233633,233.632735,1,3,2,car,0.78,0.404,0.366,0.062,0.063
1,233633,233.633374,1,4,2,car,0.76,0.07100000000000001,0.522,0.14300000000000002,0.5750000000000001
1,233634,233.633792,1,5,2,car,0.6,0.20800000000000002,0.364,0.064,0.08
1,233634,233.634185,1,6,2,car,0.5700000000000001,0.165,0.377,0.14300000000000002,0.112
1,233831,233.830736,2,0,5,bus,0.9500000000000001,0.807,0.325,0.372,0.342
1,233831,233.831432,2,1,2,car,0.92,0.328,0.38,0.14200000000000002,0.131
1,233832,233.832153,2,2,2,car,0.89,0.526,0.43,0.179,0.178
1,233833,233.832874,2,3,2,car,0.72,0.41100000000000003,0.364,0.061,0.061
1,233834,233.833562,2,4,2,car,0.6900000000000001,0.17,0.374,0.14,0.113
1,233834,233.834267,2,5,2,car,0.64,0.073,0.511,0.147,0.5730000000000001
1,234031,234.030834,3,0,5,bus,0.9400000000000001,0.806,0.329,0.366,0.343
1,234032,234.031538,3,1,2,car,0.91,0.333,0.38,0.136,0.129
1,234032,234.032251,3,2,2,car,0.79,0.531,0.441,0.188,0.167
1,234033,234.032980,3,3,2,car,0.75,0.076,0.508,0.154,0.56
1,234034,234.033701,3,4,2,car,0.72,0.417,0.363,0.06,0.063
1,234034,234.034152,3,5,2,car,0.66,0.17400000000000002,0.374,0.137,0.108
1,234231,234.230743,4,0,5,bus,0.96,0.801,0.331,0.355,0.34
1,234231,234.231497,4,1,2,car,0.9,0.537,0.443,0.199,0.195
1,234232,234.232234,4,2,2,car,0.87,0.34,0.381,0.138,0.129
1,234233,234.232963,4,3,2,car,0.76,0.08,0.513,0.16,0.5670000000000001
1,234234,234.233618,4,4,2,car,0.65,0.417,0.364,0.058,0.067
1,234234,234.234274,4,5,2,car,0.64,0.186,0.376,0.114,0.10400000000000001
1,234430,234.430218,5,0,5,bus,0.96,0.801,0.335,0.34500000000000003,0.333
1,234431,234.430923,5,1,2,car,0.9,0.541,0.444,0.20700000000000002,0.202
1,234432,234.431668,5,2,2,car,0.9,0.34400000000000003,0.382,0.133,0.128
1,234432,234.432340,5,3,2,car,0.79,0.085,0.537,0.17,0.61
1,234433,234.433036,5,4,2,car,0.72,0.183,0.384,0.11800000000000001,0.117
1,234434,234.433667,5,5,2,car,0.6,0.419,0.365,0.053,0.067
1,234434,234.434101,5,6,2,car,0.5,0.272,0.364,0.061,0.07200000000000001
1,234631,234.630996,6,0,5,bus,0.89,0.797,0.33,0.34800000000000003,0.318
1,234632,234.631848,6,1,2,car,0.88,0.34800000000000003,0.381,0.136,0.126
1,234633,234.632749,6,2,2,car,0.88,0.544,0.448,0.217,0.216
1,234634,234.633798,6,3,2,car,0.78,0.089,0.523,0.178,0.58
1,234635,234.634535,6,4,2,car,0.61,0.421,0.367,0.05,0.067
1,234635,234.635280,6,5,2,car,0.61,0.184,0.379,0.10300000000000001,0.10200000000000001
1,234636,234.635698,6,6,2,car,0.59,0.98,0.434,0.039,0.154
1,234636,234.636083,6,7,2,car,0.54,0.271,0.365,0.066,0.073
1,234831,234.830873,7,0,5,bus,0.9400000000000001,0.792,0.324,0.333,0.305
1,234832,234.831733,7,1,2,car,0.89,0.545,0.449,0.225,0.218
1,234833,234.832511,7,2,2,car,0.86,0.34900000000000003,0.38,0.135,0.125
1,234833,234.833207,7,3,2,car,0.74,0.186,0.381,0.097,0.111
1,234834,234.833830,7,4,2,car,0.72,0.42,0.365,0.054,0.067
1,234835,234.834608,7,5,2,car,0.72,0.092,0.527,0.183,0.597
1,234835,234.835034,7,6,2,car,0.7000000000000001,0.973,0.426,0.053,0.14100000000000001
1,234835,234.835428,7,7,2,car,0.51,0.269,0.362,0.075,0.07100000000000001
1,235031,235.031200,8,0,5,bus,0.9400000000000001,0.783,0.321,0.316,0.29
1,235032,235.032035,8,1,2,car,0.88,0.549,0.45,0.23900000000000002,0.229
1,235033,235.032871,8,2,2,car,0.84,0.35100000000000003,0.379,0.129,0.124
1,235034,235.033756,8,3,2,car,0.78,0.094,0.521,0.188,0.577
1,235034,235.034395,8,4,2,car,0.77,0.967,0.426,0.065,0.14300000000000002
1,235035,235.035247,8,5,2,car,0.73,0.188,0.379,0.08700000000000001,0.113
1,235036,235.035681,8,6,2,car,0.62,0.424,0.367,0.057,0.07200000000000001
1,235036,235.036090,8,7,2,car,0.58,0.27,0.363,0.08,0.074
1,235231,235.230503,9,0,5,bus,0.93,0.778,0.325,0.304,0.28600000000000003
1,235231,235.231167,9,1,2,car,0.88,0.549,0.45,0.249,0.23700000000000002
1,235232,235.231879,9,2,2,car,0.84,0.1,0.523,0.201,0.579
1,235233,235.232600,9,3,2,car,0.84,0.352,0.38,0.124,0.124
1,235233,235.233198,9,4,2,car,0.7000000000000001,0.9590000000000001,0.41400000000000003,0.079,0.129
1,235234,235.233632,9,5,2,car,0.53,0.193,0.376,0.074,0.105
1,235234,235.234017,9,6,2,car,0.5,0.264,0.357,0.08,0.064
1,235429,235.429462,10,0,5,bus,0.9,0.774,0.324,0.295,0.276
1,235430,235.430126,10,1,2,car,0.87,0.549,0.453,0.258,0.259
1,235431,235.430822,10,2,2,car,0.8300000000000001,0.105,0.518,0.21,0.5710000000000001
1,235431,235.431355,10,3,2,car,0.81,0.353,0.38,0.124,0.127
1,235432,235.431936,10,4,2,car,0.61,0.429,0.367,0.063,0.075
1,235432,235.432338,10,5,2,car,0.6,0.9560000000000001,0.399,0.08600000000000001,0.117
1,235433,235.432714,10,6,2,car,0.54,0.264,0.355,0.083,0.064
1,235630,235.630363,11,0,5,bus,0.9500000000000001,0.767,0.319,0.28200000000000003,0.264
1,235631,235.631075,11,1,2,car,0.9,0.552,0.463,0.269,0.269
1,235632,235.631804,11,2,2,car,0.87,0.11,0.508,0.221,0.542
1,235633,235.632542,11,3,2,car,0.85,0.354,0.38,0.122,0.13
1,235633,235.633263,11,4,2,car,0.61,0.43,0.37,0.058,0.077
1,235634,235.633795,11,5,2,car,0.58,0.9440000000000001,0.393,0.08,0.098
1,235830,235.830420,12,0,5,bus,0.9400000000000001,0.76,0.321,0.271,0.261
1,235831,235.831165,12,1,2,car,0.91,0.552,0.462,0.281,0.28400000000000003
1,235832,235.832197,12,2,2,car,0.8300000000000001,0.116,0.49,0.232,0.499
1,235833,235.832828,12,3,2,car,0.8200000000000001,0.357,0.379,0.123,0.127
1,235833,235.833459,12,4,2,car,0.66,0.262,0.358,0.084,0.075
1,235834,235.834090,12,5,2,car,0.56,0.432,0.371,0.057,0.084
1,235835,235.834516,12,6,2,car,0.54,0.917,0.405,0.049,0.088
1,236030,236.030083,13,0,5,bus,0.9400000000000001,0.756,0.322,0.261,0.255
1,236031,236.030730,13,1,2,car,0.91,0.552,0.47800000000000004,0.28700000000000003,0.296
1,236031,236.031353,13,2,2,car,0.8200000000000001,0.367,0.379,0.139,0.123
1,236032,236.031984,13,3,2,car,0.6900000000000001,0.121,0.47600000000000003,0.243,0.47700000000000004
1,236033,236.032582,13,4,2,car,0.65,0.266,0.36,0.078,0.073
1,236033,236.033008,13,5,2,car,0.56,0.541,0.326,0.109,0.041
1,236229,236.229255,14,0,5,bus,0.93,0.751,0.33,0.258,0.259
1,236230,236.229903,14,1,2,car,0.89,0.553,0.484,0.297,0.295
1,236231,236.230533,14,2,2,car,0.84,0.126,0.46900000000000003,0.252,0.442
1,236231,236.231164,14,3,2,car,0.81,0.362,0.379,0.12,0.12
1,236232,236.231770,14,4,2,car,0.75,0.265,0.365,0.08700000000000001,0.077
1,236232,236.232213,14,5,2,car,0.58,0.541,0.327,0.108,0.041
1,236429,236.429435,15,0,2,car,0.92,0.552,0.495,0.307,0.305
1,236430,236.430140,15,1,5,bus,0.9,0.747,0.337,0.256,0.264
1,236431,236.430795,15,2,2,car,0.88,0.132,0.463,0.263,0.41200000000000003
1,236431,236.431450,15,3,2,car,0.77,0.272,0.366,0.076,0.08
1,236432,236.432081,15,4,2,car,0.73,0.363,0.379,0.12,0.116
1,236432,236.432499,15,5,2,car,0.61,0.539,0.327,0.106,0.037
1,236629,236.629328,0,0,2,car,0.92,0.556,0.502,0.319,0.322
1,236630,236.629975,0,1,2,car,0.9,0.139,0.459,0.278,0.389
1,236631,236.630573,0,2,2,car,0.76,0.742,0.41100000000000003,0.153,0.16
1,236830,236.830368,1,0,2,car,0.9500000000000001,0.557,0.503,0.323,0.321
1,236831,236.831228,1,1,2,car,0.89,0.736,0.41300000000000003,0.149,0.169
1,236832,236.832252,1,2,2,car,0.85,0.181,0.42,0.329,0.308
1,236833,236.832924,1,3,2,car,0.68,0.963,0.537,0.074,0.307
1,236834,236.833563,1,4,5,bus,0.58,0.652,0.326,0.11,0.111
1,236834,236.834193,1,5,2,car,0.58,0.297,0.4,0.10300000000000001,0.229
1,236835,236.834611,1,6,2,car,0.58,0.371,0.385,0.10400000000000001,0.12
1,237030,237.029860,2,0,2,car,0.9400000000000001,0.558,0.5,0.322,0.323
1,237030,237.030392,2,1,2,car,0.93,0.191,0.417,0.323,0.297
1,237031,237.031113,2,2,2,car,0.9,0.733,0.41600000000000004,0.148,0.168
1,237032,237.031826,2,3,2,car,0.86,0.9430000000000001,0.527,0.112,0.28500000000000003
1,237032,237.032481,2,4,2,car,0.76,0.377,0.387,0.115,0.135
1,237033,237.032899,2,5,2,car,0.58,0.019,0.418,0.038,0.184
1,237033,237.033267,2,6,5,bus,0.56,0.656,0.328,0.105,0.11
1,237230,237.229826,3,0,2,car,0.9500000000000001,0.558,0.5,0.318,0.327
1,237231,237.230539,3,1,2,car,0.9400000000000001,0.197,0.419,0.316,0.28800000000000003
1,237231,237.231276,3,2,2,car,0.89,0.926,0.512,0.145,0.304
1,237232,237.231981,3,3,2,car,0.84,0.729,0.418,0.14300000000000002,0.17200000000000001
1,237233,237.232579,3,4,2,car,0.76,0.376,0.388,0.117,0.126
1,237233,237.233013,3,5,2,car,0.63,0.034,0.41100000000000003,0.067,0.17500000000000002
1,237233,237.233414,3,6,2,car,0.56,0.45,0.381,0.045,0.073
1,237430,237.429776,4,0,2,car,0.9400000000000001,0.559,0.5,0.315,0.324
1,237430,237.430301,4,1,2,car,0.9400000000000001,0.203,0.423,0.314,0.275
1,237431,237.431022,4,2,2,car,0.92,0.914,0.507,0.17,0.31
1,237432,237.431644,4,3,2,car,0.84,0.728,0.42,0.136,0.166
1,237432,237.432267,4,4,2,car,0.79,0.385,0.387,0.112,0.126
1,237433,237.432693,4,5,2,car,0.66,0.028,0.41200000000000003,0.056,0.179
1,237433,237.433053,4,6,2,car,0.58,0.451,0.38,0.047,0.067
1,237630,237.629964,5,0,2,car,0.9400000000000001,0.562,0.501,0.313,0.308
1,237630,237.630481,5,1,2,car,0.9400000000000001,0.21,0.423,0.307,0.278
1,237631,237.630972,5,2,2,car,0.9,0.904,0.534,0.191,0.372
1,237631,237.631382,5,3,2,car,0.87,0.393,0.389,0.115,0.128
1,237632,237.631775,5,4,2,car,0.8200000000000001,0.728,0.42,0.135,0.16
1,237632,237.632168,5,5,2,car,0.79,0.031,0.41400000000000003,0.062,0.178
1,237633,237.632561,5,6,2,car,0.5700000000000001,0.457,0.378,0.045,0.065
1,237633,237.632954,5,7,5,bus,0.53,0.653,0.33,0.107,0.10200000000000001
1,237830,237.829759,6,0,2,car,0.9500000000000001,0.5680000000000001,0.503,0.31,0.311
1,237830,237.830472,6,1,2,car,0.9400000000000001,0.219,0.424,0.302,0.274
1,237831,237.831225,6,2,2,car,0.88,0.896,0.508,0.20600000000000002,0.316
1,237832,237.831954,6,3,2,car,0.8300000000000001,0.395,0.389,0.112,0.127
1,237833,237.832593,6,4,2,car,0.81,0.038,0.41400000000000003,0.076,0.18
1,237833,237.833192,6,5,2,car,0.79,0.729,0.41300000000000003,0.139,0.147
1,237834,237.833626,6,6,5,bus,0.58,0.653,0.333,0.098,0.10300000000000001
1,237834,237.834002,6,7,2,car,0.54,0.46,0.38,0.045,0.07100000000000001
1,238029,238.029251,7,0,2,car,0.9500000000000001,0.5740000000000001,0.499,0.305,0.301
1,238030,238.029939,7,1,2,car,0.9400000000000001,0.228,0.423,0.297,0.273
1,238030,238.030398,7,2,2,car,0.91,0.892,0.495,0.214,0.28800000000000003
1,238031,238.031004,7,3,2,car,0.88,0.406,0.387,0.115,0.124
1,238031,238.031446,7,4,2,car,0.81,0.046,0.425,0.091,0.199
1,238032,238.031839,7,5,2,car,0.76,0.735,0.41300000000000003,0.14200000000000002,0.148
1,238032,238.032200,7,6,5,bus,0.5700000000000001,0.657,0.333,0.10300000000000001,0.109
1,238033,238.032593,7,7,2,car,0.52,0.834,0.392,0.081,0.08
1,238229,238.229250,8,0,2,car,0.9500000000000001,0.581,0.5,0.3,0.301
1,238230,238.229906,8,1,2,car,0.91,0.23700000000000002,0.42,0.291,0.265
1,238231,238.230553,8,2,2,car,0.9,0.89,0.49,0.219,0.279
1,238231,238.231159,8,3,2,car,0.84,0.059000000000000004,0.421,0.117,0.201
1,238232,238.231765,8,4,2,car,0.8300000000000001,0.41300000000000003,0.388,0.112,0.11900000000000001
1,238232,238.232396,8,5,2,car,0.79,0.736,0.41100000000000003,0.13,0.14400000000000002
1,238233,238.232994,8,6,5,bus,0.55,0.661,0.335,0.10200000000000001,0.10300000000000001
1,238233,238.233428,8,7,9,traffic light,0.51,0.917,0.241,0.026000000000000002,0.046
1,238429,238.429020,9,0,2,car,0.9500000000000001,0.588,0.494,0.291,0.298
1,238430,238.429667,9,1,2,car,0.89,0.887,0.47700000000000004,0.225,0.258
1,238430,238.430290,9,2,2,car,0.89,0.248,0.417,0.28600000000000003,0.262
1,238431,238.430896,9,3,2,car,0.86,0.422,0.384,0.106,0.114
1,238432,238.431543,9,4,2,car,0.85,0.062,0.418,0.124,0.198
1,238432,238.432166,9,5,2,car,0.75,0.736,0.41100000000000003,0.121,0.146
1,238433,238.432584,9,6,2,car,0.54,0.483,0.379,0.042,0.07100000000000001
1,238630,238.629732,10,0,2,car,0.93,0.594,0.489,0.28300000000000003,0.28
1,238631,238.630617,10,1,2,car,0.9,0.259,0.41500000000000004,0.28,0.257
1,238632,238.631600,10,2,2,car,0.89,0.886,0.47300000000000003,0.226,0.251
1,238632,238.632247,10,3,2,car,0.86,0.064,0.40900000000000003,0.127,0.215
1,238633,238.632854,10,4,2,car,0.78,0.74,0.401,0.116,0.13
1,238633,238.633492,10,5,2,car,0.77,0.427,0.382,0.10200000000000001,0.112
1,238829,238.829429,11,0,2,car,0.92,0.598,0.483,0.275,0.275
1,238830,238.830109,11,1,2,car,0.91,0.268,0.419,0.274,0.257
1,238831,238.830731,11,2,2,car,0.9,0.887,0.47500000000000003,0.224,0.244
1,238831,238.831378,11,3,2,car,0.88,0.07,0.41100000000000003,0.139,0.213
1,238832,238.832017,11,4,2,car,0.81,0.742,0.404,0.113,0.125
1,238833,238.832665,11,5,2,car,0.77,0.432,0.385,0.107,0.111
1,239029,239.029412,12,0,2,car,0.93,0.601,0.492,0.272,0.271
1,239030,239.030125,12,1,2,car,0.91,0.272,0.424,0.272,0.253
1,239031,239.030813,12,2,2,car,0.9,0.884,0.483,0.228,0.243
1,239031,239.031485,12,3,2,car,0.88,0.074,0.427,0.148,0.192
1,239032,239.032083,12,4,2,car,0.8300000000000001,0.742,0.40800000000000003,0.11900000000000001,0.125
1,239033,239.032509,12,5,2,car,0.8,0.432,0.394,0.094,0.109
1,239033,239.032902,12,6,2,car,0.56,0.498,0.389,0.042,0.07100000000000001
1,239229,239.229321,13,0,2,car,0.91,0.601,0.488,0.264,0.264
1,239230,239.230059,13,1,2,car,0.89,0.275,0.426,0.268,0.251
1,239231,239.230771,13,2,2,car,0.88,0.887,0.485,0.225,0.246
1,239231,239.231476,13,3,2,car,0.86,0.075,0.428,0.15,0.195
1,239232,239.232188,13,4,2,car,0.85,0.744,0.41300000000000003,0.122,0.128
1,239233,239.232819,13,5,2,car,0.72,0.434,0.396,0.092,0.111
1,239429,239.429091,14,0,2,car,0.9,0.887,0.492,0.223,0.258
1,239430,239.429804,14,1,2,car,0.88,0.274,0.428,0.268,0.255
1,239430,239.430345,14,2,2,car,0.8300000000000001,0.743,0.41300000000000003,0.129,0.128
1,239431,239.430984,14,3,2,car,0.81,0.604,0.488,0.265,0.248
1,239431,239.431418,14,4,2,car,0.81,0.429,0.395,0.081,0.108
1,239432,239.431811,14,5,2,car,0.77,0.082,0.427,0.164,0.201
1,239432,239.432180,14,6,9,traffic light,0.53,0.979,0.24,0.03,0.047
1,239433,239.432557,14,7,2,car,0.51,0.501,0.392,0.043000000000000003,0.065
1,239629,239.629140,15,0,2,car,0.91,0.6,0.482,0.248,0.257
1,239630,239.629853,15,1,2,car,0.9,0.275,0.438,0.267,0.28400000000000003
1,239630,239.630270,15,2,2,car,0.89,0.89,0.49,0.22,0.266
1,239631,239.630639,15,3,2,car,0.86,0.08,0.421,0.16,0.196
1,239631,239.631016,15,4,2,car,0.77,0.744,0.406,0.13,0.11900000000000001
1,239631,239.631385,15,5,2,car,0.7000000000000001,0.435,0.393,0.091,0.11
1,239632,239.631762,15,6,2,car,0.54,0.502,0.391,0.04,0.064
1,239829,239.829115,0,0,2,car,0.91,0.892,0.483,0.215,0.261
1,239830,239.829844,0,1,2,car,0.88,0.08,0.41600000000000004,0.161,0.184
1,239830,239.830491,0,2,2,car,0.86,0.275,0.418,0.269,0.255
1,239831,239.831171,0,3,2,car,0.86,0.6,0.47300000000000003,0.244,0.262
1,239832,239.831892,0,4,2,car,0.81,0.439,0.385,0.097,0.10400000000000001
1,239832,239.832335,0,5,2,car,0.6900000000000001,0.738,0.404,0.117,0.122
1,239833,239.832744,0,6,2,car,0.55,0.502,0.385,0.05,0.07100000000000001
1,240029,240.029008,1,0,2,car,0.91,0.895,0.481,0.20800000000000002,0.268
1,240030,240.029721,1,1,2,car,0.89,0.275,0.41100000000000003,0.273,0.246
1,240030,240.030474,1,2,2,car,0.84,0.08,0.41100000000000003,0.16,0.185
1,240031,240.031212,1,3,2,car,0.79,0.444,0.379,0.099,0.099
1,240032,240.031924,1,4,2,car,0.78,0.735,0.399,0.111,0.122
1,240033,240.032522,1,5,2,car,0.77,0.601,0.5,0.23700000000000002,0.178
1,240033,240.032957,1,6,2,car,0.5700000000000001,0.59,0.389,0.187,0.097
1,240229,240.228704,2,0,2,car,0.93,0.897,0.488,0.203,0.28200000000000003
1,240229,240.229434,2,1,2,car,0.9,0.272,0.41200000000000003,0.274,0.249
1,240230,240.230154,2,2,2,car,0.85,0.079,0.41000000000000003,0.159,0.177
1,240231,240.230859,2,3,2,car,0.8200000000000001,0.598,0.463,0.233,0.242
1,240232,240.231580,2,4,2,car,0.8,0.729,0.396,0.11,0.117
1,240232,240.232211,2,5,2,car,0.79,0.441,0.378,0.094,0.098
1,240233,240.232645,2,6,2,car,0.64,0.51,0.381,0.058,0.074
1,240429,240.428851,3,0,2,car,0.9,0.898,0.495,0.201,0.294
1,240430,240.429589,3,1,2,car,0.9,0.272,0.41100000000000003,0.271,0.25
1,240430,240.430285,3,2,2,car,0.89,0.596,0.461,0.226,0.241
1,240431,240.430981,3,3,2,car,0.81,0.082,0.40900000000000003,0.163,0.17400000000000002
1,240432,240.431694,3,4,2,car,0.81,0.725,0.393,0.108,0.114
1,240432,240.432407,3,5,2,car,0.76,0.436,0.377,0.089,0.093
1,240433,240.432841,3,6,2,car,0.51,0.506,0.374,0.053,0.065
1,240629,240.628720,4,0,2,car,0.92,0.27,0.422,0.27,0.249
1,240629,240.629449,4,1,2,car,0.91,0.902,0.518,0.195,0.32
1,240630,240.630170,4,2,2,car,0.9,0.08,0.41600000000000004,0.16,0.165
1,240631,240.630899,4,3,2,car,0.85,0.719,0.404,0.111,0.113
1,240632,240.631628,4,4,2,car,0.76,0.592,0.47400000000000003,0.22,0.221
1,240632,240.632251,4,5,2,car,0.75,0.439,0.387,0.092,0.098
1,240633,240.632676,4,6,2,car,0.52,0.026000000000000002,0.35000000000000003,0.053,0.058
1,240633,240.633094,4,7,2,car,0.51,0.858,0.395,0.076,0.081
1,240829,240.829145,5,0,2,car,0.9,0.266,0.433,0.266,0.252
1,240830,240.829956,5,1,2,car,0.89,0.905,0.542,0.19,0.34900000000000003
1,240831,240.830784,5,2,2,car,0.88,0.079,0.423,0.159,0.166
1,240832,240.831505,5,3,2,car,0.78,0.716,0.41200000000000003,0.10300000000000001,0.113
1,240832,240.832193,5,4,2,car,0.75,0.585,0.502,0.216,0.17500000000000002
1,240833,240.832791,5,5,2,car,0.72,0.433,0.399,0.093,0.101
1,240833,240.833192,5,6,2,car,0.5700000000000001,0.029,0.359,0.057,0.059000000000000004
1,240834,240.833569,5,7,2,car,0.56,0.499,0.393,0.05,0.059000000000000004
1,241028,241.027965,6,0,2,car,0.89,0.908,0.532,0.184,0.352
1,241029,241.028538,6,1,2,car,0.89,0.078,0.417,0.156,0.159
1,241029,241.029120,6,2,2,car,0.89,0.266,0.428,0.264,0.25
1,241030,241.029710,6,3,2,car,0.8300000000000001,0.581,0.495,0.209,0.16
1,241030,241.030333,6,4,2,car,0.78,0.706,0.405,0.114,0.115
1,241031,241.030709,6,5,2,car,0.71,0.434,0.389,0.093,0.10200000000000001
1,241031,241.031078,6,6,2,car,0.5700000000000001,0.876,0.39,0.088,0.067
1,241228,241.228087,7,0,2,car,0.89,0.263,0.41500000000000004,0.262,0.253
1,241229,241.228776,7,1,2,car,0.87,0.5760000000000001,0.458,0.203,0.211
1,241229,241.229496,7,2,2,car,0.86,0.909,0.534,0.18,0.378
1,241230,241.230193,7,3,2,car,0.86,0.7010000000000001,0.394,0.11,0.111
1,241231,241.230873,7,4,2,car,0.84,0.077,0.401,0.154,0.161
1,241231,241.231462,7,5,2,car,0.72,0.43,0.375,0.093,0.095
1,241232,241.231889,7,6,2,car,0.59,0.486,0.368,0.037,0.056
1,241232,241.232274,7,7,2,car,0.51,0.035,0.352,0.07,0.089
1,241428,241.428062,8,0,2,car,0.88,0.261,0.40900000000000003,0.26,0.246
1,241429,241.428685,8,1,2,car,0.88,0.079,0.397,0.156,0.157
1,241429,241.429324,8,2,2,car,0.85,0.912,0.506,0.17500000000000002,0.311
1,241430,241.429963,8,3,2,car,0.85,0.6980000000000001,0.388,0.105,0.108
1,241431,241.430594,8,4,2,car,0.8300000000000001,0.5720000000000001,0.47000000000000003,0.198,0.165
1,241431,241.431028,8,5,2,car,0.62,0.426,0.372,0.084,0.093
1,241431,241.431429,8,6,2,car,0.58,0.485,0.37,0.042,0.061
1,241432,241.431814,8,7,2,car,0.5,0.772,0.355,0.067,0.04
1,241629,241.628660,9,0,2,car,0.9,0.914,0.514,0.17,0.308
1,241630,241.629512,9,1,2,car,0.88,0.5670000000000001,0.457,0.194,0.2
1,241630,241.630183,9,2,2,car,0.86,0.258,0.41300000000000003,0.262,0.248
1,241631,241.631183,9,3,2,car,0.85,0.08,0.399,0.151,0.151
1,241632,241.631806,9,4,2,car,0.84,0.6950000000000001,0.393,0.10300000000000001,0.108
1,241632,241.632223,9,5,2,car,0.76,0.424,0.377,0.083,0.09
1,241633,241.632625,9,6,2,car,0.7000000000000001,0.483,0.374,0.042,0.064
1,241633,241.633026,9,7,2,car,0.6,0.041,0.362,0.083,0.112
1,241828,241.827676,10,0,2,car,0.88,0.915,0.522,0.166,0.312
1,241828,241.828274,10,1,2,car,0.86,0.255,0.41600000000000004,0.26,0.244
1,241829,241.828864,10,2,2,car,0.86,0.084,0.402,0.134,0.152
1,241829,241.829454,10,3,2,car,0.84,0.5630000000000001,0.47400000000000003,0.191,0.16
1,241830,241.830044,10,4,2,car,0.79,0.687,0.396,0.105,0.109
1,241831,241.830650,10,5,2,car,0.74,0.422,0.377,0.082,0.094
1,241831,241.831051,10,6,2,car,0.64,0.041,0.364,0.083,0.125
1,241831,241.831445,10,7,2,car,0.64,0.482,0.373,0.044,0.057
1,242028,242.027946,11,0,2,car,0.88,0.09,0.4,0.125,0.148
1,242029,242.028593,11,1,2,car,0.88,0.921,0.52,0.157,0.314
1,242029,242.029208,11,2,2,car,0.87,0.257,0.41400000000000003,0.261,0.244
1,242030,242.029822,11,3,2,car,0.81,0.5630000000000001,0.466,0.185,0.165
1,242030,242.030240,11,4,2,car,0.81,0.686,0.393,0.108,0.107
1,242031,242.030633,11,5,2,car,0.8,0.425,0.376,0.084,0.091
1,242031,242.031026,11,6,2,car,0.6900000000000001,0.481,0.374,0.042,0.061
1,242031,242.031420,11,7,2,car,0.6,0.045,0.359,0.09,0.154
1,242228,242.227798,12,0,2,car,0.91,0.097,0.396,0.117,0.14400000000000002
1,242229,242.228503,12,1,2,car,0.88,0.925,0.521,0.148,0.319
1,242229,242.229133,12,2,2,car,0.86,0.5630000000000001,0.47100000000000003,0.183,0.149
1,242230,242.229740,12,3,2,car,0.84,0.257,0.41200000000000003,0.264,0.245
1,242230,242.230354,12,4,2,car,0.81,0.686,0.393,0.107,0.106
1,242231,242.230960,12,5,2,car,0.7000000000000001,0.421,0.375,0.08,0.091
1,242232,242.231591,12,6,2,car,0.64,0.485,0.376,0.044,0.059000000000000004
1,242232,242.232009,12,7,2,car,0.51,0.5650000000000001,0.383,0.126,0.051000000000000004
1,242428,242.427650,13,0,2,car,0.91,0.5640000000000001,0.463,0.181,0.14200000000000002
1,242428,242.428216,13,1,2,car,0.88,0.93,0.516,0.138,0.32
1,242429,242.428707,13,2,2,car,0.87,0.255,0.406,0.267,0.244
1,242429,242.429133,13,3,2,car,0.86,0.101,0.387,0.106,0.138
1,242430,242.429518,13,4,2,car,0.81,0.684,0.385,0.109,0.106
1,242430,242.429952,13,5,2,car,0.7000000000000001,0.428,0.368,0.08,0.095
1,242430,242.430345,13,6,5,bus,0.5700000000000001,0.63,0.333,0.08,0.10200000000000001
1,242431,242.430763,13,7,2,car,0.55,0.487,0.369,0.042,0.055
1,242628,242.628362,14,0,2,car,0.89,0.933,0.515,0.133,0.314
1,242629,242.629009,14,1,2,car,0.86,0.256,0.405,0.266,0.242
1,242630,242.629681,14,2,2,car,0.85,0.5640000000000001,0.448,0.176,0.156
1,242630,242.630361,14,3,2,car,0.84,0.10400000000000001,0.382,0.096,0.135
1,242631,242.630787,14,4,2,car,0.8,0.683,0.383,0.107,0.109
1,242631,242.631180,14,5,2,car,0.73,0.426,0.366,0.079,0.094
1,242632,242.631598,14,6,2,car,0.64,0.042,0.368,0.082,0.12
1,242632,242.632016,14,7,2,car,0.55,0.485,0.369,0.042,0.054
1,242828,242.827747,15,0,2,car,0.91,0.56,0.444,0.17300000000000001,0.163
1,242828,242.828419,15,1,2,car,0.87,0.254,0.40700000000000003,0.266,0.249
1,242829,242.828829,15,2,2,car,0.87,0.936,0.513,0.127,0.309
1,242829,242.829222,15,3,2,car,0.8300000000000001,0.108,0.386,0.091,0.134
1,242830,242.829623,15,4,2,car,0.81,0.681,0.386,0.107,0.105
1,242830,242.830025,15,5,2,car,0.73,0.429,0.371,0.08,0.091
1,242830,242.830434,15,6,2,car,0.63,0.06,0.368,0.11900000000000001,0.116
1,242831,242.830836,15,7,2,car,0.62,0.486,0.371,0.042,0.052000000000000005
1,243028,243.028091,0,0,2,car,0.9,0.558,0.453,0.17,0.14300000000000002
1,243029,243.028804,0,1,2,car,0.87,0.249,0.405,0.272,0.251
1,243029,243.029295,0,2,2,car,0.85,0.9380000000000001,0.518,0.123,0.299
1,243030,243.029951,0,3,2,car,0.76,0.679,0.385,0.105,0.106
1,243030,243.030401,0,4,2,car,0.68,0.10400000000000001,0.379,0.076,0.134
1,243031,243.030802,0,5,2,car,0.63,0.427,0.368,0.077,0.093
1,243031,243.031212,0,6,5,bus,0.56,0.627,0.332,0.076,0.095
1,243032,243.031630,0,7,2,car,0.53,0.061,0.362,0.116,0.105
1,243228,243.228189,1,0,2,car,0.89,0.554,0.457,0.164,0.134
1,243229,243.228951,1,1,2,car,0.87,0.069,0.371,0.135,0.123
1,243230,243.229663,1,2,2,car,0.87,0.9400000000000001,0.526,0.11800000000000001,0.295
1,243230,243.230384,1,3,2,car,0.86,0.244,0.41000000000000003,0.273,0.252
1,243231,243.231048,1,4,2,car,0.77,0.678,0.387,0.105,0.10400000000000001
1,243231,243.231457,1,5,2,car,0.67,0.426,0.372,0.074,0.089
1,243232,243.231859,1,6,2,car,0.56,0.482,0.372,0.045,0.056
1,243232,243.232268,1,7,5,bus,0.51,0.625,0.336,0.074,0.10300000000000001
1,243428,243.427689,2,0,2,car,0.88,0.553,0.442,0.163,0.163
1,243428,243.428369,2,1,2,car,0.85,0.23900000000000002,0.41200000000000003,0.273,0.254
1,243429,243.428975,2,2,2,car,0.84,0.9410000000000001,0.532,0.117,0.291
1,243430,243.429605,2,3,2,car,0.8300000000000001,0.075,0.372,0.122,0.122
1,243430,243.430015,2,4,2,car,0.77,0.679,0.388,0.101,0.105
1,243430,243.430417,2,5,2,car,0.61,0.427,0.374,0.075,0.09
1,243431,243.430826,2,6,2,car,0.59,0.775,0.363,0.035,0.04
1,243431,243.431219,2,7,2,car,0.56,0.369,0.361,0.034,0.043000000000000003
1,243628,243.627639,3,0,2,car,0.89,0.234,0.41400000000000003,0.281,0.258
1,243628,243.628221,3,1,2,car,0.87,0.552,0.442,0.161,0.149
1,243629,243.628622,3,2,2,car,0.81,0.07100000000000001,0.369,0.115,0.116
1,243629,243.629023,3,3,2,car,0.79,0.9450000000000001,0.532,0.11,0.295
1,243629,243.629392,3,4,2,car,0.78,0.677,0.386,0.108,0.10200000000000001
1,243630,243.629769,3,5,2,car,0.64,0.43,0.373,0.077,0.08600000000000001
1,243630,243.630146,3,6,2,car,0.59,0.371,0.359,0.038,0.036000000000000004
1,243631,243.630522,3,7,2,car,0.5,0.486,0.373,0.039,0.05
1,243827,243.827261,4,0,2,car,0.89,0.231,0.41000000000000003,0.28200000000000003,0.264
1,243828,243.827892,4,1,2,car,0.88,0.552,0.429,0.158,0.155
1,243828,243.828326,4,2,2,car,0.81,0.074,0.367,0.089,0.111
1,243829,243.828736,4,3,2,car,0.8,0.679,0.383,0.108,0.108
1,243829,243.829146,4,4,2,car,0.79,0.9450000000000001,0.527,0.108,0.291
1,243830,243.829514,4,5,2,car,0.6900000000000001,0.431,0.366,0.073,0.091
1,243830,243.829891,4,6,2,car,0.6,0.03,0.362,0.059000000000000004,0.07200000000000001
1,243830,243.830293,4,7,2,car,0.55,0.486,0.372,0.046,0.052000000000000005
1,244028,244.027957,5,0,2,car,0.92,0.551,0.423,0.156,0.158
1,244029,244.028687,5,1,2,car,0.89,0.226,0.405,0.28600000000000003,0.268
1,244029,244.029416,5,2,2,car,0.8200000000000001,0.677,0.38,0.105,0.109
1,244030,244.030136,5,3,2,car,0.74,0.082,0.362,0.084,0.10400000000000001
1,244031,244.030554,5,4,2,car,0.67,0.031,0.362,0.061,0.08
1,244031,244.030947,5,5,2,car,0.66,0.9440000000000001,0.507,0.111,0.3
1,244031,244.031357,5,6,2,car,0.64,0.907,0.354,0.077,0.041
1,244032,244.031750,5,7,2,car,0.58,0.432,0.363,0.07,0.085
1,244228,244.227941,6,0,2,car,0.88,0.224,0.406,0.28800000000000003,0.269
1,244229,244.228817,6,1,2,car,0.81,0.552,0.427,0.154,0.152
1,244230,244.229653,6,2,2,car,0.8,0.68,0.383,0.108,0.106
1,244231,244.230537,6,3,2,car,0.7000000000000001,0.9440000000000001,0.512,0.111,0.294
1,244231,244.231193,6,4,2,car,0.67,0.027,0.364,0.054,0.078
1,244232,244.231627,6,5,2,car,0.66,0.078,0.373,0.059000000000000004,0.09
1,244232,244.232028,6,6,2,car,0.62,0.433,0.383,0.068,0.057
1,244232,244.232438,6,7,2,car,0.62,0.918,0.358,0.083,0.043000000000000003
1,244428,244.427547,7,0,2,car,0.91,0.221,0.40800000000000003,0.292,0.271
1,244428,244.428284,7,1,2,car,0.88,0.552,0.424,0.153,0.156
1,244429,244.428956,7,2,2,car,0.8,0.68,0.384,0.108,0.111
1,244430,244.429627,7,3,2,car,0.79,0.9450000000000001,0.513,0.108,0.28700000000000003
1,244430,244.430045,7,4,2,car,0.66,0.437,0.372,0.07,0.078
1,244430,244.430439,7,5,2,car,0.61,0.02,0.368,0.04,0.08
1,244431,244.430848,7,6,2,car,0.6,0.931,0.362,0.094,0.045
1,244431,244.431250,7,7,2,car,0.54,0.491,0.367,0.041,0.048
1,244627,244.627210,8,0,2,car,0.91,0.219,0.40700000000000003,0.294,0.271
1,244628,244.627866,8,1,2,car,0.86,0.553,0.422,0.152,0.155
1,244628,244.628496,8,2,2,car,0.81,0.681,0.383,0.105,0.109
1,244629,244.629086,8,3,2,car,0.8,0.05,0.359,0.099,0.098
1,244630,244.629512,8,4,2,car,0.7000000000000001,0.9420000000000001,0.512,0.114,0.293
1,244630,244.629897,8,5,2,car,0.61,0.9390000000000001,0.36,0.094,0.047
1,244630,244.630307,8,6,2,car,0.56,0.384,0.355,0.044,0.04
1,244631,244.630659,8,7,2,car,0.55,0.439,0.379,0.068,0.062
1,244827,244.826899,9,0,2,car,0.91,0.553,0.424,0.152,0.149
1,244827,244.827488,9,1,2,car,0.91,0.219,0.41100000000000003,0.297,0.271
1,244828,244.828094,9,2,2,car,0.8200000000000001,0.047,0.362,0.095,0.097
1,244829,244.828709,9,3,2,car,0.81,0.681,0.387,0.108,0.107
1,244829,244.829127,9,4,2,car,0.76,0.9400000000000001,0.511,0.117,0.294
1,244829,244.829495,9,5,2,car,0.74,0.442,0.37,0.073,0.084
1,244830,244.829872,9,6,2,car,0.62,0.39,0.359,0.041,0.036000000000000004
1,244830,244.830257,9,7,2,car,0.61,0.9460000000000001,0.364,0.099,0.046
1,245027,245.027201,10,0,2,car,0.92,0.218,0.417,0.297,0.268
1,245028,245.027914,10,1,2,car,0.9,0.554,0.426,0.148,0.152
1,245029,245.028626,10,2,2,car,0.8300000000000001,0.9390000000000001,0.514,0.121,0.312
1,245029,245.029380,10,3,2,car,0.8200000000000001,0.68,0.387,0.106,0.108
1,245030,245.029814,10,4,2,car,0.7000000000000001,0.057,0.363,0.115,0.10400000000000001
1,245030,245.030240,10,5,2,car,0.62,0.9540000000000001,0.368,0.088,0.048
1,245031,245.030617,10,6,2,car,0.6,0.391,0.361,0.036000000000000004,0.036000000000000004
1,245031,245.030986,10,7,0,person,0.59,0.785,0.356,0.023,0.099
1,245228,245.227528,11,0,2,car,0.93,0.217,0.421,0.299,0.27
1,245228,245.228151,11,1,2,car,0.88,0.556,0.427,0.146,0.154
1,245229,245.228774,11,2,2,car,0.8200000000000001,0.937,0.519,0.124,0.31
1,245229,245.229404,11,3,2,car,0.8200000000000001,0.681,0.39,0.106,0.10200000000000001
1,245230,245.230035,11,4,2,car,0.74,0.028,0.37,0.057,0.105
1,245231,245.230658,11,5,2,car,0.7000000000000001,0.96,0.37,0.077,0.049
1,245231,245.231280,11,6,2,car,0.61,0.907,0.361,0.039,0.03
1,245232,245.231706,11,7,2,car,0.58,0.863,0.359,0.047,0.029
1,245427,245.427298,12,0,2,car,0.93,0.219,0.421,0.299,0.271
1,245428,245.428011,12,1,2,car,0.92,0.555,0.429,0.148,0.15
1,245429,245.428716,12,2,2,car,0.81,0.681,0.39,0.107,0.108
1,245429,245.429363,12,3,2,car,0.79,0.934,0.513,0.129,0.308
1,245430,245.429977,12,4,2,car,0.71,0.061,0.362,0.069,0.066
1,245430,245.430411,12,5,2,car,0.66,0.963,0.369,0.07,0.051000000000000004
1,245431,245.430780,12,6,2,car,0.55,0.448,0.372,0.067,0.078
1,245431,245.431157,12,7,2,car,0.53,0.395,0.363,0.047,0.04
1,245627,245.627044,13,0,2,car,0.92,0.221,0.41400000000000003,0.299,0.274
1,245628,245.627675,13,1,2,car,0.92,0.557,0.424,0.15,0.151
1,245628,245.628330,13,2,2,car,0.84,0.683,0.387,0.108,0.111
1,245629,245.628994,13,3,2,car,0.8300000000000001,0.933,0.507,0.132,0.305
1,245629,245.629411,13,4,2,car,0.75,0.047,0.357,0.093,0.065
1,245630,245.629821,13,5,2,car,0.67,0.87,0.354,0.063,0.037
1,245630,245.630190,13,6,2,car,0.64,0.45,0.367,0.067,0.077
1,245631,245.630567,13,7,2,car,0.53,0.967,0.364,0.06,0.05
1,245826,245.826126,14,0,2,car,0.92,0.223,0.41600000000000004,0.3,0.267
1,245827,245.826757,14,1,2,car,0.91,0.558,0.428,0.15,0.158
1,245827,245.827388,14,2,2,car,0.8,0.683,0.387,0.10300000000000001,0.108
1,245828,245.828002,14,3,2,car,0.78,0.933,0.509,0.132,0.307
1,245828,245.828420,14,4,2,car,0.7000000000000001,0.451,0.369,0.063,0.075
1,245829,245.828821,14,5,2,car,0.64,0.882,0.358,0.057,0.039
1,245829,245.829181,14,6,2,car,0.51,0.394,0.361,0.059000000000000004,0.034
1,246027,246.026912,15,0,2,car,0.92,0.226,0.41500000000000004,0.297,0.263
1,246028,246.027633,15,1,2,car,0.9,0.559,0.426,0.15,0.158
1,246028,246.028395,15,2,2,car,0.86,0.933,0.509,0.132,0.312
1,246029,246.029050,15,3,2,car,0.84,0.684,0.388,0.105,0.112
1,246029,246.029492,15,4,2,car,0.65,0.022,0.355,0.043000000000000003,0.076
1,246030,246.029877,15,5,2,car,0.59,0.452,0.38,0.06,0.055
1,246030,246.030271,15,6,2,car,0.56,0.401,0.361,0.045,0.034
1,246031,246.030656,15,7,2,car,0.56,0.896,0.357,0.044,0.034
1,246227,246.226805,0,0,2,car,0.92,0.56,0.426,0.152,0.151
1,246228,246.227534,0,1,2,car,0.91,0.229,0.41500000000000004,0.294,0.265
1,246228,246.228238,0,2,2,car,0.85,0.934,0.504,0.132,0.314
1,246229,246.228951,0,3,2,car,0.84,0.686,0.386,0.109,0.111
1,246229,246.229377,0,4,2,car,0.78,0.455,0.368,0.059000000000000004,0.07100000000000001
1,246230,246.229770,0,5,2,car,0.62,0.043000000000000003,0.355,0.08700000000000001,0.068
1,246230,246.230131,0,6,2,car,0.56,0.9470000000000001,0.363,0.052000000000000005,0.038
1,246231,246.230532,0,7,2,car,0.52,0.368,0.355,0.04,0.042
1,246427,246.426624,1,0,2,car,0.91,0.233,0.418,0.292,0.264
1,246427,246.427296,1,1,2,car,0.86,0.5630000000000001,0.432,0.155,0.152
1,246428,246.428033,1,2,2,car,0.8200000000000001,0.936,0.52,0.128,0.322
1,246429,246.428746,1,3,2,car,0.8,0.459,0.372,0.064,0.074
1,246429,246.429164,1,4,2,car,0.79,0.686,0.391,0.109,0.111
1,246430,246.429581,1,5,2,car,0.5700000000000001,0.963,0.366,0.058,0.04
1,246430,246.429966,1,6,2,car,0.51,0.368,0.362,0.041,0.044
1,246627,246.626501,2,0,2,car,0.91,0.5650000000000001,0.428,0.154,0.156
1,246627,246.627230,2,1,2,car,0.89,0.23600000000000002,0.417,0.289,0.264
1,246628,246.627959,2,2,2,car,0.84,0.687,0.385,0.106,0.109
1,246629,246.628590,2,3,2,car,0.79,0.9390000000000001,0.518,0.121,0.278
1,246629,246.629016,2,4,2,car,0.76,0.462,0.37,0.065,0.07200000000000001
1,246629,246.629450,2,5,2,car,0.6900000000000001,0.023,0.40700000000000003,0.046,0.109
1,246630,246.630023,2,6,2,car,0.6,0.066,0.37,0.094,0.056
1,246827,246.826705,3,0,2,car,0.9,0.5660000000000001,0.42,0.151,0.153
1,246827,246.827459,3,1,2,car,0.88,0.241,0.40700000000000003,0.28400000000000003,0.262
1,246828,246.828171,3,2,2,car,0.86,0.6880000000000001,0.378,0.10400000000000001,0.106
1,246829,246.828876,3,3,2,car,0.81,0.9400000000000001,0.514,0.11800000000000001,0.28600000000000003
1,246829,246.829384,3,4,2,car,0.75,0.031,0.381,0.063,0.148
1,246830,246.829793,3,5,2,car,0.68,0.461,0.364,0.06,0.074
1,246830,246.830162,3,6,2,car,0.59,0.092,0.362,0.055,0.044
1,247027,247.026664,4,0,2,car,0.91,0.5700000000000001,0.427,0.155,0.146
1,247028,247.027515,4,1,2,car,0.87,0.6890000000000001,0.382,0.106,0.105
1,247028,247.028368,4,2,2,car,0.87,0.246,0.41300000000000003,0.281,0.259
1,247029,247.029424,4,3,2,car,0.79,0.038,0.382,0.076,0.168
1,247030,247.029965,4,4,2,car,0.76,0.9450000000000001,0.516,0.11,0.275
1,247030,247.030358,4,5,2,car,0.7000000000000001,0.465,0.37,0.061,0.07200000000000001
1,247031,247.030727,4,6,2,car,0.54,0.41000000000000003,0.362,0.045,0.029
1,247031,247.031096,4,7,2,car,0.51,0.092,0.37,0.07100000000000001,0.062
1,247227,247.226728,5,0,2,car,0.91,0.5730000000000001,0.425,0.158,0.163
1,247227,247.227400,5,1,2,car,0.88,0.252,0.406,0.278,0.252
1,247228,247.228072,5,2,2,car,0.85,0.6890000000000001,0.382,0.111,0.111
1,247229,247.228703,5,3,2,car,0.84,0.047,0.379,0.093,0.149
1,247229,247.229227,5,4,2,car,0.77,0.46900000000000003,0.368,0.06,0.07
1,247230,247.229620,5,5,2,car,0.73,0.9470000000000001,0.507,0.106,0.313
1,247230,247.229989,5,6,2,car,0.5,0.887,0.354,0.09,0.041
1,247426,247.426409,6,0,2,car,0.9,0.259,0.405,0.269,0.25
1,247427,247.427252,6,1,2,car,0.9,0.577,0.421,0.155,0.163
1,247428,247.427981,6,2,2,car,0.89,0.053,0.38,0.105,0.158
1,247428,247.428489,6,3,2,car,0.81,0.6950000000000001,0.38,0.095,0.112
1,247429,247.428973,6,4,2,car,0.71,0.9490000000000001,0.499,0.10200000000000001,0.311
1,247429,247.429472,6,5,2,car,0.68,0.47000000000000003,0.366,0.056,0.069
1,247627,247.626629,7,0,2,car,0.89,0.579,0.42,0.154,0.16
1,247627,247.627301,7,1,2,car,0.89,0.059000000000000004,0.375,0.11800000000000001,0.146
1,247628,247.627956,7,2,2,car,0.88,0.265,0.401,0.264,0.25
1,247629,247.628628,7,3,2,car,0.8200000000000001,0.6960000000000001,0.38,0.095,0.109
1,247629,247.629062,7,4,2,car,0.71,0.47200000000000003,0.364,0.055,0.068
1,247629,247.629472,7,5,2,car,0.71,0.9540000000000001,0.528,0.091,0.263
1,247630,247.629840,7,6,2,car,0.61,0.977,0.357,0.046,0.05
1,247630,247.630225,7,7,2,car,0.53,0.917,0.358,0.082,0.05
1,247826,247.825728,8,0,2,car,0.92,0.583,0.421,0.157,0.157
1,247826,247.826145,8,1,2,car,0.9,0.066,0.375,0.132,0.139
1,247827,247.826833,8,2,2,car,0.88,0.273,0.399,0.256,0.247
1,247827,247.827276,8,3,2,car,0.81,0.6950000000000001,0.382,0.097,0.111
1,247828,247.827694,8,4,2,car,0.67,0.47400000000000003,0.368,0.056,0.062
1,247828,247.828062,8,5,2,car,0.61,0.9560000000000001,0.502,0.088,0.309
1,248025,248.025416,9,0,2,car,0.93,0.585,0.426,0.158,0.158
1,248026,248.026137,9,1,2,car,0.91,0.07,0.38,0.14100000000000001,0.136
1,248027,248.026866,9,2,2,car,0.88,0.279,0.40800000000000003,0.252,0.245
1,248028,248.027595,9,3,2,car,0.75,0.6940000000000001,0.386,0.092,0.109
1,248028,248.028267,9,4,2,car,0.7000000000000001,0.961,0.538,0.077,0.244
1,248029,248.028766,9,5,2,car,0.61,0.47200000000000003,0.375,0.054,0.057
1,248029,248.029176,9,6,2,car,0.53,0.786,0.366,0.046,0.044
1,248030,248.029561,9,7,2,car,0.52,0.9460000000000001,0.365,0.106,0.056
1,248226,248.225661,10,0,2,car,0.93,0.075,0.378,0.149,0.13
1,248226,248.226341,10,1,2,car,0.9,0.589,0.427,0.156,0.158
1,248227,248.227054,10,2,2,car,0.87,0.28500000000000003,0.40700000000000003,0.243,0.24
1,248228,248.227586,10,3,2,car,0.76,0.6920000000000001,0.384,0.095,0.108
1,248228,248.228086,10,4,2,car,0.65,0.148,0.363,0.064,0.061
1,248228,248.228455,10,5,2,car,0.63,0.47100000000000003,0.375,0.05,0.056
1,248229,248.228840,10,6,2,car,0.61,0.962,0.498,0.076,0.34500000000000003
1,248426,248.425972,11,0,2,car,0.93,0.591,0.422,0.156,0.159
1,248427,248.426824,11,1,2,car,0.92,0.079,0.374,0.158,0.132
1,248428,248.427684,11,2,2,car,0.79,0.28700000000000003,0.403,0.226,0.232
1,248429,248.428724,11,3,2,car,0.77,0.6890000000000001,0.381,0.093,0.11
1,248429,248.429216,11,4,2,car,0.5700000000000001,0.962,0.509,0.075,0.365
1,248430,248.429691,11,5,2,car,0.54,0.47300000000000003,0.373,0.053,0.053
1,248626,248.625824,12,0,2,car,0.9,0.084,0.395,0.167,0.125
1,248626,248.626463,12,1,2,car,0.89,0.594,0.441,0.156,0.158
1,248627,248.627192,12,2,2,car,0.88,0.298,0.424,0.228,0.221
1,248628,248.627708,12,3,2,car,0.71,0.6890000000000001,0.398,0.094,0.107
1,248628,248.628118,12,4,2,car,0.68,0.47300000000000003,0.388,0.052000000000000005,0.056
1,248629,248.628511,12,5,2,car,0.58,0.964,0.517,0.07200000000000001,0.369
1,248629,248.628880,12,6,2,car,0.54,0.9480000000000001,0.373,0.092,0.053
1,248826,248.825971,13,0,2,car,0.93,0.091,0.379,0.17,0.128
1,248827,248.826749,13,1,2,car,0.92,0.597,0.428,0.156,0.157
1,248827,248.827478,13,2,2,car,0.84,0.305,0.40900000000000003,0.22,0.223
1,248828,248.828174,13,3,2,car,0.71,0.968,0.509,0.063,0.324
1,248829,248.828969,13,4,2,car,0.71,0.6900000000000001,0.387,0.089,0.107
1,248829,248.829412,13,5,2,car,0.64,0.47800000000000004,0.374,0.059000000000000004,0.058
1,248830,248.829821,13,6,2,car,0.63,0.964,0.364,0.073,0.059000000000000004
1,248830,248.830190,13,7,2,car,0.59,0.41300000000000003,0.362,0.023,0.027
1,249026,249.026101,14,0,2,car,0.91,0.604,0.431,0.157,0.149
1,249027,249.026847,14,1,2,car,0.9,0.10300000000000001,0.378,0.164,0.126
1,249028,249.027633,14,2,2,car,0.89,0.314,0.405,0.211,0.213
1,249028,249.028436,14,3,2,car,0.71,0.6900000000000001,0.387,0.088,0.10400000000000001
1,249029,249.029214,14,4,2,car,0.66,0.47700000000000004,0.381,0.055,0.044
1,249030,249.029788,14,5,2,car,0.64,0.2,0.372,0.046,0.052000000000000005
1,249030,249.030197,14,6,2,car,0.63,0.016,0.366,0.031,0.073
1,249031,249.030566,14,7,2,car,0.62,0.969,0.523,0.061,0.299
1,249226,249.225544,15,0,2,car,0.9400000000000001,0.11,0.385,0.159,0.11800000000000001
1,249226,249.226289,15,1,2,car,0.91,0.606,0.433,0.157,0.158
1,249227,249.226994,15,2,2,car,0.86,0.319,0.40800000000000003,0.20500000000000002,0.20400000000000001
1,249228,249.227682,15,3,2,car,0.6900000000000001,0.6880000000000001,0.392,0.088,0.106
1,249228,249.228165,15,4,2,car,0.67,0.47500000000000003,0.382,0.06,0.058
1,249229,249.228640,15,5,2,car,0.56,0.971,0.521,0.058,0.3
1,249229,249.229017,15,6,2,car,0.51,0.432,0.366,0.045,0.032
1,249229,249.229394,15,7,2,car,0.51,0.2,0.375,0.039,0.043000000000000003
1,249425,249.425306,0,0,2,car,0.93,0.114,0.386,0.155,0.117
1,249426,249.426068,0,1,2,car,0.91,0.606,0.433,0.156,0.158
1,249427,249.426707,0,2,2,car,0.88,0.321,0.40800000000000003,0.2,0.198
1,249427,249.427198,0,3,2,car,0.79,0.684,0.394,0.081,0.11
1,249428,249.427681,0,4,2,car,0.62,0.47000000000000003,0.385,0.051000000000000004,0.054
1,249428,249.428058,0,5,2,car,0.56,0.97,0.512,0.06,0.338
1,249428,249.428468,0,6,2,car,0.55,0.9510000000000001,0.369,0.057,0.043000000000000003
1,249625,249.625092,1,0,2,car,0.92,0.11800000000000001,0.388,0.15,0.114
1,249626,249.625813,1,1,2,car,0.91,0.325,0.40800000000000003,0.194,0.193
1,249626,249.626468,1,2,2,car,0.88,0.607,0.434,0.157,0.156
1,249627,249.626894,1,3,2,car,0.78,0.68,0.392,0.082,0.108
1,249627,249.627296,1,4,2,car,0.58,0.452,0.376,0.084,0.059000000000000004
1,249628,249.627673,1,5,2,car,0.56,0.961,0.366,0.07100000000000001,0.044
1,249628,249.628050,1,6,2,car,0.53,0.971,0.511,0.058,0.342
1,249826,249.825796,2,0,2,car,0.93,0.609,0.423,0.156,0.156
1,249826,249.826271,2,1,2,car,0.88,0.328,0.397,0.185,0.183
1,249827,249.826771,2,2,2,car,0.79,0.108,0.377,0.114,0.109
1,249827,249.827148,2,3,2,car,0.6900000000000001,0.222,0.358,0.06,0.069
1,249828,249.827525,2,4,2,car,0.65,0.667,0.382,0.098,0.11
1,249828,249.827902,2,5,2,car,0.64,0.467,0.368,0.049,0.057
1,249828,249.828303,2,6,2,car,0.63,0.971,0.497,0.059000000000000004,0.314
1,249829,249.828688,2,7,2,car,0.61,0.032,0.37,0.065,0.057
1,250026,250.025566,3,0,2,car,0.93,0.611,0.422,0.157,0.155
1,250026,250.026304,3,1,2,car,0.9,0.33,0.394,0.18,0.18
1,250027,250.027033,3,2,2,car,0.88,0.129,0.367,0.14200000000000002,0.11
1,250028,250.027696,3,3,2,car,0.74,0.021,0.367,0.042,0.074
1,250028,250.028147,3,4,2,car,0.73,0.222,0.352,0.069,0.07200000000000001
1,250029,250.028556,3,5,2,car,0.63,0.541,0.366,0.057,0.07
1,250029,250.028917,3,6,2,car,0.63,0.974,0.355,0.052000000000000005,0.048
1,250029,250.029318,3,7,2,car,0.58,0.972,0.492,0.057,0.327
1,250225,250.225320,4,0,2,car,0.9,0.616,0.438,0.159,0.158
1,250226,250.226172,4,1,2,car,0.87,0.132,0.382,0.145,0.105
1,250227,250.227057,4,2,2,car,0.87,0.336,0.40700000000000003,0.182,0.17500000000000002
1,250228,250.227778,4,3,2,car,0.65,0.539,0.381,0.06,0.067
1,250228,250.228286,4,4,2,car,0.64,0.977,0.371,0.045,0.05
1,250229,250.228679,4,5,2,car,0.62,0.973,0.509,0.055,0.332
1,250229,250.229064,4,6,2,car,0.6,0.461,0.381,0.048,0.052000000000000005
1,250229,250.229441,4,7,2,car,0.56,0.656,0.397,0.112,0.11
1,250425,250.424664,5,0,2,car,0.92,0.621,0.444,0.16,0.161
1,250425,250.425401,5,1,2,car,0.87,0.335,0.41100000000000003,0.181,0.169
1,250426,250.426172,5,2,2,car,0.81,0.132,0.388,0.132,0.101
1,250427,250.426835,5,3,2,car,0.77,0.46,0.386,0.047,0.055
1,250427,250.427351,5,4,2,car,0.65,0.498,0.387,0.038,0.058
1,250428,250.427761,5,5,2,car,0.65,0.048,0.376,0.077,0.047
1,250428,250.428146,5,6,2,car,0.58,0.539,0.385,0.062,0.069
1,250624,250.624426,6,0,2,car,0.9,0.626,0.442,0.162,0.167
1,250625,250.625147,6,1,2,car,0.85,0.336,0.403,0.169,0.163
1,250626,250.625671,6,2,2,car,0.77,0.121,0.38,0.097,0.099
1,250626,250.626089,6,3,2,car,0.68,0.539,0.377,0.065,0.068
1,250626,250.626466,6,4,2,car,0.61,0.458,0.377,0.047,0.056
1,250627,250.626843,6,5,2,car,0.56,0.018000000000000002,0.47000000000000003,0.036000000000000004,0.191
1,250627,250.627211,6,6,2,car,0.55,0.042,0.372,0.084,0.052000000000000005
1,250628,250.627604,6,7,0,person,0.53,0.794,0.387,0.026000000000000002,0.098
1,250825,250.824778,7,0,2,car,0.92,0.631,0.432,0.167,0.163
1,250825,250.825458,7,1,2,car,0.86,0.148,0.366,0.133,0.1
1,250826,250.826129,7,2,2,car,0.86,0.339,0.392,0.168,0.157
1,250827,250.826883,7,3,2,car,0.64,0.533,0.368,0.062,0.065
1,250828,250.827514,7,4,2,car,0.6,0.456,0.367,0.044,0.054
1,250828,250.828153,7,5,2,car,0.56,0.025,0.441,0.05,0.201
1,251025,251.025007,8,0,2,car,0.92,0.64,0.439,0.17300000000000001,0.168
1,251026,251.025834,8,1,2,car,0.84,0.151,0.37,0.132,0.101
1,251027,251.026670,8,2,2,car,0.8300000000000001,0.341,0.397,0.16,0.156
1,251028,251.027530,8,3,2,car,0.65,0.755,0.365,0.044,0.048
1,251028,251.028414,8,4,2,car,0.64,0.032,0.448,0.063,0.212
1,251029,251.029471,8,5,2,car,0.62,0.23600000000000002,0.364,0.058,0.048
1,251030,251.029914,8,6,2,car,0.58,0.537,0.375,0.065,0.063
1,251030,251.030323,8,7,2,car,0.58,0.456,0.372,0.046,0.051000000000000004
1,251225,251.225023,9,0,2,car,0.91,0.649,0.44,0.18,0.17500000000000002
1,251226,251.225744,9,1,2,car,0.85,0.34500000000000003,0.392,0.159,0.151
1,251226,251.226497,9,2,2,car,0.76,0.04,0.446,0.081,0.246
1,251227,251.227210,9,3,2,car,0.75,0.761,0.365,0.065,0.055
1,251228,251.227931,9,4,2,car,0.6900000000000001,0.11800000000000001,0.366,0.151,0.089
1,251228,251.228472,9,5,2,car,0.6900000000000001,0.535,0.373,0.067,0.063
1,251229,251.228873,9,6,0,person,0.62,0.852,0.388,0.03,0.116
1,251229,251.229290,9,7,2,car,0.51,0.484,0.367,0.038,0.053
1,251425,251.424752,10,0,2,car,0.93,0.661,0.435,0.184,0.181
1,251425,251.425194,10,1,2,car,0.8300000000000001,0.34700000000000003,0.386,0.153,0.146
1,251426,251.425637,10,2,2,car,0.8200000000000001,0.047,0.428,0.094,0.214
1,251426,251.426022,10,3,2,car,0.77,0.773,0.359,0.07,0.057
1,251426,251.426488,10,4,2,car,0.64,0.533,0.366,0.069,0.067
1,251427,251.426865,10,5,2,car,0.61,0.069,0.353,0.098,0.091
1,251427,251.427275,10,6,2,car,0.5700000000000001,0.151,0.359,0.095,0.085
1,251428,251.427660,10,7,2,car,0.53,0.265,0.366,0.044,0.076
1,251625,251.625177,11,0,2,car,0.86,0.34800000000000003,0.385,0.151,0.14
1,251626,251.625685,11,1,2,car,0.84,0.671,0.443,0.193,0.182
1,251626,251.626168,11,2,2,car,0.78,0.165,0.36,0.136,0.08700000000000001
1,251627,251.626701,11,3,2,car,0.77,0.054,0.428,0.11,0.212
1,251627,251.627151,11,4,2,car,0.72,0.784,0.361,0.082,0.058
1,251628,251.627651,11,5,0,person,0.7000000000000001,0.906,0.384,0.04,0.151
1,251628,251.628126,11,6,2,car,0.64,0.533,0.366,0.066,0.068
1,251629,251.628544,11,7,2,car,0.62,0.066,0.34600000000000003,0.116,0.078
1,251825,251.825037,12,0,2,car,0.88,0.063,0.41600000000000004,0.126,0.192
1,251826,251.825701,12,1,2,car,0.87,0.34900000000000003,0.379,0.14100000000000001,0.14400000000000002
1,251827,251.826512,12,2,2,car,0.77,0.6890000000000001,0.457,0.209,0.17500000000000002
1,251827,251.827184,12,3,2,car,0.76,0.797,0.367,0.094,0.069
1,251828,251.828093,12,4,2,car,0.74,0.17200000000000001,0.359,0.134,0.085
1,251829,251.828503,12,5,2,car,0.71,0.269,0.367,0.048,0.075
1,251829,251.828888,12,6,2,car,0.6900000000000001,0.532,0.363,0.064,0.068
1,251829,251.829256,12,7,0,person,0.55,0.9420000000000001,0.388,0.038,0.153
1,252025,252.024603,13,0,2,car,0.89,0.709,0.453,0.228,0.215
1,252025,252.025258,13,1,2,car,0.89,0.07,0.417,0.14,0.216
1,252026,252.025946,13,2,2,car,0.8300000000000001,0.352,0.378,0.138,0.134
1,252027,252.026593,13,3,2,car,0.77,0.19,0.359,0.11900000000000001,0.079
1,252027,252.027019,13,4,2,car,0.71,0.273,0.363,0.049,0.073
1,252027,252.027404,13,5,2,car,0.68,0.81,0.364,0.1,0.063
1,252028,252.027781,13,6,2,car,0.58,0.465,0.36,0.075,0.056
1,252028,252.028166,13,7,2,car,0.5700000000000001,0.484,0.357,0.04,0.051000000000000004
1,252225,252.224627,14,0,2,car,0.91,0.079,0.40800000000000003,0.158,0.213
1,252225,252.225110,14,1,2,car,0.85,0.359,0.379,0.139,0.134
1,252226,252.225724,14,2,2,car,0.76,0.738,0.46900000000000003,0.247,0.22
1,252227,252.226503,14,3,2,car,0.71,0.185,0.358,0.133,0.078
1,252227,252.226994,14,4,2,car,0.68,0.277,0.364,0.056,0.073
1,252227,252.227412,14,5,2,car,0.59,0.531,0.367,0.068,0.076
1,252228,252.227797,14,6,2,car,0.5700000000000001,0.484,0.357,0.039,0.05
1,252228,252.228190,14,7,2,car,0.56,0.465,0.365,0.075,0.056
1,252425,252.424684,15,0,2,car,0.92,0.088,0.401,0.177,0.188
1,252425,252.425446,15,1,2,car,0.88,0.769,0.499,0.27,0.184
1,252426,252.426273,15,2,2,car,0.75,0.363,0.37,0.126,0.13
1,252427,252.426994,15,3,2,car,0.6900000000000001,0.195,0.35000000000000003,0.07100000000000001,0.07200000000000001
1,252428,252.427633,15,4,2,car,0.65,0.46900000000000003,0.357,0.076,0.06
1,252428,252.428051,15,5,2,car,0.64,0.28700000000000003,0.356,0.057,0.07100000000000001
1,252428,252.428419,15,6,2,car,0.53,0.533,0.354,0.062,0.069
1,252429,252.428804,15,7,2,car,0.52,0.488,0.354,0.04,0.06
1,252625,252.624511,0,0,2,car,0.91,0.1,0.396,0.2,0.17200000000000001
1,252625,252.625257,0,1,2,car,0.84,0.375,0.364,0.121,0.123
1,252626,252.625986,0,2,2,car,0.8,0.804,0.47900000000000004,0.305,0.28200000000000003
1,252627,252.626715,0,3,2,car,0.79,0.209,0.34400000000000003,0.07200000000000001,0.07100000000000001
1,252627,252.627141,0,4,2,car,0.7000000000000001,0.294,0.35100000000000003,0.064,0.07100000000000001
1,252628,252.627517,0,5,2,car,0.62,0.6930000000000001,0.375,0.14400000000000002,0.14400000000000002
1,252628,252.627894,0,6,2,car,0.6,0.46,0.354,0.049,0.053
1,252628,252.628288,0,7,2,car,0.6,0.604,0.34600000000000003,0.063,0.043000000000000003
1,252824,252.823880,1,0,2,car,0.92,0.111,0.397,0.223,0.164
1,252825,252.824511,1,1,2,car,0.87,0.836,0.483,0.327,0.3
1,252825,252.824986,1,2,2,car,0.74,0.386,0.368,0.11800000000000001,0.117
1,252825,252.825444,1,3,2,car,0.68,0.31,0.357,0.066,0.066
1,252826,252.825920,1,4,2,car,0.65,0.47900000000000004,0.358,0.07,0.059000000000000004
1,252826,252.826321,1,5,2,car,0.65,0.706,0.376,0.156,0.139
1,252827,252.826714,1,6,2,car,0.61,0.606,0.372,0.058,0.08700000000000001
1,252827,252.827083,1,7,2,car,0.61,0.23800000000000002,0.353,0.085,0.079
1,253025,253.024740,2,0,2,car,0.93,0.847,0.498,0.304,0.32
1,253025,253.025485,2,1,2,car,0.91,0.124,0.397,0.248,0.15
1,253026,253.026058,2,2,2,car,0.76,0.258,0.359,0.09,0.07200000000000001
1,253027,253.026550,2,3,2,car,0.74,0.398,0.374,0.112,0.112
1,253027,253.026984,2,4,2,car,0.7000000000000001,0.715,0.391,0.167,0.169
1,253027,253.027410,2,5,2,car,0.67,0.61,0.381,0.063,0.08
1,253028,253.027836,2,6,2,car,0.67,0.489,0.364,0.07,0.059000000000000004
1,253028,253.028262,2,7,2,car,0.66,0.326,0.364,0.06,0.068
1,253225,253.224804,3,0,2,car,0.91,0.857,0.515,0.28300000000000003,0.343
1,253226,253.225525,3,1,2,car,0.88,0.165,0.392,0.20800000000000002,0.132
1,253226,253.226287,3,2,2,car,0.81,0.721,0.395,0.17200000000000001,0.168
1,253227,253.227016,3,3,2,car,0.75,0.41200000000000003,0.372,0.106,0.108
1,253228,253.227745,3,4,2,car,0.73,0.027,0.369,0.054,0.084
1,253228,253.228179,3,5,2,car,0.66,0.493,0.367,0.07200000000000001,0.062
1,253229,253.228548,3,6,2,car,0.62,0.557,0.371,0.067,0.07
1,253229,253.228917,3,7,2,car,0.6,0.334,0.368,0.073,0.07100000000000001
1,253425,253.424738,4,0,2,car,0.9,0.192,0.386,0.192,0.11800000000000001
1,253425,253.425459,4,1,2,car,0.89,0.865,0.536,0.27,0.371
1,253426,253.426172,4,2,2,car,0.81,0.725,0.393,0.17500000000000002,0.169
1,253427,253.426877,4,3,2,car,0.73,0.42,0.373,0.10200000000000001,0.105
1,253428,253.427565,4,4,2,car,0.72,0.1,0.361,0.08,0.066
1,253428,253.428204,4,5,2,car,0.68,0.019,0.373,0.038,0.093
1,253429,253.428630,4,6,2,car,0.68,0.499,0.369,0.07100000000000001,0.066
1,253429,253.428998,4,7,2,car,0.65,0.562,0.371,0.07100000000000001,0.064
1,253624,253.624148,5,0,2,car,0.92,0.882,0.55,0.234,0.41000000000000003
1,253625,253.624787,5,1,2,car,0.87,0.735,0.4,0.192,0.181
1,253625,253.625213,5,2,2,car,0.86,0.216,0.386,0.17500000000000002,0.11800000000000001
1,253626,253.625664,5,3,2,car,0.85,0.10300000000000001,0.363,0.11900000000000001,0.07200000000000001
1,253626,253.626081,5,4,2,car,0.76,0.504,0.368,0.065,0.067
1,253626,253.626442,5,5,2,car,0.73,0.431,0.374,0.098,0.107
1,253627,253.626819,5,6,2,car,0.7000000000000001,0.5640000000000001,0.37,0.07,0.065
1,253627,253.627204,5,7,2,car,0.58,0.011,0.374,0.022,0.079
1,253824,253.824402,6,0,2,car,0.93,0.896,0.579,0.20700000000000002,0.47000000000000003
1,253825,253.825131,6,1,2,car,0.92,0.234,0.386,0.17,0.113
1,253826,253.825860,6,2,2,car,0.85,0.742,0.399,0.20400000000000001,0.17400000000000002
1,253827,253.826572,6,3,2,car,0.85,0.095,0.364,0.131,0.074
1,253827,253.827318,6,4,2,car,0.78,0.509,0.369,0.062,0.069
1,253828,253.827990,6,5,2,car,0.7000000000000001,0.5680000000000001,0.366,0.062,0.064
1,253828,253.828416,6,6,2,car,0.67,0.439,0.371,0.08700000000000001,0.099
1,253829,253.828784,6,7,2,car,0.64,0.628,0.365,0.053,0.05
1,254025,254.025032,7,0,2,car,0.9,0.259,0.396,0.156,0.107
1,254026,254.025744,7,1,2,car,0.89,0.914,0.629,0.17200000000000001,0.526
1,254026,254.026424,7,2,2,car,0.89,0.74,0.41500000000000004,0.202,0.184
1,254027,254.027096,7,3,2,car,0.8200000000000001,0.089,0.381,0.121,0.075
1,254028,254.027735,7,4,2,car,0.76,0.446,0.385,0.081,0.095
1,254028,254.028317,7,5,2,car,0.75,0.17200000000000001,0.378,0.07100000000000001,0.063
1,254029,254.028743,7,6,2,car,0.7000000000000001,0.5730000000000001,0.386,0.07,0.07100000000000001
1,254029,254.029111,7,7,2,car,0.67,0.027,0.404,0.054,0.136
1,254225,254.225375,8,0,2,car,0.93,0.737,0.42,0.20400000000000001,0.18
1,254226,254.226154,8,1,2,car,0.88,0.272,0.397,0.14100000000000001,0.099
1,254227,254.226973,8,2,2,car,0.85,0.042,0.402,0.084,0.138
1,254228,254.227669,8,3,5,bus,0.77,0.809,0.358,0.14,0.195
1,254228,254.228333,8,4,2,car,0.73,0.451,0.388,0.077,0.089
1,254229,254.228783,8,5,2,car,0.73,0.932,0.626,0.137,0.501
1,254229,254.229185,8,6,2,car,0.72,0.629,0.393,0.05,0.074
1,254230,254.229561,8,7,2,car,0.7000000000000001,0.164,0.384,0.08600000000000001,0.07100000000000001
1,254425,254.424564,9,0,2,car,0.91,0.281,0.391,0.139,0.097
1,254425,254.425309,9,1,2,car,0.91,0.056,0.398,0.113,0.14200000000000002
1,254426,254.426022,9,2,2,car,0.91,0.731,0.417,0.201,0.181
1,254427,254.426751,9,3,2,car,0.8,0.15,0.377,0.091,0.064
1,254427,254.427456,9,4,2,car,0.6900000000000001,0.9490000000000001,0.623,0.10300000000000001,0.499
1,254428,254.427963,9,5,2,car,0.63,0.453,0.379,0.073,0.082
1,254428,254.428365,9,6,2,car,0.61,0.9440000000000001,0.396,0.105,0.09
1,254429,254.428725,9,7,2,car,0.6,0.631,0.375,0.046,0.048
1,254624,254.624039,10,0,2,car,0.93,0.28600000000000003,0.392,0.13,0.096
1,254625,254.624752,10,1,2,car,0.9,0.066,0.393,0.132,0.134
1,254625,254.625268,10,2,2,car,0.84,0.722,0.41600000000000004,0.198,0.179
1,254626,254.625956,10,3,2,car,0.73,0.14100000000000001,0.379,0.077,0.068
1,254626,254.626382,10,4,7,truck,0.67,0.8290000000000001,0.356,0.15,0.218
1,254627,254.626750,10,5,2,car,0.65,0.453,0.382,0.078,0.088
1,254627,254.627136,10,6,2,car,0.64,0.9490000000000001,0.393,0.098,0.092
1,254628,254.627537,10,7,2,car,0.63,0.5720000000000001,0.371,0.06,0.043000000000000003
1,254824,254.823555,11,0,2,car,0.91,0.28400000000000003,0.392,0.129,0.098
1,254824,254.824301,11,1,2,car,0.9,0.71,0.41500000000000004,0.195,0.179
1,254825,254.825030,11,2,2,car,0.81,0.074,0.393,0.148,0.13
1,254826,254.825751,11,3,2,car,0.71,0.9550000000000001,0.389,0.088,0.08600000000000001
1,254826,254.826472,11,4,2,car,0.67,0.446,0.383,0.079,0.088
1,254827,254.827102,11,5,2,car,0.63,0.559,0.385,0.074,0.076
1,254828,254.827520,11,6,2,car,0.59,0.211,0.374,0.082,0.063
1,254828,254.827922,11,7,2,car,0.5700000000000001,0.374,0.375,0.075,0.06
1,255023,255.022990,12,0,2,car,0.92,0.075,0.388,0.15,0.122
1,255024,255.023669,12,1,2,car,0.88,0.6920000000000001,0.41200000000000003,0.192,0.177
1,255024,255.024226,12,2,2,car,0.87,0.28200000000000003,0.386,0.12,0.089
1,255025,255.024693,12,3,5,bus,0.8,0.8320000000000001,0.352,0.181,0.23500000000000001
1,255025,255.025095,12,4,2,car,0.65,0.549,0.386,0.08,0.074
1,255025,255.025472,12,5,2,car,0.58,0.369,0.375,0.065,0.062
1,255026,255.025840,12,6,2,car,0.5700000000000001,0.598,0.374,0.046,0.065
1,255026,255.026233,12,7,2,car,0.56,0.438,0.383,0.079,0.093
1,255224,255.223505,13,0,2,car,0.91,0.679,0.417,0.187,0.178
1,255224,255.224218,13,1,2,car,0.88,0.078,0.39,0.156,0.11800000000000001
1,255225,255.224947,13,2,5,bus,0.88,0.841,0.34800000000000003,0.201,0.224
1,255226,255.225700,13,3,2,car,0.85,0.277,0.391,0.11800000000000001,0.09
1,255226,255.226323,13,4,2,car,0.63,0.431,0.386,0.074,0.089
1,255227,255.226921,13,5,2,car,0.6,0.487,0.369,0.05,0.043000000000000003
1,255227,255.227347,13,6,2,car,0.56,0.543,0.38,0.073,0.069
1,255228,255.227724,13,7,2,car,0.53,0.363,0.368,0.06,0.042
1,255424,255.423586,14,0,2,car,0.87,0.667,0.41600000000000004,0.185,0.177
1,255424,255.424463,14,1,2,car,0.8300000000000001,0.275,0.394,0.114,0.088
1,255425,255.425339,14,2,5,bus,0.8,0.852,0.35000000000000003,0.218,0.234
1,255426,255.426069,14,3,2,car,0.74,0.426,0.384,0.07100000000000001,0.08
1,255427,255.426773,14,4,2,car,0.7000000000000001,0.084,0.39,0.161,0.109
1,255427,255.427453,14,5,2,car,0.65,0.54,0.383,0.084,0.063
1,255428,255.427879,14,6,2,car,0.59,0.185,0.366,0.061,0.042
1,255428,255.428289,14,7,2,car,0.58,0.48,0.377,0.049,0.054
1,255623,255.623381,15,0,2,car,0.87,0.657,0.41500000000000004,0.184,0.176
1,255624,255.624094,15,1,2,car,0.84,0.276,0.387,0.109,0.085
1,255625,255.624823,15,2,2,car,0.8200000000000001,0.091,0.389,0.154,0.107
1,255625,255.625470,15,3,2,car,0.72,0.426,0.38,0.07100000000000001,0.078
1,255626,255.626093,15,4,5,bus,0.6900000000000001,0.867,0.358,0.254,0.27
1,255627,255.626740,15,5,2,car,0.6900000000000001,0.535,0.383,0.081,0.074
1,255627,255.627158,15,6,2,car,0.56,0.47700000000000004,0.368,0.05,0.042
1,255628,255.627559,15,7,2,car,0.53,0.358,0.374,0.07,0.06
1,255823,255.823380,0,0,2,car,0.88,0.278,0.389,0.112,0.094
1,255824,255.824101,0,1,5,bus,0.8200000000000001,0.879,0.34400000000000003,0.241,0.265
1,255825,255.824822,0,2,2,car,0.77,0.08600000000000001,0.386,0.10400000000000001,0.10200000000000001
1,255825,255.825461,0,3,2,car,0.74,0.425,0.378,0.069,0.076
1,255826,255.826174,0,4,2,car,0.72,0.481,0.366,0.051000000000000004,0.046
1,255827,255.826788,0,5,2,car,0.71,0.65,0.41100000000000003,0.181,0.177
1,255827,255.827231,0,6,2,car,0.68,0.534,0.38,0.08600000000000001,0.07100000000000001
1,255828,255.827657,0,7,2,car,0.5700000000000001,0.153,0.354,0.068,0.042
1,256024,256.023700,1,0,5,bus,0.89,0.884,0.336,0.229,0.273
1,256024,256.024437,1,1,2,car,0.84,0.28200000000000003,0.387,0.112,0.1
1,256025,256.025281,1,2,2,car,0.8,0.645,0.406,0.178,0.17300000000000001
1,256026,256.026149,1,3,2,car,0.77,0.532,0.379,0.083,0.081
1,256027,256.027124,1,4,2,car,0.75,0.427,0.37,0.068,0.07200000000000001
1,256028,256.027755,1,5,2,car,0.67,0.043000000000000003,0.596,0.088,0.466
1,256028,256.028181,1,6,2,car,0.66,0.47700000000000004,0.366,0.044,0.055
1,256029,256.028557,1,7,2,car,0.54,0.096,0.378,0.092,0.096
1,256224,256.223593,2,0,5,bus,0.88,0.891,0.331,0.216,0.298
1,256224,256.224338,2,1,2,car,0.84,0.28700000000000003,0.383,0.107,0.096
1,256225,256.225059,2,2,2,car,0.8200000000000001,0.643,0.398,0.178,0.161
1,256226,256.225780,2,3,2,car,0.81,0.059000000000000004,0.554,0.11800000000000001,0.436
1,256226,256.226296,2,4,2,car,0.73,0.429,0.365,0.068,0.068
1,256227,256.226787,2,5,2,car,0.73,0.534,0.371,0.08600000000000001,0.077
1,256227,256.227156,2,6,2,car,0.66,0.035,0.368,0.07100000000000001,0.077
1,256228,256.227549,2,7,2,car,0.64,0.756,0.392,0.075,0.076
1,256423,256.422978,3,0,2,car,0.79,0.074,0.5720000000000001,0.149,0.47700000000000004
1,256424,256.423707,3,1,2,car,0.76,0.291,0.372,0.105,0.079
1,256424,256.424452,3,2,2,car,0.74,0.433,0.364,0.065,0.067
1,256425,256.425189,3,3,2,car,0.68,0.766,0.394,0.094,0.082
1,256426,256.425673,3,4,2,car,0.62,0.639,0.406,0.179,0.179
1,256426,256.426402,3,5,2,car,0.61,0.48,0.363,0.041,0.059000000000000004
1,256427,256.426828,3,6,2,car,0.61,0.53,0.369,0.074,0.07100000000000001
1,256427,256.427229,3,7,5,bus,0.59,0.898,0.335,0.202,0.34800000000000003
1,256623,256.623354,4,0,5,bus,0.86,0.912,0.334,0.17400000000000002,0.35000000000000003
1,256624,256.623764,4,1,2,car,0.8200000000000001,0.65,0.40800000000000003,0.19,0.184
1,256624,256.624165,4,2,2,car,0.8,0.301,0.374,0.106,0.083
1,256625,256.624648,4,3,2,car,0.79,0.437,0.363,0.063,0.068
1,256625,256.625050,4,4,2,car,0.77,0.78,0.396,0.115,0.091
1,256626,256.625500,4,5,2,car,0.75,0.09,0.5670000000000001,0.18,0.493
1,256626,256.625975,4,6,2,car,0.66,0.536,0.373,0.079,0.092
1,256626,256.626369,4,7,2,car,0.66,0.486,0.363,0.041,0.057
1,256823,256.823394,5,0,5,bus,0.87,0.924,0.353,0.151,0.378
1,256824,256.824246,5,1,2,car,0.84,0.794,0.395,0.113,0.096
1,256825,256.824967,5,2,2,car,0.8300000000000001,0.651,0.40700000000000003,0.19,0.194
1,256826,256.825696,5,3,2,car,0.76,0.307,0.369,0.10300000000000001,0.077
1,256826,256.826327,5,4,2,car,0.75,0.101,0.554,0.203,0.481
1,256827,256.826974,5,5,2,car,0.7000000000000001,0.445,0.36,0.06,0.068
1,256827,256.827392,5,6,2,car,0.67,0.494,0.36,0.043000000000000003,0.061
1,256828,256.827769,5,7,2,car,0.62,0.539,0.367,0.082,0.085
1,257023,257.023337,6,0,2,car,0.91,0.809,0.4,0.131,0.101
1,257024,257.023943,6,1,2,car,0.88,0.655,0.397,0.193,0.176
1,257025,257.024631,6,2,5,bus,0.85,0.9380000000000001,0.329,0.124,0.356
1,257025,257.025303,6,3,2,car,0.77,0.115,0.578,0.23,0.525
1,257026,257.025983,6,4,2,car,0.76,0.544,0.374,0.085,0.095
1,257026,257.026384,6,5,2,car,0.72,0.315,0.37,0.10300000000000001,0.077
1,257027,257.026777,6,6,2,car,0.6900000000000001,0.449,0.36,0.061,0.069
1,257027,257.027170,6,7,2,car,0.65,0.494,0.363,0.038,0.063
1,257223,257.223172,7,0,2,car,0.93,0.125,0.56,0.25,0.486
1,257224,257.223901,7,1,2,car,0.93,0.8220000000000001,0.405,0.147,0.112
1,257225,257.224630,7,2,2,car,0.87,0.658,0.41200000000000003,0.199,0.209
1,257225,257.225376,7,3,5,bus,0.81,0.9470000000000001,0.324,0.106,0.371
1,257226,257.226097,7,4,2,car,0.78,0.545,0.381,0.08600000000000001,0.111
1,257227,257.226727,7,5,2,car,0.75,0.319,0.365,0.10300000000000001,0.067
1,257227,257.227145,7,6,2,car,0.71,0.451,0.36,0.059000000000000004,0.065
1,257228,257.227514,7,7,2,car,0.56,0.388,0.356,0.043000000000000003,0.047
1,257423,257.422992,8,0,2,car,0.9400000000000001,0.8300000000000001,0.406,0.154,0.11800000000000001
1,257424,257.423712,8,1,2,car,0.93,0.134,0.522,0.268,0.418
1,257425,257.424548,8,2,2,car,0.86,0.662,0.41000000000000003,0.212,0.215
1,257425,257.425408,8,3,2,car,0.74,0.325,0.364,0.097,0.077
1,257426,257.426145,8,4,5,bus,0.74,0.9570000000000001,0.328,0.08600000000000001,0.375
1,257427,257.426784,8,5,2,car,0.74,0.541,0.377,0.08700000000000001,0.121
1,257427,257.427202,8,6,2,car,0.74,0.453,0.355,0.053,0.061
1,257428,257.427571,8,7,2,car,0.55,0.388,0.355,0.044,0.049
1,257622,257.621902,9,0,2,car,0.93,0.84,0.397,0.159,0.114
1,257623,257.622647,9,1,2,car,0.92,0.145,0.5,0.29,0.393
1,257623,257.623147,9,2,2,car,0.87,0.662,0.406,0.20700000000000002,0.222
1,257624,257.623564,9,3,2,car,0.81,0.543,0.37,0.091,0.122
1,257624,257.623966,9,4,2,car,0.79,0.33,0.357,0.093,0.078
1,257624,257.624334,9,5,2,car,0.74,0.457,0.34600000000000003,0.055,0.061
1,257625,257.624711,9,6,2,car,0.6,0.393,0.34500000000000003,0.051000000000000004,0.056
1,257823,257.822638,10,0,2,car,0.9400000000000001,0.155,0.47500000000000003,0.31,0.334
1,257823,257.823293,10,1,2,car,0.9400000000000001,0.852,0.405,0.164,0.125
1,257824,257.823998,10,2,2,car,0.89,0.668,0.41300000000000003,0.22,0.234
1,257825,257.824727,10,3,2,car,0.81,0.333,0.363,0.094,0.081
1,257825,257.825186,10,4,2,car,0.77,0.542,0.372,0.094,0.126
1,257826,257.825653,10,5,2,car,0.71,0.459,0.34,0.048,0.048
1,257826,257.826038,10,6,2,car,0.68,0.405,0.342,0.064,0.056
1,258022,258.022367,11,0,2,car,0.9400000000000001,0.163,0.463,0.326,0.309
1,258023,258.023227,11,1,2,car,0.9400000000000001,0.857,0.404,0.163,0.13
1,258024,258.023989,11,2,2,car,0.89,0.67,0.417,0.225,0.255
1,258025,258.024702,11,3,2,car,0.78,0.539,0.372,0.097,0.128
1,258025,258.025325,11,4,2,car,0.75,0.459,0.339,0.045,0.05
1,258026,258.025718,11,5,2,car,0.72,0.337,0.354,0.091,0.069
1,258026,258.026095,11,6,2,car,0.66,0.402,0.34,0.054,0.052000000000000005
1,258222,258.222490,12,0,2,car,0.93,0.86,0.4,0.164,0.131
1,258223,258.223202,12,1,2,car,0.9,0.167,0.438,0.334,0.273
1,258224,258.223891,12,2,2,car,0.89,0.672,0.41100000000000003,0.233,0.256
1,258225,258.224579,12,3,2,car,0.75,0.338,0.35000000000000003,0.081,0.069
1,258225,258.225316,12,4,2,car,0.6900000000000001,0.533,0.364,0.10200000000000001,0.133
1,258226,258.225947,12,5,2,car,0.6900000000000001,0.404,0.34,0.057,0.054
1,258226,258.226381,12,6,2,car,0.64,0.456,0.337,0.043000000000000003,0.049
1,258227,258.226766,12,7,2,car,0.58,0.491,0.354,0.045,0.08
1,258423,258.422653,13,0,2,car,0.93,0.863,0.403,0.166,0.132
1,258423,258.423333,13,1,2,car,0.9,0.201,0.421,0.295,0.231
1,258424,258.423996,13,2,2,car,0.86,0.675,0.41200000000000003,0.242,0.255
1,258425,258.424701,13,3,2,car,0.8,0.34400000000000003,0.34900000000000003,0.078,0.076
1,258425,258.425193,13,4,2,car,0.67,0.529,0.367,0.11,0.132
1,258426,258.425610,13,5,2,car,0.66,0.40700000000000003,0.339,0.057,0.052000000000000005
1,258426,258.425995,13,6,2,car,0.61,0.454,0.338,0.046,0.052000000000000005
1,258426,258.426364,13,7,2,car,0.5700000000000001,0.058,0.354,0.115,0.151
1,258623,258.622538,14,0,2,car,0.92,0.87,0.40800000000000003,0.156,0.139
1,258623,258.623267,14,1,2,car,0.91,0.228,0.425,0.261,0.224
1,258624,258.623980,14,2,2,car,0.8300000000000001,0.678,0.40800000000000003,0.253,0.244
1,258625,258.624709,14,3,2,car,0.8,0.34800000000000003,0.34900000000000003,0.076,0.077
1,258625,258.625364,14,4,2,car,0.76,0.41000000000000003,0.339,0.058,0.055
1,258626,258.625995,14,5,2,car,0.68,0.056,0.358,0.111,0.16
1,258626,258.626421,14,6,2,car,0.63,0.484,0.362,0.055,0.084
1,258627,258.626830,14,7,2,car,0.62,0.536,0.363,0.098,0.113
1,258823,258.822570,15,0,2,car,0.91,0.867,0.41000000000000003,0.151,0.14300000000000002
1,258823,258.823275,15,1,2,car,0.9,0.68,0.424,0.265,0.277
1,258824,258.823996,15,2,2,car,0.88,0.249,0.41500000000000004,0.233,0.202
1,258825,258.824733,15,3,2,car,0.87,0.067,0.361,0.133,0.153
1,258825,258.825372,15,4,2,car,0.76,0.34900000000000003,0.35100000000000003,0.077,0.07
1,258826,258.825806,15,5,2,car,0.72,0.47700000000000004,0.365,0.059000000000000004,0.08
1,258826,258.826224,15,6,2,car,0.71,0.535,0.372,0.089,0.14100000000000001
1,258827,258.826642,15,7,2,car,0.65,0.40700000000000003,0.34400000000000003,0.062,0.054
1,259022,259.021546,0,0,2,car,0.91,0.867,0.41000000000000003,0.139,0.14
1,259022,259.022234,0,1,2,car,0.89,0.272,0.41000000000000003,0.211,0.186
1,259023,259.022733,0,2,2,car,0.88,0.685,0.422,0.272,0.271
1,259023,259.023168,0,3,2,car,0.86,0.074,0.363,0.149,0.146
1,259024,259.023569,0,4,2,car,0.75,0.358,0.354,0.07,0.063
1,259024,259.023946,0,5,2,car,0.75,0.47300000000000003,0.367,0.064,0.08
1,259024,259.024347,0,6,2,car,0.73,0.533,0.376,0.092,0.139
1,259025,259.024724,0,7,2,car,0.67,0.41000000000000003,0.34700000000000003,0.054,0.053
1,259222,259.222471,1,0,2,car,0.92,0.86,0.41200000000000003,0.14400000000000002,0.146
1,259223,259.223224,1,1,2,car,0.91,0.684,0.429,0.275,0.28200000000000003
1,259224,259.223937,1,2,2,car,0.89,0.28400000000000003,0.40700000000000003,0.20400000000000001,0.171
1,259225,259.224650,1,3,2,car,0.8300000000000001,0.088,0.363,0.177,0.139
1,259225,259.225395,1,4,2,car,0.81,0.532,0.385,0.094,0.14100000000000001
1,259226,259.226051,1,5,2,car,0.81,0.47200000000000003,0.367,0.065,0.076
1,259226,259.226485,1,6,2,car,0.6900000000000001,0.365,0.355,0.054,0.062
1,259227,259.226870,1,7,2,car,0.62,0.41400000000000003,0.362,0.055,0.067
1,259422,259.422069,2,0,2,car,0.92,0.687,0.437,0.28300000000000003,0.295
1,259423,259.422937,2,1,2,car,0.89,0.302,0.401,0.177,0.159
1,259424,259.423969,2,2,2,car,0.89,0.856,0.41300000000000003,0.136,0.148
1,259425,259.424813,2,3,2,car,0.88,0.099,0.362,0.18,0.12
1,259426,259.425657,2,4,2,car,0.8300000000000001,0.466,0.367,0.07,0.075
1,259426,259.426157,2,5,2,car,0.77,0.53,0.388,0.091,0.135
1,259427,259.426566,2,6,2,car,0.72,0.41500000000000004,0.352,0.045,0.053
1,259427,259.426927,2,7,2,car,0.61,0.37,0.352,0.049,0.059000000000000004
1,259621,259.621405,3,0,2,car,0.91,0.6890000000000001,0.436,0.29,0.291
1,259622,259.622126,3,1,2,car,0.89,0.85,0.41600000000000004,0.123,0.148
1,259623,259.622633,3,2,2,car,0.86,0.316,0.399,0.166,0.145
1,259623,259.623035,3,3,2,car,0.85,0.46,0.368,0.07100000000000001,0.073
1,259623,259.623404,3,4,2,car,0.79,0.53,0.387,0.093,0.139
1,259624,259.623789,3,5,2,car,0.72,0.041,0.463,0.082,0.297
1,259624,259.624174,3,6,2,car,0.63,0.25,0.361,0.089,0.076
1,259625,259.624534,3,7,2,car,0.62,0.41400000000000003,0.36,0.047,0.061
1,259822,259.821887,4,0,2,car,0.91,0.681,0.436,0.279,0.28700000000000003
1,259823,259.822526,4,1,2,car,0.91,0.328,0.399,0.152,0.131
1,259823,259.823084,4,2,2,car,0.86,0.842,0.41300000000000003,0.116,0.137
1,259824,259.823600,4,3,2,car,0.86,0.457,0.369,0.07,0.07100000000000001
1,259824,259.824026,4,4,2,car,0.85,0.073,0.458,0.146,0.28500000000000003
1,259824,259.824403,4,5,2,car,0.78,0.528,0.387,0.09,0.14
1,259825,259.824771,4,6,2,car,0.58,0.41600000000000004,0.359,0.042,0.057
1,259825,259.825148,4,7,2,car,0.58,0.158,0.355,0.127,0.097
1,260022,260.021535,5,0,2,car,0.88,0.678,0.434,0.274,0.279
1,260022,260.022223,5,1,2,car,0.84,0.8310000000000001,0.41200000000000003,0.116,0.14300000000000002
1,260023,260.022887,5,2,2,car,0.8300000000000001,0.337,0.397,0.138,0.122
1,260023,260.023313,5,3,2,car,0.8200000000000001,0.453,0.371,0.07,0.067
1,260024,260.023698,5,4,2,car,0.8,0.526,0.391,0.085,0.135
1,260024,260.024042,5,5,2,car,0.73,0.271,0.369,0.074,0.075
1,260024,260.024402,5,6,2,car,0.73,0.099,0.447,0.185,0.23900000000000002
1,260025,260.024746,5,7,2,car,0.66,0.19,0.356,0.101,0.08700000000000001
1,260222,260.221829,6,0,2,car,0.88,0.67,0.438,0.262,0.271
1,260223,260.222665,6,1,2,car,0.86,0.8170000000000001,0.417,0.11800000000000001,0.138
1,260224,260.223525,6,2,2,car,0.8200000000000001,0.343,0.394,0.13,0.114
1,260224,260.224426,6,3,2,car,0.81,0.525,0.392,0.082,0.134
1,260225,260.225303,6,4,2,car,0.8,0.444,0.372,0.068,0.069
1,260226,260.226318,6,5,2,car,0.68,0.162,0.445,0.124,0.212
1,260227,260.226744,6,6,2,car,0.67,0.28500000000000003,0.369,0.076,0.069
1,260422,260.421984,7,0,2,car,0.9,0.35000000000000003,0.4,0.127,0.114
1,260423,260.422697,7,1,2,car,0.88,0.811,0.422,0.109,0.132
1,260423,260.423402,7,2,2,car,0.87,0.662,0.45,0.254,0.279
1,260424,260.424131,7,3,2,car,0.8200000000000001,0.444,0.378,0.067,0.068
1,260425,260.424655,7,4,2,car,0.79,0.522,0.395,0.083,0.128
1,260425,260.425147,7,5,2,car,0.77,0.064,0.368,0.11900000000000001,0.089
1,260426,260.425531,7,6,2,car,0.68,0.187,0.429,0.123,0.211
1,260426,260.425925,7,7,2,car,0.61,0.295,0.371,0.082,0.079
1,260622,260.621869,8,0,2,car,0.9,0.805,0.425,0.105,0.126
1,260623,260.622541,8,1,2,car,0.89,0.355,0.401,0.11800000000000001,0.109
1,260623,260.623221,8,2,2,car,0.8200000000000001,0.20700000000000002,0.429,0.113,0.2
1,260624,260.623843,8,3,2,car,0.79,0.521,0.404,0.076,0.113
1,260624,260.624286,8,4,2,car,0.76,0.441,0.381,0.063,0.06
1,260625,260.624687,8,5,2,car,0.75,0.657,0.444,0.249,0.26
1,260625,260.625097,8,6,2,car,0.7000000000000001,0.054,0.37,0.108,0.08600000000000001
1,260625,260.625474,8,7,2,car,0.64,0.298,0.38,0.069,0.069
1,260822,260.822065,9,0,2,car,0.91,0.798,0.426,0.109,0.13
1,260823,260.822876,9,1,2,car,0.84,0.654,0.447,0.244,0.257
1,260824,260.823712,9,2,2,car,0.8200000000000001,0.36,0.4,0.11800000000000001,0.10200000000000001
1,260825,260.824548,9,3,2,car,0.79,0.519,0.402,0.075,0.116
1,260825,260.825416,9,4,2,car,0.75,0.054,0.37,0.107,0.08700000000000001
1,260826,260.825842,9,5,2,car,0.7000000000000001,0.229,0.43,0.1,0.17300000000000001
1,260826,260.826251,9,6,2,car,0.6900000000000001,0.438,0.379,0.058,0.056
1,260827,260.826628,9,7,2,car,0.68,0.037,0.44,0.075,0.191
1,261021,261.020557,10,0,2,car,0.91,0.789,0.424,0.12,0.133
1,261021,261.021155,10,1,2,car,0.88,0.647,0.445,0.23500000000000001,0.26
1,261022,261.021745,10,2,2,car,0.84,0.052000000000000005,0.424,0.10400000000000001,0.181
1,261022,261.022130,10,3,2,car,0.81,0.517,0.399,0.073,0.121
1,261023,261.022507,10,4,2,car,0.78,0.363,0.399,0.115,0.099
1,261023,261.022851,10,5,2,car,0.73,0.436,0.377,0.058,0.056
1,261023,261.023236,10,6,2,car,0.65,0.311,0.369,0.065,0.065
1,261024,261.023580,10,7,2,car,0.55,0.252,0.424,0.077,0.17
1,261221,261.221311,11,0,2,car,0.91,0.788,0.422,0.113,0.125
1,261222,261.221892,11,1,2,car,0.91,0.064,0.421,0.127,0.191
1,261223,261.222613,11,2,2,car,0.84,0.642,0.435,0.233,0.242
1,261223,261.223367,11,3,2,car,0.81,0.515,0.395,0.07200000000000001,0.126
1,261224,261.223809,11,4,2,car,0.78,0.439,0.375,0.053,0.06
1,261224,261.224219,11,5,2,car,0.75,0.367,0.392,0.107,0.1
1,261225,261.224604,11,6,2,car,0.63,0.968,0.404,0.058,0.062
1,261225,261.224972,11,7,2,car,0.61,0.113,0.364,0.094,0.07
1,261421,261.421343,12,0,2,car,0.91,0.784,0.418,0.12,0.133
1,261422,261.422228,12,1,2,car,0.91,0.074,0.41600000000000004,0.148,0.17500000000000002
1,261423,261.423088,12,2,2,car,0.89,0.637,0.436,0.224,0.251
1,261424,261.423964,12,3,2,car,0.76,0.513,0.389,0.073,0.121
1,261425,261.424841,12,4,2,car,0.73,0.439,0.371,0.052000000000000005,0.063
1,261425,261.425316,12,5,2,car,0.71,0.371,0.386,0.108,0.1
1,261426,261.425725,12,6,2,car,0.58,0.963,0.398,0.073,0.068
1,261426,261.426094,12,7,2,car,0.53,0.32,0.366,0.052000000000000005,0.064
1,261621,261.621416,13,0,2,car,0.91,0.083,0.40700000000000003,0.165,0.164
1,261622,261.622112,13,1,2,car,0.89,0.783,0.417,0.122,0.132
1,261623,261.622817,13,2,2,car,0.88,0.634,0.428,0.22,0.23700000000000002
1,261623,261.623448,13,3,2,car,0.84,0.375,0.386,0.10200000000000001,0.099
1,261624,261.623955,13,4,2,car,0.76,0.441,0.37,0.053,0.064
1,261624,261.624349,13,5,2,car,0.75,0.511,0.386,0.066,0.113
1,261625,261.624717,13,6,2,car,0.6,0.323,0.368,0.05,0.058
1,261625,261.625111,13,7,2,car,0.56,0.984,0.403,0.032,0.064
1,261822,261.821629,14,0,2,car,0.92,0.089,0.404,0.178,0.154
1,261823,261.822505,14,1,2,car,0.9,0.78,0.417,0.131,0.132
1,261823,261.823169,14,2,2,car,0.88,0.629,0.426,0.215,0.234
1,261824,261.823906,14,3,2,car,0.86,0.38,0.385,0.10200000000000001,0.092
1,261824,261.824348,14,4,2,car,0.77,0.512,0.387,0.065,0.115
1,261825,261.824741,14,5,2,car,0.7000000000000001,0.443,0.366,0.049,0.059000000000000004
1,261825,261.825126,14,6,2,car,0.63,0.33,0.362,0.05,0.054
1,261826,261.825520,14,7,2,car,0.58,0.028,0.589,0.056,0.427
1,262021,262.020686,15,0,2,car,0.93,0.78,0.418,0.136,0.136
1,262021,262.021063,15,1,2,car,0.89,0.097,0.4,0.192,0.148
1,262021,262.021456,15,2,2,car,0.87,0.622,0.432,0.211,0.247
1,262022,262.021858,15,3,2,car,0.8200000000000001,0.381,0.382,0.10200000000000001,0.08700000000000001
1,262022,262.022251,15,4,2,car,0.8,0.046,0.559,0.091,0.389
1,262023,262.022644,15,5,2,car,0.78,0.511,0.387,0.063,0.115
1,262023,262.023037,15,6,2,car,0.7000000000000001,0.444,0.365,0.051000000000000004,0.058
1,262023,262.023430,15,7,2,car,0.6,0.291,0.40700000000000003,0.061,0.132
1,262222,262.221521,0,0,2,car,0.92,0.781,0.417,0.145,0.137
1,262222,262.222168,0,1,2,car,0.9,0.10300000000000001,0.397,0.202,0.145
1,262223,262.222881,0,2,2,car,0.85,0.62,0.423,0.209,0.232
1,262224,262.223520,0,3,2,car,0.8300000000000001,0.386,0.378,0.094,0.085
1,262224,262.224077,0,4,2,car,0.75,0.061,0.537,0.122,0.404
1,262225,262.224511,0,5,2,car,0.75,0.51,0.385,0.057,0.115
1,262225,262.224896,0,6,2,car,0.73,0.449,0.362,0.051000000000000004,0.049
1,262225,262.225265,0,7,2,car,0.59,0.34,0.356,0.051000000000000004,0.051000000000000004
1,262422,262.421512,1,0,2,car,0.93,0.782,0.418,0.15,0.138
1,262422,262.422159,1,1,2,car,0.87,0.125,0.392,0.176,0.137
1,262423,262.422872,1,2,2,car,0.8200000000000001,0.617,0.421,0.20700000000000002,0.231
1,262424,262.423560,1,3,2,car,0.8,0.07200000000000001,0.535,0.146,0.438
1,262424,262.423986,1,4,2,car,0.74,0.388,0.38,0.091,0.081
1,262424,262.424347,1,5,2,car,0.71,0.51,0.382,0.056,0.113
1,262425,262.424724,1,6,2,car,0.64,0.448,0.361,0.051000000000000004,0.052000000000000005
1,262425,262.425117,1,7,2,car,0.58,0.34500000000000003,0.356,0.049,0.047
1,262621,262.620971,2,0,2,car,0.93,0.783,0.418,0.154,0.14400000000000002
1,262622,262.621676,2,1,2,car,0.87,0.615,0.419,0.20400000000000001,0.23
1,262622,262.622208,2,2,2,car,0.8300000000000001,0.085,0.514,0.171,0.483
1,262623,262.622913,2,3,2,car,0.79,0.391,0.378,0.094,0.082
1,262623,262.623429,2,4,2,car,0.75,0.148,0.382,0.154,0.131
1,262624,262.623830,2,5,2,car,0.62,0.224,0.34900000000000003,0.067,0.04
1,262624,262.624240,2,6,2,car,0.6,0.449,0.358,0.048,0.048
1,262625,262.624633,2,7,2,car,0.58,0.51,0.38,0.053,0.11900000000000001
1,262821,262.820815,3,0,2,car,0.93,0.788,0.418,0.16,0.146
1,262822,262.821683,3,1,2,car,0.88,0.615,0.42,0.20500000000000002,0.234
1,262823,262.822511,3,2,2,car,0.81,0.095,0.497,0.191,0.47000000000000003
1,262823,262.823158,3,3,2,car,0.77,0.394,0.375,0.093,0.08
1,262824,262.824166,3,4,2,car,0.68,0.452,0.36,0.058,0.054
1,262825,262.825173,3,5,2,car,0.66,0.512,0.383,0.051000000000000004,0.11800000000000001
1,262826,262.825607,3,6,2,car,0.5,0.352,0.364,0.047,0.065
1,263020,263.020151,4,0,2,car,0.9400000000000001,0.794,0.419,0.166,0.155
1,263021,263.020872,4,1,2,car,0.85,0.613,0.41600000000000004,0.20700000000000002,0.233
1,263022,263.021585,4,2,2,car,0.85,0.105,0.5,0.209,0.48
1,263022,263.022084,4,3,2,car,0.81,0.396,0.377,0.095,0.079
1,263023,263.022576,4,4,2,car,0.76,0.183,0.379,0.131,0.11
1,263023,263.023067,4,5,2,car,0.65,0.455,0.359,0.047,0.052000000000000005
1,263023,263.023444,4,6,2,car,0.62,0.51,0.383,0.049,0.124
1,263024,263.023829,4,7,2,car,0.58,0.26,0.328,0.044,0.032
1,263221,263.220519,5,0,2,car,0.9400000000000001,0.801,0.42,0.17400000000000002,0.153
1,263221,263.221305,5,1,2,car,0.92,0.115,0.5,0.23,0.482
1,263222,263.222075,5,2,2,car,0.77,0.614,0.417,0.214,0.23600000000000002
1,263223,263.222837,5,3,2,car,0.73,0.4,0.377,0.092,0.076
1,263224,263.223517,5,4,2,car,0.65,0.458,0.358,0.057,0.052000000000000005
1,263224,263.224230,5,5,2,car,0.58,0.201,0.376,0.117,0.112
1,263225,263.224926,5,6,2,car,0.55,0.259,0.342,0.075,0.06
1,263420,263.420223,6,0,2,car,0.9400000000000001,0.808,0.427,0.181,0.159
1,263421,263.421133,6,1,2,car,0.92,0.124,0.491,0.249,0.441
1,263422,263.421985,6,2,2,car,0.81,0.612,0.423,0.226,0.241
1,263423,263.422747,6,3,2,car,0.75,0.406,0.379,0.08700000000000001,0.073
1,263424,263.423541,6,4,2,car,0.59,0.461,0.362,0.055,0.05
1,263424,263.424074,6,5,2,car,0.5,0.9530000000000001,0.354,0.089,0.05
1,263621,263.620592,7,0,2,car,0.9400000000000001,0.133,0.483,0.266,0.417
1,263621,263.621305,7,1,2,car,0.93,0.8160000000000001,0.429,0.193,0.164
1,263622,263.622050,7,2,2,car,0.77,0.41100000000000003,0.378,0.089,0.075
1,263623,263.622664,7,3,2,car,0.74,0.614,0.429,0.23,0.251
1,263623,263.623279,7,4,2,car,0.67,0.463,0.366,0.053,0.061
1,263624,263.623901,7,5,2,car,0.55,0.9560000000000001,0.354,0.073,0.058
1,263820,263.820419,8,0,2,car,0.9400000000000001,0.8250000000000001,0.43,0.201,0.17400000000000002
1,263821,263.821198,8,1,2,car,0.9,0.14,0.47000000000000003,0.281,0.385
1,263822,263.821943,8,2,2,car,0.77,0.614,0.427,0.23900000000000002,0.262
1,263823,263.822721,8,3,2,car,0.77,0.41400000000000003,0.375,0.085,0.07200000000000001
1,263823,263.823491,8,4,2,car,0.71,0.964,0.353,0.07100000000000001,0.064
1,263824,263.824114,8,5,2,car,0.6,0.466,0.358,0.051000000000000004,0.049
1,264021,264.020558,9,0,2,car,0.9400000000000001,0.834,0.429,0.20600000000000002,0.17200000000000001
1,264021,264.021312,9,1,2,car,0.8,0.14400000000000002,0.459,0.28800000000000003,0.366
1,264022,264.022450,9,2,2,car,0.8,0.616,0.427,0.24,0.266
1,264023,264.023409,9,3,2,car,0.6900000000000001,0.41600000000000004,0.37,0.083,0.073
1,264024,264.024195,9,4,2,car,0.62,0.968,0.35000000000000003,0.062,0.058
1,264025,264.024916,9,5,2,car,0.59,0.321,0.377,0.107,0.127
1,264025,264.025424,9,6,2,car,0.58,0.467,0.357,0.056,0.051000000000000004
1,264221,264.220525,10,0,2,car,0.92,0.839,0.425,0.215,0.17400000000000002
1,264221,264.221295,10,1,2,car,0.9,0.15,0.449,0.299,0.334
1,264222,264.222065,10,2,2,car,0.79,0.618,0.426,0.243,0.274
1,264223,264.222818,10,3,2,car,0.75,0.32,0.373,0.115,0.12
1,264223,264.223376,10,4,2,car,0.74,0.417,0.365,0.083,0.075
1,264224,264.223826,10,5,2,car,0.64,0.468,0.36,0.059000000000000004,0.067
1,264224,264.224277,10,6,2,car,0.63,0.972,0.34500000000000003,0.056,0.066
1,264225,264.224711,10,7,2,car,0.52,0.73,0.362,0.039,0.059000000000000004
1,264421,264.420573,11,0,2,car,0.92,0.845,0.429,0.227,0.18
1,264421,264.421302,11,1,2,car,0.89,0.157,0.438,0.313,0.308
1,264422,264.422113,11,2,2,car,0.76,0.614,0.429,0.251,0.281
1,264423,264.422867,11,3,2,car,0.74,0.41600000000000004,0.364,0.081,0.073
1,264424,264.423588,11,4,2,car,0.71,0.326,0.373,0.113,0.11900000000000001
1,264424,264.424293,11,5,2,car,0.66,0.47100000000000003,0.356,0.064,0.062
1,264425,264.424800,11,6,2,car,0.56,0.73,0.364,0.042,0.063
1,264425,264.425202,11,7,2,car,0.56,0.974,0.34600000000000003,0.051000000000000004,0.063
1,264620,264.620376,12,0,2,car,0.93,0.162,0.429,0.324,0.279
1,264621,264.621032,12,1,2,car,0.92,0.85,0.432,0.23800000000000002,0.183
1,264622,264.621662,12,2,2,car,0.81,0.611,0.43,0.254,0.28800000000000003
1,264622,264.622318,12,3,2,car,0.73,0.421,0.364,0.075,0.07
1,264623,264.622867,12,4,2,car,0.73,0.332,0.369,0.106,0.11
1,264624,264.623555,12,5,2,car,0.63,0.46900000000000003,0.34600000000000003,0.057,0.044
1,264624,264.624022,12,6,2,car,0.54,0.732,0.365,0.052000000000000005,0.068
1,264820,264.819860,13,0,2,car,0.93,0.855,0.43,0.249,0.187
1,264821,264.820761,13,1,2,car,0.87,0.18,0.42,0.305,0.26
1,264822,264.821654,13,2,2,car,0.75,0.61,0.428,0.251,0.28500000000000003
1,264823,264.822571,13,3,2,car,0.6900000000000001,0.422,0.359,0.074,0.076
1,264824,264.823521,13,4,2,car,0.54,0.732,0.365,0.051000000000000004,0.08
1,264824,264.824242,13,5,2,car,0.53,0.468,0.343,0.047,0.044
1,265020,265.020195,14,0,2,car,0.91,0.859,0.437,0.259,0.193
1,265021,265.020990,14,1,2,car,0.79,0.209,0.41300000000000003,0.28,0.23900000000000002
1,265022,265.021760,14,2,2,car,0.71,0.425,0.361,0.068,0.076
1,265023,265.022612,14,3,2,car,0.7000000000000001,0.606,0.429,0.255,0.28700000000000003
1,265024,265.023504,14,4,2,car,0.59,0.734,0.376,0.058,0.091
1,265024,265.024234,14,5,2,car,0.53,0.47200000000000003,0.34800000000000003,0.049,0.051000000000000004
1,265025,265.024733,14,6,2,car,0.51,0.362,0.366,0.059000000000000004,0.1
1,265025,265.025110,14,7,2,car,0.51,0.331,0.362,0.122,0.109
1,265219,265.219252,15,0,2,car,0.91,0.864,0.448,0.265,0.203
1,265220,265.219940,15,1,2,car,0.71,0.23500000000000001,0.41100000000000003,0.256,0.22
1,265221,265.220628,15,2,2,car,0.71,0.605,0.419,0.256,0.258
1,265221,265.221407,15,3,2,car,0.6900000000000001,0.367,0.368,0.068,0.097
1,265222,265.222087,15,4,2,car,0.62,0.734,0.385,0.068,0.106
1,265223,265.222627,15,5,2,car,0.54,0.429,0.365,0.068,0.07100000000000001
1,265419,265.419276,0,0,2,car,0.9,0.868,0.449,0.261,0.202
1,265420,265.420022,0,1,2,car,0.74,0.262,0.406,0.23900000000000002,0.2
1,265421,265.420767,0,2,2,car,0.73,0.601,0.422,0.245,0.25
1,265422,265.421546,0,3,2,car,0.71,0.032,0.41100000000000003,0.065,0.178
1,265422,265.422316,0,4,2,car,0.66,0.434,0.363,0.064,0.068
1,265423,265.422996,0,5,2,car,0.61,0.737,0.41400000000000003,0.07,0.156
1,265621,265.620750,1,0,2,car,0.9,0.872,0.452,0.251,0.20600000000000002
1,265622,265.621643,1,1,2,car,0.9,0.059000000000000004,0.394,0.117,0.193
1,265622,265.622372,1,2,2,car,0.86,0.601,0.419,0.24,0.249
1,265623,265.623183,1,3,2,car,0.8,0.281,0.40900000000000003,0.20800000000000002,0.198
1,265624,265.623978,1,4,2,car,0.77,0.737,0.396,0.09,0.124
1,265624,265.624470,1,5,2,car,0.76,0.37,0.365,0.085,0.097
1,265625,265.625010,1,6,2,car,0.67,0.125,0.404,0.116,0.17300000000000001
1,265626,265.625559,1,7,2,car,0.59,0.182,0.33,0.068,0.062
1,265820,265.819619,2,0,2,car,0.9,0.877,0.459,0.241,0.217
1,265820,265.820307,2,1,2,car,0.84,0.083,0.393,0.167,0.195
1,265821,265.820971,2,2,2,car,0.8300000000000001,0.603,0.423,0.23500000000000001,0.246
1,265822,265.821635,2,3,2,car,0.8200000000000001,0.744,0.396,0.101,0.127
1,265822,265.822265,2,4,2,car,0.68,0.19,0.326,0.08,0.058
1,265823,265.822675,2,5,2,car,0.65,0.309,0.401,0.20500000000000002,0.179
1,265823,265.823052,2,6,2,car,0.58,0.451,0.36,0.062,0.054
1,266020,266.019709,3,0,2,car,0.91,0.883,0.47100000000000003,0.227,0.219
1,266021,266.020602,3,1,2,car,0.9,0.10400000000000001,0.401,0.20800000000000002,0.184
1,266021,266.021028,3,2,2,car,0.85,0.609,0.437,0.228,0.254
1,266022,266.021634,3,3,2,car,0.84,0.33,0.40900000000000003,0.184,0.17
1,266022,266.022060,3,4,2,car,0.8200000000000001,0.754,0.405,0.11,0.123
1,266022,266.022429,3,5,2,car,0.61,0.465,0.37,0.061,0.053
1,266023,266.022797,3,6,2,car,0.58,0.406,0.357,0.07100000000000001,0.064
1,266023,266.023215,3,7,2,car,0.53,0.198,0.336,0.07100000000000001,0.052000000000000005
1,266220,266.219782,4,0,2,car,0.9,0.893,0.47900000000000004,0.213,0.23
1,266220,266.220479,4,1,2,car,0.87,0.615,0.437,0.221,0.254
1,266221,266.221126,4,2,2,car,0.86,0.34600000000000003,0.405,0.176,0.159
1,266222,266.221773,4,3,2,car,0.84,0.767,0.41200000000000003,0.12,0.132
1,266222,266.222428,4,4,2,car,0.76,0.129,0.392,0.245,0.169
1,266223,266.223059,4,5,2,car,0.75,0.486,0.371,0.083,0.06
1,266223,266.223477,4,6,2,car,0.54,0.261,0.355,0.055,0.047
1,266419,266.419495,5,0,2,car,0.92,0.902,0.49,0.193,0.245
1,266420,266.420380,5,1,2,car,0.9,0.369,0.405,0.167,0.155
1,266421,266.421232,5,2,2,car,0.88,0.625,0.44,0.216,0.253
1,266422,266.421895,5,3,2,car,0.87,0.781,0.421,0.132,0.14300000000000002
1,266423,266.422518,5,4,2,car,0.72,0.161,0.398,0.231,0.163
1,266423,266.423157,5,5,2,car,0.7000000000000001,0.496,0.372,0.074,0.055
1,266619,266.619494,6,0,2,car,0.9,0.914,0.501,0.17200000000000001,0.257
1,266620,266.620240,6,1,2,car,0.9,0.636,0.437,0.216,0.248
1,266621,266.620936,6,2,2,car,0.89,0.39,0.40800000000000003,0.161,0.148
1,266622,266.621608,6,3,2,car,0.87,0.798,0.419,0.15,0.137
1,266622,266.622034,6,4,2,car,0.85,0.217,0.392,0.182,0.147
1,266622,266.622452,6,5,2,car,0.72,0.507,0.378,0.074,0.053
1,266623,266.622837,6,6,2,car,0.63,0.025,0.353,0.051000000000000004,0.054
1,266623,266.623230,6,7,2,car,0.52,0.093,0.371,0.106,0.079
1,266819,266.819461,7,0,2,car,0.92,0.928,0.511,0.14300000000000002,0.273
1,266820,266.820199,7,1,2,car,0.89,0.40700000000000003,0.40700000000000003,0.162,0.14400000000000002
1,266821,266.820911,7,2,2,car,0.87,0.8230000000000001,0.429,0.162,0.154
1,266822,266.821542,7,3,2,car,0.87,0.648,0.438,0.218,0.245
1,266822,266.822165,7,4,2,car,0.84,0.041,0.485,0.082,0.26
1,266823,266.822762,7,5,2,car,0.8300000000000001,0.243,0.388,0.179,0.147
1,266823,266.823197,7,6,2,car,0.76,0.522,0.379,0.073,0.055
1,266824,266.823606,7,7,2,car,0.59,0.10200000000000001,0.376,0.149,0.094
1,267019,267.019453,8,0,2,car,0.91,0.424,0.403,0.159,0.14
1,267020,267.020198,8,1,2,car,0.89,0.9430000000000001,0.494,0.112,0.246
1,267021,267.020919,8,2,2,car,0.88,0.663,0.436,0.215,0.247
1,267022,267.021599,8,3,2,car,0.87,0.842,0.429,0.177,0.158
1,267022,267.022197,8,4,2,car,0.87,0.065,0.489,0.13,0.327
1,267023,267.022820,8,5,2,car,0.8300000000000001,0.271,0.389,0.17400000000000002,0.128
1,267023,267.023270,8,6,2,car,0.71,0.534,0.378,0.073,0.053
1,267024,267.023663,8,7,2,car,0.52,0.195,0.343,0.094,0.066
1,267219,267.219362,9,0,2,car,0.92,0.441,0.406,0.151,0.137
1,267220,267.220091,9,1,2,car,0.9,0.868,0.439,0.191,0.165
1,267221,267.220918,9,2,2,car,0.89,0.31,0.392,0.14300000000000002,0.123
1,267222,267.221623,9,3,2,car,0.87,0.679,0.436,0.218,0.244
1,267222,267.222286,9,4,2,car,0.8200000000000001,0.09,0.49,0.179,0.33
1,267223,267.222884,9,5,2,car,0.76,0.962,0.512,0.074,0.2
1,267223,267.223319,9,6,2,car,0.68,0.548,0.38,0.077,0.054
1,267224,267.223696,9,7,2,car,0.62,0.20600000000000002,0.34,0.10200000000000001,0.052000000000000005
1,267419,267.419165,10,0,2,car,0.92,0.458,0.40700000000000003,0.14,0.137
1,267420,267.419886,10,1,2,car,0.9,0.893,0.445,0.191,0.176
1,267421,267.420525,10,2,2,car,0.89,0.337,0.391,0.137,0.117
1,267421,267.421155,10,3,2,car,0.88,0.10200000000000001,0.47500000000000003,0.203,0.313
1,267422,267.421778,10,4,2,car,0.8300000000000001,0.6980000000000001,0.444,0.225,0.26
1,267422,267.422401,10,5,2,car,0.72,0.5630000000000001,0.381,0.081,0.057
1,267423,267.422827,10,6,2,car,0.63,0.197,0.34700000000000003,0.114,0.06
1,267619,267.618771,11,0,2,car,0.9,0.12,0.467,0.241,0.311
1,267619,267.619353,11,1,2,car,0.88,0.909,0.451,0.179,0.177
1,267620,267.620074,11,2,2,car,0.88,0.47400000000000003,0.40700000000000003,0.135,0.14
1,267621,267.620786,11,3,2,car,0.85,0.356,0.386,0.13,0.112
1,267621,267.621237,11,4,2,car,0.81,0.71,0.443,0.246,0.258
1,267622,267.621605,11,5,2,car,0.62,0.5650000000000001,0.38,0.056,0.053
1,267819,267.819434,12,0,2,car,0.9,0.135,0.448,0.271,0.264
1,267820,267.820155,12,1,2,car,0.89,0.491,0.403,0.134,0.139
1,267821,267.820884,12,2,2,car,0.87,0.379,0.387,0.123,0.113
1,267822,267.821605,12,3,2,car,0.85,0.922,0.447,0.151,0.185
1,267822,267.822326,12,4,2,car,0.85,0.741,0.443,0.245,0.259
1,267823,267.822932,12,5,2,car,0.75,0.28600000000000003,0.367,0.093,0.066
1,267823,267.823366,12,6,2,car,0.72,0.578,0.378,0.054,0.054
1,267824,267.823776,12,7,2,car,0.56,0.20700000000000002,0.335,0.08600000000000001,0.061
1,268018,268.018287,13,0,2,car,0.91,0.151,0.45,0.302,0.257
1,268019,268.018950,13,1,2,car,0.9,0.514,0.405,0.126,0.136
1,268020,268.019589,13,2,2,car,0.84,0.768,0.448,0.267,0.27
1,268020,268.020269,13,3,2,car,0.81,0.9410000000000001,0.451,0.116,0.176
1,268021,268.020892,13,4,2,car,0.77,0.401,0.394,0.116,0.10400000000000001
1,268021,268.021318,13,5,2,car,0.67,0.595,0.381,0.052000000000000005,0.052000000000000005
1,268022,268.021703,13,6,2,car,0.61,0.339,0.366,0.052000000000000005,0.046
1,268022,268.022080,13,7,2,car,0.5700000000000001,0.279,0.369,0.055,0.063
1,268218,268.218483,14,0,2,car,0.9400000000000001,0.167,0.45,0.332,0.249
1,268219,268.219204,14,1,2,car,0.93,0.799,0.453,0.28700000000000003,0.277
1,268220,268.219802,14,2,2,car,0.87,0.534,0.40800000000000003,0.129,0.135
1,268220,268.220424,14,3,2,car,0.8300000000000001,0.422,0.396,0.116,0.097
1,268221,268.220949,14,4,2,car,0.71,0.61,0.382,0.05,0.055
1,268221,268.221358,14,5,2,car,0.7000000000000001,0.961,0.47000000000000003,0.077,0.214
1,268222,268.221735,14,6,2,car,0.66,0.354,0.372,0.07200000000000001,0.054
1,268222,268.222136,14,7,2,car,0.53,0.638,0.37,0.032,0.041
1,268419,268.418859,15,0,2,car,0.93,0.2,0.435,0.33,0.225
1,268420,268.419703,15,1,2,car,0.91,0.842,0.446,0.31,0.28400000000000003
1,268421,268.420547,15,2,2,car,0.84,0.445,0.384,0.109,0.107
1,268421,268.421243,15,3,2,car,0.84,0.552,0.404,0.13,0.14
1,268422,268.421890,15,4,2,car,0.64,0.626,0.376,0.055,0.056
1,268423,268.422537,15,5,2,car,0.6,0.364,0.363,0.077,0.058
1,268423,268.422971,15,6,2,car,0.56,0.047,0.40900000000000003,0.094,0.17300000000000001
1,268619,268.618719,0,0,2,car,0.91,0.23500000000000001,0.44,0.316,0.233
1,268619,268.619276,0,1,2,car,0.9,0.857,0.456,0.281,0.302
1,268620,268.619891,0,2,2,car,0.89,0.5740000000000001,0.40700000000000003,0.13,0.136
1,268621,268.620546,0,3,2,car,0.84,0.466,0.388,0.111,0.10400000000000001
1,268621,268.621226,0,4,2,car,0.64,0.037,0.387,0.074,0.127
1,268622,268.621660,0,5,2,car,0.5700000000000001,0.646,0.377,0.05,0.06
1,268622,268.622070,0,6,2,car,0.53,0.713,0.382,0.069,0.07
1,268819,268.818727,1,0,2,car,0.92,0.268,0.438,0.302,0.222
1,268819,268.819432,1,1,2,car,0.86,0.59,0.41100000000000003,0.126,0.138
1,268820,268.820185,1,2,2,car,0.8200000000000001,0.869,0.47000000000000003,0.255,0.325
1,268821,268.820890,1,3,2,car,0.72,0.48,0.394,0.10300000000000001,0.098
1,268822,268.821545,1,4,2,car,0.68,0.40700000000000003,0.362,0.07100000000000001,0.063
1,268822,268.821979,1,5,2,car,0.67,0.736,0.387,0.049,0.067
1,268822,268.822381,1,6,2,car,0.66,0.66,0.378,0.048,0.06
1,269019,269.018546,2,0,2,car,0.9,0.28500000000000003,0.438,0.292,0.222
1,269019,269.019431,2,1,2,car,0.84,0.878,0.47200000000000003,0.23900000000000002,0.34700000000000003
1,269020,269.020029,2,2,2,car,0.84,0.6,0.40700000000000003,0.129,0.133
1,269021,269.020668,2,3,2,car,0.81,0.49,0.392,0.10200000000000001,0.099
1,269021,269.021086,2,4,2,car,0.78,0.665,0.374,0.046,0.066
1,269021,269.021454,2,5,2,car,0.74,0.746,0.382,0.064,0.07100000000000001
1,269022,269.021823,2,6,2,car,0.56,0.101,0.371,0.202,0.168
1,269219,269.218718,3,0,2,car,0.91,0.301,0.438,0.28700000000000003,0.221
1,269219,269.219430,3,1,2,car,0.87,0.888,0.485,0.218,0.386
1,269220,269.220184,3,2,2,car,0.84,0.611,0.40900000000000003,0.127,0.14200000000000002
1,269221,269.220790,3,3,2,car,0.79,0.09,0.366,0.18,0.169
1,269221,269.221282,3,4,2,car,0.78,0.499,0.388,0.106,0.10200000000000001
1,269222,269.221757,3,5,2,car,0.75,0.804,0.4,0.077,0.156
1,269222,269.222240,3,6,2,car,0.6900000000000001,0.746,0.38,0.066,0.073
1,269223,269.222707,3,7,2,car,0.61,0.666,0.37,0.041,0.064
1,269419,269.418594,4,0,2,car,0.91,0.313,0.435,0.28,0.218
1,269419,269.419274,4,1,2,car,0.88,0.899,0.499,0.199,0.433
1,269420,269.420028,4,2,2,car,0.87,0.616,0.40700000000000003,0.129,0.14300000000000002
1,269421,269.420667,4,3,2,car,0.81,0.8160000000000001,0.40800000000000003,0.095,0.17500000000000002
1,269421,269.421355,4,4,2,car,0.76,0.502,0.386,0.10300000000000001,0.1
1,269422,269.422002,4,5,2,car,0.72,0.746,0.381,0.067,0.07
1,269422,269.422420,4,6,2,car,0.59,0.07100000000000001,0.371,0.14300000000000002,0.178
1,269619,269.619036,5,0,2,car,0.9,0.616,0.402,0.129,0.138
1,269620,269.619896,5,1,2,car,0.9,0.315,0.433,0.276,0.223
1,269621,269.620781,5,2,2,car,0.86,0.91,0.516,0.17400000000000002,0.482
1,269621,269.621215,5,3,2,car,0.86,0.8320000000000001,0.406,0.117,0.179
1,269622,269.621813,5,4,2,car,0.76,0.742,0.374,0.06,0.074
1,269622,269.622264,5,5,2,car,0.75,0.05,0.369,0.099,0.167
1,269623,269.622682,5,6,2,car,0.75,0.165,0.383,0.152,0.112
1,269623,269.623067,5,7,2,car,0.74,0.505,0.383,0.10200000000000001,0.098
1,269818,269.817979,6,0,2,car,0.9,0.31,0.44,0.279,0.224
1,269819,269.818626,6,1,2,car,0.78,0.127,0.387,0.201,0.113
1,269819,269.819273,6,2,2,car,0.76,0.841,0.41100000000000003,0.138,0.185
1,269820,269.819888,6,3,2,car,0.74,0.491,0.389,0.099,0.098
1,269821,269.820527,6,4,2,car,0.7000000000000001,0.735,0.376,0.061,0.067
1,269821,269.821166,6,5,2,car,0.65,0.612,0.43,0.124,0.101
1,269822,269.821592,6,6,2,car,0.62,0.918,0.5700000000000001,0.163,0.588
1,269822,269.821952,6,7,2,car,0.5700000000000001,0.606,0.377,0.114,0.078
1,270018,270.018175,7,0,2,car,0.9,0.3,0.438,0.277,0.226
1,270019,270.018970,7,1,2,car,0.87,0.603,0.40700000000000003,0.13,0.15
1,270020,270.019682,7,2,2,car,0.85,0.855,0.42,0.161,0.20400000000000001
1,270020,270.020338,7,3,2,car,0.76,0.725,0.378,0.059000000000000004,0.073
1,270021,270.020960,7,4,2,car,0.74,0.486,0.386,0.10300000000000001,0.094
1,270021,270.021394,7,5,2,car,0.71,0.927,0.495,0.146,0.439
1,270022,270.021796,7,6,2,car,0.63,0.089,0.385,0.178,0.106
1,270022,270.022189,7,7,2,car,0.62,0.777,0.387,0.063,0.116
1,270218,270.218404,8,0,2,car,0.92,0.29,0.441,0.28200000000000003,0.23500000000000001
1,270219,270.219010,8,1,2,car,0.88,0.593,0.40700000000000003,0.132,0.152
1,270220,270.219608,8,2,2,car,0.85,0.937,0.494,0.124,0.393
1,270220,270.220222,8,3,2,car,0.8300000000000001,0.47400000000000003,0.382,0.098,0.101
1,270221,270.220853,8,4,2,car,0.8,0.712,0.376,0.065,0.074
1,270221,270.221443,8,5,2,car,0.8,0.873,0.421,0.196,0.217
1,270222,270.221885,8,6,2,car,0.78,0.771,0.389,0.07,0.108
1,270222,270.222295,8,7,2,car,0.7000000000000001,0.064,0.391,0.128,0.122
1,270418,270.418420,9,0,2,car,0.92,0.276,0.441,0.28600000000000003,0.23600000000000002
1,270419,270.419165,9,1,2,car,0.89,0.587,0.40700000000000003,0.132,0.154
1,270420,270.419903,9,2,2,car,0.86,0.9490000000000001,0.534,0.099,0.392
1,270421,270.420607,9,3,2,car,0.8200000000000001,0.883,0.425,0.226,0.226
1,270421,270.421254,9,4,2,car,0.79,0.7030000000000001,0.375,0.063,0.07200000000000001
1,270422,270.421885,9,5,2,car,0.78,0.764,0.387,0.075,0.108
1,270422,270.422311,9,6,2,car,0.66,0.462,0.392,0.096,0.08
1,270423,270.422680,9,7,2,car,0.66,0.032,0.39,0.064,0.11900000000000001
1,270619,270.618501,10,0,2,car,0.93,0.261,0.441,0.291,0.23800000000000002
1,270619,270.619148,10,1,2,car,0.92,0.5750000000000001,0.406,0.135,0.156
1,270620,270.620017,10,2,2,car,0.85,0.882,0.427,0.228,0.23900000000000002
1,270621,270.620893,10,3,2,car,0.81,0.759,0.384,0.09,0.116
1,270621,270.621483,10,4,2,car,0.78,0.6940000000000001,0.376,0.063,0.07
1,270622,270.621917,10,5,2,car,0.75,0.962,0.5630000000000001,0.074,0.419
1,270622,270.622294,10,6,2,car,0.7000000000000001,0.447,0.396,0.093,0.073
1,270623,270.622679,10,7,2,car,0.68,0.075,0.384,0.15,0.108
1,270817,270.817214,11,0,2,car,0.92,0.246,0.441,0.293,0.234
1,270818,270.817772,11,1,2,car,0.88,0.5650000000000001,0.404,0.138,0.159
1,270818,270.818214,11,2,2,car,0.81,0.682,0.374,0.066,0.075
1,270819,270.818812,11,3,2,car,0.78,0.756,0.385,0.1,0.12
1,270819,270.819246,11,4,2,car,0.77,0.438,0.39,0.096,0.074
1,270820,270.819648,11,5,2,car,0.75,0.876,0.427,0.248,0.252
1,270820,270.820016,11,6,2,car,0.52,0.493,0.366,0.051000000000000004,0.059000000000000004
1,271018,271.017591,12,0,2,car,0.91,0.556,0.404,0.14,0.16
1,271018,271.018312,12,1,2,car,0.9,0.23,0.44,0.297,0.23
1,271019,271.018967,12,2,2,car,0.9,0.879,0.431,0.24,0.261
1,271020,271.019623,12,3,2,car,0.85,0.751,0.387,0.111,0.124
1,271020,271.020048,12,4,2,car,0.79,0.671,0.373,0.07200000000000001,0.074
1,271020,271.020458,12,5,2,car,0.76,0.426,0.391,0.094,0.074
1,271218,271.218074,13,0,2,car,0.92,0.218,0.443,0.307,0.23600000000000002
1,271219,271.218762,13,1,2,car,0.92,0.547,0.405,0.14100000000000001,0.163
1,271219,271.219475,13,2,2,car,0.86,0.75,0.39,0.117,0.125
1,271220,271.220081,13,3,2,car,0.85,0.883,0.441,0.232,0.28800000000000003
1,271221,271.220736,13,4,2,car,0.85,0.666,0.376,0.066,0.076
1,271221,271.221367,13,5,2,car,0.8,0.417,0.38,0.094,0.094
1,271222,271.221998,13,6,2,car,0.59,0.07100000000000001,0.379,0.14200000000000002,0.134
1,271222,271.222424,13,7,2,car,0.5,0.47800000000000004,0.369,0.041,0.054
1,271418,271.418000,14,0,2,car,0.9500000000000001,0.20500000000000002,0.442,0.317,0.241
1,271419,271.418868,14,1,2,car,0.92,0.544,0.403,0.14100000000000001,0.167
1,271420,271.419605,14,2,2,car,0.9,0.753,0.391,0.132,0.134
1,271420,271.420269,14,3,2,car,0.89,0.886,0.447,0.227,0.309
1,271421,271.420867,14,4,2,car,0.86,0.664,0.376,0.064,0.077
1,271421,271.421293,14,5,2,car,0.79,0.41300000000000003,0.374,0.093,0.099
1,271422,271.421710,14,6,2,car,0.63,0.062,0.373,0.123,0.138
1,271618,271.617778,15,0,2,car,0.9500000000000001,0.197,0.439,0.321,0.249
1,271619,271.618646,15,1,2,car,0.91,0.543,0.4,0.14400000000000002,0.169
1,271619,271.619170,15,2,2,car,0.91,0.757,0.389,0.14200000000000002,0.137
1,271620,271.620031,15,3,2,car,0.88,0.664,0.372,0.068,0.078
1,271621,271.620661,15,4,2,car,0.85,0.892,0.455,0.216,0.332
1,271621,271.621325,15,5,2,car,0.76,0.41100000000000003,0.37,0.097,0.1
1,271622,271.621759,15,6,2,car,0.66,0.627,0.357,0.044,0.063
1,271622,271.622169,15,7,2,car,0.61,0.055,0.384,0.11,0.17300000000000001
1,271818,271.817613,0,0,2,car,0.9500000000000001,0.188,0.436,0.329,0.244
1,271818,271.818359,0,1,2,car,0.93,0.541,0.399,0.148,0.17200000000000001
1,271819,271.819080,0,2,2,car,0.93,0.767,0.391,0.158,0.14200000000000002
1,271820,271.819752,0,3,2,car,0.87,0.902,0.463,0.196,0.372
1,271820,271.820341,0,4,2,car,0.87,0.666,0.372,0.07100000000000001,0.08
1,271821,271.820923,0,5,2,car,0.79,0.40900000000000003,0.368,0.095,0.099
1,271821,271.821316,0,6,2,car,0.63,0.628,0.353,0.044,0.056
1,271822,271.821693,0,7,2,car,0.53,0.467,0.373,0.042,0.081
1,272017,272.017236,1,0,2,car,0.9400000000000001,0.541,0.404,0.15,0.171
1,272018,272.017949,1,1,2,car,0.9400000000000001,0.178,0.443,0.336,0.258
1,272019,272.018596,1,2,2,car,0.91,0.781,0.397,0.17500000000000002,0.149
1,272019,272.019259,1,3,2,car,0.86,0.907,0.485,0.185,0.41200000000000003
1,272020,272.019882,1,4,2,car,0.84,0.41100000000000003,0.375,0.1,0.1
1,272021,272.020505,1,5,2,car,0.79,0.668,0.378,0.073,0.084
1,272021,272.020922,1,6,2,car,0.61,0.625,0.375,0.043000000000000003,0.084
1,272021,272.021316,1,7,2,car,0.54,0.464,0.362,0.043000000000000003,0.058
1,272217,272.217448,2,0,2,car,0.9400000000000001,0.171,0.448,0.342,0.264
1,272218,272.218186,2,1,2,car,0.93,0.541,0.41000000000000003,0.152,0.17500000000000002
1,272219,272.218890,2,2,2,car,0.9,0.789,0.40700000000000003,0.189,0.148
1,272220,272.219537,2,3,2,car,0.85,0.41000000000000003,0.382,0.10200000000000001,0.101
1,272220,272.220160,2,4,2,car,0.81,0.669,0.386,0.078,0.08700000000000001
1,272221,272.220766,2,5,2,car,0.79,0.914,0.466,0.169,0.369
1,272221,272.221405,2,6,2,car,0.56,0.627,0.377,0.044,0.078
1,272418,272.417604,3,0,2,car,0.9500000000000001,0.169,0.449,0.338,0.272
1,272418,272.418267,3,1,2,car,0.93,0.542,0.41100000000000003,0.152,0.176
1,272419,272.418857,3,2,2,car,0.91,0.786,0.41000000000000003,0.182,0.161
1,272420,272.419529,3,3,2,car,0.85,0.672,0.386,0.076,0.083
1,272420,272.419963,3,4,2,car,0.84,0.932,0.47700000000000004,0.134,0.367
1,272420,272.420372,3,5,2,car,0.8200000000000001,0.40900000000000003,0.383,0.099,0.095
1,272421,272.420741,3,6,2,car,0.53,0.625,0.368,0.045,0.062
1,272617,272.616956,4,0,2,car,0.9400000000000001,0.164,0.438,0.329,0.25
1,272618,272.617677,4,1,2,car,0.93,0.792,0.41200000000000003,0.193,0.167
1,272618,272.618258,4,2,2,car,0.91,0.541,0.41000000000000003,0.151,0.177
1,272619,272.618865,4,3,2,car,0.86,0.672,0.387,0.08,0.083
1,272619,272.619487,4,4,2,car,0.85,0.40700000000000003,0.378,0.092,0.098
1,272620,272.619889,4,5,2,car,0.78,0.9450000000000001,0.514,0.108,0.34
1,272620,272.620257,4,6,2,car,0.58,0.342,0.37,0.044,0.041
1,272621,272.620634,4,7,2,car,0.5700000000000001,0.625,0.366,0.048,0.055
1,272818,272.817578,5,0,2,car,0.9400000000000001,0.163,0.441,0.326,0.268
1,272819,272.818602,5,1,2,car,0.93,0.799,0.41400000000000003,0.199,0.178
1,272819,272.819470,5,2,2,car,0.91,0.539,0.41000000000000003,0.152,0.178
1,272820,272.820109,5,3,2,car,0.84,0.671,0.386,0.077,0.08600000000000001
1,272821,272.820740,5,4,2,car,0.8300000000000001,0.40900000000000003,0.38,0.099,0.101
1,272821,272.821355,5,5,2,car,0.6900000000000001,0.963,0.53,0.074,0.321
1,272822,272.821781,5,6,2,car,0.58,0.622,0.367,0.045,0.061
1,272822,272.822182,5,7,2,car,0.52,0.331,0.368,0.048,0.041
1,273017,273.017397,6,0,2,car,0.9500000000000001,0.162,0.45,0.323,0.279
1,273018,273.018282,6,1,2,car,0.93,0.539,0.41200000000000003,0.154,0.178
1,273019,273.019142,6,2,2,car,0.92,0.806,0.419,0.20700000000000002,0.184
1,273020,273.019855,6,3,2,car,0.8200000000000001,0.40800000000000003,0.382,0.097,0.10300000000000001
1,273021,273.020502,6,4,2,car,0.79,0.674,0.389,0.083,0.089
1,273021,273.021133,6,5,2,car,0.56,0.622,0.364,0.047,0.057
1,273022,273.021731,6,6,2,car,0.51,0.46,0.362,0.044,0.043000000000000003
1,273217,273.216881,7,0,2,car,0.93,0.8140000000000001,0.425,0.213,0.197
1,273218,273.217708,7,1,2,car,0.93,0.159,0.447,0.317,0.278
1,273218,273.218372,7,2,2,car,0.9,0.537,0.41300000000000003,0.15,0.176
1,273219,273.218978,7,3,2,car,0.8300000000000001,0.677,0.391,0.088,0.09
1,273220,273.219576,7,4,2,car,0.8200000000000001,0.40700000000000003,0.38,0.097,0.099
1,273220,273.220198,7,5,2,car,0.7000000000000001,0.62,0.369,0.045,0.064
1,273221,273.220616,7,6,2,car,0.58,0.304,0.364,0.047,0.044
1,273417,273.417020,8,0,2,car,0.9400000000000001,0.158,0.458,0.316,0.276
1,273418,273.417724,8,1,2,car,0.93,0.8200000000000001,0.438,0.222,0.201
1,273418,273.418428,8,2,2,car,0.91,0.537,0.421,0.153,0.17500000000000002
1,273419,273.419174,8,3,2,car,0.8200000000000001,0.677,0.399,0.085,0.088
1,273420,273.419805,8,4,2,car,0.8200000000000001,0.404,0.388,0.091,0.096
1,273420,273.420231,8,5,2,car,0.62,0.463,0.385,0.038,0.063
1,273421,273.420624,8,6,2,car,0.6,0.621,0.379,0.043000000000000003,0.06
1,273421,273.420993,8,7,2,car,0.5700000000000001,0.293,0.369,0.041,0.039
1,273617,273.616552,9,0,2,car,0.9500000000000001,0.156,0.464,0.313,0.273
1,273617,273.617281,9,1,2,car,0.92,0.536,0.425,0.153,0.17500000000000002
1,273618,273.617879,9,2,2,car,0.9,0.8290000000000001,0.445,0.23600000000000002,0.20600000000000002
1,273618,273.618321,9,3,2,car,0.85,0.406,0.392,0.093,0.096
1,273619,273.618698,9,4,2,car,0.81,0.678,0.40700000000000003,0.093,0.092
1,273619,273.619075,9,5,2,car,0.68,0.618,0.384,0.046,0.059000000000000004
1,273619,273.619444,9,6,2,car,0.56,0.462,0.379,0.043000000000000003,0.048
1,273817,273.817002,10,0,2,car,0.9400000000000001,0.156,0.455,0.312,0.272
1,273818,273.817838,10,1,2,car,0.91,0.536,0.425,0.153,0.17400000000000002
1,273819,273.818690,10,2,2,car,0.91,0.838,0.449,0.245,0.218
1,273820,273.819582,10,3,2,car,0.88,0.40700000000000003,0.393,0.098,0.096
1,273820,273.820246,10,4,2,car,0.8300000000000001,0.684,0.406,0.098,0.093
1,273821,273.820664,10,5,2,car,0.63,0.619,0.392,0.048,0.075
1,273821,273.821049,10,6,2,car,0.6,0.9470000000000001,0.40700000000000003,0.101,0.11900000000000001
1,274017,274.016748,11,0,2,car,0.9400000000000001,0.155,0.45,0.31,0.268
1,274018,274.017616,11,1,2,car,0.92,0.851,0.446,0.256,0.231
1,274019,274.018501,11,2,2,car,0.92,0.537,0.422,0.152,0.176
1,274019,274.019099,11,3,2,car,0.84,0.41200000000000003,0.388,0.099,0.096
1,274020,274.019557,11,4,2,car,0.8300000000000001,0.687,0.401,0.095,0.096
1,274020,274.019967,11,5,2,car,0.58,0.621,0.378,0.043000000000000003,0.059000000000000004
1,274020,274.020352,11,6,2,car,0.5700000000000001,0.962,0.40700000000000003,0.076,0.133
1,274216,274.216280,12,0,2,car,0.9400000000000001,0.154,0.452,0.307,0.273
1,274217,274.216968,12,1,2,car,0.91,0.538,0.41600000000000004,0.151,0.17400000000000002
1,274217,274.217370,12,2,2,car,0.91,0.862,0.444,0.268,0.233
1,274218,274.217763,12,3,2,car,0.8300000000000001,0.686,0.396,0.097,0.091
1,274218,274.218148,12,4,2,car,0.77,0.41000000000000003,0.381,0.094,0.094
1,274218,274.218500,12,5,2,car,0.7000000000000001,0.359,0.368,0.042,0.037
1,274219,274.218853,12,6,2,car,0.66,0.621,0.373,0.045,0.059000000000000004
1,274219,274.219205,12,7,2,car,0.53,0.29,0.368,0.044,0.04
1,274416,274.416222,13,0,2,car,0.93,0.152,0.456,0.304,0.28
1,274417,274.416951,13,1,2,car,0.91,0.537,0.41600000000000004,0.151,0.176
1,274417,274.417484,13,2,2,car,0.9,0.865,0.448,0.265,0.24
1,274418,274.417951,13,3,2,car,0.84,0.6890000000000001,0.399,0.099,0.097
1,274418,274.418352,13,4,2,car,0.8200000000000001,0.41000000000000003,0.382,0.096,0.099
1,274419,274.418721,13,5,2,car,0.8,0.356,0.369,0.044,0.042
1,274419,274.419098,13,6,2,car,0.71,0.619,0.37,0.046,0.049
1,274616,274.616476,14,0,2,car,0.9400000000000001,0.151,0.46,0.302,0.3
1,274617,274.617205,14,1,2,car,0.91,0.536,0.41500000000000004,0.151,0.17500000000000002
1,274618,274.617926,14,2,2,car,0.91,0.866,0.448,0.266,0.243
1,274619,274.618565,14,3,2,car,0.84,0.6890000000000001,0.398,0.10200000000000001,0.097
1,274619,274.618999,14,4,2,car,0.8300000000000001,0.40900000000000003,0.38,0.089,0.096
1,274619,274.619425,14,5,2,car,0.76,0.352,0.366,0.05,0.041
1,274620,274.619802,14,6,2,car,0.53,0.621,0.367,0.045,0.048
1,274817,274.816516,15,0,2,car,0.92,0.15,0.449,0.3,0.278
1,274817,274.817270,15,1,2,car,0.92,0.534,0.41000000000000003,0.151,0.17500000000000002
1,274818,274.818007,15,2,2,car,0.89,0.866,0.444,0.26,0.252
1,274818,274.818449,15,3,2,car,0.85,0.40800000000000003,0.376,0.091,0.091
1,274819,274.818843,15,4,2,car,0.85,0.686,0.392,0.1,0.099
1,274819,274.819220,15,5,2,car,0.72,0.342,0.36,0.053,0.046
1,274820,274.819596,15,6,2,car,0.7000000000000001,0.618,0.383,0.048,0.094
1,275016,275.016262,0,0,2,car,0.9400000000000001,0.15,0.449,0.299,0.28800000000000003
1,275017,275.016966,0,1,2,car,0.91,0.531,0.41400000000000003,0.152,0.17400000000000002
1,275018,275.017687,0,2,2,car,0.87,0.87,0.452,0.257,0.256
1,275018,275.018400,0,3,2,car,0.86,0.687,0.398,0.098,0.1
1,275019,275.018850,0,4,2,car,0.84,0.406,0.38,0.09,0.098
1,275019,275.019260,0,5,2,car,0.76,0.336,0.364,0.053,0.042
1,275020,275.019637,0,6,2,car,0.62,0.617,0.389,0.053,0.092
1,275020,275.020005,0,7,2,car,0.52,0.461,0.374,0.031,0.053
1,275216,275.215524,1,0,2,car,0.9400000000000001,0.149,0.444,0.296,0.28200000000000003
1,275216,275.216286,1,1,2,car,0.88,0.53,0.41300000000000003,0.152,0.17400000000000002
1,275217,275.217121,1,2,2,car,0.86,0.873,0.461,0.251,0.274
1,275218,275.217687,1,3,2,car,0.8200000000000001,0.687,0.399,0.094,0.099
1,275218,275.218080,1,4,2,car,0.79,0.404,0.381,0.09,0.094
1,275218,275.218465,1,5,2,car,0.76,0.328,0.365,0.054,0.044
1,275219,275.218833,1,6,2,car,0.76,0.618,0.393,0.056,0.098
1,275416,275.416392,2,0,2,car,0.93,0.149,0.441,0.297,0.269
1,275417,275.417104,2,1,2,car,0.87,0.875,0.463,0.246,0.28200000000000003
1,275418,275.417817,2,2,2,car,0.86,0.53,0.41500000000000004,0.147,0.181
1,275418,275.418333,2,3,2,car,0.85,0.687,0.399,0.098,0.10300000000000001
1,275419,275.418735,2,4,2,car,0.8,0.404,0.381,0.09,0.091
1,275419,275.419095,2,5,2,car,0.75,0.312,0.365,0.07100000000000001,0.049
1,275419,275.419472,2,6,2,car,0.74,0.619,0.394,0.054,0.098
1,275615,275.615318,3,0,2,car,0.93,0.149,0.438,0.297,0.264
1,275616,275.615965,3,1,2,car,0.9,0.528,0.41400000000000003,0.149,0.17500000000000002
1,275617,275.616612,3,2,2,car,0.87,0.877,0.46900000000000003,0.244,0.293
1,275617,275.617030,3,3,2,car,0.84,0.6890000000000001,0.402,0.097,0.099
1,275617,275.617440,3,4,2,car,0.8,0.403,0.384,0.08700000000000001,0.095
1,275618,275.617800,3,5,2,car,0.71,0.615,0.394,0.057,0.096
1,275618,275.618177,3,6,2,car,0.65,0.306,0.367,0.066,0.041
1,275817,275.816628,4,0,2,car,0.9400000000000001,0.15,0.435,0.299,0.262
1,275817,275.817374,4,1,2,car,0.89,0.528,0.41300000000000003,0.149,0.178
1,275818,275.818046,4,2,2,car,0.87,0.883,0.47000000000000003,0.231,0.3
1,275819,275.818676,4,3,2,car,0.85,0.6880000000000001,0.402,0.098,0.10300000000000001
1,275819,275.819209,4,4,2,car,0.81,0.404,0.379,0.08700000000000001,0.09
1,275820,275.819602,4,5,2,car,0.74,0.299,0.366,0.058,0.045
1,275820,275.819971,4,6,2,car,0.7000000000000001,0.616,0.389,0.055,0.09
1,276016,276.016259,5,0,2,car,0.93,0.149,0.435,0.298,0.272
1,276017,276.016972,5,1,2,car,0.9,0.887,0.47300000000000003,0.226,0.312
1,276018,276.017709,5,2,2,car,0.89,0.527,0.41300000000000003,0.146,0.17400000000000002
1,276018,276.018455,5,3,2,car,0.84,0.6900000000000001,0.404,0.095,0.105
1,276019,276.018897,5,4,2,car,0.77,0.406,0.381,0.085,0.093
1,276019,276.019274,5,5,2,car,0.72,0.295,0.366,0.069,0.055
1,276020,276.019651,5,6,2,car,0.6900000000000001,0.617,0.394,0.053,0.094
1,276020,276.020044,5,7,2,car,0.56,0.353,0.364,0.044,0.054
1,276215,276.215095,6,0,2,car,0.91,0.15,0.439,0.3,0.253
1,276216,276.215579,6,1,2,car,0.89,0.89,0.485,0.219,0.326
1,276216,276.215980,6,2,2,car,0.86,0.526,0.418,0.147,0.17
1,276216,276.216373,6,3,2,car,0.84,0.6880000000000001,0.404,0.101,0.101
1,276217,276.216734,6,4,2,car,0.73,0.41000000000000003,0.388,0.088,0.08700000000000001
1,276217,276.217078,6,5,2,car,0.7000000000000001,0.28800000000000003,0.369,0.07100000000000001,0.055
1,276217,276.217463,6,6,2,car,0.6900000000000001,0.616,0.396,0.055,0.093
1,276218,276.217815,6,7,2,car,0.6,0.34700000000000003,0.365,0.048,0.057
1,276415,276.415463,7,0,2,car,0.91,0.151,0.444,0.302,0.258
1,276416,276.416062,7,1,2,car,0.88,0.687,0.405,0.109,0.10300000000000001
1,276417,276.416692,7,2,2,car,0.87,0.526,0.417,0.146,0.167
1,276417,276.417102,7,3,2,car,0.87,0.893,0.503,0.213,0.36
1,276417,276.417495,7,4,2,car,0.81,0.41000000000000003,0.387,0.085,0.085
1,276418,276.417872,7,5,2,car,0.71,0.342,0.366,0.056,0.058
1,276418,276.418265,7,6,2,car,0.62,0.278,0.371,0.069,0.06
1,276419,276.418650,7,7,2,car,0.58,0.616,0.377,0.048,0.05
1,276615,276.615414,8,0,2,car,0.92,0.151,0.443,0.302,0.252
1,276616,276.616299,8,1,2,car,0.86,0.895,0.504,0.20800000000000002,0.361
1,276617,276.617019,8,2,2,car,0.85,0.527,0.421,0.14400000000000002,0.17200000000000001
1,276618,276.617667,8,3,2,car,0.8200000000000001,0.687,0.40700000000000003,0.111,0.10400000000000001
1,276618,276.618084,8,4,2,car,0.74,0.40800000000000003,0.385,0.082,0.088
1,276618,276.618478,8,5,2,car,0.63,0.34,0.367,0.05,0.058
1,276619,276.618846,8,6,2,car,0.54,0.616,0.378,0.049,0.051000000000000004
1,276619,276.619240,8,7,2,car,0.54,0.271,0.369,0.085,0.067
1,276816,276.816036,9,0,2,car,0.9,0.525,0.423,0.146,0.168
1,276817,276.816757,9,1,2,car,0.9,0.899,0.515,0.201,0.383
1,276817,276.817412,9,2,2,car,0.89,0.152,0.441,0.303,0.23900000000000002
1,276818,276.818035,9,3,2,car,0.84,0.6920000000000001,0.41000000000000003,0.10300000000000001,0.101
1,276819,276.818657,9,4,2,car,0.8200000000000001,0.41200000000000003,0.391,0.08700000000000001,0.088
1,276819,276.819280,9,5,2,car,0.78,0.335,0.368,0.062,0.06
1,276820,276.819706,9,6,2,car,0.64,0.759,0.392,0.069,0.05
1,276820,276.820091,9,7,2,car,0.59,0.266,0.371,0.085,0.062
1,277016,277.015921,10,0,2,car,0.91,0.902,0.533,0.194,0.41000000000000003
1,277017,277.016658,10,1,2,car,0.91,0.526,0.426,0.146,0.168
1,277017,277.017379,10,2,2,car,0.89,0.152,0.452,0.303,0.257
1,277018,277.018034,10,3,2,car,0.85,0.6940000000000001,0.41500000000000004,0.10200000000000001,0.10400000000000001
1,277019,277.018682,10,4,2,car,0.79,0.41200000000000003,0.393,0.085,0.09
1,277019,277.019099,10,5,2,car,0.7000000000000001,0.767,0.397,0.07100000000000001,0.05
1,277020,277.019501,10,6,2,car,0.7000000000000001,0.329,0.37,0.069,0.063
1,277020,277.019910,10,7,2,car,0.5700000000000001,0.616,0.383,0.055,0.058
1,277215,277.214954,11,0,2,car,0.92,0.152,0.446,0.303,0.25
1,277215,277.215470,11,1,2,car,0.86,0.527,0.426,0.14300000000000002,0.171
1,277216,277.215920,11,2,2,car,0.84,0.6930000000000001,0.41400000000000003,0.105,0.10200000000000001
1,277216,277.216322,11,3,2,car,0.81,0.906,0.529,0.188,0.44
1,277217,277.216690,11,4,2,car,0.8,0.41500000000000004,0.39,0.08600000000000001,0.08700000000000001
1,277217,277.217083,11,5,2,car,0.71,0.774,0.394,0.081,0.052000000000000005
1,277217,277.217460,11,6,2,car,0.66,0.317,0.367,0.057,0.069
1,277218,277.217854,11,7,2,car,0.66,0.617,0.381,0.05,0.054
1,277416,277.415731,12,0,2,car,0.86,0.6970000000000001,0.41000000000000003,0.099,0.10400000000000001
1,277416,277.416436,12,1,2,car,0.84,0.153,0.464,0.304,0.298
1,277417,277.417181,12,2,2,car,0.8300000000000001,0.418,0.384,0.088,0.089
1,277418,277.417919,12,3,2,car,0.8300000000000001,0.526,0.419,0.14400000000000002,0.169
1,277419,277.418549,12,4,2,car,0.79,0.909,0.525,0.18,0.41500000000000004
1,277419,277.418967,12,5,2,car,0.75,0.785,0.394,0.092,0.052000000000000005
1,277419,277.419369,12,6,2,car,0.62,0.616,0.377,0.052000000000000005,0.051000000000000004
1,277420,277.419745,12,7,2,car,0.61,0.312,0.36,0.059000000000000004,0.066
1,277616,277.615755,13,0,2,car,0.91,0.153,0.435,0.306,0.254
1,277616,277.616460,13,1,2,car,0.88,0.7000000000000001,0.402,0.096,0.108
1,277617,277.616968,13,2,2,car,0.85,0.913,0.531,0.171,0.438
1,277617,277.617451,13,3,2,car,0.84,0.41600000000000004,0.376,0.082,0.08700000000000001
1,277618,277.617828,13,4,2,car,0.8200000000000001,0.527,0.41300000000000003,0.14,0.171
1,277618,277.618205,13,5,2,car,0.6900000000000001,0.792,0.385,0.105,0.057
1,277619,277.618590,13,6,2,car,0.59,0.303,0.35000000000000003,0.061,0.068
1,277619,277.619196,13,7,2,car,0.56,0.619,0.372,0.055,0.054
1,277816,277.815526,14,0,2,car,0.9,0.154,0.435,0.307,0.23900000000000002
1,277816,277.816173,14,1,2,car,0.89,0.526,0.41300000000000003,0.14400000000000002,0.168
1,277817,277.816902,14,2,2,car,0.88,0.6980000000000001,0.404,0.10200000000000001,0.106
1,277818,277.817516,14,3,2,car,0.85,0.41600000000000004,0.377,0.079,0.085
1,277818,277.818163,14,4,2,car,0.8200000000000001,0.917,0.509,0.164,0.385
1,277819,277.818786,14,5,2,car,0.67,0.801,0.389,0.116,0.06
1,277819,277.819425,14,6,2,car,0.63,0.618,0.377,0.054,0.055
1,278016,278.015844,15,0,2,car,0.93,0.155,0.437,0.31,0.23900000000000002
1,278017,278.016524,15,1,2,car,0.91,0.526,0.417,0.145,0.165
1,278017,278.017253,15,2,2,car,0.89,0.6970000000000001,0.40700000000000003,0.109,0.106
1,278018,278.017950,15,3,2,car,0.88,0.92,0.5,0.158,0.355
1,278019,278.018581,15,4,2,car,0.8200000000000001,0.418,0.379,0.08,0.083
1,278019,278.018998,15,5,2,car,0.68,0.807,0.393,0.131,0.061
1,278019,278.019392,15,6,2,car,0.64,0.619,0.4,0.059000000000000004,0.08600000000000001
1,278020,278.019777,15,7,2,car,0.61,0.28500000000000003,0.355,0.063,0.075
1,278215,278.214894,0,0,2,car,0.9,0.924,0.505,0.149,0.343
1,278216,278.215541,0,1,2,car,0.89,0.155,0.431,0.31,0.234
1,278216,278.216172,0,2,2,car,0.88,0.7020000000000001,0.405,0.101,0.11
1,278217,278.216778,0,3,2,car,0.87,0.526,0.41400000000000003,0.14200000000000002,0.164
1,278217,278.217228,0,4,2,car,0.85,0.418,0.378,0.079,0.083
1,278218,278.217638,0,5,2,car,0.72,0.621,0.397,0.065,0.094
1,278218,278.218040,0,6,2,car,0.7000000000000001,0.8200000000000001,0.394,0.134,0.063
1,278218,278.218424,0,7,2,car,0.5700000000000001,0.277,0.352,0.061,0.076
1,278416,278.415606,1,0,2,car,0.91,0.156,0.433,0.311,0.23
1,278416,278.416351,1,1,2,car,0.9,0.526,0.41400000000000003,0.14400000000000002,0.162
1,278417,278.417048,1,2,2,car,0.86,0.929,0.511,0.138,0.334
1,278418,278.417768,1,3,2,car,0.85,0.7030000000000001,0.40700000000000003,0.099,0.108
1,278418,278.418375,1,4,2,car,0.84,0.422,0.379,0.079,0.082
1,278419,278.419038,1,5,2,car,0.67,0.764,0.391,0.051000000000000004,0.061
1,278419,278.419489,1,6,2,car,0.59,0.618,0.374,0.056,0.052000000000000005
1,278420,278.419882,1,7,2,car,0.59,0.354,0.367,0.049,0.052000000000000005
1,278616,278.615540,2,0,2,car,0.92,0.157,0.432,0.313,0.24
1,278616,278.616269,2,1,2,car,0.88,0.528,0.417,0.145,0.164
1,278617,278.616998,2,2,2,car,0.84,0.705,0.406,0.1,0.10400000000000001
1,278618,278.617514,2,3,2,car,0.8300000000000001,0.935,0.527,0.131,0.34400000000000003
1,278618,278.618014,2,4,2,car,0.8,0.422,0.381,0.077,0.08
1,278618,278.618497,2,5,2,car,0.76,0.859,0.401,0.154,0.07
1,278619,278.618890,2,6,2,car,0.74,0.773,0.396,0.058,0.064
1,278619,278.619284,2,7,2,car,0.63,0.618,0.377,0.055,0.049
1,278815,278.815261,3,0,2,car,0.91,0.157,0.434,0.315,0.23
1,278816,278.816145,3,1,2,car,0.88,0.527,0.41600000000000004,0.148,0.167
1,278817,278.817014,3,2,2,car,0.8200000000000001,0.7010000000000001,0.406,0.113,0.105
1,278818,278.817874,3,3,2,car,0.75,0.423,0.38,0.076,0.078
1,278819,278.818718,3,4,2,car,0.7000000000000001,0.935,0.54,0.13,0.375
1,278819,278.819373,3,5,2,car,0.67,0.617,0.376,0.054,0.052000000000000005
1,278820,278.819799,3,6,2,car,0.64,0.788,0.396,0.075,0.066
1,278820,278.820192,3,7,2,car,0.62,0.873,0.401,0.177,0.076
1,279015,279.014613,4,0,2,car,0.9,0.16,0.428,0.318,0.246
1,279015,279.015358,4,1,2,car,0.88,0.526,0.41200000000000003,0.147,0.17
1,279016,279.016071,4,2,2,car,0.84,0.704,0.406,0.10400000000000001,0.106
1,279017,279.016505,4,3,2,car,0.77,0.425,0.38,0.077,0.075
1,279017,279.016907,4,4,2,car,0.72,0.9470000000000001,0.551,0.106,0.341
1,279017,279.017284,4,5,2,car,0.67,0.891,0.405,0.189,0.078
1,279018,279.017661,4,6,2,car,0.61,0.801,0.396,0.078,0.07200000000000001
1,279018,279.018045,4,7,2,car,0.5700000000000001,0.618,0.383,0.054,0.069
1,279215,279.215342,5,0,2,car,0.88,0.165,0.41400000000000003,0.315,0.23800000000000002
1,279216,279.216054,5,1,2,car,0.85,0.529,0.40700000000000003,0.145,0.171
1,279217,279.216734,5,2,2,car,0.8,0.426,0.371,0.075,0.085
1,279217,279.217373,5,3,2,car,0.77,0.704,0.397,0.10300000000000001,0.10400000000000001
1,279218,279.218029,5,4,2,car,0.76,0.618,0.372,0.051000000000000004,0.057
1,279219,279.218676,5,5,2,car,0.65,0.041,0.401,0.083,0.181
1,279219,279.219298,5,6,2,car,0.63,0.8260000000000001,0.394,0.098,0.074
1,279220,279.219741,5,7,2,car,0.59,0.764,0.385,0.061,0.058
1,279415,279.415267,6,0,2,car,0.88,0.169,0.41000000000000003,0.309,0.247
1,279416,279.415997,6,1,2,car,0.8200000000000001,0.7030000000000001,0.399,0.113,0.106
1,279417,279.416758,6,2,2,car,0.8,0.426,0.375,0.073,0.076
1,279418,279.417520,6,3,2,car,0.79,0.532,0.40800000000000003,0.14100000000000001,0.171
1,279418,279.418331,6,4,2,car,0.74,0.619,0.374,0.051000000000000004,0.054
1,279419,279.419110,6,5,2,car,0.71,0.964,0.56,0.07200000000000001,0.39
1,279420,279.419609,6,6,2,car,0.63,0.78,0.389,0.066,0.059000000000000004
1,279420,279.420002,6,7,2,car,0.6,0.835,0.396,0.085,0.073
1,279615,279.615259,7,0,2,car,0.88,0.17400000000000002,0.41100000000000003,0.303,0.246
1,279616,279.616029,7,1,2,car,0.8200000000000001,0.53,0.40800000000000003,0.147,0.169
1,279617,279.616791,7,2,2,car,0.81,0.7000000000000001,0.401,0.115,0.107
1,279617,279.617487,7,3,2,car,0.74,0.619,0.375,0.048,0.051000000000000004
1,279618,279.618044,7,4,2,car,0.72,0.853,0.401,0.11900000000000001,0.077
1,279619,279.618585,7,5,2,car,0.6900000000000001,0.428,0.384,0.074,0.061
1,279619,279.618953,7,6,2,car,0.6900000000000001,0.783,0.394,0.065,0.061
1,279619,279.619404,7,7,2,car,0.67,0.937,0.41300000000000003,0.122,0.094
1,279815,279.814660,8,0,2,car,0.91,0.181,0.428,0.303,0.23700000000000002
1,279815,279.815398,8,1,2,car,0.8300000000000001,0.426,0.374,0.076,0.079
1,279816,279.816135,8,2,2,car,0.8,0.531,0.40700000000000003,0.149,0.17200000000000001
1,279817,279.816872,8,3,2,car,0.79,0.7020000000000001,0.399,0.115,0.106
1,279818,279.817617,8,4,2,car,0.71,0.804,0.394,0.064,0.063
1,279818,279.818265,8,5,2,car,0.66,0.619,0.375,0.051000000000000004,0.053
1,279819,279.818723,8,6,2,car,0.61,0.9500000000000001,0.418,0.098,0.09
1,279819,279.819100,8,7,2,car,0.56,0.874,0.406,0.112,0.08
1,280015,280.014897,9,0,2,car,0.92,0.183,0.419,0.295,0.22
1,280016,280.015700,9,1,2,car,0.84,0.7010000000000001,0.4,0.112,0.10400000000000001
1,280016,280.016478,9,2,2,car,0.81,0.531,0.406,0.14400000000000002,0.169
1,280017,280.017240,9,3,2,car,0.8,0.426,0.375,0.077,0.081
1,280018,280.017773,9,4,2,car,0.67,0.812,0.397,0.091,0.073
1,280018,280.018322,9,5,2,car,0.63,0.619,0.375,0.056,0.056
1,280019,280.018764,9,6,2,car,0.58,0.777,0.392,0.054,0.065
1,280019,280.019223,9,7,2,car,0.5700000000000001,0.909,0.423,0.098,0.074
1,280215,280.214823,10,0,2,car,0.91,0.187,0.42,0.293,0.221
1,280216,280.215577,10,1,2,car,0.85,0.527,0.40700000000000003,0.148,0.171
1,280216,280.216339,10,2,2,car,0.8300000000000001,0.6990000000000001,0.401,0.115,0.10400000000000001
1,280217,280.217117,10,3,2,car,0.76,0.8300000000000001,0.399,0.1,0.081
1,280218,280.217887,10,4,2,car,0.76,0.617,0.378,0.055,0.054
1,280219,280.218567,10,5,2,car,0.75,0.423,0.373,0.07200000000000001,0.082
1,280219,280.219066,10,6,2,car,0.72,0.924,0.41600000000000004,0.146,0.098
1,280220,280.219501,10,7,2,car,0.71,0.062,0.354,0.124,0.153
1,280414,280.414446,11,0,2,car,0.9,0.9380000000000001,0.423,0.122,0.114
1,280415,280.415216,11,1,2,car,0.9,0.19,0.421,0.28200000000000003,0.215
1,280416,280.415961,11,2,2,car,0.85,0.528,0.41200000000000003,0.148,0.17200000000000001
1,280417,280.416715,11,3,2,car,0.8200000000000001,0.7000000000000001,0.405,0.10400000000000001,0.10200000000000001
1,280417,280.417272,11,4,2,car,0.81,0.052000000000000005,0.357,0.105,0.167
1,280418,280.417788,11,5,2,car,0.78,0.423,0.38,0.076,0.08
1,280418,280.418263,11,6,2,car,0.76,0.856,0.40900000000000003,0.107,0.08700000000000001
1,280419,280.418624,11,7,2,car,0.71,0.795,0.401,0.08,0.073
1,280615,280.614814,12,0,2,car,0.9,0.192,0.429,0.28,0.215
1,280616,280.615559,12,1,2,car,0.85,0.9530000000000001,0.436,0.093,0.123
1,280616,280.616338,12,2,2,car,0.8300000000000001,0.528,0.418,0.147,0.168
1,280617,280.616903,12,3,2,car,0.8300000000000001,0.6980000000000001,0.40900000000000003,0.11,0.097
1,280617,280.617443,12,4,2,car,0.78,0.423,0.386,0.077,0.078
1,280618,280.617976,12,5,2,car,0.75,0.026000000000000002,0.359,0.052000000000000005,0.17400000000000002
1,280619,280.618557,12,6,2,car,0.68,0.871,0.418,0.136,0.093
1,280619,280.619016,12,7,2,car,0.67,0.617,0.391,0.055,0.05
1,280814,280.814404,13,0,2,car,0.9,0.197,0.427,0.273,0.212
1,280815,280.815239,13,1,2,car,0.86,0.917,0.428,0.152,0.111
1,280816,280.816026,13,2,2,car,0.85,0.529,0.419,0.147,0.169
1,280817,280.816771,13,3,2,car,0.8300000000000001,0.6960000000000001,0.41100000000000003,0.107,0.1
1,280818,280.817517,13,4,2,car,0.77,0.425,0.388,0.083,0.081
1,280818,280.817992,13,5,2,car,0.77,0.8300000000000001,0.41200000000000003,0.085,0.082
1,280818,280.818467,13,6,2,car,0.61,0.618,0.398,0.052000000000000005,0.044
1,280819,280.818909,13,7,2,car,0.6,0.067,0.378,0.138,0.111
1,281014,281.013953,14,0,2,car,0.9,0.197,0.423,0.277,0.20400000000000001
1,281015,281.014731,14,1,2,car,0.89,0.931,0.425,0.13,0.111
1,281015,281.015394,14,2,2,car,0.85,0.525,0.41500000000000004,0.149,0.17300000000000001
1,281016,281.015886,14,3,2,car,0.78,0.7010000000000001,0.406,0.11800000000000001,0.096
1,281016,281.016427,14,4,2,car,0.77,0.421,0.384,0.077,0.083
1,281017,281.016869,14,5,2,car,0.77,0.852,0.41000000000000003,0.095,0.083
1,281017,281.017319,14,6,2,car,0.7000000000000001,0.613,0.388,0.054,0.052000000000000005
1,281018,281.017770,14,7,2,car,0.61,0.058,0.34700000000000003,0.115,0.18
1,281214,281.214460,15,0,2,car,0.91,0.198,0.426,0.274,0.20700000000000002
1,281215,281.215320,15,1,2,car,0.87,0.9470000000000001,0.431,0.10300000000000001,0.113
1,281216,281.216139,15,2,2,car,0.84,0.524,0.41500000000000004,0.149,0.17500000000000002
1,281217,281.216909,15,3,2,car,0.77,0.423,0.386,0.079,0.082
1,281218,281.217622,15,4,2,car,0.74,0.7000000000000001,0.40700000000000003,0.115,0.098
1,281218,281.218335,15,5,2,car,0.67,0.618,0.399,0.065,0.061
1,281219,281.218843,15,6,2,car,0.66,0.879,0.417,0.097,0.092
1,281219,281.219301,15,7,2,car,0.55,0.812,0.41200000000000003,0.091,0.08700000000000001
1,281415,281.414541,0,0,2,car,0.89,0.201,0.418,0.269,0.214
1,281415,281.415426,0,1,2,car,0.84,0.524,0.41200000000000003,0.147,0.17500000000000002
1,281416,281.416319,0,2,2,car,0.8200000000000001,0.6980000000000001,0.402,0.10400000000000001,0.098
1,281417,281.417015,0,3,2,car,0.74,0.962,0.425,0.076,0.111
1,281418,281.417572,0,4,2,car,0.73,0.615,0.39,0.048,0.043000000000000003
1,281418,281.418023,0,5,2,car,0.73,0.908,0.41000000000000003,0.123,0.089
1,281418,281.418498,0,6,2,car,0.68,0.422,0.382,0.077,0.077
1,281419,281.418957,0,7,2,car,0.66,0.784,0.399,0.079,0.07200000000000001
1,281615,281.614672,1,0,2,car,0.89,0.20400000000000001,0.41300000000000003,0.271,0.212
1,281615,281.615467,1,1,2,car,0.87,0.527,0.41100000000000003,0.147,0.17300000000000001
1,281616,281.616237,1,2,2,car,0.8,0.6990000000000001,0.401,0.101,0.1
1,281617,281.616982,1,3,2,car,0.75,0.618,0.389,0.048,0.043000000000000003
1,281618,281.617785,1,4,2,car,0.74,0.425,0.379,0.076,0.082
1,281618,281.618301,1,5,2,car,0.72,0.783,0.395,0.065,0.058
1,281619,281.618768,1,6,2,car,0.71,0.9440000000000001,0.426,0.111,0.123
1,281619,281.619169,1,7,2,car,0.61,0.849,0.40800000000000003,0.105,0.08700000000000001
1,281814,281.814221,2,0,2,car,0.9,0.20500000000000002,0.421,0.268,0.20600000000000002
1,281815,281.814975,2,1,2,car,0.84,0.528,0.417,0.146,0.17
1,281816,281.815761,2,2,2,car,0.81,0.9500000000000001,0.435,0.099,0.123
1,281817,281.816539,2,3,2,car,0.77,0.6970000000000001,0.40700000000000003,0.10200000000000001,0.097
1,281817,281.817317,2,4,2,car,0.73,0.619,0.395,0.048,0.051000000000000004
1,281818,281.817825,2,5,2,car,0.63,0.046,0.382,0.09,0.112
1,281818,281.818292,2,6,2,car,0.5700000000000001,0.809,0.41500000000000004,0.132,0.08600000000000001
1,281819,281.818735,2,7,2,car,0.51,0.766,0.398,0.061,0.064
1,282014,282.014163,3,0,2,car,0.92,0.20600000000000002,0.423,0.266,0.20400000000000001
1,282015,282.015105,3,1,2,car,0.8300000000000001,0.529,0.418,0.15,0.17200000000000001
1,282016,282.015875,3,2,2,car,0.81,0.7030000000000001,0.40700000000000003,0.115,0.095
1,282017,282.016703,3,3,2,car,0.72,0.81,0.40800000000000003,0.10400000000000001,0.083
1,282018,282.017596,3,4,2,car,0.7000000000000001,0.621,0.395,0.05,0.06
1,282018,282.018185,3,5,2,car,0.62,0.425,0.386,0.076,0.084
1,282019,282.018603,3,6,2,car,0.61,0.918,0.429,0.161,0.107
1,282019,282.018972,3,7,2,car,0.6,0.029,0.382,0.059000000000000004,0.116
1,282214,282.214048,4,0,2,car,0.92,0.211,0.426,0.266,0.20500000000000002
1,282215,282.214802,4,1,2,car,0.84,0.531,0.421,0.152,0.17300000000000001
1,282216,282.215580,4,2,2,car,0.81,0.7020000000000001,0.41000000000000003,0.105,0.094
1,282216,282.216333,4,3,2,car,0.75,0.785,0.406,0.067,0.062
1,282217,282.217095,4,4,2,car,0.71,0.07,0.373,0.14,0.134
1,282218,282.217718,4,5,2,car,0.65,0.62,0.394,0.052000000000000005,0.052000000000000005
1,282218,282.218218,4,6,2,car,0.63,0.842,0.422,0.096,0.097
1,282219,282.218676,4,7,2,car,0.62,0.93,0.434,0.137,0.113
1,282414,282.414023,5,0,2,car,0.93,0.212,0.422,0.26,0.199
1,282415,282.414866,5,1,2,car,0.88,0.532,0.417,0.152,0.17
1,282416,282.415735,5,2,2,car,0.86,0.055,0.367,0.11,0.135
1,282417,282.416652,5,3,2,car,0.84,0.7000000000000001,0.406,0.11,0.094
1,282418,282.417562,5,4,2,car,0.73,0.798,0.405,0.08600000000000001,0.067
1,282418,282.418152,5,5,2,car,0.72,0.859,0.41400000000000003,0.117,0.085
1,282419,282.418553,5,6,2,car,0.67,0.9450000000000001,0.433,0.107,0.122
1,282419,282.418921,5,7,2,car,0.58,0.428,0.388,0.07100000000000001,0.084
1,282614,282.614325,6,0,2,car,0.91,0.214,0.424,0.26,0.197
1,282615,282.615087,6,1,2,car,0.84,0.812,0.402,0.088,0.073
1,282616,282.615841,6,2,2,car,0.84,0.7010000000000001,0.406,0.095,0.097
1,282617,282.616586,6,3,2,car,0.81,0.885,0.417,0.13,0.101
1,282617,282.617348,6,4,2,car,0.81,0.533,0.417,0.153,0.169
1,282618,282.618143,6,5,2,car,0.78,0.96,0.433,0.078,0.11900000000000001
1,282619,282.618643,6,6,2,car,0.7000000000000001,0.427,0.391,0.069,0.085
1,282619,282.619052,6,7,2,car,0.62,0.037,0.35100000000000003,0.074,0.163
1,282814,282.813776,7,0,2,car,0.9,0.217,0.428,0.259,0.202
1,282814,282.814464,7,1,2,car,0.89,0.919,0.435,0.159,0.11800000000000001
1,282815,282.815193,7,2,2,car,0.85,0.533,0.423,0.152,0.17500000000000002
1,282816,282.815914,7,3,2,car,0.81,0.8260000000000001,0.41200000000000003,0.08700000000000001,0.076
1,282816,282.816422,7,4,2,car,0.76,0.6990000000000001,0.41500000000000004,0.096,0.096
1,282817,282.816815,7,5,2,car,0.73,0.428,0.393,0.07100000000000001,0.085
1,282817,282.817192,7,6,2,car,0.68,0.772,0.406,0.069,0.059000000000000004
1,282818,282.817561,7,7,2,car,0.62,0.628,0.4,0.053,0.052000000000000005
1,283014,283.014160,8,0,2,car,0.92,0.218,0.427,0.257,0.2
1,283015,283.015029,8,1,2,car,0.88,0.93,0.431,0.134,0.11800000000000001
1,283016,283.015897,8,2,2,car,0.85,0.535,0.421,0.151,0.17400000000000002
1,283017,283.016684,8,3,2,car,0.8,0.6990000000000001,0.41300000000000003,0.10400000000000001,0.096
1,283018,283.017536,8,4,2,car,0.79,0.845,0.41300000000000003,0.099,0.079
1,283018,283.017986,8,5,2,car,0.76,0.8170000000000001,0.87,0.363,0.227
1,283018,283.018388,8,6,2,car,0.68,0.43,0.393,0.068,0.082
1,283019,283.018764,8,7,2,car,0.67,0.787,0.403,0.07200000000000001,0.061
1,283214,283.213775,9,0,2,car,0.89,0.211,0.419,0.248,0.197
1,283214,283.214414,9,1,2,car,0.87,0.9450000000000001,0.429,0.109,0.131
1,283215,283.215061,9,2,2,car,0.8200000000000001,0.535,0.41100000000000003,0.154,0.17400000000000002
1,283216,283.215676,9,3,2,car,0.8,0.6990000000000001,0.402,0.098,0.09
1,283216,283.216339,9,4,2,car,0.79,0.428,0.384,0.07,0.074
1,283217,283.216986,9,5,2,car,0.78,0.869,0.40700000000000003,0.105,0.08600000000000001
1,283217,283.217420,9,6,2,car,0.58,0.797,0.398,0.1,0.07100000000000001
1,283218,283.217805,9,7,2,car,0.56,0.622,0.388,0.038,0.054
1,283413,283.413095,10,0,2,car,0.88,0.222,0.418,0.255,0.199
1,283414,283.413946,10,1,2,car,0.8300000000000001,0.7000000000000001,0.404,0.099,0.094
1,283415,283.414790,10,2,2,car,0.8200000000000001,0.892,0.41500000000000004,0.126,0.096
1,283416,283.415569,10,3,2,car,0.8,0.536,0.41300000000000003,0.15,0.177
1,283416,283.416306,10,4,2,car,0.75,0.961,0.432,0.077,0.129
1,283417,283.416953,10,5,2,car,0.62,0.805,0.4,0.116,0.079
1,283417,283.417379,10,6,2,car,0.59,0.429,0.385,0.069,0.08
1,283613,283.613102,11,0,2,car,0.9,0.225,0.424,0.253,0.20500000000000002
1,283614,283.613831,11,1,2,car,0.85,0.925,0.423,0.14400000000000002,0.109
1,283615,283.614536,11,2,2,car,0.85,0.7010000000000001,0.405,0.11800000000000001,0.094
1,283615,283.615257,11,3,2,car,0.81,0.536,0.41600000000000004,0.153,0.183
1,283616,283.615969,11,4,2,car,0.75,0.8190000000000001,0.405,0.129,0.08
1,283617,283.616682,11,5,2,car,0.72,0.43,0.386,0.066,0.07200000000000001
1,283812,283.812471,12,0,2,car,0.91,0.9390000000000001,0.431,0.12,0.112
1,283813,283.813192,12,1,2,car,0.87,0.228,0.422,0.247,0.194
1,283814,283.813905,12,2,2,car,0.8300000000000001,0.6990000000000001,0.40700000000000003,0.111,0.089
1,283815,283.814609,12,3,2,car,0.79,0.538,0.423,0.151,0.186
1,283815,283.815281,12,4,2,car,0.72,0.429,0.389,0.073,0.078
1,283816,283.815715,12,5,2,car,0.62,0.843,0.41400000000000003,0.098,0.08700000000000001
1,283816,283.816124,12,6,2,car,0.58,0.621,0.394,0.037,0.049
1,283817,283.816501,12,7,2,car,0.51,0.8150000000000001,0.859,0.364,0.245
1,284013,284.013290,13,0,2,car,0.88,0.232,0.43,0.251,0.216
1,284014,284.014150,13,1,2,car,0.86,0.9520000000000001,0.437,0.094,0.122
1,284015,284.014871,13,2,2,car,0.8200000000000001,0.538,0.422,0.148,0.188
1,284016,284.015583,13,3,2,car,0.81,0.6960000000000001,0.40700000000000003,0.099,0.088
1,284016,284.016337,13,4,2,car,0.76,0.875,0.41100000000000003,0.11800000000000001,0.094
1,284017,284.016771,13,5,2,car,0.75,0.429,0.388,0.073,0.076
1,284017,284.017173,13,6,2,car,0.62,0.617,0.394,0.037,0.049
1,284018,284.017558,13,7,2,car,0.55,0.806,0.405,0.066,0.077
1,284212,284.212372,14,0,2,car,0.88,0.23700000000000002,0.421,0.241,0.197
1,284213,284.213117,14,1,2,car,0.88,0.539,0.41600000000000004,0.15,0.177
1,284214,284.213838,14,2,2,car,0.8300000000000001,0.6970000000000001,0.406,0.106,0.089
1,284215,284.214551,14,3,2,car,0.76,0.436,0.389,0.07100000000000001,0.075
1,284215,284.215296,14,4,2,car,0.72,0.903,0.41100000000000003,0.14300000000000002,0.107
1,284216,284.215747,14,5,2,car,0.66,0.969,0.434,0.062,0.125
1,284216,284.216140,14,6,2,car,0.51,0.788,0.402,0.078,0.074
1,284413,284.412904,15,0,2,car,0.91,0.24,0.421,0.241,0.195
1,284414,284.413747,15,1,2,car,0.87,0.925,0.418,0.138,0.12
1,284415,284.414616,15,2,2,car,0.8300000000000001,0.538,0.41600000000000004,0.15,0.17300000000000001
1,284416,284.415517,15,3,2,car,0.79,0.7030000000000001,0.40800000000000003,0.098,0.088
1,284416,284.416393,15,4,2,car,0.7000000000000001,0.435,0.387,0.066,0.075
1,284417,284.416885,15,5,2,car,0.58,0.854,0.406,0.078,0.091
1,284417,284.417286,15,6,2,car,0.53,0.778,0.406,0.07,0.069
1,284613,284.613108,0,0,2,car,0.92,0.244,0.421,0.23800000000000002,0.186
1,284614,284.613837,0,1,2,car,0.86,0.9390000000000001,0.425,0.11800000000000001,0.127
1,284615,284.614566,0,2,2,car,0.86,0.537,0.418,0.147,0.17200000000000001
1,284615,284.615311,0,3,2,car,0.81,0.7010000000000001,0.40900000000000003,0.099,0.08600000000000001
1,284616,284.615795,0,4,2,car,0.72,0.436,0.389,0.073,0.077
1,284616,284.616229,0,5,2,car,0.65,0.881,0.41200000000000003,0.078,0.093
1,284617,284.616614,0,6,2,car,0.6,0.808,0.41600000000000004,0.053,0.065
1,284617,284.616999,0,7,2,car,0.55,0.617,0.392,0.043000000000000003,0.046
1,284813,284.813116,1,0,2,car,0.91,0.248,0.424,0.23500000000000001,0.187
1,284814,284.813836,1,1,2,car,0.86,0.537,0.422,0.14200000000000002,0.168
1,284815,284.814557,1,2,2,car,0.84,0.9520000000000001,0.434,0.095,0.139
1,284815,284.815278,1,3,2,car,0.78,0.7030000000000001,0.41500000000000004,0.092,0.085
1,284816,284.815991,1,4,2,car,0.72,0.434,0.396,0.067,0.07200000000000001
1,284817,284.816622,1,5,2,car,0.6900000000000001,0.8300000000000001,0.42,0.067,0.08
1,284817,284.817056,1,6,2,car,0.68,0.895,0.42,0.11,0.101
1,284817,284.817425,1,7,2,car,0.52,0.616,0.398,0.039,0.05
1,285012,285.011730,2,0,2,car,0.92,0.25,0.425,0.227,0.186
1,285012,285.012173,2,1,2,car,0.8300000000000001,0.537,0.424,0.14200000000000002,0.17
1,285013,285.012542,2,2,2,car,0.8300000000000001,0.7020000000000001,0.41300000000000003,0.08700000000000001,0.08700000000000001
1,285013,285.012918,2,3,2,car,0.73,0.9420000000000001,0.428,0.088,0.098
1,285013,285.013295,2,4,2,car,0.72,0.436,0.395,0.069,0.076
1,285014,285.013672,2,5,2,car,0.61,0.615,0.397,0.043000000000000003,0.055
1,285014,285.014082,2,6,2,car,0.5700000000000001,0.848,0.417,0.084,0.085
1,285015,285.014565,2,7,2,car,0.5700000000000001,0.969,0.433,0.061,0.125
1,285212,285.212262,3,0,2,car,0.92,0.255,0.418,0.226,0.183
1,285213,285.212983,3,1,2,car,0.81,0.537,0.418,0.14100000000000001,0.166
1,285214,285.213696,3,2,2,car,0.8,0.7010000000000001,0.40900000000000003,0.091,0.085
1,285214,285.214188,3,3,2,car,0.8,0.615,0.388,0.046,0.055
1,285215,285.214671,3,4,2,car,0.68,0.437,0.389,0.066,0.073
1,285215,285.215146,3,5,2,car,0.64,0.962,0.426,0.074,0.117
1,285216,285.215515,3,6,2,car,0.62,0.885,0.41300000000000003,0.13,0.099
1,285216,285.215892,3,7,2,car,0.58,0.08,0.378,0.079,0.046
1,285412,285.412205,4,0,2,car,0.92,0.26,0.421,0.226,0.181
1,285413,285.412925,4,1,2,car,0.85,0.536,0.422,0.14,0.162
1,285413,285.413434,4,2,2,car,0.77,0.7000000000000001,0.40900000000000003,0.08700000000000001,0.088
1,285414,285.413925,4,3,2,car,0.74,0.615,0.387,0.045,0.053
1,285414,285.414326,4,4,2,car,0.7000000000000001,0.439,0.391,0.068,0.07100000000000001
1,285415,285.414703,4,5,2,car,0.5700000000000001,0.394,0.386,0.047,0.052000000000000005
1,285415,285.415105,4,6,2,car,0.54,0.116,0.378,0.045,0.037
1,285613,285.612909,5,0,2,car,0.92,0.263,0.421,0.221,0.179
1,285614,285.613662,5,1,2,car,0.84,0.537,0.422,0.137,0.159
1,285615,285.614506,5,2,2,car,0.78,0.7020000000000001,0.41200000000000003,0.085,0.088
1,285615,285.615039,5,3,2,car,0.78,0.439,0.391,0.064,0.07100000000000001
1,285616,285.615596,5,4,2,car,0.73,0.027,0.385,0.053,0.045
1,285616,285.616087,5,5,2,car,0.72,0.614,0.386,0.047,0.051000000000000004
1,285617,285.616546,5,6,2,car,0.7000000000000001,0.14100000000000001,0.382,0.10300000000000001,0.064
1,285617,285.616988,5,7,2,car,0.59,0.073,0.38,0.049,0.047
1,285813,285.812687,6,0,2,car,0.92,0.268,0.417,0.216,0.178
1,285814,285.813629,6,1,2,car,0.87,0.538,0.42,0.136,0.156
1,285814,285.814424,6,2,2,car,0.8,0.704,0.41400000000000003,0.084,0.081
1,285815,285.815341,6,3,2,car,0.79,0.094,0.38,0.125,0.07100000000000001
1,285816,285.815890,6,4,2,car,0.77,0.925,0.419,0.148,0.131
1,285816,285.816357,6,5,2,car,0.77,0.437,0.389,0.067,0.075
1,285817,285.816734,6,6,2,car,0.71,0.615,0.389,0.045,0.052000000000000005
1,285817,285.817135,6,7,2,car,0.53,0.393,0.377,0.053,0.046
1,286013,286.013137,7,0,2,car,0.9,0.273,0.418,0.21,0.177
1,286014,286.014055,7,1,2,car,0.85,0.538,0.421,0.134,0.152
1,286015,286.014890,7,2,2,car,0.8,0.704,0.41600000000000004,0.089,0.085
1,286016,286.015652,7,3,2,car,0.79,0.043000000000000003,0.382,0.085,0.089
1,286016,286.016225,7,4,2,car,0.76,0.937,0.435,0.125,0.13
1,286017,286.016709,7,5,2,car,0.6900000000000001,0.615,0.388,0.048,0.054
1,286017,286.017118,7,6,2,car,0.65,0.445,0.389,0.084,0.079
1,286017,286.017487,7,7,2,car,0.63,0.9,0.392,0.055,0.051000000000000004
1,286213,286.212833,8,0,2,car,0.92,0.28,0.41500000000000004,0.20400000000000001,0.17200000000000001
1,286214,286.213579,8,1,2,car,0.89,0.539,0.418,0.132,0.152
1,286214,286.214275,8,2,2,car,0.76,0.705,0.41100000000000003,0.088,0.085
1,286215,286.215062,8,3,2,car,0.75,0.916,0.389,0.064,0.051000000000000004
1,286216,286.215627,8,4,2,car,0.73,0.17200000000000001,0.377,0.07100000000000001,0.051000000000000004
1,286216,286.216086,8,5,2,car,0.71,0.44,0.386,0.069,0.068
1,286216,286.216454,8,6,2,car,0.67,0.07200000000000001,0.374,0.044,0.034
1,286217,286.216831,8,7,2,car,0.67,0.028,0.372,0.054,0.049
1,286412,286.412472,9,0,2,car,0.92,0.28800000000000003,0.417,0.2,0.17
1,286413,286.413283,9,1,2,car,0.89,0.541,0.422,0.132,0.152
1,286414,286.414053,9,2,2,car,0.73,0.934,0.39,0.068,0.051000000000000004
1,286415,286.414856,9,3,2,car,0.73,0.618,0.386,0.052000000000000005,0.055
1,286415,286.415487,9,4,2,car,0.72,0.454,0.386,0.075,0.07200000000000001
1,286416,286.415897,9,5,2,car,0.67,0.707,0.41400000000000003,0.091,0.08600000000000001
1,286416,286.416265,9,6,2,car,0.59,0.128,0.382,0.1,0.054
1,286417,286.416642,9,7,2,car,0.5700000000000001,0.849,0.39,0.059000000000000004,0.03
1,286612,286.612202,10,0,2,car,0.93,0.543,0.41300000000000003,0.131,0.15
1,286613,286.612931,10,1,2,car,0.92,0.295,0.41000000000000003,0.194,0.17
1,286614,286.613643,10,2,2,car,0.76,0.448,0.382,0.064,0.069
1,286614,286.614356,10,3,2,car,0.74,0.9520000000000001,0.383,0.073,0.053
1,286615,286.614889,10,4,2,car,0.6900000000000001,0.708,0.40800000000000003,0.088,0.083
1,286615,286.615290,10,5,2,car,0.68,0.758,0.389,0.053,0.052000000000000005
1,286616,286.615659,10,6,2,car,0.67,0.623,0.382,0.048,0.053
1,286616,286.616027,10,7,2,car,0.64,0.078,0.372,0.096,0.059000000000000004
1,286812,286.812463,11,0,2,car,0.92,0.546,0.41400000000000003,0.128,0.152
1,286813,286.813323,11,1,2,car,0.91,0.302,0.40700000000000003,0.188,0.163
1,286814,286.814208,11,2,2,car,0.71,0.966,0.378,0.067,0.06
1,286815,286.814904,11,3,2,car,0.71,0.711,0.404,0.088,0.08700000000000001
1,286815,286.815421,11,4,2,car,0.68,0.766,0.389,0.065,0.057
1,286816,286.815830,11,5,2,car,0.67,0.451,0.378,0.065,0.066
1,286816,286.816215,11,6,2,car,0.61,0.027,0.374,0.055,0.067
1,286817,286.816608,11,7,2,car,0.58,0.625,0.378,0.051000000000000004,0.051000000000000004
1,287012,287.011881,12,0,2,car,0.91,0.546,0.418,0.127,0.148
1,287013,287.012651,12,1,2,car,0.91,0.306,0.41400000000000003,0.183,0.16
1,287013,287.013413,12,2,2,car,0.71,0.452,0.382,0.063,0.063
1,287014,287.014314,12,3,2,car,0.67,0.776,0.394,0.07200000000000001,0.059000000000000004
1,287015,287.015232,12,4,2,car,0.65,0.628,0.382,0.056,0.055
1,287016,287.015748,12,5,2,car,0.64,0.973,0.386,0.052000000000000005,0.057
1,287016,287.016157,12,6,2,car,0.62,0.716,0.404,0.096,0.088
1,287212,287.212143,13,0,2,car,0.9,0.547,0.41300000000000003,0.126,0.145
1,287213,287.212995,13,1,2,car,0.88,0.311,0.41200000000000003,0.18,0.159
1,287214,287.213863,13,2,2,car,0.76,0.784,0.393,0.088,0.067
1,287214,287.214363,13,3,2,car,0.73,0.713,0.399,0.095,0.088
1,287215,287.214838,13,4,2,car,0.7000000000000001,0.626,0.379,0.051000000000000004,0.053
1,287215,287.215206,13,5,2,car,0.68,0.454,0.373,0.061,0.061
1,287216,287.215583,13,6,2,car,0.64,0.981,0.377,0.037,0.064
1,287216,287.215976,13,7,2,car,0.52,0.393,0.368,0.065,0.053
1,287412,287.411782,14,0,2,car,0.92,0.316,0.40800000000000003,0.178,0.154
1,287413,287.412642,14,1,2,car,0.91,0.547,0.41200000000000003,0.125,0.146
1,287414,287.413641,14,2,2,car,0.81,0.717,0.393,0.099,0.085
1,287414,287.414190,14,3,2,car,0.67,0.454,0.373,0.068,0.059000000000000004
1,287415,287.414682,14,4,2,car,0.64,0.8,0.39,0.08600000000000001,0.07
1,287415,287.415140,14,5,2,car,0.6,0.626,0.371,0.056,0.058
1,287416,287.415534,14,6,2,car,0.51,0.964,0.369,0.07,0.069
1,287612,287.611519,15,0,2,car,0.93,0.32,0.40800000000000003,0.17300000000000001,0.15
1,287612,287.612076,15,1,2,car,0.9,0.547,0.40900000000000003,0.123,0.14300000000000002
1,287613,287.612805,15,2,2,car,0.76,0.717,0.394,0.096,0.08600000000000001
1,287614,287.613575,15,3,2,car,0.75,0.805,0.392,0.111,0.078
1,287614,287.614313,15,4,2,car,0.65,0.447,0.37,0.078,0.063
1,287811,287.811322,0,0,2,car,0.92,0.323,0.405,0.17,0.148
1,287812,287.811969,0,1,2,car,0.89,0.547,0.40800000000000003,0.124,0.15
1,287812,287.812493,0,2,2,car,0.78,0.8290000000000001,0.393,0.117,0.08
1,287813,287.812977,0,3,2,car,0.75,0.717,0.389,0.094,0.094
1,287813,287.813427,0,4,2,car,0.73,0.456,0.366,0.059000000000000004,0.062
1,287814,287.813821,0,5,2,car,0.63,0.63,0.368,0.067,0.061
1,288012,288.011813,1,0,2,car,0.91,0.547,0.402,0.122,0.14
1,288013,288.012649,1,1,2,car,0.89,0.326,0.404,0.163,0.152
1,288014,288.013509,1,2,2,car,0.79,0.459,0.361,0.063,0.064
1,288014,288.014361,1,3,2,car,0.78,0.721,0.386,0.099,0.091
1,288015,288.014885,1,4,2,car,0.73,0.63,0.364,0.058,0.059000000000000004
1,288015,288.015286,1,5,2,car,0.6900000000000001,0.838,0.392,0.137,0.08700000000000001
1,288016,288.015671,1,6,2,car,0.6,0.41400000000000003,0.352,0.042,0.038
1,288212,288.211649,2,0,2,car,0.91,0.545,0.398,0.122,0.135
1,288212,288.212369,2,1,2,car,0.89,0.33,0.398,0.164,0.14200000000000002
1,288213,288.212878,2,2,2,car,0.8,0.728,0.388,0.10200000000000001,0.088
1,288213,288.213352,2,3,2,car,0.77,0.868,0.398,0.132,0.092
1,288214,288.213836,2,4,2,car,0.76,0.459,0.361,0.062,0.065
1,288214,288.214229,2,5,2,car,0.7000000000000001,0.41600000000000004,0.35000000000000003,0.048,0.04
1,288215,288.214606,2,6,2,car,0.6900000000000001,0.629,0.362,0.064,0.065
1,288215,288.214983,2,7,2,car,0.58,0.809,0.38,0.065,0.069
1,288411,288.411337,3,0,2,car,0.91,0.334,0.397,0.159,0.14
1,288412,288.411976,3,1,2,car,0.88,0.544,0.396,0.117,0.132
1,288412,288.412492,3,2,2,car,0.8200000000000001,0.738,0.392,0.109,0.09
1,288413,288.412992,3,3,2,car,0.79,0.893,0.401,0.147,0.1
1,288413,288.413491,3,4,2,car,0.77,0.633,0.363,0.063,0.064
1,288414,288.413958,3,5,2,car,0.65,0.459,0.362,0.061,0.061
1,288414,288.414335,3,6,2,car,0.58,0.8240000000000001,0.382,0.07200000000000001,0.07200000000000001
1,288415,288.414720,3,7,2,car,0.56,0.41400000000000003,0.35100000000000003,0.045,0.043000000000000003
1,288610,288.610460,4,0,2,car,0.9400000000000001,0.337,0.386,0.157,0.138
1,288611,288.610968,4,1,2,car,0.9,0.543,0.387,0.11800000000000001,0.137
1,288611,288.611443,4,2,2,car,0.8300000000000001,0.728,0.383,0.098,0.089
1,288612,288.611828,4,3,2,car,0.72,0.635,0.353,0.064,0.066
1,288612,288.612213,4,4,2,car,0.72,0.842,0.376,0.08600000000000001,0.083
1,288613,288.612590,4,5,2,car,0.66,0.896,0.39,0.095,0.09
1,288613,288.612975,4,6,2,car,0.63,0.46,0.35000000000000003,0.062,0.062
1,288613,288.613376,4,7,2,car,0.62,0.9400000000000001,0.40900000000000003,0.11800000000000001,0.085
1,288810,288.810492,5,0,2,car,0.93,0.341,0.381,0.154,0.134
1,288811,288.810943,5,1,2,car,0.85,0.543,0.381,0.116,0.133
1,288811,288.811450,5,2,2,car,0.75,0.734,0.379,0.1,0.089
1,288812,288.811909,5,3,2,car,0.71,0.637,0.35100000000000003,0.066,0.064
1,288812,288.812352,5,4,2,car,0.63,0.46,0.343,0.06,0.069
1,288813,288.812819,5,5,2,car,0.62,0.936,0.391,0.126,0.10400000000000001
1,288813,288.813277,5,6,2,car,0.55,0.862,0.376,0.091,0.093
1,289011,289.011237,6,0,2,car,0.9400000000000001,0.343,0.382,0.153,0.132
1,289012,289.011958,6,1,2,car,0.8,0.54,0.384,0.114,0.125
1,289013,289.012687,6,2,2,car,0.78,0.733,0.379,0.096,0.095
1,289013,289.013408,6,3,2,car,0.72,0.637,0.35000000000000003,0.068,0.067
1,289014,289.014162,6,4,2,car,0.7000000000000001,0.9420000000000001,0.403,0.116,0.116
1,289015,289.014776,6,5,2,car,0.66,0.46,0.34400000000000003,0.055,0.067
1,289015,289.015210,6,6,2,car,0.52,0.289,0.334,0.051000000000000004,0.065
1,289211,289.211245,7,0,2,car,0.92,0.34900000000000003,0.392,0.151,0.132
1,289212,289.211990,7,1,2,car,0.91,0.54,0.393,0.115,0.132
1,289213,289.212817,7,2,2,car,0.8300000000000001,0.743,0.393,0.107,0.098
1,289214,289.213653,7,3,2,car,0.8200000000000001,0.277,0.34700000000000003,0.057,0.064
1,289214,289.214309,7,4,2,car,0.72,0.932,0.40800000000000003,0.133,0.124
1,289215,289.214956,7,5,2,car,0.68,0.643,0.364,0.068,0.069
1,289215,289.215374,7,6,2,car,0.64,0.843,0.391,0.10300000000000001,0.098
1,289216,289.215783,7,7,2,car,0.53,0.463,0.358,0.055,0.058
1,289411,289.411326,8,0,2,car,0.91,0.35100000000000003,0.4,0.15,0.134
1,289412,289.412071,8,1,2,car,0.88,0.542,0.399,0.115,0.134
1,289413,289.412776,8,2,2,car,0.81,0.9440000000000001,0.418,0.11,0.11900000000000001
1,289413,289.413325,8,3,2,car,0.78,0.751,0.403,0.117,0.101
1,289414,289.413767,8,4,2,car,0.76,0.646,0.372,0.073,0.073
1,289414,289.414292,8,5,2,car,0.72,0.27,0.359,0.068,0.073
1,289415,289.414734,8,6,2,car,0.6900000000000001,0.874,0.397,0.098,0.088
1,289415,289.415160,8,7,2,car,0.66,0.8270000000000001,0.378,0.08700000000000001,0.067
1,289611,289.611408,9,0,2,car,0.93,0.357,0.396,0.155,0.137
1,289612,289.612202,9,1,2,car,0.85,0.543,0.4,0.115,0.132
1,289613,289.612956,9,2,2,car,0.79,0.759,0.399,0.115,0.105
1,289614,289.613709,9,3,2,car,0.75,0.259,0.358,0.078,0.075
1,289614,289.614414,9,4,2,car,0.74,0.652,0.371,0.073,0.069
1,289615,289.614914,9,5,2,car,0.72,0.963,0.41400000000000003,0.073,0.113
1,289615,289.615389,9,6,2,car,0.67,0.466,0.364,0.059000000000000004,0.059000000000000004
1,289616,289.615774,9,7,2,car,0.62,0.845,0.384,0.096,0.094
1,289811,289.811186,10,0,2,car,0.9400000000000001,0.355,0.393,0.146,0.133
1,289812,289.811907,10,1,2,car,0.91,0.541,0.394,0.114,0.13
1,289813,289.812644,10,2,2,car,0.89,0.764,0.4,0.127,0.115
1,289813,289.813389,10,3,2,car,0.8,0.936,0.419,0.125,0.114
1,289814,289.814159,10,4,2,car,0.77,0.864,0.385,0.11,0.094
1,289815,289.814839,10,5,2,car,0.75,0.655,0.365,0.08,0.074
1,289815,289.815306,10,6,2,car,0.71,0.241,0.352,0.083,0.079
1,289816,289.815716,10,7,2,car,0.65,0.465,0.355,0.054,0.059000000000000004
1,290011,290.011111,11,0,2,car,0.9500000000000001,0.359,0.391,0.147,0.132
1,290012,290.011824,11,1,2,car,0.89,0.883,0.39,0.127,0.106
1,290013,290.012611,11,2,2,car,0.88,0.773,0.397,0.133,0.109
1,290013,290.013332,11,3,2,car,0.87,0.542,0.394,0.114,0.132
1,290014,290.013815,11,4,2,car,0.81,0.9500000000000001,0.423,0.1,0.115
1,290014,290.014306,11,5,2,car,0.74,0.66,0.368,0.085,0.079
1,290015,290.014749,11,6,2,car,0.61,0.212,0.354,0.068,0.082
1,290015,290.015208,11,7,2,car,0.59,0.465,0.355,0.058,0.06
1,290212,290.211594,12,0,2,car,0.9400000000000001,0.36,0.391,0.14400000000000002,0.131
1,290213,290.212504,12,1,2,car,0.87,0.785,0.399,0.14400000000000002,0.113
1,290213,290.213429,12,2,2,car,0.85,0.541,0.395,0.113,0.127
1,290214,290.214363,12,3,2,car,0.8300000000000001,0.918,0.394,0.139,0.114
1,290215,290.215273,12,4,2,car,0.75,0.66,0.369,0.081,0.083
1,290216,290.216207,12,5,2,car,0.74,0.281,0.37,0.075,0.08
1,290217,290.216780,12,6,2,car,0.73,0.20700000000000002,0.352,0.105,0.09
1,290217,290.217263,12,7,2,car,0.63,0.027,0.342,0.054,0.05
1,290410,290.410168,13,0,2,car,0.92,0.359,0.382,0.138,0.128
1,290411,290.410815,13,1,2,car,0.87,0.79,0.394,0.138,0.11800000000000001
1,290411,290.411438,13,2,2,car,0.86,0.541,0.386,0.115,0.129
1,290412,290.412134,13,3,2,car,0.81,0.189,0.343,0.11800000000000001,0.096
1,290413,290.412782,13,4,2,car,0.8,0.932,0.392,0.135,0.128
1,290413,290.413249,13,5,2,car,0.73,0.667,0.361,0.089,0.085
1,290414,290.413634,13,6,2,car,0.6,0.271,0.36,0.08,0.08
1,290414,290.414002,13,7,2,car,0.52,0.615,0.34800000000000003,0.041,0.065
1,290611,290.610799,14,0,2,car,0.93,0.361,0.381,0.146,0.126
1,290612,290.611569,14,1,2,car,0.88,0.798,0.395,0.154,0.125
1,290612,290.612404,14,2,2,car,0.88,0.54,0.388,0.113,0.135
1,290613,290.613101,14,3,2,car,0.84,0.9520000000000001,0.399,0.096,0.139
1,290614,290.613846,14,4,2,car,0.8200000000000001,0.671,0.366,0.089,0.08600000000000001
1,290614,290.614444,14,5,2,car,0.63,0.14300000000000002,0.35100000000000003,0.08700000000000001,0.105
1,290615,290.614895,14,6,2,car,0.59,0.203,0.324,0.058,0.049
1,290615,290.615280,14,7,2,car,0.5700000000000001,0.894,0.382,0.063,0.111
1,290811,290.811151,15,0,2,car,0.89,0.54,0.388,0.113,0.134
1,290812,290.811929,15,1,2,car,0.89,0.367,0.388,0.134,0.129
1,290813,290.812690,15,2,2,car,0.88,0.8130000000000001,0.401,0.145,0.117
1,290813,290.813436,15,3,2,car,0.87,0.138,0.355,0.14400000000000002,0.117
1,290814,290.814206,15,4,2,car,0.81,0.678,0.372,0.093,0.091
1,290815,290.814911,15,5,2,car,0.77,0.969,0.4,0.063,0.131
1,290815,290.815427,15,6,2,car,0.74,0.909,0.384,0.099,0.101
1,290816,290.815845,15,7,2,car,0.62,0.621,0.358,0.05,0.063
1,291011,291.011003,0,0,2,car,0.9,0.541,0.382,0.116,0.132
1,291012,291.011994,0,1,2,car,0.88,0.108,0.35100000000000003,0.159,0.12
1,291013,291.012796,0,2,2,car,0.88,0.369,0.379,0.14100000000000001,0.128
1,291014,291.013583,0,3,2,car,0.85,0.23900000000000002,0.367,0.138,0.117
1,291014,291.014189,0,4,2,car,0.76,0.835,0.401,0.17500000000000002,0.136
1,291015,291.014746,0,5,2,car,0.71,0.684,0.368,0.098,0.099
1,291015,291.015189,0,6,2,car,0.67,0.9540000000000001,0.386,0.084,0.115
1,291016,291.015656,0,7,2,car,0.61,0.625,0.34900000000000003,0.055,0.07100000000000001
1,291211,291.211108,1,0,2,car,0.9,0.373,0.375,0.135,0.125
1,291212,291.211838,1,1,2,car,0.86,0.209,0.371,0.151,0.122
1,291213,291.212591,1,2,2,car,0.84,0.54,0.379,0.113,0.132
1,291213,291.213386,1,3,2,car,0.84,0.846,0.394,0.17200000000000001,0.129
1,291214,291.214156,1,4,2,car,0.76,0.6880000000000001,0.359,0.101,0.098
1,291215,291.214697,1,5,2,car,0.64,0.626,0.34400000000000003,0.055,0.064
1,291215,291.215155,1,6,2,car,0.62,0.075,0.35000000000000003,0.15,0.129
1,291216,291.215606,1,7,2,car,0.62,0.309,0.343,0.07200000000000001,0.081
1,291410,291.409928,2,0,2,car,0.89,0.374,0.375,0.137,0.121
1,291411,291.410666,2,1,2,car,0.86,0.064,0.354,0.128,0.137
1,291411,291.411395,2,2,2,car,0.84,0.539,0.378,0.111,0.134
1,291412,291.412157,2,3,2,car,0.8200000000000001,0.858,0.406,0.17,0.139
1,291413,291.412869,2,4,2,car,0.78,0.6950000000000001,0.363,0.107,0.098
1,291414,291.413525,2,5,2,car,0.71,0.17200000000000001,0.359,0.152,0.12
1,291414,291.413926,2,6,2,car,0.68,0.293,0.34800000000000003,0.074,0.081
1,291414,291.414311,2,7,2,car,0.66,0.63,0.34800000000000003,0.062,0.074
1,291610,291.609969,3,0,2,car,0.86,0.538,0.379,0.117,0.137
1,291611,291.610698,3,1,2,car,0.84,0.375,0.374,0.134,0.11800000000000001
1,291611,291.611443,3,2,2,car,0.8,0.634,0.34600000000000003,0.062,0.073
1,291612,291.612246,3,3,2,car,0.78,0.889,0.40900000000000003,0.191,0.148
1,291613,291.613033,3,4,2,car,0.78,0.7020000000000001,0.365,0.115,0.1
1,291614,291.613770,3,5,2,car,0.77,0.268,0.354,0.101,0.083
1,291614,291.614204,3,6,2,car,0.51,0.463,0.337,0.047,0.052000000000000005
1,291615,291.614679,3,7,2,car,0.51,0.968,0.394,0.063,0.121
1,291810,291.810435,4,0,2,car,0.88,0.537,0.381,0.115,0.132
1,291811,291.811246,4,1,2,car,0.85,0.378,0.375,0.122,0.12
1,291812,291.812172,4,2,2,car,0.8300000000000001,0.708,0.369,0.117,0.106
1,291813,291.812934,4,3,2,car,0.8300000000000001,0.903,0.41600000000000004,0.189,0.155
1,291814,291.813679,4,4,2,car,0.78,0.254,0.363,0.131,0.097
1,291814,291.814474,4,5,2,car,0.77,0.637,0.34900000000000003,0.063,0.075
1,291815,291.814892,4,6,2,car,0.5700000000000001,0.464,0.336,0.049,0.062
1,291815,291.815342,4,7,2,car,0.56,0.315,0.33,0.063,0.053
1,292011,292.010672,5,0,2,car,0.87,0.536,0.382,0.116,0.136
1,292011,292.011434,5,1,2,car,0.87,0.381,0.373,0.123,0.116
1,292012,292.012196,5,2,2,car,0.86,0.092,0.386,0.185,0.189
1,292013,292.012966,5,3,2,car,0.8300000000000001,0.23600000000000002,0.365,0.149,0.112
1,292014,292.013720,5,4,2,car,0.8300000000000001,0.642,0.352,0.07,0.082
1,292014,292.014342,5,5,2,car,0.8300000000000001,0.917,0.419,0.162,0.155
1,292015,292.014817,5,6,2,car,0.8,0.716,0.373,0.125,0.114
1,292015,292.015203,5,7,2,car,0.5700000000000001,0.305,0.332,0.069,0.053
1,292210,292.209902,6,0,2,car,0.89,0.535,0.388,0.11900000000000001,0.138
1,292211,292.210672,6,1,2,car,0.89,0.726,0.384,0.135,0.13
1,292212,292.211556,6,2,2,car,0.87,0.075,0.4,0.151,0.20400000000000001
1,292212,292.212351,6,3,2,car,0.86,0.384,0.375,0.122,0.114
1,292213,292.213113,6,4,2,car,0.84,0.644,0.353,0.068,0.08
1,292214,292.213678,6,5,2,car,0.74,0.20400000000000001,0.373,0.166,0.10200000000000001
1,292214,292.214170,6,6,2,car,0.62,0.935,0.43,0.128,0.169
1,292215,292.214637,6,7,2,car,0.58,0.468,0.337,0.05,0.064
1,292409,292.409295,7,0,2,car,0.92,0.733,0.387,0.14,0.133
1,292410,292.409664,7,1,2,car,0.88,0.533,0.388,0.12,0.137
1,292410,292.410049,7,2,2,car,0.86,0.387,0.375,0.12,0.113
1,292410,292.410425,7,3,2,car,0.8200000000000001,0.647,0.357,0.07100000000000001,0.085
1,292411,292.410802,7,4,2,car,0.75,0.17,0.376,0.195,0.129
1,292411,292.411146,7,5,2,car,0.73,0.277,0.35000000000000003,0.105,0.091
1,292412,292.411531,7,6,2,car,0.72,0.047,0.40900000000000003,0.092,0.226
1,292412,292.411900,7,7,2,car,0.68,0.908,0.34800000000000003,0.105,0.093
1,292610,292.610089,8,0,2,car,0.92,0.742,0.388,0.152,0.138
1,292611,292.610876,8,1,2,car,0.89,0.39,0.376,0.11800000000000001,0.115
1,292612,292.611686,8,2,2,car,0.87,0.533,0.389,0.11900000000000001,0.137
1,292613,292.612588,8,3,2,car,0.78,0.126,0.388,0.241,0.14100000000000001
1,292613,292.613358,8,4,2,car,0.78,0.266,0.356,0.123,0.097
1,292614,292.614152,8,5,2,car,0.76,0.649,0.36,0.077,0.085
1,292615,292.614627,8,6,2,car,0.58,0.468,0.341,0.051000000000000004,0.057
1,292810,292.810121,9,0,2,car,0.92,0.754,0.394,0.164,0.149
1,292811,292.811055,9,1,2,car,0.87,0.39,0.374,0.114,0.116
1,292812,292.811981,9,2,2,car,0.85,0.106,0.394,0.212,0.158
1,292813,292.812792,9,3,2,car,0.8300000000000001,0.533,0.386,0.11800000000000001,0.136
1,292814,292.813701,9,4,2,car,0.8300000000000001,0.249,0.357,0.134,0.107
1,292814,292.814324,9,5,2,car,0.8300000000000001,0.655,0.362,0.077,0.092
1,292815,292.814758,9,6,2,car,0.66,0.47100000000000003,0.34,0.05,0.053
1,292815,292.815143,9,7,2,car,0.51,0.928,0.335,0.105,0.058
1,293010,293.009678,10,0,2,car,0.91,0.765,0.394,0.17200000000000001,0.153
1,293010,293.010448,10,1,2,car,0.9,0.091,0.399,0.183,0.171
1,293011,293.011227,10,2,2,car,0.85,0.66,0.361,0.083,0.095
1,293012,293.011956,10,3,2,car,0.8300000000000001,0.533,0.383,0.11800000000000001,0.14
1,293013,293.012603,10,4,2,car,0.8300000000000001,0.396,0.367,0.113,0.106
1,293013,293.013037,10,5,2,car,0.59,0.47100000000000003,0.337,0.048,0.054
1,293013,293.013447,10,6,2,car,0.51,0.34900000000000003,0.32,0.05,0.035
1,293210,293.209948,11,0,2,car,0.91,0.777,0.4,0.185,0.166
1,293211,293.210669,11,1,2,car,0.85,0.533,0.384,0.11800000000000001,0.138
1,293211,293.211365,11,2,2,car,0.81,0.402,0.367,0.111,0.107
1,293212,293.212070,11,3,2,car,0.78,0.074,0.40800000000000003,0.148,0.193
1,293213,293.212848,11,4,2,car,0.77,0.662,0.36,0.088,0.09
1,293214,293.213504,11,5,2,car,0.6,0.17300000000000001,0.34800000000000003,0.152,0.088
1,293214,293.213970,11,6,2,car,0.59,0.47100000000000003,0.339,0.047,0.051000000000000004
1,293214,293.214372,11,7,2,car,0.56,0.34400000000000003,0.34,0.056,0.066
1,293409,293.408973,12,0,2,car,0.92,0.791,0.398,0.195,0.184
1,293409,293.409448,12,1,2,car,0.85,0.669,0.362,0.092,0.10400000000000001
1,293410,293.409874,12,2,2,car,0.8200000000000001,0.533,0.38,0.117,0.135
1,293410,293.410275,12,3,2,car,0.76,0.403,0.358,0.107,0.105
1,293411,293.410669,12,4,2,car,0.68,0.339,0.342,0.065,0.082
1,293411,293.411086,12,5,2,car,0.68,0.049,0.404,0.099,0.2
1,293411,293.411480,12,6,2,car,0.67,0.263,0.354,0.091,0.088
1,293412,293.411881,12,7,2,car,0.64,0.14200000000000002,0.34900000000000003,0.129,0.11
1,293610,293.609792,13,0,2,car,0.92,0.808,0.403,0.214,0.184
1,293611,293.610545,13,1,2,car,0.88,0.105,0.374,0.148,0.145
1,293611,293.611299,13,2,2,car,0.87,0.531,0.384,0.121,0.14
1,293612,293.612085,13,3,2,car,0.81,0.673,0.37,0.094,0.109
1,293613,293.612872,13,4,2,car,0.79,0.405,0.366,0.107,0.101
1,293614,293.613503,13,5,2,car,0.65,0.327,0.35100000000000003,0.07,0.078
1,293614,293.613994,13,6,2,car,0.64,0.253,0.363,0.095,0.098
1,293614,293.614412,13,7,2,car,0.56,0.183,0.334,0.078,0.069
1,293810,293.809726,14,0,2,car,0.9,0.8240000000000001,0.41100000000000003,0.229,0.211
1,293811,293.810504,14,1,2,car,0.9,0.532,0.39,0.123,0.137
1,293811,293.811356,14,2,2,car,0.89,0.094,0.383,0.187,0.165
1,293812,293.812142,14,3,2,car,0.8200000000000001,0.40900000000000003,0.368,0.10400000000000001,0.10200000000000001
1,293813,293.812830,14,4,2,car,0.78,0.679,0.374,0.1,0.11
1,293813,293.813330,14,5,2,car,0.75,0.32,0.354,0.083,0.083
1,293814,293.813805,14,6,2,car,0.63,0.625,0.364,0.068,0.075
1,293814,293.814264,14,7,2,car,0.59,0.222,0.366,0.114,0.10400000000000001
1,294010,294.009856,15,0,2,car,0.9,0.842,0.41100000000000003,0.243,0.221
1,294011,294.010602,15,1,2,car,0.89,0.084,0.386,0.168,0.181
1,294011,294.011372,15,2,2,car,0.87,0.533,0.386,0.122,0.138
1,294012,294.012117,15,3,2,car,0.8200000000000001,0.41100000000000003,0.365,0.099,0.098
1,294013,294.012805,15,4,2,car,0.8,0.687,0.368,0.107,0.11
1,294014,294.013534,15,5,2,car,0.75,0.187,0.356,0.15,0.109
1,294014,294.014050,15,6,2,car,0.72,0.318,0.352,0.098,0.091
1,294014,294.014468,15,7,2,car,0.52,0.63,0.354,0.057,0.067
1,294210,294.209856,0,0,2,car,0.88,0.533,0.387,0.124,0.14400000000000002
1,294211,294.210650,0,1,2,car,0.86,0.86,0.417,0.267,0.231
1,294211,294.211437,0,2,2,car,0.84,0.064,0.394,0.128,0.20600000000000002
1,294212,294.212207,0,3,2,car,0.81,0.6900000000000001,0.374,0.114,0.122
1,294213,294.212887,0,4,2,car,0.76,0.41000000000000003,0.364,0.089,0.08700000000000001
1,294214,294.213591,0,5,2,car,0.71,0.308,0.355,0.107,0.092
1,294214,294.214091,0,6,2,car,0.6900000000000001,0.163,0.37,0.155,0.122
1,294214,294.214500,0,7,2,car,0.6,0.625,0.355,0.066,0.056
1,294409,294.408929,1,0,2,car,0.89,0.867,0.419,0.263,0.23700000000000002
1,294410,294.409552,1,1,2,car,0.87,0.533,0.387,0.123,0.147
1,294410,294.410216,1,2,2,car,0.87,0.6980000000000001,0.375,0.117,0.12
1,294411,294.410814,1,3,2,car,0.81,0.3,0.355,0.11900000000000001,0.097
1,294411,294.411387,1,4,2,car,0.81,0.039,0.382,0.078,0.195
1,294412,294.411788,1,5,2,car,0.77,0.41300000000000003,0.358,0.08700000000000001,0.097
1,294412,294.412174,1,6,2,car,0.77,0.107,0.374,0.14100000000000001,0.137
1,294413,294.412542,1,7,2,car,0.6900000000000001,0.626,0.355,0.063,0.062
1,294608,294.608495,2,0,2,car,0.91,0.095,0.383,0.19,0.155
1,294609,294.608921,2,1,2,car,0.9,0.532,0.388,0.126,0.14400000000000002
1,294609,294.609371,2,2,2,car,0.88,0.7000000000000001,0.374,0.123,0.127
1,294610,294.609764,2,3,2,car,0.88,0.87,0.424,0.251,0.248
1,294610,294.610133,2,4,2,car,0.88,0.289,0.361,0.126,0.10300000000000001
1,294610,294.610477,2,5,2,car,0.79,0.42,0.361,0.093,0.10200000000000001
1,294611,294.610838,2,6,2,car,0.74,0.626,0.358,0.066,0.065
1,294611,294.611198,2,7,2,car,0.51,0.481,0.303,0.033,0.036000000000000004
1,294810,294.809600,3,0,2,car,0.92,0.079,0.389,0.158,0.18
1,294810,294.810247,3,1,2,car,0.89,0.532,0.392,0.124,0.138
1,294811,294.810886,3,2,2,car,0.89,0.878,0.429,0.23600000000000002,0.251
1,294812,294.811517,3,3,2,car,0.88,0.276,0.363,0.134,0.109
1,294812,294.812181,3,4,2,car,0.88,0.707,0.381,0.124,0.131
1,294813,294.812819,3,5,2,car,0.78,0.628,0.364,0.067,0.065
1,294813,294.813246,3,6,2,car,0.75,0.426,0.367,0.097,0.091
1,294814,294.813622,3,7,2,car,0.63,0.36,0.35000000000000003,0.05,0.065
1,295010,295.009739,4,0,2,car,0.92,0.263,0.374,0.15,0.121
1,295010,295.010181,4,1,2,car,0.92,0.06,0.406,0.12,0.185
1,295011,295.010787,4,2,2,car,0.89,0.532,0.398,0.127,0.146
1,295011,295.011205,4,3,2,car,0.88,0.724,0.388,0.14100000000000001,0.132
1,295012,295.011623,4,4,2,car,0.88,0.884,0.455,0.225,0.262
1,295012,295.012016,4,5,2,car,0.8,0.426,0.37,0.10200000000000001,0.091
1,295012,295.012483,4,6,2,car,0.73,0.633,0.367,0.065,0.063
1,295013,295.012860,4,7,2,car,0.65,0.17,0.325,0.079,0.037
1,295210,295.210123,5,0,2,car,0.91,0.893,0.455,0.21,0.28300000000000003
1,295211,295.211180,5,1,2,car,0.91,0.723,0.387,0.136,0.135
1,295212,295.212114,5,2,2,car,0.89,0.246,0.372,0.157,0.123
1,295213,295.213032,5,3,2,car,0.87,0.531,0.397,0.126,0.147
1,295214,295.213720,5,4,2,car,0.77,0.422,0.36,0.107,0.088
1,295214,295.214285,5,5,2,car,0.76,0.154,0.324,0.07200000000000001,0.039
1,295215,295.214744,5,6,2,car,0.75,0.633,0.367,0.068,0.068
1,295215,295.215211,5,7,2,car,0.67,0.804,0.352,0.058,0.044
1,295410,295.409533,6,0,2,car,0.93,0.728,0.383,0.137,0.139
1,295410,295.410254,6,1,2,car,0.91,0.9,0.464,0.198,0.313
1,295411,295.410950,6,2,2,car,0.89,0.531,0.392,0.132,0.148
1,295412,295.411655,6,3,2,car,0.88,0.228,0.369,0.17200000000000001,0.129
1,295412,295.412171,6,4,2,car,0.77,0.41300000000000003,0.356,0.107,0.08700000000000001
1,295413,295.412564,6,5,2,car,0.71,0.63,0.365,0.073,0.074
1,295413,295.412949,6,6,2,car,0.64,0.334,0.34800000000000003,0.07100000000000001,0.075
1,295413,295.413318,6,7,2,car,0.5700000000000001,0.8180000000000001,0.372,0.068,0.08700000000000001
1,295610,295.609533,7,0,2,car,0.9500000000000001,0.739,0.391,0.14400000000000002,0.14300000000000002
1,295610,295.610270,7,1,2,car,0.87,0.533,0.401,0.133,0.156
1,295611,295.610942,7,2,2,car,0.86,0.20700000000000002,0.378,0.192,0.139
1,295612,295.611556,7,3,2,car,0.86,0.911,0.493,0.178,0.36
1,295612,295.612146,7,4,2,car,0.8200000000000001,0.8290000000000001,0.378,0.084,0.093
1,295613,295.612555,7,5,2,car,0.8,0.633,0.379,0.081,0.088
1,295613,295.612916,7,6,2,car,0.79,0.332,0.356,0.08700000000000001,0.081
1,295613,295.613309,7,7,2,car,0.6900000000000001,0.428,0.368,0.079,0.076
1,295809,295.809368,8,0,2,car,0.93,0.746,0.387,0.147,0.14100000000000001
1,295810,295.810253,8,1,2,car,0.92,0.186,0.376,0.20700000000000002,0.151
1,295811,295.810966,8,2,2,car,0.9,0.532,0.396,0.136,0.153
1,295812,295.811646,8,3,2,car,0.8300000000000001,0.322,0.355,0.097,0.082
1,295812,295.812186,8,4,2,car,0.8200000000000001,0.92,0.514,0.159,0.403
1,295813,295.812686,8,5,2,car,0.81,0.844,0.378,0.096,0.094
1,295813,295.813079,8,6,2,car,0.77,0.429,0.36,0.081,0.079
1,296010,296.009663,9,0,2,car,0.93,0.752,0.394,0.153,0.15
1,296011,296.010523,9,1,2,car,0.91,0.157,0.384,0.228,0.166
1,296011,296.011301,9,2,2,car,0.86,0.931,0.47700000000000004,0.135,0.327
1,296012,296.012350,9,3,2,car,0.84,0.532,0.397,0.14,0.161
1,296013,296.012849,9,4,2,car,0.8,0.308,0.357,0.10400000000000001,0.082
1,296013,296.013267,9,5,2,car,0.78,0.861,0.38,0.106,0.10300000000000001
1,296014,296.013644,9,6,2,car,0.75,0.428,0.359,0.075,0.082
1,296014,296.014045,9,7,2,car,0.74,0.638,0.378,0.084,0.089
1,296210,296.209515,10,0,2,car,0.92,0.761,0.376,0.163,0.154
1,296210,296.210260,10,1,2,car,0.92,0.127,0.369,0.246,0.17400000000000002
1,296211,296.210891,10,2,2,car,0.9,0.9440000000000001,0.47000000000000003,0.111,0.318
1,296212,296.211612,10,3,2,car,0.84,0.298,0.343,0.113,0.092
1,296212,296.212038,10,4,2,car,0.8200000000000001,0.533,0.383,0.14400000000000002,0.16
1,296212,296.212447,10,5,2,car,0.81,0.428,0.34400000000000003,0.075,0.082
1,296213,296.212824,10,6,2,car,0.81,0.878,0.37,0.11,0.1
1,296213,296.213217,10,7,2,car,0.77,0.636,0.36,0.083,0.091
1,296410,296.409506,11,0,2,car,0.92,0.116,0.359,0.233,0.192
1,296410,296.410350,11,1,2,car,0.91,0.767,0.363,0.159,0.163
1,296411,296.411234,11,2,2,car,0.88,0.896,0.353,0.122,0.101
1,296412,296.411890,11,3,2,car,0.88,0.529,0.368,0.149,0.163
1,296413,296.412512,11,4,2,car,0.8300000000000001,0.9540000000000001,0.458,0.091,0.305
1,296413,296.412938,11,5,2,car,0.78,0.28300000000000003,0.331,0.111,0.09
1,296413,296.413323,11,6,2,car,0.78,0.628,0.34600000000000003,0.101,0.096
1,296414,296.413700,11,7,2,car,0.77,0.431,0.33,0.068,0.076
1,296609,296.609251,12,0,2,car,0.91,0.776,0.364,0.159,0.163
1,296610,296.609677,12,1,2,car,0.86,0.109,0.368,0.217,0.20400000000000001
1,296610,296.610103,12,2,2,car,0.85,0.531,0.374,0.149,0.163
1,296610,296.610488,12,3,2,car,0.84,0.913,0.367,0.139,0.113
1,296611,296.610873,12,4,2,car,0.84,0.273,0.336,0.122,0.097
1,296611,296.611250,12,5,2,car,0.78,0.432,0.335,0.07,0.076
1,296612,296.611644,12,6,2,car,0.73,0.963,0.497,0.073,0.279
1,296612,296.612086,12,7,2,car,0.72,0.634,0.35100000000000003,0.085,0.092
1,296808,296.808473,13,0,2,car,0.9,0.78,0.364,0.153,0.16
1,296809,296.809284,13,1,2,car,0.88,0.099,0.369,0.197,0.212
1,296810,296.810004,13,2,2,car,0.87,0.263,0.337,0.123,0.098
1,296811,296.810725,13,3,2,car,0.86,0.925,0.369,0.14300000000000002,0.111
1,296811,296.811373,13,4,2,car,0.85,0.528,0.372,0.148,0.159
1,296812,296.811799,13,5,2,car,0.78,0.433,0.331,0.067,0.067
1,296812,296.812167,13,6,2,car,0.72,0.968,0.508,0.063,0.289
1,296813,296.812544,13,7,2,car,0.67,0.632,0.353,0.085,0.091
1,297009,297.009308,14,0,2,car,0.89,0.09,0.366,0.181,0.222
1,297010,297.010201,14,1,2,car,0.88,0.927,0.364,0.14400000000000002,0.108
1,297011,297.011102,14,2,2,car,0.88,0.785,0.354,0.154,0.147
1,297012,297.011954,14,3,2,car,0.87,0.527,0.369,0.15,0.16
1,297013,297.012699,14,4,2,car,0.86,0.259,0.332,0.129,0.098
1,297013,297.013330,14,5,2,car,0.79,0.628,0.34600000000000003,0.08700000000000001,0.096
1,297014,297.013756,14,6,2,car,0.78,0.34,0.321,0.07,0.07
1,297014,297.014125,14,7,2,car,0.73,0.434,0.326,0.066,0.065
1,297209,297.209037,15,0,2,car,0.9,0.784,0.361,0.15,0.16
1,297209,297.209479,15,1,2,car,0.9,0.258,0.334,0.133,0.099
1,297210,297.209889,15,2,2,car,0.88,0.08600000000000001,0.367,0.17200000000000001,0.228
1,297211,297.210528,15,3,2,car,0.88,0.528,0.366,0.14200000000000002,0.157
1,297211,297.211175,15,4,2,car,0.81,0.933,0.368,0.13,0.114
1,297212,297.211617,15,5,2,car,0.81,0.337,0.32,0.069,0.068
1,297212,297.212027,15,6,2,car,0.8,0.626,0.34600000000000003,0.084,0.098
1,297212,297.212396,15,7,2,car,0.76,0.967,0.488,0.066,0.327
1,297409,297.409364,0,0,2,car,0.91,0.258,0.341,0.135,0.10400000000000001
1,297410,297.410241,0,1,2,car,0.9,0.084,0.375,0.167,0.23
1,297411,297.411117,0,2,2,car,0.85,0.781,0.363,0.147,0.149
1,297412,297.411953,0,3,2,car,0.84,0.9580000000000001,0.47400000000000003,0.082,0.314
1,297413,297.412944,0,4,2,car,0.8300000000000001,0.529,0.371,0.136,0.153
1,297413,297.413419,0,5,2,car,0.8,0.9380000000000001,0.374,0.121,0.109
1,297414,297.413821,0,6,2,car,0.75,0.6930000000000001,0.324,0.042,0.037
1,297414,297.414197,0,7,2,car,0.75,0.334,0.327,0.067,0.062
1,297609,297.609380,1,0,2,car,0.91,0.085,0.38,0.17,0.233
1,297610,297.610240,1,1,2,car,0.88,0.773,0.368,0.14,0.139
1,297611,297.610945,1,2,2,car,0.84,0.258,0.34900000000000003,0.134,0.105
1,297612,297.611551,1,3,2,car,0.8300000000000001,0.9460000000000001,0.47500000000000003,0.106,0.297
1,297612,297.612173,1,4,2,car,0.8300000000000001,0.53,0.376,0.132,0.14100000000000001
1,297613,297.612804,1,5,2,car,0.8,0.44,0.339,0.061,0.065
1,297613,297.613238,1,6,2,car,0.77,0.933,0.383,0.095,0.107
1,297614,297.613640,1,7,2,car,0.73,0.616,0.356,0.074,0.084
1,297808,297.808167,2,0,2,car,0.88,0.08600000000000001,0.377,0.17300000000000001,0.231
1,297809,297.808896,2,1,2,car,0.88,0.765,0.367,0.136,0.134
1,297810,297.809560,2,2,2,car,0.87,0.932,0.458,0.134,0.335
1,297810,297.810199,2,3,2,car,0.84,0.259,0.35000000000000003,0.133,0.101
1,297811,297.810797,2,4,2,car,0.8200000000000001,0.528,0.378,0.125,0.139
1,297811,297.811403,2,5,2,car,0.77,0.438,0.339,0.067,0.062
1,297812,297.811821,2,6,2,car,0.75,0.609,0.36,0.07200000000000001,0.091
1,297812,297.812230,2,7,2,car,0.7000000000000001,0.336,0.337,0.07,0.063
1,298009,298.008855,3,0,2,car,0.91,0.091,0.379,0.182,0.216
1,298010,298.009608,3,1,2,car,0.89,0.757,0.368,0.126,0.13
1,298010,298.010362,3,2,2,car,0.86,0.53,0.38,0.122,0.136
1,298011,298.011124,3,3,2,car,0.8300000000000001,0.92,0.468,0.159,0.34
1,298012,298.011886,3,4,2,car,0.74,0.605,0.359,0.063,0.085
1,298013,298.012648,3,5,2,car,0.73,0.443,0.342,0.059000000000000004,0.059000000000000004
1,298013,298.013147,3,6,2,car,0.72,0.261,0.353,0.131,0.1
1,298014,298.013549,3,7,2,car,0.6900000000000001,0.6890000000000001,0.342,0.04,0.045
1,298209,298.208535,4,0,2,car,0.91,0.097,0.38,0.193,0.20700000000000002
1,298209,298.209436,4,1,2,car,0.89,0.907,0.48,0.185,0.369
1,298210,298.210337,4,2,2,car,0.84,0.746,0.368,0.116,0.126
1,298211,298.211262,4,3,2,car,0.81,0.53,0.375,0.117,0.128
1,298212,298.211959,4,4,2,car,0.77,0.446,0.343,0.059000000000000004,0.061
1,298213,298.212655,4,5,2,car,0.73,0.6,0.363,0.059000000000000004,0.08700000000000001
1,298213,298.213368,4,6,2,car,0.73,0.268,0.356,0.122,0.1
1,298214,298.213851,4,7,2,car,0.66,0.381,0.333,0.048,0.046
1,298408,298.407559,5,0,2,car,0.91,0.10300000000000001,0.381,0.20600000000000002,0.191
1,298408,298.408346,5,1,2,car,0.88,0.895,0.459,0.209,0.315
1,298409,298.409058,5,2,2,car,0.8200000000000001,0.74,0.364,0.116,0.112
1,298410,298.409804,5,3,2,car,0.75,0.276,0.366,0.11900000000000001,0.10200000000000001
1,298411,298.410508,5,4,2,car,0.72,0.452,0.34700000000000003,0.051000000000000004,0.054
1,298411,298.411016,5,5,2,car,0.67,0.533,0.379,0.111,0.123
1,298411,298.411450,5,6,2,car,0.65,0.343,0.34400000000000003,0.057,0.059000000000000004
1,298412,298.411901,5,7,2,car,0.62,0.385,0.338,0.048,0.047
1,298608,298.608263,6,0,2,car,0.91,0.55,0.382,0.139,0.121
1,298609,298.609173,6,1,2,car,0.91,0.113,0.383,0.225,0.181
1,298610,298.609926,6,2,2,car,0.91,0.885,0.453,0.226,0.28600000000000003
1,298611,298.610688,6,3,2,car,0.85,0.731,0.371,0.11800000000000001,0.109
1,298611,298.611458,6,4,2,car,0.73,0.28300000000000003,0.365,0.115,0.093
1,298612,298.612171,6,5,2,car,0.67,0.34800000000000003,0.34700000000000003,0.054,0.055
1,298613,298.612671,6,6,2,car,0.64,0.456,0.354,0.052000000000000005,0.055
1,298613,298.613113,6,7,2,car,0.5700000000000001,0.387,0.342,0.045,0.044
1,298808,298.808435,7,0,2,car,0.92,0.11900000000000001,0.384,0.231,0.17300000000000001
1,298809,298.809336,7,1,2,car,0.89,0.876,0.438,0.244,0.249
1,298810,298.810237,7,2,2,car,0.88,0.547,0.381,0.128,0.11900000000000001
1,298811,298.811155,7,3,2,car,0.78,0.29,0.366,0.111,0.091
1,298812,298.812097,7,4,2,car,0.78,0.722,0.368,0.10300000000000001,0.093
1,298813,298.812777,7,5,2,car,0.7000000000000001,0.456,0.353,0.052000000000000005,0.052000000000000005
1,298813,298.813293,7,6,2,car,0.64,0.34900000000000003,0.34700000000000003,0.05,0.051000000000000004
1,298814,298.813710,7,7,2,car,0.61,0.619,0.332,0.065,0.074
1,299008,299.008147,8,0,2,car,0.9,0.546,0.38,0.123,0.115
1,299009,299.009073,8,1,2,car,0.9,0.87,0.436,0.257,0.242
1,299010,299.009991,8,2,2,car,0.9,0.139,0.381,0.215,0.161
1,299011,299.010875,8,3,2,car,0.84,0.713,0.367,0.101,0.096
1,299012,299.011629,8,4,2,car,0.73,0.293,0.364,0.114,0.079
1,299012,299.012358,8,5,2,car,0.7000000000000001,0.458,0.352,0.051000000000000004,0.052000000000000005
1,299013,299.012858,8,6,2,car,0.65,0.352,0.34700000000000003,0.053,0.054
1,299013,299.013235,8,7,2,car,0.5700000000000001,0.392,0.34900000000000003,0.046,0.047
1,299208,299.208147,9,0,2,car,0.91,0.159,0.376,0.197,0.151
1,299209,299.208917,9,1,2,car,0.91,0.86,0.427,0.271,0.222
1,299210,299.209826,9,2,2,car,0.88,0.544,0.377,0.11900000000000001,0.11
1,299211,299.210727,9,3,2,car,0.84,0.7030000000000001,0.36,0.091,0.08700000000000001
1,299212,299.211743,9,4,2,car,0.73,0.295,0.358,0.12,0.08
1,299212,299.212448,9,5,2,car,0.6900000000000001,0.036000000000000004,0.605,0.07200000000000001,0.47800000000000004
1,299213,299.212956,9,6,2,car,0.62,0.46,0.34700000000000003,0.048,0.048
1,299213,299.213365,9,7,2,car,0.59,0.979,0.368,0.041,0.034
1,299408,299.408450,10,0,2,car,0.91,0.8320000000000001,0.40700000000000003,0.23700000000000002,0.177
1,299409,299.409261,10,1,2,car,0.86,0.541,0.376,0.109,0.106
1,299410,299.410195,10,2,2,car,0.84,0.6990000000000001,0.361,0.094,0.08700000000000001
1,299411,299.411120,10,3,2,car,0.8200000000000001,0.18,0.361,0.183,0.11800000000000001
1,299412,299.411825,10,4,2,car,0.77,0.084,0.531,0.168,0.628
1,299413,299.412513,10,5,2,car,0.76,0.302,0.357,0.109,0.083
1,299413,299.413217,10,6,2,car,0.68,0.966,0.421,0.068,0.14200000000000002
1,299414,299.413725,10,7,2,car,0.68,0.462,0.34600000000000003,0.047,0.052000000000000005
1,299607,299.607229,11,0,2,car,0.9,0.808,0.406,0.211,0.176
1,299608,299.607908,11,1,2,car,0.88,0.115,0.526,0.23,0.645
1,299609,299.608605,11,2,2,car,0.87,0.9550000000000001,0.41300000000000003,0.09,0.132
1,299609,299.609170,11,3,2,car,0.8300000000000001,0.686,0.359,0.08,0.079
1,299610,299.609637,11,4,2,car,0.8200000000000001,0.539,0.371,0.10200000000000001,0.101
1,299610,299.610358,11,5,2,car,0.79,0.209,0.366,0.14300000000000002,0.13
1,299611,299.610981,11,6,2,car,0.7000000000000001,0.309,0.357,0.1,0.078
1,299611,299.611488,11,7,2,car,0.64,0.463,0.34400000000000003,0.046,0.046
1,299808,299.807548,12,0,2,car,0.93,0.135,0.488,0.27,0.534
1,299808,299.808465,12,1,2,car,0.91,0.787,0.395,0.19,0.156
1,299809,299.809235,12,2,2,car,0.88,0.9540000000000001,0.417,0.09,0.14
1,299810,299.810177,12,3,2,car,0.86,0.679,0.358,0.074,0.077
1,299811,299.810865,12,4,2,car,0.8300000000000001,0.537,0.371,0.09,0.096
1,299812,299.811570,12,5,2,car,0.67,0.316,0.357,0.095,0.075
1,299812,299.812201,12,6,2,car,0.61,0.464,0.343,0.046,0.043000000000000003
1,299813,299.812700,12,7,2,car,0.52,0.362,0.34500000000000003,0.047,0.051000000000000004
