seq,label,confidence,xmin,ymin,xmax,ymax
0,2,0.8818359375,-6.103515625e-05,0.2718098759651184,0.2958984375,0.71875
0,2,0.7333984375,0.9163818359375,0.3348795473575592,0.99664306640625,0.3964029848575592
0,2,0.72216796875,0.573333740234375,0.34136962890625,0.6387939453125,0.4058634042739868
0,2,0.55078125,0.443328857421875,0.3426717221736908,0.5166015625,0.4032796323299408
1,2,0.9052734375,-0.0001220703125,0.26123046875,0.27490234375,0.7288411855697632
1,2,0.7158203125,0.561004638671875,0.3515421748161316,0.627166748046875,0.4134114384651184
1,2,0.68994140625,0.917938232421875,0.3431803286075592,0.997344970703125,0.4045816957950592
1,2,0.5966796875,0.4349365234375,0.3544921875,0.511444091796875,0.4143472909927368
2,2,0.90771484375,-0.00018310546875,0.2752279043197632,0.252197265625,0.74951171875
2,2,0.7490234375,0.5533447265625,0.3482869267463684,0.618804931640625,0.4105631709098816
2,2,0.74462890625,0.917694091796875,0.3417561948299408,0.99774169921875,0.4037068784236908
3,2,0.9111328125,-6.103515625e-05,0.26513671875,0.2374267578125,0.716796875
3,2,0.8310546875,0.4193115234375,0.3412882685661316,0.497406005859375,0.4076741337776184
3,2,0.75341796875,0.92449951171875,0.3369954526424408,0.998870849609375,0.4027913510799408
3,2,0.7421875,0.543975830078125,0.341796875,0.608367919921875,0.40625
3,2,0.51513671875,0.59765625,0.33489990234375,0.6302032470703125,0.3645426034927368
4,2,0.92333984375,-6.103515625e-05,0.2623697519302368,0.2169189453125,0.7233072519302368
4,2,0.77001953125,0.931793212890625,0.3365885615348816,1.0000762939453125,0.4069824814796448
4,2,0.70654296875,0.5403289794921875,0.3497314453125,0.603729248046875,0.4101969003677368
4,2,0.67578125,0.415069580078125,0.3473714292049408,0.49395751953125,0.4126790463924408
4,2,0.5048828125,0.595672607421875,0.3374837040901184,0.627349853515625,0.3732096552848816
4,2,0.5029296875,0.8148956298828125,0.3310546875,0.85894775390625,0.3689779043197632
5,2,0.88134765625,-0.00018310546875,0.265625,0.19342041015625,0.7293294668197632
5,2,0.7822265625,0.5364990234375,0.3476359248161316,0.601806640625,0.4097290635108948
5,2,0.6298828125,0.948272705078125,0.3424885869026184,0.999481201171875,0.4089762568473816
5,2,0.59033203125,0.41229248046875,0.3503010869026184,0.4915008544921875,0.4122313857078552
6,2,0.83447265625,-0.00030517578125,0.2727864384651184,0.1773681640625,0.7278645634651184
6,2,0.75732421875,0.537384033203125,0.3614705502986908,0.601837158203125,0.4211018979549408
7,2,0.76513671875,-0.00048828125,0.2674154043197632,0.1612548828125,0.7412109375
7,2,0.76513671875,0.536651611328125,0.35760498046875,0.6009674072265625,0.4198201894760132
7,2,0.611328125,0.413543701171875,0.3622843623161316,0.481719970703125,0.4219971299171448
7,2,0.51513671875,0.9736328125,0.3653157651424408,0.9991455078125,0.4106038510799408
7,2,0.50439453125,0.780853271484375,0.3410237431526184,0.820587158203125,0.3753458857536316
8,2,0.80419921875,-3.0517578125e-05,0.3123372793197632,0.145751953125,0.7275390625
8,2,0.64697265625,0.5357666015625,0.3563232421875,0.598480224609375,0.4196573495864868
8,2,0.56982421875,0.946807861328125,0.3473713994026184,0.9976043701171875,0.3950602412223816
8,2,0.5419921875,0.8318939208984375,0.34576416015625,0.875,0.3765665292739868
8,2,0.53857421875,0.413909912109375,0.3621419072151184,0.4842071533203125,0.4222208857536316
9,2,0.6591796875,0.416259765625,0.3669637143611908,0.480377197265625,0.4150594174861908
9,2,0.51318359375,0.5314483642578125,0.39373779296875,0.594207763671875,0.41748046875
10,2,0.53125,0.790435791015625,0.3241780698299408,0.83636474609375,0.3634236752986908
10,8,0.501953125,0.48895263671875,0.3660685420036316,0.59027099609375,0.4103596806526184
11,2,0.56640625,0.7944793701171875,0.32818603515625,0.8457794189453125,0.3722330331802368
11,2,0.54052734375,0.4185333251953125,0.3629353642463684,0.480804443359375,0.4142455458641052
11,2,0.53271484375,0.8523406982421875,0.3356119990348816,0.894287109375,0.3723958134651184
12,2,0.71826171875,0.422027587890625,0.3651326298713684,0.484039306640625,0.4158732295036316
12,2,0.6025390625,-0.000335693359375,0.3658040463924408,0.0882568359375,0.7565103769302368
12,2,0.56591796875,0.529571533203125,0.3686726689338684,0.591522216796875,0.4148558974266052
12,2,0.51513671875,0.6010284423828125,0.3483479917049408,0.628509521484375,0.3767903745174408
12,2,0.5048828125,0.9583587646484375,0.3448689579963684,0.9990386962890625,0.3867594599723816
13,2,0.63671875,-0.00018310546875,0.3445637822151184,0.074859619140625,0.7644856572151184
13,2,0.55517578125,0.52984619140625,0.3661702573299408,0.5913848876953125,0.4143269956111908
13,2,0.5498046875,0.6042022705078125,0.3445637822151184,0.631500244140625,0.3745116591453552
13,2,0.548828125,0.8148193359375,0.33465576171875,0.8665771484375,0.3733316659927368
14,2,0.66748046875,0.5308837890625,0.3638508915901184,0.5922393798828125,0.4106852412223816
14,2,0.6572265625,0.8197021484375,0.3345540165901184,0.885162353515625,0.3762206435203552
14,2,0.58203125,0.0001220703125,0.3893229067325592,0.059600830078125,0.8001302480697632
14,2,0.56005859375,0.6060028076171875,0.34588623046875,0.6339263916015625,0.3745523691177368
14,2,0.51708984375,0.42730712890625,0.3627116084098816,0.4865570068359375,0.4115193486213684
15,2,0.73193359375,0.5333251953125,0.3516438603401184,0.5941314697265625,0.4059244990348816
15,2,0.666015625,0.4312744140625,0.3533528745174408,0.494476318359375,0.4071858823299408
15,2,0.572265625,0.9387969970703125,0.3260498046875,0.995147705078125,0.3672281503677368
16,2,0.7421875,0.5371551513671875,0.3489176630973816,0.59600830078125,0.3972981572151184
16,2,0.72021484375,0.437744140625,0.3416951298713684,0.506622314453125,0.4003905653953552
16,2,0.64599609375,0.857269287109375,0.3238728642463684,0.917694091796875,0.3746337294578552
17,2,0.73876953125,0.54022216796875,0.3412678837776184,0.601104736328125,0.3958739638328552
17,2,0.58740234375,0.861663818359375,0.3223876953125,0.9327392578125,0.3766275644302368
17,2,0.533203125,0.44073486328125,0.3410440981388092,0.5064697265625,0.3960978090763092
17,2,0.5068359375,0.926361083984375,0.32391357421875,0.9746856689453125,0.3708292245864868
18,2,0.685546875,0.5425262451171875,0.3399658203125,0.60552978515625,0.3961588144302368
18,2,0.65869140625,0.44464111328125,0.3417561948299408,0.5061798095703125,0.3963826596736908
18,2,0.5751953125,0.095947265625,0.3148600459098816,0.22137451171875,0.4151204228401184
18,2,0.56787109375,0.7718048095703125,0.30517578125,0.8115234375,0.3386434316635132
18,2,0.55908203125,0.612945556640625,0.34375,0.651031494140625,0.3740640878677368
19,2,0.76953125,0.547149658203125,0.3395588994026184,0.6099395751953125,0.3957518935203552
19,2,0.6689453125,0.878570556640625,0.3263346552848816,0.974456787109375,0.3850098252296448
19,2,0.5439453125,0.842987060546875,0.3058268427848816,0.91729736328125,0.3604126572608948
19,2,0.52197265625,0.607666015625,0.3478800654411316,0.652740478515625,0.3770344853401184
20,2,0.76318359375,0.5511474609375,0.3343912959098816,0.6107940673828125,0.3952229619026184
20,2,0.6376953125,0.893951416015625,0.3192545771598816,0.9989013671875,0.3864746689796448
20,2,0.6025390625,0.451751708984375,0.34161376953125,0.521331787109375,0.3964437246322632
20,2,0.537109375,0.8494873046875,0.3034464418888092,0.929931640625,0.3638102114200592
20,2,0.51025390625,0.613037109375,0.3514607548713684,0.657073974609375,0.3788859248161316
21,2,0.73974609375,0.5516357421875,0.3392333984375,0.611541748046875,0.4036661386489868
21,2,0.66845703125,0.902923583984375,0.328857421875,0.99798583984375,0.3949381113052368
21,2,0.55078125,0.85137939453125,0.3109130859375,0.93695068359375,0.3695882558822632
21,2,0.5068359375,0.450439453125,0.351806640625,0.5137939453125,0.4043985605239868
22,2,0.74755859375,0.548797607421875,0.3541259765625,0.6105804443359375,0.4132283926010132
22,2,0.57470703125,0.449554443359375,0.3587443232536316,0.5100250244140625,0.4140015244483948
22,2,0.564453125,0.856903076171875,0.3176676332950592,0.9422607421875,0.3802897036075592
22,2,0.54638671875,0.91912841796875,0.3466796875,0.99755859375,0.4045206308364868
22,2,0.5166015625,0.9570159912109375,0.3553873598575592,0.9987640380859375,0.4090982973575592
23,2,0.66552734375,0.9332275390625,0.31640625,0.9991455078125,0.3815103769302368
23,7,0.57080078125,0.442047119140625,0.3411458134651184,0.523223876953125,0.4024657607078552
23,2,0.51611328125,0.900970458984375,0.31353759765625,0.955780029296875,0.3673299551010132
23,2,0.51171875,0.5487060546875,0.3376871645450592,0.61151123046875,0.4001261293888092
24,2,0.6962890625,0.550537109375,0.3289998173713684,0.61309814453125,0.3909301161766052
24,2,0.611328125,0.451263427734375,0.3311360478401184,0.5224761962890625,0.3930053114891052
25,2,0.67431640625,0.55126953125,0.3539021611213684,0.6139373779296875,0.4135131239891052
25,2,0.53857421875,0.45074462890625,0.3599853515625,0.5181121826171875,0.416259765625
26,2,0.5693359375,0.44696044921875,0.3678792119026184,0.51953125,0.4291178584098816
26,2,0.56591796875,0.55279541015625,0.3663736879825592,0.6141815185546875,0.4235636293888092
26,2,0.51953125,0.87799072265625,0.3227335512638092,0.9444427490234375,0.3685099184513092
26,2,0.51806640625,0.6151123046875,0.3912149965763092,0.6444091796875,0.4186197817325592
26,2,0.50146484375,0.941253662109375,0.323974609375,0.999755859375,0.388427734375
27,2,0.63037109375,0.552276611328125,0.3716837763786316,0.6130828857421875,0.4308472275733948
27,2,0.52392578125,0.441375732421875,0.3699951171875,0.51806640625,0.4332681894302368
28,2,0.68359375,0.54913330078125,0.37042236328125,0.609375,0.4327596426010132
28,2,0.626953125,0.444183349609375,0.3760986328125,0.510894775390625,0.4342447519302368
29,2,0.7841796875,0.550384521484375,0.3791300654411316,0.6117401123046875,0.4402058720588684
29,2,0.58642578125,0.44415283203125,0.3804931640625,0.516326904296875,0.4429117441177368
30,2,0.666015625,0.547943115234375,0.3832804262638092,0.6154327392578125,0.4428507387638092
30,2,0.62841796875,0.9471893310546875,0.3206380009651184,0.9946136474609375,0.3705241084098816
30,2,0.52734375,0.883056640625,0.4036458134651184,1.000244140625,0.9843749403953552
30,2,0.52392578125,0.9133148193359375,0.3159993588924408,0.95831298828125,0.3615315854549408
30,2,0.52197265625,0.44580078125,0.3915608823299408,0.51025390625,0.4469197690486908
31,2,0.7099609375,0.553680419921875,0.3836262822151184,0.6163330078125,0.4409586787223816
31,2,0.61328125,0.448150634765625,0.3782958984375,0.5208892822265625,0.4443359375
32,2,0.802734375,0.5526123046875,0.3735758364200592,0.6155853271484375,0.4338785707950592
32,2,0.68408203125,0.901580810546875,0.2952473759651184,0.998992919921875,0.6251627206802368
32,2,0.63427734375,0.449737548828125,0.372314453125,0.51800537109375,0.43377685546875
32,2,0.58837890625,-0.000152587890625,0.3894857168197632,0.0623779296875,0.8466796875
32,2,0.53271484375,0.936920166015625,0.2902628481388092,0.985809326171875,0.3358561098575592
32,0,0.5126953125,0.9042205810546875,0.2700398564338684,0.94110107421875,0.3248698115348816
33,2,0.8154296875,0.8819580078125,0.2869465947151184,0.997589111328125,0.5861002206802368
33,2,0.77587890625,0.548614501953125,0.3719889223575592,0.61126708984375,0.4334513247013092
33,2,0.7685546875,0.4493408203125,0.370361328125,0.516021728515625,0.4342041015625
33,2,0.6640625,-0.0001220703125,0.38427734375,0.0843505859375,0.8141275644302368
34,2,0.85693359375,0.86383056640625,0.2911783456802368,0.99652099609375,0.5826822519302368
34,2,0.75830078125,0.54974365234375,0.3790486454963684,0.608734130859375,0.4378051161766052
34,2,0.7578125,0.446990966796875,0.3750813901424408,0.5129547119140625,0.4363606870174408
34,2,0.6064453125,-0.00048828125,0.31103515625,0.11090087890625,0.84912109375
35,2,0.84619140625,0.85247802734375,0.287109375,0.99700927734375,0.5668131113052368
35,2,0.77685546875,0.5489501953125,0.3814290165901184,0.609710693359375,0.4401244521141052
35,2,0.7744140625,-0.00048828125,0.2973632216453552,0.13763427734375,0.853190004825592
35,2,0.60498046875,0.4478607177734375,0.37939453125,0.511749267578125,0.4381917715072632
36,2,0.822265625,-0.00048828125,0.3077799081802368,0.163330078125,0.8313802480697632
36,2,0.8193359375,0.838623046875,0.296630859375,1.0,0.618408203125
36,2,0.73583984375,0.550140380859375,0.3851521611213684,0.6078338623046875,0.4364420771598816
36,2,0.732421875,0.4482269287109375,0.3768107295036316,0.51263427734375,0.4361775517463684
37,2,0.87744140625,0.82720947265625,0.2980143427848816,0.9986572265625,0.5654296875
37,2,0.79931640625,-0.00042724609375,0.3038737177848816,0.1893310546875,0.8144531846046448
37,2,0.72900390625,0.545501708984375,0.3713175654411316,0.607940673828125,0.4339802861213684
37,2,0.7001953125,0.44940185546875,0.37176513671875,0.5139312744140625,0.4326986074447632
37,2,0.6416015625,0.100341796875,0.36175537109375,0.202392578125,0.4263712167739868
38,2,0.87744140625,0.81494140625,0.304931640625,0.99658203125,0.5629068613052368
38,2,0.87158203125,-0.000244140625,0.2908528447151184,0.21435546875,0.8090819716453552
38,2,0.72900390625,0.544677734375,0.3680216670036316,0.60809326171875,0.4316406846046448
38,2,0.66015625,0.4498748779296875,0.3709309697151184,0.512451171875,0.4320678114891052
39,2,0.892578125,0.80511474609375,0.3037109375,0.9962158203125,0.5594075918197632
39,2,0.890625,-0.000244140625,0.2766927480697632,0.23876953125,0.8614908456802368
39,2,0.6884765625,0.546142578125,0.366455078125,0.6081085205078125,0.4315185546875
39,2,0.64013671875,0.453338623046875,0.3724365234375,0.50994873046875,0.4247640371322632
40,2,0.921875,-0.000244140625,0.2708333134651184,0.262939453125,0.8597005009651184
40,2,0.873046875,0.7977294921875,0.3096516728401184,0.9957275390625,0.5380045771598816
40,2,0.73046875,0.4564208984375,0.3731282353401184,0.515411376953125,0.4184569716453552
40,2,0.66796875,0.54901123046875,0.36749267578125,0.609619140625,0.4226480722427368
41,2,0.94482421875,-6.103515625e-05,0.2931314706802368,0.2843017578125,0.8435872793197632
41,2,0.90380859375,0.79095458984375,0.3129069209098816,0.996826171875,0.5205078125
41,2,0.65283203125,0.550994873046875,0.3625285029411316,0.6105194091796875,0.4196777939796448
41,2,0.640625,0.45867919921875,0.3668619990348816,0.5136566162109375,0.4146321415901184
41,2,0.5126953125,0.743499755859375,0.34478759765625,0.82708740234375,0.427001953125
42,2,0.89990234375,0.0,0.2885741591453552,0.3021240234375,0.826334536075592
42,2,0.8330078125,0.7813720703125,0.3120931386947632,0.99420166015625,0.5193685293197632
42,2,0.80810546875,0.55023193359375,0.3553466796875,0.6103363037109375,0.4149984121322632
42,2,0.77587890625,0.45947265625,0.3622640073299408,0.5178680419921875,0.4096272885799408
42,7,0.5830078125,0.5706787109375,0.000813797116279602,0.88134765625,0.3138020634651184
43,2,0.90625,0.00048828125,0.2815755605697632,0.315185546875,0.8131510019302368
43,2,0.7841796875,0.77197265625,0.314697265625,0.997314453125,0.5170084834098816
43,2,0.67578125,0.549346923828125,0.3518269956111908,0.6066131591796875,0.4095662534236908
43,2,0.59375,0.461273193359375,0.3602498173713684,0.5145111083984375,0.4034830927848816
43,7,0.5283203125,0.6053466796875,0.0009765625,0.8931884765625,0.2549642026424408
44,2,0.93017578125,0.00048828125,0.2897135615348816,0.3272705078125,0.7063802480697632
44,2,0.8583984375,0.7630615234375,0.31298828125,0.990234375,0.510009765625
44,2,0.68359375,0.547119140625,0.34765625,0.6066741943359375,0.4065347909927368
44,2,0.64892578125,0.459930419921875,0.3566690981388092,0.51434326171875,0.3986002504825592
45,2,0.9462890625,0.0003662109375,0.2930501699447632,0.33837890625,0.6497396230697632
45,2,0.822265625,0.75213623046875,0.319091796875,0.96868896484375,0.5038248896598816
45,2,0.70556640625,0.462982177734375,0.3566080629825592,0.515228271484375,0.3973185122013092
45,2,0.67041015625,0.5443115234375,0.3515421748161316,0.6043853759765625,0.4070637822151184
46,2,0.95263671875,0.000244140625,0.298828125,0.3475341796875,0.640625
46,2,0.888671875,0.74468994140625,0.3174234628677368,0.9508056640625,0.5067545175552368
46,2,0.73486328125,0.54058837890625,0.3469645380973816,0.60308837890625,0.4050903916358948
46,2,0.64990234375,0.460906982421875,0.353515625,0.5147247314453125,0.3930460214614868
46,2,0.63671875,0.7282257080078125,0.3221435546875,0.768096923828125,0.3570352792739868
47,2,0.9150390625,0.0,0.2950032949447632,0.35400390625,0.6350911855697632
47,2,0.88427734375,0.7376708984375,0.3159586787223816,0.93524169921875,0.4988606572151184
47,2,0.7119140625,0.541412353515625,0.3426716923713684,0.6014862060546875,0.3985595107078552
47,2,0.681640625,0.4629669189453125,0.3440144956111908,0.5158233642578125,0.3869832456111908
47,2,0.5810546875,0.506744384765625,0.2615763545036316,0.58770751953125,0.3302002549171448
48,2,0.92919921875,-0.000244140625,0.2967936396598816,0.3597412109375,0.6182454824447632
48,2,0.87451171875,0.7303466796875,0.3176676630973816,0.920867919921875,0.4925130009651184
48,2,0.798828125,0.54058837890625,0.3430582880973816,0.6002197265625,0.3983154892921448
48,2,0.6103515625,0.7151336669921875,0.31878662109375,0.759918212890625,0.35748291015625
48,2,0.54931640625,0.46575927734375,0.3459879457950592,0.514190673828125,0.3849894106388092
49,2,0.9404296875,0.001220703125,0.2975260019302368,0.36181640625,0.6249185800552368
49,2,0.87451171875,0.72491455078125,0.3173828125,0.90545654296875,0.4845377802848816
49,2,0.73193359375,0.53656005859375,0.3401082158088684,0.5976409912109375,0.3966471552848816
50,2,0.9375,0.01953125,0.3009440302848816,0.363525390625,0.6187337636947632
50,2,0.8935546875,0.71649169921875,0.3150227665901184,0.89166259765625,0.482666015625
50,2,0.7802734375,0.5393524169921875,0.3409220278263092,0.595733642578125,0.3954264223575592
50,2,0.69873046875,0.4716949462890625,0.33624267578125,0.5129852294921875,0.3763223886489868
51,2,0.94189453125,0.0360107421875,0.293701171875,0.365234375,0.599609375
51,2,0.9072265625,0.7115478515625,0.3185221552848816,0.8778076171875,0.4760335087776184
51,2,0.7333984375,0.53485107421875,0.33746337890625,0.5938568115234375,0.39361572265625
51,2,0.73193359375,0.469818115234375,0.3313395380973816,0.5140838623046875,0.3709309697151184
52,2,0.91650390625,0.04736328125,0.2892252802848816,0.366455078125,0.60205078125
52,2,0.90869140625,0.70562744140625,0.3201904296875,0.86712646484375,0.4739583134651184
52,2,0.7021484375,0.53118896484375,0.3383992314338684,0.591766357421875,0.3940226435661316
52,2,0.6162109375,0.46966552734375,0.33258056640625,0.5141754150390625,0.36859130859375
53,2,0.9267578125,0.05859375,0.3057454228401184,0.3673095703125,0.591552734375
53,2,0.74560546875,0.700927734375,0.3179931640625,0.8565673828125,0.4696858525276184
53,2,0.58935546875,0.528533935546875,0.3369140625,0.5905303955078125,0.3899942636489868
53,2,0.53857421875,0.471343994140625,0.32244873046875,0.512603759765625,0.3678182363510132
54,2,0.9248046875,0.0704345703125,0.302734375,0.3707275390625,0.5901693105697632
54,2,0.833984375,0.695068359375,0.3157145380973816,0.845703125,0.4576416015625
54,2,0.72216796875,0.826416015625,0.32135009765625,0.90057373046875,0.3723551034927368
54,2,0.6748046875,0.5276947021484375,0.337158203125,0.58837890625,0.38824462890625
54,2,0.626953125,0.4720001220703125,0.322998046875,0.512237548828125,0.3641561269760132
55,2,0.90771484375,0.690185546875,0.3090006709098816,0.83544921875,0.45556640625
55,2,0.88427734375,0.0765380859375,0.2958170771598816,0.3717041015625,0.559326171875
55,2,0.71875,0.815673828125,0.3144124150276184,0.8984375,0.3665160536766052
55,2,0.7001953125,0.513427734375,0.3262532353401184,0.58551025390625,0.3831786513328552
55,2,0.6142578125,0.4669952392578125,0.3190511167049408,0.51239013671875,0.3557942807674408
56,2,0.84130859375,0.09600830078125,0.3026530146598816,0.3741455078125,0.560791015625
56,2,0.822265625,0.68353271484375,0.314208984375,0.8272705078125,0.458984375
56,2,0.71435546875,0.816650390625,0.3244425654411316,0.898040771484375,0.3764038681983948
56,2,0.69873046875,0.525848388671875,0.3277384638786316,0.5843505859375,0.3870442509651184
56,2,0.626953125,0.467742919921875,0.3214518129825592,0.5118408203125,0.3603922426700592
57,2,0.85595703125,0.10321044921875,0.3006185293197632,0.3758544921875,0.5557454824447632
57,2,0.84716796875,0.678863525390625,0.3116047978401184,0.82012939453125,0.4541422724723816
57,2,0.75146484375,0.815185546875,0.32257080078125,0.8954010009765625,0.3752645254135132
57,2,0.74267578125,0.51953125,0.3238118290901184,0.5815582275390625,0.3863932490348816
57,2,0.69091796875,0.463836669921875,0.3114420771598816,0.5102691650390625,0.3533936142921448
58,2,0.8251953125,0.671966552734375,0.312255859375,0.80987548828125,0.4502766728401184
58,2,0.78955078125,0.11273193359375,0.3033854365348816,0.3763427734375,0.5478515625
58,2,0.7529296875,0.5183563232421875,0.3275960385799408,0.5767822265625,0.3842976987361908
58,2,0.7333984375,0.81158447265625,0.3224284052848816,0.892303466796875,0.3783162236213684
58,2,0.541015625,0.45916748046875,0.310546875,0.508209228515625,0.3546142578125
59,2,0.8037109375,0.1239013671875,0.3011881709098816,0.3751220703125,0.5193684697151184
59,2,0.72802734375,0.6661376953125,0.3118489682674408,0.798583984375,0.4494222104549408
59,2,0.71875,0.80963134765625,0.3222452700138092,0.893798828125,0.3785196840763092
59,2,0.6962890625,0.51287841796875,0.3267619013786316,0.573150634765625,0.3859863877296448
59,2,0.580078125,0.4595489501953125,0.305908203125,0.5017547607421875,0.35321044921875
60,2,0.857421875,0.12701416015625,0.3021647334098816,0.3741455078125,0.5303547978401184
60,2,0.8154296875,0.66009521484375,0.310302734375,0.792510986328125,0.4442545771598816
60,2,0.7998046875,0.80682373046875,0.3221232295036316,0.893707275390625,0.3786824345588684
60,2,0.77587890625,0.5088043212890625,0.3236287236213684,0.5690155029296875,0.3821410536766052
60,2,0.6298828125,0.461761474609375,0.3104044795036316,0.4975128173828125,0.3507283329963684
61,2,0.86572265625,0.1331787109375,0.3033854365348816,0.3741455078125,0.5174153447151184
61,2,0.8251953125,0.65460205078125,0.3118489682674408,0.784088134765625,0.4436849057674408
61,2,0.78564453125,0.50799560546875,0.3194783329963684,0.56536865234375,0.3816935420036316
61,2,0.65869140625,0.8037109375,0.3221435546875,0.89373779296875,0.3819173574447632
61,2,0.65380859375,0.45697021484375,0.3060099184513092,0.4976348876953125,0.3518473207950592
62,2,0.88720703125,0.136962890625,0.3046061396598816,0.37371826171875,0.517333984375
62,2,0.84716796875,0.649566650390625,0.3137613832950592,0.777099609375,0.4444986879825592
62,2,0.8271484375,0.503173828125,0.3246867060661316,0.560028076171875,0.3861084580421448
62,2,0.66015625,0.805328369140625,0.3289591670036316,0.8963623046875,0.3897297978401184
62,2,0.544921875,0.455535888671875,0.3153889775276184,0.4956512451171875,0.3545328974723816
62,9,0.5390625,0.1948089599609375,0.0012613926082849503,0.2371063232421875,0.0600992813706398
63,2,0.88427734375,0.6416015625,0.3086751401424408,0.76806640625,0.4407552182674408
63,2,0.85546875,0.14373779296875,0.30322265625,0.37359619140625,0.5243327021598816
63,2,0.7744140625,0.5023956298828125,0.3194987177848816,0.558349609375,0.3833008408546448
63,2,0.666015625,0.803497314453125,0.3238525390625,0.8990478515625,0.3892008066177368
63,2,0.53271484375,0.4568939208984375,0.3208414912223816,0.492401123046875,0.3498128056526184
63,2,0.50732421875,0.3420257568359375,0.3056843876838684,0.3787841796875,0.3591307997703552
64,2,0.88720703125,0.63916015625,0.308349609375,0.763519287109375,0.4323323965072632
64,2,0.8525390625,0.147705078125,0.2998046875,0.37335205078125,0.5086262822151184
64,2,0.837890625,0.4932708740234375,0.3162638545036316,0.558349609375,0.3812459111213684
64,2,0.68701171875,0.80621337890625,0.3216349482536316,0.9027099609375,0.3913574814796448
65,2,0.8798828125,0.15142822265625,0.3050944209098816,0.3726806640625,0.519775390625
65,2,0.869140625,0.6385498046875,0.3123372197151184,0.760894775390625,0.4420166015625
65,2,0.84228515625,0.4931793212890625,0.3266398310661316,0.556427001953125,0.3900757431983948
65,2,0.6298828125,0.811370849609375,0.3291218876838684,0.905364990234375,0.3992308974266052
66,2,0.8818359375,0.1553955078125,0.3076985478401184,0.37371826171875,0.51611328125
66,2,0.876953125,0.63409423828125,0.3147379755973816,0.75634765625,0.4415283203125
66,2,0.80810546875,0.4928741455078125,0.3287353515625,0.5552978515625,0.3937784433364868
66,2,0.5888671875,0.816009521484375,0.331787109375,0.91534423828125,0.4030965566635132
67,2,0.857421875,0.6331787109375,0.3146565556526184,0.75347900390625,0.4425048828125
67,2,0.84326171875,0.1595458984375,0.3080241084098816,0.374755859375,0.505126953125
67,2,0.7802734375,0.49176025390625,0.329345703125,0.552947998046875,0.39471435546875
68,2,0.89208984375,0.1646728515625,0.3050944209098816,0.3748779296875,0.5130208134651184
68,2,0.83544921875,0.6322021484375,0.3127848207950592,0.75152587890625,0.4348551332950592
68,2,0.7998046875,0.48687744140625,0.3303426206111908,0.5506134033203125,0.3942464292049408
68,2,0.61181640625,0.828460693359375,0.3331705927848816,0.93145751953125,0.4099121689796448
69,2,0.888671875,0.63238525390625,0.3152262568473816,0.75079345703125,0.4383137822151184
69,2,0.88671875,0.16650390625,0.3030599355697632,0.3760986328125,0.5015462636947632
69,2,0.79541015625,0.485107421875,0.33184814453125,0.5484619140625,0.3963216543197632
69,2,0.5390625,0.8363037109375,0.3401692807674408,0.940948486328125,0.4140828549861908
70,2,0.88427734375,0.174560546875,0.307861328125,0.37945556640625,0.4991862177848816
70,2,0.80908203125,0.63128662109375,0.3181965947151184,0.75048828125,0.4424235224723816
70,2,0.74951171875,0.4800872802734375,0.3328043818473816,0.544464111328125,0.3997192978858948
70,2,0.5439453125,0.84356689453125,0.3399658203125,0.951171875,0.4214273691177368
71,2,0.8720703125,0.1785888671875,0.3130696415901184,0.38287353515625,0.5011393427848816
71,2,0.83251953125,0.6343994140625,0.3287760317325592,0.749908447265625,0.4475504457950592
71,2,0.73779296875,0.474945068359375,0.3371785283088684,0.5413818359375,0.4023844599723816
71,7,0.65283203125,0.848724365234375,0.3453369140625,0.96295166015625,0.4311116933822632
72,2,0.79638671875,0.6328125,0.3290201723575592,0.749359130859375,0.4481607973575592
72,2,0.79150390625,0.181884765625,0.31494140625,0.3843994140625,0.4940592646598816
72,7,0.677734375,0.85614013671875,0.3464762568473816,0.9757080078125,0.4349365830421448
72,2,0.67236328125,-0.0001068115234375,0.3440348207950592,0.0539398193359375,0.3898111879825592
72,2,0.5830078125,0.47296142578125,0.3388264775276184,0.5345916748046875,0.3969725966453552
73,2,0.873046875,0.18359375,0.3131510615348816,0.384765625,0.49462890625
73,2,0.8583984375,0.6322021484375,0.3291829228401184,0.748992919921875,0.4472655653953552
73,7,0.60595703125,0.8631591796875,0.3505452275276184,0.99029541015625,0.4423827528953552
73,2,0.57861328125,0.4692840576171875,0.3414509892463684,0.530242919921875,0.3992716670036316
74,2,0.8505859375,0.6329345703125,0.3262939453125,0.74908447265625,0.4473062753677368
74,2,0.8427734375,0.1832275390625,0.310791015625,0.38409423828125,0.5022786259651184
74,2,0.6416015625,0.461578369140625,0.3417765498161316,0.5262451171875,0.3995361924171448
75,2,0.87841796875,0.630889892578125,0.324951171875,0.7474365234375,0.4469400644302368
75,2,0.86767578125,0.18255615234375,0.3097330927848816,0.38140869140625,0.4922688603401184
75,2,0.7607421875,0.87457275390625,0.34765625,0.997100830078125,0.4462890625
75,2,0.67578125,0.455078125,0.33984375,0.5194854736328125,0.4011434316635132
75,2,0.5234375,0.72613525390625,0.343017578125,0.7780914306640625,0.38214111328125
76,2,0.8603515625,0.18109130859375,0.3028157353401184,0.37786865234375,0.4847819209098816
76,2,0.83056640625,0.87896728515625,0.3455403447151184,0.99853515625,0.4443358778953552
76,2,0.73291015625,0.63226318359375,0.3208821415901184,0.746002197265625,0.4139811396598816
76,2,0.681640625,0.44891357421875,0.3307902216911316,0.514129638671875,0.3988240361213684
76,2,0.59765625,0.7685546875,0.28369140625,0.90234375,0.385009765625
77,2,0.82373046875,0.88238525390625,0.3507893681526184,0.99822998046875,0.4508463740348816
77,2,0.80615234375,0.1771240234375,0.3036295771598816,0.3782958984375,0.4737548828125
77,2,0.73486328125,0.7291107177734375,0.3381144106388092,0.793304443359375,0.3972574770450592
77,2,0.71826171875,0.63250732421875,0.32666015625,0.7452392578125,0.4086507558822632
77,2,0.5537109375,0.44342041015625,0.3327839970588684,0.506866455078125,0.4017741084098816
77,2,0.5107421875,0.472198486328125,0.2894694209098816,0.5333099365234375,0.3596192002296448
78,2,0.8203125,0.17315673828125,0.3037109375,0.37664794921875,0.515625
78,2,0.80908203125,0.631866455078125,0.3245036005973816,0.74688720703125,0.4381104111671448
78,2,0.74267578125,0.43524169921875,0.3318074345588684,0.502197265625,0.4033202528953552
78,2,0.65087890625,0.88848876953125,0.3582356572151184,0.997802734375,0.4414469599723816
78,2,0.640625,0.488739013671875,0.3220621645450592,0.53192138671875,0.3597818911075592
78,2,0.63037109375,0.737091064453125,0.3404337763786316,0.801422119140625,0.3997803330421448
79,2,0.8798828125,0.631927490234375,0.32666015625,0.7486572265625,0.4418538808822632
79,2,0.81396484375,0.1658935546875,0.3060709834098816,0.37408447265625,0.5078938603401184
79,2,0.74853515625,0.4313507080078125,0.3358967900276184,0.49932861328125,0.4052123427391052
79,2,0.708984375,0.74169921875,0.34326171875,0.8072509765625,0.4025472402572632
79,2,0.5947265625,0.48834228515625,0.32366943359375,0.535247802734375,0.3607584238052368
79,2,0.5,0.894744873046875,0.3597005009651184,0.971343994140625,0.4361571669578552
80,2,0.88037109375,0.15936279296875,0.302001953125,0.37060546875,0.5127766728401184
80,2,0.857421875,0.63397216796875,0.3249104917049408,0.74737548828125,0.4406331479549408
80,2,0.80615234375,0.427032470703125,0.3299153447151184,0.4959716796875,0.4026286005973816
80,2,0.775390625,0.744842529296875,0.3398234248161316,0.8154754638671875,0.3975830674171448
80,2,0.541015625,0.5049591064453125,0.320068359375,0.5405120849609375,0.3541259765625
81,2,0.8857421875,0.150634765625,0.2976887822151184,0.3612060546875,0.51318359375
81,2,0.853515625,0.7498779296875,0.3387044370174408,0.8236083984375,0.3960164487361908
81,2,0.78515625,0.42181396484375,0.32830810546875,0.490203857421875,0.39862060546875
81,2,0.77734375,0.6358642578125,0.3248291015625,0.7489013671875,0.4448648691177368
81,2,0.552734375,0.5090484619140625,0.3095703125,0.54583740234375,0.3494058847427368
81,2,0.53759765625,0.900421142578125,0.354248046875,0.99658203125,0.4603677988052368
81,7,0.5283203125,0.887939453125,0.2655029296875,0.9998779296875,0.392578125
82,2,0.8759765625,0.63763427734375,0.3247477412223816,0.74957275390625,0.4435628056526184
82,2,0.837890625,0.74822998046875,0.33984375,0.830291748046875,0.3982340097427368
82,2,0.82861328125,0.13916015625,0.296630859375,0.35284423828125,0.5148112177848816
82,2,0.7890625,0.41619873046875,0.3273518681526184,0.4878387451171875,0.4005126357078552
82,2,0.583984375,0.512115478515625,0.3146565556526184,0.5475616455078125,0.3483683466911316
82,2,0.5634765625,0.899932861328125,0.3551025390625,0.9989013671875,0.460693359375
82,2,0.5166015625,0.251708984375,0.2267252802848816,0.41473388671875,0.374267578125
83,2,0.87744140625,0.6395263671875,0.3258463442325592,0.75396728515625,0.4453531801700592
83,2,0.8056640625,0.7604217529296875,0.3354899287223816,0.84100341796875,0.3992920517921448
83,2,0.7939453125,0.12225341796875,0.2957357168197632,0.3482666015625,0.5171712636947632
83,2,0.78466796875,0.4149322509765625,0.3255818784236908,0.48394775390625,0.4000447690486908
83,2,0.779296875,0.903961181640625,0.3542073369026184,0.999664306640625,0.4703368544578552
83,2,0.5859375,0.795623779296875,0.2728271484375,0.8688812255859375,0.3659261465072632
83,2,0.52392578125,0.5155487060546875,0.30999755859375,0.551239013671875,0.34686279296875
84,2,0.91259765625,0.641937255859375,0.3263753056526184,0.757904052734375,0.4484862685203552
84,2,0.857421875,0.113037109375,0.2984212040901184,0.34210205078125,0.5189616084098816
84,2,0.79931640625,0.771514892578125,0.3427734375,0.854156494140625,0.4056600332260132
84,2,0.78515625,0.91070556640625,0.3594156801700592,0.998291015625,0.4720865786075592
84,2,0.76953125,0.41192626953125,0.3272705078125,0.483551025390625,0.4069417715072632
84,2,0.6640625,0.00018310546875,0.307861328125,0.134674072265625,0.4507649540901184
84,2,0.650390625,0.5225067138671875,0.3130900263786316,0.557220458984375,0.3460286259651184
84,2,0.5849609375,0.23291015625,0.23876953125,0.41485595703125,0.3781331181526184
85,2,0.919921875,0.64678955078125,0.32373046875,0.76019287109375,0.445556640625
85,2,0.88525390625,0.09564208984375,0.298095703125,0.3311767578125,0.520263671875
85,2,0.79736328125,0.409576416015625,0.3299967646598816,0.4833984375,0.4027710556983948
85,2,0.796875,0.9151611328125,0.3515625,0.99908447265625,0.4794108271598816
85,2,0.78759765625,0.77850341796875,0.3384602665901184,0.863983154296875,0.4046427607536316
85,2,0.63037109375,0.5260772705078125,0.31036376953125,0.5590667724609375,0.3438516855239868
85,2,0.62255859375,0.4952239990234375,0.2884521484375,0.52117919921875,0.3148599863052368
86,2,0.92919921875,0.648040771484375,0.3164469301700592,0.761993408203125,0.4393717348575592
86,2,0.9013671875,0.0760498046875,0.2919921875,0.3240966796875,0.5210774540901184
86,2,0.857421875,0.916717529296875,0.3487141728401184,0.999237060546875,0.4952392578125
86,2,0.85595703125,0.78515625,0.3294880986213684,0.875030517578125,0.3997599482536316
86,2,0.7421875,0.407684326171875,0.3215738832950592,0.477630615234375,0.3943277895450592
86,2,0.6416015625,0.5306243896484375,0.2998860478401184,0.5626220703125,0.3362223505973816
86,5,0.60400390625,0.800537109375,0.2548421323299408,0.9525299072265625,0.3747151792049408
87,2,0.88134765625,0.05426025390625,0.28369140625,0.3057861328125,0.517822265625
87,2,0.8583984375,0.649627685546875,0.3080241084098816,0.761474609375,0.4300130009651184
87,2,0.8203125,0.792510986328125,0.3255818486213684,0.88232421875,0.3971964716911316
87,2,0.79931640625,0.915557861328125,0.3435872197151184,0.9991455078125,0.4789225459098816
87,2,0.7119140625,0.404266357421875,0.3168131709098816,0.479461669921875,0.3919678330421448
87,2,0.54248046875,0.531524658203125,0.2956339716911316,0.564727783203125,0.3310547471046448
88,2,0.91357421875,0.651824951171875,0.3172607421875,0.762481689453125,0.435302734375
88,2,0.88818359375,0.025146484375,0.2881672978401184,0.294677734375,0.5397135019302368
88,2,0.8662109375,0.79766845703125,0.3299357295036316,0.89208984375,0.4055176377296448
88,2,0.83935546875,0.91143798828125,0.35107421875,0.998870849609375,0.49169921875
88,2,0.75830078125,0.39788818359375,0.3235880434513092,0.474029541015625,0.3954264223575592
88,2,0.64501953125,0.5321807861328125,0.30023193359375,0.5650177001953125,0.3348388671875
88,2,0.52880859375,0.8477783203125,0.2491861879825592,0.998565673828125,0.3856607973575592
88,2,0.52783203125,0.74591064453125,0.3050130009651184,0.8198089599609375,0.3342894911766052
89,2,0.89990234375,0.65289306640625,0.3161213994026184,0.7645263671875,0.4372557997703552
89,2,0.8662109375,0.0001220703125,0.28564453125,0.281494140625,0.5450032949447632
89,2,0.83935546875,0.805938720703125,0.33233642578125,0.9007568359375,0.4032796621322632
89,2,0.798828125,0.909423828125,0.3519694209098816,0.9991455078125,0.4986572265625
89,2,0.75634765625,0.395904541015625,0.3205973207950592,0.472900390625,0.3957315981388092
89,2,0.66552734375,0.5327911376953125,0.30108642578125,0.5672149658203125,0.3354898691177368
89,2,0.60400390625,0.86419677734375,0.2569580078125,0.999267578125,0.3818359375
89,2,0.5830078125,0.754058837890625,0.3050537109375,0.8258056640625,0.3360799551010132
90,2,0.869140625,0.0003662109375,0.2827962040901184,0.26068115234375,0.525634765625
90,2,0.86279296875,0.65496826171875,0.31005859375,0.76605224609375,0.4357096552848816
90,2,0.84326171875,0.904388427734375,0.3487955629825592,0.99932861328125,0.4844156801700592
90,2,0.81396484375,0.8135986328125,0.3321940302848816,0.9134521484375,0.4049072861671448
90,2,0.64794921875,0.7609405517578125,0.3055623173713684,0.829254150390625,0.3354899287223816
90,2,0.64697265625,0.39434814453125,0.3175048828125,0.47174072265625,0.39654541015625
90,2,0.59033203125,0.5322418212890625,0.3008219599723816,0.568145751953125,0.3350220322608948
90,2,0.521484375,0.896575927734375,0.2470703125,0.9996337890625,0.4013671875
90,2,0.51123046875,0.496856689453125,0.2858072817325592,0.537841796875,0.3185831606388092
91,2,0.87451171875,-0.000244140625,0.2721354365348816,0.2432861328125,0.524658203125
91,2,0.873046875,0.656005859375,0.3082275390625,0.76702880859375,0.4292806386947632
91,2,0.818359375,0.391143798828125,0.3143717646598816,0.469635009765625,0.3950195908546448
91,2,0.78466796875,0.821441650390625,0.3316243588924408,0.9259033203125,0.4050496518611908
91,2,0.7802734375,0.89697265625,0.3496907353401184,0.99969482421875,0.50927734375
91,2,0.669921875,0.76678466796875,0.30401611328125,0.8324432373046875,0.3343099355697632
91,2,0.65283203125,0.534454345703125,0.3011067807674408,0.5666046142578125,0.3339436948299408
92,2,0.8896484375,0.65753173828125,0.3177490234375,0.7685546875,0.4374593496322632
92,2,0.84423828125,-0.00030517578125,0.2688802480697632,0.2288818359375,0.5457357168197632
92,2,0.83935546875,0.8917236328125,0.3566080927848816,0.99957275390625,0.5179036259651184
92,2,0.8310546875,0.8321533203125,0.3387857973575592,0.931060791015625,0.4146524965763092
92,2,0.77880859375,0.384735107421875,0.3208414912223816,0.466583251953125,0.3999634385108948
92,2,0.7041015625,0.537109375,0.30792236328125,0.5676727294921875,0.3379110097885132
92,2,0.65576171875,0.77728271484375,0.3106282353401184,0.8385467529296875,0.3472289443016052
92,2,0.55126953125,0.341705322265625,0.3162028193473816,0.401153564453125,0.3532715439796448
93,2,0.888671875,0.8426513671875,0.3458048701286316,0.941619873046875,0.4246216416358948
93,2,0.88671875,0.661865234375,0.3203125,0.77093505859375,0.4408365488052368
93,2,0.8828125,0.00030517578125,0.274169921875,0.20123291015625,0.5567220449447632
93,2,0.861328125,0.88665771484375,0.3606770634651184,0.998992919921875,0.51806640625
93,2,0.7919921875,0.3834686279296875,0.3241984248161316,0.466064453125,0.4064942002296448
93,2,0.689453125,0.78265380859375,0.3154703974723816,0.8499908447265625,0.3524373173713684
93,2,0.615234375,0.535675048828125,0.3116251826286316,0.5684051513671875,0.3438923954963684
94,2,0.89501953125,0.662384033203125,0.3192952573299408,0.77392578125,0.4353841245174408
94,2,0.87744140625,0.00042724609375,0.28271484375,0.1788330078125,0.5699869394302368
94,2,0.84228515625,0.8521270751953125,0.3441569209098816,0.9525146484375,0.4213867783546448
94,2,0.8232421875,0.379241943359375,0.3223469853401184,0.465362548828125,0.4052733778953552
94,2,0.7333984375,0.791290283203125,0.3140055537223816,0.859710693359375,0.3546956181526184
94,2,0.716796875,0.880615234375,0.3600667715072632,0.99951171875,0.5266927480697632
94,2,0.53759765625,0.53466796875,0.3122151494026184,0.5669403076171875,0.3453368544578552
95,2,0.8759765625,0.663330078125,0.3144124150276184,0.775970458984375,0.4293619990348816
95,2,0.875,-0.00018310546875,0.2660319209098816,0.1553955078125,0.5764974355697632
95,2,0.794921875,0.3770751953125,0.3187662959098816,0.463470458984375,0.4012044072151184
95,2,0.73779296875,0.864227294921875,0.3432820737361908,0.954986572265625,0.4135335385799408
95,2,0.6962890625,0.7972412109375,0.31048583984375,0.86712646484375,0.3474324941635132
95,2,0.6904296875,0.8712158203125,0.3494465947151184,0.99969482421875,0.5238444209098816
95,2,0.52978515625,0.5350799560546875,0.3096517026424408,0.566375732421875,0.3390096127986908
96,2,0.89501953125,0.666015625,0.3138427734375,0.776611328125,0.425048828125
96,2,0.85888671875,0.86810302734375,0.3390299081802368,0.999908447265625,0.5414224863052368
96,2,0.83935546875,0.0,0.2599284052848816,0.12860107421875,0.5447591543197632
96,2,0.8134765625,0.3729248046875,0.3138427734375,0.45989990234375,0.3980306386947632
96,2,0.708984375,0.809539794921875,0.3090616762638092,0.87689208984375,0.3478190004825592
96,2,0.58984375,0.53643798828125,0.3092041015625,0.5655975341796875,0.3436075448989868
97,2,0.9140625,0.86602783203125,0.3422037959098816,0.9998779296875,0.555908203125
97,2,0.88427734375,0.67156982421875,0.3169352114200592,0.782928466796875,0.4314371645450592
97,2,0.85986328125,3.0517578125e-05,0.2708333730697632,0.09814453125,0.5445150136947632
97,2,0.73876953125,0.818023681640625,0.3152262568473816,0.89117431640625,0.3579915165901184
97,2,0.6708984375,0.369293212890625,0.3175862431526184,0.45892333984375,0.4001871943473816
97,2,0.55517578125,0.536590576171875,0.3113606572151184,0.569610595703125,0.3459472060203552
98,2,0.88720703125,0.676239013671875,0.3240559995174408,0.785614013671875,0.4385579526424408
98,2,0.8125,0.829071044921875,0.32513427734375,0.90289306640625,0.3705240488052368
98,2,0.80126953125,0.86700439453125,0.3531901240348816,0.999847412109375,0.5618489384651184
98,2,0.763671875,0.365142822265625,0.32275390625,0.4586181640625,0.4066976308822632
98,2,0.5791015625,0.53887939453125,0.3223470151424408,0.571044921875,0.3521321713924408
98,2,0.5283203125,-0.0001220703125,0.2706705927848816,0.0693359375,0.55908203125
98,2,0.5,0.6058349609375,0.3241984248161316,0.63824462890625,0.3485108017921448
99,2,0.91015625,0.681793212890625,0.3206380307674408,0.792755126953125,0.4374593198299408
99,2,0.8896484375,0.868408203125,0.3511555790901184,0.999755859375,0.5734049677848816
99,2,0.818359375,0.36358642578125,0.3224284052848816,0.456573486328125,0.4070637822151184
99,2,0.79443359375,0.83978271484375,0.3246256709098816,0.9168701171875,0.3747761845588684
100,2,0.8974609375,0.687896728515625,0.3217366337776184,0.796112060546875,0.4361979365348816
100,2,0.88037109375,0.86956787109375,0.3545735478401184,0.999725341796875,0.5859375
100,2,0.8056640625,0.35986328125,0.3206787109375,0.455322265625,0.4081217050552368
100,2,0.755859375,0.849639892578125,0.3263143002986908,0.9324951171875,0.3753255307674408
100,2,0.57861328125,0.5371856689453125,0.32537841796875,0.5724334716796875,0.3506265878677368
100,2,0.5712890625,0.605712890625,0.32470703125,0.6413421630859375,0.3492838144302368
101,2,0.85498046875,0.69525146484375,0.3177897036075592,0.8048095703125,0.4281412661075592
101,2,0.85400390625,0.8721923828125,0.349853515625,0.99957275390625,0.5607096552848816
101,2,0.73779296875,0.86322021484375,0.3246866762638092,0.9512939453125,0.3749186098575592
101,2,0.73681640625,0.3563232421875,0.3145344853401184,0.4532470703125,0.4119872450828552
101,2,0.50927734375,0.539031982421875,0.3205769658088684,0.5759429931640625,0.3483886122703552
102,2,0.87841796875,0.7017822265625,0.3096923828125,0.8115234375,0.4251302480697632
102,2,0.875,0.873779296875,0.347412109375,0.99957275390625,0.55615234375
102,2,0.79443359375,0.876678466796875,0.32354736328125,0.967193603515625,0.3784993886947632
102,2,0.662109375,0.353546142578125,0.3118489384651184,0.453887939453125,0.4026286005973816
102,2,0.5087890625,0.5688629150390625,0.3201090693473816,0.60113525390625,0.3454590439796448
103,2,0.88330078125,0.70684814453125,0.3103840947151184,0.818603515625,0.4230143427848816
103,2,0.8603515625,0.87506103515625,0.347412109375,0.999176025390625,0.5612385869026184
103,2,0.7724609375,0.8897705078125,0.3250732421875,0.97265625,0.3850504159927368
103,2,0.71240234375,0.351348876953125,0.313720703125,0.4547119140625,0.4053955078125
103,2,0.51025390625,0.612213134765625,0.3277994990348816,0.6508331298828125,0.3500569462776184
104,2,0.90478515625,0.87432861328125,0.3483072519302368,0.9979248046875,0.5709635019302368
104,2,0.8203125,0.7152099609375,0.3162028193473816,0.82623291015625,0.4267171025276184
104,2,0.72607421875,0.35076904296875,0.3164469599723816,0.4544677734375,0.4118652939796448
104,2,0.6259765625,0.6130523681640625,0.33154296875,0.6522216796875,0.3545125722885132
104,2,0.50830078125,0.5456390380859375,0.3310953974723816,0.5778961181640625,0.3556111454963684
104,2,0.50341796875,0.899688720703125,0.3323771059513092,0.9692840576171875,0.3909098207950592
104,2,0.50146484375,0.5729827880859375,0.3284098505973816,0.6067962646484375,0.3525391221046448
105,2,0.8505859375,0.86944580078125,0.346923828125,0.997833251953125,0.575927734375
105,2,0.83544921875,0.7208251953125,0.3145751953125,0.83544921875,0.4263509511947632
105,2,0.74755859375,0.349761962890625,0.3173014521598816,0.4564208984375,0.4129639267921448
105,2,0.59033203125,0.61248779296875,0.3326416015625,0.6562957763671875,0.3595377206802368
106,2,0.8671875,0.8623046875,0.33544921875,0.999114990234375,0.5900064706802368
106,2,0.8662109375,0.7288818359375,0.3113199770450592,0.842010498046875,0.4219156801700592
106,2,0.70947265625,0.350311279296875,0.3132731318473816,0.4571533203125,0.4132080674171448
106,2,0.63671875,0.615875244140625,0.3314412236213684,0.666595458984375,0.3582763075828552
106,2,0.525390625,0.578460693359375,0.3288777470588684,0.6143646240234375,0.3539225459098816
107,2,0.921875,0.85467529296875,0.3409830927848816,0.999908447265625,0.6162923574447632
107,2,0.87841796875,0.732421875,0.3169758915901184,0.848724365234375,0.4224852919578552
107,2,0.6591796875,0.352752685546875,0.3189697265625,0.4580078125,0.4158529043197632
107,2,0.642578125,0.5811004638671875,0.3369547724723816,0.6159515380859375,0.3612671494483948
107,2,0.53271484375,0.61993408203125,0.3362630009651184,0.6636810302734375,0.3618163466453552
108,2,0.91015625,0.84674072265625,0.341552734375,0.99951171875,0.6136881113052368
108,2,0.86474609375,0.742523193359375,0.3216959834098816,0.853546142578125,0.4290772080421448
108,2,0.52490234375,0.5817413330078125,0.3380126953125,0.6212615966796875,0.3664144277572632
108,2,0.5009765625,0.3560791015625,0.3229166865348816,0.464263916015625,0.4258626103401184
109,2,0.89208984375,0.83441162109375,0.3460286259651184,0.9990234375,0.603759765625
109,2,0.80517578125,0.746307373046875,0.3291015625,0.86907958984375,0.4331868886947632
109,2,0.6796875,0.36236572265625,0.3293050229549408,0.46783447265625,0.4279378354549408
109,2,0.5771484375,0.591552734375,0.3428141474723816,0.6268463134765625,0.3695881962776184
109,2,0.53369140625,0.6304779052734375,0.3448893129825592,0.67596435546875,0.3701578676700592
110,2,0.90380859375,0.8182373046875,0.3483072519302368,0.999267578125,0.6029459238052368
110,2,0.833984375,0.7537841796875,0.3380126953125,0.86492919921875,0.4369302988052368
110,2,0.63916015625,0.3675537109375,0.3337809443473816,0.4742431640625,0.4303792119026184
110,2,0.60107421875,0.5924224853515625,0.3454386591911316,0.6302490234375,0.3740234971046448
110,2,0.54638671875,0.63165283203125,0.34942626953125,0.676300048828125,0.375244140625
111,2,0.9052734375,0.79766845703125,0.3436686396598816,0.99835205078125,0.5769856572151184
111,2,0.79833984375,0.762115478515625,0.3344319462776184,0.857269287109375,0.4293212294578552
111,2,0.6123046875,0.37841796875,0.3313395380973816,0.4820556640625,0.4248047471046448
111,2,0.56494140625,0.599578857421875,0.3438923954963684,0.6388092041015625,0.3710123896598816
111,2,0.5166015625,0.6404266357421875,0.34857177734375,0.6778717041015625,0.3717447519302368
112,2,0.89892578125,0.77691650390625,0.3463541269302368,0.9990234375,0.5527750253677368
112,2,0.74853515625,0.3890380859375,0.3345133364200592,0.491546630859375,0.4275309145450592
112,2,0.69677734375,6.103515625e-05,0.2998046875,0.09417724609375,0.6982421875
112,2,0.60791015625,0.7630615234375,0.3402506411075592,0.85247802734375,0.4271647036075592
112,2,0.56591796875,0.6437835693359375,0.3497721254825592,0.6905517578125,0.3758951723575592
112,2,0.5625,0.6066741943359375,0.3468220829963684,0.64251708984375,0.3755289912223816
112,2,0.51220703125,0.5740509033203125,0.3484293520450592,0.6048583984375,0.3787638247013092
113,2,0.90478515625,0.7611083984375,0.3490397334098816,0.998779296875,0.562255859375
113,2,0.857421875,-0.000244140625,0.26171875,0.1312255859375,0.68115234375
113,2,0.81640625,0.398773193359375,0.3356526792049408,0.497894287109375,0.4280599057674408
113,2,0.533203125,0.60955810546875,0.3469441533088684,0.6430816650390625,0.3786620497703552
113,2,0.5234375,0.646087646484375,0.35113525390625,0.687225341796875,0.37823486328125
113,2,0.513671875,0.4775390625,0.3431396484375,0.5279388427734375,0.37542724609375
113,2,0.5009765625,0.52783203125,0.3473307490348816,0.5566253662109375,0.3761799931526184
114,2,0.93505859375,0.74169921875,0.3463541865348816,0.97808837890625,0.54296875
114,2,0.7080078125,0.4075927734375,0.3411051630973816,0.503143310546875,0.4281006455421448
114,2,0.681640625,-0.0003662109375,0.2291666567325592,0.166748046875,0.7459310293197632
114,2,0.59814453125,0.613006591796875,0.3512980341911316,0.650604248046875,0.3814900517463684
115,2,0.92919921875,0.729736328125,0.3553873300552368,0.947509765625,0.5387369394302368
115,2,0.76025390625,0.4197998046875,0.3372802734375,0.5185546875,0.4290771484375
115,2,0.65380859375,0.619537353515625,0.35015869140625,0.656494140625,0.38031005859375
115,2,0.5634765625,0.588409423828125,0.3517252504825592,0.6175537109375,0.3815104067325592
115,2,0.53662109375,-0.0001220703125,0.22542321681976318,0.2054443359375,0.8932291269302368
115,2,0.5048828125,0.6619720458984375,0.3551025390625,0.69842529296875,0.3811239004135132
116,2,0.93505859375,0.720947265625,0.3567708730697632,0.92034912109375,0.5337728261947632
116,2,0.869140625,-0.00018310546875,0.2369791567325592,0.2398681640625,0.7400716543197632
116,2,0.69287109375,0.9046630859375,0.3533528447151184,0.9418487548828125,0.3946940302848816
116,2,0.68212890625,0.434783935546875,0.3426920473575592,0.527679443359375,0.4307047426700592
116,2,0.57763671875,0.621917724609375,0.3535970151424408,0.6626739501953125,0.3846028745174408
116,2,0.53759765625,0.590545654296875,0.3499959111213684,0.6213531494140625,0.3858031630516052
117,2,0.93408203125,-0.000244140625,0.2320963740348816,0.2708740234375,0.7838541865348816
117,2,0.9248046875,0.7132568359375,0.3577066659927368,0.89837646484375,0.5238443613052368
117,2,0.75341796875,0.4462890625,0.3424479067325592,0.536041259765625,0.4271647036075592
117,2,0.73388671875,0.9221343994140625,0.3547160029411316,0.963470458984375,0.3955078721046448
117,2,0.5732421875,0.59649658203125,0.3530069887638092,0.6302947998046875,0.3857218325138092
117,2,0.56005859375,0.6334991455078125,0.3546956479549408,0.6755828857421875,0.3862508237361908
118,2,0.93408203125,0.0,0.2400715947151184,0.30126953125,0.7470703125
118,2,0.92236328125,0.703369140625,0.35205078125,0.88287353515625,0.5091145634651184
118,2,0.6845703125,0.9376983642578125,0.35345458984375,0.9809417724609375,0.3931884765625
118,2,0.6513671875,0.455413818359375,0.333984375,0.5450439453125,0.4194132089614868
118,2,0.64306640625,0.5986480712890625,0.348388671875,0.63360595703125,0.3796182870864868
118,2,0.62255859375,0.63330078125,0.3465169072151184,0.678802490234375,0.3796996474266052
118,2,0.59326171875,0.68310546875,0.3521321415901184,0.7192230224609375,0.3824462294578552
118,2,0.50927734375,0.546966552734375,0.3465982973575592,0.5833587646484375,0.3762003481388092
119,2,0.93701171875,0.0003662109375,0.248209610581398,0.3309326171875,0.7233072519302368
119,2,0.9072265625,0.6982421875,0.3507486879825592,0.86187744140625,0.4974772036075592
119,2,0.80615234375,0.9540252685546875,0.3475138545036316,0.9983978271484375,0.3931477665901184
119,2,0.7255859375,0.816741943359375,0.3438720703125,0.8884735107421875,0.4240518808364868
119,2,0.72509765625,0.4638671875,0.3334147334098816,0.550201416015625,0.4172363877296448
119,2,0.6748046875,0.64459228515625,0.34515380859375,0.6798248291015625,0.379150390625
119,2,0.65234375,0.60125732421875,0.3466593325138092,0.6366119384765625,0.3773600161075592
119,2,0.6123046875,0.5495147705078125,0.3466389775276184,0.5862274169921875,0.3739420771598816
120,2,0.95947265625,0.000244140625,0.2521158456802368,0.3568115234375,0.7125650644302368
120,2,0.91845703125,0.68951416015625,0.3536784052848816,0.84423828125,0.4876301884651184
120,2,0.79931640625,0.81195068359375,0.3454182744026184,0.8870849609375,0.4261271357536316
120,2,0.79052734375,0.46832275390625,0.3339030146598816,0.55413818359375,0.4191284775733948
120,2,0.697265625,0.6407318115234375,0.34967041015625,0.686248779296875,0.3832803964614868
120,2,0.6884765625,0.6016693115234375,0.3488566279411316,0.6391448974609375,0.3830769658088684
120,2,0.64697265625,0.97174072265625,0.3484293818473816,0.9989471435546875,0.3954060673713684
120,2,0.50732421875,0.55224609375,0.34576416015625,0.5866851806640625,0.3746744394302368
121,2,0.94482421875,0.0003662109375,0.2552083134651184,0.37744140625,0.6861978769302368
121,2,0.9267578125,0.68341064453125,0.3514811098575592,0.8326416015625,0.4833170473575592
121,2,0.74755859375,0.807403564453125,0.3420003056526184,0.8878173828125,0.4246215224266052
121,2,0.72509765625,0.474395751953125,0.3330485224723816,0.558197021484375,0.4171753525733948
121,2,0.65283203125,0.603668212890625,0.34649658203125,0.645660400390625,0.3826904296875
121,2,0.638671875,0.5526885986328125,0.3428751826286316,0.586456298828125,0.3747559189796448
121,2,0.63623046875,0.6463470458984375,0.3484700322151184,0.687164306640625,0.3802897334098816
122,2,0.94140625,0.0,0.2550455331802368,0.4014892578125,0.6481119394302368
122,2,0.900390625,0.6788330078125,0.3480631709098816,0.822509765625,0.4794921875
122,2,0.75732421875,0.802764892578125,0.34423828125,0.887725830078125,0.4214273691177368
122,2,0.70068359375,0.47601318359375,0.333251953125,0.561004638671875,0.4170736074447632
122,2,0.69384765625,0.60406494140625,0.3488362729549408,0.641693115234375,0.3803914487361908
122,2,0.62060546875,0.6500701904296875,0.3491618037223816,0.688812255859375,0.3834431767463684
122,2,0.5703125,0.553802490234375,0.3437703251838684,0.5867919921875,0.3743895888328552
122,2,0.55078125,0.3594970703125,0.3395792841911316,0.43359375,0.3904622197151184
123,2,0.95068359375,-0.0001220703125,0.2556965947151184,0.4222412109375,0.671875
123,2,0.890625,0.675048828125,0.353271484375,0.81121826171875,0.4715576171875
123,2,0.7998046875,0.803985595703125,0.3495279848575592,0.88623046875,0.4264322817325592
123,2,0.67919921875,0.644775390625,0.3512776494026184,0.689178466796875,0.3885294795036316
123,2,0.66748046875,0.607177734375,0.3501383662223816,0.6461181640625,0.3869221806526184
123,2,0.6572265625,0.48486328125,0.33935546875,0.56353759765625,0.4203897714614868
123,2,0.63134765625,0.3735504150390625,0.3414713740348816,0.4263458251953125,0.3908894658088684
123,2,0.51123046875,0.556121826171875,0.3473917543888092,0.5881805419921875,0.3790079653263092
124,2,0.9541015625,0.0,0.2633463144302368,0.4388427734375,0.6671549081802368
124,2,0.9013671875,0.672607421875,0.3527018427848816,0.802001953125,0.4712727665901184
124,2,0.775390625,0.80328369140625,0.3474528193473816,0.884246826171875,0.4250488877296448
124,2,0.7294921875,0.48870849609375,0.3389892578125,0.5675048828125,0.4205526113510132
124,2,0.69775390625,0.6074981689453125,0.3517048954963684,0.6461944580078125,0.3867186903953552
124,2,0.6162109375,0.641326904296875,0.3533528447151184,0.6872711181640625,0.3914183974266052
124,2,0.5634765625,0.9718475341796875,0.3843994140625,0.999298095703125,0.4394735097885132
125,2,0.94970703125,0.019775390625,0.2672525644302368,0.4609375,0.6647135019302368
125,2,0.8505859375,0.67236328125,0.3502197265625,0.795928955078125,0.4668375253677368
125,2,0.802734375,0.493743896484375,0.3413492739200592,0.5732421875,0.4194742739200592
125,2,0.79248046875,0.80267333984375,0.3463948667049408,0.883758544921875,0.4231770932674408
125,2,0.74462890625,0.60894775390625,0.35015869140625,0.648773193359375,0.3859659433364868
125,2,0.5029296875,0.5648193359375,0.3476765751838684,0.594482421875,0.3809000849723816
126,2,0.95703125,0.0550537109375,0.26953125,0.4761962890625,0.6653646230697632
126,2,0.87353515625,0.67022705078125,0.3523762822151184,0.78985595703125,0.4632567763328552
126,2,0.85595703125,0.497100830078125,0.3433023989200592,0.57574462890625,0.4232584536075592
126,2,0.80126953125,0.79913330078125,0.3479817509651184,0.883026123046875,0.4243571162223816
126,2,0.6875,0.6095123291015625,0.35101318359375,0.652313232421875,0.3879190683364868
126,2,0.60302734375,0.9634857177734375,0.3553466796875,0.99945068359375,0.4384359121322632
126,2,0.5048828125,0.4683380126953125,0.34326171875,0.511627197265625,0.3926187753677368
127,2,0.95703125,0.0975341796875,0.2705078125,0.49365234375,0.6385091543197632
127,2,0.8720703125,0.673065185546875,0.3441162109375,0.78656005859375,0.455078125
127,2,0.82958984375,0.802581787109375,0.3409423828125,0.883575439453125,0.4166666269302368
127,2,0.7705078125,0.5010986328125,0.3491618037223816,0.579376220703125,0.4203084111213684
127,2,0.65380859375,0.9573516845703125,0.3607177734375,0.9991912841796875,0.4303385019302368
127,2,0.56396484375,0.463592529296875,0.3330078125,0.52081298828125,0.3835855722427368
127,2,0.56005859375,0.611785888671875,0.35015869140625,0.650146484375,0.37890625
128,2,0.955078125,0.1329345703125,0.2814127802848816,0.51220703125,0.6385091543197632
128,2,0.892578125,0.66748046875,0.3509521484375,0.784149169921875,0.4592691659927368
128,2,0.794921875,0.80181884765625,0.3516031801700592,0.884185791015625,0.4236246645450592
128,2,0.62158203125,0.506317138671875,0.3678181767463684,0.583282470703125,0.4293619990348816
128,2,0.59033203125,0.6125946044921875,0.3509725034236908,0.6558685302734375,0.3872273862361908
128,2,0.5634765625,0.9533843994140625,0.3653564453125,0.9995269775390625,0.4381307363510132
129,2,0.9697265625,0.16455078125,0.2838541269302368,0.523681640625,0.6393228769302368
129,2,0.8759765625,0.670654296875,0.3515625,0.782989501953125,0.4593505859375
129,2,0.84716796875,0.80267333984375,0.3482869267463684,0.8848876953125,0.4207152724266052
129,2,0.73486328125,0.9512939453125,0.36322021484375,0.999908447265625,0.4349365234375
129,2,0.69921875,0.51617431640625,0.3483479619026184,0.5885009765625,0.4277343153953552
129,2,0.66259765625,0.6158447265625,0.34716796875,0.663360595703125,0.3891805410385132
130,2,0.9580078125,0.1961669921875,0.2859700322151184,0.537841796875,0.6305338144302368
130,2,0.87451171875,0.671875,0.3514811396598816,0.782470703125,0.4595947861671448
130,2,0.84619140625,0.8038330078125,0.3484904170036316,0.8861083984375,0.4199829697608948
130,2,0.73974609375,0.94732666015625,0.3634440302848816,0.9996490478515625,0.4335938096046448
130,2,0.6533203125,0.03717041015625,0.3236083984375,0.21295166015625,0.3860677480697632
130,2,0.64599609375,0.617767333984375,0.3499349057674408,0.663482666015625,0.3872884213924408
130,2,0.63671875,0.512786865234375,0.3469645380973816,0.595001220703125,0.4270833134651184
131,2,0.95361328125,0.2236328125,0.29052734375,0.5498046875,0.6266275644302368
131,2,0.85205078125,0.67413330078125,0.3530680537223816,0.782501220703125,0.4592285752296448
131,2,0.77734375,0.80792236328125,0.3536580502986908,0.8865966796875,0.4215901792049408
131,2,0.72607421875,0.618896484375,0.34991455078125,0.6715087890625,0.3931070566177368
131,2,0.71435546875,0.52691650390625,0.3486328125,0.596405029296875,0.42919921875
131,2,0.69873046875,0.944305419921875,0.36474609375,0.9990234375,0.43798828125
132,2,0.9453125,0.25048828125,0.2897135019302368,0.5635986328125,0.6285806894302368
132,2,0.87353515625,0.673553466796875,0.3527424931526184,0.783447265625,0.4606932997703552
132,2,0.7724609375,0.805908203125,0.3518473505973816,0.886871337890625,0.4194539189338684
132,2,0.7138671875,0.6202850341796875,0.3603922724723816,0.6640472412109375,0.3942871689796448
132,2,0.712890625,0.5394134521484375,0.3492634892463684,0.6016845703125,0.4274901747703552
132,2,0.66748046875,0.940765380859375,0.3682047724723816,0.9998779296875,0.4394531846046448
133,2,0.93408203125,0.2738037109375,0.2897135019302368,0.5758056640625,0.6246744394302368
133,2,0.8671875,0.672698974609375,0.3548991084098816,0.783905029296875,0.4572754502296448
133,2,0.78466796875,0.939697265625,0.36773681640625,0.9991302490234375,0.4391683340072632
133,2,0.74755859375,0.80517578125,0.3528645634651184,0.8868408203125,0.4188029170036316
133,2,0.72265625,0.6220550537109375,0.3588663935661316,0.664794921875,0.3961792588233948
133,2,0.5966796875,0.5492095947265625,0.347412109375,0.604522705078125,0.4337158203125
134,2,0.921875,0.2913818359375,0.2989095449447632,0.600341796875,0.6263021230697632
134,2,0.8759765625,0.67230224609375,0.359375,0.784698486328125,0.4587808847427368
134,2,0.7685546875,0.8094482421875,0.3556315302848816,0.8875732421875,0.4204102158546448
134,2,0.74951171875,0.62408447265625,0.3604329228401184,0.6702117919921875,0.4006144404411316
134,2,0.7080078125,0.9403076171875,0.3672892451286316,0.9992523193359375,0.4415283799171448
135,2,0.9384765625,0.3074951171875,0.2926432490348816,0.59814453125,0.6123046875
135,2,0.8984375,0.674072265625,0.3519694209098816,0.785491943359375,0.4553223252296448
135,2,0.7841796875,0.935638427734375,0.3640950322151184,0.9991912841796875,0.4349772334098816
135,2,0.74951171875,0.802398681640625,0.3525187373161316,0.89111328125,0.4137776494026184
135,2,0.681640625,0.626068115234375,0.3554280400276184,0.6750335693359375,0.3946940302848816
135,2,0.53271484375,0.5729827880859375,0.3474527895450592,0.6187591552734375,0.3933512270450592
136,2,0.9384765625,0.321533203125,0.3028157949447632,0.6051025390625,0.6221517324447632
136,2,0.89990234375,0.676361083984375,0.3556721806526184,0.78424072265625,0.4593505263328552
136,2,0.775390625,0.93206787109375,0.3646240234375,0.998748779296875,0.4344482421875
136,2,0.6513671875,0.625274658203125,0.3569132685661316,0.6754913330078125,0.3980103135108948
136,2,0.63671875,0.805816650390625,0.354248046875,0.8885498046875,0.4143270254135132
137,2,0.931640625,0.3321533203125,0.3053385019302368,0.6126708984375,0.6266275644302368
137,2,0.8857421875,0.67401123046875,0.3562418818473816,0.782073974609375,0.4593506455421448
137,2,0.7509765625,0.925750732421875,0.3649088740348816,0.99859619140625,0.4317627549171448
137,2,0.642578125,0.804718017578125,0.35101318359375,0.88421630859375,0.4160970449447632
137,2,0.60302734375,0.6246337890625,0.3625081181526184,0.674224853515625,0.4006957411766052
137,2,0.5361328125,0.263885498046875,0.3387858271598816,0.3602294921875,0.3831787705421448
138,2,0.8828125,0.3409423828125,0.3086751103401184,0.6168212890625,0.6329752206802368
138,2,0.85986328125,0.6751708984375,0.3575439453125,0.78076171875,0.45849609375
138,2,0.78271484375,0.9217529296875,0.3645833134651184,0.998016357421875,0.4326781630516052
138,2,0.64697265625,0.625732421875,0.36224365234375,0.674072265625,0.4001058340072632
138,2,0.52685546875,0.80108642578125,0.35400390625,0.878936767578125,0.41473388671875
139,2,0.91259765625,0.353515625,0.30712890625,0.6258544921875,0.630859375
139,2,0.87451171875,0.673248291015625,0.3542887270450592,0.780548095703125,0.4560953676700592
139,2,0.76806640625,0.918731689453125,0.361083984375,0.998321533203125,0.4285482168197632
139,2,0.65625,0.10455322265625,0.3278401494026184,0.2567138671875,0.3887938857078552
139,2,0.59912109375,0.63092041015625,0.3577677309513092,0.678955078125,0.3984781801700592
140,2,0.876953125,0.67547607421875,0.3570149540901184,0.778839111328125,0.4574381709098816
140,2,0.8642578125,0.364990234375,0.3108724355697632,0.63360595703125,0.6370443105697632
140,2,0.771484375,0.9136962890625,0.3609619140625,0.99810791015625,0.4299722909927368
140,2,0.619140625,0.635894775390625,0.36041259765625,0.6785430908203125,0.4013265371322632
140,2,0.5634765625,0.0,0.3218994140625,0.23687744140625,0.3968912363052368
141,2,0.86181640625,0.680694580078125,0.3545328974723816,0.779022216796875,0.4559326767921448
141,2,0.84228515625,0.3753662109375,0.312744140625,0.63909912109375,0.62255859375
141,2,0.64111328125,0.911651611328125,0.3599853515625,0.997283935546875,0.4285074472427368
141,2,0.58837890625,0.800079345703125,0.3574625849723816,0.877044677734375,0.4081013798713684
141,2,0.5810546875,0.6347503662109375,0.3580729067325592,0.6786041259765625,0.3989054262638092
142,2,0.87060546875,0.38818359375,0.3084310293197632,0.6551513671875,0.6172689199447632
142,2,0.8310546875,0.67779541015625,0.3489583432674408,0.77874755859375,0.4436849057674408
142,2,0.767578125,0.906890869140625,0.3511555790901184,0.998291015625,0.4205729365348816
142,2,0.73583984375,0.80169677734375,0.3424479365348816,0.883056640625,0.4031372666358948
142,2,0.65380859375,0.6276397705078125,0.3580729067325592,0.680816650390625,0.3957926332950592
143,2,0.90478515625,0.3983154296875,0.3053385615348816,0.66162109375,0.59814453125
143,2,0.82763671875,0.67913818359375,0.3438720703125,0.7781982421875,0.4388427734375
143,2,0.79296875,0.79638671875,0.3402913510799408,0.889892578125,0.4002889096736908
143,2,0.7919921875,0.903350830078125,0.3421224057674408,0.99871826171875,0.4160970151424408
143,2,0.5751953125,0.631317138671875,0.3285726010799408,0.689453125,0.3875935971736908
143,2,0.51806640625,0.394561767578125,0.3172607421875,0.4528961181640625,0.4225667715072632
144,2,0.90234375,0.4033203125,0.3050130605697632,0.6640625,0.5974935293197632
144,2,0.7841796875,0.68035888671875,0.3464762270450592,0.774383544921875,0.4373575747013092
144,2,0.68701171875,0.7933197021484375,0.3414306640625,0.87066650390625,0.4007568359375
144,2,0.68017578125,0.89776611328125,0.3497314453125,0.98321533203125,0.4100545644760132
144,2,0.65625,0.384857177734375,0.3205973505973816,0.453704833984375,0.4301758408546448
144,2,0.53759765625,0.637451171875,0.3547770380973816,0.6799468994140625,0.3927002549171448
145,2,0.86181640625,0.4097900390625,0.3114420771598816,0.6678466796875,0.599609375
145,2,0.8203125,0.67706298828125,0.3498942255973816,0.771087646484375,0.4394734501838684
145,2,0.74462890625,0.789306640625,0.3463541865348816,0.8629150390625,0.4055379033088684
145,2,0.72314453125,0.37542724609375,0.3232014775276184,0.464019775390625,0.4371744990348816
145,2,0.63623046875,0.889739990234375,0.35076904296875,0.989837646484375,0.4164835214614868
146,2,0.87158203125,0.4136962890625,0.3141276240348816,0.67022705078125,0.597412109375
146,2,0.8203125,0.670013427734375,0.3516845703125,0.7672119140625,0.4395955801010132
146,2,0.7822265625,0.36370849609375,0.3264973759651184,0.4598388671875,0.4459635615348816
146,2,0.73486328125,0.7833251953125,0.35028076171875,0.861968994140625,0.40521240234375
146,2,0.59375,0.8760986328125,0.3536376953125,0.962860107421875,0.41668701171875
147,2,0.8984375,0.41619873046875,0.31591796875,0.6729736328125,0.60302734375
147,2,0.84130859375,0.351776123046875,0.3256022334098816,0.456787109375,0.453125
147,2,0.794921875,0.6668701171875,0.35107421875,0.76739501953125,0.4390869140625
147,2,0.6962890625,0.78125,0.3561198115348816,0.8474884033203125,0.4071858525276184
147,2,0.609375,0.873046875,0.351318359375,0.991058349609375,0.4231160879135132
147,2,0.599609375,0.23004150390625,0.3446858823299408,0.350860595703125,0.4220784604549408
148,2,0.90771484375,0.4168701171875,0.31591796875,0.6724853515625,0.6034342050552368
148,2,0.88818359375,0.339385986328125,0.32080078125,0.453369140625,0.4547526240348816
148,2,0.7783203125,0.66265869140625,0.3500162661075592,0.75689697265625,0.4388224184513092
148,2,0.712890625,0.7747802734375,0.35357666015625,0.845245361328125,0.4114786386489868
148,2,0.57568359375,0.8580322265625,0.350341796875,0.971649169921875,0.4184976816177368
149,2,0.9052734375,0.418701171875,0.3150227665901184,0.6732177734375,0.5985513925552368
149,2,0.89892578125,0.32415771484375,0.31884765625,0.4500732421875,0.457275390625
149,2,0.80419921875,0.662384033203125,0.3489176630973816,0.752471923828125,0.4371948838233948
149,2,0.7080078125,0.859527587890625,0.3522745966911316,0.966644287109375,0.4205525517463684
149,2,0.705078125,0.772125244140625,0.3528849184513092,0.836334228515625,0.4087320864200592
149,2,0.6220703125,0.0799560546875,0.3346354365348816,0.232666015625,0.3885090947151184
150,2,0.9052734375,0.41845703125,0.314453125,0.6741943359375,0.5979818105697632
150,2,0.8154296875,0.3111572265625,0.3157958984375,0.441650390625,0.4588215947151184
150,2,0.7529296875,0.656219482421875,0.3479410707950592,0.747528076171875,0.4365030825138092
150,2,0.7373046875,0.7640380859375,0.3546549677848816,0.8320770263671875,0.4093831181526184
150,2,0.66064453125,0.84564208984375,0.3502604067325592,0.956146240234375,0.4181315004825592
150,2,0.5498046875,0.261810302734375,0.3495686650276184,0.315826416015625,0.3820800185203552
151,2,0.9150390625,0.4195556640625,0.31689453125,0.6727294921875,0.6007486581802368
151,2,0.90380859375,0.29339599609375,0.3147379457950592,0.4342041015625,0.4656168520450592
151,2,0.8447265625,0.841339111328125,0.3502604365348816,0.95220947265625,0.4199219346046448
151,2,0.7529296875,0.653717041015625,0.3475341796875,0.739013671875,0.4329019784927368
151,2,0.70654296875,0.760284423828125,0.3533935546875,0.825469970703125,0.4026895761489868
151,2,0.69775390625,0.2393035888671875,0.34716796875,0.29705810546875,0.3760986328125
151,2,0.52392578125,0.7225799560546875,0.35369873046875,0.7666473388671875,0.40032958984375
152,2,0.91845703125,0.41558837890625,0.3152669072151184,0.6712646484375,0.5946451425552368
152,2,0.89453125,0.27532958984375,0.3136799931526184,0.4288330078125,0.4703776240348816
152,2,0.82470703125,0.83465576171875,0.3433024287223816,0.950927734375,0.4207356572151184
152,2,0.81787109375,0.650177001953125,0.3462320864200592,0.73089599609375,0.4300943911075592
152,2,0.64501953125,0.7599945068359375,0.3531494140625,0.8167572021484375,0.4069010019302368
152,2,0.5810546875,0.7183074951171875,0.3548176884651184,0.768096923828125,0.4045817255973816
152,2,0.556640625,0.19500732421875,0.3412882685661316,0.276580810546875,0.3743897080421448
153,2,0.92919921875,0.41290283203125,0.3141276240348816,0.6680908203125,0.59912109375
153,2,0.88720703125,0.25616455078125,0.3114420771598816,0.42041015625,0.480224609375
153,2,0.71826171875,0.907958984375,0.3998209536075592,0.999298095703125,0.7080892324447632
153,2,0.71044921875,0.6435546875,0.3428141474723816,0.725433349609375,0.4287922978401184
153,2,0.62255859375,0.826629638671875,0.3523356318473816,0.8725128173828125,0.4179077744483948
153,2,0.6103515625,0.71337890625,0.3552449345588684,0.77032470703125,0.4103392958641052
153,2,0.50732421875,0.13885498046875,0.331787109375,0.261474609375,0.3860269784927368
154,2,0.92431640625,0.40887451171875,0.313720703125,0.66064453125,0.5950521230697632
154,2,0.8984375,0.236328125,0.3086751103401184,0.41265869140625,0.484619140625
154,2,0.857421875,0.860687255859375,0.3504232168197632,0.99737548828125,0.67431640625
154,2,0.78271484375,0.632904052734375,0.3428955078125,0.7181396484375,0.4269002676010132
154,2,0.70068359375,0.7118377685546875,0.355224609375,0.762939453125,0.4092000722885132
154,2,0.63818359375,0.09112548828125,0.3314616084098816,0.201873779296875,0.3843587040901184
154,2,0.587890625,0.7487945556640625,0.3562825322151184,0.80194091796875,0.4113768935203552
154,2,0.5625,0.817474365234375,0.3533528745174408,0.9136962890625,0.4178059995174408
155,2,0.93017578125,0.4068603515625,0.3124186396598816,0.658935546875,0.5952962636947632
155,2,0.8857421875,0.826171875,0.3445638120174408,0.9986572265625,0.7223306894302368
155,2,0.8798828125,0.21588134765625,0.305419921875,0.40728759765625,0.493896484375
155,2,0.7919921875,0.63330078125,0.3438517451286316,0.7095794677734375,0.4237874150276184
155,2,0.732421875,0.703948974609375,0.3551839292049408,0.7677764892578125,0.4143880307674408
155,2,0.619140625,0.385772705078125,0.3020426332950592,0.455352783203125,0.3803507387638092
155,2,0.60107421875,0.746734619140625,0.3562418818473816,0.7973175048828125,0.4130452275276184
156,2,0.927734375,0.40625,0.308837890625,0.6566162109375,0.5916341543197632
156,2,0.916015625,0.1962890625,0.3002115786075592,0.40496826171875,0.4991861879825592
156,2,0.89892578125,0.7958984375,0.3408203125,0.9984130859375,0.6461588144302368
156,2,0.72900390625,0.630462646484375,0.3408610224723816,0.704925537109375,0.4186401963233948
156,2,0.72119140625,0.706573486328125,0.3560994565486908,0.7894287109375,0.4131062924861908
156,2,0.55517578125,0.378997802734375,0.3018798828125,0.449920654296875,0.4059244394302368
156,2,0.54052734375,0.000274658203125,0.3180338442325592,0.12353515625,0.4009195864200592
157,2,0.92822265625,0.40692138671875,0.3124186396598816,0.65252685546875,0.588623046875
157,2,0.8935546875,0.17730712890625,0.2967935800552368,0.39813232421875,0.5060220956802368
157,2,0.87890625,0.7689208984375,0.339111328125,0.99603271484375,0.626220703125
157,2,0.83544921875,0.62420654296875,0.34185791015625,0.69903564453125,0.4178873300552368
157,2,0.708984375,0.70123291015625,0.3547160029411316,0.778564453125,0.4149373173713684
157,2,0.53271484375,0.37030029296875,0.3013916015625,0.4487152099609375,0.4120687246322632
158,2,0.916015625,0.40802001953125,0.3090006709098816,0.646728515625,0.583251953125
158,2,0.9091796875,0.15155029296875,0.2921549677848816,0.3939208984375,0.5152180790901184
158,2,0.8974609375,0.74560546875,0.3373209834098816,0.9947509765625,0.5823567509651184
158,2,0.78759765625,0.62420654296875,0.3395182490348816,0.695068359375,0.4154866337776184
158,2,0.712890625,0.699371337890625,0.3531901240348816,0.776153564453125,0.4142048954963684
158,2,0.669921875,0.359832763671875,0.2964273989200592,0.446319580078125,0.4161783754825592
159,2,0.88525390625,0.410888671875,0.310791015625,0.64288330078125,0.5729166269302368
159,2,0.8828125,0.1297607421875,0.288330078125,0.38519287109375,0.5247395634651184
159,2,0.87060546875,0.7236328125,0.3359375,0.994873046875,0.5439453125
159,2,0.744140625,0.618804931640625,0.3428141474723816,0.6876220703125,0.4169514775276184
159,2,0.734375,0.35296630859375,0.2926839292049408,0.44268798828125,0.4285481870174408
159,2,0.7138671875,0.6959686279296875,0.3506672978401184,0.75885009765625,0.4143473505973816
160,2,0.9052734375,0.41876220703125,0.3091634511947632,0.6385498046875,0.5616048574447632
160,2,0.900390625,0.10125732421875,0.2869465947151184,0.3768310546875,0.5343424677848816
160,2,0.8984375,0.70635986328125,0.3326823115348816,0.968017578125,0.54443359375
160,2,0.76806640625,0.345611572265625,0.2883707880973816,0.436981201171875,0.4323323369026184
160,2,0.71728515625,0.613006591796875,0.3443196713924408,0.686981201171875,0.4175618588924408
160,2,0.6689453125,0.924835205078125,0.3423665165901184,0.999664306640625,0.4387614130973816
160,2,0.54345703125,0.6987762451171875,0.3498738408088684,0.7455902099609375,0.4115397334098816
161,2,0.92236328125,0.69140625,0.3357747793197632,0.927978515625,0.5330404043197632
161,2,0.91162109375,0.42291259765625,0.3145344853401184,0.6324462890625,0.5536295771598816
161,2,0.91015625,0.0745849609375,0.2857259511947632,0.3699951171875,0.5462239980697632
161,2,0.82568359375,0.336883544921875,0.2911783754825592,0.4368896484375,0.4350992739200592
161,2,0.81005859375,0.910552978515625,0.3448486328125,0.99835205078125,0.4396158456802368
161,2,0.638671875,0.613800048828125,0.3486328125,0.70062255859375,0.4182535409927368
162,2,0.93505859375,0.0379638671875,0.2830404043197632,0.3614501953125,0.5555013418197632
162,2,0.92333984375,0.67755126953125,0.3365071415901184,0.895263671875,0.5206705927848816
162,2,0.90771484375,0.8824462890625,0.3486735224723816,0.998077392578125,0.4406738877296448
162,2,0.90283203125,0.4300537109375,0.3177083730697632,0.6259765625,0.5408529043197632
162,2,0.8134765625,0.328857421875,0.2915445864200592,0.435577392578125,0.4425455629825592
162,2,0.5966796875,0.609039306640625,0.3465576171875,0.6717681884765625,0.4208170175552368
163,2,0.931640625,0.66412353515625,0.339599609375,0.8614501953125,0.5089924931526184
163,2,0.921875,0.4342041015625,0.3219400644302368,0.62225341796875,0.5355631113052368
163,2,0.91357421875,0.015380859375,0.2837727665901184,0.351806640625,0.56787109375
163,2,0.8798828125,0.323486328125,0.2978922426700592,0.438812255859375,0.4498697817325592
163,2,0.87744140625,0.8658447265625,0.3495280146598816,0.995269775390625,0.4447835087776184
163,2,0.72412109375,0.605499267578125,0.3495076298713684,0.6631927490234375,0.4229533076286316
164,2,0.955078125,0.0001220703125,0.2916666865348816,0.34375,0.5913900136947632
164,2,0.91357421875,0.6585693359375,0.3565266728401184,0.83624267578125,0.5155436396598816
164,2,0.9013671875,0.4376220703125,0.3382161855697632,0.61871337890625,0.5432943105697632
164,2,0.87353515625,0.31378173828125,0.310791015625,0.439453125,0.4668782353401184
164,2,0.85498046875,0.864166259765625,0.3677978515625,0.9979248046875,0.4605306386947632
164,2,0.69091796875,0.6022491455078125,0.3750203251838684,0.660858154296875,0.4388427138328552
165,2,0.955078125,0.0001220703125,0.2923177480697632,0.330078125,0.6167806386947632
165,2,0.927734375,0.6502685546875,0.3583984375,0.8170166015625,0.5020751953125
165,2,0.88134765625,0.44366455078125,0.3448893427848816,0.6119384765625,0.5398762822151184
165,2,0.85986328125,0.298858642578125,0.3126220703125,0.4345703125,0.4689127802848816
165,2,0.8583984375,0.862701416015625,0.3743489384651184,0.9892578125,0.4666747450828552
165,2,0.67333984375,0.603240966796875,0.3816325068473816,0.6542816162109375,0.4419556260108948
165,2,0.5263671875,0.7972412109375,0.3760986328125,0.885833740234375,0.4477335214614868
166,2,0.9267578125,0.000244140625,0.2633463740348816,0.316162109375,0.62841796875
166,2,0.90478515625,0.64202880859375,0.3586018681526184,0.79754638671875,0.5008952021598816
166,2,0.90283203125,0.4443359375,0.3418782353401184,0.610107421875,0.532958984375
166,2,0.8984375,0.28533935546875,0.30859375,0.4305419921875,0.4805501103401184
166,2,0.88037109375,0.85552978515625,0.3759765625,0.980682373046875,0.4623209238052368
166,2,0.64599609375,0.5993499755859375,0.3803507685661316,0.6465301513671875,0.4384766221046448
166,2,0.50439453125,0.784637451171875,0.3800455629825592,0.8646697998046875,0.4484049379825592
167,2,0.9326171875,6.103515625e-05,0.2674153447151184,0.298583984375,0.65966796875
167,2,0.89990234375,0.63543701171875,0.3607584834098816,0.78717041015625,0.4876708984375
167,2,0.89892578125,0.44805908203125,0.3401692509651184,0.60760498046875,0.5283203125
167,2,0.88671875,0.2752685546875,0.3033040165901184,0.42626953125,0.485595703125
167,2,0.86865234375,0.8514404296875,0.3759358525276184,0.97637939453125,0.4606119990348816
167,2,0.58740234375,0.78155517578125,0.37603759765625,0.87225341796875,0.4482828378677368
167,2,0.5625,0.5989227294921875,0.3759358525276184,0.643463134765625,0.4344279170036316
168,2,0.9208984375,0.63189697265625,0.3604329228401184,0.77215576171875,0.4802245497703552
168,2,0.91650390625,-0.0001220703125,0.2390950322151184,0.2779541015625,0.7159830927848816
168,2,0.87841796875,0.25433349609375,0.300537109375,0.4200439453125,0.4881184697151184
168,2,0.87841796875,0.4483642578125,0.3387857675552368,0.6055908203125,0.5203043222427368
168,2,0.83203125,0.84600830078125,0.3775634765625,0.9876708984375,0.460205078125
168,2,0.6943359375,0.773193359375,0.3883463442325592,0.852874755859375,0.4501139223575592
168,2,0.51806640625,0.6004180908203125,0.3721923828125,0.63836669921875,0.4327188730239868
169,2,0.9140625,0.62701416015625,0.3624674677848816,0.764556884765625,0.4799805283546448
169,2,0.9111328125,-0.000244140625,0.2340494990348816,0.252197265625,0.7783203721046448
169,2,0.87158203125,0.44671630859375,0.3400065302848816,0.60601806640625,0.5182698369026184
169,2,0.83642578125,0.844207763671875,0.3804524540901184,0.963623046875,0.4623209834098816
169,2,0.81005859375,0.23065185546875,0.2996419072151184,0.4140625,0.4927164912223816
169,2,0.72265625,0.7743988037109375,0.3856608271598816,0.846038818359375,0.4494629502296448
169,2,0.66796875,0.3998870849609375,0.3713175356388092,0.44708251953125,0.4415079653263092
170,2,0.89892578125,0.623046875,0.362060546875,0.74884033203125,0.4801431894302368
170,2,0.8935546875,-0.00030517578125,0.2159830629825592,0.2135009765625,0.7799478769302368
170,2,0.87353515625,0.447509765625,0.3396809697151184,0.605712890625,0.5211588740348816
170,2,0.87060546875,0.2164306640625,0.2935383915901184,0.40789794921875,0.5016276240348816
170,2,0.8525390625,0.84246826171875,0.3795979917049408,0.96087646484375,0.4638265073299408
170,2,0.775390625,0.7769012451171875,0.3841756284236908,0.8419189453125,0.4501546323299408
170,2,0.7490234375,0.3976287841796875,0.3717244565486908,0.448699951171875,0.4430745542049408
170,2,0.6748046875,0.736114501953125,0.383056640625,0.7867584228515625,0.4512125253677368
170,2,0.6513671875,0.577850341796875,0.3428547978401184,0.641143798828125,0.4300536513328552
171,2,0.89501953125,0.6201171875,0.362548828125,0.740478515625,0.477294921875
171,2,0.85986328125,0.44573974609375,0.33642578125,0.60528564453125,0.5211588740348816
171,2,0.8427734375,0.8409423828125,0.3818766176700592,0.9613037109375,0.4643961489200592
171,2,0.8076171875,-0.0006103515625,0.2513020634651184,0.156982421875,0.7998046278953552
171,2,0.7734375,0.3865966796875,0.3689778447151184,0.444366455078125,0.4429320693016052
171,2,0.73046875,0.723541259765625,0.3854776918888092,0.7900390625,0.4518229067325592
171,2,0.69921875,0.777679443359375,0.3839314579963684,0.8416748046875,0.4533690810203552
171,2,0.68310546875,0.19415283203125,0.2900390625,0.401123046875,0.515380859375
171,2,0.63037109375,0.57708740234375,0.34381103515625,0.64324951171875,0.4272867441177368
171,2,0.55224609375,0.95416259765625,0.3947957158088684,0.9995880126953125,0.4613036513328552
172,2,0.83935546875,0.61712646484375,0.35791015625,0.73480224609375,0.4672037363052368
172,2,0.82861328125,0.44476318359375,0.3286946415901184,0.606201171875,0.5133056640625
172,2,0.82666015625,0.83831787109375,0.3675537109375,0.96063232421875,0.457275390625
172,2,0.8203125,0.166015625,0.274658203125,0.3897705078125,0.514892578125
172,2,0.77001953125,0.378662109375,0.3592529296875,0.4438018798828125,0.4392496347427368
172,2,0.75732421875,0.719757080078125,0.3726806640625,0.78961181640625,0.44683837890625
172,2,0.7041015625,0.77593994140625,0.3768107295036316,0.84466552734375,0.4458618760108948
172,2,0.68798828125,-6.103515625e-05,0.412353515625,0.08563232421875,0.7662760019302368
172,2,0.54345703125,0.9385528564453125,0.3841552734375,0.998321533203125,0.4495443105697632
173,2,0.8642578125,0.611328125,0.3546549379825592,0.725128173828125,0.4573160707950592
173,2,0.83935546875,0.3700714111328125,0.3560383915901184,0.4405517578125,0.4392496943473816
173,2,0.82861328125,0.44390869140625,0.3225911855697632,0.6085205078125,0.5169271230697632
173,2,0.8193359375,0.84014892578125,0.3674723505973816,0.95758056640625,0.4507649540901184
173,2,0.71875,0.94525146484375,0.3753458857536316,0.9994354248046875,0.4515381455421448
173,2,0.7080078125,0.1405029296875,0.26806640625,0.38201904296875,0.5209146738052368
173,2,0.6748046875,0.7764739990234375,0.3747965395450592,0.84454345703125,0.4443766176700592
173,2,0.6513671875,0.717193603515625,0.3717854619026184,0.78759765625,0.4454752802848816
174,2,0.86279296875,0.838348388671875,0.3732096552848816,0.96026611328125,0.4599609971046448
174,2,0.86181640625,0.4417724609375,0.3273112177848816,0.60748291015625,0.5244954228401184
174,2,0.84912109375,0.60955810546875,0.365234375,0.717010498046875,0.4604085683822632
174,2,0.75732421875,0.36773681640625,0.367431640625,0.4398193359375,0.44390869140625
174,2,0.75634765625,0.1097412109375,0.2693684697151184,0.3739013671875,0.532470703125
174,2,0.74755859375,0.711944580078125,0.3704426884651184,0.8416748046875,0.4541015028953552
175,2,0.83935546875,0.838043212890625,0.3832193911075592,0.96734619140625,0.4648844301700592
175,2,0.83447265625,0.610015869140625,0.3701985478401184,0.712554931640625,0.4659423232078552
175,2,0.8173828125,0.3670654296875,0.3743693232536316,0.439910888671875,0.4485676884651184
175,2,0.8125,0.43817138671875,0.3341471552848816,0.607666015625,0.5296223759651184
175,2,0.748046875,0.7138671875,0.3806559443473816,0.8424072265625,0.4606934189796448
175,2,0.71826171875,0.083740234375,0.2669270634651184,0.365478515625,0.55126953125
176,2,0.89599609375,0.83917236328125,0.3809407651424408,0.96038818359375,0.4657796323299408
176,2,0.8173828125,0.0623779296875,0.2610676884651184,0.359375,0.560302734375
176,2,0.80419921875,0.4390869140625,0.330810546875,0.611083984375,0.532958984375
176,2,0.8017578125,0.359771728515625,0.3735554814338684,0.44073486328125,0.4479166865348816
176,2,0.80126953125,0.61309814453125,0.3707682490348816,0.704010009765625,0.4660645127296448
176,2,0.78564453125,0.713653564453125,0.3808186650276184,0.8421630859375,0.4611815810203552
177,2,0.90478515625,0.83551025390625,0.3824462890625,0.960693359375,0.4642740488052368
177,2,0.83984375,0.041015625,0.2540689706802368,0.3544921875,0.5624185800552368
177,2,0.83447265625,0.43731689453125,0.33056640625,0.61358642578125,0.5325520634651184
177,2,0.818359375,0.353515625,0.3748575747013092,0.440032958984375,0.4471842348575592
177,2,0.81591796875,0.611785888671875,0.3711344599723816,0.697723388671875,0.4602661728858948
177,2,0.75634765625,0.714996337890625,0.3795979619026184,0.8441162109375,0.4604491591453552
178,2,0.8642578125,0.839996337890625,0.3857421875,0.9605712890625,0.4678140878677368
178,2,0.83935546875,0.0283203125,0.2542318105697632,0.349853515625,0.5703939199447632
178,2,0.8115234375,0.7158203125,0.3834228515625,0.84417724609375,0.4659017324447632
178,2,0.77734375,0.608673095703125,0.377685546875,0.688323974609375,0.4635823965072632
178,2,0.69775390625,0.347137451171875,0.3763834834098816,0.441253662109375,0.4506428837776184
178,2,0.68994140625,0.4349365234375,0.33349609375,0.61529541015625,0.5437825322151184
178,2,0.56689453125,0.6810302734375,0.39404296875,0.7237396240234375,0.4394124746322632
179,2,0.8671875,0.841796875,0.3919677734375,0.96380615234375,0.4810384511947632
179,2,0.83203125,0.60784912109375,0.3904215693473816,0.683685302734375,0.4702149033546448
179,2,0.80126953125,0.719970703125,0.3929443359375,0.83367919921875,0.4762369394302368
179,2,0.7451171875,0.43548583984375,0.3400064706802368,0.62225341796875,0.5663248300552368
179,2,0.64892578125,0.02001953125,0.2638345956802368,0.3475341796875,0.5931802988052368
179,2,0.62890625,0.6800994873046875,0.4014689028263092,0.7295379638671875,0.4501749575138092
179,2,0.5341796875,0.341552734375,0.383056640625,0.4456787109375,0.45751953125
180,2,0.86767578125,0.7261962890625,0.3999430537223816,0.83447265625,0.4836018681526184
180,2,0.8310546875,0.84710693359375,0.4051106572151184,0.9661865234375,0.4883219599723816
180,2,0.79150390625,0.60577392578125,0.400390625,0.682403564453125,0.4762777090072632
180,2,0.77587890625,0.01171875,0.2683919072151184,0.346435546875,0.58740234375
180,2,0.71337890625,0.34307861328125,0.3949381709098816,0.45269775390625,0.4660237431526184
180,2,0.650390625,0.67913818359375,0.41168212890625,0.732025146484375,0.4623616933822632
180,2,0.62841796875,0.434814453125,0.3497720956802368,0.62530517578125,0.5782877206802368
181,2,0.87841796875,0.728271484375,0.4013265073299408,0.834930419921875,0.4839681088924408
181,2,0.8408203125,0.847869873046875,0.4052734375,0.96466064453125,0.4878743886947632
181,2,0.75732421875,0.613311767578125,0.3996378779411316,0.6769866943359375,0.4748128056526184
181,2,0.7099609375,0.6767578125,0.4093017578125,0.7367401123046875,0.4608560800552368
181,2,0.6650390625,0.005859375,0.2664387822151184,0.345703125,0.5985513925552368
181,2,0.64892578125,0.383209228515625,0.3956705927848816,0.448333740234375,0.4606526494026184
181,2,0.6376953125,0.43231201171875,0.3446452021598816,0.6275634765625,0.578369140625
182,2,0.900390625,0.85003662109375,0.395751953125,0.97186279296875,0.4817301034927368
182,2,0.88671875,0.73419189453125,0.3914794921875,0.8404541015625,0.4774576425552368
182,2,0.7841796875,0.38568115234375,0.3861083984375,0.4534149169921875,0.453857421875
182,2,0.7783203125,0.61517333984375,0.3922322392463684,0.6754608154296875,0.4640299677848816
182,2,0.72998046875,0.43328857421875,0.3368326425552368,0.63140869140625,0.5638834238052368
182,2,0.67431640625,0.6800079345703125,0.39697265625,0.74102783203125,0.45556640625
182,2,0.5859375,0.0057373046875,0.2535807490348816,0.347900390625,0.5716146230697632
183,2,0.8798828125,0.85260009765625,0.390380859375,0.973602294921875,0.4739583730697632
183,2,0.861328125,0.73968505859375,0.385986328125,0.84735107421875,0.47265625
183,2,0.81201171875,0.4344482421875,0.3329264521598816,0.6326904296875,0.5728352665901184
183,2,0.73779296875,0.619720458984375,0.3891804814338684,0.676055908203125,0.4558512568473816
183,2,0.73291015625,0.015380859375,0.25244140625,0.348876953125,0.585693359375
183,2,0.732421875,0.6855010986328125,0.3932698667049408,0.744873046875,0.4512532651424408
184,2,0.900390625,0.8538818359375,0.3946533203125,0.974853515625,0.4809976816177368
184,2,0.87451171875,0.740692138671875,0.388671875,0.85198974609375,0.4773355722427368
184,2,0.83642578125,0.433837890625,0.33251953125,0.63543701171875,0.5802409052848816
184,2,0.8203125,0.6185302734375,0.3951008915901184,0.6745147705078125,0.4571532607078552
184,2,0.69091796875,0.688079833984375,0.3963216245174408,0.750640869140625,0.4549764096736908
184,2,0.6767578125,0.0245361328125,0.2569986581802368,0.3511962890625,0.5848795175552368
185,2,0.90380859375,0.85491943359375,0.3949788212776184,0.97747802734375,0.4819743037223816
185,2,0.873046875,0.435546875,0.3330078125,0.6368408203125,0.5751953125
185,2,0.85888671875,0.745025634765625,0.3907063901424408,0.858001708984375,0.4789632260799408
185,2,0.79931640625,0.692047119140625,0.3968709111213684,0.75970458984375,0.4589030146598816
185,2,0.7890625,0.6181488037109375,0.3928629755973816,0.673828125,0.4569905400276184
185,2,0.60595703125,0.045166015625,0.26416015625,0.357666015625,0.5565592050552368
185,2,0.54345703125,0.4036407470703125,0.3882242739200592,0.45257568359375,0.4510904848575592
186,2,0.8671875,0.0682373046875,0.2703450918197632,0.3629150390625,0.5603841543197632
186,2,0.85986328125,0.74822998046875,0.3889973759651184,0.86285400390625,0.4769694209098816
186,2,0.837890625,0.44024658203125,0.334228515625,0.637451171875,0.5743001103401184
186,2,0.8251953125,0.8572998046875,0.3922933042049408,0.9754638671875,0.4772542417049408
186,2,0.75341796875,0.619873046875,0.39520263671875,0.6741790771484375,0.4510904550552368
186,2,0.7333984375,0.69677734375,0.3948974609375,0.76104736328125,0.4555867910385132
186,2,0.55419921875,0.92822265625,0.3968098759651184,0.9998779296875,0.7364094853401184
187,2,0.9111328125,0.86590576171875,0.313232421875,0.999237060546875,0.677734375
187,2,0.88671875,0.7537841796875,0.3894856572151184,0.8663330078125,0.4806315302848816
187,2,0.86474609375,0.4404296875,0.339599609375,0.63726806640625,0.5716145634651184
187,2,0.7841796875,0.089111328125,0.2775064706802368,0.3724365234375,0.5482584238052368
187,2,0.76123046875,0.619873046875,0.3931071162223816,0.6717681884765625,0.4531250596046448
187,2,0.693359375,0.67041015625,0.3943684697151184,0.766754150390625,0.4572753310203552
187,2,0.63037109375,0.670745849609375,0.39471435546875,0.716522216796875,0.448486328125
188,2,0.9140625,0.44256591796875,0.3499349355697632,0.6390380859375,0.5760091543197632
188,2,0.85107421875,0.7564697265625,0.3960368037223816,0.85174560546875,0.4821370244026184
188,2,0.8408203125,0.83184814453125,0.3092448115348816,0.99957275390625,0.7252604365348816
188,2,0.7880859375,0.1171875,0.2876790165901184,0.3792724609375,0.5514322519302368
188,2,0.77734375,0.70379638671875,0.39813232421875,0.77410888671875,0.4632568359375
188,2,0.72021484375,0.62158203125,0.3946940302848816,0.6713409423828125,0.4574788212776184
188,2,0.61328125,0.4193878173828125,0.39105224609375,0.467315673828125,0.4524332284927368
188,2,0.6025390625,0.671356201171875,0.3953654170036316,0.717987060546875,0.4535523056983948
188,2,0.58251953125,0.35772705078125,0.3838094174861908,0.421905517578125,0.4506429135799408
189,2,0.8984375,0.44647216796875,0.349365234375,0.6395263671875,0.5799967646598816
189,2,0.7578125,0.709747314453125,0.4015706479549408,0.776824951171875,0.4644978940486908
189,2,0.75732421875,0.79364013671875,0.3199869990348816,0.99969482421875,0.660400390625
189,2,0.740234375,0.1435546875,0.2935383915901184,0.3883056640625,0.558349609375
189,2,0.71630859375,0.6190643310546875,0.3964029848575592,0.674224853515625,0.4570108950138092
189,2,0.625,0.6745452880859375,0.39715576171875,0.72088623046875,0.4551595449447632
189,2,0.60791015625,0.7632904052734375,0.3975422978401184,0.812408447265625,0.4852904677391052
189,2,0.5849609375,0.42218017578125,0.3910929560661316,0.4710540771484375,0.4532471299171448
190,2,0.9091796875,0.4483642578125,0.3523763418197632,0.6396484375,0.5786947011947632
190,2,0.7998046875,0.77142333984375,0.33349609375,0.99713134765625,0.634521484375
190,2,0.74169921875,0.166015625,0.3030599355697632,0.397705078125,0.5476888418197632
190,2,0.728515625,0.7113037109375,0.3989054560661316,0.795440673828125,0.4686279892921448
190,2,0.6865234375,0.6209716796875,0.3955891728401184,0.6709747314453125,0.4564616084098816
190,2,0.67919921875,0.67333984375,0.3967691957950592,0.7249755859375,0.4527384340763092
190,2,0.56396484375,0.431243896484375,0.3879598081111908,0.4769287109375,0.4516194760799408
191,2,0.8896484375,0.7540283203125,0.3452962040901184,0.99755859375,0.5980631113052368
191,2,0.888671875,0.454345703125,0.358642578125,0.638671875,0.5810546875
191,2,0.83056640625,0.188720703125,0.3138834834098816,0.40887451171875,0.54541015625
191,2,0.763671875,0.7165985107421875,0.4014892578125,0.775360107421875,0.4627481698989868
191,2,0.73193359375,0.6773681640625,0.39697265625,0.727935791015625,0.453857421875
191,2,0.72216796875,0.617584228515625,0.3960368037223816,0.6703033447265625,0.4545288681983948
191,2,0.57275390625,0.43408203125,0.3858439326286316,0.479339599609375,0.4505208134651184
192,2,0.91748046875,0.73919677734375,0.3472493290901184,0.995849609375,0.5934244990348816
192,2,0.90380859375,0.45465087890625,0.3600260019302368,0.6390380859375,0.5780435800552368
192,2,0.81396484375,0.2105712890625,0.3142903447151184,0.41748046875,0.537841796875
192,2,0.7119140625,0.61968994140625,0.396240234375,0.6681060791015625,0.4525146484375
192,2,0.65380859375,0.679656982421875,0.3963826298713684,0.763916015625,0.4594523310661316
192,2,0.52392578125,0.437103271484375,0.3900349736213684,0.4825897216796875,0.4450072646141052
193,2,0.91162109375,0.725830078125,0.3475748896598816,0.9534912109375,0.5769856572151184
193,2,0.90380859375,0.4578857421875,0.3572591543197632,0.63653564453125,0.5686849355697632
193,2,0.85205078125,0.23004150390625,0.3169758915901184,0.42376708984375,0.52685546875
193,2,0.7822265625,0.6140594482421875,0.38739013671875,0.66680908203125,0.4447225332260132
193,2,0.740234375,0.674591064453125,0.3902587890625,0.7386322021484375,0.4495035409927368
193,2,0.62890625,0.929412841796875,0.4029744267463684,0.9964599609375,0.4831950068473816
194,2,0.90380859375,0.45953369140625,0.3585611581802368,0.6378173828125,0.5646158456802368
194,2,0.85888671875,0.71575927734375,0.3494466543197632,0.92041015625,0.5584310293197632
194,2,0.82763671875,0.248779296875,0.3167317509651184,0.433349609375,0.5188395380973816
194,2,0.78271484375,0.902099609375,0.3951008915901184,0.995849609375,0.4813029170036316
194,2,0.7705078125,0.6134033203125,0.3818562924861908,0.661834716796875,0.4416097104549408
194,2,0.7294921875,0.6764373779296875,0.3869425654411316,0.73455810546875,0.4425049424171448
195,2,0.8896484375,0.46124267578125,0.3582356572151184,0.63641357421875,0.5587565302848816
195,2,0.85107421875,0.263427734375,0.3153483271598816,0.4378662109375,0.5081787109375
195,2,0.7900390625,0.6093597412109375,0.3784586787223816,0.6591644287109375,0.4363403916358948
195,2,0.78369140625,0.6720733642578125,0.3784586787223816,0.7245635986328125,0.4372151494026184
195,2,0.78173828125,0.7052001953125,0.3517252802848816,0.9049072265625,0.5437825322151184
195,2,0.63134765625,0.9002685546875,0.3895466923713684,0.99676513671875,0.4745280146598816
195,2,0.5712890625,0.8739013671875,0.3910725712776184,0.934539794921875,0.4932047724723816
196,2,0.90869140625,0.4588623046875,0.3550618886947632,0.63250732421875,0.5551351308822632
196,2,0.89453125,0.2760009765625,0.3140462040901184,0.44427490234375,0.4974772334098816
196,2,0.84619140625,0.6993408203125,0.352294921875,0.87689208984375,0.5336100459098816
196,2,0.73974609375,0.60504150390625,0.3769327700138092,0.656951904296875,0.4343668520450592
196,2,0.7099609375,0.6726837158203125,0.3761393129825592,0.7164154052734375,0.4302774965763092
196,2,0.61669921875,0.852081298828125,0.3802897334098816,0.951263427734375,0.4942219853401184
196,2,0.52880859375,0.44256591796875,0.3686930537223816,0.48638916015625,0.4290974736213684
197,2,0.9091796875,0.46014404296875,0.3479817509651184,0.6280517578125,0.543701171875
197,2,0.8798828125,0.6881103515625,0.3467610478401184,0.85400390625,0.52099609375
197,2,0.84912109375,0.83770751953125,0.3724772334098816,0.95635986328125,0.4893391728401184
197,2,0.8388671875,0.28790283203125,0.3116047978401184,0.44818115234375,0.4838053584098816
197,2,0.677734375,0.6050262451171875,0.3683675229549408,0.6572723388671875,0.4218953549861908
197,2,0.58447265625,0.9171600341796875,0.37933349609375,0.997100830078125,0.4593912363052368
198,2,0.92236328125,0.46173095703125,0.340576171875,0.6282958984375,0.5359700322151184
198,2,0.8857421875,0.83203125,0.365234375,0.9661865234375,0.4848226308822632
198,2,0.853515625,0.300537109375,0.30224609375,0.450469970703125,0.4749755859375
198,2,0.82568359375,0.68408203125,0.3402506709098816,0.8392333984375,0.5005696415901184
198,2,0.73046875,0.919830322265625,0.3730672299861908,0.9989776611328125,0.4523518979549408
199,2,0.90771484375,0.4591064453125,0.340576171875,0.62548828125,0.53564453125
199,2,0.90771484375,0.8238525390625,0.3665771484375,0.99688720703125,0.4912109375
199,2,0.87451171875,0.31304931640625,0.3041178286075592,0.4539794921875,0.4756266176700592
199,2,0.84765625,0.68316650390625,0.33984375,0.829833984375,0.496337890625
199,2,0.5537109375,0.224212646484375,0.3616943359375,0.3157958984375,0.4305826425552368
200,2,0.93115234375,0.8372802734375,0.3652750849723816,0.99798583984375,0.4958088994026184
200,2,0.91845703125,0.46148681640625,0.3397623896598816,0.62664794921875,0.5322265625
200,2,0.8037109375,0.3204345703125,0.3046061396598816,0.45941162109375,0.4694417119026184
200,2,0.802734375,0.6820068359375,0.340087890625,0.818359375,0.4868571162223816
200,2,0.52490234375,0.6003570556640625,0.3562418818473816,0.648193359375,0.4057210087776184
201,2,0.91015625,0.4642333984375,0.3282877802848816,0.62762451171875,0.5203857421875
201,2,0.890625,0.84259033203125,0.3580322265625,0.99713134765625,0.4798583984375
201,2,0.82470703125,0.328155517578125,0.2987467646598816,0.46575927734375,0.4617512822151184
201,2,0.80517578125,0.673248291015625,0.3314208984375,0.80908203125,0.4740397334098816
201,2,0.55419921875,0.2657928466796875,0.3441162109375,0.327056884765625,0.3857828378677368
201,2,0.51416015625,0.7928314208984375,0.3588460385799408,0.861114501953125,0.4344685971736908
202,2,0.91748046875,0.46343994140625,0.3260905146598816,0.62640380859375,0.5218098759651184
202,2,0.9140625,0.85601806640625,0.3585611879825592,0.99700927734375,0.4857584536075592
202,2,0.87744140625,0.33636474609375,0.302001953125,0.467010498046875,0.4579264521598816
202,2,0.85546875,0.6715087890625,0.3324381709098816,0.801025390625,0.4706624150276184
202,2,0.55517578125,0.2396240234375,0.3407389521598816,0.310089111328125,0.4014893174171448
202,2,0.53662109375,0.783935546875,0.3643391728401184,0.87286376953125,0.4354247450828552
203,2,0.916015625,0.46136474609375,0.3291015625,0.62493896484375,0.5271809697151184
203,2,0.892578125,0.867218017578125,0.3611246943473816,0.998779296875,0.4893391728401184
203,2,0.83251953125,0.34130859375,0.3004557192325592,0.466339111328125,0.4549967348575592
203,2,0.79248046875,0.667724609375,0.3343505859375,0.796844482421875,0.4656982421875
203,2,0.53125,0.218017578125,0.3401896357536316,0.269683837890625,0.3755493760108948
204,2,0.9111328125,0.87896728515625,0.3603515625,0.99871826171875,0.4967448115348816
204,2,0.90625,0.459228515625,0.328369140625,0.62249755859375,0.5198161005973816
204,2,0.87158203125,0.343017578125,0.3003743588924408,0.46881103515625,0.4539388120174408
204,2,0.71484375,0.6629638671875,0.3339029848575592,0.793243408203125,0.4576822817325592
204,2,0.5234375,0.181671142578125,0.3371175229549408,0.25054931640625,0.3723958432674408
204,2,0.50390625,0.5971527099609375,0.3517049252986908,0.65179443359375,0.3915608823299408
205,2,0.8935546875,0.4537353515625,0.320068359375,0.621337890625,0.5120849609375
205,2,0.88037109375,0.8900146484375,0.3558756709098816,0.999603271484375,0.4970703125
205,2,0.85986328125,0.34515380859375,0.2958170771598816,0.464324951171875,0.4460042119026184
205,2,0.82470703125,0.6595458984375,0.3271484375,0.7955322265625,0.4514566659927368
205,2,0.62353515625,0.762451171875,0.3414306640625,0.87554931640625,0.4329019784927368
205,2,0.51123046875,0.21112060546875,0.34637451171875,0.308807373046875,0.4334310293197632
206,2,0.86181640625,0.4482421875,0.31591796875,0.6136474609375,0.5076090693473816
206,2,0.861328125,0.648834228515625,0.32568359375,0.77154541015625,0.4486898183822632
206,2,0.83642578125,0.890777587890625,0.3514811396598816,0.999755859375,0.49951171875
206,2,0.73974609375,0.34393310546875,0.294921875,0.4537353515625,0.4436442255973816
206,2,0.60400390625,0.093994140625,0.3241373598575592,0.19146728515625,0.3766275942325592
207,2,0.86865234375,0.443115234375,0.3240560293197632,0.6075439453125,0.5165609121322632
207,2,0.8525390625,0.649505615234375,0.332763671875,0.75689697265625,0.4556884765625
207,2,0.8193359375,0.339691162109375,0.305908203125,0.451568603515625,0.4497477412223816
207,2,0.7666015625,0.911865234375,0.3639322519302368,0.999725341796875,0.5105386972427368
207,2,0.6806640625,0.747467041015625,0.35693359375,0.83636474609375,0.4397176504135132
207,2,0.66259765625,0.8866424560546875,0.3623046875,0.95587158203125,0.4466348886489868
207,2,0.5048828125,0.01910400390625,0.3288370966911316,0.119842529296875,0.3820393681526184
208,2,0.90625,0.43511962890625,0.3243814706802368,0.6038818359375,0.5275064706802368
208,2,0.79931640625,0.88677978515625,0.36846923828125,0.962646484375,0.452392578125
208,2,0.79638671875,0.641082763671875,0.337646484375,0.747894287109375,0.4554849863052368
208,2,0.7802734375,0.737640380859375,0.3587239384651184,0.83868408203125,0.4453532099723816
208,2,0.75244140625,0.33929443359375,0.3050130307674408,0.451812744140625,0.4493001401424408
208,2,0.73828125,0.92437744140625,0.3652750849723816,0.9996337890625,0.5074462890625
208,2,0.517578125,0.58538818359375,0.3608194887638092,0.6373138427734375,0.3983561098575592
209,2,0.90869140625,0.42913818359375,0.326416015625,0.59527587890625,0.5286458134651184
209,2,0.814453125,0.335723876953125,0.3055826723575592,0.441131591796875,0.4488932192325592
209,2,0.7724609375,0.629241943359375,0.3355712890625,0.7403564453125,0.4524739980697632
209,2,0.75390625,0.882080078125,0.3664754331111908,0.990325927734375,0.4563802182674408
209,2,0.61669921875,0.735931396484375,0.3565266728401184,0.85595703125,0.4479166865348816
209,2,0.59521484375,0.57763671875,0.3558756411075592,0.635040283203125,0.3972574770450592
209,2,0.5458984375,0.929901123046875,0.3564453125,0.999664306640625,0.5142822265625
210,2,0.9052734375,0.42034912109375,0.31787109375,0.59185791015625,0.5205078125
210,2,0.73828125,0.87799072265625,0.3605549931526184,0.998046875,0.4466552138328552
210,2,0.73388671875,0.617279052734375,0.3293864130973816,0.727325439453125,0.4402669072151184
210,2,0.68017578125,0.331817626953125,0.2982584834098816,0.43817138671875,0.4381917119026184
210,2,0.6796875,0.74713134765625,0.3482666015625,0.9046630859375,0.4426676034927368
210,2,0.64501953125,0.5829925537109375,0.3476359248161316,0.624725341796875,0.3905640244483948
210,2,0.6064453125,0.152069091796875,0.3397420048713684,0.227325439453125,0.3837890028953552
211,2,0.869140625,0.40826416015625,0.3131103515625,0.57952880859375,0.5189616084098816
211,2,0.857421875,0.71258544921875,0.3437092900276184,0.84161376953125,0.4383544325828552
211,2,0.85546875,0.60845947265625,0.3240966796875,0.72430419921875,0.4336344003677368
211,2,0.818359375,0.873321533203125,0.3520101010799408,0.99755859375,0.4494222104549408
211,2,0.68896484375,0.3275146484375,0.2974853515625,0.43115234375,0.4337971806526184
211,2,0.55419921875,0.568206787109375,0.3394978642463684,0.619964599609375,0.3862101435661316
211,2,0.54296875,0.110687255859375,0.32965087890625,0.190948486328125,0.3802694082260132
212,2,0.892578125,0.71630859375,0.34423828125,0.845306396484375,0.4405111074447632
212,2,0.89111328125,0.39520263671875,0.3123372197151184,0.56951904296875,0.522216796875
212,2,0.8818359375,0.59649658203125,0.3273518681526184,0.72027587890625,0.4349772334098816
212,2,0.85546875,0.868927001953125,0.3563639521598816,0.998779296875,0.4488525986671448
212,2,0.65576171875,0.834716796875,0.3429158329963684,0.8866424560546875,0.4017741084098816
212,2,0.62353515625,0.319549560546875,0.2940673828125,0.417877197265625,0.4379069209098816
213,2,0.90380859375,0.38287353515625,0.3221028447151184,0.5604248046875,0.527099609375
213,2,0.89892578125,0.71575927734375,0.3497314453125,0.84649658203125,0.451171875
213,2,0.8505859375,0.864990234375,0.3607584834098816,0.998992919921875,0.4622395634651184
213,2,0.8291015625,0.5894775390625,0.3296305537223816,0.716552734375,0.4400635361671448
213,2,0.79736328125,0.313079833984375,0.3008626103401184,0.41180419921875,0.4394938349723816
213,2,0.5224609375,0.8371429443359375,0.353271484375,0.889862060546875,0.4115804433822632
214,2,0.89111328125,0.36962890625,0.3126627206802368,0.54656982421875,0.5236002206802368
214,2,0.88427734375,0.71624755859375,0.347900390625,0.856597900390625,0.45166015625
214,2,0.8271484375,0.8624267578125,0.3621012568473816,0.9986572265625,0.4605305790901184
214,2,0.80908203125,0.581787109375,0.3283284306526184,0.715576171875,0.4351806044578552
214,2,0.7509765625,0.310089111328125,0.3020833134651184,0.405426025390625,0.4376220703125
214,2,0.63232421875,-0.0002593994140625,0.3338419795036316,0.054534912109375,0.3945923447608948
214,2,0.59033203125,0.829315185546875,0.3513386845588684,0.89990234375,0.4017130732536316
214,2,0.57177734375,0.94140625,0.443115234375,0.9996337890625,0.7220865488052368
215,2,0.900390625,0.3568115234375,0.3168131113052368,0.53961181640625,0.5360513925552368
215,2,0.8525390625,0.722412109375,0.3541666567325592,0.8785400390625,0.4574381411075592
215,2,0.83544921875,0.57763671875,0.3353678584098816,0.6771240234375,0.4408772587776184
215,2,0.8017578125,0.860992431640625,0.3619384765625,0.9970703125,0.4620767831802368
215,2,0.74853515625,0.30743408203125,0.3068034052848816,0.395233154296875,0.4391682744026184
215,2,0.669921875,0.911529541015625,0.4662272334098816,0.9979248046875,0.6968587040901184
215,2,0.5224609375,0.8524627685546875,0.353271484375,0.907257080078125,0.3855794668197632
216,2,0.892578125,0.72491455078125,0.3521728515625,0.871826171875,0.4582113027572632
216,2,0.869140625,0.33929443359375,0.315673828125,0.517578125,0.5348307490348816
216,2,0.83251953125,0.876953125,0.3922525644302368,0.999420166015625,0.711181640625
216,2,0.81396484375,0.56793212890625,0.3367512822151184,0.6706390380859375,0.4396972060203552
216,2,0.8076171875,0.864532470703125,0.3619791865348816,0.99871826171875,0.4615479111671448
216,2,0.6513671875,0.302490234375,0.3056233525276184,0.392669677734375,0.4364013671875
216,2,0.57568359375,0.65966796875,0.3477783203125,0.7328643798828125,0.4287923574447632
217,2,0.85546875,0.72564697265625,0.3522135317325592,0.876708984375,0.4592691957950592
217,2,0.85107421875,0.3170166015625,0.3201497793197632,0.5008544921875,0.5430501699447632
217,2,0.83984375,0.85028076171875,0.3697916567325592,0.99835205078125,0.6934407949447632
217,2,0.80908203125,0.5628662109375,0.3404948115348816,0.66644287109375,0.4387207627296448
217,2,0.7099609375,0.4856414794921875,0.3477579653263092,0.536773681640625,0.4390055239200592
217,2,0.708984375,0.652252197265625,0.3488972783088684,0.73138427734375,0.4260253310203552
217,2,0.7001953125,0.867889404296875,0.3615315854549408,0.97845458984375,0.4560140073299408
217,2,0.56494140625,0.531341552734375,0.3462931513786316,0.5780792236328125,0.3886311650276184
217,2,0.5263671875,0.296966552734375,0.3095703125,0.3922119140625,0.4385172724723816
218,2,0.8974609375,0.8228759765625,0.3661295473575592,0.99847412109375,0.6809896230697632
218,2,0.8935546875,0.2945556640625,0.3094889521598816,0.48370361328125,0.536376953125
218,2,0.8701171875,0.72772216796875,0.3512369990348816,0.8841552734375,0.4683838486671448
218,2,0.83544921875,0.556793212890625,0.3380940556526184,0.65283203125,0.4387206435203552
218,2,0.79248046875,0.649169921875,0.3501383662223816,0.7314453125,0.4288330674171448
218,2,0.712890625,0.464202880859375,0.3463338315486908,0.531890869140625,0.4405110776424408
219,2,0.89990234375,0.79852294921875,0.3564453125,0.9996337890625,0.7347005605697632
219,2,0.8701171875,0.2791748046875,0.3106282949447632,0.466552734375,0.5301107168197632
219,2,0.81982421875,0.72979736328125,0.3499755859375,0.88299560546875,0.4652099609375
219,2,0.7783203125,0.552978515625,0.3369954228401184,0.643768310546875,0.4371337294578552
219,2,0.77001953125,0.6453857421875,0.346923828125,0.74237060546875,0.4298909902572632
219,2,0.767578125,0.443206787109375,0.3389892578125,0.52703857421875,0.4423828125
220,2,0.89892578125,0.77734375,0.3582356870174408,0.9993896484375,0.7184244394302368
220,2,0.78515625,0.2608642578125,0.31591796875,0.45428466796875,0.531982421875
220,2,0.78173828125,0.7408447265625,0.3517252802848816,0.875732421875,0.4673665165901184
220,2,0.75732421875,0.548431396484375,0.3402506709098816,0.6326141357421875,0.4356690049171448
220,2,0.64892578125,0.64739990234375,0.3482258915901184,0.759033203125,0.4325358271598816
221,2,0.92333984375,0.7574462890625,0.3570963740348816,0.99951171875,0.7079264521598816
221,2,0.8671875,0.239013671875,0.3141276240348816,0.43341064453125,0.5371907353401184
221,2,0.8076171875,0.646759033203125,0.351806640625,0.746917724609375,0.4386800527572632
221,2,0.80126953125,0.537384033203125,0.3428955078125,0.627349853515625,0.437744140625
221,2,0.7607421875,0.43011474609375,0.3496907353401184,0.5203857421875,0.4397379755973816
221,2,0.6259765625,0.750457763671875,0.3555501401424408,0.86004638671875,0.4645589292049408
222,2,0.892578125,0.74169921875,0.359375,0.99969482421875,0.6826986074447632
222,2,0.88427734375,0.215576171875,0.3143717646598816,0.4130859375,0.5469563603401184
222,2,0.8603515625,0.533050537109375,0.3424072265625,0.62176513671875,0.436767578125
222,2,0.822265625,0.650787353515625,0.35302734375,0.7542724609375,0.4422607421875
222,2,0.7236328125,0.426239013671875,0.349365234375,0.517730712890625,0.4430745840072632
222,2,0.5400390625,0.611480712890625,0.3553466796875,0.6477203369140625,0.4109293222427368
223,2,0.91015625,0.7225341796875,0.35595703125,0.9989013671875,0.6634114980697632
223,2,0.857421875,0.532562255859375,0.345703125,0.6162109375,0.4357095956802368
223,2,0.8408203125,0.655670166015625,0.3539225459098816,0.763916015625,0.4441731572151184
223,2,0.7802734375,0.19451904296875,0.3126627802848816,0.40179443359375,0.5359700322151184
223,2,0.75341796875,0.424713134765625,0.3474934697151184,0.512725830078125,0.4425455927848816
223,2,0.66259765625,0.6072540283203125,0.35040283203125,0.6528778076171875,0.4138590097427368
224,2,0.90771484375,0.7066650390625,0.3600260317325592,0.9990234375,0.6636556386947632
224,2,0.84716796875,0.527252197265625,0.3445231020450592,0.61181640625,0.4369303286075592
224,2,0.83642578125,0.17083740234375,0.3128255009651184,0.37860107421875,0.5367838740348816
224,2,0.8154296875,0.66278076171875,0.3551432192325592,0.7738037109375,0.4487711489200592
224,2,0.74072265625,0.6082000732421875,0.3545125126838684,0.6567840576171875,0.4153441786766052
224,2,0.73046875,0.4210205078125,0.34814453125,0.509002685546875,0.4451904296875
224,2,0.5576171875,0.1071319580078125,0.352783203125,0.16888427734375,0.4095865488052368
225,2,0.857421875,0.14996337890625,0.3143717646598816,0.37652587890625,0.5413411259651184
225,2,0.85205078125,0.695556640625,0.3640950620174408,0.9984130859375,0.6444498300552368
225,2,0.84619140625,0.524810791015625,0.3437703549861908,0.614715576171875,0.4367268979549408
225,2,0.80078125,0.420013427734375,0.3495279848575592,0.509979248046875,0.4486490786075592
225,2,0.73681640625,0.672607421875,0.3570556640625,0.7734375,0.4522705078125
225,2,0.7294921875,0.6077728271484375,0.3584798276424408,0.668365478515625,0.4182332456111908
225,2,0.53564453125,0.864013671875,0.3612467050552368,0.99853515625,0.6327310800552368
226,2,0.89990234375,0.1348876953125,0.3125,0.35137939453125,0.5403645634651184
226,2,0.84814453125,0.6881103515625,0.3621419072151184,0.9979248046875,0.6397297978401184
226,2,0.8447265625,0.53192138671875,0.3380534052848816,0.61517333984375,0.4339192509651184
226,2,0.78759765625,0.42340087890625,0.3430989384651184,0.513031005859375,0.4431559443473816
226,2,0.77587890625,0.6136474609375,0.354248046875,0.681396484375,0.41656494140625
226,2,0.6640625,0.2734375,0.3038737177848816,0.38665771484375,0.4285481572151184
226,2,0.552734375,0.68408203125,0.3520711064338684,0.782684326171875,0.4486491084098816
227,2,0.875,0.1220703125,0.30078125,0.3515625,0.5354817509651184
227,2,0.87353515625,0.6871337890625,0.3580729365348816,0.999267578125,0.63427734375
227,2,0.8525390625,0.53656005859375,0.3338623046875,0.62225341796875,0.4290771484375
227,2,0.80419921875,0.428985595703125,0.3341064453125,0.522491455078125,0.4429117441177368
227,2,0.7509765625,0.305389404296875,0.3037516474723816,0.392852783203125,0.4217529892921448
227,2,0.73681640625,0.625396728515625,0.35113525390625,0.698699951171875,0.4138997793197632
227,2,0.5830078125,0.377227783203125,0.32965087890625,0.4168701171875,0.379150390625
227,2,0.52099609375,0.012298583984375,0.3309122622013092,0.11004638671875,0.3896891176700592
228,2,0.91748046875,0.6871337890625,0.3505859375,0.99951171875,0.6316732168197632
228,2,0.9072265625,0.1094970703125,0.2991536259651184,0.34716796875,0.5426432490348816
228,2,0.8505859375,0.542205810546875,0.3354899287223816,0.62762451171875,0.4290364384651184
228,2,0.8154296875,0.637847900390625,0.3487548828125,0.7105712890625,0.4151407480239868
228,2,0.74755859375,0.305938720703125,0.30078125,0.400665283203125,0.4287516474723816
228,2,0.71337890625,0.43450927734375,0.3496500849723816,0.5274658203125,0.4451904892921448
228,2,0.57763671875,0.380767822265625,0.3329874873161316,0.431396484375,0.3814900517463684
228,2,0.52197265625,0.514190673828125,0.3440958857536316,0.5612945556640625,0.3827107548713684
229,2,0.91845703125,0.68896484375,0.3523762822151184,0.9993896484375,0.6298828125
229,2,0.8935546875,0.0947265625,0.2993977665901184,0.3450927734375,0.5465494990348816
229,2,0.84326171875,0.553741455078125,0.3365478515625,0.63665771484375,0.4315592050552368
229,2,0.7197265625,0.304656982421875,0.2998046875,0.40478515625,0.43408203125
229,2,0.6865234375,0.652130126953125,0.3523152768611908,0.7252197265625,0.4171346127986908
229,2,0.63232421875,0.442962646484375,0.3691813051700592,0.538055419921875,0.4468180239200592
229,2,0.5341796875,0.3963775634765625,0.3348185420036316,0.4409027099609375,0.3853150010108948
230,2,0.91259765625,0.0806884765625,0.2884114384651184,0.345458984375,0.5460611581802368
230,2,0.8935546875,0.691650390625,0.3492838740348816,0.99951171875,0.618896484375
230,2,0.8388671875,0.56146240234375,0.3310140073299408,0.649261474609375,0.4247640073299408
230,2,0.822265625,0.30511474609375,0.2903645634651184,0.41851806640625,0.431640625
230,2,0.8056640625,0.66522216796875,0.3497111201286316,0.74078369140625,0.4171956181526184
230,2,0.59619140625,0.45001220703125,0.3377685546875,0.545318603515625,0.4477132558822632
230,2,0.56591796875,0.4051513671875,0.3293253779411316,0.4527130126953125,0.3831177353858948
231,2,0.919921875,0.0609130859375,0.2799478769302368,0.34423828125,0.5509439706802368
231,2,0.86279296875,0.69140625,0.35302734375,0.994140625,0.6075032949447632
231,2,0.79541015625,0.567901611328125,0.3354898989200592,0.65582275390625,0.4256998598575592
231,2,0.7841796875,0.300689697265625,0.2911376953125,0.42059326171875,0.4320881962776184
231,2,0.74658203125,0.677093505859375,0.35614013671875,0.750396728515625,0.41741943359375
231,2,0.58935546875,0.45562744140625,0.3361002802848816,0.551788330078125,0.4494221806526184
231,2,0.55224609375,0.4175262451171875,0.3286336064338684,0.4605255126953125,0.3837687373161316
231,2,0.5498046875,0.464019775390625,0.3376058042049408,0.55010986328125,0.3839314877986908
232,2,0.92236328125,0.0391845703125,0.2810872197151184,0.3389892578125,0.5548502206802368
232,2,0.89111328125,0.6934814453125,0.3468424677848816,0.9993896484375,0.6072591543197632
232,2,0.83740234375,0.57177734375,0.3303629457950592,0.658843994140625,0.4235025942325592
232,2,0.80419921875,0.455535888671875,0.3362630307674408,0.556610107421875,0.4522298276424408
232,2,0.73974609375,0.302581787109375,0.2889404296875,0.41796875,0.4352620244026184
232,2,0.619140625,0.419036865234375,0.3294677734375,0.47076416015625,0.3871663808822632
232,2,0.5966796875,0.688201904296875,0.3523152768611908,0.76666259765625,0.4169515073299408
233,2,0.92822265625,0.011474609375,0.2803547978401184,0.3338623046875,0.5719400644302368
233,2,0.8818359375,0.6954345703125,0.3534342646598816,0.9989013671875,0.60498046875
233,2,0.81787109375,0.57879638671875,0.3322347104549408,0.66131591796875,0.4281819760799408
233,2,0.8076171875,0.463409423828125,0.3391926884651184,0.56231689453125,0.4560953974723816
233,2,0.80126953125,0.29742431640625,0.294189453125,0.420318603515625,0.4398600459098816
233,2,0.5341796875,0.6532440185546875,0.3369547426700592,0.6852874755859375,0.3989054262638092
234,2,0.93505859375,0.0001220703125,0.2745767831802368,0.3302001953125,0.5821939706802368
234,2,0.91015625,0.698974609375,0.3544921875,0.998291015625,0.6075845956802368
234,2,0.83935546875,0.29022216796875,0.283935546875,0.430908203125,0.447509765625
234,2,0.8232421875,0.464752197265625,0.3358967900276184,0.56805419921875,0.4557291865348816
234,2,0.79150390625,0.5843505859375,0.3436686396598816,0.668121337890625,0.4276123642921448
234,2,0.5439453125,0.90240478515625,0.3485921323299408,0.999542236328125,0.4267171323299408
234,2,0.5166015625,0.432525634765625,0.3298136591911316,0.4811859130859375,0.3789876103401184
235,2,0.93701171875,0.0003662109375,0.26806640625,0.31884765625,0.595703125
235,2,0.92333984375,0.6968994140625,0.3485514521598816,0.999267578125,0.60302734375
235,2,0.8017578125,0.28375244140625,0.2779948115348816,0.43328857421875,0.4466145634651184
235,2,0.751953125,0.58697509765625,0.32861328125,0.6710205078125,0.4231363534927368
235,2,0.728515625,0.464996337890625,0.3371174931526184,0.571563720703125,0.4552001357078552
235,2,0.63671875,0.44219970703125,0.33160400390625,0.482452392578125,0.3798624277114868
235,2,0.63671875,0.6623992919921875,0.34893798828125,0.7076873779296875,0.39508056640625
236,2,0.93408203125,0.000244140625,0.2630208134651184,0.3060302734375,0.6103515625
236,2,0.83935546875,0.26788330078125,0.2767333984375,0.4169921875,0.454833984375
236,2,0.796875,0.4637451171875,0.3366292119026184,0.57391357421875,0.4584147334098816
236,2,0.7880859375,0.6982421875,0.3516438603401184,0.9971923828125,0.5953776240348816
236,2,0.71435546875,0.59136962890625,0.3518880307674408,0.674896240234375,0.4258626401424408
236,2,0.63671875,0.443511962890625,0.3313395082950592,0.485382080078125,0.3802286684513092
236,2,0.55078125,0.66400146484375,0.3463948667049408,0.712310791015625,0.4002889096736908
236,2,0.541015625,0.4019927978515625,0.3347575068473816,0.4476470947265625,0.4002686142921448
237,2,0.91845703125,6.103515625e-05,0.2594400644302368,0.289306640625,0.6495767831802368
237,2,0.88671875,0.6998291015625,0.3439127206802368,0.999755859375,0.5983072519302368
237,2,0.8408203125,0.25555419921875,0.272705078125,0.42041015625,0.458984375
237,2,0.77880859375,0.591217041015625,0.3265380859375,0.677093505859375,0.4214884042739868
237,2,0.63818359375,0.464324951171875,0.3407389223575592,0.57269287109375,0.4584147036075592
237,2,0.59375,0.4401702880859375,0.32452392578125,0.4897613525390625,0.3761392831802368
237,2,0.5751953125,0.396453857421875,0.3297322690486908,0.4462738037109375,0.3937581479549408
237,2,0.5439453125,0.66717529296875,0.34661865234375,0.71466064453125,0.3951416015625
237,2,0.533203125,0.469573974609375,0.3337605595588684,0.572296142578125,0.3866576552391052
238,2,0.93359375,-6.103515625e-05,0.2529296875,0.27294921875,0.6806640625
238,2,0.89208984375,0.701416015625,0.3450520634651184,0.99951171875,0.600830078125
238,2,0.888671875,0.2491455078125,0.2736002802848816,0.41632080078125,0.4678955078125
238,2,0.83251953125,0.46087646484375,0.3328043818473816,0.57373046875,0.4613037109375
238,2,0.83251953125,0.594818115234375,0.3294270634651184,0.679473876953125,0.4234618544578552
238,2,0.71142578125,0.3956451416015625,0.3314412236213684,0.444091796875,0.4002684950828552
238,2,0.65234375,0.671905517578125,0.3495890498161316,0.722930908203125,0.4010010361671448
238,2,0.5185546875,0.44830322265625,0.3291422426700592,0.4902496337890625,0.3783365786075592
239,2,0.94287109375,6.103515625e-05,0.2477213442325592,0.251953125,0.734375
239,2,0.86767578125,0.7008056640625,0.3434244990348816,0.9986572265625,0.602294921875
239,2,0.857421875,0.215087890625,0.274169921875,0.4112548828125,0.4708251953125
239,2,0.84765625,0.595062255859375,0.3288167119026184,0.683319091796875,0.4243773818016052
239,2,0.82861328125,0.459442138671875,0.33203125,0.575164794921875,0.4604085087776184
239,2,0.80712890625,0.3917083740234375,0.3309529423713684,0.4416961669921875,0.4007365107536316
239,2,0.5810546875,0.673248291015625,0.3446452021598816,0.72735595703125,0.4004109501838684
239,2,0.541015625,0.4517974853515625,0.3275350034236908,0.49224853515625,0.3810018002986908
240,2,0.8974609375,-6.103515625e-05,0.2469075322151184,0.22509765625,0.7968749403953552
240,2,0.88427734375,0.7012939453125,0.3477376699447632,0.9993896484375,0.6018880605697632
240,2,0.8505859375,0.18212890625,0.2687174677848816,0.4072265625,0.4777424931526184
240,2,0.8388671875,0.594940185546875,0.3319498896598816,0.68853759765625,0.4331055283546448
240,2,0.76318359375,0.458892822265625,0.3382568359375,0.573455810546875,0.46484375
240,2,0.73779296875,0.3849334716796875,0.32855224609375,0.439361572265625,0.407470703125
240,2,0.54541015625,0.6761627197265625,0.35272216796875,0.72991943359375,0.4175821542739868
240,2,0.53076171875,0.464019775390625,0.3391520380973816,0.572601318359375,0.3996785283088684
241,2,0.85888671875,0.701171875,0.345703125,0.9991455078125,0.6109212636947632
241,2,0.857421875,0.59454345703125,0.3306071162223816,0.687530517578125,0.4270833134651184
241,2,0.84228515625,0.4525146484375,0.3334147036075592,0.572174072265625,0.4698893129825592
241,2,0.83642578125,0.1956787109375,0.2643229365348816,0.40679931640625,0.4795735478401184
241,2,0.82373046875,-0.00030517578125,0.24235022068023682,0.20025634765625,0.7620443105697632
241,2,0.5966796875,0.37969970703125,0.3326212763786316,0.4399566650390625,0.4027710556983948
241,2,0.5859375,0.67376708984375,0.3460896611213684,0.7366790771484375,0.4039713740348816
242,2,0.89111328125,0.7041015625,0.3404947519302368,0.998779296875,0.6024576425552368
242,2,0.8798828125,-0.0003662109375,0.2347005307674408,0.162353515625,0.7434896230697632
242,2,0.87890625,0.1773681640625,0.256103515625,0.39923095703125,0.4864909052848816
242,2,0.82861328125,0.4527587890625,0.3284505009651184,0.570526123046875,0.4586588740348816
242,2,0.81787109375,0.599639892578125,0.3243001103401184,0.68963623046875,0.4266356825828552
242,2,0.7197265625,0.68438720703125,0.34307861328125,0.74383544921875,0.3996988534927368
242,2,0.708984375,0.37615966796875,0.3297932744026184,0.44744873046875,0.4010416865348816
243,2,0.90478515625,0.7093505859375,0.3450521230697632,0.9981689453125,0.5994466543197632
243,2,0.8896484375,0.44744873046875,0.3306884765625,0.574127197265625,0.4673258662223816
243,2,0.84814453125,0.15960693359375,0.2578938901424408,0.39208984375,0.4988606870174408
243,2,0.833984375,0.601348876953125,0.329345703125,0.68914794921875,0.4302572011947632
243,2,0.74755859375,-0.0003662109375,0.302734375,0.12127685546875,0.7581380605697632
243,2,0.7451171875,0.371826171875,0.3294677734375,0.44256591796875,0.4061279296875
243,2,0.60791015625,0.6901397705078125,0.3469441533088684,0.74560546875,0.4032999873161316
243,2,0.50927734375,0.56304931640625,0.3299153447151184,0.607147216796875,0.3791911005973816
244,2,0.892578125,0.14141845703125,0.2510579228401184,0.3895263671875,0.502685546875
244,2,0.8720703125,0.445068359375,0.3330891728401184,0.571868896484375,0.470947265625
244,2,0.8662109375,0.7113037109375,0.342041015625,0.9991455078125,0.6012369394302368
244,2,0.85693359375,0.60284423828125,0.3281657099723816,0.69183349609375,0.4269409775733948
244,2,0.802734375,0.371307373046875,0.3309529423713684,0.447052001953125,0.4054564833641052
244,2,0.71826171875,0.694488525390625,0.3478800654411316,0.75262451171875,0.4054566025733948
244,2,0.705078125,-0.00018310546875,0.345703125,0.067169189453125,0.79638671875
245,2,0.8896484375,0.114013671875,0.2486165463924408,0.38543701171875,0.518798828125
245,2,0.88427734375,0.7122802734375,0.3444010019302368,0.99951171875,0.6158853769302368
245,2,0.88134765625,0.44580078125,0.3355712890625,0.571929931640625,0.4733479619026184
245,2,0.8427734375,0.608734130859375,0.3271484375,0.6962890625,0.4293212890625
245,2,0.80517578125,0.366424560546875,0.3341471552848816,0.45172119140625,0.4074299931526184
245,2,0.76318359375,0.696868896484375,0.3476359248161316,0.758636474609375,0.4091389775276184
246,2,0.87060546875,0.44512939453125,0.3408203125,0.576446533203125,0.4794921875
246,2,0.8671875,0.7169189453125,0.3482258915901184,0.999267578125,0.607666015625
246,2,0.86181640625,0.615264892578125,0.3316243290901184,0.702667236328125,0.4347330927848816
246,2,0.6884765625,0.37994384765625,0.3419189453125,0.449920654296875,0.4106851816177368
246,7,0.62890625,0.09954833984375,0.24755859375,0.3804931640625,0.5302734375
246,2,0.60498046875,0.70404052734375,0.3499552607536316,0.7655792236328125,0.4142048954963684
246,2,0.51611328125,0.5836181640625,0.3461100161075592,0.6128082275390625,0.3881632387638092
247,2,0.8857421875,0.72509765625,0.34521484375,0.998046875,0.5948893427848816
247,2,0.87353515625,0.619842529296875,0.3295491635799408,0.709991455078125,0.4325765073299408
247,2,0.85986328125,0.44622802734375,0.336181640625,0.57647705078125,0.4820149540901184
247,2,0.7431640625,0.377227783203125,0.3379313349723816,0.457611083984375,0.4123128056526184
247,2,0.662109375,0.709320068359375,0.3430582880973816,0.770416259765625,0.4107666611671448
247,2,0.64794921875,0.077880859375,0.2459309697151184,0.3778076171875,0.5406901240348816
248,2,0.86572265625,0.7252197265625,0.3499348759651184,0.9971923828125,0.597900390625
248,2,0.86474609375,0.626983642578125,0.3322346806526184,0.71905517578125,0.4378661513328552
248,2,0.853515625,0.45184326171875,0.3372802734375,0.5792236328125,0.4839680790901184
248,2,0.79248046875,0.0560302734375,0.2434081733226776,0.381103515625,0.5452473163604736
248,2,0.65869140625,0.379425048828125,0.3431396484375,0.452423095703125,0.4169515371322632
248,2,0.61767578125,0.552825927734375,0.3370564877986908,0.6042327880859375,0.4074300229549408
248,2,0.57421875,0.707061767578125,0.3459879755973816,0.7764892578125,0.4138794541358948
249,2,0.8642578125,0.7294921875,0.3518880009651184,0.998291015625,0.5926920771598816
249,2,0.85888671875,0.63311767578125,0.3330485224723816,0.725006103515625,0.4411213994026184
249,2,0.8076171875,0.45111083984375,0.33642578125,0.5806884765625,0.4881998896598816
249,2,0.7626953125,0.0343017578125,0.240966796875,0.365234375,0.5556640625
249,2,0.72900390625,0.38262939453125,0.3454386591911316,0.456146240234375,0.4193318486213684
249,2,0.650390625,0.717529296875,0.3495280146598816,0.7850341796875,0.4171753525733948
249,2,0.63427734375,0.5622711181640625,0.3525593876838684,0.6065521240234375,0.4119059443473816
250,2,0.8662109375,0.7354736328125,0.3463541865348816,0.9981689453125,0.60009765625
250,2,0.8505859375,0.6427001953125,0.3332112729549408,0.735748291015625,0.4447835385799408
250,2,0.80322265625,0.385772705078125,0.3402913212776184,0.46875,0.4190062880516052
250,2,0.76318359375,0.45751953125,0.3387858271598816,0.5850830078125,0.4720458984375
250,2,0.73828125,0.0048828125,0.236409530043602,0.3619384765625,0.5574544668197632
250,2,0.59814453125,0.565521240234375,0.3442789912223816,0.61407470703125,0.4098713994026184
250,2,0.51220703125,0.727691650390625,0.3531087040901184,0.787628173828125,0.4204711318016052
251,2,0.85595703125,0.459808349609375,0.3402506709098816,0.591552734375,0.4883626103401184
251,2,0.84765625,0.64874267578125,0.3319905400276184,0.744659423828125,0.4446207880973816
251,2,0.83935546875,0.39117431640625,0.3452555537223816,0.466461181640625,0.4219360947608948
251,2,0.83740234375,0.7440185546875,0.3506672978401184,0.99755859375,0.613525390625
251,2,0.8251953125,-0.000244140625,0.232340469956398,0.3587646484375,0.5812174081802368
251,2,0.65576171875,0.738067626953125,0.3550822138786316,0.793548583984375,0.4194539189338684
251,2,0.5810546875,0.5649871826171875,0.3421223759651184,0.6190185546875,0.4154052138328552
251,2,0.548828125,0.3339385986328125,0.3338215947151184,0.393402099609375,0.3818156123161316
252,2,0.91845703125,0.0,0.2252604067325592,0.357666015625,0.59033203125
252,2,0.91015625,0.655029296875,0.3280843198299408,0.75543212890625,0.4468587338924408
252,2,0.84912109375,0.75244140625,0.34521484375,0.99725341796875,0.6062825918197632
252,2,0.8408203125,0.393768310546875,0.341796875,0.47052001953125,0.4204915761947632
252,2,0.794921875,0.3245086669921875,0.33343505859375,0.3782958984375,0.3797403573989868
252,2,0.78955078125,0.462615966796875,0.3397623896598816,0.5938720703125,0.486572265625
252,2,0.6689453125,0.7442169189453125,0.3508504033088684,0.8031768798828125,0.4160155653953552
252,2,0.65576171875,0.571624755859375,0.3456624448299408,0.62371826171875,0.4148152768611908
253,2,0.939453125,0.0001220703125,0.2198893129825592,0.350830078125,0.619873046875
253,2,0.88037109375,0.662322998046875,0.3272705078125,0.7647705078125,0.447998046875
253,2,0.85205078125,0.7574462890625,0.3475748300552368,0.9989013671875,0.6359049081802368
253,2,0.8212890625,0.397979736328125,0.34130859375,0.4776611328125,0.4219970703125
253,2,0.7919921875,0.46563720703125,0.3412272334098816,0.600128173828125,0.4868977665901184
253,2,0.6875,0.580810546875,0.3461506962776184,0.630218505859375,0.4142252802848816
253,2,0.64306640625,0.7540283203125,0.3449300229549408,0.80712890625,0.4186604917049408
253,2,0.63623046875,0.313232421875,0.3317057192325592,0.358642578125,0.3847452700138092
254,2,0.890625,0.7677001953125,0.345703125,0.9984130859375,0.6346029043197632
254,2,0.87060546875,0.67047119140625,0.3262939453125,0.77642822265625,0.4556477665901184
254,2,0.86328125,0.0001220703125,0.2104492485523224,0.3468017578125,0.6229655742645264
254,2,0.79833984375,0.4013214111328125,0.3416748046875,0.483795166015625,0.4228719472885132
254,2,0.70947265625,0.470703125,0.3387044370174408,0.6070556640625,0.4646809995174408
254,2,0.5751953125,0.58258056640625,0.3413289189338684,0.63507080078125,0.4125975966453552
255,2,0.9267578125,0.000244140625,0.2044270634651184,0.34521484375,0.6417643427848816
255,2,0.90234375,0.781005859375,0.3479817509651184,0.999267578125,0.6359049081802368
255,2,0.87451171875,0.681396484375,0.32470703125,0.791473388671875,0.4585368037223816
255,2,0.83251953125,0.406005859375,0.34539794921875,0.49169921875,0.4248861074447632
255,2,0.8125,0.47772216796875,0.3380126953125,0.61541748046875,0.488037109375
255,2,0.6865234375,0.59356689453125,0.3458455204963684,0.6432037353515625,0.4103800654411316
256,2,0.9150390625,0.0003662109375,0.1977539360523224,0.338623046875,0.6593425273895264
256,2,0.88330078125,0.79962158203125,0.34619140625,0.99896240234375,0.6812337636947632
256,2,0.85400390625,0.688934326171875,0.3227131962776184,0.81109619140625,0.4603678584098816
256,2,0.83447265625,0.48211669921875,0.3353678286075592,0.62188720703125,0.4780680239200592
256,2,0.78759765625,0.409210205078125,0.3460286259651184,0.497344970703125,0.4297282099723816
256,2,0.6826171875,0.5972900390625,0.3392130732536316,0.6527099609375,0.4084473252296448
256,2,0.67041015625,0.3779449462890625,0.3318888545036316,0.4261016845703125,0.3742268681526184
257,2,0.92333984375,0.69464111328125,0.3227131962776184,0.82513427734375,0.4650065302848816
257,2,0.89208984375,0.00048828125,0.1925455927848816,0.33154296875,0.69287109375
257,2,0.88427734375,0.80548095703125,0.3463541865348816,0.99932861328125,0.6959635615348816
257,2,0.8115234375,0.410980224609375,0.348388671875,0.49688720703125,0.43603515625
257,2,0.75927734375,0.3577423095703125,0.3357137143611908,0.43145751953125,0.3792928159236908
257,2,0.59228515625,0.6078033447265625,0.3368937373161316,0.65643310546875,0.4113770127296448
257,2,0.55419921875,0.81768798828125,0.3407389521598816,0.877899169921875,0.4040120244026184
257,2,0.5498046875,0.677001953125,0.33502197265625,0.7122650146484375,0.397216796875
257,2,0.5009765625,0.4964599609375,0.33740234375,0.6512451171875,0.419921875
258,2,0.91259765625,0.0006103515625,0.1827799677848816,0.31982421875,0.71923828125
258,2,0.9091796875,0.703765869140625,0.324462890625,0.831787109375,0.46826171875
258,2,0.87890625,0.82366943359375,0.3502604365348816,0.999267578125,0.7311198115348816
258,2,0.82470703125,0.49603271484375,0.3390299379825592,0.637298583984375,0.4993082582950592
258,2,0.78466796875,0.4130859375,0.3534342646598816,0.498260498046875,0.4404297471046448
258,2,0.5859375,0.61004638671875,0.3346150517463684,0.6575469970703125,0.4109293818473816
258,2,0.546875,0.344329833984375,0.3372802734375,0.4393310546875,0.3831583261489868
259,2,0.90283203125,0.00048828125,0.1689453125,0.3125,0.7591145634651184
259,2,0.892578125,0.7103271484375,0.3194172978401184,0.84423828125,0.4735514521598816
259,2,0.873046875,0.41156005859375,0.3433023989200592,0.50677490234375,0.4408365786075592
259,2,0.75244140625,0.5008544921875,0.337158203125,0.64483642578125,0.4991862177848816
259,2,0.73779296875,0.8416748046875,0.3463541567325592,0.9998779296875,0.6826986074447632
259,2,0.66455078125,0.3203582763671875,0.3368327021598816,0.3811187744140625,0.3803303837776184
259,2,0.65283203125,0.676361083984375,0.329345703125,0.7333221435546875,0.3982950448989868
259,2,0.611328125,0.8260345458984375,0.3440755009651184,0.878814697265625,0.3939818739891052
259,2,0.5859375,0.6515045166015625,0.3247273564338684,0.6926727294921875,0.3690184950828552
259,2,0.5537109375,0.385955810546875,0.3334757685661316,0.433441162109375,0.3741658329963684
260,2,0.92236328125,-0.00018310546875,0.15283203125,0.3004150390625,0.8134765625
260,2,0.88037109375,0.408477783203125,0.3428955078125,0.513580322265625,0.4424642324447632
260,2,0.8642578125,0.5037841796875,0.3397623896598816,0.64996337890625,0.5006917119026184
260,2,0.85693359375,0.71746826171875,0.3216145932674408,0.85986328125,0.4812825620174408
260,2,0.80908203125,0.86187744140625,0.3621419370174408,0.998626708984375,0.6381021738052368
260,2,0.71142578125,0.2934722900390625,0.33734130859375,0.349700927734375,0.38592529296875
260,2,0.66455078125,0.6798858642578125,0.3323567509651184,0.7368927001953125,0.4005126357078552
260,2,0.56640625,0.6451568603515625,0.3265380859375,0.6869964599609375,0.37384033203125
260,2,0.5537109375,0.3860015869140625,0.33587646484375,0.4327392578125,0.3712158203125
260,2,0.5244140625,0.342315673828125,0.3399658203125,0.3866424560546875,0.3819986581802368
261,2,0.92822265625,-0.00018310546875,0.1399739682674408,0.2861328125,0.8450521230697632
261,2,0.89453125,0.717041015625,0.3192545771598816,0.87445068359375,0.490966796875
261,2,0.88427734375,0.403472900390625,0.3393147587776184,0.51312255859375,0.4395751357078552
261,2,0.796875,0.8870849609375,0.3611654043197632,0.99932861328125,0.65576171875
261,2,0.74951171875,0.677276611328125,0.33172607421875,0.7352294921875,0.3971964120864868
261,2,0.7333984375,0.258026123046875,0.3362223207950592,0.3348388671875,0.3869425356388092
261,2,0.71240234375,0.507080078125,0.3357747793197632,0.6533203125,0.5061849355697632
261,2,0.638671875,0.3814849853515625,0.3339436650276184,0.4250640869140625,0.3666178584098816
261,2,0.61767578125,0.321197509765625,0.3316243290901184,0.3745880126953125,0.3734130263328552
262,2,0.91748046875,-0.000244140625,0.1310221552848816,0.2705078125,0.85546875
262,2,0.90625,0.5086669921875,0.336181640625,0.65625,0.5078938603401184
262,2,0.8984375,0.715087890625,0.3173421025276184,0.88720703125,0.4912109375
262,2,0.87451171875,0.3985595703125,0.3375244140625,0.508636474609375,0.438720703125
262,2,0.8271484375,0.938629150390625,0.34661865234375,0.99951171875,0.4396158456802368
262,2,0.7900390625,0.6767578125,0.3294474184513092,0.7367706298828125,0.3952433168888092
262,2,0.7724609375,0.21929931640625,0.3289591670036316,0.306884765625,0.3858032822608948
262,2,0.60400390625,0.2973785400390625,0.3303019404411316,0.35089111328125,0.3760986924171448
262,2,0.5517578125,0.9173583984375,0.3478190302848816,1.0,0.6788737177848816
262,2,0.52392578125,0.373443603515625,0.32952880859375,0.4162445068359375,0.3617349863052368
263,2,0.89111328125,0.390777587890625,0.3298746943473816,0.505706787109375,0.4355061650276184
263,2,0.87060546875,-0.0003662109375,0.12548828125,0.255859375,0.8577473759651184
263,2,0.86279296875,0.72216796875,0.3129475712776184,0.90008544921875,0.494140625
263,2,0.802734375,0.510009765625,0.3335774540901184,0.65740966796875,0.5013834834098816
263,2,0.7939453125,0.933807373046875,0.3361409306526184,0.9991455078125,0.4354655146598816
263,2,0.78662109375,0.6740875244140625,0.3319295048713684,0.7314453125,0.3912963271141052
263,2,0.69189453125,0.264923095703125,0.3229777216911316,0.3275909423828125,0.3752644658088684
263,2,0.685546875,0.17401123046875,0.3227131962776184,0.273345947265625,0.3892619013786316
263,2,0.67041015625,0.48779296875,0.323974609375,0.55078125,0.3865966796875
264,2,0.890625,0.72735595703125,0.3101400136947632,0.91436767578125,0.5042318105697632
264,2,0.88134765625,0.38226318359375,0.33154296875,0.500732421875,0.4404703378677368
264,2,0.8447265625,-0.00030517578125,0.12011712789535522,0.2391357421875,0.921549379825592
264,2,0.8203125,0.93170166015625,0.3332112431526184,0.9991607666015625,0.4313151240348816
264,2,0.80126953125,0.143280029296875,0.3190511167049408,0.232177734375,0.3943684995174408
264,2,0.794921875,0.67144775390625,0.3321329653263092,0.727874755859375,0.3937784731388092
264,2,0.75390625,0.51092529296875,0.33203125,0.65985107421875,0.5096028447151184
264,2,0.697265625,0.4825897216796875,0.32452392578125,0.544281005859375,0.3889566659927368
264,2,0.69287109375,0.226776123046875,0.3317667841911316,0.3005828857421875,0.3763020634651184
264,2,0.5068359375,0.33734130859375,0.3297933042049408,0.385223388671875,0.3652547299861908
265,2,0.88818359375,0.7310791015625,0.3162434697151184,0.9302978515625,0.5111083984375
265,2,0.8720703125,0.37432861328125,0.3368326723575592,0.49725341796875,0.4490152895450592
265,2,0.84228515625,0.50933837890625,0.3328450322151184,0.665283203125,0.5135905146598816
265,2,0.84130859375,-0.00030517578125,0.1627604365348816,0.2178955078125,0.9000651240348816
265,2,0.78564453125,0.92962646484375,0.3352864384651184,1.000152587890625,0.4415282607078552
265,2,0.7373046875,0.19488525390625,0.3336384892463684,0.276885986328125,0.3834635615348816
265,2,0.7158203125,0.6681060791015625,0.3390299379825592,0.725921630859375,0.3965860903263092
265,2,0.68017578125,0.476348876953125,0.3292643427848816,0.540618896484375,0.3984578251838684
265,2,0.66015625,0.10162353515625,0.32470703125,0.186248779296875,0.409912109375
265,2,0.5810546875,0.262725830078125,0.3232218325138092,0.3280029296875,0.3684488832950592
266,2,0.916015625,0.365234375,0.3349202275276184,0.48895263671875,0.4517821669578552
266,2,0.9072265625,0.735595703125,0.3096517324447632,0.942626953125,0.5164388418197632
266,2,0.84765625,-0.00030517578125,0.21337896585464478,0.19696044921875,0.903645932674408
266,2,0.83935546875,0.5084228515625,0.3309733271598816,0.66632080078125,0.5077717900276184
266,2,0.7900390625,0.9296875,0.3367919921875,1.00030517578125,0.4390462636947632
266,2,0.75830078125,0.662933349609375,0.3377685546875,0.722503662109375,0.3938802480697632
266,2,0.69921875,0.47149658203125,0.3245646059513092,0.535797119140625,0.3991495668888092
266,2,0.6787109375,0.15447998046875,0.3306884765625,0.2394866943359375,0.3844400644302368
266,2,0.5390625,0.301055908203125,0.3341878056526184,0.38616943359375,0.3826293349266052
266,2,0.51806640625,0.70770263671875,0.3278605341911316,0.763427734375,0.4168294072151184
267,2,0.90771484375,0.3546142578125,0.3296305239200592,0.482421875,0.4515787661075592
267,2,0.88427734375,0.73681640625,0.3013509511947632,0.9493408203125,0.5071614980697632
267,2,0.83935546875,-0.00030517578125,0.23095709085464478,0.17791748046875,0.856770932674408
267,2,0.83935546875,0.50701904296875,0.325927734375,0.665283203125,0.4978840947151184
267,2,0.763671875,0.2806396484375,0.3302001953125,0.367645263671875,0.3808797597885132
267,2,0.75927734375,0.930908203125,0.3315022885799408,0.99945068359375,0.4273274838924408
267,2,0.73046875,0.658905029296875,0.3321940302848816,0.718597412109375,0.3966267704963684
267,2,0.67431640625,0.107421875,0.3221435546875,0.207855224609375,0.3853353261947632
267,2,0.640625,0.4651641845703125,0.3250529170036316,0.5311279296875,0.3929036259651184
267,2,0.53662109375,0.701629638671875,0.3258870542049408,0.7624053955078125,0.4165852963924408
268,2,0.8935546875,0.343902587890625,0.3312174379825592,0.47705078125,0.4530436098575592
268,2,0.87060546875,0.741455078125,0.2986654043197632,0.95745849609375,0.5149739980697632
268,2,0.8330078125,-0.0006103515625,0.27587890625,0.1566162109375,0.8798828125
268,2,0.814453125,0.50299072265625,0.323486328125,0.66375732421875,0.510009765625
268,2,0.81201171875,0.258453369140625,0.3294270634651184,0.349639892578125,0.3941039443016052
268,2,0.79638671875,0.9346923828125,0.3322347104549408,0.9994964599609375,0.4350179135799408
268,2,0.7470703125,0.45855712890625,0.32232666015625,0.5245361328125,0.396240234375
268,2,0.7001953125,0.6524200439453125,0.33648681640625,0.7113037109375,0.39447021484375
268,2,0.65869140625,0.694183349609375,0.3266398310661316,0.765625,0.4166260361671448
268,2,0.58984375,0.05291748046875,0.3296915888786316,0.164703369140625,0.3897297978401184
269,2,0.90283203125,0.3326416015625,0.3325602412223816,0.46978759765625,0.45947265625
269,2,0.88037109375,0.7398681640625,0.2950032353401184,0.9661865234375,0.517578125
269,2,0.8447265625,0.49755859375,0.327392578125,0.66217041015625,0.5078938603401184
269,2,0.8271484375,0.232818603515625,0.32958984375,0.322967529296875,0.3971964120864868
269,2,0.7294921875,0.684722900390625,0.3277587890625,0.765411376953125,0.4195352792739868
269,2,0.66552734375,0.451324462890625,0.3238118290901184,0.515045166015625,0.4025267958641052
269,2,0.658203125,-0.00048828125,0.3159180283546448,0.1324462890625,0.883138120174408
269,2,0.6513671875,0.640289306640625,0.3328857421875,0.707489013671875,0.3938394784927368
269,2,0.60107421875,0.937469482421875,0.330322265625,0.9998626708984375,0.4311929941177368
269,2,0.57958984375,0.00103759765625,0.32867431640625,0.12017822265625,0.3930867910385132
270,2,0.91259765625,0.3170166015625,0.337890625,0.45977783203125,0.4654133915901184
270,2,0.8857421875,0.73773193359375,0.301513671875,0.96820068359375,0.524658203125
270,2,0.81591796875,0.49395751953125,0.3330892324447632,0.66058349609375,0.5169271230697632
270,2,0.8056640625,0.19525146484375,0.33575439453125,0.292022705078125,0.4083251953125
270,2,0.76171875,0.684661865234375,0.3347575068473816,0.7626953125,0.4188435673713684
270,2,0.75732421875,-0.000274658203125,0.3331298828125,0.067352294921875,0.4080404043197632
270,2,0.7431640625,0.439971923828125,0.3335774540901184,0.513671875,0.4076334834098816
270,2,0.72509765625,-0.00048828125,0.3663736581802368,0.114990234375,0.9187825918197632
270,2,0.6689453125,0.63909912109375,0.3417765200138092,0.6968994140625,0.4127604067325592
270,2,0.61376953125,0.92144775390625,0.3086344301700592,0.999847412109375,0.4449869692325592
271,2,0.88720703125,0.7330322265625,0.2943521738052368,0.97119140625,0.5218912363052368
271,2,0.86474609375,0.30535888671875,0.3313801884651184,0.44671630859375,0.463134765625
271,2,0.837890625,0.675018310546875,0.32781982421875,0.756378173828125,0.4164632558822632
271,2,0.83642578125,0.138916015625,0.3232828676700592,0.2567138671875,0.4027506411075592
271,2,0.75927734375,0.49029541015625,0.3233642578125,0.653564453125,0.50439453125
271,2,0.7490234375,0.436492919921875,0.31982421875,0.507659912109375,0.3989664316177368
271,2,0.697265625,0.6333160400390625,0.3335367739200592,0.6923370361328125,0.3917643129825592
271,2,0.638671875,-0.0003662109375,0.2757161259651184,0.10052490234375,0.9212239384651184
271,2,0.6298828125,0.927764892578125,0.2974446415901184,0.999969482421875,0.4393717646598816
272,2,0.86181640625,0.729248046875,0.2574055790901184,0.978515625,0.4891764521598816
272,2,0.861328125,0.29620361328125,0.2958984375,0.4462890625,0.439453125
272,2,0.84326171875,0.671234130859375,0.294189453125,0.754669189453125,0.3822225332260132
272,2,0.81591796875,0.088623046875,0.2906901240348816,0.222991943359375,0.3812256455421448
272,2,0.77734375,0.41888427734375,0.2902425229549408,0.5029296875,0.3722127377986908
272,2,0.7685546875,0.4910888671875,0.2923176884651184,0.65399169921875,0.5006510615348816
272,2,0.69189453125,0.634674072265625,0.30096435546875,0.686370849609375,0.3606973886489868
272,2,0.646484375,-0.0003662109375,0.2770182490348816,0.09033203125,0.9121094346046448
272,2,0.63232421875,0.2154998779296875,0.29681396484375,0.272308349609375,0.3385823965072632
272,2,0.5576171875,0.9459686279296875,0.2961018681526184,0.9994354248046875,0.3946940302848816
273,2,0.9248046875,0.27874755859375,0.2831217348575592,0.43756103515625,0.4200846254825592
273,2,0.8818359375,0.724365234375,0.2422688603401184,0.97674560546875,0.485595703125
273,2,0.82958984375,0.662200927734375,0.2874755859375,0.7476806640625,0.36871337890625
273,2,0.8154296875,0.48126220703125,0.2801920473575592,0.6514892578125,0.4813639223575592
273,2,0.8037109375,0.00091552734375,0.2720947265625,0.17388916015625,0.3912353515625
273,2,0.73779296875,0.422698974609375,0.2776692509651184,0.498626708984375,0.3635050654411316
273,2,0.62451171875,0.627960205078125,0.2885335087776184,0.6801300048828125,0.3468016982078552
273,2,0.59326171875,0.2076873779296875,0.2862955927848816,0.260772705078125,0.3316243290901184
273,2,0.5859375,0.2668304443359375,0.2705891728401184,0.32977294921875,0.3317260146141052
273,2,0.54833984375,0.93426513671875,0.2533365786075592,0.999603271484375,0.3899332582950592
273,2,0.5,0.152130126953125,0.2831827700138092,0.21142578125,0.3365274965763092
274,2,0.9072265625,0.7255859375,0.2594401240348816,0.9837646484375,0.4973958134651184
274,2,0.87158203125,6.103515625e-05,0.2873128056526184,0.106781005859375,0.4193115234375
274,2,0.8662109375,0.2706298828125,0.3016764521598816,0.4327392578125,0.4521077275276184
274,2,0.84423828125,0.47821044921875,0.2991536259651184,0.6524658203125,0.48779296875
274,2,0.7734375,0.6612548828125,0.3057658076286316,0.7454833984375,0.3884277939796448
274,2,0.73974609375,0.2445831298828125,0.29290771484375,0.313873291015625,0.3628133535385132
274,2,0.6962890625,0.194183349609375,0.30328369140625,0.2462615966796875,0.3513997793197632
274,2,0.69287109375,0.415130615234375,0.2986246943473816,0.4909820556640625,0.3822224736213684
274,2,0.5517578125,0.101531982421875,0.306640625,0.1531982421875,0.3747965097427368
274,2,0.5498046875,0.6282196044921875,0.3097940981388092,0.679107666015625,0.3724772036075592
275,2,0.9052734375,0.25823974609375,0.3092448115348816,0.42626953125,0.4629719853401184
275,2,0.8798828125,0.7275390625,0.2642415165901184,0.9910888671875,0.5055338740348816
275,2,0.7998046875,0.405517578125,0.3074951171875,0.490203857421875,0.3929036855697632
275,2,0.7783203125,0.48089599609375,0.3026530146598816,0.65411376953125,0.4849446415901184
275,2,0.7138671875,0.664398193359375,0.3138630986213684,0.7445068359375,0.3966063857078552
275,2,0.6953125,0.001068115234375,0.2978108525276184,0.11053466796875,0.3855387568473816
275,2,0.60498046875,0.224609375,0.3007405400276184,0.2921142578125,0.3526000380516052
275,2,0.59521484375,0.6274566650390625,0.3162434995174408,0.6786651611328125,0.3871663510799408
275,2,0.53076171875,0.12982177734375,0.3166300654411316,0.1849365234375,0.3580933213233948
275,2,0.50244140625,-0.0001678466796875,0.3218587040901184,0.0253753662109375,0.4304198622703552
276,2,0.9208984375,0.2398681640625,0.3087565302848816,0.4156494140625,0.4663899540901184
276,2,0.90625,0.72119140625,0.2604166865348816,0.9862060546875,0.5017903447151184
276,2,0.87890625,0.47039794921875,0.3030598759651184,0.6468505859375,0.490966796875
276,2,0.78271484375,0.650360107421875,0.3131103515625,0.7291259765625,0.3964029550552368
276,2,0.76123046875,1.52587890625e-05,0.30853271484375,0.056915283203125,0.3885498046875
276,2,0.75927734375,0.179443359375,0.2981364130973816,0.27569580078125,0.3749592900276184
276,2,0.71435546875,0.3993682861328125,0.30560302734375,0.4835205078125,0.3938802480697632
276,2,0.56787109375,0.10986328125,0.31683349609375,0.181793212890625,0.3639119863510132
276,2,0.541015625,0.6197357177734375,0.3164469599723816,0.667877197265625,0.3654175400733948
277,2,0.8984375,0.466796875,0.349853515625,0.64697265625,0.531982421875
277,2,0.888671875,0.7181396484375,0.3080241084098816,0.986083984375,0.55322265625
277,2,0.8759765625,0.19024658203125,0.3473307490348816,0.4063720703125,0.5171712040901184
277,2,0.7783203125,0.1328125,0.3377278447151184,0.25189208984375,0.4304198622703552
277,2,0.73876953125,0.38568115234375,0.3505045771598816,0.47369384765625,0.4396362900733948
277,2,0.67431640625,0.651947021484375,0.3558146059513092,0.725372314453125,0.4383951723575592
278,2,0.927734375,0.21148681640625,0.383056640625,0.40313720703125,0.565185546875
278,2,0.90283203125,0.716064453125,0.3396810293197632,0.9847412109375,0.5850423574447632
278,2,0.87158203125,0.4652099609375,0.3804524540901184,0.6512451171875,0.572021484375
278,2,0.8251953125,0.076171875,0.369384765625,0.221435546875,0.4688720703125
278,2,0.8173828125,0.374053955078125,0.3806965947151184,0.47308349609375,0.4707438349723816
278,2,0.73681640625,0.6468505859375,0.3872884213924408,0.72698974609375,0.4720052182674408
279,2,0.89111328125,0.19451904296875,0.3758952021598816,0.39093017578125,0.5607503056526184
279,2,0.88818359375,0.45953369140625,0.3715006113052368,0.64617919921875,0.5777994394302368
279,2,0.88671875,0.7091064453125,0.333251953125,0.981201171875,0.5736491084098816
279,2,0.771484375,0.0286865234375,0.3575439453125,0.18499755859375,0.4697265625
279,2,0.71826171875,0.615509033203125,0.378173828125,0.72064208984375,0.46484375
279,2,0.6943359375,0.388763427734375,0.3707682192325592,0.4681396484375,0.4652506411075592
280,2,0.892578125,0.185302734375,0.3734537363052368,0.38812255859375,0.5561929941177368
280,2,0.87158203125,0.70745849609375,0.3271484375,0.975830078125,0.5690104365348816
280,2,0.7919921875,0.4583740234375,0.3693034052848816,0.64617919921875,0.582763671875
280,2,0.7685546875,0.3860321044921875,0.3659261167049408,0.466217041015625,0.4604085385799408
280,2,0.7421875,0.616455078125,0.372802734375,0.727874755859375,0.4602864980697632
280,2,0.6884765625,0.95269775390625,0.3700764775276184,0.999359130859375,0.4989013671875
280,2,0.6630859375,0.00030517578125,0.3517252802848816,0.14501953125,0.476806640625
281,2,0.90380859375,0.17254638671875,0.3541666865348816,0.38232421875,0.5408528447151184
281,2,0.8974609375,0.70538330078125,0.309326171875,0.9658203125,0.5667318105697632
281,2,0.8408203125,0.4542236328125,0.3456217646598816,0.64361572265625,0.5513508915901184
281,2,0.77587890625,0.630218505859375,0.3516845703125,0.726470947265625,0.4421793222427368
281,2,0.76025390625,0.3804931640625,0.3421630859375,0.46063232421875,0.4417724609375
281,2,0.734375,0.934356689453125,0.3508707880973816,0.99981689453125,0.4995930790901184
281,2,0.53857421875,-0.000213623046875,0.3279215693473816,0.09283447265625,0.4560139775276184
282,2,0.8818359375,0.6966552734375,0.2896321415901184,0.954833984375,0.5331217646598816
282,2,0.85888671875,0.15472412109375,0.331787109375,0.37347412109375,0.521484375
282,2,0.84814453125,0.44769287109375,0.3241373896598816,0.63995361328125,0.5157063603401184
282,2,0.7431640625,0.371551513671875,0.3269856572151184,0.456878662109375,0.4210204482078552
282,2,0.73193359375,0.626739501953125,0.3355305790901184,0.716156005859375,0.4201049208641052
282,2,0.61181640625,0.914886474609375,0.3218587040901184,0.999603271484375,0.4476725459098816
283,2,0.88427734375,0.6888427734375,0.2906087040901184,0.9437255859375,0.5406900644302368
283,2,0.8818359375,0.13671875,0.333984375,0.3602294921875,0.5330403447151184
283,2,0.8671875,0.438720703125,0.3251953125,0.6373291015625,0.5144856572151184
283,2,0.75390625,0.32708740234375,0.3269856870174408,0.4501953125,0.4213460385799408
283,2,0.69189453125,0.63458251953125,0.33404541015625,0.71295166015625,0.4205728769302368
283,2,0.57421875,-9.1552734375e-05,0.2717692255973816,0.08795166015625,0.4145100712776184
284,2,0.8984375,0.6824951171875,0.3025716543197632,0.9342041015625,0.5464681386947632
284,2,0.896484375,0.11798095703125,0.3458659052848816,0.351318359375,0.54931640625
284,2,0.86181640625,0.432861328125,0.3365072011947632,0.6361083984375,0.5528157949447632
284,2,0.72509765625,0.31549072265625,0.3280842900276184,0.4422607421875,0.4378661513328552
284,2,0.71826171875,0.59173583984375,0.3474934697151184,0.703155517578125,0.4289550185203552
284,2,0.69677734375,0.896392822265625,0.3171793520450592,0.997772216796875,0.4700113832950592
284,2,0.62451171875,3.0517578125e-05,0.3343302607536316,0.0492401123046875,0.4326985478401184
284,2,0.546875,0.0802154541015625,0.3493448793888092,0.1365966796875,0.3941446840763092
285,2,0.91357421875,0.0950927734375,0.3458659052848816,0.33917236328125,0.5530598759651184
285,2,0.89208984375,0.67401123046875,0.3011881709098816,0.9224853515625,0.5525716543197632
285,2,0.81640625,0.4210205078125,0.3408203125,0.62750244140625,0.5380045771598816
285,2,0.67919921875,0.061431884765625,0.350341796875,0.132781982421875,0.4004110097885132
285,2,0.63525390625,0.348846435546875,0.3319091796875,0.437896728515625,0.4393310546875
285,2,0.60498046875,0.602264404296875,0.3504841923713684,0.700225830078125,0.4353026747703552
285,2,0.59033203125,0.8865966796875,0.3388671875,0.970550537109375,0.4580078125
286,2,0.87841796875,0.07891845703125,0.34912109375,0.3309326171875,0.564453125
286,2,0.85400390625,0.6676025390625,0.3080240488052368,0.9219970703125,0.5538736581802368
286,2,0.8330078125,0.41363525390625,0.3424478769302368,0.62396240234375,0.5533853769302368
286,2,0.7841796875,0.347320556640625,0.3416748046875,0.434844970703125,0.4428304433822632
286,2,0.6875,0.058441162109375,0.35260009765625,0.12109375,0.4028726816177368
286,2,0.65478515625,0.58782958984375,0.350830078125,0.692474365234375,0.4384765625
286,2,0.6142578125,0.2891845703125,0.35430908203125,0.3587799072265625,0.4486490488052368
286,2,0.5205078125,0.873138427734375,0.318359375,0.9452972412109375,0.4556884765625
287,2,0.8896484375,0.0633544921875,0.3489583730697632,0.3251953125,0.5725911855697632
287,2,0.8662109375,0.6669921875,0.3107095956802368,0.91583251953125,0.5550943613052368
287,2,0.80615234375,0.40850830078125,0.3416340947151184,0.62237548828125,0.558837890625
287,2,0.720703125,0.34185791015625,0.3424479365348816,0.435211181640625,0.4462891221046448
287,2,0.7001953125,0.58843994140625,0.3562418818473816,0.694061279296875,0.4384358525276184
287,2,0.685546875,0.042755126953125,0.3529866337776184,0.11834716796875,0.4039916396141052
287,2,0.666015625,0.280548095703125,0.357177734375,0.346160888671875,0.451416015625
288,2,0.89208984375,0.049072265625,0.3452962040901184,0.3231201171875,0.575927734375
288,2,0.8798828125,0.66552734375,0.3033854365348816,0.9132080078125,0.5503743290901184
288,2,0.85400390625,0.40313720703125,0.340087890625,0.6217041015625,0.5544840693473816
288,2,0.771484375,0.58441162109375,0.3413899838924408,0.69464111328125,0.4333089292049408
288,2,0.71630859375,0.33868408203125,0.3365885317325592,0.430633544921875,0.4466959536075592
288,2,0.51708984375,0.034393310546875,0.3447469174861908,0.105010986328125,0.3992513120174408
289,2,0.90234375,0.0374755859375,0.341796875,0.3153076171875,0.5687662959098816
289,2,0.89501953125,0.6661376953125,0.3006184697151184,0.91168212890625,0.548095703125
289,2,0.84130859375,0.400146484375,0.3324381709098816,0.62060546875,0.5647786259651184
289,2,0.72509765625,0.5855712890625,0.3401285707950592,0.69488525390625,0.4374186098575592
289,2,0.71484375,0.336273193359375,0.3316650390625,0.436676025390625,0.4442952871322632
289,2,0.67431640625,0.022552490234375,0.3432210385799408,0.0832977294921875,0.3972371518611908
290,2,0.90234375,0.6663818359375,0.3014322519302368,0.916259765625,0.5485025644302368
290,2,0.9013671875,0.0247802734375,0.3408203125,0.31103515625,0.5746256709098816
290,2,0.83447265625,0.39666748046875,0.3370768427848816,0.62054443359375,0.556640625
290,2,0.724609375,0.589141845703125,0.3426106572151184,0.695648193359375,0.4396159052848816
290,2,0.64013671875,0.000823974609375,0.3409830629825592,0.071929931640625,0.4014078676700592
290,2,0.583984375,0.3326416015625,0.333740234375,0.44000244140625,0.4435628652572632
290,2,0.51123046875,0.262237548828125,0.3485514223575592,0.3443603515625,0.4504801332950592
291,2,0.9072265625,0.0096435546875,0.3361002206802368,0.30712890625,0.5738931894302368
291,2,0.900390625,0.667236328125,0.3018392324447632,0.919921875,0.5457357168197632
291,2,0.8447265625,0.3929443359375,0.3370767831802368,0.6199951171875,0.5585123300552368
291,2,0.666015625,0.588714599609375,0.3435465693473816,0.697418212890625,0.4399414658546448
291,2,0.5712890625,0.335662841796875,0.3382161259651184,0.42816162109375,0.4484049677848816
291,2,0.56640625,3.0517578125e-05,0.3394368290901184,0.0627899169921875,0.4080809950828552
291,2,0.50390625,-0.00030517578125,0.3387857675552368,0.0654296875,0.5404459238052368
292,2,0.9013671875,0.0003662109375,0.3358561396598816,0.3017578125,0.6087239980697632
292,2,0.8818359375,0.388916015625,0.3352864980697632,0.6212158203125,0.5547689199447632
292,2,0.845703125,0.6690673828125,0.3006998896598816,0.924072265625,0.5486653447151184
292,2,0.74658203125,0.33123779296875,0.3305257260799408,0.427459716796875,0.4464925229549408
292,2,0.697265625,0.589691162109375,0.3440144658088684,0.701507568359375,0.4348143935203552
292,2,0.54736328125,0.24786376953125,0.3465372920036316,0.341888427734375,0.4442952275276184
293,2,0.80078125,-0.00030517578125,0.2716471552848816,0.1839599609375,0.62353515625
293,2,0.67724609375,0.119140625,0.3395181894302368,0.298828125,0.5753580331802368
293,2,0.552734375,0.59228515625,0.3388671875,0.741943359375,0.4998372197151184
293,2,0.51953125,0.7855224609375,0.3006184697151184,0.92431640625,0.4326171875
293,2,0.5185546875,0.364593505859375,0.3467814326286316,0.429229736328125,0.4436035752296448
293,2,0.5048828125,0.24615478515625,0.3411458134651184,0.34454345703125,0.4317626357078552
294,2,0.88720703125,0.3275146484375,0.3417155146598816,0.5452880859375,0.5492756962776184
294,2,0.80517578125,-0.00042724609375,0.2693684697151184,0.15740966796875,0.6251627206802368
294,2,0.75732421875,0.518524169921875,0.3494465947151184,0.62445068359375,0.4819743037223816
294,2,0.74658203125,0.9482879638671875,0.4001057744026184,0.99932861328125,0.5234782099723816
294,2,0.73583984375,0.272491455078125,0.3199869692325592,0.4290771484375,0.4308268129825592
294,2,0.646484375,0.58026123046875,0.3433837890625,0.71466064453125,0.496826171875
294,2,0.63525390625,0.5294189453125,0.3077392578125,0.565277099609375,0.3428955078125
294,2,0.5810546875,0.4530487060546875,0.289306640625,0.5081787109375,0.3454385995864868
294,2,0.556640625,0.151275634765625,0.3278401494026184,0.247161865234375,0.4079996943473816
294,2,0.54736328125,0.70355224609375,0.3368937075138092,0.82318115234375,0.4020182192325592
294,2,0.5048828125,0.816131591796875,0.3026936948299408,0.91656494140625,0.3990071713924408
295,2,0.89453125,0.4940185546875,0.3406575322151184,0.6873779296875,0.488525390625
295,2,0.89111328125,0.3033447265625,0.3394368886947632,0.5225830078125,0.5603841543197632
295,2,0.8076171875,-0.000152587890625,0.2692057490348816,0.13153076171875,0.61962890625
295,2,0.80322265625,0.0828857421875,0.3240966796875,0.212066650390625,0.4352213144302368
295,2,0.775390625,0.2501220703125,0.3185221552848816,0.39337158203125,0.4273274540901184
295,2,0.755859375,0.681610107421875,0.33447265625,0.767181396484375,0.41912841796875
295,2,0.73876953125,0.75054931640625,0.3340250551700592,0.81964111328125,0.3937784731388092
295,2,0.69677734375,0.9234619140625,0.35009765625,0.99951171875,0.5215657353401184
295,2,0.625,0.5292816162109375,0.3066813051700592,0.562957763671875,0.3405558168888092
295,2,0.54541015625,0.443572998046875,0.286376953125,0.5063629150390625,0.3670450448989868
296,2,0.9091796875,0.27435302734375,0.3338215947151184,0.49920654296875,0.595947265625
296,2,0.90771484375,0.473388671875,0.3448893129825592,0.659912109375,0.4955240786075592
296,2,0.90478515625,0.000244140625,0.2784830927848816,0.09954833984375,0.6389974355697632
296,2,0.86181640625,0.902435302734375,0.3535969853401184,0.998504638671875,0.5076090693473816
296,2,0.83447265625,0.20654296875,0.3188069760799408,0.36175537109375,0.4314778745174408
296,2,0.78369140625,0.669891357421875,0.3347574770450592,0.763824462890625,0.4183756411075592
296,2,0.763671875,0.75030517578125,0.3321329653263092,0.8191680908203125,0.3962198793888092
296,2,0.70947265625,0.05035400390625,0.3203938901424408,0.1700592041015625,0.4356282651424408
296,2,0.63427734375,0.5318603515625,0.3064168095588684,0.5676727294921875,0.3450927138328552
297,2,0.91259765625,0.44342041015625,0.3436686098575592,0.6302490234375,0.4913736879825592
297,2,0.89501953125,0.2451171875,0.3445638418197632,0.4697265625,0.5796712636947632
297,2,0.81787109375,0.74951171875,0.333984375,0.81951904296875,0.3961995840072632
297,2,0.802734375,0.88311767578125,0.3313802480697632,0.99920654296875,0.5086263418197632
297,2,0.78759765625,0.667510986328125,0.3351237177848816,0.761444091796875,0.4193318486213684
297,2,0.72998046875,-6.103515625e-05,0.29833984375,0.063018798828125,0.6245931386947632
297,2,0.7265625,0.1710205078125,0.3168131411075592,0.3258056640625,0.4298502504825592
297,2,0.6943359375,0.0286865234375,0.3262532353401184,0.13079833984375,0.4404296278953552
297,2,0.6865234375,0.532958984375,0.30804443359375,0.5674285888671875,0.3441162109375
297,2,0.626953125,0.640960693359375,0.3287353515625,0.6778564453125,0.3663533926010132
297,2,0.5849609375,0.6029205322265625,0.33087158203125,0.6425933837890625,0.3731689453125
298,2,0.890625,0.4183349609375,0.3404948115348816,0.6005859375,0.4881591796875
298,2,0.88525390625,0.21234130859375,0.3417155146598816,0.4407958984375,0.5745442509651184
298,2,0.84423828125,0.12774658203125,0.31298828125,0.2947998046875,0.4269613027572632
298,2,0.7939453125,0.66644287109375,0.3316650390625,0.75543212890625,0.41741943359375
298,2,0.74951171875,0.001678466796875,0.3223470151424408,0.09039306640625,0.4336751401424408
298,2,0.7001953125,0.5391693115234375,0.30865478515625,0.5679779052734375,0.3418172597885132
298,2,0.69775390625,0.7502593994140625,0.3336181640625,0.821929931640625,0.4051717519760132
298,2,0.697265625,0.60125732421875,0.3229777216911316,0.650543212890625,0.3704224228858948
298,2,0.6591796875,0.86712646484375,0.3494465947151184,0.977508544921875,0.5047607421875
298,2,0.59765625,0.6436004638671875,0.3249104619026184,0.6800689697265625,0.3681437373161316
298,2,0.5361328125,0.393096923828125,0.3249308168888092,0.441986083984375,0.3674112856388092
299,2,0.876953125,0.1826171875,0.3399251103401184,0.41375732421875,0.5560302734375
299,2,0.8720703125,0.08660888671875,0.3111572265625,0.252197265625,0.4243978261947632
299,2,0.83935546875,0.33074951171875,0.3246663212776184,0.57366943359375,0.481689453125
299,2,0.80908203125,0.67242431640625,0.33349609375,0.763946533203125,0.4160970449447632
299,2,0.76611328125,-3.0517578125e-05,0.3187662661075592,0.0518798828125,0.4374186098575592
299,2,0.75634765625,0.7579193115234375,0.3334554135799408,0.827911376953125,0.3947957456111908
299,2,0.7373046875,0.5466461181640625,0.3038737177848816,0.5801544189453125,0.3391926884651184
299,0,0.732421875,0.88916015625,0.2998046875,0.999725341796875,0.6666666269302368
299,2,0.583984375,0.6114044189453125,0.3279622197151184,0.654571533203125,0.3669230341911316
300,2,0.89208984375,0.32318115234375,0.3224284052848816,0.54608154296875,0.480224609375
300,2,0.8720703125,0.1513671875,0.3308919668197632,0.3863525390625,0.5601400136947632
300,2,0.80126953125,0.0523681640625,0.3101806640625,0.2174072265625,0.42236328125
300,2,0.79296875,0.6842041015625,0.3295491635799408,0.7745361328125,0.4144490659236908
300,2,0.75537109375,0.765380859375,0.3354085385799408,0.840728759765625,0.3912557065486908
300,2,0.74658203125,0.5599517822265625,0.3043416440486908,0.5935211181640625,0.3378499448299408
300,0,0.740234375,0.85614013671875,0.2945963740348816,0.98876953125,0.6416829824447632
300,2,0.62841796875,0.628875732421875,0.3261515200138092,0.6686553955078125,0.3657023012638092
300,2,0.6025390625,0.462005615234375,0.2825724482536316,0.534271240234375,0.3678792119026184
300,2,0.50732421875,0.6104888916015625,0.3067423701286316,0.64019775390625,0.3454590439796448
301,2,0.86474609375,0.32769775390625,0.3232828676700592,0.5277099609375,0.4715982973575592
301,0,0.857421875,0.82904052734375,0.2954915165901184,0.953125,0.6442056894302368
301,2,0.85693359375,0.125732421875,0.3314615488052368,0.36737060546875,0.5487467050552368
301,2,0.82958984375,0.7027587890625,0.3273518681526184,0.791168212890625,0.4087523818016052
301,2,0.7705078125,0.7905120849609375,0.3333536684513092,0.862518310546875,0.3946329653263092
301,2,0.76416015625,0.02239990234375,0.2939453125,0.1903076171875,0.4216715693473816
301,2,0.64892578125,0.5792236328125,0.3025715947151184,0.612335205078125,0.3355712294578552
301,2,0.61328125,0.6439056396484375,0.3211873173713684,0.688323974609375,0.3638305068016052
301,2,0.5830078125,0.483306884765625,0.2787272334098816,0.551116943359375,0.3720296025276184
302,2,0.90625,0.30841064453125,0.3221842646598816,0.51275634765625,0.4729817509651184
302,2,0.869140625,0.101318359375,0.3277181386947632,0.34564208984375,0.5525716543197632
302,0,0.8525390625,0.80712890625,0.2941080927848816,0.934234619140625,0.6494140625
302,2,0.8017578125,0.728912353515625,0.3250732421875,0.818939208984375,0.4077554941177368
302,2,0.73779296875,0.000244140625,0.2956135869026184,0.17376708984375,0.4200846552848816
302,2,0.6962890625,0.6055755615234375,0.3008626103401184,0.636810302734375,0.3345336318016052
302,2,0.61767578125,0.66748046875,0.323486328125,0.7158050537109375,0.3638712167739868
302,2,0.5439453125,0.5067138671875,0.2779541015625,0.577850341796875,0.368896484375
303,2,0.9267578125,0.29840087890625,0.3181559443473816,0.4976806640625,0.4710693359375
303,2,0.892578125,0.07818603515625,0.3219401240348816,0.3265380859375,0.5489094853401184
303,2,0.78515625,0.76153564453125,0.3261311650276184,0.848052978515625,0.4112955927848816
303,0,0.7685546875,0.796630859375,0.2958170175552368,0.924072265625,0.6500650644302368
303,2,0.712890625,0.471405029296875,0.31903076171875,0.5366363525390625,0.3692220449447632
303,2,0.650390625,0.698150634765625,0.3206583857536316,0.7507781982421875,0.3629963994026184
303,3,0.5986328125,0.79736328125,0.3160807490348816,1.0001220703125,0.7301432490348816
303,2,0.59765625,0.636016845703125,0.3003132939338684,0.667266845703125,0.3320311903953552
303,7,0.541015625,0.53765869140625,0.2718099057674408,0.6085968017578125,0.3694661557674408
304,2,0.9140625,0.2821044921875,0.3169352412223816,0.48944091796875,0.4664306640625
304,0,0.88134765625,0.787353515625,0.2928873896598816,0.909332275390625,0.63818359375
304,2,0.8505859375,0.0599365234375,0.3186848759651184,0.31121826171875,0.547607421875
304,2,0.71044921875,0.508636474609375,0.3185221552848816,0.5712890625,0.3708088994026184
304,3,0.64306640625,0.8074951171875,0.3214518427848816,0.99957275390625,0.7279459834098816
304,2,0.611328125,0.7348785400390625,0.3163655400276184,0.795379638671875,0.3599650263786316
304,5,0.6064453125,0.57403564453125,0.27197265625,0.6452178955078125,0.3716226816177368
304,2,0.52490234375,0.672943115234375,0.302490234375,0.7071075439453125,0.3349202871322632
304,2,0.5029296875,0.451080322265625,0.3194172978401184,0.515716552734375,0.3607584834098816
305,2,0.90625,0.2696533203125,0.3152262270450592,0.482177734375,0.4680582582950592
305,2,0.857421875,0.043701171875,0.30908203125,0.29449462890625,0.53955078125
305,0,0.8525390625,0.77117919921875,0.2900390625,0.89996337890625,0.6344400644302368
305,2,0.7685546875,0.547149658203125,0.3172810673713684,0.611328125,0.3703612685203552
305,3,0.71337890625,0.79901123046875,0.3722330629825592,0.99932861328125,0.7263997793197632
305,5,0.708984375,0.61370849609375,0.2663167119026184,0.68890380859375,0.3699950575828552
305,2,0.65625,0.000213623046875,0.2872314453125,0.1055908203125,0.4071451425552368
305,2,0.53564453125,0.4566650390625,0.3173421025276184,0.554931640625,0.3667601943016052
306,2,0.91845703125,0.272216796875,0.322509765625,0.477783203125,0.4691569209098816
306,0,0.802734375,0.772186279296875,0.2859700322151184,0.919921875,0.68212890625
306,2,0.77734375,0.0003662109375,0.2921549677848816,0.2791748046875,0.541015625
306,2,0.73583984375,0.583526611328125,0.3236897587776184,0.666717529296875,0.3796793818473816
306,5,0.6875,0.65228271484375,0.2753092348575592,0.734130859375,0.3776041567325592
306,3,0.67138671875,0.78936767578125,0.31005859375,0.99945068359375,0.7392578125
306,2,0.6416015625,0.498748779296875,0.3233642578125,0.558258056640625,0.3737996816635132
306,2,0.6142578125,0.434295654296875,0.3194580078125,0.512786865234375,0.3716024160385132
306,2,0.541015625,0.54840087890625,0.3237508237361908,0.593475341796875,0.3678792417049408
307,2,0.92431640625,0.254638671875,0.3212077021598816,0.4742431640625,0.471923828125
307,0,0.8388671875,0.77294921875,0.302978515625,0.907257080078125,0.6295572519302368
307,2,0.78662109375,0.006591796875,0.307861328125,0.2650146484375,0.52978515625
307,5,0.71435546875,0.701171875,0.2786458134651184,0.78253173828125,0.3827311396598816
307,2,0.69384765625,0.473876953125,0.3209228515625,0.532012939453125,0.3730875253677368
307,2,0.6884765625,0.629608154296875,0.3273722529411316,0.69586181640625,0.3818359971046448
307,3,0.64892578125,0.76171875,0.31640625,0.99951171875,0.7379556894302368
307,2,0.6337890625,0.54254150390625,0.3260498046875,0.63238525390625,0.3789876699447632
308,2,0.8818359375,0.24774169921875,0.3185221254825592,0.47259521484375,0.4686686098575592
308,0,0.84765625,0.7720947265625,0.2923990488052368,0.89849853515625,0.6271158456802368
308,2,0.83984375,0.0009765625,0.3006998300552368,0.25286865234375,0.5214029550552368
308,2,0.70654296875,0.516021728515625,0.318603515625,0.5802154541015625,0.3730672597885132
308,2,0.6962890625,0.586212158203125,0.3232625126838684,0.6768798828125,0.3767496943473816
308,2,0.67041015625,0.6823272705078125,0.32293701171875,0.744598388671875,0.3801676034927368
308,3,0.568359375,0.7828369140625,0.3590494692325592,0.99932861328125,0.7325032949447632
309,2,0.89892578125,0.23760986328125,0.3175048828125,0.47711181640625,0.4748942255973816
309,2,0.853515625,-6.103515625e-05,0.2684733271598816,0.242919921875,0.5462239980697632
309,0,0.7666015625,0.77764892578125,0.303955078125,0.90325927734375,0.62451171875
309,2,0.71826171875,0.7369842529296875,0.332275390625,0.797454833984375,0.3863729238510132
309,3,0.68408203125,0.7781982421875,0.3152669668197632,0.9990234375,0.73291015625
309,2,0.66552734375,0.563812255859375,0.3204752802848816,0.63800048828125,0.3763020634651184
309,2,0.6123046875,0.638641357421875,0.3244832158088684,0.7398681640625,0.3816527724266052
310,2,0.91748046875,0.245361328125,0.3208821415901184,0.48199462890625,0.47705078125
310,2,0.890625,-6.103515625e-05,0.2647298574447632,0.2393798828125,0.5432943105697632
310,0,0.82763671875,0.79229736328125,0.2891438603401184,0.915191650390625,0.64404296875
310,2,0.67333984375,0.61767578125,0.3283488154411316,0.687652587890625,0.3855183720588684
310,2,0.64599609375,0.6929931640625,0.3343912959098816,0.79986572265625,0.3933106064796448
310,3,0.6416015625,0.80194091796875,0.3525390625,0.99957275390625,0.7771810293197632
311,2,0.87353515625,0.2503662109375,0.3228759765625,0.48974609375,0.4781087040901184
311,2,0.86865234375,-6.103515625e-05,0.2723795771598816,0.2310791015625,0.5388997793197632
311,0,0.85546875,0.80352783203125,0.2835286259651184,0.92974853515625,0.6446939706802368
311,2,0.71875,0.673431396484375,0.3267822265625,0.745880126953125,0.3906656503677368
311,3,0.66259765625,0.80499267578125,0.3196614682674408,0.99993896484375,0.7723795175552368
311,2,0.64501953125,0.751739501953125,0.3351847529411316,0.819610595703125,0.3944295048713684
312,2,0.921875,0.262939453125,0.3164876103401184,0.50250244140625,0.4703369140625
312,0,0.8408203125,0.82708740234375,0.2828776240348816,0.95513916015625,0.64794921875
312,2,0.80322265625,0.000732421875,0.2813314199447632,0.23577880859375,0.5237630605697632
312,2,0.76953125,0.737274169921875,0.3287760317325592,0.8138427734375,0.3910929262638092
313,2,0.919921875,0.2744140625,0.3334147334098816,0.5137939453125,0.4900715947151184
313,0,0.8095703125,0.84930419921875,0.30322265625,0.9920654296875,0.6912435293197632
313,2,0.73681640625,0.002197265625,0.2967122197151184,0.246826171875,0.5231119990348816
313,2,0.71630859375,0.806396484375,0.3500162959098816,0.8659210205078125,0.4162598252296448
314,2,0.921875,0.27764892578125,0.3604736328125,0.5216064453125,0.52197265625
314,2,0.88818359375,0.004150390625,0.3394368290901184,0.24554443359375,0.560546875
314,0,0.5859375,0.86370849609375,0.33544921875,0.999359130859375,0.7291666269302368
314,2,0.541015625,-3.0517578125e-05,0.3218587338924408,0.048553466796875,0.4254964292049408
315,2,0.921875,0.279541015625,0.3536783456802368,0.52618408203125,0.5195719003677368
315,2,0.91015625,0.0047607421875,0.331787109375,0.24652099609375,0.550537109375
315,0,0.81982421875,0.8707275390625,0.3317057490348816,0.999237060546875,0.7267252802848816
316,2,0.88427734375,0.28369140625,0.3367512822151184,0.531494140625,0.4970703125
316,2,0.85546875,0.01220703125,0.3145344853401184,0.248779296875,0.53369140625
316,0,0.7333984375,0.8665771484375,0.3216145932674408,0.999359130859375,0.7233072519302368
317,2,0.8818359375,0.0093994140625,0.3060709834098816,0.2503662109375,0.5257161259651184
317,2,0.77001953125,0.2894287109375,0.3229573667049408,0.53094482421875,0.4922688901424408
317,0,0.76953125,0.855224609375,0.3147786557674408,0.99932861328125,0.7042642831802368
318,2,0.83984375,0.001953125,0.30712890625,0.23614501953125,0.542724609375
318,2,0.80419921875,0.2281494140625,0.3277180790901184,0.53271484375,0.498291015625
318,0,0.740234375,0.83819580078125,0.3097330331802368,1.0,0.7021484375
319,2,0.876953125,0.2523193359375,0.32763671875,0.51361083984375,0.485595703125
319,0,0.861328125,0.81170654296875,0.3133138120174408,0.9776611328125,0.7115885019302368
319,2,0.83935546875,0.00048828125,0.3026530146598816,0.22161865234375,0.5235188603401184
320,2,0.896484375,0.233642578125,0.3247477412223816,0.5010986328125,0.4849446415901184
320,0,0.85400390625,0.7923583984375,0.30419921875,0.95135498046875,0.7138671875
320,2,0.8447265625,0.0003662109375,0.30224609375,0.20001220703125,0.5272623896598816
321,0,0.88818359375,0.7747802734375,0.3133138120174408,0.919677734375,0.7184244394302368
321,2,0.857421875,0.0,0.2958170175552368,0.1744384765625,0.5250650644302368
321,2,0.84912109375,0.2232666015625,0.3228759765625,0.486328125,0.48779296875
321,3,0.83984375,0.7811279296875,0.3333333432674408,0.99945068359375,0.8109537363052368
321,0,0.70703125,0.476043701171875,0.32427978515625,0.51324462890625,0.439208984375
321,0,0.6123046875,0.6362762451171875,0.3246663212776184,0.66778564453125,0.4513346552848816
321,0,0.546875,0.6120758056640625,0.3248494267463684,0.6417999267578125,0.4484049677848816
322,2,0.8974609375,0.1959228515625,0.3180338740348816,0.4718017578125,0.48779296875
322,3,0.890625,0.7752685546875,0.33203125,0.99993896484375,0.8092447519302368
322,2,0.83642578125,-6.103515625e-05,0.288330078125,0.14862060546875,0.5137532353401184
322,0,0.794921875,0.756591796875,0.330078125,0.90838623046875,0.6930338144302368
322,0,0.63232421875,0.509185791015625,0.3236897885799408,0.5543670654296875,0.4411214292049408
322,0,0.576171875,0.57110595703125,0.3204752802848816,0.62493896484375,0.4554036259651184
322,2,0.50439453125,0.14581298828125,0.3144124150276184,0.27801513671875,0.3905028700828552
323,0,0.90771484375,0.7548828125,0.30322265625,0.89459228515625,0.7394205331802368
323,2,0.90625,0.189208984375,0.3108723759651184,0.4661865234375,0.47900390625
323,2,0.8671875,-6.103515625e-05,0.281982421875,0.11834716796875,0.5193684697151184
323,3,0.6328125,0.75238037109375,0.33203125,0.999267578125,0.8067220449447632
323,9,0.5322265625,0.7530364990234375,0.1719970703125,0.80120849609375,0.2685546875
324,2,0.89892578125,0.1788330078125,0.3046061396598816,0.4656982421875,0.4750569462776184
324,0,0.86328125,0.757568359375,0.2932943105697632,0.89117431640625,0.7236328125
324,2,0.86181640625,0.000152587890625,0.2730305790901184,0.100067138671875,0.5008952021598816
324,3,0.83642578125,0.802490234375,0.3211263120174408,1.0,0.7960611581802368
325,2,0.8984375,0.1668701171875,0.3062337040901184,0.4627685546875,0.483154296875
325,2,0.83935546875,-3.0517578125e-05,0.2666829526424408,0.081207275390625,0.4998372495174408
325,0,0.7734375,0.766937255859375,0.3084310293197632,0.9078369140625,0.73779296875
325,3,0.67138671875,0.8079833984375,0.3206380009651184,1.00018310546875,0.8069661259651184
325,2,0.65283203125,0.128173828125,0.3074747920036316,0.2335205078125,0.3786213994026184
325,0,0.525390625,0.7813568115234375,0.3230184018611908,0.8234710693359375,0.4615071713924408
326,2,0.91943359375,0.16552734375,0.3152262270450592,0.46142578125,0.4925943911075592
326,0,0.82373046875,0.782684326171875,0.3710123598575592,0.91400146484375,0.7112630605697632
326,2,0.6865234375,-6.103515625e-05,0.26953125,0.067230224609375,0.508056640625
327,2,0.875,0.176025390625,0.305419921875,0.47314453125,0.484619140625
327,0,0.79931640625,0.805938720703125,0.3134765625,0.9459228515625,0.7102864980697632
327,2,0.787109375,-0.00018310546875,0.27001953125,0.054901123046875,0.4989420771598816
328,2,0.888671875,0.1856689453125,0.2977701723575592,0.4891357421875,0.4808756411075592
328,0,0.80908203125,0.8385009765625,0.30517578125,0.99591064453125,0.7000325918197632
328,2,0.77294921875,-0.00030517578125,0.25830078125,0.067047119140625,0.4663899540901184
329,2,0.88671875,-0.000152587890625,0.2562662661075592,0.084228515625,0.4637857973575592
329,2,0.86865234375,0.2242431640625,0.3033854067325592,0.5162353515625,0.4881998598575592
329,0,0.69091796875,0.891754150390625,0.310546875,0.999420166015625,0.7179361581802368
329,2,0.5166015625,0.0001220703125,0.4552408456802368,0.5908203125,0.9788411855697632
330,2,0.92578125,0.2598876953125,0.3155924677848816,0.545166015625,0.50146484375
330,2,0.890625,-0.000244140625,0.254638671875,0.11370849609375,0.4679362177848816
331,2,0.87890625,-0.00030517578125,0.2630208432674408,0.16326904296875,0.4805501401424408
331,2,0.87060546875,0.3140869140625,0.3306477665901184,0.5919189453125,0.5223795771598816
332,2,0.916015625,0.373046875,0.34033203125,0.6480712890625,0.5347493290901184
332,2,0.84423828125,0.0,0.2708740234375,0.22705078125,0.4820963740348816
333,2,0.9013671875,0.4456787109375,0.3526204824447632,0.717529296875,0.5493978261947632
333,2,0.62744140625,0.00244140625,0.2987467646598816,0.3009033203125,0.4915364384651184
334,2,0.90771484375,0.52294921875,0.3721516728401184,0.7904052734375,0.56689453125
334,2,0.84814453125,0.20916748046875,0.3201090693473816,0.37860107421875,0.4991047978401184
334,2,0.79833984375,0.0242919921875,0.2738851010799408,0.17510986328125,0.4200032651424408
335,2,0.9150390625,0.587890625,0.3729655146598816,0.85504150390625,0.5703938603401184
335,2,0.90478515625,0.2781982421875,0.3210856020450592,0.44366455078125,0.4960123598575592
335,2,0.8310546875,0.125732421875,0.2785237431526184,0.25299072265625,0.4136962890625
335,2,0.75,0.028167724609375,0.28857421875,0.13494873046875,0.3892415761947632
335,2,0.52490234375,7.62939453125e-05,0.2585856318473816,0.035125732421875,0.388427734375
336,2,0.9052734375,0.635009765625,0.3720703125,0.908203125,0.576171875
336,2,0.86279296875,0.3353271484375,0.317138671875,0.49078369140625,0.4953206181526184
336,2,0.83740234375,0.19866943359375,0.2873942255973816,0.315582275390625,0.4165852665901184
336,2,0.83203125,0.07257080078125,0.2914631962776184,0.20501708984375,0.3896891474723816
336,2,0.59375,1.52587890625e-05,0.2521158754825592,0.07489013671875,0.3967691957950592
336,2,0.53173828125,0.4709320068359375,0.3337198793888092,0.5112457275390625,0.3829142153263092
337,2,0.9013671875,0.67156982421875,0.37890625,0.9464111328125,0.5847981572151184
337,2,0.84423828125,0.242431640625,0.3007405400276184,0.35601806640625,0.4222411513328552
337,2,0.77099609375,0.37762451171875,0.3275960385799408,0.5274658203125,0.4988606870174408
337,2,0.62890625,0.138580322265625,0.3067423701286316,0.2173309326171875,0.3879395127296448
337,2,0.609375,-0.0001220703125,0.2495116889476776,0.08648681640625,0.6389973163604736
337,2,0.5439453125,0.088226318359375,0.29248046875,0.2008056640625,0.386474609375
337,2,0.53271484375,0.000885009765625,0.2666015625,0.097991943359375,0.4087727665901184
337,2,0.51416015625,0.5032958984375,0.3431193232536316,0.544464111328125,0.3874512314796448
337,2,0.50537109375,0.1990509033203125,0.307861328125,0.236724853515625,0.3422445058822632
338,2,0.91259765625,0.694091796875,0.3722330927848816,0.9676513671875,0.5857747197151184
338,2,0.86279296875,0.274810791015625,0.302978515625,0.38616943359375,0.4202880859375
338,2,0.8251953125,-6.103515625e-05,0.2127278447151184,0.130615234375,0.6276041865348816
338,2,0.81591796875,0.40325927734375,0.3319905698299408,0.54852294921875,0.4976399838924408
338,2,0.7216796875,0.0872802734375,0.2897135615348816,0.232757568359375,0.3944092392921448
338,2,0.541015625,0.5248260498046875,0.3410440981388092,0.56756591796875,0.3894449770450592
338,2,0.513671875,0.223907470703125,0.3128458559513092,0.25830078125,0.3422037661075592
339,2,0.91845703125,0.71240234375,0.3709309697151184,0.98388671875,0.5787760615348816
339,2,0.873046875,0.4195556640625,0.3334553837776184,0.56329345703125,0.4884440302848816
339,2,0.87158203125,0.298858642578125,0.3025309145450592,0.406005859375,0.4148356020450592
339,2,0.75537109375,0.12261962890625,0.2992350161075592,0.2352294921875,0.3975016176700592
339,2,0.71630859375,0.23199462890625,0.3102824091911316,0.2758026123046875,0.3419190049171448
339,2,0.6962890625,-0.0006103515625,0.193196639418602,0.172119140625,0.6717122793197632
340,2,0.916015625,0.43231201171875,0.3251139521598816,0.573760986328125,0.485595703125
340,2,0.9052734375,0.7203369140625,0.36376953125,0.9935302734375,0.5686848759651184
340,2,0.80322265625,0.31817626953125,0.3040364682674408,0.4212646484375,0.4124349057674408
340,2,0.794921875,-0.00018310546875,0.1806640625,0.20849609375,0.654296875
340,2,0.755859375,0.13946533203125,0.2936198115348816,0.230743408203125,0.3963215947151184
340,2,0.59326171875,0.235595703125,0.3116455078125,0.285247802734375,0.33880615234375
341,2,0.91259765625,0.7274169921875,0.3603515625,0.9920654296875,0.5580241084098816
341,2,0.9072265625,0.44091796875,0.3259684145450592,0.57843017578125,0.4786783754825592
341,2,0.8818359375,0.329132080078125,0.3067626953125,0.43115234375,0.4052327871322632
341,2,0.8720703125,-0.00018310546875,0.1842447817325592,0.236083984375,0.7503255605697632
342,2,0.93017578125,0.72412109375,0.3580729365348816,0.9842529296875,0.5550130009651184
342,2,0.8662109375,0.4403076171875,0.328125,0.5797119140625,0.4784749150276184
342,2,0.82958984375,0.338470458984375,0.3094482421875,0.43408203125,0.4061279296875
342,2,0.7900390625,-0.00018310546875,0.19970703125,0.2529296875,0.724609375
342,2,0.5400390625,0.93798828125,0.3651326298713684,0.9887847900390625,0.4139403700828552
342,2,0.5,0.2241668701171875,0.3134562075138092,0.264190673828125,0.3454386293888092
343,2,0.91748046875,0.720947265625,0.35498046875,0.9769287109375,0.5519205927848816
343,2,0.8525390625,0.44281005859375,0.3310140073299408,0.57843017578125,0.4740804135799408
343,2,0.79833984375,0.33050537109375,0.310791015625,0.435211181640625,0.4035238027572632
343,2,0.689453125,0.0,0.2128906548023224,0.268798828125,0.6998698711395264
343,2,0.58203125,0.952484130859375,0.36492919921875,0.99969482421875,0.5052897334098816
344,2,0.8896484375,0.7176513671875,0.3546549677848816,0.9661865234375,0.551025390625
344,2,0.88134765625,0.4442138671875,0.3326416015625,0.573944091796875,0.47216796875
344,2,0.86865234375,-0.0001220703125,0.219563826918602,0.2840576171875,0.6795247793197632
344,2,0.65234375,0.32763671875,0.3119710087776184,0.439117431640625,0.4066569209098816
344,2,0.544921875,0.542266845703125,0.3353067934513092,0.5938720703125,0.4009806215763092
345,2,0.861328125,0.7109375,0.36962890625,0.955078125,0.5579020380973816
345,2,0.8173828125,0.44757080078125,0.336181640625,0.571014404296875,0.481689453125
345,2,0.740234375,0.3551025390625,0.3230794072151184,0.446685791015625,0.4200846552848816
345,2,0.70751953125,-6.103515625e-05,0.2368163764476776,0.294189453125,0.6678059101104736
345,2,0.65234375,0.546173095703125,0.3449910283088684,0.5955047607421875,0.4108886122703552
346,2,0.931640625,0.70819091796875,0.3741047978401184,0.94390869140625,0.5651041865348816
346,2,0.80078125,0.36053466796875,0.332275390625,0.446258544921875,0.4252523183822632
346,2,0.79736328125,-6.103515625e-05,0.2436523139476776,0.3017578125,0.6619465351104736
346,2,0.76171875,0.4471435546875,0.3495279848575592,0.5670166015625,0.4874674379825592
346,2,0.5615234375,0.545257568359375,0.35394287109375,0.60028076171875,0.4166666269302368
347,2,0.9150390625,0.705078125,0.374267578125,0.934814453125,0.5624186396598816
347,2,0.869140625,6.103515625e-05,0.25048828125,0.306884765625,0.64599609375
347,2,0.82763671875,0.4500732421875,0.3500162661075592,0.566162109375,0.4830729067325592
347,2,0.7705078125,0.368011474609375,0.3315022587776184,0.446685791015625,0.4181925654411316
347,2,0.5810546875,0.548675537109375,0.3588053584098816,0.605010986328125,0.4209187626838684
347,2,0.54296875,0.8873291015625,0.37091064453125,0.94683837890625,0.4121907949447632
347,2,0.51708984375,0.3370361328125,0.3436279296875,0.3730010986328125,0.4068197011947632
347,2,0.50927734375,0.289825439453125,0.3421834111213684,0.3391571044921875,0.4132487177848816
348,2,0.88671875,0.0003662109375,0.2609049677848816,0.3128662109375,0.624267578125
348,2,0.767578125,0.4571533203125,0.3385416567325592,0.56793212890625,0.4745279848575592
348,2,0.7431640625,0.37384033203125,0.3268839418888092,0.45989990234375,0.4131266176700592
348,2,0.7099609375,0.6982421875,0.36962890625,0.9254150390625,0.5513102412223816
348,2,0.63037109375,0.5545654296875,0.3472086787223816,0.609100341796875,0.4107258915901184
348,2,0.61767578125,0.9016265869140625,0.3656412959098816,0.9603271484375,0.4019368290901184
348,2,0.50341796875,0.284027099609375,0.3336995244026184,0.37579345703125,0.4043986201286316
349,2,0.90478515625,0.0003662109375,0.2581380009651184,0.3172607421875,0.6068521738052368
349,2,0.90234375,0.699462890625,0.3583984375,0.917236328125,0.529296875
349,2,0.810546875,0.4560546875,0.336669921875,0.5677490234375,0.4476724863052368
349,2,0.79638671875,0.378265380859375,0.319091796875,0.459320068359375,0.3998616933822632
349,2,0.5615234375,0.554931640625,0.3453776240348816,0.61968994140625,0.4073689579963684
349,2,0.50927734375,0.287261962890625,0.3274129033088684,0.377288818359375,0.4014078974723816
350,2,0.8759765625,0.0001220703125,0.2568359375,0.3211669921875,0.5887044668197632
350,2,0.85986328125,0.69488525390625,0.3507486581802368,0.9088134765625,0.5117594003677368
350,2,0.794921875,0.381866455078125,0.3152669072151184,0.45977783203125,0.3972777724266052
350,2,0.67236328125,0.5611572265625,0.3359171748161316,0.621368408203125,0.4059651494026184
350,5,0.5869140625,0.74810791015625,0.2902018427848816,0.90179443359375,0.3941243290901184
350,2,0.53369140625,0.29498291015625,0.3235066533088684,0.379974365234375,0.3954874873161316
351,2,0.9072265625,0.69085693359375,0.34912109375,0.9029541015625,0.5117594599723816
351,2,0.82568359375,0.0,0.26513671875,0.3251953125,0.57763671875
351,2,0.80615234375,0.38714599609375,0.3199462890625,0.465057373046875,0.4015096426010132
351,2,0.75732421875,0.45947265625,0.3375244140625,0.570098876953125,0.4442138671875
351,2,0.65283203125,0.567657470703125,0.33819580078125,0.6235504150390625,0.3934530019760132
351,5,0.60400390625,0.75823974609375,0.28662109375,0.9130859375,0.3995767831802368
351,2,0.57958984375,0.30401611328125,0.3284912109375,0.374420166015625,0.3919473886489868
351,2,0.5703125,0.93682861328125,0.3545328974723816,0.99945068359375,0.4331868290901184
352,2,0.91943359375,0.000732421875,0.27001953125,0.326171875,0.5672200918197632
352,2,0.90234375,0.6844482421875,0.3541666269302368,0.892822265625,0.5231119394302368
352,2,0.84619140625,0.390106201171875,0.3204752802848816,0.4666748046875,0.4022217392921448
352,2,0.8291015625,0.458740234375,0.3377278447151184,0.570556640625,0.4495036005973816
352,2,0.6865234375,0.9559478759765625,0.3564860224723816,0.9989013671875,0.4456787705421448
352,2,0.65625,0.56854248046875,0.341064453125,0.631134033203125,0.3982950448989868
352,5,0.58251953125,0.77191162109375,0.2858072817325592,0.94085693359375,0.4318033754825592
352,2,0.5576171875,0.31085205078125,0.32958984375,0.3559112548828125,0.3746134042739868
353,2,0.9150390625,0.68194580078125,0.354248046875,0.88604736328125,0.5230305790901184
353,2,0.8642578125,0.0208740234375,0.2711588144302368,0.32763671875,0.5531412363052368
353,2,0.85400390625,0.458160400390625,0.3354899287223816,0.569976806640625,0.4530029892921448
353,2,0.80322265625,0.39495849609375,0.3211669921875,0.46759033203125,0.40191650390625
353,5,0.64306640625,0.78521728515625,0.2843831181526184,0.9659423828125,0.4474284052848816
353,2,0.63134765625,0.572113037109375,0.3402506709098816,0.6323699951171875,0.3997803330421448
353,2,0.5361328125,0.308349609375,0.3309732973575592,0.3488006591796875,0.3636271059513092
354,2,0.9248046875,0.6807861328125,0.3559977412223816,0.87908935546875,0.5244140625
354,2,0.9052734375,0.0416259765625,0.2711588740348816,0.33203125,0.54541015625
354,5,0.80908203125,0.7921142578125,0.2823486328125,0.995849609375,0.455322265625
354,2,0.76806640625,0.46044921875,0.3342692255973816,0.572662353515625,0.4560139775276184
354,2,0.74658203125,0.395172119140625,0.3228352665901184,0.471282958984375,0.3995158076286316
354,2,0.72021484375,0.5777587890625,0.3424072265625,0.637451171875,0.3984171152114868
354,2,0.5419921875,-0.000274658203125,0.257568359375,0.084320068359375,0.51611328125
354,2,0.51611328125,0.6297607421875,0.3509521484375,0.666900634765625,0.37957763671875
355,2,0.91259765625,0.67999267578125,0.3575439453125,0.87786865234375,0.5232747197151184
355,2,0.84765625,0.0595703125,0.275634765625,0.34344482421875,0.541015625
355,2,0.80419921875,0.580810546875,0.3514404296875,0.639892578125,0.414794921875
355,2,0.7373046875,0.4068603515625,0.3278401494026184,0.47430419921875,0.3972575068473816
355,2,0.69482421875,-0.000213623046875,0.2671712040901184,0.099090576171875,0.52001953125
355,2,0.6650390625,0.467987060546875,0.3385416865348816,0.575469970703125,0.4552815556526184
355,2,0.5615234375,0.63818359375,0.3565673828125,0.674652099609375,0.3851522207260132
356,2,0.88720703125,0.071533203125,0.2772623896598816,0.345947265625,0.530029296875
356,2,0.83544921875,0.678955078125,0.3561197519302368,0.8704833984375,0.5188394784927368
356,5,0.7734375,0.84124755859375,0.27587890625,0.999481201171875,0.4668782353401184
356,2,0.74951171875,0.4703369140625,0.33544921875,0.574493408203125,0.4517822265625
356,2,0.7470703125,0.5850830078125,0.3449503779411316,0.642547607421875,0.4062703251838684
356,2,0.650390625,0.410797119140625,0.3251546025276184,0.4759063720703125,0.3956298232078552
357,2,0.8828125,0.6790771484375,0.3586832880973816,0.86785888671875,0.5186360478401184
357,2,0.87890625,0.0933837890625,0.2803547978401184,0.35296630859375,0.5272623896598816
357,2,0.685546875,0.5894927978515625,0.3566691279411316,0.6485595703125,0.4104817509651184
357,2,0.65966796875,-0.00018310546875,0.2633463740348816,0.1307373046875,0.5030110478401184
357,5,0.64599609375,0.8643798828125,0.2757975459098816,0.9993896484375,0.467041015625
357,2,0.61669921875,0.416534423828125,0.3282063901424408,0.4815826416015625,0.3974202573299408
357,2,0.615234375,0.470977783203125,0.3409830927848816,0.579345703125,0.4557698369026184
357,2,0.53662109375,0.6436614990234375,0.3597005009651184,0.69024658203125,0.4024454951286316
358,2,0.92578125,0.6800537109375,0.359619140625,0.86474609375,0.5174153447151184
358,2,0.88134765625,0.1092529296875,0.2830404043197632,0.359619140625,0.5208333730697632
358,5,0.81787109375,0.88519287109375,0.2625325322151184,0.99951171875,0.47509765625
358,2,0.7724609375,0.593414306640625,0.3550008237361908,0.6519317626953125,0.4145711362361908
358,2,0.70703125,0.47283935546875,0.3411051630973816,0.58099365234375,0.4564209580421448
358,2,0.67236328125,0.42132568359375,0.33062744140625,0.4888916015625,0.3988443613052368
358,2,0.59326171875,3.0517578125e-05,0.2632649540901184,0.13763427734375,0.501220703125
358,5,0.58984375,0.7850341796875,0.2924397587776184,0.891143798828125,0.4325358271598816
358,2,0.560546875,0.647125244140625,0.35809326171875,0.6940460205078125,0.41217041015625
359,2,0.9404296875,0.68017578125,0.3562825322151184,0.86163330078125,0.5111491084098816
359,2,0.8828125,0.12841796875,0.2822265625,0.36431884765625,0.51220703125
359,2,0.7890625,0.59735107421875,0.3523762822151184,0.65576171875,0.4149779677391052
359,2,0.75439453125,0.47705078125,0.3406575322151184,0.58404541015625,0.4543864130973816
359,2,0.63134765625,0.427825927734375,0.3316446840763092,0.487213134765625,0.3949991762638092
359,5,0.57568359375,0.79278564453125,0.2896321415901184,0.913909912109375,0.430908203125
359,5,0.5146484375,0.909820556640625,0.28173828125,0.9993896484375,0.4738362431526184
360,2,0.93017578125,0.68011474609375,0.3585205078125,0.85992431640625,0.5119221806526184
360,2,0.892578125,0.14129638671875,0.2882486581802368,0.37139892578125,0.5079752206802368
360,5,0.8076171875,0.81414794921875,0.2869059443473816,0.9312744140625,0.4400227665901184
360,2,0.75,0.48358154296875,0.3401285707950592,0.585845947265625,0.4525553286075592
360,2,0.66455078125,0.431365966796875,0.3314208984375,0.491729736328125,0.3960775136947632
360,5,0.61669921875,0.946685791015625,0.2823486328125,0.9996337890625,0.473876953125
360,2,0.5625,0.600006103515625,0.37237548828125,0.6572418212890625,0.4170736074447632
361,2,0.90625,0.68511962890625,0.3524577021598816,0.858306884765625,0.505859375
361,5,0.888671875,0.8355712890625,0.2779134213924408,0.963470458984375,0.4412434995174408
361,2,0.88330078125,0.15509033203125,0.2862141728401184,0.37548828125,0.502197265625
361,2,0.82958984375,0.09490966796875,0.3151041865348816,0.188507080078125,0.4019368290901184
361,2,0.7646484375,0.48358154296875,0.3363037109375,0.58746337890625,0.4522298574447632
361,2,0.72900390625,6.103515625e-05,0.3208821415901184,0.04217529296875,0.3778075575828552
361,2,0.7001953125,0.60406494140625,0.3425496220588684,0.65887451171875,0.4025878310203552
361,2,0.59033203125,0.4342498779296875,0.3268839716911316,0.490509033203125,0.3885090947151184
362,2,0.90869140625,0.166748046875,0.289794921875,0.37969970703125,0.495361328125
362,2,0.9013671875,0.68109130859375,0.3522135615348816,0.856109619140625,0.5014241337776184
362,5,0.89990234375,0.85101318359375,0.2701822817325592,0.99920654296875,0.4679361879825592
362,2,0.869140625,0.03125,0.3132731318473816,0.19256591796875,0.4123535752296448
362,2,0.75634765625,0.6072235107421875,0.3433024287223816,0.6628265380859375,0.4036255478858948
362,2,0.72802734375,0.485321044921875,0.3392741084098816,0.5899658203125,0.4537354111671448
362,2,0.72314453125,0.437103271484375,0.3256632685661316,0.4935302734375,0.3915608525276184
362,2,0.53076171875,0.36614990234375,0.3307902216911316,0.40350341796875,0.3943684697151184
363,2,0.9267578125,0.679931640625,0.3600667119026184,0.85394287109375,0.5077311396598816
363,2,0.89599609375,0.179931640625,0.297119140625,0.38427734375,0.4967448115348816
363,5,0.85107421875,0.8782958984375,0.2691243290901184,0.999542236328125,0.4872233271598816
363,2,0.8388671875,0.0006103515625,0.3155110478401184,0.1419677734375,0.4179686903953552
363,2,0.79638671875,0.606536865234375,0.3524577021598816,0.6639251708984375,0.4088948369026184
363,2,0.7705078125,0.4360504150390625,0.3355712890625,0.49365234375,0.3976846933364868
363,2,0.6923828125,0.488006591796875,0.3458251953125,0.590545654296875,0.4584554433822632
364,2,0.9248046875,0.67535400390625,0.3612467646598816,0.85150146484375,0.5100911259651184
364,2,0.90234375,0.18475341796875,0.2998046875,0.3875732421875,0.4944661259651184
364,5,0.83544921875,0.9005126953125,0.26513671875,0.999420166015625,0.477783203125
364,2,0.767578125,6.103515625e-05,0.3156331181526184,0.061859130859375,0.4317626357078552
364,2,0.71142578125,0.60614013671875,0.3519490361213684,0.66357421875,0.4092814326286316
364,2,0.69775390625,0.4365234375,0.3354085087776184,0.4916229248046875,0.3970336318016052
364,2,0.67529296875,0.488433837890625,0.3462727665901184,0.590484619140625,0.4545084834098816
364,2,0.6416015625,0.10833740234375,0.3335164487361908,0.18023681640625,0.3753255307674408
365,2,0.931640625,0.67059326171875,0.3628336787223816,0.8480224609375,0.5150146484375
365,2,0.876953125,0.19757080078125,0.30517578125,0.3875732421875,0.4923502802848816
365,5,0.7734375,0.92547607421875,0.2713215947151184,0.999420166015625,0.4833984375
365,2,0.767578125,0.603546142578125,0.35333251953125,0.660247802734375,0.4121297597885132
365,2,0.673828125,0.486053466796875,0.3483479619026184,0.5877685546875,0.4591471552848816
365,2,0.66552734375,0.4365997314453125,0.3357340693473816,0.4896392822265625,0.3964436650276184
365,2,0.6025390625,0.06341552734375,0.3338826596736908,0.15020751953125,0.3801473081111908
366,2,0.9150390625,0.20697021484375,0.31005859375,0.3876953125,0.4899088740348816
366,2,0.88037109375,0.67071533203125,0.3612060546875,0.85028076171875,0.5124918818473816
366,2,0.72265625,0.605438232421875,0.3527018427848816,0.6615447998046875,0.4119263291358948
366,2,0.69921875,0.43719482421875,0.33447265625,0.4909210205078125,0.3966064453125
366,2,0.5927734375,0.031951904296875,0.3328450322151184,0.11785888671875,0.3804931044578552
367,2,0.9091796875,0.67022705078125,0.3541666865348816,0.84698486328125,0.503173828125
367,2,0.8974609375,0.21539306640625,0.3048502504825592,0.39105224609375,0.4825846254825592
367,2,0.71435546875,0.60345458984375,0.34271240234375,0.6617431640625,0.4014078378677368
367,2,0.7138671875,-0.000396728515625,0.327880859375,0.083099365234375,0.3833822011947632
367,2,0.5615234375,0.43792724609375,0.33343505859375,0.4878387451171875,0.3883056640625
368,2,0.88427734375,0.67108154296875,0.358154296875,0.8460693359375,0.5054931640625
368,2,0.82958984375,0.22100830078125,0.3099772036075592,0.39129638671875,0.4801432192325592
368,2,0.76318359375,0.6047515869140625,0.3457844853401184,0.659393310546875,0.4049071669578552
368,2,0.611328125,-0.000213623046875,0.3277791440486908,0.038116455078125,0.3919270932674408
368,2,0.576171875,0.18707275390625,0.3460286259651184,0.246246337890625,0.3809813857078552
368,2,0.572265625,0.4383087158203125,0.3354695439338684,0.4885101318359375,0.3912760615348816
368,2,0.53857421875,0.4876708984375,0.3489176630973816,0.587615966796875,0.4506836533546448
369,2,0.896484375,0.671630859375,0.3599853515625,0.850341796875,0.5111083984375
369,2,0.8798828125,0.2274169921875,0.314208984375,0.3975830078125,0.4822590947151184
369,2,0.76025390625,0.6050872802734375,0.3496500551700592,0.6591033935546875,0.4053751528263092
369,2,0.6513671875,0.440338134765625,0.33709716796875,0.4904022216796875,0.3966470956802368
369,2,0.57666015625,0.17236328125,0.33331298828125,0.254241943359375,0.38507080078125
369,2,0.564453125,0.487884521484375,0.343017578125,0.587799072265625,0.4526773691177368
370,2,0.88671875,0.240234375,0.3147379755973816,0.40155029296875,0.46875
370,2,0.87841796875,0.67755126953125,0.3580729365348816,0.855194091796875,0.5148518681526184
370,2,0.78759765625,0.120147705078125,0.3336588442325592,0.249267578125,0.3988443911075592
370,2,0.7685546875,0.605377197265625,0.3465372920036316,0.6604766845703125,0.4030354619026184
370,2,0.642578125,0.441650390625,0.3366902470588684,0.4954833984375,0.3965453505516052
370,2,0.587890625,0.48883056640625,0.3367512822151184,0.588043212890625,0.4519450068473816
371,2,0.90283203125,0.2459716796875,0.306884765625,0.40374755859375,0.4586588740348816
371,2,0.86328125,0.6800537109375,0.3456217050552368,0.857147216796875,0.5043131113052368
371,2,0.8125,0.6066741943359375,0.34033203125,0.6590118408203125,0.39495849609375
371,2,0.67626953125,0.490081787109375,0.3321533203125,0.588470458984375,0.4449462890625
371,2,0.5615234375,0.4445037841796875,0.3342081904411316,0.49273681640625,0.3836670517921448
371,2,0.541015625,0.0545654296875,0.3219808042049408,0.21075439453125,0.3900960385799408
372,2,0.9013671875,0.2503662109375,0.2989094853401184,0.404052734375,0.4484049677848816
372,2,0.85595703125,0.68170166015625,0.3363444209098816,0.86016845703125,0.4940185546875
372,2,0.7724609375,0.6056365966796875,0.3352457880973816,0.657318115234375,0.3886719346046448
372,2,0.75634765625,0.489044189453125,0.3253580629825592,0.587890625,0.4299723207950592
372,2,0.7001953125,0.4421234130859375,0.3263956606388092,0.4910430908203125,0.3766275942325592
372,2,0.50732421875,0.0006103515625,0.3104248046875,0.15521240234375,0.38623046875
373,2,0.931640625,0.6849365234375,0.3480631709098816,0.87152099609375,0.505126953125
373,2,0.89892578125,0.25408935546875,0.3069661259651184,0.407135009765625,0.4567057490348816
373,2,0.7998046875,0.48974609375,0.337158203125,0.589630126953125,0.4449056386947632
373,2,0.7900390625,0.6047210693359375,0.3448079228401184,0.6593170166015625,0.4026286005973816
373,2,0.64990234375,0.4473419189453125,0.3373820185661316,0.5003509521484375,0.3854981064796448
373,2,0.57568359375,0.2331085205078125,0.33477783203125,0.2795867919921875,0.377685546875
374,2,0.89892578125,0.6890869140625,0.3601480722427368,0.88189697265625,0.5231119394302368
374,2,0.873046875,0.26434326171875,0.3218994140625,0.41314697265625,0.4712321162223816
374,2,0.77685546875,0.6086883544921875,0.3554280698299408,0.6596221923828125,0.4135335385799408
374,2,0.7216796875,0.49224853515625,0.3485514223575592,0.5889892578125,0.4535318911075592
374,2,0.6875,0.2117767333984375,0.3431192934513092,0.2789306640625,0.3917032778263092
374,2,0.6064453125,0.455169677734375,0.3541463315486908,0.496795654296875,0.4009602963924408
374,2,0.55810546875,0.1539459228515625,0.3553873598575592,0.21649169921875,0.3883463442325592
374,5,0.53759765625,0.89019775390625,0.288330078125,0.999481201171875,0.4356282353401184
374,2,0.53466796875,0.011932373046875,0.35491943359375,0.093048095703125,0.4003092050552368
375,2,0.8984375,0.69415283203125,0.3572184443473816,0.88934326171875,0.52197265625
375,2,0.8798828125,0.27349853515625,0.3214111328125,0.416748046875,0.4630940556526184
375,2,0.81591796875,0.60675048828125,0.3539021611213684,0.6608123779296875,0.4138793349266052
375,2,0.7529296875,0.000244140625,0.34161376953125,0.0618133544921875,0.39544677734375
375,2,0.7001953125,0.491241455078125,0.3460286557674408,0.588409423828125,0.4505208432674408
375,2,0.6953125,0.4565887451171875,0.3506672978401184,0.50421142578125,0.3966471552848816
375,2,0.5302734375,0.12677001953125,0.3487752079963684,0.253570556640625,0.3905639052391052
376,2,0.9384765625,0.69818115234375,0.3474935293197632,0.89569091796875,0.5169271230697632
376,2,0.91259765625,0.27685546875,0.3099772036075592,0.420501708984375,0.4540201723575592
376,2,0.8017578125,0.490875244140625,0.3391927182674408,0.59039306640625,0.4444173276424408
376,2,0.72509765625,0.6071624755859375,0.343505859375,0.6583251953125,0.4024454355239868
376,2,0.69140625,0.10540771484375,0.3341471552848816,0.220794677734375,0.3852539658546448
376,2,0.619140625,0.2201385498046875,0.3277180790901184,0.27178955078125,0.3661906123161316
376,2,0.58984375,0.4589080810546875,0.3415730893611908,0.4954681396484375,0.3813069760799408
377,2,0.927734375,0.6995849609375,0.343505859375,0.90380859375,0.5162353515625
377,2,0.88037109375,0.2855224609375,0.3085123598575592,0.42205810546875,0.4466959536075592
377,2,0.80322265625,0.489166259765625,0.3368327021598816,0.58892822265625,0.4411621689796448
377,2,0.66259765625,0.6040802001953125,0.3399861454963684,0.6570281982421875,0.3986613154411316
377,2,0.6416015625,0.4588775634765625,0.33770751953125,0.5033111572265625,0.3838094472885132
377,2,0.560546875,0.260467529296875,0.3295084834098816,0.30328369140625,0.3756306767463684
377,2,0.5576171875,0.081024169921875,0.3319498598575592,0.19305419921875,0.3879801332950592
378,2,0.92578125,0.7005615234375,0.3474934697151184,0.909423828125,0.5244140625
378,2,0.88427734375,0.2886962890625,0.3136393427848816,0.4237060546875,0.451171875
378,2,0.7138671875,0.605255126953125,0.3485514521598816,0.6542816162109375,0.4031575322151184
378,2,0.623046875,0.488494873046875,0.3406982421875,0.58587646484375,0.4458822011947632
378,2,0.615234375,0.01995849609375,0.330810546875,0.17498779296875,0.4002279043197632
378,2,0.58642578125,0.2001953125,0.33172607421875,0.302093505859375,0.3873697519302368
379,2,0.91943359375,0.7041015625,0.3489583134651184,0.91802978515625,0.52490234375
379,2,0.89453125,0.29083251953125,0.3186848759651184,0.4251708984375,0.4530436396598816
379,2,0.7568359375,0.16943359375,0.3294270634651184,0.27276611328125,0.3846842646598816
379,2,0.71435546875,0.487884521484375,0.3463338017463684,0.583709716796875,0.4463297724723816
379,2,0.685546875,0.45770263671875,0.3453572392463684,0.50787353515625,0.3937785029411316
379,2,0.6806640625,0.602325439453125,0.3521728515625,0.65087890625,0.40625
379,2,0.63037109375,-0.000152587890625,0.3308919370174408,0.136962890625,0.4024251401424408
380,2,0.91845703125,0.3001708984375,0.32763671875,0.42755126953125,0.4534505009651184
380,2,0.91650390625,0.7066650390625,0.3519694209098816,0.92559814453125,0.529296875
380,2,0.80322265625,0.487091064453125,0.3473713994026184,0.58245849609375,0.4496256709098816
380,2,0.7890625,0.59906005859375,0.35284423828125,0.6499481201171875,0.40911865234375
380,2,0.71923828125,0.13214111328125,0.3302409052848816,0.25714111328125,0.3872883915901184
380,2,0.64306640625,0.007781982421875,0.34588623046875,0.100982666015625,0.4001058340072632
380,2,0.6103515625,0.861846923828125,0.3601887822151184,0.939483642578125,0.4293212294578552
380,2,0.56005859375,0.462310791015625,0.3488972783088684,0.50994873046875,0.3906249403953552
381,2,0.93017578125,0.3026123046875,0.3267415165901184,0.430419921875,0.45263671875
381,2,0.921875,0.70654296875,0.3533528447151184,0.9345703125,0.5333659052848816
381,2,0.77099609375,0.5990753173828125,0.3532918095588684,0.648406982421875,0.4084472060203552
381,2,0.69873046875,0.000152587890625,0.3460896909236908,0.042999267578125,0.4031575620174408
381,2,0.697265625,0.4871826171875,0.3458251953125,0.5810546875,0.4501953125
381,2,0.5966796875,0.874114990234375,0.3639933168888092,0.969940185546875,0.4349772036075592
381,2,0.54638671875,0.187164306640625,0.32501220703125,0.244476318359375,0.3834228515625
381,2,0.525390625,0.073822021484375,0.3230794072151184,0.20147705078125,0.4017943739891052
381,2,0.5009765625,0.4668121337890625,0.3478597104549408,0.507171630859375,0.3863728940486908
382,2,0.92822265625,0.7078857421875,0.3560791015625,0.9403076171875,0.5411784052848816
382,2,0.92578125,0.307037353515625,0.3301594853401184,0.43194580078125,0.4558512568473816
382,2,0.8115234375,0.598175048828125,0.3563435971736908,0.6441497802734375,0.4088338315486908
382,2,0.787109375,0.8834228515625,0.3638508915901184,0.9986572265625,0.4639891982078552
382,2,0.71875,0.4840087890625,0.3676351010799408,0.58111572265625,0.4532063901424408
382,2,0.548828125,0.0003662109375,0.3218180537223816,0.139862060546875,0.3994141221046448
382,2,0.53369140625,0.4658966064453125,0.3504435420036316,0.5066070556640625,0.3918660283088684
383,2,0.931640625,0.70928955078125,0.3553060293197632,0.94976806640625,0.5447591543197632
383,2,0.8974609375,0.31097412109375,0.327392578125,0.433135986328125,0.451416015625
383,2,0.82958984375,0.910736083984375,0.3637288212776184,0.99945068359375,0.4468180537223816
383,2,0.8154296875,0.595245361328125,0.3531290888786316,0.6419677734375,0.4039509892463684
383,2,0.68798828125,0.4852294921875,0.3465983271598816,0.578338623046875,0.4536946415901184
383,2,0.58837890625,0.0634765625,0.3441365659236908,0.126678466796875,0.3887532651424408
383,2,0.5859375,-0.000152587890625,0.3055013120174408,0.06964111328125,0.4485677182674408
384,2,0.9140625,0.71240234375,0.3575846552848816,0.955322265625,0.5535888671875
384,2,0.8896484375,0.314453125,0.3310546875,0.43267822265625,0.4522705078125
384,2,0.80419921875,0.5935516357421875,0.3534342348575592,0.6409454345703125,0.4039103090763092
384,2,0.6611328125,0.93341064453125,0.3622233271598816,0.9990997314453125,0.4678345322608948
384,2,0.66015625,0.008087158203125,0.3449299931526184,0.096649169921875,0.3960978388786316
384,2,0.634765625,0.486724853515625,0.3484293520450592,0.578155517578125,0.4538981020450592
384,2,0.57861328125,0.10467529296875,0.3482258915901184,0.200897216796875,0.3929240107536316
385,2,0.90869140625,0.7159423828125,0.362060546875,0.96875,0.5570881962776184
385,2,0.89599609375,0.320556640625,0.3380940556526184,0.433197021484375,0.4556071162223816
385,2,0.7998046875,0.5932159423828125,0.3589274287223816,0.638427734375,0.4085083603858948
385,2,0.71728515625,0.0323486328125,0.3447672426700592,0.165771484375,0.4040323793888092
385,2,0.583984375,-0.000274658203125,0.3437906801700592,0.0673828125,0.4064127504825592
385,2,0.5693359375,0.485321044921875,0.3597819209098816,0.5780792236328125,0.4605305790901184
386,2,0.9111328125,0.7213134765625,0.3600260615348816,0.97845458984375,0.56640625
386,2,0.9072265625,0.3248291015625,0.3393961787223816,0.437042236328125,0.4535725712776184
386,2,0.79638671875,0.5932159423828125,0.3569539487361908,0.6390838623046875,0.4044393002986908
386,2,0.728515625,-0.00030517578125,0.33856201171875,0.11260986328125,0.4060465097427368
386,2,0.5009765625,0.48828125,0.3551025390625,0.578033447265625,0.4580078125
387,2,0.9150390625,0.7266845703125,0.3548176884651184,0.9957275390625,0.55224609375
387,2,0.87744140625,0.3294677734375,0.3271891176700592,0.44244384765625,0.4444986879825592
387,2,0.73486328125,0.5948333740234375,0.3476969599723816,0.64080810546875,0.3953450322151184
387,2,0.64013671875,0.4891357421875,0.3472086787223816,0.5792236328125,0.4462891221046448
388,2,0.92822265625,0.7337646484375,0.3515625,0.997802734375,0.548583984375
388,2,0.83544921875,0.340118408203125,0.3248291015625,0.442047119140625,0.4397786855697632
388,2,0.77099609375,0.5926513671875,0.3448893427848816,0.6408843994140625,0.3910115361213684
388,2,0.72509765625,0.489990234375,0.3417155146598816,0.58074951171875,0.4431152939796448
388,2,0.56005859375,0.06329345703125,0.31976318359375,0.151397705078125,0.388427734375
389,2,0.9091796875,0.74053955078125,0.354736328125,0.99658203125,0.5586751103401184
389,2,0.82763671875,0.341949462890625,0.3260091245174408,0.4456787109375,0.4381917417049408
389,2,0.712890625,0.5963134765625,0.360595703125,0.6412353515625,0.3922933340072632
389,2,0.666015625,0.000823974609375,0.3285319209098816,0.088165283203125,0.3976643681526184
389,2,0.64404296875,0.492431640625,0.3455810546875,0.58209228515625,0.4425048828125
390,2,0.90234375,0.74627685546875,0.3565266728401184,0.9970703125,0.5574137568473816
390,2,0.8330078125,0.351776123046875,0.32861328125,0.45269775390625,0.4389241933822632
390,2,0.6845703125,0.59625244140625,0.3446451723575592,0.64166259765625,0.3895670473575592
390,2,0.62451171875,0.496307373046875,0.341064453125,0.584259033203125,0.4407958984375
390,2,0.521484375,0.0001068115234375,0.33935546875,0.0546417236328125,0.3934326171875
390,2,0.51513671875,0.1641693115234375,0.3300984501838684,0.231689453125,0.3636474013328552
391,2,0.9111328125,0.7530517578125,0.3490396738052368,0.998046875,0.5563150644302368
391,2,0.853515625,0.359130859375,0.3270670771598816,0.455902099609375,0.4265137314796448
391,2,0.62451171875,0.507965087890625,0.33935546875,0.5858306884765625,0.38568115234375
391,2,0.521484375,0.5018310546875,0.3388671875,0.587188720703125,0.4340413808822632
391,2,0.51611328125,0.5987091064453125,0.3424072265625,0.6436920166015625,0.3828939199447632
392,2,0.90478515625,0.7611083984375,0.3478190302848816,0.99835205078125,0.5689290165901184
392,2,0.84228515625,0.36114501953125,0.32763671875,0.457122802734375,0.4236654043197632
392,2,0.66650390625,0.502716064453125,0.3341471254825592,0.58917236328125,0.4347330629825592
392,2,0.580078125,0.5067138671875,0.3372802734375,0.5863037109375,0.38934326171875
393,2,0.90771484375,0.77105712890625,0.3500162959098816,0.99835205078125,0.5694172978401184
393,2,0.740234375,0.366851806640625,0.3299967646598816,0.460235595703125,0.4216309189796448
393,2,0.63037109375,0.50445556640625,0.3391926884651184,0.589111328125,0.4353026747703552
393,2,0.52783203125,-3.0517578125e-05,0.3307291865348816,0.040191650390625,0.3642781376838684
393,2,0.50634765625,0.50927734375,0.3388265073299408,0.584991455078125,0.3863728940486908
394,2,0.9150390625,0.777587890625,0.345703125,0.99908447265625,0.5724284052848816
394,2,0.849609375,0.369720458984375,0.3252359926700592,0.46514892578125,0.4177652895450592
394,2,0.74853515625,0.507354736328125,0.3339030146598816,0.593353271484375,0.4319661259651184
394,2,0.67041015625,0.59619140625,0.3340860903263092,0.639984130859375,0.3826090395450592
395,2,0.91845703125,0.78515625,0.339599609375,0.99755859375,0.57373046875
395,2,0.81787109375,0.376922607421875,0.3150227963924408,0.4658203125,0.4076741635799408
395,2,0.76416015625,0.512054443359375,0.327392578125,0.59466552734375,0.41845703125
395,2,0.72607421875,0.5957794189453125,0.31903076171875,0.637908935546875,0.3697509765625
396,2,0.89892578125,0.79638671875,0.3438314199447632,0.99957275390625,0.5891927480697632
396,2,0.8017578125,0.38189697265625,0.3208821415901184,0.468170166015625,0.4113768935203552
396,2,0.7451171875,0.515167236328125,0.3311360478401184,0.598114013671875,0.4259440302848816
396,2,0.71435546875,0.59197998046875,0.3284912109375,0.636444091796875,0.37384033203125
397,2,0.8974609375,0.80157470703125,0.350341796875,0.99957275390625,0.6114095449447632
397,2,0.833984375,0.38690185546875,0.32177734375,0.470306396484375,0.4144693613052368
397,2,0.76025390625,0.517974853515625,0.3363443911075592,0.603973388671875,0.4314371645450592
397,2,0.75732421875,0.5943450927734375,0.33154296875,0.636993408203125,0.3807169198989868
398,2,0.9091796875,0.814208984375,0.349853515625,0.99951171875,0.6127115488052368
398,2,0.78515625,0.389404296875,0.321533203125,0.472747802734375,0.4125570058822632
398,2,0.767578125,0.59307861328125,0.33001708984375,0.6371917724609375,0.3798421621322632
398,2,0.64794921875,0.522369384765625,0.3361002802848816,0.605865478515625,0.4289551377296448
399,2,0.90869140625,0.82244873046875,0.349853515625,0.99932861328125,0.6316732168197632
399,2,0.71630859375,0.5251617431640625,0.3431396484375,0.608978271484375,0.4256185293197632
399,2,0.71044921875,0.594268798828125,0.33123779296875,0.6359100341796875,0.3774007558822632
399,2,0.68994140625,0.391571044921875,0.3226318359375,0.474517822265625,0.4106038808822632
399,2,0.580078125,0.0002899169921875,0.32806396484375,0.04656982421875,0.3868408203125
399,2,0.5244140625,0.1402587890625,0.2958577275276184,0.3187255859375,0.3884276747703552
400,2,0.90234375,0.83282470703125,0.3499348759651184,0.99932861328125,0.6490885019302368
400,2,0.76025390625,0.39697265625,0.3253173828125,0.474639892578125,0.4123128652572632
400,2,0.666015625,0.5938873291015625,0.333251953125,0.6367950439453125,0.3718057870864868
400,2,0.5810546875,0.1019287109375,0.2896321713924408,0.28118896484375,0.3910726010799408
400,2,0.5087890625,0.529144287109375,0.3623046875,0.61566162109375,0.4287313222885132
401,2,0.90283203125,0.84100341796875,0.3519693911075592,0.99981689453125,0.6492513418197632
401,2,0.8017578125,0.397674560546875,0.3271077275276184,0.4753875732421875,0.4093424677848816
401,2,0.755859375,0.537353515625,0.3404541015625,0.62005615234375,0.4264730215072632
401,2,0.5498046875,0.5977783203125,0.3327229619026184,0.6399383544921875,0.3706461787223816
402,2,0.87451171875,0.851318359375,0.3531901240348816,0.9990234375,0.6380208730697632
402,2,0.751953125,0.398040771484375,0.3292643427848816,0.4764556884765625,0.4100342392921448
402,2,0.7451171875,0.5394287109375,0.34716796875,0.624298095703125,0.431640625
402,2,0.62060546875,0.5172119140625,0.3389078974723816,0.560516357421875,0.3805542588233948
403,2,0.8935546875,0.86578369140625,0.3553059697151184,0.99951171875,0.63427734375
403,2,0.73974609375,0.398223876953125,0.3299356997013092,0.4788818359375,0.4117838442325592
403,2,0.64697265625,0.5176239013671875,0.3363850712776184,0.562347412109375,0.3796386122703552
403,2,0.54638671875,0.547760009765625,0.3513997197151184,0.6341552734375,0.4338378310203552
404,2,0.833984375,0.402984619140625,0.326171875,0.47833251953125,0.40460205078125
404,2,0.78515625,0.87738037109375,0.3535969853401184,0.9993896484375,0.6317545175552368
404,2,0.54638671875,0.517913818359375,0.34088134765625,0.5623626708984375,0.3790689706802368
404,2,0.537109375,0.4820556640625,0.33380126953125,0.527740478515625,0.3780313730239868
405,2,0.857421875,0.89166259765625,0.3614094853401184,0.9996337890625,0.6376953125
405,2,0.6875,0.404296875,0.3158976435661316,0.47857666015625,0.4027100205421448
405,2,0.6689453125,0.5163421630859375,0.33245849609375,0.5656585693359375,0.3796793222427368
405,2,0.63037109375,3.0517578125e-05,0.4454752206802368,0.0705108642578125,0.83984375
405,2,0.609375,0.553314208984375,0.338623046875,0.6378021240234375,0.4328206777572632
405,2,0.515625,0.4815216064453125,0.332763671875,0.52313232421875,0.3631998300552368
406,2,0.74462890625,0.5155181884765625,0.33734130859375,0.5636444091796875,0.3803507089614868
406,2,0.72802734375,0.557159423828125,0.3339436650276184,0.6405487060546875,0.4315592646598816
406,2,0.724609375,0.903839111328125,0.3544921875,0.999481201171875,0.6373697519302368
406,2,0.68701171875,0.402618408203125,0.3197021484375,0.4781494140625,0.4031982421875
406,2,0.64111328125,-0.000152587890625,0.4329427480697632,0.09033203125,0.7998046875
406,2,0.60498046875,0.9022979736328125,0.2998046875,0.9710693359375,0.3568521738052368
407,2,0.7724609375,0.512908935546875,0.3291015625,0.56536865234375,0.377685546875
407,2,0.7119140625,0.558929443359375,0.3309733271598816,0.64483642578125,0.4348145127296448
407,2,0.68994140625,-0.000244140625,0.3983561098575592,0.10784912109375,0.7991536855697632
407,2,0.66259765625,0.917327880859375,0.2962443232536316,0.992828369140625,0.3562214970588684
407,2,0.60400390625,0.91925048828125,0.3614094853401184,0.999786376953125,0.634521484375
407,2,0.556640625,0.4027099609375,0.3173421323299408,0.477325439453125,0.3995564877986908
408,2,0.76318359375,-0.000152587890625,0.410888671875,0.122802734375,0.7809244394302368
408,2,0.71142578125,0.563507080078125,0.329833984375,0.647796630859375,0.4188028573989868
408,2,0.697265625,0.5101318359375,0.3232828974723816,0.573028564453125,0.3820801377296448
408,2,0.6123046875,0.9337158203125,0.2946370542049408,0.9991302490234375,0.3536580502986908
408,2,0.5712890625,0.929351806640625,0.3438313603401184,0.999481201171875,0.63623046875
408,2,0.5537109375,0.402374267578125,0.3193359375,0.476593017578125,0.39825439453125
409,2,0.81787109375,0.569488525390625,0.3354085087776184,0.652618408203125,0.4189452528953552
409,2,0.73974609375,-3.0517578125e-05,0.37451171875,0.1336669921875,0.7752279043197632
409,2,0.689453125,0.509918212890625,0.3325398564338684,0.5597381591796875,0.3831786513328552
409,2,0.63623046875,0.4007568359375,0.3223876953125,0.4744415283203125,0.40032958984375
409,2,0.6064453125,0.9453125,0.4447428584098816,0.99920654296875,0.6493327021598816
409,2,0.60400390625,0.474853515625,0.3428547978401184,0.5157012939453125,0.3793334364891052
409,2,0.5419921875,0.1509552001953125,0.3260091245174408,0.1987152099609375,0.3645833432674408
410,2,0.80517578125,-0.000152587890625,0.3444010019302368,0.1446533203125,0.78564453125
410,2,0.71630859375,0.576416015625,0.333251953125,0.654998779296875,0.4186197519302368
410,2,0.6953125,0.508941650390625,0.33270263671875,0.5596923828125,0.3840738534927368
410,2,0.52880859375,0.39752197265625,0.3234660029411316,0.4759063720703125,0.3977864384651184
410,2,0.50048828125,0.67523193359375,0.3322957456111908,0.7153472900390625,0.3668416440486908
411,2,0.7841796875,-0.000732421875,0.33837890625,0.15521240234375,0.8128255605697632
411,2,0.7431640625,0.578033447265625,0.3336181640625,0.65899658203125,0.4173787832260132
411,2,0.7001953125,0.5079498291015625,0.3275146484375,0.558563232421875,0.3787637948989868
411,2,0.60302734375,0.39990234375,0.3214924931526184,0.4751434326171875,0.3962401747703552
411,2,0.525390625,0.11016845703125,0.31658935546875,0.172882080078125,0.3836466073989868
412,2,0.82568359375,-0.000732421875,0.3147786557674408,0.162841796875,0.8004556894302368
412,2,0.70068359375,0.683013916015625,0.3261311650276184,0.7281951904296875,0.3591105341911316
412,2,0.6591796875,0.58172607421875,0.3257649838924408,0.66436767578125,0.4076741635799408
412,2,0.64013671875,0.396697998046875,0.3112996220588684,0.47113037109375,0.3849894404411316
412,2,0.609375,0.505767822265625,0.31817626953125,0.55560302734375,0.3706461191177368
413,2,0.84423828125,-0.00030517578125,0.31591796875,0.16748046875,0.7853189706802368
413,2,0.728515625,0.507110595703125,0.3222249150276184,0.557342529296875,0.3736979365348816
413,2,0.6875,0.585601806640625,0.3269246518611908,0.668243408203125,0.4055379331111908
413,2,0.68701171875,0.366119384765625,0.3117268681526184,0.47003173828125,0.3900553584098816
413,2,0.63671875,0.6861419677734375,0.3298543095588684,0.7328338623046875,0.3635661005973816
414,2,0.81396484375,-0.00042724609375,0.3089193105697632,0.173828125,0.791015625
414,2,0.76513671875,0.504638671875,0.3246256411075592,0.558349609375,0.3818155825138092
414,2,0.65185546875,0.58697509765625,0.33251953125,0.6702423095703125,0.416748046875
414,2,0.60595703125,0.3948974609375,0.3202311396598816,0.468841552734375,0.3977661728858948
415,2,0.83984375,-0.00042724609375,0.28662109375,0.1790771484375,0.78125
415,2,0.72412109375,0.50604248046875,0.3230387270450592,0.5594482421875,0.3799845278263092
415,2,0.720703125,0.359375,0.3184407353401184,0.469970703125,0.3998209834098816
415,2,0.6123046875,0.59423828125,0.3294677734375,0.6755523681640625,0.4200439453125
416,2,0.87158203125,-0.0003662109375,0.2986653447151184,0.189453125,0.7898762822151184
416,2,0.68994140625,0.601837158203125,0.3384196162223816,0.682586669921875,0.4274902939796448
416,2,0.63623046875,0.703369140625,0.3429361879825592,0.762298583984375,0.3834024965763092
416,2,0.576171875,0.399383544921875,0.3249714970588684,0.46954345703125,0.4015502333641052
416,2,0.54736328125,0.505950927734375,0.3353475034236908,0.5645751953125,0.3896077573299408
417,2,0.78173828125,-0.000244140625,0.3128255307674408,0.19439697265625,0.7877603769302368
417,2,0.71728515625,0.39459228515625,0.3330485224723816,0.468994140625,0.4118652939796448
417,2,0.6943359375,0.6046905517578125,0.3529052734375,0.68603515625,0.4309896230697632
417,2,0.68994140625,0.5087738037109375,0.346435546875,0.562042236328125,0.39935302734375
417,2,0.6689453125,0.71893310546875,0.35333251953125,0.7704620361328125,0.3943685293197632
417,2,0.57275390625,0.5831451416015625,0.35015869140625,0.621063232421875,0.39013671875
418,2,0.8291015625,-0.000244140625,0.314453125,0.2027587890625,0.7967122793197632
418,2,0.6689453125,0.72064208984375,0.3506266474723816,0.782989501953125,0.3948975205421448
418,2,0.65869140625,0.507049560546875,0.34075927734375,0.5626373291015625,0.3951822519302368
418,2,0.52490234375,0.605987548828125,0.3563639521598816,0.68829345703125,0.4304199814796448
418,2,0.51611328125,0.5858154296875,0.3470662236213684,0.626678466796875,0.3880411982536316
418,7,0.51025390625,0.3922119140625,0.3299967646598816,0.468902587890625,0.4106445908546448
419,2,0.82470703125,-6.103515625e-05,0.304443359375,0.20989990234375,0.76025390625
419,2,0.73193359375,0.610321044921875,0.33746337890625,0.6922607421875,0.4202066659927368
419,2,0.6875,0.73223876953125,0.3429972529411316,0.79296875,0.3876953721046448
419,2,0.65576171875,0.5080108642578125,0.33111572265625,0.56591796875,0.3882852792739868
419,2,0.5849609375,0.399658203125,0.3207194209098816,0.468231201171875,0.3966878056526184
419,2,0.57958984375,0.5863037109375,0.3306070864200592,0.6280670166015625,0.3747355043888092
420,2,0.80908203125,-0.00018310546875,0.29638671875,0.21673583984375,0.6959635019302368
420,2,0.7724609375,0.3975830078125,0.3154703676700592,0.47021484375,0.3946940004825592
420,2,0.7509765625,0.614471435546875,0.3310546875,0.695831298828125,0.4108072519302368
420,2,0.7001953125,0.7403564453125,0.33935546875,0.80859375,0.3868408203125
420,2,0.62841796875,0.5825042724609375,0.329833984375,0.630950927734375,0.3719482421875
420,2,0.58203125,0.506561279296875,0.3274129033088684,0.5599365234375,0.3831176161766052
421,2,0.9091796875,-0.00018310546875,0.2898762822151184,0.2274169921875,0.7596028447151184
421,2,0.79833984375,0.74822998046875,0.33807373046875,0.823089599609375,0.3886312246322632
421,2,0.78173828125,0.61932373046875,0.3330078125,0.69940185546875,0.4170125722885132
421,2,0.7705078125,0.3961181640625,0.3184407651424408,0.46759033203125,0.3992513120174408
421,2,0.64697265625,0.5087127685546875,0.3292439579963684,0.5617523193359375,0.3846842646598816
421,2,0.62255859375,0.589599609375,0.3286336064338684,0.633941650390625,0.3715617060661316
422,2,0.916015625,-0.00018310546875,0.271484375,0.2353515625,0.7457681894302368
422,2,0.79833984375,0.75921630859375,0.3452351689338684,0.8377685546875,0.3949992060661316
422,2,0.76953125,0.615997314453125,0.33837890625,0.699859619140625,0.4206949472427368
422,2,0.7685546875,0.394683837890625,0.3160400390625,0.466766357421875,0.4052734375
422,2,0.69384765625,0.50787353515625,0.3380126953125,0.562225341796875,0.3928426504135132
422,2,0.6513671875,0.5871124267578125,0.3344930112361908,0.63360595703125,0.3785603940486908
422,2,0.55908203125,0.552093505859375,0.3321533203125,0.592681884765625,0.36798095703125
423,2,0.91748046875,0.0,0.2862955331802368,0.2418212890625,0.720703125
423,2,0.78662109375,0.773529052734375,0.3458455204963684,0.854339599609375,0.3990477919578552
423,2,0.7509765625,0.390472412109375,0.3169759213924408,0.47052001953125,0.4057210385799408
423,2,0.70556640625,0.6173095703125,0.3407796025276184,0.700775146484375,0.4142252802848816
423,2,0.6806640625,0.50372314453125,0.3326212763786316,0.5626220703125,0.3936360478401184
423,2,0.6123046875,0.5863494873046875,0.3345743715763092,0.632720947265625,0.3794962465763092
424,2,0.93408203125,-0.0001220703125,0.2998046875,0.2491455078125,0.70654296875
424,2,0.8408203125,0.62054443359375,0.3417154848575592,0.7012939453125,0.4181925356388092
424,2,0.822265625,0.78558349609375,0.347412109375,0.8704833984375,0.4043985605239868
424,2,0.73486328125,0.39495849609375,0.320068359375,0.470733642578125,0.3944091796875
424,2,0.73388671875,0.505828857421875,0.3372599482536316,0.562408447265625,0.3944295048713684
424,2,0.66015625,0.586334228515625,0.33740234375,0.63409423828125,0.386474609375
424,2,0.517578125,0.551788330078125,0.3311767578125,0.5961151123046875,0.3714803457260132
425,2,0.94921875,6.103515625e-05,0.2970377802848816,0.2545166015625,0.6917318105697632
425,2,0.81396484375,0.7987060546875,0.34326171875,0.8946533203125,0.406982421875
425,2,0.810546875,0.6220703125,0.3366292119026184,0.704742431640625,0.4145507216453552
425,2,0.7939453125,0.508270263671875,0.3332926332950592,0.56524658203125,0.3923136293888092
425,2,0.73388671875,0.4005126953125,0.3259684443473816,0.4694976806640625,0.3977051377296448
425,2,0.560546875,0.58587646484375,0.3333333432674408,0.63916015625,0.3766683042049408
426,2,0.94384765625,0.0,0.2980143427848816,0.264404296875,0.6858724355697632
426,2,0.83544921875,0.816436767578125,0.3455607295036316,0.919708251953125,0.4102173447608948
426,2,0.796875,0.62286376953125,0.3380940556526184,0.707672119140625,0.4158121943473816
426,2,0.763671875,0.40203857421875,0.32440185546875,0.4736175537109375,0.3982137441635132
426,2,0.73876953125,0.5090484619140625,0.3333943784236908,0.5676422119140625,0.3936971127986908
426,2,0.62060546875,0.59130859375,0.33465576171875,0.6390838623046875,0.37652587890625
426,2,0.5859375,0.296966552734375,0.3289794921875,0.371063232421875,0.368408203125
427,2,0.9482421875,6.103515625e-05,0.298583984375,0.2706298828125,0.6656900644302368
427,2,0.8828125,0.834197998046875,0.3438720703125,0.944122314453125,0.4192708730697632
427,2,0.763671875,0.4017333984375,0.32684326171875,0.4758453369140625,0.4016927480697632
427,2,0.75830078125,0.509368896484375,0.3392537534236908,0.5677947998046875,0.3949788510799408
427,2,0.74755859375,0.62298583984375,0.3375651240348816,0.7071533203125,0.4175618290901184
427,2,0.5537109375,0.591644287109375,0.33428955078125,0.6426849365234375,0.3805135488510132
428,2,0.927734375,6.103515625e-05,0.3035481572151184,0.2779541015625,0.6661783456802368
428,2,0.8447265625,0.8524169921875,0.3497314453125,0.977783203125,0.4283853769302368
428,2,0.78173828125,0.50860595703125,0.3406575620174408,0.5684051513671875,0.3976643979549408
428,2,0.7802734375,0.401641845703125,0.3271687626838684,0.4743499755859375,0.4028117060661316
428,2,0.7529296875,0.6246337890625,0.3404541015625,0.710174560546875,0.4201456308364868
428,2,0.5634765625,0.584930419921875,0.3380533754825592,0.639801025390625,0.3866983950138092
428,2,0.5205078125,0.96148681640625,0.3631998896598816,0.9990997314453125,0.4115601181983948
429,2,0.93408203125,0.0,0.3055827021598816,0.28271484375,0.66650390625
429,2,0.89453125,0.87530517578125,0.3513997495174408,0.99615478515625,0.4356282651424408
429,2,0.78369140625,0.400787353515625,0.3296101689338684,0.474456787109375,0.4061686396598816
429,2,0.767578125,0.5079498291015625,0.3423258364200592,0.5665130615234375,0.4028727114200592
429,2,0.76416015625,0.626708984375,0.3454793095588684,0.714324951171875,0.4228312373161316
429,2,0.5947265625,0.589752197265625,0.34033203125,0.6403656005859375,0.3894857168197632
430,2,0.9111328125,-0.0001220703125,0.310791015625,0.2896728515625,0.64404296875
430,2,0.88037109375,0.899810791015625,0.3560384213924408,0.997833251953125,0.4381917417049408
430,2,0.802734375,0.62579345703125,0.3431803584098816,0.715545654296875,0.4275715947151184
430,2,0.74658203125,0.399169921875,0.3317667841911316,0.47509765625,0.4087727665901184
430,2,0.6943359375,0.50665283203125,0.3425700068473816,0.569305419921875,0.4042561650276184
430,2,0.5966796875,0.5963592529296875,0.34344482421875,0.6419677734375,0.39373779296875
431,2,0.92431640625,0.0001220703125,0.31103515625,0.298828125,0.6326497793197632
431,2,0.8056640625,0.62811279296875,0.3426920771598816,0.71771240234375,0.4249268174171448
431,2,0.7578125,0.395233154296875,0.3270060122013092,0.4744110107421875,0.4070231020450592
431,2,0.75390625,0.92877197265625,0.3495280146598816,0.998687744140625,0.4427490830421448
431,2,0.71826171875,0.508056640625,0.34478759765625,0.572540283203125,0.4047037363052368
431,2,0.51513671875,0.59490966796875,0.3368733525276184,0.64697265625,0.3883463740348816
432,2,0.93408203125,0.0003662109375,0.3118489384651184,0.3031005859375,0.63330078125
432,2,0.80712890625,0.6309814453125,0.3441365361213684,0.71905517578125,0.4276122450828552
432,2,0.78564453125,0.5083160400390625,0.3426513671875,0.571685791015625,0.4033609628677368
432,2,0.767578125,0.403228759765625,0.3277181088924408,0.475341796875,0.4045613706111908
432,2,0.572265625,0.957183837890625,0.3420816957950592,0.999755859375,0.4532877504825592
432,2,0.552734375,0.592376708984375,0.34222412109375,0.6468963623046875,0.3888143301010132
433,2,0.9248046875,0.000244140625,0.3190104365348816,0.309326171875,0.61865234375
433,2,0.80712890625,0.401092529296875,0.3321736454963684,0.478363037109375,0.4089354872703552
433,2,0.7919921875,0.5100250244140625,0.34857177734375,0.57379150390625,0.4077554941177368
433,2,0.755859375,0.634246826171875,0.3497721254825592,0.722686767578125,0.4322306215763092
434,2,0.94287109375,0.0001220703125,0.3213704228401184,0.3145751953125,0.602294921875
434,2,0.7998046875,0.5143585205078125,0.3470662534236908,0.574371337890625,0.4092610776424408
434,2,0.72021484375,0.6365966796875,0.349853515625,0.72705078125,0.4322103261947632
434,2,0.69189453125,0.40228271484375,0.3343098759651184,0.47998046875,0.4129638075828552
435,2,0.94189453125,0.0,0.3256022334098816,0.3255615234375,0.60791015625
435,2,0.79296875,0.6392822265625,0.3498128056526184,0.730560302734375,0.4379271864891052
435,2,0.78662109375,0.5141143798828125,0.35040283203125,0.5753173828125,0.4139810800552368
435,2,0.6806640625,0.40570068359375,0.3437907099723816,0.479736328125,0.4140625596046448
435,2,0.513671875,0.6091156005859375,0.3434041142463684,0.657379150390625,0.3966063857078552
436,2,0.9384765625,0.0001220703125,0.314697265625,0.328369140625,0.599853515625
436,2,0.81005859375,0.63824462890625,0.3394368588924408,0.732086181640625,0.4319661557674408
436,2,0.744140625,0.404876708984375,0.3225504755973816,0.479522705078125,0.4068196415901184
436,2,0.66357421875,0.48175048828125,0.3390095829963684,0.5740966796875,0.4000243544578552
436,2,0.50244140625,0.610321044921875,0.3334147036075592,0.6572265625,0.3896280825138092
437,2,0.9384765625,0.000244140625,0.323486328125,0.33154296875,0.587890625
437,2,0.80517578125,0.40045166015625,0.3277180790901184,0.4776611328125,0.4110106825828552
437,2,0.75439453125,0.6396484375,0.3441975712776184,0.735687255859375,0.4424235224723816
437,2,0.74462890625,0.51141357421875,0.3434244990348816,0.579559326171875,0.4068806767463684
437,2,0.548828125,0.61309814453125,0.3427327573299408,0.6590423583984375,0.3943074643611908
437,2,0.53759765625,0.373504638671875,0.3304239809513092,0.40960693359375,0.3761393129825592
438,2,0.9326171875,0.0001220703125,0.320068359375,0.333740234375,0.5997720956802368
438,2,0.82763671875,0.640960693359375,0.3436279296875,0.740264892578125,0.4393717050552368
438,2,0.7421875,0.51312255859375,0.3428955078125,0.581756591796875,0.4077962636947632
438,2,0.65869140625,0.399505615234375,0.3251953125,0.4742889404296875,0.4103597402572632
438,2,0.65625,0.6096954345703125,0.34051513671875,0.65875244140625,0.39361572265625
439,2,0.93408203125,0.0,0.3240559697151184,0.3394775390625,0.589111328125
439,2,0.77685546875,0.396331787109375,0.3253377377986908,0.471343994140625,0.4071858823299408
439,2,0.7705078125,0.512725830078125,0.3438720703125,0.5823211669921875,0.4055989980697632
439,2,0.7626953125,0.64324951171875,0.3418782651424408,0.738555908203125,0.4319661557674408
439,2,0.59228515625,0.6095428466796875,0.3364664614200592,0.6591644287109375,0.3917643129825592
440,2,0.93603515625,-0.0001220703125,0.329345703125,0.3414306640625,0.5884603261947632
440,2,0.8251953125,0.643890380859375,0.347900390625,0.7447509765625,0.4387613534927368
440,2,0.775390625,0.511627197265625,0.3450114130973816,0.58001708984375,0.4135335087776184
440,2,0.7373046875,0.38836669921875,0.3307291567325592,0.467071533203125,0.4145914614200592
440,2,0.58984375,0.6151123046875,0.3444620966911316,0.664031982421875,0.3966065049171448
441,2,0.8984375,0.0,0.322509765625,0.34521484375,0.5773111581802368
441,2,0.8251953125,0.64398193359375,0.3421224057674408,0.7452392578125,0.4386800229549408
441,2,0.77734375,0.3856201171875,0.32940673828125,0.462799072265625,0.4103597402572632
441,2,0.7314453125,0.50927734375,0.337890625,0.58074951171875,0.4083658456802368
442,2,0.9326171875,0.000244140625,0.3246256709098816,0.3472900390625,0.5874837636947632
442,2,0.85986328125,0.64263916015625,0.3422037661075592,0.747344970703125,0.4449869692325592
442,2,0.78515625,0.5095367431640625,0.3420817255973816,0.580078125,0.4125569462776184
442,2,0.75830078125,0.37841796875,0.3279215693473816,0.455413818359375,0.4145100712776184
442,2,0.55908203125,0.6135101318359375,0.3420003354549408,0.6612701416015625,0.3949788510799408
442,2,0.52880859375,0.5773773193359375,0.3359782099723816,0.621368408203125,0.3727417588233948
443,2,0.89599609375,0.0006103515625,0.3221842646598816,0.347900390625,0.56982421875
443,2,0.87060546875,0.64453125,0.3406168818473816,0.7528076171875,0.4473877549171448
443,2,0.796875,0.5094451904296875,0.3386637568473816,0.58050537109375,0.4127808213233948
443,2,0.7939453125,0.3699951171875,0.32366943359375,0.45037841796875,0.4109293222427368
443,2,0.6943359375,0.612884521484375,0.3359375,0.6687164306640625,0.39471435546875
443,2,0.61328125,0.575164794921875,0.3355509638786316,0.6228790283203125,0.3849487900733948
444,2,0.9140625,0.00048828125,0.318359375,0.34814453125,0.5670573115348816
444,2,0.8759765625,0.645477294921875,0.3360188603401184,0.75372314453125,0.4418131709098816
444,2,0.8017578125,0.3575439453125,0.3212076723575592,0.446685791015625,0.4116617739200592
444,2,0.75146484375,0.5112762451171875,0.3418375551700592,0.58099365234375,0.4093424379825592
444,2,0.689453125,0.611053466796875,0.3330484926700592,0.6688385009765625,0.3911539614200592
445,2,0.9150390625,0.0081787109375,0.3229166269302368,0.351318359375,0.5746256113052368
445,2,0.876953125,0.64605712890625,0.3459879755973816,0.75592041015625,0.4480794072151184
445,2,0.84619140625,0.509033203125,0.3449503481388092,0.580810546875,0.4147745668888092
445,2,0.78955078125,0.343902587890625,0.3265787661075592,0.427703857421875,0.4228922426700592
445,2,0.6845703125,0.61334228515625,0.3379719853401184,0.6728363037109375,0.3975016474723816
445,2,0.62255859375,0.5733795166015625,0.3382568359375,0.6211395263671875,0.38934326171875
446,2,0.931640625,0.013427734375,0.3263346552848816,0.3560791015625,0.583984375
446,2,0.8408203125,0.5099945068359375,0.344970703125,0.58160400390625,0.4189046621322632
446,2,0.83935546875,0.647064208984375,0.3462321162223816,0.759765625,0.4527588486671448
446,2,0.80419921875,0.33099365234375,0.3318277895450592,0.41796875,0.4241739809513092
446,2,0.72021484375,0.612884521484375,0.34210205078125,0.6751251220703125,0.4013671875
446,2,0.59521484375,0.5729217529296875,0.3431803286075592,0.6198272705078125,0.3991495668888092
447,2,0.93505859375,0.0205078125,0.3251138925552368,0.3558349609375,0.5834146738052368
447,2,0.892578125,0.646636962890625,0.34716796875,0.763458251953125,0.4515787363052368
447,2,0.85498046875,0.5092926025390625,0.34326171875,0.58001708984375,0.4173380136489868
447,2,0.7890625,0.31903076171875,0.322509765625,0.407470703125,0.4285888671875
447,2,0.71630859375,0.6119384765625,0.33795166015625,0.6773834228515625,0.4007568359375
447,2,0.6162109375,0.571533203125,0.3407999575138092,0.612884521484375,0.3887735903263092
448,2,0.9326171875,0.02587890625,0.3207193613052368,0.3585205078125,0.5687662363052368
448,2,0.90380859375,0.650360107421875,0.3411051332950592,0.765228271484375,0.4495035707950592
448,2,0.77001953125,0.304962158203125,0.3206787109375,0.392486572265625,0.4259847402572632
448,2,0.74951171875,0.508453369140625,0.3387044370174408,0.57940673828125,0.4137166440486908
448,2,0.6767578125,0.61199951171875,0.3333536982536316,0.6764373779296875,0.3955689072608948
448,2,0.5400390625,0.395599365234375,0.3253173828125,0.445465087890625,0.3730672597885132
449,2,0.9326171875,0.029541015625,0.3209635615348816,0.3603515625,0.565185546875
449,2,0.9111328125,0.65130615234375,0.3420817255973816,0.76922607421875,0.4532471299171448
449,2,0.7509765625,0.507537841796875,0.3438923954963684,0.579742431640625,0.4150797724723816
449,2,0.6845703125,0.2919921875,0.3172607421875,0.39105224609375,0.4097900390625
449,2,0.5439453125,0.613494873046875,0.3333536684513092,0.6773223876953125,0.3980509340763092
449,2,0.50390625,0.38653564453125,0.3279622495174408,0.440948486328125,0.3771565854549408
450,2,0.939453125,0.0306396484375,0.3214518427848816,0.361328125,0.568115234375
450,2,0.8828125,0.65447998046875,0.3440348207950592,0.77587890625,0.4538981020450592
450,2,0.67138671875,0.507781982421875,0.34356689453125,0.581085205078125,0.4084879159927368
450,2,0.640625,0.383087158203125,0.330322265625,0.43560791015625,0.376220703125
450,2,0.611328125,0.61651611328125,0.3327229619026184,0.6802978515625,0.3985392451286316
450,2,0.572265625,0.27105712890625,0.3240559995174408,0.3873291015625,0.4016927182674408
450,2,0.54345703125,0.333526611328125,0.3294677734375,0.38702392578125,0.4019979238510132
451,2,0.91357421875,0.02978515625,0.322265625,0.361083984375,0.5655924677848816
451,2,0.89111328125,0.65582275390625,0.3431803286075592,0.778656005859375,0.4546305239200592
451,2,0.794921875,0.615478515625,0.3328857421875,0.681884765625,0.397705078125
451,2,0.78662109375,0.5080413818359375,0.342529296875,0.58203125,0.4088541269302368
451,2,0.77099609375,0.311859130859375,0.3269246220588684,0.3787689208984375,0.4036661982536316
451,2,0.58251953125,0.3714752197265625,0.3282267451286316,0.433258056640625,0.3784790635108948
452,2,0.931640625,0.0301513671875,0.3228352665901184,0.3629150390625,0.5748697519302368
452,2,0.84814453125,0.65753173828125,0.3435465693473816,0.78289794921875,0.4581299424171448
452,2,0.7822265625,0.613067626953125,0.33416748046875,0.683441162109375,0.40118408203125
452,2,0.779296875,0.506256103515625,0.3430989384651184,0.581756591796875,0.4116820693016052
452,2,0.6884765625,0.3043212890625,0.3286539912223816,0.366943359375,0.4093831181526184
452,2,0.6064453125,0.3575592041015625,0.3314412236213684,0.40167236328125,0.3835856318473816
452,2,0.5390625,0.379364013671875,0.3257649540901184,0.4268951416015625,0.3808390498161316
453,2,0.93017578125,0.02880859375,0.3153482675552368,0.360595703125,0.5655924081802368
453,2,0.86474609375,0.66058349609375,0.341552734375,0.7900390625,0.4589029550552368
453,2,0.79296875,0.6143798828125,0.3311360776424408,0.684478759765625,0.3994954526424408
453,2,0.697265625,0.504852294921875,0.3388671875,0.5831298828125,0.41033935546875
453,2,0.57763671875,0.301513671875,0.3277587890625,0.363525390625,0.4021199941635132
453,2,0.53955078125,0.3515472412109375,0.3289998471736908,0.394134521484375,0.3849690854549408
453,2,0.537109375,0.375518798828125,0.32391357421875,0.4244384765625,0.3755899667739868
454,2,0.9208984375,0.0260009765625,0.3130696415901184,0.3563232421875,0.562744140625
454,2,0.89892578125,0.660400390625,0.337646484375,0.795745849609375,0.4600423574447632
454,2,0.7783203125,0.611846923828125,0.3301798701286316,0.68798828125,0.3988037705421448
454,2,0.7724609375,0.5051422119140625,0.3330485224723816,0.582763671875,0.4085896611213684
454,2,0.64013671875,0.36859130859375,0.32281494140625,0.419464111328125,0.37750244140625
454,2,0.55615234375,0.3359375,0.3244222104549408,0.386474609375,0.3874715268611908
455,2,0.90234375,0.0203857421875,0.3116862177848816,0.355224609375,0.562744140625
455,2,0.8984375,0.66253662109375,0.3396403193473816,0.8013916015625,0.4656982421875
455,2,0.8125,0.503509521484375,0.3344319462776184,0.58319091796875,0.4131469130516052
455,2,0.68701171875,0.615447998046875,0.3329264521598816,0.685211181640625,0.4031372666358948
455,2,0.65380859375,0.321685791015625,0.3273722529411316,0.3812408447265625,0.3895264267921448
455,2,0.59130859375,0.359130859375,0.32244873046875,0.410064697265625,0.3796793222427368
456,2,0.92822265625,0.66204833984375,0.3379719853401184,0.80621337890625,0.4705810546875
456,2,0.8984375,0.0172119140625,0.31640625,0.3548583984375,0.580322265625
456,2,0.73193359375,0.5005340576171875,0.3411865234375,0.58392333984375,0.4113973379135132
456,2,0.68994140625,0.61285400390625,0.3326619267463684,0.68505859375,0.4055785536766052
456,2,0.66259765625,0.3092803955078125,0.32635498046875,0.372528076171875,0.3949381113052368
456,2,0.625,0.360748291015625,0.3246052861213684,0.4070587158203125,0.3846434950828552
457,2,0.9111328125,0.016357421875,0.318115234375,0.356201171875,0.5770670175552368
457,2,0.89990234375,0.66632080078125,0.3377278447151184,0.8148193359375,0.4703776240348816
457,2,0.69873046875,0.5012969970703125,0.3351643681526184,0.58172607421875,0.4088541865348816
457,2,0.66455078125,0.300994873046875,0.3277994692325592,0.367584228515625,0.3962809145450592
457,2,0.65283203125,0.612518310546875,0.3317667841911316,0.69580078125,0.4100342392921448
457,2,0.63671875,0.34332275390625,0.3227131962776184,0.4042510986328125,0.3840128779411316
458,2,0.91943359375,0.0162353515625,0.314453125,0.358642578125,0.5674642324447632
458,2,0.89453125,0.67047119140625,0.3349609375,0.82220458984375,0.4746500849723816
458,2,0.78369140625,0.616058349609375,0.3283284604549408,0.704498291015625,0.4103597104549408
458,2,0.7724609375,0.504241943359375,0.332763671875,0.5831298828125,0.4056396484375
458,2,0.71044921875,0.3410491943359375,0.3154703974723816,0.398040771484375,0.3816528916358948
458,2,0.64892578125,-0.000213623046875,0.287353515625,0.108154296875,0.4960123896598816
458,2,0.5439453125,0.294677734375,0.3216552734375,0.359954833984375,0.3882242441177368
458,2,0.50390625,0.3935089111328125,0.314208984375,0.426605224609375,0.3568929433822632
459,2,0.91015625,0.016357421875,0.3150227665901184,0.3531494140625,0.5673828125
459,2,0.89453125,0.67364501953125,0.3365071415901184,0.833251953125,0.47900390625
459,2,0.81982421875,0.50384521484375,0.3381754755973816,0.582366943359375,0.4119465947151184
459,2,0.7099609375,0.3291015625,0.3206787109375,0.3899688720703125,0.3882650136947632
459,2,0.63134765625,0.616851806640625,0.3316650390625,0.703857421875,0.415283203125
459,2,0.53466796875,-0.000213623046875,0.2901204228401184,0.071685791015625,0.5162760615348816
459,0,0.52197265625,0.9146728515625,0.3341471552848816,0.955902099609375,0.4584961533546448
459,2,0.51416015625,0.377105712890625,0.317626953125,0.4216766357421875,0.3687744140625
460,2,0.9091796875,0.67864990234375,0.3368733525276184,0.84454345703125,0.4835612177848816
460,2,0.9072265625,0.00830078125,0.3111165165901184,0.3553466796875,0.567138671875
460,2,0.80908203125,0.501129150390625,0.3350016474723816,0.581512451171875,0.4108479619026184
460,2,0.703125,0.3227996826171875,0.3216349482536316,0.38861083984375,0.3903401494026184
460,2,0.6142578125,0.620574951171875,0.3326416015625,0.702545166015625,0.42144775390625
460,0,0.5810546875,0.9024810791015625,0.33056640625,0.948883056640625,0.4581705927848816
460,2,0.55517578125,0.3778839111328125,0.319091796875,0.4185638427734375,0.36767578125
461,2,0.9267578125,0.0091552734375,0.3095703125,0.355224609375,0.5773111581802368
461,2,0.89599609375,0.6834716796875,0.3349202573299408,0.8546142578125,0.4861653745174408
461,2,0.75146484375,0.315887451171875,0.31866455078125,0.3815765380859375,0.3904215097427368
461,2,0.6962890625,0.504425048828125,0.3350830078125,0.583038330078125,0.413818359375
461,2,0.59521484375,0.621551513671875,0.3315022587776184,0.705718994140625,0.4209391474723816
462,2,0.9326171875,0.0064697265625,0.3133952021598816,0.353759765625,0.5889486074447632
462,2,0.90478515625,0.68695068359375,0.33935546875,0.86492919921875,0.4946696162223816
462,2,0.83203125,0.501739501953125,0.3344319760799408,0.58331298828125,0.4227498471736908
462,2,0.83056640625,0.30511474609375,0.32513427734375,0.37982177734375,0.39794921875
462,2,0.61669921875,0.6222076416015625,0.334228515625,0.702728271484375,0.41522216796875
462,2,0.5400390625,0.000213623046875,0.3223469853401184,0.108062744140625,0.4512939453125
463,2,0.93017578125,0.0018310546875,0.3155924677848816,0.3551025390625,0.5930989980697632
463,2,0.91650390625,0.6925048828125,0.3408203125,0.8756103515625,0.5017496943473816
463,2,0.8212890625,0.502838134765625,0.3353678286075592,0.583160400390625,0.4257608950138092
463,2,0.7578125,0.297210693359375,0.3250528872013092,0.37469482421875,0.4020792543888092
463,2,0.7099609375,0.622802734375,0.3380940556526184,0.708892822265625,0.4176432490348816
464,2,0.9091796875,0.00244140625,0.3201497793197632,0.3516845703125,0.5977376699447632
464,2,0.90771484375,0.69500732421875,0.339111328125,0.888427734375,0.5061848759651184
464,2,0.8271484375,0.502288818359375,0.335205078125,0.58349609375,0.42645263671875
464,2,0.71435546875,0.84375,0.3310140073299408,0.9439697265625,0.4075520932674408
464,2,0.6767578125,0.622283935546875,0.3363850712776184,0.712432861328125,0.4145914912223816
464,2,0.64404296875,0.29229736328125,0.3238118290901184,0.387237548828125,0.4036661982536316
464,2,0.59814453125,-0.000274658203125,0.3138834834098816,0.10321044921875,0.482177734375
465,2,0.9267578125,0.0045166015625,0.3168131709098816,0.3526611328125,0.58837890625
465,2,0.91015625,0.70037841796875,0.3375651240348816,0.90380859375,0.509521484375
465,2,0.83203125,0.501373291015625,0.3332926332950592,0.58294677734375,0.4211832582950592
465,2,0.79443359375,0.624969482421875,0.3295084834098816,0.7117919921875,0.4168904423713684
465,2,0.6787109375,0.290374755859375,0.3214314579963684,0.37506103515625,0.3946532607078552
465,2,0.50927734375,-0.0001220703125,0.3173828125,0.067169189453125,0.5167643427848816
466,2,0.93505859375,0.00048828125,0.3165690302848816,0.347900390625,0.5884603261947632
466,2,0.91845703125,0.70501708984375,0.3395182490348816,0.915771484375,0.5154622197151184
466,2,0.86328125,0.499908447265625,0.3315836489200592,0.583099365234375,0.4202677309513092
466,2,0.81640625,0.627685546875,0.3318278193473816,0.711395263671875,0.4191284775733948
466,2,0.61962890625,0.2796630859375,0.32177734375,0.3770751953125,0.3871256113052368
467,2,0.93701171875,0.0003662109375,0.3145344853401184,0.3475341796875,0.587158203125
467,2,0.92431640625,0.711181640625,0.3395182490348816,0.9298095703125,0.5244140625
467,2,0.85205078125,0.49920654296875,0.3319091796875,0.583587646484375,0.42108154296875
467,2,0.84765625,0.629119873046875,0.332275390625,0.716583251953125,0.4185384511947632
467,2,0.62353515625,0.2740478515625,0.3197021484375,0.374969482421875,0.38958740234375
468,2,0.94189453125,0.0001220703125,0.3142904043197632,0.345458984375,0.5860189199447632
468,2,0.921875,0.714111328125,0.3397623300552368,0.9476318359375,0.5314127206802368
468,2,0.83251953125,0.49810791015625,0.33203125,0.58489990234375,0.4228311777114868
468,2,0.814453125,0.630584716796875,0.3309733271598816,0.72210693359375,0.4191895127296448
468,2,0.54638671875,0.599151611328125,0.32958984375,0.6473388671875,0.3729248046875
468,2,0.53515625,0.3074951171875,0.3245036005973816,0.3719635009765625,0.3887940049171448
468,2,0.5,0.70697021484375,0.3339436650276184,0.7464141845703125,0.3780924677848816
469,2,0.94384765625,-0.0001220703125,0.3135579228401184,0.3402099609375,0.5885416269302368
469,2,0.85888671875,0.71990966796875,0.3460286259651184,0.9644775390625,0.5304362177848816
469,2,0.833984375,0.49932861328125,0.3345133662223816,0.5867919921875,0.4268391728401184
469,2,0.818359375,0.632598876953125,0.3326416015625,0.722320556640625,0.4209798574447632
469,2,0.64892578125,0.2742919921875,0.3189697265625,0.366180419921875,0.3912353515625
470,2,0.9453125,0.0001220703125,0.3206380009651184,0.3345947265625,0.5939127206802368
470,2,0.8525390625,0.7274169921875,0.3478190302848816,0.9915771484375,0.553955078125
470,2,0.796875,0.494903564453125,0.3367919921875,0.586578369140625,0.4360758066177368
470,2,0.79638671875,0.634368896484375,0.3358561396598816,0.72650146484375,0.4287922978401184
470,2,0.69873046875,0.28668212890625,0.32513427734375,0.366302490234375,0.39788818359375
471,2,0.94189453125,0.0001220703125,0.3133952021598816,0.33154296875,0.587890625
471,2,0.8212890625,0.494842529296875,0.335205078125,0.5870361328125,0.4358316659927368
471,2,0.7841796875,0.636871337890625,0.3346354365348816,0.72906494140625,0.4278157353401184
471,2,0.74072265625,0.7333984375,0.3448893427848816,0.99951171875,0.5996907949447632
471,2,0.70166015625,0.278533935546875,0.3178303837776184,0.363250732421875,0.3961588740348816
471,2,0.60498046875,0.7213287353515625,0.3385009765625,0.764495849609375,0.3879190683364868
472,2,0.93017578125,0.0001220703125,0.3140462040901184,0.32958984375,0.5865885019302368
472,2,0.89599609375,0.740234375,0.3411458134651184,0.99798583984375,0.5563151240348816
472,2,0.82373046875,0.4927978515625,0.3307291865348816,0.5885009765625,0.4361572861671448
472,2,0.79296875,0.640838623046875,0.3323567509651184,0.732940673828125,0.4312743544578552
472,2,0.68994140625,0.271636962890625,0.3160400390625,0.358917236328125,0.3953043222427368
472,2,0.537109375,0.7256317138671875,0.33587646484375,0.7692108154296875,0.37548828125
473,2,0.92822265625,0.0001220703125,0.3169758915901184,0.327880859375,0.5885416269302368
473,2,0.873046875,0.74951171875,0.3426920771598816,0.9990234375,0.55615234375
473,2,0.833984375,0.493194580078125,0.3335368037223816,0.588897705078125,0.4379883408546448
473,2,0.77587890625,0.2674560546875,0.3140869140625,0.354705810546875,0.3992513418197632
473,2,0.73486328125,0.641326904296875,0.330810546875,0.738922119140625,0.4337158203125
473,2,0.52001953125,0.730560302734375,0.3384806513786316,0.777374267578125,0.3826497197151184
474,2,0.9326171875,0.0,0.316650390625,0.3277587890625,0.590087890625
474,2,0.88037109375,0.7591552734375,0.3470865488052368,0.99652099609375,0.5743814706802368
474,2,0.83447265625,0.492218017578125,0.333251953125,0.592010498046875,0.4438070058822632
474,2,0.8173828125,0.645263671875,0.3370768129825592,0.745269775390625,0.4350992739200592
474,2,0.70654296875,0.273468017578125,0.3212483525276184,0.3461151123046875,0.3918864130973816
474,2,0.64794921875,0.7308197021484375,0.3409830927848816,0.7846221923828125,0.3911336064338684
475,2,0.94140625,-0.0001220703125,0.3163248300552368,0.330078125,0.5882974863052368
475,2,0.87353515625,0.648956298828125,0.3336588740348816,0.748748779296875,0.4377442002296448
475,2,0.8583984375,0.76641845703125,0.3399251103401184,0.9954833984375,0.5819498896598816
475,2,0.83642578125,0.49224853515625,0.3334147334098816,0.59136962890625,0.4477131962776184
475,2,0.63525390625,0.7357177734375,0.3396199345588684,0.791351318359375,0.3825682997703552
475,2,0.62890625,0.26385498046875,0.3149210810661316,0.342803955078125,0.3969727158546448
475,2,0.51220703125,0.524658203125,0.29754638671875,0.636505126953125,0.3865152597427368
476,2,0.91650390625,-0.0001220703125,0.3152669072151184,0.3310546875,0.5849609375
476,2,0.89892578125,0.65069580078125,0.3305256962776184,0.754791259765625,0.4374999403953552
476,2,0.86865234375,0.491058349609375,0.3303629755973816,0.59466552734375,0.4511719346046448
476,2,0.83544921875,0.773681640625,0.3424478769302368,0.99652099609375,0.5919595956802368
476,2,0.60888671875,0.7457122802734375,0.338134765625,0.79986572265625,0.3831380605697632
476,2,0.51220703125,0.240478515625,0.3142496943473816,0.3353424072265625,0.4054566025733948
477,2,0.9140625,0.0,0.3152669668197632,0.3287353515625,0.5884603261947632
477,2,0.900390625,0.6527099609375,0.332763671875,0.759063720703125,0.4406331777572632
477,2,0.857421875,0.487884521484375,0.3334147334098816,0.59613037109375,0.4536133408546448
477,2,0.85400390625,0.78057861328125,0.3458659052848816,0.9937744140625,0.6031087636947632
477,2,0.60498046875,0.747650146484375,0.3433431088924408,0.808685302734375,0.3974202573299408
478,2,0.9208984375,0.0001220703125,0.3114420771598816,0.3289794921875,0.5838216543197632
478,2,0.890625,0.65667724609375,0.3280436396598816,0.765045166015625,0.4385986924171448
478,2,0.88037109375,0.79144287109375,0.3461100459098816,0.99676513671875,0.6062825918197632
478,2,0.8671875,0.485107421875,0.3302409052848816,0.59967041015625,0.4515381455421448
478,2,0.6416015625,0.75384521484375,0.3352254033088684,0.81671142578125,0.3986205458641052
479,2,0.9072265625,0.0,0.306640625,0.32763671875,0.5641275644302368
479,2,0.89892578125,0.8013916015625,0.343994140625,0.99810791015625,0.6201986074447632
479,2,0.890625,0.660308837890625,0.3233642578125,0.77117919921875,0.4376627206802368
479,2,0.833984375,0.483154296875,0.3214924931526184,0.6029052734375,0.451416015625
479,2,0.681640625,0.7584991455078125,0.333251953125,0.820648193359375,0.3834635019302368
479,2,0.53662109375,-6.103515625e-05,0.3277994990348816,0.052398681640625,0.5093587040901184
480,2,0.9013671875,0.0,0.30908203125,0.3277587890625,0.5674642324447632
480,2,0.89990234375,0.8096923828125,0.3465169072151184,0.9996337890625,0.63134765625
480,2,0.89599609375,0.662353515625,0.3254801630973816,0.77783203125,0.4415283799171448
480,2,0.8857421875,0.478515625,0.3231201171875,0.6055908203125,0.460693359375
480,2,0.67138671875,0.7605743408203125,0.3329874873161316,0.821380615234375,0.4098713994026184
480,2,0.54052734375,0.807220458984375,0.3359782099723816,0.86041259765625,0.4250488877296448
481,2,0.9072265625,0.0001220703125,0.3072102665901184,0.330322265625,0.564453125
481,2,0.88525390625,0.82061767578125,0.3492838144302368,0.99945068359375,0.65283203125
481,2,0.88427734375,0.66766357421875,0.3267822265625,0.78375244140625,0.4445394277572632
481,2,0.87841796875,0.4759521484375,0.3264567255973816,0.6077880859375,0.4619140625
481,2,0.58740234375,0.7680511474609375,0.3327839970588684,0.823211669921875,0.3856200575828552
481,2,0.5634765625,0.8109130859375,0.3350830078125,0.867218017578125,0.4276123046875
482,2,0.919921875,0.6722412109375,0.3230794072151184,0.790496826171875,0.4441325068473816
482,2,0.90478515625,0.0,0.3035482168197632,0.3294677734375,0.5669759511947632
482,2,0.8984375,0.4776611328125,0.3233235478401184,0.6114501953125,0.4597575068473816
482,2,0.89599609375,0.83447265625,0.3429361581802368,0.9996337890625,0.68505859375
482,2,0.5361328125,0.7772369384765625,0.3291829228401184,0.8514404296875,0.3869628310203552
483,2,0.92333984375,0.474365234375,0.3224690556526184,0.6131591796875,0.4661865234375
483,2,0.89453125,0.67242431640625,0.320556640625,0.7947998046875,0.4425863027572632
483,2,0.892578125,0.0,0.303466796875,0.331787109375,0.568359375
483,2,0.8447265625,0.84564208984375,0.3487955629825592,0.99871826171875,0.6985677480697632
483,2,0.5849609375,0.786407470703125,0.3307291567325592,0.873992919921875,0.4209391176700592
484,2,0.92236328125,0.0001220703125,0.3042805790901184,0.330810546875,0.565673828125
484,2,0.90771484375,0.4677734375,0.3261311650276184,0.61492919921875,0.47314453125
484,2,0.88525390625,0.675537109375,0.3235270380973816,0.80084228515625,0.4464111924171448
484,2,0.869140625,0.8558349609375,0.3509114384651184,0.9991455078125,0.6656087040901184
484,2,0.56591796875,0.781036376953125,0.3289387822151184,0.86492919921875,0.4265136122703552
485,2,0.93603515625,0.6787109375,0.3257243037223816,0.80670166015625,0.4482014775276184
485,2,0.91650390625,0.0003662109375,0.3089192509651184,0.3321533203125,0.57421875
485,2,0.9091796875,0.46746826171875,0.3259684443473816,0.6151123046875,0.4832356572151184
485,2,0.8642578125,0.8660888671875,0.3544921875,0.998321533203125,0.65087890625
485,2,0.64697265625,0.7918701171875,0.3297119140625,0.86865234375,0.4287515878677368
485,2,0.50537109375,0.644805908203125,0.329833984375,0.6937103271484375,0.3929036855697632
486,2,0.91015625,0.0,0.3052571415901184,0.334228515625,0.5577799081802368
486,2,0.90478515625,0.4625244140625,0.3201904296875,0.6170654296875,0.4852702021598816
486,2,0.87353515625,0.680572509765625,0.3206787109375,0.8106689453125,0.4475504755973816
486,2,0.853515625,0.8760986328125,0.3553873598575592,0.9979248046875,0.6468099355697632
486,2,0.61328125,0.792510986328125,0.3297526240348816,0.87164306640625,0.4241943955421448
486,2,0.53564453125,0.64422607421875,0.33123779296875,0.694122314453125,0.39111328125
487,2,0.9208984375,0.6829833984375,0.3237711489200592,0.8154296875,0.4538981020450592
487,2,0.91259765625,0.46099853515625,0.3257649838924408,0.617919921875,0.4908040463924408
487,2,0.8935546875,0.01171875,0.3115234375,0.33575439453125,0.5598958134651184
487,2,0.822265625,0.88714599609375,0.3653157353401184,0.998504638671875,0.6475422978401184
487,2,0.53466796875,-0.000335693359375,0.3069661557674408,0.097503662109375,0.3829549252986908
488,2,0.91357421875,0.6868896484375,0.3248291015625,0.8187255859375,0.4562581181526184
488,2,0.9111328125,0.46160888671875,0.3263346552848816,0.6226806640625,0.4991455078125
488,2,0.896484375,0.01953125,0.3124186396598816,0.33551025390625,0.558349609375
488,2,0.86328125,0.896392822265625,0.3675130307674408,0.999114990234375,0.6486002206802368
488,2,0.65576171875,6.103515625e-05,0.31103515625,0.09710693359375,0.4864909052848816
489,2,0.919921875,0.4586181640625,0.3225911259651184,0.62554931640625,0.5063883662223816
489,2,0.91357421875,0.68975830078125,0.3274739682674408,0.821624755859375,0.4596761167049408
489,2,0.9052734375,0.02587890625,0.3140462040901184,0.33795166015625,0.5572916865348816
489,2,0.84765625,0.902191162109375,0.3802897334098816,0.998504638671875,0.6495768427848816
489,2,0.5625,-0.0003662109375,0.3184814453125,0.094879150390625,0.3861898183822632
489,2,0.51220703125,0.817535400390625,0.3347981572151184,0.903778076171875,0.4340819716453552
490,2,0.93701171875,0.68878173828125,0.3258463740348816,0.825653076171875,0.4599202275276184
490,2,0.916015625,0.0411376953125,0.313720703125,0.34375,0.5530598759651184
490,2,0.9111328125,0.4547119140625,0.3189290761947632,0.6280517578125,0.5110677480697632
490,2,0.82470703125,0.90557861328125,0.3849284052848816,0.998504638671875,0.6512858271598816
490,2,0.57666015625,0.008544921875,0.3193359375,0.088592529296875,0.378173828125
491,2,0.9248046875,0.0557861328125,0.31689453125,0.3455810546875,0.551513671875
491,2,0.91943359375,0.69207763671875,0.325927734375,0.82940673828125,0.4601643681526184
491,2,0.9091796875,0.4520263671875,0.3232421875,0.6322021484375,0.5207926630973816
491,2,0.6708984375,0.910491943359375,0.3832193911075592,0.99920654296875,0.6553548574447632
491,2,0.5712890625,0.81951904296875,0.3350422978401184,0.9093017578125,0.4313151240348816
491,2,0.5400390625,0.00921630859375,0.3212483525276184,0.079193115234375,0.3782755732536316
492,2,0.9267578125,0.6927490234375,0.3255615234375,0.83770751953125,0.4659423828125
492,2,0.92333984375,0.06494140625,0.3173828125,0.3453369140625,0.54931640625
492,2,0.919921875,0.447021484375,0.31884765625,0.63275146484375,0.5253092646598816
492,2,0.732421875,0.910491943359375,0.3645833730697632,0.99920654296875,0.6533203125
492,2,0.6298828125,-0.000152587890625,0.3274739682674408,0.082672119140625,0.4844563901424408
492,2,0.501953125,0.831787109375,0.3367106020450592,0.919219970703125,0.4377848207950592
493,2,0.9375,0.0771484375,0.3173828125,0.35052490234375,0.53759765625
493,2,0.93408203125,0.69268798828125,0.3257649540901184,0.8385009765625,0.4662272334098816
493,2,0.90771484375,0.44488525390625,0.3159993290901184,0.6380615234375,0.5306803584098816
493,2,0.771484375,0.908172607421875,0.3636881411075592,0.998748779296875,0.6529134511947632
493,2,0.748046875,6.103515625e-05,0.3189290165901184,0.083160400390625,0.494140625
494,2,0.9384765625,0.69451904296875,0.3280436396598816,0.842041015625,0.466064453125
494,2,0.9248046875,0.0916748046875,0.319091796875,0.3533935546875,0.5374348759651184
494,2,0.9052734375,0.44207763671875,0.3196614980697632,0.63995361328125,0.5374349355697632
494,2,0.83544921875,-0.000244140625,0.3238932490348816,0.08587646484375,0.4877522587776184
494,2,0.76953125,0.90594482421875,0.3572590947151184,0.998626708984375,0.6563313603401184
494,2,0.59521484375,0.844451904296875,0.3469035029411316,0.933349609375,0.4351807236671448
495,2,0.93505859375,0.69647216796875,0.3291422724723816,0.84637451171875,0.466552734375
495,2,0.91748046875,0.1026611328125,0.3202310800552368,0.35601806640625,0.5309244394302368
495,2,0.89990234375,0.4390869140625,0.3214518427848816,0.63873291015625,0.5408528447151184
495,2,0.8583984375,0.8975830078125,0.3787434697151184,0.997894287109375,0.6553547978401184
495,2,0.83544921875,0.0,0.3221028447151184,0.10675048828125,0.48583984375
495,2,0.5947265625,0.594879150390625,0.3370361328125,0.689300537109375,0.4140421152114868
495,2,0.5703125,0.8465576171875,0.3416544795036316,0.9339599609375,0.4336751103401184
495,9,0.5361328125,0.2806396484375,0.1973876953125,0.297027587890625,0.2586873471736908
496,2,0.927734375,0.69891357421875,0.3264566957950592,0.8516845703125,0.4656168520450592
496,2,0.91357421875,0.11822509765625,0.3213704228401184,0.361572265625,0.525146484375
496,2,0.89501953125,0.4361572265625,0.3219401240348816,0.6439208984375,0.5435383915901184
496,2,0.88037109375,0.893402099609375,0.3767903447151184,0.998779296875,0.6570637822151184
496,2,0.84765625,6.103515625e-05,0.3248698115348816,0.084503173828125,0.4906819462776184
496,9,0.5166015625,0.817108154296875,0.2017008662223816,0.839996337890625,0.2612101435661316
497,2,0.9384765625,0.1312255859375,0.322021484375,0.3638916015625,0.523193359375
497,2,0.92236328125,0.70135498046875,0.330078125,0.85369873046875,0.4712321162223816
497,2,0.876953125,0.42950439453125,0.3247883915901184,0.64691162109375,0.55615234375
497,2,0.869140625,0.88983154296875,0.3694661855697632,0.99896240234375,0.656494140625
497,2,0.8037109375,-6.103515625e-05,0.3282063901424408,0.076019287109375,0.4961751401424408
497,2,0.55908203125,0.86236572265625,0.3500162959098816,0.95196533203125,0.4534912705421448
497,2,0.55908203125,0.0531005859375,0.3246052861213684,0.138092041015625,0.3710326552391052
497,2,0.55224609375,0.1349334716796875,0.32110595703125,0.20294189453125,0.37396240234375
497,2,0.54296875,0.66485595703125,0.3380940854549408,0.7108306884765625,0.4152425229549408
498,2,0.9404296875,0.14410400390625,0.3250325918197632,0.367919921875,0.5126546621322632
498,2,0.91259765625,0.70233154296875,0.3319905400276184,0.85638427734375,0.4761962890625
498,2,0.86474609375,0.4256591796875,0.3284505009651184,0.64984130859375,0.5597330927848816
498,2,0.84912109375,0.88299560546875,0.3681640625,0.998565673828125,0.6552734375
498,2,0.7099609375,0.856689453125,0.346923828125,0.95489501953125,0.444580078125
498,2,0.70947265625,3.0517578125e-05,0.327392578125,0.065399169921875,0.4998779296875
498,2,0.66259765625,0.13555908203125,0.3216145634651184,0.203094482421875,0.3718058466911316
498,2,0.59521484375,0.66021728515625,0.3396809995174408,0.7030181884765625,0.4181722104549408
498,2,0.5439453125,-0.00030517578125,0.3238525390625,0.059417724609375,0.37811279296875
498,2,0.52099609375,0.343536376953125,0.32196044921875,0.3978118896484375,0.36859130859375
499,2,0.939453125,0.1549072265625,0.3245443105697632,0.37213134765625,0.5078939199447632
499,2,0.90625,0.703643798828125,0.3312174379825592,0.85968017578125,0.4773356020450592
499,2,0.869140625,0.421875,0.3255208134651184,0.6475830078125,0.567138671875
499,2,0.82470703125,0.8780517578125,0.3693033754825592,0.998046875,0.6599935293197632
499,2,0.7421875,0.12969970703125,0.3192545771598816,0.200958251953125,0.3714802861213684
499,2,0.68310546875,0.86102294921875,0.3475748598575592,0.9580078125,0.4440104067325592
499,2,0.626953125,0.6653289794921875,0.3414306640625,0.7072906494140625,0.4189859628677368
499,2,0.6162109375,-9.1552734375e-05,0.3440755307674408,0.05352783203125,0.4982503354549408
499,9,0.541015625,0.265838623046875,0.1907145082950592,0.281829833984375,0.2552083432674408
499,2,0.5263671875,0.042694091796875,0.32501220703125,0.131256103515625,0.3694661855697632
499,2,0.50390625,-0.0001983642578125,0.3255818784236908,0.046417236328125,0.3769124448299408
500,2,0.9375,0.1697998046875,0.323974609375,0.376953125,0.5020344853401184
500,2,0.9072265625,0.70782470703125,0.331787109375,0.8658447265625,0.4803059697151184
500,2,0.90380859375,0.4228515625,0.3271484375,0.65283203125,0.5686848759651184
500,2,0.83203125,0.87237548828125,0.3655599057674408,0.997222900390625,0.6559244394302368
500,2,0.681640625,0.126068115234375,0.3222859501838684,0.1961669921875,0.3715819716453552
500,2,0.57470703125,0.6688385009765625,0.3426513671875,0.7070159912109375,0.4199625253677368
500,2,0.53955078125,-0.000152587890625,0.3721923828125,0.0387725830078125,0.4981689453125
500,2,0.53173828125,0.86700439453125,0.3475748598575592,0.95953369140625,0.4407145082950592
500,9,0.5107421875,0.263153076171875,0.1907552182674408,0.279144287109375,0.2482706606388092
500,2,0.50732421875,0.59503173828125,0.3353475034236908,0.676055908203125,0.4184163510799408
501,2,0.93359375,0.18341064453125,0.3247883915901184,0.3824462890625,0.4975993037223816
501,2,0.91748046875,0.70916748046875,0.3306071162223816,0.87091064453125,0.4829915165901184
501,2,0.8798828125,0.420654296875,0.325439453125,0.65570068359375,0.5768228769302368
501,2,0.81982421875,0.8682861328125,0.3628743290901184,0.998138427734375,0.6573079228401184
501,2,0.74853515625,0.123992919921875,0.32427978515625,0.190765380859375,0.3697103261947632
501,2,0.57373046875,0.66912841796875,0.3429768979549408,0.727142333984375,0.4217122495174408
501,2,0.53955078125,0.1869354248046875,0.3234660029411316,0.2367401123046875,0.3668213486671448
501,2,0.51123046875,-0.000244140625,0.3697916567325592,0.04736328125,0.8396810293197632
502,2,0.93017578125,0.19439697265625,0.3248698115348816,0.38446044921875,0.4906005859375
502,2,0.9248046875,0.71087646484375,0.3320719599723816,0.8734130859375,0.48388671875
502,2,0.88134765625,0.86376953125,0.3568522036075592,0.998626708984375,0.6607259511947632
502,2,0.86865234375,0.4171142578125,0.3232421875,0.66064453125,0.5743001699447632
502,2,0.7841796875,-0.0001220703125,0.34130859375,0.101776123046875,0.8095703125
502,2,0.74462890625,0.1202392578125,0.3224894404411316,0.19256591796875,0.3717041611671448
502,2,0.61767578125,0.035552978515625,0.32537841796875,0.12109375,0.3695474863052368
502,2,0.54296875,0.6685638427734375,0.3420003056526184,0.7100677490234375,0.4222411513328552
502,2,0.5126953125,0.849365234375,0.3368327021598816,0.98028564453125,0.4448242783546448
503,2,0.92919921875,0.20477294921875,0.3253580629825592,0.3897705078125,0.4838053286075592
503,2,0.9150390625,0.7127685546875,0.3307291865348816,0.87420654296875,0.484375
503,2,0.88818359375,0.40972900390625,0.3236491084098816,0.6639404296875,0.5849609375
503,2,0.83447265625,0.8602294921875,0.3567708134651184,0.99810791015625,0.6602376103401184
503,2,0.82568359375,-0.00048828125,0.2615559697151184,0.14373779296875,0.8142903447151184
503,2,0.75390625,0.12030029296875,0.3202107548713684,0.189971923828125,0.3700560927391052
503,2,0.7099609375,0.032928466796875,0.3223876953125,0.119537353515625,0.3692220449447632
503,2,0.64013671875,0.67083740234375,0.3432820439338684,0.732757568359375,0.4224039912223816
503,2,0.53076171875,0.1786346435546875,0.3271281123161316,0.2211761474609375,0.3671875596046448
504,2,0.927734375,0.21484375,0.3249104619026184,0.395263671875,0.4801432490348816
504,2,0.919921875,0.71435546875,0.3304036259651184,0.879638671875,0.486083984375
504,2,0.91259765625,0.4061279296875,0.3223470449447632,0.6671142578125,0.5943197011947632
504,2,0.8671875,0.8572998046875,0.3601888120174408,0.9971923828125,0.6600748300552368
504,2,0.79150390625,-0.00030517578125,0.2272135615348816,0.1767578125,0.7792969346046448
504,2,0.708984375,0.671478271484375,0.3475138545036316,0.73468017578125,0.4232380986213684
504,2,0.7080078125,0.1186676025390625,0.3208414912223816,0.186859130859375,0.3696289658546448
504,2,0.5361328125,0.179412841796875,0.3249918818473816,0.2187347412109375,0.3668416142463684
505,2,0.92578125,0.22271728515625,0.3234456181526184,0.39910888671875,0.4739990234375
505,2,0.91015625,0.7152099609375,0.3311767578125,0.8836669921875,0.4855143427848816
505,2,0.888671875,0.40283203125,0.32373046875,0.66748046875,0.60009765625
505,2,0.88671875,-0.0003662109375,0.2286783754825592,0.20294189453125,0.7706705331802368
505,2,0.81640625,0.85003662109375,0.3577474355697632,0.998779296875,0.6630859375
505,9,0.6591796875,0.246368408203125,0.1811930239200592,0.2662200927734375,0.24981689453125
505,2,0.64306640625,0.6717529296875,0.34564208984375,0.733367919921875,0.42327880859375
505,2,0.62451171875,0.1258697509765625,0.3205159604549408,0.18548583984375,0.3671468198299408
505,2,0.52099609375,0.177398681640625,0.32684326171875,0.217498779296875,0.3651529550552368
506,2,0.9375,0.2353515625,0.324462890625,0.4031982421875,0.4658610224723816
506,2,0.9208984375,0.7159423828125,0.3318277895450592,0.88531494140625,0.4862467348575592
506,2,0.88818359375,-0.0001220703125,0.22753912210464478,0.2283935546875,0.835286557674408
506,2,0.86181640625,0.400390625,0.3241373300552368,0.67333984375,0.6046549081802368
506,2,0.8408203125,0.8468017578125,0.3515625,0.9990234375,0.673095703125
506,9,0.57666015625,0.24468994140625,0.1785685122013092,0.2654266357421875,0.2525634765625
506,2,0.50341796875,0.671600341796875,0.3453369140625,0.7348785400390625,0.4222818613052368
507,2,0.9384765625,-0.0003662109375,0.2360026240348816,0.2489013671875,0.8063151240348816
507,2,0.92919921875,0.2457275390625,0.3204752802848816,0.4049072265625,0.462646484375
507,2,0.92919921875,0.7166748046875,0.3331705629825592,0.88751220703125,0.4872232973575592
507,2,0.88720703125,0.399169921875,0.3223470449447632,0.6749267578125,0.6092122793197632
507,2,0.86572265625,0.84332275390625,0.3548176884651184,0.99853515625,0.6941731572151184
507,2,0.515625,0.372467041015625,0.28656005859375,0.47796630859375,0.3697916269302368
507,2,0.50439453125,0.607269287109375,0.3419189453125,0.68572998046875,0.4229532480239868
508,2,0.9404296875,-6.103515625e-05,0.2447916865348816,0.2637939453125,0.7711588740348816
508,2,0.9326171875,0.7169189453125,0.3318278193473816,0.8873291015625,0.488037109375
508,2,0.9208984375,0.2515869140625,0.3243815004825592,0.40484619140625,0.4598795473575592
508,2,0.88427734375,0.8377685546875,0.3546549379825592,0.9986572265625,0.6975911855697632
508,2,0.8828125,0.3995361328125,0.322265625,0.675048828125,0.6085611581802368
508,9,0.591796875,0.244415283203125,0.18255615234375,0.262115478515625,0.2470703125
508,2,0.58740234375,0.613555908203125,0.3438924252986908,0.6868896484375,0.4243367612361908
508,2,0.55078125,0.370025634765625,0.2861735224723816,0.4755859375,0.3753255009651184
508,2,0.5283203125,0.673736572265625,0.3477579653263092,0.7371978759765625,0.4258829653263092
509,2,0.9560546875,0.00018310546875,0.2547200322151184,0.28173828125,0.71142578125
509,2,0.9267578125,0.71771240234375,0.3321533203125,0.88580322265625,0.48974609375
509,2,0.89599609375,0.3990478515625,0.3238118290901184,0.67529296875,0.6102701425552368
509,2,0.89501953125,0.8345947265625,0.3505859375,0.99853515625,0.6896158456802368
509,2,0.88818359375,0.269622802734375,0.3243001103401184,0.40325927734375,0.4579264521598816
509,2,0.55908203125,0.673126220703125,0.34710693359375,0.7384185791015625,0.4266153573989868
509,2,0.5419921875,0.612152099609375,0.342529296875,0.691802978515625,0.4249471426010132
509,9,0.5283203125,0.2436676025390625,0.1827596127986908,0.261627197265625,0.2489013671875
510,2,0.939453125,0.0001220703125,0.2576497793197632,0.29833984375,0.6892904043197632
510,2,0.92578125,0.71783447265625,0.3323567509651184,0.88507080078125,0.4903971552848816
510,2,0.91162109375,0.83013916015625,0.3470052182674408,0.99957275390625,0.6788736581802368
510,2,0.89990234375,0.3980712890625,0.3233236074447632,0.6761474609375,0.6170247793197632
510,2,0.89208984375,0.287109375,0.3238118290901184,0.411529541015625,0.4546305537223816
510,2,0.5888671875,0.610443115234375,0.3423665165901184,0.68719482421875,0.4262492060661316
510,2,0.552734375,0.37432861328125,0.2862752079963684,0.475738525390625,0.3672282099723816
510,2,0.537109375,0.674346923828125,0.3480428159236908,0.7400360107421875,0.4279378354549408
511,2,0.94921875,0.0003662109375,0.2644857168197632,0.3135986328125,0.6487630605697632
511,2,0.93115234375,0.71807861328125,0.3339030146598816,0.88360595703125,0.4903157353401184
511,2,0.890625,0.823974609375,0.3484700322151184,0.999664306640625,0.6966145634651184
511,2,0.88427734375,0.394287109375,0.3260905146598816,0.6756591796875,0.6158040761947632
511,2,0.84619140625,0.28509521484375,0.3277994692325592,0.418426513671875,0.4549967348575592
511,2,0.6611328125,0.67352294921875,0.34820556640625,0.7367095947265625,0.428955078125
511,2,0.5947265625,0.378997802734375,0.2903645634651184,0.47589111328125,0.3641154170036316
511,9,0.50390625,0.24359130859375,0.1834920048713684,0.262847900390625,0.2518513798713684
512,2,0.9580078125,0.000244140625,0.2711588740348816,0.3250732421875,0.6279296875
512,2,0.92236328125,0.71783447265625,0.3347981572151184,0.88165283203125,0.491943359375
512,2,0.89501953125,0.3939208984375,0.3289387822151184,0.67578125,0.618408203125
512,2,0.8935546875,0.8184814453125,0.3466796875,0.9993896484375,0.6857095956802368
512,2,0.8310546875,0.297088623046875,0.3293864130973816,0.416748046875,0.4539795517921448
512,2,0.64013671875,0.674072265625,0.34814453125,0.73638916015625,0.428955078125
512,2,0.6015625,0.38128662109375,0.2901204526424408,0.475372314453125,0.3617757260799408
512,2,0.50732421875,0.605987548828125,0.3445841670036316,0.682098388671875,0.4281006455421448
513,2,0.9560546875,0.0001220703125,0.2781575322151184,0.3336181640625,0.607666015625
513,2,0.92431640625,0.71795654296875,0.3352864384651184,0.87841796875,0.4921061396598816
513,2,0.89501953125,0.3958740234375,0.3282877206802368,0.6756591796875,0.6185709238052368
513,2,0.8935546875,0.81549072265625,0.3468424379825592,0.9993896484375,0.6685384511947632
513,2,0.87060546875,0.30035400390625,0.3271077275276184,0.41845703125,0.4520263075828552
513,2,0.63525390625,0.67364501953125,0.34832763671875,0.7362213134765625,0.4290364980697632
513,2,0.58203125,0.3814697265625,0.290283203125,0.47503662109375,0.3644205331802368
514,2,0.9404296875,0.0,0.2828776240348816,0.343994140625,0.591796875
514,2,0.9208984375,0.7183837890625,0.3341471552848816,0.880126953125,0.4915364384651184
514,2,0.90283203125,0.81298828125,0.3515625,0.99920654296875,0.65966796875
514,2,0.8818359375,0.3916015625,0.322998046875,0.6766357421875,0.6182454824447632
514,2,0.80908203125,0.31378173828125,0.3280029296875,0.4224853515625,0.4463704824447632
514,2,0.60009765625,0.38067626953125,0.2881266176700592,0.472259521484375,0.3617960512638092
514,2,0.546875,0.6751708984375,0.3493855595588684,0.738006591796875,0.4285888075828552
515,2,0.9326171875,0.0277099609375,0.2843424677848816,0.3525390625,0.577392578125
515,2,0.9248046875,0.81005859375,0.3513997197151184,0.9990234375,0.6629231572151184
515,2,0.92236328125,0.71826171875,0.3341471552848816,0.8797607421875,0.4910481572151184
515,2,0.8828125,0.3865966796875,0.3214518427848816,0.6767578125,0.6184896230697632
515,2,0.8017578125,0.320709228515625,0.3294677734375,0.419830322265625,0.4430338144302368
515,2,0.6298828125,0.380462646484375,0.28900146484375,0.47265625,0.367431640625
515,2,0.56396484375,0.674224853515625,0.3499552309513092,0.7379150390625,0.4289957582950592
516,2,0.94384765625,0.057373046875,0.287109375,0.35888671875,0.565673828125
516,2,0.92333984375,0.8060302734375,0.3523763120174408,0.9990234375,0.6583658456802368
516,2,0.9208984375,0.71826171875,0.334716796875,0.8751220703125,0.4905598759651184
516,2,0.8896484375,0.3907470703125,0.3241373300552368,0.676513671875,0.6166177988052368
516,2,0.798828125,0.323089599609375,0.3265380859375,0.42205810546875,0.4412841796875
516,2,0.57080078125,0.67486572265625,0.3500162959098816,0.737945556640625,0.4288330674171448
516,2,0.51953125,0.60498046875,0.3434244990348816,0.69683837890625,0.4281819462776184
516,2,0.515625,0.381805419921875,0.2886759638786316,0.471771240234375,0.3642781376838684
517,2,0.94287109375,0.080810546875,0.2880859375,0.3656005859375,0.553466796875
517,2,0.9248046875,0.71832275390625,0.3343098759651184,0.8741455078125,0.491455078125
517,2,0.92333984375,0.80535888671875,0.3509114384651184,0.99853515625,0.64404296875
517,2,0.88720703125,0.3909912109375,0.3235677480697632,0.6768798828125,0.6175130605697632
517,2,0.79638671875,0.33575439453125,0.324462890625,0.4198760986328125,0.4402261972427368
517,2,0.60400390625,0.377716064453125,0.288330078125,0.471466064453125,0.3601278066635132
517,2,0.5732421875,0.674591064453125,0.3487141728401184,0.737884521484375,0.4288329482078552
517,2,0.51220703125,0.6041259765625,0.3432210385799408,0.69769287109375,0.4284261167049408
518,2,0.927734375,0.7183837890625,0.3341878354549408,0.87432861328125,0.4912923276424408
518,2,0.92333984375,0.80426025390625,0.35009765625,0.99871826171875,0.6398111581802368
518,2,0.90625,0.1038818359375,0.2911784052848816,0.372314453125,0.5467122793197632
518,2,0.89111328125,0.3936767578125,0.32470703125,0.6766357421875,0.6171875
518,2,0.73779296875,0.341094970703125,0.3312174379825592,0.420318603515625,0.4402262270450592
518,2,0.62255859375,0.38153076171875,0.2876994013786316,0.47222900390625,0.3626099228858948
518,2,0.5439453125,0.6749267578125,0.3487752377986908,0.7384185791015625,0.4287923276424408
518,9,0.5,0.2429351806640625,0.1810302734375,0.262451171875,0.2547607421875
519,2,0.92822265625,0.71826171875,0.3347981572151184,0.87335205078125,0.4921875
519,2,0.91845703125,0.80352783203125,0.3497720956802368,0.99871826171875,0.6400552988052368
519,2,0.9013671875,0.392578125,0.3243815302848816,0.6767578125,0.6181640625
519,2,0.89892578125,0.12646484375,0.2967122197151184,0.3765869140625,0.534912109375
519,2,0.7607421875,0.3489990234375,0.3326823115348816,0.422882080078125,0.4409993290901184
519,2,0.6337890625,0.674652099609375,0.3488362431526184,0.7379608154296875,0.4284667372703552
519,2,0.59765625,0.381011962890625,0.28839111328125,0.472259521484375,0.3623250722885132
519,9,0.509765625,0.2429962158203125,0.1809895932674408,0.262603759765625,0.2539469301700592
520,2,0.9248046875,0.71826171875,0.3341878056526184,0.87451171875,0.492431640625
520,2,0.921875,0.802978515625,0.3499349355697632,0.9986572265625,0.6416829824447632
520,2,0.91943359375,0.144775390625,0.300537109375,0.38299560546875,0.526611328125
520,2,0.888671875,0.3878173828125,0.324951171875,0.6766357421875,0.6162923574447632
520,2,0.76416015625,0.361602783203125,0.3313395380973816,0.42431640625,0.4368489384651184
520,9,0.56787109375,0.2428741455078125,0.180419921875,0.2626953125,0.2540079653263092
520,2,0.5634765625,0.67486572265625,0.3489176630973816,0.7386016845703125,0.4287922978401184
520,2,0.52587890625,0.383758544921875,0.28778076171875,0.4732666015625,0.3595174551010132
520,2,0.51318359375,0.1319122314453125,0.3230183720588684,0.177001953125,0.3762206435203552
521,2,0.92822265625,0.71832275390625,0.3348795771598816,0.872802734375,0.4927571415901184
521,2,0.927734375,0.1617431640625,0.3015950322151184,0.387451171875,0.52001953125
521,2,0.921875,0.8026123046875,0.3494465947151184,0.99859619140625,0.6424967050552368
521,2,0.9013671875,0.393310546875,0.3243814706802368,0.6761474609375,0.6168619394302368
521,2,0.6787109375,0.366943359375,0.3319498896598816,0.4241180419921875,0.4344483017921448
521,2,0.5693359375,0.383636474609375,0.29010009765625,0.4716796875,0.36224365234375
521,9,0.556640625,0.2427520751953125,0.1809488832950592,0.26220703125,0.2546590268611908
521,2,0.55615234375,0.1459808349609375,0.3229166567325592,0.18792724609375,0.3775431215763092
521,2,0.5498046875,0.675140380859375,0.3491007685661316,0.7378387451171875,0.4287109971046448
522,2,0.92578125,0.71807861328125,0.3353678584098816,0.872802734375,0.4922688603401184
522,2,0.9208984375,0.1744384765625,0.3050130605697632,0.38861083984375,0.5135091543197632
522,2,0.9208984375,0.8026123046875,0.3492838740348816,0.99859619140625,0.6409505605697632
522,2,0.900390625,0.3939208984375,0.3253580927848816,0.6759033203125,0.6155599355697632
522,2,0.6875,0.373992919921875,0.3317057490348816,0.4251556396484375,0.4370930790901184
522,2,0.5830078125,0.3885498046875,0.287353515625,0.4743194580078125,0.3542073965072632
522,9,0.56689453125,0.242767333984375,0.18035888671875,0.262237548828125,0.2554117739200592
522,2,0.5625,0.67486572265625,0.3489176332950592,0.738006591796875,0.4286295473575592
522,2,0.5087890625,0.110137939453125,0.3234049677848816,0.19287109375,0.3874512314796448
523,2,0.931640625,0.18670654296875,0.3023275136947632,0.39410400390625,0.5061849355697632
523,2,0.9248046875,0.7181396484375,0.3356526792049408,0.8726806640625,0.4927571713924408
523,2,0.9208984375,0.80267333984375,0.3494465947151184,0.9986572265625,0.640869140625
523,2,0.89990234375,0.3896484375,0.3243001699447632,0.67578125,0.6153157949447632
523,2,0.62890625,0.3767547607421875,0.3292032778263092,0.4261322021484375,0.4365641176700592
523,2,0.58984375,0.675140380859375,0.3495280146598816,0.7373504638671875,0.4284668564796448
523,9,0.5458984375,0.2426910400390625,0.18035888671875,0.261932373046875,0.2560221254825592
523,2,0.51171875,0.106414794921875,0.3268635869026184,0.178070068359375,0.3822428584098816
524,2,0.9248046875,0.80279541015625,0.3499348759651184,0.9986572265625,0.638916015625
524,2,0.92431640625,0.71826171875,0.3357340693473816,0.872802734375,0.4930012822151184
524,2,0.92236328125,0.1971435546875,0.301513671875,0.39715576171875,0.501953125
524,2,0.90869140625,0.39306640625,0.3257649540901184,0.675048828125,0.6156412363052368
524,2,0.66259765625,0.10986328125,0.3260498046875,0.218841552734375,0.3804117441177368
524,2,0.59912109375,0.675262451171875,0.3497721552848816,0.738067626953125,0.4285481572151184
524,2,0.5576171875,0.37811279296875,0.28912353515625,0.472503662109375,0.3773599863052368
524,9,0.546875,0.2425689697265625,0.1804606020450592,0.261932373046875,0.25469970703125
524,2,0.51513671875,-0.0001373291015625,0.3297119140625,0.0247802734375,0.37933349609375
525,2,0.9248046875,0.7183837890625,0.3350016474723816,0.872802734375,0.4921875
525,2,0.92333984375,0.80267333984375,0.349609375,0.99859619140625,0.642578125
525,2,0.916015625,0.20562744140625,0.3070475161075592,0.40032958984375,0.4984537661075592
525,2,0.9013671875,0.3931884765625,0.3277994990348816,0.6749267578125,0.616455078125
525,2,0.65625,0.67474365234375,0.34991455078125,0.73773193359375,0.4286295175552368
525,2,0.6162109375,0.113128662109375,0.3257649838924408,0.1746673583984375,0.3729451596736908
525,2,0.548828125,0.16650390625,0.3292439579963684,0.229736328125,0.3885905146598816
525,9,0.5390625,0.242889404296875,0.1810505986213684,0.261962890625,0.2549031376838684
525,2,0.5224609375,0.02142333984375,0.330078125,0.060516357421875,0.3672689199447632
525,2,0.52099609375,-0.0003204345703125,0.3289387822151184,0.021209716796875,0.3814696669578552
526,2,0.9248046875,0.7186279296875,0.3356119990348816,0.8726806640625,0.4927571415901184
526,2,0.9208984375,0.80279541015625,0.3497721552848816,0.9986572265625,0.6409505605697632
526,2,0.9150390625,0.2122802734375,0.3064778447151184,0.40240478515625,0.497314453125
526,2,0.896484375,0.3912353515625,0.3282877802848816,0.6744384765625,0.6172689199447632
526,2,0.626953125,0.674774169921875,0.3487955927848816,0.7332763671875,0.4285889267921448
526,2,0.62255859375,0.1117401123046875,0.3282267451286316,0.17633056640625,0.3718262314796448
526,9,0.56396484375,0.242706298828125,0.181640625,0.261749267578125,0.2560628354549408
526,2,0.51611328125,0.0152587890625,0.3315022587776184,0.0549774169921875,0.3760172724723816
527,2,0.927734375,0.71807861328125,0.3369954228401184,0.8729248046875,0.4933268427848816
527,2,0.92431640625,0.80267333984375,0.3497720956802368,0.99859619140625,0.6398111581802368
527,2,0.90234375,0.3917236328125,0.3267415165901184,0.6739501953125,0.6146646738052368
527,2,0.89599609375,0.21429443359375,0.3059895932674408,0.40399169921875,0.4959309995174408
527,2,0.70654296875,0.111358642578125,0.3263956606388092,0.18402099609375,0.3743692934513092
527,9,0.55810546875,0.2429962158203125,0.1815185546875,0.261993408203125,0.2560628354549408
527,2,0.51123046875,0.1890869140625,0.329345703125,0.2362060546875,0.3839315176010132
528,2,0.9267578125,0.71868896484375,0.3363850712776184,0.87274169921875,0.4930827021598816
528,2,0.92333984375,0.802734375,0.3497721552848816,0.99859619140625,0.640380859375
528,2,0.89892578125,0.392333984375,0.3263345956802368,0.6741943359375,0.6161295175552368
528,2,0.8828125,0.21917724609375,0.305419921875,0.41314697265625,0.4940592646598816
528,2,0.666015625,0.113128662109375,0.3266398012638092,0.179779052734375,0.3713785707950592
528,2,0.568359375,0.376861572265625,0.2874348759651184,0.475555419921875,0.3637694716453552
528,9,0.5634765625,0.24285888671875,0.1820068359375,0.26190185546875,0.2557779848575592
528,2,0.53857421875,0.19354248046875,0.32861328125,0.2416534423828125,0.38470458984375
529,2,0.9248046875,0.71868896484375,0.3354899287223816,0.872802734375,0.49267578125
529,2,0.92333984375,0.802490234375,0.3499348759651184,0.99859619140625,0.6407877206802368
529,2,0.90283203125,0.39501953125,0.3265787959098816,0.67431640625,0.61669921875
529,2,0.861328125,0.22015380859375,0.3076171875,0.41351318359375,0.4935709834098816
529,2,0.66015625,0.112762451171875,0.32733154296875,0.1766815185546875,0.37066650390625
529,9,0.5859375,0.24285888671875,0.18218994140625,0.26177978515625,0.2551676332950592
529,2,0.5791015625,0.37957763671875,0.289794921875,0.47528076171875,0.3640543222427368
529,2,0.50732421875,0.0648345947265625,0.3250529170036316,0.112457275390625,0.3714802861213684
529,2,0.50048828125,0.1974334716796875,0.3243408203125,0.2440338134765625,0.38458251953125
530,2,0.9267578125,0.71881103515625,0.3360188603401184,0.8729248046875,0.49267578125
530,2,0.91943359375,0.802734375,0.349609375,0.99859619140625,0.6412760019302368
530,2,0.89111328125,0.2225341796875,0.3091633915901184,0.4100341796875,0.489501953125
530,2,0.8818359375,0.3912353515625,0.3257650136947632,0.6759033203125,0.6155599355697632
530,2,0.67236328125,0.1134033203125,0.32745361328125,0.1759796142578125,0.3704427480697632
530,9,0.59521484375,0.2429962158203125,0.1825357973575592,0.26177978515625,0.2553914487361908
530,2,0.5458984375,0.378814697265625,0.2896321415901184,0.475311279296875,0.3641356825828552
530,2,0.541015625,0.1988525390625,0.324951171875,0.243804931640625,0.3855794668197632
531,2,0.92578125,0.718505859375,0.3363037109375,0.87298583984375,0.492431640625
531,2,0.92236328125,0.80255126953125,0.3502604365348816,0.99847412109375,0.6438802480697632
531,2,0.89599609375,0.22296142578125,0.3081868588924408,0.40484619140625,0.4900716245174408
531,2,0.892578125,0.3941650390625,0.3264973759651184,0.6761474609375,0.6162109375
531,2,0.64306640625,0.115020751953125,0.3271077275276184,0.1775665283203125,0.3704833388328552
531,9,0.5859375,0.2430267333984375,0.1822102963924408,0.2618408203125,0.2553507387638092
531,2,0.517578125,0.1768035888671875,0.3321736454963684,0.2147369384765625,0.3690795302391052
532,2,0.92578125,0.7178955078125,0.3363037109375,0.873046875,0.4927571415901184
532,2,0.92431640625,0.80267333984375,0.3502604365348816,0.99859619140625,0.640869140625
532,2,0.89111328125,0.2244873046875,0.3107096552848816,0.40679931640625,0.48974609375
532,2,0.888671875,0.3936767578125,0.3263346552848816,0.6751708984375,0.612548828125
532,2,0.64404296875,0.11279296875,0.32781982421875,0.177337646484375,0.3719686269760132
532,9,0.5634765625,0.2427825927734375,0.1830647885799408,0.26171875,0.2542724609375
532,2,0.50732421875,0.1780242919921875,0.3322957158088684,0.214111328125,0.3673502802848816
533,2,0.92431640625,0.802734375,0.3499348759651184,0.99859619140625,0.6420084238052368
533,2,0.91943359375,0.71807861328125,0.3349609375,0.87554931640625,0.491943359375
533,2,0.8857421875,0.3837890625,0.32470703125,0.6744384765625,0.6140950918197632
533,2,0.83056640625,0.228271484375,0.3126220703125,0.40948486328125,0.4847819209098816
533,2,0.67138671875,0.031463623046875,0.3277384340763092,0.113494873046875,0.3776041567325592
533,2,0.64697265625,0.11181640625,0.3275553286075592,0.184326171875,0.3729044497013092
533,2,0.56005859375,0.37725830078125,0.2891032099723816,0.475799560546875,0.3690186142921448
533,2,0.54345703125,0.0003662109375,0.3792317509651184,0.31787109375,0.6083984375
533,9,0.5419921875,0.242828369140625,0.18231201171875,0.26220703125,0.2547403872013092
533,2,0.50634765625,0.670501708984375,0.3477986454963684,0.7371978759765625,0.4275309443473816
534,2,0.93017578125,0.8028564453125,0.3504231572151184,0.99853515625,0.6396484375
534,2,0.91259765625,0.71478271484375,0.3349609375,0.8704833984375,0.4878743290901184
534,2,0.9091796875,0.000244140625,0.330078125,0.3255615234375,0.620849609375
534,2,0.8798828125,0.39794921875,0.3245443105697632,0.6729736328125,0.6013997793197632
534,2,0.8583984375,0.24993896484375,0.3146159052848816,0.421875,0.47509765625
535,2,0.92919921875,0.80279541015625,0.35107421875,0.99835205078125,0.6387532949447632
535,2,0.9208984375,0.0,0.3297526240348816,0.3262939453125,0.6201986074447632
535,2,0.90869140625,0.71282958984375,0.3346354365348816,0.862060546875,0.48486328125
535,2,0.90869140625,0.40789794921875,0.3229166269302368,0.672607421875,0.5990396738052368
535,2,0.876953125,0.25665283203125,0.3152669370174408,0.4234619140625,0.4721272885799408
535,2,0.62060546875,0.64935302734375,0.3446858525276184,0.729644775390625,0.4123942255973816
535,2,0.521484375,0.386260986328125,0.2899577021598816,0.4738922119140625,0.3666585087776184
536,2,0.94287109375,0.0,0.3282877802848816,0.3280029296875,0.6040853261947632
536,2,0.92333984375,0.80291748046875,0.3502603769302368,0.9984130859375,0.6385904550552368
536,2,0.89501953125,0.70892333984375,0.3338215947151184,0.859375,0.4806315302848816
536,2,0.88134765625,0.260498046875,0.3127848505973816,0.4293212890625,0.4691162109375
536,2,0.86474609375,0.41131591796875,0.3236491084098816,0.6585693359375,0.58251953125
536,2,0.5888671875,0.40081787109375,0.290283203125,0.4737091064453125,0.36407470703125
536,2,0.564453125,0.4967041015625,0.294921875,0.65863037109375,0.4028726816177368
537,2,0.9208984375,0.80389404296875,0.35205078125,0.9986572265625,0.6382650136947632
537,2,0.91845703125,-0.0001220703125,0.328857421875,0.3330078125,0.6039224863052368
537,2,0.8974609375,0.70355224609375,0.3349202275276184,0.855224609375,0.4761149287223816
537,2,0.888671875,0.41326904296875,0.3257649540901184,0.6578369140625,0.5856119394302368
537,2,0.873046875,0.26519775390625,0.3136799931526184,0.431396484375,0.466552734375
537,2,0.6064453125,0.49578857421875,0.2939046025276184,0.65277099609375,0.3975829482078552
537,2,0.57763671875,0.39617919921875,0.29010009765625,0.4737548828125,0.3625894784927368
538,2,0.93701171875,0.0,0.331298828125,0.33935546875,0.6026204824447632
538,2,0.91943359375,0.699462890625,0.3357340693473816,0.84869384765625,0.4747314453125
538,2,0.91845703125,0.80242919921875,0.3518880009651184,0.99896240234375,0.6356607675552368
538,2,0.87060546875,0.275390625,0.3154703676700592,0.4302978515625,0.4670816957950592
538,2,0.8388671875,0.4171142578125,0.3310546875,0.6524658203125,0.5751953125
538,2,0.55224609375,0.632110595703125,0.3428955078125,0.716888427734375,0.4210611581802368
538,2,0.5341796875,-0.0003662109375,0.32745361328125,0.091644287109375,0.38055419921875
539,2,0.9375,0.0057373046875,0.3328450322151184,0.34619140625,0.5927734375
539,2,0.92919921875,0.6949462890625,0.336181640625,0.8441162109375,0.4717610478401184
539,2,0.9052734375,0.80120849609375,0.3509114384651184,0.99896240234375,0.6405435800552368
539,2,0.888671875,0.28631591796875,0.3187255859375,0.43170166015625,0.4674479365348816
539,2,0.86328125,0.420166015625,0.3318684697151184,0.64813232421875,0.5714518427848816
539,2,0.54931640625,0.40667724609375,0.2923176884651184,0.47137451171875,0.3628539443016052
539,2,0.54345703125,-6.103515625e-05,0.3321329653263092,0.08001708984375,0.3827311098575592
539,2,0.52880859375,0.62969970703125,0.3423665463924408,0.7113037109375,0.4226888120174408
540,2,0.9404296875,0.032958984375,0.3297526240348816,0.35400390625,0.5811361074447632
540,2,0.9248046875,0.68951416015625,0.3371989130973816,0.84234619140625,0.4699299931526184
540,2,0.91748046875,0.2896728515625,0.3173828125,0.4337158203125,0.4651286005973816
540,2,0.91015625,0.80084228515625,0.3507487177848816,0.99847412109375,0.637939453125
540,2,0.88134765625,0.422119140625,0.3299967646598816,0.644287109375,0.5711262822151184
540,2,0.61767578125,-0.0001373291015625,0.3330892026424408,0.062225341796875,0.3827718198299408
540,2,0.5947265625,0.403289794921875,0.2918497622013092,0.471466064453125,0.3617350161075592
540,2,0.50927734375,0.4993896484375,0.2954508662223816,0.64825439453125,0.4043782353401184
541,2,0.91943359375,0.0555419921875,0.32958984375,0.3580322265625,0.5703125
541,2,0.9072265625,0.68182373046875,0.3360595703125,0.828369140625,0.4661458134651184
541,2,0.90478515625,0.7984619140625,0.350341796875,0.9976806640625,0.6382650136947632
541,2,0.89990234375,0.29364013671875,0.3228759765625,0.418914794921875,0.4629719853401184
541,2,0.8974609375,0.425537109375,0.3321126699447632,0.6397705078125,0.5642904043197632
541,2,0.7255859375,0.044525146484375,0.3295084536075592,0.131256103515625,0.3880411684513092
541,2,0.66357421875,0.000213623046875,0.3329671025276184,0.0526580810546875,0.3836669325828552
541,2,0.548828125,0.40631103515625,0.2911580204963684,0.4713592529296875,0.3626505732536316
542,2,0.91259765625,0.678680419921875,0.3376871943473816,0.8216552734375,0.4633381962776184
542,2,0.90771484375,0.076416015625,0.328125,0.3612060546875,0.554931640625
542,2,0.896484375,0.7967529296875,0.3504231572151184,0.996826171875,0.630615234375
542,2,0.87841796875,0.30267333984375,0.318115234375,0.4354248046875,0.4607747197151184
542,2,0.869140625,0.42987060546875,0.3330891728401184,0.63787841796875,0.5576171875
542,2,0.7041015625,0.032806396484375,0.3308309018611908,0.12786865234375,0.3881429135799408
542,2,0.5712890625,-0.0001220703125,0.3346150517463684,0.040679931640625,0.3848876357078552
542,2,0.5302734375,0.402252197265625,0.2921956479549408,0.471527099609375,0.3596394956111908
543,2,0.9140625,0.673095703125,0.34033203125,0.81121826171875,0.4586995840072632
543,2,0.88818359375,0.78900146484375,0.3512369990348816,0.99859619140625,0.632080078125
543,2,0.88818359375,0.31329345703125,0.3207194209098816,0.4383544921875,0.45703125
543,2,0.88427734375,0.0963134765625,0.3294270634651184,0.36669921875,0.5394694209098816
543,2,0.86474609375,0.43292236328125,0.3341471552848816,0.62969970703125,0.5491536259651184
543,2,0.626953125,0.016998291015625,0.3310750424861908,0.115814208984375,0.3897298276424408
544,2,0.9140625,0.3155517578125,0.3219401240348816,0.4417724609375,0.4543049931526184
544,2,0.90869140625,0.111328125,0.3271484375,0.37322998046875,0.5375162959098816
544,2,0.90771484375,0.66595458984375,0.3379313349723816,0.8043212890625,0.4571126103401184
544,2,0.900390625,0.7822265625,0.3513997197151184,0.99530029296875,0.61572265625
544,2,0.8818359375,0.4345703125,0.3361002802848816,0.625732421875,0.540283203125
544,2,0.74267578125,0.006439208984375,0.3290608525276184,0.10601806640625,0.3895263075828552
545,2,0.89990234375,0.3211669921875,0.3252767026424408,0.442138671875,0.4505208432674408
545,2,0.89453125,0.662109375,0.3379720151424408,0.79901123046875,0.4561360776424408
545,2,0.89208984375,0.129150390625,0.3284505605697632,0.3763427734375,0.5284017324447632
545,2,0.890625,0.77447509765625,0.3513997197151184,0.99407958984375,0.6103515625
545,2,0.8134765625,0.43768310546875,0.334228515625,0.622802734375,0.533447265625
545,2,0.7021484375,6.103515625e-05,0.3917642831802368,0.07708740234375,0.79150390625
545,2,0.67578125,0.00396728515625,0.33062744140625,0.0933837890625,0.39111328125
546,2,0.9267578125,0.14013671875,0.3363443613052368,0.38055419921875,0.5326334238052368
546,2,0.89208984375,0.31915283203125,0.3271891176700592,0.4373779296875,0.4504801332950592
546,2,0.89208984375,0.4412841796875,0.3411458134651184,0.6220703125,0.5301920771598816
546,2,0.87158203125,0.76678466796875,0.35302734375,0.9952392578125,0.5941569209098816
546,2,0.85986328125,0.656646728515625,0.3434651494026184,0.7889404296875,0.4522704482078552
546,2,0.80126953125,0.000457763671875,0.3361002504825592,0.076171875,0.3999430239200592
546,2,0.71630859375,-0.00048828125,0.34912109375,0.10260009765625,0.80517578125
546,2,0.69775390625,0.13372802734375,0.3291015625,0.213134765625,0.4017740488052368
546,2,0.6103515625,0.50286865234375,0.300048828125,0.63372802734375,0.3887125253677368
546,2,0.57568359375,0.059295654296875,0.3299764096736908,0.107574462890625,0.3725179135799408
547,2,0.916015625,0.44464111328125,0.3457844853401184,0.6181640625,0.5316162109375
547,2,0.9150390625,0.15301513671875,0.3431803584098816,0.38525390625,0.5327962040901184
547,2,0.89208984375,0.7587890625,0.360595703125,0.99658203125,0.590087890625
547,2,0.8701171875,0.327880859375,0.3357340395450592,0.438201904296875,0.4559732973575592
547,2,0.76513671875,0.65118408203125,0.3541666865348816,0.76458740234375,0.4579671025276184
547,2,0.76416015625,-0.000244140625,0.3860676884651184,0.124755859375,0.7879231572151184
547,2,0.73583984375,6.103515625e-05,0.3456217646598816,0.05950927734375,0.4088948369026184
547,2,0.685546875,0.115478515625,0.3356119990348816,0.21099853515625,0.4202881455421448
548,2,0.919921875,0.4478759765625,0.3475748300552368,0.61480712890625,0.5301920175552368
548,2,0.91259765625,0.1658935546875,0.3435872197151184,0.3876953125,0.5173746943473816
548,2,0.8935546875,0.746337890625,0.360107421875,0.99615478515625,0.5821126103401184
548,2,0.869140625,0.3359375,0.3339436650276184,0.43768310546875,0.4575194716453552
548,2,0.85986328125,0.64373779296875,0.350341796875,0.760650634765625,0.4547119140625
548,2,0.787109375,-0.000732421875,0.3509114980697632,0.1453857421875,0.80810546875
548,2,0.64404296875,0.08905029296875,0.3365071415901184,0.22003173828125,0.4174804091453552
548,2,0.56689453125,0.50518798828125,0.31103515625,0.6632080078125,0.4021402597427368
548,2,0.51025390625,-0.0001983642578125,0.3450927734375,0.058380126953125,0.396728515625
549,2,0.92333984375,0.17681884765625,0.3433431386947632,0.38873291015625,0.5171712636947632
549,2,0.9052734375,0.740234375,0.3638509511947632,0.996826171875,0.5887044668197632
549,2,0.90234375,0.44921875,0.3494465947151184,0.61309814453125,0.5270182490348816
549,2,0.80078125,0.00018310546875,0.34130859375,0.1610107421875,0.80419921875
549,2,0.79248046875,0.642669677734375,0.3548176884651184,0.74896240234375,0.4534911513328552
549,2,0.78564453125,0.343292236328125,0.3352864384651184,0.44488525390625,0.4576823115348816
549,2,0.7001953125,0.0616455078125,0.337158203125,0.1866455078125,0.4210205078125
550,2,0.9091796875,0.1824951171875,0.3477376103401184,0.3902587890625,0.5151774287223816
550,2,0.9091796875,0.45343017578125,0.354736328125,0.61224365234375,0.5236409306526184
550,2,0.89990234375,0.7332763671875,0.3650715947151184,0.9954833984375,0.5721842646598816
550,2,0.8251953125,-0.0003662109375,0.31884765625,0.17724609375,0.8177083730697632
550,2,0.80419921875,0.63885498046875,0.3552653193473816,0.7379150390625,0.4495850205421448
550,2,0.763671875,0.345672607421875,0.3398030400276184,0.44171142578125,0.4574381709098816
550,2,0.5947265625,0.044189453125,0.3435872495174408,0.1650390625,0.4209187924861908
551,2,0.9208984375,0.1922607421875,0.34130859375,0.392822265625,0.5196533203125
551,2,0.90283203125,0.7269287109375,0.3660481572151184,0.9970703125,0.5856119990348816
551,2,0.8857421875,0.45562744140625,0.35498046875,0.605133056640625,0.5205485224723816
551,2,0.8330078125,-0.00018310546875,0.3284505605697632,0.1861572265625,0.81640625
551,2,0.78759765625,0.347442626953125,0.3376871645450592,0.448089599609375,0.4570719301700592
551,2,0.71923828125,0.637908935546875,0.3556315302848816,0.732269287109375,0.4475911259651184
552,2,0.92236328125,0.195068359375,0.3446452021598816,0.3939208984375,0.5150146484375
552,2,0.90478515625,0.7205810546875,0.3629557490348816,0.9874267578125,0.5791829228401184
552,2,0.86767578125,0.45556640625,0.3511556386947632,0.605010986328125,0.5126546621322632
552,2,0.8037109375,-0.00030517578125,0.3251953125,0.1917724609375,0.81591796875
552,2,0.77685546875,0.34954833984375,0.3358967900276184,0.456268310546875,0.4512125849723816
552,2,0.6640625,0.64013671875,0.3592122197151184,0.722747802734375,0.4431559443473816
552,2,0.50048828125,0.7066192626953125,0.3521524965763092,0.7570037841796875,0.3822428286075592
553,2,0.91748046875,0.7181396484375,0.3672688603401184,0.9752197265625,0.578857421875
553,2,0.916015625,0.2015380859375,0.3418782949447632,0.39385986328125,0.5160726308822632
553,2,0.892578125,0.45623779296875,0.3512369990348816,0.604461669921875,0.5108642578125
553,2,0.8447265625,-0.00030517578125,0.3201497495174408,0.19769287109375,0.8058267831802368
553,2,0.79248046875,0.35235595703125,0.3374837040901184,0.455230712890625,0.4522704482078552
553,2,0.708984375,0.63238525390625,0.3572998046875,0.71868896484375,0.4401448965072632
553,2,0.609375,0.7005615234375,0.352294921875,0.7564239501953125,0.4198812246322632
553,9,0.5947265625,0.202545166015625,0.1730143129825592,0.22509765625,0.2645263671875
554,2,0.9208984375,0.7164306640625,0.364990234375,0.96563720703125,0.572998046875
554,2,0.89990234375,0.20281982421875,0.3427734375,0.3916015625,0.513671875
554,2,0.89208984375,0.45611572265625,0.3486328125,0.60284423828125,0.5084228515625
554,2,0.857421875,-0.000244140625,0.3219400644302368,0.20037841796875,0.81396484375
554,2,0.7939453125,0.353515625,0.3347981870174408,0.45770263671875,0.4483235776424408
554,2,0.7841796875,0.62744140625,0.3539225459098816,0.71014404296875,0.4402669072151184
554,2,0.583984375,0.898406982421875,0.3670654296875,0.999755859375,0.5127766728401184
554,2,0.57666015625,0.7004547119140625,0.3494669795036316,0.75604248046875,0.4210205674171448
554,2,0.521484375,0.04345703125,0.3316446840763092,0.15020751953125,0.4059244692325592
555,2,0.9326171875,0.71258544921875,0.3661295771598816,0.956298828125,0.5718587040901184
555,2,0.9140625,0.4569091796875,0.348876953125,0.602142333984375,0.505859375
555,2,0.9052734375,0.205322265625,0.3447265625,0.3890380859375,0.5116780400276184
555,2,0.853515625,-0.00030517578125,0.3211263120174408,0.20098876953125,0.8136392831802368
555,2,0.798828125,0.621856689453125,0.3511556088924408,0.708099365234375,0.4384358823299408
555,2,0.7578125,0.35125732421875,0.3365478515625,0.449066162109375,0.4509683847427368
555,2,0.63916015625,0.89202880859375,0.3685302734375,0.999481201171875,0.4929605722427368
556,2,0.92822265625,0.7108154296875,0.365966796875,0.95037841796875,0.5609944462776184
556,2,0.9150390625,0.457275390625,0.3518880605697632,0.60125732421875,0.5036214590072632
556,2,0.9091796875,0.20556640625,0.3472493290901184,0.39434814453125,0.5098063349723816
556,2,0.8505859375,0.35113525390625,0.3329264521598816,0.45843505859375,0.4451904892921448
556,2,0.82568359375,-0.00030517578125,0.3165689706802368,0.20306396484375,0.810546875
556,2,0.71630859375,0.88421630859375,0.3693034052848816,0.999359130859375,0.5020344853401184
556,2,0.67041015625,0.624114990234375,0.3530680537223816,0.700439453125,0.4386189579963684
556,9,0.57958984375,0.1604461669921875,0.1555582582950592,0.192352294921875,0.2313435971736908
556,2,0.51220703125,0.3449249267578125,0.3508707880973816,0.39910888671875,0.4796956181526184
557,2,0.92822265625,0.71099853515625,0.36767578125,0.94451904296875,0.5626627802848816
557,2,0.92333984375,0.4576416015625,0.35107421875,0.599853515625,0.5029703974723816
557,2,0.89501953125,0.20489501953125,0.3483073115348816,0.39263916015625,0.5098876953125
557,2,0.86279296875,-0.00030517578125,0.3180338740348816,0.192626953125,0.8043619990348816
557,2,0.81591796875,0.355865478515625,0.3344319462776184,0.455352783203125,0.4466552138328552
557,2,0.716796875,0.886474609375,0.3715413212776184,0.99896240234375,0.5015055537223816
557,2,0.66064453125,0.623443603515625,0.3585205078125,0.6975555419921875,0.4366455078125
557,2,0.5537109375,0.1650390625,0.3322346806526184,0.243927001953125,0.3935546278953552
557,2,0.53076171875,0.34613037109375,0.3499755859375,0.400360107421875,0.4793701171875
558,2,0.9326171875,0.705810546875,0.367919921875,0.939208984375,0.5579426884651184
558,2,0.91845703125,0.45892333984375,0.3511555790901184,0.599090576171875,0.4985758662223816
558,2,0.9052734375,0.20263671875,0.3460286259651184,0.39508056640625,0.5093180537223816
558,2,0.85400390625,0.3543701171875,0.3328043520450592,0.463623046875,0.4455973207950592
558,2,0.837890625,-0.00018310546875,0.31982421875,0.1881103515625,0.8113607168197632
558,2,0.81201171875,0.88421630859375,0.3699137568473816,0.998748779296875,0.5016682744026184
558,2,0.7138671875,0.621734619140625,0.3526611328125,0.6942138671875,0.4256998300552368
558,2,0.552734375,0.173980712890625,0.3336995244026184,0.236907958984375,0.3856200575828552
558,2,0.546875,0.6873931884765625,0.34661865234375,0.7370452880859375,0.3845621347427368
558,2,0.53759765625,0.1455535888671875,0.3335774540901184,0.1818695068359375,0.3768920302391052
558,2,0.5087890625,0.6866302490234375,0.3476155698299408,0.7373504638671875,0.4213460385799408
559,2,0.939453125,0.70745849609375,0.3621419072151184,0.93353271484375,0.5575358271598816
559,2,0.921875,0.20159912109375,0.3426920771598816,0.39801025390625,0.505859375
559,2,0.90625,0.46044921875,0.3474934995174408,0.59747314453125,0.4971517026424408
559,2,0.88330078125,0.35540771484375,0.3301595151424408,0.466583251953125,0.4411214292049408
559,2,0.77978515625,-0.00018310546875,0.326171875,0.1861572265625,0.8097330331802368
559,2,0.6123046875,0.87994384765625,0.364013671875,0.998321533203125,0.4972330927848816
559,9,0.53759765625,0.1109771728515625,0.1331787109375,0.1405181884765625,0.2139689028263092
559,2,0.505859375,0.6855621337890625,0.341552734375,0.73748779296875,0.4167684316635132
560,2,0.93701171875,0.70660400390625,0.3618977665901184,0.927490234375,0.5544840693473816
560,2,0.91357421875,0.4613037109375,0.345947265625,0.5966796875,0.4956461787223816
560,2,0.9091796875,0.2003173828125,0.3412271738052368,0.39697265625,0.5062662363052368
560,2,0.83544921875,-0.0003662109375,0.3196614384651184,0.1802978515625,0.8172200322151184
560,2,0.8212890625,0.87884521484375,0.3645833134651184,0.998138427734375,0.4990234375
560,2,0.80078125,0.35516357421875,0.3304443359375,0.466400146484375,0.43701171875
560,2,0.5517578125,0.615081787109375,0.34661865234375,0.68988037109375,0.4211221933364868
561,2,0.91748046875,0.19757080078125,0.337158203125,0.393798828125,0.5030110478401184
561,2,0.91748046875,0.70501708984375,0.3583170771598816,0.921875,0.55224609375
561,2,0.9052734375,0.46112060546875,0.345703125,0.5938720703125,0.4901530146598816
561,2,0.85498046875,0.358154296875,0.3292236328125,0.45062255859375,0.4388021230697632
561,2,0.8125,-0.00048828125,0.31982421875,0.171630859375,0.83984375
561,9,0.59375,0.0466766357421875,0.107177734375,0.09112548828125,0.2016194760799408
561,2,0.5869140625,0.675140380859375,0.34136962890625,0.7306671142578125,0.3954061269760132
561,2,0.56787109375,0.615142822265625,0.3415120244026184,0.683013916015625,0.4162597060203552
561,2,0.55908203125,0.91241455078125,0.3767496943473816,0.997772216796875,0.4933674931526184
562,2,0.91748046875,0.19403076171875,0.3397623896598816,0.390625,0.51025390625
562,2,0.91259765625,0.70196533203125,0.35888671875,0.918212890625,0.5496826171875
562,2,0.9013671875,0.459197998046875,0.34716796875,0.5914306640625,0.4878743290901184
562,2,0.845703125,0.35430908203125,0.3302001953125,0.459320068359375,0.442626953125
562,2,0.80322265625,-0.0006103515625,0.3286133408546448,0.161376953125,0.847005307674408
562,2,0.74853515625,0.612091064453125,0.3429361879825592,0.67999267578125,0.4150797426700592
562,2,0.71044921875,0.6699676513671875,0.3394572138786316,0.7250213623046875,0.3950195908546448
562,2,0.67529296875,0.86785888671875,0.3650309443473816,0.9976806640625,0.5009765625
562,2,0.50048828125,0.499267578125,0.30224609375,0.6251220703125,0.35784912109375
563,2,0.92431640625,0.69854736328125,0.3548991084098816,0.91265869140625,0.54052734375
563,2,0.9150390625,0.1878662109375,0.33642578125,0.39044189453125,0.503173828125
563,2,0.876953125,0.85992431640625,0.3567301332950592,0.99822998046875,0.4923502504825592
563,2,0.82470703125,0.45977783203125,0.3369140625,0.591064453125,0.4881998896598816
563,2,0.8037109375,0.356353759765625,0.3223063051700592,0.448333740234375,0.4341227114200592
563,2,0.75830078125,-0.0006103515625,0.3103840947151184,0.1527099609375,0.8242186903953552
563,2,0.72509765625,0.612213134765625,0.3371989130973816,0.67523193359375,0.4082031846046448
563,2,0.68310546875,0.00384521484375,0.3144938349723816,0.167083740234375,0.453125
563,2,0.64794921875,0.6707611083984375,0.3292236328125,0.7230072021484375,0.3839111328125
563,2,0.50927734375,0.16058349609375,0.31903076171875,0.214263916015625,0.3682454824447632
564,2,0.92919921875,0.69598388671875,0.3501790165901184,0.91046142578125,0.532958984375
564,2,0.91748046875,0.1845703125,0.325927734375,0.38897705078125,0.4983723759651184
564,2,0.853515625,0.462738037109375,0.3290201723575592,0.5909423828125,0.4731852114200592
564,2,0.8330078125,0.35693359375,0.3135172426700592,0.4483642578125,0.4252115786075592
564,2,0.81787109375,-0.0006103515625,0.3235677182674408,0.14459228515625,0.8116861581802368
564,2,0.75927734375,0.609466552734375,0.3314616084098816,0.6737213134765625,0.3979492783546448
564,2,0.6630859375,0.85186767578125,0.3525390625,0.99676513671875,0.4833170771598816
564,2,0.626953125,0.669921875,0.3226115107536316,0.7196807861328125,0.3753255009651184
564,2,0.583984375,0.15191650390625,0.3152669072151184,0.241119384765625,0.3663329482078552
564,2,0.54541015625,0.00689697265625,0.30718994140625,0.14996337890625,0.3900146484375
565,2,0.91748046875,0.69366455078125,0.3492024540901184,0.90673828125,0.527099609375
565,2,0.8974609375,0.17913818359375,0.3257649540901184,0.38861083984375,0.4949951171875
565,2,0.8427734375,0.46453857421875,0.3275146484375,0.58905029296875,0.4748942255973816
565,2,0.8408203125,0.359954833984375,0.3155110478401184,0.4503173828125,0.4237059950828552
565,2,0.80322265625,0.60626220703125,0.331787109375,0.67144775390625,0.3970133066177368
565,2,0.74853515625,0.85491943359375,0.3529866635799408,0.9913330078125,0.4757893979549408
565,2,0.74658203125,-0.0006103515625,0.3297525942325592,0.12945556640625,0.8103841543197632
565,2,0.65478515625,0.6658935546875,0.3252360224723816,0.716033935546875,0.3760376572608948
565,2,0.642578125,0.001251220703125,0.30987548828125,0.1220703125,0.3925374746322632
565,2,0.6103515625,0.145050048828125,0.31500244140625,0.227203369140625,0.3653970956802368
566,2,0.91259765625,0.69293212890625,0.3504231572151184,0.90447998046875,0.53466796875
566,2,0.869140625,0.1768798828125,0.3304036259651184,0.386474609375,0.491455078125
566,2,0.86474609375,0.46417236328125,0.3343912661075592,0.5899658203125,0.4852701723575592
566,2,0.8076171875,0.6044769287109375,0.3350016474723816,0.669769287109375,0.3992512822151184
566,2,0.75732421875,0.36053466796875,0.3214111328125,0.45208740234375,0.4314779043197632
566,2,0.748046875,-3.0517578125e-05,0.408935546875,0.11474609375,0.7958984375
566,2,0.7431640625,0.84588623046875,0.3480224609375,0.9765625,0.4739176630973816
566,2,0.7314453125,0.001251220703125,0.3111572265625,0.090972900390625,0.3971761465072632
566,2,0.640625,0.134552001953125,0.31689453125,0.222808837890625,0.3693033456802368
566,2,0.60498046875,0.6654510498046875,0.3266194462776184,0.7137298583984375,0.3733927607536316
567,2,0.931640625,0.69378662109375,0.3580322265625,0.8992919921875,0.5321452021598816
567,2,0.88427734375,0.1661376953125,0.3339030146598816,0.38299560546875,0.5074462890625
567,2,0.81787109375,0.602630615234375,0.3381551206111908,0.668731689453125,0.4026692807674408
567,2,0.80908203125,0.464263916015625,0.3368327021598816,0.589599609375,0.4805501103401184
567,2,0.7734375,0.84130859375,0.3551838994026184,0.96527099609375,0.4752196669578552
567,2,0.77001953125,0.35931396484375,0.3244222104549408,0.45025634765625,0.4329427182674408
567,2,0.740234375,-0.000152587890625,0.412109375,0.092864990234375,0.80419921875
567,2,0.71142578125,0.1189727783203125,0.3198649287223816,0.2064208984375,0.3745930790901184
567,2,0.61669921875,0.665618896484375,0.3323771059513092,0.7117767333984375,0.3774210512638092
567,2,0.59912109375,0.00054931640625,0.31884765625,0.079681396484375,0.4007568359375
568,2,0.927734375,0.68939208984375,0.3550211191177368,0.89495849609375,0.5328775644302368
568,2,0.86181640625,0.46514892578125,0.3342691957950592,0.58892822265625,0.4751383364200592
568,2,0.8525390625,0.1630859375,0.332763671875,0.38104248046875,0.5155029296875
568,2,0.82373046875,0.6034088134765625,0.33367919921875,0.66607666015625,0.3998819589614868
568,2,0.7509765625,0.36041259765625,0.3264363706111908,0.451019287109375,0.4298909604549408
568,2,0.74462890625,0.847930908203125,0.3528645634651184,0.951385498046875,0.4761962294578552
568,2,0.70751953125,0.65948486328125,0.32965087890625,0.7081298828125,0.3772989511489868
568,2,0.69921875,-0.0001678466796875,0.3158976137638092,0.062469482421875,0.3818766176700592
568,2,0.64306640625,0.1024627685546875,0.31793212890625,0.176788330078125,0.3708902597427368
568,2,0.56396484375,-0.0006103515625,0.3234049081802368,0.07183837890625,0.8255208730697632
569,2,0.9208984375,0.15692138671875,0.328125,0.380859375,0.5151774287223816
569,2,0.9072265625,0.6884765625,0.3540852665901184,0.8929443359375,0.5375162959098816
569,2,0.85400390625,0.464813232421875,0.3311767578125,0.586669921875,0.4686686396598816
569,2,0.8203125,0.3568115234375,0.3231608271598816,0.451141357421875,0.4261475205421448
569,2,0.7998046875,0.6025848388671875,0.33160400390625,0.662017822265625,0.397705078125
569,2,0.65478515625,0.657440185546875,0.3277791142463684,0.7038421630859375,0.3716430068016052
569,2,0.64501953125,3.0517578125e-05,0.3149210810661316,0.0489501953125,0.3740234971046448
569,2,0.61669921875,0.07098388671875,0.3173828125,0.155426025390625,0.38385009765625
569,2,0.57568359375,0.838043212890625,0.3559977412223816,0.939971923828125,0.4667969346046448
570,2,0.92333984375,0.15301513671875,0.3302408456802368,0.380615234375,0.5157877206802368
570,2,0.8818359375,0.688232421875,0.3559977412223816,0.891357421875,0.532958984375
570,2,0.853515625,0.4676513671875,0.3336995244026184,0.5836181640625,0.4718017578125
570,2,0.79150390625,0.358795166015625,0.3234659731388092,0.45184326171875,0.4255777895450592
570,2,0.77685546875,0.6021575927734375,0.3335774540901184,0.659454345703125,0.3984171748161316
570,2,0.69921875,0.655548095703125,0.3298136591911316,0.7017822265625,0.3722534775733948
570,2,0.6337890625,4.57763671875e-05,0.3137614130973816,0.037933349609375,0.3782551884651184
570,2,0.52490234375,0.036346435546875,0.3197835385799408,0.1290283203125,0.3853352963924408
571,2,0.89892578125,0.1519775390625,0.3348795771598816,0.37750244140625,0.515869140625
571,2,0.873046875,0.6861572265625,0.3540853261947632,0.8896484375,0.5371907949447632
571,2,0.84912109375,0.467193603515625,0.3380940556526184,0.58514404296875,0.4652099609375
571,2,0.79736328125,0.60089111328125,0.3309326171875,0.658599853515625,0.3946939706802368
571,2,0.78564453125,0.360015869140625,0.3250935971736908,0.45806884765625,0.4270833432674408
571,2,0.703125,0.07391357421875,0.322998046875,0.21881103515625,0.4181722402572632
571,2,0.67041015625,0.6552734375,0.3291015625,0.6997833251953125,0.3732503652572632
572,2,0.9150390625,0.1544189453125,0.3282063603401184,0.3787841796875,0.5091552734375
572,2,0.88330078125,0.68743896484375,0.3450520634651184,0.88897705078125,0.5188395380973816
572,2,0.861328125,0.46875,0.3247477412223816,0.58380126953125,0.458251953125
572,2,0.79541015625,0.36285400390625,0.3199462890625,0.458404541015625,0.4169107675552368
572,2,0.74462890625,0.60162353515625,0.32073974609375,0.6555633544921875,0.38433837890625
572,2,0.53173828125,0.7989501953125,0.3387858271598816,0.910308837890625,0.4433186650276184
572,2,0.52490234375,0.6514892578125,0.3205362856388092,0.69696044921875,0.3671061098575592
572,2,0.52099609375,0.0819854736328125,0.3140869140625,0.12237548828125,0.3546549081802368
572,2,0.5185546875,0.0,0.3201701045036316,0.095367431640625,0.3891602158546448
573,2,0.9140625,0.15008544921875,0.3199869990348816,0.37615966796875,0.5006103515625
573,2,0.8974609375,0.68603515625,0.3363443613052368,0.8919677734375,0.5168863534927368
573,2,0.888671875,0.468414306640625,0.3255208432674408,0.58355712890625,0.4547933042049408
573,2,0.83544921875,0.3634033203125,0.3146565556526184,0.455780029296875,0.4100341200828552
573,2,0.7685546875,0.5992431640625,0.3199869990348816,0.6540985107421875,0.3786011338233948
573,2,0.7607421875,0.6513824462890625,0.3163655698299408,0.694244384765625,0.3557332456111908
573,2,0.541015625,-0.0001220703125,0.3154703974723816,0.098388671875,0.3803711533546448
574,2,0.91943359375,0.1495361328125,0.335205078125,0.3775634765625,0.5161539912223816
574,2,0.91943359375,0.685791015625,0.35400390625,0.884033203125,0.5260416865348816
574,2,0.869140625,0.468658447265625,0.3396809697151184,0.58306884765625,0.4636229872703552
574,2,0.81591796875,0.36444091796875,0.3225504457950592,0.45849609375,0.4235025942325592
574,2,0.798828125,0.599761962890625,0.33203125,0.6540069580078125,0.3918050527572632
574,2,0.67236328125,0.6515960693359375,0.3304850459098816,0.6927032470703125,0.3703003525733948
574,2,0.53759765625,0.110565185546875,0.3276163637638092,0.1807861328125,0.3904825747013092
575,2,0.91943359375,0.153076171875,0.3287760615348816,0.3765869140625,0.5074055790901184
575,2,0.91748046875,0.6865234375,0.3444010019302368,0.8751220703125,0.5206705331802368
575,2,0.88671875,0.47015380859375,0.3315022587776184,0.58343505859375,0.4576416015625
575,2,0.83056640625,0.370513916015625,0.3119303584098816,0.46136474609375,0.4153645634651184
575,2,0.80908203125,0.599761962890625,0.3246053159236908,0.651214599609375,0.3846028745174408
575,2,0.611328125,0.648406982421875,0.3244832158088684,0.6923828125,0.3681640028953552
575,2,0.5341796875,0.000213623046875,0.3257039189338684,0.0323944091796875,0.3753661513328552
576,2,0.9326171875,0.68292236328125,0.3313801884651184,0.87091064453125,0.5025634765625
576,2,0.91259765625,0.1533203125,0.3141276240348816,0.377197265625,0.493408203125
576,2,0.88134765625,0.47088623046875,0.3182780146598816,0.58343505859375,0.4418945908546448
576,2,0.84716796875,0.5969696044921875,0.3114216923713684,0.65118408203125,0.3714396357536316
576,2,0.8251953125,0.367156982421875,0.3037109375,0.457183837890625,0.3969320058822632
576,2,0.6865234375,0.647247314453125,0.3110148310661316,0.687042236328125,0.3529866337776184
576,2,0.541015625,-0.000274658203125,0.32275390625,0.0831298828125,0.3591715097427368
577,2,0.9140625,0.68109130859375,0.349609375,0.8651123046875,0.51123046875
577,2,0.91259765625,0.15179443359375,0.327392578125,0.37554931640625,0.5009358525276184
577,2,0.8505859375,0.368408203125,0.3131917119026184,0.455657958984375,0.4150390028953552
577,2,0.84912109375,0.4710693359375,0.3368327021598816,0.578857421875,0.4522705674171448
577,2,0.7734375,0.594757080078125,0.3224690556526184,0.6466827392578125,0.3819987177848816
577,2,0.732421875,0.643829345703125,0.3233235776424408,0.6844024658203125,0.3678792417049408
577,2,0.541015625,0.0,0.3175048828125,0.08843994140625,0.3790689706802368
578,2,0.9375,0.680908203125,0.3465169072151184,0.86199951171875,0.5111083984375
578,2,0.90283203125,0.15545654296875,0.3267415165901184,0.37823486328125,0.502685546875
578,2,0.8125,0.369964599609375,0.311767578125,0.456939697265625,0.4128011465072632
578,2,0.79736328125,0.47125244140625,0.3326416015625,0.57965087890625,0.4468179941177368
578,2,0.76318359375,0.595916748046875,0.3192545771598816,0.6463775634765625,0.3800049424171448
578,2,0.72265625,0.643035888671875,0.3210652768611908,0.6827392578125,0.3675130307674408
578,2,0.541015625,0.50421142578125,0.2978515625,0.607940673828125,0.3796793222427368
578,2,0.5029296875,0.44000244140625,0.32061767578125,0.482574462890625,0.3760782480239868
579,2,0.93115234375,0.68157958984375,0.345703125,0.861328125,0.5157063603401184
579,2,0.91650390625,0.16058349609375,0.333251953125,0.3809814453125,0.5132649540901184
579,2,0.822265625,0.37152099609375,0.3150227665901184,0.4598388671875,0.4120280146598816
579,2,0.72216796875,0.472808837890625,0.3433837890625,0.58056640625,0.4529622793197632
579,2,0.7099609375,0.5957794189453125,0.3274739682674408,0.646392822265625,0.3864339292049408
579,2,0.54541015625,0.64251708984375,0.3292236328125,0.6817474365234375,0.3704630136489868
580,2,0.9375,0.680908203125,0.3412271738052368,0.85711669921875,0.5131021738052368
580,2,0.91650390625,0.1641845703125,0.3294270634651184,0.383544921875,0.5052490234375
580,2,0.857421875,0.374481201171875,0.3138427734375,0.459747314453125,0.4093424081802368
580,2,0.7294921875,0.5949554443359375,0.3255818784236908,0.6443939208984375,0.3820393979549408
580,2,0.6708984375,0.4755859375,0.3492838442325592,0.57952880859375,0.4502359926700592
580,2,0.57275390625,0.640167236328125,0.3262939453125,0.681640625,0.3671060800552368
581,2,0.94287109375,0.67938232421875,0.3401692509651184,0.854736328125,0.5073649287223816
581,2,0.89453125,0.169921875,0.3286946415901184,0.38623046875,0.5046793818473816
581,2,0.81787109375,0.374359130859375,0.3095296025276184,0.45770263671875,0.4072265028953552
581,2,0.77392578125,0.475006103515625,0.3313395380973816,0.578369140625,0.4434407353401184
581,2,0.68994140625,0.5950775146484375,0.3229776918888092,0.64385986328125,0.3795572817325592
581,2,0.54248046875,0.4462432861328125,0.3252156376838684,0.49017333984375,0.3761596083641052
582,2,0.9384765625,0.68096923828125,0.3399251103401184,0.8509521484375,0.5040283203125
582,2,0.87158203125,0.1773681640625,0.3318684697151184,0.3896484375,0.4966227412223816
582,2,0.84765625,0.376983642578125,0.3121337890625,0.45904541015625,0.4081217050552368
582,2,0.68994140625,0.474334716796875,0.3422444462776184,0.577911376953125,0.4468180537223816
582,2,0.685546875,0.593963623046875,0.3238728940486908,0.644561767578125,0.3803914487361908
582,2,0.6103515625,0.454437255859375,0.32977294921875,0.4989166259765625,0.37908935546875
582,2,0.5869140625,0.6404876708984375,0.32281494140625,0.6814422607421875,0.3636270761489868
583,2,0.92578125,0.67840576171875,0.3456217646598816,0.8507080078125,0.5103759765625
583,2,0.91259765625,0.182373046875,0.3331705927848816,0.3892822265625,0.5064290165901184
583,2,0.78515625,0.381561279296875,0.3227946162223816,0.460479736328125,0.4127197861671448
583,2,0.705078125,0.5934295654296875,0.3323567509651184,0.642120361328125,0.3869017958641052
583,2,0.68017578125,0.474945068359375,0.3672688603401184,0.578216552734375,0.4485270380973816
583,2,0.67578125,0.4548492431640625,0.3335774540901184,0.5028533935546875,0.3903605341911316
583,2,0.56787109375,0.6376495361328125,0.32586669921875,0.6819915771484375,0.3654378652572632
584,2,0.9326171875,0.1895751953125,0.3115234375,0.39373779296875,0.4833984375
584,2,0.9140625,0.67083740234375,0.3263753056526184,0.84423828125,0.4862467646598816
584,2,0.8232421875,0.3828125,0.30548095703125,0.46441650390625,0.3938394784927368
584,2,0.73046875,0.478179931640625,0.3277587890625,0.580291748046875,0.4283040761947632
584,2,0.72607421875,0.5942230224609375,0.31781005859375,0.640869140625,0.36846923828125
584,2,0.63671875,0.459930419921875,0.3110758662223816,0.5079345703125,0.3720703721046448
585,2,0.9150390625,0.67706298828125,0.3387858271598816,0.8424072265625,0.4899495244026184
585,2,0.90478515625,0.197265625,0.3228352665901184,0.39947509765625,0.4874674677848816
585,2,0.82763671875,0.48211669921875,0.328857421875,0.581695556640625,0.437255859375
585,2,0.73681640625,0.5944366455078125,0.3258870244026184,0.63897705078125,0.3738200068473816
585,2,0.72119140625,0.376190185546875,0.3119303584098816,0.46527099609375,0.4019978642463684
585,2,0.58642578125,0.6361083984375,0.3213297724723816,0.681121826171875,0.3631795048713684
585,2,0.5576171875,0.4625091552734375,0.3153889775276184,0.5126495361328125,0.3810831904411316
586,2,0.9111328125,0.20220947265625,0.316650390625,0.40167236328125,0.4772542119026184
586,2,0.90869140625,0.671142578125,0.3305256962776184,0.8382568359375,0.487548828125
586,2,0.79541015625,0.39019775390625,0.3116047978401184,0.464996337890625,0.3993327021598816
586,2,0.7919921875,0.4810791015625,0.3501383662223816,0.578765869140625,0.4353027939796448
586,2,0.72509765625,0.5928192138671875,0.32330322265625,0.6369171142578125,0.371337890625
586,2,0.63623046875,0.65362548828125,0.3318888545036316,0.72149658203125,0.4123128056526184
586,2,0.564453125,0.4650421142578125,0.31707763671875,0.5121002197265625,0.37921142578125
586,2,0.50634765625,0.6387786865234375,0.3223673403263092,0.6789703369140625,0.3590494692325592
587,2,0.92822265625,0.67584228515625,0.3299153447151184,0.8382568359375,0.4791666865348816
587,2,0.91943359375,0.20892333984375,0.311767578125,0.404541015625,0.4715983271598816
587,2,0.83447265625,0.39324951171875,0.3080241084098816,0.465484619140625,0.3919270634651184
587,2,0.73974609375,0.594573974609375,0.3184407353401184,0.63568115234375,0.3644205927848816
587,2,0.703125,0.481781005859375,0.3370768129825592,0.57818603515625,0.4232584536075592
587,2,0.65869140625,0.6487274169921875,0.3297933042049408,0.717529296875,0.4030354917049408
587,2,0.546875,0.4677886962890625,0.31243896484375,0.5105438232421875,0.3704019784927368
588,2,0.94287109375,0.67724609375,0.3494465947151184,0.83544921875,0.4936930537223816
588,2,0.91845703125,0.21197509765625,0.3326008915901184,0.4061279296875,0.4914957880973816
588,2,0.8173828125,0.394378662109375,0.32623291015625,0.46441650390625,0.410400390625
588,2,0.740234375,0.484344482421875,0.3608805239200592,0.5789794921875,0.4422403872013092
588,2,0.7041015625,0.5911407470703125,0.3329874873161316,0.6368560791015625,0.3825073838233948
588,2,0.65869140625,0.642822265625,0.3468017578125,0.717559814453125,0.4202066659927368
589,2,0.91357421875,0.67645263671875,0.3592936396598816,0.83477783203125,0.4994710087776184
589,2,0.91162109375,0.21649169921875,0.3387858271598816,0.40692138671875,0.4986165165901184
589,2,0.80419921875,0.397369384765625,0.3332112431526184,0.46502685546875,0.4177653193473816
589,2,0.66357421875,0.48492431640625,0.3736979067325592,0.578857421875,0.4502970278263092
589,2,0.66259765625,0.64208984375,0.3539632260799408,0.7109375,0.4308675229549408
589,2,0.63525390625,0.58807373046875,0.3425089716911316,0.6331787109375,0.3892822861671448
590,2,0.92236328125,0.22027587890625,0.3374837338924408,0.410888671875,0.4925130307674408
590,2,0.9072265625,0.67291259765625,0.3545735478401184,0.8309326171875,0.493408203125
590,2,0.80615234375,0.399627685546875,0.3328043520450592,0.467926025390625,0.4101969301700592
590,2,0.71875,0.484771728515625,0.3676961362361908,0.577362060546875,0.4448445737361908
590,2,0.67041015625,0.58935546875,0.3382771611213684,0.6308441162109375,0.3857218623161316
590,2,0.62451171875,0.639617919921875,0.3529459536075592,0.70867919921875,0.4242350161075592
591,2,0.9384765625,0.2261962890625,0.3356119990348816,0.4117431640625,0.4914143681526184
591,2,0.9248046875,0.67431640625,0.3531901240348816,0.827178955078125,0.492431640625
591,2,0.78369140625,0.399688720703125,0.3267822265625,0.469757080078125,0.4090169668197632
591,2,0.7451171875,0.486785888671875,0.34326171875,0.576812744140625,0.4420369863510132
591,2,0.70068359375,0.6336212158203125,0.34906005859375,0.70587158203125,0.4191080331802368
591,2,0.60302734375,0.58843994140625,0.3371174931526184,0.6282501220703125,0.3834838271141052
592,2,0.927734375,0.2314453125,0.3348795771598816,0.41485595703125,0.4903157353401184
592,2,0.9208984375,0.67388916015625,0.3519694209098816,0.8255615234375,0.4912109375
592,2,0.8056640625,0.400634765625,0.3277384638786316,0.4702911376953125,0.4044392704963684
592,2,0.79638671875,0.4881591796875,0.3551432490348816,0.577178955078125,0.4403687119483948
592,2,0.7783203125,0.6334686279296875,0.3475341796875,0.700653076171875,0.4178466796875
592,2,0.56396484375,0.5866546630859375,0.3297119140625,0.62725830078125,0.3808389902114868
593,2,0.921875,0.23870849609375,0.3345540165901184,0.4169921875,0.486083984375
593,2,0.916015625,0.67327880859375,0.349609375,0.823822021484375,0.4882405400276184
593,2,0.8291015625,0.401580810546875,0.3277587890625,0.47271728515625,0.4039510488510132
593,2,0.767578125,0.6279296875,0.34228515625,0.69647216796875,0.41229248046875
593,2,0.7041015625,0.489654541015625,0.3453775942325592,0.57672119140625,0.4377848207950592
593,2,0.57177734375,0.586029052734375,0.3292439877986908,0.6254119873046875,0.3777059018611908
594,2,0.91943359375,0.2454833984375,0.3361002504825592,0.4195556640625,0.4789225161075592
594,2,0.89892578125,0.67254638671875,0.3501790165901184,0.820220947265625,0.484375
594,2,0.8505859375,0.404205322265625,0.32623291015625,0.4745025634765625,0.4003702402114868
594,2,0.810546875,0.492095947265625,0.3384196162223816,0.578125,0.4351399540901184
594,2,0.79931640625,0.6260986328125,0.3437092900276184,0.694091796875,0.4074706435203552
594,2,0.56005859375,0.5859222412109375,0.3315632939338684,0.6253509521484375,0.3728026747703552
594,2,0.54736328125,0.0502166748046875,0.2601521611213684,0.0845184326171875,0.2924193739891052
595,2,0.91845703125,0.67218017578125,0.3544107973575592,0.8179931640625,0.4863688051700592
595,2,0.8798828125,0.25189208984375,0.3382161557674408,0.42034912109375,0.4825032651424408
595,2,0.86181640625,0.410888671875,0.32928466796875,0.477386474609375,0.3990478515625
595,2,0.8115234375,0.625762939453125,0.3424479365348816,0.690399169921875,0.4114380478858948
595,2,0.79541015625,0.492340087890625,0.3396809697151184,0.57861328125,0.4318034052848816
595,2,0.65869140625,0.582244873046875,0.33404541015625,0.62481689453125,0.3786214590072632
596,2,0.93359375,0.66973876953125,0.3534342646598816,0.81439208984375,0.4851887822151184
596,2,0.8583984375,0.25555419921875,0.3316650390625,0.4232177734375,0.4817708134651184
596,2,0.8251953125,0.415557861328125,0.3279215693473816,0.4742584228515625,0.3993123173713684
596,2,0.8173828125,0.491424560546875,0.3384196162223816,0.578277587890625,0.4360352158546448
596,0,0.73046875,0.950347900390625,0.337158203125,0.99981689453125,0.53076171875
596,2,0.72021484375,0.619415283203125,0.3402099609375,0.68817138671875,0.4055989980697632
596,2,0.59765625,0.5802764892578125,0.3309733271598816,0.624176025390625,0.3728027939796448
597,2,0.90869140625,0.26165771484375,0.3324788212776184,0.42333984375,0.4737955927848816
597,2,0.8974609375,0.6666259765625,0.3473307192325592,0.81170654296875,0.4748941957950592
597,2,0.8408203125,0.415191650390625,0.3257649540901184,0.4757232666015625,0.3978270888328552
597,0,0.78466796875,0.933929443359375,0.3351643681526184,0.998199462890625,0.5077311396598816
597,2,0.76416015625,0.489593505859375,0.3327229917049408,0.577362060546875,0.4328206479549408
597,2,0.70654296875,0.623565673828125,0.3413493037223816,0.687713623046875,0.4011231064796448
597,2,0.5615234375,0.5821075439453125,0.3334147334098816,0.6199188232421875,0.3676961064338684
598,2,0.90771484375,0.2647705078125,0.3374837338924408,0.421783447265625,0.4723714292049408
598,2,0.90478515625,0.6641845703125,0.3514811396598816,0.806640625,0.4781087040901184
598,2,0.83642578125,0.416229248046875,0.3296101987361908,0.4769287109375,0.4000447690486908
598,2,0.80419921875,0.489166259765625,0.3368733525276184,0.575439453125,0.4363200068473816
598,2,0.7333984375,0.61474609375,0.3421223759651184,0.67901611328125,0.4028319716453552
598,0,0.70654296875,0.9224853515625,0.3390706181526184,0.9919281005859375,0.5123698115348816
598,2,0.60009765625,0.57989501953125,0.3336181640625,0.621337890625,0.3753662109375
599,2,0.90478515625,0.659912109375,0.3429768979549408,0.80035400390625,0.4727376401424408
599,2,0.8896484375,0.26788330078125,0.3330485224723816,0.4261474609375,0.465576171875
599,2,0.8359375,0.48870849609375,0.3336588442325592,0.57513427734375,0.4281412661075592
599,2,0.775390625,0.415557861328125,0.3266398310661316,0.47540283203125,0.3939209580421448
599,0,0.7255859375,0.9001312255859375,0.331787109375,0.987701416015625,0.5048014521598816
599,2,0.6826171875,0.602935791015625,0.3412679135799408,0.6715087890625,0.3999226987361908
600,2,0.92333984375,0.27386474609375,0.3277587890625,0.42626953125,0.4593912959098816
600,2,0.89453125,0.6573486328125,0.3412272334098816,0.7940673828125,0.47314453125
600,2,0.845703125,0.48907470703125,0.3346761167049408,0.573944091796875,0.4289143979549408
600,2,0.796875,0.4183502197265625,0.32684326171875,0.47528076171875,0.3938802480697632
600,2,0.66552734375,0.600555419921875,0.3415730595588684,0.6651611328125,0.3987223505973816
600,0,0.560546875,0.88458251953125,0.3380534052848816,0.98406982421875,0.5037434697151184
601,2,0.9111328125,0.2794189453125,0.3307291865348816,0.4293212890625,0.4497070908546448
601,2,0.9013671875,0.65618896484375,0.3429768681526184,0.79248046875,0.4683024287223816
601,2,0.83447265625,0.488067626953125,0.3341064453125,0.5751953125,0.4275308847427368
601,2,0.72265625,0.59844970703125,0.3393147587776184,0.66400146484375,0.3965453505516052
601,2,0.65625,0.421051025390625,0.3232828974723816,0.477813720703125,0.3944702744483948
601,0,0.54541015625,0.87255859375,0.3419596254825592,0.95733642578125,0.4986979067325592
602,2,0.92919921875,0.282958984375,0.3306884765625,0.4296875,0.4526773691177368
602,2,0.90771484375,0.6541748046875,0.3458251953125,0.789520263671875,0.4678548574447632
602,2,0.7783203125,0.487548828125,0.3355712890625,0.57366943359375,0.4238687753677368
602,0,0.70361328125,0.8519439697265625,0.32958984375,0.933258056640625,0.5067545771598816
602,2,0.6845703125,0.595855712890625,0.3395588994026184,0.659881591796875,0.3984782099723816
602,2,0.57568359375,0.7894439697265625,0.3390706181526184,0.8255157470703125,0.4104003310203552
602,2,0.53662109375,0.420745849609375,0.3251139521598816,0.48785400390625,0.4091797471046448
602,3,0.50390625,0.8574066162109375,0.4291178584098816,0.931121826171875,0.528564453125
603,2,0.93017578125,0.28839111328125,0.3332112729549408,0.43109130859375,0.4525960385799408
603,2,0.87841796875,0.6536865234375,0.34716796875,0.7869873046875,0.4663900136947632
603,2,0.84326171875,0.488250732421875,0.3354898989200592,0.573638916015625,0.4281412661075592
603,2,0.740234375,0.592620849609375,0.3405558466911316,0.6569061279296875,0.3986206650733948
603,2,0.60107421875,0.422149658203125,0.33056640625,0.48468017578125,0.4199625253677368
603,0,0.58056640625,0.8285369873046875,0.3349609375,0.9002685546875,0.4877522587776184
603,2,0.52978515625,0.566864013671875,0.334716796875,0.6121826171875,0.38787841796875
603,3,0.51171875,0.8376922607421875,0.4298909306526184,0.91070556640625,0.5274454951286316
604,2,0.92578125,0.28997802734375,0.33203125,0.42816162109375,0.4485269784927368
604,2,0.8828125,0.6494140625,0.3429361879825592,0.78265380859375,0.4579264223575592
604,2,0.83544921875,0.484588623046875,0.3330078125,0.5736083984375,0.4269815683364868
604,2,0.67578125,0.592041015625,0.33880615234375,0.6532440185546875,0.3958536386489868
604,3,0.6337890625,0.815460205078125,0.40771484375,0.892974853515625,0.51953125
604,0,0.61181640625,0.81536865234375,0.3295491337776184,0.89703369140625,0.4901530146598816
604,2,0.53759765625,0.423736572265625,0.32720947265625,0.4878997802734375,0.425537109375
604,2,0.5341796875,0.565185546875,0.3337809145450592,0.6068878173828125,0.3865152895450592
605,2,0.93359375,0.296905517578125,0.3328450322151184,0.43377685546875,0.4493407607078552
605,2,0.8896484375,0.645294189453125,0.3446044921875,0.77911376953125,0.4569498300552368
605,2,0.82861328125,0.480438232421875,0.3332112431526184,0.57318115234375,0.4285888075828552
605,2,0.6787109375,0.58392333984375,0.342041015625,0.65045166015625,0.3962198495864868
605,0,0.63134765625,0.80029296875,0.3361409306526184,0.874786376953125,0.4994303584098816
605,2,0.615234375,0.4287109375,0.3297526240348816,0.4891510009765625,0.3873291611671448
606,2,0.92431640625,0.3031005859375,0.3470866084098816,0.43402099609375,0.4523518681526184
606,2,0.8828125,0.64410400390625,0.3534342348575592,0.7755126953125,0.4679361879825592
606,2,0.80517578125,0.4805908203125,0.3433430790901184,0.575042724609375,0.4410399794578552
606,2,0.75732421875,0.588836669921875,0.34844970703125,0.648651123046875,0.4045614004135132
606,0,0.669921875,0.77557373046875,0.33154296875,0.855743408203125,0.5146484375
606,2,0.5927734375,0.432098388671875,0.3332112431526184,0.4874267578125,0.3917033076286316
607,2,0.921875,0.307464599609375,0.3440755307674408,0.43548583984375,0.4482015073299408
607,2,0.83056640625,0.641998291015625,0.3525797724723816,0.770751953125,0.4650471806526184
607,2,0.80322265625,0.47503662109375,0.3428955078125,0.57537841796875,0.4416910409927368
607,0,0.76416015625,0.75897216796875,0.336181640625,0.8377685546875,0.5118001103401184
607,2,0.7001953125,0.587677001953125,0.3471883237361908,0.64678955078125,0.4007771909236908
607,2,0.69189453125,0.4326171875,0.3338419497013092,0.494049072265625,0.3908487856388092
608,2,0.83740234375,0.486602783203125,0.3336995244026184,0.574615478515625,0.4307860732078552
608,2,0.80419921875,0.30621337890625,0.3357747197151184,0.43701171875,0.4395751357078552
608,2,0.7373046875,0.5878753662109375,0.3377685546875,0.6439208984375,0.3944295644760132
608,2,0.67431640625,0.436859130859375,0.3240763545036316,0.5050811767578125,0.3849080204963684
608,0,0.67431640625,0.74176025390625,0.3317057490348816,0.822235107421875,0.4873046875
608,2,0.63671875,0.63739013671875,0.3466390073299408,0.7513427734375,0.4472249448299408
608,2,0.57177734375,-0.000213623046875,0.35400390625,0.065643310546875,0.7635091543197632
609,2,0.84814453125,0.48358154296875,0.3326823115348816,0.5745849609375,0.4309895634651184
609,2,0.8447265625,0.3155517578125,0.3335774540901184,0.43597412109375,0.4347330927848816
609,2,0.7666015625,0.445343017578125,0.3242594599723816,0.503143310546875,0.3800049424171448
609,2,0.72021484375,0.64068603515625,0.3441569209098816,0.747650146484375,0.4500733017921448
609,2,0.6865234375,-0.000274658203125,0.3338216543197632,0.087982177734375,0.7421875
609,2,0.626953125,0.577606201171875,0.3311360478401184,0.64324951171875,0.3933715224266052
610,2,0.85498046875,0.484375,0.3355712890625,0.57427978515625,0.4337158203125
610,2,0.81005859375,0.3192138671875,0.3336588442325592,0.440032958984375,0.4324137270450592
610,2,0.7314453125,0.45074462890625,0.3274739384651184,0.5018157958984375,0.3838500380516052
610,2,0.6884765625,0.638397216796875,0.3476765751838684,0.742431640625,0.4478759169578552
610,2,0.68017578125,-0.00048828125,0.2877604365348816,0.11480712890625,0.7418619990348816
610,0,0.6025390625,0.71319580078125,0.3346761167049408,0.794281005859375,0.4937337338924408
610,2,0.59765625,0.5651702880859375,0.3329671025276184,0.640625,0.3928629755973816
611,2,0.86865234375,0.328582763671875,0.3358154296875,0.442169189453125,0.4331868886947632
611,2,0.76123046875,0.485809326171875,0.3385823369026184,0.57464599609375,0.4362792372703552
611,2,0.75537109375,-0.0006103515625,0.2794595956802368,0.13970947265625,0.7859700918197632
611,2,0.7294921875,0.454803466796875,0.327392578125,0.502838134765625,0.38421630859375
611,2,0.60595703125,0.59014892578125,0.34234619140625,0.6401214599609375,0.3934326171875
612,2,0.83740234375,0.332763671875,0.33251953125,0.444061279296875,0.4311116933822632
612,2,0.83544921875,0.48638916015625,0.3369547724723816,0.580047607421875,0.4344483017921448
612,0,0.79443359375,0.6819915771484375,0.3317463994026184,0.7562255859375,0.4869791865348816
612,2,0.77978515625,-0.00018310546875,0.32275390625,0.16656494140625,0.7701822519302368
612,2,0.6611328125,0.5861968994140625,0.3427531123161316,0.64044189453125,0.3940022587776184
612,2,0.6064453125,0.462249755859375,0.33148193359375,0.5073394775390625,0.3818563222885132
612,3,0.57373046875,0.695770263671875,0.4121500849723816,0.7577056884765625,0.5067952275276184
613,2,0.83251953125,0.485870361328125,0.332275390625,0.58203125,0.4291177988052368
613,2,0.80322265625,-0.00018310546875,0.3179524838924408,0.18865966796875,0.6915689706802368
613,2,0.78173828125,0.334991455078125,0.3272705078125,0.449432373046875,0.42236328125
613,2,0.615234375,0.58294677734375,0.336669921875,0.6425323486328125,0.390869140625
613,2,0.546875,0.470001220703125,0.32171630859375,0.5140533447265625,0.3775430917739868
614,2,0.84228515625,-0.00018310546875,0.30078125,0.21173095703125,0.6726888418197632
614,2,0.7841796875,0.48797607421875,0.3286946713924408,0.586883544921875,0.4241536557674408
614,2,0.75,0.337890625,0.3269449770450592,0.449554443359375,0.4176432192325592
614,2,0.74951171875,0.65447998046875,0.340087890625,0.75311279296875,0.4446207284927368
614,2,0.50732421875,0.579559326171875,0.3342692255973816,0.656402587890625,0.4207764267921448
615,2,0.8251953125,-0.00018310546875,0.2897135615348816,0.2352294921875,0.7203776240348816
615,2,0.724609375,0.34954833984375,0.327880859375,0.453277587890625,0.4129638671875
615,2,0.64501953125,0.645751953125,0.3330484926700592,0.750518798828125,0.4403482973575592
615,2,0.60595703125,0.487396240234375,0.3238525390625,0.58721923828125,0.4229329824447632
615,0,0.5693359375,0.6407623291015625,0.3348795771598816,0.70684814453125,0.4862874150276184
616,2,0.89501953125,0.0,0.28662109375,0.2469482421875,0.69873046875
616,2,0.72265625,0.354888916015625,0.3275349736213684,0.45709228515625,0.4122721552848816
616,2,0.7021484375,0.493438720703125,0.3307291567325592,0.5897216796875,0.4265543520450592
616,2,0.52490234375,0.66278076171875,0.3388265073299408,0.748504638671875,0.4416097104549408
616,0,0.50048828125,0.62890625,0.3385416567325592,0.696197509765625,0.4838053286075592
617,2,0.93701171875,6.103515625e-05,0.2833658456802368,0.2607421875,0.6769205331802368
617,2,0.7734375,0.49407958984375,0.3323567509651184,0.591461181640625,0.4327391982078552
617,2,0.73828125,0.3465576171875,0.3297526240348816,0.457733154296875,0.4140217900276184
617,0,0.57861328125,0.617034912109375,0.326904296875,0.68341064453125,0.4873453974723816
617,3,0.5224609375,0.6205596923828125,0.399658203125,0.674896240234375,0.4929605722427368
618,2,0.93017578125,0.0001220703125,0.2633463740348816,0.2725830078125,0.6409505605697632
618,2,0.78759765625,0.494110107421875,0.3310140073299408,0.591033935546875,0.4323323667049408
618,2,0.728515625,0.35601806640625,0.330810546875,0.458526611328125,0.412353515625
618,2,0.57470703125,0.6568603515625,0.33984375,0.745208740234375,0.4325765371322632
618,0,0.5283203125,0.592132568359375,0.3271891176700592,0.670989990234375,0.4827066957950592
618,3,0.5166015625,0.605499267578125,0.4020589292049408,0.6563262939453125,0.4870198667049408
619,2,0.92431640625,0.000244140625,0.3017578125,0.2869873046875,0.6214193105697632
619,2,0.83203125,0.646697998046875,0.3446858525276184,0.742401123046875,0.4399821162223816
619,2,0.77587890625,0.498504638671875,0.3350830078125,0.590423583984375,0.4330648183822632
619,2,0.6064453125,0.368896484375,0.3321940302848816,0.504913330078125,0.4147949814796448
619,2,0.55419921875,0.766204833984375,0.3458251953125,0.84796142578125,0.4063720703125
619,3,0.544921875,0.59124755859375,0.4065755307674408,0.64324951171875,0.4914143979549408
620,2,0.9482421875,0.000244140625,0.3116047978401184,0.300537109375,0.6009927988052368
620,2,0.8125,0.37744140625,0.3408609926700592,0.464385986328125,0.4260660707950592
620,2,0.78759765625,0.6376953125,0.3507080078125,0.73858642578125,0.43359375
620,2,0.66748046875,0.4986572265625,0.3377278745174408,0.58526611328125,0.4302571713924408
621,2,0.939453125,0.0003662109375,0.314697265625,0.3109130859375,0.5799967050552368
621,2,0.78271484375,0.6363525390625,0.3506673276424408,0.735931396484375,0.4389241635799408
621,2,0.7431640625,0.502410888671875,0.336181640625,0.588836669921875,0.4250081777572632
621,2,0.712890625,0.380950927734375,0.341064453125,0.46697998046875,0.4156697988510132
621,0,0.525390625,0.7710723876953125,0.3462931215763092,0.80401611328125,0.4094645082950592
622,2,0.93017578125,0.0,0.3162434697151184,0.322265625,0.5607096552848816
622,2,0.78173828125,0.38629150390625,0.3390299677848816,0.4710693359375,0.4146118760108948
622,2,0.7607421875,0.63665771484375,0.3511962890625,0.733306884765625,0.4388021230697632
622,2,0.64599609375,0.496307373046875,0.3378092348575592,0.579620361328125,0.4466959536075592
622,3,0.5517578125,0.5616455078125,0.4178873896598816,0.6078948974609375,0.4982910752296448
622,0,0.50390625,0.7720489501953125,0.3467610776424408,0.80169677734375,0.4120686948299408
623,2,0.90869140625,0.0322265625,0.3212076425552368,0.33197021484375,0.5465494394302368
623,2,0.84326171875,0.38922119140625,0.3410237431526184,0.470550537109375,0.4157714247703552
623,2,0.81396484375,0.63311767578125,0.3553466796875,0.730560302734375,0.4407958984375
623,2,0.66259765625,0.4988861083984375,0.3390299677848816,0.56854248046875,0.4274902939796448
623,0,0.6025390625,0.766632080078125,0.3314412236213684,0.80072021484375,0.4121500849723816
623,2,0.5830078125,0.578765869140625,0.34619140625,0.633331298828125,0.3881021738052368
624,2,0.9140625,0.0672607421875,0.32373046875,0.344482421875,0.531494140625
624,2,0.82958984375,0.393341064453125,0.3452351689338684,0.4727783203125,0.4163615107536316
624,2,0.8173828125,0.6319580078125,0.3562418520450592,0.728973388671875,0.4437662661075592
624,2,0.63037109375,0.5872802734375,0.3483072817325592,0.6299896240234375,0.3890787661075592
624,3,0.55908203125,0.544952392578125,0.4175211191177368,0.5891571044921875,0.5043131113052368
624,2,0.54296875,0.50445556640625,0.3432210385799408,0.558197021484375,0.3903401792049408
624,0,0.515625,0.767913818359375,0.3288370668888092,0.799774169921875,0.4114176332950592
625,2,0.869140625,0.09716796875,0.3206380009651184,0.3551025390625,0.5211588740348816
625,2,0.8310546875,0.629974365234375,0.3529866337776184,0.722869873046875,0.4377440810203552
625,2,0.8203125,0.396453857421875,0.3407999873161316,0.4733123779296875,0.4100342392921448
625,2,0.59130859375,0.578582763671875,0.3416748046875,0.6279754638671875,0.3821817636489868
626,2,0.89111328125,0.1260986328125,0.3169758915901184,0.3634033203125,0.5049235224723816
626,2,0.84130859375,0.400299072265625,0.3356526494026184,0.4747772216796875,0.4015299677848816
626,2,0.8125,0.6279296875,0.3448079526424408,0.72186279296875,0.4269612729549408
626,2,0.5224609375,0.5793304443359375,0.3398844599723816,0.626434326171875,0.3749592900276184
627,2,0.90771484375,0.14971923828125,0.3188069462776184,0.3707275390625,0.4921875
627,2,0.8603515625,0.40362548828125,0.3333740234375,0.475128173828125,0.39569091796875
627,2,0.8193359375,0.62554931640625,0.341796875,0.7164306640625,0.4211019277572632
627,2,0.63818359375,0.5783538818359375,0.3327839970588684,0.62408447265625,0.3724974989891052
627,2,0.5537109375,0.49859619140625,0.3424885869026184,0.594512939453125,0.4394530653953552
627,3,0.501953125,0.5146484375,0.4108073115348816,0.5603179931640625,0.4922688603401184
628,2,0.91015625,0.171875,0.3226725459098816,0.37451171875,0.4892578125
628,2,0.837890625,0.622528076171875,0.3419596552848816,0.712005615234375,0.4158528447151184
628,2,0.8056640625,0.40625,0.3326619267463684,0.476348876953125,0.3969725966453552
628,2,0.57958984375,0.579132080078125,0.3380330502986908,0.620635986328125,0.3730061948299408
628,2,0.57080078125,0.496856689453125,0.3523356318473816,0.59429931640625,0.4571533799171448
629,2,0.91357421875,0.1927490234375,0.3223470151424408,0.38385009765625,0.4731038510799408
629,2,0.79443359375,0.408538818359375,0.330810546875,0.4763946533203125,0.3925577402114868
629,2,0.77099609375,0.62237548828125,0.3380534052848816,0.705352783203125,0.4097900986671448
629,2,0.68896484375,0.49151611328125,0.3509928286075592,0.59326171875,0.4419352114200592
629,2,0.5498046875,0.582122802734375,0.3330078125,0.617828369140625,0.3652547597885132
629,0,0.54052734375,0.8254547119140625,0.30621337890625,0.853851318359375,0.3764444589614868
630,2,0.92578125,0.21295166015625,0.3231201171875,0.3897705078125,0.4715169072151184
630,2,0.79443359375,0.62176513671875,0.3386027216911316,0.702972412109375,0.4112549424171448
630,2,0.7744140625,0.411865234375,0.3307901918888092,0.476898193359375,0.3912149965763092
630,2,0.6591796875,0.4796142578125,0.3380126953125,0.592926025390625,0.4334716796875
630,2,0.5185546875,0.57861328125,0.3328043818473816,0.6175689697265625,0.3652954697608948
631,2,0.91748046875,0.2301025390625,0.330078125,0.396728515625,0.4654133915901184
631,2,0.8193359375,0.620086669921875,0.3431396484375,0.70025634765625,0.4151204824447632
631,2,0.73583984375,0.4141082763671875,0.3348185122013092,0.478759765625,0.3928019106388092
631,2,0.72802734375,0.47149658203125,0.3433837890625,0.5924072265625,0.4434814453125
631,2,0.5029296875,0.7567596435546875,0.3428547978401184,0.7887725830078125,0.3946532607078552
632,2,0.927734375,0.24725341796875,0.3321940004825592,0.40380859375,0.4653727114200592
632,2,0.73974609375,0.620086669921875,0.3426513671875,0.697235107421875,0.4143472909927368
632,2,0.7255859375,0.4170379638671875,0.3343098759651184,0.478179931640625,0.3893229365348816
632,2,0.6787109375,0.5048828125,0.346923828125,0.5936279296875,0.44390869140625
633,2,0.91845703125,0.2584228515625,0.3336181640625,0.406982421875,0.4574381113052368
633,2,0.79541015625,0.6202392578125,0.3412272334098816,0.6951904296875,0.4075520634651184
633,2,0.68701171875,0.50567626953125,0.3559163510799408,0.594482421875,0.4446614682674408
633,2,0.67236328125,0.42022705078125,0.33416748046875,0.486602783203125,0.39495849609375
634,2,0.93017578125,0.268646240234375,0.3304850161075592,0.41064453125,0.4525553286075592
634,2,0.837890625,0.49639892578125,0.3622639775276184,0.593902587890625,0.4453532099723816
634,2,0.69091796875,0.618408203125,0.3392333984375,0.6896514892578125,0.4053140878677368
634,2,0.6416015625,0.42010498046875,0.3363443911075592,0.49603271484375,0.4229532778263092
635,2,0.86865234375,0.27972412109375,0.3295491337776184,0.413330078125,0.4392089247703552
635,2,0.84423828125,0.494873046875,0.3629150390625,0.59393310546875,0.44329833984375
635,2,0.703125,0.619384765625,0.3349406123161316,0.688262939453125,0.4031372666358948
635,2,0.65283203125,0.409423828125,0.3387044072151184,0.481903076171875,0.4309489130973816
636,2,0.8125,0.28802490234375,0.3250325620174408,0.402374267578125,0.4281819760799408
636,2,0.7607421875,0.495025634765625,0.3598225712776184,0.592864990234375,0.4355265498161316
636,2,0.62158203125,0.6141510009765625,0.3322346806526184,0.68597412109375,0.4022623896598816
636,2,0.6025390625,0.4029541015625,0.3317057490348816,0.48681640625,0.3961995244026184
636,2,0.50537109375,0.434112548828125,0.3315632939338684,0.4859771728515625,0.3815917372703552
637,2,0.81396484375,0.49444580078125,0.333740234375,0.594085693359375,0.4388427734375
637,2,0.74658203125,0.612457275390625,0.3337809443473816,0.68280029296875,0.4013875126838684
637,2,0.734375,0.29266357421875,0.3268229365348816,0.4346923828125,0.4443359971046448
637,2,0.70654296875,0.43280029296875,0.3340047299861908,0.486541748046875,0.3840535581111908
638,2,0.81591796875,0.611480712890625,0.3321533203125,0.68310546875,0.39959716796875
638,2,0.79248046875,0.4964599609375,0.3389078676700592,0.596588134765625,0.4415690004825592
638,2,0.76611328125,0.30670166015625,0.3286946415901184,0.390777587890625,0.4241129755973816
638,2,0.64697265625,0.435821533203125,0.3347981572151184,0.48431396484375,0.3841959834098816
638,2,0.57470703125,0.956146240234375,0.3014322519302368,0.99981689453125,0.5126138925552368
639,2,0.8251953125,0.497955322265625,0.3434651494026184,0.59912109375,0.4453124403953552
639,2,0.76953125,0.435455322265625,0.3382568359375,0.488739013671875,0.3845418691635132
639,2,0.73974609375,0.61431884765625,0.3397420346736908,0.681884765625,0.4032185971736908
639,2,0.67138671875,0.3465576171875,0.3428141474723816,0.431732177734375,0.4268189072608948
640,2,0.8427734375,0.49884033203125,0.3445637822151184,0.599273681640625,0.4530436396598816
640,2,0.779296875,0.4359130859375,0.3394368290901184,0.490081787109375,0.3887125849723816
640,2,0.71337890625,0.937469482421875,0.3334146738052368,0.999847412109375,0.5087076425552368
640,2,0.71142578125,0.327850341796875,0.33349609375,0.43511962890625,0.429931640625
640,2,0.6845703125,0.61328125,0.3417765200138092,0.680419921875,0.4072672426700592
641,2,0.85205078125,0.4991455078125,0.3420003056526184,0.600372314453125,0.4504801630973816
641,2,0.80419921875,0.611358642578125,0.3421223759651184,0.68109130859375,0.4056193232536316
641,2,0.78271484375,0.4385986328125,0.3414509892463684,0.492431640625,0.3886107802391052
641,2,0.71240234375,0.92645263671875,0.3460286855697632,0.999542236328125,0.5011800527572632
641,2,0.59130859375,0.361328125,0.3322550356388092,0.43890380859375,0.4236246645450592
642,2,0.8525390625,0.498687744140625,0.3400471806526184,0.60223388671875,0.4487304091453552
642,2,0.82373046875,0.91748046875,0.3485514223575592,0.99957275390625,0.4892984926700592
642,2,0.78515625,0.4421844482421875,0.3385213017463684,0.4949951171875,0.3863322138786316
642,2,0.76708984375,0.61212158203125,0.3408406376838684,0.6807861328125,0.4033202528953552
642,2,0.6943359375,0.355377197265625,0.3323161005973816,0.443756103515625,0.4227905869483948
643,2,0.82470703125,0.61083984375,0.335693359375,0.677581787109375,0.3980509042739868
643,2,0.8154296875,0.903076171875,0.34423828125,0.99951171875,0.481689453125
643,2,0.8017578125,0.499755859375,0.3356119990348816,0.602203369140625,0.4433594346046448
643,2,0.72607421875,0.35418701171875,0.32763671875,0.44659423828125,0.4130045175552368
643,2,0.666015625,0.446258544921875,0.33416748046875,0.49420166015625,0.3828125
644,2,0.87841796875,0.89093017578125,0.3414713442325592,0.999603271484375,0.4757486879825592
644,2,0.837890625,0.61041259765625,0.334228515625,0.67547607421875,0.39691162109375
644,2,0.775390625,0.49908447265625,0.343017578125,0.60235595703125,0.4424642324447632
644,2,0.72216796875,0.352142333984375,0.3267822265625,0.44775390625,0.4121907949447632
644,2,0.69384765625,0.447601318359375,0.33416748046875,0.49462890625,0.3823446035385132
645,2,0.91162109375,0.87799072265625,0.3443196415901184,0.9993896484375,0.4712321162223816
645,2,0.8271484375,0.611572265625,0.3350830078125,0.67333984375,0.3972982168197632
645,2,0.7939453125,0.49786376953125,0.3343099057674408,0.6002197265625,0.4442952573299408
645,2,0.75390625,0.35467529296875,0.329345703125,0.451904296875,0.4129434823989868
645,2,0.6416015625,0.447662353515625,0.335205078125,0.4942474365234375,0.37939453125
645,0,0.60107421875,0.29010009765625,0.3028564453125,0.35113525390625,0.4404296875
646,2,0.87060546875,0.871826171875,0.3455403447151184,0.999267578125,0.4669596552848816
646,2,0.78173828125,0.49761962890625,0.3577067255973816,0.602294921875,0.4456380009651184
646,2,0.7685546875,0.610260009765625,0.3401082158088684,0.66986083984375,0.3993327021598816
646,0,0.6845703125,0.28704833984375,0.3048095703125,0.3472900390625,0.4473469853401184
646,2,0.62158203125,0.449462890625,0.33837890625,0.49560546875,0.384521484375
646,2,0.57421875,0.3695068359375,0.3301188051700592,0.4534912109375,0.4043985903263092
647,2,0.90478515625,0.861419677734375,0.3474528193473816,0.99896240234375,0.4683838486671448
647,2,0.8095703125,0.3660888671875,0.3336995542049408,0.456146240234375,0.4141438901424408
647,2,0.7080078125,0.495391845703125,0.3452962338924408,0.602203369140625,0.4483235776424408
647,2,0.697265625,0.60858154296875,0.34503173828125,0.668243408203125,0.4045816659927368
647,0,0.54931640625,0.7200927734375,0.3181966245174408,0.7474822998046875,0.4015096127986908
647,2,0.5263671875,0.450836181640625,0.34625244140625,0.4950103759765625,0.38555908203125
648,2,0.8701171875,0.84600830078125,0.3517252504825592,0.997802734375,0.4715982973575592
648,2,0.80078125,0.605621337890625,0.3528645932674408,0.668182373046875,0.4148763120174408
648,2,0.76171875,0.374298095703125,0.3449910581111908,0.4604949951171875,0.4190267026424408
648,2,0.75,0.496917724609375,0.3714192509651184,0.60394287109375,0.4579264521598816
648,2,0.6298828125,0.4533233642578125,0.3529255986213684,0.49725341796875,0.3916422724723816
648,0,0.5888671875,0.721435546875,0.32720947265625,0.749908447265625,0.408935546875
648,0,0.55419921875,0.284332275390625,0.3123372495174408,0.3443145751953125,0.4561360776424408
649,2,0.84814453125,0.84356689453125,0.3548991084098816,0.99798583984375,0.4718018174171448
649,2,0.78466796875,0.377410888671875,0.3453775942325592,0.463531494140625,0.4183756411075592
649,2,0.74169921875,0.494232177734375,0.3654378056526184,0.6051025390625,0.4606119990348816
649,0,0.65966796875,0.2861328125,0.3191731870174408,0.3454437255859375,0.4557698667049408
649,2,0.62060546875,0.5941162109375,0.354736328125,0.667816162109375,0.41461181640625
649,0,0.61083984375,0.7218475341796875,0.337890625,0.7513427734375,0.4139608144760132
649,2,0.56982421875,0.456634521484375,0.3548176884651184,0.5011138916015625,0.3981932997703552
650,2,0.9140625,0.83941650390625,0.3558756411075592,0.9981689453125,0.4792887270450592
650,2,0.7470703125,0.605438232421875,0.3601481318473816,0.6665496826171875,0.4188233017921448
650,2,0.740234375,0.38262939453125,0.3481242060661316,0.463531494140625,0.4206746220588684
650,0,0.72509765625,0.28472900390625,0.3193359375,0.342010498046875,0.45654296875
650,2,0.71240234375,0.49359130859375,0.3581135869026184,0.605316162109375,0.4631754755973816
650,0,0.53173828125,0.7208251953125,0.3528849184513092,0.7494049072265625,0.4131266176700592
650,2,0.51708984375,0.4572296142578125,0.3585408329963684,0.509307861328125,0.4007365107536316
651,2,0.876953125,0.832794189453125,0.353515625,0.99462890625,0.4781494140625
651,2,0.80908203125,0.494903564453125,0.358154296875,0.606414794921875,0.466552734375
651,2,0.78271484375,0.384552001953125,0.35009765625,0.466278076171875,0.42132568359375
651,0,0.76025390625,0.282989501953125,0.3212890625,0.344390869140625,0.456787109375
651,2,0.69775390625,0.5911102294921875,0.35791015625,0.666107177734375,0.418701171875
651,2,0.51953125,0.4597625732421875,0.3578694760799408,0.506134033203125,0.3987019956111908
652,2,0.88427734375,0.82537841796875,0.3531087338924408,0.98968505859375,0.4751790463924408
652,2,0.7939453125,0.390411376953125,0.3468017578125,0.467864990234375,0.41796875
652,2,0.71826171875,0.49444580078125,0.3545328676700592,0.606689453125,0.4632975161075592
652,2,0.7001953125,0.602691650390625,0.3563639223575592,0.6656951904296875,0.4162394106388092
652,0,0.5302734375,0.28533935546875,0.3185628354549408,0.34832763671875,0.4484456479549408
653,2,0.8720703125,0.39593505859375,0.3436686396598816,0.469085693359375,0.4163208603858948
653,2,0.8505859375,0.81939697265625,0.353515625,0.97955322265625,0.4650064706802368
653,2,0.771484375,0.937835693359375,0.4207356870174408,0.99957275390625,0.6742349863052368
653,2,0.751953125,0.49530029296875,0.3499348759651184,0.6053466796875,0.4633788466453552
653,2,0.6689453125,0.6052398681640625,0.3538004755973816,0.66522216796875,0.4130859971046448
653,0,0.625,0.286224365234375,0.3188883364200592,0.3434600830078125,0.4468180239200592
653,2,0.572265625,0.4647979736328125,0.3501180112361908,0.4997100830078125,0.3914998471736908
654,2,0.84912109375,0.8155517578125,0.3590087890625,0.9664306640625,0.4642740488052368
654,2,0.84130859375,0.398712158203125,0.34954833984375,0.470733642578125,0.41485595703125
654,2,0.7724609375,0.494049072265625,0.35009765625,0.60321044921875,0.4661458730697632
654,2,0.7724609375,0.910186767578125,0.448974609375,0.999542236328125,0.6708984375
654,2,0.72021484375,0.606353759765625,0.35333251953125,0.665435791015625,0.4137979745864868
654,0,0.60400390625,0.289215087890625,0.3184000849723816,0.342864990234375,0.4414876103401184
654,2,0.50244140625,0.4653167724609375,0.35040283203125,0.5037994384765625,0.3951822519302368
655,2,0.86279296875,0.399627685546875,0.35064697265625,0.4745635986328125,0.4143880605697632
655,2,0.76953125,0.80975341796875,0.3646647036075592,0.95538330078125,0.4624430239200592
655,2,0.751953125,0.885986328125,0.3951823115348816,0.99981689453125,0.6512858271598816
655,2,0.7490234375,0.605712890625,0.3556111454963684,0.6650238037109375,0.4126383662223816
655,2,0.748046875,0.494384765625,0.3553466796875,0.603607177734375,0.4673258066177368
655,2,0.5400390625,0.4708099365234375,0.35137939453125,0.5067596435546875,0.3902994394302368
655,3,0.52734375,0.28887939453125,0.3652750849723816,0.3435516357421875,0.4729614853858948
655,0,0.50927734375,0.7186126708984375,0.3614501953125,0.7376556396484375,0.40753173828125
656,2,0.90380859375,0.86590576171875,0.3517252802848816,0.9996337890625,0.632568359375
656,2,0.82470703125,0.40283203125,0.3463948369026184,0.4738006591796875,0.4095866084098816
656,2,0.81005859375,0.80657958984375,0.3592936396598816,0.9482421875,0.4586182236671448
656,2,0.78173828125,0.494049072265625,0.3484293818473816,0.604949951171875,0.4588215947151184
656,2,0.74462890625,0.605072021484375,0.34625244140625,0.663299560546875,0.4053751230239868
656,0,0.603515625,0.2978668212890625,0.31439208984375,0.3419036865234375,0.4462077021598816
656,0,0.5751953125,0.716552734375,0.3587646484375,0.7367401123046875,0.3990274667739868
657,2,0.89111328125,0.849853515625,0.3614909052848816,0.9993896484375,0.619873046875
657,2,0.8212890625,0.80096435546875,0.3613688051700592,0.927734375,0.4595133364200592
657,2,0.79541015625,0.49200439453125,0.3512369692325592,0.6019287109375,0.4639078676700592
657,2,0.7900390625,0.405303955078125,0.3511555790901184,0.475067138671875,0.4104411005973816
657,2,0.73876953125,0.60638427734375,0.3528035283088684,0.6601715087890625,0.4097697138786316
657,2,0.54638671875,0.469390869140625,0.3484700322151184,0.5068511962890625,0.4057616591453552
657,3,0.5390625,0.2965850830078125,0.3993733823299408,0.34088134765625,0.4610188901424408
657,0,0.5166015625,0.3058929443359375,0.32391357421875,0.3457489013671875,0.4402669668197632
658,2,0.896484375,0.8331298828125,0.3562825918197632,0.999603271484375,0.693359375
658,2,0.8291015625,0.78826904296875,0.3619384765625,0.91119384765625,0.4538980722427368
658,2,0.8154296875,0.49102783203125,0.3513997197151184,0.60211181640625,0.4628905653953552
658,2,0.80712890625,0.413360595703125,0.3490804135799408,0.4756011962890625,0.4088948667049408
658,2,0.68994140625,0.6055755615234375,0.35211181640625,0.66204833984375,0.4066162109375
658,2,0.609375,0.472747802734375,0.347900390625,0.510589599609375,0.4033609628677368
658,3,0.5810546875,0.3012847900390625,0.384765625,0.3471527099609375,0.46087646484375
658,0,0.525390625,0.30224609375,0.32647705078125,0.349029541015625,0.4372152090072632
659,2,0.9150390625,0.819091796875,0.3583984375,0.9986572265625,0.6612955331802368
659,2,0.8125,0.788421630859375,0.3631591796875,0.895050048828125,0.4539794921875
659,2,0.8076171875,0.490753173828125,0.3601481020450592,0.60052490234375,0.4663492739200592
659,2,0.7607421875,0.41156005859375,0.3490193784236908,0.47662353515625,0.4090779721736908
659,2,0.72119140625,0.60601806640625,0.3525797724723816,0.6604461669921875,0.4076741337776184
659,3,0.638671875,0.308074951171875,0.3940836489200592,0.343475341796875,0.4560953676700592
659,0,0.5341796875,0.3067626953125,0.3230794370174408,0.3581085205078125,0.4499104917049408
659,2,0.52783203125,0.4766387939453125,0.3476969599723816,0.509796142578125,0.3956502079963684
659,2,0.50732421875,0.35198974609375,0.3553670048713684,0.4160614013671875,0.4104003310203552
660,2,0.90771484375,0.806640625,0.3582356572151184,0.99908447265625,0.6453450322151184
660,2,0.810546875,0.48895263671875,0.3599853515625,0.597869873046875,0.4672037363052368
660,2,0.7607421875,0.78314208984375,0.3589274287223816,0.874176025390625,0.4472046494483948
660,2,0.7333984375,0.40472412109375,0.3472900390625,0.475799560546875,0.4066365957260132
660,2,0.6572265625,0.605072021484375,0.3513590395450592,0.662933349609375,0.4073893129825592
660,3,0.63623046875,0.3109893798828125,0.3763834536075592,0.354705810546875,0.4567057192325592
660,0,0.6162109375,0.310272216796875,0.3221638798713684,0.3612518310546875,0.4294432997703552
660,2,0.53271484375,0.4741668701171875,0.3497721552848816,0.51190185546875,0.4030964970588684
661,2,0.87353515625,0.79638671875,0.3553059697151184,0.9986572265625,0.6205240488052368
661,2,0.78271484375,0.780517578125,0.3574625849723816,0.865570068359375,0.4432576298713684
661,2,0.7802734375,0.4866943359375,0.3592122197151184,0.59466552734375,0.4641112685203552
661,0,0.72509765625,0.3134002685546875,0.3185831904411316,0.361236572265625,0.4356282353401184
661,2,0.66796875,0.4110107421875,0.3467203676700592,0.476287841796875,0.4058023989200592
661,3,0.62841796875,0.3125457763671875,0.3658854067325592,0.35638427734375,0.4563395082950592
662,2,0.85546875,0.7877197265625,0.3390299677848816,0.99957275390625,0.6053060293197632
662,2,0.7783203125,0.487030029296875,0.3673502504825592,0.5938720703125,0.4667154848575592
662,2,0.69189453125,0.413177490234375,0.3462117314338684,0.4756622314453125,0.4043375849723816
662,2,0.6865234375,0.773406982421875,0.3583984375,0.854522705078125,0.4384359121322632
662,3,0.61669921875,0.314727783203125,0.3670654296875,0.36029052734375,0.4540201425552368
662,0,0.56591796875,0.3199310302734375,0.3265380859375,0.36260986328125,0.437744140625
662,2,0.5283203125,0.6011810302734375,0.35772705078125,0.654632568359375,0.407470703125
663,2,0.83935546875,0.7764892578125,0.3517252802848816,0.9996337890625,0.6240234375
663,2,0.8271484375,0.48541259765625,0.3493245244026184,0.5919189453125,0.4619547724723816
663,2,0.75390625,0.7705078125,0.3583984375,0.8450927734375,0.4364013671875
663,2,0.740234375,0.414794921875,0.34185791015625,0.476715087890625,0.4000447988510132
663,2,0.58447265625,0.6030731201171875,0.3539021909236908,0.6533050537109375,0.4008992612361908
663,3,0.5810546875,0.317596435546875,0.3504231572151184,0.364501953125,0.4490966200828552
664,2,0.88671875,0.771728515625,0.3602702021598816,0.99798583984375,0.601806640625
664,2,0.82958984375,0.486053466796875,0.350830078125,0.591796875,0.4609781503677368
664,2,0.7705078125,0.41253662109375,0.3419189453125,0.4759674072265625,0.3998209238052368
664,0,0.64013671875,0.3263702392578125,0.3258463740348816,0.3679962158203125,0.4429524540901184
665,2,0.9150390625,0.7647705078125,0.35302734375,0.995849609375,0.5927734375
665,2,0.822265625,0.415252685546875,0.3371785283088684,0.478668212890625,0.3936766982078552
665,2,0.71826171875,0.4857177734375,0.3484700322151184,0.590057373046875,0.4593505263328552
666,2,0.8896484375,0.7584228515625,0.356201171875,0.9959716796875,0.5823567509651184
666,2,0.79931640625,0.4140777587890625,0.3410847783088684,0.4722137451171875,0.3986205458641052
666,2,0.7734375,0.4835205078125,0.3530680239200592,0.59063720703125,0.4593912661075592
667,2,0.91015625,0.75537109375,0.3587239384651184,0.99542236328125,0.569580078125
667,2,0.81005859375,0.47528076171875,0.3468424379825592,0.5936279296875,0.4549967348575592
667,2,0.80810546875,0.41351318359375,0.3400065302848816,0.4702911376953125,0.3984578251838684
668,2,0.9111328125,0.75146484375,0.3515625,0.9969482421875,0.5640462040901184
668,2,0.798828125,0.4775390625,0.3452555537223816,0.589752197265625,0.4579671025276184
668,2,0.56591796875,0.4153289794921875,0.3352457880973816,0.473114013671875,0.3923543095588684
669,2,0.9052734375,0.743408203125,0.3475748896598816,0.99853515625,0.556640625
669,2,0.81201171875,0.4813232421875,0.3414713740348816,0.589996337890625,0.4538167119026184
669,2,0.65869140625,0.41046142578125,0.3326009213924408,0.4722137451171875,0.3908284604549408
669,2,0.58837890625,0.59454345703125,0.34197998046875,0.650482177734375,0.3978067636489868
669,2,0.5146484375,0.6442108154296875,0.3502604067325592,0.6756134033203125,0.3909708559513092
670,2,0.92431640625,0.73779296875,0.34326171875,0.995361328125,0.5536295771598816
670,2,0.751953125,0.480224609375,0.3369954526424408,0.5872802734375,0.4484456479549408
670,2,0.7099609375,0.407867431640625,0.33135986328125,0.4712371826171875,0.3858236074447632
670,2,0.5947265625,0.576690673828125,0.3430379033088684,0.64996337890625,0.3960978388786316
670,2,0.5068359375,0.64300537109375,0.3465372920036316,0.6771240234375,0.3914185166358948
671,2,0.9140625,0.73468017578125,0.341796875,0.991943359375,0.54541015625
671,2,0.8017578125,0.48309326171875,0.3333333432674408,0.58831787109375,0.4428304135799408
671,2,0.65234375,0.40765380859375,0.3320515751838684,0.473388671875,0.3860880732536316
671,3,0.57666015625,0.33587646484375,0.3562418818473816,0.3736724853515625,0.4246826767921448
671,2,0.5048828125,0.586639404296875,0.3420206606388092,0.653167724609375,0.3921915590763092
671,0,0.50048828125,0.696075439453125,0.3510945439338684,0.7213287353515625,0.3923746943473816
672,2,0.91259765625,0.7308349609375,0.3483073115348816,0.996337890625,0.5542805790901184
672,2,0.76611328125,0.483642578125,0.3404133915901184,0.5865478515625,0.4470621943473816
672,2,0.64404296875,0.413818359375,0.3405558466911316,0.47412109375,0.3943684697151184
672,3,0.537109375,0.3376922607421875,0.3644612431526184,0.37255859375,0.4303588271141052
672,2,0.52099609375,0.596160888671875,0.3516438901424408,0.649444580078125,0.4041341245174408
673,2,0.8984375,0.7274169921875,0.350341796875,0.9918212890625,0.554931640625
673,2,0.837890625,0.4852294921875,0.3428141176700592,0.588104248046875,0.4471842348575592
673,2,0.642578125,0.411773681640625,0.3446858525276184,0.4736785888671875,0.4002074599266052
673,2,0.615234375,0.594085693359375,0.3520914912223816,0.652069091796875,0.4069824814796448
674,2,0.9150390625,0.7232666015625,0.3458659052848816,0.98046875,0.550048828125
674,2,0.748046875,0.486419677734375,0.3426513671875,0.58843994140625,0.4449056386947632
674,2,0.62890625,0.409820556640625,0.3430582880973816,0.474151611328125,0.4011841416358948
675,2,0.9140625,0.72015380859375,0.3494465947151184,0.9659423828125,0.5362955927848816
675,2,0.76025390625,0.4864501953125,0.3433431088924408,0.587005615234375,0.4472249448299408
675,2,0.66357421875,0.592681884765625,0.3573201596736908,0.654541015625,0.4148152768611908
675,3,0.58056640625,0.338836669921875,0.3338623046875,0.3743896484375,0.4354044198989868
675,2,0.54296875,0.412841796875,0.3390299677848816,0.479888916015625,0.4071858525276184
676,2,0.90869140625,0.71820068359375,0.3474934697151184,0.95751953125,0.54248046875
676,2,0.7607421875,0.485931396484375,0.3491617739200592,0.586181640625,0.4462076723575592
676,2,0.67138671875,0.415618896484375,0.35467529296875,0.4752655029296875,0.4119466543197632
676,2,0.5849609375,0.5908050537109375,0.3625285029411316,0.65814208984375,0.4146118760108948
677,2,0.9326171875,0.71441650390625,0.341796875,0.95086669921875,0.534912109375
677,2,0.72314453125,0.485931396484375,0.3421223759651184,0.5877685546875,0.4414061903953552
677,2,0.63232421875,0.58587646484375,0.3635457158088684,0.659088134765625,0.4132079482078552
677,2,0.62451171875,0.411407470703125,0.3492024838924408,0.47796630859375,0.4050496518611908
678,2,0.9326171875,0.7137451171875,0.3468424677848816,0.948974609375,0.537353515625
678,2,0.697265625,0.4151458740234375,0.3588663935661316,0.48468017578125,0.4162800908088684
678,2,0.67236328125,0.487335205078125,0.3640543818473816,0.588836669921875,0.4486897587776184
678,2,0.63916015625,0.593475341796875,0.3653971254825592,0.660980224609375,0.4211832582950592
678,0,0.568359375,0.3385009765625,0.3300374448299408,0.3742828369140625,0.4313558042049408
679,2,0.919921875,0.713623046875,0.3591715693473816,0.9493408203125,0.5467122197151184
679,2,0.6943359375,0.59197998046875,0.3747355043888092,0.66607666015625,0.4349161684513092
679,2,0.69384765625,0.48773193359375,0.3623860478401184,0.588653564453125,0.4578043818473816
679,2,0.5419921875,0.415069580078125,0.3719889223575592,0.490081787109375,0.4399820864200592
679,0,0.5244140625,0.33831787109375,0.3350830078125,0.3743743896484375,0.4401041269302368
680,2,0.9208984375,0.7137451171875,0.35888671875,0.94964599609375,0.5526123046875
680,2,0.7802734375,0.48724365234375,0.359375,0.587738037109375,0.4547933340072632
680,2,0.66455078125,0.6060791015625,0.3758951723575592,0.6685943603515625,0.4353434145450592
680,0,0.623046875,0.33575439453125,0.3357747197151184,0.375244140625,0.4414061903953552
681,2,0.91748046875,0.71490478515625,0.3589680790901184,0.95269775390625,0.5523681640625
681,2,0.7421875,0.486236572265625,0.3611246645450592,0.58740234375,0.4501139223575592
681,2,0.69384765625,0.4232330322265625,0.37689208984375,0.485687255859375,0.42938232421875
681,2,0.55419921875,0.606475830078125,0.3822021484375,0.669647216796875,0.4392904043197632
682,2,0.91943359375,0.7178955078125,0.3650716543197632,0.9635009765625,0.5628255605697632
682,2,0.67431640625,0.48828125,0.3627115786075592,0.58868408203125,0.4623209536075592
682,2,0.55078125,0.603851318359375,0.3936971127986908,0.6735992431640625,0.4432576596736908
682,2,0.54638671875,0.4227142333984375,0.3835245966911316,0.486968994140625,0.4396973252296448
683,2,0.919921875,0.7215576171875,0.368896484375,0.97198486328125,0.5731608271598816
683,2,0.69287109375,0.487518310546875,0.3760579228401184,0.590240478515625,0.4647013545036316
683,2,0.6767578125,0.60980224609375,0.398193359375,0.696075439453125,0.4534505605697632
683,2,0.64013671875,0.424224853515625,0.3869832158088684,0.483795166015625,0.4401854872703552
684,2,0.9208984375,0.7237548828125,0.3667805790901184,0.9842529296875,0.574951171875
684,2,0.72705078125,0.487457275390625,0.366943359375,0.59051513671875,0.4712728261947632
684,0,0.66015625,0.3380889892578125,0.3522542417049408,0.3795013427734375,0.4529622495174408
684,2,0.63818359375,0.42266845703125,0.3821004033088684,0.4842529296875,0.4390258193016052
684,2,0.53466796875,0.611053466796875,0.3906656801700592,0.6768646240234375,0.4494425356388092
685,2,0.8984375,0.72705078125,0.357421875,0.998291015625,0.5600993037223816
685,2,0.83984375,0.485687255859375,0.3586832880973816,0.590057373046875,0.4704590439796448
685,2,0.73046875,0.60736083984375,0.38128662109375,0.69720458984375,0.44287109375
685,2,0.6826171875,0.42462158203125,0.37481689453125,0.4864959716796875,0.4300740957260132
685,0,0.6123046875,0.3401336669921875,0.3449503779411316,0.37603759765625,0.4449463486671448
686,2,0.91943359375,0.7349853515625,0.3485514521598816,0.996337890625,0.5462239384651184
686,2,0.71875,0.48583984375,0.3546549677848816,0.59503173828125,0.4535725712776184
686,2,0.697265625,0.422027587890625,0.36981201171875,0.483123779296875,0.42388916015625
686,2,0.64599609375,0.609710693359375,0.3752237856388092,0.701873779296875,0.4391886293888092
687,2,0.9111328125,0.74114990234375,0.35546875,0.997314453125,0.5567219853401184
687,2,0.7158203125,0.4853515625,0.3582356870174408,0.591217041015625,0.4610188901424408
687,2,0.68017578125,0.4205474853515625,0.37548828125,0.47393798828125,0.42742919921875
687,2,0.611328125,0.612091064453125,0.37896728515625,0.6944427490234375,0.4432576894760132
688,2,0.91162109375,0.7451171875,0.3582356572151184,0.9974365234375,0.5729166865348816
688,2,0.7421875,0.485870361328125,0.357666015625,0.592529296875,0.4617105722427368
688,2,0.67919921875,0.6114501953125,0.3825480341911316,0.686920166015625,0.4443359971046448
688,2,0.626953125,0.4154052734375,0.377197265625,0.4694671630859375,0.4346109628677368
689,2,0.9072265625,0.7508544921875,0.3575032353401184,0.99920654296875,0.576171875
689,2,0.7939453125,0.4818115234375,0.3562825322151184,0.59375,0.4692789912223816
689,2,0.7041015625,0.4096527099609375,0.37701416015625,0.46478271484375,0.4323934316635132
689,2,0.64599609375,0.611785888671875,0.37957763671875,0.7049560546875,0.4449666738510132
689,2,0.5517578125,0.000244140625,0.3994140625,0.05877685546875,0.765625
690,2,0.89990234375,0.7493896484375,0.3539225459098816,0.99896240234375,0.5796712040901184
690,2,0.794921875,0.4026641845703125,0.3719685971736908,0.457122802734375,0.4267781674861908
690,2,0.76318359375,0.48040771484375,0.3565266728401184,0.590972900390625,0.4677733778953552
690,2,0.63037109375,0.615631103515625,0.3747151494026184,0.69305419921875,0.4439494013786316
691,2,0.88037109375,0.7515869140625,0.35302734375,0.998779296875,0.5830891728401184
691,2,0.79443359375,0.477386474609375,0.3555501103401184,0.5926513671875,0.4706217646598816
691,2,0.78515625,-0.000274658203125,0.3855794668197632,0.100860595703125,0.71630859375
691,2,0.708984375,0.394561767578125,0.3714192509651184,0.45001220703125,0.4273681044578552
691,2,0.6142578125,0.61236572265625,0.3744099736213684,0.690887451171875,0.4433390498161316
692,2,0.89111328125,0.7476806640625,0.3461099863052368,0.99786376953125,0.5782877206802368
692,2,0.84423828125,0.47564697265625,0.3480224609375,0.589599609375,0.4648844003677368
692,2,0.75634765625,-0.000274658203125,0.3230794370174408,0.12677001953125,0.7374674081802368
692,2,0.72705078125,0.3875732421875,0.364990234375,0.4413909912109375,0.42010498046875
692,2,0.68994140625,0.5863037109375,0.3670247197151184,0.691864013671875,0.4398192763328552
692,0,0.57958984375,0.3325653076171875,0.3363444209098816,0.3699188232421875,0.4425049424171448
693,2,0.890625,0.744873046875,0.34423828125,0.99676513671875,0.5747883915901184
693,2,0.849609375,3.0517578125e-05,0.3165689706802368,0.14154052734375,0.7314453125
693,2,0.82666015625,0.47625732421875,0.3475341796875,0.590667724609375,0.4637857675552368
693,2,0.7509765625,0.37591552734375,0.3636677861213684,0.434844970703125,0.4196574091911316
693,2,0.66748046875,0.616180419921875,0.3672892451286316,0.6927947998046875,0.4392903447151184
693,0,0.63232421875,0.33819580078125,0.334228515625,0.37408447265625,0.4451090097427368
694,2,0.89453125,0.742431640625,0.3506672978401184,0.99755859375,0.580078125
694,2,0.876953125,0.47784423828125,0.35546875,0.5919189453125,0.4793701171875
694,2,0.794921875,-0.0006103515625,0.3121744394302368,0.1605224609375,0.76806640625
694,2,0.69921875,0.615142822265625,0.3715617060661316,0.694122314453125,0.4438679814338684
694,2,0.541015625,0.369171142578125,0.3702189028263092,0.4254302978515625,0.4242350161075592
695,2,0.88427734375,0.7413330078125,0.3482258915901184,0.9970703125,0.5751953125
695,2,0.837890625,0.47509765625,0.3542073667049408,0.592559814453125,0.4805501401424408
695,2,0.75927734375,-0.000244140625,0.3212890625,0.17767333984375,0.7122396230697632
695,2,0.7509765625,0.61895751953125,0.37139892578125,0.698516845703125,0.4429525136947632
695,2,0.58642578125,0.5865020751953125,0.37115478515625,0.6258544921875,0.4149984121322632
695,2,0.51025390625,0.363739013671875,0.3646240234375,0.4178924560546875,0.4259439706802368
696,2,0.896484375,0.7371826171875,0.3492838144302368,0.998046875,0.5804849863052368
696,2,0.8505859375,0.47821044921875,0.353271484375,0.59619140625,0.4796956181526184
696,2,0.80908203125,6.103515625e-05,0.3177083730697632,0.1929931640625,0.6765950918197632
696,2,0.75537109375,0.619232177734375,0.3700358271598816,0.702728271484375,0.4384968876838684
696,0,0.6259765625,0.3331756591796875,0.3350830078125,0.3712310791015625,0.4403076171875
696,2,0.625,0.36236572265625,0.3623860478401184,0.4155120849609375,0.4167479872703552
696,2,0.55419921875,0.58331298828125,0.3724161982536316,0.62835693359375,0.4141438603401184
697,2,0.89501953125,0.73638916015625,0.357421875,0.9984130859375,0.5609537959098816
697,2,0.8662109375,0.48138427734375,0.3591715693473816,0.596649169921875,0.4844563603401184
697,2,0.7900390625,0.6219482421875,0.3713582456111908,0.702911376953125,0.4424642026424408
697,2,0.76416015625,-0.00018310546875,0.3167317807674408,0.2080078125,0.7286783456802368
697,2,0.615234375,0.357391357421875,0.3681233525276184,0.408905029296875,0.4193114638328552
697,0,0.53759765625,0.3285675048828125,0.3438720703125,0.362518310546875,0.4519449472427368
697,2,0.51123046875,0.589874267578125,0.37274169921875,0.6302032470703125,0.4184774160385132
698,2,0.89501953125,0.7310791015625,0.3622232675552368,0.998046875,0.5629068613052368
698,2,0.88427734375,0.4832763671875,0.3648681640625,0.59979248046875,0.4920654296875
698,2,0.77294921875,-0.000244140625,0.305419921875,0.2215576171875,0.71142578125
698,2,0.7626953125,0.624664306640625,0.37451171875,0.709442138671875,0.4457193613052368
698,2,0.64794921875,0.349700927734375,0.3685506284236908,0.40350341796875,0.4247029721736908
699,2,0.88818359375,-0.0001220703125,0.3186849355697632,0.2327880859375,0.6923828125
699,2,0.88427734375,0.7283935546875,0.365966796875,0.998046875,0.5770670771598816
699,2,0.77587890625,0.62548828125,0.3748982548713684,0.7086181640625,0.4486491084098816
699,2,0.73828125,0.48577880859375,0.3805745244026184,0.602386474609375,0.4961344599723816
699,2,0.56201171875,0.58184814453125,0.3730875551700592,0.628448486328125,0.4042765200138092
699,2,0.533203125,0.46478271484375,0.3687947690486908,0.505889892578125,0.4246419370174408
699,2,0.5078125,0.33721923828125,0.3680419921875,0.398162841796875,0.4240926504135132
700,2,0.916015625,-0.0001220703125,0.31396484375,0.24169921875,0.6805013418197632
700,2,0.8984375,0.72705078125,0.3629556894302368,0.99365234375,0.5608316659927368
700,2,0.8203125,0.4835205078125,0.3614909052848816,0.60516357421875,0.4945068359375
700,2,0.8095703125,0.627899169921875,0.3725382685661316,0.71002197265625,0.4471436142921448
700,2,0.603515625,0.305511474609375,0.3626302182674408,0.392974853515625,0.4281819760799408
700,2,0.5625,0.463653564453125,0.3736979365348816,0.502960205078125,0.4216309189796448
701,2,0.9208984375,-6.103515625e-05,0.3102213144302368,0.251220703125,0.6808267831802368
701,2,0.90478515625,0.7242431640625,0.3617350459098816,0.97991943359375,0.5507405400276184
701,2,0.853515625,0.4842529296875,0.3603922724723816,0.606536865234375,0.4898274540901184
701,2,0.74072265625,0.631500244140625,0.3721109926700592,0.7091522216796875,0.4429728090763092
701,2,0.7333984375,0.311126708984375,0.3591715693473816,0.386871337890625,0.4231770634651184
701,2,0.51171875,0.5943450927734375,0.3748982846736908,0.6354217529296875,0.4062703549861908
702,2,0.8984375,0.0,0.3125813603401184,0.2587890625,0.6617838144302368
702,2,0.888671875,0.720703125,0.3622232675552368,0.96954345703125,0.5504556894302368
702,2,0.88818359375,0.4842529296875,0.3563639521598816,0.607330322265625,0.4935302734375
702,2,0.71630859375,0.31011962890625,0.352783203125,0.383087158203125,0.4249063730239868
702,2,0.7001953125,0.6318359375,0.3714192807674408,0.7095947265625,0.4411214292049408
702,2,0.55419921875,0.59515380859375,0.3717244267463684,0.635955810546875,0.4080607295036316
703,2,0.92578125,0.0,0.3173828125,0.265380859375,0.64404296875
703,2,0.90771484375,0.7188720703125,0.3611653447151184,0.96728515625,0.5491943359375
703,2,0.876953125,0.4827880859375,0.3533528447151184,0.60858154296875,0.4906005859375
703,2,0.73193359375,0.293365478515625,0.3523762822151184,0.373443603515625,0.4237467646598816
703,2,0.73046875,0.630767822265625,0.3663737177848816,0.712738037109375,0.4370930790901184
703,2,0.611328125,0.23260498046875,0.3434651494026184,0.283660888671875,0.4184977412223816
703,2,0.5048828125,0.599456787109375,0.3751627802848816,0.6361846923828125,0.4181721806526184
704,2,0.8935546875,-6.103515625e-05,0.3148600459098816,0.2681884765625,0.6292318105697632
704,2,0.8818359375,0.48284912109375,0.3462727665901184,0.608428955078125,0.4879150390625
704,2,0.88037109375,0.71783447265625,0.3588053584098816,0.959716796875,0.541259765625
704,2,0.7724609375,0.29180908203125,0.35418701171875,0.3681640625,0.4186197519302368
704,2,0.7529296875,0.629547119140625,0.3659261167049408,0.709991455078125,0.4312947690486908
704,2,0.525390625,0.69610595703125,0.3663126826286316,0.73406982421875,0.4180298447608948
704,2,0.50634765625,0.463287353515625,0.36334228515625,0.499481201171875,0.4086099863052368
705,2,0.8935546875,0.71551513671875,0.3558756113052368,0.9483642578125,0.5389810800552368
705,2,0.87841796875,0.0003662109375,0.319091796875,0.27227783203125,0.6287435293197632
705,2,0.80078125,0.286529541015625,0.34893798828125,0.36749267578125,0.41778564453125
705,2,0.7783203125,0.4791259765625,0.3519694209098816,0.6102294921875,0.487060546875
705,2,0.66015625,0.6302490234375,0.3642578125,0.710052490234375,0.4344686269760132
705,2,0.56396484375,0.463348388671875,0.36322021484375,0.4975128173828125,0.4084268808364868
706,2,0.89990234375,0.000244140625,0.3172200322151184,0.27569580078125,0.6212564706802368
706,2,0.89111328125,0.7149658203125,0.3544515371322632,0.9490966796875,0.5386556386947632
706,2,0.81787109375,0.48052978515625,0.344482421875,0.610595703125,0.4867756962776184
706,2,0.73974609375,0.628753662109375,0.3632405400276184,0.73419189453125,0.4349772334098816
706,2,0.67919921875,0.278778076171875,0.3479817509651184,0.3604736328125,0.4170939326286316
706,2,0.56201171875,0.4608154296875,0.36187744140625,0.49627685546875,0.4085489511489868
706,2,0.52197265625,0.5877685546875,0.3499349057674408,0.635772705078125,0.4118245542049408
707,2,0.92578125,0.7113037109375,0.3511556386947632,0.9500732421875,0.5371907949447632
707,2,0.89892578125,0.000244140625,0.3181965947151184,0.2760009765625,0.5963541269302368
707,2,0.80517578125,0.48211669921875,0.3430989384651184,0.61328125,0.487548828125
707,2,0.7509765625,0.627197265625,0.3632405698299408,0.710845947265625,0.4334309995174408
707,2,0.61962890625,0.459625244140625,0.3601888120174408,0.498291015625,0.4079183042049408
707,2,0.60107421875,0.2738037109375,0.3481241762638092,0.35040283203125,0.4152018129825592
708,2,0.9208984375,0.712158203125,0.348876953125,0.94989013671875,0.5336100459098816
708,2,0.86474609375,0.000244140625,0.3216145634651184,0.2708740234375,0.57958984375
708,2,0.8525390625,0.4810791015625,0.3392741084098816,0.61370849609375,0.4876708984375
708,2,0.6806640625,0.247772216796875,0.3473307490348816,0.344970703125,0.4173176884651184
708,2,0.64404296875,0.62872314453125,0.3621419370174408,0.703155517578125,0.4294026792049408
708,2,0.560546875,0.458892822265625,0.3604533076286316,0.49346923828125,0.4053345322608948
709,2,0.92333984375,0.71221923828125,0.348876953125,0.946044921875,0.5137125849723816
709,2,0.8935546875,0.47735595703125,0.3362630307674408,0.6138916015625,0.4857991635799408
709,2,0.86767578125,-0.000244140625,0.3250325918197632,0.26019287109375,0.5708822011947632
709,2,0.75341796875,0.25311279296875,0.3461506962776184,0.33868408203125,0.4204100966453552
709,2,0.6845703125,0.625457763671875,0.3611653447151184,0.6995849609375,0.4307250380516052
709,2,0.62890625,0.4580535888671875,0.3578287661075592,0.49462890625,0.4047648012638092
710,2,0.9111328125,0.7093505859375,0.347900390625,0.94439697265625,0.5115153193473816
710,2,0.90771484375,0.47564697265625,0.3391927182674408,0.61419677734375,0.4861653745174408
710,2,0.87841796875,-0.00018310546875,0.3230794072151184,0.2445068359375,0.5714518427848816
710,2,0.76416015625,0.241485595703125,0.3435872197151184,0.33441162109375,0.4232177138328552
710,2,0.6953125,0.624359130859375,0.3596598505973816,0.6995849609375,0.4300537705421448
710,2,0.51123046875,0.4582977294921875,0.357177734375,0.490631103515625,0.40411376953125
711,2,0.8984375,0.47320556640625,0.3379720151424408,0.6123046875,0.4850667417049408
711,2,0.88720703125,0.7054443359375,0.3470051884651184,0.9354248046875,0.5017496943473816
711,2,0.873046875,0.00042724609375,0.3192545771598816,0.22406005859375,0.57177734375
711,2,0.7001953125,0.232757568359375,0.3411458134651184,0.3311767578125,0.4198607802391052
711,2,0.6572265625,0.6237640380859375,0.3613688349723816,0.699615478515625,0.4265950322151184
711,2,0.55126953125,0.458831787109375,0.3533528745174408,0.4965362548828125,0.4023030698299408
711,2,0.5400390625,0.866668701171875,0.3605143427848816,0.945892333984375,0.4575195908546448
711,2,0.5390625,0.6798095703125,0.36376953125,0.727020263671875,0.4094442129135132
711,2,0.51416015625,0.5881500244140625,0.33819580078125,0.6304473876953125,0.39056396484375
712,2,0.900390625,0.00030517578125,0.3191732168197632,0.19384765625,0.5970052480697632
712,2,0.88720703125,0.473876953125,0.3362630009651184,0.6142578125,0.4867350459098816
712,2,0.87744140625,0.7003173828125,0.3466796875,0.9217529296875,0.496826171875
712,2,0.7890625,0.221405029296875,0.3413493037223816,0.316436767578125,0.4241943955421448
712,2,0.74560546875,0.621917724609375,0.3619791567325592,0.723236083984375,0.4294840395450592
712,2,0.62451171875,0.1661529541015625,0.3590901494026184,0.2230377197265625,0.3969725966453552
712,2,0.59375,0.857757568359375,0.3582356572151184,0.9418487548828125,0.4559733271598816
712,2,0.5712890625,0.4579315185546875,0.3541666865348816,0.492950439453125,0.4023030400276184
713,2,0.90625,0.47442626953125,0.3382161557674408,0.6138916015625,0.4883626401424408
713,2,0.9013671875,0.0003662109375,0.3170573115348816,0.16168212890625,0.58349609375
713,2,0.88427734375,0.6966552734375,0.3461100459098816,0.92138671875,0.5019124150276184
713,2,0.83056640625,0.205841064453125,0.3404948115348816,0.307159423828125,0.4315186142921448
713,2,0.6416015625,0.135101318359375,0.3599446713924408,0.2102508544921875,0.4026082456111908
713,2,0.62158203125,0.620513916015625,0.3654378354549408,0.6934814453125,0.4295857846736908
713,2,0.51953125,0.459228515625,0.3538615107536316,0.491973876953125,0.4034424424171448
713,2,0.51611328125,0.844390869140625,0.3577880859375,0.931976318359375,0.4615478515625
713,2,0.509765625,0.306976318359375,0.37640380859375,0.339447021484375,0.4049072265625
714,2,0.9072265625,0.4744873046875,0.3426920771598816,0.61090087890625,0.4881591796875
714,2,0.84130859375,3.0517578125e-05,0.3236491084098816,0.126953125,0.58837890625
714,2,0.84130859375,0.6912841796875,0.3500162959098816,0.8995361328125,0.5003255009651184
714,2,0.83740234375,0.192047119140625,0.34521484375,0.300537109375,0.4347738027572632
714,2,0.7421875,0.616668701171875,0.3667195439338684,0.685791015625,0.4321085810661316
714,2,0.69287109375,0.1188812255859375,0.3629353642463684,0.19158935546875,0.4064127802848816
714,2,0.56396484375,0.8260498046875,0.3563232421875,0.930694580078125,0.4617919921875
715,2,0.93017578125,0.68707275390625,0.3546549081802368,0.872314453125,0.5062662363052368
715,2,0.9072265625,0.4742431640625,0.3466796875,0.609222412109375,0.4921875
715,2,0.80126953125,0.82965087890625,0.3651123046875,0.927154541015625,0.4698079824447632
715,2,0.79150390625,0.17816162109375,0.3472086787223816,0.29290771484375,0.4419758915901184
715,2,0.7900390625,-3.0517578125e-05,0.3291015625,0.08929443359375,0.6466470956802368
715,2,0.74267578125,0.092041015625,0.3641764521598816,0.16693115234375,0.4133301377296448
715,2,0.669921875,0.614715576171875,0.36895751953125,0.686492919921875,0.4354451894760132
715,2,0.509765625,0.2922821044921875,0.3772786259651184,0.3260650634765625,0.4113566279411316
716,2,0.90869140625,0.6820068359375,0.359375,0.85845947265625,0.5042317509651184
716,2,0.87890625,0.47308349609375,0.3501790463924408,0.60845947265625,0.4937337338924408
716,2,0.83203125,0.16192626953125,0.3509114384651184,0.27850341796875,0.4487711787223816
716,2,0.82470703125,0.8160400390625,0.3717448115348816,0.9244384765625,0.4733887314796448
716,2,0.79248046875,0.61004638671875,0.3704426884651184,0.681243896484375,0.4387003779411316
716,2,0.7783203125,0.060302734375,0.3637492060661316,0.144561767578125,0.4158936142921448
716,2,0.60400390625,0.0001373291015625,0.4051920771598816,0.039276123046875,0.59423828125
717,2,0.9375,0.6781005859375,0.3634033203125,0.85296630859375,0.5063883662223816
717,2,0.8671875,0.144317626953125,0.352294921875,0.264495849609375,0.4534505605697632
717,2,0.8251953125,0.47259521484375,0.3509928584098816,0.6077880859375,0.4984944462776184
717,2,0.8193359375,0.81097412109375,0.3727213442325592,0.9200286865234375,0.4720865786075592
717,2,0.7724609375,0.02520751953125,0.3661702573299408,0.11773681640625,0.4207967221736908
717,2,0.76953125,0.60968017578125,0.372802734375,0.6779632568359375,0.4394327402114868
718,2,0.916015625,0.67303466796875,0.3674722909927368,0.8446044921875,0.5084635019302368
718,2,0.85986328125,0.807708740234375,0.3745524287223816,0.91729736328125,0.4766438603401184
718,2,0.853515625,0.472900390625,0.3610026240348816,0.60711669921875,0.5013427734375
718,2,0.7890625,0.6065673828125,0.3763631284236908,0.6736907958984375,0.4414266049861908
718,2,0.7373046875,0.00372314453125,0.3680827021598816,0.08819580078125,0.4226887822151184
718,2,0.65478515625,0.124053955078125,0.3663330078125,0.244873046875,0.4618326425552368
718,2,0.62451171875,0.271514892578125,0.3852335512638092,0.3072967529296875,0.4195353090763092
718,2,0.541015625,0.4611053466796875,0.3751627504825592,0.4938507080078125,0.4167887270450592
719,2,0.9140625,0.66778564453125,0.3747151494026184,0.8304443359375,0.5110270380973816
719,2,0.90234375,0.7991943359375,0.3810221254825592,0.91290283203125,0.4786783754825592
719,2,0.86474609375,0.101318359375,0.3592936396598816,0.238037109375,0.4720459580421448
719,2,0.80078125,0.47125244140625,0.3643798828125,0.60614013671875,0.5037434697151184
719,2,0.75390625,0.604339599609375,0.38092041015625,0.6706695556640625,0.4428914785385132
719,2,0.72900390625,9.1552734375e-05,0.3729451298713684,0.0469970703125,0.4329630732536316
719,2,0.6103515625,0.264801025390625,0.3925984501838684,0.2947540283203125,0.4195963740348816
719,2,0.5458984375,0.380126953125,0.3943278193473816,0.4078369140625,0.4195557236671448
720,2,0.91748046875,0.66668701171875,0.379150390625,0.82220458984375,0.5096842646598816
720,2,0.90869140625,0.07598876953125,0.362548828125,0.22540283203125,0.4790445566177368
720,2,0.89453125,0.7921142578125,0.3851318359375,0.90777587890625,0.4818115234375
720,2,0.88037109375,0.4720458984375,0.3701578378677368,0.604736328125,0.5087076425552368
720,2,0.796875,0.60455322265625,0.3842366337776184,0.670745849609375,0.4473266005516052
720,2,0.59033203125,0.3723602294921875,0.3949177861213684,0.4007110595703125,0.4188231825828552
720,2,0.56884765625,0.25274658203125,0.3898722529411316,0.290283203125,0.4223023056983948
721,2,0.91650390625,0.0474853515625,0.3588460087776184,0.208251953125,0.4823405146598816
721,2,0.892578125,0.6676025390625,0.3809407353401184,0.8118896484375,0.50830078125
721,2,0.88720703125,0.79052734375,0.3846842348575592,0.904205322265625,0.4788004457950592
721,2,0.86328125,0.4715576171875,0.3728434443473816,0.6031494140625,0.5089924931526184
721,2,0.802734375,0.604644775390625,0.3817342221736908,0.66473388671875,0.4423421323299408
721,2,0.5576171875,0.36566162109375,0.394287109375,0.3985443115234375,0.4166463613510132
721,9,0.5087890625,0.58154296875,0.2254842221736908,0.602142333984375,0.26007080078125
721,2,0.5068359375,0.4616546630859375,0.379150390625,0.49310302734375,0.4180704355239868
722,2,0.92822265625,0.0146484375,0.3561604619026184,0.18841552734375,0.48681640625
722,2,0.9091796875,0.659912109375,0.37841796875,0.805908203125,0.5042724609375
722,2,0.8203125,0.79803466796875,0.3821207582950592,0.90130615234375,0.4756266176700592
722,2,0.8173828125,0.47308349609375,0.3679606318473816,0.60040283203125,0.5059407353401184
722,2,0.8095703125,0.605438232421875,0.378173828125,0.6631927490234375,0.4389852285385132
722,2,0.53662109375,0.4605255126953125,0.3774821162223816,0.4916534423828125,0.4151204228401184
722,2,0.52490234375,0.3597259521484375,0.3880411684513092,0.392486572265625,0.4158121645450592
723,2,0.9248046875,6.103515625e-05,0.3545735776424408,0.16632080078125,0.4931233823299408
723,2,0.875,0.472412109375,0.3677978515625,0.5989990234375,0.5049235224723816
723,2,0.86181640625,0.65704345703125,0.37841796875,0.79754638671875,0.498046875
723,2,0.8271484375,0.6068572998046875,0.3781941533088684,0.660675048828125,0.4384765028953552
723,2,0.81640625,0.79217529296875,0.382568359375,0.896575927734375,0.4758707284927368
723,2,0.54296875,0.89422607421875,0.3683674931526184,0.9586334228515625,0.4089152216911316
723,2,0.541015625,0.46185302734375,0.3784993290901184,0.4915008544921875,0.4138182997703552
724,2,0.91748046875,0.0003662109375,0.3550618290901184,0.138397216796875,0.4962565302848816
724,2,0.86328125,0.782562255859375,0.3808186650276184,0.893798828125,0.4696452021598816
724,2,0.85693359375,0.652587890625,0.3751627504825592,0.785888671875,0.4951578676700592
724,2,0.849609375,0.471435546875,0.3682454228401184,0.59783935546875,0.503173828125
724,2,0.7451171875,0.603973388671875,0.3740641474723816,0.657806396484375,0.4375000596046448
724,2,0.55224609375,0.5742645263671875,0.3808186948299408,0.6097259521484375,0.4272664487361908
725,2,0.900390625,0.000244140625,0.351806640625,0.107513427734375,0.5009358525276184
725,2,0.8330078125,0.786956787109375,0.379638671875,0.8924560546875,0.4705404043197632
725,2,0.80322265625,0.47149658203125,0.3670247197151184,0.595184326171875,0.4999186396598816
725,2,0.79736328125,0.6494140625,0.373046875,0.7802734375,0.489013671875
725,2,0.56884765625,0.6044464111328125,0.37347412109375,0.65576171875,0.4288736581802368
725,2,0.5458984375,0.3344268798828125,0.379638671875,0.371185302734375,0.4063720703125
725,9,0.513671875,0.58648681640625,0.1933797299861908,0.611083984375,0.2340698540210724
726,2,0.916015625,0.767181396484375,0.3736165165901184,0.88861083984375,0.4648844599723816
726,2,0.814453125,0.645477294921875,0.3682861328125,0.7677001953125,0.4832763671875
726,2,0.78515625,0.47296142578125,0.3669840693473816,0.593994140625,0.4954426884651184
726,2,0.75390625,3.0517578125e-05,0.3438314199447632,0.07080078125,0.5161947011947632
726,2,0.6337890625,0.6061859130859375,0.3737589716911316,0.6587982177734375,0.4123128056526184
726,2,0.62060546875,0.321319580078125,0.3719482421875,0.3635406494140625,0.4064737558364868
727,2,0.91357421875,0.76495361328125,0.3741862177848816,0.88726806640625,0.4637044072151184
727,2,0.857421875,0.646209716796875,0.3681233525276184,0.7620849609375,0.4778239130973816
727,2,0.7880859375,0.47149658203125,0.3671061396598816,0.590240478515625,0.498779296875
727,2,0.59033203125,0.60394287109375,0.372314453125,0.6569366455078125,0.425537109375
727,2,0.57958984375,0.3072357177734375,0.370849609375,0.3565673828125,0.4048258066177368
728,2,0.8671875,0.768157958984375,0.3656412959098816,0.884765625,0.4580078721046448
728,2,0.84423828125,0.63934326171875,0.361572265625,0.750762939453125,0.461181640625
728,2,0.80615234375,0.47149658203125,0.3596598207950592,0.588226318359375,0.4872232973575592
728,2,0.71728515625,0.29412841796875,0.3591715395450592,0.343475341796875,0.3958536684513092
728,2,0.65283203125,0.6019439697265625,0.36285400390625,0.650115966796875,0.4146728515625
729,2,0.8818359375,0.765869140625,0.35693359375,0.883331298828125,0.4501546621322632
729,2,0.85693359375,0.6400146484375,0.3512369990348816,0.746978759765625,0.4507649540901184
729,2,0.810546875,0.470672607421875,0.3468017578125,0.587890625,0.4734293818473816
729,2,0.6689453125,0.60333251953125,0.3527628779411316,0.64813232421875,0.4066162705421448
729,2,0.666015625,0.2752532958984375,0.3491618037223816,0.329193115234375,0.3878377079963684
729,2,0.52099609375,0.5739898681640625,0.3618367314338684,0.6044158935546875,0.3944498896598816
730,2,0.89501953125,0.76409912109375,0.3566080927848816,0.883270263671875,0.4494629502296448
730,2,0.84912109375,0.63299560546875,0.3497721552848816,0.740631103515625,0.4516602158546448
730,2,0.8203125,0.4705810546875,0.3466796875,0.58465576171875,0.455078125
730,2,0.6826171875,0.255279541015625,0.3448486328125,0.3138580322265625,0.3879190683364868
730,2,0.64404296875,0.6011199951171875,0.3512776494026184,0.6478424072265625,0.4036864638328552
730,2,0.55615234375,0.5728759765625,0.35186767578125,0.608001708984375,0.3923543691635132
730,2,0.54736328125,0.0855712890625,0.3448283076286316,0.1619873046875,0.3852131962776184
731,2,0.8798828125,0.766448974609375,0.3486735224723816,0.884613037109375,0.4378255009651184
731,2,0.79736328125,0.634765625,0.3438517451286316,0.730987548828125,0.4323731064796448
731,2,0.7841796875,0.472869873046875,0.3349609375,0.58380126953125,0.4558919668197632
731,2,0.59033203125,0.232208251953125,0.3395588994026184,0.296600341796875,0.3801066279411316
731,2,0.57568359375,0.6028900146484375,0.3442586064338684,0.6453857421875,0.3928019404411316
732,2,0.91259765625,0.768096923828125,0.353759765625,0.887298583984375,0.4453531503677368
732,2,0.72900390625,0.197021484375,0.3355305790901184,0.2726287841796875,0.3886718153953552
732,2,0.72509765625,0.46942138671875,0.3399658203125,0.58349609375,0.4596761465072632
732,2,0.7119140625,0.63568115234375,0.3480224609375,0.7320556640625,0.4394124746322632
732,2,0.65234375,0.01483154296875,0.33941650390625,0.0992431640625,0.3902587890625
732,2,0.529296875,0.5737457275390625,0.3621012270450592,0.60784912109375,0.3977457582950592
732,2,0.505859375,0.60205078125,0.3530680537223816,0.641357421875,0.3974609971046448
733,2,0.9150390625,0.766204833984375,0.3540446162223816,0.88873291015625,0.4464924931526184
733,2,0.8330078125,0.63482666015625,0.3504638671875,0.73394775390625,0.4444580078125
733,2,0.79931640625,0.471771240234375,0.341552734375,0.58404541015625,0.4615885019302368
733,2,0.60107421875,0.16119384765625,0.3414103388786316,0.24560546875,0.3899739384651184
733,2,0.591796875,0.601226806640625,0.3559367060661316,0.642333984375,0.4040527939796448
733,2,0.5009765625,0.570556640625,0.3639933466911316,0.6074371337890625,0.4004109501838684
733,2,0.5,0.000213623046875,0.3360188901424408,0.0656280517578125,0.3943684995174408
734,2,0.90380859375,0.76922607421875,0.3515217900276184,0.88861083984375,0.4434813857078552
734,2,0.8388671875,0.4725341796875,0.33935546875,0.58154296875,0.4545491933822632
734,2,0.78955078125,0.632537841796875,0.347412109375,0.7340087890625,0.4425863027572632
734,2,0.78125,0.0992431640625,0.3352864384651184,0.2056884765625,0.3946532607078552
734,2,0.51953125,0.0,0.3310343325138092,0.0253753662109375,0.3954874575138092
734,2,0.51171875,0.8769989013671875,0.3616129755973816,0.908599853515625,0.3961384892463684
734,2,0.5068359375,0.5999755859375,0.3587849736213684,0.6412811279296875,0.4036864638328552
735,2,0.9111328125,0.76910400390625,0.3533121943473816,0.8890380859375,0.4468587040901184
735,2,0.81787109375,0.63446044921875,0.3506266176700592,0.73724365234375,0.4409586489200592
735,2,0.75537109375,0.475341796875,0.3416341245174408,0.58050537109375,0.4577229917049408
735,2,0.740234375,0.03558349609375,0.3351236879825592,0.166473388671875,0.4104410707950592
735,2,0.63623046875,0.576690673828125,0.3623453676700592,0.610443115234375,0.4045206606388092
735,2,0.6259765625,0.88360595703125,0.3650716245174408,0.920867919921875,0.3993733823299408
735,2,0.57958984375,0.6046905517578125,0.36346435546875,0.6414794921875,0.4065347909927368
736,2,0.89208984375,0.768524169921875,0.3623046875,0.890869140625,0.447509765625
736,2,0.80419921875,0.631500244140625,0.3565266728401184,0.732757568359375,0.4515787959098816
736,2,0.6787109375,-0.000335693359375,0.339599609375,0.10986328125,0.42303466796875
736,2,0.6474609375,0.47442626953125,0.3511149287223816,0.5828857421875,0.4609375596046448
736,2,0.62255859375,0.892486572265625,0.3727823793888092,0.9270782470703125,0.4055582582950592
736,2,0.55810546875,0.602386474609375,0.3699747622013092,0.643646240234375,0.4123331606388092
737,2,0.88720703125,0.77203369140625,0.3568522036075592,0.89886474609375,0.4487711489200592
737,2,0.82177734375,0.63568115234375,0.353515625,0.7359619140625,0.4522298574447632
737,2,0.7607421875,0.4761962890625,0.3480631709098816,0.58538818359375,0.4620361924171448
737,2,0.64892578125,0.899932861328125,0.3699137568473816,0.941070556640625,0.4047444462776184
737,2,0.59228515625,0.6041259765625,0.3676351010799408,0.6453857421875,0.4136556088924408
737,2,0.5439453125,-0.0002593994140625,0.3448079526424408,0.03509521484375,0.4264729917049408
738,2,0.87890625,0.777984619140625,0.3600667417049408,0.899169921875,0.4499104917049408
738,2,0.8427734375,0.63934326171875,0.3536783754825592,0.7471923828125,0.4513346254825592
738,2,0.81396484375,0.47784423828125,0.3470458984375,0.585479736328125,0.4649658203125
738,2,0.55517578125,0.606689453125,0.3588053584098816,0.6465301513671875,0.4159546494483948
739,2,0.869140625,0.776885986328125,0.3625081181526184,0.90087890625,0.4530028700828552
739,2,0.82958984375,0.640960693359375,0.35546875,0.740478515625,0.4515787363052368
739,2,0.68017578125,0.47637939453125,0.3559163510799408,0.582977294921875,0.4634602963924408
739,2,0.587890625,0.608001708984375,0.37200927734375,0.6466827392578125,0.4166463613510132
739,2,0.54296875,0.5787200927734375,0.37615966796875,0.614166259765625,0.4178670644760132
740,2,0.8857421875,0.77789306640625,0.3577067255973816,0.902099609375,0.4476318955421448
740,2,0.78173828125,0.63983154296875,0.3531494140625,0.741546630859375,0.4469808340072632
740,2,0.72509765625,0.474090576171875,0.344970703125,0.58245849609375,0.4588623046875
740,2,0.64013671875,0.6086578369140625,0.365478515625,0.6463623046875,0.41278076171875
740,2,0.5498046875,0.5792694091796875,0.371826171875,0.6121978759765625,0.41168212890625
741,2,0.8798828125,0.77783203125,0.3635661005973816,0.902557373046875,0.4525147080421448
741,2,0.77734375,0.4735107421875,0.3460286557674408,0.5802001953125,0.4584554135799408
741,2,0.751953125,0.642974853515625,0.3550211787223816,0.742218017578125,0.4521077275276184
741,2,0.5634765625,0.6092681884765625,0.3678181767463684,0.6477203369140625,0.4162597060203552
741,2,0.55078125,0.5758209228515625,0.3714599609375,0.6138763427734375,0.4153848886489868
742,2,0.890625,0.78155517578125,0.3670654296875,0.904052734375,0.457275390625
742,2,0.818359375,0.47021484375,0.3520914614200592,0.577789306640625,0.4641520082950592
742,2,0.748046875,0.64031982421875,0.3610026240348816,0.74395751953125,0.4580078721046448
742,2,0.5859375,0.5764312744140625,0.3740641474723816,0.6114654541015625,0.4201863408088684
742,2,0.53759765625,0.6065826416015625,0.3710733950138092,0.646270751953125,0.4199625551700592
743,2,0.88427734375,0.776397705078125,0.3612060546875,0.9036865234375,0.4539794921875
743,2,0.8603515625,0.46759033203125,0.3450927734375,0.5767822265625,0.4610595703125
743,2,0.75390625,0.6314697265625,0.3545735776424408,0.74395751953125,0.4538167417049408
743,2,0.57958984375,0.9432373046875,0.36358642578125,0.9994049072265625,0.4342041015625
743,2,0.533203125,0.6042022705078125,0.3662516474723816,0.65069580078125,0.4179280400276184
743,2,0.52294921875,0.57403564453125,0.3725382685661316,0.61053466796875,0.4130249619483948
744,2,0.888671875,0.77813720703125,0.3631998598575592,0.90771484375,0.4585367739200592
744,2,0.83935546875,0.630859375,0.3583984375,0.743133544921875,0.4591878652572632
744,2,0.79150390625,0.466827392578125,0.3582763671875,0.57720947265625,0.46533203125
744,2,0.60498046875,0.57373046875,0.3737996220588684,0.6108551025390625,0.4189860224723816
744,2,0.55224609375,0.604217529296875,0.3681640625,0.64739990234375,0.4183145761489868
745,2,0.87451171875,0.77911376953125,0.3618571162223816,0.910858154296875,0.4597981572151184
745,2,0.85107421875,0.6285400390625,0.3570963442325592,0.745635986328125,0.4597574770450592
745,2,0.82568359375,0.4630126953125,0.3477376401424408,0.5733642578125,0.4621175229549408
745,2,0.6025390625,0.5700531005859375,0.3701375424861908,0.608154296875,0.4160970151424408
746,2,0.89599609375,0.7767333984375,0.3641357421875,0.909912109375,0.4585775136947632
746,2,0.861328125,0.62677001953125,0.3543701171875,0.746826171875,0.4605712890625
746,2,0.83447265625,0.459381103515625,0.3451334536075592,0.56982421875,0.4608561098575592
746,2,0.619140625,0.570343017578125,0.3641357421875,0.60968017578125,0.41552734375
746,2,0.56591796875,0.60284423828125,0.36285400390625,0.6486358642578125,0.41644287109375
747,2,0.90234375,0.78125,0.3671875,0.914794921875,0.4652913808822632
747,2,0.8291015625,0.630126953125,0.3601887822151184,0.7484130859375,0.4681803584098816
747,2,0.74658203125,0.45977783203125,0.3601887822151184,0.570648193359375,0.4676920771598816
747,2,0.65576171875,0.5680084228515625,0.365478515625,0.611236572265625,0.4157510995864868
747,2,0.61669921875,0.6068267822265625,0.3642374575138092,0.65020751953125,0.4188028872013092
748,2,0.919921875,0.78411865234375,0.3699137568473816,0.918975830078125,0.4704590439796448
748,2,0.86865234375,0.6329345703125,0.3614094853401184,0.7523193359375,0.4746093153953552
748,2,0.75,0.46160888671875,0.3556721806526184,0.569732666015625,0.4716796278953552
748,2,0.70068359375,0.570556640625,0.3719685673713684,0.616546630859375,0.4191283583641052
749,2,0.9248046875,0.78863525390625,0.3675944209098816,0.9302978515625,0.4692383408546448
749,2,0.80615234375,0.63775634765625,0.3612060546875,0.7618408203125,0.4720458984375
749,2,0.79736328125,0.462646484375,0.3539631962776184,0.574432373046875,0.4665934443473816
749,2,0.50146484375,0.573089599609375,0.3663330078125,0.617706298828125,0.4192911386489868
750,2,0.91259765625,0.79266357421875,0.3761799931526184,0.93316650390625,0.4796549677848816
750,2,0.90869140625,0.6336669921875,0.364501953125,0.764617919921875,0.4832763671875
750,2,0.86328125,0.461761474609375,0.359619140625,0.577117919921875,0.4778238534927368
750,2,0.587890625,0.5755462646484375,0.3760986328125,0.6232452392578125,0.4303792715072632
750,2,0.51708984375,0.42431640625,0.3724365234375,0.481048583984375,0.4189859628677368
751,2,0.87841796875,0.77728271484375,0.3758952021598816,0.9346923828125,0.4802246689796448
751,2,0.857421875,0.462005615234375,0.3595784306526184,0.577301025390625,0.4774577021598816
751,2,0.81005859375,0.639892578125,0.364501953125,0.7698974609375,0.4849853515625
751,2,0.52978515625,0.577880859375,0.3725382387638092,0.6273345947265625,0.4308878481388092
752,2,0.892578125,0.78582763671875,0.3746744692325592,0.9432373046875,0.4809977114200592
752,2,0.875,0.6453857421875,0.3653971552848816,0.77813720703125,0.4863281846046448
752,2,0.81591796875,0.46527099609375,0.3606363832950592,0.5791015625,0.4805094301700592
753,2,0.916015625,0.80438232421875,0.3694661259651184,0.94927978515625,0.4719645380973816
753,2,0.91259765625,0.64178466796875,0.3617350459098816,0.782470703125,0.4815266728401184
753,2,0.87353515625,0.463897705078125,0.355712890625,0.58038330078125,0.4783935546875
754,2,0.93017578125,0.80206298828125,0.3406575322151184,0.9541015625,0.4525553584098816
754,2,0.93017578125,0.645751953125,0.3346354067325592,0.78900146484375,0.4593912661075592
754,2,0.77587890625,0.467010498046875,0.327880859375,0.58270263671875,0.4456380605697632
754,2,0.55517578125,0.58782958984375,0.3437703251838684,0.675384521484375,0.4074096083641052
754,2,0.53466796875,0.438018798828125,0.3548787236213684,0.4731597900390625,0.3956705927848816
755,2,0.931640625,0.813232421875,0.3486328125,0.96337890625,0.4617513418197632
755,2,0.92578125,0.652587890625,0.3444417119026184,0.79791259765625,0.4691161513328552
755,2,0.82568359375,0.466766357421875,0.3358561396598816,0.58062744140625,0.4538574814796448
756,2,0.91943359375,0.65484619140625,0.3463134765625,0.8035888671875,0.4761555790901184
756,2,0.91748046875,0.81787109375,0.3525390625,0.9718017578125,0.4638265371322632
756,2,0.66748046875,0.465850830078125,0.338623046875,0.58319091796875,0.4582926034927368
757,2,0.927734375,0.65753173828125,0.343505859375,0.8106689453125,0.472412109375
757,2,0.92333984375,0.8204345703125,0.3476155400276184,0.97943115234375,0.4636637568473816
757,2,0.76953125,0.467529296875,0.3360595703125,0.58514404296875,0.4570719003677368
757,2,0.5439453125,0.591156005859375,0.3483479619026184,0.65863037109375,0.4121093153953552
758,2,0.939453125,0.663330078125,0.3374837040901184,0.81707763671875,0.470458984375
758,2,0.857421875,0.8238525390625,0.3460693359375,0.97991943359375,0.455322265625
758,2,0.74658203125,0.46502685546875,0.3304850459098816,0.58544921875,0.4542236924171448
759,2,0.91357421875,0.66497802734375,0.3443603515625,0.8233642578125,0.48095703125
759,2,0.87841796875,0.83056640625,0.3504638671875,0.99371337890625,0.467041015625
759,2,0.72509765625,0.465087890625,0.3372395634651184,0.59112548828125,0.4671630859375
759,2,0.51220703125,0.4275665283203125,0.3774210810661316,0.471588134765625,0.4170125126838684
760,2,0.8974609375,0.668701171875,0.3505859375,0.83056640625,0.4913737177848816
760,2,0.7890625,0.8331298828125,0.3663330078125,0.9888916015625,0.469482421875
760,2,0.6591796875,0.466949462890625,0.3500162959098816,0.590087890625,0.479736328125
760,2,0.57763671875,0.575103759765625,0.3741455078125,0.660736083984375,0.4312337636947632
761,2,0.92822265625,0.66802978515625,0.3489583134651184,0.83782958984375,0.4963786005973816
761,2,0.9111328125,0.8359375,0.3642578125,0.996337890625,0.4781900644302368
761,2,0.8203125,0.4659423828125,0.3441569209098816,0.59246826171875,0.4886067509651184
761,2,0.5517578125,0.569305419921875,0.3423258364200592,0.663848876953125,0.4259440004825592
762,2,0.93505859375,0.84100341796875,0.3705647587776184,0.99884033203125,0.4846190810203552
762,2,0.93017578125,0.6727294921875,0.3531901240348816,0.84429931640625,0.4951985478401184
762,2,0.861328125,0.466766357421875,0.3492024838924408,0.5926513671875,0.4854329526424408
762,2,0.5771484375,0.602447509765625,0.38641357421875,0.6710205078125,0.4341634511947632
763,2,0.91650390625,0.84173583984375,0.3710530400276184,0.9986572265625,0.4843749403953552
763,2,0.900390625,0.673583984375,0.3571370244026184,0.847900390625,0.4996337890625
763,2,0.83642578125,0.4678955078125,0.3536784052848816,0.59521484375,0.4900715947151184
763,2,0.7138671875,0.608856201171875,0.3894449770450592,0.6690673828125,0.4412027895450592
764,2,0.927734375,0.67974853515625,0.3605549931526184,0.85540771484375,0.5059814453125
764,2,0.89111328125,0.85223388671875,0.3733317255973816,0.99908447265625,0.4849854111671448
764,2,0.87060546875,0.4681396484375,0.3539225459098816,0.59613037109375,0.496826171875
764,2,0.6611328125,0.61016845703125,0.3916422724723816,0.6733245849609375,0.4447835087776184
765,2,0.93017578125,0.68145751953125,0.3623453974723816,0.85968017578125,0.5109456181526184
765,2,0.86865234375,0.46673583984375,0.3555501401424408,0.5970458984375,0.4960530698299408
765,2,0.79833984375,0.85113525390625,0.37744140625,0.99725341796875,0.484375
765,2,0.67138671875,0.6176605224609375,0.3901163935661316,0.6743927001953125,0.4434204697608948
766,2,0.9208984375,0.6849365234375,0.3599853515625,0.86468505859375,0.5118408203125
766,2,0.90625,0.4691162109375,0.353271484375,0.6005859375,0.4938557744026184
766,2,0.89111328125,0.85577392578125,0.3755696415901184,0.99603271484375,0.4866129755973816
766,2,0.65283203125,0.62286376953125,0.38934326171875,0.6768951416015625,0.4423624277114868
767,2,0.93017578125,0.68707275390625,0.3610433340072632,0.8720703125,0.5158284902572632
767,2,0.89892578125,0.863006591796875,0.3799641728401184,0.996826171875,0.4928385615348816
767,2,0.84814453125,0.47052001953125,0.3555501103401184,0.5992431640625,0.4994303584098816
767,2,0.703125,0.6156005859375,0.391357421875,0.6822509765625,0.4424642324447632
768,2,0.91943359375,0.6922607421875,0.3636881709098816,0.88214111328125,0.527587890625
768,2,0.84814453125,0.86419677734375,0.3812662959098816,0.9947509765625,0.4911702275276184
768,2,0.83935546875,0.47216796875,0.3585205078125,0.602874755859375,0.5018310546875
768,2,0.6806640625,0.6233062744140625,0.391357421875,0.683685302734375,0.4455159902572632
768,2,0.56591796875,0.5861968994140625,0.38116455078125,0.6331634521484375,0.43731689453125
769,2,0.90869140625,0.70159912109375,0.3620198965072632,0.8955078125,0.5271810293197632
769,2,0.89990234375,0.4716796875,0.3568928837776184,0.60565185546875,0.5018717646598816
769,2,0.8662109375,0.871124267578125,0.3828125,0.99615478515625,0.4928385019302368
769,2,0.7021484375,0.618927001953125,0.3898722529411316,0.6901397705078125,0.4516602158546448
770,2,0.93505859375,0.7080078125,0.3639323115348816,0.9046630859375,0.5335286259651184
770,2,0.896484375,0.47125244140625,0.359619140625,0.60736083984375,0.50341796875
770,2,0.75390625,0.623260498046875,0.3866373896598816,0.6912994384765625,0.4487915635108948
770,2,0.6845703125,0.876373291015625,0.3810221552848816,0.99676513671875,0.4708252549171448
770,2,0.50439453125,0.4193572998046875,0.3858235478401184,0.462249755859375,0.4343058466911316
771,2,0.927734375,0.47247314453125,0.354248046875,0.609619140625,0.5013834834098816
771,2,0.9248046875,0.7147216796875,0.3614908456802368,0.9178466796875,0.5370279550552368
771,2,0.79638671875,0.626495361328125,0.3838093876838684,0.69354248046875,0.4438475966453552
771,2,0.6513671875,0.881927490234375,0.3785603642463684,0.99591064453125,0.4571532607078552
772,2,0.92333984375,0.473388671875,0.3519694209098816,0.61126708984375,0.5006917119026184
772,2,0.90869140625,0.71820068359375,0.3589680790901184,0.94024658203125,0.5414225459098816
772,2,0.796875,0.62890625,0.37762451171875,0.69647216796875,0.4444783926010132
772,2,0.64013671875,0.8927001953125,0.3739420771598816,0.998260498046875,0.4679768681526184
772,2,0.626953125,0.411651611328125,0.3786214292049408,0.469573974609375,0.4273274838924408
773,2,0.91943359375,0.47369384765625,0.3505045771598816,0.61163330078125,0.4999592900276184
773,2,0.9091796875,0.7247314453125,0.3588053584098816,0.952392578125,0.549560546875
773,2,0.79541015625,0.626220703125,0.3748982846736908,0.698638916015625,0.4463094174861908
773,2,0.59521484375,0.909149169921875,0.3771565854549408,0.997650146484375,0.4485677182674408
774,2,0.91357421875,0.47149658203125,0.3507486581802368,0.61322021484375,0.5000406503677368
774,2,0.8974609375,0.733154296875,0.3568115234375,0.9954833984375,0.555419921875
774,2,0.818359375,0.6335601806640625,0.3740031123161316,0.701690673828125,0.4420166611671448
775,2,0.919921875,0.4696044921875,0.3492024540901184,0.61395263671875,0.499267578125
775,2,0.9091796875,0.7359619140625,0.35107421875,0.99658203125,0.5477702021598816
775,2,0.8291015625,0.63299560546875,0.3705037236213684,0.7066192626953125,0.4426268935203552
775,2,0.57080078125,0.4365234375,0.3529866337776184,0.49346923828125,0.4130656123161316
776,2,0.93701171875,0.46893310546875,0.3473307490348816,0.61505126953125,0.5006917119026184
776,2,0.90283203125,0.7437744140625,0.3494465947151184,0.99774169921875,0.5477702021598816
776,2,0.77685546875,0.635986328125,0.3684489130973816,0.7106475830078125,0.4420776963233948
777,2,0.91943359375,0.46807861328125,0.3470051884651184,0.6171875,0.503173828125
777,2,0.89453125,0.74725341796875,0.3492024540901184,0.997802734375,0.5552978515625
777,2,0.78759765625,0.636383056640625,0.3680216372013092,0.7122802734375,0.4424234926700592
777,2,0.537109375,0.440643310546875,0.3528645932674408,0.494659423828125,0.4093221127986908
778,2,0.9208984375,0.46527099609375,0.34765625,0.61529541015625,0.505615234375
778,2,0.89599609375,0.7501220703125,0.3489583730697632,0.9984130859375,0.5728353261947632
778,2,0.81640625,0.61529541015625,0.3649088740348816,0.720733642578125,0.4452717900276184
778,2,0.5693359375,0.4327392578125,0.344482421875,0.491668701171875,0.4107666015625
779,2,0.91015625,0.7578125,0.3487955927848816,0.99932861328125,0.5669758915901184
779,2,0.88818359375,0.46356201171875,0.3485513925552368,0.615234375,0.5090738534927368
779,2,0.798828125,0.62481689453125,0.3642578125,0.71923828125,0.44683837890625
779,2,0.728515625,0.7393798828125,0.3706461787223816,0.8026275634765625,0.4419758915901184
779,2,0.65234375,0.4297332763671875,0.3488566279411316,0.4917449951171875,0.4099732041358948
780,2,0.91259765625,0.7593994140625,0.34619140625,0.9991455078125,0.572021484375
780,2,0.89892578125,0.45941162109375,0.34619140625,0.61553955078125,0.5101318359375
780,2,0.79150390625,0.616668701171875,0.3596598207950592,0.717498779296875,0.4444986879825592
780,2,0.6943359375,0.420623779296875,0.3474324643611908,0.4868927001953125,0.4114583432674408
780,2,0.6806640625,0.736541748046875,0.3668416142463684,0.8018341064453125,0.4428507685661316
781,2,0.916015625,0.758056640625,0.346923828125,0.99810791015625,0.5786946415901184
781,2,0.8935546875,0.4556884765625,0.3496907949447632,0.61480712890625,0.5181478261947632
781,2,0.8056640625,0.62969970703125,0.3638509213924408,0.716400146484375,0.4472249448299408
781,2,0.6572265625,0.7297821044921875,0.36712646484375,0.803924560546875,0.4405111074447632
781,2,0.60400390625,0.421051025390625,0.3413899540901184,0.484649658203125,0.4060465693473816
782,2,0.9140625,0.4512939453125,0.353271484375,0.6123046875,0.5293375849723816
782,2,0.90771484375,0.7584228515625,0.3539225459098816,0.99786376953125,0.592529296875
782,2,0.8125,0.62493896484375,0.36761474609375,0.72003173828125,0.4559326171875
782,2,0.80126953125,0.725372314453125,0.3749796450138092,0.804412841796875,0.4482828676700592
782,2,0.669921875,0.414398193359375,0.36639404296875,0.4758148193359375,0.4171346426010132
783,2,0.91845703125,0.4456787109375,0.3582357168197632,0.611083984375,0.5334066152572632
783,2,0.9072265625,0.7581787109375,0.3605143427848816,0.99810791015625,0.6077473759651184
783,2,0.80126953125,0.6307373046875,0.3690389096736908,0.719451904296875,0.4578450620174408
783,2,0.79443359375,0.72149658203125,0.3758544921875,0.799560546875,0.4426065683364868
783,2,0.54736328125,0.412017822265625,0.3582356572151184,0.4744415283203125,0.4225260615348816
784,2,0.900390625,0.7598876953125,0.3582356572151184,0.998291015625,0.6161295175552368
784,2,0.8984375,0.4415283203125,0.3565267324447632,0.61016845703125,0.5348714590072632
784,2,0.7841796875,0.61187744140625,0.3659260869026184,0.717010498046875,0.4612223505973816
784,2,0.7607421875,0.713531494140625,0.3717244565486908,0.79620361328125,0.4461263120174408
784,2,0.61328125,0.4063720703125,0.3410237431526184,0.48394775390625,0.4145914912223816
785,2,0.89990234375,0.43731689453125,0.3553060293197632,0.608154296875,0.5347493886947632
785,2,0.89501953125,0.759765625,0.356689453125,0.998291015625,0.6270345449447632
785,2,0.83642578125,0.60870361328125,0.361083984375,0.717620849609375,0.4607340097427368
785,2,0.70751953125,0.713623046875,0.3727620244026184,0.797607421875,0.4454345107078552
785,2,0.69287109375,0.40411376953125,0.3430989682674408,0.468902587890625,0.4154256284236908
786,2,0.9111328125,0.43426513671875,0.3504232168197632,0.60809326171875,0.5340169668197632
786,2,0.89599609375,0.764892578125,0.3521321415901184,0.9993896484375,0.6357421875
786,2,0.802734375,0.60858154296875,0.3573811650276184,0.719512939453125,0.4604491591453552
786,2,0.74951171875,0.4002838134765625,0.3518269658088684,0.462646484375,0.4146525263786316
786,2,0.63671875,0.7139892578125,0.3668619692325592,0.7808074951171875,0.4498697817325592
786,2,0.53271484375,0.3705291748046875,0.3556111454963684,0.405364990234375,0.4042357802391052
787,2,0.8896484375,0.767333984375,0.3466796875,0.9993896484375,0.6259765625
787,2,0.888671875,0.43212890625,0.3482259511947632,0.605712890625,0.5342611074447632
787,2,0.8076171875,0.60369873046875,0.3515217900276184,0.721099853515625,0.4593505263328552
787,2,0.59814453125,0.3980712890625,0.3473307192325592,0.458648681640625,0.4097696840763092
787,2,0.53759765625,0.7113037109375,0.3658447265625,0.774322509765625,0.4338785409927368
788,2,0.88427734375,0.42462158203125,0.3429362177848816,0.607177734375,0.5425618290901184
788,2,0.8798828125,0.770751953125,0.34619140625,0.99945068359375,0.6443685293197632
788,2,0.87744140625,0.59320068359375,0.3492024838924408,0.720916748046875,0.4571126401424408
788,2,0.69189453125,0.705780029296875,0.3611043095588684,0.76666259765625,0.4283446669578552
788,2,0.54736328125,0.397125244140625,0.34454345703125,0.44976806640625,0.40869140625
788,2,0.52685546875,0.364288330078125,0.3498942255973816,0.401763916015625,0.3945313096046448
789,2,0.8857421875,0.7744140625,0.341552734375,0.99951171875,0.66943359375
789,2,0.861328125,0.5799560546875,0.345947265625,0.721466064453125,0.4554036855697632
789,2,0.82958984375,0.42132568359375,0.3379720449447632,0.6083984375,0.5397542715072632
789,2,0.67919921875,0.7017822265625,0.3563639223575592,0.7621307373046875,0.4214884340763092
789,2,0.54345703125,0.391845703125,0.33984375,0.45159912109375,0.4047037363052368
790,2,0.890625,0.78179931640625,0.3440755307674408,0.999755859375,0.6722818613052368
790,2,0.87353515625,0.4188232421875,0.3401692509651184,0.60919189453125,0.5370280146598816
790,2,0.75927734375,0.70074462890625,0.3522135317325592,0.7555694580078125,0.4185587465763092
790,2,0.71826171875,0.3893280029296875,0.3434244692325592,0.449249267578125,0.4057413637638092
790,2,0.71630859375,0.6060791015625,0.34765625,0.72149658203125,0.4566243886947632
790,2,0.52880859375,0.777435302734375,0.3483479619026184,0.878997802734375,0.4420573115348816
791,2,0.9267578125,0.7874755859375,0.34326171875,0.999755859375,0.6868489980697632
791,2,0.82861328125,0.41815185546875,0.3404133915901184,0.6094970703125,0.546875
791,2,0.6767578125,0.3895111083984375,0.3410440981388092,0.4464111328125,0.4048258364200592
791,2,0.5947265625,0.6468505859375,0.3450114130973816,0.7530517578125,0.4097493290901184
791,2,0.59033203125,0.629241943359375,0.3748372197151184,0.72454833984375,0.4556884169578552
791,2,0.58056640625,0.772796630859375,0.35198974609375,0.881256103515625,0.4408365488052368
791,2,0.5078125,0.772125244140625,0.356201171875,0.8284149169921875,0.4398193359375
792,2,0.9091796875,0.79144287109375,0.3458659052848816,0.99969482421875,0.6998698115348816
792,2,0.87744140625,0.41534423828125,0.3404947519302368,0.61566162109375,0.5460611581802368
792,2,0.67822265625,0.76495361328125,0.3541259765625,0.879180908203125,0.4524332284927368
792,2,0.666015625,0.60791015625,0.3455810546875,0.7337646484375,0.4556070566177368
792,2,0.64599609375,0.3889617919921875,0.343505859375,0.4449005126953125,0.4062906503677368
793,2,0.91748046875,0.79437255859375,0.34619140625,0.99981689453125,0.7107747793197632
793,2,0.8759765625,0.41265869140625,0.3419595956802368,0.61505126953125,0.5491129159927368
793,2,0.85546875,0.608642578125,0.3465982973575592,0.7349853515625,0.4591471254825592
793,2,0.7158203125,0.3882904052734375,0.3452351689338684,0.4456787109375,0.4089762568473816
793,2,0.669921875,0.76019287109375,0.3581136167049408,0.87725830078125,0.4474690854549408
794,2,0.91943359375,0.79742431640625,0.3484700620174408,0.99981689453125,0.7159830331802368
794,2,0.86279296875,0.41162109375,0.3408203125,0.6221923828125,0.5549723505973816
794,2,0.857421875,0.60986328125,0.3457438051700592,0.7357177734375,0.4597574770450592
794,2,0.6943359375,0.75732421875,0.3577473759651184,0.862945556640625,0.4410807490348816
794,2,0.59765625,0.1900787353515625,0.3467610478401184,0.2360687255859375,0.3807982802391052
794,2,0.5517578125,0.3881378173828125,0.34527587890625,0.45013427734375,0.4084268808364868
795,2,0.91650390625,0.7979736328125,0.3487955331802368,0.99981689453125,0.71533203125
795,2,0.916015625,0.610107421875,0.3441976010799408,0.73431396484375,0.4608968198299408
795,2,0.82861328125,0.4107666015625,0.3426106572151184,0.62457275390625,0.5668131709098816
795,2,0.7626953125,0.73968505859375,0.3571370244026184,0.85467529296875,0.4394938349723816
795,2,0.7119140625,0.38970947265625,0.343505859375,0.4448394775390625,0.40863037109375
795,2,0.5693359375,0.1688232421875,0.3486124873161316,0.22857666015625,0.3828125596046448
796,2,0.9111328125,0.60906982421875,0.3422444462776184,0.7352294921875,0.4597575068473816
796,2,0.9091796875,0.80010986328125,0.34716796875,0.999755859375,0.7097982168197632
796,2,0.8427734375,0.41082763671875,0.3379719853401184,0.62615966796875,0.5814616084098816
796,2,0.83642578125,0.735992431640625,0.3485921323299408,0.852996826171875,0.4361165463924408
796,2,0.6962890625,0.3887786865234375,0.3460490107536316,0.44842529296875,0.4088338017463684
796,2,0.56640625,0.056182861328125,0.3515828549861908,0.1078948974609375,0.3789876401424408
797,2,0.9111328125,0.7984619140625,0.34716796875,0.9998779296875,0.71337890625
797,2,0.86474609375,0.4112548828125,0.3341470956802368,0.62713623046875,0.5746256113052368
797,2,0.857421875,0.6182861328125,0.3428955078125,0.737579345703125,0.4603677988052368
797,2,0.814453125,0.735595703125,0.3484700322151184,0.8468017578125,0.4355875849723816
797,2,0.67041015625,0.3887786865234375,0.3407796323299408,0.452392578125,0.4076131284236908
797,2,0.53076171875,0.8309478759765625,0.3248291015625,0.90692138671875,0.4029541015625
797,2,0.5068359375,0.313018798828125,0.3324991762638092,0.3522491455078125,0.3708902895450592
798,2,0.9091796875,0.7979736328125,0.3424479067325592,0.99981689453125,0.7127279043197632
798,2,0.87451171875,0.409912109375,0.3367512822151184,0.6279296875,0.5707194209098816
798,2,0.8427734375,0.6153564453125,0.341064453125,0.7373046875,0.4604898691177368
798,2,0.78369140625,0.738067626953125,0.34661865234375,0.832366943359375,0.4311929941177368
798,2,0.71728515625,0.389007568359375,0.3404948115348816,0.44964599609375,0.4060669541358948
798,2,0.5126953125,0.1773223876953125,0.3414306640625,0.2148590087890625,0.3856405019760132
799,2,0.9091796875,0.79254150390625,0.34326171875,0.999755859375,0.7102864980697632
799,2,0.890625,0.60748291015625,0.3393961787223816,0.73651123046875,0.4602051377296448
799,2,0.8720703125,0.4107666015625,0.337890625,0.62872314453125,0.56591796875
799,2,0.79443359375,0.733367919921875,0.34674072265625,0.8253173828125,0.4307861328125
799,2,0.681640625,0.3897552490234375,0.3422037661075592,0.449066162109375,0.4059244692325592
799,2,0.5390625,0.0399322509765625,0.3407796025276184,0.12091064453125,0.3814696669578552
799,2,0.5205078125,0.1685943603515625,0.34002685546875,0.212615966796875,0.3800252676010132
799,2,0.5107421875,0.0199432373046875,0.3354695439338684,0.0563201904296875,0.3666788935661316
799,2,0.50927734375,0.245269775390625,0.3398640751838684,0.299774169921875,0.3859252333641052
800,2,0.90625,0.79071044921875,0.3352864384651184,0.99981689453125,0.6885579228401184
800,2,0.89453125,0.41107177734375,0.334716796875,0.62890625,0.5647786259651184
800,2,0.88427734375,0.615203857421875,0.3380940854549408,0.737060546875,0.4588216245174408
800,2,0.751953125,0.731689453125,0.3449503779411316,0.817626953125,0.4244588017463684
800,2,0.5732421875,0.2423858642578125,0.3377889096736908,0.2953948974609375,0.3866780698299408
800,2,0.50927734375,0.389892578125,0.3086751103401184,0.448272705078125,0.4007975459098816
801,2,0.9072265625,0.41033935546875,0.332763671875,0.62860107421875,0.5682780146598816
801,2,0.8896484375,0.6134033203125,0.3390299677848816,0.736328125,0.4579671025276184
801,2,0.8759765625,0.787353515625,0.3370768427848816,0.9996337890625,0.6624349355697632
801,2,0.71826171875,0.72857666015625,0.3462321162223816,0.80548095703125,0.4209797978401184
801,2,0.68310546875,-3.0517578125e-05,0.3323567509651184,0.071319580078125,0.4152831435203552
801,2,0.56494140625,0.238494873046875,0.33709716796875,0.30975341796875,0.3869832754135132
801,2,0.54736328125,0.3902587890625,0.3076578974723816,0.447479248046875,0.3990071415901184
801,2,0.53759765625,0.14166259765625,0.32952880859375,0.1928253173828125,0.36456298828125
802,2,0.90478515625,0.4105224609375,0.331787109375,0.62774658203125,0.5642903447151184
802,2,0.89599609375,0.7838134765625,0.3395182192325592,0.99951171875,0.6731771230697632
802,2,0.79638671875,0.6297607421875,0.3379719853401184,0.7352294921875,0.4600016474723816
802,2,0.6591796875,0.729888916015625,0.3503010869026184,0.7998046875,0.4188029170036316
802,2,0.63427734375,0.23565673828125,0.3350626826286316,0.30804443359375,0.3846436142921448
802,2,0.5302734375,0.389892578125,0.32672119140625,0.44451904296875,0.39727783203125
803,2,0.91357421875,0.61016845703125,0.3389892578125,0.73468017578125,0.4582113027572632
803,2,0.9013671875,0.4083251953125,0.3297526240348816,0.626953125,0.5623779296875
803,2,0.8603515625,0.778564453125,0.3401693105697632,0.99932861328125,0.6630859375
803,2,0.67138671875,0.725616455078125,0.3497721552848816,0.7939453125,0.4166870713233948
803,2,0.56396484375,0.227386474609375,0.333740234375,0.293182373046875,0.3862711191177368
803,2,0.5,0.03875732421875,0.341064453125,0.090728759765625,0.375
804,2,0.9052734375,0.61480712890625,0.3378499150276184,0.73486328125,0.4550780653953552
804,2,0.8818359375,0.7745361328125,0.3349609375,0.99969482421875,0.6417642831802368
804,2,0.88134765625,0.40753173828125,0.3291829228401184,0.6260986328125,0.55419921875
804,2,0.62255859375,0.7213287353515625,0.3463541865348816,0.7855224609375,0.4152222275733948
804,2,0.6162109375,0.219482421875,0.33831787109375,0.2841339111328125,0.3822225332260132
804,2,0.537109375,0.3941650390625,0.3402913212776184,0.45257568359375,0.3957518935203552
805,2,0.88671875,0.7716064453125,0.341552734375,0.99951171875,0.6393228769302368
805,2,0.8828125,0.40789794921875,0.3282063603401184,0.623779296875,0.5450846552848816
805,2,0.88134765625,0.62591552734375,0.3363851010799408,0.73345947265625,0.4535726010799408
805,2,0.66455078125,0.72015380859375,0.35186767578125,0.78192138671875,0.412109375
805,2,0.52734375,0.39453125,0.3384196162223816,0.44952392578125,0.3951416611671448
805,2,0.51806640625,0.208740234375,0.3301798701286316,0.2658233642578125,0.3698731064796448
806,2,0.89599609375,0.7677001953125,0.3423665165901184,0.99945068359375,0.6349283456802368
806,2,0.8720703125,0.40838623046875,0.3262532353401184,0.625244140625,0.543701171875
806,2,0.81201171875,0.619140625,0.3360595703125,0.732757568359375,0.4524332284927368
806,2,0.57861328125,0.714752197265625,0.35113525390625,0.77716064453125,0.4071859121322632
806,2,0.505859375,0.3945465087890625,0.3376871943473816,0.45306396484375,0.3940430283546448
807,2,0.88671875,0.419189453125,0.3236491084098816,0.62591552734375,0.54052734375
807,2,0.87060546875,0.765625,0.3427734375,0.9993896484375,0.6259765625
807,2,0.80126953125,0.6224365234375,0.3343912959098816,0.732269287109375,0.4521484971046448
807,2,0.52880859375,0.301605224609375,0.3360188603401184,0.3410491943359375,0.3649291396141052
808,2,0.89208984375,0.42041015625,0.3235676884651184,0.62646484375,0.540283203125
808,2,0.86865234375,0.7647705078125,0.341552734375,0.99951171875,0.6201171875
808,2,0.80615234375,0.621124267578125,0.3348795771598816,0.735107421875,0.4605305790901184
808,2,0.59765625,0.7112884521484375,0.3484089970588684,0.7689666748046875,0.3996581435203552
808,2,0.58447265625,0.0001373291015625,0.3251546323299408,0.0342254638671875,0.3614705502986908
808,2,0.5458984375,0.3970947265625,0.3363037109375,0.457489013671875,0.3909505605697632
808,2,0.52099609375,0.2977142333984375,0.3337199091911316,0.3412017822265625,0.3660278916358948
809,2,0.89453125,0.4246826171875,0.3314616084098816,0.62579345703125,0.542236328125
809,2,0.876953125,0.762939453125,0.3463541269302368,0.9996337890625,0.6197916269302368
809,2,0.748046875,0.6318359375,0.33544921875,0.73583984375,0.4591878652572632
809,2,0.7158203125,0.7113800048828125,0.3444010615348816,0.76776123046875,0.3953858017921448
809,2,0.6025390625,0.399017333984375,0.33636474609375,0.4666748046875,0.390380859375
809,2,0.5263671875,0.28802490234375,0.3390909731388092,0.3300628662109375,0.3718668520450592
809,2,0.51171875,0.3575592041015625,0.33038330078125,0.39947509765625,0.3805948495864868
809,2,0.509765625,7.62939453125e-05,0.3266398310661316,0.0323028564453125,0.3631795048713684
810,2,0.91650390625,0.4251708984375,0.3251953125,0.62774658203125,0.5382487177848816
810,2,0.86474609375,0.763671875,0.34326171875,0.99957275390625,0.60986328125
810,2,0.728515625,0.7120208740234375,0.3458048403263092,0.7620849609375,0.3986612856388092
810,2,0.68017578125,0.632049560546875,0.3319905400276184,0.73504638671875,0.4586181640625
810,2,0.55615234375,0.3560028076171875,0.3309529423713684,0.403076171875,0.3818969130516052
810,2,0.5419921875,0.275390625,0.3353678286075592,0.3215179443359375,0.3713785707950592
810,2,0.51123046875,0.4017486572265625,0.3351033329963684,0.454071044921875,0.3906046748161316
811,2,0.93115234375,0.43048095703125,0.3229166865348816,0.62554931640625,0.533935546875
811,2,0.84912109375,0.7633056640625,0.3417155146598816,0.99798583984375,0.595947265625
811,2,0.81640625,0.612213134765625,0.3365478515625,0.73602294921875,0.4540201425552368
811,2,0.7236328125,-0.00018310546875,0.33935546875,0.061248779296875,0.5616862177848816
811,2,0.6416015625,0.7111968994140625,0.3409016728401184,0.763519287109375,0.3995360732078552
811,2,0.60107421875,0.2672271728515625,0.3331502377986908,0.314056396484375,0.3720296323299408
811,2,0.572265625,0.405029296875,0.3343098759651184,0.4597015380859375,0.3888956904411316
811,2,0.53759765625,0.3541107177734375,0.3229166567325592,0.403289794921875,0.3767496645450592
811,2,0.53515625,0.38909912109375,0.3009847104549408,0.4410247802734375,0.3443807065486908
812,2,0.90625,0.43310546875,0.3263346552848816,0.62677001953125,0.5308430790901184
812,2,0.88134765625,0.7626953125,0.3429362177848816,0.99908447265625,0.596923828125
812,2,0.833984375,0.0001220703125,0.324951171875,0.106964111328125,0.5262858271598816
812,2,0.60107421875,0.709503173828125,0.3453776240348816,0.7608184814453125,0.3996582627296448
812,2,0.5869140625,0.115875244140625,0.324462890625,0.186981201171875,0.3825479745864868
812,2,0.505859375,0.630157470703125,0.3348388671875,0.734375,0.44140625
813,2,0.91357421875,0.44134521484375,0.3318684697151184,0.6270751953125,0.532470703125
813,2,0.90869140625,0.00018310546875,0.3292642831802368,0.14404296875,0.5066324472427368
813,2,0.8857421875,0.76416015625,0.3470051884651184,0.9996337890625,0.6051431894302368
813,2,0.88525390625,0.60845947265625,0.3415934145450592,0.73504638671875,0.4565836489200592
813,2,0.58056640625,0.4155120849609375,0.3410441279411316,0.4669952392578125,0.3913167119026184
813,2,0.5390625,0.10791015625,0.3255208134651184,0.173095703125,0.3770141005516052
813,2,0.50244140625,0.201751708984375,0.34173583984375,0.270477294921875,0.3907470703125
814,2,0.90869140625,0.44146728515625,0.3350423574447632,0.628173828125,0.5327962636947632
814,2,0.890625,0.7685546875,0.3467610478401184,0.99951171875,0.61376953125
814,2,0.8857421875,-0.00018310546875,0.33056640625,0.171142578125,0.5088704228401184
814,2,0.7509765625,0.60888671875,0.34521484375,0.732574462890625,0.4583740234375
814,2,0.64306640625,0.7078857421875,0.3526204228401184,0.76177978515625,0.4052733778953552
814,2,0.53955078125,0.4171142578125,0.3437907099723816,0.461883544921875,0.3936768174171448
814,2,0.533203125,0.3558349609375,0.313232421875,0.442138671875,0.3899739980697632
815,2,0.90478515625,0.44879150390625,0.3409830927848816,0.62646484375,0.5341796875
815,2,0.8818359375,0.7708740234375,0.35888671875,0.99945068359375,0.6241048574447632
815,2,0.857421875,-0.0006103515625,0.3357747197151184,0.1942138671875,0.5010172724723816
815,2,0.81005859375,0.6119384765625,0.3540852665901184,0.729095458984375,0.4692382216453552
815,2,0.62255859375,0.4210052490234375,0.3495686948299408,0.4666595458984375,0.3995564877986908
815,2,0.583984375,0.3562164306640625,0.34698486328125,0.4068603515625,0.3944295644760132
815,2,0.541015625,0.7108154296875,0.3554484248161316,0.7596435546875,0.4060261845588684
815,2,0.52685546875,0.251220703125,0.3475341796875,0.2973785400390625,0.3818765878677368
815,2,0.515625,0.2964630126953125,0.3473917841911316,0.3358001708984375,0.3818970322608948
816,2,0.91650390625,0.4503173828125,0.33984375,0.62689208984375,0.5263671875
816,2,0.91259765625,0.00042724609375,0.3348795473575592,0.21185302734375,0.4860025942325592
816,2,0.84912109375,0.7755126953125,0.3515625,0.99951171875,0.6211751699447632
816,2,0.78271484375,0.623565673828125,0.3447265625,0.729248046875,0.464111328125
816,2,0.60791015625,0.42010498046875,0.3471883237361908,0.477508544921875,0.3980306088924408
816,2,0.56591796875,0.7126922607421875,0.3550211787223816,0.762451171875,0.4060669541358948
816,2,0.5458984375,0.2457122802734375,0.3433837890625,0.2913665771484375,0.3827718496322632
816,2,0.53369140625,0.2851715087890625,0.3437906801700592,0.3274078369140625,0.3824869692325592
817,2,0.92236328125,0.45361328125,0.33935546875,0.62811279296875,0.5218098759651184
817,2,0.9150390625,0.02911376953125,0.3356526494026184,0.2293701171875,0.4715576171875
817,2,0.8671875,0.7801513671875,0.3495280146598816,0.99951171875,0.624755859375
817,2,0.77587890625,0.6302490234375,0.3412678837776184,0.722686767578125,0.4633788466453552
817,2,0.6826171875,0.4223175048828125,0.3461100161075592,0.476898193359375,0.3965860903263092
817,2,0.6025390625,0.7166748046875,0.3534749150276184,0.7670135498046875,0.4037882685661316
817,2,0.58447265625,0.3547210693359375,0.3322957158088684,0.41009521484375,0.3926391005516052
817,2,0.5771484375,0.00018310546875,0.3188069760799408,0.0814208984375,0.4112142026424408
818,2,0.91162109375,0.45587158203125,0.337646484375,0.627197265625,0.5200602412223816
818,2,0.896484375,0.05633544921875,0.3347981572151184,0.245849609375,0.4656982421875
818,2,0.85595703125,0.7867431640625,0.3501790165901184,0.9996337890625,0.6261392831802368
818,2,0.751953125,0.61016845703125,0.3436279296875,0.719635009765625,0.4603677988052368
818,2,0.7021484375,0.3544464111328125,0.33221435546875,0.4093170166015625,0.3932901620864868
818,2,0.63427734375,0.4260406494140625,0.3460693359375,0.4825439453125,0.3955078125
818,2,0.6259765625,0.23272705078125,0.3409627377986908,0.305633544921875,0.3867391049861908
818,2,0.56982421875,0.7145233154296875,0.3545125126838684,0.7665863037109375,0.3996378779411316
819,2,0.9326171875,0.079345703125,0.3379313349723816,0.25311279296875,0.4639892578125
819,2,0.89599609375,0.458984375,0.3395181894302368,0.6309814453125,0.5189615488052368
819,2,0.892578125,0.7950439453125,0.3533528447151184,0.99951171875,0.635498046875
819,2,0.7880859375,0.6044921875,0.3455403745174408,0.71197509765625,0.4547933042049408
819,2,0.7431640625,0.7122039794921875,0.3586222231388092,0.765411376953125,0.4070841372013092
819,2,0.72216796875,0.354705810546875,0.3350423276424408,0.4072418212890625,0.3954671323299408
819,2,0.64501953125,0.2307586669921875,0.34039306640625,0.29339599609375,0.3877359628677368
819,2,0.6064453125,0.42791748046875,0.3461100161075592,0.48388671875,0.3961588442325592
820,2,0.9091796875,0.096923828125,0.3390706181526184,0.2657470703125,0.4577636122703552
820,2,0.9072265625,0.46295166015625,0.3401692509651184,0.63116455078125,0.521484375
820,2,0.900390625,0.8001708984375,0.3575845956802368,0.9993896484375,0.646728515625
820,2,0.751953125,0.60748291015625,0.3476155400276184,0.70751953125,0.4501952528953552
820,2,0.72021484375,0.71307373046875,0.3593546450138092,0.765960693359375,0.4073282778263092
820,2,0.6865234375,0.4337005615234375,0.3440348207950592,0.4902496337890625,0.3951822817325592
820,2,0.60888671875,0.21728515625,0.33734130859375,0.2859954833984375,0.39111328125
820,2,0.59375,0.3527679443359375,0.339599609375,0.407684326171875,0.3953043222427368
820,2,0.5869140625,0.00701904296875,0.3430989682674408,0.129791259765625,0.4180501401424408
820,2,0.5732421875,0.7974853515625,0.3585205078125,0.891357421875,0.4452310800552368
821,2,0.921875,0.46380615234375,0.3401692509651184,0.630615234375,0.5234375
821,2,0.9150390625,0.11077880859375,0.3395182490348816,0.27587890625,0.4531250596046448
821,2,0.84912109375,0.80364990234375,0.3536783456802368,0.99981689453125,0.6415201425552368
821,2,0.73779296875,0.600830078125,0.3459065556526184,0.69635009765625,0.4543456435203552
821,2,0.689453125,-0.00042724609375,0.3393147885799408,0.087615966796875,0.4209187924861908
821,2,0.63037109375,0.709442138671875,0.3606160283088684,0.76715087890625,0.4099120497703552
821,2,0.58447265625,0.79510498046875,0.3592936396598816,0.89715576171875,0.4518635869026184
822,2,0.9248046875,0.46209716796875,0.3418782949447632,0.6300048828125,0.5264486074447632
822,2,0.92333984375,0.122802734375,0.3404133915901184,0.28009033203125,0.4506835341453552
822,2,0.8671875,0.80926513671875,0.3544921875,0.9996337890625,0.6675618886947632
822,2,0.7236328125,0.79168701171875,0.3618977963924408,0.888580322265625,0.4429524838924408
822,2,0.69775390625,0.7093505859375,0.3575846254825592,0.76812744140625,0.4084269106388092
822,2,0.58740234375,0.587921142578125,0.3468831181526184,0.686981201171875,0.4532877802848816
822,2,0.50146484375,0.0001983642578125,0.32177734375,0.062957763671875,0.4250081777572632
823,2,0.9375,0.4603271484375,0.3428547978401184,0.628173828125,0.5260416865348816
823,2,0.8984375,0.81524658203125,0.361572265625,0.99920654296875,0.67333984375
823,2,0.88134765625,0.126708984375,0.34228515625,0.28204345703125,0.452392578125
823,2,0.78515625,0.594635009765625,0.3501790165901184,0.675689697265625,0.4549967646598816
823,2,0.7431640625,0.78826904296875,0.3611653447151184,0.893310546875,0.4441325068473816
823,2,0.62255859375,0.7064208984375,0.36016845703125,0.7663116455078125,0.4089761972427368
823,2,0.56591796875,0.3376922607421875,0.3476359248161316,0.401611328125,0.4033406376838684
824,2,0.9248046875,0.13311767578125,0.3446858525276184,0.2845458984375,0.4497477412223816
824,2,0.91943359375,0.46002197265625,0.3426920771598816,0.6258544921875,0.5224609375
824,2,0.8701171875,0.81634521484375,0.3487955331802368,0.99884033203125,0.67431640625
824,2,0.79443359375,0.5859375,0.3513997197151184,0.66705322265625,0.4549967646598816
824,2,0.79150390625,0.78485107421875,0.3607991337776184,0.89739990234375,0.4454752802848816
824,2,0.734375,0.05645751953125,0.3302409052848816,0.16937255859375,0.4116211533546448
824,2,0.7021484375,0.3364105224609375,0.3371989130973816,0.40081787109375,0.4028931260108948
824,2,0.60302734375,0.2537841796875,0.348876953125,0.321563720703125,0.384033203125
824,2,0.5537109375,0.7123565673828125,0.36328125,0.7671051025390625,0.4087117910385132
824,2,0.5517578125,0.386566162109375,0.3092854619026184,0.44842529296875,0.3904826045036316
825,2,0.888671875,0.81512451171875,0.35888671875,0.99920654296875,0.6781412363052368
825,2,0.869140625,0.45703125,0.3411458134651184,0.62408447265625,0.52197265625
825,2,0.849609375,0.13641357421875,0.3471272885799408,0.28448486328125,0.4491780698299408
825,2,0.7724609375,0.78131103515625,0.3564046025276184,0.89239501953125,0.4388834834098816
825,2,0.6748046875,0.712432861328125,0.3553263545036316,0.76702880859375,0.4041138291358948
825,2,0.60302734375,0.24139404296875,0.34381103515625,0.3120574951171875,0.3846029043197632
825,2,0.59814453125,0.3278350830078125,0.335205078125,0.393402099609375,0.3994954824447632
825,2,0.54638671875,0.58868408203125,0.3533528447151184,0.658172607421875,0.4488524794578552
825,2,0.51904296875,-0.00018310546875,0.3278401792049408,0.10772705078125,0.3766683042049408
825,2,0.50146484375,0.379058837890625,0.310302734375,0.445465087890625,0.3886312246322632
826,2,0.9013671875,0.80926513671875,0.3609212040901184,0.99908447265625,0.6726887822151184
826,2,0.88720703125,0.13677978515625,0.3409830927848816,0.289459228515625,0.4423828721046448
826,2,0.86767578125,0.45660400390625,0.3404133915901184,0.62457275390625,0.5218912959098816
826,2,0.74072265625,-0.0006103515625,0.361328125,0.13824462890625,0.7615560293197632
826,2,0.73193359375,0.3214263916015625,0.3337199091911316,0.39044189453125,0.3976643681526184
826,2,0.66748046875,0.792449951171875,0.3617757260799408,0.880615234375,0.4342854917049408
826,2,0.62158203125,0.5860137939453125,0.3503825068473816,0.6485595703125,0.4518635869026184
826,2,0.5830078125,0.705780029296875,0.3560994267463684,0.76165771484375,0.4006144404411316
827,2,0.9052734375,0.805908203125,0.3616536855697632,0.99969482421875,0.671142578125
827,2,0.88671875,0.4569091796875,0.34716796875,0.62274169921875,0.52587890625
827,2,0.88427734375,-0.000244140625,0.3006184995174408,0.2138671875,0.7472330331802368
827,2,0.740234375,0.777252197265625,0.3581135869026184,0.8787841796875,0.4350382685661316
827,2,0.69775390625,0.316131591796875,0.3315836787223816,0.385772705078125,0.4014282822608948
827,2,0.677734375,0.1466064453125,0.3436686098575592,0.288726806640625,0.4396158754825592
827,2,0.57861328125,0.374969482421875,0.3067219853401184,0.44879150390625,0.3853759169578552
827,2,0.51513671875,0.5896759033203125,0.3508707880973816,0.6531982421875,0.4416096806526184
828,2,0.90380859375,-0.0001220703125,0.3151041865348816,0.2694091796875,0.67138671875
828,2,0.9013671875,0.45697021484375,0.3426920175552368,0.62750244140625,0.5236002206802368
828,2,0.88134765625,0.80059814453125,0.36279296875,0.999755859375,0.6484375
828,2,0.8125,0.307403564453125,0.3365071713924408,0.38665771484375,0.4024251401424408
828,2,0.705078125,0.77569580078125,0.3611246943473816,0.872772216796875,0.4368489384651184
828,2,0.69970703125,0.1839599609375,0.34326171875,0.289154052734375,0.442626953125
828,2,0.5791015625,0.708343505859375,0.3602702021598816,0.7631988525390625,0.4040527939796448
828,2,0.53759765625,0.59002685546875,0.3472697138786316,0.6603546142578125,0.4172363877296448
829,2,0.92578125,0.45648193359375,0.3448079228401184,0.6234130859375,0.5260416865348816
829,2,0.9111328125,0.0001220703125,0.3240559697151184,0.30419921875,0.59130859375
829,2,0.86572265625,0.7945556640625,0.3645833134651184,0.99969482421875,0.6387532353401184
829,2,0.71630859375,0.3066558837890625,0.3350830078125,0.38055419921875,0.4048868417739868
829,2,0.626953125,0.715606689453125,0.3604939579963684,0.7642822265625,0.4050700068473816
829,2,0.625,0.79461669921875,0.3632609248161316,0.870086669921875,0.4318848252296448
829,2,0.5205078125,0.592864990234375,0.34588623046875,0.654083251953125,0.41595458984375
829,2,0.5185546875,0.673614501953125,0.3573811650276184,0.711212158203125,0.3965861201286316
830,2,0.91943359375,0.0047607421875,0.3269856572151184,0.3326416015625,0.580078125
830,2,0.896484375,0.45611572265625,0.3431803584098816,0.6236572265625,0.5249837040901184
830,2,0.87060546875,0.78521728515625,0.3531087040901184,0.99951171875,0.63330078125
830,2,0.67431640625,0.29498291015625,0.3305867314338684,0.38238525390625,0.4025065302848816
830,2,0.650390625,0.6741943359375,0.3522542119026184,0.717620849609375,0.3941039443016052
830,2,0.61767578125,0.71795654296875,0.358642578125,0.7643890380859375,0.4033609628677368
830,2,0.5390625,0.3835906982421875,0.2948405146598816,0.450714111328125,0.3815918564796448
830,2,0.53564453125,0.60247802734375,0.3409423828125,0.6529693603515625,0.4072265625
830,2,0.51953125,0.7958984375,0.3565266728401184,0.8631439208984375,0.4251708388328552
831,2,0.9091796875,0.0797119140625,0.3270670175552368,0.35528564453125,0.5214029550552368
831,2,0.90380859375,0.4554443359375,0.3373209834098816,0.6263427734375,0.5194905400276184
831,2,0.85400390625,0.775634765625,0.3468424677848816,0.99951171875,0.619140625
831,2,0.669921875,0.60064697265625,0.334228515625,0.6527557373046875,0.3982340097427368
831,2,0.59130859375,0.770721435546875,0.3390299677848816,0.858978271484375,0.4184773564338684
831,2,0.5390625,0.3563232421875,0.3333333134651184,0.40985107421875,0.3849894404411316
831,2,0.53759765625,0.6764373779296875,0.3437703549861908,0.716705322265625,0.3861287534236908
831,2,0.52734375,0.7157440185546875,0.3487345278263092,0.76812744140625,0.3910318911075592
832,2,0.92333984375,0.136474609375,0.3190103769302368,0.37347412109375,0.5004068613052368
832,2,0.91845703125,0.4576416015625,0.328857421875,0.62896728515625,0.5085856318473816
832,2,0.87890625,0.770263671875,0.3428547978401184,0.99951171875,0.6123046875
832,2,0.66259765625,0.374847412109375,0.2820637822151184,0.4438018798828125,0.3617350459098816
832,2,0.60498046875,0.60064697265625,0.32757568359375,0.6513214111328125,0.3867594003677368
832,2,0.55517578125,0.010009765625,0.3152669072151184,0.12908935546875,0.3992106318473816
832,2,0.52783203125,0.33868408203125,0.3226725459098816,0.4067535400390625,0.3859456181526184
833,2,0.92236328125,0.17822265625,0.3286946713924408,0.38800048828125,0.4934895932674408
833,2,0.9208984375,0.458740234375,0.338623046875,0.62701416015625,0.52490234375
833,2,0.8984375,0.76025390625,0.35595703125,0.99786376953125,0.6022135615348816
833,2,0.88720703125,0.1102294921875,0.330322265625,0.23321533203125,0.4473470449447632
833,2,0.71728515625,0.59893798828125,0.3374837040901184,0.6522979736328125,0.4022826552391052
833,2,0.62890625,0.36798095703125,0.28887939453125,0.4476318359375,0.3732503652572632
833,2,0.53125,0.00030517578125,0.3194580078125,0.137451171875,0.4180908203125
834,2,0.91162109375,0.46002197265625,0.3360188603401184,0.62835693359375,0.5204264521598816
834,2,0.8974609375,0.75,0.3519694209098816,0.99810791015625,0.579833984375
834,2,0.89111328125,0.09405517578125,0.3299560546875,0.2479248046875,0.4527994394302368
834,2,0.8896484375,0.21539306640625,0.3291829228401184,0.40087890625,0.4624430537223816
834,2,0.68994140625,0.361968994140625,0.2863362431526184,0.44183349609375,0.3745524287223816
834,2,0.68701171875,0.5999755859375,0.337646484375,0.65130615234375,0.40081787109375
834,2,0.5947265625,-0.000274658203125,0.3234456479549408,0.099517822265625,0.4066976010799408
835,2,0.91357421875,0.244140625,0.320556640625,0.41265869140625,0.4591064453125
835,2,0.91259765625,0.0762939453125,0.32275390625,0.2515869140625,0.4486897587776184
835,2,0.9013671875,0.45672607421875,0.33154296875,0.6331787109375,0.52197265625
835,2,0.89453125,0.74176025390625,0.3468424677848816,0.99462890625,0.56884765625
835,2,0.6943359375,0.36456298828125,0.2827555537223816,0.439056396484375,0.3720703721046448
835,2,0.6611328125,0.601593017578125,0.3335164189338684,0.65234375,0.3930663466453552
836,2,0.93115234375,0.4561767578125,0.336669921875,0.63287353515625,0.5259602665901184
836,2,0.9140625,0.05023193359375,0.3286539614200592,0.25054931640625,0.4582926332950592
836,2,0.90625,0.7325439453125,0.3505045771598816,0.9969482421875,0.5550537109375
836,2,0.888671875,0.26763916015625,0.3285726010799408,0.42205810546875,0.4490559995174408
836,2,0.72216796875,0.358917236328125,0.2851765751838684,0.439361572265625,0.3778075575828552
836,2,0.70947265625,0.2265625,0.3126627802848816,0.32421875,0.4118245244026184
836,2,0.6884765625,0.598114013671875,0.3251749873161316,0.6524505615234375,0.4021809697151184
836,2,0.5107421875,-0.000396728515625,0.3223063051700592,0.063323974609375,0.3809000551700592
837,2,0.9248046875,0.28955078125,0.3248698115348816,0.4354248046875,0.4528401494026184
837,2,0.9208984375,0.02569580078125,0.3240152895450592,0.232666015625,0.4623209536075592
837,2,0.91845703125,0.724365234375,0.3435872793197632,0.995849609375,0.5515950918197632
837,2,0.8984375,0.45703125,0.3323567509651184,0.64093017578125,0.524169921875
837,2,0.65869140625,0.213470458984375,0.3092041015625,0.30810546875,0.4114583730697632
837,2,0.5859375,0.35638427734375,0.2815144658088684,0.4344482421875,0.3630167841911316
837,2,0.57763671875,0.6053619384765625,0.3341267704963684,0.6537933349609375,0.3930460810661316
837,2,0.5107421875,-0.000335693359375,0.3124593198299408,0.04486083984375,0.4294026792049408
838,2,0.91748046875,-0.0001220703125,0.3180745542049408,0.2183837890625,0.4657796323299408
838,2,0.90869140625,0.4622802734375,0.3236491084098816,0.64324951171875,0.5201416015625
838,2,0.90478515625,0.7178955078125,0.3368327021598816,0.97149658203125,0.532958984375
838,2,0.8525390625,0.310791015625,0.3138020634651184,0.44049072265625,0.439453125
838,2,0.57275390625,0.954833984375,0.3622232675552368,0.9996337890625,0.5482584238052368
838,2,0.53466796875,0.60955810546875,0.3330281376838684,0.652496337890625,0.3880004286766052
839,2,0.9140625,0.46234130859375,0.3232421875,0.64532470703125,0.52001953125
839,2,0.9140625,0.70831298828125,0.3324381113052368,0.943359375,0.5000406503677368
839,2,0.8818359375,6.103515625e-05,0.31689453125,0.19647216796875,0.4761555790901184
839,2,0.84326171875,0.16845703125,0.3033854067325592,0.31549072265625,0.4132486879825592
839,2,0.7890625,0.939239501953125,0.3524577021598816,0.99993896484375,0.4932454228401184
839,2,0.7119140625,0.32586669921875,0.3011881709098816,0.448944091796875,0.4295247197151184
840,2,0.9052734375,0.69879150390625,0.3194987177848816,0.923583984375,0.4954833984375
840,2,0.90478515625,0.46417236328125,0.3145344853401184,0.6513671875,0.5145263671875
840,2,0.87451171875,-0.0001220703125,0.3090006709098816,0.17523193359375,0.4832356572151184
840,2,0.7890625,0.926177978515625,0.3460286259651184,0.999237060546875,0.4854736328125
840,2,0.767578125,0.121826171875,0.2963053584098816,0.310546875,0.4160156846046448
840,2,0.69287109375,0.336151123046875,0.3120524287223816,0.454986572265625,0.4132893681526184
840,2,0.50830078125,0.282073974609375,0.3043619990348816,0.35894775390625,0.3789876103401184
841,2,0.92578125,0.6893310546875,0.318603515625,0.89361572265625,0.4857584834098816
841,2,0.9013671875,0.46337890625,0.3098958730697632,0.6533203125,0.5110677480697632
841,2,0.87353515625,0.0,0.306884765625,0.13970947265625,0.4999186396598816
841,2,0.853515625,0.91015625,0.3097330927848816,0.99871826171875,0.46240234375
841,2,0.7998046875,0.115478515625,0.2930501103401184,0.2855224609375,0.4215494990348816
841,2,0.69775390625,0.3489990234375,0.3155110478401184,0.456512451171875,0.4112548232078552
841,2,0.505859375,0.2978973388671875,0.314697265625,0.357696533203125,0.38031005859375
842,2,0.92431640625,0.6820068359375,0.328369140625,0.87548828125,0.4903157353401184
842,2,0.91259765625,0.46209716796875,0.3221028447151184,0.6552734375,0.5283203125
842,2,0.86279296875,0.89605712890625,0.3225504755973816,0.999176025390625,0.4740803837776184
842,2,0.7373046875,0.3564453125,0.3218587040901184,0.4622802734375,0.4199218153953552
842,2,0.71337890625,0.0003662109375,0.3186849355697632,0.1014404296875,0.5064290761947632
842,2,0.67236328125,0.28759765625,0.3265787661075592,0.351287841796875,0.3957926332950592
842,2,0.64501953125,0.0748291015625,0.306396484375,0.259765625,0.4424235224723816
842,2,0.55908203125,0.239715576171875,0.3223063349723816,0.29132080078125,0.3965657353401184
842,2,0.5126953125,0.329986572265625,0.272705078125,0.424224853515625,0.3528238534927368
842,2,0.5068359375,0.1793212890625,0.3073323369026184,0.261566162109375,0.3790690302848816
843,2,0.92578125,0.67279052734375,0.3319091796875,0.852294921875,0.4852702021598816
843,2,0.9140625,0.45965576171875,0.3247883915901184,0.65740966796875,0.5338541865348816
843,2,0.796875,0.044189453125,0.3048502802848816,0.2440185546875,0.4556884765625
843,2,0.78369140625,0.2744903564453125,0.33184814453125,0.358123779296875,0.40087890625
843,2,0.77587890625,0.365142822265625,0.3290201723575592,0.46392822265625,0.4183146059513092
843,2,0.7001953125,0.82696533203125,0.3520100712776184,0.907135009765625,0.4071654677391052
843,2,0.68115234375,0.8839111328125,0.346435546875,0.998260498046875,0.4878336787223816
843,2,0.6044921875,0.149658203125,0.30859375,0.281280517578125,0.408203125
843,2,0.5732421875,-0.000213623046875,0.369873046875,0.051788330078125,0.5164794921875
843,2,0.517578125,0.3211669921875,0.2732340693473816,0.43701171875,0.3590698838233948
844,2,0.9072265625,0.87603759765625,0.3189697265625,0.999908447265625,0.4701741337776184
844,2,0.90283203125,0.66729736328125,0.328857421875,0.8399658203125,0.4702962040901184
844,2,0.88427734375,0.4573974609375,0.3162434697151184,0.6590576171875,0.52294921875
844,2,0.84130859375,-0.00042724609375,0.2979329228401184,0.21728515625,0.4626871943473816
844,2,0.77001953125,0.3721923828125,0.3267415165901184,0.461181640625,0.4101969599723816
844,2,0.76953125,0.259490966796875,0.3232015073299408,0.350921630859375,0.3981526792049408
844,2,0.62255859375,0.1080322265625,0.2936604619026184,0.21771240234375,0.3880614638328552
844,2,0.59375,0.832733154296875,0.3426106870174408,0.900054931640625,0.4034627377986908
844,2,0.5625,0.31201171875,0.2646891474723816,0.43341064453125,0.3868408799171448
845,2,0.89501953125,0.461669921875,0.3271484375,0.660888671875,0.5357258915901184
845,2,0.89453125,0.0001220703125,0.3043619990348816,0.19580078125,0.4939778447151184
845,2,0.83544921875,0.87042236328125,0.3360595703125,1.000030517578125,0.4856770634651184
845,2,0.83251953125,0.2415771484375,0.3373209834098816,0.34136962890625,0.4214680790901184
845,2,0.7783203125,0.37994384765625,0.3388671875,0.46990966796875,0.4212239980697632
845,2,0.748046875,0.67669677734375,0.3427734375,0.82098388671875,0.4789631962776184
845,2,0.7001953125,0.832244873046875,0.3521321415901184,0.8949737548828125,0.4253336787223816
845,2,0.63525390625,0.30401611328125,0.27587890625,0.429229736328125,0.4022216796875
846,2,0.88671875,0.45892333984375,0.3343912959098816,0.66156005859375,0.53369140625
846,2,0.88427734375,0.85406494140625,0.3399251401424408,0.9989013671875,0.4772542417049408
846,2,0.88134765625,-0.0001220703125,0.3055826425552368,0.16790771484375,0.5062662363052368
846,2,0.876953125,0.64453125,0.3427734375,0.7987060546875,0.4734293818473816
846,2,0.8505859375,0.223480224609375,0.339599609375,0.33319091796875,0.4260660409927368
846,2,0.83984375,0.38433837890625,0.3428955078125,0.46710205078125,0.4211832284927368
846,2,0.60400390625,0.099884033203125,0.3286539912223816,0.182647705078125,0.4024048447608948
846,2,0.5927734375,0.7696533203125,0.3539021611213684,0.83428955078125,0.4217326045036316
846,2,0.51806640625,0.445587158203125,0.2834065854549408,0.5089111328125,0.3249104917049408
847,2,0.89892578125,0.8433837890625,0.341064453125,0.99847412109375,0.4777018427848816
847,2,0.88037109375,0.458251953125,0.33837890625,0.66424560546875,0.5372721552848816
847,2,0.85986328125,0.000213623046875,0.3028970956802368,0.120849609375,0.5045572519302368
847,2,0.83740234375,0.6712646484375,0.3461506962776184,0.786468505859375,0.4665526747703552
847,2,0.74462890625,0.199737548828125,0.3365885615348816,0.318145751953125,0.4276936650276184
847,2,0.72900390625,0.391021728515625,0.3423258662223816,0.469879150390625,0.4200032353401184
847,2,0.669921875,0.271484375,0.2716878056526184,0.41802978515625,0.4094645380973816
847,2,0.64892578125,0.78350830078125,0.3570353388786316,0.844329833984375,0.4179688096046448
847,2,0.60498046875,0.04730224609375,0.3262939453125,0.134490966796875,0.4085286855697632
847,2,0.51220703125,0.44287109375,0.28265380859375,0.5063018798828125,0.3226522207260132
847,2,0.50390625,0.148834228515625,0.3387247920036316,0.20599365234375,0.4018147587776184
848,2,0.91162109375,0.841796875,0.341064453125,0.99627685546875,0.4733073115348816
848,2,0.8896484375,0.456298828125,0.3357747197151184,0.66485595703125,0.550048828125
848,2,0.8193359375,0.17529296875,0.3399658203125,0.307861328125,0.4383951425552368
848,2,0.74072265625,0.394775390625,0.3453165590763092,0.4742584228515625,0.4233805239200592
848,2,0.68798828125,0.6563720703125,0.345947265625,0.7694091796875,0.4615072011947632
848,5,0.6806640625,0.2655029296875,0.2695719301700592,0.41351318359375,0.4149576723575592
848,2,0.6630859375,0.76605224609375,0.3518880009651184,0.862884521484375,0.4177245497703552
848,2,0.64990234375,0.000885009765625,0.3264973759651184,0.0751800537109375,0.4160563349723816
848,2,0.5634765625,-0.0001220703125,0.3289388418197632,0.067230224609375,0.77490234375
848,2,0.52099609375,0.11077880859375,0.32464599609375,0.22021484375,0.4462890625
849,2,0.9091796875,0.455322265625,0.3365071415901184,0.665283203125,0.5558268427848816
849,2,0.87353515625,0.83258056640625,0.3448893129825592,0.99713134765625,0.4704996645450592
849,2,0.8447265625,0.142578125,0.3409423828125,0.28985595703125,0.4413655996322632
849,2,0.84228515625,0.651611328125,0.3441162109375,0.7589111328125,0.458984375
849,2,0.7724609375,-0.0006103515625,0.3404947817325592,0.1571044921875,0.7620443105697632
849,2,0.64892578125,0.39874267578125,0.343994140625,0.4765625,0.4217733144760132
849,5,0.5322265625,0.25262451171875,0.2662760615348816,0.4095458984375,0.4165852665901184
849,2,0.52587890625,0.0616455078125,0.3328450322151184,0.164459228515625,0.4490153193473816
849,2,0.5185546875,0.76885986328125,0.349609375,0.864776611328125,0.4168294668197632
850,2,0.9150390625,0.452392578125,0.3391926884651184,0.66558837890625,0.5625
850,2,0.888671875,0.0,0.3291015625,0.21710205078125,0.7581380605697632
850,5,0.85595703125,0.23809814453125,0.262939453125,0.4051513671875,0.4228515625
850,2,0.83056640625,0.114990234375,0.3399251103401184,0.27001953125,0.4510497450828552
850,2,0.8212890625,0.6549072265625,0.3463134765625,0.7479248046875,0.4579671621322632
850,2,0.818359375,0.82257080078125,0.3482258915901184,0.99755859375,0.4838053584098816
850,2,0.669921875,0.400970458984375,0.34576416015625,0.479949951171875,0.42462158203125
850,2,0.5322265625,0.7723541259765625,0.3658854365348816,0.831207275390625,0.4193726181983948
851,2,0.91357421875,0.0,0.3277180790901184,0.2666015625,0.6652017831802368
851,2,0.86474609375,0.450439453125,0.32763671875,0.665771484375,0.5540364384651184
851,5,0.8525390625,0.21514892578125,0.2501627802848816,0.39788818359375,0.4185791015625
851,2,0.80615234375,0.81243896484375,0.3396809697151184,0.99786376953125,0.4640299677848816
851,2,0.79736328125,0.64190673828125,0.3417561650276184,0.7396240234375,0.4436442255973816
851,2,0.67236328125,0.406463623046875,0.3388468623161316,0.4752197265625,0.4033203721046448
851,2,0.60107421875,0.954071044921875,0.3655598759651184,0.99969482421875,0.6873372197151184
852,2,0.91259765625,-6.103515625e-05,0.326904296875,0.2977294921875,0.6180826425552368
852,2,0.88037109375,0.44775390625,0.332275390625,0.6650390625,0.5574544072151184
852,2,0.80908203125,0.408538818359375,0.3405965268611908,0.4738311767578125,0.4066976010799408
852,5,0.80322265625,0.19830322265625,0.2474772185087204,0.38720703125,0.4242756962776184
852,2,0.7900390625,0.63525390625,0.341552734375,0.7310028076171875,0.44091796875
852,2,0.78125,0.79058837890625,0.3388265073299408,0.98443603515625,0.4622395932674408
852,2,0.732421875,0.916351318359375,0.3896484375,0.998443603515625,0.6597493886947632
852,2,0.50244140625,0.4710235595703125,0.2811686396598816,0.5074615478515625,0.3095296025276184
853,2,0.8896484375,0.44427490234375,0.3269857168197632,0.66387939453125,0.5596517324447632
853,2,0.853515625,0.79412841796875,0.3377278447151184,0.95330810546875,0.46484375
853,2,0.83251953125,0.8809814453125,0.3414713740348816,0.99609375,0.633056640625
853,2,0.7685546875,0.0009765625,0.3286947011947632,0.3258056640625,0.5557454824447632
853,2,0.7607421875,0.6270751953125,0.3412679135799408,0.7216796875,0.4372151792049408
853,2,0.73876953125,0.408966064453125,0.3388875126838684,0.4707794189453125,0.4065348505973816
853,5,0.7158203125,0.177001953125,0.240234375,0.376953125,0.4173176884651184
854,2,0.88427734375,0.44219970703125,0.3277180790901184,0.66265869140625,0.5548095703125
854,2,0.876953125,0.000152587890625,0.3209635615348816,0.134765625,0.48828125
854,2,0.853515625,0.7874755859375,0.3350830078125,0.92510986328125,0.4624837040901184
854,2,0.84912109375,0.0445556640625,0.3213704824447632,0.347900390625,0.5523275136947632
854,2,0.84130859375,0.84930419921875,0.3048502206802368,0.9984130859375,0.6168619394302368
854,2,0.78515625,0.630035400390625,0.3366292119026184,0.716033935546875,0.4296874403953552
854,2,0.71728515625,0.411651611328125,0.3351643681526184,0.4756011962890625,0.4069010615348816
854,7,0.5888671875,0.1552734375,0.2292073667049408,0.36968994140625,0.3994954526424408
855,2,0.8935546875,0.000152587890625,0.3297932744026184,0.12493896484375,0.4979655146598816
855,2,0.87841796875,0.105224609375,0.3260091543197632,0.36474609375,0.5227864980697632
855,2,0.79931640625,0.621826171875,0.3426920771598816,0.708099365234375,0.4315186142921448
855,2,0.77978515625,0.438720703125,0.332763671875,0.65899658203125,0.5579426884651184
855,2,0.75927734375,0.777252197265625,0.3385416865348816,0.891357421875,0.4558919072151184
855,2,0.71826171875,0.4145355224609375,0.3382568359375,0.4760589599609375,0.4056192636489868
855,2,0.69970703125,0.8221435546875,0.3068034052848816,0.999114990234375,0.6572265625
855,5,0.583984375,0.1192626953125,0.2239990234375,0.3656005859375,0.3814290165901184
855,2,0.5537109375,0.3618927001953125,0.3070271611213684,0.3991851806640625,0.3361613154411316
856,2,0.8505859375,0.15380859375,0.3309733271598816,0.37799072265625,0.5115966796875
856,2,0.80908203125,0.7896728515625,0.3212890625,0.99951171875,0.638916015625
856,2,0.80615234375,0.000274658203125,0.339599609375,0.104888916015625,0.5037434697151184
856,2,0.74267578125,0.4155120849609375,0.3449503779411316,0.483978271484375,0.4112141728401184
856,2,0.740234375,0.623931884765625,0.3466389775276184,0.703704833984375,0.4362589716911316
856,2,0.732421875,0.43896484375,0.3994140625,0.65753173828125,0.5620930790901184
856,5,0.69873046875,0.09521484375,0.2228596955537796,0.3724365234375,0.4410807490348816
856,2,0.56005859375,0.45526123046875,0.3397216796875,0.62750244140625,0.4221597909927368
856,2,0.5263671875,0.3489837646484375,0.3161824345588684,0.390594482421875,0.3483886122703552
857,2,0.91357421875,0.191650390625,0.33349609375,0.390869140625,0.4901123046875
857,2,0.8583984375,0.76025390625,0.322998046875,0.998046875,0.5953775644302368
857,2,0.775390625,0.621246337890625,0.34771728515625,0.69549560546875,0.4324951171875
857,2,0.767578125,0.436767578125,0.3958333730697632,0.65179443359375,0.5642904043197632
857,5,0.74267578125,0.0533447265625,0.2080891728401184,0.3431396484375,0.44677734375
857,2,0.7119140625,-3.0517578125e-05,0.334716796875,0.05889892578125,0.5074055790901184
857,2,0.63037109375,0.413238525390625,0.3390706181526184,0.478668212890625,0.4064127802848816
857,2,0.53857421875,0.4576416015625,0.337158203125,0.618408203125,0.4288736581802368
858,2,0.916015625,0.22686767578125,0.3343098759651184,0.404296875,0.4775390625
858,2,0.890625,0.7547607421875,0.32373046875,0.9967041015625,0.5753580331802368
858,2,0.79150390625,0.622406005859375,0.3452962040901184,0.69122314453125,0.4288737177848816
858,5,0.77001953125,0.006591796875,0.1993815302848816,0.3385009765625,0.4563801884651184
858,2,0.64990234375,0.4375,0.3951822519302368,0.64910888671875,0.5591226816177368
858,2,0.57568359375,0.4189453125,0.3354288935661316,0.4697418212890625,0.3994751572608948
858,2,0.51171875,0.45404052734375,0.3355712890625,0.62274169921875,0.4283040761947632
859,2,0.90869140625,0.7376708984375,0.3246256113052368,0.995849609375,0.5575357675552368
859,5,0.88720703125,0.0003662109375,0.1800944209098816,0.326904296875,0.4637044072151184
859,2,0.83544921875,0.253662109375,0.3341064453125,0.41571044921875,0.4601237177848816
859,2,0.75927734375,0.617218017578125,0.341796875,0.6896820068359375,0.4167276620864868
859,2,0.67919921875,0.4356689453125,0.3658040165901184,0.64410400390625,0.5618082880973816
859,2,0.56787109375,0.41998291015625,0.3309733271598816,0.474334716796875,0.3972371220588684
860,2,0.90234375,0.72705078125,0.324951171875,0.9912109375,0.5568034052848816
860,5,0.8505859375,0.000244140625,0.1637369692325592,0.30322265625,0.4638671576976776
860,2,0.84228515625,0.2786865234375,0.3343912959098816,0.42449951171875,0.4533284306526184
860,2,0.79248046875,0.4345703125,0.3390299677848816,0.642822265625,0.5599365234375
860,2,0.72900390625,0.61370849609375,0.3405354917049408,0.688568115234375,0.4175008237361908
860,2,0.57470703125,0.4246063232421875,0.3280232846736908,0.4808349609375,0.3989461362361908
861,2,0.90283203125,0.7178955078125,0.3339030146598816,0.9559326171875,0.547607421875
861,2,0.8984375,0.2955322265625,0.3389078676700592,0.42938232421875,0.4498697817325592
861,2,0.72314453125,0.615631103515625,0.3404133915901184,0.68487548828125,0.4141234755516052
861,2,0.6904296875,0.437255859375,0.33837890625,0.6422119140625,0.562255859375
861,5,0.59033203125,0.0003662109375,0.1482747495174408,0.302490234375,0.4904785454273224
861,2,0.5703125,0.4288787841796875,0.3302815854549408,0.483489990234375,0.3925374448299408
862,2,0.9208984375,0.7073974609375,0.3330078125,0.9283447265625,0.531494140625
862,5,0.85693359375,0.0,0.12093101441860199,0.2835693359375,0.5179036855697632
862,2,0.76416015625,0.31170654296875,0.3350830078125,0.43560791015625,0.4388834238052368
862,2,0.7294921875,0.43743896484375,0.3382161855697632,0.64166259765625,0.5584310293197632
862,2,0.65869140625,0.618133544921875,0.33673095703125,0.686065673828125,0.4086099863052368
862,2,0.65283203125,0.9154052734375,0.3640950322151184,0.9990234375,0.4570311903953552
862,2,0.50927734375,0.4006195068359375,0.2785440981388092,0.4409942626953125,0.3107096254825592
862,2,0.5029296875,0.5507049560546875,0.3104044497013092,0.5910797119140625,0.3397623598575592
863,2,0.91259765625,0.70013427734375,0.3216959238052368,0.9046630859375,0.5137125253677368
863,5,0.88134765625,-0.0001220703125,0.10611976683139801,0.256103515625,0.5167642831802368
863,2,0.7939453125,0.439453125,0.3194172978401184,0.641845703125,0.5497233271598816
863,2,0.728515625,0.618499755859375,0.3270263671875,0.6871490478515625,0.4026285409927368
863,2,0.68701171875,0.32635498046875,0.3313801884651184,0.4432373046875,0.4344889521598816
863,2,0.6865234375,0.9254150390625,0.3582356572151184,0.9996337890625,0.4591063857078552
863,2,0.5615234375,0.3050994873046875,0.2791748046875,0.3458709716796875,0.3140869140625
863,2,0.54833984375,0.39031982421875,0.27606201171875,0.433013916015625,0.313720703125
864,5,0.87841796875,0.0,0.1173502504825592,0.23388671875,0.5234375
864,2,0.86572265625,0.69403076171875,0.3334146738052368,0.8856201171875,0.5089517831802368
864,2,0.75537109375,0.622406005859375,0.3312581479549408,0.6848297119140625,0.3988851010799408
864,2,0.6962890625,0.3363037109375,0.3352457582950592,0.4515380859375,0.4285074770450592
864,2,0.61767578125,0.288787841796875,0.2870280146598816,0.338348388671875,0.3205769658088684
864,2,0.61767578125,0.946258544921875,0.3638509213924408,0.99957275390625,0.4602864682674408
865,2,0.9072265625,0.685302734375,0.3289388120174408,0.8665771484375,0.4951985776424408
865,2,0.75390625,0.447265625,0.3270670771598816,0.64251708984375,0.5406087040901184
865,2,0.7255859375,0.27435302734375,0.2813517451286316,0.3240814208984375,0.3163045048713684
865,2,0.7138671875,0.623626708984375,0.32305908203125,0.6864776611328125,0.3924356698989868
865,2,0.666015625,0.349212646484375,0.3311767578125,0.455322265625,0.423828125
865,2,0.6142578125,0.204498291015625,0.2917887270450592,0.256011962890625,0.3212687075138092
865,2,0.60302734375,0.3696136474609375,0.27996826171875,0.4085845947265625,0.31549072265625
865,5,0.50390625,-6.103515625e-05,0.09456378221511841,0.2186279296875,0.4996744990348816
866,2,0.91162109375,0.680908203125,0.3274332880973816,0.8487548828125,0.4832356572151184
866,2,0.84130859375,0.4501953125,0.3252766728401184,0.64501953125,0.5361328125
866,2,0.66015625,0.625762939453125,0.3061320185661316,0.6884307861328125,0.3831990361213684
866,2,0.64599609375,0.18572998046875,0.2905680537223816,0.2420501708984375,0.3198242783546448
866,2,0.64501953125,0.2602081298828125,0.27874755859375,0.3093414306640625,0.31500244140625
866,2,0.576171875,0.36065673828125,0.3218180537223816,0.476531982421875,0.4091797471046448
866,2,0.564453125,0.344879150390625,0.2784220576286316,0.3979644775390625,0.3151856064796448
867,2,0.88037109375,0.6763916015625,0.3293049931526184,0.83355712890625,0.4828287959098816
867,2,0.78271484375,0.452392578125,0.3260904550552368,0.6427001953125,0.5394693613052368
867,2,0.73193359375,0.2428436279296875,0.2808430790901184,0.2948760986328125,0.3195189833641052
867,2,0.66796875,0.37225341796875,0.3313395380973816,0.462493896484375,0.4065144658088684
867,2,0.64794921875,0.3164520263671875,0.27593994140625,0.380584716796875,0.3214111328125
867,2,0.53271484375,0.62994384765625,0.3122151494026184,0.6887664794921875,0.3830973505973816
868,2,0.74853515625,0.674468994140625,0.3375651240348816,0.8204345703125,0.4706624150276184
868,2,0.73779296875,0.299652099609375,0.2756144404411316,0.361968994140625,0.3285115361213684
868,2,0.6748046875,0.224365234375,0.2833455204963684,0.2802581787109375,0.3231810927391052
868,2,0.65478515625,0.13043212890625,0.2936197817325592,0.2009429931640625,0.3283487856388092
868,2,0.6064453125,0.4547119140625,0.338623046875,0.641143798828125,0.536865234375
868,2,0.583984375,0.378814697265625,0.3255411982536316,0.477081298828125,0.4052734971046448
868,2,0.533203125,0.760986328125,0.3212483823299408,0.82275390625,0.4045003354549408
868,2,0.51953125,0.393463134765625,0.2578328549861908,0.4320068359375,0.2943929135799408
869,2,0.775390625,0.66583251953125,0.3328857421875,0.81121826171875,0.4685465693473816
869,2,0.75634765625,-0.000152587890625,0.3089192509651184,0.13055419921875,0.7190755009651184
869,2,0.75146484375,0.20361328125,0.2788289189338684,0.260986328125,0.3209025263786316
869,2,0.7080078125,0.274749755859375,0.2690632939338684,0.34228515625,0.3308512568473816
869,2,0.626953125,0.763153076171875,0.3178914487361908,0.8245086669921875,0.4019368588924408
869,5,0.59765625,0.45556640625,0.3395181894302368,0.641357421875,0.5387369394302368
869,2,0.58203125,0.383331298828125,0.2589518129825592,0.4223785400390625,0.2923990786075592
869,2,0.57763671875,0.39007568359375,0.31256103515625,0.483856201171875,0.3959554433822632
869,2,0.57421875,0.00079345703125,0.2640380859375,0.093414306640625,0.3455810546875
869,2,0.55908203125,0.10699462890625,0.28961181640625,0.18017578125,0.3271890878677368
869,2,0.52294921875,0.636322021484375,0.3144734501838684,0.6888580322265625,0.3727213740348816
870,2,0.861328125,0.66156005859375,0.3311767578125,0.795257568359375,0.4605712890625
870,2,0.83544921875,0.45806884765625,0.338134765625,0.642822265625,0.5388997197151184
870,2,0.822265625,0.0,0.29150390625,0.177001953125,0.7145181894302368
870,2,0.75830078125,0.7613525390625,0.31231689453125,0.82159423828125,0.4003092050552368
870,2,0.70703125,0.92266845703125,0.3419596552848816,0.99981689453125,0.7142741084098816
870,2,0.70068359375,0.242095947265625,0.2712809443473816,0.318756103515625,0.3364461064338684
870,2,0.66796875,0.17864990234375,0.2838338315486908,0.246002197265625,0.3270467221736908
870,2,0.6103515625,0.396728515625,0.310546875,0.486480712890625,0.39453125
870,2,0.59765625,0.3681182861328125,0.2611897885799408,0.4149627685546875,0.2960408627986908
870,2,0.52587890625,0.6390838623046875,0.2894694209098816,0.6889495849609375,0.3620198369026184
870,2,0.50634765625,0.5745391845703125,0.2988688051700592,0.6209564208984375,0.3443399965763092
870,2,0.50341796875,0.4806976318359375,0.2967936098575592,0.53143310546875,0.3370157778263092
871,2,0.8828125,0.458984375,0.337158203125,0.641845703125,0.53662109375
871,2,0.83251953125,0.0,0.297607421875,0.20831298828125,0.7127279043197632
871,2,0.8310546875,0.88189697265625,0.3561197817325592,0.998931884765625,0.6756185293197632
871,2,0.81640625,0.66412353515625,0.330322265625,0.787811279296875,0.4561767578125
871,2,0.75390625,0.201141357421875,0.2809651494026184,0.291015625,0.3455809950828552
871,2,0.7138671875,0.76251220703125,0.31201171875,0.820556640625,0.3910318613052368
871,2,0.6787109375,0.40289306640625,0.3137410581111908,0.48486328125,0.3844197690486908
871,2,0.619140625,0.355194091796875,0.2631022036075592,0.40277099609375,0.2970377504825592
871,2,0.59228515625,0.5782470703125,0.29718017578125,0.6216888427734375,0.3420003652572632
871,2,0.546875,0.154022216796875,0.2803548276424408,0.217315673828125,0.3273518979549408
872,2,0.90283203125,0.0001220703125,0.2861328125,0.2396240234375,0.7071939706802368
872,2,0.892578125,0.462158203125,0.3326823115348816,0.6429443359375,0.5301106572151184
872,2,0.87841796875,0.66290283203125,0.323486328125,0.780914306640625,0.4438070058822632
872,2,0.79931640625,0.84912109375,0.3046875,0.9984130859375,0.6597493886947632
872,2,0.76513671875,0.759521484375,0.3070068359375,0.822021484375,0.3841348886489868
872,2,0.740234375,0.1258544921875,0.2740478515625,0.250335693359375,0.3497314453125
872,2,0.66015625,0.345062255859375,0.2576904296875,0.398712158203125,0.2967325448989868
872,2,0.63525390625,0.411651611328125,0.3043416142463684,0.49444580078125,0.3812865614891052
873,2,0.9072265625,6.103515625e-05,0.2879231572151184,0.2559814453125,0.6808267831802368
873,2,0.88818359375,0.462158203125,0.3309732675552368,0.6412353515625,0.5260416269302368
873,2,0.86474609375,0.8209228515625,0.2853190302848816,0.99932861328125,0.7233073115348816
873,2,0.84716796875,0.663299560546875,0.3160807490348816,0.776123046875,0.4336751103401184
873,2,0.73681640625,0.418975830078125,0.2979329228401184,0.499725341796875,0.3730468153953552
873,2,0.7119140625,0.75323486328125,0.3022257685661316,0.821258544921875,0.3753865361213684
873,2,0.69921875,0.206390380859375,0.2674763798713684,0.2733001708984375,0.3217162489891052
873,2,0.677734375,0.32574462890625,0.25653076171875,0.3858642578125,0.2972208261489868
873,2,0.51953125,0.103546142578125,0.27392578125,0.211944580078125,0.3432413339614868
874,2,0.93505859375,0.0001220703125,0.2858073115348816,0.2763671875,0.6375325918197632
874,2,0.921875,0.80645751953125,0.27587890625,0.99847412109375,0.68994140625
874,2,0.9140625,0.4635009765625,0.318603515625,0.6424560546875,0.523681640625
874,2,0.8125,0.668060302734375,0.3101399540901184,0.77374267578125,0.4244384169578552
874,2,0.7529296875,0.756072998046875,0.294677734375,0.82122802734375,0.3687540292739868
874,2,0.7138671875,0.425140380859375,0.288330078125,0.50274658203125,0.3636474609375
874,2,0.64306640625,0.179229736328125,0.2705281376838684,0.248992919921875,0.3246256709098816
874,2,0.60888671875,0.31854248046875,0.2535197138786316,0.37298583984375,0.2982178330421448
875,2,0.92431640625,0.78875732421875,0.2799478769302368,0.9993896484375,0.6622720956802368
875,2,0.9072265625,0.00048828125,0.2969563603401184,0.2911376953125,0.6090494394302368
875,2,0.90478515625,0.46331787109375,0.3147786259651184,0.642822265625,0.5189208984375
875,2,0.81982421875,0.666229248046875,0.3026123046875,0.7733154296875,0.4156087636947632
875,2,0.73193359375,0.753265380859375,0.2900390625,0.82025146484375,0.3639119863510132
875,2,0.69384765625,0.431488037109375,0.2816975712776184,0.5040740966796875,0.3635661005973816
875,2,0.63623046875,0.2969970703125,0.2552897334098816,0.35833740234375,0.2983601689338684
875,2,0.60498046875,0.586029052734375,0.2658894956111908,0.6369781494140625,0.3239949643611908
875,2,0.546875,0.152099609375,0.2678425908088684,0.23046875,0.3231608271598816
875,2,0.521484375,0.3969268798828125,0.2457071840763092,0.4309234619140625,0.2809855043888092
876,2,0.9140625,0.4630126953125,0.3094889521598816,0.6427001953125,0.5152587890625
876,2,0.91357421875,0.77587890625,0.2867838144302368,0.9984130859375,0.6153970956802368
876,2,0.8984375,0.0003662109375,0.2765299677848816,0.30908203125,0.5608724355697632
876,2,0.833984375,0.66766357421875,0.2983805239200592,0.769378662109375,0.4022623598575592
876,2,0.7490234375,0.438262939453125,0.2820841670036316,0.511474609375,0.3568726181983948
876,2,0.6767578125,0.753143310546875,0.2855021059513092,0.822265625,0.3651529848575592
876,2,0.53955078125,0.5935821533203125,0.2596231997013092,0.63812255859375,0.3179728090763092
876,2,0.5361328125,0.28253173828125,0.25421142578125,0.34210205078125,0.2994791269302368
876,2,0.51220703125,0.551055908203125,0.2521565854549408,0.638214111328125,0.3199666440486908
877,2,0.91015625,0.0003662109375,0.28955078125,0.322265625,0.556640625
877,2,0.90478515625,0.767578125,0.28515625,0.99810791015625,0.570556640625
877,2,0.890625,0.46240234375,0.3097330927848816,0.64013671875,0.5093994140625
877,2,0.84326171875,0.669677734375,0.2898762822151184,0.767974853515625,0.3956705927848816
877,2,0.65283203125,0.755950927734375,0.28369140625,0.820892333984375,0.3470865488052368
877,2,0.6416015625,0.4454345703125,0.2795817255973816,0.511383056640625,0.3465576767921448
877,2,0.63671875,0.217132568359375,0.2530314326286316,0.326019287109375,0.3063965439796448
877,2,0.55419921875,0.59747314453125,0.258544921875,0.6379852294921875,0.3066610097885132
877,2,0.5263671875,0.3718719482421875,0.2443034052848816,0.417877197265625,0.28033447265625
878,2,0.90234375,0.4632568359375,0.3056640625,0.64154052734375,0.5002848505973816
878,2,0.87744140625,0.0006103515625,0.2920736074447632,0.3336181640625,0.5376790761947632
878,2,0.87158203125,0.759033203125,0.27490234375,0.99847412109375,0.5585123300552368
878,2,0.8359375,0.673095703125,0.2825927734375,0.77099609375,0.3884683847427368
878,2,0.8134765625,0.755889892578125,0.27838134765625,0.8152618408203125,0.354248046875
878,2,0.79150390625,0.44854736328125,0.26715087890625,0.5209808349609375,0.3427530527114868
878,2,0.54833984375,0.555816650390625,0.243896484375,0.638671875,0.30841064453125
878,2,0.51806640625,0.632720947265625,0.2592366337776184,0.698211669921875,0.3325805068016052
879,2,0.89599609375,0.034912109375,0.2779133915901184,0.3465576171875,0.51171875
879,2,0.88427734375,0.46136474609375,0.3045247197151184,0.64202880859375,0.5057780146598816
879,2,0.8828125,0.7529296875,0.273193359375,0.99591064453125,0.5216471552848816
879,2,0.796875,0.67633056640625,0.2851765751838684,0.765594482421875,0.3813883662223816
879,2,0.7197265625,0.45263671875,0.2679036259651184,0.52117919921875,0.3410441279411316
879,2,0.69873046875,0.755279541015625,0.2789509892463684,0.8117523193359375,0.3430785536766052
879,2,0.5947265625,0.5968780517578125,0.2628580629825592,0.637115478515625,0.3017374575138092
879,2,0.54931640625,0.51885986328125,0.2673746943473816,0.565887451171875,0.3079426884651184
879,2,0.517578125,0.6339874267578125,0.257568359375,0.701385498046875,0.3237100839614868
879,2,0.51318359375,0.5574493408203125,0.2411905825138092,0.61334228515625,0.2871907651424408
880,2,0.90771484375,0.45831298828125,0.3046061396598816,0.64141845703125,0.5136311650276184
880,2,0.90478515625,0.749755859375,0.2788899540901184,0.9979248046875,0.51025390625
880,2,0.888671875,0.0650634765625,0.2980143427848816,0.357666015625,0.5069172978401184
880,2,0.77587890625,0.67950439453125,0.2929280400276184,0.769317626953125,0.3893229365348816
880,2,0.65234375,0.5984039306640625,0.2637125849723816,0.6398162841796875,0.3079834580421448
880,2,0.5849609375,-3.0517578125e-05,0.2707926332950592,0.0336456298828125,0.3651529848575592
880,2,0.5625,0.455322265625,0.27349853515625,0.528228759765625,0.3470458984375
880,2,0.52294921875,0.6364593505859375,0.2674153745174408,0.70013427734375,0.3349202573299408
880,2,0.50048828125,0.558868408203125,0.25286865234375,0.6119537353515625,0.3052774667739868
881,2,0.9013671875,0.46197509765625,0.3125814199447632,0.64251708984375,0.5136312246322632
881,2,0.8984375,0.748046875,0.28271484375,0.99871826171875,0.5164387822151184
881,2,0.8896484375,0.0914306640625,0.298828125,0.369873046875,0.5030110478401184
881,2,0.8037109375,0.682220458984375,0.301513671875,0.763916015625,0.3936361074447632
881,2,0.5751953125,0.31982421875,0.2687174379825592,0.388519287109375,0.3155924379825592
881,2,0.56005859375,0.380889892578125,0.2814127802848816,0.43304443359375,0.3183594346046448
881,2,0.50732421875,0.56109619140625,0.2636311948299408,0.6080780029296875,0.3126424252986908
882,2,0.9091796875,0.7457275390625,0.2779133915901184,0.993896484375,0.50634765625
882,2,0.89501953125,0.4630126953125,0.3052571415901184,0.65057373046875,0.5088297724723816
882,2,0.87890625,0.118896484375,0.2911784052848816,0.37835693359375,0.48974609375
882,2,0.822265625,0.683441162109375,0.2980143427848816,0.7623291015625,0.3948567509651184
882,2,0.69140625,0.051971435546875,0.2674153447151184,0.17620849609375,0.3452147841453552
882,2,0.59033203125,0.37127685546875,0.2863362431526184,0.426666259765625,0.3197631239891052
882,2,0.50439453125,0.56231689453125,0.2617594599723816,0.6079559326171875,0.3034058213233948
883,2,0.91943359375,0.745361328125,0.2777506411075592,0.98370361328125,0.4989420473575592
883,2,0.8896484375,0.4677734375,0.3043619990348816,0.65582275390625,0.5052490234375
883,2,0.822265625,0.686187744140625,0.2958984375,0.764801025390625,0.3883870840072632
883,2,0.78955078125,0.0008544921875,0.2674967646598816,0.11981201171875,0.3549397587776184
883,2,0.7509765625,0.1453857421875,0.288818359375,0.39483642578125,0.49609375
883,2,0.56982421875,0.117889404296875,0.2649739384651184,0.190582275390625,0.3279215693473816
883,2,0.5234375,0.3673553466796875,0.2821858525276184,0.42156982421875,0.3250731825828552
884,2,0.90771484375,0.168212890625,0.2764485478401184,0.40460205078125,0.471435546875
884,2,0.89111328125,0.47064208984375,0.2999674677848816,0.66241455078125,0.5003662109375
884,2,0.88037109375,0.7452392578125,0.2716471552848816,0.9735107421875,0.486572265625
884,2,0.82958984375,0.686248779296875,0.2965494990348816,0.76190185546875,0.3801270127296448
884,2,0.65283203125,-6.103515625e-05,0.213623046875,0.067138671875,0.36376953125
884,2,0.56396484375,0.441802978515625,0.2811482846736908,0.485504150390625,0.3191731870174408
884,2,0.556640625,0.659759521484375,0.2861531674861908,0.708709716796875,0.3295491635799408
884,2,0.53125,0.353057861328125,0.2674356997013092,0.4128265380859375,0.3224283754825592
885,2,0.896484375,0.47222900390625,0.287109375,0.6627197265625,0.4847005009651184
885,2,0.88427734375,0.7413330078125,0.2659505307674408,0.95751953125,0.4722493588924408
885,2,0.86474609375,0.18609619140625,0.2735595703125,0.40936279296875,0.4392903447151184
885,2,0.82373046875,0.685943603515625,0.287353515625,0.764068603515625,0.3743082284927368
885,2,0.583984375,0.1014404296875,0.2733561396598816,0.172332763671875,0.3205769658088684
885,2,0.58056640625,0.429107666015625,0.2741902470588684,0.483856201171875,0.3198649287223816
886,2,0.9208984375,0.47784423828125,0.301025390625,0.6715087890625,0.5015869140625
886,2,0.9013671875,0.740966796875,0.280029296875,0.94677734375,0.4727783203125
886,2,0.86328125,0.20391845703125,0.2908935546875,0.4180908203125,0.4506022334098816
886,2,0.79541015625,0.68646240234375,0.3059285283088684,0.76531982421875,0.3900553584098816
886,2,0.56884765625,0.13714599609375,0.2931925654411316,0.23699951171875,0.3558350205421448
886,2,0.56689453125,0.423004150390625,0.2847086489200592,0.4711761474609375,0.3363443911075592
886,2,0.50927734375,0.628082275390625,0.27850341796875,0.701629638671875,0.3590902090072632
887,2,0.92431640625,0.21466064453125,0.330078125,0.4219970703125,0.4971923828125
887,2,0.90478515625,0.47332763671875,0.3430989384651184,0.66888427734375,0.5422770380973816
887,2,0.8662109375,0.7327880859375,0.3243814706802368,0.93048095703125,0.5132242441177368
887,2,0.7685546875,0.681243896484375,0.3451334834098816,0.7572784423828125,0.4289551377296448
887,2,0.5830078125,0.06011962890625,0.333740234375,0.183349609375,0.4074300527572632
887,2,0.54833984375,0.410675048828125,0.3304850161075592,0.459442138671875,0.3834024965763092
888,2,0.92236328125,0.2236328125,0.329345703125,0.4256591796875,0.4938151240348816
888,2,0.90625,0.46990966796875,0.3439127802848816,0.666748046875,0.5553792119026184
888,2,0.89208984375,0.72308349609375,0.3299153447151184,0.9136962890625,0.5077311396598816
888,2,0.822265625,0.67315673828125,0.34539794921875,0.746795654296875,0.4256591796875
888,2,0.728515625,9.1552734375e-05,0.32470703125,0.12261962890625,0.4200439453125
888,2,0.53857421875,0.08917236328125,0.3241780400276184,0.199249267578125,0.3883463740348816
888,2,0.52099609375,0.54998779296875,0.3137614130973816,0.5903778076171875,0.3529053330421448
888,2,0.515625,0.636383056640625,0.3354085087776184,0.690521240234375,0.3978270888328552
889,2,0.92822265625,0.23162841796875,0.317138671875,0.4212646484375,0.4750162959098816
889,2,0.90771484375,0.710205078125,0.3193359375,0.89166259765625,0.489501953125
889,2,0.90478515625,0.46685791015625,0.329345703125,0.66217041015625,0.5433349609375
889,2,0.619140625,0.666046142578125,0.3250732421875,0.738922119140625,0.40618896484375
889,2,0.57861328125,0.624786376953125,0.3175862729549408,0.688232421875,0.4048665463924408
890,2,0.93701171875,0.69451904296875,0.3201497197151184,0.86944580078125,0.4833984375
890,2,0.8857421875,0.46319580078125,0.3291829228401184,0.66119384765625,0.5452880859375
890,2,0.8818359375,0.23846435546875,0.32177734375,0.42437744140625,0.472412109375
890,2,0.72314453125,0.650848388671875,0.3271281123161316,0.727386474609375,0.4049683213233948
890,2,0.583984375,-3.0517578125e-05,0.3194986879825592,0.093505859375,0.3852335512638092
890,2,0.5615234375,0.3773193359375,0.3075154423713684,0.462249755859375,0.3734740614891052
890,2,0.552734375,0.2355804443359375,0.3146565556526184,0.295135498046875,0.3634642958641052
891,2,0.919921875,0.68316650390625,0.3204345703125,0.84588623046875,0.4784749150276184
891,2,0.87841796875,0.24407958984375,0.3309733271598816,0.424560546875,0.4667561650276184
891,2,0.8583984375,0.45697021484375,0.3387044668197632,0.654296875,0.5504964590072632
891,2,0.7900390625,0.128662109375,0.3107706904411316,0.218170166015625,0.3758748173713684
891,2,0.7841796875,0.207977294921875,0.3155924379825592,0.291351318359375,0.3786417543888092
891,2,0.640625,0.646453857421875,0.3279215693473816,0.714202880859375,0.4038899540901184
891,2,0.58740234375,-7.62939453125e-05,0.3395182490348816,0.026947021484375,0.3929036259651184
891,2,0.52099609375,0.0081024169921875,0.3243001103401184,0.0650634765625,0.3706054091453552
891,2,0.5048828125,0.286407470703125,0.30377197265625,0.3410491943359375,0.3333944082260132
891,2,0.50146484375,0.616363525390625,0.3206990361213684,0.6692047119140625,0.3764037489891052
892,2,0.92919921875,0.659912109375,0.3201497197151184,0.82159423828125,0.4661865234375
892,2,0.8662109375,0.25006103515625,0.326904296875,0.42291259765625,0.4625651240348816
892,2,0.857421875,0.45379638671875,0.3353678584098816,0.65216064453125,0.5491536259651184
892,2,0.75927734375,0.06298828125,0.312744140625,0.18609619140625,0.3813883066177368
892,2,0.69775390625,0.177032470703125,0.3153076171875,0.271636962890625,0.3779296875
892,2,0.51416015625,0.2607269287109375,0.3021647334098816,0.324981689453125,0.3330891728401184
892,2,0.51123046875,0.414093017578125,0.3120930790901184,0.45355224609375,0.3682860732078552
893,2,0.93017578125,0.6337890625,0.3208414614200592,0.79248046875,0.4591471254825592
893,2,0.92333984375,0.25164794921875,0.3232828974723816,0.42193603515625,0.4569905400276184
893,2,0.8076171875,0.0,0.3146565854549408,0.115692138671875,0.3905843198299408
893,2,0.77685546875,0.125732421875,0.3157551884651184,0.26104736328125,0.3908690810203552
893,2,0.775390625,0.4486083984375,0.3378092646598816,0.6451416015625,0.5521240234375
893,2,0.69921875,0.232208251953125,0.3053995966911316,0.3037261962890625,0.3605347275733948
893,2,0.576171875,0.43878173828125,0.3196207880973816,0.510345458984375,0.3720296025276184
894,2,0.92822265625,0.2567138671875,0.3118489682674408,0.4189453125,0.4505208432674408
894,2,0.900390625,0.6153564453125,0.3048095703125,0.7650146484375,0.4373372197151184
894,2,0.87353515625,0.44122314453125,0.3279622197151184,0.64300537109375,0.54248046875
894,2,0.82666015625,0.101806640625,0.3076578676700592,0.230255126953125,0.3833414614200592
894,2,0.73681640625,0.2109375,0.2956949770450592,0.287750244140625,0.3641764223575592
894,2,0.62451171875,0.425140380859375,0.3116658329963684,0.49462890625,0.3674723505973816
894,2,0.52783203125,-0.0001220703125,0.2964680790901184,0.03155517578125,0.3939208388328552
895,2,0.916015625,0.26165771484375,0.307861328125,0.416748046875,0.4385579228401184
895,2,0.9111328125,0.60760498046875,0.3013509213924408,0.7357177734375,0.4239095151424408
895,2,0.888671875,0.06829833984375,0.3004150390625,0.206787109375,0.3850504159927368
895,2,0.837890625,0.43701171875,0.32666015625,0.6475830078125,0.5406087040901184
895,2,0.7041015625,0.191131591796875,0.2919514775276184,0.256927490234375,0.3525390028953552
895,2,0.63232421875,0.00079345703125,0.306640625,0.086944580078125,0.3640543222427368
895,2,0.6123046875,0.5348968505859375,0.2931925356388092,0.57183837890625,0.3248087465763092
895,2,0.60009765625,0.42913818359375,0.3082478940486908,0.4893035888671875,0.3588460385799408
895,2,0.59375,0.2396240234375,0.288818359375,0.32135009765625,0.3704427480697632
896,2,0.9111328125,0.02191162109375,0.300048828125,0.18011474609375,0.3946533203125
896,2,0.896484375,0.2681884765625,0.3108724057674408,0.4197998046875,0.4348958432674408
896,2,0.888671875,0.43731689453125,0.3251953125,0.639404296875,0.536376953125
896,2,0.7890625,0.59808349609375,0.3021647334098816,0.70697021484375,0.4213867783546448
896,2,0.6787109375,0.211944580078125,0.298828125,0.307891845703125,0.37481689453125
896,2,0.63623046875,0.15447998046875,0.29327392578125,0.24700927734375,0.35601806640625
896,2,0.591796875,0.0002593994140625,0.30517578125,0.0601806640625,0.37744140625
896,2,0.5419921875,0.4266357421875,0.3075154423713684,0.482177734375,0.3687133193016052
897,2,0.927734375,0.00048828125,0.294677734375,0.152099609375,0.3980306386947632
897,2,0.89453125,0.437255859375,0.3212077021598816,0.6385498046875,0.5384114384651184
897,2,0.7646484375,0.271881103515625,0.300537109375,0.4193115234375,0.4275715947151184
897,2,0.751953125,0.67193603515625,0.307373046875,0.7305450439453125,0.359619140625
897,2,0.7490234375,0.5841064453125,0.2960205078125,0.683990478515625,0.411376953125
897,2,0.72509765625,0.188751220703125,0.2942301630973816,0.303253173828125,0.3766072392463684
897,2,0.685546875,0.136199951171875,0.2898763120174408,0.2236328125,0.3590291440486908
897,2,0.52978515625,0.430999755859375,0.3016764223575592,0.4798583984375,0.3480021059513092
898,2,0.91357421875,0.000457763671875,0.2940267026424408,0.1138916015625,0.4042561948299408
898,2,0.845703125,0.4359130859375,0.310791015625,0.6417236328125,0.52392578125
898,2,0.80419921875,0.27239990234375,0.294677734375,0.420135498046875,0.4189859628677368
898,2,0.78759765625,0.6718292236328125,0.2982177734375,0.7266845703125,0.3543294668197632
898,2,0.69921875,0.15997314453125,0.29736328125,0.26788330078125,0.3734334707260132
898,2,0.64599609375,0.56219482421875,0.2887776494026184,0.666046142578125,0.3930663466453552
898,2,0.56884765625,0.42401123046875,0.30059814453125,0.48199462890625,0.35748291015625
898,2,0.56005859375,0.5275115966796875,0.2883097529411316,0.562774658203125,0.3135579228401184
898,2,0.50830078125,0.10009765625,0.285888671875,0.20086669921875,0.3588460683822632
899,2,0.9140625,0.2786865234375,0.2854817509651184,0.42352294921875,0.4039713740348816
899,2,0.90283203125,0.430908203125,0.3002116084098816,0.6419677734375,0.5185139775276184
899,2,0.8251953125,0.109130859375,0.28369140625,0.26885986328125,0.3896890878677368
899,2,0.8193359375,3.0517578125e-05,0.2839762568473816,0.079833984375,0.4056397080421448
899,2,0.666015625,0.4186859130859375,0.28955078125,0.481658935546875,0.3656005859375
899,2,0.64306640625,0.6665191650390625,0.2965291142463684,0.7227020263671875,0.3397216200828552
899,2,0.546875,0.253204345703125,0.2847900390625,0.3163604736328125,0.3799642324447632
900,2,0.9013671875,0.42626953125,0.309814453125,0.640625,0.530029296875
900,2,0.8076171875,0.0557861328125,0.2939453125,0.23590087890625,0.4175618886947632
900,2,0.7841796875,0.2850341796875,0.3011881709098816,0.42291259765625,0.4110921025276184
900,2,0.72509765625,0.230804443359375,0.2977702021598816,0.31121826171875,0.3993733525276184
900,2,0.65478515625,0.66705322265625,0.3104044795036316,0.72113037109375,0.3535359501838684
900,2,0.63232421875,0.607574462890625,0.306640625,0.667266845703125,0.36749267578125
900,2,0.552734375,0.4243927001953125,0.30242919921875,0.4757537841796875,0.3482666015625
900,2,0.52392578125,-0.0001373291015625,0.298583984375,0.0470428466796875,0.4132894277572632
900,2,0.52001953125,0.000396728515625,0.2957763671875,0.1226806640625,0.4092203378677368
901,2,0.89501953125,0.42779541015625,0.31982421875,0.64349365234375,0.54345703125
901,2,0.85986328125,0.02337646484375,0.3052571415901184,0.21697998046875,0.4423014521598816
901,2,0.767578125,0.28857421875,0.3125813603401184,0.42108154296875,0.4243571162223816
901,2,0.76513671875,-0.0003662109375,0.2532551884651184,0.0899658203125,0.7700194716453552
901,2,0.69921875,0.66302490234375,0.3208211064338684,0.7190399169921875,0.3721923232078552
901,2,0.6748046875,0.604644775390625,0.3184407353401184,0.6631927490234375,0.3802489638328552
901,2,0.6689453125,0.199951171875,0.3116455078125,0.294403076171875,0.3984375
901,2,0.5029296875,0.421630859375,0.3173421025276184,0.485382080078125,0.3996989130973816
902,2,0.890625,0.427734375,0.31494140625,0.64202880859375,0.5289713740348816
902,2,0.8583984375,0.29058837890625,0.3054606318473816,0.4180908203125,0.4197590947151184
902,2,0.8076171875,0.072265625,0.3001301884651184,0.178253173828125,0.4315592646598816
902,2,0.75732421875,0.1612548828125,0.3045247495174408,0.28924560546875,0.3999837338924408
902,2,0.751953125,-0.000732421875,0.21972662210464478,0.14373779296875,0.799642026424408
902,2,0.6064453125,0.601165771484375,0.3144734501838684,0.6595916748046875,0.3670653700828552
902,2,0.54541015625,0.6672821044921875,0.3197428584098816,0.7149658203125,0.3586018681526184
902,2,0.51025390625,0.240631103515625,0.2859904170036316,0.2828369140625,0.3231201767921448
903,2,0.88671875,0.1229248046875,0.3096110224723816,0.2689208984375,0.4212239384651184
903,2,0.8818359375,0.423828125,0.3238118886947632,0.64501953125,0.5569661855697632
903,2,0.8525390625,0.29681396484375,0.3189697265625,0.414306640625,0.4271646738052368
903,2,0.63037109375,-0.0006103515625,0.21875,0.1832275390625,0.7765299677848816
903,2,0.625,0.65960693359375,0.3274129033088684,0.7159271240234375,0.3691202998161316
903,2,0.58984375,0.2603759765625,0.3091633915901184,0.3266448974609375,0.4099528193473816
903,2,0.5390625,0.5141143798828125,0.3037922978401184,0.576385498046875,0.3298339247703552
903,2,0.533203125,0.41741943359375,0.3186442255973816,0.488983154296875,0.4158528447151184
903,2,0.51708984375,0.59881591796875,0.3244221806526184,0.65069580078125,0.3741454482078552
903,2,0.50537109375,0.36285400390625,0.2969156801700592,0.4401397705078125,0.3525797426700592
904,2,0.896484375,0.297821044921875,0.3232828974723816,0.42535400390625,0.4303792119026184
904,2,0.873046875,0.4217529296875,0.3262532353401184,0.64434814453125,0.563720703125
904,2,0.8076171875,-0.000244140625,0.22184240818023682,0.21673583984375,0.7903646230697632
904,2,0.703125,0.16400146484375,0.3207194209098816,0.24530029296875,0.4296875596046448
904,2,0.61669921875,0.232940673828125,0.314208984375,0.312347412109375,0.3883260488510132
904,2,0.60888671875,0.65997314453125,0.3291219174861908,0.7109222412109375,0.3705647885799408
904,2,0.5068359375,0.424774169921875,0.32208251953125,0.4766845703125,0.36505126953125
905,2,0.88330078125,0.29931640625,0.3260498046875,0.43182373046875,0.4392496347427368
905,2,0.86328125,0.4188232421875,0.3334147334098816,0.64727783203125,0.5732421875
905,2,0.8447265625,-6.103515625e-05,0.23046875,0.24658203125,0.7482096552848816
905,2,0.69189453125,0.66162109375,0.3367919921875,0.7104949951171875,0.3831990957260132
905,2,0.619140625,0.5919036865234375,0.328125,0.648681640625,0.392578125
905,2,0.52783203125,0.2110595703125,0.3160400390625,0.32159423828125,0.3958944082260132
906,2,0.890625,0.417236328125,0.339111328125,0.6517333984375,0.5849609375
906,2,0.83544921875,0.307891845703125,0.3334147334098816,0.43170166015625,0.4390462040901184
906,2,0.6884765625,-6.103515625e-05,0.242513045668602,0.2701416015625,0.7010091543197632
906,2,0.5751953125,0.589385986328125,0.3316650390625,0.644317626953125,0.3875732421875
906,2,0.533203125,0.267852783203125,0.3267619013786316,0.33929443359375,0.3957112431526184
907,2,0.86474609375,0.313079833984375,0.3303629457950592,0.43267822265625,0.4392496645450592
907,2,0.8583984375,0.41644287109375,0.34326171875,0.65185546875,0.5963541269302368
907,2,0.76806640625,6.103515625e-05,0.2560221552848816,0.29248046875,0.66357421875
907,2,0.703125,0.263153076171875,0.3256428837776184,0.3321990966796875,0.3930663466453552
907,2,0.6767578125,0.5901947021484375,0.3311971127986908,0.6442413330078125,0.3822225034236908
907,2,0.58056640625,0.6583251953125,0.35186767578125,0.7098541259765625,0.3902384042739868
908,2,0.87158203125,0.42523193359375,0.339599609375,0.6571044921875,0.5956217050552368
908,2,0.85986328125,0.000244140625,0.259765625,0.3173828125,0.6251627206802368
908,2,0.78564453125,0.32403564453125,0.3270670771598816,0.43560791015625,0.4291585087776184
908,2,0.689453125,0.663543701171875,0.34246826171875,0.712738037109375,0.3881429433822632
908,2,0.63525390625,0.5963592529296875,0.3310343623161316,0.647552490234375,0.3702595829963684
909,2,0.90771484375,0.0069580078125,0.2722982168197632,0.3472900390625,0.6011556386947632
909,2,0.849609375,0.43365478515625,0.3387857675552368,0.6778564453125,0.6046549081802368
909,2,0.7294921875,0.67230224609375,0.3431193232536316,0.720855712890625,0.3864136338233948
909,2,0.673828125,0.343353271484375,0.3224284052848816,0.442169189453125,0.4167073369026184
909,2,0.60107421875,-6.103515625e-05,0.28271484375,0.06365966796875,0.5188801884651184
909,2,0.52978515625,0.946044921875,0.369140625,1.000244140625,0.73779296875
909,2,0.5244140625,0.606597900390625,0.3323160707950592,0.651824951171875,0.3654581606388092
910,2,0.8251953125,0.4527587890625,0.3351236581802368,0.6959228515625,0.5922037363052368
910,2,0.78662109375,0.34808349609375,0.313720703125,0.46893310546875,0.418701171875
910,2,0.775390625,0.0745849609375,0.2734375,0.3731689453125,0.5743814706802368
910,2,0.6845703125,0.6816864013671875,0.33221435546875,0.7323455810546875,0.38006591796875
910,2,0.572265625,0.5807952880859375,0.3111368715763092,0.623504638671875,0.3384195864200592
910,2,0.548828125,0.4711761474609375,0.3189900517463684,0.5113067626953125,0.3531493544578552
910,2,0.5263671875,0.6215972900390625,0.3326212763786316,0.667266845703125,0.3615112900733948
910,2,0.5029296875,0.0,0.2738037109375,0.13714599609375,0.4163411259651184
911,2,0.91259765625,0.4583740234375,0.3299153447151184,0.72607421875,0.6239420175552368
911,2,0.88134765625,0.1337890625,0.270751953125,0.40673828125,0.5259603261947632
911,2,0.78125,0.00958251953125,0.2832844853401184,0.18487548828125,0.435302734375
911,2,0.73291015625,0.388580322265625,0.3094075620174408,0.47955322265625,0.4215901792049408
911,2,0.66455078125,0.6979827880859375,0.3287353515625,0.7499847412109375,0.3749593496322632
911,2,0.6376953125,0.935882568359375,0.3799642324447632,0.999664306640625,0.66650390625
912,2,0.91748046875,0.4827880859375,0.3289387822151184,0.765380859375,0.6298828125
912,2,0.861328125,-0.0003662109375,0.2731119990348816,0.2275390625,0.448486328125
912,2,0.857421875,0.188720703125,0.2723795771598816,0.4410400390625,0.5352376699447632
912,2,0.74365234375,0.94158935546875,0.3731282353401184,0.99969482421875,0.6446126103401184
912,2,0.69775390625,0.416778564453125,0.3034261167049408,0.497802734375,0.4189046323299408
912,2,0.55908203125,0.5040283203125,0.3189900815486908,0.560333251953125,0.3560994565486908
912,2,0.53125,0.71661376953125,0.340087890625,0.7679290771484375,0.37762451171875
913,2,0.9208984375,0.514892578125,0.330322265625,0.8106689453125,0.6305338144302368
913,2,0.90625,0.00018310546875,0.2753092348575592,0.20294189453125,0.4767252504825592
913,2,0.85498046875,0.2486572265625,0.2779133915901184,0.476318359375,0.510009765625
913,2,0.79638671875,0.458099365234375,0.3153076171875,0.52813720703125,0.417724609375
913,2,0.73583984375,0.189666748046875,0.3067626953125,0.287933349609375,0.4013265371322632
913,2,0.65478515625,0.954925537109375,0.375244140625,0.99981689453125,0.6181640625
913,2,0.642578125,0.738494873046875,0.3363444209098816,0.7867584228515625,0.3796997666358948
913,2,0.6142578125,0.524658203125,0.3228759765625,0.5705413818359375,0.36224365234375
914,2,0.919921875,0.56005859375,0.3336588144302368,0.8707275390625,0.6393228769302368
914,2,0.876953125,0.00018310546875,0.2711588740348816,0.18365478515625,0.5144856572151184
914,2,0.8251953125,0.3104248046875,0.2850748896598816,0.51910400390625,0.5139973759651184
914,2,0.73583984375,0.1815185546875,0.3090413510799408,0.3389892578125,0.4358724057674408
914,2,0.6748046875,0.502532958984375,0.3227945864200592,0.556976318359375,0.4199625551700592
914,2,0.59765625,0.5521240234375,0.3279011845588684,0.5982208251953125,0.3670653700828552
915,2,0.92578125,0.6094970703125,0.3380533754825592,0.9388427734375,0.6626790761947632
915,2,0.88720703125,0.36895751953125,0.2911783456802368,0.577880859375,0.5104166269302368
915,2,0.82861328125,0.1380615234375,0.3127848207950592,0.35028076171875,0.4597574770450592
915,2,0.80078125,9.1552734375e-05,0.281005859375,0.1395263671875,0.523193359375
915,2,0.71875,0.333526611328125,0.3099161982536316,0.402374267578125,0.3958333134651184
915,2,0.62451171875,0.5741119384765625,0.3294880986213684,0.63836669921875,0.3773600459098816
915,2,0.50537109375,0.10906982421875,0.3099161982536316,0.215972900390625,0.3825073838233948
916,2,0.93115234375,0.6639404296875,0.3470052182674408,0.99609375,0.6742349863052368
916,2,0.87060546875,0.0850830078125,0.3131103515625,0.349609375,0.4833170771598816
916,2,0.80908203125,-0.00018310546875,0.2779948115348816,0.09222412109375,0.5601400136947632
916,2,0.75927734375,0.430419921875,0.304443359375,0.60931396484375,0.523193359375
916,2,0.63427734375,0.3277587890625,0.3170979619026184,0.43798828125,0.4118651747703552
916,2,0.5712890625,0.59600830078125,0.3335367739200592,0.6446533203125,0.3767496645450592
916,2,0.52978515625,0.640594482421875,0.3306477665901184,0.71368408203125,0.3885497450828552
917,2,0.94482421875,0.704833984375,0.3502603769302368,0.9989013671875,0.690185546875
917,2,0.8818359375,0.02880859375,0.3164876699447632,0.3436279296875,0.5171712636947632
917,2,0.658203125,0.48358154296875,0.3130697011947632,0.6475830078125,0.5171712636947632
917,2,0.6259765625,0.67578125,0.3355916142463684,0.73175048828125,0.3888549208641052
917,2,0.62451171875,0.319580078125,0.320068359375,0.45013427734375,0.4402261972427368
917,2,0.5439453125,0.724365234375,0.3355916142463684,0.7606048583984375,0.3747965693473816
917,2,0.54248046875,-0.00054931640625,0.3173421323299408,0.1651611328125,0.4478352963924408
918,2,0.8984375,0.7503662109375,0.3553059995174408,0.9986572265625,0.7106119394302368
918,2,0.88134765625,0.000244140625,0.3148600459098816,0.320556640625,0.5550130009651184
918,2,0.8671875,0.5321044921875,0.319580078125,0.693359375,0.5248209834098816
918,2,0.58642578125,0.6850738525390625,0.3356730341911316,0.74530029296875,0.3914795517921448
918,2,0.5859375,0.768341064453125,0.3470458984375,0.8224029541015625,0.3974609375
918,2,0.51953125,0.7416534423828125,0.3416340947151184,0.783538818359375,0.3812662959098816
919,2,0.9052734375,0.786865234375,0.3636068105697632,0.9986572265625,0.73681640625
919,2,0.8896484375,-0.00018310546875,0.3158365488052368,0.29248046875,0.6136881113052368
919,2,0.8388671875,0.57269287109375,0.3291015625,0.71893310546875,0.5185953974723816
919,2,0.6728515625,0.266357421875,0.3257649540901184,0.43475341796875,0.4603678584098816
919,2,0.63525390625,0.774871826171875,0.3512776494026184,0.8326568603515625,0.4070841670036316
919,2,0.63232421875,0.426177978515625,0.33673095703125,0.530548095703125,0.4007568359375
919,2,0.583984375,0.70806884765625,0.3395588994026184,0.75347900390625,0.3977050185203552
919,2,0.5263671875,0.504302978515625,0.3388265073299408,0.5820465087890625,0.3948567807674408
920,2,0.90283203125,0.81640625,0.3700357675552368,0.99871826171875,0.7568359375
920,2,0.84326171875,0.6036376953125,0.3299153447151184,0.745361328125,0.5146891474723816
920,2,0.8203125,-0.000244140625,0.3023274838924408,0.21319580078125,0.7106119394302368
920,2,0.67333984375,0.775177001953125,0.3480224609375,0.8314971923828125,0.4010416269302368
920,2,0.5810546875,0.4072265625,0.32916259765625,0.52435302734375,0.4053140878677368
920,2,0.54052734375,0.585906982421875,0.3640543818473816,0.626861572265625,0.4347737431526184
920,2,0.51904296875,0.2498779296875,0.3181559443473816,0.4188232421875,0.4539387822151184
920,2,0.50146484375,0.846435546875,0.3526204228401184,0.900054931640625,0.3929240107536316
921,2,0.81982421875,0.63177490234375,0.3318684697151184,0.762847900390625,0.5113525390625
921,2,0.81640625,0.841796875,0.37060546875,0.999481201171875,0.7708333730697632
921,2,0.79638671875,0.3837890625,0.331298828125,0.512115478515625,0.4434407949447632
921,2,0.7802734375,0.8385009765625,0.3494466245174408,0.89349365234375,0.4015096127986908
921,2,0.77392578125,0.764190673828125,0.3419393002986908,0.82342529296875,0.3980916440486908
921,2,0.74560546875,6.103515625e-05,0.318115234375,0.139404296875,0.6689453125
921,2,0.7333984375,0.58868408203125,0.3463541567325592,0.6512451171875,0.4348551332950592
921,2,0.5791015625,0.140380859375,0.31201171875,0.3939208984375,0.4822590947151184
921,2,0.556640625,0.48724365234375,0.33544921875,0.571563720703125,0.3828939199447632
922,2,0.794921875,0.35107421875,0.3297933042049408,0.49957275390625,0.4435628354549408
922,2,0.7841796875,0.590118408203125,0.3399251103401184,0.6707611083984375,0.4298095107078552
922,2,0.77880859375,0.8326416015625,0.3443196713924408,0.8907623291015625,0.3943684995174408
922,2,0.7734375,0.65380859375,0.3300374746322632,0.780426025390625,0.5015462636947632
922,2,0.7734375,0.7687835693359375,0.3351643681526184,0.815887451171875,0.3909708857536316
922,2,0.625,0.86346435546875,0.3717447519302368,0.999725341796875,0.7841796875
922,2,0.525390625,0.47210693359375,0.33563232421875,0.558685302734375,0.4014892578125
922,2,0.50341796875,0.01416015625,0.306396484375,0.3612060546875,0.5659993886947632
923,2,0.75341796875,0.8204345703125,0.3317057490348816,0.876617431640625,0.3879597783088684
923,2,0.73876953125,0.5850830078125,0.3369547426700592,0.67242431640625,0.4227091372013092
923,2,0.7109375,0.66729736328125,0.3301595151424408,0.79095458984375,0.4934895932674408
923,2,0.70849609375,0.0003662109375,0.2962239384651184,0.3104248046875,0.6305338144302368
923,2,0.609375,0.877685546875,0.3670247197151184,0.999359130859375,0.6866047978401184
923,2,0.57568359375,0.7685394287109375,0.3323771357536316,0.8096923828125,0.3839924931526184
923,2,0.56591796875,0.30303955078125,0.3321533203125,0.47454833984375,0.4670817255973816
924,2,0.82861328125,0.802001953125,0.3328654170036316,0.8624114990234375,0.3886922001838684
924,2,0.80078125,0.8828125,0.3743489682674408,0.9989013671875,0.6730142831802368
924,2,0.7314453125,0.576690673828125,0.3367919921875,0.65814208984375,0.4211629629135132
924,2,0.71630859375,0.673248291015625,0.3301595151424408,0.792022705078125,0.4900716245174408
924,2,0.7119140625,0.27215576171875,0.3294270634651184,0.450927734375,0.48291015625
924,2,0.658203125,0.0,0.283203125,0.220947265625,0.6731771230697632
924,2,0.55908203125,0.416412353515625,0.334716796875,0.52557373046875,0.434326171875
924,2,0.50537109375,0.16455078125,0.3101399540901184,0.2877197265625,0.4603271484375
925,2,0.818359375,0.7847900390625,0.33056640625,0.84796142578125,0.3841146230697632
925,2,0.8115234375,0.562530517578125,0.3328857421875,0.646026611328125,0.4200032949447632
925,2,0.7666015625,0.88397216796875,0.36279296875,0.999176025390625,0.6793619394302368
925,2,0.7294921875,0.0621337890625,0.309326171875,0.24188232421875,0.4867350459098816
925,2,0.5703125,0.383697509765625,0.3330078125,0.498931884765625,0.4202880859375
925,2,0.5693359375,0.672637939453125,0.3251139521598816,0.785980224609375,0.4788818359375
925,2,0.55517578125,0.206787109375,0.3261311650276184,0.4312744140625,0.4737548828125
926,2,0.81396484375,0.7737274169921875,0.330078125,0.8303680419921875,0.3795166015625
926,2,0.76123046875,0.552947998046875,0.339111328125,0.63623046875,0.4180094003677368
926,2,0.6025390625,0.1702880859375,0.3210856318473816,0.40185546875,0.4908040165901184
926,2,0.59228515625,0.668243408203125,0.3206380307674408,0.781280517578125,0.4691976010799408
926,2,0.57958984375,0.87982177734375,0.39404296875,0.9996337890625,0.6848958730697632
926,2,0.5458984375,0.340087890625,0.3269449770450592,0.49127197265625,0.4022623598575592
927,2,0.8017578125,0.761749267578125,0.327880859375,0.818572998046875,0.3791707754135132
927,2,0.7939453125,0.65960693359375,0.3180338442325592,0.774658203125,0.4612223207950592
927,2,0.7646484375,0.00048828125,0.3197428584098816,0.325927734375,0.601318359375
927,2,0.75830078125,0.919189453125,0.3238932490348816,0.9990234375,0.4251301884651184
927,2,0.7314453125,0.5460205078125,0.3280436396598816,0.623748779296875,0.4118652939796448
927,2,0.673828125,0.88494873046875,0.379638671875,0.99957275390625,0.6940103769302368
927,2,0.66650390625,0.26019287109375,0.3230387568473816,0.4466552734375,0.4455567002296448
927,2,0.63134765625,0.6363067626953125,0.32073974609375,0.6777801513671875,0.3640950918197632
928,2,0.81640625,0.894866943359375,0.3213704526424408,0.9990234375,0.4582112729549408
928,2,0.78955078125,0.88482666015625,0.37060546875,0.99945068359375,0.6720377206802368
928,2,0.76513671875,0.535064697265625,0.3303019404411316,0.61309814453125,0.4094238877296448
928,2,0.7607421875,0.75469970703125,0.3285319209098816,0.808258056640625,0.3814290165901184
928,2,0.67626953125,0.65771484375,0.3163248896598816,0.76263427734375,0.4580078125
928,2,0.57861328125,0.21929931640625,0.3243001103401184,0.41339111328125,0.4437662959098816
929,2,0.8232421875,0.87835693359375,0.3181559145450592,0.99920654296875,0.4532877504825592
929,2,0.81201171875,0.743072509765625,0.3243001103401184,0.79193115234375,0.3779906630516052
929,2,0.77587890625,0.64813232421875,0.314697265625,0.750885009765625,0.4450276494026184
929,2,0.76806640625,0.87994384765625,0.3570963740348816,0.999542236328125,0.6727702021598816
929,2,0.76171875,0.1585693359375,0.3173828125,0.3765869140625,0.4739990234375
929,2,0.6689453125,0.523773193359375,0.3267415165901184,0.60430908203125,0.4046427607536316
929,2,0.5859375,0.615234375,0.3200887143611908,0.6600341796875,0.3675740659236908
930,2,0.83935546875,0.86431884765625,0.3203531801700592,0.9976806640625,0.4487711489200592
930,2,0.798828125,0.6392822265625,0.3190104365348816,0.744537353515625,0.4451497197151184
930,2,0.77685546875,0.8795166015625,0.3470052480697632,0.99951171875,0.684326171875
930,2,0.7607421875,0.7339630126953125,0.3296305537223816,0.789520263671875,0.3784382939338684
930,2,0.64599609375,0.6196136474609375,0.3217366337776184,0.657379150390625,0.3654174208641052
930,2,0.63818359375,0.51885986328125,0.3329264521598816,0.59698486328125,0.4041340947151184
930,2,0.62158203125,0.313446044921875,0.3234049379825592,0.42901611328125,0.4444986879825592
930,2,0.59765625,0.05712890625,0.3150227665901184,0.35498046875,0.5458984375
930,2,0.51806640625,0.7960662841796875,0.3216349482536316,0.8307342529296875,0.3664143681526184
931,2,0.84619140625,0.85687255859375,0.3241373896598816,0.99786376953125,0.4559326171875
931,2,0.8447265625,0.0003662109375,0.3091634511947632,0.30419921875,0.5818685293197632
931,2,0.8232421875,0.88189697265625,0.3570963442325592,0.99957275390625,0.6743978261947632
931,2,0.775390625,0.728973388671875,0.3343098759651184,0.7877655029296875,0.3877562880516052
931,2,0.71337890625,0.26654052734375,0.328369140625,0.4112548828125,0.4651692509651184
931,2,0.69921875,0.641357421875,0.3251139521598816,0.737335205078125,0.4447835087776184
931,2,0.68701171875,0.516632080078125,0.3418375849723816,0.595184326171875,0.4121297001838684
931,2,0.5634765625,0.6171417236328125,0.3324788212776184,0.6562652587890625,0.3707682490348816
932,2,0.79541015625,0.72418212890625,0.3352254033088684,0.78411865234375,0.3891398310661316
932,2,0.7802734375,0.88427734375,0.3619791269302368,0.999664306640625,0.69189453125
932,2,0.75390625,0.639251708984375,0.3272297978401184,0.7327880859375,0.4428710341453552
932,2,0.7265625,-0.00030517578125,0.3016763925552368,0.24072265625,0.6647135019302368
932,2,0.705078125,0.514801025390625,0.33984375,0.59393310546875,0.4129638671875
932,2,0.70361328125,0.84967041015625,0.3252360224723816,0.9981689453125,0.4600830078125
932,2,0.693359375,0.19256591796875,0.3312174677848816,0.3857421875,0.4842122197151184
933,2,0.8388671875,0.88677978515625,0.3751627206802368,0.9996337890625,0.693359375
933,2,0.83544921875,0.726593017578125,0.338623046875,0.78228759765625,0.39208984375
933,2,0.7802734375,0.840576171875,0.3353678584098816,0.99920654296875,0.4659423828125
933,2,0.7470703125,0.51495361328125,0.3454996943473816,0.59112548828125,0.4182942509651184
933,2,0.67138671875,0.636993408203125,0.3311767578125,0.7294921875,0.4444783926010132
933,2,0.5966796875,0.1102294921875,0.3289794921875,0.3543701171875,0.5259602665901184
933,2,0.51513671875,0.5935821533203125,0.3423258662223816,0.651824951171875,0.3758748173713684
933,2,0.50244140625,0.8210296630859375,0.33154296875,0.861907958984375,0.3798624277114868
934,2,0.83935546875,0.88677978515625,0.3821614980697632,0.999664306640625,0.717041015625
934,2,0.8232421875,0.833160400390625,0.3396809697151184,0.999755859375,0.4722900390625
934,2,0.8212890625,0.725006103515625,0.3487548828125,0.7801971435546875,0.3984171152114868
934,2,0.78759765625,0.51220703125,0.3499552309513092,0.590850830078125,0.4247232973575592
934,2,0.7001953125,0.635894775390625,0.33935546875,0.724578857421875,0.4471231698989868
934,2,0.662109375,0.0,0.332763671875,0.318603515625,0.61181640625
934,2,0.62841796875,0.78533935546875,0.3405964970588684,0.8313140869140625,0.3879393935203552
935,2,0.87060546875,0.8243408203125,0.3369547426700592,0.99774169921875,0.4645182192325592
935,2,0.83544921875,0.724395751953125,0.3407185673713684,0.778900146484375,0.3945719599723816
935,2,0.8291015625,0.88580322265625,0.376953125,0.99957275390625,0.6947427988052368
935,2,0.78515625,0.5078125,0.3473714292049408,0.589599609375,0.4212850034236908
935,2,0.75341796875,0.62677001953125,0.3353271484375,0.716949462890625,0.4393717050552368
935,2,0.73193359375,0.79010009765625,0.3339030146598816,0.83929443359375,0.3864136338233948
935,2,0.72998046875,0.208465576171875,0.3363444209098816,0.320770263671875,0.4287109971046448
935,2,0.59228515625,0.336883544921875,0.3362019658088684,0.37933349609375,0.4023436903953552
935,2,0.5634765625,0.3743896484375,0.3373209834098816,0.4461517333984375,0.3778279423713684
935,2,0.55517578125,0.28985595703125,0.3353068232536316,0.357147216796875,0.4037678837776184
935,2,0.53759765625,0.5880584716796875,0.3505045771598816,0.6270599365234375,0.3798218369483948
935,2,0.51513671875,0.0001220703125,0.3179525136947632,0.25225830078125,0.6453450918197632
936,2,0.876953125,0.81634521484375,0.337646484375,0.9853515625,0.4672037959098816
936,2,0.84228515625,0.881591796875,0.3819987177848816,0.99951171875,0.6993815302848816
936,2,0.8271484375,0.13018798828125,0.3345133662223816,0.30364990234375,0.4410400986671448
936,2,0.8193359375,0.50738525390625,0.3483683168888092,0.586639404296875,0.4211832582950592
936,2,0.72802734375,0.623687744140625,0.3389078974723816,0.713104248046875,0.4428303837776184
936,2,0.70751953125,0.7157745361328125,0.3511759638786316,0.776702880859375,0.3974812626838684
936,2,0.65380859375,0.270294189453125,0.3394775390625,0.3402099609375,0.4115804433822632
936,2,0.60595703125,0.315277099609375,0.3387654423713684,0.3691558837890625,0.4061076045036316
937,2,0.91748046875,0.07794189453125,0.3362223505973816,0.2652587890625,0.4575195908546448
937,2,0.88818359375,0.80792236328125,0.3382975459098816,0.9725341796875,0.4676513671875
937,2,0.82177734375,0.87628173828125,0.38330078125,0.99957275390625,0.7215982675552368
937,2,0.78466796875,0.71685791015625,0.3499959409236908,0.77410888671875,0.3956502377986908
937,2,0.77392578125,0.507537841796875,0.3475341796875,0.583648681640625,0.4232584238052368
937,2,0.73828125,0.622344970703125,0.3406168818473816,0.708221435546875,0.4400227665901184
937,2,0.689453125,0.294891357421875,0.3321329653263092,0.352996826171875,0.4076334536075592
937,2,0.67138671875,0.22650146484375,0.335205078125,0.318115234375,0.4255574941635132
937,2,0.64306640625,-0.000213623046875,0.3399658203125,0.03564453125,0.4077554941177368
938,2,0.87841796875,0.796966552734375,0.3373209536075592,0.9656982421875,0.4614664614200592
938,2,0.87353515625,0.009521484375,0.3349609375,0.2601318359375,0.4740803837776184
938,2,0.8505859375,0.86993408203125,0.3758138418197632,0.999267578125,0.687255859375
938,2,0.7744140625,0.2667236328125,0.3346354365348816,0.3382568359375,0.4121907353401184
938,2,0.7314453125,0.506591796875,0.34869384765625,0.582550048828125,0.42047119140625
938,2,0.70166015625,0.619293212890625,0.3379313349723816,0.7022705078125,0.4318848252296448
938,2,0.64404296875,0.714752197265625,0.348876953125,0.771453857421875,0.3961181640625
938,2,0.59375,0.202667236328125,0.337646484375,0.293121337890625,0.43115234375
939,2,0.88818359375,0.79254150390625,0.3342692255973816,0.9571533203125,0.4610188603401184
939,2,0.88134765625,-0.0003662109375,0.3280029296875,0.2449951171875,0.49609375
939,2,0.83056640625,0.86444091796875,0.3799642324447632,1.000244140625,0.681884765625
939,2,0.77734375,0.24395751953125,0.3338623046875,0.324371337890625,0.4180094003677368
939,2,0.7744140625,0.7166595458984375,0.3490193486213684,0.7701873779296875,0.3960978388786316
939,2,0.7685546875,0.506195068359375,0.3480021059513092,0.582183837890625,0.4210611879825592
939,2,0.61328125,0.617095947265625,0.33740234375,0.698577880859375,0.4315185546875
939,2,0.521484375,0.1551513671875,0.3333333134651184,0.2718505859375,0.4282225966453552
940,2,0.900390625,0.0992431640625,0.3280843198299408,0.23876953125,0.4467366635799408
940,2,0.86474609375,0.79034423828125,0.3309326171875,0.9486083984375,0.4540609121322632
940,2,0.84912109375,0.71466064453125,0.3440958857536316,0.7733917236328125,0.3950195908546448
940,2,0.822265625,0.85968017578125,0.35888671875,1.0001220703125,0.707763671875
940,2,0.81396484375,0.0001220703125,0.31884765625,0.13641357421875,0.5214030146598816
940,2,0.7421875,0.21734619140625,0.329345703125,0.31182861328125,0.4167886972427368
940,2,0.58984375,0.621002197265625,0.3329671025276184,0.69549560546875,0.4237467646598816
941,2,0.85498046875,0.7148895263671875,0.3448486328125,0.774810791015625,0.395751953125
941,2,0.82470703125,0.854736328125,0.3570963442325592,1.0001220703125,0.6941732168197632
941,2,0.794921875,0.177215576171875,0.326904296875,0.292236328125,0.4219156503677368
941,2,0.7763671875,0.7847900390625,0.3315022587776184,0.93988037109375,0.4514159560203552
941,2,0.71630859375,0.00927734375,0.3247884213924408,0.20086669921875,0.4770101010799408
941,2,0.62158203125,-6.103515625e-05,0.3158365488052368,0.063934326171875,0.5099283456802368
941,2,0.58642578125,0.6179962158203125,0.3495686650276184,0.689422607421875,0.4212035536766052
941,2,0.5205078125,0.506103515625,0.35772705078125,0.576324462890625,0.4123128652572632
942,2,0.837890625,0.000274658203125,0.320556640625,0.14404296875,0.49560546875
942,2,0.8125,0.714569091796875,0.3488972783088684,0.77679443359375,0.4010009169578552
942,2,0.7470703125,0.12384033203125,0.3283894956111908,0.25213623046875,0.4347737729549408
942,2,0.705078125,0.8511962890625,0.3583984375,0.99896240234375,0.6915689706802368
942,2,0.646484375,0.77740478515625,0.3331705927848816,0.9417724609375,0.4528809189796448
942,2,0.57763671875,0.61724853515625,0.3558756709098816,0.68658447265625,0.4189046025276184
942,2,0.5361328125,0.218475341796875,0.3297322392463684,0.29547119140625,0.4058226943016052
942,2,0.533203125,0.5030517578125,0.35791015625,0.57830810546875,0.4164632558822632
943,2,0.84765625,0.045166015625,0.3219400942325592,0.21160888671875,0.4475504457950592
943,2,0.82861328125,0.84954833984375,0.3468424081802368,1.0,0.676513671875
943,2,0.775390625,0.7176971435546875,0.3472697138786316,0.7789306640625,0.4005330204963684
943,2,0.76953125,-6.103515625e-05,0.3199869990348816,0.07568359375,0.4966633915901184
943,2,0.72021484375,0.77923583984375,0.330078125,0.92022705078125,0.4469808340072632
943,2,0.642578125,0.18231201171875,0.328125,0.2541046142578125,0.4072672128677368
943,2,0.5810546875,0.6181640625,0.35186767578125,0.6844482421875,0.41680908203125
943,2,0.544921875,0.508087158203125,0.35504150390625,0.5796051025390625,0.4103597402572632
944,2,0.79052734375,0.776611328125,0.3360188603401184,0.925537109375,0.4523112177848816
944,2,0.77978515625,0.84765625,0.3616536855697632,0.99920654296875,0.6865234375
944,2,0.76806640625,0.00018310546875,0.3239338994026184,0.169464111328125,0.4777018427848816
944,2,0.73388671875,0.71990966796875,0.35150146484375,0.78192138671875,0.40093994140625
944,2,0.71826171875,0.508392333984375,0.3508504033088684,0.5816192626953125,0.4169310927391052
944,2,0.60400390625,0.618011474609375,0.3402099609375,0.684051513671875,0.4190469980239868
944,2,0.54052734375,0.1246337890625,0.32916259765625,0.2238311767578125,0.4242349863052368
945,2,0.8701171875,0.000244140625,0.3185628354549408,0.115478515625,0.4920247495174408
945,2,0.81005859375,0.723541259765625,0.3454793095588684,0.7821502685546875,0.3965861201286316
945,2,0.69921875,0.617401123046875,0.3358561098575592,0.6829833984375,0.4147745668888092
945,2,0.69091796875,0.5050048828125,0.3416748046875,0.58026123046875,0.4140625
945,2,0.6640625,0.8447265625,0.3483072519302368,0.9996337890625,0.683837890625
945,2,0.66162109375,0.775665283203125,0.3318278193473816,0.9208984375,0.4449463486671448
946,2,0.7841796875,0.00433349609375,0.3309326171875,0.15234375,0.4526773691177368
946,2,0.7685546875,0.84136962890625,0.3538411557674408,0.999481201171875,0.6798502206802368
946,2,0.7490234375,0.725067138671875,0.35302734375,0.7861175537109375,0.3990478515625
946,2,0.6943359375,0.51068115234375,0.3480427861213684,0.582061767578125,0.4210001826286316
946,2,0.62890625,0.776214599609375,0.3360188901424408,0.92303466796875,0.4484456479549408
946,2,0.560546875,0.6200103759765625,0.3404948115348816,0.682220458984375,0.4200440049171448
947,2,0.78662109375,0.510162353515625,0.3488362729549408,0.58807373046875,0.4233601987361908
947,2,0.77978515625,0.000396728515625,0.3280029296875,0.10113525390625,0.4712321162223816
947,2,0.771484375,0.83734130859375,0.3617350459098816,0.999481201171875,0.7067057490348816
947,2,0.69580078125,0.77850341796875,0.3379313349723816,0.922607421875,0.4531250596046448
947,2,0.67578125,0.72607421875,0.3548380434513092,0.79205322265625,0.4026896059513092
947,2,0.63037109375,0.618743896484375,0.3446248173713684,0.6829833984375,0.4193114638328552
948,2,0.74169921875,0.786834716796875,0.3418782353401184,0.91876220703125,0.4566649794578552
948,2,0.72998046875,0.83349609375,0.3658853769302368,0.9998779296875,0.76904296875
948,2,0.60888671875,0.7441253662109375,0.3611653447151184,0.7933349609375,0.4038493037223816
949,2,0.794921875,0.83123779296875,0.3616536855697632,0.999267578125,0.7568359375
949,2,0.75341796875,0.740203857421875,0.3560994267463684,0.7999114990234375,0.4049479365348816
949,2,0.68115234375,0.579833984375,0.3458251953125,0.688446044921875,0.4246826171875
949,2,0.6708984375,0.7896728515625,0.3367513120174408,0.9205322265625,0.4527181088924408
949,2,0.56591796875,0.509857177734375,0.34881591796875,0.5855712890625,0.4213052988052368
950,2,0.85546875,0.83074951171875,0.3670247495174408,0.99920654296875,0.7599283456802368
950,2,0.80419921875,0.7398681640625,0.3640340268611908,0.8044281005859375,0.4181722104549408
950,2,0.7880859375,0.78912353515625,0.3489990234375,0.925048828125,0.4632974863052368
950,2,0.71875,0.591583251953125,0.3513590693473816,0.684478759765625,0.4386799931526184
950,2,0.60498046875,0.513519287109375,0.35400390625,0.5911865234375,0.43646240234375
951,2,0.86328125,0.8282470703125,0.3634440302848816,0.999267578125,0.7692057490348816
951,2,0.77001953125,0.744537353515625,0.36346435546875,0.8084716796875,0.4161376953125
951,2,0.7568359375,0.793701171875,0.3460286557674408,0.92645263671875,0.4655354917049408
951,2,0.74853515625,0.589080810546875,0.3490804135799408,0.690216064453125,0.4450276792049408
951,2,0.7294921875,0.50360107421875,0.352294921875,0.590057373046875,0.4419351816177368
951,2,0.60302734375,0.26995849609375,0.35577392578125,0.339324951171875,0.41021728515625
951,2,0.5634765625,0.00048828125,0.3229573369026184,0.133758544921875,0.4266764521598816
952,2,0.85693359375,0.82562255859375,0.35791015625,0.99957275390625,0.7389322519302368
952,2,0.83251953125,0.79583740234375,0.3369954228401184,0.9306640625,0.4717203974723816
952,2,0.74072265625,0.752166748046875,0.3579508662223816,0.81292724609375,0.4125366806983948
952,2,0.66259765625,0.624359130859375,0.3500773310661316,0.69580078125,0.4176025986671448
952,2,0.6416015625,0.251220703125,0.3471272587776184,0.327301025390625,0.3982951045036316
952,2,0.619140625,-0.000152587890625,0.31298828125,0.08294677734375,0.4442545771598816
952,2,0.609375,0.511962890625,0.347900390625,0.591033935546875,0.41455078125
952,2,0.5048828125,0.116973876953125,0.3421427309513092,0.205841064453125,0.4141031801700592
953,2,0.85986328125,0.82403564453125,0.3564453125,0.99969482421875,0.73193359375
953,2,0.78369140625,0.7581634521484375,0.3603515625,0.82257080078125,0.4178466796875
953,2,0.6845703125,0.8043212890625,0.3404947817325592,0.9365234375,0.4523111879825592
953,2,0.66552734375,0.514801025390625,0.3494059145450592,0.59210205078125,0.4265543520450592
953,2,0.62353515625,0.6246337890625,0.3474527895450592,0.68804931640625,0.4219156801700592
954,2,0.88818359375,0.82073974609375,0.3584798276424408,0.999755859375,0.7081705331802368
954,2,0.740234375,0.7583160400390625,0.3620402216911316,0.821319580078125,0.4201253056526184
954,2,0.736328125,0.80194091796875,0.344482421875,0.93572998046875,0.460693359375
954,2,0.6826171875,0.623992919921875,0.3497110903263092,0.685760498046875,0.4172159731388092
954,2,0.60498046875,-9.1552734375e-05,0.3377278447151184,0.136962890625,0.4466959834098816
954,2,0.5634765625,0.512725830078125,0.3524169921875,0.591064453125,0.4331461191177368
954,2,0.51611328125,0.00042724609375,0.3398030400276184,0.13470458984375,0.3871459364891052
955,2,0.86865234375,0.8131103515625,0.357421875,0.99981689453125,0.7254232168197632
955,2,0.7421875,0.75421142578125,0.36114501953125,0.8168487548828125,0.4204915761947632
955,2,0.66748046875,0.800994873046875,0.3426920771598816,0.93475341796875,0.4620361924171448
955,2,0.64306640625,0.507354736328125,0.36669921875,0.586822509765625,0.43896484375
955,2,0.63427734375,0.673004150390625,0.3603312373161316,0.7197723388671875,0.4121907353401184
955,2,0.6337890625,0.6198272705078125,0.35400390625,0.684173583984375,0.4174398183822632
956,2,0.87744140625,0.80767822265625,0.3504231572151184,0.99969482421875,0.7371419072151184
956,2,0.779296875,0.75714111328125,0.3587442934513092,0.82305908203125,0.4184977114200592
956,2,0.65625,0.80450439453125,0.3411458134651184,0.93756103515625,0.4365233778953552
956,2,0.650390625,0.6183624267578125,0.3483072817325592,0.676910400390625,0.4178873598575592
956,2,0.60009765625,0.5009765625,0.3468017578125,0.58343505859375,0.4332275390625
956,2,0.58740234375,0.6731414794921875,0.3599039912223816,0.7180938720703125,0.4075928330421448
956,2,0.50341796875,-0.000213623046875,0.3328857421875,0.07965087890625,0.4525146484375
957,2,0.85546875,0.80511474609375,0.35009765625,0.999755859375,0.73388671875
957,2,0.72607421875,0.755889892578125,0.3576456904411316,0.82574462890625,0.4214680790901184
957,2,0.69384765625,0.6707763671875,0.3584391176700592,0.7213134765625,0.4101969301700592
957,2,0.64501953125,0.6185150146484375,0.3502604067325592,0.675628662109375,0.4176432192325592
957,2,0.59912109375,0.4959716796875,0.3469645380973816,0.582061767578125,0.4353840947151184
957,2,0.56787109375,0.04290771484375,0.3396809995174408,0.17926025390625,0.4222615659236908
957,2,0.54296875,0.5873870849609375,0.3578694462776184,0.6239776611328125,0.4080809950828552
958,2,0.873046875,0.80413818359375,0.3483072817325592,0.99981689453125,0.7293294668197632
958,2,0.82568359375,0.000152587890625,0.3321126103401184,0.11346435546875,0.4326578974723816
958,2,0.76953125,0.75543212890625,0.3600667417049408,0.82611083984375,0.4229939877986908
958,2,0.63671875,0.61700439453125,0.3475748896598816,0.6765289306640625,0.4241333603858948
958,2,0.55517578125,0.670989990234375,0.3541056513786316,0.7214202880859375,0.4117432236671448
958,2,0.544921875,0.496368408203125,0.3483683168888092,0.578460693359375,0.4172159731388092
958,2,0.53564453125,0.80712890625,0.3417561650276184,0.923004150390625,0.4415690302848816
959,2,0.87158203125,0.80670166015625,0.3582356572151184,0.99981689453125,0.7522786259651184
959,2,0.85595703125,0.75726318359375,0.3646240234375,0.83709716796875,0.4389241933822632
959,2,0.740234375,-0.0001220703125,0.3315022885799408,0.046112060546875,0.4489339292049408
959,2,0.67236328125,0.612060546875,0.3675537109375,0.678924560546875,0.4324136972427368
959,2,0.5576171875,0.4981689453125,0.35369873046875,0.57781982421875,0.43505859375
959,2,0.53564453125,0.8131103515625,0.3470052182674408,0.90167236328125,0.4571126401424408
960,2,0.76806640625,0.80963134765625,0.3621419072151184,0.9998779296875,0.7605794072151184
960,2,0.7451171875,0.764892578125,0.3584798276424408,0.845703125,0.4355061948299408
960,2,0.70556640625,0.2449798583984375,0.3554890751838684,0.2953338623046875,0.3989054560661316
960,2,0.642578125,0.618682861328125,0.3582356870174408,0.67950439453125,0.4202474057674408
960,2,0.63427734375,0.298828125,0.3635661005973816,0.3495941162109375,0.3968098759651184
960,2,0.625,0.488861083984375,0.3531087040901184,0.5792236328125,0.4396159052848816
960,2,0.57373046875,0.817352294921875,0.341552734375,0.9102783203125,0.44970703125
960,2,0.560546875,0.588226318359375,0.3583781123161316,0.6311492919921875,0.4153035283088684
961,2,0.8759765625,0.767242431640625,0.3590291440486908,0.85491943359375,0.4350179135799408
961,2,0.8291015625,0.81573486328125,0.3601888418197632,0.999755859375,0.74658203125
961,2,0.6826171875,0.493011474609375,0.3449503779411316,0.579315185546875,0.4351399540901184
961,2,0.677734375,0.6194000244140625,0.3531900942325592,0.6796875,0.4220987856388092
961,2,0.6123046875,0.2147674560546875,0.35211181640625,0.272857666015625,0.3960367441177368
961,2,0.58935546875,0.6771240234375,0.3562825620174408,0.7323150634765625,0.4178670346736908
961,2,0.5419921875,0.2713623046875,0.3526408076286316,0.3339691162109375,0.3985798954963684
961,2,0.5068359375,0.5927276611328125,0.35772705078125,0.6310272216796875,0.41839599609375
962,2,0.822265625,0.770782470703125,0.3586018979549408,0.868408203125,0.4362996518611908
962,2,0.796875,0.6202392578125,0.3742268681526184,0.681976318359375,0.4266356825828552
962,2,0.73583984375,0.81939697265625,0.35693359375,0.99981689453125,0.79443359375
962,2,0.7294921875,0.4869384765625,0.3476155698299408,0.57916259765625,0.4414876401424408
962,2,0.69921875,0.67938232421875,0.3553263247013092,0.735809326171875,0.4164225161075592
962,2,0.626953125,0.343292236328125,0.3617350161075592,0.390777587890625,0.4003092348575592
962,2,0.60400390625,0.838470458984375,0.3399658203125,0.940643310546875,0.4542236328125
962,2,0.59765625,0.169921875,0.3497111201286316,0.252777099609375,0.3957520127296448
962,2,0.5634765625,0.5919036865234375,0.3591511845588684,0.637725830078125,0.4173583388328552
962,2,0.51318359375,0.249481201171875,0.35150146484375,0.311798095703125,0.4028524160385132
963,2,0.85498046875,0.77789306640625,0.3654988706111908,0.87469482421875,0.4405721127986908
963,2,0.77685546875,0.82867431640625,0.3727213740348816,0.99951171875,0.7755534052848816
963,2,0.70751953125,0.623748779296875,0.3807780146598816,0.683319091796875,0.4335327744483948
963,2,0.6708984375,0.4910888671875,0.3525390625,0.579193115234375,0.4420572519302368
963,2,0.6298828125,0.000213623046875,0.3396809995174408,0.0916748046875,0.4456380307674408
963,2,0.5966796875,0.12164306640625,0.3538615107536316,0.224700927734375,0.4039917588233948
963,2,0.5751953125,0.875640869140625,0.34552001953125,0.9559326171875,0.4019775390625
963,2,0.568359375,0.59344482421875,0.36297607421875,0.6324005126953125,0.4116414785385132
963,2,0.56591796875,0.2298583984375,0.35211181640625,0.29296875,0.4026082754135132
963,2,0.50341796875,0.331268310546875,0.3673298954963684,0.3799896240234375,0.4046427607536316
964,2,0.84130859375,0.833984375,0.36962890625,0.9989013671875,0.7063802480697632
964,2,0.79443359375,0.7801513671875,0.3649699091911316,0.8868408203125,0.4463093876838684
964,2,0.78466796875,0.486358642578125,0.3533935546875,0.57745361328125,0.4445394277572632
964,2,0.703125,0.083892822265625,0.35552978515625,0.167572021484375,0.4102783203125
964,2,0.5947265625,0.5926055908203125,0.3645222783088684,0.63482666015625,0.4169310927391052
964,2,0.5927734375,0.85931396484375,0.35009765625,0.98468017578125,0.4574788808822632
964,2,0.59228515625,0.622467041015625,0.3722940981388092,0.683868408203125,0.4303385317325592
964,2,0.5029296875,0.000213623046875,0.3482258915901184,0.0340118408203125,0.4202880263328552
964,2,0.501953125,0.201934814453125,0.34991455078125,0.26959228515625,0.4049886465072632
965,2,0.80078125,0.842041015625,0.3684895634651184,0.999267578125,0.6953938603401184
965,2,0.79541015625,0.484100341796875,0.345947265625,0.57525634765625,0.4418538808822632
965,2,0.744140625,0.041748046875,0.3455403447151184,0.13916015625,0.4145914912223816
965,2,0.7392578125,0.766754150390625,0.3582763671875,0.895751953125,0.4423421621322632
965,2,0.73486328125,0.6813812255859375,0.35577392578125,0.74676513671875,0.4231363534927368
965,2,0.7314453125,0.6247406005859375,0.3621419072151184,0.68359375,0.4247435927391052
965,2,0.70458984375,0.87457275390625,0.3430582880973816,0.997802734375,0.4546712040901184
965,2,0.64404296875,0.12823486328125,0.34295654296875,0.234161376953125,0.3987222909927368
965,2,0.63134765625,0.2982330322265625,0.3617146909236908,0.3626708984375,0.4043782651424408
965,2,0.60107421875,0.2322998046875,0.3479817807674408,0.2877197265625,0.4020589292049408
965,2,0.58935546875,0.5938873291015625,0.3561197817325592,0.636627197265625,0.4197184145450592
965,2,0.541015625,0.17279052734375,0.3436076045036316,0.2330780029296875,0.3912556767463684
966,2,0.81201171875,0.88726806640625,0.3429768979549408,0.99993896484375,0.4652913510799408
966,2,0.7763671875,0.786529541015625,0.3584797978401184,0.90325927734375,0.4479166865348816
966,2,0.76171875,0.48175048828125,0.3468831181526184,0.573944091796875,0.4411417841911316
966,2,0.75244140625,0.84844970703125,0.3857421875,0.99871826171875,0.716552734375
966,2,0.7509765625,0.6806640625,0.3551838994026184,0.747283935546875,0.4256388545036316
966,2,0.69775390625,0.192779541015625,0.3469441533088684,0.2679443359375,0.4030558466911316
966,2,0.662109375,0.623809814453125,0.3720296025276184,0.683685302734375,0.4288126826286316
966,2,0.63623046875,0.1216278076171875,0.34307861328125,0.19256591796875,0.4141439199447632
966,2,0.61962890625,0.5923614501953125,0.3612060546875,0.6357574462890625,0.41973876953125
966,2,0.5634765625,-3.0517578125e-05,0.344482421875,0.082122802734375,0.41552734375
966,2,0.5400390625,0.279052734375,0.36297607421875,0.34185791015625,0.40972900390625
967,2,0.8583984375,0.0006103515625,0.3423258662223816,0.14215087890625,0.4320068955421448
967,2,0.853515625,0.78973388671875,0.3567301630973816,0.914794921875,0.4500325322151184
967,2,0.77685546875,0.85693359375,0.3639322817325592,1.0,0.7234700918197632
967,2,0.7724609375,0.68206787109375,0.3547566831111908,0.7516632080078125,0.4287923276424408
967,2,0.6748046875,0.478424072265625,0.3476969599723816,0.573822021484375,0.4461670517921448
967,2,0.666015625,0.157318115234375,0.34808349609375,0.24432373046875,0.4012655019760132
967,2,0.61328125,0.2469482421875,0.3574422001838684,0.3253173828125,0.4112955927848816
967,2,0.5869140625,0.6229095458984375,0.3696492314338684,0.683013916015625,0.4287719130516052
967,2,0.54736328125,0.59259033203125,0.3613077998161316,0.6312103271484375,0.4222005009651184
968,2,0.85400390625,0.86590576171875,0.34033203125,1.000244140625,0.7587890625
968,2,0.84130859375,0.7955322265625,0.3511962890625,0.9288330078125,0.4520670175552368
968,2,0.79443359375,0.476104736328125,0.3449299931526184,0.56842041015625,0.4431762099266052
968,2,0.767578125,3.0517578125e-05,0.340576171875,0.07525634765625,0.44873046875
968,2,0.74755859375,0.591094970703125,0.3507486879825592,0.68414306640625,0.4250284731388092
968,2,0.693359375,0.120849609375,0.338623046875,0.21966552734375,0.4046630859375
968,2,0.650390625,0.685394287109375,0.3555094599723816,0.754913330078125,0.4314168095588684
968,2,0.5107421875,0.2254638671875,0.3541666865348816,0.3017120361328125,0.4101765751838684
968,2,0.50732421875,0.7458343505859375,0.3260091245174408,0.820892333984375,0.4367268979549408
969,2,0.85595703125,0.800262451171875,0.356689453125,0.94158935546875,0.4542236328125
969,2,0.82470703125,0.87762451171875,0.3846028447151184,0.999664306640625,0.7510579228401184
969,2,0.732421875,0.469696044921875,0.3517252504825592,0.56689453125,0.4448648989200592
969,2,0.689453125,0.684600830078125,0.3544514775276184,0.75567626953125,0.4327391982078552
969,2,0.642578125,0.412200927734375,0.38812255859375,0.455780029296875,0.4169107675552368
969,2,0.6376953125,0.1708984375,0.3518880009651184,0.27880859375,0.4155272841453552
969,2,0.615234375,0.59124755859375,0.3548583984375,0.683074951171875,0.4300943613052368
969,2,0.5849609375,0.06719970703125,0.341796875,0.193145751953125,0.4159749746322632
969,2,0.51806640625,0.020263671875,0.3686930537223816,0.07373046875,0.4136555790901184
970,2,0.8662109375,0.80609130859375,0.3607177734375,0.95361328125,0.463623046875
970,2,0.84130859375,0.12713623046875,0.3506673276424408,0.247955322265625,0.4204915463924408
970,2,0.7890625,0.89178466796875,0.3912760615348816,0.999664306640625,0.7462565302848816
970,2,0.7705078125,0.469696044921875,0.3524983823299408,0.56744384765625,0.4507649838924408
970,2,0.75390625,0.68560791015625,0.3601481318473816,0.760528564453125,0.4328613877296448
970,2,0.71044921875,0.61669921875,0.3602701723575592,0.684600830078125,0.4344278872013092
970,2,0.6982421875,0.0032958984375,0.3341471254825592,0.1409912109375,0.4209391176700592
970,2,0.6591796875,0.410888671875,0.39068603515625,0.45330810546875,0.41668701171875
970,7,0.5283203125,0.754364013671875,0.3251546025276184,0.84649658203125,0.4393717646598816
971,2,0.84423828125,0.80902099609375,0.3624674677848816,0.96588134765625,0.4707031846046448
971,2,0.83056640625,0.0711669921875,0.3507893681526184,0.21380615234375,0.4302164912223816
971,2,0.7724609375,0.68011474609375,0.3642985224723816,0.766326904296875,0.4395752549171448
971,2,0.71630859375,0.468780517578125,0.3523356020450592,0.56561279296875,0.4534098207950592
971,2,0.6953125,0.6180419921875,0.3611653745174408,0.684661865234375,0.4392903745174408
971,2,0.6748046875,0.90570068359375,0.36181640625,0.9998779296875,0.7650552988052368
971,7,0.58984375,0.757110595703125,0.3248291015625,0.862060546875,0.4390462636947632
971,2,0.5732421875,0.4121551513671875,0.3923136591911316,0.4478759765625,0.4191895127296448
971,2,0.54248046875,0.00067138671875,0.32818603515625,0.09246826171875,0.4295247793197632
972,2,0.9267578125,0.8165283203125,0.3592529296875,0.98138427734375,0.4798990488052368
972,2,0.87353515625,0.0181884765625,0.3425700068473816,0.18121337890625,0.4325764775276184
972,2,0.81591796875,0.4062957763671875,0.3893229365348816,0.4438934326171875,0.4182129502296448
972,2,0.75390625,0.6184539794921875,0.3575846552848816,0.684326171875,0.4401856064796448
972,2,0.71826171875,0.680511474609375,0.3642985224723816,0.766510009765625,0.4418335556983948
972,2,0.70654296875,0.46453857421875,0.3505859375,0.564208984375,0.4518636465072632
972,2,0.5869140625,0.5854339599609375,0.362548828125,0.6269378662109375,0.42584228515625
972,2,0.5537109375,0.92626953125,0.3582357168197632,0.999755859375,0.79248046875
972,2,0.53466796875,0.2465057373046875,0.3719482421875,0.31329345703125,0.4219156503677368
973,2,0.85546875,0.8250732421875,0.3631591796875,0.9979248046875,0.48193359375
973,2,0.78466796875,0.68316650390625,0.3622233271598816,0.7685546875,0.4404500126838684
973,2,0.74267578125,0.4047698974609375,0.3881632387638092,0.441192626953125,0.4219767153263092
973,2,0.72265625,0.6215667724609375,0.3636881709098816,0.685760498046875,0.4412232041358948
973,2,0.71630859375,0.4642333984375,0.3502604067325592,0.5614013671875,0.4517008364200592
973,2,0.5712890625,0.583343505859375,0.3719889223575592,0.6252899169921875,0.4295450747013092
973,2,0.54833984375,0.000213623046875,0.3417561650276184,0.121826171875,0.4430338740348816
974,2,0.87060546875,0.837646484375,0.3624674677848816,0.9984130859375,0.4843750596046448
974,2,0.83740234375,0.46429443359375,0.35302734375,0.565887451171875,0.4581298828125
974,2,0.724609375,0.689056396484375,0.364013671875,0.772613525390625,0.4413655996322632
974,2,0.69091796875,0.580322265625,0.3627522587776184,0.690155029296875,0.4470011591911316
974,2,0.64599609375,0.4019012451171875,0.3893839716911316,0.4373779296875,0.4238281846046448
975,2,0.87451171875,0.84814453125,0.3593342900276184,0.998046875,0.48828125
975,2,0.7890625,0.466033935546875,0.34814453125,0.566802978515625,0.4551595449447632
975,2,0.7705078125,0.15191650390625,0.3614501953125,0.254669189453125,0.42498779296875
975,2,0.7001953125,0.6864013671875,0.36328125,0.77789306640625,0.43829345703125
975,2,0.69873046875,0.3105621337890625,0.3847452998161316,0.3611602783203125,0.4254353642463684
975,2,0.68701171875,0.3941650390625,0.3841349482536316,0.4351959228515625,0.4243164658546448
975,2,0.6337890625,0.56689453125,0.36920166015625,0.631866455078125,0.43634033203125
975,2,0.609375,0.626007080078125,0.3690185546875,0.691741943359375,0.4410400390625
976,2,0.8984375,0.857666015625,0.3639729619026184,0.9986572265625,0.50634765625
976,2,0.7919921875,0.4608154296875,0.3556722104549408,0.567291259765625,0.4594319760799408
976,2,0.65380859375,0.7066650390625,0.3646240234375,0.7873077392578125,0.44390869140625
976,2,0.64404296875,0.5793609619140625,0.37451171875,0.634429931640625,0.4395751953125
976,2,0.642578125,0.38629150390625,0.3890787661075592,0.4393157958984375,0.4326578676700592
976,2,0.611328125,0.628387451171875,0.362060546875,0.6949462890625,0.4433797597885132
976,2,0.583984375,0.11126708984375,0.36212158203125,0.22052001953125,0.4329833984375
976,2,0.54736328125,0.2940216064453125,0.38494873046875,0.3459320068359375,0.4313150644302368
977,2,0.90380859375,0.87127685546875,0.3568115234375,0.999603271484375,0.5064290165901184
977,2,0.8251953125,0.464569091796875,0.3523356020450592,0.569732666015625,0.4595133364200592
977,2,0.75830078125,0.69012451171875,0.3505859375,0.785797119140625,0.4405924081802368
977,2,0.71826171875,-6.103515625e-05,0.3326823115348816,0.1878662109375,0.4385579228401184
977,2,0.6591796875,0.6290435791015625,0.3597005009651184,0.695068359375,0.4435424208641052
977,2,0.65234375,0.58087158203125,0.3699951171875,0.6363983154296875,0.4393717050552368
977,2,0.5927734375,0.3838653564453125,0.38421630859375,0.437408447265625,0.4272664785385132
977,2,0.568359375,0.2723388671875,0.3781941533088684,0.342742919921875,0.4269816279411316
978,2,0.88671875,0.88189697265625,0.3599446415901184,0.999481201171875,0.5132243037223816
978,2,0.78173828125,0.464019775390625,0.3546142578125,0.573150634765625,0.4651693105697632
978,2,0.734375,-6.103515625e-05,0.345458984375,0.13897705078125,0.4486490488052368
978,2,0.73046875,0.696502685546875,0.3556721806526184,0.793304443359375,0.4394530653953552
978,2,0.65234375,0.6265106201171875,0.3578287661075592,0.699951171875,0.4451090395450592
978,2,0.61962890625,0.375762939453125,0.3833821713924408,0.43695068359375,0.4312337338924408
978,2,0.5966796875,0.24603271484375,0.3738606870174408,0.3176422119140625,0.4300740659236908
978,2,0.591796875,0.578399658203125,0.3575032353401184,0.63543701171875,0.4411010146141052
978,2,0.515625,0.1314697265625,0.3840738832950592,0.238250732421875,0.4313150942325592
979,2,0.8671875,0.895721435546875,0.3568522334098816,0.999298095703125,0.521484375
979,2,0.80078125,0.4635009765625,0.3533935546875,0.56842041015625,0.457275390625
979,2,0.751953125,0.21478271484375,0.37060546875,0.294189453125,0.42950439453125
979,2,0.71826171875,0.6248779296875,0.3582356572151184,0.698638916015625,0.4475504755973816
979,2,0.7001953125,0.371307373046875,0.38006591796875,0.4251556396484375,0.4303995370864868
979,2,0.6826171875,0.71343994140625,0.3599853515625,0.794647216796875,0.4447021484375
979,2,0.61767578125,0.09771728515625,0.37860107421875,0.193145751953125,0.43072509765625
979,2,0.53759765625,0.577667236328125,0.35595703125,0.6374969482421875,0.4432373046875
980,2,0.83642578125,0.909912109375,0.3595784902572632,0.999267578125,0.5296224355697632
980,2,0.8076171875,0.4613037109375,0.3557942509651184,0.569000244140625,0.4626464247703552
980,2,0.7431640625,0.69439697265625,0.3646240234375,0.7974853515625,0.44964599609375
980,2,0.74072265625,0.62060546875,0.3621419072151184,0.697723388671875,0.4528807997703552
980,2,0.693359375,0.16796875,0.3700358271598816,0.27093505859375,0.4347737431526184
980,2,0.6630859375,0.04144287109375,0.3736979067325592,0.16571044921875,0.4338785707950592
980,2,0.61962890625,0.363525390625,0.3804524540901184,0.4114227294921875,0.4304808974266052
981,2,0.8525390625,0.1156005859375,0.3648274540901184,0.23486328125,0.4425048232078552
981,2,0.79052734375,0.619415283203125,0.3623046875,0.699920654296875,0.4562581777572632
981,2,0.77294921875,0.45941162109375,0.3620198369026184,0.566864013671875,0.4728190302848816
981,2,0.73388671875,0.698638916015625,0.3617757260799408,0.801605224609375,0.4555257260799408
981,2,0.6845703125,0.922332763671875,0.3631184697151184,0.999908447265625,0.53759765625
981,2,0.6416015625,0.3560943603515625,0.3800048828125,0.405059814453125,0.43353271484375
981,2,0.552734375,-3.0517578125e-05,0.3417561650276184,0.054046630859375,0.4385985732078552
981,2,0.50439453125,0.3906707763671875,0.3848469853401184,0.439239501953125,0.4323729872703552
982,2,0.86767578125,0.046875,0.3632405400276184,0.186309814453125,0.4460856318473816
982,2,0.77587890625,0.61724853515625,0.3653564453125,0.701171875,0.4576212167739868
982,2,0.705078125,0.6953125,0.3662516474723816,0.80572509765625,0.4562988877296448
982,2,0.6845703125,0.459228515625,0.3632405400276184,0.566925048828125,0.4815673232078552
982,2,0.65625,0.580535888671875,0.3841959536075592,0.632080078125,0.4493815004825592
982,2,0.59521484375,0.937225341796875,0.3779296875,0.9996337890625,0.5473225712776184
982,2,0.56005859375,0.34197998046875,0.3794352114200592,0.39697265625,0.4373575747013092
982,2,0.5322265625,0.412567138671875,0.3901570737361908,0.4581756591796875,0.4357503354549408
983,2,0.8134765625,0.0,0.3560791015625,0.13232421875,0.4600423574447632
983,2,0.7802734375,0.4580078125,0.3634846806526184,0.56658935546875,0.4764811396598816
983,2,0.7373046875,0.325958251953125,0.3737589716911316,0.3916473388671875,0.4357503056526184
983,2,0.7314453125,0.618011474609375,0.3624267578125,0.7041015625,0.4574788808822632
983,2,0.69921875,0.576568603515625,0.3787434995174408,0.629913330078125,0.4488118588924408
983,2,0.64404296875,0.137786865234375,0.3887125849723816,0.2130126953125,0.4336751103401184
983,2,0.62255859375,0.414276123046875,0.3863322138786316,0.4571380615234375,0.4348958134651184
983,2,0.60498046875,0.69854736328125,0.3622640073299408,0.808349609375,0.4505208432674408
983,2,0.525390625,0.956024169921875,0.3844401240348816,0.999725341796875,0.5606282353401184
984,2,0.8251953125,0.452880859375,0.3616129457950592,0.56719970703125,0.4777018129825592
984,2,0.79541015625,0.61865234375,0.3626708984375,0.704010009765625,0.4574788808822632
984,2,0.72314453125,0.100433349609375,0.38433837890625,0.183380126953125,0.4325765371322632
984,2,0.619140625,0.4128875732421875,0.3939208984375,0.4560394287109375,0.4327188730239868
984,2,0.60595703125,-0.0001068115234375,0.3487548828125,0.05999755859375,0.4707845449447632
984,2,0.60302734375,0.579803466796875,0.3802897036075592,0.6309814453125,0.4479166567325592
984,2,0.59765625,0.32354736328125,0.367431640625,0.3851318359375,0.4274088144302368
984,2,0.587890625,0.24957275390625,0.4031779170036316,0.3004302978515625,0.4327393174171448
985,2,0.845703125,0.70477294921875,0.3499755859375,0.816925048828125,0.4455972909927368
985,2,0.83544921875,0.45159912109375,0.3533528745174408,0.56689453125,0.4731038510799408
985,2,0.7685546875,0.619232177734375,0.3665364384651184,0.705230712890625,0.4522704482078552
985,2,0.72802734375,0.05865478515625,0.3743489384651184,0.149322509765625,0.4204100966453552
985,2,0.638671875,0.2401123046875,0.39215087890625,0.28729248046875,0.4243367910385132
985,2,0.6337890625,0.5797576904296875,0.3760986328125,0.627227783203125,0.43402099609375
985,2,0.60107421875,0.312225341796875,0.3558553159236908,0.37823486328125,0.4239705502986908
985,2,0.5859375,0.4117889404296875,0.37286376953125,0.4568023681640625,0.4254150390625
985,5,0.5185546875,0.76739501953125,0.3056233823299408,0.93487548828125,0.4297688901424408
986,2,0.8720703125,0.44927978515625,0.3559977114200592,0.5667724609375,0.4751383364200592
986,2,0.72509765625,0.61822509765625,0.3555094301700592,0.70654296875,0.4519449770450592
986,2,0.701171875,0.709442138671875,0.35595703125,0.83056640625,0.4443765878677368
986,2,0.70068359375,0.0010986328125,0.3697102665901184,0.105194091796875,0.4266967177391052
986,2,0.56396484375,0.578521728515625,0.37286376953125,0.6284027099609375,0.4340616464614868
986,2,0.53955078125,0.302001953125,0.3542683720588684,0.365325927734375,0.4239909052848816
987,2,0.90234375,0.44854736328125,0.3582763671875,0.56695556640625,0.4830728769302368
987,2,0.76953125,0.621612548828125,0.3599039614200592,0.71551513671875,0.4569498598575592
987,2,0.66455078125,0.58154296875,0.3733317255973816,0.6306610107421875,0.4373779892921448
987,5,0.625,0.7952880859375,0.2997233271598816,0.9947509765625,0.4364013671875
987,2,0.58447265625,0.714263916015625,0.3589681088924408,0.8544921875,0.4513753354549408
987,2,0.53369140625,-0.00030517578125,0.36822509765625,0.0623321533203125,0.4311319589614868
988,2,0.84912109375,0.45220947265625,0.347900390625,0.569427490234375,0.4693197011947632
988,2,0.80322265625,0.724456787109375,0.34716796875,0.83197021484375,0.4435220956802368
988,5,0.76513671875,0.8118896484375,0.2810872197151184,0.9989013671875,0.445556640625
988,2,0.73779296875,0.623809814453125,0.3528239130973816,0.703765869140625,0.4480794072151184
988,2,0.6259765625,0.0845947265625,0.3658447265625,0.15631103515625,0.41058349609375
988,2,0.59375,0.589202880859375,0.3665364682674408,0.6328887939453125,0.4274495542049408
989,2,0.888671875,0.45172119140625,0.3525390625,0.572021484375,0.4769693613052368
989,2,0.86328125,0.722900390625,0.3496907651424408,0.838836669921875,0.4516194760799408
989,5,0.814453125,0.82781982421875,0.2750244140625,0.99957275390625,0.4549967646598816
989,2,0.802734375,0.624359130859375,0.3597412109375,0.70220947265625,0.4530233144760132
989,2,0.6142578125,0.044219970703125,0.364013671875,0.12518310546875,0.4168905019760132
989,2,0.53125,0.24310302734375,0.3392740786075592,0.38580322265625,0.4322916567325592
989,2,0.50634765625,0.5933074951171875,0.3680419921875,0.6342315673828125,0.4077352285385132
990,2,0.91748046875,0.45172119140625,0.3597819209098816,0.575042724609375,0.4884846806526184
990,2,0.83935546875,0.728271484375,0.3567301332950592,0.84857177734375,0.4673258364200592
990,2,0.7802734375,0.62921142578125,0.3649088442325592,0.707763671875,0.4553019106388092
990,2,0.68017578125,0.003265380859375,0.3641154170036316,0.092529296875,0.4205525517463684
990,2,0.6298828125,0.5926361083984375,0.3749186098575592,0.6373138427734375,0.4402872622013092
990,2,0.56689453125,0.34521484375,0.366455078125,0.3874359130859375,0.4271646738052368
990,2,0.54833984375,0.0853271484375,0.3743692934513092,0.1617431640625,0.4255777895450592
990,2,0.51025390625,0.21881103515625,0.34228515625,0.38616943359375,0.4372152090072632
991,2,0.92919921875,0.451171875,0.3533528447151184,0.57672119140625,0.4862060546875
991,2,0.83056640625,0.735260009765625,0.3529459536075592,0.850311279296875,0.4512125551700592
991,2,0.78759765625,0.62786865234375,0.3649088442325592,0.707611083984375,0.4521280825138092
991,5,0.751953125,0.85858154296875,0.2591959536075592,0.999542236328125,0.4772135317325592
991,2,0.650390625,0.03826904296875,0.3617350161075592,0.127685546875,0.4199625551700592
991,2,0.64013671875,0.19281005859375,0.3329264521598816,0.314178466796875,0.4437256455421448
991,2,0.56005859375,0.2974853515625,0.3494873046875,0.37841796875,0.4260457754135132
991,2,0.53369140625,0.597442626953125,0.37115478515625,0.6364898681640625,0.4074300527572632
991,2,0.5263671875,0.6894073486328125,0.3827921748161316,0.72564697265625,0.4425659775733948
991,2,0.5224609375,1.52587890625e-05,0.3560384213924408,0.0540771484375,0.4190267026424408
992,2,0.90625,0.45062255859375,0.3534342646598816,0.577728271484375,0.4886474609375
992,2,0.8203125,0.73638916015625,0.3507080078125,0.857391357421875,0.4610595703125
992,5,0.8115234375,0.89654541015625,0.2440592348575592,0.999420166015625,0.4684244692325592
992,2,0.7734375,0.627044677734375,0.3622640073299408,0.70465087890625,0.4499104917049408
992,2,0.76318359375,-0.00054931640625,0.3610026240348816,0.078338623046875,0.4259644150733948
992,2,0.720703125,0.14324951171875,0.3285319209098816,0.295745849609375,0.4465332627296448
992,2,0.60107421875,0.691070556640625,0.3818562626838684,0.72955322265625,0.4338988661766052
992,2,0.59130859375,0.5951995849609375,0.3686726987361908,0.6355743408203125,0.4289143979549408
992,2,0.564453125,0.280426025390625,0.3476155400276184,0.3748779296875,0.4261474013328552
992,2,0.56396484375,0.3241119384765625,0.3522135317325592,0.3760833740234375,0.4220377504825592
993,2,0.92333984375,0.447998046875,0.3501790165901184,0.58074951171875,0.4883219599723816
993,2,0.8076171875,0.740020751953125,0.3477376401424408,0.86029052734375,0.4541829526424408
993,2,0.70751953125,0.629180908203125,0.3576253354549408,0.706329345703125,0.4445393979549408
993,2,0.7021484375,0.299468994140625,0.345947265625,0.363250732421875,0.4165853261947632
993,5,0.6748046875,0.9239501953125,0.2394205629825592,0.999786376953125,0.4720865786075592
993,2,0.60498046875,0.593475341796875,0.3695068359375,0.63568115234375,0.4286295175552368
993,2,0.55517578125,0.09136962890625,0.3203531801700592,0.263916015625,0.4536539614200592
993,2,0.54736328125,0.25146484375,0.328857421875,0.322418212890625,0.4246011972427368
993,2,0.5068359375,0.39398193359375,0.3691813051700592,0.449188232421875,0.4154459536075592
994,2,0.900390625,0.4462890625,0.3428955078125,0.58416748046875,0.4876301884651184
994,2,0.89208984375,0.736602783203125,0.3424479067325592,0.857269287109375,0.4525553286075592
994,2,0.81201171875,0.02410888671875,0.3064778447151184,0.2366943359375,0.4620361328125
994,2,0.71142578125,0.223236083984375,0.3245849609375,0.307342529296875,0.42498779296875
994,2,0.7080078125,0.628082275390625,0.353271484375,0.70849609375,0.4367879629135132
994,2,0.6826171875,0.29638671875,0.3360392153263092,0.3531036376953125,0.4101969301700592
994,2,0.54638671875,0.5980224609375,0.3572184443473816,0.6347503662109375,0.4161580204963684
995,2,0.9111328125,0.738189697265625,0.3430989682674408,0.85504150390625,0.4501546323299408
995,2,0.875,0.444580078125,0.3412272334098816,0.58868408203125,0.49072265625
995,2,0.71826171875,0.0,0.2578938901424408,0.2008056640625,0.4737142026424408
995,2,0.64892578125,0.274932861328125,0.33526611328125,0.3422393798828125,0.4161376953125
995,2,0.61181640625,0.187408447265625,0.3254801630973816,0.286285400390625,0.4313965439796448
995,2,0.59521484375,0.629180908203125,0.3509521484375,0.711395263671875,0.4384765625
996,2,0.916015625,0.43988037109375,0.3375650942325592,0.59100341796875,0.4902750551700592
996,2,0.87744140625,0.734619140625,0.3389078974723816,0.85345458984375,0.4392903447151184
996,2,0.85986328125,-0.000244140625,0.269775390625,0.15899658203125,0.488037109375
996,2,0.75537109375,0.62322998046875,0.3381754457950592,0.716094970703125,0.4287516176700592
996,2,0.7294921875,0.150726318359375,0.3174235224723816,0.26849365234375,0.4287922978401184
996,2,0.65283203125,0.254730224609375,0.3263346254825592,0.32720947265625,0.4109903872013092
996,2,0.63134765625,0.91595458984375,0.33905029296875,0.997833251953125,0.3905435800552368
996,2,0.576171875,0.8586578369140625,0.3606364130973816,0.91851806640625,0.3957520127296448
997,2,0.9072265625,0.43841552734375,0.3370768129825592,0.59075927734375,0.4966227114200592
997,2,0.89990234375,0.73394775390625,0.3417155146598816,0.845703125,0.4416504502296448
997,2,0.81591796875,3.0517578125e-05,0.27783203125,0.107330322265625,0.51025390625
997,2,0.7744140625,0.6226806640625,0.3419189453125,0.7017364501953125,0.4279378652572632
997,2,0.77001953125,0.92742919921875,0.3407999575138092,0.99920654296875,0.3971964418888092
997,2,0.6416015625,0.2317352294921875,0.3328857421875,0.30682373046875,0.4168294668197632
997,2,0.63916015625,0.0968017578125,0.314208984375,0.24267578125,0.4348958730697632
998,2,0.88427734375,0.43817138671875,0.327880859375,0.59283447265625,0.48974609375
998,2,0.83642578125,0.7333984375,0.3293863832950592,0.839569091796875,0.4281412661075592
998,2,0.7568359375,0.03265380859375,0.301025390625,0.21075439453125,0.4409586787223816
998,2,0.712890625,0.935272216796875,0.32757568359375,0.99993896484375,0.3868814706802368
998,2,0.60888671875,0.618896484375,0.3477986752986908,0.694061279296875,0.4177449643611908
998,2,0.59375,0.20123291015625,0.3175455927848816,0.28790283203125,0.4057617783546448
998,2,0.56884765625,3.0517578125e-05,0.2637532353401184,0.0425567626953125,0.5150552988052368
998,2,0.5068359375,0.84271240234375,0.3382364809513092,0.9383544921875,0.3886515200138092
999,2,0.9091796875,0.43682861328125,0.3221842646598816,0.59521484375,0.4917805790901184
999,2,0.89599609375,0.0001220703125,0.29345703125,0.18115234375,0.4512125849723816
999,2,0.79736328125,0.72894287109375,0.3272298276424408,0.831787109375,0.4215901792049408
999,2,0.70751953125,0.617828369140625,0.3346760869026184,0.6912841796875,0.4138793349266052
999,2,0.64892578125,0.170562744140625,0.3108316957950592,0.2666015625,0.3939615786075592
999,2,0.5498046875,0.952606201171875,0.3324991762638092,0.9994354248046875,0.3860880434513092
999,2,0.53857421875,0.8988494873046875,0.3521525263786316,0.95599365234375,0.3866170048713684
1000,2,0.90234375,0.437255859375,0.3266194760799408,0.599365234375,0.4978841245174408
1000,2,0.89453125,-6.103515625e-05,0.2862955629825592,0.143798828125,0.4645182192325592
1000,2,0.80322265625,0.7237548828125,0.3318278193473816,0.83233642578125,0.4229329228401184
1000,2,0.79052734375,0.616180419921875,0.3394775390625,0.68768310546875,0.4155477285385132
1000,2,0.7333984375,0.1339111328125,0.3118082880973816,0.2630615234375,0.3963623642921448
1000,2,0.56396484375,0.6790008544921875,0.3300984501838684,0.7180023193359375,0.3956705927848816
1000,2,0.52685546875,0.96502685546875,0.3475138545036316,0.99932861328125,0.3873494267463684
1001,2,0.87158203125,0.718780517578125,0.3412272036075592,0.81781005859375,0.4274088442325592
1001,2,0.8671875,0.435546875,0.3309733271598816,0.60406494140625,0.5045166015625
1001,2,0.79052734375,0.0921630859375,0.3115641474723816,0.239013671875,0.4375813603401184
1001,2,0.78125,0.0,0.2710368037223816,0.10443115234375,0.4700520634651184
1001,2,0.68701171875,0.619110107421875,0.346435546875,0.68621826171875,0.41845703125
1001,2,0.5537109375,0.9192047119140625,0.3576863706111908,0.990234375,0.3965047299861908
1002,2,0.9013671875,0.43804931640625,0.330810546875,0.6077880859375,0.5135905146598816
1002,2,0.818359375,0.717010498046875,0.34375,0.81280517578125,0.4259439706802368
1002,2,0.7939453125,0.04339599609375,0.3109537959098816,0.212158203125,0.4443359375
1002,2,0.61767578125,0.59820556640625,0.3502604365348816,0.685028076171875,0.4220784306526184
1003,2,0.90625,0.43939208984375,0.3363444209098816,0.6124267578125,0.523193359375
1003,2,0.7607421875,0.709197998046875,0.3465576171875,0.79833984375,0.4255574941635132
1003,2,0.73583984375,0.00177001953125,0.3087971806526184,0.19268798828125,0.4599609375
1003,2,0.64892578125,0.938751220703125,0.3470255732536316,0.9964599609375,0.4033814072608948
1003,2,0.64794921875,0.89501953125,0.3480427861213684,0.946136474609375,0.3975829482078552
1003,2,0.5849609375,0.6202850341796875,0.3487345278263092,0.6796112060546875,0.4214273989200592
1004,2,0.845703125,0.4393310546875,0.338134765625,0.61444091796875,0.5238444209098816
1004,2,0.7001953125,0.697723388671875,0.3489583134651184,0.788787841796875,0.4260050654411316
1004,2,0.6689453125,0.9506378173828125,0.33929443359375,0.99969482421875,0.40582275390625
1004,2,0.6611328125,0.621368408203125,0.3692626953125,0.67694091796875,0.42120361328125
1004,2,0.5830078125,0.9028472900390625,0.34722900390625,0.959075927734375,0.3979696035385132
1005,2,0.77587890625,0.69384765625,0.3461100459098816,0.776123046875,0.4197998642921448
1005,2,0.740234375,0.439208984375,0.3355305790901184,0.614990234375,0.5221354365348816
1005,2,0.61328125,0.617919921875,0.3505656123161316,0.674163818359375,0.4180298447608948
1006,2,0.83935546875,0.43896484375,0.3363444209098816,0.61761474609375,0.5249837040901184
1006,2,0.80810546875,0.688140869140625,0.3494059443473816,0.771728515625,0.4179077744483948
1006,2,0.69287109375,0.927581787109375,0.3425700068473816,0.999664306640625,0.4028931260108948
1006,2,0.63134765625,-6.103515625e-05,0.301025390625,0.0865478515625,0.492919921875
1006,2,0.626953125,0.61480712890625,0.3517862856388092,0.6700897216796875,0.4164835512638092
1006,2,0.5419921875,0.08746337890625,0.3524577021598816,0.181488037109375,0.3860474228858948
1006,2,0.51416015625,0.272216796875,0.33758544921875,0.338470458984375,0.38421630859375
1007,2,0.77001953125,0.684234619140625,0.34979248046875,0.7601318359375,0.4175821542739868
1007,2,0.7666015625,0.4403076171875,0.3377278447151184,0.61956787109375,0.5248209834098816
1007,2,0.68701171875,0.944488525390625,0.3469034731388092,0.9987945556640625,0.4017740786075592
1007,2,0.56591796875,0.61517333984375,0.3698933720588684,0.6666412353515625,0.4144286513328552
1007,2,0.53271484375,0.077972412109375,0.3527018129825592,0.1589202880859375,0.3893839418888092
1007,2,0.5029296875,0.262847900390625,0.3353067934513092,0.324462890625,0.3757731020450592
1008,2,0.81005859375,0.4395751953125,0.340087890625,0.62127685546875,0.534423828125
1008,2,0.763671875,0.684967041015625,0.3531901240348816,0.751068115234375,0.4166260361671448
1008,2,0.60400390625,0.6140594482421875,0.371826171875,0.66094970703125,0.4170938730239868
1008,2,0.56591796875,0.179046630859375,0.3570963740348816,0.24285888671875,0.3941243290901184
1008,2,0.556640625,0.9467926025390625,0.3467610478401184,0.9998626708984375,0.4025065302848816
1009,2,0.71240234375,0.43902587890625,0.3411458134651184,0.62298583984375,0.5384928584098816
1009,2,0.68017578125,0.678192138671875,0.3486328125,0.748687744140625,0.4155477285385132
1009,2,0.642578125,0.6038360595703125,0.3588460385799408,0.6594390869140625,0.4184163510799408
1009,2,0.52197265625,0.14984130859375,0.3588460087776184,0.219451904296875,0.3906046748161316
1010,2,0.81591796875,0.43768310546875,0.3402506709098816,0.6219482421875,0.53369140625
1010,2,0.59521484375,0.608642578125,0.3643595576286316,0.654052734375,0.4155884385108948
1010,2,0.5888671875,0.6787872314453125,0.338623046875,0.7457275390625,0.41229248046875
1011,2,0.85546875,0.43402099609375,0.3375651240348816,0.61944580078125,0.53564453125
1011,2,0.67919921875,0.936767578125,0.3584798574447632,0.99957275390625,0.5262044668197632
1011,2,0.60791015625,0.670013427734375,0.3267822265625,0.737945556640625,0.4052530527114868
1011,2,0.59765625,0.5926971435546875,0.3482462465763092,0.6474609375,0.4131876528263092
1011,2,0.57568359375,0.002960205078125,0.3572591245174408,0.0796966552734375,0.3916219174861908
1012,2,0.853515625,0.42919921875,0.3331705331802368,0.61395263671875,0.5294595956802368
1012,2,0.8154296875,0.926055908203125,0.326904296875,0.999359130859375,0.5095621943473816
1012,2,0.5576171875,0.5933685302734375,0.3449910581111908,0.6446685791015625,0.3994954526424408
1012,2,0.54736328125,6.103515625e-05,0.3531697690486908,0.05902099609375,0.3968709409236908
1012,2,0.53271484375,0.67437744140625,0.32403564453125,0.76751708984375,0.3992513418197632
1013,2,0.8857421875,0.90716552734375,0.3351237177848816,0.999359130859375,0.508544921875
1013,2,0.83447265625,0.4237060546875,0.333251953125,0.61309814453125,0.5341796875
1013,2,0.671875,0.031005859375,0.3167724609375,0.200836181640625,0.4294840097427368
1013,2,0.55908203125,0.581512451171875,0.34515380859375,0.659942626953125,0.400634765625
1013,2,0.5048828125,0.625823974609375,0.3478800654411316,0.66180419921875,0.3973591923713684
1014,2,0.8974609375,0.892852783203125,0.335205078125,0.999420166015625,0.5155436396598816
1014,2,0.814453125,0.4161376953125,0.3328450322151184,0.60626220703125,0.5360514521598816
1014,2,0.54736328125,0.00030517578125,0.3157145380973816,0.14739990234375,0.48876953125
1014,2,0.53955078125,0.5755615234375,0.35040283203125,0.62811279296875,0.4023641347885132
1014,2,0.5126953125,0.6169891357421875,0.3443400263786316,0.6503753662109375,0.3948364853858948
1014,2,0.5078125,0.6526336669921875,0.3424886167049408,0.71795654296875,0.4012654721736908
1015,2,0.90625,0.87542724609375,0.3357747197151184,0.9996337890625,0.5023600459098816
1015,2,0.853515625,0.40386962890625,0.3356119990348816,0.5987548828125,0.5410969853401184
1015,2,0.6611328125,0.657958984375,0.3444620966911316,0.709564208984375,0.3980916142463684
1015,2,0.53759765625,0.5694580078125,0.34552001953125,0.6197052001953125,0.4020792245864868
1015,2,0.50390625,0.61187744140625,0.3440348505973816,0.6443328857421875,0.3900960087776184
1016,2,0.85888671875,0.85821533203125,0.3349609375,0.99932861328125,0.4986165165901184
1016,2,0.8203125,0.3890380859375,0.3360188603401184,0.58447265625,0.542724609375
1016,2,0.70654296875,0.652435302734375,0.3428547978401184,0.699859619140625,0.3984374403953552
1016,2,0.5439453125,0.600128173828125,0.3432210087776184,0.636627197265625,0.3940836787223816
1016,2,0.53271484375,0.5582733154296875,0.34820556640625,0.6102752685546875,0.4040731191635132
1017,2,0.88427734375,0.8421630859375,0.3340657353401184,0.9989013671875,0.491943359375
1017,2,0.7431640625,0.37200927734375,0.3357747197151184,0.5692138671875,0.546142578125
1017,2,0.650390625,0.642852783203125,0.3411051630973816,0.6880950927734375,0.3971760869026184
1017,2,0.54736328125,0.541473388671875,0.3431803286075592,0.59857177734375,0.4034220278263092
1018,2,0.9072265625,0.82330322265625,0.3351237177848816,0.99884033203125,0.4876301884651184
1018,2,0.861328125,0.34454345703125,0.336181640625,0.5506591796875,0.5393880009651184
1019,2,0.900390625,0.8016357421875,0.3372395932674408,0.99188232421875,0.4851888120174408
1019,2,0.869140625,0.3175048828125,0.3382161259651184,0.52984619140625,0.5482584834098816
1019,2,0.5771484375,0.522064208984375,0.3472697138786316,0.5715789794921875,0.4035847783088684
1019,2,0.5322265625,0.615234375,0.3502197265625,0.664459228515625,0.3957315683364868
1020,2,0.88671875,0.7857666015625,0.3380126953125,0.962646484375,0.479736328125
1020,2,0.8154296875,0.29095458984375,0.3375650644302368,0.50982666015625,0.5526529550552368
1020,2,0.6689453125,0.513702392578125,0.3635457158088684,0.5576934814453125,0.4040324091911316
1020,2,0.548828125,0.60479736328125,0.3467610478401184,0.6516265869140625,0.3937785029411316
1021,2,0.8974609375,0.7696533203125,0.3409017026424408,0.93682861328125,0.4812825620174408
1021,2,0.8671875,0.2589111328125,0.33447265625,0.487548828125,0.5701497197151184
1021,2,0.73681640625,0.499542236328125,0.36505126953125,0.54925537109375,0.4058431386947632
1021,2,0.5078125,0.5669708251953125,0.3443806767463684,0.607269287109375,0.3912963271141052
1022,2,0.90625,0.75311279296875,0.3424885869026184,0.91546630859375,0.4748942255973816
1022,2,0.833984375,0.2203369140625,0.3321126103401184,0.4664306640625,0.5787760615348816
1022,2,0.6689453125,0.494781494140625,0.3637898862361908,0.5399322509765625,0.4037679135799408
1022,2,0.53271484375,0.5826416015625,0.3421630859375,0.62890625,0.38934326171875
1023,2,0.90869140625,0.7413330078125,0.3413493037223816,0.9024658203125,0.4705810546875
1023,2,0.84912109375,0.1822509765625,0.3279622197151184,0.44451904296875,0.5907388925552368
1023,2,0.69873046875,0.4862213134765625,0.35968017578125,0.5325927734375,0.4046834707260132
1023,2,0.66748046875,0.5765380859375,0.3391520380973816,0.6204833984375,0.3888753056526184
1024,2,0.91748046875,0.72607421875,0.3415120244026184,0.88299560546875,0.4680582880973816
1024,2,0.900390625,0.130126953125,0.3299153447151184,0.425048828125,0.6017252206802368
1024,2,0.74267578125,0.47650146484375,0.3610432744026184,0.523651123046875,0.4050292372703552
1024,2,0.66455078125,0.389373779296875,0.3471882939338684,0.4473876953125,0.4147948622703552
1024,2,0.52978515625,0.564971923828125,0.3365478515625,0.613250732421875,0.3878988027572632
1025,2,0.92431640625,0.07470703125,0.3269856572151184,0.4031982421875,0.621826171875
1025,2,0.8818359375,0.71270751953125,0.338623046875,0.8638916015625,0.4562174081802368
1025,2,0.76171875,0.372772216796875,0.3484090268611908,0.4382476806640625,0.4151814877986908
1025,2,0.73388671875,0.470733642578125,0.3611857295036316,0.5176849365234375,0.4037068486213684
1025,2,0.67138671875,0.55755615234375,0.3379313349723816,0.603607177734375,0.3837280869483948
1025,2,0.521484375,0.5040130615234375,0.3376871943473816,0.5419921875,0.3802490830421448
1026,2,0.93017578125,0.703460693359375,0.3365071713924408,0.85107421875,0.4571126401424408
1026,2,0.892578125,0.0010986328125,0.3226725459098816,0.380615234375,0.6350911855697632
1026,2,0.82177734375,0.353424072265625,0.3450927734375,0.434417724609375,0.4175821542739868
1026,2,0.69775390625,0.46441650390625,0.3532307744026184,0.514862060546875,0.4007365107536316
1026,2,0.63427734375,0.55206298828125,0.33416748046875,0.598236083984375,0.3825887441635132
1026,2,0.54541015625,0.5060882568359375,0.33709716796875,0.5414886474609375,0.3737386465072632
1027,2,0.92919921875,0.0,0.3138834834098816,0.3592529296875,0.640625
1027,2,0.9013671875,0.69769287109375,0.3274739384651184,0.84112548828125,0.4551188349723816
1027,2,0.67431640625,0.346710205078125,0.3364054560661316,0.427703857421875,0.4124756455421448
1027,2,0.62451171875,0.459930419921875,0.35015869140625,0.51055908203125,0.3964437246322632
1027,2,0.560546875,0.5506439208984375,0.3228556513786316,0.5946502685546875,0.3669434189796448
1027,2,0.50537109375,0.4947967529296875,0.3194986879825592,0.54681396484375,0.3683878481388092
1028,2,0.9462890625,0.000244140625,0.310791015625,0.33544921875,0.6778970956802368
1028,2,0.9013671875,0.69189453125,0.3302001953125,0.8311767578125,0.4459635019302368
1028,2,0.7724609375,0.341949462890625,0.33343505859375,0.423431396484375,0.4084066152572632
1028,2,0.619140625,0.461212158203125,0.3532918095588684,0.51165771484375,0.3896891474723816
1028,2,0.60595703125,0.551025390625,0.3216756284236908,0.5970001220703125,0.3638509213924408
1029,2,0.88037109375,0.68560791015625,0.32763671875,0.82464599609375,0.4447021484375
1029,2,0.87890625,0.0003662109375,0.3048502504825592,0.312255859375,0.7215169668197632
1029,2,0.76708984375,0.339202880859375,0.3370564579963684,0.423248291015625,0.4102782607078552
1029,2,0.61669921875,0.46246337890625,0.35113525390625,0.5168304443359375,0.39208984375
1029,2,0.54638671875,0.2827911376953125,0.3287353515625,0.348175048828125,0.3824462890625
1029,2,0.50830078125,0.5501556396484375,0.3145751953125,0.602935791015625,0.3597818613052368
1030,2,0.9091796875,-0.0001220703125,0.2965494394302368,0.2890625,0.7967122793197632
1030,2,0.7822265625,0.33740234375,0.33544921875,0.423828125,0.41217041015625
1030,2,0.67626953125,0.68743896484375,0.3260905146598816,0.823028564453125,0.4449463486671448
1030,2,0.60302734375,0.46533203125,0.3505656123161316,0.527069091796875,0.3926594853401184
1030,0,0.53125,0.9604034423828125,0.3001708984375,0.9852294921875,0.4027506113052368
1031,2,0.9150390625,-0.00018310546875,0.2921549081802368,0.26513671875,0.8714193105697632
1031,2,0.72705078125,0.33453369140625,0.339599609375,0.424591064453125,0.4115396738052368
1031,2,0.60791015625,0.463958740234375,0.3218994140625,0.5191192626953125,0.3946939706802368
1031,7,0.57763671875,0.68829345703125,0.3158366084098816,0.82293701171875,0.4427083134651184
1031,2,0.5615234375,0.21820068359375,0.3375650942325592,0.282623291015625,0.4116007387638092
1031,2,0.50732421875,0.2682952880859375,0.341796875,0.324798583984375,0.3855794668197632
1032,2,0.9072265625,-0.000244140625,0.2799478769302368,0.23486328125,0.8870443105697632
1032,2,0.7822265625,0.334716796875,0.3349202275276184,0.424957275390625,0.4151408076286316
1032,2,0.7666015625,0.69244384765625,0.328369140625,0.819549560546875,0.445556640625
1032,2,0.75146484375,0.1728515625,0.3135579228401184,0.268829345703125,0.4205321669578552
1032,2,0.74658203125,0.254608154296875,0.3323974609375,0.332000732421875,0.3959554433822632
1032,2,0.5087890625,0.466064453125,0.3148193359375,0.520751953125,0.3953857421875
1033,2,0.8642578125,-0.000244140625,0.2709961533546448,0.19927978515625,0.847493588924408
1033,2,0.83642578125,0.69525146484375,0.3291015625,0.8192138671875,0.445556640625
1033,2,0.7607421875,0.331207275390625,0.3250732421875,0.4241943359375,0.4164022207260132
1033,2,0.74853515625,0.231597900390625,0.33258056640625,0.316497802734375,0.3991292715072632
1033,2,0.66748046875,0.1300048828125,0.3156331181526184,0.246063232421875,0.4289550185203552
1033,2,0.53955078125,0.4355316162109375,0.302490234375,0.47003173828125,0.3409830331802368
1033,2,0.525390625,0.5191497802734375,0.3116251826286316,0.5545654296875,0.3463338017463684
1033,2,0.50341796875,0.5686492919921875,0.30499267578125,0.606201171875,0.3450113534927368
1034,2,0.7841796875,0.70159912109375,0.3260498046875,0.823486328125,0.4430745840072632
1034,2,0.7802734375,0.330291748046875,0.3285318911075592,0.425811767578125,0.4165445864200592
1034,2,0.76416015625,-0.00048828125,0.2845052480697632,0.162841796875,0.8268228769302368
1034,2,0.6826171875,0.211669921875,0.3306884765625,0.305908203125,0.4010213613510132
1034,2,0.62841796875,0.47052001953125,0.3210042417049408,0.52691650390625,0.3944905698299408
1034,2,0.611328125,0.09130859375,0.308349609375,0.20770263671875,0.4207763671875
1034,2,0.587890625,0.281982421875,0.3214111328125,0.337005615234375,0.3643798828125
1034,2,0.5,0.5220489501953125,0.3052164912223816,0.559234619140625,0.3459675908088684
1035,2,0.84326171875,0.704315185546875,0.3253580629825592,0.83056640625,0.4431559145450592
1035,2,0.78759765625,0.32904052734375,0.324951171875,0.428253173828125,0.4157308340072632
1035,2,0.740234375,0.198272705078125,0.3222249448299408,0.30535888671875,0.4027913510799408
1035,2,0.73779296875,-0.0006103515625,0.3230794072151184,0.129150390625,0.8098958134651184
1035,2,0.7119140625,0.0096435546875,0.301025390625,0.174560546875,0.4516194462776184
1035,2,0.59814453125,0.4151153564453125,0.3170166015625,0.4635772705078125,0.3628336191177368
1035,2,0.55615234375,0.5784149169921875,0.3006184995174408,0.614959716796875,0.3391927182674408
1036,2,0.92431640625,0.71429443359375,0.3264973759651184,0.83392333984375,0.4407145380973816
1036,2,0.90771484375,-0.00018310546875,0.2957356572151184,0.18646240234375,0.4654541015625
1036,2,0.84619140625,0.174835205078125,0.3222249150276184,0.296783447265625,0.4110106825828552
1036,2,0.66455078125,0.332427978515625,0.3259074091911316,0.43255615234375,0.4152832627296448
1036,2,0.552734375,-0.00018310546875,0.390625,0.093109130859375,0.7908529043197632
1036,2,0.54052734375,0.5839996337890625,0.2947998046875,0.620361328125,0.3370565176010132
1037,2,0.9248046875,-0.0001220703125,0.293701171875,0.15740966796875,0.4860026240348816
1037,2,0.88671875,0.717742919921875,0.3297525942325592,0.8409423828125,0.4460856020450592
1037,2,0.8828125,0.154052734375,0.3249104619026184,0.287872314453125,0.4251708388328552
1037,2,0.80712890625,0.331817626953125,0.3306884765625,0.436767578125,0.4210001230239868
1037,2,0.6865234375,0.261016845703125,0.3214111328125,0.3325958251953125,0.3898111581802368
1037,2,0.64697265625,0.484588623046875,0.3287760615348816,0.5483551025390625,0.4039307236671448
1037,2,0.5537109375,0.426605224609375,0.3274129033088684,0.48040771484375,0.3676146864891052
1037,2,0.53125,0.5416717529296875,0.3012288212776184,0.57861328125,0.3428751826286316
1038,2,0.91943359375,-0.000274658203125,0.2960612177848816,0.114501953125,0.5005696415901184
1038,2,0.91748046875,0.12945556640625,0.3274739682674408,0.275146484375,0.4323323667049408
1038,2,0.869140625,0.723876953125,0.3316243290901184,0.8475341796875,0.4466959834098816
1038,2,0.701171875,0.333465576171875,0.3372395634651184,0.438446044921875,0.4233397841453552
1038,2,0.68359375,0.24853515625,0.3213297426700592,0.335693359375,0.3967081606388092
1038,2,0.61962890625,0.5435943603515625,0.2992350161075592,0.582916259765625,0.3384195864200592
1038,2,0.56787109375,0.4323272705078125,0.3192138671875,0.478515625,0.3668619394302368
1038,2,0.55078125,0.484619140625,0.3502400815486908,0.55133056640625,0.4076741635799408
1039,2,0.9013671875,0.0966796875,0.31884765625,0.258056640625,0.4344888925552368
1039,2,0.89453125,0.72821044921875,0.3253173828125,0.851776123046875,0.4396158456802368
1039,2,0.7265625,-3.0517578125e-05,0.2938639521598816,0.065643310546875,0.5010579228401184
1039,2,0.65478515625,0.23370361328125,0.3168538212776184,0.327911376953125,0.4011229872703552
1039,2,0.58203125,0.331329345703125,0.3260090947151184,0.436279296875,0.4191893935203552
1039,2,0.5517578125,0.4375,0.3205159604549408,0.4817962646484375,0.3615926206111908
1039,2,0.52734375,0.5450592041015625,0.2911580502986908,0.585479736328125,0.3368733823299408
1039,2,0.5087890625,0.4854278564453125,0.3197021484375,0.554473876953125,0.40411376953125
1040,2,0.90771484375,0.7274169921875,0.31884765625,0.85528564453125,0.4323323965072632
1040,2,0.79931640625,0.062744140625,0.3124186396598816,0.23541259765625,0.4229329228401184
1040,2,0.7119140625,0.32855224609375,0.3210856318473816,0.43646240234375,0.4163411259651184
1040,2,0.705078125,0.22027587890625,0.3053385615348816,0.3250732421875,0.3927815556526184
1040,2,0.65576171875,0.4853515625,0.3128662109375,0.5587158203125,0.4010823965072632
1040,2,0.59130859375,0.5465087890625,0.2870890498161316,0.585174560546875,0.3214924931526184
1040,2,0.52490234375,0.4372100830078125,0.3018798828125,0.4840087890625,0.35113525390625
1040,2,0.50048828125,0.5864105224609375,0.2767333984375,0.6281890869140625,0.3154500722885132
1041,2,0.88818359375,0.0128173828125,0.3068033754825592,0.22137451171875,0.4496256411075592
1041,2,0.87451171875,0.73431396484375,0.3131103515625,0.8616943359375,0.4282633066177368
1041,2,0.8037109375,0.19580078125,0.3025715947151184,0.3116455078125,0.3909911513328552
1041,2,0.75341796875,0.4844970703125,0.30322265625,0.56109619140625,0.4042154550552368
1041,2,0.71728515625,0.32470703125,0.3164876103401184,0.4371337890625,0.4143065810203552
1041,2,0.55419921875,0.551544189453125,0.2844645380973816,0.587677001953125,0.3157551884651184
1041,2,0.529296875,0.581146240234375,0.2750447690486908,0.6282501220703125,0.3135579526424408
1042,2,0.91748046875,-0.00018310546875,0.308837890625,0.1961669921875,0.45849609375
1042,2,0.9091796875,0.74029541015625,0.3102213740348816,0.869873046875,0.4252522587776184
1042,2,0.814453125,0.181640625,0.3006184995174408,0.3004150390625,0.3922933042049408
1042,2,0.7607421875,0.3187255859375,0.3111979365348816,0.436492919921875,0.4134522080421448
1042,2,0.71044921875,0.4849853515625,0.302001953125,0.56280517578125,0.4051717519760132
1042,2,0.5869140625,0.288909912109375,0.30078125,0.366058349609375,0.3759561777114868
1043,2,0.9140625,-0.0001220703125,0.302978515625,0.17108154296875,0.4668782353401184
1043,2,0.91015625,0.7413330078125,0.308349609375,0.8812255859375,0.4199625253677368
1043,2,0.86474609375,0.16827392578125,0.2977702021598816,0.29888916015625,0.3876546025276184
1043,2,0.72509765625,0.3148193359375,0.2931721806526184,0.434173583984375,0.4086913466453552
1043,2,0.6298828125,0.48443603515625,0.2933349609375,0.5654296875,0.4066976308822632
1043,2,0.59033203125,0.288330078125,0.296630859375,0.360260009765625,0.3650308847427368
1044,2,0.89990234375,-6.103515625e-05,0.3087565302848816,0.1474609375,0.4851887822151184
1044,2,0.8603515625,0.748291015625,0.311767578125,0.889312744140625,0.4287109375
1044,2,0.79736328125,0.31146240234375,0.3169758915901184,0.435546875,0.4204100966453552
1044,2,0.78564453125,0.149658203125,0.2998046875,0.2911376953125,0.3917642831802368
1044,2,0.62841796875,0.48406982421875,0.2926839292049408,0.569061279296875,0.4167073667049408
1044,2,0.5400390625,0.5558929443359375,0.27813720703125,0.59002685546875,0.3122965097427368
1044,2,0.5185546875,0.4784088134765625,0.27117919921875,0.5106964111328125,0.2973226308822632
1045,2,0.921875,0.132080078125,0.3065185546875,0.28155517578125,0.4135335683822632
1045,2,0.89990234375,0.000274658203125,0.315673828125,0.11309814453125,0.509765625
1045,2,0.802734375,0.7576904296875,0.3177897036075592,0.89678955078125,0.4361979067325592
1045,2,0.7724609375,0.303802490234375,0.3059895634651184,0.43524169921875,0.4314371943473816
1045,2,0.5966796875,0.4859619140625,0.3050130009651184,0.574462890625,0.4273681044578552
1045,2,0.556640625,0.59832763671875,0.2808634638786316,0.6327667236328125,0.3103027939796448
1045,2,0.54052734375,0.5571441650390625,0.2814738154411316,0.590179443359375,0.3117268681526184
1046,2,0.88525390625,0.1142578125,0.3011881709098816,0.27154541015625,0.4108479619026184
1046,2,0.83642578125,0.2994384765625,0.3041178584098816,0.4345703125,0.432373046875
1046,2,0.8115234375,-6.103515625e-05,0.3201904296875,0.083038330078125,0.5061848759651184
1046,2,0.6513671875,0.25482177734375,0.3005778193473816,0.347625732421875,0.3769531846046448
1046,2,0.546875,0.5619964599609375,0.2784423828125,0.5930633544921875,0.3114013671875
1046,2,0.521484375,0.7637939453125,0.3106282353401184,0.91168212890625,0.437255859375
1047,2,0.89599609375,0.77447509765625,0.3059895634651184,0.927734375,0.43603515625
1047,2,0.88134765625,0.09832763671875,0.299072265625,0.25714111328125,0.4125162363052368
1047,2,0.7919921875,-0.00030517578125,0.3301188349723816,0.049346923828125,0.48779296875
1047,2,0.759765625,0.291259765625,0.3059895932674408,0.43280029296875,0.4297688901424408
1047,2,0.65625,0.25860595703125,0.2978515625,0.3427734375,0.3718668222427368
1047,2,0.53173828125,0.482940673828125,0.2961832880973816,0.57928466796875,0.434326171875
1048,2,0.90771484375,0.08038330078125,0.2991129755973816,0.24945068359375,0.4216309189796448
1048,2,0.8896484375,0.2841796875,0.3006184697151184,0.43206787109375,0.4363200068473816
1048,2,0.80615234375,0.782470703125,0.31103515625,0.94281005859375,0.4461262822151184
1048,2,0.7841796875,0.48101806640625,0.298828125,0.590667724609375,0.4457194209098816
1048,2,0.52392578125,0.598388671875,0.2732340395450592,0.6353607177734375,0.3009440004825592
1048,2,0.50634765625,0.4539337158203125,0.2847493588924408,0.5072479248046875,0.3275960385799408
1049,2,0.9150390625,0.0634765625,0.3006184697151184,0.2354736328125,0.4298502802848816
1049,2,0.9013671875,0.27593994140625,0.2933756709098816,0.42901611328125,0.44140625
1049,2,0.80615234375,0.78936767578125,0.3076985478401184,0.967041015625,0.4480387568473816
1049,2,0.748046875,0.47833251953125,0.2969563603401184,0.593048095703125,0.4525553584098816
1049,2,0.64013671875,0.59735107421875,0.2712605893611908,0.635589599609375,0.3014119565486908
1049,2,0.61962890625,0.3781280517578125,0.2696329951286316,0.4172821044921875,0.3120117783546448
1049,2,0.56787109375,0.4547271728515625,0.2777099609375,0.515594482421875,0.32861328125
1050,2,0.9013671875,0.04852294921875,0.2960612177848816,0.23333740234375,0.431884765625
1050,2,0.888671875,0.26776123046875,0.2986653447151184,0.4273681640625,0.4455973505973816
1050,2,0.8701171875,0.8021240234375,0.3074544072151184,0.97796630859375,0.4498291015625
1050,2,0.59619140625,0.47369384765625,0.2892252504825592,0.594757080078125,0.4584147036075592
1050,2,0.56689453125,0.220794677734375,0.2960612177848816,0.33306884765625,0.3713379502296448
1050,2,0.5263671875,0.59747314453125,0.27142333984375,0.6347503662109375,0.3022054433822632
1051,2,0.88818359375,0.2598876953125,0.29248046875,0.4251708984375,0.4499104619026184
1051,2,0.8603515625,0.80535888671875,0.3069661259651184,0.9910888671875,0.451904296875
1051,2,0.85546875,0.03594970703125,0.2952067255973816,0.20794677734375,0.4334309697151184
1051,2,0.7802734375,0.47271728515625,0.2913411259651184,0.600921630859375,0.4681803584098816
1051,2,0.58984375,0.5982513427734375,0.2687785029411316,0.6344451904296875,0.2975464463233948
1051,2,0.521484375,0.784942626953125,0.2720947265625,0.8404541015625,0.3568115234375
1052,2,0.9091796875,0.023681640625,0.2926025390625,0.22998046875,0.4378255009651184
1052,2,0.87060546875,0.2498779296875,0.288818359375,0.42376708984375,0.4521484375
1052,2,0.849609375,0.47076416015625,0.2877604067325592,0.608306884765625,0.4764811098575592
1052,2,0.82470703125,0.81494140625,0.3028971254825592,0.99884033203125,0.4536539614200592
1052,2,0.56689453125,0.3721466064453125,0.2659708857536316,0.4176177978515625,0.3101399540901184
1053,2,0.896484375,0.82684326171875,0.3028971552848816,0.9984130859375,0.4545491337776184
1053,2,0.89111328125,0.24072265625,0.2906087040901184,0.419921875,0.45703125
1053,2,0.8310546875,0.46484375,0.2876790165901184,0.61358642578125,0.48779296875
1053,2,0.7138671875,0.01068115234375,0.2926432490348816,0.18768310546875,0.439208984375
1053,2,0.68701171875,0.37322998046875,0.2615153193473816,0.41943359375,0.3114014267921448
1054,2,0.91162109375,0.83233642578125,0.3009440302848816,0.9976806640625,0.4590657353401184
1054,2,0.90771484375,0.000244140625,0.2927653193473816,0.2203369140625,0.4390462040901184
1054,2,0.890625,0.22003173828125,0.2906901240348816,0.41802978515625,0.4596760869026184
1054,2,0.84326171875,0.46221923828125,0.2858073115348816,0.62103271484375,0.497314453125
1054,2,0.5703125,0.3743438720703125,0.2686564028263092,0.418182373046875,0.3141275942325592
1054,2,0.50244140625,0.4293365478515625,0.2656453251838684,0.462432861328125,0.2894694209098816
1055,2,0.91357421875,0.0,0.2919921875,0.21856689453125,0.4449462890625
1055,2,0.85693359375,0.21539306640625,0.2879231572151184,0.41583251953125,0.4708659052848816
1055,2,0.8525390625,0.46002197265625,0.28369140625,0.626708984375,0.5155436396598816
1055,2,0.8525390625,0.84857177734375,0.3040364384651184,0.999267578125,0.4654948115348816
1055,2,0.60498046875,0.3738250732421875,0.2667236328125,0.4202423095703125,0.3142293691635132
1055,0,0.505859375,0.780364990234375,0.3080647587776184,0.80853271484375,0.3901774287223816
1056,2,0.91259765625,0.00042724609375,0.2904052734375,0.2122802734375,0.4475911259651184
1056,2,0.91015625,0.20257568359375,0.2892252802848816,0.41119384765625,0.4771728515625
1056,2,0.849609375,0.862762451171875,0.300537109375,0.99932861328125,0.46630859375
1056,2,0.80322265625,0.455078125,0.28173828125,0.63616943359375,0.5284830927848816
1056,2,0.69921875,0.3726043701171875,0.2658284604549408,0.4225616455078125,0.3128865659236908
1056,0,0.55517578125,0.817108154296875,0.2986653447151184,0.85150146484375,0.3836466670036316
1057,2,0.9208984375,-0.00030517578125,0.2882487177848816,0.20147705078125,0.4449055790901184
1057,2,0.91845703125,0.189208984375,0.2862141728401184,0.40771484375,0.483154296875
1057,2,0.84326171875,0.44830322265625,0.277099609375,0.64154052734375,0.536376953125
1057,2,0.83447265625,0.87017822265625,0.3008626401424408,0.9990234375,0.4416097104549408
1057,2,0.6953125,0.372772216796875,0.2679646611213684,0.4188079833984375,0.3142699599266052
1057,2,0.68212890625,0.927947998046875,0.3440755307674408,0.999542236328125,0.7184244394302368
1058,2,0.92333984375,0.17303466796875,0.2939453125,0.4039306640625,0.4881998896598816
1058,2,0.91162109375,0.00030517578125,0.286865234375,0.19427490234375,0.4563395380973816
1058,2,0.84423828125,0.4434814453125,0.2740885615348816,0.6468505859375,0.54443359375
1058,2,0.8076171875,0.88214111328125,0.2996419072151184,0.99871826171875,0.4486491084098816
1058,2,0.70068359375,0.370941162109375,0.2655232548713684,0.4201812744140625,0.3116862177848816
1058,2,0.65576171875,0.891571044921875,0.35205078125,0.99945068359375,0.7005208730697632
1058,0,0.51953125,0.8028564453125,0.2854411005973816,0.83544921875,0.3852131962776184
1059,2,0.9267578125,0.1585693359375,0.2836100459098816,0.39892578125,0.4944661259651184
1059,2,0.9072265625,6.103515625e-05,0.2828369140625,0.1854248046875,0.4641926884651184
1059,2,0.8212890625,0.8822021484375,0.2972005009651184,0.999298095703125,0.6852213144302368
1059,2,0.8134765625,0.4381103515625,0.2708333134651184,0.65447998046875,0.5538736581802368
1059,2,0.68994140625,0.37548828125,0.2656046748161316,0.4179840087890625,0.3053792119026184
1060,2,0.9150390625,0.145263671875,0.2867838144302368,0.39447021484375,0.5018717050552368
1060,2,0.8984375,-0.0001220703125,0.2847900390625,0.17425537109375,0.4624837040901184
1060,2,0.8408203125,0.859130859375,0.2799479365348816,0.99847412109375,0.669921875
1060,2,0.69921875,0.435546875,0.2706705927848816,0.6575927734375,0.555419921875
1060,2,0.66259765625,0.373870849609375,0.26715087890625,0.418060302734375,0.30291748046875
1060,2,0.6572265625,0.797271728515625,0.2685546875,0.90106201171875,0.3604736328125
1060,0,0.6337890625,0.729339599609375,0.2992757260799408,0.7588348388671875,0.3924764096736908
1061,2,0.91259765625,0.13134765625,0.2936198115348816,0.38995361328125,0.50634765625
1061,2,0.9013671875,6.103515625e-05,0.28662109375,0.1671142578125,0.4622395634651184
1061,2,0.85205078125,0.843505859375,0.26416015625,0.99951171875,0.6630859375
1061,2,0.8037109375,0.42706298828125,0.2696940302848816,0.66162109375,0.5716146230697632
1061,2,0.70556640625,0.3759918212890625,0.2701619267463684,0.4171295166015625,0.3025309443473816
1061,0,0.646484375,0.772674560546875,0.2944743037223816,0.8107452392578125,0.3875325322151184
1061,0,0.64404296875,0.716064453125,0.2997640073299408,0.7492218017578125,0.3996175229549408
1062,2,0.92236328125,6.103515625e-05,0.28564453125,0.156982421875,0.4619140625
1062,2,0.90380859375,0.11871337890625,0.30322265625,0.384765625,0.5137939453125
1062,2,0.85595703125,0.4232177734375,0.2683919072151184,0.6671142578125,0.5819498300552368
1062,2,0.84912109375,0.83013916015625,0.26416015625,0.99859619140625,0.6516927480697632
1062,2,0.67041015625,0.37530517578125,0.2684529721736908,0.41949462890625,0.3053182065486908
1062,2,0.51806640625,0.831573486328125,0.2669881284236908,0.908660888671875,0.3648274838924408
1063,2,0.91357421875,0.1058349609375,0.2991536259651184,0.3804931640625,0.5182291865348816
1063,2,0.857421875,0.41693115234375,0.26806640625,0.6708984375,0.60595703125
1063,2,0.8125,6.103515625e-05,0.284423828125,0.14599609375,0.4688313603401184
1063,2,0.794921875,0.81512451171875,0.2727864384651184,0.998779296875,0.70263671875
1063,2,0.69873046875,0.37017822265625,0.2652791142463684,0.42034912109375,0.3035685420036316
1064,2,0.90478515625,0.0703125,0.3024088740348816,0.3780517578125,0.52001953125
1064,2,0.89599609375,0.000152587890625,0.2843831181526184,0.13458251953125,0.469482421875
1064,2,0.80517578125,0.41168212890625,0.26708984375,0.6796875,0.5995279550552368
1064,2,0.72314453125,0.80682373046875,0.3601888418197632,0.9979248046875,0.689453125
1064,2,0.60302734375,0.3799591064453125,0.2686360776424408,0.420654296875,0.2985433042049408
1065,2,0.9091796875,0.0726318359375,0.3102213740348816,0.374755859375,0.535400390625
1065,2,0.845703125,0.83404541015625,0.3631184995174408,0.998260498046875,0.6759439706802368
1065,2,0.76416015625,-0.00030517578125,0.2905680537223816,0.1552734375,0.469482421875
1065,2,0.7607421875,0.68438720703125,0.2947998046875,0.8790283203125,0.4651692509651184
1065,2,0.6591796875,0.4132080078125,0.2687174677848816,0.676513671875,0.594970703125
1066,2,0.91357421875,0.075439453125,0.313232421875,0.375,0.541015625
1066,2,0.91015625,0.4154052734375,0.2727864384651184,0.6759033203125,0.599853515625
1066,2,0.888671875,0.8377685546875,0.362060546875,0.998748779296875,0.6729329824447632
1066,2,0.85498046875,0.67828369140625,0.29833984375,0.87310791015625,0.4847819209098816
1066,2,0.8076171875,-0.0001220703125,0.2967122197151184,0.16314697265625,0.481201171875
1066,2,0.517578125,-3.0517578125e-05,0.4091796875,0.0618896484375,0.87744140625
1067,2,0.91259765625,0.4190673828125,0.27783203125,0.67236328125,0.5906575918197632
1067,2,0.90625,0.07861328125,0.3114420771598816,0.37548828125,0.542236328125
1067,2,0.8984375,0.67327880859375,0.3025715947151184,0.85833740234375,0.4718017578125
1067,2,0.83935546875,-0.00030517578125,0.2967122197151184,0.16748046875,0.4735514521598816
1067,2,0.79833984375,0.83056640625,0.314453125,1.0001220703125,0.7381185293197632
1067,2,0.54248046875,0.0,0.4111328125,0.06231689453125,0.8634439706802368
1067,2,0.5244140625,0.223602294921875,0.2724405825138092,0.2689666748046875,0.3058268129825592
1068,2,0.90234375,0.083251953125,0.3140462636947632,0.375732421875,0.5352376699447632
1068,2,0.8896484375,0.42120361328125,0.28173828125,0.6700439453125,0.6033529043197632
1068,2,0.88720703125,0.67236328125,0.3037922978401184,0.843505859375,0.466796875
1068,2,0.83642578125,0.8209228515625,0.328125,0.9996337890625,0.7469075918197632
1068,2,0.83544921875,-0.00030517578125,0.297607421875,0.18536376953125,0.4659016728401184
1068,2,0.5185546875,-6.103515625e-05,0.42333984375,0.063079833984375,0.8816732168197632
1069,2,0.92333984375,0.80853271484375,0.3165690004825592,0.99951171875,0.7400716543197632
1069,2,0.8984375,0.0889892578125,0.31494140625,0.3758544921875,0.542236328125
1069,2,0.87841796875,0.000244140625,0.298583984375,0.1900634765625,0.4560546875
1069,2,0.83056640625,0.67108154296875,0.30810546875,0.83050537109375,0.4673665165901184
1069,2,0.74658203125,0.422607421875,0.2841796875,0.666015625,0.6053060293197632
1069,2,0.51171875,-3.0517578125e-05,0.4026692509651184,0.060516357421875,0.8548176884651184
1070,2,0.89501953125,0.7979736328125,0.3357747495174408,0.99957275390625,0.7140299081802368
1070,2,0.88671875,0.092529296875,0.312255859375,0.37921142578125,0.5347493290901184
1070,2,0.86767578125,0.0103759765625,0.30224609375,0.19720458984375,0.44970703125
1070,2,0.85888671875,0.42340087890625,0.2859700918197632,0.6632080078125,0.6045736074447632
1070,2,0.853515625,0.66534423828125,0.3077799677848816,0.81878662109375,0.4609375
1070,2,0.52587890625,0.941192626953125,0.3203531801700592,0.99951171875,0.3568522036075592
1071,2,0.9013671875,0.787353515625,0.3474935293197632,0.9993896484375,0.684326171875
1071,2,0.9013671875,0.1024169921875,0.31640625,0.3817138671875,0.5343424677848816
1071,2,0.89453125,0.031982421875,0.30419921875,0.20672607421875,0.4458821415901184
1071,2,0.84228515625,0.4266357421875,0.2874349355697632,0.661865234375,0.5972493886947632
1071,2,0.81201171875,0.65826416015625,0.3103841245174408,0.80755615234375,0.4507649838924408
1071,2,0.5771484375,0.799652099609375,0.2860107421875,0.93536376953125,0.422607421875
1071,2,0.5439453125,0.9361114501953125,0.3211669921875,0.998077392578125,0.3539632558822632
1072,2,0.890625,0.1103515625,0.320556640625,0.3857421875,0.5327962040901184
1072,2,0.8896484375,0.0560302734375,0.3062337040901184,0.21710205078125,0.4416911005973816
1072,2,0.88427734375,0.77459716796875,0.3541666865348816,0.99969482421875,0.6561686396598816
1072,2,0.8828125,0.43096923828125,0.2908529043197632,0.657470703125,0.5965169668197632
1072,2,0.83984375,0.6519775390625,0.3090006411075592,0.79296875,0.4521891176700592
1073,2,0.91748046875,0.12353515625,0.325439453125,0.38714599609375,0.5359700322151184
1073,2,0.89501953125,0.7647705078125,0.353515625,0.9998779296875,0.6385091543197632
1073,2,0.88037109375,0.43304443359375,0.2977702021598816,0.6561279296875,0.58740234375
1073,2,0.8701171875,0.07476806640625,0.3108723759651184,0.21966552734375,0.4359130859375
1073,2,0.85595703125,0.64581298828125,0.3161213994026184,0.785888671875,0.451904296875
1073,2,0.53955078125,0.8541259765625,0.2936197817325592,0.934326171875,0.3591715395450592
1074,2,0.927734375,0.134521484375,0.3304036259651184,0.39178466796875,0.5362955927848816
1074,2,0.875,0.43499755859375,0.3052571415901184,0.6539306640625,0.590087890625
1074,2,0.85546875,0.09527587890625,0.3104248046875,0.24078369140625,0.4383137822151184
1074,2,0.8505859375,0.65521240234375,0.3213704228401184,0.7716064453125,0.4512125849723816
1074,2,0.8408203125,0.7528076171875,0.341796875,0.9993896484375,0.628662109375
1074,2,0.5419921875,0.8596343994140625,0.3010050654411316,0.94232177734375,0.3593953251838684
1075,2,0.93408203125,0.147216796875,0.3282063603401184,0.39495849609375,0.5284830927848816
1075,2,0.8857421875,0.11285400390625,0.3039957880973816,0.2513427734375,0.4326985478401184
1075,2,0.8798828125,0.7454833984375,0.3478189706802368,0.9991455078125,0.6119791269302368
1075,2,0.8662109375,0.43524169921875,0.304443359375,0.65228271484375,0.5926107168197632
1075,2,0.837890625,0.644866943359375,0.3192545771598816,0.7655029296875,0.4434815049171448
1075,2,0.59375,0.82000732421875,0.2988688349723816,0.95526123046875,0.3577473759651184
1076,2,0.93701171875,0.1568603515625,0.3291015625,0.39715576171875,0.523681640625
1076,2,0.92236328125,0.7373046875,0.3504232168197632,0.993408203125,0.5940755605697632
1076,2,0.87451171875,0.43487548828125,0.3035482168197632,0.65106201171875,0.5891927480697632
1076,2,0.8671875,0.647430419921875,0.3170979619026184,0.7557373046875,0.4346923232078552
1076,2,0.8662109375,0.12652587890625,0.3011881709098816,0.2515869140625,0.4295654296875
1077,2,0.93359375,0.172119140625,0.329833984375,0.4014892578125,0.515869140625
1077,2,0.89111328125,0.7308349609375,0.3499349355697632,0.99755859375,0.5796712636947632
1077,2,0.88818359375,0.4344482421875,0.2999674677848816,0.65093994140625,0.5821126699447632
1077,2,0.76611328125,0.144073486328125,0.3048502802848816,0.2667236328125,0.4184163212776184
1077,2,0.73583984375,0.64459228515625,0.3162028193473816,0.745330810546875,0.4306233525276184
1077,2,0.56787109375,0.8243408203125,0.2967325747013092,0.919403076171875,0.3508707582950592
1078,2,0.89892578125,0.1827392578125,0.3253580927848816,0.4066162109375,0.505615234375
1078,2,0.88818359375,0.43438720703125,0.3001302480697632,0.65045166015625,0.5906575918197632
1078,2,0.88330078125,0.7244873046875,0.3477376103401184,0.9981689453125,0.580322265625
1078,2,0.77734375,0.643402099609375,0.3124186396598816,0.740875244140625,0.4133301377296448
1078,2,0.744140625,0.159942626953125,0.30615234375,0.2730712890625,0.4148355722427368
1078,2,0.5419921875,0.832427978515625,0.2965087890625,0.879241943359375,0.3398233652114868
1078,2,0.51171875,0.138702392578125,0.2922770380973816,0.1884002685546875,0.3274536728858948
1079,2,0.91845703125,0.19677734375,0.3253580927848816,0.4117431640625,0.5011799931526184
1079,2,0.90771484375,0.71826171875,0.346435546875,0.97998046875,0.5616047978401184
1079,2,0.87890625,0.43463134765625,0.2980143427848816,0.65277099609375,0.5877279043197632
1079,2,0.73486328125,0.640655517578125,0.3114827573299408,0.7322998046875,0.4084065854549408
1079,2,0.54833984375,0.1239471435546875,0.2900797426700592,0.17559814453125,0.3263956606388092
1079,2,0.51806640625,0.25390625,0.28314208984375,0.2986297607421875,0.3200479745864868
1080,2,0.939453125,0.70928955078125,0.339599609375,0.9583740234375,0.5452473759651184
1080,2,0.875,0.43609619140625,0.29541015625,0.65283203125,0.5818685293197632
1080,2,0.873046875,0.21038818359375,0.3216552734375,0.41546630859375,0.490966796875
1080,2,0.7490234375,0.638031005859375,0.3107096552848816,0.727203369140625,0.4044392704963684
1080,2,0.68994140625,0.879150390625,0.3279215693473816,0.992156982421875,0.4616292119026184
1080,2,0.61328125,0.111358642578125,0.290771484375,0.166778564453125,0.326904296875
1080,2,0.55419921875,0.203399658203125,0.2908731997013092,0.288909912109375,0.3444010317325592
1080,2,0.55224609375,-0.000274658203125,0.3085123896598816,0.0447998046875,0.512939453125
1081,2,0.94482421875,0.7021484375,0.338134765625,0.93341064453125,0.533203125
1081,2,0.9150390625,0.22442626953125,0.321044921875,0.42108154296875,0.48486328125
1081,2,0.85205078125,0.43701171875,0.2953287959098816,0.6507568359375,0.5740560293197632
1081,2,0.82666015625,0.84356689453125,0.3263753354549408,0.97320556640625,0.4551595151424408
1081,2,0.6943359375,0.637481689453125,0.308837890625,0.721588134765625,0.4048258066177368
1081,2,0.68994140625,-0.000457763671875,0.32373046875,0.06585693359375,0.504150390625
1081,2,0.59765625,0.102294921875,0.2906697690486908,0.1562042236328125,0.3289998471736908
1082,2,0.947265625,0.6966552734375,0.336669921875,0.91278076171875,0.5221354365348816
1082,2,0.91845703125,0.23602294921875,0.3203125,0.42535400390625,0.4818522334098816
1082,2,0.86865234375,0.43804931640625,0.2942708134651184,0.65155029296875,0.5849609375
1082,2,0.86181640625,0.83624267578125,0.3239339292049408,0.962432861328125,0.4497884213924408
1082,2,0.83740234375,-0.000274658203125,0.3174234628677368,0.088775634765625,0.5152994394302368
1082,2,0.7431640625,0.63543701171875,0.311767578125,0.71630859375,0.3986612558364868
1082,2,0.5078125,0.0969390869140625,0.29681396484375,0.14154052734375,0.3315023183822632
1082,2,0.5029296875,0.21722412109375,0.3025919497013092,0.299224853515625,0.3916422426700592
1083,2,0.93017578125,0.6890869140625,0.3385416865348816,0.891357421875,0.5061848759651184
1083,2,0.91650390625,9.1552734375e-05,0.3095703125,0.1065673828125,0.500244140625
1083,2,0.9091796875,0.25079345703125,0.3188883662223816,0.4293212890625,0.475830078125
1083,2,0.85986328125,0.826171875,0.3225911259651184,0.945159912109375,0.4377848505973816
1083,2,0.83740234375,0.44189453125,0.2947591543197632,0.6517333984375,0.5777181386947632
1083,2,0.71826171875,0.633514404296875,0.3089599609375,0.7130126953125,0.4006143808364868
1083,2,0.64404296875,0.226593017578125,0.2993977963924408,0.31121826171875,0.3881429135799408
1083,2,0.63427734375,0.204376220703125,0.2829793095588684,0.25836181640625,0.3268229365348816
1084,2,0.931640625,0.68450927734375,0.337158203125,0.8741455078125,0.4976399540901184
1084,2,0.9267578125,0.000152587890625,0.304931640625,0.1278076171875,0.5008952021598816
1084,2,0.91162109375,0.2635498046875,0.3177083134651184,0.43560791015625,0.4535319209098816
1084,2,0.87744140625,0.81646728515625,0.3184407353401184,0.933990478515625,0.4347330927848816
1084,2,0.798828125,0.44140625,0.2933756113052368,0.64910888671875,0.5743814706802368
1084,2,0.76513671875,0.232452392578125,0.3015543818473816,0.319091796875,0.3814697861671448
1084,2,0.689453125,0.63336181640625,0.30706787109375,0.70904541015625,0.3902994394302368
1084,2,0.666015625,0.1883544921875,0.2833455204963684,0.25616455078125,0.3290202021598816
1084,2,0.5322265625,0.3209381103515625,0.2838541865348816,0.3569183349609375,0.3191731572151184
1085,2,0.93505859375,0.27783203125,0.313720703125,0.43896484375,0.4533284306526184
1085,2,0.92431640625,6.103515625e-05,0.2999674379825592,0.14544677734375,0.4977213442325592
1085,2,0.90234375,0.67919921875,0.335205078125,0.85650634765625,0.4835205078125
1085,2,0.84814453125,0.44146728515625,0.2876790165901184,0.6475830078125,0.56103515625
1085,2,0.8173828125,0.805908203125,0.3133952021598816,0.9232177734375,0.4278565049171448
1085,2,0.71826171875,0.239501953125,0.3004964292049408,0.3228759765625,0.3786824643611908
1085,2,0.66748046875,0.634185791015625,0.3028564453125,0.706329345703125,0.3835855722427368
1085,2,0.59326171875,0.1632080078125,0.2837727963924408,0.23321533203125,0.3228352963924408
1086,2,0.931640625,0.28692626953125,0.3173421025276184,0.44317626953125,0.4458414912223816
1086,2,0.91162109375,0.0,0.298828125,0.16339111328125,0.4951171875
1086,2,0.8974609375,0.6751708984375,0.3348795771598816,0.84185791015625,0.476806640625
1086,2,0.8505859375,0.79571533203125,0.3219401240348816,0.909027099609375,0.4184570908546448
1086,2,0.82177734375,0.4464111328125,0.2913411855697632,0.646728515625,0.5628255605697632
1086,2,0.77587890625,0.245697021484375,0.2976481020450592,0.33062744140625,0.3774820864200592
1086,2,0.650390625,0.632598876953125,0.3053385615348816,0.69561767578125,0.3800659775733948
1086,2,0.63818359375,0.2042694091796875,0.2844441533088684,0.260162353515625,0.3216349482536316
1086,2,0.60498046875,0.139129638671875,0.2878011167049408,0.21026611328125,0.3257649838924408
1087,2,0.92578125,0.668701171875,0.341552734375,0.82757568359375,0.4822590947151184
1087,2,0.91650390625,-6.103515625e-05,0.3094889521598816,0.17864990234375,0.4910481572151184
1087,2,0.916015625,0.29632568359375,0.32861328125,0.44732666015625,0.4486490488052368
1087,2,0.8642578125,0.78302001953125,0.3282877504825592,0.8980712890625,0.4349772036075592
1087,2,0.85986328125,0.44793701171875,0.2998860478401184,0.64532470703125,0.5550943613052368
1087,2,0.8173828125,0.246185302734375,0.3088785707950592,0.32843017578125,0.3855387270450592
1087,2,0.6875,0.632232666015625,0.31585693359375,0.6937103271484375,0.391845703125
1087,2,0.67041015625,0.111572265625,0.2940267026424408,0.18585205078125,0.3479207456111908
1087,2,0.5791015625,0.8750457763671875,0.30670166015625,0.9178466796875,0.34478759765625
1087,2,0.5625,0.9137725830078125,0.3075765073299408,0.9539031982421875,0.3442586362361908
1087,2,0.529296875,0.412200927734375,0.3306070864200592,0.4703826904296875,0.3910929262638092
1088,2,0.93115234375,0.6668701171875,0.3406982421875,0.815673828125,0.4620361328125
1088,2,0.90380859375,0.0,0.3048502802848816,0.19061279296875,0.4892578125
1088,2,0.888671875,0.3060302734375,0.3249104619026184,0.456298828125,0.4421386122703552
1088,2,0.861328125,0.45062255859375,0.296875,0.64556884765625,0.5645345449447632
1088,2,0.7158203125,0.250335693359375,0.30126953125,0.3302001953125,0.3837484121322632
1088,2,0.6845703125,0.77783203125,0.3270263671875,0.889617919921875,0.428955078125
1088,2,0.66552734375,0.631561279296875,0.31298828125,0.684356689453125,0.3838094472885132
1088,2,0.53515625,0.09149169921875,0.291259765625,0.1666107177734375,0.3516845703125
1089,2,0.92822265625,0.66278076171875,0.340576171875,0.8011474609375,0.4540201425552368
1089,2,0.916015625,-0.0006103515625,0.2958984375,0.205078125,0.4737141728401184
1089,2,0.87353515625,0.3115234375,0.3230387270450592,0.468017578125,0.4360758364200592
1089,2,0.80908203125,0.767974853515625,0.320556640625,0.878448486328125,0.41845703125
1089,2,0.7998046875,0.248565673828125,0.3031209111213684,0.329864501953125,0.3773192763328552
1089,2,0.794921875,0.4493408203125,0.2935384511947632,0.6475830078125,0.5696614980697632
1089,2,0.611328125,0.62994384765625,0.3119710087776184,0.683135986328125,0.3759154677391052
1089,2,0.58447265625,0.92303466796875,0.3076171875,0.971923828125,0.3462117910385132
1089,2,0.5400390625,0.194122314453125,0.2896931767463684,0.2589111328125,0.3201903700828552
1089,2,0.505859375,0.8920440673828125,0.3072102665901184,0.9281158447265625,0.3445841670036316
1090,2,0.91162109375,0.65960693359375,0.3380940854549408,0.790618896484375,0.4482015073299408
1090,2,0.9091796875,0.00042724609375,0.302978515625,0.2169189453125,0.4586181640625
1090,2,0.86865234375,0.32025146484375,0.3224690556526184,0.4649658203125,0.4383544325828552
1090,2,0.8291015625,0.4476318359375,0.2948405146598816,0.64752197265625,0.5635579824447632
1090,2,0.78271484375,0.7548828125,0.31884765625,0.8714599609375,0.4165445566177368
1090,2,0.74072265625,0.2462158203125,0.3033854067325592,0.329437255859375,0.3775431215763092
1090,2,0.56005859375,0.924102783203125,0.3091634213924408,0.9766387939453125,0.3473103940486908
1090,2,0.52685546875,0.629425048828125,0.3116251826286316,0.676239013671875,0.3692830204963684
1091,2,0.8447265625,0.0018310546875,0.303466796875,0.22198486328125,0.4486491084098816
1091,2,0.8447265625,0.653472900390625,0.3354085087776184,0.77783203125,0.4410399794578552
1091,2,0.81005859375,0.32647705078125,0.3217366337776184,0.455078125,0.4330241084098816
1091,2,0.76611328125,0.4549560546875,0.2952473759651184,0.64678955078125,0.5599771738052368
1091,2,0.740234375,0.75177001953125,0.315673828125,0.860992431640625,0.4072672128677368
1091,2,0.625,0.254058837890625,0.3056437373161316,0.323638916015625,0.3440552353858948
1091,2,0.59033203125,0.930999755859375,0.3112996220588684,0.99017333984375,0.3497721552848816
1091,2,0.53125,0.25128173828125,0.3059895634651184,0.330078125,0.3805541396141052
1091,2,0.5205078125,0.177703857421875,0.2935383915901184,0.25604248046875,0.3694865107536316
1092,2,0.91015625,0.02044677734375,0.3018391728401184,0.2252197265625,0.4493408203125
1092,2,0.88427734375,0.330078125,0.3211263120174408,0.45947265625,0.4303792417049408
1092,2,0.84716796875,0.648712158203125,0.3343912959098816,0.770263671875,0.4361572861671448
1092,2,0.83935546875,0.45538330078125,0.2950032353401184,0.64764404296875,0.560302734375
1092,2,0.8173828125,0.743682861328125,0.3162841796875,0.852813720703125,0.4110107421875
1092,2,0.6689453125,0.18011474609375,0.2948405146598816,0.26385498046875,0.3462525010108948
1092,2,0.642578125,0.942596435546875,0.3129476010799408,0.9951934814453125,0.3534139096736908
1092,2,0.609375,0.249481201171875,0.3068033754825592,0.3319091796875,0.3816935122013092
1092,2,0.537109375,0.252197265625,0.3064778447151184,0.324920654296875,0.3419188857078552
1093,2,0.90625,0.03192138671875,0.3038737177848816,0.226318359375,0.446044921875
1093,2,0.8759765625,0.650726318359375,0.3308512568473816,0.76043701171875,0.4395752549171448
1093,2,0.837890625,0.735107421875,0.3148193359375,0.843231201171875,0.4028726816177368
1093,2,0.8251953125,0.334014892578125,0.322509765625,0.45819091796875,0.431640625
1093,2,0.81201171875,0.45947265625,0.2950845956802368,0.650146484375,0.5616861581802368
1093,2,0.69384765625,0.1814117431640625,0.2945353090763092,0.244293212890625,0.3497721254825592
1093,2,0.65478515625,0.25592041015625,0.3082682490348816,0.323760986328125,0.3440144658088684
1093,2,0.5693359375,0.94561767578125,0.3119303584098816,0.9966278076171875,0.3508911728858948
1094,2,0.89892578125,0.0382080078125,0.2996419370174408,0.2244873046875,0.4328206479549408
1094,2,0.8505859375,0.458984375,0.2916666865348816,0.6505126953125,0.54931640625
1094,2,0.83642578125,0.6474609375,0.3264973759651184,0.751251220703125,0.4278563857078552
1094,2,0.822265625,0.2548828125,0.30072021484375,0.324951171875,0.3732503652572632
1094,2,0.81982421875,0.33782958984375,0.3138427734375,0.4552001953125,0.4204915761947632
1094,2,0.81396484375,0.74005126953125,0.3110758662223816,0.836090087890625,0.3972981572151184
1094,2,0.57568359375,0.9567413330078125,0.3092041015625,0.9999237060546875,0.3493245840072632
1094,2,0.5634765625,0.16650390625,0.2920328676700592,0.23236083984375,0.3552652895450592
1095,2,0.87451171875,0.04876708984375,0.298583984375,0.221923828125,0.4305419921875
1095,2,0.8115234375,0.723968505859375,0.310791015625,0.827789306640625,0.3966470956802368
1095,2,0.80419921875,0.343719482421875,0.3162841796875,0.4515380859375,0.4032388925552368
1095,2,0.775390625,0.64990234375,0.3255615234375,0.74359130859375,0.41845703125
1095,2,0.76171875,0.251556396484375,0.3025105595588684,0.323638916015625,0.3697916865348816
1095,2,0.70703125,0.46441650390625,0.2923177480697632,0.65362548828125,0.5454915761947632
1095,2,0.51708984375,0.18084716796875,0.2945149838924408,0.262451171875,0.3594563901424408
1095,2,0.51171875,0.89599609375,0.3080851435661316,0.9579925537109375,0.3492634892463684
1096,2,0.90380859375,0.04510498046875,0.30126953125,0.2156982421875,0.432861328125
1096,2,0.7939453125,0.64703369140625,0.3301188051700592,0.737823486328125,0.4193522036075592
1096,2,0.7880859375,0.73004150390625,0.317626953125,0.822540283203125,0.3996988534927368
1096,2,0.7607421875,0.24658203125,0.305908203125,0.325439453125,0.3749796152114868
1096,2,0.65576171875,0.34521484375,0.3201497197151184,0.4656982421875,0.4187418818473816
1096,2,0.60791015625,0.4686279296875,0.2967122197151184,0.658447265625,0.54736328125
1096,2,0.57763671875,0.1712646484375,0.2998046875,0.2179412841796875,0.3443399667739868
1097,2,0.79052734375,-0.000244140625,0.3053792417049408,0.18157958984375,0.4324544370174408
1097,2,0.7802734375,0.7264404296875,0.3229166865348816,0.81549072265625,0.3997803330421448
1097,2,0.775390625,0.64532470703125,0.3308512568473816,0.7305908203125,0.4195149540901184
1097,2,0.7578125,0.34808349609375,0.3205973505973816,0.455108642578125,0.4128010869026184
1097,2,0.70166015625,0.245330810546875,0.3106282353401184,0.3212890625,0.3765868544578552
1097,2,0.673828125,0.09521484375,0.30908203125,0.20947265625,0.4226480722427368
1097,2,0.6630859375,0.4697265625,0.2979329228401184,0.656005859375,0.55126953125
1098,2,0.77099609375,0.347412109375,0.3231608271598816,0.452880859375,0.4123128056526184
1098,2,0.76513671875,0.2427978515625,0.3103230893611908,0.324188232421875,0.3766683042049408
1098,2,0.76171875,0.4722900390625,0.3015950918197632,0.65618896484375,0.5518392324447632
1098,2,0.7529296875,0.721588134765625,0.32177734375,0.8104248046875,0.397705078125
1098,2,0.74658203125,0.641632080078125,0.3314616084098816,0.723907470703125,0.4182942509651184
1098,2,0.6904296875,0.0360107421875,0.3102213442325592,0.20269775390625,0.4293619692325592
1098,2,0.6259765625,0.9034423828125,0.3212483823299408,0.989990234375,0.3631795346736908
1098,2,0.5205078125,-0.00018310546875,0.306640625,0.08331298828125,0.4006754159927368
1099,2,0.84130859375,0.03643798828125,0.3092854619026184,0.17034912109375,0.4247233271598816
1099,2,0.80908203125,0.3504638671875,0.3167317509651184,0.452880859375,0.4122721552848816
1099,2,0.8056640625,0.717803955078125,0.3200276792049408,0.799102783203125,0.3863728940486908
1099,2,0.74755859375,0.47576904296875,0.2996419072151184,0.65582275390625,0.545166015625
1099,2,0.63525390625,0.63958740234375,0.3289591670036316,0.71417236328125,0.3992512822151184
1099,2,0.62841796875,0.24298095703125,0.30810546875,0.3204345703125,0.37493896484375
1099,2,0.60107421875,0.91094970703125,0.3232828974723816,0.99249267578125,0.3651326298713684
1099,2,0.50927734375,-0.00030517578125,0.3072102963924408,0.0533447265625,0.4081624448299408
1100,2,0.88818359375,0.03643798828125,0.310546875,0.1968994140625,0.4260660409927368
1100,2,0.81982421875,0.706817626953125,0.32305908203125,0.794403076171875,0.3978067636489868
1100,2,0.76416015625,0.353118896484375,0.3191731870174408,0.45379638671875,0.4079183042049408
1100,2,0.72412109375,0.637908935546875,0.33074951171875,0.7086639404296875,0.4081217050552368
1100,2,0.71142578125,0.240936279296875,0.3097330927848816,0.31365966796875,0.3767293095588684
1100,2,0.6982421875,0.47869873046875,0.3031412959098816,0.65411376953125,0.5430501103401184
1100,2,0.56591796875,0.92071533203125,0.327392578125,0.990570068359375,0.36737060546875
1101,2,0.8984375,0.033203125,0.3135579228401184,0.18988037109375,0.4318034052848816
1101,2,0.80126953125,0.4808349609375,0.3072916865348816,0.65716552734375,0.549560546875
1101,2,0.79443359375,0.704559326171875,0.3257039189338684,0.787078857421875,0.3978678584098816
1101,2,0.76318359375,0.35491943359375,0.3262939453125,0.45367431640625,0.41119384765625
1101,2,0.75390625,0.63763427734375,0.3332316279411316,0.7044219970703125,0.4092610478401184
1101,2,0.705078125,0.9281005859375,0.3296712040901184,0.999420166015625,0.3748778700828552
1101,2,0.57373046875,0.242431640625,0.3128662109375,0.3167877197265625,0.37786865234375
1102,2,0.888671875,0.032470703125,0.3172607421875,0.188720703125,0.4346923828125
1102,2,0.83740234375,0.48345947265625,0.3130696415901184,0.655029296875,0.5448405146598816
1102,2,0.8251953125,0.359588623046875,0.3292033076286316,0.45538330078125,0.4122315049171448
1102,2,0.78662109375,0.705322265625,0.3306071162223816,0.782989501953125,0.3953247666358948
1102,2,0.7314453125,0.9337158203125,0.3329874873161316,0.9989013671875,0.3819172978401184
1102,2,0.7314453125,0.6381988525390625,0.3402913510799408,0.700927734375,0.4104817807674408
1102,2,0.611328125,0.234893798828125,0.31640625,0.3186492919921875,0.3754476308822632
1102,2,0.5419921875,0.4438323974609375,0.32391357421875,0.4959716796875,0.35968017578125
1102,2,0.52978515625,0.3255767822265625,0.32684326171875,0.369659423828125,0.3599649667739868
1103,2,0.8662109375,0.031005859375,0.3125813603401184,0.18658447265625,0.4311930537223816
1103,2,0.822265625,0.702239990234375,0.3261515498161316,0.77813720703125,0.3923340439796448
1103,2,0.81005859375,0.358856201171875,0.3224690854549408,0.45391845703125,0.4043172299861908
1103,2,0.79638671875,0.48358154296875,0.305908203125,0.668701171875,0.5215657353401184
1103,2,0.69775390625,0.236419677734375,0.31121826171875,0.3178558349609375,0.376953125
1103,2,0.67578125,0.637359619140625,0.33746337890625,0.6930084228515625,0.4063720703125
1103,2,0.640625,0.94354248046875,0.3268839716911316,0.9993743896484375,0.3778279423713684
1104,2,0.89599609375,0.0277099609375,0.303955078125,0.1851806640625,0.4263509511947632
1104,2,0.8076171875,0.3616943359375,0.3119303286075592,0.4560546875,0.3981119692325592
1104,2,0.77001953125,0.6994476318359375,0.3147379457950592,0.77362060546875,0.3823648989200592
1104,2,0.73291015625,0.48309326171875,0.2962239384651184,0.6533203125,0.5174967646598816
1104,2,0.7197265625,0.23541259765625,0.3076375126838684,0.320343017578125,0.3709716200828552
1104,2,0.6689453125,0.9518890380859375,0.3225504755973816,0.9994964599609375,0.3708088994026184
1104,2,0.6513671875,0.6354217529296875,0.3260090947151184,0.68927001953125,0.3891600966453552
1105,2,0.9013671875,0.02655029296875,0.3094075620174408,0.18402099609375,0.4237874448299408
1105,2,0.85107421875,0.48284912109375,0.30078125,0.65423583984375,0.5283203125
1105,2,0.84619140625,0.3642578125,0.3188883662223816,0.456146240234375,0.3993123173713684
1105,2,0.83740234375,0.69818115234375,0.3205159306526184,0.7701568603515625,0.3889159560203552
1105,2,0.75537109375,0.236602783203125,0.3091634213924408,0.314208984375,0.3739217221736908
1105,2,0.68359375,0.636566162109375,0.3297932744026184,0.685302734375,0.3942260146141052
1105,2,0.53759765625,0.0016937255859375,0.3152669072151184,0.0505828857421875,0.3537597060203552
1105,2,0.51171875,0.9669189453125,0.3358967900276184,0.999420166015625,0.3805338740348816
1106,2,0.90283203125,0.02838134765625,0.3028564453125,0.18505859375,0.4175618886947632
1106,2,0.857421875,0.69921875,0.3159586787223816,0.7687225341796875,0.3833821415901184
1106,2,0.833984375,0.48931884765625,0.2919921875,0.65582275390625,0.5162353515625
1106,2,0.802734375,0.36505126953125,0.3148600459098816,0.457427978515625,0.3962605595588684
1106,2,0.78173828125,0.237152099609375,0.3062540888786316,0.3192138671875,0.3703613877296448
1106,2,0.65380859375,0.636871337890625,0.32794189453125,0.6854095458984375,0.39385986328125
1106,2,0.51806640625,0.1901092529296875,0.3120930790901184,0.235382080078125,0.3518065810203552
1107,2,0.892578125,0.02996826171875,0.3030598759651184,0.18524169921875,0.4106444716453552
1107,2,0.85986328125,0.49578857421875,0.2890625,0.65673828125,0.5125325322151184
1107,2,0.79638671875,0.366943359375,0.3118489384651184,0.457183837890625,0.3900553584098816
1107,2,0.75927734375,0.235137939453125,0.3048909306526184,0.3193206787109375,0.3671874403953552
1107,2,0.7529296875,0.6974334716796875,0.3154093623161316,0.76593017578125,0.3791504502296448
1107,2,0.6162109375,0.63958740234375,0.3230183720588684,0.68408203125,0.3867797255516052
1107,0,0.5751953125,0.9300079345703125,0.2831217646598816,0.9685821533203125,0.4040527939796448
1107,2,0.54248046875,0.443817138671875,0.3052978515625,0.4911041259765625,0.34051513671875
1108,2,0.89990234375,0.02825927734375,0.3064778745174408,0.18499755859375,0.4200032651424408
1108,2,0.84814453125,0.49810791015625,0.2948405146598816,0.660400390625,0.5160725712776184
1108,2,0.8125,0.3701171875,0.3224690556526184,0.45867919921875,0.3988444209098816
1108,2,0.8037109375,0.695098876953125,0.3259684145450592,0.764617919921875,0.3883463442325592
1108,2,0.76953125,0.2342529296875,0.3092854619026184,0.31744384765625,0.3737792372703552
1108,2,0.7119140625,0.64404296875,0.3310343325138092,0.6832733154296875,0.3938395082950592
1108,2,0.55615234375,0.1607666015625,0.3150227665901184,0.213653564453125,0.3623046278953552
1108,2,0.52783203125,0.44500732421875,0.3187662661075592,0.4947662353515625,0.3518473207950592
1109,2,0.86767578125,0.02880859375,0.3078206181526184,0.18896484375,0.4260661005973816
1109,2,0.8388671875,0.370849609375,0.3264567255973816,0.4610595703125,0.4030354619026184
1109,2,0.822265625,0.6963043212890625,0.328857421875,0.763214111328125,0.39019775390625
1109,2,0.78173828125,0.4976806640625,0.3006998300552368,0.6700439453125,0.5166422128677368
1109,2,0.685546875,0.23675537109375,0.3095296323299408,0.3184814453125,0.3755696713924408
1109,2,0.61328125,0.64678955078125,0.3401692509651184,0.681549072265625,0.3947753310203552
1109,2,0.52734375,0.1607666015625,0.32159423828125,0.20220947265625,0.3646444082260132
1110,2,0.88134765625,0.02886962890625,0.31298828125,0.18707275390625,0.4206949472427368
1110,2,0.82958984375,0.50726318359375,0.3030599355697632,0.66900634765625,0.5180257558822632
1110,2,0.8095703125,0.6973724365234375,0.3316447138786316,0.761749267578125,0.3924561142921448
1110,2,0.80908203125,0.372314453125,0.3288370668888092,0.461944580078125,0.4036051332950592
1110,2,0.755859375,0.237945556640625,0.31243896484375,0.319091796875,0.3788248300552368
1110,2,0.64501953125,0.6478729248046875,0.3358967900276184,0.6812591552734375,0.3962809443473816
1110,2,0.5810546875,0.4550018310546875,0.3265584111213684,0.4979705810546875,0.3608397841453552
1111,2,0.86865234375,0.03216552734375,0.3144938349723816,0.18780517578125,0.4211018681526184
1111,2,0.82568359375,0.6970062255859375,0.33416748046875,0.761749267578125,0.3951212167739868
1111,2,0.8203125,0.5087890625,0.3053385615348816,0.66339111328125,0.5189208984375
1111,2,0.79638671875,0.374755859375,0.33056640625,0.462371826171875,0.4025472402572632
1111,2,0.69384765625,0.23236083984375,0.3129679560661316,0.3154754638671875,0.3835652470588684
1111,2,0.6572265625,0.4598388671875,0.3298136591911316,0.4945220947265625,0.3620606064796448
1111,2,0.55908203125,0.646453857421875,0.3341471552848816,0.6789093017578125,0.3951416611671448
1112,2,0.892578125,0.0322265625,0.315185546875,0.18707275390625,0.4224039316177368
1112,2,0.80322265625,0.7001800537109375,0.3345743715763092,0.760467529296875,0.3959757387638092
1112,2,0.796875,0.5079345703125,0.3046875,0.66387939453125,0.5189616084098816
1112,2,0.771484375,0.37298583984375,0.3309733271598816,0.462066650390625,0.4023030400276184
1112,2,0.640625,0.231475830078125,0.3138020634651184,0.314727783203125,0.3840331435203552
1112,2,0.63037109375,0.4560394287109375,0.3328043818473816,0.4970703125,0.3660278916358948
1113,2,0.8447265625,0.700775146484375,0.34124755859375,0.760894775390625,0.39935302734375
1113,2,0.80517578125,0.375396728515625,0.333740234375,0.462615966796875,0.4075113534927368
1113,2,0.7890625,0.00555419921875,0.3206787109375,0.187744140625,0.4250894784927368
1113,2,0.787109375,0.50543212890625,0.30712890625,0.666900634765625,0.5262044072151184
1113,2,0.60888671875,0.2318115234375,0.3218587040901184,0.3145904541015625,0.3868204951286316
1113,2,0.56396484375,0.4560699462890625,0.3347575068473816,0.4952545166015625,0.3690186142921448
1114,2,0.90478515625,0.03173828125,0.3231201171875,0.1871337890625,0.4295654296875
1114,2,0.8271484375,0.698089599609375,0.3424275517463684,0.760528564453125,0.4002684950828552
1114,2,0.82177734375,0.376373291015625,0.3354085087776184,0.462646484375,0.4090372920036316
1114,2,0.767578125,0.50946044921875,0.3077799081802368,0.666229248046875,0.5277506113052368
1114,2,0.708984375,0.226593017578125,0.3273722529411316,0.3082275390625,0.3932698369026184
1114,2,0.5712890625,0.4591217041015625,0.33966064453125,0.4947357177734375,0.3727620840072632
1114,2,0.54833984375,0.4844970703125,0.343505859375,0.5223236083984375,0.442138671875
1114,2,0.54736328125,0.16259765625,0.3313395380973816,0.21234130859375,0.3874104619026184
1114,2,0.5078125,-0.0001220703125,0.3299560546875,0.04083251953125,0.3857828378677368
1115,2,0.90771484375,0.0325927734375,0.3216145634651184,0.1859130859375,0.4274088740348816
1115,2,0.8447265625,0.37615966796875,0.335693359375,0.46343994140625,0.4101969003677368
1115,2,0.8251953125,0.69842529296875,0.3453369140625,0.760498046875,0.40130615234375
1115,2,0.75732421875,0.5069580078125,0.30810546875,0.66748046875,0.5284016728401184
1115,2,0.75537109375,0.22467041015625,0.327880859375,0.310150146484375,0.3952840566635132
1115,2,0.57568359375,0.4579010009765625,0.3405354619026184,0.4942779541015625,0.3723551630973816
1116,2,0.89990234375,0.03369140625,0.3206380307674408,0.1856689453125,0.4230550229549408
1116,2,0.86279296875,0.3756103515625,0.333984375,0.4654541015625,0.4084879159927368
1116,2,0.8203125,0.4915771484375,0.306884765625,0.66400146484375,0.5288899540901184
1116,2,0.75390625,0.22271728515625,0.3261922001838684,0.306915283203125,0.3938395380973816
1116,2,0.73046875,0.6986541748046875,0.341552734375,0.758453369140625,0.4001260995864868
1116,2,0.51171875,0.4572906494140625,0.3347981870174408,0.49261474609375,0.3693440854549408
1117,2,0.8583984375,0.01318359375,0.3181559443473816,0.192138671875,0.4185791611671448
1117,2,0.8447265625,0.376068115234375,0.3336995244026184,0.46380615234375,0.4055785536766052
1117,2,0.82568359375,0.7006683349609375,0.3419392704963684,0.75897216796875,0.3983561396598816
1117,2,0.79150390625,0.48834228515625,0.305908203125,0.66363525390625,0.52587890625
1117,2,0.65625,0.456207275390625,0.3329060971736908,0.492584228515625,0.3680623471736908
1117,2,0.65283203125,0.216094970703125,0.3203531801700592,0.301513671875,0.3901773989200592
1118,2,0.8583984375,0.03021240234375,0.3160400390625,0.1898193359375,0.4192301034927368
1118,2,0.85400390625,0.37957763671875,0.3337199091911316,0.465301513671875,0.4049275517463684
1118,2,0.78564453125,0.4945068359375,0.3057454228401184,0.666229248046875,0.5265299677848816
1118,2,0.7802734375,0.214508056640625,0.32208251953125,0.30810546875,0.3897705078125
1118,2,0.740234375,0.701141357421875,0.3421630859375,0.758453369140625,0.39697265625
1118,2,0.66796875,0.45526123046875,0.3331095576286316,0.4925079345703125,0.3690388798713684
1118,2,0.59033203125,0.0001373291015625,0.32989501953125,0.046783447265625,0.3899739980697632
1119,2,0.9013671875,0.02685546875,0.3196207880973816,0.19134521484375,0.4211426377296448
1119,2,0.8115234375,0.49237060546875,0.3064778447151184,0.6646728515625,0.528564453125
1119,2,0.798828125,0.7007293701171875,0.3405558466911316,0.7560882568359375,0.3973999619483948
1119,2,0.79150390625,0.377716064453125,0.335205078125,0.46429443359375,0.4075113534927368
1119,2,0.75927734375,0.216705322265625,0.32537841796875,0.303802490234375,0.3939208984375
1119,2,0.55078125,0.4582061767578125,0.3342488706111908,0.4884185791015625,0.3717244565486908
1120,2,0.87060546875,0.0224609375,0.3191324770450592,0.19146728515625,0.4232584536075592
1120,2,0.85888671875,0.37554931640625,0.3374430239200592,0.464752197265625,0.4112955629825592
1120,2,0.79736328125,0.50091552734375,0.3080241084098816,0.665618896484375,0.5322265625
1120,2,0.7724609375,0.7017364501953125,0.343994140625,0.75909423828125,0.40045166015625
1120,2,0.66259765625,0.212188720703125,0.32745361328125,0.293304443359375,0.395263671875
1120,2,0.5439453125,0.45880126953125,0.3329264521598816,0.487213134765625,0.3739624619483948
1121,2,0.861328125,0.02642822265625,0.3210042417049408,0.18939208984375,0.4229329526424408
1121,2,0.77392578125,0.368988037109375,0.3410237729549408,0.46490478515625,0.4088948667049408
1121,2,0.69970703125,0.49859619140625,0.3084309697151184,0.6671142578125,0.5321452021598816
1121,2,0.69091796875,0.70343017578125,0.3482666015625,0.75823974609375,0.39776611328125
1121,2,0.55517578125,0.20654296875,0.3258260190486908,0.293365478515625,0.3935750424861908
1121,2,0.50146484375,0.4608001708984375,0.3331705927848816,0.489776611328125,0.3753052353858948
1122,2,0.873046875,0.03021240234375,0.3213704228401184,0.191162109375,0.4211425185203552
1122,2,0.822265625,0.37457275390625,0.3401286005973816,0.465545654296875,0.4104004502296448
1122,2,0.740234375,0.703887939453125,0.3477376103401184,0.759429931640625,0.3961588740348816
1122,2,0.72705078125,0.20849609375,0.3282470703125,0.29083251953125,0.3956298828125
1122,2,0.69775390625,0.49578857421875,0.3063151240348816,0.66522216796875,0.5381672978401184
1122,2,0.5341796875,0.35772705078125,0.3455810546875,0.3941650390625,0.3758544921875
1122,2,0.51611328125,-9.1552734375e-05,0.3332112431526184,0.048431396484375,0.4095458388328552
1123,2,0.869140625,0.02593994140625,0.3215739130973816,0.19146728515625,0.4254963994026184
1123,2,0.82470703125,0.37677001953125,0.3395182192325592,0.46502685546875,0.4098917543888092
1123,2,0.748046875,0.4971923828125,0.305908203125,0.66668701171875,0.5382487177848816
1123,2,0.6728515625,0.2113037109375,0.32763671875,0.29705810546875,0.397216796875
1123,2,0.6142578125,0.7038116455078125,0.3463134765625,0.7584228515625,0.3981729745864868
1123,2,0.525390625,0.35760498046875,0.3446858525276184,0.396697998046875,0.3769938349723816
1124,2,0.9208984375,0.02459716796875,0.3199869990348816,0.18841552734375,0.4239094853401184
1124,2,0.8173828125,0.49609375,0.300048828125,0.67138671875,0.5398762822151184
1124,2,0.69482421875,0.19183349609375,0.3247477412223816,0.296173095703125,0.3947754502296448
1124,2,0.68359375,0.376983642578125,0.3409423828125,0.466217041015625,0.4075723886489868
1124,2,0.62353515625,0.7046661376953125,0.3509521484375,0.756378173828125,0.3965047597885132
1125,2,0.89111328125,0.020263671875,0.3138427734375,0.18768310546875,0.4194742441177368
1125,2,0.763671875,0.38232421875,0.3336588442325592,0.465972900390625,0.4047037661075592
1125,2,0.75,0.49560546875,0.2921549677848816,0.671112060546875,0.5357258915901184
1125,2,0.6337890625,0.703704833984375,0.34130859375,0.758819580078125,0.3917032480239868
1125,2,0.55224609375,0.1905517578125,0.3164876401424408,0.28955078125,0.3915608823299408
1125,2,0.50830078125,0.34814453125,0.3371175229549408,0.3934326171875,0.3693440854549408
1126,2,0.9140625,0.024658203125,0.3116455078125,0.191650390625,0.4170736074447632
1126,2,0.74365234375,0.4952392578125,0.2886555790901184,0.6724853515625,0.5358073115348816
1126,2,0.71728515625,0.7021331787109375,0.3382161557674408,0.7517242431640625,0.3870442807674408
1126,2,0.69970703125,0.192657470703125,0.3145344853401184,0.29254150390625,0.3891600966453552
1126,2,0.6611328125,0.379974365234375,0.3294880986213684,0.47021484375,0.4013060927391052
1126,2,0.5810546875,0.341888427734375,0.3333943486213684,0.3854217529296875,0.3692016005516052
1127,2,0.853515625,0.02813720703125,0.3149006962776184,0.19091796875,0.4159342646598816
1127,2,0.7685546875,0.7016448974609375,0.3394571840763092,0.7509002685546875,0.3871256411075592
1127,2,0.673828125,0.49346923828125,0.2894693613052368,0.67303466796875,0.5402017831802368
1127,2,0.6630859375,0.185211181640625,0.3207600712776184,0.291534423828125,0.3923746943473816
1127,2,0.63671875,0.379730224609375,0.3334147334098816,0.4669189453125,0.4032796025276184
1127,2,0.60595703125,0.338531494140625,0.3337809145450592,0.38055419921875,0.3727213442325592
1128,2,0.900390625,0.025634765625,0.3134765625,0.19049072265625,0.4171956777572632
1128,2,0.7890625,0.1824951171875,0.3187255859375,0.286376953125,0.3953043222427368
1128,2,0.73486328125,0.699859619140625,0.3413493037223816,0.7485504150390625,0.3904419541358948
1128,2,0.7021484375,0.383087158203125,0.333740234375,0.46466064453125,0.4034219980239868
1128,7,0.56640625,0.49066162109375,0.2894694209098816,0.67138671875,0.5462239980697632
1128,2,0.55419921875,0.3307342529296875,0.3351033329963684,0.38427734375,0.3758544325828552
1129,2,0.90234375,0.02801513671875,0.3172200322151184,0.18682861328125,0.4213866591453552
1129,2,0.771484375,0.179412841796875,0.3256022036075592,0.2822265625,0.3977457582950592
1129,2,0.74267578125,0.38018798828125,0.3378499448299408,0.4635009765625,0.4081014096736908
1129,2,0.67919921875,0.696563720703125,0.3473714292049408,0.7441558837890625,0.3887532651424408
1130,2,0.93017578125,0.0238037109375,0.3198649287223816,0.1866455078125,0.4228516221046448
1130,2,0.669921875,0.167205810546875,0.3310139775276184,0.264404296875,0.3972777724266052
1130,2,0.59228515625,0.37884521484375,0.3377278745174408,0.461883544921875,0.4061482846736908
1130,2,0.5849609375,0.3195037841796875,0.3413899540901184,0.36785888671875,0.3821818232536316
1130,7,0.53857421875,0.48419189453125,0.294189453125,0.6707763671875,0.5511068105697632
1131,2,0.91015625,0.02276611328125,0.3228352963924408,0.18524169921875,0.4254964292049408
1131,2,0.82568359375,0.47906494140625,0.2921549677848816,0.6683349609375,0.5545247793197632
1131,2,0.7724609375,0.172454833984375,0.3276774287223816,0.27880859375,0.4010010361671448
1131,2,0.703125,0.3130035400390625,0.3429768681526184,0.3578948974609375,0.3839110732078552
1131,2,0.6826171875,0.380126953125,0.34228515625,0.4594879150390625,0.4079793691635132
1131,2,0.5234375,0.4599151611328125,0.3414306640625,0.4959869384765625,0.3856201171875
1131,2,0.513671875,0.6856689453125,0.3449299931526184,0.732147216796875,0.3870238661766052
1132,2,0.9404296875,0.01861572265625,0.3320719301700592,0.18035888671875,0.4315592348575592
1132,2,0.748046875,0.164337158203125,0.335693359375,0.26873779296875,0.4106851816177368
1132,2,0.64892578125,0.4752197265625,0.3089193105697632,0.6627197265625,0.5642904043197632
1132,2,0.615234375,0.377166748046875,0.3488972783088684,0.458404541015625,0.4190470576286316
1132,2,0.5361328125,0.30242919921875,0.3510538935661316,0.3479766845703125,0.3905842900276184
1133,2,0.919921875,0.0147705078125,0.3393147587776184,0.17822265625,0.4404296278953552
1133,2,0.7421875,0.373687744140625,0.35107421875,0.45794677734375,0.42138671875
1133,2,0.6572265625,0.166015625,0.3440755307674408,0.266571044921875,0.4167684018611908
1133,2,0.58447265625,0.298919677734375,0.3541666865348816,0.3438262939453125,0.3954468369483948
1133,7,0.56396484375,0.471435546875,0.309326171875,0.6602783203125,0.5642904043197632
1134,2,0.931640625,0.013427734375,0.33642578125,0.1748046875,0.4343668222427368
1134,2,0.8076171875,0.4664306640625,0.3046875,0.6551513671875,0.5638021230697632
1134,2,0.71630859375,0.1612548828125,0.3345540165901184,0.258209228515625,0.4078368544578552
1134,2,0.69140625,0.3726806640625,0.3455403447151184,0.456787109375,0.4177245497703552
1134,2,0.6416015625,0.672760009765625,0.3531697392463684,0.7151031494140625,0.3894450068473816
1134,2,0.61669921875,0.2896728515625,0.3498331606388092,0.3347930908203125,0.3920084536075592
1135,2,0.927734375,0.002685546875,0.3335774540901184,0.169036865234375,0.4343668818473816
1135,2,0.71044921875,0.37274169921875,0.3465779423713684,0.454010009765625,0.4169718623161316
1135,2,0.64990234375,0.153289794921875,0.33642578125,0.25927734375,0.3992919921875
1135,2,0.64697265625,0.6707763671875,0.3539835810661316,0.7121124267578125,0.3886311650276184
1135,2,0.62841796875,0.2811126708984375,0.34661865234375,0.326324462890625,0.39111328125
1135,7,0.611328125,0.4625244140625,0.306640625,0.65264892578125,0.564208984375
1135,2,0.52001953125,0.324676513671875,0.3517862856388092,0.3762359619140625,0.3883463442325592
1136,2,0.93408203125,0.00262451171875,0.336181640625,0.16680908203125,0.4362386465072632
1136,2,0.775390625,0.372528076171875,0.34918212890625,0.45001220703125,0.4178060293197632
1136,2,0.71630859375,0.2736663818359375,0.3464762568473816,0.325897216796875,0.3953450322151184
1136,2,0.642578125,0.14886474609375,0.3376668095588684,0.2491455078125,0.3914591670036316
1136,2,0.62060546875,0.4588623046875,0.3133952021598816,0.646728515625,0.568115234375
1136,2,0.53564453125,0.6690216064453125,0.3560587763786316,0.7075653076171875,0.3912556767463684
1137,2,0.93603515625,0.00048828125,0.3357340395450592,0.16204833984375,0.4396158754825592
1137,2,0.76708984375,0.3695068359375,0.349609375,0.449554443359375,0.41766357421875
1137,2,0.69921875,0.455810546875,0.3118489384651184,0.64404296875,0.56884765625
1137,2,0.64990234375,0.265167236328125,0.34942626953125,0.3179779052734375,0.3955078125
1137,2,0.60400390625,0.14459228515625,0.3353678584098816,0.24761962890625,0.3881428837776184
1138,2,0.90771484375,0.00115966796875,0.3360595703125,0.15704345703125,0.4362386465072632
1138,2,0.7685546875,0.36627197265625,0.3450114130973816,0.44940185546875,0.4167073369026184
1138,2,0.71728515625,0.26007080078125,0.3502400517463684,0.30914306640625,0.3950602412223816
1138,2,0.6025390625,0.453155517578125,0.3118489384651184,0.63763427734375,0.5654296875
1138,2,0.57177734375,0.13726806640625,0.337646484375,0.2330322265625,0.3763834238052368
1138,2,0.51513671875,0.350616455078125,0.3497517704963684,0.382049560546875,0.3855997920036316
1138,2,0.5146484375,0.317352294921875,0.3542887270450592,0.371337890625,0.3897501528263092
1139,2,0.93505859375,0.00067138671875,0.3341064453125,0.15283203125,0.4382730722427368
1139,2,0.77294921875,0.13043212890625,0.336669921875,0.2379150390625,0.4139404296875
1139,2,0.7255859375,0.366180419921875,0.34686279296875,0.447052001953125,0.4151611328125
1139,2,0.64794921875,0.44683837890625,0.312255859375,0.6331787109375,0.565185546875
1139,2,0.59765625,0.2472686767578125,0.3489176630973816,0.3025054931640625,0.3952637314796448
1139,2,0.56787109375,0.6566619873046875,0.35302734375,0.698089599609375,0.3868814706802368
1139,2,0.5048828125,0.3488006591796875,0.3472696840763092,0.38250732421875,0.3802897036075592
1140,2,0.93017578125,0.00067138671875,0.3365885615348816,0.13970947265625,0.4429932236671448
1140,2,0.77587890625,0.361968994140625,0.3495686650276184,0.440887451171875,0.4170939326286316
1140,2,0.748046875,0.44024658203125,0.3186848759651184,0.62677001953125,0.569580078125
1140,2,0.66357421875,0.233642578125,0.3514404296875,0.2957305908203125,0.4020181894302368
1140,2,0.54248046875,0.11846923828125,0.336181640625,0.222747802734375,0.396240234375
1140,2,0.5302734375,0.3360748291015625,0.35528564453125,0.370086669921875,0.38818359375
1140,2,0.521484375,0.6468505859375,0.35650634765625,0.6891632080078125,0.3873087167739868
1141,2,0.916015625,0.000274658203125,0.3408610224723816,0.1253662109375,0.4475098252296448
1141,2,0.6826171875,0.1025390625,0.3438923954963684,0.1915283203125,0.4193114638328552
1141,2,0.681640625,0.221282958984375,0.3511962890625,0.2877960205078125,0.4022216796875
1141,2,0.68017578125,0.352325439453125,0.3516032099723816,0.431854248046875,0.4175618290901184
1141,2,0.59912109375,0.32623291015625,0.3528849184513092,0.361785888671875,0.3901163637638092
1141,2,0.5966796875,0.60888671875,0.3554890751838684,0.680633544921875,0.3925780653953552
1141,2,0.59033203125,0.4317626953125,0.3218587636947632,0.6126708984375,0.5716146230697632
1142,2,0.91015625,-3.0517578125e-05,0.3396809697151184,0.101043701171875,0.4449462294578552
1142,2,0.8076171875,0.412109375,0.3196614980697632,0.59576416015625,0.5662435293197632
1142,2,0.80615234375,0.07635498046875,0.3394368290901184,0.20458984375,0.4198405146598816
1142,2,0.744140625,0.340087890625,0.3459676206111908,0.42156982421875,0.4178670346736908
1142,2,0.6337890625,0.31182861328125,0.3510335385799408,0.34661865234375,0.3889974057674408
1142,2,0.5625,0.20220947265625,0.3520100712776184,0.274444580078125,0.4017333388328552
1142,2,0.52587890625,0.6306304931640625,0.3535969853401184,0.666656494140625,0.3848673701286316
1143,2,0.8037109375,3.0517578125e-05,0.335205078125,0.074554443359375,0.445556640625
1143,2,0.796875,0.326904296875,0.3434651792049408,0.401458740234375,0.4146321713924408
1143,2,0.794921875,0.04534912109375,0.3364664614200592,0.17987060546875,0.4209391176700592
1143,5,0.76611328125,0.88507080078125,0.10888674855232239,1.0,0.5499675273895264
1143,2,0.74169921875,0.39215087890625,0.3125,0.57769775390625,0.5680338144302368
1143,2,0.669921875,0.173919677734375,0.34515380859375,0.251922607421875,0.3999837636947632
1143,2,0.64013671875,0.2982330322265625,0.3490397036075592,0.3339080810546875,0.3860270082950592
1143,2,0.57666015625,0.6998291015625,0.3524577021598816,0.749542236328125,0.3896484971046448
1143,2,0.52734375,0.581573486328125,0.34967041015625,0.6495361328125,0.3814697265625
1143,2,0.52490234375,0.6148681640625,0.35479736328125,0.651214599609375,0.3791707754135132
1144,5,0.73779296875,0.85546875,0.2384440302848816,0.99951171875,0.5135090947151184
1144,2,0.7294921875,0.30987548828125,0.3443807065486908,0.385406494140625,0.4092610776424408
1144,2,0.69873046875,0.02301025390625,0.3288981318473816,0.1566162109375,0.4212647080421448
1144,2,0.62255859375,0.279693603515625,0.3433023989200592,0.3191680908203125,0.3830973207950592
1144,2,0.591796875,-9.1552734375e-05,0.3254801332950592,0.043853759765625,0.4365641176700592
1144,7,0.58203125,0.36785888671875,0.3103841543197632,0.55780029296875,0.5638021230697632
1144,2,0.564453125,0.15228271484375,0.3405965268611908,0.238739013671875,0.3976643979549408
1144,2,0.53515625,0.5973968505859375,0.3521525263786316,0.634674072265625,0.3765462040901184
1145,5,0.82177734375,0.8126220703125,0.2360840141773224,0.99920654296875,0.5206706523895264
1145,2,0.8056640625,0.292083740234375,0.3394572138786316,0.3629913330078125,0.4084065556526184
1145,2,0.7900390625,0.000213623046875,0.32763671875,0.1260986328125,0.422119140625
1145,2,0.650390625,0.121795654296875,0.3431600034236908,0.19525146484375,0.3968709409236908
1145,2,0.587890625,0.2586212158203125,0.34088134765625,0.29986572265625,0.3810831308364868
1145,2,0.56982421875,0.1812286376953125,0.3382975161075592,0.2611083984375,0.3936564028263092
1145,2,0.5244140625,0.5803375244140625,0.34844970703125,0.619873046875,0.3744302988052368
1146,5,0.916015625,0.790771484375,0.11442059278488159,0.9996337890625,0.5208333134651184
1146,2,0.8095703125,0.27447509765625,0.337646484375,0.34002685546875,0.40997314453125
1146,2,0.80126953125,6.103515625e-05,0.3265787959098816,0.097564697265625,0.4248047471046448
1146,2,0.73291015625,0.3104248046875,0.3063151240348816,0.5111083984375,0.5711263418197632
1146,2,0.67138671875,0.2388153076171875,0.3409830927848816,0.2831268310546875,0.3834839463233948
1146,2,0.63525390625,0.093994140625,0.3422648310661316,0.18487548828125,0.4001465439796448
1146,2,0.60009765625,0.49798583984375,0.3449503481388092,0.5672760009765625,0.3834024965763092
1146,2,0.53125,0.567169189453125,0.34686279296875,0.6066741943359375,0.3744710683822632
1146,2,0.525390625,0.1647186279296875,0.3370361328125,0.226654052734375,0.3934732675552368
1147,5,0.7822265625,0.7666015625,0.1194661557674408,0.999755859375,0.525390625
1147,2,0.74951171875,0.258270263671875,0.339111328125,0.310577392578125,0.4087930917739868
1147,2,0.7333984375,0.062896728515625,0.3385416865348816,0.162506103515625,0.4019368290901184
1147,2,0.70751953125,-0.0001220703125,0.3300374150276184,0.067352294921875,0.4215494990348816
1147,2,0.69091796875,0.2211761474609375,0.3425089716911316,0.2697906494140625,0.3821004033088684
1147,2,0.6025390625,0.558319091796875,0.3446248471736908,0.598419189453125,0.3756307065486908
1147,2,0.58935546875,0.4842529296875,0.3453369140625,0.55987548828125,0.3866983652114868
1147,7,0.556640625,0.2799072265625,0.3048502802848816,0.48638916015625,0.55078125
1148,5,0.85498046875,0.7398681640625,0.12320961058139801,0.999755859375,0.6119791269302368
1148,2,0.66015625,0.03472900390625,0.3346150517463684,0.134307861328125,0.3978678584098816
1148,2,0.65283203125,0.20037841796875,0.3304443359375,0.24908447265625,0.3813272714614868
1148,2,0.59912109375,0.241058349609375,0.3368733823299408,0.2788848876953125,0.4033406674861908
1148,2,0.5791015625,0.4566650390625,0.3334553837776184,0.549468994140625,0.3829752802848816
1148,2,0.5771484375,0.24664306640625,0.2900390625,0.46844482421875,0.5577799081802368
1148,2,0.51708984375,0.55023193359375,0.3350626528263092,0.5872344970703125,0.3635050356388092
1148,2,0.509765625,-0.0001983642578125,0.3354898989200592,0.036651611328125,0.4131876528263092
1149,5,0.740234375,0.71875,0.10270179808139801,0.9990234375,0.5763345956802368
1149,2,0.67919921875,0.002166748046875,0.3273518681526184,0.11700439453125,0.3974608778953552
1149,2,0.666015625,0.1837921142578125,0.3315633237361908,0.2342376708984375,0.3780110776424408
1149,7,0.65185546875,0.2103271484375,0.2887369990348816,0.43896484375,0.55908203125
1149,2,0.58251953125,0.4683837890625,0.335693359375,0.54229736328125,0.4040323495864868
1149,2,0.50244140625,0.142181396484375,0.33154296875,0.1851806640625,0.3853555917739868
1150,5,0.84912109375,0.7015380859375,0.0919596254825592,0.9991455078125,0.56982421875
1150,2,0.6904296875,0.173095703125,0.2854818105697632,0.412841796875,0.5982259511947632
1150,2,0.65283203125,-1.52587890625e-05,0.3287353515625,0.05975341796875,0.404296875
1150,2,0.62451171875,0.4564208984375,0.3367919921875,0.53466796875,0.4088134765625
1150,2,0.59912109375,0.166595458984375,0.3298746943473816,0.213714599609375,0.3786621689796448
1150,2,0.53125,0.07696533203125,0.3312174677848816,0.143646240234375,0.3926594853401184
1150,2,0.5068359375,0.6420440673828125,0.3333333432674408,0.700408935546875,0.3802083432674408
1151,5,0.8603515625,0.68212890625,0.07145179808139801,0.9993896484375,0.5592447519302368
1151,2,0.78564453125,0.45135498046875,0.3369954228401184,0.528594970703125,0.4121500849723816
1151,2,0.6064453125,0.132080078125,0.2757161855697632,0.39453125,0.6087239980697632
1152,5,0.9111328125,0.666015625,0.0812174379825592,0.999267578125,0.5546875
1152,2,0.77685546875,0.44561767578125,0.3429361879825592,0.52618408203125,0.4148356020450592
1152,2,0.73681640625,0.0860595703125,0.2750651240348816,0.3798828125,0.6248372793197632
1152,2,0.56591796875,0.026824951171875,0.3257853090763092,0.127197265625,0.3936564028263092
1152,2,0.51904296875,0.521331787109375,0.33575439453125,0.56134033203125,0.3654989004135132
1153,5,0.921875,0.647216796875,0.09130862355232239,0.999267578125,0.5563151836395264
1153,2,0.80615234375,0.43658447265625,0.3447469174861908,0.52020263671875,0.4183553159236908
1153,2,0.76025390625,0.000518798828125,0.329345703125,0.088348388671875,0.4036051034927368
1153,2,0.7529296875,0.0416259765625,0.2760416865348816,0.35302734375,0.6316732168197632
1153,2,0.60791015625,0.51776123046875,0.3435465693473816,0.5538787841796875,0.3723145127296448
1154,5,0.95703125,0.637451171875,0.09000648558139801,0.9993896484375,0.5611978769302368
1154,2,0.796875,0.0001220703125,0.2732747197151184,0.330322265625,0.64111328125
1154,2,0.7939453125,0.4302978515625,0.3369547426700592,0.51678466796875,0.4210001528263092
1154,2,0.576171875,0.3159332275390625,0.329833984375,0.36895751953125,0.4151611328125
1155,5,0.9482421875,0.6253662109375,0.09798179566860199,0.999267578125,0.5423177480697632
1155,2,0.73681640625,0.414642333984375,0.3247883915901184,0.51446533203125,0.4210204482078552
1155,2,0.71044921875,0.0003662109375,0.2643229365348816,0.3104248046875,0.6385091543197632
1155,2,0.6875,0.289581298828125,0.31982421875,0.36407470703125,0.4359945058822632
1155,2,0.5439453125,0.5083465576171875,0.34246826171875,0.5424041748046875,0.3745931386947632
1156,5,0.94482421875,0.6123046875,0.09700518846511841,0.9986572265625,0.5358073115348816
1156,2,0.80712890625,0.418121337890625,0.3262939453125,0.514312744140625,0.41876220703125
1156,2,0.7421875,0.266845703125,0.3182779848575592,0.357452392578125,0.4318033754825592
1156,2,0.66943359375,6.103515625e-05,0.25634765625,0.2884521484375,0.6746419668197632
1156,2,0.64892578125,0.34381103515625,0.33074951171875,0.386505126953125,0.3763631582260132
1156,2,0.5634765625,0.5067901611328125,0.3356119692325592,0.5436859130859375,0.3667398989200592
1157,5,0.9453125,0.6043701171875,0.1007486879825592,0.9991455078125,0.53857421875
1157,2,0.8173828125,0.415679931640625,0.3318277895450592,0.514312744140625,0.4275309145450592
1157,2,0.79248046875,0.243377685546875,0.3188883662223816,0.35125732421875,0.4371338486671448
1157,2,0.79052734375,0.0,0.2509765625,0.2681884765625,0.6888021230697632
1157,2,0.63134765625,0.3392486572265625,0.33355712890625,0.3843841552734375,0.38067626953125
1158,5,0.94970703125,0.59814453125,0.1053059995174408,0.9990234375,0.52734375
1158,2,0.85546875,0.22296142578125,0.3187662959098816,0.34765625,0.4399414658546448
1158,2,0.80615234375,0.0,0.2470702826976776,0.2410888671875,0.7205402851104736
1158,2,0.7431640625,0.411346435546875,0.3355712890625,0.514373779296875,0.431884765625
1158,2,0.61669921875,0.336395263671875,0.3341878056526184,0.3760528564453125,0.3805949091911316
1159,5,0.955078125,0.586181640625,0.10009765625,0.9993896484375,0.52099609375
1159,2,0.8974609375,-0.00018310546875,0.2381184995174408,0.2196044921875,0.7439779043197632
1159,2,0.78564453125,0.40948486328125,0.3407796025276184,0.515350341796875,0.4353434443473816
1159,2,0.74951171875,0.22265625,0.3173828125,0.344757080078125,0.4389241933822632
1159,2,0.64404296875,0.3318328857421875,0.3291218876838684,0.387908935546875,0.3830973505973816
1160,5,0.94482421875,0.5914306640625,0.107421875,0.9993896484375,0.5224609375
1160,2,0.8525390625,0.209014892578125,0.314697265625,0.3419189453125,0.4382730722427368
1160,2,0.8134765625,-0.00018310546875,0.2353515625,0.20501708984375,0.765625
1160,2,0.7529296875,0.407623291015625,0.3317464292049408,0.5167236328125,0.4380696713924408
1160,2,0.6845703125,0.3325042724609375,0.3289591670036316,0.380828857421875,0.3791096806526184
1161,5,0.939453125,0.5909423828125,0.1126302182674408,0.99951171875,0.52197265625
1161,2,0.85546875,0.207366943359375,0.3143310546875,0.34185791015625,0.4397786259651184
1161,2,0.84326171875,0.4083251953125,0.3341064453125,0.51983642578125,0.4443359375
1161,2,0.7236328125,-0.000244140625,0.23046880960464478,0.184814453125,0.811360776424408
1161,2,0.70751953125,0.3331298828125,0.331298828125,0.3831787109375,0.3798828125
1161,2,0.6337890625,0.15106201171875,0.3190104365348816,0.21710205078125,0.4165852665901184
1161,2,0.52783203125,0.5281219482421875,0.3315836787223816,0.571624755859375,0.3681030869483948
1162,5,0.93701171875,0.585693359375,0.12027992308139801,0.9990234375,0.5196939706802368
1162,2,0.88720703125,0.2059326171875,0.3167317509651184,0.3436279296875,0.4442138671875
1162,2,0.76513671875,0.40869140625,0.3356526494026184,0.529144287109375,0.4555663466453552
1162,2,0.75927734375,-0.00018310546875,0.23307287693023682,0.172119140625,0.8196614980697632
1162,2,0.73583984375,0.3379364013671875,0.3338419497013092,0.391357421875,0.3859049379825592
1162,2,0.666015625,0.1341552734375,0.3243001401424408,0.21368408203125,0.4258626401424408
1163,5,0.93603515625,0.5828857421875,0.130126953125,0.9993896484375,0.5361328125
1163,2,0.8427734375,0.212890625,0.320068359375,0.353179931640625,0.4470621943473816
1163,2,0.83642578125,0.41217041015625,0.3363850712776184,0.5384521484375,0.4630126953125
1163,2,0.69482421875,0.12060546875,0.3268635869026184,0.216583251953125,0.4299315810203552
1163,2,0.65478515625,0.34295654296875,0.3360798954963684,0.395355224609375,0.3849284052848816
1163,2,0.583984375,-0.0001220703125,0.23160803318023682,0.16033935546875,0.8274739980697632
1164,5,0.9384765625,0.592041015625,0.13525390625,0.9986572265625,0.52880859375
1164,2,0.8720703125,0.4169921875,0.342529296875,0.54888916015625,0.4699299931526184
1164,2,0.7431640625,0.21728515625,0.3187662959098816,0.354644775390625,0.4495849609375
1164,2,0.642578125,0.3444061279296875,0.3366495966911316,0.39996337890625,0.3872883915901184
1164,2,0.576171875,0.1112060546875,0.3275553286075592,0.221527099609375,0.4297281801700592
1164,5,0.50146484375,-0.00048828125,0.2102864384651184,0.15313720703125,0.8144530653953552
1165,5,0.94189453125,0.5921630859375,0.1376139521598816,0.9991455078125,0.5330403447151184
1165,2,0.890625,0.22222900390625,0.3154703676700592,0.36138916015625,0.4481607973575592
1165,2,0.88720703125,0.4217529296875,0.3389485478401184,0.5596923828125,0.4763590693473816
1165,2,0.732421875,0.353271484375,0.3351033627986908,0.4089202880859375,0.3904012143611908
1165,2,0.69921875,0.10589599609375,0.3214111328125,0.2283935546875,0.4278564453125
1165,2,0.6787109375,-0.0006103515625,0.22786462306976318,0.14776611328125,0.8141275644302368
1165,2,0.5947265625,0.52667236328125,0.3419596254825592,0.5697479248046875,0.3927408754825592
1166,5,0.947265625,0.597412109375,0.137776717543602,0.999267578125,0.5428060293197632
1166,2,0.91015625,0.23052978515625,0.3164876103401184,0.3704833984375,0.4486491084098816
1166,2,0.88037109375,0.42498779296875,0.3390299379825592,0.5716552734375,0.4841715395450592
1166,2,0.732421875,0.356964111328125,0.3335164189338684,0.4158935546875,0.3904215693473816
1166,2,0.58056640625,0.101104736328125,0.32177734375,0.202423095703125,0.4236246347427368
1166,2,0.54833984375,-0.0006103515625,0.2213541865348816,0.14300537109375,0.8238932490348816
1167,5,0.9375,0.604736328125,0.141764298081398,0.99951171875,0.5333658456802368
1167,2,0.8935546875,0.2354736328125,0.3199055790901184,0.37615966796875,0.4523112177848816
1167,2,0.892578125,0.4287109375,0.3492838740348816,0.58294677734375,0.49609375
1167,2,0.8017578125,0.362762451171875,0.3362630009651184,0.4191741943359375,0.3964640498161316
1167,2,0.69970703125,-0.0006103515625,0.23583990335464478,0.138671875,0.798177182674408
1167,2,0.63525390625,0.094268798828125,0.3277181088924408,0.198333740234375,0.4363606870174408
1168,5,0.92578125,0.6087646484375,0.143717423081398,0.998779296875,0.5206705331802368
1168,2,0.89208984375,0.43115234375,0.3535969853401184,0.5926513671875,0.50439453125
1168,2,0.84765625,0.2427978515625,0.318115234375,0.3834228515625,0.4527180790901184
1168,2,0.74462890625,0.3699798583984375,0.3369344174861908,0.43017578125,0.3991902768611908
1168,2,0.70654296875,0.093597412109375,0.3239338994026184,0.19732666015625,0.4344481825828552
1168,2,0.69384765625,-0.000732421875,0.23046869039535522,0.13970947265625,0.803873598575592
1168,2,0.53466796875,0.1759033203125,0.3256022334098816,0.2330322265625,0.4075928330421448
1169,5,0.9404296875,0.61279296875,0.1481119692325592,0.997314453125,0.50634765625
1169,2,0.91259765625,0.43402099609375,0.3441569209098816,0.6026611328125,0.511474609375
1169,2,0.8857421875,0.25091552734375,0.3155924677848816,0.38970947265625,0.44873046875
1169,2,0.7802734375,0.3725128173828125,0.3345133364200592,0.434600830078125,0.3978678286075592
1169,2,0.76318359375,-0.0006103515625,0.23453772068023682,0.14276123046875,0.8098958730697632
1169,2,0.60498046875,0.17608642578125,0.3240559995174408,0.2399444580078125,0.4037068784236908
1169,2,0.57373046875,0.09368896484375,0.3211262822151184,0.23663330078125,0.4335123896598816
1170,5,0.9541015625,0.6214599609375,0.1544596254825592,0.9935302734375,0.4960937201976776
1170,2,0.91650390625,0.25701904296875,0.3142496943473816,0.399169921875,0.4454345703125
1170,2,0.888671875,0.43597412109375,0.3404133915901184,0.6151123046875,0.5185953974723816
1170,2,0.71630859375,0.3804931640625,0.3329874873161316,0.44158935546875,0.3942463994026184
1170,2,0.68896484375,0.10015869140625,0.3179524838924408,0.240478515625,0.4308675229549408
1170,2,0.64208984375,-0.0006103515625,0.22493493556976318,0.1461181640625,0.7975260019302368
1171,5,0.94287109375,0.623291015625,0.1573079526424408,0.989501953125,0.5
1171,2,0.9111328125,0.2650146484375,0.3155110478401184,0.401123046875,0.4449462890625
1171,2,0.78515625,0.43743896484375,0.357666015625,0.62554931640625,0.5247802734375
1171,2,0.74658203125,-0.000732421875,0.2277018427848816,0.15289306640625,0.7875977158546448
1171,2,0.72412109375,0.3866729736328125,0.33154296875,0.447052001953125,0.3949381113052368
1171,2,0.658203125,0.105712890625,0.3201497197151184,0.24249267578125,0.4284667372703552
1172,5,0.95703125,0.623291015625,0.1612955927848816,0.978759765625,0.5013020634651184
1172,2,0.89892578125,0.43756103515625,0.345947265625,0.6363525390625,0.5408528447151184
1172,2,0.873046875,0.271209716796875,0.3163655698299408,0.40875244140625,0.4456380307674408
1172,2,0.76171875,-0.0006103515625,0.22981774806976318,0.15966796875,0.7965494394302368
1172,2,0.64599609375,0.3883819580078125,0.3303425908088684,0.446258544921875,0.3970744013786316
1172,2,0.63818359375,0.12939453125,0.3239339292049408,0.2430419921875,0.4274495542049408
1173,5,0.96337890625,0.628173828125,0.168050155043602,0.973388671875,0.5013021230697632
1173,2,0.90478515625,0.43804931640625,0.342529296875,0.64483642578125,0.5445963740348816
1173,2,0.8974609375,0.27764892578125,0.3178303837776184,0.41064453125,0.4455973505973816
1173,2,0.7939453125,-0.0001220703125,0.23225915431976318,0.16986083984375,0.8419595956802368
1173,2,0.71923828125,0.124267578125,0.3258463740348816,0.2425537109375,0.4429932236671448
1173,2,0.60302734375,0.3921051025390625,0.3319295048713684,0.4452667236328125,0.3990477919578552
1173,2,0.5048828125,0.241607666015625,0.3275553584098816,0.3022613525390625,0.3998616337776184
1174,5,0.89111328125,0.623046875,0.1711425483226776,0.971435546875,0.489583283662796
1174,2,0.88427734375,0.2794189453125,0.3186442255973816,0.4158935546875,0.4441731572151184
1174,2,0.87890625,0.43499755859375,0.340087890625,0.65240478515625,0.5559489130973816
1174,2,0.77685546875,-0.000244140625,0.2327473759651184,0.17803955078125,0.8124999403953552
1174,2,0.6123046875,0.395416259765625,0.3330485224723816,0.44573974609375,0.4005127549171448
1174,2,0.60791015625,0.132171630859375,0.3276774287223816,0.235504150390625,0.4298096299171448
1174,2,0.59033203125,0.960601806640625,0.3570149540901184,0.999847412109375,0.5108642578125
1174,2,0.5439453125,0.237945556640625,0.3279012143611908,0.303619384765625,0.4012654721736908
1175,5,0.94287109375,0.625244140625,0.1711425483226776,0.957763671875,0.475911408662796
1175,2,0.89453125,0.43255615234375,0.3399251699447632,0.6571044921875,0.5578206777572632
1175,2,0.85693359375,0.2813720703125,0.3172607421875,0.41668701171875,0.44189453125
1175,2,0.744140625,0.13720703125,0.3258463740348816,0.234100341796875,0.4368489384651184
1175,2,0.72119140625,0.3932037353515625,0.3310139775276184,0.446807861328125,0.3982951045036316
1175,2,0.71728515625,-0.00018310546875,0.2281901240348816,0.18328857421875,0.8253580927848816
1175,2,0.70361328125,0.9462890625,0.3555908203125,0.999786376953125,0.49609375
1175,2,0.513671875,0.231414794921875,0.3267008662223816,0.306640625,0.3980305790901184
1176,5,0.94189453125,0.625,0.1761881709098816,0.9410400390625,0.4666340947151184
1176,2,0.8759765625,0.42913818359375,0.3361002802848816,0.66815185546875,0.5647786259651184
1176,2,0.8427734375,0.28582763671875,0.3169758915901184,0.415313720703125,0.4413248896598816
1176,2,0.7822265625,-0.000244140625,0.23177087306976318,0.187744140625,0.8092447519302368
1176,2,0.7734375,0.93438720703125,0.3546549379825592,0.99932861328125,0.4978434145450592
1176,2,0.72607421875,0.14471435546875,0.322998046875,0.231658935546875,0.4357095956802368
1176,2,0.615234375,0.3959808349609375,0.3306071162223816,0.452789306640625,0.4026082158088684
1176,2,0.5830078125,0.229827880859375,0.3256428837776184,0.31024169921875,0.3999430537223816
1177,5,0.93408203125,0.6263427734375,0.1822102665901184,0.929931640625,0.4679362177848816
1177,2,0.8818359375,0.4248046875,0.3321939706802368,0.673583984375,0.5687662363052368
1177,2,0.837890625,-0.00030517578125,0.23339849710464478,0.200927734375,0.812825620174408
1177,2,0.8359375,0.2894287109375,0.3179117739200592,0.4136962890625,0.4415690004825592
1177,2,0.69677734375,0.920074462890625,0.3496500551700592,0.998809814453125,0.4781900942325592
1177,2,0.5322265625,0.156005859375,0.3238525390625,0.229766845703125,0.4284261465072632
1177,2,0.50341796875,0.223724365234375,0.3251953125,0.303924560546875,0.389404296875
1178,5,0.9013671875,0.626220703125,0.1858724057674408,0.9210205078125,0.4617513120174408
1178,2,0.87060546875,0.42022705078125,0.3233235478401184,0.677734375,0.582763671875
1178,2,0.8330078125,-0.000244140625,0.2325846552848816,0.20941162109375,0.8032227158546448
1178,2,0.8115234375,0.29119873046875,0.31591796875,0.415618896484375,0.443115234375
1178,2,0.611328125,0.397735595703125,0.3300984501838684,0.4603729248046875,0.4047648310661316
1178,2,0.60009765625,0.912506103515625,0.3410237729549408,0.998748779296875,0.4576009213924408
1178,2,0.5439453125,0.222564697265625,0.3236897885799408,0.30523681640625,0.3872884213924408
1179,5,0.95068359375,0.6265869140625,0.1868489682674408,0.908203125,0.4507649838924408
1179,2,0.90283203125,0.41705322265625,0.3285319209098816,0.68603515625,0.5977376699447632
1179,2,0.873046875,-0.0001220703125,0.2376301884651184,0.2205810546875,0.7791340947151184
1179,2,0.84765625,0.2935791015625,0.3154703676700592,0.41522216796875,0.4451090395450592
1179,2,0.6123046875,0.401092529296875,0.3309529423713684,0.458831787109375,0.4084472060203552
1179,2,0.583984375,0.9036407470703125,0.3446451723575592,0.983367919921875,0.4422403872013092
1180,5,0.94384765625,0.6248779296875,0.1904296875,0.895751953125,0.451416015625
1180,2,0.90869140625,0.4114990234375,0.3193359375,0.6925048828125,0.603759765625
1180,2,0.82763671875,0.0,0.240071639418602,0.2320556640625,0.7390950918197632
1180,2,0.8154296875,0.29559326171875,0.31591796875,0.418243408203125,0.4425862431526184
1180,2,0.65625,0.219970703125,0.3208821415901184,0.3044586181640625,0.3959349989891052
1180,2,0.5625,0.40338134765625,0.3287556767463684,0.460418701171875,0.4126383662223816
1180,2,0.5419921875,0.8920440673828125,0.3609619140625,0.941253662109375,0.4494425058364868
1181,5,0.9384765625,0.62548828125,0.1945800483226776,0.88641357421875,0.449544221162796
1181,2,0.9111328125,0.4083251953125,0.3296712040901184,0.6949462890625,0.6256510019302368
1181,2,0.8203125,0.297088623046875,0.3172607421875,0.43646240234375,0.43994140625
1181,2,0.685546875,-0.0001220703125,0.2376302182674408,0.242431640625,0.71435546875
1181,2,0.65234375,0.2271728515625,0.3239339292049408,0.305023193359375,0.3967488706111908
1181,2,0.56201171875,0.486541748046875,0.30523681640625,0.5950927734375,0.3459268808364868
1182,5,0.92822265625,0.6214599609375,0.2008463442325592,0.87994384765625,0.4594726264476776
1182,2,0.88818359375,0.404052734375,0.3361002802848816,0.701171875,0.63134765625
1182,2,0.83740234375,-6.103515625e-05,0.2477213740348816,0.2520751953125,0.6895344853401184
1182,2,0.8134765625,0.301971435546875,0.3188883662223816,0.421600341796875,0.4388020634651184
1182,2,0.75390625,0.2220458984375,0.32666015625,0.308837890625,0.4034017324447632
1182,2,0.57958984375,0.486480712890625,0.3066609501838684,0.594940185546875,0.3476969599723816
1183,2,0.91943359375,0.398681640625,0.34228515625,0.7059326171875,0.6472982168197632
1183,5,0.896484375,0.618896484375,0.204345703125,0.875244140625,0.46875
1183,2,0.87744140625,6.103515625e-05,0.2569987177848816,0.26318359375,0.6689453125
1183,2,0.77099609375,0.23358154296875,0.3257649838924408,0.309844970703125,0.4054768979549408
1183,2,0.73095703125,0.30340576171875,0.3204752802848816,0.42315673828125,0.4367268681526184
1183,2,0.6142578125,0.48638916015625,0.3089192807674408,0.5924072265625,0.3459676206111908
1184,2,0.919921875,0.3961181640625,0.34130859375,0.71533203125,0.6631673574447632
1184,2,0.8984375,0.0003662109375,0.2638346552848816,0.27789306640625,0.6533203125
1184,2,0.76171875,0.665283203125,0.3307291865348816,0.81817626953125,0.4910481572151184
1185,2,0.94970703125,0.395751953125,0.3430989980697632,0.71875,0.663818359375
1185,2,0.890625,0.6619873046875,0.3288167119026184,0.8106689453125,0.4979655146598816
1185,2,0.85205078125,0.0166015625,0.2664387822151184,0.345458984375,0.5743814706802368
1185,2,0.68408203125,0.9261474609375,0.38330078125,0.999755859375,0.690185546875
1185,5,0.58251953125,0.597015380859375,0.2706705629825592,0.706787109375,0.3813883364200592
1185,2,0.57666015625,0.24566650390625,0.2853189706802368,0.349090576171875,0.5145670175552368
1185,2,0.57568359375,0.3192138671875,0.3248697817325592,0.423492431640625,0.4453531801700592
1186,2,0.94287109375,0.3973388671875,0.3391926884651184,0.7193603515625,0.6617024540901184
1186,2,0.92919921875,0.0294189453125,0.2687174677848816,0.3525390625,0.5659993886947632
1186,2,0.89599609375,0.6588134765625,0.3321940302848816,0.80657958984375,0.500244140625
1186,2,0.857421875,0.88720703125,0.3846029043197632,0.999359130859375,0.669921875
1186,2,0.759765625,0.319580078125,0.31982421875,0.43499755859375,0.454345703125
1186,2,0.583984375,0.0,0.3258056640625,0.0382537841796875,0.5099284052848816
1186,5,0.56396484375,0.60357666015625,0.2729085087776184,0.70867919921875,0.3828532099723816
1187,2,0.95068359375,0.3985595703125,0.3369140625,0.7169189453125,0.6638997793197632
1187,2,0.93505859375,0.038330078125,0.275390625,0.354736328125,0.5633138418197632
1187,2,0.88671875,0.853759765625,0.3604329824447632,0.99896240234375,0.664306640625
1187,2,0.8408203125,0.657470703125,0.3323974609375,0.80010986328125,0.50439453125
1187,2,0.7607421875,0.3175048828125,0.3245849609375,0.434722900390625,0.45068359375
1187,2,0.62890625,3.0517578125e-05,0.3229166865348816,0.066986083984375,0.4981282353401184
1187,2,0.55810546875,0.4275360107421875,0.3441569209098816,0.4722442626953125,0.4175618290901184
1188,2,0.94140625,0.4019775390625,0.3380534052848816,0.7169189453125,0.6620280146598816
1188,2,0.939453125,0.0457763671875,0.28515625,0.359375,0.5606282949447632
1188,2,0.91650390625,0.828857421875,0.3522135019302368,0.9986572265625,0.662353515625
1188,2,0.83740234375,0.66058349609375,0.3365071415901184,0.796112060546875,0.5028483271598816
1188,2,0.7919921875,0.32904052734375,0.3237711787223816,0.44146728515625,0.4496663212776184
1188,2,0.662109375,0.0001983642578125,0.32275390625,0.0557861328125,0.5013834834098816
1188,2,0.5810546875,0.42706298828125,0.3462321162223816,0.47430419921875,0.4130859971046448
1189,2,0.94287109375,0.4061279296875,0.34716796875,0.71875,0.6552734375
1189,2,0.9375,0.0562744140625,0.2840169072151184,0.36376953125,0.5621744394302368
1189,2,0.90478515625,0.80877685546875,0.3478190004825592,0.9996337890625,0.7200521230697632
1189,2,0.87451171875,0.33544921875,0.32568359375,0.45013427734375,0.4532470703125
1189,2,0.8203125,0.6605224609375,0.3399251401424408,0.79534912109375,0.4999593198299408
1189,2,0.78515625,-9.1552734375e-05,0.3248697519302368,0.061737060546875,0.5026041269302368
1189,2,0.57177734375,0.4345245361328125,0.3453572392463684,0.4791259765625,0.4102782607078552
1189,5,0.52734375,0.599395751953125,0.2793375849723816,0.7059326171875,0.3813069462776184
1190,2,0.9453125,0.413330078125,0.34765625,0.7232666015625,0.6582845449447632
1190,2,0.94482421875,0.0687255859375,0.28662109375,0.3702392578125,0.5607095956802368
1190,2,0.8828125,0.7930908203125,0.3501790463924408,0.99896240234375,0.6666666269302368
1190,2,0.82568359375,0.3387451171875,0.3253580927848816,0.450775146484375,0.4525146484375
1190,2,0.8076171875,-9.1552734375e-05,0.3242594003677368,0.075775146484375,0.5043131113052368
1190,2,0.7880859375,0.66015625,0.3392741084098816,0.7987060546875,0.4864094853401184
1190,5,0.5849609375,0.60418701171875,0.281005859375,0.7020416259765625,0.3844400644302368
1190,2,0.54248046875,0.437896728515625,0.3447468876838684,0.4827728271484375,0.4158121943473816
1191,2,0.947265625,0.4212646484375,0.3486328125,0.72607421875,0.6499837636947632
1191,2,0.93603515625,0.07958984375,0.2862955927848816,0.376220703125,0.55908203125
1191,2,0.90869140625,0.78466796875,0.35107421875,0.99908447265625,0.638671875
1191,2,0.875,0.3487548828125,0.3253987431526184,0.46380615234375,0.4490966200828552
1191,2,0.81005859375,0.000213623046875,0.3253988027572632,0.09112548828125,0.5247396230697632
1191,2,0.75634765625,0.6644287109375,0.33935546875,0.80621337890625,0.4874674677848816
1191,5,0.56982421875,0.60546875,0.2787679135799408,0.7080078125,0.3874104917049408
1191,2,0.5185546875,0.79339599609375,0.3516438603401184,0.87457275390625,0.4316813349723816
1192,2,0.9453125,0.4312744140625,0.3499348759651184,0.7314453125,0.6507161259651184
1192,2,0.90869140625,0.0911865234375,0.28759765625,0.38232421875,0.55224609375
1192,2,0.90283203125,0.780029296875,0.3501790165901184,0.99951171875,0.62890625
1192,2,0.8359375,-6.103515625e-05,0.3205159902572632,0.11712646484375,0.5215657949447632
1192,2,0.8251953125,0.35693359375,0.3280029296875,0.46881103515625,0.4471842050552368
1192,2,0.787109375,0.67138671875,0.3390706181526184,0.80120849609375,0.4833984375
1192,5,0.5458984375,0.6103515625,0.2832438051700592,0.712188720703125,0.3862711489200592
1192,9,0.513671875,0.9040985107421875,0.21807861328125,0.9299163818359375,0.2640177309513092
1193,2,0.95166015625,0.4423828125,0.3448893427848816,0.733154296875,0.64306640625
1193,2,0.8935546875,0.77423095703125,0.3474935293197632,0.99908447265625,0.6057943105697632
1193,2,0.89208984375,0.1053466796875,0.2864583134651184,0.3916015625,0.54833984375
1193,2,0.86279296875,0.36883544921875,0.3269450068473816,0.47491455078125,0.4410400986671448
1193,2,0.85400390625,6.103515625e-05,0.3185628056526184,0.124267578125,0.5165202021598816
1193,2,0.7529296875,0.675537109375,0.3377278447151184,0.7967529296875,0.4835612177848816
1193,2,0.53759765625,0.4623260498046875,0.3431396484375,0.5040435791015625,0.4144693613052368
1194,2,0.9326171875,0.45263671875,0.3489583730697632,0.7352294921875,0.6284993886947632
1194,2,0.89892578125,0.1190185546875,0.2867838740348816,0.39947509765625,0.5440267324447632
1194,2,0.89111328125,0.77294921875,0.3472493886947632,0.99920654296875,0.5982259511947632
1194,2,0.8642578125,9.1552734375e-05,0.3020833134651184,0.126953125,0.5167643427848816
1194,2,0.77978515625,0.681854248046875,0.3363037109375,0.797607421875,0.4660237431526184
1194,2,0.767578125,0.3756103515625,0.3263753056526184,0.4775390625,0.4385172724723816
1195,2,0.919921875,0.4608154296875,0.3448893427848816,0.73583984375,0.6201171875
1195,2,0.91259765625,0.13134765625,0.2903645634651184,0.405517578125,0.54736328125
1195,2,0.8984375,0.77490234375,0.3524577021598816,0.9993896484375,0.596923828125
1195,2,0.876953125,-6.103515625e-05,0.3046875,0.13916015625,0.5181477665901184
1195,2,0.8134765625,0.68560791015625,0.3417155146598816,0.79833984375,0.4666340947151184
1195,2,0.76953125,0.379180908203125,0.3299153447151184,0.48577880859375,0.4409586787223816
1196,2,0.93359375,0.4654541015625,0.3566080927848816,0.737060546875,0.6279296875
1196,2,0.9140625,0.1356201171875,0.2970377802848816,0.407958984375,0.550048828125
1196,2,0.90283203125,0.77008056640625,0.3609212040901184,0.99822998046875,0.604248046875
1196,2,0.8828125,-0.0001220703125,0.3309733271598816,0.148193359375,0.52294921875
1196,2,0.8251953125,0.682891845703125,0.3458251953125,0.80194091796875,0.4704996347427368
1196,2,0.79736328125,0.384765625,0.3390299379825592,0.478729248046875,0.4485270082950592
1196,2,0.55517578125,0.4774627685546875,0.3533121943473816,0.51904296875,0.4247639775276184
1197,2,0.90625,0.46923828125,0.3556315302848816,0.7330322265625,0.61962890625
1197,2,0.8935546875,0.1407470703125,0.300048828125,0.40869140625,0.5511068105697632
1197,2,0.8818359375,0.77392578125,0.3622233271598816,0.9991455078125,0.6083984375
1197,2,0.85595703125,-6.103515625e-05,0.330078125,0.1495361328125,0.5254719853401184
1197,2,0.853515625,0.682464599609375,0.3489583432674408,0.80474853515625,0.4773763120174408
1197,2,0.720703125,0.388275146484375,0.3402913212776184,0.480194091796875,0.4510905146598816
1198,2,0.8984375,0.77569580078125,0.3628743290901184,0.998291015625,0.6210123300552368
1198,2,0.88427734375,0.140380859375,0.300048828125,0.407958984375,0.55517578125
1198,2,0.83447265625,0.678924560546875,0.3489990234375,0.807861328125,0.4769694209098816
1198,2,0.8134765625,0.47125244140625,0.3640950918197632,0.73583984375,0.6116536855697632
1198,2,0.8076171875,0.38824462890625,0.3409830927848816,0.46954345703125,0.4493408799171448
1198,2,0.7724609375,6.103515625e-05,0.3267415165901184,0.16375732421875,0.528076171875
1198,9,0.533203125,0.964324951171875,0.217041015625,0.99432373046875,0.26385498046875
1198,2,0.50634765625,0.4797210693359375,0.3599853515625,0.522247314453125,0.424560546875
1199,2,0.9111328125,0.47589111328125,0.35400390625,0.7237548828125,0.6107584238052368
1199,2,0.900390625,0.1409912109375,0.2959798574447632,0.408447265625,0.5804036855697632
1199,2,0.88818359375,0.779541015625,0.357421875,0.999755859375,0.623291015625
1199,2,0.85546875,0.000244140625,0.3232421875,0.16015625,0.5191243290901184
1199,2,0.771484375,0.679107666015625,0.3466390073299408,0.8094482421875,0.4659017026424408
1199,2,0.7021484375,0.389068603515625,0.3385416865348816,0.480072021484375,0.4481201767921448
1199,2,0.53662109375,0.482086181640625,0.35882568359375,0.5218353271484375,0.4223428964614868
1200,2,0.90625,0.7847900390625,0.35205078125,0.99945068359375,0.6134439706802368
1200,2,0.88427734375,0.0001220703125,0.3241373896598816,0.16064453125,0.508056640625
1200,2,0.8642578125,0.1405029296875,0.2906901240348816,0.409423828125,0.5457357168197632
1200,2,0.85546875,0.4776611328125,0.34228515625,0.7220458984375,0.604248046875
1200,2,0.80615234375,0.390380859375,0.3326008915901184,0.487762451171875,0.4367675185203552
1200,2,0.693359375,0.679718017578125,0.3424479365348816,0.79718017578125,0.4648030400276184
1200,2,0.54541015625,0.4773406982421875,0.3496297001838684,0.5269775390625,0.4202880263328552
1201,2,0.9140625,0.7908935546875,0.3468424677848816,0.99932861328125,0.6145833730697632
1201,2,0.89208984375,0.138916015625,0.2882487177848816,0.41168212890625,0.5337727665901184
1201,2,0.8447265625,0.0,0.3180338144302368,0.1597900390625,0.5030924081802368
1201,2,0.794921875,0.394012451171875,0.3294270634651184,0.49334716796875,0.4285075068473816
1201,2,0.7783203125,0.678985595703125,0.3376871943473816,0.790283203125,0.4599609971046448
1201,2,0.7724609375,0.48291015625,0.4115396738052368,0.72003173828125,0.58935546875
1201,2,0.56689453125,0.49688720703125,0.3405354917049408,0.68402099609375,0.4372151792049408
1202,2,0.92919921875,0.7957763671875,0.3473306894302368,0.998291015625,0.6290689706802368
1202,2,0.89892578125,0.1353759765625,0.2872721552848816,0.4093017578125,0.5361328125
1202,2,0.85107421875,-0.000244140625,0.3215738832950592,0.1585693359375,0.4986979067325592
1202,2,0.8154296875,0.48193359375,0.3417155146598816,0.71466064453125,0.58349609375
1202,2,0.79736328125,0.6737060546875,0.3376871943473816,0.783905029296875,0.4551594853401184
1202,2,0.7939453125,0.39398193359375,0.3293864130973816,0.487518310546875,0.4273682236671448
1202,2,0.63818359375,0.4807891845703125,0.3434244692325592,0.5385589599609375,0.4177652895450592
1203,2,0.90478515625,0.7982177734375,0.3480631709098816,0.99871826171875,0.6424154043197632
1203,2,0.90478515625,0.13671875,0.2860514521598816,0.408203125,0.5362142324447632
1203,2,0.892578125,0.48291015625,0.3404948115348816,0.70849609375,0.581787109375
1203,2,0.80908203125,6.103515625e-05,0.3218180537223816,0.163238525390625,0.4961751103401184
1203,2,0.80615234375,0.6707763671875,0.3364664614200592,0.779266357421875,0.4502359926700592
1203,2,0.76171875,0.3916015625,0.3303629457950592,0.480682373046875,0.4237467348575592
1203,2,0.51171875,0.478912353515625,0.3418782353401184,0.5322265625,0.4066161513328552
1204,2,0.919921875,0.13525390625,0.297607421875,0.40570068359375,0.5463053584098816
1204,2,0.9052734375,0.80462646484375,0.35791015625,0.999267578125,0.6775716543197632
1204,2,0.8984375,0.00018310546875,0.3331705927848816,0.16064453125,0.4986165165901184
1204,2,0.84814453125,0.6632080078125,0.3473307192325592,0.77398681640625,0.4602457582950592
1204,2,0.75927734375,0.48193359375,0.3631998300552368,0.7015380859375,0.5846353769302368
1204,2,0.7509765625,0.393157958984375,0.3378499150276184,0.48516845703125,0.4362792372703552
1204,2,0.5224609375,0.0002288818359375,0.32080078125,0.0527496337890625,0.3783773183822632
1204,2,0.509765625,0.819488525390625,0.3545735478401184,0.895751953125,0.4359130263328552
1205,2,0.90283203125,0.133544921875,0.3067219853401184,0.3992919921875,0.5585123300552368
1205,2,0.89453125,0.80975341796875,0.3680012822151184,0.999755859375,0.7166340947151184
1205,2,0.8759765625,0.0001220703125,0.340576171875,0.1588134765625,0.50634765625
1205,2,0.7822265625,0.665008544921875,0.3560384213924408,0.767547607421875,0.4687093198299408
1205,2,0.75244140625,0.47711181640625,0.4143880009651184,0.6934814453125,0.5896403193473816
1205,2,0.72216796875,0.385986328125,0.34814453125,0.47943115234375,0.4493814706802368
1205,2,0.56982421875,0.00042724609375,0.3293660283088684,0.05780029296875,0.3884684443473816
1205,2,0.556640625,0.474090576171875,0.3636271357536316,0.52362060546875,0.4224854111671448
1206,2,0.89208984375,0.81585693359375,0.3564453125,0.9993896484375,0.7083333730697632
1206,2,0.890625,0.00018310546875,0.3374837040901184,0.15655517578125,0.4969482421875
1206,2,0.88671875,0.1337890625,0.3025715947151184,0.39752197265625,0.5528970956802368
1206,2,0.8271484375,0.476318359375,0.414794921875,0.685546875,0.5750325322151184
1206,2,0.7841796875,0.649169921875,0.3472493588924408,0.763031005859375,0.4621175229549408
1206,2,0.71484375,0.387939453125,0.3379720151424408,0.4808349609375,0.4403890073299408
1206,2,0.568359375,0.83184814453125,0.3561808168888092,0.919708251953125,0.4233194887638092
1207,2,0.8857421875,0.132568359375,0.2881672978401184,0.3944091796875,0.541015625
1207,2,0.87353515625,0.47454833984375,0.3526204228401184,0.677490234375,0.563232421875
1207,2,0.85986328125,0.819091796875,0.3450520932674408,0.99932861328125,0.7233072519302368
1207,2,0.85986328125,0.64654541015625,0.3380126953125,0.756256103515625,0.4493814706802368
1207,2,0.84326171875,0.00030517578125,0.3206787109375,0.1539306640625,0.48193359375
1207,2,0.724609375,0.383270263671875,0.3277180790901184,0.476287841796875,0.4230956435203552
1207,2,0.5869140625,0.4677276611328125,0.3401286005973816,0.50445556640625,0.3965657353401184
1207,2,0.5068359375,0.0003204345703125,0.3080851137638092,0.070220947265625,0.3967691957950592
1208,2,0.8828125,0.1309814453125,0.285888671875,0.3909912109375,0.5316569209098816
1208,2,0.87744140625,0.00128173828125,0.3184814453125,0.157562255859375,0.4753010869026184
1208,2,0.84912109375,0.82452392578125,0.3502604365348816,0.99920654296875,0.6615397334098816
1208,2,0.84814453125,0.6448974609375,0.3343505859375,0.750396728515625,0.4423828125
1208,2,0.8310546875,0.472900390625,0.3875325322151184,0.67138671875,0.5530192255973816
1208,2,0.61669921875,0.38385009765625,0.3255208134651184,0.4678955078125,0.4185790419578552
1208,2,0.583984375,0.4645233154296875,0.33941650390625,0.5063934326171875,0.39996337890625
1208,2,0.5029296875,0.7386474609375,0.3346354067325592,0.80609130859375,0.3744303286075592
1209,2,0.90283203125,0.82867431640625,0.3599446415901184,0.99853515625,0.6678059697151184
1209,2,0.88134765625,0.46954345703125,0.357177734375,0.66387939453125,0.5570475459098816
1209,2,0.86328125,0.1265869140625,0.2890625,0.3887939453125,0.5369465947151184
1209,2,0.84765625,0.0047607421875,0.3234456181526184,0.155609130859375,0.474853515625
1209,2,0.8388671875,0.643310546875,0.3391926884651184,0.746551513671875,0.4467772841453552
1209,2,0.76318359375,0.382568359375,0.3314616084098816,0.465606689453125,0.4217732548713684
1209,2,0.7021484375,0.461822509765625,0.34197998046875,0.5034942626953125,0.405517578125
1209,2,0.603515625,-0.000152587890625,0.3060709536075592,0.0826416015625,0.4181315004825592
1209,2,0.5625,0.83807373046875,0.347412109375,0.97784423828125,0.4169107675552368
1210,2,0.87841796875,0.8319091796875,0.3658040165901184,0.9979248046875,0.6773274540901184
1210,2,0.86181640625,0.1251220703125,0.2940266728401184,0.38525390625,0.5384928584098816
1210,2,0.8583984375,0.01715087890625,0.3257243037223816,0.151123046875,0.4775390625
1210,2,0.8427734375,0.4676513671875,0.39404296875,0.65838623046875,0.5535888671875
1210,2,0.78564453125,0.63421630859375,0.3414713442325592,0.739410400390625,0.4502359926700592
1210,2,0.74267578125,0.38104248046875,0.3300374448299408,0.462890625,0.4235433042049408
1210,2,0.64208984375,-0.000213623046875,0.3021647334098816,0.0830078125,0.4267578721046448
1210,2,0.6416015625,0.460052490234375,0.3446858525276184,0.5037689208984375,0.4013060927391052
1211,2,0.8798828125,0.0269775390625,0.3262939453125,0.1524658203125,0.4742431640625
1211,2,0.8759765625,0.84222412109375,0.3623860776424408,0.9989013671875,0.6766763925552368
1211,2,0.87353515625,0.126220703125,0.2920735478401184,0.3868408203125,0.535888671875
1211,2,0.814453125,0.4703369140625,0.383544921875,0.6556396484375,0.548583984375
1211,2,0.810546875,0.6324462890625,0.3396403193473816,0.74041748046875,0.4466145634651184
1211,2,0.79638671875,0.382659912109375,0.3306477665901184,0.4666748046875,0.4221190810203552
1211,2,0.6875,0.4601593017578125,0.34320068359375,0.5025482177734375,0.4044189453125
1211,2,0.60400390625,-0.000152587890625,0.2825114130973816,0.0899658203125,0.4364013671875
1211,5,0.54296875,0.58917236328125,0.2888997495174408,0.66802978515625,0.3931477963924408
1212,2,0.90771484375,0.038330078125,0.3241373896598816,0.15545654296875,0.4683430790901184
1212,2,0.88037109375,0.85137939453125,0.3610025942325592,0.999298095703125,0.6805013418197632
1212,2,0.857421875,0.47161865234375,0.3967692255973816,0.65478515625,0.5457356572151184
1212,2,0.8447265625,0.125,0.2896322011947632,0.388916015625,0.5347493886947632
1212,2,0.80615234375,0.63262939453125,0.3397216796875,0.73944091796875,0.4462076425552368
1212,2,0.7021484375,0.38140869140625,0.3293863832950592,0.46136474609375,0.4204508364200592
1212,2,0.63818359375,0.4629669189453125,0.3459879457950592,0.507232666015625,0.4051310122013092
1212,2,0.5126953125,0.501983642578125,0.3578287959098816,0.62811279296875,0.4088745713233948
1213,2,0.9091796875,0.47369384765625,0.391845703125,0.65447998046875,0.5336506962776184
1213,2,0.8828125,0.860595703125,0.3555501401424408,0.998748779296875,0.6754556894302368
1213,2,0.86767578125,0.121826171875,0.2845866084098816,0.38885498046875,0.5283203125
1213,2,0.86279296875,0.048431396484375,0.3179524540901184,0.15447998046875,0.4560546875
1213,2,0.8134765625,0.62939453125,0.3326416015625,0.738616943359375,0.4382730722427368
1213,2,0.69873046875,0.387786865234375,0.3204752802848816,0.46771240234375,0.4157918095588684
1213,5,0.56591796875,0.590118408203125,0.2817586362361908,0.670135498046875,0.3835042417049408
1213,2,0.5498046875,0.4656982421875,0.3414306640625,0.50811767578125,0.3962606191635132
1213,5,0.533203125,0.90045166015625,0.2236328125,0.999359130859375,0.4209797978401184
1213,2,0.5166015625,-0.000213623046875,0.2998453974723816,0.0888671875,0.4239094853401184
1214,2,0.8857421875,0.86663818359375,0.357666015625,0.99920654296875,0.6714681386947632
1214,2,0.8583984375,0.1226806640625,0.28369140625,0.3885498046875,0.525634765625
1214,2,0.85400390625,0.47601318359375,0.3697103261947632,0.6519775390625,0.5259603261947632
1214,2,0.8359375,0.05645751953125,0.3147786259651184,0.152435302734375,0.449462890625
1214,2,0.80322265625,0.62982177734375,0.3282063603401184,0.736724853515625,0.4374999403953552
1214,2,0.7314453125,0.386688232421875,0.3192138671875,0.465606689453125,0.4135946035385132
1214,2,0.63818359375,0.00067138671875,0.307373046875,0.08251953125,0.427734375
1214,2,0.54736328125,0.46429443359375,0.3421223759651184,0.506622314453125,0.3961181044578552
1214,5,0.5166015625,0.590728759765625,0.2782389521598816,0.66448974609375,0.3763428330421448
1215,2,0.9111328125,0.47393798828125,0.3618978261947632,0.64691162109375,0.5253499746322632
1215,2,0.87158203125,0.1204833984375,0.282958984375,0.38665771484375,0.531494140625
1215,2,0.8671875,0.87255859375,0.358642578125,0.999267578125,0.66796875
1215,2,0.8251953125,0.062164306640625,0.3194580078125,0.153076171875,0.4535319209098816
1215,2,0.81005859375,0.6278076171875,0.3336181640625,0.734771728515625,0.4382730722427368
1215,2,0.72900390625,0.3891448974609375,0.324951171875,0.4688720703125,0.4160562753677368
1215,2,0.63134765625,0.000396728515625,0.3096923828125,0.119384765625,0.4259033203125
1215,2,0.62060546875,0.4650115966796875,0.3445027768611908,0.506988525390625,0.3965657651424408
1215,5,0.5283203125,0.589935302734375,0.2850341796875,0.662567138671875,0.3811849355697632
1216,2,0.89990234375,0.47320556640625,0.3817545771598816,0.643310546875,0.5243733525276184
1216,2,0.87060546875,0.11279296875,0.2794595956802368,0.384521484375,0.5306802988052368
1216,2,0.845703125,0.876708984375,0.3681640625,0.999267578125,0.6669107675552368
1216,2,0.75927734375,0.62701416015625,0.332275390625,0.7318115234375,0.4381917715072632
1216,2,0.67919921875,0.06634521484375,0.3125,0.142486572265625,0.4462483525276184
1216,2,0.6298828125,0.388763427734375,0.3214518427848816,0.466094970703125,0.4140015244483948
1216,5,0.5634765625,0.58905029296875,0.2838948667049408,0.665130615234375,0.3793538510799408
1216,2,0.52685546875,0.003021240234375,0.3089802861213684,0.1195068359375,0.4144286513328552
1216,2,0.5244140625,0.7229766845703125,0.3438923954963684,0.773468017578125,0.3765258193016052
1216,2,0.51806640625,0.46453857421875,0.3443400263786316,0.50482177734375,0.3970540165901184
1217,2,0.89453125,0.47216796875,0.389892578125,0.63580322265625,0.5238850712776184
1217,2,0.8671875,0.0010986328125,0.3096517026424408,0.13629150390625,0.4323323667049408
1217,2,0.8662109375,0.8814697265625,0.3787434995174408,0.999481201171875,0.6732584238052368
1217,2,0.86181640625,0.1070556640625,0.28369140625,0.38055419921875,0.5358072519302368
1217,2,0.76513671875,0.626190185546875,0.3345947265625,0.730743408203125,0.438720703125
1217,2,0.67138671875,0.38885498046875,0.3277994692325592,0.463287353515625,0.4166666567325592
1217,2,0.5634765625,0.459381103515625,0.3445841670036316,0.5041351318359375,0.4003906846046448
1217,5,0.51171875,0.587921142578125,0.2851765751838684,0.6616668701171875,0.3877360224723816
1218,2,0.8828125,0.47137451171875,0.3602701425552368,0.6341552734375,0.5237222909927368
1218,2,0.8525390625,0.102294921875,0.2852376103401184,0.3751220703125,0.538818359375
1218,2,0.84130859375,0.8828125,0.38623046875,0.99945068359375,0.677490234375
1218,2,0.82666015625,0.01397705078125,0.3110758662223816,0.135833740234375,0.4327393174171448
1218,2,0.7666015625,0.628173828125,0.3354899287223816,0.72943115234375,0.4408772587776184
1218,2,0.6103515625,0.38946533203125,0.3290608525276184,0.464324951171875,0.4186808466911316
1218,2,0.58740234375,0.7570037841796875,0.3427327275276184,0.792083740234375,0.3824869990348816
1218,2,0.5576171875,0.352508544921875,0.33935546875,0.3863067626953125,0.3819580078125
1218,2,0.5361328125,0.4618988037109375,0.3470662534236908,0.5083160400390625,0.4005330502986908
1219,2,0.89208984375,0.0931396484375,0.2848306894302368,0.3739013671875,0.5428873300552368
1219,2,0.87353515625,0.47198486328125,0.36767578125,0.63275146484375,0.5165608525276184
1219,2,0.814453125,0.01385498046875,0.3111165165901184,0.128570556640625,0.4272868037223816
1219,2,0.78759765625,0.8897705078125,0.3839518427848816,0.999420166015625,0.6791178584098816
1219,2,0.7822265625,0.622833251953125,0.3344319462776184,0.730438232421875,0.4366862177848816
1219,2,0.6416015625,0.3912811279296875,0.3299153447151184,0.468292236328125,0.4160155653953552
1219,2,0.59130859375,0.35211181640625,0.3409016728401184,0.3903961181640625,0.3773600459098816
1219,2,0.50341796875,0.4666900634765625,0.3478190004825592,0.506011962890625,0.3979898989200592
1220,2,0.88525390625,0.090087890625,0.2779948115348816,0.3724365234375,0.5423177480697632
1220,2,0.88037109375,0.47344970703125,0.351318359375,0.6314697265625,0.506591796875
1220,2,0.8134765625,0.0294189453125,0.3115234375,0.118682861328125,0.4225260019302368
1220,2,0.79931640625,0.625,0.3292643129825592,0.732940673828125,0.4375406801700592
1220,2,0.78564453125,0.89166259765625,0.3816732168197632,0.99932861328125,0.672607421875
1220,2,0.689453125,0.394500732421875,0.3205973207950592,0.46710205078125,0.4113565981388092
1220,2,0.5966796875,0.0004425048828125,0.3266804814338684,0.059783935546875,0.3983153700828552
1220,2,0.54736328125,0.4635467529296875,0.3459065556526184,0.5093994140625,0.3978068232536316
1220,2,0.5439453125,0.7991943359375,0.3324381709098816,0.8390655517578125,0.3634033799171448
1220,2,0.54052734375,0.3499755859375,0.3329060673713684,0.3977813720703125,0.3705241084098816
1220,5,0.5361328125,0.588043212890625,0.2829386293888092,0.662109375,0.3788248598575592
1221,2,0.91748046875,0.47296142578125,0.3436685800552368,0.62921142578125,0.5018717050552368
1221,2,0.8935546875,0.0833740234375,0.2706705331802368,0.368896484375,0.5387369394302368
1221,2,0.81591796875,0.624603271484375,0.325439453125,0.72955322265625,0.4342447519302368
1221,2,0.736328125,0.039642333984375,0.309814453125,0.1234130859375,0.4138997793197632
1221,2,0.666015625,0.000244140625,0.3222452998161316,0.06103515625,0.4020996689796448
1221,2,0.65625,0.888916015625,0.3572591543197632,0.9998779296875,0.656982421875
1221,2,0.63525390625,0.8687286376953125,0.33343505859375,0.946014404296875,0.3745931386947632
1221,2,0.576171875,0.396759033203125,0.32080078125,0.46722412109375,0.4059041738510132
1221,2,0.55517578125,0.7672271728515625,0.32598876953125,0.8116607666015625,0.3626505136489868
1221,2,0.55224609375,0.8090362548828125,0.3309529423713684,0.846343994140625,0.3616740107536316
1221,5,0.544921875,0.58837890625,0.2789713740348816,0.665496826171875,0.3776856064796448
1221,2,0.5341796875,0.34759521484375,0.3325602412223816,0.398468017578125,0.3713379502296448
1222,2,0.88427734375,0.0804443359375,0.2711588740348816,0.3682861328125,0.5400390625
1222,2,0.81396484375,0.4747314453125,0.3513997197151184,0.62884521484375,0.5029296875
1222,2,0.798828125,0.625335693359375,0.3300374150276184,0.73370361328125,0.4355875849723816
1222,2,0.7021484375,0.8887939453125,0.3650716245174408,0.9998779296875,0.6590982675552368
1222,2,0.673828125,-3.0517578125e-05,0.3243001103401184,0.053619384765625,0.4027506709098816
1222,2,0.65625,0.0486602783203125,0.328369140625,0.108001708984375,0.41851806640625
1222,2,0.625,0.3994598388671875,0.3542073369026184,0.46734619140625,0.4111937880516052
1222,2,0.61767578125,0.87591552734375,0.3361409306526184,0.95941162109375,0.3788859248161316
1222,2,0.59228515625,0.464324951171875,0.3448893427848816,0.508544921875,0.4002686142921448
1222,5,0.53759765625,0.588043212890625,0.2819010615348816,0.6636199951171875,0.3813477158546448
1222,2,0.5107421875,0.77886962890625,0.32794189453125,0.820709228515625,0.3667806386947632
1223,2,0.9111328125,0.0751953125,0.2722981572151184,0.366943359375,0.5436197519302368
1223,2,0.876953125,0.47528076171875,0.345947265625,0.6280517578125,0.5017496943473816
1223,2,0.80078125,0.62603759765625,0.328369140625,0.7336273193359375,0.4397379159927368
1223,2,0.78662109375,0.890625,0.369140625,0.99908447265625,0.656494140625
1223,2,0.65576171875,0.402069091796875,0.3326416015625,0.4719085693359375,0.4110921621322632
1223,2,0.6064453125,-0.0003509521484375,0.3280842900276184,0.0394744873046875,0.4079589247703552
1223,2,0.6025390625,0.88385009765625,0.33917236328125,0.977691650390625,0.3839111328125
1223,2,0.54052734375,0.470916748046875,0.3434041440486908,0.511444091796875,0.3913167417049408
1223,2,0.51171875,0.7867584228515625,0.33258056640625,0.8180084228515625,0.3616536855697632
1223,0,0.50390625,0.7450103759765625,0.2979329228401184,0.7713165283203125,0.3923949599266052
1224,2,0.9072265625,0.0723876953125,0.271484375,0.366455078125,0.5423990488052368
1224,2,0.8583984375,0.4769287109375,0.3450520634651184,0.62921142578125,0.4999186396598816
1224,2,0.8125,0.628509521484375,0.3283284604549408,0.733245849609375,0.4377034604549408
1224,2,0.8017578125,0.0001220703125,0.3107096254825592,0.099273681640625,0.4082438051700592
1224,2,0.7001953125,0.8848876953125,0.3658854067325592,0.998809814453125,0.6585286855697632
1224,2,0.6103515625,0.8919677734375,0.3369140625,0.98583984375,0.3837076425552368
1224,2,0.5615234375,0.3618927001953125,0.3347371220588684,0.4055023193359375,0.3748778700828552
1224,2,0.55224609375,0.404876708984375,0.3475138545036316,0.4727783203125,0.4095662236213684
1225,2,0.9140625,0.47705078125,0.3497721254825592,0.628662109375,0.4991861879825592
1225,2,0.9072265625,0.0701904296875,0.27587890625,0.3673095703125,0.5464681386947632
1225,2,0.82373046875,-0.000152587890625,0.3131917119026184,0.094482421875,0.4099528193473816
1225,2,0.80615234375,0.626953125,0.3335774838924408,0.734954833984375,0.4407552182674408
1225,2,0.76416015625,0.88165283203125,0.364013671875,0.998992919921875,0.6583658456802368
1225,2,0.74267578125,0.4051513671875,0.327880859375,0.47845458984375,0.4114990234375
1225,2,0.62353515625,0.3692474365234375,0.3405965268611908,0.4099273681640625,0.3769124448299408
1225,2,0.611328125,0.896240234375,0.34130859375,0.99560546875,0.386962890625
1225,0,0.57080078125,0.76263427734375,0.2984212040901184,0.7846832275390625,0.3988036513328552
1225,5,0.5048828125,0.591094970703125,0.2836710512638092,0.6613311767578125,0.3846842348575592
1226,2,0.91845703125,0.069580078125,0.28271484375,0.366943359375,0.55078125
1226,2,0.8974609375,0.48016357421875,0.349609375,0.62823486328125,0.5015462040901184
1226,2,0.833984375,0.8785400390625,0.3580729067325592,0.99932861328125,0.6702474355697632
1226,2,0.81787109375,0.62664794921875,0.332763671875,0.733062744140625,0.4408365488052368
1226,2,0.69677734375,-9.1552734375e-05,0.31103515625,0.11444091796875,0.4154052734375
1226,2,0.615234375,0.90948486328125,0.3440144956111908,0.9979248046875,0.3917439877986908
1226,2,0.59765625,0.3731842041015625,0.3433837890625,0.4094696044921875,0.3790283203125
1226,0,0.59326171875,0.7732086181640625,0.3068034052848816,0.7967071533203125,0.4053955674171448
1226,2,0.517578125,0.411773681640625,0.3299357295036316,0.479583740234375,0.4101563096046448
1226,2,0.50537109375,0.343963623046875,0.34454345703125,0.3760986328125,0.3789469003677368
1227,2,0.93359375,0.0677490234375,0.2859700322151184,0.3671875,0.5558267831802368
1227,2,0.87744140625,0.48248291015625,0.3501790165901184,0.6285400390625,0.5042724609375
1227,2,0.82177734375,0.87481689453125,0.3644205927848816,0.999298095703125,0.6744791865348816
1227,2,0.8193359375,0.627685546875,0.3384602963924408,0.733856201171875,0.4408772885799408
1227,2,0.73876953125,0.0001068115234375,0.3175455629825592,0.056610107421875,0.4229532778263092
1227,2,0.7021484375,0.921539306640625,0.3450114130973816,0.998291015625,0.3943684697151184
1227,2,0.60791015625,0.8873443603515625,0.3462117612361908,0.9259796142578125,0.3759969174861908
1227,2,0.57763671875,0.8399658203125,0.344482421875,0.88653564453125,0.3739420175552368
1227,2,0.56689453125,0.413360595703125,0.33837890625,0.476959228515625,0.4152425527572632
1227,2,0.51806640625,0.4725494384765625,0.35308837890625,0.5164794921875,0.4030965566635132
1228,2,0.92822265625,0.069580078125,0.28564453125,0.3685302734375,0.5563150644302368
1228,2,0.92333984375,0.4813232421875,0.35400390625,0.62945556640625,0.503662109375
1228,2,0.8134765625,0.62689208984375,0.3363850712776184,0.73431396484375,0.4444987177848816
1228,2,0.79248046875,0.86981201171875,0.359130859375,0.9991455078125,0.66748046875
1228,2,0.7080078125,0.02618408203125,0.3293049931526184,0.09552001953125,0.3949584364891052
1228,2,0.66015625,0.927978515625,0.3430379033088684,0.998077392578125,0.3943888545036316
1228,2,0.55224609375,0.4143829345703125,0.3328450322151184,0.481658935546875,0.4105224013328552
1228,2,0.53271484375,0.371734619140625,0.3425089716911316,0.41864013671875,0.3827515244483948
1228,2,0.50390625,0.835601806640625,0.3445231318473816,0.8980865478515625,0.3796997666358948
1229,2,0.92333984375,0.0712890625,0.2771809697151184,0.3702392578125,0.55078125
1229,2,0.91845703125,0.48193359375,0.34814453125,0.63153076171875,0.4996337890625
1229,2,0.8447265625,0.6290283203125,0.3309732973575592,0.737091064453125,0.4424234926700592
1229,2,0.82861328125,0.867431640625,0.3548177182674408,0.998992919921875,0.6598306894302368
1229,2,0.74853515625,0.000579833984375,0.3241170048713684,0.094024658203125,0.3892211318016052
1229,2,0.666015625,0.8383331298828125,0.3358357548713684,0.9014892578125,0.3725993037223816
1229,2,0.640625,0.416717529296875,0.3280436396598816,0.48345947265625,0.4050293564796448
1229,2,0.533203125,0.9368896484375,0.3389689028263092,0.9969482421875,0.3885294497013092
1230,2,0.92333984375,0.07275390625,0.2825521230697632,0.373046875,0.5493978261947632
1230,2,0.9072265625,0.48272705078125,0.3490396738052368,0.63287353515625,0.5074869394302368
1230,2,0.8017578125,0.6312255859375,0.3328043818473816,0.73394775390625,0.4406738877296448
1230,2,0.77734375,0.86669921875,0.3560383915901184,0.998931884765625,0.6626790165901184
1230,2,0.703125,0.41937255859375,0.3317463994026184,0.482086181640625,0.4071654677391052
1230,2,0.6416015625,0.853485107421875,0.33795166015625,0.9107818603515625,0.3772989511489868
1230,2,0.5068359375,0.36492919921875,0.34393310546875,0.423583984375,0.3779296875
1231,2,0.919921875,0.0771484375,0.28369140625,0.3746337890625,0.5469564199447632
1231,2,0.89501953125,0.48431396484375,0.3475748896598816,0.634124755859375,0.5052083134651184
1231,2,0.8603515625,0.866943359375,0.3525390625,0.99932861328125,0.6644693613052368
1231,2,0.83984375,0.63153076171875,0.3319905400276184,0.737030029296875,0.4438883662223816
1231,2,0.64599609375,0.0002288818359375,0.317626953125,0.043609619140625,0.3931478261947632
1231,2,0.5927734375,0.4215087890625,0.3524983823299408,0.4818115234375,0.4079183042049408
1231,2,0.56494140625,0.3781890869140625,0.3442586362361908,0.4233551025390625,0.3786214292049408
1231,2,0.5625,0.87432861328125,0.3402506709098816,0.91790771484375,0.3742268681526184
1231,2,0.50146484375,0.918243408203125,0.34295654296875,0.966064453125,0.3809407949447632
1232,2,0.9208984375,0.484375,0.3502604365348816,0.63604736328125,0.5013427734375
1232,2,0.91357421875,0.0826416015625,0.2830403447151184,0.3763427734375,0.547607421875
1232,2,0.84619140625,0.8677978515625,0.3470052480697632,0.99932861328125,0.660888671875
1232,2,0.8427734375,0.63128662109375,0.3301594853401184,0.73980712890625,0.4412841200828552
1232,2,0.779296875,0.425262451171875,0.3326416015625,0.484466552734375,0.4038900136947632
1232,2,0.61962890625,-0.0001220703125,0.3208414614200592,0.08660888671875,0.3883463442325592
1232,2,0.5625,0.92156982421875,0.3440144956111908,0.973388671875,0.3820393979549408
1232,2,0.51806640625,0.3481597900390625,0.3340047299861908,0.388214111328125,0.3760579526424408
1233,2,0.90869140625,0.0869140625,0.28564453125,0.3790283203125,0.550048828125
1233,2,0.85986328125,0.48553466796875,0.355712890625,0.640380859375,0.507568359375
1233,2,0.82177734375,0.8724365234375,0.3595377206802368,1.0,0.68115234375
1233,2,0.8037109375,0.42633056640625,0.3351236879825592,0.4907379150390625,0.4093424379825592
1233,2,0.7919921875,0.63134765625,0.3349609375,0.739898681640625,0.4464111328125
1233,2,0.5712890625,0.93353271484375,0.3460490107536316,0.99176025390625,0.3856404423713684
1233,2,0.51171875,0.348052978515625,0.3401692509651184,0.388641357421875,0.3839721083641052
1234,2,0.9091796875,0.48822021484375,0.3500162363052368,0.6422119140625,0.5061441659927368
1234,2,0.8857421875,0.091796875,0.28466796875,0.381103515625,0.5485025644302368
1234,2,0.83544921875,0.6341552734375,0.330322265625,0.740234375,0.4396566152572632
1234,2,0.78955078125,0.87823486328125,0.3789876699447632,0.99896240234375,0.6572265625
1234,2,0.75634765625,0.429443359375,0.3341878056526184,0.49493408203125,0.4060465693473816
1234,2,0.68798828125,9.1552734375e-05,0.3522135615348816,0.0457763671875,0.4614258408546448
1234,2,0.59765625,0.018646240234375,0.34149169921875,0.11236572265625,0.39788818359375
1235,2,0.89990234375,0.49041748046875,0.3441569209098816,0.6417236328125,0.4967041015625
1235,2,0.88427734375,0.0987548828125,0.275390625,0.3828125,0.5376790761947632
1235,2,0.8583984375,0.6356201171875,0.3251139521598816,0.74005126953125,0.4311524033546448
1235,2,0.810546875,0.88116455078125,0.3706868290901184,0.999420166015625,0.6565755009651184
1235,2,0.75244140625,-9.1552734375e-05,0.3070475459098816,0.06256103515625,0.455078125
1235,2,0.68017578125,0.4311370849609375,0.3268839418888092,0.49072265625,0.4005533754825592
1235,2,0.59326171875,0.06439208984375,0.3400675654411316,0.119293212890625,0.3837891221046448
1236,2,0.90771484375,0.4921875,0.3538411259651184,0.6470947265625,0.500244140625
1236,2,0.86865234375,0.6361083984375,0.3297526240348816,0.741943359375,0.4344483017921448
1236,2,0.8662109375,0.1048583984375,0.2835286259651184,0.3863525390625,0.54248046875
1236,2,0.794921875,0.0,0.297607421875,0.07586669921875,0.4654541015625
1236,2,0.75732421875,0.88970947265625,0.3785807490348816,0.99957275390625,0.6534830927848816
1236,2,0.7021484375,0.43475341796875,0.3340250849723816,0.4962005615234375,0.4057820439338684
1236,2,0.53857421875,0.387939453125,0.34698486328125,0.4328460693359375,0.3760172128677368
1236,2,0.51171875,0.056549072265625,0.3385823667049408,0.1277313232421875,0.4009602963924408
1237,2,0.91015625,0.49432373046875,0.3433430790901184,0.65203857421875,0.5066325068473816
1237,2,0.8828125,0.11328125,0.2801106572151184,0.39093017578125,0.531982421875
1237,2,0.84619140625,0.63372802734375,0.3264566957950592,0.744476318359375,0.4376627504825592
1237,2,0.83740234375,0.0001220703125,0.3046875,0.0931396484375,0.453857421875
1237,2,0.7744140625,0.438995361328125,0.3329264521598816,0.49908447265625,0.4033203721046448
1237,2,0.728515625,0.89361572265625,0.35009765625,0.9998779296875,0.6631673574447632
1237,2,0.50048828125,0.842071533203125,0.3339640498161316,0.93157958984375,0.3745320439338684
1238,2,0.90234375,0.1248779296875,0.280029296875,0.39410400390625,0.5303548574447632
1238,2,0.896484375,0.49951171875,0.33935546875,0.654541015625,0.5019124150276184
1238,2,0.88525390625,0.000213623046875,0.3009440302848816,0.105438232421875,0.4594319462776184
1238,2,0.810546875,0.64727783203125,0.3239339292049408,0.7425537109375,0.4361165463924408
1238,2,0.7080078125,0.89837646484375,0.343505859375,0.9998779296875,0.654296875
1238,2,0.67578125,0.4413299560546875,0.3314616084098816,0.4976806640625,0.4009400010108948
1239,2,0.890625,0.50177001953125,0.33984375,0.6558837890625,0.4997151494026184
1239,2,0.888671875,0.000335693359375,0.3020833432674408,0.11865234375,0.4475911557674408
1239,2,0.8818359375,0.1336669921875,0.2762044072151184,0.397216796875,0.5265299081802368
1239,2,0.8212890625,0.648284912109375,0.3253580927848816,0.74365234375,0.4345703721046448
1239,2,0.7099609375,0.4439544677734375,0.3301188051700592,0.499176025390625,0.3976847231388092
1239,2,0.70849609375,0.90826416015625,0.39697265625,0.999267578125,0.6598306894302368
1239,2,0.6123046875,0.9540863037109375,0.3316853642463684,0.999725341796875,0.3819987177848816
1239,2,0.5263671875,0.875640869140625,0.33282470703125,0.95806884765625,0.38287353515625
1240,2,0.92333984375,0.5048828125,0.3427734375,0.66162109375,0.4997965693473816
1240,2,0.896484375,0.0001220703125,0.3056640625,0.13201904296875,0.4449869990348816
1240,2,0.88427734375,0.14501953125,0.2749837636947632,0.40087890625,0.5222982168197632
1240,2,0.81396484375,0.646514892578125,0.3263753056526184,0.7431640625,0.4378661513328552
1240,2,0.6689453125,0.44580078125,0.3366902470588684,0.5021514892578125,0.3988444209098816
1240,2,0.60888671875,0.91217041015625,0.3473307490348816,1.0,0.6564127802848816
1241,2,0.92822265625,0.50616455078125,0.3472493290901184,0.66400146484375,0.5050455927848816
1241,2,0.91162109375,0.00018310546875,0.3118489384651184,0.1407470703125,0.4473876953125
1241,2,0.8818359375,0.15283203125,0.2852376699447632,0.4051513671875,0.5303548574447632
1241,2,0.7529296875,0.64764404296875,0.3312174379825592,0.7401123046875,0.4401041567325592
1241,2,0.7021484375,0.92254638671875,0.41650390625,0.99920654296875,0.6603189706802368
1241,2,0.6142578125,0.4452972412109375,0.3469645380973816,0.499542236328125,0.4037476181983948
1241,2,0.5283203125,0.7634429931640625,0.34393310546875,0.809356689453125,0.3881429433822632
1241,2,0.51806640625,0.89288330078125,0.3375447690486908,0.998504638671875,0.3933919370174408
1242,2,0.927734375,0.00030517578125,0.312744140625,0.1492919921875,0.4430338740348816
1242,2,0.89892578125,0.5103759765625,0.348388671875,0.66680908203125,0.506591796875
1242,2,0.87451171875,0.163330078125,0.2870279550552368,0.406005859375,0.5265299081802368
1242,2,0.7578125,0.64471435546875,0.330322265625,0.73931884765625,0.4385172128677368
1242,2,0.65283203125,0.11639404296875,0.3317667841911316,0.179901123046875,0.3932495713233948
1242,2,0.63232421875,0.4458465576171875,0.3470255732536316,0.495361328125,0.4025269150733948
1242,2,0.609375,0.92388916015625,0.3258463740348816,0.9998779296875,0.6708984375
1243,2,0.92578125,0.51300048828125,0.3422037959098816,0.66937255859375,0.5010579228401184
1243,2,0.919921875,0.00030517578125,0.3077799677848816,0.15869140625,0.4394124150276184
1243,2,0.78564453125,0.1734619140625,0.2872720956802368,0.39984130859375,0.5192056894302368
1243,2,0.76953125,0.64190673828125,0.3258463740348816,0.735198974609375,0.4353840947151184
1243,2,0.5703125,0.9249267578125,0.3263346254825592,1.0,0.6912435293197632
1243,2,0.5439453125,0.44683837890625,0.3462727963924408,0.5000762939453125,0.3992513120174408
1244,2,0.9013671875,0.00030517578125,0.3319905400276184,0.1676025390625,0.4571940302848816
1244,2,0.888671875,0.51617431640625,0.361572265625,0.67242431640625,0.5195719599723816
1244,2,0.88134765625,0.1842041015625,0.3130696415901184,0.41217041015625,0.5343424677848816
1244,2,0.70751953125,0.641571044921875,0.3440958559513092,0.735992431640625,0.4515787661075592
1244,2,0.677734375,0.44677734375,0.3604329228401184,0.49908447265625,0.4161376357078552
1244,2,0.58447265625,0.927734375,0.33203125,1.0,0.7014974355697632
1244,2,0.53759765625,0.901947021484375,0.34625244140625,0.99420166015625,0.3990885019302368
1245,2,0.927734375,0.00628662109375,0.3153076171875,0.17633056640625,0.4434407353401184
1245,2,0.92333984375,0.51910400390625,0.3495280146598816,0.67529296875,0.5066731572151184
1245,2,0.83642578125,0.19549560546875,0.29736328125,0.41546630859375,0.520751953125
1245,2,0.70849609375,0.936248779296875,0.3465169072151184,0.999664306640625,0.6709797978401184
1245,2,0.70654296875,0.645538330078125,0.333740234375,0.7344970703125,0.4406331777572632
1245,2,0.64404296875,0.44805908203125,0.34503173828125,0.507080078125,0.4030355215072632
1245,2,0.6298828125,0.927337646484375,0.3348388671875,0.999847412109375,0.3936361074447632
1245,2,0.591796875,0.4014892578125,0.3487141728401184,0.424652099609375,0.3752440810203552
1245,2,0.591796875,0.402740478515625,0.3474324345588684,0.449005126953125,0.3749186396598816
1246,2,0.91357421875,0.52508544921875,0.3558756709098816,0.68231201171875,0.50537109375
1246,2,0.90478515625,0.021240234375,0.3144124150276184,0.1854248046875,0.4407958984375
1246,2,0.8896484375,0.208740234375,0.298583984375,0.4195556640625,0.5120442509651184
1246,2,0.7119140625,0.645965576171875,0.3348388671875,0.734375,0.4383951425552368
1246,2,0.66015625,0.44952392578125,0.3592122197151184,0.5047149658203125,0.4036254286766052
1246,2,0.642578125,0.1771697998046875,0.345947265625,0.2234039306640625,0.3976644277572632
1246,2,0.63232421875,7.62939453125e-05,0.3294880986213684,0.031494140625,0.4021403193473816
1246,2,0.62060546875,0.938873291015625,0.3741047978401184,0.99969482421875,0.6726887822151184
1246,2,0.6162109375,0.951141357421875,0.3356730043888092,0.999237060546875,0.3837076723575592
1247,2,0.94140625,0.03045654296875,0.3256022036075592,0.18951416015625,0.4436441957950592
1247,2,0.91015625,0.52777099609375,0.353759765625,0.6844482421875,0.5113118290901184
1247,2,0.86474609375,0.21630859375,0.30615234375,0.421142578125,0.5105387568473816
1247,2,0.6943359375,0.644012451171875,0.3387451171875,0.731903076171875,0.4451904296875
1247,2,0.6689453125,0.444549560546875,0.3524373471736908,0.5048065185546875,0.4107259213924408
1247,2,0.56396484375,0.942138671875,0.3714192807674408,0.999664306640625,0.6713052988052368
1247,2,0.5078125,0.4091796875,0.3500773310661316,0.454254150390625,0.3824666142463684
1247,2,0.50634765625,0.1809844970703125,0.35302734375,0.2198486328125,0.3960367441177368
1248,2,0.93017578125,0.03692626953125,0.3275553286075592,0.19183349609375,0.4448648989200592
1248,2,0.9052734375,0.52825927734375,0.35400390625,0.68414306640625,0.512451171875
1248,2,0.88427734375,0.22125244140625,0.308837890625,0.421142578125,0.5071207880973816
1248,2,0.78564453125,0.6431884765625,0.338623046875,0.72412109375,0.4486083984375
1248,2,0.62255859375,0.44464111328125,0.3586832582950592,0.495574951171875,0.4122721254825592
1248,2,0.56005859375,0.93994140625,0.3427734375,0.9998779296875,0.6807454824447632
1248,2,0.54736328125,0.92218017578125,0.3471272587776184,0.979156494140625,0.3901366591453552
1249,2,0.9150390625,0.04296875,0.3308919370174408,0.19293212890625,0.4452718198299408
1249,2,0.90625,0.22784423828125,0.3118489384651184,0.42230224609375,0.504638671875
1249,2,0.88330078125,0.52838134765625,0.3555501699447632,0.6854248046875,0.5116780996322632
1249,2,0.77880859375,0.63897705078125,0.3380533754825592,0.720916748046875,0.4464518129825592
1249,2,0.576171875,0.409332275390625,0.3461506962776184,0.493743896484375,0.4055582880973816
1249,2,0.564453125,0.92535400390625,0.3443807065486908,0.996368408203125,0.3882649838924408
1249,2,0.52880859375,0.9415283203125,0.3396810293197632,1.0,0.68212890625
1250,2,0.927734375,0.53082275390625,0.3450521230697632,0.68695068359375,0.5011800527572632
1250,2,0.87890625,0.23541259765625,0.3053385615348816,0.42083740234375,0.48876953125
1250,2,0.794921875,0.05133056640625,0.322509765625,0.165069580078125,0.4312744140625
1250,2,0.6865234375,0.191680908203125,0.3235880732536316,0.2516632080078125,0.3925781846046448
1250,2,0.65283203125,0.61822509765625,0.3272908329963684,0.716278076171875,0.4370524287223816
1250,2,0.6416015625,0.4426422119140625,0.3397216796875,0.492095947265625,0.3964639902114868
1250,2,0.6298828125,0.9410400390625,0.3401692509651184,1.0,0.654296875
1250,2,0.6103515625,-0.0001678466796875,0.3417561650276184,0.06439208984375,0.3985595107078552
1250,2,0.60595703125,0.931182861328125,0.3342081606388092,0.99847412109375,0.3797403872013092
1250,2,0.58837890625,0.125946044921875,0.3255818486213684,0.200439453125,0.4186198115348816
1250,2,0.5439453125,0.4086761474609375,0.3396403193473816,0.4483184814453125,0.3850911259651184
1251,2,0.92822265625,0.5323486328125,0.3439127802848816,0.689208984375,0.4993896484375
1251,2,0.896484375,0.24029541015625,0.3035481870174408,0.42022705078125,0.4834798276424408
1251,2,0.8759765625,0.05780029296875,0.312255859375,0.200103759765625,0.4222818613052368
1251,2,0.74462890625,6.103515625e-05,0.3302001953125,0.0415802001953125,0.4042764902114868
1251,2,0.73486328125,0.187347412109375,0.3165690302848816,0.256072998046875,0.3884277939796448
1251,2,0.6337890625,0.5126190185546875,0.3306884765625,0.569915771484375,0.4009805917739868
1251,2,0.6298828125,0.9478759765625,0.3306681513786316,0.999481201171875,0.3786011338233948
1251,2,0.5810546875,0.943115234375,0.3279622197151184,1.0,0.6554361581802368
1251,2,0.57666015625,0.65325927734375,0.3387451171875,0.7144012451171875,0.4283447265625
1251,2,0.55615234375,0.4404449462890625,0.3422444462776184,0.4893951416015625,0.3934325575828552
1251,2,0.50927734375,0.4139404296875,0.34283447265625,0.4473419189453125,0.3851114511489868
1252,2,0.90478515625,0.5367431640625,0.35888671875,0.6956787109375,0.5165202021598816
1252,2,0.87060546875,0.059814453125,0.3299153745174408,0.204345703125,0.4350179135799408
1252,2,0.86865234375,0.24481201171875,0.3199055790901184,0.42694091796875,0.494873046875
1252,2,0.64892578125,0.5084381103515625,0.3477579951286316,0.568817138671875,0.4148762822151184
1252,2,0.6416015625,0.954986572265625,0.34625244140625,0.9998016357421875,0.3959146738052368
1252,2,0.62255859375,0.9451904296875,0.3430989384651184,0.9998779296875,0.6751301884651184
1252,2,0.60302734375,0.43719482421875,0.3543497920036316,0.4848785400390625,0.4067586064338684
1252,2,0.556640625,0.59979248046875,0.3414306640625,0.7115478515625,0.45166015625
1252,2,0.52734375,0.17120361328125,0.33282470703125,0.2479248046875,0.3973388671875
1252,2,0.51708984375,0.2061614990234375,0.3390706479549408,0.2490234375,0.4011434018611908
1253,2,0.91943359375,0.5406494140625,0.3633626103401184,0.7010498046875,0.5244140625
1253,2,0.86572265625,0.24462890625,0.3264973759651184,0.42529296875,0.4954833984375
1253,2,0.8076171875,0.0657958984375,0.3380940556526184,0.19793701171875,0.4387206435203552
1253,2,0.76513671875,0.43670654296875,0.3582967221736908,0.4832611083984375,0.4131673276424408
1253,2,0.6513671875,0.478668212890625,0.35809326171875,0.5164794921875,0.4157918691635132
1253,2,0.64794921875,0.00982666015625,0.3526814579963684,0.086456298828125,0.3992106318473816
1253,2,0.58447265625,0.5082244873046875,0.3504435122013092,0.570526123046875,0.4195353090763092
1254,2,0.8974609375,0.544677734375,0.358154296875,0.7071533203125,0.5255126953125
1254,2,0.8525390625,0.25091552734375,0.32080078125,0.42022705078125,0.4842936396598816
1254,2,0.76953125,0.07232666015625,0.33056640625,0.16925048828125,0.4296875
1254,2,0.6806640625,0.506988525390625,0.3431600034236908,0.571807861328125,0.4113362729549408
1254,2,0.60595703125,0.4345703125,0.3485514223575592,0.4813690185546875,0.4048868715763092
1254,2,0.56005859375,-0.00018310546875,0.3746744990348816,0.0361328125,0.566162109375
1254,2,0.55126953125,0.00048828125,0.3462320864200592,0.084381103515625,0.3984171450138092
1254,0,0.53271484375,0.7810516357421875,0.3383382260799408,0.80743408203125,0.4364827573299408
1255,2,0.92431640625,0.54766845703125,0.3500162363052368,0.7149658203125,0.5131021738052368
1255,2,0.86181640625,0.081634521484375,0.3157551884651184,0.2142333984375,0.4152831435203552
1255,2,0.85888671875,0.25445556640625,0.3133544921875,0.4227294921875,0.4700114130973816
1255,2,0.63525390625,0.5021514892578125,0.3358561098575592,0.56463623046875,0.4005533754825592
1255,2,0.60302734375,0.4340057373046875,0.3397623896598816,0.47802734375,0.3940430283546448
1255,2,0.5576171875,-0.000152587890625,0.3404947519302368,0.04962158203125,0.5411783456802368
1256,2,0.9248046875,0.55328369140625,0.3547769784927368,0.72650146484375,0.5223795175552368
1256,2,0.84423828125,0.08514404296875,0.3196614682674408,0.2169189453125,0.4204915463924408
1256,2,0.8251953125,0.26116943359375,0.3192545473575592,0.421630859375,0.4747721254825592
1256,2,0.65380859375,0.732940673828125,0.3409830927848816,0.777191162109375,0.3894653916358948
1256,2,0.6376953125,-9.1552734375e-05,0.341796875,0.063323974609375,0.5537109375
1256,2,0.625,0.2070770263671875,0.3399454951286316,0.2652587890625,0.3880818486213684
1256,2,0.5791015625,0.504638671875,0.3440348207950592,0.569305419921875,0.4069620668888092
1256,2,0.57763671875,0.4332122802734375,0.3463948667049408,0.4787445068359375,0.3977864682674408
1256,2,0.5771484375,-4.57763671875e-05,0.3415730595588684,0.0532989501953125,0.4056803584098816
1256,0,0.52197265625,0.817596435546875,0.3365885615348816,0.8480224609375,0.4388428330421448
1257,2,0.9091796875,0.55908203125,0.3527017831802368,0.7386474609375,0.5275064706802368
1257,2,0.8505859375,0.2659912109375,0.3166096806526184,0.42449951171875,0.4678141474723816
1257,2,0.75927734375,-0.000244140625,0.3231608271598816,0.081146240234375,0.5686848759651184
1257,2,0.74658203125,0.72906494140625,0.3375447392463684,0.7935943603515625,0.3928629755973816
1257,2,0.69384765625,0.04302978515625,0.3215738832950592,0.19354248046875,0.4109293520450592
1257,2,0.685546875,0.501617431640625,0.341796875,0.5684356689453125,0.4044393301010132
1257,0,0.6220703125,0.8368377685546875,0.3296712040901184,0.8670196533203125,0.4456583857536316
1257,2,0.50830078125,0.4653167724609375,0.3407185673713684,0.503173828125,0.3938395380973816
1258,2,0.93017578125,0.5692138671875,0.3445638418197632,0.75360107421875,0.5252279043197632
1258,2,0.83203125,0.2705078125,0.3128255009651184,0.42352294921875,0.4586181640625
1258,2,0.8193359375,-3.0517578125e-05,0.3212077021598816,0.094329833984375,0.5354817509651184
1258,2,0.7724609375,0.73773193359375,0.32989501953125,0.808135986328125,0.3871663808822632
1258,2,0.642578125,0.4990234375,0.3320719599723816,0.5675506591796875,0.3991089463233948
1258,2,0.61328125,0.02020263671875,0.30767822265625,0.117889404296875,0.3988037109375
1258,2,0.56884765625,0.102874755859375,0.3162841796875,0.1983642578125,0.4016519784927368
1258,2,0.52685546875,0.2433624267578125,0.327880859375,0.2871246337890625,0.4042764902114868
1258,0,0.521484375,0.8601531982421875,0.3224284052848816,0.892913818359375,0.4447835087776184
1258,2,0.51708984375,0.4696502685546875,0.33416748046875,0.5069580078125,0.3954671621322632
1259,2,0.8583984375,0.272125244140625,0.3146158754825592,0.42340087890625,0.4547525942325592
1259,2,0.8447265625,0.57470703125,0.3519693613052368,0.7677001953125,0.5339761972427368
1259,2,0.77734375,0.09686279296875,0.3167317509651184,0.23297119140625,0.4039713740348816
1259,2,0.7685546875,-0.000274658203125,0.3221028447151184,0.1092529296875,0.53369140625
1259,2,0.7197265625,0.7427978515625,0.3323771357536316,0.82501220703125,0.3905842900276184
1259,0,0.69775390625,0.886322021484375,0.30810546875,0.9263458251953125,0.4589030146598816
1259,2,0.63671875,0.499755859375,0.33154296875,0.56549072265625,0.39984130859375
1259,2,0.62158203125,0.00811767578125,0.3069254755973816,0.12384033203125,0.3849690556526184
1259,2,0.5400390625,0.43115234375,0.33758544921875,0.4712982177734375,0.3885294198989868
1260,2,0.88427734375,0.0,0.320556640625,0.125732421875,0.5122477412223816
1260,2,0.86865234375,0.27886962890625,0.3070475459098816,0.420013427734375,0.4512532353401184
1260,2,0.767578125,0.5843505859375,0.3690592646598816,0.79364013671875,0.5443928837776184
1260,2,0.755859375,0.750396728515625,0.33209228515625,0.84417724609375,0.4013468027114868
1260,2,0.73583984375,0.1048583984375,0.3160400390625,0.2386474609375,0.4012451171875
1260,2,0.708984375,0.244598388671875,0.3293660581111908,0.29266357421875,0.4043172299861908
1260,2,0.6943359375,0.50054931640625,0.3293049931526184,0.56427001953125,0.3976237177848816
1260,0,0.55419921875,0.923004150390625,0.3114420771598816,0.9614105224609375,0.4644368290901184
1261,2,0.892578125,0.5953369140625,0.3451334834098816,0.82305908203125,0.56005859375
1261,2,0.892578125,-0.00018310546875,0.3085123896598816,0.1397705078125,0.524658203125
1261,2,0.8310546875,0.28289794921875,0.310791015625,0.42083740234375,0.4451904296875
1261,2,0.77294921875,0.130828857421875,0.3192545473575592,0.2493896484375,0.3982340395450592
1261,2,0.7138671875,0.248870849609375,0.326416015625,0.2974700927734375,0.3992716073989868
1261,2,0.68017578125,0.75970458984375,0.3322347104549408,0.85992431640625,0.3954060971736908
1261,2,0.5771484375,0.427215576171875,0.3320109248161316,0.50244140625,0.3882446885108948
1261,2,0.56640625,0.46441650390625,0.33148193359375,0.5043792724609375,0.3819986581802368
1261,2,0.5537109375,0.501373291015625,0.3282267451286316,0.5656585693359375,0.3992310166358948
1261,2,0.533203125,0.564117431640625,0.3390095829963684,0.6089935302734375,0.3852946162223816
1261,0,0.51904296875,0.956298828125,0.2956135869026184,0.999603271484375,0.474365234375
1262,2,0.91162109375,-9.1552734375e-05,0.3016764521598816,0.15765380859375,0.5147297978401184
1262,2,0.8525390625,0.28973388671875,0.3115234375,0.4285888671875,0.4459228515625
1262,2,0.7607421875,0.6141357421875,0.3587239384651184,0.86163330078125,0.5785319209098816
1262,2,0.70703125,0.11859130859375,0.3194580078125,0.2518310546875,0.3973388671875
1262,2,0.68017578125,0.2487335205078125,0.327392578125,0.304840087890625,0.4001260995864868
1262,2,0.58935546875,0.4973907470703125,0.3287556767463684,0.5654296875,0.4046427607536316
1262,2,0.57421875,0.464752197265625,0.33245849609375,0.50396728515625,0.38214111328125
1262,2,0.556640625,0.427337646484375,0.3375244140625,0.502227783203125,0.3933511972427368
1263,2,0.92333984375,6.103515625e-05,0.3072916567325592,0.1766357421875,0.4955240786075592
1263,2,0.88427734375,0.6346435546875,0.4073079824447632,0.904296875,0.5915120840072632
1263,2,0.7529296875,0.30010986328125,0.3052571713924408,0.42657470703125,0.4352620542049408
1263,2,0.6884765625,0.159210205078125,0.3142293393611908,0.230194091796875,0.3860677182674408
1263,2,0.6513671875,0.43121337890625,0.3267008662223816,0.506927490234375,0.3864136338233948
1263,2,0.642578125,0.2581787109375,0.3210856318473816,0.3152923583984375,0.3916829228401184
1263,2,0.52978515625,0.5018463134765625,0.3192545771598816,0.563690185546875,0.3880818486213684
1263,2,0.52294921875,0.4683837890625,0.32421875,0.5080413818359375,0.3844808340072632
1263,2,0.51025390625,0.1241607666015625,0.31439208984375,0.168548583984375,0.3660888671875
1264,2,0.91357421875,-0.0001220703125,0.309814453125,0.199951171875,0.481689453125
1264,2,0.8447265625,0.314727783203125,0.3025715947151184,0.43524169921875,0.4255778193473816
1264,2,0.79833984375,0.652099609375,0.3385416865348816,0.9566650390625,0.6201986074447632
1264,2,0.79443359375,0.1729736328125,0.30841064453125,0.244873046875,0.3791707754135132
1264,2,0.697265625,0.26226806640625,0.31591796875,0.32623291015625,0.3865762948989868
1264,2,0.6162109375,0.62127685546875,0.3026936650276184,0.76507568359375,0.4466959834098816
1264,2,0.60107421875,0.4355010986328125,0.3277384638786316,0.484405517578125,0.3807373642921448
1264,2,0.60009765625,0.5723876953125,0.32427978515625,0.635467529296875,0.3670247793197632
1264,2,0.5107421875,0.4760589599609375,0.3201904296875,0.513671875,0.3804117441177368
1265,2,0.91845703125,-0.00018310546875,0.3150634765625,0.2227783203125,0.4788818359375
1265,2,0.8720703125,0.6724853515625,0.3326008915901184,0.99951171875,0.6324869394302368
1265,2,0.73583984375,0.32745361328125,0.30908203125,0.445159912109375,0.4264730215072632
1265,2,0.677734375,0.276885986328125,0.3238525390625,0.3426513671875,0.3898111581802368
1265,2,0.650390625,0.443939208984375,0.3285115361213684,0.5140380859375,0.3877360224723816
1265,2,0.64794921875,0.62762451171875,0.306396484375,0.78369140625,0.4451090693473816
1265,2,0.6142578125,0.576751708984375,0.3288167119026184,0.634429931640625,0.4161376357078552
1265,2,0.60888671875,0.1961669921875,0.31378173828125,0.28076171875,0.3926595449447632
1265,2,0.5537109375,0.5135650634765625,0.3213297426700592,0.57513427734375,0.3922525942325592
1265,2,0.50927734375,0.5790252685546875,0.3270263671875,0.63116455078125,0.3730264902114868
1266,2,0.93115234375,0.695068359375,0.3382161259651184,0.9993896484375,0.6583658456802368
1266,2,0.90625,0.0003662109375,0.3221028745174408,0.248046875,0.4723714292049408
1266,2,0.7607421875,0.2135009765625,0.3232218623161316,0.303253173828125,0.3954060673713684
1266,2,0.73583984375,0.342071533203125,0.3179931640625,0.45367431640625,0.4300537109375
1266,2,0.70361328125,0.63116455078125,0.3070475459098816,0.79827880859375,0.475830078125
1266,2,0.67333984375,0.578765869140625,0.34130859375,0.641845703125,0.4210001230239868
1266,2,0.669921875,0.45379638671875,0.3350626528263092,0.52423095703125,0.3936564028263092
1266,2,0.66455078125,0.29620361328125,0.3295695185661316,0.35595703125,0.3976643681526184
1266,2,0.6103515625,0.517791748046875,0.32415771484375,0.583282470703125,0.3888753652572632
1266,2,0.50048828125,7.62939453125e-05,0.3258870244026184,0.0601806640625,0.4138182997703552
1267,2,0.91259765625,0.71533203125,0.3430989384651184,0.99853515625,0.6863606572151184
1267,2,0.88427734375,0.06170654296875,0.3257649838924408,0.269287109375,0.4579671323299408
1267,2,0.80517578125,0.63494873046875,0.3111979365348816,0.80682373046875,0.4793294072151184
1267,2,0.7451171875,0.3594970703125,0.318603515625,0.4654541015625,0.4261881113052368
1267,2,0.72607421875,1.52587890625e-05,0.3263753354549408,0.0544586181640625,0.4108479917049408
1267,2,0.66357421875,0.456573486328125,0.3358154296875,0.528717041015625,0.39739990234375
1267,2,0.61767578125,0.523284912109375,0.3363443911075592,0.590240478515625,0.4062906801700592
1267,2,0.60107421875,0.297271728515625,0.3323974609375,0.370208740234375,0.4037271738052368
1267,2,0.57958984375,0.584930419921875,0.341552734375,0.6434173583984375,0.4190673828125
1267,2,0.55224609375,0.2331390380859375,0.3250732421875,0.28582763671875,0.3687947988510132
1267,2,0.5185546875,0.493682861328125,0.3333333432674408,0.5294952392578125,0.3887532651424408
1268,2,0.89599609375,0.0965576171875,0.3267822265625,0.28826904296875,0.4449462890625
1268,2,0.88818359375,0.7296142578125,0.3504231572151184,0.99945068359375,0.7215169072151184
1268,2,0.8076171875,0.6378173828125,0.3086751401424408,0.81243896484375,0.4773763120174408
1268,2,0.734375,0.368896484375,0.3206380009651184,0.47125244140625,0.4252929091453552
1268,2,0.72119140625,0.060302734375,0.328369140625,0.140289306640625,0.3945719003677368
1268,2,0.68359375,-7.62939453125e-05,0.3262532353401184,0.0374908447265625,0.4189452528953552
1268,2,0.68017578125,0.463714599609375,0.3353678584098816,0.534820556640625,0.4016724228858948
1268,2,0.64599609375,0.52685546875,0.3392333984375,0.597686767578125,0.4032388925552368
1268,2,0.59814453125,0.286895751953125,0.3316243588924408,0.378326416015625,0.4073689877986908
1268,2,0.52099609375,0.230621337890625,0.3268635869026184,0.296966552734375,0.3739420771598816
1268,2,0.5068359375,0.5966339111328125,0.34332275390625,0.6468353271484375,0.38482666015625
1269,2,0.92333984375,0.765380859375,0.345703125,0.99945068359375,0.7552083730697632
1269,2,0.87451171875,0.63897705078125,0.3095703125,0.830810546875,0.4903971552848816
1269,2,0.85595703125,0.1282958984375,0.3275960385799408,0.30340576171875,0.4453938901424408
1269,2,0.849609375,0.0438232421875,0.327392578125,0.162872314453125,0.3995361328125
1269,2,0.76123046875,0.471954345703125,0.3347574770450592,0.5364990234375,0.4013468325138092
1269,2,0.73486328125,0.381744384765625,0.3203532099723816,0.479644775390625,0.4269612431526184
1269,2,0.70166015625,0.52862548828125,0.33819580078125,0.5990142822265625,0.4027913808822632
1269,2,0.5810546875,1.52587890625e-05,0.3349812626838684,0.02227783203125,0.4139811396598816
1269,2,0.55224609375,0.25152587890625,0.3244425356388092,0.33563232421875,0.3744303286075592
1269,2,0.52197265625,0.59735107421875,0.34014892578125,0.6480255126953125,0.3868204355239868
1269,2,0.50732421875,0.30059814453125,0.3353474736213684,0.388580322265625,0.4003092646598816
1270,2,0.927734375,0.7919921875,0.3445637822151184,0.99932861328125,0.8142903447151184
1270,2,0.91748046875,0.14923095703125,0.3296305239200592,0.31903076171875,0.4421793520450592
1270,2,0.8505859375,0.6402587890625,0.3116862177848816,0.84417724609375,0.4856770634651184
1270,2,0.84814453125,0.0294189453125,0.3267822265625,0.160186767578125,0.401123046875
1270,2,0.78271484375,0.4782257080078125,0.3345947265625,0.540374755859375,0.40362548828125
1270,2,0.7041015625,0.537017822265625,0.334228515625,0.5989990234375,0.3983968496322632
1270,2,0.6689453125,0.395721435546875,0.3215738832950592,0.4830322265625,0.4209391176700592
1270,2,0.640625,0.601348876953125,0.3398844599723816,0.654541015625,0.3898518681526184
1270,2,0.55419921875,0.273193359375,0.32830810546875,0.396209716796875,0.4034219980239868
1270,7,0.541015625,0.71722412109375,0.2447102963924408,0.849395751953125,0.3821614682674408
1271,2,0.89990234375,0.18121337890625,0.3425700068473816,0.3372802734375,0.4493001103401184
1271,2,0.8857421875,0.82806396484375,0.3657225966453552,0.99957275390625,0.891764223575592
1271,2,0.8857421875,0.63885498046875,0.3234049677848816,0.84100341796875,0.5075276494026184
1271,2,0.818359375,0.028594970703125,0.3436076045036316,0.14971923828125,0.4181721806526184
1271,2,0.7607421875,0.405517578125,0.3374430239200592,0.48614501953125,0.4327799379825592
1271,2,0.7490234375,0.13665771484375,0.346435546875,0.2075653076171875,0.4090982675552368
1271,2,0.69921875,0.53839111328125,0.35003662109375,0.60858154296875,0.4212646484375
1271,2,0.6708984375,-0.000244140625,0.3356119990348816,0.054107666015625,0.4713948369026184
1271,2,0.66015625,0.486053466796875,0.3513997495174408,0.5403900146484375,0.4223226010799408
1271,7,0.62255859375,0.7314453125,0.2591145634651184,0.8687744140625,0.4310709834098816
1271,2,0.61669921875,0.34576416015625,0.3482666015625,0.4095611572265625,0.414306640625
1271,2,0.56201171875,0.611907958984375,0.3525390625,0.6550140380859375,0.3917440176010132
1272,2,0.9267578125,0.63507080078125,0.3301594853401184,0.83941650390625,0.509765625
1272,2,0.876953125,0.2012939453125,0.3477376103401184,0.3427734375,0.4470621943473816
1272,2,0.84912109375,0.00018310546875,0.3332926630973816,0.0845947265625,0.4713134765625
1272,5,0.77099609375,0.7391357421875,0.2603352665901184,0.879058837890625,0.4552409052848816
1272,2,0.7294921875,0.412628173828125,0.3433430790901184,0.4898529052734375,0.4324137568473816
1272,2,0.7255859375,0.86309814453125,0.3759765028953552,1.0,0.876627504825592
1272,2,0.71875,0.6038970947265625,0.35595703125,0.654052734375,0.4300130605697632
1272,2,0.70166015625,0.121490478515625,0.34820556640625,0.207000732421875,0.4192301034927368
1272,2,0.6953125,0.3463134765625,0.3522745966911316,0.415496826171875,0.4235230088233948
1272,2,0.69384765625,0.5377197265625,0.3552449345588684,0.6055908203125,0.4172973036766052
1272,2,0.68017578125,0.0401611328125,0.344970703125,0.133148193359375,0.42474365234375
1272,2,0.65576171875,0.8768310546875,0.3553466796875,0.987030029296875,0.4608968496322632
1272,2,0.5341796875,0.4886474609375,0.35565185546875,0.5441436767578125,0.3965860605239868
1273,2,0.9111328125,0.2119140625,0.3421224057674408,0.35076904296875,0.4392903745174408
1273,2,0.9072265625,0.000152587890625,0.3271891176700592,0.1126708984375,0.4689127504825592
1273,2,0.90625,0.6307373046875,0.3262532353401184,0.83154296875,0.5068766474723816
1273,2,0.8017578125,0.104156494140625,0.3448283076286316,0.195220947265625,0.4085286259651184
1273,2,0.693359375,0.8970947265625,0.373046875,1.0,0.8723958730697632
1273,2,0.63232421875,0.41632080078125,0.33843994140625,0.4896697998046875,0.4204915761947632
1273,2,0.6064453125,0.891693115234375,0.3512776494026184,0.997039794921875,0.4410807490348816
1273,2,0.59765625,0.607635498046875,0.3509724736213684,0.6534576416015625,0.3986815810203552
1273,2,0.576171875,0.5432586669921875,0.3440958857536316,0.604827880859375,0.3938599228858948
1273,5,0.56396484375,0.7508544921875,0.2524006962776184,0.8916015625,0.453125
1273,2,0.54931640625,0.3418121337890625,0.3422444462776184,0.417694091796875,0.4035033583641052
1273,2,0.513671875,0.48553466796875,0.35003662109375,0.540069580078125,0.4137777090072632
1273,2,0.5029296875,0.186065673828125,0.3392537534236908,0.238800048828125,0.3917439877986908
1274,2,0.927734375,0.220703125,0.3441975712776184,0.35089111328125,0.4402262568473816
1274,2,0.89599609375,0.000152587890625,0.326416015625,0.13189697265625,0.4605712890625
1274,2,0.8447265625,0.62371826171875,0.3263346552848816,0.82122802734375,0.50537109375
1274,2,0.7294921875,0.1023712158203125,0.3452351689338684,0.179656982421875,0.4133707880973816
1274,7,0.67236328125,0.754150390625,0.2474365234375,0.90460205078125,0.465087890625
1274,2,0.64990234375,0.4136962890625,0.3385823667049408,0.492156982421875,0.4262288510799408
1274,2,0.64013671875,0.900421142578125,0.3473307490348816,0.99798583984375,0.4390462040901184
1274,2,0.6337890625,0.5418701171875,0.3501790165901184,0.602020263671875,0.3927001357078552
1274,2,0.60498046875,0.169097900390625,0.3415934145450592,0.234130859375,0.3998819887638092
1274,2,0.59912109375,0.59857177734375,0.3452962040901184,0.6461944580078125,0.4017741084098816
1274,2,0.58642578125,0.934814453125,0.3697916269302368,1.0,0.7529296875
1274,2,0.53173828125,0.4841766357421875,0.34967041015625,0.5369873046875,0.3887939453125
1274,2,0.5302734375,0.3545379638671875,0.3483073115348816,0.41802978515625,0.4146321415901184
1275,2,0.9052734375,0.22015380859375,0.34326171875,0.348663330078125,0.4408365488052368
1275,2,0.9013671875,0.61199951171875,0.325927734375,0.8072509765625,0.5047607421875
1275,2,0.814453125,0.00030517578125,0.3279215693473816,0.148193359375,0.4580891728401184
1275,2,0.705078125,0.91064453125,0.3466796875,0.99871826171875,0.4322916269302368
1275,2,0.67041015625,0.40618896484375,0.3395589292049408,0.484832763671875,0.4273274838924408
1275,2,0.62841796875,0.522003173828125,0.3467610478401184,0.5964813232421875,0.4225463271141052
1275,2,0.59033203125,0.16961669921875,0.3420817255973816,0.251434326171875,0.4054768681526184
1275,2,0.572265625,0.33648681640625,0.3446451723575592,0.41131591796875,0.4043985903263092
1275,7,0.55078125,0.7486572265625,0.2412923127412796,0.913330078125,0.4591471552848816
1276,2,0.91943359375,0.00042724609375,0.326904296875,0.15032958984375,0.44921875
1276,2,0.875,0.59588623046875,0.32373046875,0.78753662109375,0.5008137822151184
1276,2,0.87060546875,0.2216796875,0.342041015625,0.34197998046875,0.4307047128677368
1276,5,0.79638671875,0.7412109375,0.234130859375,0.92242431640625,0.4693196415901184
1276,2,0.65283203125,0.509307861328125,0.3494059443473816,0.588958740234375,0.4231567978858948
1276,2,0.5830078125,0.336029052734375,0.3433430790901184,0.401336669921875,0.4058226943016052
1276,2,0.57080078125,0.5743865966796875,0.3420003056526184,0.6207733154296875,0.4069010615348816
1276,2,0.55615234375,0.39801025390625,0.3362630009651184,0.477325439453125,0.4293619990348816
1276,2,0.5244140625,0.920867919921875,0.3448486328125,0.999237060546875,0.4322916269302368
1276,2,0.5205078125,0.122711181640625,0.34259033203125,0.198516845703125,0.3965047597885132
1276,2,0.513671875,0.473388671875,0.3441568911075592,0.5216827392578125,0.3852945864200592
1277,2,0.91015625,0.58489990234375,0.328125,0.77227783203125,0.5061848759651184
1277,2,0.8798828125,0.0006103515625,0.3310953974723816,0.15618896484375,0.4491780400276184
1277,5,0.876953125,0.740478515625,0.2354329526424408,0.9410400390625,0.4597981870174408
1277,2,0.8505859375,0.218505859375,0.3465983271598816,0.3360595703125,0.4361572861671448
1277,2,0.6337890625,0.39453125,0.3418375551700592,0.468109130859375,0.4308268129825592
1277,2,0.59765625,0.462249755859375,0.3478800654411316,0.512420654296875,0.3904622197151184
1277,2,0.5625,0.506744384765625,0.3460896611213684,0.579833984375,0.4147135615348816
1277,2,0.53125,0.33331298828125,0.3464558720588684,0.392822265625,0.3888956904411316
1277,2,0.51953125,0.170684814453125,0.3440144658088684,0.230712890625,0.3890990614891052
1278,2,0.87060546875,0.57427978515625,0.32763671875,0.759765625,0.505126953125
1278,2,0.82666015625,0.2183837890625,0.3494059145450592,0.33258056640625,0.4376627504825592
1278,5,0.80078125,0.7431640625,0.2327473908662796,0.9609375,0.4669596552848816
1278,2,0.744140625,0.39068603515625,0.3442586064338684,0.46209716796875,0.4245402216911316
1278,2,0.6982421875,0.003662109375,0.3350016474723816,0.1641845703125,0.4441731572151184
1278,2,0.64990234375,0.4981689453125,0.3511759340763092,0.581695556640625,0.4143473207950592
1278,2,0.59375,0.1538848876953125,0.3456217348575592,0.21533203125,0.3871256411075592
1278,2,0.57763671875,0.454803466796875,0.3504231870174408,0.5042877197265625,0.4045613706111908
1278,2,0.52587890625,0.332489013671875,0.3492838740348816,0.3957672119140625,0.3908692002296448
1279,2,0.87353515625,0.5654296875,0.3265787959098816,0.7491455078125,0.502685546875
1279,2,0.83935546875,0.221343994140625,0.3447265625,0.33056640625,0.4292398691177368
1279,2,0.8154296875,0.01397705078125,0.3358967900276184,0.1683349609375,0.4426676630973816
1279,2,0.72021484375,0.39007568359375,0.3404541015625,0.461151123046875,0.4188436269760132
1279,5,0.68994140625,0.74005126953125,0.2228190004825592,0.99365234375,0.4930826723575592
1279,2,0.6865234375,0.494598388671875,0.34613037109375,0.576080322265625,0.4197794198989868
1279,2,0.5576171875,0.4520416259765625,0.3470458984375,0.502288818359375,0.3895263671875
1279,2,0.53125,0.3226470947265625,0.34368896484375,0.392974853515625,0.4041748046875
1279,2,0.51806640625,0.0004119873046875,0.3404541015625,0.0372467041015625,0.4370931386947632
1280,2,0.875,0.22222900390625,0.3416340947151184,0.33441162109375,0.4356688857078552
1280,5,0.81982421875,0.758056640625,0.2115885615348816,0.99896240234375,0.4763997197151184
1280,2,0.76953125,0.03350830078125,0.3349202573299408,0.13763427734375,0.4367268979549408
1280,2,0.744140625,0.390655517578125,0.3397216796875,0.4600372314453125,0.4154459238052368
1280,2,0.71728515625,0.455047607421875,0.34356689453125,0.50634765625,0.3892618417739868
1280,2,0.70947265625,0.55950927734375,0.322265625,0.74017333984375,0.4993489384651184
1280,2,0.6806640625,0.49139404296875,0.3441365361213684,0.577362060546875,0.4150187373161316
1280,2,0.56591796875,0.119354248046875,0.3332316279411316,0.1871337890625,0.3752442002296448
1281,5,0.8935546875,0.7696533203125,0.1992187798023224,0.9984130859375,0.472330778837204
1281,2,0.83642578125,0.225799560546875,0.337158203125,0.33758544921875,0.4373372793197632
1281,2,0.80419921875,0.5557861328125,0.3202311396598816,0.7342529296875,0.4927571415901184
1281,2,0.76513671875,0.49102783203125,0.3385823369026184,0.573822021484375,0.4193724989891052
1281,2,0.74755859375,0.392578125,0.3338215947151184,0.4604644775390625,0.4061686396598816
1281,2,0.66748046875,-0.0006103515625,0.3623046875,0.08697509765625,0.8287760019302368
1281,2,0.65869140625,0.4549407958984375,0.33807373046875,0.4993133544921875,0.3933309316635132
1281,2,0.5439453125,0.0499267578125,0.32958984375,0.14239501953125,0.4258016347885132
1281,2,0.5400390625,0.3320159912109375,0.3394368290901184,0.390960693359375,0.3919474482536316
1282,5,0.87744140625,0.78289794921875,0.1814778447151184,0.99853515625,0.4796549677848816
1282,2,0.8408203125,0.23394775390625,0.3347981572151184,0.34100341796875,0.4305419325828552
1282,2,0.81640625,0.5543212890625,0.3180338740348816,0.7325439453125,0.4788818359375
1282,2,0.80517578125,-0.00048828125,0.3365885615348816,0.11773681640625,0.7723795771598816
1282,2,0.732421875,0.395111083984375,0.3312785029411316,0.463409423828125,0.3995564579963684
1282,2,0.72900390625,0.490631103515625,0.3326619267463684,0.576690673828125,0.4093424677848816
1282,2,0.65576171875,-0.000213623046875,0.3294474482536316,0.07061767578125,0.4066162705421448
1282,2,0.63623046875,0.71881103515625,0.3543904423713684,0.793426513671875,0.4302977919578552
1282,2,0.5966796875,0.4554595947265625,0.3343302309513092,0.4996490478515625,0.3939005434513092
1282,2,0.5791015625,0.05999755859375,0.3214924931526184,0.18170166015625,0.4234618544578552
1283,2,0.79150390625,-0.000732421875,0.33349609375,0.14862060546875,0.8102213144302368
1283,2,0.75537109375,0.23809814453125,0.3322347104549408,0.342987060546875,0.4112142026424408
1283,2,0.73876953125,0.4007110595703125,0.3302205502986908,0.4654541015625,0.3973592221736908
1283,2,0.6845703125,0.7193603515625,0.35296630859375,0.813568115234375,0.4349771738052368
1283,2,0.62158203125,0.549163818359375,0.3162841796875,0.72845458984375,0.4950358271598816
1283,2,0.61328125,0.4589385986328125,0.333740234375,0.500152587890625,0.3931884765625
1283,2,0.60791015625,0.49285888671875,0.3330485224723816,0.5671234130859375,0.4042969346046448
1283,5,0.59033203125,0.7972412109375,0.1612955927848816,0.99969482421875,0.5096028447151184
1283,2,0.5,0.00311279296875,0.3230794072151184,0.160186767578125,0.4270426630973816
1284,5,0.8583984375,0.8251953125,0.1586100161075592,0.999542236328125,0.5087890625
1284,2,0.81787109375,0.55487060546875,0.3162434697151184,0.74444580078125,0.5
1284,2,0.8017578125,0.2479248046875,0.3326008915901184,0.353790283203125,0.4152831435203552
1284,2,0.7890625,0.405853271484375,0.3288167417049408,0.46875,0.3968709409236908
1284,2,0.77099609375,0.7225341796875,0.3506673276424408,0.837249755859375,0.4416097104549408
1284,2,0.7529296875,-0.0003662109375,0.3206380307674408,0.179931640625,0.8136392831802368
1284,2,0.6611328125,0.49639892578125,0.3267415463924408,0.575164794921875,0.4190267026424408
1284,2,0.65869140625,0.465484619140625,0.3339640200138092,0.5066070556640625,0.3912149965763092
1284,2,0.556640625,0.344268798828125,0.3320108950138092,0.40435791015625,0.3882853090763092
1284,2,0.54638671875,0.2012176513671875,0.3199666142463684,0.264129638671875,0.3707072138786316
1285,5,0.8701171875,0.84832763671875,0.1637369990348816,0.999603271484375,0.5418294072151184
1285,2,0.83935546875,0.736968994140625,0.3473307192325592,0.850311279296875,0.4434000551700592
1285,2,0.82568359375,0.55645751953125,0.309814453125,0.746337890625,0.5033366084098816
1285,2,0.75634765625,0.25543212890625,0.3301595151424408,0.358428955078125,0.4071248471736908
1285,2,0.75439453125,-0.00030517578125,0.3133137822151184,0.20318603515625,0.7947590947151184
1285,2,0.7021484375,0.41497802734375,0.3264973759651184,0.475311279296875,0.3944091200828552
1285,2,0.67138671875,0.4722442626953125,0.3297526240348816,0.5155029296875,0.3905029892921448
1285,2,0.62353515625,0.497833251953125,0.32421875,0.5794677734375,0.4093831777572632
1285,2,0.57177734375,0.35357666015625,0.3304850459098816,0.4086456298828125,0.3847046494483948
1285,2,0.5419921875,0.208831787109375,0.3212687373161316,0.2678985595703125,0.3726807236671448
1286,2,0.91015625,0.743377685546875,0.3497314453125,0.8743896484375,0.4510904550552368
1286,2,0.8759765625,0.55877685546875,0.3090006709098816,0.751953125,0.4853515625
1286,5,0.8505859375,0.87591552734375,0.1510416865348816,1.0,0.5066731572151184
1286,2,0.771484375,-0.0003662109375,0.3151041865348816,0.2296142578125,0.8400065302848816
1286,2,0.7578125,0.501220703125,0.3271077573299408,0.58660888671875,0.4218343198299408
1286,2,0.7197265625,0.262908935546875,0.33172607421875,0.36614990234375,0.4088948965072632
1286,2,0.69091796875,0.4188079833984375,0.32586669921875,0.47943115234375,0.3946737051010132
1286,2,0.6513671875,0.47467041015625,0.3311360478401184,0.513092041015625,0.3940836787223816
1286,2,0.5830078125,0.3599853515625,0.3307088017463684,0.4075164794921875,0.3784179091453552
1287,2,0.931640625,-0.000244140625,0.3173828125,0.249755859375,0.8028970956802368
1287,2,0.9267578125,0.74884033203125,0.34912109375,0.8955078125,0.461181640625
1287,2,0.873046875,0.55810546875,0.3080241084098816,0.7572021484375,0.5169270634651184
1287,5,0.8125,0.89404296875,0.138509139418602,1.0001220703125,0.5096029043197632
1287,2,0.78466796875,0.5013427734375,0.3253987729549408,0.5877685546875,0.4366048276424408
1287,2,0.74755859375,0.267425537109375,0.3311360478401184,0.3702392578125,0.3979899287223816
1287,2,0.712890625,0.4209136962890625,0.3275553286075592,0.480224609375,0.3928019106388092
1287,2,0.56201171875,0.366424560546875,0.3328043818473816,0.409515380859375,0.3795166611671448
1287,2,0.51708984375,0.4758453369140625,0.3288981318473816,0.510955810546875,0.3927205204963684
1288,2,0.9375,0.75299072265625,0.34765625,0.9068603515625,0.4652099609375
1288,2,0.93017578125,6.103515625e-05,0.3128255009651184,0.2681884765625,0.7312825322151184
1288,2,0.857421875,0.55609130859375,0.3028157353401184,0.76806640625,0.517578125
1288,2,0.74462890625,0.27630615234375,0.3250325620174408,0.37353515625,0.4022420346736908
1288,5,0.740234375,0.913787841796875,0.140787735581398,0.999664306640625,0.5152994394302368
1288,2,0.73876953125,0.497711181640625,0.3158366084098816,0.5845947265625,0.4372559189796448
1288,2,0.7373046875,0.42669677734375,0.3241780400276184,0.4799957275390625,0.3848876357078552
1288,2,0.5458984375,0.3664093017578125,0.3299356997013092,0.4101104736328125,0.3794352114200592
1289,2,0.9326171875,0.7603759765625,0.340087890625,0.91900634765625,0.4537760019302368
1289,2,0.9150390625,0.0,0.3035481572151184,0.2904052734375,0.6962890625
1289,2,0.87158203125,0.5579833984375,0.2945149540901184,0.76544189453125,0.5165202021598816
1289,2,0.8125,0.497100830078125,0.3091633915901184,0.588348388671875,0.4311930537223816
1289,2,0.7900390625,0.28302001953125,0.3173014521598816,0.37615966796875,0.3957112431526184
1289,2,0.7431640625,0.429718017578125,0.3158162236213684,0.4851531982421875,0.3765258193016052
1289,2,0.60107421875,0.367828369140625,0.3165486454963684,0.4190826416015625,0.3724974989891052
1290,2,0.9404296875,0.000244140625,0.3077799081802368,0.310546875,0.6422525644302368
1290,2,0.93603515625,0.76995849609375,0.3426513671875,0.933837890625,0.4679768681526184
1290,2,0.88720703125,0.5577392578125,0.2965494990348816,0.778076171875,0.5303547978401184
1290,2,0.80615234375,0.28533935546875,0.3221028447151184,0.37969970703125,0.4032999873161316
1290,2,0.767578125,0.4952392578125,0.3087972104549408,0.589111328125,0.4350179135799408
1290,2,0.708984375,0.4344940185546875,0.3162841796875,0.482757568359375,0.3638509511947632
1290,2,0.6806640625,0.372711181640625,0.3142903447151184,0.436309814453125,0.3706664443016052
1291,2,0.93701171875,0.0001220703125,0.308349609375,0.3258056640625,0.6175943613052368
1291,2,0.93505859375,0.7755126953125,0.33935546875,0.9383544921875,0.4690348505973816
1291,2,0.8857421875,0.55731201171875,0.2889810800552368,0.78240966796875,0.5443521738052368
1291,2,0.7802734375,0.490447998046875,0.3074951171875,0.587890625,0.4356689453125
1291,2,0.7509765625,0.43603515625,0.314453125,0.481475830078125,0.3640543222427368
1291,2,0.72265625,0.29119873046875,0.319091796875,0.3824462890625,0.387939453125
1291,2,0.66259765625,0.3750762939453125,0.3144327998161316,0.42889404296875,0.3663330674171448
1292,2,0.92919921875,0.77825927734375,0.3346354067325592,0.942138671875,0.4661051332950592
1292,2,0.89599609375,0.000244140625,0.3019205927848816,0.3345947265625,0.5745443105697632
1292,2,0.888671875,0.55584716796875,0.2825521230697632,0.78900146484375,0.5388997793197632
1292,2,0.75146484375,0.297332763671875,0.3160603940486908,0.3785400390625,0.3847249448299408
1292,2,0.68896484375,0.48260498046875,0.298095703125,0.5843505859375,0.4307861328125
1292,2,0.6875,0.3755340576171875,0.3130086064338684,0.4329833984375,0.3671671748161316
1292,2,0.642578125,0.43487548828125,0.3122761845588684,0.477874755859375,0.3615519404411316
1292,2,0.5810546875,0.468963623046875,0.3140055537223816,0.5138397216796875,0.3936970829963684
1293,2,0.92822265625,0.78009033203125,0.336669921875,0.946533203125,0.468994140625
1293,2,0.89599609375,0.0535888671875,0.3055827021598816,0.3485107421875,0.5362141728401184
1293,2,0.8583984375,0.5545654296875,0.2840169072151184,0.796142578125,0.539306640625
1293,2,0.80078125,0.304901123046875,0.3109334111213684,0.383270263671875,0.3868815302848816
1293,2,0.66943359375,0.47369384765625,0.3009033203125,0.583587646484375,0.4324951171875
1293,2,0.66259765625,0.37841796875,0.31292724609375,0.4355621337890625,0.3651123046875
1293,2,0.61328125,0.4315643310546875,0.3118896484375,0.477081298828125,0.3636881113052368
1293,2,0.56689453125,0.0001220703125,0.2782389521598816,0.1153564453125,0.4288330078125
1294,2,0.9150390625,0.79156494140625,0.3387044370174408,0.94757080078125,0.4781087338924408
1294,2,0.9091796875,0.0970458984375,0.3125,0.35821533203125,0.5367024540901184
1294,2,0.8310546875,0.5516357421875,0.285888671875,0.8046875,0.5297037959098816
1294,2,0.79931640625,0.310333251953125,0.310302734375,0.385894775390625,0.3877767324447632
1294,2,0.76025390625,0.381500244140625,0.3116658329963684,0.4393768310546875,0.3663329482078552
1294,2,0.67724609375,0.000335693359375,0.2781982421875,0.11151123046875,0.43798828125
1294,2,0.62890625,0.45611572265625,0.3193766176700592,0.5109710693359375,0.4036661684513092
1294,2,0.6162109375,0.48712158203125,0.3069661259651184,0.585296630859375,0.4199218153953552
1294,2,0.54638671875,0.430633544921875,0.3109334111213684,0.47772216796875,0.3708292841911316
1295,2,0.9140625,0.79150390625,0.3383381962776184,0.942626953125,0.48095703125
1295,2,0.90478515625,0.54736328125,0.2859700322151184,0.8121337890625,0.562744140625
1295,2,0.8798828125,0.1324462890625,0.3142903447151184,0.365234375,0.5159912109375
1295,2,0.86572265625,0.0001220703125,0.2845458984375,0.13348388671875,0.4375
1295,2,0.763671875,0.31060791015625,0.3157755732536316,0.38739013671875,0.3861084580421448
1295,2,0.72021484375,0.44720458984375,0.3248087763786316,0.5060882568359375,0.4047444462776184
1295,2,0.7119140625,0.49072265625,0.3013102114200592,0.579620361328125,0.4418131411075592
1295,2,0.65283203125,0.376312255859375,0.3169148564338684,0.43817138671875,0.3706461787223816
1296,2,0.91162109375,0.79766845703125,0.34033203125,0.93670654296875,0.4800618290901184
1296,2,0.89453125,0.166015625,0.3174641728401184,0.37750244140625,0.5030924677848816
1296,2,0.87744140625,0.54852294921875,0.28662109375,0.820556640625,0.557861328125
1296,2,0.8583984375,-6.103515625e-05,0.2902424931526184,0.1488037109375,0.4360758662223816
1296,2,0.75341796875,0.322723388671875,0.3225504457950592,0.392791748046875,0.3859049379825592
1296,2,0.75146484375,0.44091796875,0.3270467221736908,0.5047607421875,0.4066976010799408
1296,2,0.7333984375,0.487579345703125,0.306396484375,0.579254150390625,0.4454752802848816
1296,2,0.66552734375,0.3832244873046875,0.3207194209098816,0.4376983642578125,0.3739624619483948
1297,2,0.91943359375,0.78814697265625,0.3392741084098816,0.9322509765625,0.4849446415901184
1297,2,0.9091796875,0.5467529296875,0.2879232168197632,0.8218994140625,0.5699056386947632
1297,2,0.89453125,0.1826171875,0.3214518427848816,0.38616943359375,0.492431640625
1297,2,0.83056640625,0.0,0.2934163212776184,0.17694091796875,0.4327392578125
1297,2,0.8125,0.48529052734375,0.3140869140625,0.578826904296875,0.4553629755973816
1297,2,0.8115234375,0.4392547607421875,0.329345703125,0.503814697265625,0.40509033203125
1297,2,0.68701171875,0.33837890625,0.32373046875,0.39227294921875,0.3853353261947632
1297,2,0.62060546875,0.3865966796875,0.32867431640625,0.44158935546875,0.3953857421875
1298,2,0.91748046875,0.5457763671875,0.2893880009651184,0.828857421875,0.5846353769302368
1298,2,0.890625,0.21405029296875,0.321533203125,0.39068603515625,0.4809977412223816
1298,2,0.8857421875,0.78753662109375,0.3389892578125,0.92376708984375,0.4866536259651184
1298,2,0.8759765625,0.00927734375,0.3018798828125,0.18963623046875,0.4219156503677368
1298,2,0.83251953125,0.43133544921875,0.3296101689338684,0.501556396484375,0.4041137099266052
1298,2,0.7666015625,0.484100341796875,0.3206787109375,0.57537841796875,0.4557291865348816
1298,2,0.71826171875,0.3923492431640625,0.3256428837776184,0.4378204345703125,0.3786620497703552
1298,2,0.6123046875,0.3459930419921875,0.3232014775276184,0.39495849609375,0.3817138075828552
1299,2,0.91357421875,0.54400634765625,0.29052734375,0.833740234375,0.5818685293197632
1299,2,0.88671875,0.788330078125,0.3423665463924408,0.911529541015625,0.4903157651424408
1299,2,0.86328125,0.2335205078125,0.3270670771598816,0.3994140625,0.4717610478401184
1299,2,0.84912109375,0.424560546875,0.3311767578125,0.4957275390625,0.40447998046875
1299,2,0.78759765625,0.483856201171875,0.3177490234375,0.576812744140625,0.4571126103401184
1299,2,0.71826171875,-9.1552734375e-05,0.314208984375,0.08233642578125,0.6110025644302368
1299,2,0.63427734375,0.205230712890625,0.3224284052848816,0.293792724609375,0.3989258408546448
1299,2,0.61767578125,0.391143798828125,0.3291218876838684,0.43768310546875,0.3900145888328552
1299,2,0.576171875,0.05328369140625,0.3043212890625,0.2059326171875,0.4138590097427368
1300,2,0.9140625,0.54205322265625,0.29296875,0.8209228515625,0.5796712636947632
1300,2,0.91259765625,0.25146484375,0.3336588442325592,0.403564453125,0.4650065004825592
1300,2,0.8603515625,0.78411865234375,0.343994140625,0.89984130859375,0.4812825322151184
1300,2,0.85888671875,0.42169189453125,0.3332926630973816,0.4913330078125,0.4041951298713684
1300,2,0.8505859375,0.0001220703125,0.315185546875,0.14593505859375,0.6002603769302368
1300,2,0.78271484375,0.48309326171875,0.3172607421875,0.57354736328125,0.4568278193473816
1300,2,0.5849609375,0.39501953125,0.33062744140625,0.437347412109375,0.3872476816177368
1300,2,0.5791015625,0.09423828125,0.3066813349723816,0.221435546875,0.4035645127296448
1301,2,0.88427734375,0.54052734375,0.2950032353401184,0.8148193359375,0.5738931894302368
1301,2,0.8359375,0.7730712890625,0.3402913510799408,0.888641357421875,0.4829915463924408
1301,2,0.83251953125,0.267578125,0.3354899287223816,0.4058837890625,0.4578450322151184
1301,2,0.822265625,0.418243408203125,0.3377685546875,0.48797607421875,0.4046630859375
1301,2,0.796875,0.48321533203125,0.3234456479549408,0.56842041015625,0.4580892026424408
1301,2,0.7333984375,0.23388671875,0.3315836787223816,0.307586669921875,0.4063721299171448
1301,2,0.72607421875,0.006103515625,0.3274739384651184,0.1910400390625,0.56689453125
1301,2,0.66015625,0.13983154296875,0.3122965395450592,0.24066162109375,0.3994547426700592
1301,2,0.537109375,0.880523681640625,0.3560384213924408,0.9393768310546875,0.4106038510799408
1301,2,0.5009765625,0.3959808349609375,0.3335978090763092,0.431732177734375,0.3873697817325592
1302,2,0.87744140625,0.5384521484375,0.3023274540901184,0.8009033203125,0.5734049081802368
1302,2,0.85693359375,0.75799560546875,0.3479410707950592,0.8760986328125,0.4855143129825592
1302,2,0.8232421875,0.2783203125,0.3367919921875,0.408447265625,0.4508870840072632
1302,2,0.8134765625,0.48431396484375,0.3252360224723816,0.56640625,0.4595947265625
1302,2,0.80419921875,0.40960693359375,0.3372395634651184,0.47760009765625,0.4058634638786316
1302,2,0.68017578125,0.09979248046875,0.338623046875,0.224273681640625,0.5509440302848816
1302,2,0.669921875,0.246307373046875,0.3344523012638092,0.322784423828125,0.4029947817325592
1303,2,0.8974609375,0.2861328125,0.3429362177848816,0.41357421875,0.4567871689796448
1303,2,0.876953125,0.7564697265625,0.3557536005973816,0.865509033203125,0.4881591796875
1303,2,0.87060546875,0.53515625,0.3106282353401184,0.7891845703125,0.5895181894302368
1303,2,0.82470703125,0.409912109375,0.34405517578125,0.477203369140625,0.41168212890625
1303,2,0.7880859375,0.480377197265625,0.3312581479549408,0.5634765625,0.4589436948299408
1303,2,0.77294921875,0.0042724609375,0.3233235478401184,0.122955322265625,0.4119872450828552
1303,2,0.6845703125,0.12493896484375,0.32373046875,0.248291015625,0.5345051884651184
1303,2,0.6064453125,0.254180908203125,0.3312581181526184,0.3365478515625,0.4103190302848816
1304,2,0.89892578125,0.75201416015625,0.3623860478401184,0.857269287109375,0.4881998896598816
1304,2,0.888671875,0.29547119140625,0.34619140625,0.41357421875,0.4555257558822632
1304,2,0.8173828125,0.1505126953125,0.3291015625,0.263641357421875,0.5291340947151184
1304,2,0.7900390625,0.482696533203125,0.3474934995174408,0.55902099609375,0.4605306088924408
1304,2,0.763671875,0.4090576171875,0.3507283329963684,0.472412109375,0.4105834364891052
1304,2,0.7529296875,0.53228759765625,0.3142903447151184,0.78173828125,0.5746256113052368
1304,2,0.69921875,-0.000244140625,0.3271891474723816,0.107940673828125,0.4136555790901184
1304,2,0.64306640625,0.263671875,0.3458048701286316,0.332489013671875,0.4145711064338684
1304,2,0.54345703125,0.882110595703125,0.3737996220588684,0.957305908203125,0.4293212294578552
1304,2,0.5107421875,0.101959228515625,0.3310546875,0.17010498046875,0.4054361581802368
1305,2,0.91015625,0.743988037109375,0.3607584536075592,0.852569580078125,0.4911295473575592
1305,2,0.83642578125,0.53155517578125,0.3185220956802368,0.77557373046875,0.5753580331802368
1305,2,0.82470703125,0.30072021484375,0.3490397334098816,0.418975830078125,0.4506836533546448
1305,2,0.7900390625,0.481109619140625,0.3436686098575592,0.556488037109375,0.4601236879825592
1305,2,0.7470703125,0.00054931640625,0.3270466923713684,0.10791015625,0.4138590693473816
1305,2,0.6982421875,0.179229736328125,0.343017578125,0.27911376953125,0.5164794921875
1305,2,0.6884765625,0.4090118408203125,0.35064697265625,0.466949462890625,0.4069010019302368
1305,2,0.6796875,3.0517578125e-05,0.3444010615348816,0.074951171875,0.53515625
1305,2,0.67236328125,0.2749786376953125,0.3413899540901184,0.340667724609375,0.4082030653953552
1305,2,0.62841796875,0.0933837890625,0.3324788212776184,0.175048828125,0.4050292372703552
1306,2,0.91259765625,0.72900390625,0.3572998046875,0.848724365234375,0.4901936650276184
1306,2,0.8759765625,0.52984619140625,0.31494140625,0.764404296875,0.5745443105697632
1306,2,0.83544921875,3.0517578125e-05,0.3336588740348816,0.104217529296875,0.5144856572151184
1306,2,0.81201171875,0.48089599609375,0.3388671875,0.553955078125,0.4600830078125
1306,2,0.77685546875,0.30535888671875,0.349365234375,0.42034912109375,0.4483236074447632
1306,2,0.7314453125,0.40704345703125,0.3496500849723816,0.46466064453125,0.4052124619483948
1306,2,0.64794921875,0.278961181640625,0.33587646484375,0.3435211181640625,0.4012857675552368
1306,2,0.55126953125,0.213165283203125,0.3389486074447632,0.2903594970703125,0.5086263418197632
1306,2,0.54736328125,0.081939697265625,0.3310140073299408,0.159271240234375,0.4048055112361908
1306,2,0.50439453125,0.002227783203125,0.3273112177848816,0.092681884765625,0.4023640751838684
1307,2,0.91259765625,0.73199462890625,0.35986328125,0.844970703125,0.4850260615348816
1307,2,0.9072265625,9.1552734375e-05,0.3248697519302368,0.126953125,0.5162760019302368
1307,2,0.83642578125,0.5260009765625,0.314208984375,0.75897216796875,0.556640625
1307,2,0.8076171875,0.4793701171875,0.33203125,0.5515594482421875,0.45849609375
1307,2,0.7802734375,0.412628173828125,0.34552001953125,0.4651947021484375,0.4054158926010132
1307,2,0.7509765625,0.313201904296875,0.342041015625,0.420623779296875,0.4423013925552368
1307,2,0.6337890625,0.93902587890625,0.3736369013786316,0.997314453125,0.4352417588233948
1307,2,0.60888671875,0.066131591796875,0.32904052734375,0.160003662109375,0.3994954824447632
1307,2,0.5869140625,0.28814697265625,0.3358357548713684,0.34228515625,0.3980712294578552
1308,2,0.9091796875,0.72381591796875,0.3518880009651184,0.843963623046875,0.4845377802848816
1308,2,0.9052734375,6.103515625e-05,0.3279622197151184,0.147705078125,0.50341796875
1308,2,0.89111328125,0.525146484375,0.310546875,0.74945068359375,0.5618489980697632
1308,2,0.76025390625,0.476898193359375,0.3280029296875,0.5496826171875,0.4490966796875
1308,2,0.73193359375,0.41290283203125,0.3392741084098816,0.4646148681640625,0.4020588994026184
1308,2,0.71142578125,0.3170166015625,0.3357747197151184,0.424713134765625,0.4361571669578552
1308,2,0.583984375,0.9263916015625,0.364501953125,0.999053955078125,0.4320474863052368
1308,2,0.52978515625,0.2944183349609375,0.3339640498161316,0.346099853515625,0.3975422978401184
1309,2,0.91259765625,6.103515625e-05,0.3253173828125,0.16552734375,0.489013671875
1309,2,0.89208984375,0.722412109375,0.3512369990348816,0.844573974609375,0.4827880859375
1309,2,0.876953125,0.5234375,0.3096516728401184,0.74383544921875,0.546875
1309,2,0.8408203125,0.32415771484375,0.3362630307674408,0.425933837890625,0.4353841245174408
1309,2,0.76416015625,0.4140625,0.3383382260799408,0.4673309326171875,0.4024861752986908
1309,2,0.74853515625,0.477813720703125,0.3290608823299408,0.5434112548828125,0.4419759213924408
1309,2,0.60009765625,0.2981719970703125,0.339111328125,0.348419189453125,0.3974609375
1309,2,0.56396484375,0.9677581787109375,0.3715617060661316,0.9994659423828125,0.4353230595588684
1309,2,0.50439453125,0.24212646484375,0.3409220576286316,0.30072021484375,0.3955689072608948
1310,2,0.9150390625,0.0001220703125,0.3269856870174408,0.1778564453125,0.4805501401424408
1310,2,0.90478515625,0.71453857421875,0.3506672978401184,0.845489501953125,0.4828287959098816
1310,2,0.87841796875,0.52130126953125,0.3091633915901184,0.73583984375,0.543212890625
1310,2,0.86279296875,0.32867431640625,0.3390299379825592,0.4305419921875,0.4310709536075592
1310,2,0.767578125,0.47894287109375,0.3294677734375,0.544158935546875,0.4445394277572632
1310,2,0.7021484375,0.418212890625,0.33636474609375,0.467071533203125,0.3951212167739868
1310,2,0.62890625,0.30474853515625,0.3350830078125,0.354705810546875,0.3890380859375
1310,2,0.57861328125,0.000213623046875,0.37548828125,0.0562744140625,0.802734375
1310,2,0.5537109375,0.121368408203125,0.3216145932674408,0.227813720703125,0.3777059018611908
1310,2,0.52294921875,0.22515869140625,0.3218180239200592,0.306640625,0.3895670473575592
1311,2,0.9267578125,0.71258544921875,0.3499348759651184,0.84832763671875,0.486328125
1311,2,0.8857421875,0.0009765625,0.32666015625,0.19268798828125,0.4742838740348816
1311,2,0.87451171875,0.51678466796875,0.308837890625,0.727783203125,0.5559895634651184
1311,2,0.81982421875,0.3302001953125,0.3385823667049408,0.432647705078125,0.4256795346736908
1311,2,0.79736328125,-6.103515625e-05,0.3642578125,0.09124755859375,0.7535806894302368
1311,2,0.775390625,0.479736328125,0.3292236328125,0.5428924560546875,0.4442952871322632
1311,2,0.703125,0.418670654296875,0.3363444209098816,0.4696197509765625,0.3938801884651184
1311,2,0.60498046875,0.260498046875,0.3414713740348816,0.3211669921875,0.4731038212776184
1311,2,0.57958984375,0.3088226318359375,0.33392333984375,0.3601226806640625,0.3841959238052368
1312,2,0.9248046875,0.708984375,0.3486328125,0.85394287109375,0.4853108525276184
1312,2,0.89599609375,0.00225830078125,0.3243408203125,0.20452880859375,0.4697265625
1312,2,0.84765625,0.51513671875,0.306640625,0.72430419921875,0.538818359375
1312,2,0.82958984375,0.338653564453125,0.3358561396598816,0.432952880859375,0.4211018681526184
1312,2,0.7529296875,-9.1552734375e-05,0.3347981870174408,0.12200927734375,0.7389322519302368
1312,2,0.7451171875,0.48211669921875,0.3273112177848816,0.538787841796875,0.4423421025276184
1312,2,0.732421875,0.4231414794921875,0.3369140625,0.47430419921875,0.3863321542739868
1312,2,0.58837890625,0.3144378662109375,0.33038330078125,0.3653106689453125,0.3818563222885132
1312,2,0.525390625,0.268585205078125,0.3347574770450592,0.3290557861328125,0.4679361879825592
1313,2,0.93359375,0.7069091796875,0.3486328125,0.856658935546875,0.4865315556526184
1313,2,0.87158203125,0.03753662109375,0.32373046875,0.21319580078125,0.4604899287223816
1313,2,0.818359375,0.51373291015625,0.3053385615348816,0.72052001953125,0.5361328125
1313,2,0.79931640625,-0.000732421875,0.31640625,0.14501953125,0.7540689706802368
1313,2,0.74267578125,0.342315673828125,0.3397216796875,0.432861328125,0.4202474355697632
1313,2,0.7099609375,0.4816436767578125,0.325927734375,0.537872314453125,0.4386392831802368
1313,2,0.64404296875,0.4226531982421875,0.3353474736213684,0.473907470703125,0.3871867060661316
1313,2,0.5791015625,0.320709228515625,0.33270263671875,0.36962890625,0.3793131113052368
1313,2,0.57373046875,0.20526123046875,0.3305460810661316,0.2555999755859375,0.3639119267463684
1313,3,0.529296875,0.2789459228515625,0.3885090947151184,0.3279266357421875,0.4644164443016052
1314,2,0.92822265625,0.7060546875,0.3457844853401184,0.86004638671875,0.4892985224723816
1314,2,0.869140625,0.51324462890625,0.3037109375,0.71728515625,0.533935546875
1314,2,0.8251953125,-0.00048828125,0.2726236879825592,0.1702880859375,0.7556966543197632
1314,2,0.7919921875,0.34454345703125,0.3374837040901184,0.438262939453125,0.4189860224723816
1314,2,0.7451171875,0.07086181640625,0.316162109375,0.22479248046875,0.4469807744026184
1314,2,0.615234375,0.19097900390625,0.328857421875,0.257843017578125,0.3684488534927368
1314,2,0.60400390625,0.4246826171875,0.3340657353401184,0.4731292724609375,0.3825072646141052
1314,2,0.5791015625,0.4830322265625,0.3200276792049408,0.53619384765625,0.4394124448299408
1314,2,0.53759765625,0.322967529296875,0.3321329951286316,0.3704986572265625,0.3934326767921448
1314,3,0.5087890625,0.2851104736328125,0.3826904296875,0.3345489501953125,0.4589639902114868
1315,2,0.93359375,0.70819091796875,0.3452962040901184,0.86859130859375,0.491455078125
1315,2,0.88134765625,0.51190185546875,0.302978515625,0.7171630859375,0.536865234375
1315,2,0.8134765625,-0.0003662109375,0.2620442509651184,0.19073486328125,0.73193359375
1315,2,0.77392578125,0.347259521484375,0.3350016474723816,0.440704345703125,0.4153035283088684
1315,2,0.681640625,0.422882080078125,0.3336384892463684,0.4804534912109375,0.3873290419578552
1315,2,0.65869140625,0.4860382080078125,0.32373046875,0.5371551513671875,0.4422200918197632
1315,2,0.50048828125,0.3279876708984375,0.33160400390625,0.375030517578125,0.3966064453125
1316,2,0.9404296875,0.71112060546875,0.341064453125,0.8773193359375,0.4959716796875
1316,2,0.853515625,0.50927734375,0.2991536259651184,0.716552734375,0.5321452021598816
1316,2,0.84765625,-6.103515625e-05,0.2599283754825592,0.20928955078125,0.7400716543197632
1316,2,0.8076171875,0.3485107421875,0.337646484375,0.443817138671875,0.4170938730239868
1316,2,0.76318359375,0.11737060546875,0.3238932192325592,0.248077392578125,0.4341227114200592
1316,2,0.64892578125,0.431060791015625,0.3326823115348816,0.4784698486328125,0.3850300908088684
1316,2,0.615234375,0.48565673828125,0.3208821713924408,0.53448486328125,0.4446614682674408
1316,2,0.57763671875,0.2383880615234375,0.3117268979549408,0.2826080322265625,0.3437703549861908
1317,2,0.94189453125,0.71356201171875,0.3433430790901184,0.88775634765625,0.4962158203125
1317,2,0.9248046875,-0.0001220703125,0.2584635019302368,0.2294921875,0.7408853769302368
1317,2,0.76953125,0.50726318359375,0.2991536259651184,0.72125244140625,0.5348307490348816
1317,2,0.732421875,0.3536376953125,0.3387451171875,0.446044921875,0.4149984121322632
1317,2,0.64892578125,0.429412841796875,0.3322346806526184,0.4859771728515625,0.3843180537223816
1317,2,0.5751953125,0.142608642578125,0.3196207582950592,0.259796142578125,0.4320475161075592
1317,2,0.55419921875,0.22137451171875,0.3116862177848816,0.295928955078125,0.3716023564338684
1318,2,0.93603515625,0.71795654296875,0.3468424677848816,0.89898681640625,0.5062255859375
1318,2,0.9208984375,-0.00018310546875,0.2708333730697632,0.2490234375,0.7117513418197632
1318,2,0.8134765625,0.49908447265625,0.3023274540901184,0.72503662109375,0.5433756709098816
1318,2,0.751953125,0.3629150390625,0.3421223759651184,0.4498291015625,0.4152221083641052
1318,2,0.58935546875,0.4334564208984375,0.3368123471736908,0.4882354736328125,0.3865559995174408
1318,2,0.501953125,0.908843994140625,0.3285319209098816,0.997802734375,0.3784993290901184
1319,2,0.939453125,0.0,0.2742512822151184,0.2655029296875,0.69140625
1319,2,0.92822265625,0.7197265625,0.3470051884651184,0.91302490234375,0.5106608271598816
1319,2,0.7724609375,0.366790771484375,0.340087890625,0.455474853515625,0.4151815176010132
1319,2,0.7392578125,0.49896240234375,0.30322265625,0.72918701171875,0.5537923574447632
1319,2,0.666015625,0.436492919921875,0.3354085087776184,0.489593505859375,0.3960570693016052
1319,2,0.552734375,0.9197998046875,0.3249308168888092,0.992523193359375,0.3825480043888092
1320,2,0.939453125,0.72479248046875,0.343505859375,0.92547607421875,0.5170491337776184
1320,2,0.896484375,-6.103515625e-05,0.2779947519302368,0.281005859375,0.6627603769302368
1320,2,0.77099609375,0.494140625,0.2958170771598816,0.73321533203125,0.557373046875
1320,2,0.77099609375,0.371490478515625,0.3388265073299408,0.456207275390625,0.4107869565486908
1320,2,0.70654296875,0.929107666015625,0.3214518427848816,0.999847412109375,0.3854573369026184
1320,2,0.6025390625,0.440155029296875,0.33380126953125,0.491485595703125,0.3831787109375
1321,2,0.93603515625,0.731201171875,0.3433430790901184,0.93670654296875,0.5155436396598816
1321,2,0.80322265625,-6.103515625e-05,0.2762044668197632,0.288330078125,0.6419271230697632
1321,2,0.7998046875,0.49578857421875,0.2941080331802368,0.7362060546875,0.5602213144302368
1321,2,0.69287109375,0.374176025390625,0.3339436948299408,0.457000732421875,0.4068807065486908
1321,2,0.62451171875,0.93707275390625,0.3216145932674408,0.999359130859375,0.3791707456111908
1321,2,0.58740234375,0.2674560546875,0.3130289912223816,0.37408447265625,0.440185546875
1321,2,0.5771484375,0.43939208984375,0.3315632939338684,0.49554443359375,0.3827311396598816
1322,2,0.91845703125,0.7315673828125,0.3377278447151184,0.9462890625,0.511474609375
1322,2,0.90380859375,0.000244140625,0.2822265625,0.29931640625,0.6162923574447632
1322,2,0.7939453125,0.49603271484375,0.2889810800552368,0.7391357421875,0.5629068613052368
1322,2,0.74853515625,0.26263427734375,0.3129068911075592,0.3775634765625,0.4333902895450592
1322,2,0.73681640625,0.375579833984375,0.3273111879825592,0.45849609375,0.4026285707950592
1322,2,0.63818359375,0.43798828125,0.3265584409236908,0.4974365234375,0.3930867612361908
1322,2,0.626953125,0.944061279296875,0.3114827573299408,0.999603271484375,0.3779500424861908
1322,2,0.52197265625,0.71014404296875,0.33282470703125,0.7490692138671875,0.3915609121322632
1323,2,0.9248046875,0.7315673828125,0.3394368290901184,0.95855712890625,0.5190836787223816
1323,2,0.89111328125,0.0003662109375,0.2838541865348816,0.313720703125,0.5916341543197632
1323,2,0.75537109375,0.48919677734375,0.2888997793197632,0.73974609375,0.5694173574447632
1323,2,0.73779296875,0.37554931640625,0.3275553286075592,0.456634521484375,0.4006754457950592
1323,2,0.705078125,0.26898193359375,0.3135172426700592,0.382110595703125,0.4320475161075592
1323,2,0.65576171875,0.439208984375,0.3251139223575592,0.5030975341796875,0.3874918520450592
1323,2,0.56005859375,0.70892333984375,0.3324991762638092,0.7507781982421875,0.3951822817325592
1323,2,0.556640625,0.9491729736328125,0.314208984375,0.9996795654296875,0.3768106698989868
1324,2,0.92822265625,0.0,0.2888997197151184,0.3240966796875,0.568359375
1324,2,0.916015625,0.730712890625,0.340087890625,0.96856689453125,0.5231119990348816
1324,2,0.80517578125,0.4837646484375,0.2859700322151184,0.738037109375,0.574462890625
1324,2,0.73193359375,0.38330078125,0.3285726010799408,0.4584197998046875,0.3984578549861908
1324,2,0.7314453125,0.278839111328125,0.3140055537223816,0.3846435546875,0.4237874150276184
1324,2,0.62841796875,0.4404296875,0.3242391049861908,0.4979248046875,0.3681844174861908
1324,2,0.5361328125,0.706268310546875,0.3308512568473816,0.7581787109375,0.3986206650733948
1325,2,0.9267578125,0.7301025390625,0.3369140625,0.9794921875,0.5235188603401184
1325,2,0.87060546875,0.0279541015625,0.29052734375,0.3326416015625,0.5501302480697632
1325,2,0.75439453125,0.484375,0.2853190302848816,0.7349853515625,0.570068359375
1325,2,0.69384765625,0.384765625,0.3212077021598816,0.4584503173828125,0.3975422978401184
1325,2,0.5419921875,0.705841064453125,0.3250325322151184,0.757293701171875,0.4053344130516052
1325,2,0.52734375,0.4441680908203125,0.3209635615348816,0.4910888671875,0.3650715947151184
1326,2,0.9140625,0.7296142578125,0.34033203125,0.9888916015625,0.5337727665901184
1326,2,0.79052734375,0.06884765625,0.29345703125,0.3487548828125,0.532470703125
1326,2,0.712890625,0.3907470703125,0.323486328125,0.4586181640625,0.39935302734375
1326,2,0.69677734375,0.47894287109375,0.2859700322151184,0.7337646484375,0.572998046875
1326,2,0.5888671875,0.705169677734375,0.3298543095588684,0.7634429931640625,0.4213053584098816
1326,2,0.52734375,0.4476470947265625,0.32244873046875,0.4966583251953125,0.3735758066177368
1326,2,0.50732421875,0.3321533203125,0.3155110776424408,0.3910980224609375,0.4159749448299408
1326,2,0.50537109375,0.27020263671875,0.3078409731388092,0.39251708984375,0.4164225161075592
1327,2,0.9052734375,0.73193359375,0.3460286259651184,0.99658203125,0.5494791865348816
1327,2,0.71240234375,0.10687255859375,0.3003743886947632,0.3624267578125,0.5208333730697632
1327,2,0.7060546875,0.477294921875,0.290283203125,0.7330322265625,0.5480142831802368
1327,2,0.6943359375,0.332672119140625,0.3197835385799408,0.4005126953125,0.4164632260799408
1327,2,0.6162109375,0.699798583984375,0.3318278193473816,0.7679901123046875,0.4381917119026184
1327,2,0.54296875,0.39501953125,0.3296101689338684,0.463409423828125,0.4008788466453552
1328,2,0.8984375,0.7376708984375,0.3479817509651184,0.9989013671875,0.550048828125
1328,2,0.74365234375,0.14276123046875,0.3063151240348816,0.38165283203125,0.5059407353401184
1328,2,0.72998046875,0.47833251953125,0.2967122197151184,0.723388671875,0.5465494990348816
1328,2,0.705078125,-0.00018310546875,0.3221842050552368,0.06488037109375,0.5001627206802368
1328,2,0.65625,0.401763916015625,0.32861328125,0.465667724609375,0.3969320058822632
1328,2,0.60595703125,0.701812744140625,0.3362630307674408,0.77178955078125,0.4925130307674408
1329,2,0.90283203125,0.7462158203125,0.3492838740348816,0.99688720703125,0.5556233525276184
1329,2,0.896484375,0.000274658203125,0.298095703125,0.1171875,0.4908040165901184
1329,2,0.8583984375,0.4808349609375,0.2947590947151184,0.720947265625,0.5438639521598816
1329,2,0.80126953125,0.17694091796875,0.310302734375,0.3846435546875,0.5079752802848816
1329,2,0.76611328125,0.6922607421875,0.3343098759651184,0.782379150390625,0.4581705927848816
1329,2,0.763671875,0.327880859375,0.3162434697151184,0.412628173828125,0.4136962294578552
1329,2,0.66650390625,0.0665283203125,0.3170979917049408,0.182861328125,0.4903157651424408
1329,2,0.59033203125,0.14776611328125,0.2990315854549408,0.21600341796875,0.3608601987361908
1329,2,0.55126953125,0.411163330078125,0.3319905698299408,0.46856689453125,0.3916219174861908
1329,2,0.5126953125,0.4593505859375,0.3269856572151184,0.50506591796875,0.3872069716453552
1330,2,0.896484375,0.7569580078125,0.3509114980697632,0.99749755859375,0.5677083730697632
1330,2,0.84130859375,-6.103515625e-05,0.2950032353401184,0.1666259765625,0.490478515625
1330,2,0.83203125,0.48529052734375,0.2994791269302368,0.7200927734375,0.5458170175552368
1330,2,0.81982421875,0.6932373046875,0.3328450620174408,0.79449462890625,0.4597981870174408
1330,2,0.6787109375,0.14971923828125,0.2972208857536316,0.229827880859375,0.3551025986671448
1330,2,0.65283203125,0.20703125,0.3116862177848816,0.41156005859375,0.49072265625
1330,2,0.5791015625,0.420684814453125,0.33367919921875,0.482208251953125,0.3871866464614868
1331,2,0.9091796875,0.76953125,0.362060546875,0.99700927734375,0.5808919072151184
1331,2,0.900390625,-0.00048828125,0.3092448115348816,0.20758056640625,0.4934895634651184
1331,2,0.845703125,0.4954833984375,0.3102213740348816,0.72308349609375,0.56396484375
1331,2,0.83740234375,0.23748779296875,0.32421875,0.42156982421875,0.493896484375
1331,2,0.8232421875,0.69970703125,0.3437093198299408,0.809234619140625,0.4671224057674408
1331,2,0.6142578125,0.4344635009765625,0.3432210087776184,0.495849609375,0.3961181044578552
1331,2,0.57958984375,0.369964599609375,0.3248087465763092,0.4411468505859375,0.3887125551700592
1331,2,0.52783203125,0.162994384765625,0.3100382685661316,0.23370361328125,0.3617554306983948
1332,2,0.90234375,0.7862548828125,0.3639323115348816,0.9990234375,0.59375
1332,2,0.8671875,0.50396728515625,0.3095703125,0.7252197265625,0.5638021230697632
1332,2,0.8583984375,0.25823974609375,0.3258870542049408,0.43414306640625,0.4849446713924408
1332,2,0.83544921875,0.707244873046875,0.345947265625,0.8271484375,0.4784342646598816
1332,2,0.759765625,0.0068359375,0.3075358271598816,0.2520751953125,0.4765625
1332,2,0.7509765625,0.444427490234375,0.34051513671875,0.52752685546875,0.400634765625
1332,2,0.53515625,0.233123779296875,0.3315633237361908,0.2879638671875,0.3781331479549408
1333,2,0.921875,0.80548095703125,0.3680013418197632,0.998779296875,0.6128743886947632
1333,2,0.89892578125,0.28594970703125,0.3282063901424408,0.452880859375,0.4827474057674408
1333,2,0.8759765625,0.5164794921875,0.3130697011947632,0.7325439453125,0.5664876699447632
1333,2,0.86767578125,0.714752197265625,0.3494873046875,0.8463134765625,0.4923502802848816
1333,2,0.720703125,0.0460205078125,0.3168538212776184,0.27691650390625,0.4794921875
1333,2,0.70068359375,0.45880126953125,0.3451334834098816,0.533111572265625,0.3997192978858948
1334,2,0.90478515625,0.827880859375,0.3729655146598816,0.99957275390625,0.6295573115348816
1334,2,0.89501953125,0.52764892578125,0.313232421875,0.74383544921875,0.5616862177848816
1334,2,0.890625,0.3094482421875,0.3341471254825592,0.47088623046875,0.4823404848575592
1334,2,0.86865234375,0.72320556640625,0.3502604365348816,0.873291015625,0.4872639775276184
1334,2,0.84765625,0.1259765625,0.3181966245174408,0.307861328125,0.4654134213924408
1334,2,0.7197265625,0.47015380859375,0.3514404296875,0.5445556640625,0.4040120840072632
1334,2,0.62841796875,-0.0001373291015625,0.3255208432674408,0.0506591796875,0.3799031674861908
1334,2,0.52001953125,0.04022216796875,0.3313801884651184,0.146331787109375,0.4101561903953552
1335,2,0.91748046875,0.856689453125,0.374267578125,0.999481201171875,0.647705078125
1335,2,0.89453125,0.32659912109375,0.3347981572151184,0.48822021484375,0.4791666865348816
1335,2,0.873046875,0.741943359375,0.3516439199447632,0.90374755859375,0.5060628652572632
1335,2,0.87060546875,0.53948974609375,0.3152669072151184,0.75701904296875,0.5604655146598816
1335,2,0.8388671875,-9.1552734375e-05,0.355224609375,0.08233642578125,0.6155599355697632
1335,2,0.82958984375,0.1534423828125,0.314697265625,0.33203125,0.4621174931526184
1335,2,0.75927734375,0.485443115234375,0.3515421748161316,0.55804443359375,0.4060872197151184
1335,2,0.58837890625,0.02716064453125,0.3290608823299408,0.17657470703125,0.4227498471736908
1336,2,0.91259765625,0.3448486328125,0.3326008915901184,0.503662109375,0.472900390625
1336,2,0.88818359375,0.88690185546875,0.3711751699447632,0.999237060546875,0.6170247793197632
1336,2,0.8759765625,0.5555419921875,0.3128255009651184,0.77020263671875,0.559326171875
1336,2,0.869140625,0.75335693359375,0.3501790165901184,0.929931640625,0.5077311396598816
1336,2,0.8662109375,-3.0517578125e-05,0.3255208134651184,0.1295166015625,0.65234375
1336,2,0.83447265625,0.18359375,0.3243408203125,0.3575439453125,0.4527587890625
1336,2,0.71044921875,0.497833251953125,0.3511556088924408,0.57098388671875,0.4043782651424408
1336,2,0.52392578125,0.147796630859375,0.3099365234375,0.241668701171875,0.3758951425552368
1337,2,0.91845703125,0.3651123046875,0.3375650942325592,0.51654052734375,0.4745279848575592
1337,2,0.89599609375,0.77239990234375,0.3561604619026184,0.9630126953125,0.5211588740348816
1337,2,0.89111328125,0.23809814453125,0.330078125,0.3809814453125,0.4532064199447632
1337,2,0.873046875,0.5699462890625,0.3136393427848816,0.7882080078125,0.55810546875
1337,2,0.81787109375,0.00054931640625,0.3245442509651184,0.17962646484375,0.6549478769302368
1337,2,0.76318359375,0.924560546875,0.411376953125,0.998992919921875,0.6117349863052368
1337,2,0.677734375,0.50927734375,0.3534342646598816,0.58624267578125,0.4073486924171448
1337,2,0.62353515625,0.15484619140625,0.3137003779411316,0.257171630859375,0.3657837510108948
1338,2,0.919921875,0.38787841796875,0.3381754755973816,0.52740478515625,0.4755452275276184
1338,2,0.89599609375,0.79754638671875,0.3568115234375,0.988525390625,0.5332844853401184
1338,2,0.8857421875,0.268280029296875,0.3319498598575592,0.40521240234375,0.4492594301700592
1338,2,0.87841796875,0.0003662109375,0.3182779550552368,0.2034912109375,0.6310220956802368
1338,2,0.8310546875,0.58526611328125,0.314208984375,0.8099365234375,0.573974609375
1338,2,0.7158203125,0.522674560546875,0.35284423828125,0.603363037109375,0.4098306894302368
1338,2,0.63134765625,0.14056396484375,0.3166911005973816,0.2542724609375,0.3767090439796448
1339,2,0.89990234375,-0.00018310546875,0.3114420771598816,0.2403564453125,0.6226400136947632
1339,2,0.8818359375,0.81964111328125,0.3623046875,0.99822998046875,0.539794921875
1339,2,0.876953125,0.40679931640625,0.336669921875,0.541351318359375,0.4764811396598816
1339,2,0.85498046875,0.2913818359375,0.3302409052848816,0.42108154296875,0.4427083134651184
1339,2,0.8115234375,0.587158203125,0.314208984375,0.8333740234375,0.5721842050552368
1339,2,0.62353515625,0.53643798828125,0.3538818359375,0.592864990234375,0.4066162109375
1340,2,0.9013671875,-0.0003662109375,0.316162109375,0.2705078125,0.5799154043197632
1340,2,0.8857421875,0.42413330078125,0.3336181640625,0.5584716796875,0.4722086787223816
1340,2,0.87353515625,0.31787109375,0.3306071162223816,0.44049072265625,0.4433186650276184
1340,2,0.84765625,0.84698486328125,0.35498046875,0.997802734375,0.5396728515625
1340,2,0.845703125,0.6185302734375,0.3129068613052368,0.8631591796875,0.5721842050552368
1340,2,0.74658203125,0.23895263671875,0.33404541015625,0.332366943359375,0.4000040292739868
1340,2,0.72216796875,0.551239013671875,0.3512369990348816,0.604827880859375,0.4055786728858948
1340,2,0.556640625,0.164031982421875,0.3042805790901184,0.249664306640625,0.3650309443473816
1341,2,0.91357421875,0.000244140625,0.3216145634651184,0.302490234375,0.5782877206802368
1341,2,0.896484375,0.450439453125,0.3369547426700592,0.576904296875,0.4734293520450592
1341,2,0.83544921875,0.634033203125,0.313720703125,0.9012451171875,0.583251953125
1341,2,0.8076171875,0.88311767578125,0.3629557490348816,0.999542236328125,0.539306640625
1341,2,0.7724609375,0.34234619140625,0.3422037661075592,0.458740234375,0.4466959536075592
1341,2,0.67138671875,0.56878662109375,0.3548583984375,0.6204986572265625,0.4069620370864868
1341,2,0.6123046875,0.3134613037109375,0.3425699770450592,0.3650360107421875,0.3890177309513092
1341,2,0.57275390625,0.25152587890625,0.3373005986213684,0.30645751953125,0.4002482295036316
1342,2,0.9404296875,0.0003662109375,0.3256022334098816,0.332763671875,0.574951171875
1342,2,0.93017578125,0.65576171875,0.3145345449447632,0.94287109375,0.5918782949447632
1342,2,0.86767578125,0.46923828125,0.3405354619026184,0.598297119140625,0.4752197265625
1342,2,0.8310546875,0.364593505859375,0.347412109375,0.480194091796875,0.4446614980697632
1342,2,0.7138671875,0.5846099853515625,0.3549397885799408,0.634552001953125,0.4095052182674408
1342,2,0.69580078125,0.92266845703125,0.3630777597427368,0.99981689453125,0.5765787363052368
1342,2,0.66357421875,0.3182373046875,0.3447265625,0.39068603515625,0.3986409902572632
1342,2,0.5322265625,0.6218109130859375,0.3493855595588684,0.653411865234375,0.3908080458641052
1343,2,0.92822265625,0.03515625,0.3224284052848816,0.36474609375,0.5474446415901184
1343,2,0.90869140625,0.6865234375,0.3043619990348816,0.9969482421875,0.5882161855697632
1343,2,0.8447265625,0.3905029296875,0.3306884765625,0.499969482421875,0.43798828125
1343,2,0.8447265625,0.487274169921875,0.334228515625,0.616943359375,0.4746500849723816
1343,2,0.64013671875,0.59808349609375,0.3477579951286316,0.653350830078125,0.4036865830421448
1343,2,0.60498046875,0.3253173828125,0.3335164487361908,0.40216064453125,0.3916219174861908
1343,2,0.5615234375,-0.00018310546875,0.3221028745174408,0.0941162109375,0.4954427182674408
1344,2,0.9072265625,0.0772705078125,0.3232421875,0.3936767578125,0.5563151240348816
1344,2,0.8974609375,0.716796875,0.30517578125,0.9976806640625,0.60693359375
1344,2,0.8896484375,0.50909423828125,0.339111328125,0.639129638671875,0.4747721552848816
1344,2,0.8408203125,0.41064453125,0.3359375,0.52166748046875,0.4401041269302368
1344,2,0.63916015625,0.000335693359375,0.323974609375,0.0743865966796875,0.4506022334098816
1344,2,0.5732421875,0.6209564208984375,0.3468017578125,0.6709442138671875,0.40667724609375
1344,2,0.53271484375,0.678985595703125,0.3471272885799408,0.74749755859375,0.4175618588924408
1345,2,0.921875,0.1168212890625,0.327392578125,0.4193115234375,0.549560546875
1345,2,0.86328125,0.527008056640625,0.341796875,0.652587890625,0.4801432490348816
1345,2,0.8212890625,0.7413330078125,0.3076171875,0.9964599609375,0.63232421875
1345,2,0.720703125,0.428314208984375,0.3450927734375,0.531646728515625,0.4426676034927368
1345,2,0.67919921875,0.371429443359375,0.3310140073299408,0.4423370361328125,0.3938802182674408
1345,2,0.67431640625,0.7117462158203125,0.35345458984375,0.7609710693359375,0.4199625253677368
1345,2,0.65625,0.6360931396484375,0.3485921323299408,0.683624267578125,0.4083455502986908
1346,2,0.90380859375,0.1390380859375,0.3274739384651184,0.4305419921875,0.54931640625
1346,2,0.8427734375,0.7586669921875,0.2981770634651184,0.99810791015625,0.6455078125
1346,2,0.83935546875,0.5352783203125,0.3402913212776184,0.66448974609375,0.4735107421875
1346,2,0.810546875,0.439483642578125,0.3424479365348816,0.541290283203125,0.4413655400276184
1346,2,0.7802734375,0.6418304443359375,0.34112548828125,0.6875762939453125,0.4073079824447632
1346,2,0.73779296875,0.713836669921875,0.34625244140625,0.777618408203125,0.4174398183822632
1346,2,0.5615234375,-0.00018310546875,0.286865234375,0.20159912109375,0.455078125
1347,2,0.9091796875,0.1572265625,0.3269856572151184,0.444580078125,0.548095703125
1347,2,0.87353515625,0.779052734375,0.2926432490348816,0.99713134765625,0.67822265625
1347,2,0.84326171875,0.547210693359375,0.3385416865348816,0.67401123046875,0.4804280400276184
1347,2,0.78515625,6.103515625e-05,0.2812092900276184,0.17974853515625,0.45068359375
1347,2,0.775390625,0.44573974609375,0.3367919921875,0.55169677734375,0.439208984375
1347,2,0.75439453125,0.76580810546875,0.3219808042049408,0.842376708984375,0.4777425229549408
1347,2,0.689453125,0.71307373046875,0.3434244990348816,0.7794189453125,0.4160969853401184
1347,2,0.611328125,0.6460418701171875,0.3379313349723816,0.686767578125,0.4020996689796448
1348,2,0.9072265625,0.1729736328125,0.3263346552848816,0.4525146484375,0.5440266728401184
1348,2,0.8798828125,0.79949951171875,0.2828776240348816,0.99896240234375,0.7156575918197632
1348,2,0.8662109375,0.55133056640625,0.3358154296875,0.68048095703125,0.4783935546875
1348,2,0.80517578125,0.768280029296875,0.3205973207950592,0.863494873046875,0.4952799379825592
1348,2,0.76416015625,0.4510498046875,0.3358154296875,0.553802490234375,0.4359537363052368
1348,2,0.72216796875,0.7123870849609375,0.3454996645450592,0.77923583984375,0.4158121645450592
1348,2,0.58984375,-0.000244140625,0.2814534604549408,0.14276123046875,0.4597981870174408
1349,2,0.90283203125,0.551727294921875,0.3329671025276184,0.68096923828125,0.4705810546875
1349,2,0.90234375,0.1768798828125,0.3216959834098816,0.4532470703125,0.544677734375
1349,2,0.85986328125,0.82293701171875,0.27490234375,0.997314453125,0.7569986581802368
1349,2,0.85546875,0.772857666015625,0.3164876103401184,0.890228271484375,0.4955241084098816
1349,2,0.76171875,0.7125701904296875,0.3368327021598816,0.772186279296875,0.4109497666358948
1349,2,0.751953125,-9.1552734375e-05,0.2854410707950592,0.09918212890625,0.4523111879825592
1349,2,0.75,0.08856201171875,0.3270263671875,0.2408447265625,0.439208984375
1349,2,0.73681640625,0.453857421875,0.3334554135799408,0.555389404296875,0.4318440854549408
1349,2,0.53564453125,0.4090576171875,0.32720947265625,0.4729461669921875,0.3851318359375
1349,2,0.5341796875,0.229248046875,0.6969400644302368,0.7159423828125,0.9854329824447632
1350,2,0.90380859375,0.170166015625,0.3280436396598816,0.4493408203125,0.5523274540901184
1350,2,0.78173828125,0.02716064453125,0.3310139775276184,0.2276611328125,0.4435221552848816
1350,2,0.7646484375,0.77227783203125,0.3191731572151184,0.90985107421875,0.5038248896598816
1350,2,0.73779296875,0.44195556640625,0.3402913212776184,0.54095458984375,0.4381510615348816
1350,2,0.6953125,0.704833984375,0.3428955078125,0.7653961181640625,0.4095052480697632
1350,2,0.6513671875,0.54986572265625,0.3800862431526184,0.67376708984375,0.4808349013328552
1350,2,0.62353515625,0.836181640625,0.2760416865348816,0.9989013671875,0.8639323115348816
1350,2,0.572265625,0.549102783203125,0.3382975161075592,0.663482666015625,0.4159342348575592
1350,2,0.544921875,0.75811767578125,0.3329671323299408,0.8105316162109375,0.4400227963924408
1351,2,0.90478515625,0.160888671875,0.324951171875,0.438232421875,0.5514323115348816
1351,2,0.869140625,0.53759765625,0.3318684995174408,0.668060302734375,0.4815267026424408
1351,2,0.853515625,0.774658203125,0.3178303837776184,0.93536376953125,0.5214030146598816
1351,2,0.755859375,0.695587158203125,0.3416340947151184,0.75408935546875,0.4144083857536316
1351,2,0.73828125,0.43408203125,0.3390706181526184,0.5374755859375,0.4333495497703552
1351,2,0.7119140625,0.85369873046875,0.275390625,0.99951171875,0.7141927480697632
1351,2,0.6337890625,6.103515625e-05,0.3317057490348816,0.1783447265625,0.4381917119026184
1351,2,0.625,0.7455596923828125,0.3289387822151184,0.808868408203125,0.4454142451286316
1352,2,0.919921875,0.148681640625,0.3236491084098816,0.4305419921875,0.5581868290901184
1352,2,0.88427734375,0.52716064453125,0.3310546875,0.6593017578125,0.4827880859375
1352,2,0.849609375,0.87518310546875,0.2975260615348816,0.99932861328125,0.6902669668197632
1352,2,0.82763671875,0.425048828125,0.3315836787223816,0.5233154296875,0.4326985478401184
1352,2,0.80419921875,0.679595947265625,0.3392741084098816,0.744384765625,0.4131470322608948
1352,2,0.8037109375,0.774658203125,0.3131510019302368,0.970458984375,0.5297037363052368
1352,2,0.7822265625,0.735870361328125,0.3350422978401184,0.80615234375,0.4435221552848816
1352,2,0.69677734375,0.0001220703125,0.3301594853401184,0.128173828125,0.4520670771598816
1352,2,0.50244140625,0.0986328125,0.3306477665901184,0.21319580078125,0.4320067763328552
1353,2,0.92431640625,0.13330078125,0.3231608271598816,0.4190673828125,0.5594075322151184
1353,2,0.88818359375,0.5206298828125,0.3295084536075592,0.6527099609375,0.4839273989200592
1353,2,0.85595703125,0.89971923828125,0.33837890625,0.9990234375,0.73046875
1353,2,0.8232421875,0.76953125,0.3119303584098816,0.9954833984375,0.537841796875
1353,2,0.7890625,0.671295166015625,0.3390909731388092,0.733978271484375,0.4111734926700592
1353,2,0.77587890625,0.7261962890625,0.3328857421875,0.800933837890625,0.4411214590072632
1353,2,0.662109375,0.41363525390625,0.3525187075138092,0.5098876953125,0.4322916567325592
1353,2,0.65576171875,-6.103515625e-05,0.3302409052848816,0.063995361328125,0.4492188096046448
1353,2,0.61376953125,0.034912109375,0.3280436396598816,0.18353271484375,0.4283447861671448
1354,2,0.92822265625,0.115478515625,0.3223470449447632,0.40625,0.5598958730697632
1354,2,0.916015625,0.50799560546875,0.328369140625,0.6429443359375,0.4842936396598816
1354,2,0.8525390625,0.76837158203125,0.3075358271598816,0.9959716796875,0.54638671875
1354,2,0.8076171875,0.713653564453125,0.325927734375,0.803497314453125,0.4420980215072632
1354,2,0.779296875,0.662872314453125,0.3404541015625,0.7257232666015625,0.4108480215072632
1354,2,0.75390625,0.9254150390625,0.353515625,0.999359130859375,0.7727864980697632
1354,2,0.697265625,0.400390625,0.3592936396598816,0.49371337890625,0.4327393174171448
1354,2,0.67822265625,0.0001220703125,0.3298746645450592,0.15032958984375,0.4374186098575592
1354,2,0.521484375,0.48883056640625,0.335693359375,0.5310516357421875,0.3906656503677368
1355,2,0.91845703125,0.0997314453125,0.32421875,0.39263916015625,0.5582682490348816
1355,2,0.87744140625,0.4959716796875,0.324951171875,0.6341552734375,0.4837239384651184
1355,2,0.81005859375,0.6488189697265625,0.3363037109375,0.71514892578125,0.4108682870864868
1355,2,0.78369140625,0.705535888671875,0.3252359926700592,0.8057861328125,0.4449869692325592
1355,2,0.76513671875,0.389312744140625,0.3526611328125,0.485809326171875,0.427001953125
1355,2,0.75439453125,0.751953125,0.30078125,1.00018310546875,0.5530599355697632
1355,2,0.5205078125,0.4676513671875,0.3365275263786316,0.5188446044921875,0.3953247666358948
1356,2,0.91015625,0.4857177734375,0.3244222104549408,0.6260986328125,0.4839681088924408
1356,2,0.90478515625,0.081787109375,0.324462890625,0.3785400390625,0.5546875
1356,2,0.8974609375,0.7589111328125,0.2998861074447632,0.9989013671875,0.5613607168197632
1356,2,0.84765625,0.695892333984375,0.3255208134651184,0.806396484375,0.4491373896598816
1356,2,0.79296875,0.63525390625,0.3359578549861908,0.707000732421875,0.4101155698299408
1356,2,0.759765625,0.378570556640625,0.3535563349723816,0.472869873046875,0.4277344346046448
1357,2,0.91943359375,0.0638427734375,0.3251953125,0.371337890625,0.560791015625
1357,2,0.9150390625,0.4766845703125,0.3230794072151184,0.61810302734375,0.486328125
1357,2,0.86328125,0.69171142578125,0.3280436396598816,0.808837890625,0.4527588486671448
1357,2,0.8525390625,0.7669677734375,0.297119140625,0.99932861328125,0.5848795175552368
1357,2,0.84765625,0.633514404296875,0.3383381962776184,0.699188232421875,0.4144896864891052
1357,2,0.79736328125,0.37030029296875,0.3329264223575592,0.46429443359375,0.4274088442325592
1357,2,0.58642578125,0.000396728515625,0.3123372197151184,0.1422119140625,0.4465739130973816
1357,2,0.50146484375,0.45684814453125,0.34210205078125,0.4982147216796875,0.3965047597885132
1358,2,0.94970703125,0.046875,0.3213704824447632,0.363525390625,0.5625814199447632
1358,2,0.92431640625,0.47308349609375,0.3194580078125,0.6143798828125,0.486328125
1358,2,0.8984375,0.68701171875,0.32373046875,0.819122314453125,0.4574788212776184
1358,2,0.88671875,0.77294921875,0.29248046875,0.99957275390625,0.6014810800552368
1358,2,0.8603515625,0.63201904296875,0.3369547426700592,0.695892333984375,0.4144083559513092
1358,2,0.78564453125,0.36614990234375,0.3243815004825592,0.459320068359375,0.4238688051700592
1358,2,0.6328125,0.000274658203125,0.3043619990348816,0.123291015625,0.4424641728401184
1359,2,0.95166015625,0.0367431640625,0.314208984375,0.358154296875,0.5629069209098816
1359,2,0.91357421875,0.4705810546875,0.3151448667049408,0.6148681640625,0.4839681088924408
1359,2,0.91015625,0.686279296875,0.32080078125,0.828125,0.4577229619026184
1359,2,0.88134765625,0.62969970703125,0.3331705927848816,0.697967529296875,0.4110310673713684
1359,2,0.8525390625,0.78350830078125,0.2892252802848816,0.9996337890625,0.620849609375
1359,2,0.7568359375,0.36236572265625,0.3194580078125,0.458984375,0.4195963144302368
1359,2,0.65869140625,0.605316162109375,0.3253580629825592,0.64923095703125,0.3883463442325592
1359,2,0.60595703125,-0.000213623046875,0.297607421875,0.10980224609375,0.470703125
1359,2,0.5849609375,0.446746826171875,0.331298828125,0.4900665283203125,0.4031168222427368
1360,2,0.9453125,0.023681640625,0.3135579824447632,0.3525390625,0.5579427480697632
1360,2,0.92822265625,0.4669189453125,0.3131510615348816,0.61492919921875,0.48486328125
1360,2,0.92578125,0.68817138671875,0.3206380009651184,0.84600830078125,0.462158203125
1360,2,0.87060546875,0.80352783203125,0.2766927480697632,0.99957275390625,0.6487630605697632
1360,2,0.8671875,0.630096435546875,0.3324788212776184,0.701171875,0.4123942255973816
1360,2,0.787109375,0.36126708984375,0.3184407353401184,0.4559326171875,0.4173583388328552
1360,2,0.6298828125,0.60540771484375,0.3251749873161316,0.649688720703125,0.3811035752296448
1360,2,0.533203125,0.445465087890625,0.3326416015625,0.4877471923828125,0.4136962890625
1361,2,0.9375,0.465576171875,0.318359375,0.615478515625,0.4891764521598816
1361,2,0.93505859375,0.0103759765625,0.314453125,0.345947265625,0.572021484375
1361,2,0.9072265625,0.69281005859375,0.3227946162223816,0.86822509765625,0.4718017578125
1361,2,0.85986328125,0.814453125,0.2786458134651184,0.9996337890625,0.6905924081802368
1361,2,0.84130859375,0.36041259765625,0.3245442509651184,0.46087646484375,0.4248046278953552
1361,2,0.79150390625,0.631378173828125,0.3362223207950592,0.70458984375,0.4202677309513092
1361,2,0.61328125,0.6037139892578125,0.3329874873161316,0.6467742919921875,0.4165852665901184
1361,2,0.5390625,0.4426116943359375,0.3333740234375,0.4854278564453125,0.3913167715072632
1361,2,0.5283203125,-0.000274658203125,0.320556640625,0.09429931640625,0.4182943105697632
1362,2,0.94140625,-0.0001220703125,0.3158366084098816,0.3416748046875,0.57958984375
1362,2,0.931640625,0.46484375,0.322998046875,0.61712646484375,0.4975993037223816
1362,2,0.9013671875,0.6939697265625,0.3325602114200592,0.8834228515625,0.4806315004825592
1362,2,0.84814453125,0.35919189453125,0.3319905698299408,0.46142578125,0.4329427182674408
1362,2,0.80517578125,0.629913330078125,0.3428548276424408,0.70831298828125,0.4298909604549408
1362,2,0.78515625,0.82904052734375,0.2819010019302368,0.998291015625,0.6510416269302368
1362,2,0.5625,0.6050567626953125,0.3377278447151184,0.6490020751953125,0.4152831435203552
1363,2,0.94921875,-0.0001220703125,0.3135579228401184,0.33740234375,0.5851236581802368
1363,2,0.93017578125,0.46563720703125,0.3226725161075592,0.61737060546875,0.4990641176700592
1363,2,0.9111328125,0.694580078125,0.3293049931526184,0.87689208984375,0.489990234375
1363,2,0.85205078125,0.633514404296875,0.3448486328125,0.7095184326171875,0.4279378652572632
1363,2,0.8359375,0.8653564453125,0.2936197519302368,0.99920654296875,0.6608072519302368
1363,2,0.8232421875,0.35906982421875,0.3355305790901184,0.458343505859375,0.4310302138328552
1363,2,0.52685546875,0.6020660400390625,0.33709716796875,0.6470794677734375,0.3988037109375
1364,2,0.93603515625,0.0001220703125,0.3128255605697632,0.3287353515625,0.5630697011947632
1364,2,0.92919921875,0.696044921875,0.3284505009651184,0.88885498046875,0.4954833984375
1364,2,0.9140625,0.4649658203125,0.3213704526424408,0.61614990234375,0.4983724057674408
1364,2,0.85595703125,0.63226318359375,0.345458984375,0.71221923828125,0.4282633066177368
1364,2,0.85107421875,0.361572265625,0.3294270634651184,0.453094482421875,0.4271239638328552
1364,2,0.775390625,0.891143798828125,0.34375,0.999481201171875,0.6832681894302368
1364,2,0.5810546875,0.319580078125,0.3492228388786316,0.3639068603515625,0.3900960087776184
1364,2,0.57373046875,0.6007080078125,0.3388875126838684,0.6491851806640625,0.3935343623161316
1364,2,0.52001953125,0.4418182373046875,0.3390299677848816,0.483795166015625,0.3959553837776184
1365,2,0.9404296875,0.0001220703125,0.3074544072151184,0.3260498046875,0.5753580331802368
1365,2,0.92822265625,0.6993408203125,0.3253580927848816,0.89862060546875,0.5032551884651184
1365,2,0.9111328125,0.46337890625,0.3207194209098816,0.615478515625,0.4984130859375
1365,2,0.837890625,0.632476806640625,0.3427327275276184,0.709869384765625,0.4286295771598816
1365,2,0.82861328125,0.359710693359375,0.3291422724723816,0.45880126953125,0.4305420517921448
1365,2,0.69482421875,0.926116943359375,0.3689778745174408,0.999664306640625,0.6901041269302368
1365,2,0.57763671875,0.5995330810546875,0.3360188603401184,0.644287109375,0.3971354365348816
1365,2,0.52197265625,0.3069000244140625,0.3477986454963684,0.355072021484375,0.3887736201286316
1365,2,0.51806640625,0.4426116943359375,0.3405558466911316,0.4831695556640625,0.3930867314338684
1366,2,0.9453125,0.0,0.31005859375,0.3231201171875,0.5894368886947632
1366,2,0.92578125,0.46197509765625,0.3235677480697632,0.615478515625,0.5011800527572632
1366,2,0.91943359375,0.702392578125,0.326904296875,0.90985107421875,0.5109049677848816
1366,2,0.8173828125,0.359130859375,0.3304036259651184,0.45654296875,0.4334716200828552
1366,2,0.78759765625,0.632476806640625,0.3444417119026184,0.715240478515625,0.4330241084098816
1366,2,0.5634765625,0.5982208251953125,0.3356526494026184,0.645416259765625,0.3923949599266052
1366,2,0.505859375,0.4379730224609375,0.33990478515625,0.4823455810546875,0.3833211660385132
1367,2,0.93115234375,0.70721435546875,0.3265787959098816,0.91998291015625,0.5240071415901184
1367,2,0.93017578125,0.0001220703125,0.3077799677848816,0.3175048828125,0.5862630605697632
1367,2,0.90478515625,0.4625244140625,0.3250325322151184,0.6121826171875,0.5006510615348816
1367,2,0.83447265625,0.632659912109375,0.345947265625,0.72039794921875,0.4357503652572632
1367,2,0.8212890625,0.358673095703125,0.3307291567325592,0.455657958984375,0.4298502504825592
1367,2,0.6953125,0.597625732421875,0.3376668393611908,0.6429595947265625,0.4012044370174408
1367,2,0.57763671875,0.2799072265625,0.3420817255973816,0.327239990234375,0.3864746689796448
1368,2,0.94287109375,0.0,0.31982421875,0.31640625,0.595458984375
1368,2,0.9326171875,0.7093505859375,0.338134765625,0.93133544921875,0.538818359375
1368,2,0.90771484375,0.45989990234375,0.3340657353401184,0.61322021484375,0.5088297724723816
1368,2,0.8232421875,0.63397216796875,0.3548176884651184,0.719451904296875,0.4429931044578552
1368,2,0.81591796875,0.35894775390625,0.340087890625,0.449676513671875,0.4362386465072632
1368,2,0.61962890625,0.44415283203125,0.3533732295036316,0.482269287109375,0.4165039658546448
1368,2,0.59814453125,0.59930419921875,0.3485310971736908,0.6422882080078125,0.4085286557674408
1368,2,0.5712890625,0.2725677490234375,0.3491414487361908,0.31329345703125,0.3879598081111908
1368,2,0.5693359375,0.3245697021484375,0.3549601435661316,0.3596649169921875,0.3826497197151184
1369,2,0.95068359375,0.0001220703125,0.3277994990348816,0.3128662109375,0.60107421875
1369,2,0.9150390625,0.45953369140625,0.3374837636947632,0.6126708984375,0.5125325918197632
1369,2,0.900390625,0.710693359375,0.3422037959098816,0.94647216796875,0.5486653447151184
1369,2,0.84716796875,0.359954833984375,0.3435872495174408,0.4525299072265625,0.4400227963924408
1369,2,0.8134765625,0.6312255859375,0.3606770932674408,0.724456787109375,0.4525960385799408
1369,2,0.67919921875,0.5950775146484375,0.3547770082950592,0.6414031982421875,0.4133707582950592
1369,2,0.5576171875,0.440277099609375,0.35455322265625,0.4829254150390625,0.4028524160385132
1370,2,0.94140625,0.000244140625,0.318603515625,0.311767578125,0.5906575918197632
1370,2,0.91162109375,0.4599609375,0.338134765625,0.6126708984375,0.5125732421875
1370,2,0.91015625,0.71588134765625,0.3404133915901184,0.960693359375,0.5585123896598816
1370,2,0.8828125,0.3577880859375,0.3446451723575592,0.455474853515625,0.4405924379825592
1370,2,0.8271484375,0.63519287109375,0.3599039912223816,0.73333740234375,0.4528809189796448
1370,2,0.62841796875,0.5956878662109375,0.35455322265625,0.6431884765625,0.4297689199447632
1370,2,0.59814453125,0.89642333984375,0.3470866084098816,0.997314453125,0.4662678837776184
1371,2,0.94482421875,0.000244140625,0.315673828125,0.3101806640625,0.58349609375
1371,2,0.91943359375,0.7236328125,0.3309732675552368,0.979248046875,0.5619302988052368
1371,2,0.9150390625,0.4605712890625,0.3343912959098816,0.613037109375,0.5099690556526184
1371,2,0.84130859375,0.3624267578125,0.3400065004825592,0.46173095703125,0.4359537661075592
1371,2,0.83203125,0.639312744140625,0.3532307744026184,0.73419189453125,0.4488932490348816
1371,2,0.576171875,0.599822998046875,0.3482258915901184,0.642333984375,0.4077147841453552
1371,2,0.57373046875,0.923492431640625,0.3406575620174408,0.999725341796875,0.4737142026424408
1372,2,0.93701171875,0.000244140625,0.3159993290901184,0.3070068359375,0.5885416269302368
1372,2,0.91259765625,0.46246337890625,0.3291015625,0.61297607421875,0.5027669072151184
1372,2,0.9091796875,0.7281494140625,0.3274739384651184,0.99609375,0.560791015625
1372,2,0.8291015625,0.6376953125,0.3503010869026184,0.73492431640625,0.4415282607078552
1372,2,0.77099609375,0.36328125,0.3341878056526184,0.45751953125,0.4281005263328552
1372,2,0.697265625,0.3382720947265625,0.3495076298713684,0.3805084228515625,0.3863524794578552
1372,2,0.662109375,0.59869384765625,0.34326171875,0.6433563232421875,0.40203857421875
1372,2,0.52685546875,0.268157958984375,0.3475545048713684,0.312225341796875,0.3875731825828552
1373,2,0.93408203125,0.000244140625,0.3157551884651184,0.3046875,0.595947265625
1373,2,0.90625,0.4617919921875,0.3279622793197632,0.61285400390625,0.5039876699447632
1373,2,0.8984375,0.73193359375,0.3274739980697632,0.997314453125,0.5679525136947632
1373,2,0.84130859375,0.638916015625,0.3508707582950592,0.73822021484375,0.4477945864200592
1373,2,0.8173828125,0.361663818359375,0.3326008915901184,0.457489013671875,0.4316405653953552
1373,2,0.79736328125,0.333892822265625,0.3477579653263092,0.3777618408203125,0.3898722231388092
1373,2,0.70556640625,0.59637451171875,0.3458048701286316,0.641937255859375,0.3950806260108948
1374,2,0.9384765625,0.000244140625,0.31005859375,0.302490234375,0.6101888418197632
1374,2,0.91357421875,0.46026611328125,0.32763671875,0.611083984375,0.5030517578125
1374,2,0.9072265625,0.7335205078125,0.3263346552848816,0.9991455078125,0.5691731572151184
1374,2,0.84130859375,0.6380615234375,0.3490804135799408,0.739715576171875,0.4462483823299408
1374,2,0.83447265625,0.36395263671875,0.3319498896598816,0.453399658203125,0.4281819462776184
1374,2,0.76171875,0.32647705078125,0.3451741635799408,0.3766632080078125,0.3861287534236908
1374,2,0.52880859375,0.5981292724609375,0.3426717221736908,0.6432037353515625,0.3910115659236908
1375,2,0.9248046875,0.000244140625,0.3102213740348816,0.2998046875,0.588134765625
1375,2,0.921875,0.45849609375,0.3223470151424408,0.6090087890625,0.4975179135799408
1375,2,0.890625,0.7362060546875,0.31787109375,0.99609375,0.5699056386947632
1375,2,0.8505859375,0.36297607421875,0.3299560546875,0.45379638671875,0.4212850332260132
1375,2,0.84814453125,0.63580322265625,0.342529296875,0.7362060546875,0.4416097402572632
1375,2,0.72119140625,0.31561279296875,0.33660888671875,0.368682861328125,0.3828125
1375,2,0.6953125,0.59393310546875,0.336181640625,0.642059326171875,0.4300943613052368
1376,2,0.94189453125,0.0001220703125,0.3050944209098816,0.299560546875,0.5926107168197632
1376,2,0.9111328125,0.454833984375,0.32763671875,0.6065673828125,0.501220703125
1376,2,0.869140625,0.7413330078125,0.323486328125,0.9979248046875,0.579833984375
1376,2,0.86474609375,0.63812255859375,0.34765625,0.736083984375,0.4473876953125
1376,2,0.83544921875,0.360809326171875,0.3314412534236908,0.4503173828125,0.4294026792049408
1376,2,0.763671875,0.309326171875,0.3434041142463684,0.3626708984375,0.3853556513786316
1376,2,0.62060546875,0.590423583984375,0.3427327573299408,0.6431427001953125,0.4345296323299408
1376,2,0.5205078125,0.445220947265625,0.3476766049861908,0.47650146484375,0.4011434018611908
1377,2,0.9375,0.0003662109375,0.302978515625,0.2967529296875,0.58544921875
1377,2,0.88427734375,0.4541015625,0.325439453125,0.606048583984375,0.4998779296875
1377,2,0.86181640625,0.7469482421875,0.3238118290901184,0.998291015625,0.59765625
1377,2,0.822265625,0.63970947265625,0.3494873046875,0.7334747314453125,0.4487711191177368
1377,2,0.7919921875,0.359222412109375,0.3340657353401184,0.449676513671875,0.4276122450828552
1377,2,0.76123046875,0.301025390625,0.3427531123161316,0.354766845703125,0.3866170048713684
1377,2,0.75830078125,0.5894775390625,0.3441365361213684,0.64556884765625,0.4419352412223816
1378,2,0.92578125,0.000244140625,0.306640625,0.2972412109375,0.57568359375
1378,2,0.8671875,0.7525634765625,0.322021484375,0.9981689453125,0.6044921875
1378,2,0.861328125,0.45599365234375,0.3243001699447632,0.603271484375,0.5048421621322632
1378,2,0.84814453125,0.638427734375,0.3475748598575592,0.736328125,0.4508463442325592
1378,2,0.8037109375,0.35833740234375,0.3352864384651184,0.44866943359375,0.4262084364891052
1378,2,0.75341796875,0.2762451171875,0.3409423828125,0.3469085693359375,0.3899739980697632
1378,2,0.744140625,0.59173583984375,0.3454183042049408,0.6453094482421875,0.4434407651424408
1379,2,0.92578125,0.000244140625,0.3055826425552368,0.2977294921875,0.5694986581802368
1379,2,0.89501953125,0.45343017578125,0.3270670771598816,0.6024169921875,0.5015869140625
1379,2,0.8701171875,0.75439453125,0.3226725459098816,0.99871826171875,0.6158040761947632
1379,2,0.84326171875,0.6409912109375,0.3521321713924408,0.7376708984375,0.4511311948299408
1379,2,0.79833984375,0.359649658203125,0.3363037109375,0.44659423828125,0.4312337636947632
1379,2,0.70751953125,0.5865478515625,0.3462117314338684,0.6438140869140625,0.4424235224723816
1379,2,0.65380859375,0.27239990234375,0.3461100459098816,0.33868408203125,0.3873494267463684
1380,2,0.93603515625,0.000244140625,0.3036295771598816,0.2996826171875,0.5657552480697632
1380,2,0.88671875,0.4532470703125,0.3241780400276184,0.60198974609375,0.501708984375
1380,2,0.87451171875,0.767333984375,0.31982421875,0.998046875,0.619384765625
1380,2,0.8505859375,0.63934326171875,0.3502604365348816,0.737457275390625,0.4532063603401184
1380,2,0.810546875,0.360626220703125,0.3338215947151184,0.447235107421875,0.4241942763328552
1380,2,0.74462890625,0.270355224609375,0.3436686396598816,0.3286285400390625,0.3886922001838684
1380,2,0.69921875,0.5886383056640625,0.3436279296875,0.6434326171875,0.4336344003677368
1381,2,0.93017578125,0.0001220703125,0.298583984375,0.298583984375,0.57080078125
1381,2,0.90283203125,0.7738037109375,0.3170572519302368,0.99945068359375,0.6285806894302368
1381,2,0.88818359375,0.45428466796875,0.326171875,0.60064697265625,0.4999186396598816
1381,2,0.83935546875,0.6429443359375,0.3516845703125,0.73779296875,0.4564208984375
1381,2,0.7705078125,0.363433837890625,0.3343912959098816,0.447967529296875,0.4270630478858948
1381,2,0.72265625,0.2602386474609375,0.3381754755973816,0.3291015625,0.3936157822608948
1381,2,0.689453125,0.5909271240234375,0.3466389775276184,0.6439361572265625,0.4407958388328552
1381,2,0.56005859375,0.3303680419921875,0.3371174931526184,0.374725341796875,0.3912963271141052
1382,2,0.91259765625,0.0001220703125,0.3119303584098816,0.2999267578125,0.5654296875
1382,2,0.892578125,0.7802734375,0.3225911259651184,0.99969482421875,0.6481119394302368
1382,2,0.8642578125,0.4527587890625,0.3331298828125,0.59942626953125,0.5027669072151184
1382,2,0.837890625,0.637451171875,0.3538004457950592,0.73797607421875,0.4547525942325592
1382,2,0.73486328125,0.365814208984375,0.3447672724723816,0.454010009765625,0.4315186142921448
1382,2,0.69921875,0.252593994140625,0.3412068486213684,0.323516845703125,0.3966063857078552
1382,2,0.69091796875,0.588775634765625,0.3500162959098816,0.6441802978515625,0.4429524540901184
1382,2,0.6025390625,0.3226165771484375,0.3370158076286316,0.370880126953125,0.3939209580421448
1383,2,0.90625,0.0,0.3146158456802368,0.3017578125,0.5724283456802368
1383,2,0.88427734375,0.632080078125,0.3531494140625,0.74127197265625,0.4566243886947632
1383,2,0.87158203125,0.45306396484375,0.3340657949447632,0.5989990234375,0.5008138418197632
1383,2,0.8662109375,0.78662109375,0.32275390625,0.99981689453125,0.68310546875
1383,2,0.814453125,0.36700439453125,0.3447265625,0.452239990234375,0.4293619394302368
1383,2,0.70751953125,0.3137664794921875,0.3376261591911316,0.370086669921875,0.3952229619026184
1383,2,0.61669921875,0.24383544921875,0.3408406674861908,0.3123779296875,0.4005330502986908
1383,2,0.5751953125,0.5916595458984375,0.3519287109375,0.6393585205078125,0.4018758535385132
1384,2,0.91943359375,0.0,0.3172200322151184,0.30224609375,0.5694986581802368
1384,2,0.861328125,0.7911376953125,0.3240559697151184,0.9996337890625,0.6848958134651184
1384,2,0.845703125,0.45458984375,0.3352864384651184,0.598602294921875,0.5074462890625
1384,2,0.818359375,0.6309814453125,0.3553466796875,0.742095947265625,0.4588623046875
1384,2,0.74072265625,0.36676025390625,0.3408203125,0.448760986328125,0.4289957284927368
1384,2,0.63134765625,0.315155029296875,0.3377888798713684,0.365325927734375,0.3959147334098816
1384,2,0.5419921875,0.591522216796875,0.35260009765625,0.64068603515625,0.4039306640625
1384,2,0.541015625,0.22845458984375,0.3354898989200592,0.313262939453125,0.4025675356388092
1384,2,0.50732421875,0.7232666015625,0.3622639775276184,0.782318115234375,0.4116007685661316
1385,2,0.89599609375,0.45245361328125,0.3390299677848816,0.59820556640625,0.5068359375
1385,2,0.89599609375,0.7982177734375,0.323486328125,0.99957275390625,0.7067056894302368
1385,2,0.888671875,0.0,0.3213704228401184,0.30322265625,0.56005859375
1385,2,0.84130859375,0.640289306640625,0.3599446415901184,0.743682861328125,0.4609374403953552
1385,2,0.82177734375,0.368682861328125,0.3469645082950592,0.455596923828125,0.4346109926700592
1385,2,0.7802734375,0.304473876953125,0.3374226689338684,0.36602783203125,0.3976847529411316
1385,2,0.640625,0.724334716796875,0.3668416142463684,0.79296875,0.4173380732536316
1385,2,0.58935546875,0.224029541015625,0.3404337763786316,0.30889892578125,0.4021809697151184
1385,2,0.58740234375,0.5902557373046875,0.3548991084098816,0.6426849365234375,0.4061482548713684
1386,2,0.91015625,0.80523681640625,0.3274739384651184,0.99969482421875,0.7376301884651184
1386,2,0.9052734375,0.45367431640625,0.3416341543197632,0.59930419921875,0.5099691152572632
1386,2,0.89111328125,0.000244140625,0.3234049677848816,0.3031005859375,0.5801595449447632
1386,2,0.85498046875,0.643096923828125,0.3633219301700592,0.74462890625,0.4674479067325592
1386,2,0.7880859375,0.36968994140625,0.347900390625,0.454803466796875,0.437744140625
1386,2,0.69921875,0.73187255859375,0.3714192807674408,0.802886962890625,0.4215901792049408
1386,2,0.69921875,0.294647216796875,0.3380330204963684,0.3640899658203125,0.4014281630516052
1386,2,0.56689453125,0.588531494140625,0.3536173701286316,0.6436767578125,0.4119465947151184
1387,2,0.916015625,0.0001220703125,0.3211262822151184,0.3031005859375,0.5712890625
1387,2,0.86474609375,0.4549560546875,0.3402506709098816,0.598175048828125,0.5113118290901184
1387,2,0.84326171875,0.64007568359375,0.3627522587776184,0.745361328125,0.4645182490348816
1387,2,0.814453125,0.81201171875,0.3087564706802368,0.99969482421875,0.74853515625
1387,2,0.79638671875,0.371978759765625,0.3461710810661316,0.457763671875,0.4335530400276184
1387,2,0.71142578125,0.73358154296875,0.3682047724723816,0.81475830078125,0.4204915165901184
1387,2,0.65869140625,0.288848876953125,0.3327433168888092,0.345489501953125,0.4012857973575592
1387,2,0.65869140625,0.592254638671875,0.3543497622013092,0.641815185546875,0.4079996645450592
1388,2,0.8583984375,0.647003173828125,0.3582356870174408,0.746124267578125,0.4617513120174408
1388,2,0.8359375,0.0003662109375,0.3145344853401184,0.3048095703125,0.612548828125
1388,2,0.83447265625,0.373687744140625,0.3394775390625,0.46148681640625,0.4283040761947632
1388,2,0.82763671875,0.454345703125,0.3348388671875,0.59808349609375,0.5034993290901184
1388,2,0.78759765625,0.81951904296875,0.317138671875,0.999267578125,0.7325845956802368
1388,2,0.74951171875,0.739288330078125,0.3677571713924408,0.8316650390625,0.4192708432674408
1388,2,0.62060546875,0.5897979736328125,0.3514200747013092,0.641754150390625,0.4025675356388092
1388,2,0.6103515625,0.2824249267578125,0.327392578125,0.34100341796875,0.3933919668197632
1389,2,0.91015625,0.000244140625,0.3076171875,0.306396484375,0.5616861581802368
1389,2,0.8818359375,0.652008056640625,0.3481852412223816,0.74835205078125,0.4566243290901184
1389,2,0.853515625,0.8277587890625,0.3121744990348816,0.9991455078125,0.7501627802848816
1389,2,0.8447265625,0.375152587890625,0.33203125,0.45751953125,0.4190469980239868
1389,2,0.8212890625,0.456634521484375,0.3277994990348816,0.59686279296875,0.4984944462776184
1389,2,0.69140625,0.739349365234375,0.3568115234375,0.844329833984375,0.413330078125
1389,2,0.58837890625,0.272308349609375,0.3162638545036316,0.3336639404296875,0.3838704228401184
1389,2,0.560546875,0.5918121337890625,0.3449299931526184,0.647064208984375,0.3989257216453552
1390,2,0.90283203125,0.0003662109375,0.3155924081802368,0.3070068359375,0.5546060800552368
1390,2,0.8935546875,0.453887939453125,0.3284505009651184,0.5975341796875,0.4968668818473816
1390,2,0.87890625,0.6470947265625,0.3511149287223816,0.74945068359375,0.4573567509651184
1390,2,0.845703125,0.376861572265625,0.3346760869026184,0.455963134765625,0.4197997450828552
1390,2,0.82177734375,0.83502197265625,0.3167318105697632,0.999267578125,0.7021484375
1390,2,0.6748046875,0.743255615234375,0.3590494990348816,0.858917236328125,0.4187012314796448
1390,2,0.626953125,0.5914154052734375,0.34942626953125,0.64495849609375,0.4041951894760132
1391,2,0.931640625,0.000244140625,0.3175455331802368,0.3099365234375,0.5565592050552368
1391,2,0.90771484375,0.453643798828125,0.3340657353401184,0.59857177734375,0.4990234375
1391,2,0.888671875,0.643035888671875,0.3538818359375,0.7518310546875,0.459716796875
1391,2,0.88134765625,0.840576171875,0.3221028447151184,0.99884033203125,0.677490234375
1391,2,0.82470703125,0.3785400390625,0.3376057744026184,0.458099365234375,0.4207152724266052
1391,2,0.67626953125,0.740997314453125,0.3629963994026184,0.8720703125,0.4238280653953552
1391,2,0.642578125,0.5894012451171875,0.3563232421875,0.6482391357421875,0.4427286386489868
1391,2,0.611328125,0.25335693359375,0.3178507387638092,0.3163604736328125,0.3924967348575592
1391,2,0.5,0.316650390625,0.3450114130973816,0.3823394775390625,0.3931477665901184
1392,2,0.8974609375,0.84912109375,0.3331705927848816,0.9984130859375,0.6759440302848816
1392,2,0.8896484375,0.0003662109375,0.3138834834098816,0.3099365234375,0.54833984375
1392,2,0.876953125,0.651519775390625,0.3504231572151184,0.75213623046875,0.4600016474723816
1392,2,0.87060546875,0.455291748046875,0.3318684697151184,0.59710693359375,0.4960123896598816
1392,2,0.85498046875,0.378692626953125,0.3361002802848816,0.45751953125,0.4193726181983948
1392,2,0.71875,0.5883331298828125,0.3496907353401184,0.653778076171875,0.4440104365348816
1392,2,0.69970703125,0.75311279296875,0.3619384765625,0.887298583984375,0.4253336191177368
1392,2,0.57373046875,0.246917724609375,0.3144124150276184,0.3077545166015625,0.3905436396598816
1393,2,0.9091796875,0.000244140625,0.318115234375,0.311279296875,0.54833984375
1393,2,0.896484375,0.45404052734375,0.3329264521598816,0.5977783203125,0.4949951171875
1393,2,0.86474609375,0.860260009765625,0.3439127802848816,0.99847412109375,0.6781412959098816
1393,2,0.85205078125,0.6539306640625,0.3529459834098816,0.752655029296875,0.4607747197151184
1393,2,0.83544921875,0.3824462890625,0.337890625,0.461151123046875,0.4201253652572632
1393,2,0.67041015625,0.738800048828125,0.3604532778263092,0.7896728515625,0.4214884340763092
1393,2,0.59375,0.5905609130859375,0.34820556640625,0.646331787109375,0.3998616933822632
1393,2,0.5859375,0.33013916015625,0.3413289189338684,0.3788299560546875,0.3934935927391052
1393,2,0.580078125,0.77545166015625,0.3628743588924408,0.917236328125,0.4295247495174408
1393,2,0.50537109375,0.230316162109375,0.3121744990348816,0.30316162109375,0.3876546025276184
1394,2,0.92236328125,0.0001220703125,0.312255859375,0.3134765625,0.5520833134651184
1394,2,0.8759765625,0.45489501953125,0.334716796875,0.6002197265625,0.4989420771598816
1394,2,0.83642578125,0.654815673828125,0.3544515073299408,0.7547607421875,0.4584554135799408
1394,2,0.8330078125,0.86920166015625,0.35498046875,1.0,0.6991373300552368
1394,2,0.80126953125,0.38409423828125,0.3407389521598816,0.460723876953125,0.4203491806983948
1394,2,0.76171875,0.78155517578125,0.3664143681526184,0.9359130859375,0.4360350966453552
1394,2,0.7373046875,0.7444000244140625,0.3639933168888092,0.802459716796875,0.4277750551700592
1394,2,0.62841796875,0.58984375,0.35223388671875,0.645294189453125,0.4013671875
1395,2,0.91259765625,0.0001220703125,0.3192545175552368,0.3148193359375,0.5489908456802368
1395,2,0.875,0.453155517578125,0.3326009213924408,0.6014404296875,0.4998372495174408
1395,2,0.8203125,0.64471435546875,0.3538411557674408,0.757415771484375,0.4585774838924408
1395,2,0.7451171875,0.384735107421875,0.3411865234375,0.4608154296875,0.4192098379135132
1395,2,0.7041015625,0.8701171875,0.3525390625,0.9998779296875,0.7278646230697632
1395,2,0.669921875,0.5903167724609375,0.35052490234375,0.6446533203125,0.4022012948989868
1395,2,0.638671875,0.750579833984375,0.36248779296875,0.825439453125,0.4285482168197632
1395,2,0.625,0.7850341796875,0.3627522587776184,0.96185302734375,0.4385172724723816
1396,2,0.90478515625,0.0008544921875,0.3052572011947632,0.31884765625,0.5511068105697632
1396,2,0.87744140625,0.452880859375,0.3269856572151184,0.5997314453125,0.4971110224723816
1396,2,0.8447265625,0.6527099609375,0.3529459536075592,0.75628662109375,0.4587809145450592
1396,2,0.7685546875,0.386260986328125,0.3421223759651184,0.46356201171875,0.4171141982078552
1396,2,0.72265625,0.89398193359375,0.3807779550552368,0.9998779296875,0.7216796875
1396,2,0.6650390625,0.79705810546875,0.365966796875,0.98577880859375,0.4442545175552368
1396,2,0.60791015625,0.7618408203125,0.3601481020450592,0.839691162109375,0.4324747622013092
1396,2,0.57080078125,0.591156005859375,0.3485514521598816,0.6447601318359375,0.4171143174171448
1397,2,0.8828125,0.0078125,0.2954915165901184,0.3226318359375,0.533447265625
1397,2,0.84716796875,0.45623779296875,0.3217366635799408,0.60125732421875,0.4927571713924408
1397,2,0.7998046875,0.388397216796875,0.3282470703125,0.463043212890625,0.4128214120864868
1397,2,0.77294921875,0.65264892578125,0.34521484375,0.756072998046875,0.4495443105697632
1397,2,0.75634765625,0.5928497314453125,0.3440755009651184,0.6436920166015625,0.4006144404411316
1397,2,0.64794921875,-0.00030517578125,0.3099772334098816,0.08258056640625,0.4910481572151184
1397,2,0.63134765625,0.776611328125,0.356689453125,0.874847412109375,0.4309488534927368
1397,2,0.5859375,0.7338104248046875,0.3562825620174408,0.794952392578125,0.4140828549861908
1397,2,0.51025390625,0.90997314453125,0.36376953125,1.0,0.732421875
1397,2,0.50927734375,0.82562255859375,0.3614094853401184,0.99755859375,0.4416503310203552
1398,2,0.88427734375,0.0147705078125,0.2867838144302368,0.32391357421875,0.5340982675552368
1398,2,0.8193359375,0.646148681640625,0.3462321162223816,0.759033203125,0.4517822861671448
1398,2,0.80419921875,0.389923095703125,0.3367919921875,0.462677001953125,0.4131876230239868
1398,2,0.78564453125,0.46148681640625,0.3221028447151184,0.6029052734375,0.4931640625
1398,2,0.744140625,0.5932464599609375,0.3466796875,0.644012451171875,0.40057373046875
1398,2,0.7138671875,0.927825927734375,0.365478515625,0.99945068359375,0.75537109375
1398,2,0.6337890625,0.747528076171875,0.3592732846736908,0.813262939453125,0.4183553159236908
1398,2,0.59912109375,0.79296875,0.3592936098575592,0.877899169921875,0.4324137270450592
1398,2,0.5498046875,0.85516357421875,0.3589681088924408,0.99884033203125,0.4523518979549408
1398,2,0.5341796875,0.000213623046875,0.3102620542049408,0.0546112060546875,0.4329427182674408
1399,2,0.8828125,0.0228271484375,0.2877603769302368,0.326171875,0.5336099863052368
1399,2,0.81640625,0.45684814453125,0.3230794072151184,0.60345458984375,0.491943359375
1399,2,0.8134765625,0.64251708984375,0.34716796875,0.757293701171875,0.453857421875
1399,2,0.7373046875,0.5948486328125,0.3495076298713684,0.6432647705078125,0.4009806513786316
1399,2,0.71923828125,0.7930908203125,0.3626301884651184,0.912109375,0.4398192763328552
1399,2,0.69091796875,0.390625,0.35400390625,0.464599609375,0.4146322011947632
1399,2,0.68994140625,0.750946044921875,0.3636677861213684,0.8159942626953125,0.4249266982078552
1399,2,0.673828125,0.87664794921875,0.3658854365348816,0.998260498046875,0.4595540165901184
1399,2,0.619140625,0.9400634765625,0.40380859375,0.999481201171875,0.7887369394302368
1400,2,0.90869140625,0.029296875,0.3098958134651184,0.3319091796875,0.5467936396598816
1400,2,0.8271484375,0.387725830078125,0.3345947265625,0.464019775390625,0.4138387441635132
1400,2,0.79931640625,0.4569091796875,0.3208821713924408,0.605682373046875,0.4923909604549408
1400,2,0.794921875,0.64453125,0.346435546875,0.759735107421875,0.4522298574447632
1400,2,0.712890625,0.771636962890625,0.3628336787223816,0.8357696533203125,0.4260254502296448
1400,2,0.6591796875,0.593231201171875,0.348388671875,0.6446075439453125,0.4014688730239868
1400,2,0.6123046875,0.900909423828125,0.3731689453125,0.99859619140625,0.4635823965072632
1400,2,0.5576171875,0.81854248046875,0.3662109375,0.9302978515625,0.4466552734375
1401,2,0.919921875,0.0357666015625,0.3091633915901184,0.3310546875,0.5289713740348816
1401,2,0.83642578125,0.64501953125,0.3484700620174408,0.7572021484375,0.4524739682674408
1401,2,0.814453125,0.45941162109375,0.3218587338924408,0.60321044921875,0.4906819760799408
1401,2,0.802734375,0.38690185546875,0.3340861201286316,0.46435546875,0.4152424931526184
1401,2,0.67138671875,0.766357421875,0.3599446415901184,0.857330322265625,0.4333495497703552
1401,2,0.63134765625,0.591033935546875,0.34716796875,0.6466064453125,0.40301513671875
1401,2,0.5830078125,0.750244140625,0.35931396484375,0.804443359375,0.4243367910385132
1401,2,0.572265625,0.86029052734375,0.3857014775276184,0.95831298828125,0.4599406123161316
1401,2,0.5693359375,0.934326171875,0.3964030146598816,0.99713134765625,0.4757691025733948
1401,2,0.52783203125,-0.00042724609375,0.281494140625,0.16168212890625,0.4405924677848816
1402,2,0.91259765625,0.040283203125,0.3094075322151184,0.33282470703125,0.5302734375
1402,2,0.84765625,0.453338623046875,0.322021484375,0.60125732421875,0.4927571415901184
1402,2,0.8330078125,0.640960693359375,0.3490803837776184,0.75628662109375,0.4526774287223816
1402,2,0.76025390625,0.780120849609375,0.35888671875,0.87969970703125,0.4397176504135132
1402,2,0.75732421875,0.5896148681640625,0.3509928584098816,0.6445770263671875,0.4053547978401184
1402,2,0.75146484375,0.38720703125,0.3319905698299408,0.4595947265625,0.4138997495174408
1402,2,0.72021484375,0.85089111328125,0.3671875,0.9967041015625,0.4654134511947632
1402,2,0.70947265625,-3.0517578125e-05,0.2770589292049408,0.1239013671875,0.4301351010799408
1402,2,0.53173828125,0.749542236328125,0.3615925908088684,0.8162994384765625,0.4139403700828552
1403,2,0.90478515625,0.87744140625,0.3658040165901184,0.9990234375,0.4802653193473816
1403,2,0.9013671875,0.0494384765625,0.3135579228401184,0.331298828125,0.528564453125
1403,2,0.84765625,0.45440673828125,0.3262532353401184,0.60223388671875,0.4986979365348816
1403,2,0.81787109375,0.648193359375,0.3538004457950592,0.752166748046875,0.4556070864200592
1403,2,0.80517578125,-0.00030517578125,0.2732747197151184,0.104888916015625,0.440185546875
1403,2,0.775390625,0.3843231201171875,0.3404948115348816,0.46075439453125,0.4204304814338684
1403,2,0.763671875,0.802093505859375,0.3653157651424408,0.909393310546875,0.4523518979549408
1403,2,0.7138671875,0.755035400390625,0.3646240234375,0.83489990234375,0.4374593496322632
1403,2,0.70654296875,0.5924835205078125,0.36517333984375,0.6427764892578125,0.4084066152572632
1404,2,0.90478515625,0.0526123046875,0.3214518427848816,0.33221435546875,0.5361328125
1404,2,0.84619140625,0.90692138671875,0.3744303286075592,0.999542236328125,0.4969889223575592
1404,2,0.82861328125,0.45428466796875,0.3336588144302368,0.601593017578125,0.5021158456802368
1404,2,0.82568359375,0.642364501953125,0.360107421875,0.752655029296875,0.4573568105697632
1404,2,0.7802734375,0.384857177734375,0.34716796875,0.4620361328125,0.4256185293197632
1404,2,0.75,-0.000152587890625,0.271484375,0.051544189453125,0.44580078125
1404,2,0.6845703125,0.803131103515625,0.3717854619026184,0.939208984375,0.4643554091453552
1404,2,0.67333984375,0.5894012451171875,0.3662312626838684,0.6441192626953125,0.4161986708641052
1404,2,0.5400390625,0.7747344970703125,0.3712565302848816,0.852386474609375,0.4436035752296448
1405,2,0.8984375,0.060546875,0.3214518427848816,0.33319091796875,0.533447265625
1405,2,0.8603515625,0.84088134765625,0.3724772036075592,0.99273681640625,0.4830729067325592
1405,2,0.849609375,0.45538330078125,0.333984375,0.6024169921875,0.5033772587776184
1405,2,0.82666015625,0.6427001953125,0.3605549931526184,0.750030517578125,0.4606119990348816
1405,2,0.76953125,0.3834228515625,0.347900390625,0.46673583984375,0.4286702871322632
1405,2,0.7666015625,0.7879638671875,0.37066650390625,0.87249755859375,0.452880859375
1405,2,0.6064453125,0.5918121337890625,0.3758748173713684,0.6434326171875,0.4199828505516052
1405,2,0.5966796875,-0.00225830078125,0.3221435546875,0.1357421875,0.4330648183822632
1405,2,0.537109375,0.937255859375,0.3775227665901184,0.999481201171875,0.4995116591453552
1406,2,0.90478515625,0.058349609375,0.3211262822151184,0.3355712890625,0.5250651240348816
1406,2,0.89453125,0.86553955078125,0.3697916865348816,0.995849609375,0.4811604619026184
1406,2,0.85205078125,0.4500732421875,0.328125,0.5992431640625,0.5015462040901184
1406,2,0.7763671875,0.6417236328125,0.3579915165901184,0.75946044921875,0.4542235732078552
1406,2,0.767578125,0.38214111328125,0.3427734375,0.458953857421875,0.42596435546875
1406,2,0.7666015625,0.804412841796875,0.3687540888786316,0.899017333984375,0.4514973759651184
1406,2,0.7001953125,0.585784912109375,0.3623453974723816,0.6399383544921875,0.4143067002296448
1406,2,0.6064453125,0.0001220703125,0.2571207880973816,0.115478515625,0.4368489384651184
1406,2,0.55908203125,0.74920654296875,0.3631998896598816,0.82867431640625,0.4449055790901184
1407,2,0.91162109375,0.06103515625,0.3223469853401184,0.33544921875,0.5289713740348816
1407,2,0.873046875,0.896087646484375,0.3749186396598816,0.998809814453125,0.4875081181526184
1407,2,0.83984375,0.44915771484375,0.3272298574447632,0.5985107421875,0.5017904043197632
1407,2,0.76708984375,0.383148193359375,0.3449503779411316,0.462066650390625,0.4270020127296448
1407,2,0.7392578125,0.64263916015625,0.358154296875,0.757781982421875,0.4556884765625
1407,2,0.67431640625,0.58538818359375,0.3681843876838684,0.650054931640625,0.4293009638786316
1407,2,0.66064453125,0.83001708984375,0.3710123896598816,0.927337646484375,0.4631348252296448
1407,2,0.54736328125,0.76641845703125,0.3687744140625,0.8575286865234375,0.4554849863052368
1408,2,0.8857421875,0.06640625,0.3107096552848816,0.3355712890625,0.5249837040901184
1408,2,0.84130859375,0.45013427734375,0.3241373896598816,0.596923828125,0.4995930790901184
1408,2,0.81640625,0.645965576171875,0.3524983525276184,0.749847412109375,0.4508463740348816
1408,2,0.7392578125,0.923828125,0.3700764775276184,0.999969482421875,0.4808756709098816
1408,2,0.7333984375,0.5907135009765625,0.3690185546875,0.63916015625,0.41156005859375
1408,2,0.7255859375,0.846405029296875,0.3653564453125,0.96929931640625,0.45458984375
1408,2,0.681640625,0.383331298828125,0.3431803584098816,0.4602508544921875,0.4198608994483948
1408,2,0.66357421875,0.744476318359375,0.3630167543888092,0.8232421875,0.4349772036075592
1408,2,0.50244140625,0.785736083984375,0.3636474609375,0.873016357421875,0.4436441659927368
1409,2,0.8896484375,0.06884765625,0.3067220449447632,0.340087890625,0.5186361074447632
1409,2,0.869140625,0.45355224609375,0.3240153193473816,0.60089111328125,0.497314453125
1409,2,0.79931640625,0.648345947265625,0.3509114384651184,0.7493896484375,0.4506835341453552
1409,2,0.7470703125,0.5941162109375,0.36810302734375,0.642333984375,0.41070556640625
1409,2,0.74462890625,0.38677978515625,0.338134765625,0.4627685546875,0.4201864004135132
1409,2,0.72265625,0.75067138671875,0.3661906123161316,0.816162109375,0.4243977665901184
1409,2,0.7109375,0.88873291015625,0.3646240234375,0.999267578125,0.4876302480697632
1409,2,0.61083984375,0.79595947265625,0.3646240234375,0.901397705078125,0.451171875
1409,2,0.5322265625,0.00128173828125,0.3197835087776184,0.12042236328125,0.4279784560203552
1410,2,0.8984375,0.071044921875,0.3182780146598816,0.3394775390625,0.5242512822151184
1410,2,0.83544921875,0.4554443359375,0.3319498896598816,0.6014404296875,0.5017903447151184
1410,2,0.8076171875,0.900146484375,0.3737385869026184,0.999603271484375,0.4968668818473816
1410,2,0.76611328125,0.646392822265625,0.3581949770450592,0.74853515625,0.4548746645450592
1410,2,0.73193359375,0.594940185546875,0.3691609799861908,0.64337158203125,0.4205525815486908
1410,2,0.6259765625,0.0008544921875,0.3257649540901184,0.090423583984375,0.4373778700828552
1410,2,0.5732421875,0.7435302734375,0.3723958134651184,0.875335693359375,0.4582518935203552
1410,2,0.50537109375,0.735137939453125,0.3657633364200592,0.796234130859375,0.4293619692325592
1410,2,0.5029296875,0.33404541015625,0.3517252504825592,0.46234130859375,0.4307047426700592
1411,2,0.91845703125,0.073486328125,0.3208822011947632,0.339111328125,0.5249837636947632
1411,2,0.82568359375,0.45391845703125,0.3318684697151184,0.6043701171875,0.5037028193473816
1411,2,0.80908203125,0.645050048828125,0.3588053286075592,0.760345458984375,0.4542643129825592
1411,2,0.7236328125,0.75799560546875,0.3667806088924408,0.861724853515625,0.4493001401424408
1411,2,0.6962890625,0.5960845947265625,0.3651326298713684,0.645660400390625,0.4252116084098816
1411,2,0.62255859375,0.3868865966796875,0.34454345703125,0.462890625,0.4283040761947632
1411,2,0.61083984375,0.83770751953125,0.3758952021598816,0.99853515625,0.4829102158546448
1411,2,0.5966796875,-0.0002288818359375,0.3240152895450592,0.059051513671875,0.4396158754825592
1411,2,0.56591796875,0.03228759765625,0.3079020380973816,0.14349365234375,0.4201660752296448
1412,2,0.91650390625,0.078125,0.3236491084098816,0.344482421875,0.529052734375
1412,2,0.83935546875,0.45440673828125,0.3348795175552368,0.60675048828125,0.5079752206802368
1412,2,0.8125,0.64892578125,0.3630778193473816,0.754241943359375,0.4572754502296448
1412,2,0.74658203125,0.75189208984375,0.37493896484375,0.8184356689453125,0.4371541738510132
1412,2,0.7138671875,-0.000244140625,0.3055826723575592,0.139312744140625,0.4396158754825592
1412,2,0.6513671875,0.5936126708984375,0.3682454228401184,0.6454315185546875,0.4201049208641052
1412,2,0.62890625,0.79376220703125,0.3731282353401184,0.890167236328125,0.4702147841453552
1412,2,0.62451171875,0.86187744140625,0.3772379755973816,0.998779296875,0.4903157353401184
1413,2,0.9267578125,0.08160400390625,0.3229166865348816,0.342041015625,0.5220540165901184
1413,2,0.88134765625,0.45611572265625,0.332275390625,0.60797119140625,0.5023600459098816
1413,2,0.86279296875,0.000335693359375,0.2998860478401184,0.1102294921875,0.4348551630973816
1413,2,0.84228515625,0.645050048828125,0.359375,0.75531005859375,0.4534505605697632
1413,2,0.72900390625,0.754730224609375,0.3711140751838684,0.840545654296875,0.4384765028953552
1413,2,0.71728515625,0.800537109375,0.3713786005973816,0.91717529296875,0.4564819931983948
1413,2,0.6650390625,0.891448974609375,0.3722330927848816,0.998687744140625,0.4937744736671448
1413,2,0.58251953125,0.392547607421875,0.3459879755973816,0.463470458984375,0.4301758408546448
1413,2,0.57763671875,0.5998382568359375,0.3700968623161316,0.643035888671875,0.4208374619483948
1414,2,0.91259765625,0.08355712890625,0.3252766728401184,0.3438720703125,0.522705078125
1414,2,0.8408203125,0.767791748046875,0.3658040463924408,0.855560302734375,0.4391683042049408
1414,2,0.83935546875,0.653564453125,0.3575439453125,0.74847412109375,0.4546712636947632
1414,2,0.81396484375,0.8199462890625,0.3669026792049408,0.94976806640625,0.4679768979549408
1414,2,0.81396484375,0.45684814453125,0.3319498896598816,0.609375,0.5010986328125
1414,2,0.7841796875,0.92144775390625,0.3733723759651184,0.999359130859375,0.4923502802848816
1414,2,0.69921875,0.392547607421875,0.3489583134651184,0.46173095703125,0.4338786005973816
1414,2,0.62158203125,-9.1552734375e-05,0.2697347104549408,0.074066162109375,0.4329427182674408
1414,2,0.61767578125,0.59814453125,0.3687744140625,0.6549835205078125,0.421875
1414,2,0.57958984375,0.7444000244140625,0.3705241084098816,0.789154052734375,0.4162190556526184
1415,2,0.89501953125,0.0875244140625,0.3264974355697632,0.3465576171875,0.5286458730697632
1415,2,0.89453125,0.84014892578125,0.3759358823299408,0.998779296875,0.4937337338924408
1415,2,0.84765625,0.45745849609375,0.335693359375,0.609375,0.5107014775276184
1415,2,0.8056640625,0.7828369140625,0.3745524287223816,0.870147705078125,0.4501546025276184
1415,2,0.76416015625,0.650543212890625,0.3674112856388092,0.74664306640625,0.4630533754825592
1415,2,0.73046875,0.393157958984375,0.3507080078125,0.463714599609375,0.4356485605239868
1415,2,0.67578125,0.73736572265625,0.3769124448299408,0.805999755859375,0.4358113706111908
1415,2,0.61669921875,0.601043701171875,0.3737996220588684,0.6541900634765625,0.4253539443016052
1416,2,0.92431640625,0.0892333984375,0.326416015625,0.34625244140625,0.526611328125
1416,2,0.8818359375,0.86273193359375,0.3719482421875,0.996917724609375,0.4900716543197632
1416,2,0.84912109375,0.45880126953125,0.3341470956802368,0.6102294921875,0.5082193613052368
1416,2,0.79736328125,0.64666748046875,0.3646647334098816,0.750946044921875,0.4610188603401184
1416,2,0.79248046875,0.79583740234375,0.3735758662223816,0.894775390625,0.4529622197151184
1416,2,0.759765625,0.6357421875,0.7566731572151184,0.9986572265625,0.9832356572151184
1416,2,0.68310546875,0.396026611328125,0.3523356020450592,0.46417236328125,0.4344889223575592
1416,2,0.67138671875,0.751251220703125,0.3724365234375,0.82373046875,0.43365478515625
1416,2,0.638671875,0.6000823974609375,0.3651123046875,0.6471405029296875,0.4214884042739868
1417,2,0.88818359375,0.0870361328125,0.3204752802848816,0.335205078125,0.5172119140625
1417,2,0.8720703125,0.89007568359375,0.3633219599723816,0.999237060546875,0.49462890625
1417,2,0.818359375,0.45806884765625,0.3238932192325592,0.6119384765625,0.4982096254825592
1417,2,0.7998046875,0.649993896484375,0.3566080629825592,0.74847412109375,0.4466349184513092
1417,2,0.79150390625,0.393707275390625,0.3472697138786316,0.463287353515625,0.4213257431983948
1417,2,0.78173828125,0.81658935546875,0.3642578125,0.9213714599609375,0.4498291015625
1417,2,0.5751953125,0.74676513671875,0.3628743290901184,0.846771240234375,0.4335936903953552
1417,2,0.5615234375,0.6029510498046875,0.3611857295036316,0.6414031982421875,0.4155884385108948
1418,2,0.8828125,0.094482421875,0.3185221552848816,0.34912109375,0.5172119140625
1418,2,0.8310546875,0.650482177734375,0.3573404848575592,0.749298095703125,0.4515787661075592
1418,2,0.8203125,0.829681396484375,0.3670654296875,0.95526123046875,0.4628499746322632
1418,2,0.8017578125,0.46044921875,0.3245849609375,0.61077880859375,0.5013834834098816
1418,2,0.74658203125,0.922637939453125,0.3678385615348816,0.999755859375,0.49658203125
1418,2,0.61767578125,0.747283935546875,0.3606770932674408,0.8634033203125,0.4401448667049408
1418,2,0.587890625,0.394775390625,0.3452351689338684,0.463287353515625,0.4248453974723816
1419,2,0.89990234375,0.0985107421875,0.3216959834098816,0.35101318359375,0.5264485478401184
1419,2,0.84619140625,0.8529052734375,0.3683675229549408,0.99713134765625,0.4768880307674408
1419,2,0.84619140625,0.6417236328125,0.3583577275276184,0.759307861328125,0.4523925185203552
1419,2,0.810546875,0.459228515625,0.3245036005973816,0.61199951171875,0.5078125
1419,2,0.7451171875,0.7545166015625,0.3654378056526184,0.883758544921875,0.4451090693473816
1419,2,0.72119140625,0.39666748046875,0.3498128056526184,0.462982177734375,0.4219359755516052
1420,2,0.9140625,0.8785400390625,0.37548828125,0.998931884765625,0.4873453378677368
1420,2,0.87353515625,0.104248046875,0.3251953125,0.35107421875,0.5188801884651184
1420,2,0.83251953125,0.64385986328125,0.3625895082950592,0.754852294921875,0.4518229067325592
1420,2,0.794921875,0.46246337890625,0.3296712040901184,0.61322021484375,0.515380859375
1420,2,0.72216796875,0.392425537109375,0.35015869140625,0.465728759765625,0.4277750253677368
1420,2,0.61962890625,0.7945556640625,0.3705241084098816,0.892059326171875,0.4571126103401184
1420,2,0.5849609375,0.6018218994140625,0.3697509765625,0.639251708984375,0.418701171875
1420,2,0.51318359375,0.6334228515625,0.7366536855697632,0.997314453125,0.9816895723342896
1421,2,0.88427734375,0.106201171875,0.322021484375,0.3568115234375,0.5380045771598816
1421,2,0.857421875,0.905242919921875,0.3755289614200592,0.9996337890625,0.4978434145450592
1421,2,0.8203125,0.4639892578125,0.3274332880973816,0.61163330078125,0.5157063603401184
1421,2,0.80615234375,0.64642333984375,0.3628336787223816,0.745513916015625,0.4504395127296448
1421,2,0.7646484375,0.816162109375,0.3639729619026184,0.9344482421875,0.4576415419578552
1421,2,0.7529296875,0.39312744140625,0.35028076171875,0.465789794921875,0.4263509511947632
1421,2,0.619140625,0.5986175537109375,0.369873046875,0.6357879638671875,0.4186197519302368
1421,2,0.55224609375,0.773651123046875,0.3668619990348816,0.8392333984375,0.4440510869026184
1422,2,0.87744140625,0.11676025390625,0.322998046875,0.35809326171875,0.5196126103401184
1422,2,0.875,0.46331787109375,0.3274739980697632,0.61370849609375,0.5045980215072632
1422,2,0.82861328125,0.643951416015625,0.3609619140625,0.750091552734375,0.450439453125
1422,2,0.75830078125,0.400146484375,0.3517863154411316,0.47088623046875,0.4265339970588684
1422,2,0.71923828125,0.831298828125,0.3577067255973816,0.9747314453125,0.4649251103401184
1422,2,0.658203125,0.938140869140625,0.3715006709098816,0.999847412109375,0.4960530400276184
1422,2,0.50732421875,0.749298095703125,0.3648681640625,0.827667236328125,0.4386800527572632
1423,2,0.91162109375,0.11993408203125,0.323486328125,0.36083984375,0.5185139775276184
1423,2,0.86865234375,0.85601806640625,0.3581949770450592,0.99444580078125,0.4780680239200592
1423,2,0.82958984375,0.46331787109375,0.3291829228401184,0.61346435546875,0.501953125
1423,2,0.7919921875,0.6541748046875,0.3636474609375,0.7518310546875,0.4517822265625
1423,2,0.69775390625,0.401580810546875,0.349609375,0.467987060546875,0.4246826171875
1423,2,0.58251953125,0.814788818359375,0.3602702021598816,0.893157958984375,0.4516602158546448
1423,2,0.5263671875,0.743377685546875,0.37127685546875,0.812957763671875,0.4401651620864868
1424,2,0.9150390625,0.1256103515625,0.3282877802848816,0.36334228515625,0.514404296875
1424,2,0.861328125,0.88043212890625,0.3611246645450592,0.998443603515625,0.4884440004825592
1424,2,0.85888671875,0.463623046875,0.3326008915901184,0.61083984375,0.5043131709098816
1424,2,0.80517578125,0.65185546875,0.3658854365348816,0.750823974609375,0.4521077275276184
1424,2,0.71630859375,0.4000244140625,0.3506062626838684,0.4725341796875,0.4276530146598816
1424,2,0.64892578125,0.841827392578125,0.3652140498161316,0.91949462890625,0.4578858017921448
1424,2,0.60009765625,0.781341552734375,0.3829345703125,0.8345184326171875,0.4484049081802368
1424,2,0.55224609375,0.5952911376953125,0.3695271909236908,0.6378021240234375,0.4151204526424408
1425,2,0.9111328125,0.13104248046875,0.330322265625,0.36572265625,0.517333984375
1425,2,0.861328125,0.4656982421875,0.337890625,0.608184814453125,0.5060628056526184
1425,2,0.83740234375,0.90435791015625,0.3643391728401184,0.9996337890625,0.5029703974723816
1425,2,0.7802734375,0.656890869140625,0.3724772334098816,0.74884033203125,0.4572754502296448
1425,2,0.72314453125,0.400665283203125,0.3595377802848816,0.4678955078125,0.4317627549171448
1425,2,0.69189453125,0.795989990234375,0.37969970703125,0.8633880615234375,0.4600830078125
1425,2,0.6845703125,0.8402099609375,0.3692626953125,0.9501953125,0.4704996347427368
1425,2,0.51611328125,0.5960845947265625,0.37322998046875,0.635223388671875,0.4232991933822632
1426,2,0.91650390625,0.1365966796875,0.3318684697151184,0.36407470703125,0.5173746943473816
1426,2,0.8310546875,0.46575927734375,0.3387044072151184,0.607818603515625,0.5090739130973816
1426,2,0.8251953125,0.658447265625,0.3699951171875,0.745819091796875,0.4568685293197632
1426,2,0.73388671875,0.898193359375,0.3787434995174408,0.98638916015625,0.4765218198299408
1426,2,0.72021484375,0.401885986328125,0.3572184443473816,0.4704742431640625,0.4331665635108948
1426,2,0.60791015625,0.593017578125,0.3692830502986908,0.6363677978515625,0.4243977963924408
1426,2,0.572265625,0.805938720703125,0.3749186396598816,0.890350341796875,0.4595337510108948
1426,2,0.56787109375,0.9384765625,0.3699137568473816,0.99920654296875,0.4953206181526184
1427,2,0.9208984375,0.14190673828125,0.32666015625,0.3680419921875,0.509521484375
1427,2,0.8134765625,0.4666748046875,0.3350422978401184,0.607757568359375,0.5006103515625
1427,2,0.802734375,0.655120849609375,0.3658040463924408,0.74615478515625,0.4512532651424408
1427,2,0.79931640625,0.591644287109375,0.3607177734375,0.6377105712890625,0.4155477285385132
1427,2,0.68359375,0.403411865234375,0.3527425229549408,0.4698028564453125,0.4261678159236908
1427,2,0.638671875,0.924560546875,0.3681640625,0.9989013671875,0.4847412109375
1427,2,0.61669921875,0.82000732421875,0.3634440302848816,0.94964599609375,0.4621582627296448
1427,2,0.5771484375,0.040435791015625,0.355224609375,0.11962890625,0.4013265371322632
1428,2,0.9248046875,0.1474609375,0.3307291269302368,0.37322998046875,0.5121256113052368
1428,2,0.8505859375,0.46575927734375,0.3407389521598816,0.6060791015625,0.503173828125
1428,2,0.7724609375,0.656646728515625,0.36541748046875,0.744049072265625,0.4532470703125
1428,2,0.73876953125,0.5920257568359375,0.3607381284236908,0.6371917724609375,0.4134725034236908
1428,2,0.69921875,0.405242919921875,0.3551228940486908,0.4733734130859375,0.4265950620174408
1428,2,0.56640625,0.37091064453125,0.3594970703125,0.41796875,0.4116617441177368
1428,2,0.53759765625,0.09393310546875,0.3592732846736908,0.1386871337890625,0.3965657651424408
1429,2,0.92236328125,0.1522216796875,0.3310546875,0.37347412109375,0.5102946162223816
1429,2,0.8427734375,0.4683837890625,0.342041015625,0.60546875,0.5010172724723816
1429,2,0.7802734375,0.65972900390625,0.368408203125,0.74444580078125,0.4560546875
1429,2,0.7802734375,0.40716552734375,0.35491943359375,0.471588134765625,0.4261270761489868
1429,2,0.73046875,4.57763671875e-05,0.3624064326286316,0.0530242919921875,0.4076538681983948
1429,2,0.7197265625,0.590789794921875,0.3606160283088684,0.63751220703125,0.4118449091911316
1429,2,0.7021484375,0.08990478515625,0.350341796875,0.1925048828125,0.4143880605697632
1429,2,0.58837890625,0.04852294921875,0.35626220703125,0.0971832275390625,0.4036458730697632
1429,2,0.58837890625,0.37005615234375,0.3601888120174408,0.41650390625,0.4123128354549408
1429,2,0.5244140625,0.83087158203125,0.3698323369026184,0.925323486328125,0.4740397334098816
1429,11,0.5166015625,0.848236083984375,0.1273600310087204,0.8917388916015625,0.1832682341337204
1430,2,0.916015625,0.16021728515625,0.3286946415901184,0.37591552734375,0.5062255859375
1430,2,0.869140625,0.46978759765625,0.3418782651424408,0.605682373046875,0.4976399838924408
1430,2,0.80419921875,0.66241455078125,0.37371826171875,0.7459716796875,0.4551187753677368
1430,2,0.787109375,0.0316162109375,0.3446044921875,0.15643310546875,0.4154459238052368
1430,2,0.767578125,0.85162353515625,0.3529459834098816,0.999267578125,0.484130859375
1430,2,0.76708984375,0.40380859375,0.35125732421875,0.4705810546875,0.4261678457260132
1430,2,0.71142578125,0.5926055908203125,0.3629150390625,0.638092041015625,0.4148153066635132
1430,2,0.52783203125,0.3663330078125,0.3541666865348816,0.419677734375,0.4001057744026184
1430,11,0.525390625,0.8707733154296875,0.1084391251206398,0.919586181640625,0.1719563901424408
1431,2,0.90380859375,0.16741943359375,0.3296712040901184,0.3778076171875,0.5067545771598816
1431,2,0.85400390625,0.47088623046875,0.3445637822151184,0.604644775390625,0.4967448115348816
1431,2,0.7998046875,0.659454345703125,0.37353515625,0.74853515625,0.4584146738052368
1431,2,0.7919921875,0.000244140625,0.3371378779411316,0.08544921875,0.4265137314796448
1431,2,0.7607421875,0.87451171875,0.3701578378677368,0.9991455078125,0.5002847909927368
1431,2,0.6884765625,0.59100341796875,0.3612263798713684,0.63916015625,0.4156290888786316
1431,2,0.65087890625,0.403594970703125,0.3489176630973816,0.48712158203125,0.4282227158546448
1431,2,0.63037109375,0.872833251953125,0.3665568232536316,0.9277191162109375,0.4177449345588684
1431,2,0.5458984375,0.082244873046875,0.3620198369026184,0.1199798583984375,0.3942057490348816
1432,2,0.91748046875,0.17816162109375,0.3291829824447632,0.38177490234375,0.5014241933822632
1432,2,0.8896484375,0.47271728515625,0.34228515625,0.605194091796875,0.4945068359375
1432,2,0.763671875,0.660614013671875,0.3685099482536316,0.74871826171875,0.4534505009651184
1432,2,0.7529296875,0.8842620849609375,0.363037109375,0.9486083984375,0.4144693613052368
1432,2,0.7333984375,0.136138916015625,0.3509317934513092,0.2074432373046875,0.4022623598575592
1432,2,0.708984375,0.4053955078125,0.3522542119026184,0.474700927734375,0.4204100966453552
1432,2,0.6748046875,0.049713134765625,0.3575846254825592,0.0937957763671875,0.3911539614200592
1432,2,0.66748046875,0.00067138671875,0.3480428159236908,0.05474853515625,0.3965657651424408
1432,2,0.6591796875,0.5906524658203125,0.3604533076286316,0.645904541015625,0.4129639267921448
1432,2,0.54833984375,0.908843994140625,0.3769938349723816,0.99945068359375,0.4973145127296448
1432,2,0.5234375,0.941436767578125,0.3775838017463684,0.9991607666015625,0.4243571162223816
1432,11,0.5205078125,0.9346771240234375,0.0519205778837204,0.994720458984375,0.1306966096162796
1433,2,0.91943359375,0.1876220703125,0.33251953125,0.3880615234375,0.5023193359375
1433,2,0.8935546875,0.47509765625,0.3457844853401184,0.606781005859375,0.4973551630973816
1433,2,0.73388671875,0.899932861328125,0.3644816279411316,0.967926025390625,0.4159749150276184
1433,2,0.72900390625,0.591522216796875,0.3588663637638092,0.6439056396484375,0.4138590395450592
1433,2,0.71826171875,0.416412353515625,0.3496500849723816,0.4913787841796875,0.4214070439338684
1433,2,0.669921875,0.6617431640625,0.3710530698299408,0.75238037109375,0.4569905698299408
1433,2,0.58740234375,0.077880859375,0.3546346127986908,0.177520751953125,0.4085896909236908
1433,2,0.56591796875,0.819366455078125,0.3743693232536316,0.877899169921875,0.4047241806983948
1433,2,0.56201171875,0.01202392578125,0.3625285029411316,0.0629119873046875,0.3971558213233948
1434,2,0.931640625,0.477783203125,0.338134765625,0.60870361328125,0.4883219599723816
1434,2,0.91748046875,0.1983642578125,0.324951171875,0.3919677734375,0.4952392578125
1434,2,0.7607421875,0.4154205322265625,0.3475545048713684,0.479766845703125,0.4162394404411316
1434,2,0.7373046875,0.9156646728515625,0.3564046025276184,0.98907470703125,0.4091796278953552
1434,2,0.69189453125,0.6645965576171875,0.3661702275276184,0.75213623046875,0.4492186903953552
1434,2,0.677734375,0.7316436767578125,0.3631998896598816,0.784942626953125,0.4156087040901184
1434,2,0.67041015625,0.5986480712890625,0.3553670048713684,0.6464996337890625,0.4081217646598816
1434,2,0.64306640625,0.029693603515625,0.342529296875,0.1259765625,0.4013265371322632
1434,2,0.54345703125,0.833953857421875,0.3658447265625,0.8956146240234375,0.3995565176010132
1435,2,0.91748046875,0.48162841796875,0.338134765625,0.60943603515625,0.4903157353401184
1435,2,0.9111328125,0.20770263671875,0.3255208134651184,0.3953857421875,0.4884440302848816
1435,2,0.7119140625,0.9320526123046875,0.3477986454963684,0.999053955078125,0.4078776240348816
1435,2,0.705078125,0.66729736328125,0.3602294921875,0.755462646484375,0.4468790292739868
1435,2,0.6787109375,0.733367919921875,0.3610026240348816,0.7983551025390625,0.4179280400276184
1435,2,0.6748046875,0.41827392578125,0.3448689579963684,0.48284912109375,0.4105224013328552
1435,2,0.6142578125,-0.000152587890625,0.3405964970588684,0.05474853515625,0.4077555537223816
1435,2,0.57666015625,0.5996856689453125,0.3525797724723816,0.650299072265625,0.4036865830421448
1435,2,0.5087890625,0.3705596923828125,0.342529296875,0.412139892578125,0.3940225839614868
1436,2,0.9091796875,0.48309326171875,0.3439127802848816,0.60980224609375,0.4914143681526184
1436,2,0.90625,0.2142333984375,0.3340657353401184,0.39752197265625,0.494140625
1436,2,0.712890625,0.420623779296875,0.3499348759651184,0.4835968017578125,0.4133707880973816
1436,2,0.669921875,0.7398681640625,0.3647867739200592,0.812103271484375,0.4236246645450592
1436,2,0.64599609375,0.59954833984375,0.3539225459098816,0.65545654296875,0.4093018174171448
1436,2,0.64013671875,0.94769287109375,0.3573404848575592,0.999298095703125,0.4139811098575592
1436,2,0.61669921875,0.667755126953125,0.3605143427848816,0.764251708984375,0.4481201767921448
1437,2,0.900390625,0.48431396484375,0.3409016728401184,0.60986328125,0.4854736328125
1437,2,0.876953125,0.22064208984375,0.33251953125,0.4007568359375,0.4916178584098816
1437,2,0.763671875,0.7393798828125,0.3600260615348816,0.827850341796875,0.4268391728401184
1437,2,0.72705078125,0.665924072265625,0.3549397587776184,0.76043701171875,0.4429728388786316
1437,2,0.697265625,0.6011810302734375,0.3529459834098816,0.65179443359375,0.4057007431983948
1437,2,0.6787109375,0.423583984375,0.3427327573299408,0.484527587890625,0.4038899838924408
1437,2,0.640625,0.962188720703125,0.3444417119026184,0.999542236328125,0.4088744521141052
1437,2,0.5185546875,0.360382080078125,0.3417561650276184,0.425872802734375,0.3945922255516052
1438,2,0.919921875,0.22662353515625,0.3305256962776184,0.40496826171875,0.484619140625
1438,2,0.9072265625,0.484375,0.3390299677848816,0.609375,0.4847005009651184
1438,2,0.80908203125,0.667236328125,0.3499552607536316,0.766632080078125,0.4353840947151184
1438,2,0.66552734375,0.420623779296875,0.3434651494026184,0.48828125,0.4023436903953552
1438,2,0.642578125,0.757049560546875,0.3551839292049408,0.843109130859375,0.4250081479549408
1438,2,0.5966796875,0.598480224609375,0.34185791015625,0.654022216796875,0.3997802734375
1438,2,0.5087890625,0.92889404296875,0.3345133364200592,0.99932861328125,0.4032389223575592
1439,2,0.92578125,0.2335205078125,0.3324381411075592,0.4061279296875,0.4825846254825592
1439,2,0.90478515625,0.485076904296875,0.3375651240348816,0.608489990234375,0.4803059697151184
1439,2,0.7607421875,0.669403076171875,0.3511148989200592,0.765167236328125,0.4371134340763092
1439,2,0.74658203125,0.749755859375,0.353271484375,0.860504150390625,0.43115234375
1439,2,0.650390625,0.408599853515625,0.3388468623161316,0.48638916015625,0.4015095829963684
1440,2,0.9248046875,0.23773193359375,0.3316243290901184,0.40771484375,0.4791666865348816
1440,2,0.88720703125,0.4849853515625,0.333251953125,0.608734130859375,0.4833577275276184
1440,2,0.7783203125,0.770233154296875,0.3527425229549408,0.88739013671875,0.4324544370174408
1440,2,0.74658203125,0.670166015625,0.341796875,0.764434814453125,0.4357503652572632
1440,2,0.7294921875,0.426544189453125,0.3351033329963684,0.485626220703125,0.3970744013786316
1440,2,0.6259765625,0.596435546875,0.33758544921875,0.66387939453125,0.39862060546875
1441,2,0.9111328125,0.48602294921875,0.3316243290901184,0.607574462890625,0.471435546875
1441,2,0.890625,0.2445068359375,0.3282063603401184,0.40789794921875,0.48046875
1441,2,0.79248046875,0.42755126953125,0.32916259765625,0.4903411865234375,0.3935546875
1441,2,0.78369140625,0.672027587890625,0.3407796025276184,0.7708740234375,0.4318847060203552
1441,2,0.73486328125,0.601165771484375,0.3341878056526184,0.6591796875,0.3934325575828552
1441,2,0.6904296875,0.76959228515625,0.3481038212776184,0.907073974609375,0.4354655146598816
1441,2,0.60009765625,0.392974853515625,0.3326416015625,0.4350738525390625,0.3704427480697632
1442,2,0.90869140625,0.4840087890625,0.330322265625,0.60577392578125,0.46484375
1442,2,0.89111328125,0.247802734375,0.3271484375,0.4117431640625,0.4696452021598816
1442,2,0.796875,0.67742919921875,0.343994140625,0.779083251953125,0.432373046875
1442,2,0.7724609375,0.8018798828125,0.3517659306526184,0.9337158203125,0.4434813857078552
1442,2,0.76025390625,0.42791748046875,0.3282673954963684,0.4898834228515625,0.3935343623161316
1442,2,0.69921875,0.3920745849609375,0.3297932744026184,0.4396209716796875,0.3698527216911316
1442,2,0.6943359375,0.597259521484375,0.3297932744026184,0.66107177734375,0.3950602412223816
1442,2,0.57666015625,0.776397705078125,0.3461100161075592,0.841064453125,0.4147135317325592
1443,2,0.91162109375,0.25396728515625,0.3272297978401184,0.41326904296875,0.46728515625
1443,2,0.8798828125,0.48480224609375,0.3302409052848816,0.602264404296875,0.4625244140625
1443,2,0.822265625,0.6832275390625,0.3465982973575592,0.792388916015625,0.4365641176700592
1443,2,0.7890625,0.8199462890625,0.3514404296875,0.9666748046875,0.4509683847427368
1443,2,0.76708984375,0.60089111328125,0.33135986328125,0.66424560546875,0.3948974609375
1443,2,0.64697265625,0.428680419921875,0.3311360776424408,0.48980712890625,0.3920491635799408
1443,2,0.583984375,0.78765869140625,0.34649658203125,0.859832763671875,0.4180501699447632
1443,2,0.55517578125,0.3912200927734375,0.32904052734375,0.4362335205078125,0.3723551034927368
1443,2,0.50927734375,0.16259765625,0.3187052309513092,0.2421417236328125,0.3647257387638092
1444,2,0.94189453125,0.258544921875,0.3167317509651184,0.41552734375,0.45458984375
1444,2,0.90478515625,0.48406982421875,0.3190104365348816,0.6016845703125,0.455810546875
1444,2,0.82568359375,0.679229736328125,0.3390706181526184,0.777618408203125,0.4276530146598816
1444,2,0.71728515625,0.6024322509765625,0.31982421875,0.666839599609375,0.3856607675552368
1444,2,0.71728515625,0.7989501953125,0.3341471552848816,0.88519287109375,0.4170735478401184
1444,2,0.66455078125,0.848175048828125,0.3456624150276184,0.94317626953125,0.4351806044578552
1444,2,0.63232421875,0.428955078125,0.3193156123161316,0.4912567138671875,0.3815308213233948
1444,2,0.61669921875,0.88092041015625,0.3669840693473816,0.99859619140625,0.4515381455421448
1445,2,0.93408203125,0.26416015625,0.3134358823299408,0.41839599609375,0.4478352963924408
1445,2,0.8505859375,0.48504638671875,0.3140055537223816,0.600921630859375,0.4471435546875
1445,2,0.7451171875,0.684051513671875,0.3350016176700592,0.784454345703125,0.4235636293888092
1445,2,0.7119140625,0.603912353515625,0.31903076171875,0.6697845458984375,0.3831583261489868
1445,2,0.626953125,0.4304351806640625,0.30865478515625,0.4904327392578125,0.37799072265625
1445,2,0.61669921875,0.87310791015625,0.3389078974723816,0.99951171875,0.4428711533546448
1445,2,0.55419921875,0.816070556640625,0.3290608525276184,0.907470703125,0.4224852919578552
1446,2,0.94384765625,0.266845703125,0.31591796875,0.419769287109375,0.4479166865348816
1446,2,0.79931640625,0.48358154296875,0.3214111328125,0.59716796875,0.4459228515625
1446,2,0.7841796875,0.6846923828125,0.3317057490348816,0.78106689453125,0.4269409775733948
1446,2,0.72412109375,0.602935791015625,0.3164265751838684,0.670501708984375,0.3835245966911316
1446,2,0.69677734375,0.88336181640625,0.3445637822151184,0.999755859375,0.4609374403953552
1446,2,0.66455078125,0.4326324462890625,0.3106689453125,0.4874114990234375,0.3777059316635132
1446,2,0.51611328125,0.262847900390625,0.3014119267463684,0.314208984375,0.3664957880973816
1447,2,0.92236328125,0.27294921875,0.3256428837776184,0.4244384765625,0.4576416015625
1447,2,0.91015625,0.48272705078125,0.3267415165901184,0.597686767578125,0.458984375
1447,2,0.8291015625,0.689208984375,0.3444010317325592,0.795928955078125,0.4420572817325592
1447,2,0.822265625,0.2484893798828125,0.3147990107536316,0.305450439453125,0.3791096806526184
1447,2,0.71826171875,0.86553955078125,0.3459065556526184,0.998565673828125,0.4694823622703552
1447,2,0.6826171875,0.608734130859375,0.3298543095588684,0.67706298828125,0.3991088271141052
1447,2,0.64404296875,0.791534423828125,0.3414306640625,0.8946533203125,0.4399007558822632
1447,2,0.533203125,0.4355316162109375,0.3291015625,0.49017333984375,0.3869425058364868
1448,2,0.91259765625,0.276123046875,0.3330078125,0.4261474609375,0.4665120244026184
1448,2,0.87841796875,0.484588623046875,0.3319498896598816,0.59912109375,0.4659016728401184
1448,2,0.8134765625,0.888671875,0.3585205078125,0.99908447265625,0.4779052734375
1448,2,0.7802734375,0.692535400390625,0.3526611328125,0.80999755859375,0.4535318613052368
1448,2,0.763671875,0.609619140625,0.3354085385799408,0.682586669921875,0.4085286557674408
1448,2,0.72265625,0.23577880859375,0.3220621943473816,0.3037872314453125,0.3950195908546448
1448,2,0.68701171875,0.825103759765625,0.3531901240348816,0.922607421875,0.4414063096046448
1448,2,0.65869140625,0.7841796875,0.3448486328125,0.870697021484375,0.4116007089614868
1449,2,0.92578125,0.27972412109375,0.3273112177848816,0.43499755859375,0.4646809697151184
1449,2,0.849609375,0.485626220703125,0.3336588740348816,0.600433349609375,0.4659016728401184
1449,2,0.7880859375,0.7017822265625,0.3468017578125,0.81634521484375,0.451904296875
1449,2,0.74755859375,0.22052001953125,0.3203532099723816,0.298065185546875,0.3952637314796448
1449,2,0.7421875,0.616119384765625,0.3358968198299408,0.6888427734375,0.4052327573299408
1449,2,0.7177734375,0.926177978515625,0.3577473759651184,0.9989013671875,0.4708659052848816
1449,2,0.6689453125,0.43621826171875,0.3337605595588684,0.4949951171875,0.3932494521141052
1449,2,0.61669921875,0.796905517578125,0.3366292417049408,0.8927001953125,0.4303792417049408
1449,2,0.57373046875,0.83319091796875,0.3639323115348816,0.95904541015625,0.4477131962776184
1450,2,0.939453125,0.2822265625,0.326416015625,0.42864990234375,0.45947265625
1450,2,0.90771484375,0.484588623046875,0.3292236328125,0.598388671875,0.459228515625
1450,2,0.88525390625,0.7010498046875,0.3425700068473816,0.827728271484375,0.4571533799171448
1450,2,0.8037109375,0.8729248046875,0.3622233271598816,0.998321533203125,0.4763184189796448
1450,2,0.771484375,0.808990478515625,0.3375651240348816,0.919158935546875,0.4320068955421448
1450,2,0.7490234375,0.615478515625,0.3280436396598816,0.69512939453125,0.4015706181526184
1450,2,0.71435546875,0.199432373046875,0.312744140625,0.282562255859375,0.3914388418197632
1450,2,0.64892578125,0.4376983642578125,0.3258870244026184,0.4921875,0.3848876357078552
1451,2,0.947265625,0.28558349609375,0.3245442509651184,0.43292236328125,0.4566650390625
1451,2,0.88818359375,0.81884765625,0.3368733823299408,0.946319580078125,0.4424642026424408
1451,2,0.8828125,0.706329345703125,0.3425700068473816,0.83935546875,0.4519043564796448
1451,2,0.873046875,0.48455810546875,0.3280436098575592,0.598663330078125,0.4603678286075592
1451,2,0.8134765625,0.900238037109375,0.3650309443473816,0.999908447265625,0.4800618290901184
1451,2,0.73583984375,0.617462158203125,0.328125,0.702301025390625,0.4070638418197632
1451,2,0.60888671875,0.177459716796875,0.3123779296875,0.245758056640625,0.3947957754135132
1451,2,0.5888671875,0.436126708984375,0.32476806640625,0.493927001953125,0.3851114511489868
1452,2,0.94140625,0.28857421875,0.3250732421875,0.4322509765625,0.4562581181526184
1452,2,0.8720703125,0.7125244140625,0.343017578125,0.85693359375,0.4559732675552368
1452,2,0.849609375,0.484619140625,0.3312174677848816,0.597198486328125,0.4585774540901184
1452,2,0.82666015625,0.8480224609375,0.3370361328125,0.9871826171875,0.451171875
1452,2,0.7490234375,0.6197509765625,0.3280029296875,0.700897216796875,0.4107259511947632
1452,2,0.73779296875,0.2437744140625,0.3297525942325592,0.3184967041015625,0.4100748598575592
1452,2,0.72607421875,0.15460205078125,0.306640625,0.259185791015625,0.3970133066177368
1452,2,0.62841796875,0.000152587890625,0.3174031376838684,0.053802490234375,0.3674315810203552
1452,2,0.61669921875,0.942138671875,0.3719482421875,0.99957275390625,0.4777425527572632
1452,2,0.60888671875,0.434295654296875,0.3357950747013092,0.4908599853515625,0.3837076723575592
1453,2,0.921875,0.2901611328125,0.3177490234375,0.42828369140625,0.4455159306526184
1453,2,0.86767578125,0.72113037109375,0.3345540165901184,0.8594970703125,0.4525145888328552
1453,2,0.86328125,0.483642578125,0.3214111328125,0.598236083984375,0.4508056640625
1453,2,0.81005859375,0.130523681640625,0.2945149540901184,0.24822998046875,0.3909098505973816
1453,2,0.80322265625,0.86395263671875,0.32763671875,0.9991455078125,0.4559326171875
1453,2,0.73046875,0.622406005859375,0.3186848759651184,0.711151123046875,0.4034220576286316
1453,2,0.59912109375,0.230712890625,0.3201497197151184,0.31109619140625,0.4002684950828552
1453,2,0.51806640625,0.5946197509765625,0.3156535029411316,0.6359405517578125,0.3809407353401184
1453,2,0.51416015625,0.842071533203125,0.3309529721736908,0.8937530517578125,0.3705037534236908
1454,2,0.92822265625,0.288330078125,0.3182373046875,0.4339599609375,0.4444987177848816
1454,2,0.876953125,0.72039794921875,0.3326416015625,0.87469482421875,0.4573160409927368
1454,2,0.8759765625,0.48321533203125,0.3204345703125,0.596282958984375,0.4552001953125
1454,2,0.83984375,0.903717041015625,0.3297932744026184,0.999786376953125,0.4691569209098816
1454,2,0.822265625,0.626739501953125,0.3231201171875,0.71575927734375,0.4088948965072632
1454,2,0.626953125,0.09930419921875,0.2981770932674408,0.186370849609375,0.4030354917049408
1454,2,0.58837890625,0.173828125,0.2999267578125,0.23199462890625,0.3484293222427368
1454,2,0.5703125,0.862701416015625,0.326171875,0.925933837890625,0.4373372793197632
1454,2,0.54248046875,0.596435546875,0.3210042119026184,0.6389312744140625,0.3811644911766052
1455,2,0.890625,0.4837646484375,0.3208821415901184,0.597076416015625,0.4547119140625
1455,2,0.888671875,0.29949951171875,0.3233235478401184,0.433837890625,0.4526774287223816
1455,2,0.87890625,0.74072265625,0.3422037661075592,0.88604736328125,0.4592691957950592
1455,2,0.86572265625,0.06597900390625,0.2965087890625,0.20965576171875,0.4130452871322632
1455,2,0.810546875,0.631256103515625,0.3264973759651184,0.7239990234375,0.4178873896598816
1455,2,0.7744140625,0.937042236328125,0.3340250551700592,0.999969482421875,0.4650065004825592
1455,2,0.73681640625,0.85906982421875,0.333984375,0.958465576171875,0.4348551034927368
1455,2,0.619140625,0.59649658203125,0.3262735903263092,0.6464691162109375,0.3891398012638092
1455,2,0.5439453125,0.43975830078125,0.2864176630973816,0.525146484375,0.3763020634651184
1455,2,0.5029296875,0.19659423828125,0.3140869140625,0.304046630859375,0.3890380859375
1456,2,0.89990234375,0.48272705078125,0.3158772587776184,0.598785400390625,0.4482421875
1456,2,0.87890625,0.02850341796875,0.2912190556526184,0.18768310546875,0.4110514521598816
1456,2,0.87841796875,0.298614501953125,0.3145345151424408,0.43914794921875,0.4429524838924408
1456,2,0.8505859375,0.1700439453125,0.3087158203125,0.30828857421875,0.4257405996322632
1456,2,0.76318359375,0.7471923828125,0.3323567509651184,0.921875,0.4687907099723816
1456,2,0.71142578125,0.63507080078125,0.318115234375,0.732635498046875,0.4170736074447632
1456,2,0.67041015625,0.911773681640625,0.3291015625,0.99566650390625,0.4437662363052368
1456,2,0.60791015625,0.597259521484375,0.3137410283088684,0.652099609375,0.3847655653953552
1456,2,0.5400390625,0.115020751953125,0.2896321415901184,0.188079833984375,0.3574015498161316
1457,2,0.896484375,0.30584716796875,0.3123372197151184,0.44049072265625,0.4374186396598816
1457,2,0.857421875,0.1339111328125,0.3096516728401184,0.28448486328125,0.4321288466453552
1457,2,0.8427734375,0.483154296875,0.3131917119026184,0.596588134765625,0.4453532099723816
1457,2,0.8388671875,0.75958251953125,0.329345703125,0.9315185546875,0.4583740234375
1457,2,0.76025390625,0.637603759765625,0.3104248046875,0.738739013671875,0.4083658456802368
1457,2,0.640625,0.59832763671875,0.3113810420036316,0.6535491943359375,0.3758545517921448
1457,2,0.61962890625,6.103515625e-05,0.2855631411075592,0.149658203125,0.4149576723575592
1457,2,0.6162109375,0.2728271484375,0.3028971552848816,0.3443603515625,0.3839924931526184
1457,2,0.587890625,0.928802490234375,0.3243815004825592,0.9998626708984375,0.4469400942325592
1457,2,0.51318359375,0.1359405517578125,0.28759765625,0.20166015625,0.3196817636489868
1457,2,0.5107421875,0.0772857666015625,0.2821452021598816,0.14654541015625,0.3347778916358948
1458,2,0.89111328125,0.3057861328125,0.3142903447151184,0.442474365234375,0.4352213740348816
1458,2,0.86279296875,9.1552734375e-05,0.284912109375,0.12774658203125,0.4221598505973816
1458,2,0.83642578125,0.4835205078125,0.3109537959098816,0.594970703125,0.4453125
1458,2,0.81640625,0.7734375,0.3365885615348816,0.94342041015625,0.47607421875
1458,2,0.78271484375,0.64111328125,0.3137614130973816,0.748504638671875,0.4119465947151184
1458,2,0.7099609375,0.0963134765625,0.2986653745174408,0.248046875,0.4186604917049408
1458,2,0.6796875,0.255584716796875,0.3075764775276184,0.3294677734375,0.3883056044578552
1458,2,0.65966796875,0.59881591796875,0.3111165165901184,0.661285400390625,0.3848063349723816
1459,2,0.85595703125,0.4798583984375,0.3108723759651184,0.597015380859375,0.4475504755973816
1459,2,0.83935546875,0.30841064453125,0.3153482973575592,0.442230224609375,0.4335123598575592
1459,2,0.7998046875,0.603485107421875,0.3094889521598816,0.6650543212890625,0.3821411728858948
1459,2,0.7841796875,0.79339599609375,0.3348795771598816,0.98455810546875,0.4823811650276184
1459,2,0.7822265625,0.644134521484375,0.31494140625,0.759185791015625,0.4151204824447632
1459,2,0.7724609375,0.217742919921875,0.31201171875,0.319000244140625,0.3954671621322632
1459,2,0.51123046875,0.4396514892578125,0.3105672299861908,0.4871368408203125,0.3628743588924408
1459,2,0.50732421875,0.936737060546875,0.3334147334098816,0.999755859375,0.4548340439796448
1460,2,0.87841796875,0.47906494140625,0.3152262568473816,0.594451904296875,0.4474690556526184
1460,2,0.84765625,0.31658935546875,0.3149006962776184,0.4384765625,0.4350585341453552
1460,2,0.82763671875,0.648773193359375,0.3155110776424408,0.7662353515625,0.4218343198299408
1460,2,0.82568359375,0.80853271484375,0.3382975161075592,0.99713134765625,0.4935709536075592
1460,2,0.78173828125,0.1884765625,0.3145344853401184,0.319549560546875,0.4119872450828552
1460,2,0.7744140625,0.6048583984375,0.3108927607536316,0.6682281494140625,0.3861084580421448
1460,2,0.57421875,0.439971923828125,0.3052571415901184,0.488494873046875,0.3673705458641052
1460,2,0.560546875,0.283599853515625,0.3029378056526184,0.3467864990234375,0.3563842177391052
1461,2,0.87353515625,0.4781494140625,0.3141275942325592,0.59442138671875,0.4501139223575592
1461,2,0.873046875,0.3193359375,0.315185546875,0.442779541015625,0.4316812753677368
1461,2,0.86279296875,-0.00048828125,0.2910970151424408,0.18450927734375,0.4805501401424408
1461,2,0.8291015625,0.16094970703125,0.3087971806526184,0.31036376953125,0.4210612177848816
1461,2,0.82763671875,0.60687255859375,0.3108927309513092,0.6767120361328125,0.3931070864200592
1461,2,0.8251953125,0.83551025390625,0.3419596552848816,0.99761962890625,0.4966633915901184
1461,2,0.79736328125,0.6536865234375,0.3166096806526184,0.77862548828125,0.4303385615348816
1461,2,0.56787109375,0.270233154296875,0.30517578125,0.33966064453125,0.3578287363052368
1461,2,0.5146484375,0.427093505859375,0.3048502802848816,0.4906158447265625,0.3642171025276184
1462,2,0.88818359375,0.4752197265625,0.3188069462776184,0.59381103515625,0.4564208984375
1462,2,0.88671875,0.658203125,0.318603515625,0.793212890625,0.4486083984375
1462,2,0.86865234375,-0.00018310546875,0.2982584834098816,0.15057373046875,0.501953125
1462,2,0.86279296875,0.3228759765625,0.317626953125,0.445281982421875,0.4315185546875
1462,2,0.84130859375,0.610076904296875,0.3128255009651184,0.67828369140625,0.3930053114891052
1462,2,0.74169921875,0.12060546875,0.3219807744026184,0.28656005859375,0.4238280653953552
1462,2,0.61962890625,0.87078857421875,0.3455404043197632,0.99847412109375,0.5148519277572632
1462,2,0.58447265625,0.443115234375,0.3044230341911316,0.4926605224609375,0.3688557744026184
1462,2,0.53955078125,0.252777099609375,0.3098551630973816,0.328277587890625,0.3831990361213684
1462,2,0.515625,0.844879150390625,0.3011881411075592,0.950836181640625,0.3954264223575592
1463,2,0.91748046875,0.6629638671875,0.3206787109375,0.8033447265625,0.4537760615348816
1463,2,0.8828125,0.47296142578125,0.3191731572151184,0.59307861328125,0.4560546875
1463,2,0.85888671875,0.3267822265625,0.3181559443473816,0.44683837890625,0.4313965439796448
1463,2,0.81640625,0.61126708984375,0.3149006962776184,0.682586669921875,0.3997599482536316
1463,2,0.7529296875,0.072998046875,0.311279296875,0.26788330078125,0.440185546875
1463,2,0.7333984375,0.2244873046875,0.3047688603401184,0.329498291015625,0.3961588740348816
1463,2,0.72314453125,0.00030517578125,0.29638671875,0.092803955078125,0.522216796875
1463,2,0.68017578125,0.8548583984375,0.3016764521598816,0.960205078125,0.3945313096046448
1463,2,0.62158203125,0.4382476806640625,0.30755615234375,0.494049072265625,0.3676553964614868
1463,2,0.52490234375,0.916107177734375,0.351318359375,0.999725341796875,0.5433756709098816
1464,2,0.9208984375,0.66650390625,0.3196207880973816,0.81829833984375,0.4571533203125
1464,2,0.8896484375,0.331390380859375,0.3186441957950592,0.449310302734375,0.4333902895450592
1464,2,0.869140625,0.47314453125,0.3204345703125,0.592559814453125,0.4571940302848816
1464,2,0.78271484375,0.005615234375,0.317626953125,0.2462158203125,0.4581705927848816
1464,2,0.77734375,0.204315185546875,0.3069661259651184,0.327484130859375,0.4044188857078552
1464,2,0.76025390625,0.61090087890625,0.3176676630973816,0.687896728515625,0.4029133915901184
1464,2,0.57763671875,0.4425201416015625,0.31292724609375,0.4940185546875,0.3697916269302368
1465,2,0.9150390625,0.672119140625,0.3191324770450592,0.8365478515625,0.4680582582950592
1465,2,0.87060546875,0.3328857421875,0.3162028193473816,0.447296142578125,0.4317219853401184
1465,2,0.8525390625,-0.0003662109375,0.3154296875,0.2119140625,0.4733073115348816
1465,2,0.8330078125,0.4744873046875,0.3182779848575592,0.592498779296875,0.4545084536075592
1465,2,0.82763671875,0.1822509765625,0.3037109375,0.316436767578125,0.410400390625
1465,2,0.82568359375,0.616546630859375,0.3159993290901184,0.69354248046875,0.4079589247703552
1465,2,0.65576171875,0.4461669921875,0.3129476010799408,0.495697021484375,0.3662923276424408
1465,2,0.5126953125,0.87548828125,0.30609130859375,0.980194091796875,0.36407470703125
1466,2,0.9091796875,0.67889404296875,0.3172607421875,0.85113525390625,0.4703369140625
1466,2,0.90380859375,-0.000244140625,0.3130289614200592,0.1824951171875,0.4842936098575592
1466,2,0.853515625,0.618865966796875,0.3139241337776184,0.7015380859375,0.4090575575828552
1466,2,0.83203125,0.473388671875,0.3134358823299408,0.591644287109375,0.4530843198299408
1466,2,0.83056640625,0.339447021484375,0.314208984375,0.4525146484375,0.419921875
1466,2,0.5859375,0.4470367431640625,0.3104044795036316,0.495269775390625,0.3640339970588684
1466,2,0.513671875,0.32440185546875,0.3023274540901184,0.374542236328125,0.3374430537223816
1467,2,0.9072265625,0.684814453125,0.3168131709098816,0.86962890625,0.4825032353401184
1467,2,0.85400390625,0.474365234375,0.3153889775276184,0.59210205078125,0.4530029296875
1467,2,0.81005859375,0.346038818359375,0.3133952021598816,0.457275390625,0.4201660752296448
1467,2,0.78125,0.0001220703125,0.3116862177848816,0.148193359375,0.5049641728401184
1467,2,0.7685546875,0.61834716796875,0.3150227665901184,0.705963134765625,0.4051310420036316
1467,2,0.59521484375,0.09765625,0.3039957582950592,0.24932861328125,0.3920084536075592
1467,2,0.5859375,0.447998046875,0.3133748173713684,0.49462890625,0.3646239638328552
1467,2,0.55908203125,0.316131591796875,0.3075154721736908,0.37176513671875,0.3733113706111908
1467,2,0.53759765625,0.238189697265625,0.3179931640625,0.32159423828125,0.3989461660385132
1467,2,0.52978515625,0.91314697265625,0.3029988706111908,0.999420166015625,0.3618977963924408
1468,2,0.9248046875,0.693359375,0.3055012822151184,0.88787841796875,0.4899088740348816
1468,2,0.845703125,0.622894287109375,0.3098551630973816,0.71466064453125,0.4134522080421448
1468,2,0.8203125,0.47406005859375,0.3127034306526184,0.59149169921875,0.4478759765625
1468,2,0.75927734375,0.34906005859375,0.3057047426700592,0.45635986328125,0.4109293520450592
1468,2,0.6806640625,0.306121826171875,0.301025390625,0.3714752197265625,0.3828939199447632
1468,2,0.68017578125,-0.000152587890625,0.3041177988052368,0.0987548828125,0.5045572519302368
1468,2,0.6689453125,0.217926025390625,0.310302734375,0.30889892578125,0.398193359375
1468,2,0.64111328125,0.077392578125,0.2943928837776184,0.20599365234375,0.4039713740348816
1468,2,0.5400390625,0.1770172119140625,0.2946980893611908,0.233154296875,0.3428548276424408
1469,2,0.91748046875,0.70123291015625,0.31103515625,0.91522216796875,0.4954426884651184
1469,2,0.876953125,0.0308837890625,0.3017171025276184,0.1788330078125,0.4464518427848816
1469,2,0.8671875,0.4708251953125,0.3142903447151184,0.591400146484375,0.4542236328125
1469,2,0.81396484375,0.62554931640625,0.3153890073299408,0.719573974609375,0.4240315854549408
1469,2,0.79443359375,0.3515625,0.315673828125,0.458282470703125,0.4165853261947632
1469,2,0.6513671875,0.29205322265625,0.3121541440486908,0.3619842529296875,0.3898518979549408
1469,2,0.640625,0.205322265625,0.3140462338924408,0.300048828125,0.4115804135799408
1469,2,0.56005859375,0.1439208984375,0.300048828125,0.221893310546875,0.36871337890625
1469,2,0.52587890625,0.591522216796875,0.3162434697151184,0.658050537109375,0.3881632685661316
1469,2,0.5205078125,0.944915771484375,0.3097330927848816,0.99945068359375,0.4080403447151184
1470,2,0.9013671875,0.70989990234375,0.3056640625,0.93853759765625,0.5168864130973816
1470,2,0.896484375,0.47064208984375,0.3212890625,0.59356689453125,0.4584553837776184
1470,2,0.88818359375,0.0,0.2999674677848816,0.18731689453125,0.465087890625
1470,2,0.81591796875,0.3568115234375,0.317138671875,0.460418701171875,0.41943359375
1470,2,0.77978515625,0.62957763671875,0.3191731870174408,0.7293701171875,0.4289143979549408
1470,2,0.74658203125,0.27874755859375,0.3121744692325592,0.361480712890625,0.3954874575138092
1470,2,0.62841796875,0.5908050537109375,0.3266398012638092,0.65899658203125,0.4018961489200592
1470,2,0.587890625,0.164886474609375,0.3140055537223816,0.27874755859375,0.4180501103401184
1470,2,0.52978515625,0.102935791015625,0.3037109375,0.1927490234375,0.37738037109375
1471,2,0.90380859375,0.719970703125,0.3009440302848816,0.96337890625,0.52197265625
1471,2,0.89111328125,3.0517578125e-05,0.29541015625,0.16754150390625,0.47607421875
1471,2,0.87451171875,0.471923828125,0.3168131709098816,0.594146728515625,0.4549560546875
1471,2,0.81787109375,0.361328125,0.3158366084098816,0.4605712890625,0.4140625596046448
1471,2,0.8017578125,0.633056640625,0.313232421875,0.740509033203125,0.4235433340072632
1471,2,0.74755859375,0.1121826171875,0.3011067509651184,0.262603759765625,0.4101561903953552
1471,2,0.724609375,0.268524169921875,0.3066813051700592,0.3668212890625,0.3977457582950592
1471,2,0.5205078125,0.6012420654296875,0.3205159604549408,0.658721923828125,0.3877156674861908
1472,2,0.88037109375,0.47125244140625,0.3149821162223816,0.594970703125,0.4586995244026184
1472,2,0.861328125,0.72705078125,0.3013508915901184,0.9937744140625,0.531982421875
1472,2,0.84326171875,0.000152587890625,0.2908528745174408,0.12799072265625,0.4966634213924408
1472,2,0.80712890625,0.63287353515625,0.3136799931526184,0.74658203125,0.4351806044578552
1472,2,0.755859375,0.3660888671875,0.3199462890625,0.454681396484375,0.4071451425552368
1472,2,0.7119140625,0.25433349609375,0.3091227412223816,0.36083984375,0.4008381962776184
1472,2,0.68701171875,0.08544921875,0.308837890625,0.24017333984375,0.4305826425552368
1472,2,0.60400390625,0.592315673828125,0.3270263671875,0.6578369140625,0.38336181640625
1472,2,0.53515625,0.2172698974609375,0.3036091923713684,0.2725067138671875,0.3602294325828552
1473,2,0.88525390625,0.7362060546875,0.300048828125,0.998779296875,0.5370280146598816
1473,2,0.873046875,0.47113037109375,0.3135579228401184,0.594512939453125,0.4604899287223816
1473,2,0.8671875,0.63946533203125,0.3148193359375,0.75604248046875,0.434326171875
1473,2,0.8125,0.24041748046875,0.3067626953125,0.3597412109375,0.4033609628677368
1473,2,0.8076171875,-6.103515625e-05,0.284912109375,0.07843017578125,0.4796549677848816
1473,2,0.7724609375,0.3701171875,0.3092448115348816,0.456787109375,0.4067383408546448
1473,2,0.76953125,0.03662109375,0.3053385317325592,0.17724609375,0.4421793520450592
1473,2,0.68701171875,0.5940399169921875,0.32440185546875,0.657318115234375,0.38641357421875
1473,2,0.59228515625,0.11920166015625,0.305908203125,0.214202880859375,0.4031778573989868
1474,2,0.9072265625,0.00018310546875,0.3053385317325592,0.19000244140625,0.4607340395450592
1474,2,0.89599609375,0.4688720703125,0.3159586489200592,0.5947265625,0.4601236879825592
1474,2,0.88427734375,0.63897705078125,0.3104655146598816,0.761566162109375,0.4369710087776184
1474,2,0.8828125,0.744873046875,0.299560546875,0.99542236328125,0.5477702021598816
1474,2,0.8828125,0.22564697265625,0.3095296025276184,0.35186767578125,0.4125162959098816
1474,2,0.78955078125,0.373138427734375,0.310302734375,0.46588134765625,0.412353515625
1474,2,0.73681640625,0.592987060546875,0.3252970576286316,0.65924072265625,0.3902588486671448
1474,2,0.50537109375,0.4639739990234375,0.2850341796875,0.497467041015625,0.3209635019302368
1475,2,0.9150390625,6.103515625e-05,0.2989908754825592,0.1575927734375,0.4791666567325592
1475,2,0.890625,0.470458984375,0.3230794370174408,0.59417724609375,0.4606526792049408
1475,2,0.88818359375,0.759765625,0.30322265625,0.99554443359375,0.554443359375
1475,2,0.88134765625,0.20855712890625,0.3086344301700592,0.343017578125,0.4177652895450592
1475,2,0.8759765625,0.645355224609375,0.3153483271598816,0.76910400390625,0.4464111328125
1475,2,0.77880859375,0.594757080078125,0.33111572265625,0.6614837646484375,0.3961181640625
1475,2,0.7529296875,0.37811279296875,0.3212890625,0.474639892578125,0.4121907949447632
1475,2,0.63037109375,0.334716796875,0.31689453125,0.3846893310546875,0.3821207284927368
1475,2,0.61328125,0.12457275390625,0.3045450747013092,0.1710662841796875,0.3399454653263092
1475,2,0.57275390625,0.7542572021484375,0.3286946415901184,0.80316162109375,0.3617960810661316
1476,2,0.9208984375,0.18798828125,0.3137614130973816,0.337646484375,0.4348958134651184
1476,2,0.91845703125,0.00030517578125,0.3140869140625,0.12005615234375,0.498779296875
1476,2,0.88671875,0.468902587890625,0.3254801630973816,0.595458984375,0.47119140625
1476,2,0.87841796875,0.65350341796875,0.3223063349723816,0.79461669921875,0.4546712040901184
1476,2,0.875,0.7718505859375,0.3240560293197632,0.99664306640625,0.5860189199447632
1476,2,0.7998046875,0.3756103515625,0.3242594599723816,0.477325439453125,0.4147949814796448
1476,2,0.73046875,0.600341796875,0.33563232421875,0.665374755859375,0.3983358144760132
1476,2,0.65234375,0.1298828125,0.3061726987361908,0.20928955078125,0.3436482846736908
1476,2,0.61181640625,0.32171630859375,0.3197835087776184,0.389862060546875,0.4022623896598816
1476,2,0.57568359375,0.76007080078125,0.3316243290901184,0.81915283203125,0.3856200575828552
1476,2,0.50048828125,0.809356689453125,0.3239949643611908,0.9056396484375,0.4016927182674408
1477,2,0.90771484375,0.788330078125,0.3136393427848816,0.99822998046875,0.596923828125
1477,2,0.90625,0.65496826171875,0.319091796875,0.79058837890625,0.4545084834098816
1477,2,0.892578125,0.1678466796875,0.3106282651424408,0.3250732421875,0.4335530698299408
1477,2,0.8720703125,0.468353271484375,0.3232828974723816,0.59429931640625,0.4700927734375
1477,2,0.7685546875,0.369049072265625,0.3164876103401184,0.47564697265625,0.4040934443473816
1477,2,0.75634765625,0.117340087890625,0.3050537109375,0.1898345947265625,0.34356689453125
1477,2,0.7529296875,0.598968505859375,0.3328653872013092,0.666778564453125,0.4007364809513092
1477,2,0.6689453125,0.7747039794921875,0.3303629755973816,0.83258056640625,0.3741455674171448
1477,2,0.6591796875,0.31036376953125,0.31634521484375,0.38104248046875,0.3910318613052368
1477,2,0.587890625,-0.000152587890625,0.324951171875,0.069366455078125,0.4993489384651184
1478,2,0.92578125,0.65985107421875,0.31298828125,0.797119140625,0.4521077275276184
1478,2,0.91015625,0.80108642578125,0.306884765625,0.99945068359375,0.620361328125
1478,2,0.89453125,0.465057373046875,0.3184000551700592,0.5972900390625,0.4664713442325592
1478,2,0.8818359375,0.14208984375,0.3046061396598816,0.31402587890625,0.4335530400276184
1478,2,0.76513671875,0.3599853515625,0.312744140625,0.466522216796875,0.399658203125
1478,2,0.71044921875,0.593017578125,0.3280029296875,0.666412353515625,0.4024454355239868
1478,2,0.63818359375,0.298583984375,0.310302734375,0.36920166015625,0.3851114511489868
1478,2,0.5712890625,0.7835693359375,0.327880859375,0.85198974609375,0.41522216796875
1479,2,0.947265625,0.666748046875,0.3188883364200592,0.81036376953125,0.4623209536075592
1479,2,0.86865234375,0.46588134765625,0.3232828676700592,0.59930419921875,0.4791666567325592
1479,2,0.86328125,0.11090087890625,0.30859375,0.30267333984375,0.4472249150276184
1479,2,0.86181640625,0.82159423828125,0.3131510019302368,0.9996337890625,0.6732584238052368
1479,2,0.81787109375,0.7869873046875,0.331298828125,0.8712158203125,0.4241943359375
1479,2,0.8017578125,0.592254638671875,0.3344319760799408,0.67303466796875,0.4228719174861908
1479,2,0.78759765625,0.2886962890625,0.3160603642463684,0.3760986328125,0.3966063857078552
1479,2,0.69189453125,0.388671875,0.329345703125,0.467529296875,0.40582275390625
1480,2,0.92919921875,0.67230224609375,0.3165283203125,0.81939697265625,0.457275390625
1480,2,0.91748046875,0.08282470703125,0.3009440302848816,0.2899169921875,0.4517415165901184
1480,2,0.89501953125,0.464141845703125,0.3199869692325592,0.5999755859375,0.4726969301700592
1480,2,0.8291015625,0.27349853515625,0.3140462040901184,0.370391845703125,0.3957926630973816
1480,2,0.81982421875,0.840576171875,0.31201171875,0.9993896484375,0.7150064706802368
1480,2,0.81396484375,0.796112060546875,0.33050537109375,0.89202880859375,0.4246419668197632
1480,2,0.767578125,0.38861083984375,0.3201904296875,0.46966552734375,0.3996175527572632
1481,2,0.92578125,0.675994873046875,0.3186441957950592,0.82879638671875,0.4685465395450592
1481,2,0.90625,0.0428466796875,0.3009440302848816,0.2708740234375,0.4669189453125
1481,2,0.86328125,0.8636474609375,0.3130696415901184,0.99884033203125,0.640380859375
1481,2,0.8427734375,0.46209716796875,0.3167724609375,0.602447509765625,0.47802734375
1481,2,0.80126953125,0.255615234375,0.31591796875,0.3599853515625,0.3980712890625
1481,2,0.775390625,0.8082275390625,0.3290608525276184,0.91375732421875,0.4316813349723816
1481,2,0.74951171875,0.390533447265625,0.3184407353401184,0.46539306640625,0.4005534052848816
1481,2,0.740234375,0.595306396484375,0.3338216245174408,0.679779052734375,0.4228108823299408
1481,2,0.57861328125,0.341522216796875,0.3135782778263092,0.3941192626953125,0.3834635317325592
1482,2,0.92333984375,0.67926025390625,0.2994791567325592,0.841796875,0.4534098207950592
1482,2,0.9150390625,0.00390625,0.2813720703125,0.24945068359375,0.455810546875
1482,2,0.8984375,0.88818359375,0.3108723759651184,0.998992919921875,0.629150390625
1482,2,0.8447265625,0.241729736328125,0.2974039912223816,0.354827880859375,0.3889973759651184
1482,2,0.8203125,0.4613037109375,0.302978515625,0.605224609375,0.462646484375
1482,2,0.81396484375,0.3902587890625,0.3027750551700592,0.46551513671875,0.3847452700138092
1482,2,0.81005859375,0.822998046875,0.3199056088924408,0.9334716796875,0.4198811948299408
1482,2,0.7744140625,0.59478759765625,0.3147786259651184,0.67730712890625,0.4059244990348816
1482,2,0.67333984375,0.334869384765625,0.2997639775276184,0.3887481689453125,0.3601481318473816
1483,2,0.9208984375,-0.00042724609375,0.2633463442325592,0.23297119140625,0.4552408754825592
1483,2,0.91259765625,0.68743896484375,0.2821858525276184,0.84600830078125,0.4447428584098816
1483,2,0.8818359375,0.834808349609375,0.3029378056526184,0.95703125,0.4038493037223816
1483,2,0.8818359375,0.454742431640625,0.2871907651424408,0.6041259765625,0.4497884213924408
1483,2,0.8310546875,0.9080810546875,0.3058268427848816,0.9990234375,0.6109212636947632
1483,2,0.7841796875,0.22735595703125,0.2857259213924408,0.338104248046875,0.3760579526424408
1483,2,0.7783203125,0.577911376953125,0.2982991635799408,0.67852783203125,0.3940022885799408
1483,2,0.76513671875,0.3968505859375,0.2918701171875,0.465087890625,0.3675333261489868
1483,2,0.556640625,0.3303070068359375,0.2857462763786316,0.3786468505859375,0.3551838994026184
1483,2,0.53662109375,0.627227783203125,0.258544921875,0.70184326171875,0.3360799551010132
1483,2,0.5166015625,0.3693695068359375,0.2877197265625,0.4087982177734375,0.346435546875
1484,2,0.91259765625,0.69683837890625,0.2830403745174408,0.85546875,0.4456380307674408
1484,2,0.86328125,0.0001220703125,0.265869140625,0.2171630859375,0.47021484375
1484,2,0.853515625,0.456878662109375,0.292236328125,0.60546875,0.4549153447151184
1484,2,0.8408203125,0.844024658203125,0.310546875,0.98291015625,0.4235433340072632
1484,2,0.83984375,0.2117919921875,0.2877197265625,0.333984375,0.3852132558822632
1484,2,0.779296875,0.396484375,0.297119140625,0.46685791015625,0.3726602792739868
1484,2,0.7314453125,0.926483154296875,0.3578287363052368,0.999420166015625,0.6366373300552368
1484,2,0.71875,0.5916748046875,0.30487060546875,0.676788330078125,0.396728515625
1484,2,0.6513671875,0.3197021484375,0.2899576723575592,0.3869781494140625,0.3592936098575592
1485,2,0.8984375,0.7037353515625,0.2837321162223816,0.85650634765625,0.4441731572151184
1485,2,0.876953125,6.103515625e-05,0.26318359375,0.197021484375,0.47509765625
1485,2,0.8720703125,0.201171875,0.2878825068473816,0.324615478515625,0.3863118290901184
1485,2,0.85986328125,0.8531494140625,0.3137614130973816,0.99664306640625,0.4242756962776184
1485,2,0.849609375,0.454254150390625,0.2929280400276184,0.60247802734375,0.4518229365348816
1485,2,0.77734375,0.400054931640625,0.2978922724723816,0.466583251953125,0.3644409775733948
1485,2,0.72021484375,0.9366455078125,0.3633626699447632,0.999542236328125,0.65234375
1485,2,0.666015625,0.58953857421875,0.3071696162223816,0.674041748046875,0.3982136845588684
1485,2,0.662109375,0.3112030029296875,0.2909139096736908,0.37310791015625,0.3609212338924408
1486,2,0.89111328125,-0.00018310546875,0.25537109375,0.18035888671875,0.4771321415901184
1486,2,0.8798828125,0.8555908203125,0.3103434443473816,0.99932861328125,0.4185791611671448
1486,2,0.87744140625,0.70806884765625,0.2805989384651184,0.8616943359375,0.4276123046875
1486,2,0.8662109375,0.451904296875,0.2886556088924408,0.601806640625,0.4485677182674408
1486,2,0.861328125,0.19476318359375,0.2832844853401184,0.323822021484375,0.3815917372703552
1486,2,0.79052734375,0.584716796875,0.29833984375,0.6719970703125,0.3942056894302368
1486,2,0.7802734375,0.305206298828125,0.28582763671875,0.374969482421875,0.35595703125
1486,2,0.7255859375,0.401123046875,0.2935791015625,0.4669952392578125,0.3590291738510132
1486,2,0.72021484375,0.939910888671875,0.355712890625,0.999603271484375,0.6407064199447632
1487,2,0.89599609375,0.708740234375,0.280517578125,0.858795166015625,0.4407551884651184
1487,2,0.89599609375,0.191650390625,0.2844645380973816,0.3243408203125,0.3837483525276184
1487,2,0.87890625,-9.1552734375e-05,0.2529296875,0.17169189453125,0.4811198115348816
1487,2,0.8759765625,0.45758056640625,0.287109375,0.59918212890625,0.4442545771598816
1487,2,0.8115234375,0.86846923828125,0.3111979067325592,0.998046875,0.4250895082950592
1487,2,0.8095703125,0.302490234375,0.2862345576286316,0.37109375,0.3537800908088684
1487,2,0.80419921875,0.583587646484375,0.2976887822151184,0.6678466796875,0.3952636122703552
1487,2,0.75634765625,0.93353271484375,0.32421875,0.99951171875,0.651611328125
1487,2,0.71044921875,0.403594970703125,0.2955525517463684,0.4664764404296875,0.3583781123161316
1487,2,0.5830078125,0.3578643798828125,0.2876994013786316,0.401885986328125,0.3304646611213684
1487,2,0.55517578125,0.6723480224609375,0.3000081181526184,0.712615966796875,0.3362833857536316
1488,2,0.9111328125,0.19024658203125,0.289306640625,0.3253173828125,0.3934732675552368
1488,2,0.900390625,0.0,0.2596028745174408,0.16741943359375,0.4898274838924408
1488,2,0.8525390625,0.70703125,0.2880045473575592,0.8541259765625,0.4371744692325592
1488,2,0.837890625,0.916748046875,0.31640625,0.999237060546875,0.630859375
1488,2,0.8271484375,0.461181640625,0.2948405146598816,0.597503662109375,0.4475911259651184
1488,2,0.80322265625,0.8779296875,0.3192952275276184,0.9986572265625,0.4281005263328552
1488,2,0.7470703125,0.6718292236328125,0.3060302734375,0.714111328125,0.3427734375
1488,2,0.7451171875,0.300628662109375,0.2958984375,0.3671875,0.357666015625
1488,2,0.712890625,0.404815673828125,0.2997233271598816,0.4678192138671875,0.3613484501838684
1488,2,0.6845703125,0.583465576171875,0.3084716796875,0.6593017578125,0.3998209238052368
1488,2,0.640625,0.129058837890625,0.29248046875,0.21258544921875,0.36676025390625
1488,2,0.59326171875,0.3585968017578125,0.300537109375,0.4046630859375,0.3488973379135132
1489,2,0.9072265625,-0.000274658203125,0.2633463740348816,0.1700439453125,0.495849609375
1489,2,0.876953125,0.7037353515625,0.29833984375,0.84326171875,0.4376220703125
1489,2,0.8388671875,0.19110107421875,0.2970377802848816,0.324615478515625,0.4017334580421448
1489,2,0.833984375,0.89300537109375,0.326171875,0.999237060546875,0.6229654550552368
1489,2,0.8310546875,0.46392822265625,0.3055827021598816,0.59588623046875,0.4461669921875
1489,2,0.798828125,0.409210205078125,0.3062540888786316,0.4698333740234375,0.3708699345588684
1489,2,0.76513671875,0.886077880859375,0.3293049931526184,0.9805908203125,0.4361571669578552
1489,2,0.7333984375,0.578948974609375,0.3135986328125,0.652801513671875,0.3975015878677368
1489,2,0.7197265625,0.301513671875,0.3034260869026184,0.365692138671875,0.3658854365348816
1489,2,0.67138671875,0.3550567626953125,0.3063761591911316,0.4048309326171875,0.3554688096046448
1489,2,0.65576171875,0.6709136962890625,0.3159586787223816,0.7115020751953125,0.3538818955421448
1489,2,0.62841796875,0.12261962890625,0.2964680790901184,0.223663330078125,0.3575236201286316
1490,2,0.88037109375,-0.000244140625,0.261474609375,0.17291259765625,0.4921061396598816
1490,2,0.87841796875,0.69671630859375,0.3002116084098816,0.83294677734375,0.4339599609375
1490,2,0.8671875,0.86529541015625,0.291015625,0.998809814453125,0.625732421875
1490,2,0.84130859375,0.1920166015625,0.2998453974723816,0.325164794921875,0.4010010361671448
1490,2,0.81982421875,0.465576171875,0.3086751103401184,0.59051513671875,0.4473063349723816
1490,2,0.7666015625,0.404541015625,0.3078206181526184,0.47137451171875,0.3702391982078552
1490,2,0.7451171875,0.5732269287109375,0.314697265625,0.645263671875,0.4054158926010132
1490,2,0.6962890625,0.301666259765625,0.3055216670036316,0.371185302734375,0.3681233525276184
1490,2,0.66748046875,0.355560302734375,0.3062540888786316,0.4018707275390625,0.3486939072608948
1490,2,0.666015625,0.6688232421875,0.3160807192325592,0.711700439453125,0.3553263247013092
1490,2,0.54052734375,0.814117431640625,0.3197835087776184,0.8904266357421875,0.4025878310203552
1491,2,0.91162109375,6.103515625e-05,0.2715657353401184,0.18194580078125,0.4872233271598816
1491,2,0.88671875,0.69451904296875,0.30322265625,0.8204345703125,0.4327799677848816
1491,2,0.86328125,0.469024658203125,0.31201171875,0.59063720703125,0.4478352665901184
1491,2,0.83251953125,0.84075927734375,0.29736328125,0.999267578125,0.6378580331802368
1491,2,0.73583984375,0.5731201171875,0.316650390625,0.636505126953125,0.4018758535385132
1491,2,0.72509765625,0.413177490234375,0.3122761845588684,0.4725189208984375,0.3710326552391052
1491,2,0.7177734375,0.19512939453125,0.3023274540901184,0.326568603515625,0.4027099013328552
1491,2,0.6875,0.6694793701171875,0.3199055790901184,0.709014892578125,0.3644816279411316
1491,2,0.6767578125,0.305389404296875,0.30731201171875,0.371551513671875,0.36737060546875
1491,2,0.64013671875,0.3531951904296875,0.3064371943473816,0.406829833984375,0.3515625596046448
1491,2,0.59912109375,0.80926513671875,0.3226521611213684,0.890899658203125,0.3988444209098816
1492,2,0.9091796875,0.00018310546875,0.2762044072151184,0.1934814453125,0.4828287959098816
1492,2,0.88818359375,0.8143310546875,0.2950032949447632,0.99951171875,0.6643880605697632
1492,2,0.83642578125,0.6876220703125,0.3055012822151184,0.803497314453125,0.431396484375
1492,2,0.8115234375,0.47198486328125,0.3109537661075592,0.5887451171875,0.4387613832950592
1492,2,0.77392578125,0.4163818359375,0.3126424252986908,0.4754486083984375,0.3735555112361908
1492,2,0.73486328125,0.5707855224609375,0.3196614384651184,0.63018798828125,0.4063720107078552
1492,2,0.72509765625,0.206817626953125,0.3061116337776184,0.32879638671875,0.4061278700828552
1492,2,0.6591796875,0.3571014404296875,0.3098958432674408,0.40557861328125,0.3555501401424408
1492,2,0.65478515625,0.3079681396484375,0.3077189326286316,0.3695068359375,0.3667805790901184
1492,2,0.59912109375,0.6602020263671875,0.32086181640625,0.7057952880859375,0.3636881113052368
1493,2,0.9140625,6.103515625e-05,0.2854817509651184,0.2061767578125,0.4768473505973816
1493,2,0.88134765625,0.7908935546875,0.3020833730697632,0.99945068359375,0.6167806386947632
1493,2,0.81982421875,0.6822509765625,0.3080647587776184,0.79833984375,0.4200846552848816
1493,2,0.7509765625,0.21612548828125,0.3149007260799408,0.335357666015625,0.4170735776424408
1493,2,0.71728515625,0.4263153076171875,0.3197225034236908,0.477325439453125,0.3736775815486908
1493,2,0.66650390625,0.477630615234375,0.3170166015625,0.58868408203125,0.4402669668197632
1493,2,0.64697265625,0.3147430419921875,0.3143717646598816,0.37200927734375,0.3738403916358948
1493,2,0.619140625,0.3604888916015625,0.3148396611213684,0.408966064453125,0.3620604872703552
1493,2,0.60888671875,0.568511962890625,0.3245646357536316,0.6251373291015625,0.4088135361671448
1493,2,0.54345703125,0.1908111572265625,0.3111979365348816,0.2645263671875,0.3581746220588684
1493,2,0.5087890625,0.784454345703125,0.3351643681526184,0.837158203125,0.3666381239891052
1494,2,0.91015625,0.48095703125,0.32177734375,0.6197509765625,0.4423828125
1494,2,0.9072265625,6.103515625e-05,0.2920735776424408,0.2254638671875,0.4734700620174408
1494,2,0.9052734375,0.7723388671875,0.3098958134651184,0.9984130859375,0.59619140625
1494,2,0.84765625,0.67193603515625,0.3162028193473816,0.7900390625,0.4249268174171448
1494,2,0.7314453125,0.2252197265625,0.3187662959098816,0.340179443359375,0.4118652939796448
1494,2,0.67138671875,0.3212432861328125,0.32000732421875,0.3747711181640625,0.37457275390625
1494,2,0.640625,0.4297637939453125,0.3258463740348816,0.481689453125,0.3812256455421448
1494,2,0.56689453125,0.365203857421875,0.3203328549861908,0.4097137451171875,0.3644002377986908
1494,2,0.50537109375,0.600799560546875,0.2934163212776184,0.6539764404296875,0.3614909052848816
1495,2,0.921875,0.003173828125,0.2978515625,0.234375,0.4704182744026184
1495,2,0.88671875,0.75390625,0.313720703125,0.99810791015625,0.5625
1495,2,0.87744140625,0.48358154296875,0.3221028745174408,0.611083984375,0.4406331479549408
1495,2,0.7841796875,0.23431396484375,0.3206787109375,0.34539794921875,0.4118245840072632
1495,2,0.7822265625,0.6702880859375,0.3211669921875,0.773284912109375,0.4145914316177368
1495,2,0.6962890625,0.4300994873046875,0.3267822265625,0.48193359375,0.37835693359375
1495,2,0.63525390625,0.3236541748046875,0.3215128779411316,0.3741455078125,0.3727009892463684
1495,2,0.61328125,0.58624267578125,0.2947590947151184,0.651275634765625,0.3683268427848816
1495,2,0.572265625,0.3662872314453125,0.3232625424861908,0.411407470703125,0.3691609799861908
1495,2,0.51220703125,0.205902099609375,0.3204752504825592,0.2613525390625,0.3608194887638092
1496,2,0.90283203125,0.484893798828125,0.3223063349723816,0.607940673828125,0.4373372197151184
1496,2,0.90283203125,0.7418212890625,0.315185546875,0.99908447265625,0.5574544072151184
1496,2,0.89892578125,0.0321044921875,0.300537109375,0.24688720703125,0.4619547724723816
1496,2,0.83740234375,0.662750244140625,0.3193766474723816,0.763458251953125,0.4149170517921448
1496,2,0.72802734375,0.235687255859375,0.3245035707950592,0.349639892578125,0.4038492739200592
1496,2,0.69921875,0.43267822265625,0.326171875,0.4832916259765625,0.3783975839614868
1496,2,0.65380859375,0.325439453125,0.3200276494026184,0.3788604736328125,0.3741454482078552
1496,2,0.56884765625,0.36859130859375,0.3256632387638092,0.4145050048828125,0.3725382387638092
1496,2,0.556640625,0.579315185546875,0.2937825322151184,0.648590087890625,0.3686930537223816
1497,2,0.90869140625,0.0606689453125,0.300048828125,0.25762939453125,0.4512532353401184
1497,2,0.90625,0.724365234375,0.3154296875,0.9951171875,0.537841796875
1497,2,0.876953125,0.484527587890625,0.3217366337776184,0.60321044921875,0.4316813349723816
1497,2,0.84423828125,0.657867431640625,0.3164469599723816,0.748748779296875,0.4033406376838684
1497,2,0.7294921875,0.234527587890625,0.318359375,0.354827880859375,0.398193359375
1497,2,0.693359375,6.103515625e-05,0.36669921875,0.072052001953125,0.84423828125
1497,2,0.615234375,0.4357452392578125,0.32330322265625,0.4835968017578125,0.3708699941635132
1497,2,0.5869140625,0.9584197998046875,0.3510538637638092,0.999481201171875,0.3850504457950592
1497,2,0.5634765625,0.33209228515625,0.3184407353401184,0.3831787109375,0.3714599013328552
1497,2,0.54833984375,0.3725738525390625,0.3182780146598816,0.4161834716796875,0.3691609501838684
1497,2,0.51513671875,0.000457763671875,0.3109130859375,0.04595947265625,0.3550821542739868
1498,2,0.9111328125,0.71295166015625,0.3182780146598816,0.950439453125,0.4952392578125
1498,2,0.861328125,0.48590087890625,0.3233642578125,0.595306396484375,0.4295247793197632
1498,2,0.8447265625,0.652191162109375,0.3173421025276184,0.7457275390625,0.4047240614891052
1498,2,0.81982421875,0.08837890625,0.302001953125,0.27105712890625,0.4195963144302368
1498,2,0.7666015625,-0.00018310546875,0.21712243556976318,0.1680908203125,0.8448892831802368
1498,2,0.755859375,0.24737548828125,0.3154296875,0.356353759765625,0.3980509042739868
1498,2,0.68017578125,0.93145751953125,0.3501790165901184,0.999786376953125,0.49169921875
1498,2,0.6767578125,0.4379425048828125,0.32061767578125,0.485321044921875,0.3721923828125
1498,2,0.556640625,0.3365936279296875,0.31878662109375,0.3814849853515625,0.3697305917739868
1498,2,0.5087890625,0.569488525390625,0.2873941957950592,0.650146484375,0.3669840395450592
1498,2,0.505859375,0.37518310546875,0.3162841796875,0.41595458984375,0.3677774667739868
1499,2,0.8984375,0.702392578125,0.3177083134651184,0.91387939453125,0.493896484375
1499,2,0.88134765625,-0.00030517578125,0.20377600193023682,0.2294921875,0.8489583730697632
1499,2,0.873046875,0.9095458984375,0.347412109375,0.999664306640625,0.4794108271598816
1499,2,0.83203125,0.64569091796875,0.31884765625,0.726104736328125,0.3982137441635132
1499,2,0.8193359375,0.487762451171875,0.3210042417049408,0.58953857421875,0.4217122495174408
1499,2,0.79052734375,0.136962890625,0.3008219599723816,0.2802734375,0.4312744140625
1499,2,0.7001953125,0.25885009765625,0.3180338740348816,0.358734130859375,0.3956502079963684
1499,2,0.638671875,0.440673828125,0.3208211362361908,0.486175537109375,0.3663533627986908
1499,2,0.5693359375,0.3388671875,0.3181559145450592,0.3858795166015625,0.3708292543888092
1499,2,0.5029296875,0.37835693359375,0.3173014521598816,0.4117431640625,0.3708496689796448
1500,2,0.92578125,-0.0001220703125,0.22119140625,0.270263671875,0.7547200322151184
1500,2,0.9052734375,0.69195556640625,0.3173421025276184,0.88214111328125,0.4733073115348816
1500,2,0.876953125,0.90924072265625,0.3470051884651184,0.9996337890625,0.4869384765625
1500,2,0.86474609375,0.641510009765625,0.31884765625,0.71588134765625,0.3963216543197632
1500,2,0.8291015625,0.4923095703125,0.3230387270450592,0.58245849609375,0.4192301332950592
1500,2,0.67138671875,0.2681884765625,0.3197021484375,0.363433837890625,0.3951619863510132
1500,2,0.60888671875,0.4409332275390625,0.3213297724723816,0.4865570068359375,0.3647461533546448
1500,2,0.52490234375,0.338592529296875,0.3189697265625,0.385498046875,0.3703409433364868
