host_time_s,stream,seq,device_time_s,interval_ms,device_interval_ms,latency_ms,width,height,frame_type,n_objects,objects,temp_c,cpu_css_pct,cpu_mss_pct
0.9313,frame,0,9.023994,,,96.83,512,384,BGR888p,,,,,
0.9316,detections,0,9.023994,,,97.06,,,,3,0:0.96 62:0.55 0:0.54,,,
0.9318,system,0,0.0,,,819064.68,,,,,,39.87,0.5,0.0
1.0957,frame,1,9.057318,164.49,33.32,227.88,512,384,BGR888p,,,,,
1.0959,detections,1,9.057318,164.33,33.32,228.02,,,,3,0:0.96 62:0.55 0:0.55,,,
1.1078,frame,2,9.090639,12.09,33.32,206.66,512,384,BGR888p,,,,,
1.108,detections,2,9.090639,12.07,33.32,206.77,,,,3,0:0.97 56:0.54 62:0.53,,,
1.1116,frame,3,9.12396,3.78,33.32,177.09,512,384,BGR888p,,,,,
1.1117,detections,3,9.12396,3.73,33.32,177.16,,,,3,0:0.97 62:0.56 56:0.56,,,
1.1154,frame,4,9.157286,3.84,33.33,147.6,512,384,BGR888p,,,,,
1.1155,detections,4,9.157286,3.82,33.33,147.66,,,,3,0:0.97 62:0.58 56:0.56,,,
1.1587,frame,5,9.190606,43.25,33.32,157.54,512,384,BGR888p,,,,,
1.166,detections,5,9.190606,50.53,33.32,164.89,,,,4,0:0.97 56:0.56 62:0.54 74:0.51,,,
1.2106,frame,6,9.223926,51.92,33.32,176.14,512,384,BGR888p,,,,,
1.2107,detections,6,9.223926,44.66,33.32,176.21,,,,4,0:0.97 62:0.54 56:0.53 74:0.51,,,
1.2623,frame,7,9.257249,51.66,33.32,194.48,512,384,BGR888p,,,,,
1.2639,detections,7,9.257249,53.14,33.32,196.03,,,,3,0:0.97 62:0.57 56:0.55,,,
1.3075,frame,8,9.29057,45.25,33.32,206.4,512,384,BGR888p,,,,,
1.3076,detections,8,9.29057,43.75,33.32,206.46,,,,4,0:0.97 56:0.56 62:0.55 74:0.50,,,
1.3528,frame,9,9.323891,45.3,33.32,218.37,512,384,BGR888p,,,,,
1.3529,detections,9,9.323891,45.3,33.32,218.43,,,,2,0:0.95 56:0.51,,,
1.4008,frame,10,9.357214,47.94,33.32,233.0,512,384,BGR888p,,,,,
1.4011,detections,10,9.357214,48.16,33.32,233.28,,,,3,0:0.96 56:0.54 56:0.51,,,
1.4467,frame,11,9.390535,45.9,33.32,245.56,512,384,BGR888p,,,,,
1.4467,detections,11,9.390535,45.67,33.32,245.62,,,,2,0:0.96 56:0.60,,,
1.4929,frame,12,9.423857,46.21,33.32,258.45,512,384,BGR888p,,,,,
1.4929,detections,12,9.423857,46.21,33.32,258.51,,,,2,0:0.97 56:0.53,,,
1.5417,frame,13,9.45718,48.79,33.32,273.91,512,384,BGR888p,,,,,
1.5417,detections,13,9.45718,48.78,33.32,273.97,,,,2,0:0.97 56:0.56,,,
1.5889,frame,14,9.490502,47.28,33.32,287.87,512,384,BGR888p,,,,,
1.589,detections,14,9.490502,47.29,33.32,287.93,,,,1,0:0.97,,,
1.6342,frame,15,9.523823,45.3,33.32,299.86,512,384,BGR888p,,,,,
1.6357,detections,15,9.523823,46.72,33.32,301.34,,,,2,0:0.97 56:0.53,,,
1.6816,frame,16,9.557145,47.32,33.32,313.86,512,384,BGR888p,,,,,
1.6817,detections,16,9.557145,45.96,33.32,313.98,,,,2,0:0.97 56:0.56,,,
1.7277,frame,17,9.590467,46.12,33.32,326.65,512,384,BGR888p,,,,,
1.7277,detections,17,9.590467,46.05,33.32,326.7,,,,2,0:0.97 56:0.57,,,
1.7278,system,0,0.0,795.97,0.0,819860.52,,,,,,42.24,72.6,14.7
1.7767,frame,18,9.623788,49.04,33.32,342.37,512,384,BGR888p,,,,,
1.7768,detections,18,9.623788,49.05,33.32,342.44,,,,3,0:0.97 56:0.55 74:0.51,,,
1.8232,frame,19,9.657111,46.53,33.32,355.59,512,384,BGR888p,,,,,
1.8234,detections,19,9.657111,46.58,33.32,355.7,,,,2,0:0.97 56:0.58,,,
1.8694,frame,20,9.690433,46.18,33.32,368.44,512,384,BGR888p,,,,,
1.8695,detections,20,9.690433,46.14,33.32,368.52,,,,2,0:0.97 56:0.56,,,
1.915,frame,21,9.723755,45.62,33.32,380.73,512,384,BGR888p,,,,,
1.9151,detections,21,9.723755,45.6,33.32,380.79,,,,2,0:0.97 56:0.56,,,
1.9615,frame,23,9.790398,46.51,66.64,360.6,512,384,BGR888p,,,,,
1.9616,detections,23,9.790398,46.51,66.64,360.65,,,,2,0:0.97 56:0.56,,,
2.0106,frame,24,9.823723,49.04,33.32,376.31,512,384,BGR888p,,,,,
2.0107,detections,24,9.823723,49.05,33.32,376.38,,,,2,0:0.97 56:0.55,,,
2.0578,frame,26,9.890363,47.24,66.64,356.94,512,384,BGR888p,,,,,
2.059,detections,26,9.890363,48.3,66.64,358.06,,,,3,0:0.97 56:0.58 74:0.54,,,
2.1041,frame,27,9.923687,46.26,33.32,369.86,512,384,BGR888p,,,,,
2.1042,detections,27,9.923687,45.27,33.32,369.99,,,,3,0:0.97 74:0.54 56:0.52,,,
2.1512,frame,28,9.957007,47.09,33.32,383.69,512,384,BGR888p,,,,,
2.1515,detections,28,9.957007,47.23,33.32,383.95,,,,4,0:0.97 74:0.55 56:0.53 62:0.52,,,
2.1968,frame,30,10.023652,45.57,66.64,362.55,512,384,BGR888p,,,,,
2.1968,detections,30,10.023652,45.37,66.64,362.63,,,,4,0:0.97 62:0.56 56:0.55 74:0.54,,,
2.2431,frame,31,10.056974,46.37,33.32,375.6,512,384,BGR888p,,,,,
2.2432,detections,31,10.056974,46.37,33.32,375.67,,,,4,0:0.97 74:0.57 62:0.57 56:0.56,,,
2.2907,frame,33,10.123616,47.55,66.64,356.53,512,384,BGR888p,,,,,
2.2908,detections,33,10.123616,47.59,66.64,356.62,,,,4,0:0.97 62:0.58 56:0.54 74:0.54,,,
2.337,frame,34,10.156942,46.36,33.33,369.57,512,384,BGR888p,,,,,
2.3372,detections,34,10.156942,46.39,33.33,369.7,,,,4,0:0.97 56:0.55 62:0.55 74:0.54,,,
2.383,frame,35,10.19026,46.01,33.32,382.25,512,384,BGR888p,,,,,
2.3832,detections,35,10.19026,45.98,33.32,382.36,,,,4,0:0.97 56:0.52 74:0.51 62:0.50,,,
2.4289,frame,37,10.256905,45.87,66.64,361.46,512,384,BGR888p,,,,,
2.429,detections,37,10.256905,45.83,66.64,361.53,,,,2,0:0.97 56:0.54,,,
2.4766,frame,38,10.290227,47.72,33.32,375.86,512,384,BGR888p,,,,,
2.4767,detections,38,10.290227,47.72,33.32,375.92,,,,3,0:0.97 56:0.53 74:0.51,,,
2.5236,frame,40,10.35687,46.96,66.64,356.17,512,384,BGR888p,,,,,
2.5237,detections,40,10.35687,46.95,66.64,356.23,,,,2,0:0.97 56:0.55,,,
2.5697,frame,41,10.390193,46.06,33.32,368.89,512,384,BGR888p,,,,,
2.5697,detections,41,10.390193,46.04,33.32,368.94,,,,3,0:0.97 56:0.53 74:0.52,,,
2.615,frame,42,10.423514,45.36,33.32,380.95,512,384,BGR888p,,,,,
2.6151,detections,42,10.423514,45.41,33.32,381.04,,,,3,0:0.97 56:0.52 74:0.51,,,
2.6612,frame,44,10.490158,46.14,66.64,360.45,512,384,BGR888p,,,,,
2.6612,detections,44,10.490158,46.13,66.64,360.52,,,,3,0:0.97 56:0.53 74:0.52,,,
2.7098,frame,45,10.52348,48.68,33.32,375.8,512,384,BGR888p,,,,,
2.7099,detections,45,10.52348,48.67,33.32,375.86,,,,4,0:0.97 56:0.56 74:0.53 56:0.50,,,
2.71,system,0,0.0,982.17,0.0,820842.69,,,,,,42.58,35.0,17.5
2.7571,frame,47,10.590124,47.29,66.64,356.44,512,384,BGR888p,,,,,
2.7572,detections,47,10.590124,47.28,66.64,356.5,,,,3,0:0.97 56:0.59 74:0.51,,,
2.8048,frame,48,10.623446,47.69,33.32,370.81,512,384,BGR888p,,,,,
2.8049,detections,48,10.623446,47.7,33.32,370.88,,,,3,0:0.97 56:0.55 74:0.53,,,
2.8492,frame,49,10.656766,44.38,33.32,381.88,512,384,BGR888p,,,,,
2.8493,detections,49,10.656766,44.38,33.32,381.93,,,,3,0:0.97 56:0.53 74:0.51,,,
2.897,frame,51,10.723411,47.8,66.65,363.02,512,384,BGR888p,,,,,
2.8971,detections,51,10.723411,47.79,66.65,363.08,,,,4,0:0.97 56:0.54 74:0.53 62:0.50,,,
2.9436,frame,52,10.756734,46.63,33.32,376.35,512,384,BGR888p,,,,,
2.9437,detections,52,10.756734,46.65,33.32,376.4,,,,3,0:0.97 56:0.56 74:0.52,,,
2.9933,frame,54,10.823376,49.71,66.64,359.4,512,384,BGR888p,,,,,
2.9934,detections,54,10.823376,49.7,66.64,359.47,,,,4,0:0.97 56:0.56 74:0.53 62:0.51,,,
3.0413,frame,55,10.856701,47.95,33.32,374.01,512,384,BGR888p,,,,,
3.0413,detections,55,10.856701,47.92,33.32,374.06,,,,3,0:0.96 56:0.53 74:0.52,,,
3.0853,frame,56,10.890021,44.03,33.32,384.79,512,384,BGR888p,,,,,
3.0873,detections,56,10.890021,45.96,33.32,386.75,,,,3,0:0.97 56:0.53 74:0.52,,,
3.1318,frame,58,10.956665,46.45,66.64,364.53,512,384,BGR888p,,,,,
3.1319,detections,58,10.956665,44.57,66.64,364.62,,,,3,0:0.96 56:0.55 74:0.50,,,
3.179,frame,59,10.989987,47.27,33.32,378.47,512,384,BGR888p,,,,,
3.1791,detections,59,10.989987,47.23,33.32,378.53,,,,2,0:0.96 56:0.57,,,
3.2269,frame,61,11.056629,47.88,66.64,359.71,512,384,BGR888p,,,,,
3.227,detections,61,11.056629,47.87,66.64,359.76,,,,3,0:0.96 56:0.55 74:0.50,,,
3.2766,frame,62,11.089953,49.65,33.32,376.1,512,384,BGR888p,,,,,
3.2768,detections,62,11.089953,49.79,33.32,376.26,,,,3,0:0.96 56:0.58 74:0.51,,,
3.3232,frame,63,11.123273,46.68,33.32,389.53,512,384,BGR888p,,,,,
3.3236,detections,63,11.123273,46.84,33.32,389.84,,,,3,0:0.96 56:0.51 74:0.50,,,
3.3698,frame,65,11.18992,46.61,66.65,369.42,512,384,BGR888p,,,,,
3.37,detections,65,11.18992,46.44,66.65,369.57,,,,3,0:0.96 56:0.53 74:0.52,,,
3.416,frame,66,11.223247,46.2,33.33,382.28,512,384,BGR888p,,,,,
3.4162,detections,66,11.223247,46.2,33.33,382.44,,,,3,0:0.96 56:0.56 74:0.50,,,
3.4616,frame,68,11.289883,45.51,66.64,361.1,512,384,BGR888p,,,,,
3.4616,detections,68,11.289883,45.39,66.64,361.16,,,,3,0:0.97 56:0.56 74:0.52,,,
3.5093,frame,69,11.323206,47.76,33.32,375.55,512,384,BGR888p,,,,,
3.5094,detections,69,11.323206,47.77,33.32,375.61,,,,3,0:0.96 56:0.53 74:0.50,,,
3.5557,frame,71,11.389848,46.39,66.64,355.37,512,384,BGR888p,,,,,
3.5562,detections,71,11.389848,46.81,66.64,355.87,,,,4,0:0.96 56:0.54 74:0.52 62:0.50,,,
3.6026,frame,72,11.423173,46.87,33.32,368.91,512,384,BGR888p,,,,,
3.6032,detections,72,11.423173,46.97,33.32,369.51,,,,4,0:0.96 56:0.54 74:0.52 62:0.50,,,
3.6481,frame,73,11.456491,45.51,33.32,381.1,512,384,BGR888p,,,,,
3.6483,detections,73,11.456491,45.16,33.32,381.33,,,,3,0:0.96 56:0.53 62:0.50,,,
3.695,frame,75,11.523139,46.95,66.65,361.33,512,384,BGR888p,,,,,
3.6951,detections,75,11.523139,46.77,66.65,361.4,,,,3,0:0.96 56:0.56 74:0.51,,,
3.7429,frame,76,11.55646,47.9,33.32,375.9,512,384,BGR888p,,,,,
3.743,detections,76,11.55646,47.88,33.32,375.95,,,,4,0:0.96 56:0.53 74:0.53 62:0.51,,,
3.743,system,0,0.0,1033.06,0.0,821875.76,,,,,,42.64,34.8,17.8
3.7943,frame,78,11.623102,51.38,66.64,360.66,512,384,BGR888p,,,,,
3.7944,detections,78,11.623102,51.41,66.64,360.71,,,,3,0:0.96 56:0.58 74:0.51,,,
3.8389,frame,79,11.656428,44.64,33.33,371.96,512,384,BGR888p,,,,,
3.839,detections,79,11.656428,44.63,33.33,372.02,,,,3,0:0.96 56:0.51 74:0.51,,,
3.8869,frame,80,11.689745,47.91,33.32,386.56,512,384,BGR888p,,,,,
3.8869,detections,80,11.689745,47.92,33.32,386.62,,,,4,0:0.97 56:0.55 62:0.52 74:0.51,,,
3.9305,frame,82,11.756391,43.63,66.65,363.54,512,384,BGR888p,,,,,
3.9306,detections,82,11.756391,43.62,66.65,363.59,,,,3,0:0.96 56:0.53 74:0.51,,,
3.9765,frame,83,11.789722,46.05,33.33,376.27,512,384,BGR888p,,,,,
3.9766,detections,83,11.789722,46.06,33.33,376.32,,,,4,0:0.97 56:0.53 62:0.52 74:0.51,,,
4.0278,frame,85,11.856355,51.27,66.63,360.89,512,384,BGR888p,,,,,
4.0279,detections,85,11.856355,51.25,66.63,360.95,,,,4,0:0.97 56:0.58 74:0.51 62:0.50,,,
4.0744,frame,86,11.889678,46.56,33.32,374.13,512,384,BGR888p,,,,,
4.0744,detections,86,11.889678,46.57,33.32,374.19,,,,2,0:0.97 56:0.55,,,
4.1219,frame,87,11.922998,47.53,33.32,388.34,512,384,BGR888p,,,,,
4.122,detections,87,11.922998,47.52,33.32,388.39,,,,2,0:0.97 56:0.56,,,
4.1679,frame,89,11.989645,45.97,66.65,367.66,512,384,BGR888p,,,,,
4.1683,detections,89,11.989645,46.29,66.65,368.04,,,,3,0:0.97 56:0.51 74:0.50,,,
4.2132,frame,90,12.022973,45.33,33.33,379.67,512,384,BGR888p,,,,,
4.2133,detections,90,12.022973,45.03,33.33,379.74,,,,3,0:0.97 56:0.59 74:0.50,,,
4.2601,frame,92,12.089608,46.89,66.63,359.95,512,384,BGR888p,,,,,
4.2602,detections,92,12.089608,46.95,66.63,360.07,,,,3,0:0.96 56:0.56 74:0.51,,,
4.3087,frame,93,12.122931,48.64,33.32,375.27,512,384,BGR888p,,,,,
4.3089,detections,93,12.122931,48.64,33.32,375.38,,,,4,0:0.96 74:0.54 62:0.53 56:0.53,,,
4.3569,frame,94,12.156251,48.17,33.32,390.1,512,384,BGR888p,,,,,
4.357,detections,94,12.156251,48.12,33.32,390.17,,,,3,0:0.97 56:0.54 74:0.51,,,
4.4021,frame,96,12.222897,45.21,66.65,368.68,512,384,BGR888p,,,,,
4.4022,detections,96,12.222897,45.23,66.65,368.76,,,,3,0:0.97 56:0.53 74:0.51,,,
4.4479,frame,97,12.256223,45.73,33.33,381.08,512,384,BGR888p,,,,,
4.4479,detections,97,12.256223,45.72,33.33,381.14,,,,3,0:0.97 56:0.56 74:0.50,,,
4.4947,frame,99,12.322864,46.86,66.64,361.29,512,384,BGR888p,,,,,
4.4948,detections,99,12.322864,46.85,66.64,361.34,,,,4,0:0.96 56:0.54 74:0.53 62:0.51,,,
4.5414,frame,100,12.356184,46.71,33.32,374.69,512,384,BGR888p,,,,,
4.5415,detections,100,12.356184,46.73,33.32,374.75,,,,3,0:0.96 56:0.54 62:0.53,,,
4.5896,frame,102,12.422827,48.22,66.64,356.25,512,384,BGR888p,,,,,
4.5897,detections,102,12.422827,48.19,66.64,356.3,,,,2,0:0.97 56:0.53,,,
4.6347,frame,103,12.45615,45.11,33.32,368.04,512,384,BGR888p,,,,,
4.6348,detections,103,12.45615,45.11,33.32,368.09,,,,2,0:0.97 56:0.54,,,
4.6791,frame,104,12.48947,44.38,33.32,379.1,512,384,BGR888p,,,,,
4.6792,detections,104,12.48947,44.38,33.32,379.15,,,,3,0:0.97 56:0.58 62:0.52,,,
4.726,frame,106,12.556116,46.9,66.65,359.36,512,384,BGR888p,,,,,
4.7261,detections,106,12.556116,46.91,66.65,359.41,,,,3,0:0.97 56:0.52 74:0.51,,,
4.7262,system,0,0.0,983.12,0.0,822858.88,,,,,,42.98,34.2,16.8
4.7742,frame,107,12.589438,48.13,33.32,374.16,512,384,BGR888p,,,,,
4.7742,detections,107,12.589438,48.13,33.32,374.22,,,,4,0:0.96 56:0.56 62:0.51 74:0.50,,,
4.8216,frame,109,12.65608,47.41,66.64,354.93,512,384,BGR888p,,,,,
4.8223,detections,109,12.65608,48.02,66.64,355.6,,,,3,0:0.97 56:0.58 74:0.51,,,
4.8676,frame,110,12.689403,46.08,33.32,367.69,512,384,BGR888p,,,,,
4.8677,detections,110,12.689403,45.48,33.32,367.75,,,,2,0:0.97 56:0.56,,,
4.9121,frame,111,12.722723,44.41,33.32,378.77,512,384,BGR888p,,,,,
4.9121,detections,111,12.722723,44.38,33.32,378.81,,,,2,0:0.96 56:0.51,,,
4.9591,frame,113,12.789369,47.0,66.65,359.13,512,384,BGR888p,,,,,
4.9591,detections,113,12.789369,47.01,66.65,359.18,,,,2,0:0.97 56:0.57,,,
5.0086,frame,114,12.822691,49.52,33.32,375.33,512,384,BGR888p,,,,,
5.0087,detections,114,12.822691,49.52,33.32,375.39,,,,3,0:0.97 56:0.54 62:0.50,,,
5.0578,frame,116,12.889333,49.24,66.64,357.93,512,384,BGR888p,,,,,
5.0579,detections,116,12.889333,49.25,66.64,357.99,,,,4,0:0.97 56:0.57 62:0.54 74:0.51,,,
5.1052,frame,117,12.922657,47.38,33.32,371.99,512,384,BGR888p,,,,,
5.1053,detections,117,12.922657,47.39,33.32,372.08,,,,3,0:0.97 56:0.57 62:0.53,,,
5.1492,frame,118,12.955976,44.01,33.32,382.69,512,384,BGR888p,,,,,
5.1493,detections,118,12.955976,44.04,33.32,382.8,,,,2,0:0.97 56:0.58,,,
5.1958,frame,120,13.022623,46.63,66.65,362.67,512,384,BGR888p,,,,,
5.196,detections,120,13.022623,46.62,66.65,362.76,,,,2,0:0.97 56:0.54,,,
5.2422,frame,121,13.055944,46.37,33.32,375.73,512,384,BGR888p,,,,,
5.2423,detections,121,13.055944,46.39,33.32,375.83,,,,2,0:0.97 56:0.58,,,
5.2906,frame,123,13.122586,48.4,66.64,357.49,512,384,BGR888p,,,,,
5.2907,detections,123,13.122586,48.38,66.64,357.57,,,,4,0:0.97 56:0.53 74:0.53 62:0.51,,,
5.3382,frame,124,13.15591,47.58,33.32,371.73,512,384,BGR888p,,,,,
5.3383,detections,124,13.15591,47.56,33.32,371.79,,,,4,0:0.96 56:0.54 74:0.53 62:0.50,,,
5.3827,frame,125,13.18923,44.46,33.32,382.86,512,384,BGR888p,,,,,
5.3827,detections,125,13.18923,44.45,33.32,382.92,,,,3,0:0.96 56:0.55 74:0.53,,,
5.4281,frame,127,13.255875,45.47,66.64,361.69,512,384,BGR888p,,,,,
5.4282,detections,127,13.255875,45.47,66.64,361.74,,,,2,0:0.97 56:0.54,,,
5.4761,frame,128,13.289197,48.0,33.32,376.36,512,384,BGR888p,,,,,
5.4762,detections,128,13.289197,48.0,33.32,376.42,,,,2,0:0.97 56:0.54,,,
5.5258,frame,130,13.35584,49.72,66.64,359.45,512,384,BGR888p,,,,,
5.5263,detections,130,13.35584,50.11,66.64,359.92,,,,3,0:0.97 56:0.56 62:0.50,,,
5.573,frame,131,13.389163,47.2,33.32,373.33,512,384,BGR888p,,,,,
5.5731,detections,131,13.389163,46.84,33.32,373.41,,,,3,0:0.97 56:0.53 62:0.52,,,
5.619,frame,132,13.422483,45.95,33.32,385.96,512,384,BGR888p,,,,,
5.6191,detections,132,13.422483,45.94,33.32,386.02,,,,4,0:0.97 56:0.56 74:0.51 62:0.50,,,
5.6643,frame,134,13.489128,45.31,66.64,364.63,512,384,BGR888p,,,,,
5.6644,detections,134,13.489128,45.31,66.64,364.69,,,,3,0:0.97 56:0.52 74:0.51,,,
5.7101,frame,135,13.522451,45.81,33.32,377.1,512,384,BGR888p,,,,,
5.7102,detections,135,13.522451,45.79,33.32,377.16,,,,2,0:0.97 56:0.52,,,
5.7102,system,0,0.0,984.08,0.0,823842.95,,,,,,43.5,34.5,17.1
5.756,frame,137,13.589093,45.89,66.64,356.35,512,384,BGR888p,,,,,
5.7561,detections,137,13.589093,45.9,66.64,356.42,,,,3,0:0.97 56:0.55 62:0.50,,,
5.8043,frame,138,13.622416,48.31,33.32,371.33,512,384,BGR888p,,,,,
5.8044,detections,138,13.622416,48.29,33.32,371.38,,,,3,0:0.97 56:0.54 74:0.51,,,
5.852,frame,139,13.655736,47.68,33.32,385.69,512,384,BGR888p,,,,,
5.8521,detections,139,13.655736,47.69,33.32,385.75,,,,4,0:0.97 56:0.57 74:0.51 62:0.51,,,
5.8959,frame,141,13.722382,43.93,66.65,362.97,512,384,BGR888p,,,,,
5.896,detections,141,13.722382,43.93,66.65,363.03,,,,2,0:0.97 56:0.52,,,
5.9421,frame,142,13.755703,46.22,33.32,375.88,512,384,BGR888p,,,,,
5.9422,detections,142,13.755703,46.23,33.32,375.95,,,,2,0:0.97 56:0.58,,,
5.9899,frame,144,13.822346,47.8,66.64,357.05,512,384,BGR888p,,,,,
5.9901,detections,144,13.822346,47.85,66.64,357.17,,,,2,0:0.97 56:0.53,,,
6.0374,frame,145,13.855669,47.51,33.32,371.27,512,384,BGR888p,,,,,
6.0377,detections,145,13.855669,47.59,33.32,371.47,,,,3,0:0.97 56:0.53 74:0.50,,,
6.0853,frame,147,13.922312,47.9,66.64,352.54,512,384,BGR888p,,,,,
6.0856,detections,147,13.922312,47.91,66.64,352.73,,,,3,0:0.97 56:0.54 62:0.52,,,
6.1287,frame,148,13.955635,43.39,33.32,362.55,512,384,BGR888p,,,,,
6.1288,detections,148,13.955635,43.25,33.32,362.63,,,,4,0:0.97 56:0.55 62:0.53 74:0.51,,,
6.1745,frame,149,13.988964,45.82,33.33,375.03,512,384,BGR888p,,,,,
6.1746,detections,149,13.988964,45.79,33.33,375.08,,,,3,0:0.97 56:0.54 74:0.51,,,
6.2226,frame,151,14.0556,48.08,66.64,356.47,512,384,BGR888p,,,,,
6.2227,detections,151,14.0556,48.1,66.64,356.55,,,,2,0:0.97 56:0.54,,,
6.2686,frame,152,14.088922,46.01,33.32,369.17,512,384,BGR888p,,,,,
6.2687,detections,152,14.088922,46.0,33.32,369.22,,,,3,0:0.97 56:0.54 74:0.51,,,
6.3138,frame,153,14.122242,45.16,33.32,380.99,512,384,BGR888p,,,,,
6.3144,detections,153,14.122242,45.7,33.32,381.6,,,,2,0:0.97 56:0.54,,,
6.3621,frame,155,14.188889,48.28,66.65,362.63,512,384,BGR888p,,,,,
6.3622,detections,155,14.188889,47.73,66.65,362.69,,,,4,0:0.97 56:0.53 62:0.51 74:0.50,,,
6.4078,frame,156,14.22221,45.68,33.32,374.99,512,384,BGR888p,,,,,
6.4079,detections,156,14.22221,45.7,33.32,375.07,,,,3,0:0.97 56:0.52 74:0.51,,,
6.4559,frame,158,14.288853,48.18,66.64,356.53,512,384,BGR888p,,,,,
6.456,detections,158,14.288853,48.17,66.64,356.6,,,,2,0:0.97 56:0.55,,,
6.5023,frame,159,14.322176,46.36,33.32,369.56,512,384,BGR888p,,,,,
6.5036,detections,159,14.322176,47.53,33.32,370.83,,,,2,0:0.97 56:0.55,,,
6.5485,frame,160,14.355496,46.18,33.32,382.42,512,384,BGR888p,,,,,
6.5485,detections,160,14.355496,44.99,33.32,382.47,,,,3,0:0.97 56:0.53 74:0.51,,,
6.5956,frame,162,14.422141,47.15,66.64,362.92,512,384,BGR888p,,,,,
6.5957,detections,162,14.422141,47.15,66.64,362.98,,,,4,0:0.96 56:0.54 74:0.52 62:0.50,,,
6.6415,frame,163,14.455464,45.92,33.32,375.52,512,384,BGR888p,,,,,
6.6416,detections,163,14.455464,45.92,33.32,375.57,,,,3,0:0.97 56:0.55 74:0.52,,,
6.6896,frame,165,14.522106,48.07,66.64,356.94,512,384,BGR888p,,,,,
6.6897,detections,165,14.522106,48.07,66.64,357.0,,,,3,0:0.96 56:0.52 74:0.50,,,
6.7359,frame,166,14.555429,46.33,33.32,369.96,512,384,BGR888p,,,,,
6.736,detections,166,14.555429,46.35,33.32,370.04,,,,2,0:0.97 56:0.55,,,
6.7361,system,0,0.0,1025.88,0.0,824868.85,,,,,,43.73,35.0,16.7
6.781,frame,167,14.58875,45.07,33.32,381.71,512,384,BGR888p,,,,,
6.7811,detections,167,14.58875,45.08,33.32,381.79,,,,3,0:0.97 56:0.56 74:0.50,,,
6.8273,frame,169,14.655394,46.31,66.64,361.36,512,384,BGR888p,,,,,
6.8274,detections,169,14.655394,46.27,66.64,361.41,,,,3,0:0.97 56:0.54 74:0.52,,,
6.8753,frame,170,14.688717,48.0,33.32,376.05,512,384,BGR888p,,,,,
6.8754,detections,170,14.688717,48.03,33.32,376.12,,,,4,0:0.97 56:0.58 74:0.52 62:0.50,,,
6.9237,frame,172,14.755359,48.35,66.64,357.77,512,384,BGR888p,,,,,
6.9238,detections,172,14.755359,48.37,66.64,357.85,,,,3,0:0.97 56:0.55 62:0.52,,,
6.9696,frame,173,14.788682,45.95,33.32,370.4,512,384,BGR888p,,,,,
6.9697,detections,173,14.788682,45.97,33.32,370.5,,,,3,0:0.96 56:0.55 74:0.53,,,
7.0142,frame,174,14.822002,44.56,33.32,381.64,512,384,BGR888p,,,,,
7.0143,detections,174,14.822002,44.55,33.32,381.75,,,,3,0:0.97 56:0.54 74:0.51,,,
7.0606,frame,176,14.888648,46.4,66.65,361.39,512,384,BGR888p,,,,,
7.0607,detections,176,14.888648,46.39,66.65,361.47,,,,3,0:0.97 56:0.54 74:0.50,,,
7.1077,frame,177,14.921973,47.07,33.32,375.14,512,384,BGR888p,,,,,
7.1078,detections,177,14.921973,47.08,33.32,375.25,,,,3,0:0.97 56:0.54 62:0.52,,,
7.1585,frame,179,14.988612,50.84,66.64,359.36,512,384,BGR888p,,,,,
7.1587,detections,179,14.988612,50.88,66.64,359.49,,,,2,0:0.97 56:0.52,,,
7.2059,frame,180,15.021935,47.4,33.32,373.48,512,384,BGR888p,,,,,
7.2061,detections,180,15.021935,47.48,33.32,373.67,,,,3,0:0.97 56:0.57 62:0.50,,,
7.2515,frame,181,15.055255,45.57,33.32,385.66,512,384,BGR888p,,,,,
7.2516,detections,181,15.055255,45.45,33.32,385.76,,,,3,0:0.97 56:0.52 74:0.51,,,
7.2967,frame,183,15.121902,45.26,66.65,364.29,512,384,BGR888p,,,,,
7.2969,detections,183,15.121902,45.27,66.65,364.39,,,,2,0:0.96 56:0.53,,,
7.3434,frame,184,15.155223,46.65,33.32,380.71,512,384,BGR888p,,,,,
7.3435,detections,184,15.155223,46.64,33.32,380.81,,,,2,0:0.97 56:0.52,,,
7.3894,frame,186,15.221865,45.99,66.64,360.04,512,384,BGR888p,,,,,
7.3895,detections,186,15.221865,45.97,66.64,360.12,,,,2,0:0.97 56:0.51,,,
7.4374,frame,187,15.25519,48.07,33.33,374.79,512,384,BGR888p,,,,,
7.4375,detections,187,15.25519,48.08,33.33,374.88,,,,4,0:0.97 74:0.55 56:0.52 62:0.52,,,
7.485,frame,188,15.288509,47.58,33.32,389.07,512,384,BGR888p,,,,,
7.4862,detections,188,15.288509,48.61,33.32,390.21,,,,3,0:0.96 56:0.60 62:0.53,,,
7.5321,frame,190,15.355154,47.07,66.65,369.48,512,384,BGR888p,,,,,
7.5322,detections,190,15.355154,46.03,66.65,369.56,,,,3,0:0.97 56:0.55 74:0.51,,,
7.5774,frame,191,15.388476,45.35,33.32,381.5,512,384,BGR888p,,,,,
7.5775,detections,191,15.388476,45.33,33.32,381.56,,,,4,0:0.96 62:0.56 56:0.50 74:0.50,,,
7.6239,frame,193,15.455119,46.47,66.64,361.35,512,384,BGR888p,,,,,
7.624,detections,193,15.455119,46.49,66.64,361.41,,,,3,0:0.97 62:0.56 56:0.54,,,
7.6725,frame,194,15.488445,48.6,33.33,376.6,512,384,BGR888p,,,,,
7.6726,detections,194,15.488445,48.57,33.33,376.66,,,,4,0:0.97 62:0.64 56:0.62 74:0.55,,,
7.718,frame,196,15.555084,45.47,66.64,355.42,512,384,BGR888p,,,,,
7.7186,detections,196,15.555084,46.02,66.64,356.05,,,,3,0:0.97 56:0.63 62:0.51,,,
7.7187,system,0,0.0,982.55,0.0,825851.38,,,,,,43.84,35.0,16.9
7.7655,frame,197,15.588407,47.5,33.32,369.6,512,384,BGR888p,,,,,
7.7655,detections,197,15.588407,46.94,33.32,369.66,,,,2,0:0.97 56:0.56,,,
7.8109,frame,198,15.621729,45.46,33.32,381.72,512,384,BGR888p,,,,,
7.811,detections,198,15.621729,45.43,33.32,381.77,,,,3,0:0.97 56:0.60 62:0.53,,,
7.8574,frame,200,15.688373,46.5,66.64,361.59,512,384,BGR888p,,,,,
7.8575,detections,200,15.688373,46.53,66.64,361.66,,,,3,0:0.97 62:0.59 56:0.57,,,
7.9044,frame,201,15.721694,46.99,33.32,375.28,512,384,BGR888p,,,,,
7.9045,detections,201,15.721694,47.02,33.32,375.37,,,,4,0:0.97 62:0.60 56:0.56 74:0.54,,,
7.9514,frame,203,15.788337,46.97,66.64,355.58,512,384,BGR888p,,,,,
7.9515,detections,203,15.788337,46.92,66.64,355.63,,,,4,0:0.97 62:0.59 56:0.54 74:0.52,,,
7.999,frame,204,15.821662,47.59,33.32,369.85,512,384,BGR888p,,,,,
7.999,detections,204,15.821662,47.6,33.32,369.9,,,,3,0:0.97 62:0.62 56:0.57,,,
8.0448,frame,205,15.85498,45.8,33.32,382.34,512,384,BGR888p,,,,,
8.0449,detections,205,15.85498,45.81,33.32,382.39,,,,3,0:0.97 56:0.60 62:0.53,,,
8.0923,frame,207,15.921626,47.57,66.65,363.28,512,384,BGR888p,,,,,
8.0925,detections,207,15.921626,47.61,66.65,363.37,,,,3,0:0.97 56:0.59 62:0.55,,,
8.1389,frame,208,15.954948,46.54,33.32,376.48,512,384,BGR888p,,,,,
8.139,detections,208,15.954948,46.5,33.32,376.54,,,,4,0:0.97 62:0.67 56:0.61 74:0.57,,,
8.1877,frame,210,16.02159,48.85,66.64,358.75,512,384,BGR888p,,,,,
8.188,detections,210,16.02159,49.0,66.64,358.94,,,,4,0:0.97 62:0.63 56:0.58 74:0.52,,,
8.2339,frame,211,16.054917,46.14,33.33,371.51,512,384,BGR888p,,,,,
8.234,detections,211,16.054917,46.02,33.33,371.59,,,,4,0:0.97 56:0.56 74:0.55 62:0.53,,,
8.28,frame,212,16.088236,46.1,33.32,384.31,512,384,BGR888p,,,,,
8.2802,detections,212,16.088236,46.21,33.32,384.5,,,,4,0:0.97 62:0.67 56:0.57 74:0.55,,,
8.3256,frame,214,16.154879,45.66,66.64,363.3,512,384,BGR888p,,,,,
8.3257,detections,214,16.154879,45.53,66.64,363.36,,,,3,0:0.97 56:0.60 62:0.56,,,
8.3719,frame,215,16.188221,46.3,33.34,376.25,512,384,BGR888p,,,,,
8.372,detections,215,16.188221,46.3,33.34,376.33,,,,4,0:0.97 62:0.60 74:0.55 56:0.55,,,
8.4212,frame,217,16.254844,49.27,66.62,358.92,512,384,BGR888p,,,,,
8.4217,detections,217,16.254844,49.71,66.62,359.42,,,,4,0:0.96 62:0.64 56:0.54 74:0.53,,,
8.467,frame,218,16.288168,45.76,33.32,371.38,512,384,BGR888p,,,,,
8.4676,detections,218,16.288168,45.93,33.32,372.03,,,,4,0:0.97 56:0.60 74:0.57 62:0.56,,,
8.5127,frame,219,16.321487,45.73,33.32,383.75,512,384,BGR888p,,,,,
8.5128,detections,219,16.321487,45.12,33.32,383.8,,,,4,0:0.97 62:0.56 56:0.55 74:0.54,,,
8.5587,frame,221,16.388133,45.98,66.65,363.08,512,384,BGR888p,,,,,
8.5587,detections,221,16.388133,45.98,66.65,363.13,,,,4,0:0.96 56:0.59 74:0.53 62:0.53,,,
8.6056,frame,222,16.421454,46.88,33.32,376.64,512,384,BGR888p,,,,,
8.6056,detections,222,16.421454,46.89,33.32,376.7,,,,4,0:0.97 56:0.59 62:0.59 74:0.51,,,
8.6529,frame,224,16.488097,47.3,66.64,357.3,512,384,BGR888p,,,,,
8.6529,detections,224,16.488097,47.3,66.64,357.35,,,,3,0:0.97 56:0.56 62:0.53,,,
8.6981,frame,225,16.52142,45.26,33.32,369.26,512,384,BGR888p,,,,,
8.6982,detections,225,16.52142,45.28,33.32,369.31,,,,4,0:0.96 62:0.61 56:0.56 74:0.53,,,
8.7439,frame,226,16.55474,45.83,33.32,381.74,512,384,BGR888p,,,,,
8.744,detections,226,16.55474,45.81,33.32,381.8,,,,4,0:0.97 62:0.59 56:0.57 74:0.54,,,
8.7441,system,0,0.0,1025.41,0.0,826876.8,,,,,,43.73,35.1,17.7
8.79,frame,228,16.621385,46.02,66.65,361.12,512,384,BGR888p,,,,,
8.79,detections,228,16.621385,46.02,66.65,361.17,,,,4,0:0.96 62:0.63 56:0.54 74:0.53,,,
8.8379,frame,229,16.654708,47.96,33.32,375.75,512,384,BGR888p,,,,,
8.838,detections,229,16.654708,47.96,33.32,375.81,,,,4,0:0.96 62:0.62 56:0.58 74:0.55,,,
8.8852,frame,231,16.72135,47.23,66.64,356.34,512,384,BGR888p,,,,,
8.8852,detections,231,16.72135,47.23,66.64,356.4,,,,3,0:0.96 56:0.59 62:0.50,,,
8.9315,frame,232,16.754673,46.33,33.32,369.35,512,384,BGR888p,,,,,
8.9323,detections,232,16.754673,47.06,33.32,370.15,,,,4,0:0.96 62:0.63 56:0.54 74:0.51,,,
8.9776,frame,233,16.787994,46.15,33.32,382.17,512,384,BGR888p,,,,,
8.9777,detections,233,16.787994,45.42,33.32,382.23,,,,4,0:0.97 62:0.62 56:0.57 74:0.54,,,
9.024,frame,235,16.854638,46.36,66.64,361.88,512,384,BGR888p,,,,,
9.0241,detections,235,16.854638,46.35,66.64,361.94,,,,4,0:0.97 62:0.61 56:0.59 74:0.56,,,
9.0716,frame,236,16.887961,47.65,33.32,376.21,512,384,BGR888p,,,,,
9.0717,detections,236,16.887961,47.65,33.32,376.27,,,,4,0:0.96 62:0.60 56:0.59 74:0.55,,,
9.1198,frame,238,16.954603,48.19,66.64,357.76,512,384,BGR888p,,,,,
9.1199,detections,238,16.954603,48.2,66.64,357.82,,,,3,0:0.96 56:0.57 62:0.52,,,
9.1647,frame,239,16.987926,44.9,33.32,369.34,512,384,BGR888p,,,,,
9.1648,detections,239,16.987926,44.9,33.32,369.4,,,,4,0:0.97 62:0.58 56:0.57 74:0.51,,,
9.2093,frame,240,17.021246,44.54,33.32,380.56,512,384,BGR888p,,,,,
9.2093,detections,240,17.021246,44.55,33.32,380.62,,,,4,0:0.96 62:0.61 56:0.54 74:0.52,,,
9.2568,frame,242,17.087892,47.56,66.65,361.47,512,384,BGR888p,,,,,
9.2569,detections,242,17.087892,47.55,66.65,361.53,,,,4,0:0.97 56:0.60 62:0.58 74:0.54,,,
9.3046,frame,243,17.121214,47.73,33.32,375.88,512,384,BGR888p,,,,,
9.3047,detections,243,17.121214,47.77,33.32,375.98,,,,4,0:0.97 62:0.62 56:0.58 74:0.55,,,
9.3531,frame,245,17.187857,48.53,66.64,357.77,512,384,BGR888p,,,,,
9.3536,detections,245,17.187857,48.95,66.64,358.31,,,,4,0:0.97 62:0.59 56:0.58 74:0.51,,,
9.3994,frame,246,17.221181,46.33,33.32,370.79,512,384,BGR888p,,,,,
9.3995,detections,246,17.221181,45.91,33.32,370.89,,,,4,0:0.97 62:0.62 56:0.58 74:0.51,,,
9.4455,frame,247,17.2545,46.13,33.32,383.6,512,384,BGR888p,,,,,
9.4457,detections,247,17.2545,46.12,33.32,383.69,,,,4,0:0.97 62:0.56 56:0.56 74:0.53,,,
9.4914,frame,249,17.321145,45.86,66.65,362.81,512,384,BGR888p,,,,,
9.4915,detections,249,17.321145,45.84,66.65,362.88,,,,4,0:0.97 62:0.61 74:0.57 56:0.55,,,
9.5377,frame,250,17.354467,46.26,33.32,375.75,512,384,BGR888p,,,,,
9.5378,detections,250,17.354467,46.27,33.32,375.82,,,,4,0:0.97 62:0.59 56:0.57 74:0.55,,,
9.5863,frame,252,17.42111,48.59,66.64,357.71,512,384,BGR888p,,,,,
9.5864,detections,252,17.42111,48.62,66.64,357.81,,,,4,0:0.97 62:0.62 74:0.56 56:0.54,,,
9.6324,frame,253,17.454436,46.13,33.33,370.49,512,384,BGR888p,,,,,
9.6325,detections,253,17.454436,46.08,33.33,370.55,,,,4,0:0.97 62:0.64 56:0.55 74:0.50,,,
9.6774,frame,254,17.487753,45.05,33.32,382.24,512,384,BGR888p,,,,,
9.6775,detections,254,17.487753,45.06,33.32,382.3,,,,4,0:0.97 56:0.56 62:0.56 74:0.51,,,
9.7236,frame,256,17.554398,46.11,66.64,361.69,512,384,BGR888p,,,,,
9.7236,detections,256,17.554398,46.1,66.64,361.75,,,,4,0:0.97 62:0.61 56:0.56 74:0.52,,,
9.7237,system,0,0.0,979.61,0.0,827856.41,,,,,,43.67,34.6,17.6
9.7703,frame,257,17.587721,46.73,33.32,375.12,512,384,BGR888p,,,,,
9.7704,detections,257,17.587721,46.77,33.32,375.21,,,,4,0:0.97 62:0.60 56:0.59 74:0.53,,,
9.8179,frame,259,17.654364,47.65,66.64,356.11,512,384,BGR888p,,,,,
9.8186,detections,259,17.654364,48.16,66.64,356.72,,,,4,0:0.97 62:0.60 74:0.56 56:0.55,,,
9.865,frame,260,17.687686,47.04,33.32,369.83,512,384,BGR888p,,,,,
9.8651,detections,260,17.687686,46.5,33.32,369.89,,,,4,0:0.97 62:0.61 56:0.56 74:0.55,,,
9.9109,frame,261,17.721006,45.94,33.32,382.45,512,384,BGR888p,,,,,
9.911,detections,261,17.721006,45.94,33.32,382.51,,,,3,0:0.97 56:0.58 62:0.57,,,
9.9571,frame,263,17.787651,46.14,66.65,361.94,512,384,BGR888p,,,,,
9.9571,detections,263,17.787651,46.13,66.65,362.0,,,,4,0:0.97 62:0.61 56:0.57 74:0.55,,,
10.0042,frame,264,17.820974,47.14,33.32,375.75,512,384,BGR888p,,,,,
10.0043,detections,264,17.820974,47.13,33.32,375.81,,,,4,0:0.97 62:0.63 74:0.55 56:0.54,,,
10.0529,frame,266,17.887617,48.75,66.64,357.86,512,384,BGR888p,,,,,
10.053,detections,266,17.887617,48.74,66.64,357.91,,,,4,0:0.96 62:0.63 56:0.60 74:0.56,,,
10.0981,frame,267,17.92094,45.2,33.32,369.74,512,384,BGR888p,,,,,
10.0982,detections,267,17.92094,45.22,33.32,369.8,,,,4,0:0.97 62:0.61 56:0.58 74:0.53,,,
10.1432,frame,268,17.95426,45.1,33.32,381.59,512,384,BGR888p,,,,,
10.1434,detections,268,17.95426,45.19,33.32,381.68,,,,4,0:0.97 62:0.63 56:0.53 74:0.51,,,
10.1904,frame,270,18.020904,47.18,66.64,362.06,512,384,BGR888p,,,,,
10.1905,detections,270,18.020904,47.09,66.64,362.12,,,,4,0:0.97 62:0.63 56:0.56 74:0.51,,,
10.238,frame,271,18.054226,47.53,33.32,376.27,512,384,BGR888p,,,,,
10.238,detections,271,18.054226,47.52,33.32,376.32,,,,3,0:0.97 62:0.58 56:0.55,,,
10.2866,frame,273,18.120869,48.61,66.64,358.23,512,384,BGR888p,,,,,
10.2866,detections,273,18.120869,48.61,66.64,358.29,,,,4,0:0.97 62:0.61 56:0.60 74:0.57,,,
10.3338,frame,274,18.154193,47.24,33.32,372.15,512,384,BGR888p,,,,,
10.3339,detections,274,18.154193,47.27,33.32,372.23,,,,4,0:0.97 62:0.62 56:0.56 74:0.53,,,
10.3819,frame,275,18.187513,48.06,33.32,386.9,512,384,BGR888p,,,,,
10.3819,detections,275,18.187513,48.04,33.32,386.96,,,,4,0:0.97 62:0.60 56:0.58 74:0.55,,,
10.4278,frame,277,18.254158,45.9,66.65,366.15,512,384,BGR888p,,,,,
10.4278,detections,277,18.254158,45.89,66.65,366.2,,,,3,0:0.97 62:0.63 56:0.54,,,
10.4744,frame,278,18.28748,46.6,33.32,379.44,512,384,BGR888p,,,,,
10.4745,detections,278,18.28748,46.61,33.32,379.49,,,,4,0:0.97 56:0.58 62:0.57 74:0.54,,,
10.5214,frame,280,18.354123,47.01,66.64,359.79,512,384,BGR888p,,,,,
10.5215,detections,280,18.354123,47.0,66.64,359.85,,,,4,0:0.96 62:0.64 56:0.57 74:0.53,,,
10.5705,frame,281,18.38745,49.07,33.33,375.54,512,384,BGR888p,,,,,
10.5705,detections,281,18.38745,49.08,33.33,375.6,,,,4,0:0.97 62:0.62 56:0.56 74:0.53,,,
10.6177,frame,282,18.420766,47.28,33.32,389.5,512,384,BGR888p,,,,,
10.6178,detections,282,18.420766,47.28,33.32,389.56,,,,4,0:0.97 62:0.63 56:0.58 74:0.55,,,
10.6629,frame,284,18.487414,45.15,66.65,367.99,512,384,BGR888p,,,,,
10.6629,detections,284,18.487414,45.13,66.65,368.04,,,,4,0:0.97 62:0.62 56:0.55 74:0.53,,,
10.7088,frame,285,18.520734,45.94,33.32,380.62,512,384,BGR888p,,,,,
10.7089,detections,285,18.520734,45.95,33.32,380.67,,,,4,0:0.97 62:0.62 56:0.56 74:0.55,,,
10.7549,frame,287,18.587376,46.08,66.64,360.06,512,384,BGR888p,,,,,
10.755,detections,287,18.587376,46.09,66.64,360.12,,,,4,0:0.97 62:0.60 56:0.55 74:0.50,,,
10.755,system,0,0.0,1031.35,0.0,828887.75,,,,,,44.18,34.4,17.5
10.8034,frame,288,18.620702,48.48,33.33,375.22,512,384,BGR888p,,,,,
10.8035,detections,288,18.620702,48.49,33.33,375.28,,,,4,0:0.97 62:0.61 56:0.59 74:0.54,,,
10.8489,frame,290,18.687341,45.57,66.64,354.13,512,384,BGR888p,,,,,
10.8497,detections,290,18.687341,46.25,66.64,354.9,,,,4,0:0.97 62:0.58 56:0.53 74:0.53,,,
10.8964,frame,291,18.720668,47.42,33.33,368.24,512,384,BGR888p,,,,,
10.8965,detections,291,18.720668,46.74,33.33,368.31,,,,4,0:0.97 62:0.59 56:0.58 74:0.58,,,
10.942,frame,292,18.753985,45.65,33.32,380.57,512,384,BGR888p,,,,,
10.9421,detections,292,18.753985,45.64,33.32,380.64,,,,4,0:0.97 62:0.58 56:0.56 74:0.52,,,
10.9879,frame,294,18.820629,45.91,66.64,359.84,512,384,BGR888p,,,,,
10.988,detections,294,18.820629,45.91,66.64,359.9,,,,4,0:0.97 62:0.59 56:0.55 74:0.51,,,
11.0359,frame,295,18.853953,47.98,33.32,374.49,512,384,BGR888p,,,,,
11.036,detections,295,18.853953,47.98,33.32,374.55,,,,4,0:0.97 56:0.59 62:0.59 74:0.55,,,
11.085,frame,297,18.920595,49.1,66.64,356.95,512,384,BGR888p,,,,,
11.0859,detections,297,18.920595,49.89,66.64,357.82,,,,4,0:0.97 62:0.61 56:0.55 74:0.53,,,
11.1322,frame,298,18.953919,47.17,33.32,370.8,512,384,BGR888p,,,,,
11.1323,detections,298,18.953919,46.38,33.32,370.86,,,,4,0:0.97 62:0.63 56:0.54 74:0.53,,,
11.1771,frame,299,18.987241,44.91,33.32,382.39,512,384,BGR888p,,,,,
11.1772,detections,299,18.987241,44.91,33.32,382.45,,,,4,0:0.97 62:0.61 56:0.58 74:0.52,,,
11.2239,frame,301,19.053883,46.83,66.64,362.57,512,384,BGR888p,,,,,
11.224,detections,301,19.053883,46.82,66.64,362.63,,,,4,0:0.97 62:0.57 74:0.53 56:0.52,,,
11.2719,frame,302,19.087205,47.99,33.32,377.25,512,384,BGR888p,,,,,
11.272,detections,302,19.087205,48.02,33.32,377.34,,,,4,0:0.97 62:0.63 56:0.55 74:0.53,,,
11.3204,frame,304,19.153848,48.47,66.64,359.07,512,384,BGR888p,,,,,
11.3205,detections,304,19.153848,48.46,66.64,359.15,,,,4,0:0.97 62:0.57 56:0.53 74:0.52,,,
11.3684,frame,305,19.187171,48.0,33.32,373.74,512,384,BGR888p,,,,,
11.3685,detections,305,19.187171,48.02,33.32,373.86,,,,4,0:0.96 62:0.63 74:0.55 56:0.54,,,
11.4156,frame,306,19.220491,47.18,33.32,387.6,512,384,BGR888p,,,,,
11.4162,detections,306,19.220491,47.75,33.32,388.3,,,,4,0:0.97 62:0.61 56:0.60 74:0.53,,,
11.4605,frame,308,19.287136,44.94,66.65,365.89,512,384,BGR888p,,,,,
11.4606,detections,308,19.287136,44.32,66.65,365.95,,,,4,0:0.97 56:0.58 62:0.57 74:0.52,,,
11.5076,frame,309,19.320458,47.15,33.32,379.72,512,384,BGR888p,,,,,
11.5077,detections,309,19.320458,47.15,33.32,379.77,,,,4,0:0.97 62:0.64 56:0.54 74:0.53,,,
11.5539,frame,311,19.387101,46.29,66.64,359.36,512,384,BGR888p,,,,,
11.554,detections,311,19.387101,46.28,66.64,359.41,,,,3,0:0.97 62:0.61 56:0.55,,,
11.6025,frame,312,19.420424,48.52,33.32,374.58,512,384,BGR888p,,,,,
11.6026,detections,312,19.420424,48.57,33.32,374.66,,,,4,0:0.97 62:0.60 56:0.57 74:0.52,,,
11.6497,frame,313,19.453744,47.29,33.32,388.54,512,384,BGR888p,,,,,
11.6505,detections,313,19.453744,47.96,33.32,389.29,,,,4,0:0.97 62:0.61 56:0.58 74:0.54,,,
11.6973,frame,315,19.520389,47.56,66.65,369.46,512,384,BGR888p,,,,,
11.6974,detections,315,19.520389,46.87,66.65,369.51,,,,4,0:0.97 62:0.61 56:0.54 74:0.53,,,
11.7419,frame,316,19.553712,44.59,33.32,380.72,512,384,BGR888p,,,,,
11.742,detections,316,19.553712,44.6,33.32,380.79,,,,4,0:0.96 62:0.65 56:0.57 74:0.54,,,
11.742,system,0,0.0,987.01,0.0,829874.76,,,,,,43.9,34.6,17.9
11.7886,frame,318,19.620355,46.74,66.64,360.81,512,384,BGR888p,,,,,
11.7887,detections,318,19.620355,46.72,66.64,360.86,,,,4,0:0.97 62:0.64 56:0.57 74:0.50,,,
11.8364,frame,319,19.653677,47.81,33.32,375.32,512,384,BGR888p,,,,,
11.8365,detections,319,19.653677,47.85,33.32,375.4,,,,4,0:0.97 62:0.65 56:0.57 74:0.55,,,
11.8848,frame,321,19.72032,48.4,66.64,357.05,512,384,BGR888p,,,,,
11.8849,detections,321,19.72032,48.36,66.64,357.1,,,,4,0:0.97 62:0.59 74:0.57 56:0.56,,,
11.9321,frame,322,19.753644,47.28,33.32,371.02,512,384,BGR888p,,,,,
11.9322,detections,322,19.753644,47.29,33.32,371.07,,,,4,0:0.97 62:0.64 74:0.56 56:0.56,,,
11.9767,frame,323,19.786963,44.56,33.32,382.25,512,384,BGR888p,,,,,
11.9768,detections,323,19.786963,44.55,33.32,382.31,,,,4,0:0.97 62:0.59 56:0.56 74:0.52,,,
12.0238,frame,325,19.853609,47.12,66.65,362.75,512,384,BGR888p,,,,,
12.0239,detections,325,19.853609,47.15,66.65,362.83,,,,4,0:0.97 62:0.62 56:0.54 74:0.53,,,
12.0718,frame,326,19.88693,48.04,33.32,377.51,512,384,BGR888p,,,,,
12.0721,detections,326,19.88693,48.17,33.32,377.7,,,,4,0:0.97 62:0.60 56:0.57 74:0.53,,,
12.1195,frame,328,19.953573,47.69,66.64,358.5,512,384,BGR888p,,,,,
12.1196,detections,328,19.953573,47.56,66.64,358.6,,,,4,0:0.97 62:0.60 56:0.54 74:0.54,,,
12.1683,frame,329,19.986902,48.82,33.33,373.99,512,384,BGR888p,,,,,
12.1684,detections,329,19.986902,48.79,33.33,374.05,,,,4,0:0.97 62:0.58 74:0.54 56:0.54,,,
12.2159,frame,330,20.020216,47.59,33.31,388.25,512,384,BGR888p,,,,,
12.216,detections,330,20.020216,47.57,33.31,388.31,,,,4,0:0.97 62:0.59 56:0.56 74:0.55,,,
12.2628,frame,332,20.086862,46.88,66.65,368.48,512,384,BGR888p,,,,,
12.2629,detections,332,20.086862,46.88,66.65,368.54,,,,4,0:0.97 62:0.61 56:0.54 74:0.53,,,
12.3074,frame,333,20.120184,44.55,33.32,379.72,512,384,BGR888p,,,,,
12.3074,detections,333,20.120184,44.56,33.32,379.77,,,,4,0:0.97 62:0.62 56:0.55 74:0.52,,,
12.3545,frame,335,20.186827,47.12,66.64,360.25,512,384,BGR888p,,,,,
12.3547,detections,335,20.186827,47.26,66.64,360.44,,,,4,0:0.97 62:0.62 56:0.56 74:0.51,,,
12.4027,frame,336,20.220153,48.25,33.33,375.17,512,384,BGR888p,,,,,
12.403,detections,336,20.220153,48.34,33.33,375.46,,,,4,0:0.97 62:0.60 56:0.55 74:0.55,,,
12.4483,frame,337,20.25347,45.56,33.32,387.45,512,384,BGR888p,,,,,
12.4492,detections,337,20.25347,46.12,33.32,388.3,,,,4,0:0.97 62:0.58 74:0.56 56:0.51,,,
12.4949,frame,339,20.320115,46.64,66.65,367.42,512,384,BGR888p,,,,,
12.4952,detections,339,20.320115,46.01,66.65,367.63,,,,4,0:0.97 62:0.60 74:0.55 56:0.54,,,
12.5397,frame,340,20.353437,44.75,33.32,378.79,512,384,BGR888p,,,,,
12.5404,detections,340,20.353437,45.23,33.32,379.5,,,,4,0:0.97 62:0.60 56:0.57 74:0.55,,,
12.586,frame,342,20.42008,46.27,66.64,358.42,512,384,BGR888p,,,,,
12.5861,detections,342,20.42008,45.65,66.64,358.5,,,,4,0:0.97 62:0.62 56:0.58 74:0.51,,,
12.6345,frame,343,20.453404,48.51,33.32,373.61,512,384,BGR888p,,,,,
12.6346,detections,343,20.453404,48.51,33.32,373.69,,,,3,0:0.97 62:0.59 56:0.55,,,
12.6806,frame,345,20.520045,46.17,66.64,353.13,512,384,BGR888p,,,,,
12.6807,detections,345,20.520045,46.14,66.64,353.19,,,,4,0:0.97 62:0.67 56:0.57 74:0.53,,,
12.7248,frame,346,20.553369,44.21,33.32,364.01,512,384,BGR888p,,,,,
12.7249,detections,346,20.553369,44.21,33.32,364.07,,,,3,0:0.97 56:0.62 74:0.54,,,
12.725,system,0,0.0,982.94,0.0,830857.69,,,,,,44.13,34.3,17.2
12.7712,frame,347,20.586689,46.39,33.32,377.08,512,384,BGR888p,,,,,
12.7713,detections,347,20.586689,46.4,33.32,377.15,,,,3,0:0.97 56:0.55 74:0.51,,,
12.8173,frame,349,20.653334,46.07,66.65,356.52,512,384,BGR888p,,,,,
12.8174,detections,349,20.653334,46.08,66.65,356.58,,,,3,0:0.97 56:0.55 74:0.53,,,
12.8649,frame,350,20.686655,47.59,33.32,370.76,512,384,BGR888p,,,,,
12.865,detections,350,20.686655,47.56,33.32,370.81,,,,3,0:0.97 56:0.54 74:0.52,,,
12.9093,frame,352,20.753299,44.46,66.64,348.58,512,384,BGR888p,,,,,
12.9094,detections,352,20.753299,44.47,66.64,348.64,,,,3,0:0.97 56:0.58 74:0.54,,,
12.9563,frame,353,20.786621,46.95,33.32,362.24,512,384,BGR888p,,,,,
12.9564,detections,353,20.786621,46.98,33.32,362.29,,,,3,0:0.97 56:0.60 74:0.55,,,
13.0041,frame,354,20.819951,47.79,33.33,376.68,512,384,BGR888p,,,,,
13.0042,detections,354,20.819951,47.77,33.33,376.74,,,,4,0:0.97 56:0.57 74:0.54 62:0.51,,,
13.0539,frame,356,20.886587,49.77,66.64,359.81,512,384,BGR888p,,,,,
13.0539,detections,356,20.886587,49.77,66.64,359.87,,,,2,0:0.97 56:0.54,,,
13.101,frame,357,20.919909,47.11,33.32,373.65,512,384,BGR888p,,,,,
13.1012,detections,357,20.919909,47.24,33.32,373.83,,,,2,0:0.97 74:0.52,,,
13.1475,frame,359,20.986552,46.5,66.64,353.52,512,384,BGR888p,,,,,
13.1477,detections,359,20.986552,46.53,66.64,353.72,,,,3,0:0.97 56:0.54 74:0.51,,,
13.1948,frame,360,21.019874,47.36,33.32,367.57,512,384,BGR888p,,,,,
13.1951,detections,360,21.019874,47.38,33.32,367.78,,,,3,0:0.97 74:0.54 56:0.54,,,
13.2399,frame,361,21.053198,45.02,33.32,379.21,512,384,BGR888p,,,,,
13.24,detections,361,21.053198,44.89,33.32,379.31,,,,3,0:0.97 74:0.55 56:0.53,,,
13.2862,frame,363,21.119839,46.34,66.64,358.9,512,384,BGR888p,,,,,
13.2863,detections,363,21.119839,46.31,66.64,358.96,,,,3,0:0.97 56:0.53 74:0.52,,,
13.3347,frame,364,21.153162,48.54,33.32,374.12,512,384,BGR888p,,,,,
13.3348,detections,364,21.153162,48.53,33.32,374.17,,,,3,0:0.97 56:0.55 74:0.53,,,
13.3824,frame,365,21.186484,47.7,33.32,388.5,512,384,BGR888p,,,,,
13.3825,detections,365,21.186484,47.71,33.32,388.56,,,,3,0:0.97 56:0.59 74:0.55,,,
13.4288,frame,367,21.25313,46.36,66.65,368.23,512,384,BGR888p,,,,,
13.4296,detections,367,21.25313,47.1,66.65,369.05,,,,3,0:0.97 56:0.53 74:0.53,,,
13.4739,frame,368,21.28645,45.14,33.32,380.04,512,384,BGR888p,,,,,
13.474,detections,368,21.28645,44.41,33.32,380.11,,,,3,0:0.97 56:0.56 74:0.55,,,
13.5197,frame,370,21.353094,45.74,66.64,359.13,512,384,BGR888p,,,,,
13.5198,detections,370,21.353094,45.72,66.64,359.18,,,,3,0:0.97 56:0.56 74:0.55,,,
13.568,frame,371,21.386416,48.34,33.32,374.15,512,384,BGR888p,,,,,
13.5681,detections,371,21.386416,48.35,33.32,374.21,,,,3,0:0.97 56:0.56 74:0.55,,,
13.6133,frame,373,21.453058,45.32,66.64,352.82,512,384,BGR888p,,,,,
13.6136,detections,373,21.453058,45.5,66.64,353.08,,,,3,0:0.97 56:0.59 74:0.54,,,
13.6608,frame,374,21.486382,47.41,33.32,366.91,512,384,BGR888p,,,,,
13.6608,detections,374,21.486382,47.22,33.32,366.96,,,,3,0:0.97 56:0.55 74:0.52,,,
13.7061,frame,375,21.519701,45.39,33.32,378.98,512,384,BGR888p,,,,,
13.7062,detections,375,21.519701,45.39,33.32,379.04,,,,3,0:0.97 56:0.57 74:0.52,,,
13.7519,frame,377,21.586346,45.76,66.64,358.1,512,384,BGR888p,,,,,
13.752,detections,377,21.586346,45.77,66.64,358.16,,,,3,0:0.97 56:0.53 74:0.52,,,
13.752,system,0,0.0,1027.07,0.0,831884.77,,,,,,44.58,35.1,17.7
13.8009,frame,378,21.619669,49.03,33.32,373.81,512,384,BGR888p,,,,,
13.8015,detections,378,21.619669,49.51,33.32,374.36,,,,3,0:0.97 56:0.56 74:0.53,,,
13.8467,frame,380,21.686311,45.74,66.64,352.9,512,384,BGR888p,,,,,
13.8467,detections,380,21.686311,45.25,66.64,352.95,,,,3,0:0.97 56:0.60 74:0.56,,,
13.8943,frame,381,21.719635,47.61,33.32,367.2,512,384,BGR888p,,,,,
13.8944,detections,381,21.719635,47.63,33.32,367.26,,,,3,0:0.97 56:0.58 74:0.53,,,
13.9398,frame,382,21.752954,45.53,33.32,379.42,512,384,BGR888p,,,,,
13.9399,detections,382,21.752954,45.54,33.32,379.48,,,,3,0:0.97 56:0.56 74:0.51,,,
13.9863,frame,384,21.819599,46.43,66.65,359.2,512,384,BGR888p,,,,,
13.9864,detections,384,21.819599,46.45,66.65,359.29,,,,3,0:0.97 56:0.58 74:0.54,,,
14.0344,frame,385,21.852922,48.18,33.32,374.07,512,384,BGR888p,,,,,
14.0345,detections,385,21.852922,48.19,33.32,374.15,,,,3,0:0.97 56:0.55 74:0.54,,,
14.0822,frame,387,21.919565,47.73,66.64,355.15,512,384,BGR888p,,,,,
14.0832,detections,387,21.919565,48.69,66.64,356.22,,,,3,0:0.97 56:0.58 74:0.54,,,
14.1285,frame,388,21.952889,46.28,33.32,368.11,512,384,BGR888p,,,,,
14.1286,detections,388,21.952889,45.41,33.32,368.28,,,,3,0:0.97 56:0.57 74:0.54,,,
14.1744,frame,389,21.986211,45.93,33.32,380.75,512,384,BGR888p,,,,,
14.1745,detections,389,21.986211,45.86,33.32,380.81,,,,3,0:0.97 74:0.54 56:0.54,,,
14.2202,frame,391,22.052852,45.85,66.64,359.92,512,384,BGR888p,,,,,
14.2203,detections,391,22.052852,45.81,66.64,359.98,,,,3,0:0.97 74:0.56 56:0.55,,,
14.2673,frame,392,22.086175,47.06,33.32,373.66,512,384,BGR888p,,,,,
14.2674,detections,392,22.086175,47.06,33.32,373.72,,,,3,0:0.97 56:0.58 74:0.54,,,
14.3158,frame,394,22.152818,48.54,66.64,355.55,512,384,BGR888p,,,,,
14.3159,detections,394,22.152818,48.53,66.64,355.61,,,,3,0:0.96 56:0.55 74:0.52,,,
14.3608,frame,395,22.186142,45.01,33.32,367.24,512,384,BGR888p,,,,,
14.3609,detections,395,22.186142,45.02,33.32,367.3,,,,3,0:0.96 56:0.53 74:0.52,,,
14.4067,frame,396,22.219461,45.83,33.32,379.75,512,384,BGR888p,,,,,
14.4067,detections,396,22.219461,45.82,33.32,379.81,,,,3,0:0.97 56:0.57 74:0.52,,,
14.4537,frame,398,22.286107,47.0,66.65,360.11,512,384,BGR888p,,,,,
14.4538,detections,398,22.286107,47.03,66.65,360.19,,,,3,0:0.96 56:0.59 74:0.55,,,
14.5014,frame,399,22.319428,47.77,33.32,374.56,512,384,BGR888p,,,,,
14.5015,detections,399,22.319428,47.74,33.32,374.61,,,,3,0:0.97 56:0.54 74:0.54,,,
14.5502,frame,401,22.386071,48.74,66.64,356.73,512,384,BGR888p,,,,,
14.5505,detections,401,22.386071,48.93,66.64,356.95,,,,3,0:0.97 56:0.59 74:0.54,,,
14.5952,frame,402,22.419399,45.0,33.33,368.41,512,384,BGR888p,,,,,
14.5955,detections,402,22.419399,45.03,33.33,368.66,,,,3,0:0.97 56:0.56 74:0.56,,,
14.6411,frame,403,22.452715,45.87,33.32,380.95,512,384,BGR888p,,,,,
14.6413,detections,403,22.452715,45.8,33.32,381.19,,,,3,0:0.97 56:0.55 74:0.50,,,
14.6864,frame,405,22.51936,45.36,66.64,359.62,512,384,BGR888p,,,,,
14.6865,detections,405,22.51936,45.26,66.64,359.73,,,,3,0:0.97 74:0.58 56:0.58,,,
14.7342,frame,406,22.552682,47.8,33.32,374.08,512,384,BGR888p,,,,,
14.7343,detections,406,22.552682,47.8,33.32,374.2,,,,3,0:0.97 56:0.60 74:0.54,,,
14.7344,system,0,0.0,982.4,0.0,832867.2,,,,,,44.01,35.0,17.2
14.7824,frame,408,22.619324,48.16,66.64,355.58,512,384,BGR888p,,,,,
14.7824,detections,408,22.619324,48.1,66.64,355.64,,,,3,0:0.96 74:0.56 56:0.55,,,
14.8289,frame,409,22.652649,46.51,33.33,368.76,512,384,BGR888p,,,,,
14.829,detections,409,22.652649,46.51,33.33,368.82,,,,3,0:0.96 74:0.56 56:0.56,,,
14.8736,frame,410,22.685967,44.71,33.32,380.16,512,384,BGR888p,,,,,
14.8737,detections,410,22.685967,44.71,33.32,380.21,,,,3,0:0.96 56:0.56 74:0.55,,,
14.9204,frame,412,22.752612,46.85,66.64,360.36,512,384,BGR888p,,,,,
14.9205,detections,412,22.752612,46.86,66.64,360.43,,,,3,0:0.97 74:0.54 56:0.54,,,
14.9683,frame,413,22.785935,47.89,33.32,374.92,512,384,BGR888p,,,,,
14.9684,detections,413,22.785935,47.88,33.32,374.98,,,,3,0:0.96 56:0.58 74:0.54,,,
15.0174,frame,415,22.852577,49.09,66.64,360.17,512,384,BGR888p,,,,,
15.0175,detections,415,22.852577,49.08,66.64,360.22,,,,3,0:0.96 56:0.57 74:0.56,,,
15.0642,frame,416,22.885902,46.83,33.33,373.68,512,384,BGR888p,,,,,
15.0643,detections,416,22.885902,46.87,33.33,373.76,,,,3,0:0.97 56:0.60 74:0.56,,,
15.1082,frame,417,22.919221,44.0,33.32,384.38,512,384,BGR888p,,,,,
15.1084,detections,417,22.919221,44.05,33.32,384.52,,,,3,0:0.96 56:0.56 74:0.55,,,
15.1544,frame,419,22.985865,46.19,66.64,363.94,512,384,BGR888p,,,,,
15.1546,detections,419,22.985865,46.19,66.64,364.07,,,,3,0:0.97 56:0.56 74:0.54,,,
15.2023,frame,420,23.019189,47.83,33.32,378.42,512,384,BGR888p,,,,,
15.2024,detections,420,23.019189,47.78,33.32,378.5,,,,3,0:0.96 56:0.57 74:0.55,,,
15.2509,frame,422,23.085831,48.62,66.64,360.41,512,384,BGR888p,,,,,
15.251,detections,422,23.085831,48.62,66.64,360.49,,,,3,0:0.96 56:0.57 74:0.52,,,
15.2968,frame,423,23.119153,45.96,33.32,373.05,512,384,BGR888p,,,,,
15.297,detections,423,23.119153,45.96,33.32,373.13,,,,3,0:0.96 74:0.55 56:0.53,,,
15.3418,frame,424,23.152474,44.97,33.32,384.69,512,384,BGR888p,,,,,
15.3419,detections,424,23.152474,44.96,33.32,384.76,,,,3,0:0.96 56:0.58 74:0.55,,,
15.388,frame,426,23.219121,46.23,66.65,364.29,512,384,BGR888p,,,,,
15.3882,detections,426,23.219121,46.25,66.65,364.37,,,,3,0:0.96 56:0.55 74:0.54,,,
15.4343,frame,427,23.252443,46.24,33.32,377.19,512,384,BGR888p,,,,,
15.4344,detections,427,23.252443,46.22,33.32,377.26,,,,3,0:0.96 74:0.52 56:0.51,,,
15.4849,frame,429,23.319084,50.58,66.64,361.19,512,384,BGR888p,,,,,
15.4852,detections,429,23.319084,50.83,66.64,361.5,,,,3,0:0.97 56:0.55 74:0.53,,,
15.5306,frame,430,23.352407,45.73,33.32,373.52,512,384,BGR888p,,,,,
15.5307,detections,430,23.352407,45.47,33.32,373.59,,,,4,0:0.97 56:0.60 62:0.56 74:0.55,,,
15.5787,frame,431,23.385728,48.16,33.32,388.37,512,384,BGR888p,,,,,
15.5788,detections,431,23.385728,48.17,33.32,388.43,,,,4,0:0.97 62:0.72 56:0.58 74:0.56,,,
15.6237,frame,433,23.452374,44.91,66.65,366.63,512,384,BGR888p,,,,,
15.6239,detections,433,23.452374,45.1,66.65,366.89,,,,4,0:0.97 62:0.60 56:0.58 74:0.54,,,
15.6696,frame,434,23.485695,45.99,33.32,379.3,512,384,BGR888p,,,,,
15.6697,detections,434,23.485695,45.8,33.32,379.36,,,,4,0:0.96 62:0.59 56:0.56 74:0.54,,,
15.716,frame,436,23.552337,46.31,66.64,358.98,512,384,BGR888p,,,,,
15.7161,detections,436,23.552337,46.34,66.64,359.06,,,,4,0:0.97 62:0.57 74:0.55 56:0.55,,,
15.7665,frame,437,23.58566,50.52,33.32,376.17,512,384,BGR888p,,,,,
15.7666,detections,437,23.58566,50.5,33.32,376.23,,,,4,0:0.97 62:0.59 74:0.57 56:0.56,,,
15.7666,system,0,0.0,1032.18,0.0,833899.35,,,,,,44.47,34.4,16.8
15.8141,frame,438,23.618981,47.61,33.32,390.45,512,384,BGR888p,,,,,
15.8142,detections,438,23.618981,47.6,33.32,390.5,,,,4,0:0.97 74:0.57 62:0.56 56:0.56,,,
15.8601,frame,440,23.685626,45.98,66.64,369.79,512,384,BGR888p,,,,,
15.8602,detections,440,23.685626,46.0,66.64,369.86,,,,4,0:0.97 62:0.58 56:0.58 74:0.56,,,
15.9062,frame,441,23.718948,46.12,33.32,382.59,512,384,BGR888p,,,,,
15.9063,detections,441,23.718948,46.11,33.32,382.65,,,,4,0:0.97 62:0.62 56:0.56 74:0.54,,,
15.9513,frame,443,23.785591,45.09,66.64,361.04,512,384,BGR888p,,,,,
15.9514,detections,443,23.785591,45.11,66.64,361.11,,,,4,0:0.96 62:0.65 74:0.58 56:0.53,,,
16.0,frame,444,23.818914,48.72,33.32,376.49,512,384,BGR888p,,,,,
16.0002,detections,444,23.818914,48.77,33.32,376.56,,,,4,0:0.96 62:0.68 74:0.56 56:0.53,,,
16.0473,frame,446,23.885556,47.29,66.64,357.08,512,384,BGR888p,,,,,
16.048,detections,446,23.885556,47.85,66.64,357.84,,,,4,0:0.97 62:0.65 56:0.58 74:0.56,,,
16.0941,frame,447,23.918879,46.86,33.32,370.61,512,384,BGR888p,,,,,
16.0942,detections,447,23.918879,46.22,33.32,370.67,,,,4,0:0.97 62:0.66 56:0.59 74:0.56,,,
16.14,frame,448,23.952199,45.89,33.32,383.18,512,384,BGR888p,,,,,
16.1401,detections,448,23.952199,45.89,33.32,383.23,,,,4,0:0.97 62:0.65 56:0.60 74:0.57,,,
16.1857,frame,450,24.018844,45.69,66.65,362.23,512,384,BGR888p,,,,,
16.1858,detections,450,24.018844,45.71,66.65,362.31,,,,4,0:0.97 62:0.62 74:0.59 56:0.57,,,
16.2327,frame,451,24.052167,46.94,33.32,375.82,512,384,BGR888p,,,,,
16.2327,detections,451,24.052167,46.89,33.32,375.87,,,,4,0:0.97 62:0.56 74:0.54 56:0.53,,,
16.2806,frame,453,24.118809,47.99,66.64,357.18,512,384,BGR888p,,,,,
16.2807,detections,453,24.118809,48.01,66.64,357.24,,,,3,0:0.97 56:0.58 74:0.54,,,
16.326,frame,454,24.152133,45.39,33.32,369.26,512,384,BGR888p,,,,,
16.3261,detections,454,24.152133,45.42,33.32,369.36,,,,3,0:0.97 56:0.56 74:0.56,,,
16.3708,frame,455,24.185453,44.74,33.32,380.66,512,384,BGR888p,,,,,
16.3709,detections,455,24.185453,44.71,33.32,380.74,,,,3,0:0.97 56:0.55 74:0.55,,,
16.4175,frame,457,24.252098,46.71,66.65,360.73,512,384,BGR888p,,,,,
16.4176,detections,457,24.252098,46.71,66.65,360.8,,,,3,0:0.97 56:0.59 74:0.56,,,
16.4664,frame,458,24.28542,48.97,33.32,376.38,512,384,BGR888p,,,,,
16.4665,detections,458,24.28542,48.96,33.32,376.44,,,,3,0:0.97 56:0.59 74:0.56,,,
16.5131,frame,460,24.352062,46.63,66.64,356.37,512,384,BGR888p,,,,,
16.5136,detections,460,24.352062,47.1,66.64,356.9,,,,3,0:0.97 74:0.55 56:0.54,,,
16.5597,frame,461,24.385387,46.61,33.33,369.71,512,384,BGR888p,,,,,
16.5599,detections,461,24.385387,46.28,33.33,369.89,,,,3,0:0.97 56:0.57 74:0.54,,,
16.6057,frame,462,24.418705,46.03,33.32,382.37,512,384,BGR888p,,,,,
16.6058,detections,462,24.418705,45.89,33.32,382.42,,,,3,0:0.97 74:0.56 56:0.56,,,
16.6508,frame,464,24.485352,45.07,66.65,360.79,512,384,BGR888p,,,,,
16.6509,detections,464,24.485352,45.07,66.65,360.84,,,,3,0:0.97 56:0.61 74:0.55,,,
16.6987,frame,465,24.518673,47.91,33.32,375.38,512,384,BGR888p,,,,,
16.6988,detections,465,24.518673,47.91,33.32,375.43,,,,3,0:0.97 74:0.55 56:0.53,,,
16.746,frame,467,24.585316,47.25,66.64,355.99,512,384,BGR888p,,,,,
16.7467,detections,467,24.585316,47.87,66.64,356.67,,,,3,0:0.97 56:0.54 74:0.54,,,
16.7467,system,0,0.0,980.09,0.0,834879.43,,,,,,44.64,34.8,18.1
16.7925,frame,468,24.618639,46.53,33.32,369.19,512,384,BGR888p,,,,,
16.7926,detections,468,24.618639,45.9,33.32,369.24,,,,3,0:0.97 56:0.56 74:0.54,,,
16.8386,frame,469,24.651958,46.09,33.32,381.96,512,384,BGR888p,,,,,
16.8387,detections,469,24.651958,46.1,33.32,382.02,,,,3,0:0.97 56:0.58 74:0.55,,,
16.8855,frame,471,24.718604,46.9,66.65,362.23,512,384,BGR888p,,,,,
16.8856,detections,471,24.718604,46.92,66.65,362.29,,,,3,0:0.97 74:0.57 56:0.57,,,
16.9325,frame,472,24.751926,47.03,33.32,375.94,512,384,BGR888p,,,,,
16.9326,detections,472,24.751926,47.05,33.32,376.03,,,,3,0:0.97 56:0.58 74:0.56,,,
16.9798,frame,474,24.818569,47.29,66.64,356.58,512,384,BGR888p,,,,,
16.9804,detections,474,24.818569,47.82,66.64,357.21,,,,4,0:0.97 62:0.55 74:0.54 56:0.53,,,
17.028,frame,475,24.851893,48.19,33.32,371.45,512,384,BGR888p,,,,,
17.0282,detections,475,24.851893,47.71,33.32,371.6,,,,4,0:0.97 74:0.56 56:0.52 62:0.52,,,
17.0725,frame,476,24.885212,44.49,33.32,382.62,512,384,BGR888p,,,,,
17.0731,detections,476,24.885212,44.99,33.32,383.27,,,,4,0:0.97 56:0.59 74:0.53 62:0.52,,,
17.1197,frame,478,24.951857,47.18,66.65,363.17,512,384,BGR888p,,,,,
17.1198,detections,478,24.951857,46.64,66.65,363.26,,,,5,0:0.97 56:0.59 56:0.55 62:0.54 74:0.53,,,
17.1677,frame,479,24.985179,48.07,33.32,377.93,512,384,BGR888p,,,,,
17.1679,detections,479,24.985179,48.1,33.32,378.06,,,,4,0:0.97 62:0.55 56:0.54 74:0.54,,,
17.2166,frame,481,25.051822,48.89,66.64,360.17,512,384,BGR888p,,,,,
17.2168,detections,481,25.051822,48.87,66.64,360.28,,,,5,0:0.97 62:0.57 56:0.57 74:0.54 0:0.52,,,
17.2635,frame,482,25.085145,46.91,33.32,373.72,512,384,BGR888p,,,,,
17.2636,detections,482,25.085145,46.83,33.32,373.77,,,,6,0:0.97 62:0.62 56:0.58 56:0.56 74:0.56 0:0.50,,,
17.3073,frame,483,25.118465,43.75,33.32,384.16,512,384,BGR888p,,,,,
17.3074,detections,483,25.118465,43.77,33.32,384.23,,,,5,0:0.97 62:0.63 74:0.56 56:0.52 56:0.52,,,
17.3533,frame,485,25.18511,45.98,66.65,363.49,512,384,BGR888p,,,,,
17.3534,detections,485,25.18511,46.0,66.65,363.58,,,,4,0:0.97 62:0.58 56:0.57 74:0.52,,,
17.4014,frame,486,25.218433,48.17,33.32,378.34,512,384,BGR888p,,,,,
17.4015,detections,486,25.218433,48.13,33.32,378.39,,,,4,0:0.97 56:0.61 62:0.56 74:0.56,,,
17.4476,frame,488,25.285075,46.2,66.64,357.89,512,384,BGR888p,,,,,
17.4477,detections,488,25.285075,46.2,66.64,357.95,,,,4,0:0.97 56:0.58 74:0.57 62:0.57,,,
17.4959,frame,489,25.318398,48.32,33.32,372.88,512,384,BGR888p,,,,,
17.496,detections,489,25.318398,48.3,33.32,372.92,,,,4,0:0.97 56:0.61 62:0.58 74:0.56,,,
17.5432,frame,490,25.351718,47.26,33.32,386.83,512,384,BGR888p,,,,,
17.5433,detections,490,25.351718,47.32,33.32,386.93,,,,4,0:0.97 56:0.56 74:0.55 62:0.55,,,
17.5892,frame,492,25.418364,46.02,66.65,366.2,512,384,BGR888p,,,,,
17.5893,detections,492,25.418364,45.97,66.65,366.26,,,,4,0:0.97 62:0.57 56:0.57 74:0.53,,,
17.634,frame,493,25.451686,44.79,33.32,377.67,512,384,BGR888p,,,,,
17.6341,detections,493,25.451686,44.79,33.32,377.72,,,,4,0:0.97 56:0.57 62:0.57 74:0.56,,,
17.6804,frame,495,25.518329,46.41,66.64,357.43,512,384,BGR888p,,,,,
17.6805,detections,495,25.518329,46.41,66.64,357.49,,,,4,0:0.97 74:0.55 56:0.55 62:0.53,,,
17.729,frame,496,25.551652,48.6,33.32,372.71,512,384,BGR888p,,,,,
17.7291,detections,496,25.551652,48.6,33.32,372.78,,,,4,0:0.97 62:0.58 56:0.57 74:0.57,,,
17.7292,system,0,0.0,982.46,0.0,835861.9,,,,,,44.7,34.4,17.2
17.7768,frame,498,25.618294,47.78,66.64,353.88,512,384,BGR888p,,,,,
17.7769,detections,498,25.618294,47.85,66.64,354.0,,,,4,0:0.97 62:0.59 56:0.58 74:0.53,,,
17.8214,frame,499,25.651617,44.61,33.32,365.14,512,384,BGR888p,,,,,
17.8215,detections,499,25.651617,44.55,33.32,365.21,,,,4,0:0.97 62:0.58 56:0.54 74:0.51,,,
17.8685,frame,500,25.684947,47.08,33.33,378.89,512,384,BGR888p,,,,,
17.8686,detections,500,25.684947,47.07,33.33,378.94,,,,4,0:0.97 62:0.59 56:0.58 74:0.54,,,
17.9155,frame,502,25.751582,47.04,66.63,359.28,512,384,BGR888p,,,,,
17.9156,detections,502,25.751582,47.02,66.63,359.32,,,,4,0:0.97 56:0.60 74:0.59 62:0.56,,,
17.9645,frame,503,25.784904,48.97,33.32,374.93,512,384,BGR888p,,,,,
17.9646,detections,503,25.784904,48.98,33.32,374.99,,,,4,0:0.97 62:0.59 74:0.56 56:0.54,,,
18.012,frame,505,25.851547,47.55,66.64,355.84,512,384,BGR888p,,,,,
18.0127,detections,505,25.851547,48.13,66.64,356.48,,,,4,0:0.97 56:0.56 62:0.56 74:0.55,,,
18.0585,frame,506,25.88487,46.46,33.32,368.97,512,384,BGR888p,,,,,
18.0586,detections,506,25.88487,45.88,33.32,369.03,,,,4,0:0.97 62:0.58 56:0.56 74:0.54,,,
18.1035,frame,507,25.918199,44.96,33.33,380.6,512,384,BGR888p,,,,,
18.1035,detections,507,25.918199,44.95,33.33,380.65,,,,4,0:0.97 56:0.59 62:0.58 74:0.55,,,
18.1523,frame,509,25.984835,48.81,66.64,362.82,512,384,BGR888p,,,,,
18.1524,detections,509,25.984835,48.91,66.64,362.96,,,,4,0:0.97 62:0.58 74:0.56 56:0.54,,,
18.1978,frame,510,26.018158,45.55,33.32,375.0,512,384,BGR888p,,,,,
18.1979,detections,510,26.018158,45.45,33.32,375.06,,,,4,0:0.97 56:0.58 62:0.58 74:0.55,,,
18.2472,frame,512,26.0848,49.42,66.64,357.78,512,384,BGR888p,,,,,
18.2473,detections,512,26.0848,49.44,66.64,357.87,,,,4,0:0.97 56:0.58 74:0.58 62:0.56,,,
18.2952,frame,513,26.118124,47.95,33.32,372.43,512,384,BGR888p,,,,,
18.2953,detections,513,26.118124,47.99,33.32,372.54,,,,4,0:0.97 74:0.58 56:0.58 62:0.57,,,
18.3392,frame,514,26.151444,44.01,33.32,383.1,512,384,BGR888p,,,,,
18.3393,detections,514,26.151444,43.95,33.32,383.16,,,,4,0:0.97 62:0.56 74:0.56 56:0.54,,,
18.3857,frame,516,26.218088,46.47,66.64,362.93,512,384,BGR888p,,,,,
18.3857,detections,516,26.218088,46.47,66.64,362.98,,,,4,0:0.97 74:0.58 62:0.57 56:0.56,,,
18.4324,frame,517,26.251411,46.72,33.32,376.33,512,384,BGR888p,,,,,
18.4325,detections,517,26.251411,46.72,33.32,376.38,,,,4,0:0.97 56:0.58 62:0.56 74:0.54,,,
18.4833,frame,519,26.318054,50.95,66.64,360.63,512,384,BGR888p,,,,,
18.4834,detections,519,26.318054,50.95,66.64,360.69,,,,4,0:0.97 56:0.59 62:0.58 74:0.55,,,
18.5277,frame,520,26.351376,44.37,33.32,371.69,512,384,BGR888p,,,,,
18.5281,detections,520,26.351376,44.69,33.32,372.07,,,,4,0:0.97 56:0.59 62:0.58 74:0.54,,,
18.5728,frame,521,26.384697,45.07,33.32,383.42,512,384,BGR888p,,,,,
18.5729,detections,521,26.384697,44.76,33.32,383.5,,,,4,0:0.97 62:0.57 56:0.57 74:0.56,,,
18.6186,frame,523,26.451342,45.83,66.65,362.61,512,384,BGR888p,,,,,
18.6187,detections,523,26.451342,45.81,66.65,362.67,,,,4,0:0.97 56:0.58 62:0.56 74:0.54,,,
18.6651,frame,524,26.484665,46.48,33.32,375.77,512,384,BGR888p,,,,,
18.6652,detections,524,26.484665,46.48,33.32,375.83,,,,4,0:0.97 56:0.57 74:0.55 62:0.54,,,
18.715,frame,526,26.551307,49.87,66.64,359.0,512,384,BGR888p,,,,,
18.715,detections,526,26.551307,49.87,66.64,359.06,,,,4,0:0.97 56:0.61 62:0.60 74:0.56,,,
18.7622,frame,527,26.58463,47.2,33.32,372.88,512,384,BGR888p,,,,,
18.7622,detections,527,26.58463,47.2,33.32,372.94,,,,4,0:0.97 62:0.59 56:0.56 74:0.55,,,
18.7623,system,0,0.0,1033.14,0.0,836895.04,,,,,,44.87,34.4,17.2
18.8096,frame,528,26.61795,47.42,33.32,386.98,512,384,BGR888p,,,,,
18.8097,detections,528,26.61795,47.42,33.32,387.03,,,,4,0:0.97 56:0.60 74:0.56 62:0.55,,,
18.8549,frame,530,26.684597,45.3,66.65,365.63,512,384,BGR888p,,,,,
18.855,detections,530,26.684597,45.3,66.65,365.69,,,,4,0:0.97 56:0.57 74:0.56 62:0.53,,,
18.9016,frame,531,26.717918,46.7,33.32,379.02,512,384,BGR888p,,,,,
18.9017,detections,531,26.717918,46.71,33.32,379.08,,,,4,0:0.97 56:0.56 62:0.56 74:0.54,,,
18.949,frame,533,26.78456,47.38,66.64,359.78,512,384,BGR888p,,,,,
18.9491,detections,533,26.78456,47.44,66.64,359.9,,,,4,0:0.97 62:0.59 56:0.56 74:0.53,,,
18.9981,frame,534,26.817883,49.1,33.32,375.57,512,384,BGR888p,,,,,
18.9982,detections,534,26.817883,49.13,33.32,375.71,,,,4,0:0.97 56:0.58 74:0.53 62:0.53,,,
19.0457,frame,535,26.851203,47.59,33.32,389.82,512,384,BGR888p,,,,,
19.0458,detections,535,26.851203,47.54,33.32,389.91,,,,4,0:0.97 56:0.59 62:0.56 74:0.55,,,
19.0917,frame,537,26.917851,46.02,66.65,369.18,512,384,BGR888p,,,,,
19.0918,detections,537,26.917851,45.99,66.65,369.24,,,,4,0:0.97 56:0.55 74:0.54 62:0.53,,,
19.1369,frame,538,26.951171,45.19,33.32,381.05,512,384,BGR888p,,,,,
19.137,detections,538,26.951171,45.18,33.32,381.11,,,,4,0:0.97 62:0.57 74:0.54 56:0.52,,,
19.1836,frame,540,27.017814,46.69,66.64,361.11,512,384,BGR888p,,,,,
19.1837,detections,540,27.017814,46.71,66.64,361.18,,,,4,0:0.97 56:0.59 74:0.53 62:0.53,,,
19.2306,frame,541,27.051136,47.04,33.32,374.82,512,384,BGR888p,,,,,
19.2307,detections,541,27.051136,47.03,33.32,374.88,,,,4,0:0.97 74:0.55 56:0.53 62:0.53,,,
19.2781,frame,543,27.117779,47.53,66.64,355.71,512,384,BGR888p,,,,,
19.2782,detections,543,27.117779,47.53,66.64,355.77,,,,4,0:0.97 56:0.57 74:0.56 62:0.52,,,
19.3248,frame,544,27.151102,46.66,33.32,369.05,512,384,BGR888p,,,,,
19.3249,detections,544,27.151102,46.66,33.32,369.11,,,,4,0:0.97 56:0.58 62:0.57 74:0.55,,,
19.3707,frame,545,27.184422,45.87,33.32,381.59,512,384,BGR888p,,,,,
19.3707,detections,545,27.184422,45.86,33.32,381.65,,,,4,0:0.97 56:0.57 62:0.55 74:0.52,,,
19.4165,frame,547,27.251067,45.84,66.64,360.79,512,384,BGR888p,,,,,
19.4166,detections,547,27.251067,45.86,66.64,360.87,,,,4,0:0.97 62:0.55 74:0.55 56:0.55,,,
19.4639,frame,548,27.284389,47.34,33.32,374.81,512,384,BGR888p,,,,,
19.4639,detections,548,27.284389,47.33,33.32,374.87,,,,4,0:0.97 62:0.57 56:0.55 74:0.55,,,
19.5111,frame,550,27.351032,47.24,66.64,355.41,512,384,BGR888p,,,,,
19.5117,detections,550,27.351032,47.81,66.64,356.06,,,,4,0:0.97 56:0.59 62:0.56 74:0.54,,,
19.5574,frame,551,27.384356,46.33,33.32,368.43,512,384,BGR888p,,,,,
19.5575,detections,551,27.384356,45.78,33.32,368.51,,,,4,0:0.97 56:0.57 74:0.57 62:0.54,,,
19.6036,frame,552,27.417675,46.14,33.32,381.23,512,384,BGR888p,,,,,
19.6037,detections,552,27.417675,46.15,33.32,381.33,,,,4,0:0.97 62:0.55 56:0.54 74:0.52,,,
19.6505,frame,554,27.48432,46.93,66.65,361.52,512,384,BGR888p,,,,,
19.6506,detections,554,27.48432,46.89,66.65,361.58,,,,4,0:0.97 62:0.57 56:0.54 74:0.52,,,
19.697,frame,555,27.517642,46.5,33.32,374.69,512,384,BGR888p,,,,,
19.6971,detections,555,27.517642,46.5,33.32,374.75,,,,4,0:0.97 56:0.59 62:0.53 74:0.53,,,
19.744,frame,557,27.584285,46.97,66.64,355.03,512,384,BGR888p,,,,,
19.7441,detections,557,27.584285,46.98,66.64,355.09,,,,4,0:0.97 56:0.58 62:0.54 74:0.52,,,
19.7441,system,0,0.0,981.81,0.0,837876.84,,,,,,44.58,34.3,17.7
19.7898,frame,558,27.617611,45.88,33.33,367.6,512,384,BGR888p,,,,,
19.79,detections,558,27.617611,45.92,33.33,367.69,,,,4,0:0.97 56:0.61 74:0.56 62:0.55,,,
19.8361,frame,559,27.650928,46.25,33.32,380.52,512,384,BGR888p,,,,,
19.8362,detections,559,27.650928,46.23,33.32,380.6,,,,4,0:0.97 56:0.61 74:0.54 62:0.53,,,
19.8827,frame,561,27.717573,46.55,66.65,360.43,512,384,BGR888p,,,,,
19.8828,detections,561,27.717573,46.56,66.65,360.52,,,,4,0:0.97 56:0.58 62:0.56 74:0.55,,,
19.9309,frame,562,27.750895,48.26,33.32,375.36,512,384,BGR888p,,,,,
19.931,detections,562,27.750895,48.23,33.32,375.42,,,,4,0:0.97 62:0.60 74:0.54 56:0.53,,,
19.9767,frame,564,27.817538,45.82,66.64,354.54,512,384,BGR888p,,,,,
19.9768,detections,564,27.817538,45.82,66.64,354.6,,,,4,0:0.97 56:0.58 62:0.55 74:0.55,,,
20.0243,frame,565,27.850864,47.55,33.33,368.78,512,384,BGR888p,,,,,
20.0244,detections,565,27.850864,47.56,33.33,368.83,,,,4,0:0.97 56:0.56 62:0.56 74:0.54,,,
20.07,frame,566,27.884182,45.67,33.32,381.12,512,384,BGR888p,,,,,
20.07,detections,566,27.884182,45.67,33.32,381.18,,,,4,0:0.97 56:0.59 62:0.56 74:0.55,,,
20.1168,frame,568,27.950827,46.81,66.65,361.28,512,384,BGR888p,,,,,
20.1168,detections,568,27.950827,46.8,66.65,361.34,,,,4,0:0.97 56:0.57 74:0.55 62:0.52,,,
20.1664,frame,569,27.984149,49.64,33.32,377.6,512,384,BGR888p,,,,,
20.1665,detections,569,27.984149,49.64,33.32,377.66,,,,4,0:0.97 56:0.56 74:0.55 62:0.55,,,
20.2133,frame,571,28.050791,46.93,66.64,357.89,512,384,BGR888p,,,,,
20.2142,detections,571,28.050791,47.72,66.64,358.75,,,,4,0:0.97 62:0.61 56:0.58 74:0.53,,,
20.261,frame,572,28.084116,47.67,33.33,372.24,512,384,BGR888p,,,,,
20.2612,detections,572,28.084116,46.95,33.33,372.37,,,,4,0:0.97 62:0.55 74:0.54 56:0.54,,,
20.3083,frame,573,28.117435,47.3,33.32,386.23,512,384,BGR888p,,,,,
20.3084,detections,573,28.117435,47.23,33.32,386.28,,,,4,0:0.97 56:0.60 62:0.57 74:0.54,,,
20.356,frame,575,28.18408,47.68,66.65,367.26,512,384,BGR888p,,,,,
20.3561,detections,575,28.18408,47.68,66.65,367.33,,,,4,0:0.97 62:0.58 56:0.57 74:0.56,,,
20.405,frame,576,28.217402,49.01,33.32,383.02,512,384,BGR888p,,,,,
20.4053,detections,576,28.217402,49.18,33.32,383.26,,,,4,0:0.97 62:0.58 56:0.57 74:0.56,,,
20.4527,frame,578,28.284045,47.7,66.64,364.0,512,384,BGR888p,,,,,
20.4528,detections,578,28.284045,47.52,66.64,364.06,,,,4,0:0.97 62:0.58 74:0.52 56:0.52,,,
20.5006,frame,579,28.31737,47.95,33.33,378.62,512,384,BGR888p,,,,,
20.5007,detections,579,28.31737,47.95,33.33,378.69,,,,4,0:0.97 56:0.57 62:0.57 74:0.54,,,
20.5471,frame,580,28.350688,46.48,33.32,391.79,512,384,BGR888p,,,,,
20.5472,detections,580,28.350688,46.48,33.32,391.85,,,,4,0:0.97 56:0.56 62:0.56 74:0.56,,,
20.5944,frame,582,28.417335,47.28,66.65,372.43,512,384,BGR888p,,,,,
20.5945,detections,582,28.417335,47.3,66.65,372.5,,,,4,0:0.97 56:0.58 62:0.56 74:0.56,,,
20.6429,frame,583,28.450657,48.5,33.32,387.6,512,384,BGR888p,,,,,
20.643,detections,583,28.450657,48.52,33.32,387.69,,,,4,0:0.97 62:0.56 74:0.56 56:0.55,,,
20.6929,frame,585,28.517298,49.99,66.64,370.95,512,384,BGR888p,,,,,
20.693,detections,585,28.517298,49.96,66.64,371.01,,,,4,0:0.97 56:0.56 62:0.55 74:0.53,,,
20.7408,frame,586,28.550622,47.93,33.32,385.56,512,384,BGR888p,,,,,
20.7409,detections,586,28.550622,47.94,33.32,385.63,,,,4,0:0.97 62:0.60 56:0.54 74:0.53,,,
20.787,frame,587,28.583941,46.18,33.32,398.44,512,384,BGR888p,,,,,
20.7871,detections,587,28.583941,46.19,33.32,398.49,,,,4,0:0.97 62:0.58 56:0.55 74:0.52,,,
20.7872,system,0,0.0,1043.05,0.0,838919.89,,,,,,45.21,34.1,17.1
20.835,frame,589,28.650587,47.94,66.65,379.76,512,384,BGR888p,,,,,
20.8351,detections,589,28.650587,47.97,66.65,379.81,,,,4,0:0.97 56:0.58 74:0.56 62:0.56,,,
20.8834,frame,590,28.683909,48.45,33.32,394.86,512,384,BGR888p,,,,,
20.8835,detections,590,28.683909,48.43,33.32,394.92,,,,4,0:0.97 62:0.59 56:0.57 74:0.54,,,
20.9344,frame,592,28.750551,51.01,66.64,379.22,512,384,BGR888p,,,,,
20.9345,detections,592,28.750551,51.0,66.64,379.28,,,,4,0:0.97 56:0.59 74:0.56 62:0.56,,,
20.982,frame,593,28.783876,47.55,33.32,393.45,512,384,BGR888p,,,,,
20.9821,detections,593,28.783876,47.57,33.32,393.54,,,,4,0:0.97 56:0.57 74:0.56 62:0.56,,,
21.0268,frame,594,28.817196,44.85,33.32,404.97,512,384,BGR888p,,,,,
21.0296,detections,594,28.817196,47.52,33.32,407.74,,,,4,0:0.96 62:0.56 56:0.54 74:0.51,,,
21.0788,frame,596,28.88384,51.96,66.64,390.29,512,384,BGR888p,,,,,
21.0789,detections,596,28.88384,49.27,66.64,390.34,,,,4,0:0.96 62:0.56 56:0.56 74:0.55,,,
21.1233,frame,597,28.917162,44.5,33.32,401.5,512,384,BGR888p,,,,,
21.1234,detections,597,28.917162,44.55,33.32,401.57,,,,4,0:0.96 62:0.57 56:0.56 74:0.55,,,
21.1715,frame,599,28.983805,48.18,66.64,383.0,512,384,BGR888p,,,,,
21.1715,detections,599,28.983805,48.13,66.64,383.06,,,,4,0:0.96 56:0.56 62:0.55 74:0.54,,,
21.2214,frame,600,29.017132,49.97,33.33,399.65,512,384,BGR888p,,,,,
21.2215,detections,600,29.017132,49.98,33.33,399.71,,,,4,0:0.96 56:0.56 62:0.56 74:0.53,,,
21.2698,frame,601,29.050449,48.34,33.32,414.67,512,384,BGR888p,,,,,
21.2698,detections,601,29.050449,48.33,33.32,414.72,,,,4,0:0.96 62:0.60 56:0.59 74:0.52,,,
21.3158,frame,603,29.117094,46.05,66.65,394.07,512,384,BGR888p,,,,,
21.3159,detections,603,29.117094,46.05,66.65,394.12,,,,4,0:0.96 62:0.57 56:0.56 74:0.52,,,
21.3626,frame,604,29.150416,46.83,33.32,407.58,512,384,BGR888p,,,,,
21.3627,detections,604,29.150416,46.83,33.32,407.63,,,,4,0:0.96 56:0.59 62:0.58 74:0.55,,,
21.4099,frame,606,29.217058,47.26,66.64,388.19,512,384,BGR888p,,,,,
21.41,detections,606,29.217058,47.25,66.64,388.24,,,,4,0:0.96 56:0.60 62:0.55 74:0.55,,,
21.4589,frame,607,29.250381,48.97,33.32,403.85,512,384,BGR888p,,,,,
21.459,detections,607,29.250381,48.99,33.32,403.9,,,,4,0:0.96 62:0.55 56:0.54 74:0.52,,,
21.507,frame,609,29.317023,48.07,66.64,385.27,512,384,BGR888p,,,,,
21.507,detections,609,29.317023,48.07,66.64,385.34,,,,4,0:0.96 62:0.57 56:0.56 74:0.55,,,
21.5545,frame,610,29.350346,47.5,33.32,399.46,512,384,BGR888p,,,,,
21.5553,detections,610,29.350346,48.26,33.32,400.32,,,,4,0:0.96 62:0.62 56:0.57 74:0.54,,,
21.6013,frame,611,29.383667,46.88,33.32,413.01,512,384,BGR888p,,,,,
21.6014,detections,611,29.383667,46.11,33.32,413.06,,,,4,0:0.96 62:0.59 56:0.58 74:0.52,,,
21.6478,frame,613,29.450311,46.51,66.64,392.88,512,384,BGR888p,,,,,
21.648,detections,613,29.450311,46.55,66.64,392.97,,,,4,0:0.96 62:0.57 56:0.56 74:0.55,,,
21.6964,frame,614,29.483637,48.52,33.33,408.08,512,384,BGR888p,,,,,
21.6964,detections,614,29.483637,48.49,33.33,408.13,,,,4,0:0.96 62:0.56 74:0.56 56:0.56,,,
21.7448,frame,616,29.550277,48.47,66.64,389.91,512,384,BGR888p,,,,,
21.7449,detections,616,29.550277,48.47,66.64,389.96,,,,4,0:0.96 56:0.60 74:0.57 62:0.52,,,
21.7916,frame,617,29.583601,46.78,33.32,403.37,512,384,BGR888p,,,,,
21.7917,detections,617,29.583601,46.79,33.32,403.43,,,,4,0:0.96 62:0.56 74:0.53 56:0.53,,,
21.7918,system,0,0.0,1004.6,0.0,839924.5,,,,,,45.09,35.5,18.1
21.8381,frame,618,29.616921,46.43,33.32,416.47,512,384,BGR888p,,,,,
21.8381,detections,618,29.616921,46.42,33.32,416.53,,,,4,0:0.96 62:0.60 74:0.53 56:0.53,,,
21.888,frame,620,29.683565,49.92,66.64,399.75,512,384,BGR888p,,,,,
21.888,detections,620,29.683565,49.92,66.64,399.81,,,,4,0:0.96 62:0.57 56:0.53 74:0.52,,,
21.9352,frame,621,29.716887,47.19,33.32,413.62,512,384,BGR888p,,,,,
21.9352,detections,621,29.716887,47.19,33.32,413.68,,,,4,0:0.96 56:0.62 62:0.58 74:0.55,,,
21.9852,frame,623,29.78353,50.01,66.64,396.99,512,384,BGR888p,,,,,
21.9853,detections,623,29.78353,50.01,66.64,397.04,,,,4,0:0.96 56:0.58 74:0.57 62:0.55,,,
22.0333,frame,624,29.816853,48.12,33.32,411.79,512,384,BGR888p,,,,,
22.0334,detections,624,29.816853,48.13,33.32,411.85,,,,4,0:0.96 62:0.61 56:0.59 74:0.54,,,
22.0823,frame,625,29.850173,49.01,33.32,427.48,512,384,BGR888p,,,,,
22.0824,detections,625,29.850173,49.0,33.32,427.53,,,,4,0:0.96 62:0.61 56:0.59 74:0.55,,,
22.1277,frame,627,29.916818,45.35,66.64,406.18,512,384,BGR888p,,,,,
22.1277,detections,627,29.916818,45.35,66.64,406.24,,,,4,0:0.96 62:0.58 56:0.57 74:0.54,,,
22.1756,frame,628,29.95014,47.92,33.32,420.79,512,384,BGR888p,,,,,
22.1757,detections,628,29.95014,47.93,33.32,420.85,,,,4,0:0.96 62:0.57 74:0.55 56:0.54,,,
22.2248,frame,630,30.016783,49.19,66.64,403.33,512,384,BGR888p,,,,,
22.2248,detections,630,30.016783,49.18,66.64,403.38,,,,4,0:0.96 56:0.61 62:0.58 74:0.54,,,
22.2735,frame,631,30.050106,48.72,33.32,418.74,512,384,BGR888p,,,,,
22.2736,detections,631,30.050106,48.79,33.32,418.86,,,,4,0:0.96 56:0.58 74:0.55 62:0.54,,,
22.3219,frame,632,30.083426,48.45,33.32,433.85,512,384,BGR888p,,,,,
22.3225,detections,632,30.083426,48.83,33.32,434.37,,,,4,0:0.96 62:0.59 56:0.57 74:0.56,,,
22.3686,frame,634,30.150071,46.69,66.65,413.9,512,384,BGR888p,,,,,
22.3687,detections,634,30.150071,46.24,66.65,413.96,,,,4,0:0.95 62:0.59 56:0.57 74:0.53,,,
22.4152,frame,635,30.183394,46.58,33.32,427.15,512,384,BGR888p,,,,,
22.4153,detections,635,30.183394,46.57,33.32,427.21,,,,4,0:0.95 62:0.62 56:0.60 74:0.57,,,
22.4613,frame,637,30.250037,46.09,66.64,406.61,512,384,BGR888p,,,,,
22.4614,detections,637,30.250037,46.11,66.64,406.67,,,,4,0:0.96 62:0.59 74:0.55 56:0.54,,,
22.5112,frame,638,30.283359,49.94,33.32,423.2,512,384,BGR888p,,,,,
22.5113,detections,638,30.283359,49.9,33.32,423.25,,,,4,0:0.96 62:0.61 56:0.55 74:0.54,,,
22.5594,frame,640,30.350002,48.13,66.64,384.02,512,384,BGR888p,,,,,
22.5594,detections,640,30.350002,48.15,66.64,384.08,,,,4,0:0.96 62:0.57 56:0.57 74:0.54,,,
22.6057,frame,641,30.383325,46.32,33.32,397.04,512,384,BGR888p,,,,,
22.6058,detections,641,30.383325,46.33,33.32,397.09,,,,4,0:0.96 62:0.62 56:0.57 74:0.51,,,
22.652,frame,642,30.416645,46.37,33.32,410.07,512,384,BGR888p,,,,,
22.6521,detections,642,30.416645,46.38,33.32,410.15,,,,4,0:0.96 62:0.56 56:0.56 74:0.54,,,
22.6987,frame,644,30.48329,46.66,66.65,390.08,512,384,BGR888p,,,,,
22.6988,detections,644,30.48329,46.64,66.65,390.14,,,,4,0:0.96 62:0.60 56:0.59 74:0.54,,,
22.7475,frame,645,30.516613,48.77,33.32,405.53,512,384,BGR888p,,,,,
22.7476,detections,645,30.516613,48.77,33.32,405.59,,,,4,0:0.96 62:0.57 56:0.56 74:0.56,,,
22.7952,frame,647,30.583255,47.73,66.64,386.63,512,384,BGR888p,,,,,
22.7953,detections,647,30.583255,47.79,66.64,386.75,,,,4,0:0.96 62:0.59 74:0.56 56:0.52,,,
22.8429,frame,648,30.616579,47.73,33.32,401.04,512,384,BGR888p,,,,,
22.843,detections,648,30.616579,47.71,33.32,401.12,,,,4,0:0.96 62:0.58 56:0.54 74:0.51,,,
22.8431,system,0,0.0,1051.36,0.0,840975.88,,,,,,45.09,34.7,17.5
22.8901,frame,649,30.649898,47.18,33.32,414.89,512,384,BGR888p,,,,,
22.8902,detections,649,30.649898,47.18,33.32,414.98,,,,4,0:0.96 62:0.62 56:0.56 74:0.54,,,
22.937,frame,651,30.716544,46.87,66.65,395.14,512,384,BGR888p,,,,,
22.9371,detections,651,30.716544,46.9,66.65,395.25,,,,4,0:0.96 62:0.59 56:0.58 74:0.55,,,
22.9858,frame,652,30.749869,48.79,33.33,410.66,512,384,BGR888p,,,,,
22.986,detections,652,30.749869,48.91,33.33,410.87,,,,4,0:0.96 56:0.60 62:0.56 74:0.56,,,
23.0341,frame,654,30.816508,48.32,66.64,392.32,512,384,BGR888p,,,,,
23.0352,detections,654,30.816508,49.18,66.64,393.45,,,,4,0:0.96 62:0.61 56:0.59 74:0.54,,,
23.0814,frame,655,30.849834,47.29,33.33,406.3,512,384,BGR888p,,,,,
23.0822,detections,655,30.849834,47.04,33.33,407.18,,,,4,0:0.96 62:0.57 56:0.56 74:0.54,,,
23.1284,frame,656,30.883154,47.05,33.32,420.03,512,384,BGR888p,,,,,
23.1287,detections,656,30.883154,46.44,33.32,420.24,,,,4,0:0.96 62:0.60 56:0.55 74:0.53,,,
23.1756,frame,658,30.949797,47.14,66.64,400.46,512,384,BGR888p,,,,,
23.1757,detections,658,30.949797,46.98,66.64,400.52,,,,4,0:0.96 62:0.60 56:0.58 74:0.55,,,
23.2234,frame,659,30.983119,47.78,33.32,414.91,512,384,BGR888p,,,,,
23.2234,detections,659,30.983119,47.77,33.32,414.97,,,,4,0:0.96 62:0.57 56:0.57 74:0.54,,,
23.2753,frame,661,31.049761,51.93,66.64,400.21,512,384,BGR888p,,,,,
23.2754,detections,661,31.049761,51.95,66.64,400.28,,,,4,0:0.96 56:0.59 62:0.57 74:0.55,,,
23.3214,frame,662,31.083085,46.07,33.32,412.95,512,384,BGR888p,,,,,
23.3214,detections,662,31.083085,46.06,33.32,413.02,,,,4,0:0.96 56:0.59 62:0.53 74:0.52,,,
23.3694,frame,663,31.116405,48.0,33.32,427.63,512,384,BGR888p,,,,,
23.3695,detections,663,31.116405,48.0,33.32,427.71,,,,4,0:0.95 62:0.63 56:0.59 74:0.53,,,
23.4139,frame,665,31.183051,44.51,66.65,405.49,512,384,BGR888p,,,,,
23.414,detections,665,31.183051,44.5,66.65,405.56,,,,4,0:0.95 56:0.56 62:0.55 74:0.53,,,
23.4605,frame,666,31.216378,46.65,33.33,418.84,512,384,BGR888p,,,,,
23.4607,detections,666,31.216378,46.71,33.33,418.99,,,,4,0:0.95 56:0.58 62:0.56 74:0.55,,,
23.5085,frame,668,31.283015,48.02,66.64,400.2,512,384,BGR888p,,,,,
23.5095,detections,668,31.283015,48.87,66.64,401.19,,,,4,0:0.95 62:0.58 56:0.57 74:0.53,,,
23.5566,frame,669,31.316338,48.05,33.32,414.91,512,384,BGR888p,,,,,
23.5567,detections,669,31.316338,47.12,33.32,414.97,,,,4,0:0.95 74:0.57 56:0.57 62:0.54,,,
23.6029,frame,670,31.349658,46.31,33.32,427.9,512,384,BGR888p,,,,,
23.603,detections,670,31.349658,46.3,33.32,427.95,,,,4,0:0.95 56:0.56 62:0.55 74:0.55,,,
23.6495,frame,672,31.416304,46.61,66.65,407.87,512,384,BGR888p,,,,,
23.6496,detections,672,31.416304,46.62,66.65,407.92,,,,4,0:0.95 56:0.54 74:0.53 62:0.50,,,
23.6965,frame,673,31.449625,46.99,33.32,421.55,512,384,BGR888p,,,,,
23.6966,detections,673,31.449625,47.06,33.32,421.68,,,,4,0:0.95 62:0.57 56:0.56 74:0.53,,,
23.7463,frame,675,31.516268,49.84,66.64,404.73,512,384,BGR888p,,,,,
23.7464,detections,675,31.516268,49.76,66.64,404.78,,,,4,0:0.94 74:0.56 56:0.55 62:0.54,,,
23.7928,frame,676,31.549591,46.44,33.32,417.85,512,384,BGR888p,,,,,
23.7929,detections,676,31.549591,46.46,33.32,417.93,,,,4,0:0.94 56:0.58 62:0.57 74:0.56,,,
23.839,frame,677,31.582911,46.28,33.32,430.8,512,384,BGR888p,,,,,
23.8391,detections,677,31.582911,46.25,33.32,430.85,,,,4,0:0.94 56:0.56 74:0.53 62:0.52,,,
23.8392,system,0,0.0,996.04,0.0,841971.89,,,,,,45.09,34.5,17.2
23.8859,frame,679,31.649557,46.83,66.65,410.98,512,384,BGR888p,,,,,
23.8859,detections,679,31.649557,46.83,66.65,411.04,,,,4,0:0.95 56:0.56 74:0.55 62:0.54,,,
23.9328,frame,680,31.682879,46.91,33.32,424.57,512,384,BGR888p,,,,,
23.9329,detections,680,31.682879,46.92,33.32,424.64,,,,4,0:0.95 56:0.60 62:0.54 74:0.53,,,
23.9821,frame,682,31.749522,49.33,66.64,407.27,512,384,BGR888p,,,,,
23.9833,detections,682,31.749522,50.4,66.64,408.45,,,,4,0:0.95 74:0.55 56:0.55 62:0.51,,,
24.0307,frame,683,31.782845,48.57,33.32,422.52,512,384,BGR888p,,,,,
24.0308,detections,683,31.782845,47.55,33.32,422.64,,,,4,0:0.95 56:0.57 74:0.54 62:0.52,,,
24.0792,frame,684,31.816164,48.48,33.32,437.67,512,384,BGR888p,,,,,
24.0793,detections,684,31.816164,48.54,33.32,437.84,,,,4,0:0.95 56:0.60 62:0.55 74:0.54,,,
24.1256,frame,686,31.88281,46.41,66.65,417.44,512,384,BGR888p,,,,,
24.1262,detections,686,31.88281,46.81,66.65,418.03,,,,4,0:0.94 56:0.57 62:0.57 74:0.53,,,
24.172,frame,687,31.916132,46.44,33.32,430.54,512,384,BGR888p,,,,,
24.1721,detections,687,31.916132,45.92,33.32,430.59,,,,4,0:0.94 56:0.57 62:0.54 74:0.54,,,
24.2205,frame,689,31.982774,48.5,66.64,412.41,512,384,BGR888p,,,,,
24.2206,detections,689,31.982774,48.52,66.64,412.47,,,,4,0:0.95 74:0.57 56:0.55 62:0.53,,,
24.2703,frame,690,32.016098,49.76,33.32,428.86,512,384,BGR888p,,,,,
24.2704,detections,690,32.016098,49.77,33.32,428.92,,,,4,0:0.95 56:0.58 62:0.56 74:0.55,,,
24.3164,frame,691,32.049417,46.08,33.32,441.6,512,384,BGR888p,,,,,
24.3164,detections,691,32.049417,46.05,33.32,441.65,,,,4,0:0.95 56:0.57 62:0.56 74:0.53,,,
24.3645,frame,693,32.116063,48.15,66.65,423.12,512,384,BGR888p,,,,,
24.3646,detections,693,32.116063,48.18,66.65,423.18,,,,4,0:0.95 74:0.58 56:0.56 62:0.56,,,
24.411,frame,694,32.149388,46.52,33.33,436.31,512,384,BGR888p,,,,,
24.4111,detections,694,32.149388,46.51,33.33,436.37,,,,4,0:0.95 56:0.60 74:0.57 62:0.54,,,
24.4576,frame,696,32.216028,46.54,66.64,416.21,512,384,BGR888p,,,,,
24.4577,detections,696,32.216028,46.55,66.64,416.28,,,,4,0:0.95 56:0.54 74:0.54 62:0.54,,,
24.506,frame,697,32.24935,48.44,33.32,431.33,512,384,BGR888p,,,,,
24.5061,detections,697,32.24935,48.44,33.32,431.39,,,,4,0:0.95 56:0.58 74:0.57 62:0.56,,,
24.5546,frame,699,32.315993,48.59,66.64,413.28,512,384,BGR888p,,,,,
24.5547,detections,699,32.315993,48.59,66.64,413.34,,,,4,0:0.95 56:0.57 62:0.56 74:0.55,,,
24.6013,frame,700,32.349316,46.65,33.32,426.62,512,384,BGR888p,,,,,
24.6014,detections,700,32.349316,46.71,33.32,426.73,,,,4,0:0.95 62:0.61 56:0.58 74:0.55,,,
24.6479,frame,701,32.38264,46.67,33.32,439.95,512,384,BGR888p,,,,,
24.648,detections,701,32.38264,46.61,33.32,440.01,,,,4,0:0.95 62:0.59 56:0.59 74:0.56,,,
24.6946,frame,703,32.449282,46.69,66.64,420.01,512,384,BGR888p,,,,,
24.6947,detections,703,32.449282,46.7,66.64,420.06,,,,3,0:0.95 56:0.57 74:0.55,,,
24.7432,frame,704,32.482607,48.57,33.33,435.25,512,384,BGR888p,,,,,
24.7433,detections,704,32.482607,48.6,33.33,435.34,,,,5,0:0.95 74:0.57 56:0.55 56:0.53 56:0.51,,,
24.7912,frame,706,32.549246,47.97,66.64,416.59,512,384,BGR888p,,,,,
24.7919,detections,706,32.549246,48.59,66.64,417.31,,,,4,0:0.95 56:0.55 74:0.55 56:0.54,,,
24.8386,frame,707,32.582572,47.46,33.33,430.73,512,384,BGR888p,,,,,
24.8387,detections,707,32.582572,46.82,33.33,430.78,,,,3,0:0.95 56:0.59 74:0.56,,,
24.8388,system,0,0.0,999.59,0.0,842971.48,,,,,,45.09,35.3,17.6
24.8852,frame,708,32.615889,46.56,33.32,443.97,512,384,BGR888p,,,,,
24.8853,detections,708,32.615889,46.57,33.32,444.03,,,,3,0:0.95 56:0.59 74:0.57,,,
24.9317,frame,710,32.682535,46.51,66.65,423.84,512,384,BGR888p,,,,,
24.9318,detections,710,32.682535,46.53,66.65,423.92,,,,4,0:0.95 56:0.59 56:0.57 74:0.53,,,
24.9791,frame,711,32.715857,47.41,33.32,437.92,512,384,BGR888p,,,,,
24.9792,detections,711,32.715857,47.39,33.32,437.98,,,,3,0:0.94 56:0.56 74:0.55,,,
25.0271,frame,713,32.7825,47.96,66.64,419.25,512,384,BGR888p,,,,,
25.0278,detections,713,32.7825,48.64,66.64,419.98,,,,4,0:0.95 56:0.59 56:0.55 74:0.54,,,
25.0745,frame,714,32.815824,47.38,33.32,433.3,512,384,BGR888p,,,,,
25.0746,detections,714,32.815824,46.8,33.32,433.45,,,,4,0:0.95 56:0.61 56:0.58 74:0.54,,,
25.1214,frame,715,32.849143,46.93,33.32,446.92,512,384,BGR888p,,,,,
25.1217,detections,715,32.849143,47.13,33.32,447.26,,,,4,0:0.94 56:0.60 74:0.55 56:0.51,,,
25.1687,frame,717,32.915788,47.31,66.65,427.58,512,384,BGR888p,,,,,
25.1688,detections,717,32.915788,47.03,66.65,427.64,,,,4,0:0.95 56:0.59 74:0.55 56:0.52,,,
25.2153,frame,718,32.94911,46.57,33.32,440.84,512,384,BGR888p,,,,,
25.2154,detections,718,32.94911,46.59,33.32,440.9,,,,4,0:0.95 56:0.57 56:0.56 74:0.54,,,
25.2629,frame,720,33.015753,47.66,66.64,421.85,512,384,BGR888p,,,,,
25.2636,detections,720,33.015753,48.25,66.64,422.52,,,,4,0:0.95 56:0.55 56:0.53 74:0.51,,,
25.3096,frame,721,33.049075,46.65,33.32,435.19,512,384,BGR888p,,,,,
25.3097,detections,721,33.049075,46.07,33.32,435.26,,,,4,0:0.95 56:0.57 74:0.56 56:0.52,,,
25.356,frame,722,33.082397,46.39,33.32,448.25,512,384,BGR888p,,,,,
25.3561,detections,722,33.082397,46.39,33.32,448.32,,,,4,0:0.95 56:0.60 56:0.56 74:0.54,,,
25.4034,frame,724,33.149041,47.39,66.64,429.05,512,384,BGR888p,,,,,
25.4036,detections,724,33.149041,47.51,66.64,429.23,,,,5,0:0.95 56:0.55 62:0.52 74:0.51 56:0.51,,,
25.4517,frame,725,33.182363,48.37,33.32,444.12,512,384,BGR888p,,,,,
25.452,detections,725,33.182363,48.41,33.32,444.33,,,,5,0:0.95 56:0.55 74:0.55 56:0.53 62:0.51,,,
25.4996,frame,727,33.249006,47.82,66.64,425.22,512,384,BGR888p,,,,,
25.4996,detections,727,33.249006,47.64,66.64,425.27,,,,3,0:0.95 56:0.56 74:0.54,,,
25.5449,frame,728,33.282329,45.32,33.32,437.22,512,384,BGR888p,,,,,
25.545,detections,728,33.282329,45.33,33.32,437.29,,,,3,0:0.95 56:0.61 74:0.52,,,
25.5911,frame,729,33.315649,46.27,33.32,450.17,512,384,BGR888p,,,,,
25.5912,detections,729,33.315649,46.26,33.32,450.22,,,,3,0:0.95 74:0.55 56:0.55,,,
25.6378,frame,731,33.382294,46.61,66.65,430.13,512,384,BGR888p,,,,,
25.6378,detections,731,33.382294,46.6,66.65,430.18,,,,3,0:0.95 74:0.57 56:0.56,,,
25.687,frame,732,33.415616,49.25,33.32,446.06,512,384,BGR888p,,,,,
25.6871,detections,732,33.415616,49.26,33.32,446.12,,,,4,0:0.95 56:0.59 56:0.57 74:0.55,,,
25.7336,frame,734,33.482259,46.57,66.64,425.99,512,384,BGR888p,,,,,
25.734,detections,734,33.482259,46.96,66.64,426.45,,,,4,0:0.95 56:0.57 74:0.54 56:0.50,,,
25.7811,frame,735,33.515582,47.57,33.32,440.26,512,384,BGR888p,,,,,
25.7814,detections,735,33.515582,47.31,33.32,440.44,,,,3,0:0.95 56:0.55 74:0.53,,,
25.8269,frame,736,33.548904,45.79,33.32,452.71,512,384,BGR888p,,,,,
25.827,detections,736,33.548904,45.67,33.32,452.77,,,,3,0:0.95 56:0.56 74:0.56,,,
25.8744,frame,738,33.615547,47.48,66.64,433.54,512,384,BGR888p,,,,,
25.8745,detections,738,33.615547,47.47,66.64,433.6,,,,3,0:0.95 56:0.60 74:0.56,,,
25.8745,system,0,0.0,1035.79,0.0,844007.27,,,,,,45.04,33.9,17.2
25.9228,frame,739,33.64887,48.42,33.32,448.64,512,384,BGR888p,,,,,
25.9229,detections,739,33.64887,48.42,33.32,448.69,,,,3,0:0.95 56:0.58 74:0.57,,,
25.9701,frame,741,33.715512,47.24,66.64,429.23,512,384,BGR888p,,,,,
25.9707,detections,741,33.715512,47.77,66.64,429.83,,,,3,0:0.95 56:0.57 74:0.56,,,
26.0169,frame,742,33.748837,46.87,33.33,442.78,512,384,BGR888p,,,,,
26.017,detections,742,33.748837,46.36,33.33,442.86,,,,4,0:0.95 56:0.61 74:0.53 56:0.53,,,
26.0637,frame,743,33.782156,46.74,33.32,456.2,512,384,BGR888p,,,,,
26.0638,detections,743,33.782156,46.72,33.32,456.26,,,,3,0:0.95 74:0.54 56:0.54,,,
26.1113,frame,745,33.8488,47.63,66.64,437.19,512,384,BGR888p,,,,,
26.1114,detections,745,33.8488,47.65,66.64,437.26,,,,3,0:0.95 56:0.58 74:0.54,,,
26.1587,frame,746,33.882123,47.43,33.32,451.32,512,384,BGR888p,,,,,
26.1589,detections,746,33.882123,47.48,33.32,451.44,,,,3,0:0.95 56:0.58 74:0.55,,,
26.2071,frame,748,33.948766,48.4,66.64,433.07,512,384,BGR888p,,,,,
26.2073,detections,748,33.948766,48.37,66.64,433.16,,,,3,0:0.95 56:0.56 74:0.55,,,
26.2543,frame,749,33.98209,47.13,33.32,446.88,512,384,BGR888p,,,,,
26.2547,detections,749,33.98209,47.46,33.32,447.3,,,,3,0:0.95 56:0.57 74:0.56,,,
26.3011,frame,750,34.015409,46.8,33.32,460.34,512,384,BGR888p,,,,,
26.3012,detections,750,34.015409,46.44,33.32,460.4,,,,3,0:0.95 56:0.56 74:0.54,,,
26.348,frame,752,34.082054,46.92,66.65,440.62,512,384,BGR888p,,,,,
26.3481,detections,752,34.082054,46.92,66.65,440.68,,,,4,0:0.95 56:0.56 56:0.55 74:0.54,,,
26.3961,frame,753,34.115376,48.08,33.32,455.38,512,384,BGR888p,,,,,
26.3962,detections,753,34.115376,48.08,33.32,455.43,,,,3,0:0.95 74:0.56 56:0.55,,,
26.4464,frame,755,34.182019,50.31,66.64,439.04,512,384,BGR888p,,,,,
26.4465,detections,755,34.182019,50.31,66.64,439.11,,,,3,0:0.95 74:0.55 56:0.53,,,
26.4919,frame,756,34.215342,45.51,33.32,451.24,512,384,BGR888p,,,,,
26.4925,detections,756,34.215342,46.02,33.32,451.82,,,,3,0:0.94 56:0.60 74:0.54,,,
26.5406,frame,757,34.248662,48.73,33.32,466.65,512,384,BGR888p,,,,,
26.5407,detections,757,34.248662,48.23,33.32,466.72,,,,3,0:0.95 56:0.56 74:0.56,,,
26.585,frame,759,34.315307,44.32,66.64,444.32,512,384,BGR888p,,,,,
26.585,detections,759,34.315307,44.3,66.64,444.36,,,,3,0:0.95 56:0.60 74:0.57,,,
26.6315,frame,760,34.348629,46.5,33.32,457.5,512,384,BGR888p,,,,,
26.6315,detections,760,34.348629,46.52,33.32,457.56,,,,3,0:0.95 56:0.59 74:0.54,,,
26.6802,frame,762,34.415272,48.73,66.64,439.59,512,384,BGR888p,,,,,
26.6803,detections,762,34.415272,48.72,66.64,439.64,,,,3,0:0.94 74:0.55 56:0.52,,,
26.7273,frame,763,34.448595,47.06,33.32,453.33,512,384,BGR888p,,,,,
26.7273,detections,763,34.448595,47.08,33.32,453.39,,,,4,0:0.94 56:0.59 74:0.57 56:0.52,,,
26.7765,frame,764,34.481916,49.2,33.32,469.22,512,384,BGR888p,,,,,
26.7765,detections,764,34.481916,49.2,33.32,469.28,,,,3,0:0.95 56:0.58 74:0.56,,,
26.8212,frame,766,34.548561,44.77,66.65,447.34,512,384,BGR888p,,,,,
26.8214,detections,766,34.548561,44.83,66.65,447.48,,,,3,0:0.95 56:0.56 74:0.53,,,
26.8678,frame,767,34.581884,46.59,33.32,460.6,512,384,BGR888p,,,,,
26.8679,detections,767,34.581884,46.52,33.32,460.65,,,,3,0:0.94 56:0.57 74:0.56,,,
26.8679,system,0,0.0,993.39,0.0,845000.66,,,,,,45.04,35.0,18.2
26.9188,frame,769,34.648526,51.03,66.64,444.99,512,384,BGR888p,,,,,
26.9189,detections,769,34.648526,51.03,66.64,445.05,,,,3,0:0.95 74:0.56 56:0.55,,,
26.9658,frame,770,34.681848,46.91,33.32,458.58,512,384,BGR888p,,,,,
26.9658,detections,770,34.681848,46.92,33.32,458.65,,,,3,0:0.95 56:0.57 74:0.56,,,
27.0119,frame,771,34.715169,46.2,33.32,471.46,512,384,BGR888p,,,,,
27.012,detections,771,34.715169,46.19,33.32,471.51,,,,3,0:0.95 56:0.59 74:0.56,,,
27.0604,frame,773,34.781814,48.48,66.64,453.29,512,384,BGR888p,,,,,
27.0605,detections,773,34.781814,48.48,66.64,453.35,,,,3,0:0.95 56:0.57 74:0.54,,,
27.1055,frame,774,34.815136,45.08,33.32,465.04,512,384,BGR888p,,,,,
27.1056,detections,774,34.815136,45.08,33.32,465.1,,,,3,0:0.95 56:0.59 74:0.57,,,
27.1525,frame,776,34.881779,46.95,66.64,445.36,512,384,BGR888p,,,,,
27.1525,detections,776,34.881779,46.96,66.64,445.42,,,,3,0:0.95 56:0.63 74:0.54,,,
27.2022,frame,777,34.915102,49.75,33.32,461.79,512,384,BGR888p,,,,,
27.2023,detections,777,34.915102,49.75,33.32,461.86,,,,4,0:0.95 56:0.56 74:0.54 56:0.50,,,
27.249,frame,778,34.948422,46.82,33.32,475.29,512,384,BGR888p,,,,,
27.2492,detections,778,34.948422,46.86,33.32,475.4,,,,4,0:0.95 74:0.57 56:0.56 56:0.55,,,
27.2959,frame,780,35.015068,46.88,66.65,455.52,512,384,BGR888p,,,,,
27.296,detections,780,35.015068,46.84,66.65,455.58,,,,3,0:0.95 56:0.59 74:0.57,,,
27.3421,frame,781,35.04839,46.15,33.32,468.35,512,384,BGR888p,,,,,
27.3421,detections,781,35.04839,46.15,33.32,468.41,,,,3,0:0.95 56:0.60 74:0.55,,,
27.3887,frame,783,35.115032,46.68,66.64,448.39,512,384,BGR888p,,,,,
27.3888,detections,783,35.115032,46.68,66.64,448.44,,,,3,0:0.95 56:0.56 74:0.51,,,
27.4373,frame,784,35.148355,48.52,33.32,463.59,512,384,BGR888p,,,,,
27.4374,detections,784,35.148355,48.53,33.32,463.65,,,,3,0:0.95 56:0.54 74:0.54,,,
27.4843,frame,786,35.214997,47.03,66.64,444.05,512,384,BGR888p,,,,,
27.4845,detections,786,35.214997,47.18,66.64,444.23,,,,4,0:0.95 56:0.58 74:0.56 56:0.51,,,
27.5312,frame,787,35.248323,46.94,33.33,457.67,512,384,BGR888p,,,,,
27.5315,detections,787,35.248323,46.97,33.33,457.87,,,,3,0:0.95 56:0.56 74:0.55,,,
27.5772,frame,788,35.281642,45.96,33.32,470.26,512,384,BGR888p,,,,,
27.5774,detections,788,35.281642,45.86,33.32,470.39,,,,3,0:0.95 56:0.58 74:0.57,,,
27.624,frame,790,35.348287,46.8,66.65,450.42,512,384,BGR888p,,,,,
27.6241,detections,790,35.348287,46.78,66.65,450.53,,,,3,0:0.95 74:0.56 56:0.56,,,
27.6723,frame,791,35.381613,48.27,33.33,465.38,512,384,BGR888p,,,,,
27.6724,detections,791,35.381613,48.29,33.33,465.49,,,,3,0:0.95 56:0.58 74:0.55,,,
27.7205,frame,793,35.448251,48.25,66.64,446.98,512,384,BGR888p,,,,,
27.7207,detections,793,35.448251,48.26,66.64,447.12,,,,3,0:0.95 74:0.56 56:0.56,,,
27.7668,frame,794,35.481575,46.23,33.32,459.92,512,384,BGR888p,,,,,
27.7679,detections,794,35.481575,47.22,33.32,461.08,,,,3,0:0.95 56:0.57 74:0.54,,,
27.8124,frame,795,35.514894,45.7,33.32,472.26,512,384,BGR888p,,,,,
27.8126,detections,795,35.514894,44.68,33.32,472.38,,,,3,0:0.95 56:0.59 74:0.55,,,
27.8598,frame,797,35.581538,47.31,66.64,452.9,512,384,BGR888p,,,,,
27.8599,detections,797,35.581538,47.31,66.64,453.03,,,,3,0:0.95 56:0.57 74:0.54,,,
27.9084,frame,798,35.614861,48.61,33.32,468.2,512,384,BGR888p,,,,,
27.9085,detections,798,35.614861,48.6,33.32,468.31,,,,3,0:0.95 56:0.58 74:0.56,,,
27.9086,system,0,0.0,1040.67,0.0,846041.36,,,,,,45.15,34.6,16.9
27.9546,frame,800,35.681504,46.19,66.64,447.79,512,384,BGR888p,,,,,
27.9551,detections,800,35.681504,46.64,66.64,448.37,,,,3,0:0.95 56:0.57 74:0.56,,,
28.0025,frame,801,35.714829,47.9,33.33,462.36,512,384,BGR888p,,,,,
28.0027,detections,801,35.714829,47.54,33.33,462.56,,,,3,0:0.95 56:0.59 74:0.56,,,
28.049,frame,802,35.748147,46.55,33.32,475.61,512,384,BGR888p,,,,,
28.0493,detections,802,35.748147,46.58,33.32,475.85,,,,3,0:0.95 56:0.57 74:0.54,,,
28.0954,frame,804,35.814792,46.44,66.64,455.4,512,384,BGR888p,,,,,
28.0957,detections,804,35.814792,46.44,66.64,455.61,,,,3,0:0.95 56:0.60 74:0.56,,,
28.1439,frame,805,35.848115,48.44,33.32,470.52,512,384,BGR888p,,,,,
28.1441,detections,805,35.848115,48.44,33.32,470.73,,,,3,0:0.95 56:0.57 74:0.54,,,
28.1909,frame,807,35.914757,47.04,66.64,450.86,512,384,BGR888p,,,,,
28.191,detections,807,35.914757,46.89,66.64,450.93,,,,4,0:0.95 56:0.55 74:0.54 56:0.51,,,
28.2378,frame,808,35.948082,46.91,33.32,464.44,512,384,BGR888p,,,,,
28.2379,detections,808,35.948082,46.91,33.32,464.52,,,,3,0:0.95 74:0.54 56:0.54,,,
28.2845,frame,809,35.981401,46.6,33.32,477.72,512,384,BGR888p,,,,,
28.2845,detections,809,35.981401,46.58,33.32,477.78,,,,3,0:0.95 56:0.59 74:0.53,,,
28.3304,frame,811,36.048045,45.99,66.64,457.07,512,384,BGR888p,,,,,
28.3305,detections,811,36.048045,45.99,66.64,457.12,,,,3,0:0.95 56:0.57 74:0.55,,,
28.3779,frame,812,36.08138,47.5,33.34,471.23,512,384,BGR888p,,,,,
28.378,detections,812,36.08138,47.5,33.34,471.29,,,,3,0:0.95 56:0.54 74:0.53,,,
28.4252,frame,814,36.14801,47.22,66.63,451.82,512,384,BGR888p,,,,,
28.4258,detections,814,36.14801,47.77,66.63,452.44,,,,4,0:0.95 56:0.55 74:0.55 56:0.50,,,
28.4723,frame,815,36.181333,47.1,33.32,465.59,512,384,BGR888p,,,,,
28.4723,detections,815,36.181333,46.54,33.32,465.68,,,,4,0:0.95 56:0.55 74:0.55 56:0.51,,,
28.5185,frame,816,36.214653,46.26,33.32,478.55,512,384,BGR888p,,,,,
28.5186,detections,816,36.214653,46.32,33.32,478.67,,,,4,0:0.95 56:0.58 74:0.56 56:0.51,,,
28.5665,frame,818,36.281298,48.01,66.65,459.9,512,384,BGR888p,,,,,
28.5666,detections,818,36.281298,47.96,66.65,459.97,,,,3,0:0.95 56:0.60 74:0.55,,,
28.6141,frame,819,36.314621,47.54,33.32,474.12,512,384,BGR888p,,,,,
28.6142,detections,819,36.314621,47.55,33.32,474.2,,,,3,0:0.95 56:0.58 74:0.52,,,
28.6611,frame,821,36.381263,47.02,66.64,454.52,512,384,BGR888p,,,,,
28.6616,detections,821,36.381263,47.4,66.64,454.98,,,,3,0:0.95 56:0.56 74:0.52,,,
28.708,frame,822,36.414587,46.96,33.32,468.16,512,384,BGR888p,,,,,
28.7091,detections,822,36.414587,47.55,33.32,469.24,,,,3,0:0.95 56:0.58 74:0.53,,,
28.755,frame,823,36.447908,46.97,33.32,481.77,512,384,BGR888p,,,,,
28.7551,detections,823,36.447908,45.99,33.32,481.85,,,,3,0:0.95 74:0.57 56:0.55,,,
28.8012,frame,825,36.514552,46.23,66.64,461.36,512,384,BGR888p,,,,,
28.8013,detections,825,36.514552,46.22,66.64,461.42,,,,3,0:0.95 56:0.56 74:0.55,,,
28.8484,frame,826,36.547874,47.15,33.32,475.19,512,384,BGR888p,,,,,
28.8485,detections,826,36.547874,47.16,33.32,475.25,,,,3,0:0.95 56:0.56 74:0.54,,,
28.8975,frame,828,36.614517,49.11,66.64,457.65,512,384,BGR888p,,,,,
28.8976,detections,828,36.614517,49.13,66.64,457.73,,,,3,0:0.95 56:0.57 74:0.55,,,
28.8976,system,0,0.0,989.04,0.0,847030.37,,,,,,45.15,34.8,17.3
28.9429,frame,829,36.647839,45.42,33.32,469.75,512,384,BGR888p,,,,,
28.944,detections,829,36.647839,46.44,33.32,470.86,,,,3,0:0.95 56:0.55 74:0.54,,,
28.989,frame,830,36.68116,46.04,33.32,482.47,512,384,BGR888p,,,,,
28.989,detections,830,36.68116,44.99,33.32,482.52,,,,3,0:0.95 56:0.56 74:0.55,,,
29.0345,frame,832,36.747805,45.5,66.65,461.32,512,384,BGR888p,,,,,
29.0345,detections,832,36.747805,45.51,66.65,461.38,,,,3,0:0.95 56:0.55 74:0.54,,,
29.0836,frame,833,36.781127,49.13,33.32,477.13,512,384,BGR888p,,,,,
29.0837,detections,833,36.781127,49.13,33.32,477.19,,,,3,0:0.95 56:0.54 74:0.54,,,
29.1307,frame,835,36.84777,47.14,66.64,457.63,512,384,BGR888p,,,,,
29.1314,detections,835,36.84777,47.77,66.64,458.32,,,,3,0:0.95 56:0.55 74:0.53,,,
29.1778,frame,836,36.881092,47.06,33.32,471.37,512,384,BGR888p,,,,,
29.1779,detections,836,36.881092,46.44,33.32,471.42,,,,3,0:0.95 56:0.57 74:0.51,,,
29.2238,frame,837,36.914414,46.04,33.32,484.11,512,384,BGR888p,,,,,
29.2239,detections,837,36.914414,46.07,33.32,484.19,,,,3,0:0.95 56:0.55 74:0.53,,,
29.2703,frame,839,36.981059,46.48,66.65,463.93,512,384,BGR888p,,,,,
29.2704,detections,839,36.981059,46.46,66.65,463.99,,,,3,0:0.95 74:0.56 56:0.55,,,
29.3188,frame,840,37.01438,48.45,33.32,479.05,512,384,BGR888p,,,,,
29.3188,detections,840,37.01438,48.43,33.32,479.1,,,,3,0:0.95 56:0.54 74:0.51,,,
29.3656,frame,842,37.081023,46.85,66.64,459.26,512,384,BGR888p,,,,,
29.3662,detections,842,37.081023,47.42,66.64,459.89,,,,3,0:0.95 74:0.56 56:0.55,,,
29.4125,frame,843,37.114346,46.94,33.32,472.88,512,384,BGR888p,,,,,
29.4126,detections,843,37.114346,46.4,33.32,472.96,,,,3,0:0.95 56:0.55 74:0.53,,,
29.4589,frame,844,37.147667,46.38,33.32,485.95,512,384,BGR888p,,,,,
29.459,detections,844,37.147667,46.39,33.32,486.03,,,,3,0:0.95 56:0.55 74:0.52,,,
29.5054,frame,846,37.214312,46.46,66.65,465.77,512,384,BGR888p,,,,,
29.5055,detections,846,37.214312,46.47,66.65,465.86,,,,3,0:0.95 56:0.61 74:0.56,,,
29.5536,frame,847,37.247634,48.23,33.32,480.68,512,384,BGR888p,,,,,
29.5537,detections,847,37.247634,48.22,33.32,480.74,,,,2,0:0.95 56:0.54,,,
29.6013,frame,849,37.314277,47.64,66.64,461.65,512,384,BGR888p,,,,,
29.6019,detections,849,37.314277,48.18,66.64,462.29,,,,3,0:0.95 56:0.58 74:0.57,,,
29.6494,frame,850,37.347601,48.09,33.32,476.42,512,384,BGR888p,,,,,
29.6494,detections,850,37.347601,47.53,33.32,476.48,,,,3,0:0.95 56:0.56 74:0.52,,,
29.6942,frame,851,37.380919,44.83,33.32,487.93,512,384,BGR888p,,,,,
29.6943,detections,851,37.380919,44.83,33.32,487.99,,,,4,0:0.95 56:0.55 74:0.54 56:0.51,,,
29.7404,frame,853,37.447564,46.18,66.65,467.5,512,384,BGR888p,,,,,
29.7405,detections,853,37.447564,46.21,66.65,467.56,,,,4,0:0.95 56:0.58 74:0.53 56:0.50,,,
29.7884,frame,854,37.480887,48.01,33.32,482.15,512,384,BGR888p,,,,,
29.7884,detections,854,37.480887,47.98,33.32,482.21,,,,4,0:0.95 56:0.55 56:0.51 74:0.50,,,
29.8372,frame,856,37.547529,48.78,66.64,464.29,512,384,BGR888p,,,,,
29.8372,detections,856,37.547529,48.78,66.64,464.35,,,,3,0:0.95 56:0.57 74:0.56,,,
29.8832,frame,857,37.580852,46.08,33.32,477.05,512,384,BGR888p,,,,,
29.8833,detections,857,37.580852,46.07,33.32,477.13,,,,3,0:0.95 74:0.56 56:0.54,,,
29.9292,frame,858,37.614173,45.98,33.32,489.71,512,384,BGR888p,,,,,
29.9293,detections,858,37.614173,46.04,33.32,489.83,,,,3,0:0.95 56:0.56 74:0.54,,,
29.9294,system,0,0.0,1031.76,0.0,848062.14,,,,,,45.04,35.3,16.7
29.9756,frame,860,37.680818,46.44,66.65,469.5,512,384,BGR888p,,,,,
29.9757,detections,860,37.680818,46.39,66.65,469.56,,,,3,0:0.95 56:0.56 74:0.55,,,
30.0228,frame,861,37.71414,47.19,33.32,483.37,512,384,BGR888p,,,,,
30.0229,detections,861,37.71414,47.19,33.32,483.43,,,,3,0:0.95 56:0.55 74:0.51,,,
30.0708,frame,863,37.780783,47.97,66.64,464.7,512,384,BGR888p,,,,,
30.0719,detections,863,37.780783,49.01,66.64,465.8,,,,3,0:0.95 56:0.59 74:0.57,,,
30.1172,frame,864,37.814108,46.4,33.32,477.78,512,384,BGR888p,,,,,
30.1173,detections,864,37.814108,45.37,33.32,477.85,,,,3,0:0.95 74:0.54 56:0.54,,,
30.1633,frame,865,37.847427,46.05,33.32,490.5,512,384,BGR888p,,,,,
30.1634,detections,865,37.847427,46.07,33.32,490.6,,,,3,0:0.95 56:0.57 74:0.56,,,
30.2094,frame,867,37.914071,46.16,66.64,470.02,512,384,BGR888p,,,,,
30.2095,detections,867,37.914071,46.13,66.64,470.07,,,,3,0:0.95 74:0.55 56:0.55,,,
30.2575,frame,868,37.947393,48.12,33.32,484.81,512,384,BGR888p,,,,,
30.2576,detections,868,37.947393,48.12,33.32,484.87,,,,3,0:0.95 74:0.55 56:0.53,,,
30.3069,frame,870,38.014036,49.4,66.64,467.57,512,384,BGR888p,,,,,
30.307,detections,870,38.014036,49.4,66.64,467.62,,,,3,0:0.95 56:0.59 74:0.55,,,
30.354,frame,871,38.047359,47.09,33.32,481.33,512,384,BGR888p,,,,,
30.3541,detections,871,38.047359,47.09,33.32,481.39,,,,3,0:0.95 74:0.55 56:0.55,,,
30.3985,frame,872,38.080679,44.53,33.32,492.54,512,384,BGR888p,,,,,
30.3986,detections,872,38.080679,44.53,33.32,492.6,,,,3,0:0.95 56:0.54 74:0.51,,,
30.4449,frame,874,38.147324,46.32,66.64,472.21,512,384,BGR888p,,,,,
30.4449,detections,874,38.147324,46.32,66.64,472.27,,,,3,0:0.95 74:0.57 56:0.57,,,
30.4935,frame,875,38.180646,48.66,33.32,391.66,512,384,BGR888p,,,,,
30.4936,detections,875,38.180646,48.66,33.32,391.72,,,,3,0:0.95 74:0.55 56:0.55,,,
30.5433,frame,877,38.247289,49.81,66.64,374.84,512,384,BGR888p,,,,,
30.5434,detections,877,38.247289,49.84,66.64,374.91,,,,3,0:0.95 74:0.56 56:0.55,,,
30.5899,frame,878,38.280613,46.58,33.32,388.08,512,384,BGR888p,,,,,
30.59,detections,878,38.280613,46.55,33.32,388.13,,,,3,0:0.95 56:0.56 74:0.53,,,
30.6352,frame,879,38.313933,45.27,33.32,400.03,512,384,BGR888p,,,,,
30.6353,detections,879,38.313933,45.27,33.32,400.09,,,,3,0:0.95 56:0.56 74:0.50,,,
30.6813,frame,881,38.380578,46.08,66.65,379.45,512,384,BGR888p,,,,,
30.6813,detections,881,38.380578,46.06,66.65,379.51,,,,3,0:0.95 74:0.55 56:0.53,,,
30.7306,frame,882,38.4139,49.29,33.32,395.44,512,384,BGR888p,,,,,
30.7306,detections,882,38.4139,49.31,33.32,395.49,,,,3,0:0.95 56:0.59 74:0.54,,,
30.777,frame,884,38.480543,46.43,66.64,375.22,512,384,BGR888p,,,,,
30.7771,detections,884,38.480543,46.42,66.64,375.27,,,,3,0:0.95 56:0.59 74:0.55,,,
30.8264,frame,885,38.513866,49.36,33.32,391.29,512,384,BGR888p,,,,,
30.8265,detections,885,38.513866,49.4,33.32,391.34,,,,3,0:0.95 56:0.56 74:0.55,,,
30.8732,frame,886,38.547185,46.88,33.32,404.82,512,384,BGR888p,,,,,
30.8733,detections,886,38.547185,46.85,33.32,404.88,,,,3,0:0.95 56:0.57 74:0.54,,,
30.919,frame,888,38.613831,45.75,66.65,383.94,512,384,BGR888p,,,,,
30.9191,detections,888,38.613831,45.77,66.65,384.0,,,,3,0:0.95 74:0.54 56:0.54,,,
30.9191,system,0,0.0,989.72,0.0,849051.85,,,,,,45.26,34.3,16.7
30.9652,frame,889,38.647153,46.23,33.32,396.84,512,384,BGR888p,,,,,
30.9653,detections,889,38.647153,46.26,33.32,396.93,,,,3,0:0.95 56:0.56 74:0.55,,,
31.0125,frame,891,38.713796,47.28,66.64,377.48,512,384,BGR888p,,,,,
31.0126,detections,891,38.713796,47.25,66.64,377.54,,,,4,0:0.95 56:0.58 74:0.55 56:0.54,,,
31.0625,frame,892,38.747118,50.0,33.32,394.16,512,384,BGR888p,,,,,
31.0626,detections,892,38.747118,50.0,33.32,394.21,,,,3,0:0.95 74:0.55 56:0.54,,,
31.1085,frame,894,38.813762,46.0,66.64,373.51,512,384,BGR888p,,,,,
31.1086,detections,894,38.813762,46.0,66.64,373.57,,,,3,0:0.95 74:0.56 56:0.54,,,
31.1537,frame,895,38.847084,45.22,33.32,385.42,512,384,BGR888p,,,,,
31.1538,detections,895,38.847084,45.23,33.32,385.48,,,,3,0:0.95 56:0.57 74:0.55,,,
31.201,frame,896,38.880407,47.25,33.32,399.34,512,384,BGR888p,,,,,
31.201,detections,896,38.880407,47.24,33.32,399.4,,,,3,0:0.95 56:0.56 74:0.55,,,
31.2482,frame,898,38.947049,47.24,66.64,379.95,512,384,BGR888p,,,,,
31.2483,detections,898,38.947049,47.25,66.64,380.03,,,,5,0:0.96 56:0.57 74:0.55 56:0.51 56:0.51,,,
31.2972,frame,899,38.980372,48.96,33.32,395.58,512,384,BGR888p,,,,,
31.2973,detections,899,38.980372,48.95,33.32,395.63,,,,3,0:0.95 74:0.57 56:0.55,,,
31.3438,frame,901,39.047015,46.6,66.64,375.53,512,384,BGR888p,,,,,
31.3438,detections,901,39.047015,46.6,66.64,375.59,,,,3,0:0.95 74:0.58 56:0.58,,,
31.3903,frame,902,39.080337,46.55,33.32,388.76,512,384,BGR888p,,,,,
31.3904,detections,902,39.080337,46.55,33.32,388.82,,,,3,0:0.95 56:0.56 74:0.55,,,
31.4366,frame,903,39.113661,46.26,33.32,401.7,512,384,BGR888p,,,,,
31.4367,detections,903,39.113661,46.26,33.32,401.75,,,,3,0:0.95 74:0.55 56:0.54,,,
31.4825,frame,905,39.180302,45.89,66.64,380.95,512,384,BGR888p,,,,,
31.4826,detections,905,39.180302,45.89,66.64,381.01,,,,3,0:0.95 56:0.57 74:0.57,,,
31.5313,frame,906,39.213626,48.83,33.32,396.45,512,384,BGR888p,,,,,
31.5314,detections,906,39.213626,48.83,33.32,396.51,,,,3,0:0.96 74:0.56 56:0.53,,,
31.5774,frame,908,39.280267,46.08,66.64,375.89,512,384,BGR888p,,,,,
31.5775,detections,908,39.280267,46.07,66.64,375.94,,,,3,0:0.95 74:0.57 56:0.56,,,
31.6225,frame,909,39.313591,45.15,33.32,387.7,512,384,BGR888p,,,,,
31.6226,detections,909,39.313591,45.14,33.32,387.76,,,,3,0:0.95 74:0.56 56:0.55,,,
31.6688,frame,910,39.346911,46.24,33.32,400.63,512,384,BGR888p,,,,,
31.6688,detections,910,39.346911,46.25,33.32,400.68,,,,3,0:0.95 74:0.56 56:0.54,,,
31.7162,frame,912,39.413556,47.43,66.65,381.42,512,384,BGR888p,,,,,
31.7163,detections,912,39.413556,47.44,66.65,381.48,,,,4,0:0.95 56:0.56 74:0.55 56:0.52,,,
31.766,frame,913,39.446878,49.81,33.32,397.9,512,384,BGR888p,,,,,
31.7661,detections,913,39.446878,49.8,33.32,397.96,,,,3,0:0.95 74:0.55 56:0.54,,,
31.8123,frame,915,39.513521,46.32,66.64,377.58,512,384,BGR888p,,,,,
31.8131,detections,915,39.513521,47.06,66.64,378.39,,,,3,0:0.96 56:0.57 74:0.56,,,
31.8598,frame,916,39.546845,47.5,33.32,391.76,512,384,BGR888p,,,,,
31.8599,detections,916,39.546845,46.76,33.32,391.81,,,,3,0:0.95 74:0.58 56:0.57,,,
31.9055,frame,917,39.580167,45.69,33.32,404.12,512,384,BGR888p,,,,,
31.9056,detections,917,39.580167,45.68,33.32,404.17,,,,3,0:0.95 56:0.56 74:0.53,,,
31.9056,system,0,0.0,986.51,0.0,850038.36,,,,,,45.32,34.6,17.2
31.9523,frame,919,39.646809,46.84,66.64,384.33,512,384,BGR888p,,,,,
31.9525,detections,919,39.646809,46.87,66.64,384.41,,,,3,0:0.95 56:0.57 74:0.55,,,
32.0015,frame,920,39.680131,49.1,33.32,400.09,512,384,BGR888p,,,,,
32.0016,detections,920,39.680131,49.1,33.32,400.18,,,,3,0:0.95 74:0.54 56:0.54,,,
32.0504,frame,922,39.746774,48.91,66.64,382.37,512,384,BGR888p,,,,,
32.0504,detections,922,39.746774,48.89,66.64,382.42,,,,3,0:0.95 56:0.55 74:0.54,,,
32.0991,frame,923,39.780099,48.72,33.32,397.77,512,384,BGR888p,,,,,
32.0992,detections,923,39.780099,48.73,33.32,397.82,,,,4,0:0.95 56:0.59 74:0.56 0:0.51,,,
32.144,frame,924,39.813417,44.9,33.32,409.34,512,384,BGR888p,,,,,
32.1461,detections,924,39.813417,46.96,33.32,411.5,,,,4,0:0.95 74:0.55 56:0.55 0:0.54,,,
32.1937,frame,926,39.880063,49.74,66.65,392.44,512,384,BGR888p,,,,,
32.1938,detections,926,39.880063,47.67,66.65,392.49,,,,4,0:0.95 56:0.58 74:0.57 56:0.51,,,
32.2386,frame,927,39.913385,44.91,33.32,404.02,512,384,BGR888p,,,,,
32.2387,detections,927,39.913385,44.9,33.32,404.08,,,,5,0:0.95 56:0.57 74:0.54 0:0.53 56:0.51,,,
32.2857,frame,929,39.980027,47.08,66.64,384.46,512,384,BGR888p,,,,,
32.2858,detections,929,39.980027,47.08,66.64,384.51,,,,4,0:0.95 56:0.60 74:0.56 56:0.51,,,
32.3347,frame,930,40.013353,49.03,33.33,400.16,512,384,BGR888p,,,,,
32.3348,detections,930,40.013353,49.03,33.33,400.21,,,,4,0:0.95 56:0.57 74:0.56 56:0.51,,,
32.3808,frame,931,40.04667,46.03,33.32,412.86,512,384,BGR888p,,,,,
32.3808,detections,931,40.04667,46.02,33.32,412.91,,,,3,0:0.95 56:0.55 74:0.53,,,
32.4261,frame,933,40.113315,45.35,66.65,391.58,512,384,BGR888p,,,,,
32.4262,detections,933,40.113315,45.37,66.65,391.63,,,,4,0:0.95 56:0.58 0:0.57 74:0.56,,,
32.4726,frame,934,40.146638,46.46,33.32,404.71,512,384,BGR888p,,,,,
32.4727,detections,934,40.146638,46.46,33.32,404.77,,,,5,0:0.95 0:0.62 74:0.56 56:0.54 56:0.51,,,
32.5193,frame,936,40.213281,46.76,66.64,384.83,512,384,BGR888p,,,,,
32.5194,detections,936,40.213281,46.77,66.64,384.9,,,,6,0:0.95 74:0.57 56:0.55 56:0.51 0:0.51 62:0.51,,,
32.5697,frame,937,40.246603,50.41,33.32,401.93,512,384,BGR888p,,,,,
32.5698,detections,937,40.246603,50.41,33.32,401.99,,,,5,0:0.95 56:0.62 74:0.56 0:0.54 56:0.52,,,
32.615,frame,939,40.313247,45.23,66.64,380.49,512,384,BGR888p,,,,,
32.6152,detections,939,40.313247,45.32,66.64,380.67,,,,5,0:0.95 56:0.59 74:0.57 0:0.52 56:0.51,,,
32.6599,frame,940,40.346572,44.91,33.33,392.09,512,384,BGR888p,,,,,
32.66,detections,940,40.346572,44.81,33.33,392.15,,,,4,0:0.95 56:0.57 74:0.56 56:0.55,,,
32.7074,frame,941,40.379891,47.54,33.32,406.31,512,384,BGR888p,,,,,
32.7075,detections,941,40.379891,47.54,33.32,406.37,,,,5,0:0.95 0:0.62 56:0.58 74:0.55 56:0.53,,,
32.7545,frame,943,40.446535,47.09,66.64,386.76,512,384,BGR888p,,,,,
32.7546,detections,943,40.446535,47.1,66.64,386.82,,,,5,0:0.95 56:0.69 0:0.63 56:0.58 74:0.54,,,
32.8041,frame,944,40.479857,49.54,33.32,402.99,512,384,BGR888p,,,,,
32.8042,detections,944,40.479857,49.57,33.32,403.08,,,,6,0:0.95 0:0.66 56:0.62 56:0.57 74:0.53 56:0.52,,,
32.8511,frame,946,40.5465,47.0,66.64,383.36,512,384,BGR888p,,,,,
32.8516,detections,946,40.5465,47.46,66.64,383.93,,,,5,0:0.95 0:0.90 56:0.62 56:0.58 74:0.55,,,
32.8973,frame,947,40.579822,46.25,33.32,396.27,512,384,BGR888p,,,,,
32.8981,detections,947,40.579822,46.5,33.32,397.08,,,,6,0:0.95 56:0.75 0:0.68 56:0.58 74:0.56 0:0.53,,,
32.9441,frame,948,40.613142,46.79,33.32,409.72,512,384,BGR888p,,,,,
32.9442,detections,948,40.613142,46.03,33.32,409.78,,,,6,0:0.95 56:0.74 0:0.67 74:0.56 56:0.56 0:0.54,,,
32.9442,system,0,0.0,1038.59,0.0,851076.95,,,,,,45.83,34.3,17.0
32.9908,frame,950,40.679787,46.67,66.64,389.76,512,384,BGR888p,,,,,
32.9908,detections,950,40.679787,46.68,66.64,389.82,,,,6,0:0.95 0:0.89 0:0.76 56:0.65 56:0.58 74:0.55,,,
33.0378,frame,951,40.71311,47.04,33.32,403.47,512,384,BGR888p,,,,,
33.0379,detections,951,40.71311,47.05,33.32,403.54,,,,6,0:0.95 0:0.87 0:0.74 74:0.58 56:0.58 56:0.54,,,
33.0853,frame,953,40.779752,47.47,66.64,384.31,512,384,BGR888p,,,,,
33.0859,detections,953,40.779752,48.0,66.64,384.91,,,,7,0:0.95 0:0.87 56:0.75 56:0.63 56:0.61 74:0.58 0:0.53,,,
33.1324,frame,954,40.813077,47.14,33.32,398.12,512,384,BGR888p,,,,,
33.1325,detections,954,40.813077,46.6,33.32,398.18,,,,6,0:0.95 0:0.71 74:0.61 56:0.61 56:0.58 56:0.57,,,
33.1778,frame,955,40.846399,45.43,33.32,410.22,512,384,BGR888p,,,,,
33.1779,detections,955,40.846399,45.42,33.32,410.27,,,,5,0:0.95 0:0.94 56:0.59 74:0.59 56:0.58,,,
33.2244,frame,957,40.91304,46.56,66.64,390.14,512,384,BGR888p,,,,,
33.2245,detections,957,40.91304,46.56,66.64,390.2,,,,6,0:0.95 0:0.92 62:0.74 74:0.62 56:0.57 56:0.52,,,
33.2727,frame,958,40.946363,48.28,33.32,405.11,512,384,BGR888p,,,,,
33.2728,detections,958,40.946363,48.29,33.32,405.16,,,,6,0:0.95 0:0.84 74:0.61 56:0.58 62:0.55 56:0.50,,,
33.3191,frame,960,41.013006,46.44,66.64,384.92,512,384,BGR888p,,,,,
33.3197,detections,960,41.013006,46.9,66.64,385.46,,,,5,0:0.95 0:0.77 62:0.70 74:0.64 56:0.59,,,
33.3661,frame,961,41.046329,46.96,33.32,398.58,512,384,BGR888p,,,,,
33.3663,detections,961,41.046329,46.63,33.32,398.8,,,,6,0:0.96 0:0.66 56:0.61 62:0.58 74:0.53 56:0.51,,,
33.4123,frame,962,41.079649,46.27,33.32,411.49,512,384,BGR888p,,,,,
33.4125,detections,962,41.079649,46.16,33.32,411.58,,,,6,0:0.96 0:0.72 56:0.61 56:0.58 62:0.52 56:0.51,,,
33.4585,frame,964,41.146295,46.14,66.65,390.97,512,384,BGR888p,,,,,
33.4586,detections,964,41.146295,46.12,66.65,391.04,,,,3,0:0.96 0:0.92 56:0.52,,,
33.5073,frame,965,41.179616,48.82,33.32,406.46,512,384,BGR888p,,,,,
33.5074,detections,965,41.179616,48.8,33.32,406.51,,,,3,0:0.96 0:0.93 56:0.53,,,
33.5545,frame,967,41.246259,47.18,66.64,387.0,512,384,BGR888p,,,,,
33.5546,detections,967,41.246259,47.19,66.64,387.06,,,,3,0:0.96 0:0.93 56:0.55,,,
33.6015,frame,968,41.279584,47.01,33.32,400.69,512,384,BGR888p,,,,,
33.6016,detections,968,41.279584,47.01,33.32,400.75,,,,4,0:0.95 0:0.94 56:0.58 56:0.50,,,
33.6461,frame,969,41.312915,44.64,33.33,411.99,512,384,BGR888p,,,,,
33.6462,detections,969,41.312915,44.64,33.33,412.05,,,,3,0:0.95 0:0.94 56:0.62,,,
33.6938,frame,971,41.379547,47.65,66.63,393.01,512,384,BGR888p,,,,,
33.6939,detections,971,41.379547,47.64,66.63,393.06,,,,4,0:0.95 0:0.93 56:0.63 56:0.54,,,
33.7415,frame,972,41.41287,47.72,33.32,407.43,512,384,BGR888p,,,,,
33.7416,detections,972,41.41287,47.75,33.32,407.49,,,,3,0:0.95 0:0.95 56:0.57,,,
33.7891,frame,974,41.479512,47.59,66.64,388.35,512,384,BGR888p,,,,,
33.7898,detections,974,41.479512,48.15,66.64,389.01,,,,2,0:0.95 0:0.89,,,
33.8366,frame,975,41.512835,47.53,33.32,402.56,512,384,BGR888p,,,,,
33.8367,detections,975,41.512835,46.94,33.32,402.62,,,,2,0:0.95 0:0.81,,,
33.8822,frame,976,41.546155,45.59,33.32,414.84,512,384,BGR888p,,,,,
33.8823,detections,976,41.546155,45.6,33.32,414.9,,,,3,0:0.95 0:0.94 74:0.51,,,
33.9286,frame,978,41.612801,46.36,66.65,394.54,512,384,BGR888p,,,,,
33.9286,detections,978,41.612801,46.34,66.65,394.59,,,,4,0:0.95 0:0.69 56:0.56 74:0.53,,,
33.9287,system,0,0.0,984.47,0.0,852061.42,,,,,,45.09,34.3,17.7
33.9754,frame,979,41.646124,46.81,33.32,408.03,512,384,BGR888p,,,,,
33.9755,detections,979,41.646124,46.82,33.32,408.1,,,,3,0:0.96 0:0.94 74:0.54,,,
34.0236,frame,981,41.712765,48.2,66.64,389.59,512,384,BGR888p,,,,,
34.0237,detections,981,41.712765,48.19,66.64,389.64,,,,4,0:0.95 0:0.94 74:0.58 56:0.52,,,
34.0708,frame,982,41.746089,47.21,33.32,403.47,512,384,BGR888p,,,,,
34.0709,detections,982,41.746089,47.24,33.32,403.56,,,,4,0:0.95 0:0.94 74:0.59 56:0.51,,,
34.1151,frame,983,41.779409,44.33,33.32,414.49,512,384,BGR888p,,,,,
34.1152,detections,983,41.779409,44.31,33.32,414.54,,,,3,0:0.95 0:0.93 74:0.60,,,
34.1614,frame,985,41.846053,46.33,66.64,394.16,512,384,BGR888p,,,,,
34.1615,detections,985,41.846053,46.32,66.64,394.22,,,,3,0:0.96 0:0.78 74:0.58,,,
34.2098,frame,986,41.879376,48.38,33.32,409.22,512,384,BGR888p,,,,,
34.2099,detections,986,41.879376,48.38,33.32,409.28,,,,2,0:0.96 74:0.53,,,
34.2571,frame,988,41.946019,47.23,66.64,389.81,512,384,BGR888p,,,,,
34.258,detections,988,41.946019,48.14,66.64,390.78,,,,2,0:0.96 74:0.56,,,
34.3036,frame,989,41.979342,46.56,33.32,403.06,512,384,BGR888p,,,,,
34.3037,detections,989,41.979342,45.67,33.32,403.12,,,,4,0:0.96 74:0.58 0:0.58 56:0.53,,,
34.3499,frame,990,42.012663,46.31,33.32,416.04,512,384,BGR888p,,,,,
34.35,detections,990,42.012663,46.3,33.32,416.09,,,,3,0:0.96 74:0.57 56:0.55,,,
34.3961,frame,992,42.079307,46.15,66.64,395.54,512,384,BGR888p,,,,,
34.3961,detections,992,42.079307,46.15,66.64,395.6,,,,3,0:0.96 56:0.59 74:0.57,,,
34.4445,frame,993,42.112629,48.47,33.32,410.69,512,384,BGR888p,,,,,
34.4446,detections,993,42.112629,48.48,33.32,410.75,,,,4,0:0.96 56:0.60 74:0.57 56:0.51,,,
34.4914,frame,995,42.179272,46.85,66.64,390.9,512,384,BGR888p,,,,,
34.4921,detections,995,42.179272,47.51,66.64,391.63,,,,3,0:0.96 56:0.56 74:0.53,,,
34.5384,frame,996,42.212595,47.04,33.32,404.62,512,384,BGR888p,,,,,
34.5387,detections,996,42.212595,46.6,33.32,404.91,,,,3,0:0.96 56:0.59 74:0.57,,,
34.5848,frame,997,42.245915,46.32,33.32,417.62,512,384,BGR888p,,,,,
34.5848,detections,997,42.245915,46.11,33.32,417.68,,,,5,0:0.95 56:0.59 74:0.55 56:0.53 56:0.52,,,
34.6309,frame,999,42.31256,46.13,66.65,397.1,512,384,BGR888p,,,,,
34.631,detections,999,42.31256,46.12,66.65,397.15,,,,4,0:0.96 56:0.55 74:0.54 56:0.50,,,
34.6779,frame,1000,42.345882,47.01,33.32,410.79,512,384,BGR888p,,,,,
34.678,detections,1000,42.345882,47.01,33.32,410.84,,,,4,0:0.96 56:0.61 74:0.56 56:0.51,,,
34.7255,frame,1002,42.412525,47.6,66.64,391.74,512,384,BGR888p,,,,,
34.7265,detections,1002,42.412525,48.55,66.64,392.77,,,,3,0:0.96 56:0.60 74:0.54,,,
34.7723,frame,1003,42.44585,46.76,33.32,405.18,512,384,BGR888p,,,,,
34.7723,detections,1003,42.44585,45.81,33.32,405.24,,,,5,0:0.95 74:0.56 56:0.56 56:0.53 56:0.52,,,
34.8179,frame,1004,42.479168,45.68,33.32,417.53,512,384,BGR888p,,,,,
34.818,detections,1004,42.479168,45.67,33.32,417.59,,,,3,0:0.95 56:0.57 74:0.56,,,
34.8651,frame,1006,42.545813,47.13,66.65,398.02,512,384,BGR888p,,,,,
34.8651,detections,1006,42.545813,47.13,66.65,398.07,,,,4,0:0.95 56:0.57 74:0.55 56:0.50,,,
34.9125,frame,1007,42.579135,47.4,33.32,412.1,512,384,BGR888p,,,,,
34.9125,detections,1007,42.579135,47.4,33.32,412.15,,,,4,0:0.96 56:0.58 74:0.57 56:0.50,,,
34.9601,frame,1009,42.645778,47.67,66.64,393.13,512,384,BGR888p,,,,,
34.9602,detections,1009,42.645778,47.68,66.64,393.2,,,,3,0:0.95 56:0.56 74:0.54,,,
34.9603,system,0,0.0,1031.59,0.0,853093.03,,,,,,45.38,35.0,17.6
35.0071,frame,1010,42.679101,46.96,33.32,406.77,512,384,BGR888p,,,,,
35.0077,detections,1010,42.679101,47.5,33.32,407.38,,,,5,0:0.95 56:0.60 74:0.56 56:0.52 56:0.51,,,
35.0527,frame,1011,42.712422,45.63,33.32,419.07,512,384,BGR888p,,,,,
35.0528,detections,1011,42.712422,45.08,33.32,419.13,,,,4,0:0.96 56:0.58 74:0.54 56:0.54,,,
35.1002,frame,1013,42.779066,47.43,66.64,399.87,512,384,BGR888p,,,,,
35.1003,detections,1013,42.779066,47.47,66.64,399.96,,,,5,0:0.96 56:0.58 74:0.53 56:0.53 56:0.53,,,
35.1475,frame,1014,42.812388,47.35,33.32,413.9,512,384,BGR888p,,,,,
35.1476,detections,1014,42.812388,47.33,33.32,413.97,,,,4,0:0.96 56:0.59 56:0.56 74:0.55,,,
35.1955,frame,1016,42.879031,47.95,66.64,395.22,512,384,BGR888p,,,,,
35.1956,detections,1016,42.879031,47.99,66.64,395.33,,,,3,0:0.96 56:0.56 74:0.53,,,
35.241,frame,1017,42.912354,45.57,33.32,407.51,512,384,BGR888p,,,,,
35.2413,detections,1017,42.912354,45.66,33.32,407.72,,,,5,0:0.96 56:0.56 74:0.56 56:0.53 56:0.50,,,
35.2868,frame,1018,42.945674,45.74,33.32,419.87,512,384,BGR888p,,,,,
35.2868,detections,1018,42.945674,45.59,33.32,419.92,,,,4,0:0.96 56:0.61 74:0.55 56:0.51,,,
35.3325,frame,1020,43.012319,45.72,66.65,398.94,512,384,BGR888p,,,,,
35.3326,detections,1020,43.012319,45.71,66.65,398.99,,,,4,0:0.96 56:0.57 74:0.55 56:0.51,,,
35.3799,frame,1021,43.045642,47.4,33.32,413.01,512,384,BGR888p,,,,,
35.38,detections,1021,43.045642,47.4,33.32,413.07,,,,4,0:0.95 56:0.59 56:0.58 74:0.56,,,
35.4278,frame,1023,43.112285,47.9,66.64,394.28,512,384,BGR888p,,,,,
35.4284,detections,1023,43.112285,48.47,66.64,394.91,,,,4,0:0.95 74:0.58 56:0.56 56:0.55,,,
35.4758,frame,1024,43.145607,47.97,33.32,408.93,512,384,BGR888p,,,,,
35.4758,detections,1024,43.145607,47.42,33.32,408.99,,,,5,0:0.96 56:0.61 74:0.54 56:0.52 56:0.50,,,
35.5215,frame,1025,43.178928,45.7,33.32,421.32,512,384,BGR888p,,,,,
35.5216,detections,1025,43.178928,45.72,33.32,421.4,,,,3,0:0.96 56:0.58 74:0.56,,,
35.5674,frame,1027,43.245573,45.95,66.65,400.61,512,384,BGR888p,,,,,
35.5675,detections,1027,43.245573,45.92,66.65,400.67,,,,4,0:0.96 56:0.59 74:0.53 56:0.50,,,
35.6145,frame,1028,43.278895,47.07,33.32,414.36,512,384,BGR888p,,,,,
35.6146,detections,1028,43.278895,47.08,33.32,414.42,,,,5,0:0.95 56:0.60 74:0.56 56:0.54 56:0.51,,,
35.6622,frame,1030,43.345539,47.67,66.64,395.39,512,384,BGR888p,,,,,
35.663,detections,1030,43.345539,48.41,66.64,396.22,,,,4,0:0.95 56:0.58 74:0.55 56:0.51,,,
35.7092,frame,1031,43.378862,47.02,33.32,409.09,512,384,BGR888p,,,,,
35.7093,detections,1031,43.378862,46.28,33.32,409.14,,,,3,0:0.96 56:0.56 74:0.55,,,
35.7551,frame,1032,43.412181,45.97,33.32,421.74,512,384,BGR888p,,,,,
35.7552,detections,1032,43.412181,45.97,33.32,421.79,,,,3,0:0.96 56:0.56 74:0.55,,,
35.8016,frame,1034,43.478826,46.43,66.65,401.6,512,384,BGR888p,,,,,
35.8018,detections,1034,43.478826,46.61,66.65,401.81,,,,4,0:0.95 56:0.61 74:0.58 56:0.51,,,
35.8491,frame,1035,43.512148,47.56,33.32,415.84,512,384,BGR888p,,,,,
35.8494,detections,1035,43.512148,47.59,33.32,416.07,,,,4,0:0.95 56:0.61 74:0.55 62:0.53,,,
35.8954,frame,1037,43.578791,46.25,66.64,395.45,512,384,BGR888p,,,,,
35.896,detections,1037,43.578791,46.62,66.64,396.08,,,,3,0:0.96 74:0.56 56:0.54,,,
35.942,frame,1038,43.612114,46.65,33.32,408.73,512,384,BGR888p,,,,,
35.9422,detections,1038,43.612114,46.16,33.32,408.85,,,,3,0:0.95 56:0.57 74:0.57,,,
35.9423,system,0,0.0,982.01,0.0,854075.08,,,,,,45.49,34.0,16.5
35.988,frame,1039,43.645434,45.97,33.32,421.36,512,384,BGR888p,,,,,
35.9881,detections,1039,43.645434,45.93,33.32,421.44,,,,3,0:0.95 74:0.53 56:0.52,,,
36.0331,frame,1041,43.712079,45.12,66.65,399.83,512,384,BGR888p,,,,,
36.0332,detections,1041,43.712079,45.11,66.65,399.89,,,,2,0:0.95 74:0.57,,,
36.0824,frame,1042,43.745402,49.31,33.32,415.82,512,384,BGR888p,,,,,
36.0825,detections,1042,43.745402,49.31,33.32,415.88,,,,2,0:0.95 74:0.52,,,
36.1309,frame,1044,43.812045,48.45,66.64,397.63,512,384,BGR888p,,,,,
36.131,detections,1044,43.812045,48.48,66.64,397.71,,,,4,0:0.96 0:0.66 74:0.59 56:0.56,,,
36.1776,frame,1045,43.845367,46.72,33.32,411.03,512,384,BGR888p,,,,,
36.1777,detections,1045,43.845367,46.69,33.32,411.09,,,,3,0:0.95 0:0.77 74:0.57,,,
36.2237,frame,1046,43.878688,46.11,33.32,423.82,512,384,BGR888p,,,,,
36.2238,detections,1046,43.878688,46.12,33.32,423.88,,,,4,0:0.96 0:0.85 74:0.56 56:0.51,,,
36.2706,frame,1048,43.945332,46.89,66.64,404.06,512,384,BGR888p,,,,,
36.2707,detections,1048,43.945332,46.87,66.64,404.11,,,,4,0:0.96 0:0.88 56:0.56 74:0.54,,,
36.3182,frame,1049,43.978655,47.6,33.32,418.34,512,384,BGR888p,,,,,
36.3183,detections,1049,43.978655,47.6,33.32,418.39,,,,5,0:0.95 0:0.87 74:0.57 56:0.56 56:0.51,,,
36.369,frame,1051,44.045298,50.74,66.64,402.43,512,384,BGR888p,,,,,
36.369,detections,1051,44.045298,50.74,66.64,402.49,,,,3,0:0.96 0:0.86 74:0.56,,,
36.4155,frame,1052,44.078625,46.55,33.33,415.66,512,384,BGR888p,,,,,
36.4156,detections,1052,44.078625,46.56,33.33,415.73,,,,4,0:0.96 0:0.88 74:0.57 24:0.51,,,
36.4633,frame,1053,44.111941,47.75,33.32,430.2,512,384,BGR888p,,,,,
36.4641,detections,1053,44.111941,48.55,33.32,431.04,,,,3,0:0.95 0:0.89 74:0.56,,,
36.5101,frame,1055,44.178586,46.83,66.65,410.36,512,384,BGR888p,,,,,
36.5104,detections,1055,44.178586,46.23,66.65,410.6,,,,3,0:0.95 0:0.90 74:0.58,,,
36.5558,frame,1056,44.211908,45.75,33.32,422.79,512,384,BGR888p,,,,,
36.5561,detections,1056,44.211908,45.73,33.32,423.0,,,,3,0:0.95 0:0.85 74:0.57,,,
36.6027,frame,1058,44.278551,46.82,66.64,402.92,512,384,BGR888p,,,,,
36.6028,detections,1058,44.278551,46.7,66.64,403.01,,,,4,0:0.95 0:0.89 74:0.57 56:0.55,,,
36.6512,frame,1059,44.311876,48.51,33.32,418.1,512,384,BGR888p,,,,,
36.6513,detections,1059,44.311876,48.51,33.32,418.21,,,,3,0:0.95 0:0.91 74:0.56,,,
36.6963,frame,1060,44.345194,45.11,33.32,429.92,512,384,BGR888p,,,,,
36.6969,detections,1060,44.345194,45.57,33.32,430.48,,,,4,0:0.95 0:0.93 74:0.55 56:0.51,,,
36.744,frame,1062,44.411839,47.73,66.65,411.02,512,384,BGR888p,,,,,
36.7443,detections,1062,44.411839,47.38,66.65,411.24,,,,4,0:0.95 0:0.93 74:0.57 56:0.51,,,
36.7894,frame,1063,44.445161,45.41,33.32,423.12,512,384,BGR888p,,,,,
36.7897,detections,1063,44.445161,45.43,33.32,423.33,,,,3,0:0.95 0:0.90 74:0.56,,,
36.8365,frame,1065,44.511805,47.06,66.64,403.48,512,384,BGR888p,,,,,
36.8366,detections,1065,44.511805,46.93,66.64,403.58,,,,3,0:0.95 0:0.88 74:0.55,,,
36.8844,frame,1066,44.545127,47.91,33.32,418.05,512,384,BGR888p,,,,,
36.8845,detections,1066,44.545127,47.87,33.32,418.11,,,,4,0:0.95 0:0.88 74:0.55 56:0.52,,,
36.9325,frame,1068,44.611769,48.08,66.64,399.48,512,384,BGR888p,,,,,
36.9333,detections,1068,44.611769,48.78,66.64,400.25,,,,3,0:0.95 0:0.89 74:0.55,,,
36.9333,system,0,0.0,991.03,0.0,855066.05,,,,,,45.49,35.8,17.6
36.9788,frame,1069,44.645093,46.34,33.32,412.51,512,384,BGR888p,,,,,
36.9789,detections,1069,44.645093,45.65,33.32,412.57,,,,4,0:0.95 0:0.88 74:0.55 56:0.52,,,
37.0241,frame,1070,44.678412,45.28,33.32,424.47,512,384,BGR888p,,,,,
37.0242,detections,1070,44.678412,45.27,33.32,424.52,,,,3,0:0.95 0:0.88 74:0.53,,,
37.0714,frame,1072,44.745058,47.32,66.65,405.14,512,384,BGR888p,,,,,
37.0715,detections,1072,44.745058,47.32,66.65,405.19,,,,4,0:0.95 0:0.87 74:0.54 56:0.52,,,
37.1187,frame,1073,44.77838,47.29,33.32,419.11,512,384,BGR888p,,,,,
37.1188,detections,1073,44.77838,47.3,33.32,419.17,,,,4,0:0.95 0:0.87 74:0.54 56:0.52,,,
37.169,frame,1075,44.845022,50.26,66.64,402.73,512,384,BGR888p,,,,,
37.1691,detections,1075,44.845022,50.29,66.64,402.82,,,,3,0:0.95 0:0.85 74:0.55,,,
37.2176,frame,1076,44.878346,48.64,33.32,418.05,512,384,BGR888p,,,,,
37.2177,detections,1076,44.878346,48.62,33.32,418.12,,,,3,0:0.95 0:0.84 74:0.55,,,
37.2637,frame,1077,44.911666,46.13,33.32,430.85,512,384,BGR888p,,,,,
37.2638,detections,1077,44.911666,46.12,33.32,430.92,,,,4,0:0.95 0:0.82 74:0.55 56:0.54,,,
37.3076,frame,1079,44.978311,43.88,66.65,408.09,512,384,BGR888p,,,,,
37.3077,detections,1079,44.978311,43.87,66.65,408.14,,,,5,0:0.95 0:0.62 0:0.57 62:0.54 74:0.53,,,
37.3539,frame,1080,45.011633,46.32,33.32,421.08,512,384,BGR888p,,,,,
37.354,detections,1080,45.011633,46.32,33.32,421.14,,,,5,0:0.95 0:0.63 74:0.54 0:0.53 62:0.51,,,
37.4019,frame,1082,45.078276,47.98,66.64,402.43,512,384,BGR888p,,,,,
37.4024,detections,1082,45.078276,48.39,66.64,402.91,,,,6,0:0.95 0:0.59 62:0.55 74:0.55 56:0.53 0:0.52,,,
37.4496,frame,1083,45.1116,47.72,33.32,416.82,512,384,BGR888p,,,,,
37.4497,detections,1083,45.1116,47.32,33.32,416.9,,,,4,0:0.95 0:0.57 0:0.56 74:0.53,,,
37.4979,frame,1084,45.14492,48.24,33.32,431.74,512,384,BGR888p,,,,,
37.498,detections,1084,45.14492,48.23,33.32,431.8,,,,5,0:0.95 0:0.58 0:0.56 62:0.54 74:0.54,,,
37.5436,frame,1086,45.211565,45.74,66.65,410.84,512,384,BGR888p,,,,,
37.5437,detections,1086,45.211565,45.74,66.65,410.9,,,,3,0:0.94 74:0.56 0:0.53,,,
37.5916,frame,1087,45.24489,48.0,33.32,425.51,512,384,BGR888p,,,,,
37.5917,detections,1087,45.24489,48.0,33.32,425.57,,,,5,0:0.95 74:0.53 56:0.52 56:0.52 0:0.50,,,
37.6386,frame,1089,45.31153,46.99,66.64,405.86,512,384,BGR888p,,,,,
37.6387,detections,1089,45.31153,47.0,66.64,405.93,,,,4,0:0.94 0:0.69 74:0.54 56:0.52,,,
37.6863,frame,1090,45.344852,47.68,33.32,420.24,512,384,BGR888p,,,,,
37.6864,detections,1090,45.344852,47.71,33.32,420.33,,,,2,0:0.94 74:0.52,,,
37.7335,frame,1091,45.378173,47.17,33.32,434.08,512,384,BGR888p,,,,,
37.7345,detections,1091,45.378173,48.08,33.32,435.1,,,,5,0:0.94 0:0.69 74:0.57 56:0.54 62:0.51,,,
37.7798,frame,1093,45.444817,46.29,66.64,413.73,512,384,BGR888p,,,,,
37.7799,detections,1093,45.444817,45.37,66.64,413.81,,,,5,0:0.95 0:0.79 74:0.54 56:0.54 56:0.51,,,
37.8262,frame,1094,45.478148,46.41,33.33,426.8,512,384,BGR888p,,,,,
37.8263,detections,1094,45.478148,46.4,33.33,426.88,,,,5,0:0.95 0:0.80 74:0.53 56:0.51 56:0.50,,,
37.8729,frame,1096,45.544783,46.74,66.64,406.91,512,384,BGR888p,,,,,
37.873,detections,1096,45.544783,46.75,66.64,406.99,,,,4,0:0.94 0:0.73 56:0.55 74:0.53,,,
37.9204,frame,1097,45.578105,47.49,33.32,421.1,512,384,BGR888p,,,,,
37.9205,detections,1097,45.578105,47.51,33.32,421.19,,,,5,0:0.95 0:0.68 74:0.57 56:0.57 56:0.56,,,
37.9681,frame,1099,45.644748,47.68,66.64,402.18,512,384,BGR888p,,,,,
37.9687,detections,1099,45.644748,48.21,66.64,402.83,,,,4,0:0.95 0:0.64 56:0.58 74:0.53,,,
37.969,system,0,0.0,1035.67,0.0,856101.83,,,,,,45.77,34.3,17.6
38.0146,frame,1100,45.678071,46.5,33.32,415.3,512,384,BGR888p,,,,,
38.0147,detections,1100,45.678071,45.95,33.32,415.39,,,,4,0:0.95 0:0.68 56:0.58 74:0.50,,,
38.0606,frame,1101,45.711391,46.03,33.32,428.0,512,384,BGR888p,,,,,
38.0607,detections,1101,45.711391,46.0,33.32,428.06,,,,4,0:0.95 0:0.68 56:0.53 74:0.53,,,
38.107,frame,1103,45.778036,46.43,66.65,407.79,512,384,BGR888p,,,,,
38.1071,detections,1103,45.778036,46.45,66.65,407.87,,,,4,0:0.96 0:0.64 56:0.55 74:0.54,,,
38.1547,frame,1104,45.811358,47.65,33.32,422.12,512,384,BGR888p,,,,,
38.1548,detections,1104,45.811358,47.66,33.32,422.22,,,,4,0:0.95 0:0.69 56:0.55 74:0.54,,,
38.2025,frame,1106,45.878001,47.81,66.64,403.29,512,384,BGR888p,,,,,
38.2027,detections,1106,45.878001,47.86,66.64,403.44,,,,4,0:0.95 0:0.70 56:0.55 74:0.54,,,
38.2484,frame,1107,45.911325,45.86,33.32,415.82,512,384,BGR888p,,,,,
38.2485,detections,1107,45.911325,45.79,33.32,415.9,,,,4,0:0.95 0:0.71 56:0.55 74:0.54,,,
38.294,frame,1108,45.944645,45.65,33.32,428.14,512,384,BGR888p,,,,,
38.2941,detections,1108,45.944645,45.62,33.32,428.19,,,,5,0:0.96 0:0.56 74:0.55 56:0.53 56:0.50,,,
38.3408,frame,1110,46.011289,46.77,66.64,408.26,512,384,BGR888p,,,,,
38.3408,detections,1110,46.011289,46.77,66.64,408.31,,,,4,0:0.96 56:0.55 74:0.53 0:0.52,,,
38.3888,frame,1111,46.044612,48.0,33.32,422.94,512,384,BGR888p,,,,,
38.3889,detections,1111,46.044612,48.02,33.32,423.01,,,,3,0:0.96 56:0.56 74:0.55,,,
38.4361,frame,1113,46.111255,47.36,66.64,363.2,512,384,BGR888p,,,,,
38.4368,detections,1113,46.111255,47.94,66.64,363.87,,,,4,0:0.96 56:0.53 74:0.53 56:0.52,,,
38.4823,frame,1114,46.144577,46.13,33.32,376.03,512,384,BGR888p,,,,,
38.4824,detections,1114,46.144577,45.61,33.32,376.14,,,,3,0:0.96 74:0.53 56:0.52,,,
38.527,frame,1115,46.177897,44.76,33.32,387.41,512,384,BGR888p,,,,,
38.5271,detections,1115,46.177897,44.66,33.32,387.46,,,,4,0:0.96 0:0.55 74:0.54 56:0.52,,,
38.5742,frame,1117,46.244542,47.21,66.65,368.01,512,384,BGR888p,,,,,
38.5744,detections,1117,46.244542,47.27,66.65,368.1,,,,3,0:0.96 0:0.57 74:0.51,,,
38.6224,frame,1118,46.277865,48.17,33.32,382.84,512,384,BGR888p,,,,,
38.6225,detections,1118,46.277865,48.13,33.32,382.89,,,,2,0:0.96 56:0.51,,,
38.6701,frame,1120,46.344508,47.7,66.64,363.89,512,384,BGR888p,,,,,
38.671,detections,1120,46.344508,48.53,66.64,364.79,,,,4,0:0.95 0:0.82 56:0.53 74:0.51,,,
38.7178,frame,1121,46.377831,47.69,33.32,378.25,512,384,BGR888p,,,,,
38.7179,detections,1121,46.377831,46.85,33.32,378.31,,,,2,0:0.96 0:0.59,,,
38.7634,frame,1122,46.411151,45.61,33.32,390.54,512,384,BGR888p,,,,,
38.7635,detections,1122,46.411151,45.61,33.32,390.6,,,,4,0:0.95 0:0.71 74:0.51 56:0.51,,,
38.8096,frame,1124,46.477796,46.24,66.65,370.15,512,384,BGR888p,,,,,
38.8097,detections,1124,46.477796,46.25,66.65,370.21,,,,4,0:0.95 0:0.87 56:0.57 74:0.53,,,
38.8563,frame,1125,46.511119,46.68,33.32,383.54,512,384,BGR888p,,,,,
38.8564,detections,1125,46.511119,46.71,33.32,383.59,,,,3,0:0.95 0:0.86 74:0.56,,,
38.9033,frame,1127,46.577761,46.94,66.64,363.79,512,384,BGR888p,,,,,
38.904,detections,1127,46.577761,47.55,66.64,364.5,,,,4,0:0.95 0:0.92 74:0.55 56:0.50,,,
38.9498,frame,1128,46.611084,46.59,33.32,377.06,512,384,BGR888p,,,,,
38.9499,detections,1128,46.611084,45.94,33.32,377.12,,,,3,0:0.95 0:0.88 74:0.53,,,
38.95,system,0,0.0,980.98,0.0,857082.7,,,,,,45.66,34.8,17.4
38.9953,frame,1129,46.644404,45.41,33.32,389.15,512,384,BGR888p,,,,,
38.9953,detections,1129,46.644404,45.41,33.32,389.21,,,,3,0:0.95 0:0.88 74:0.55,,,
39.0432,frame,1131,46.711049,47.92,66.65,370.42,512,384,BGR888p,,,,,
39.0433,detections,1131,46.711049,47.92,66.65,370.49,,,,4,0:0.94 0:0.92 74:0.58 56:0.54,,,
39.0894,frame,1132,46.744371,46.25,33.32,383.34,512,384,BGR888p,,,,,
39.0895,detections,1132,46.744371,46.23,33.32,383.4,,,,3,0:0.95 0:0.93 74:0.58,,,
39.1388,frame,1134,46.811014,49.4,66.64,366.11,512,384,BGR888p,,,,,
39.1389,detections,1134,46.811014,49.41,66.64,366.17,,,,3,0:0.95 0:0.93 74:0.56,,,
39.1838,frame,1135,46.844337,44.99,33.32,377.77,512,384,BGR888p,,,,,
39.1839,detections,1135,46.844337,44.99,33.32,377.83,,,,3,0:0.95 0:0.92 74:0.57,,,
39.2296,frame,1136,46.877657,45.8,33.32,390.25,512,384,BGR888p,,,,,
39.2297,detections,1136,46.877657,45.82,33.32,390.33,,,,3,0:0.95 0:0.93 74:0.56,,,
39.2767,frame,1138,46.944302,47.08,66.65,370.69,512,384,BGR888p,,,,,
39.2768,detections,1138,46.944302,47.06,66.65,370.75,,,,3,0:0.95 0:0.92 74:0.56,,,
39.3231,frame,1139,46.977625,46.38,33.32,383.75,512,384,BGR888p,,,,,
39.3232,detections,1139,46.977625,46.39,33.32,383.82,,,,3,0:0.95 0:0.92 74:0.55,,,
39.3728,frame,1141,47.044268,49.72,66.64,366.83,512,384,BGR888p,,,,,
39.3729,detections,1141,47.044268,49.72,66.64,366.9,,,,3,0:0.95 0:0.92 74:0.54,,,
39.4199,frame,1142,47.07759,47.06,33.32,380.58,512,384,BGR888p,,,,,
39.42,detections,1142,47.07759,47.08,33.32,380.66,,,,3,0:0.95 0:0.92 74:0.54,,,
39.4667,frame,1143,47.11091,46.82,33.32,394.07,512,384,BGR888p,,,,,
39.4683,detections,1143,47.11091,48.36,33.32,395.7,,,,3,0:0.95 0:0.92 74:0.56,,,
39.5123,frame,1145,47.177556,45.62,66.65,373.04,512,384,BGR888p,,,,,
39.5124,detections,1145,47.177556,44.04,66.65,373.09,,,,3,0:0.95 0:0.91 74:0.58,,,
39.5595,frame,1146,47.210878,47.17,33.32,386.89,512,384,BGR888p,,,,,
39.5595,detections,1146,47.210878,47.17,33.32,386.94,,,,3,0:0.95 0:0.91 74:0.56,,,
39.6079,frame,1148,47.27752,48.41,66.64,368.65,512,384,BGR888p,,,,,
39.608,detections,1148,47.27752,48.41,66.64,368.71,,,,3,0:0.95 0:0.90 74:0.57,,,
39.6556,frame,1149,47.310843,47.76,33.32,383.09,512,384,BGR888p,,,,,
39.6557,detections,1149,47.310843,47.76,33.32,383.14,,,,4,0:0.95 0:0.88 74:0.53 56:0.51,,,
39.7024,frame,1150,47.344164,46.8,33.32,396.57,512,384,BGR888p,,,,,
39.7025,detections,1150,47.344164,46.81,33.32,396.63,,,,3,0:0.95 0:0.85 74:0.54,,,
39.748,frame,1152,47.410809,45.61,66.65,375.53,512,384,BGR888p,,,,,
39.7481,detections,1152,47.410809,45.61,66.65,375.59,,,,4,0:0.95 0:0.82 74:0.57 56:0.51,,,
39.7951,frame,1153,47.444134,47.01,33.32,389.22,512,384,BGR888p,,,,,
39.7951,detections,1153,47.444134,47.01,33.32,389.28,,,,3,0:0.95 0:0.80 74:0.55,,,
39.8433,frame,1155,47.510774,48.23,66.64,370.81,512,384,BGR888p,,,,,
39.8435,detections,1155,47.510774,48.34,66.64,370.98,,,,3,0:0.95 0:0.88 74:0.54,,,
39.8909,frame,1156,47.544097,47.57,33.32,385.06,512,384,BGR888p,,,,,
39.8909,detections,1156,47.544097,47.47,33.32,385.13,,,,3,0:0.95 0:0.90 74:0.55,,,
39.9393,frame,1157,47.577417,48.4,33.32,400.14,512,384,BGR888p,,,,,
39.9393,detections,1157,47.577417,48.4,33.32,400.21,,,,3,0:0.95 0:0.90 74:0.54,,,
39.9844,frame,1159,47.644064,45.18,66.65,378.67,512,384,BGR888p,,,,,
39.9846,detections,1159,47.644064,45.24,66.65,378.8,,,,3,0:0.95 0:0.92 74:0.55,,,
39.9846,system,0,0.0,1034.67,0.0,858117.37,,,,,,45.89,34.6,17.1
40.0298,frame,1160,47.677389,45.35,33.32,390.71,512,384,BGR888p,,,,,
40.0299,detections,1160,47.677389,45.3,33.32,390.77,,,,4,0:0.95 0:0.92 74:0.56 62:0.53,,,
40.0775,frame,1162,47.744028,47.67,66.64,371.73,512,384,BGR888p,,,,,
40.0775,detections,1162,47.744028,47.65,66.64,371.78,,,,3,0:0.95 0:0.94 74:0.57,,,
40.125,frame,1163,47.77735,47.58,33.32,385.99,512,384,BGR888p,,,,,
40.1251,detections,1163,47.77735,47.58,33.32,386.05,,,,4,0:0.95 0:0.94 74:0.59 56:0.50,,,
40.1729,frame,1165,47.843992,47.87,66.64,367.22,512,384,BGR888p,,,,,
40.173,detections,1165,47.843992,47.91,66.64,367.31,,,,3,0:0.95 0:0.94 74:0.59,,,
40.218,frame,1166,47.877316,45.14,33.32,379.02,512,384,BGR888p,,,,,
40.2181,detections,1166,47.877316,45.09,33.32,379.08,,,,4,0:0.95 0:0.95 74:0.55 62:0.53,,,
40.2637,frame,1167,47.910635,45.68,33.32,391.39,512,384,BGR888p,,,,,
40.2638,detections,1167,47.910635,45.71,33.32,391.47,,,,5,0:0.95 0:0.92 74:0.54 62:0.53 24:0.50,,,
40.3102,frame,1169,47.977281,46.43,66.65,371.18,512,384,BGR888p,,,,,
40.3102,detections,1169,47.977281,46.4,66.65,371.23,,,,4,0:0.95 0:0.81 74:0.57 56:0.51,,,
40.3591,frame,1170,48.010604,48.99,33.32,386.84,512,384,BGR888p,,,,,
40.3592,detections,1170,48.010604,48.99,33.32,386.9,,,,5,0:0.95 0:0.93 74:0.56 56:0.53 62:0.51,,,
40.4055,frame,1172,48.077245,46.36,66.64,366.56,512,384,BGR888p,,,,,
40.4062,detections,1172,48.077245,47.01,66.64,367.27,,,,3,0:0.95 0:0.89 62:0.52,,,
40.4517,frame,1173,48.11057,46.21,33.33,379.44,512,384,BGR888p,,,,,
40.4518,detections,1173,48.11057,45.55,33.33,379.49,,,,5,0:0.95 0:0.91 56:0.57 62:0.52 56:0.50,,,
40.4976,frame,1174,48.143889,45.93,33.32,392.06,512,384,BGR888p,,,,,
40.4977,detections,1174,48.143889,45.94,33.32,392.11,,,,4,0:0.95 0:0.95 56:0.57 62:0.55,,,
40.5443,frame,1176,48.210534,46.69,66.65,372.1,512,384,BGR888p,,,,,
40.5444,detections,1176,48.210534,46.69,66.65,372.15,,,,4,0:0.95 0:0.93 56:0.52 62:0.50,,,
40.5924,frame,1177,48.243858,48.06,33.32,386.83,512,384,BGR888p,,,,,
40.5925,detections,1177,48.243858,48.06,33.32,386.89,,,,6,0:0.95 0:0.84 0:0.54 56:0.54 62:0.53 56:0.50,,,
40.641,frame,1179,48.310499,48.61,66.64,368.81,512,384,BGR888p,,,,,
40.6411,detections,1179,48.310499,48.62,66.64,368.86,,,,3,0:0.95 0:0.95 56:0.51,,,
40.6858,frame,1180,48.343823,44.84,33.32,380.31,512,384,BGR888p,,,,,
40.6859,detections,1180,48.343823,44.83,33.32,380.38,,,,3,0:0.95 0:0.95 56:0.54,,,
40.7314,frame,1181,48.377143,45.5,33.32,392.51,512,384,BGR888p,,,,,
40.7314,detections,1181,48.377143,45.52,33.32,392.57,,,,5,0:0.95 0:0.94 56:0.60 56:0.55 62:0.51,,,
40.7781,frame,1183,48.443787,46.73,66.64,372.62,512,384,BGR888p,,,,,
40.7782,detections,1183,48.443787,46.79,66.64,372.73,,,,3,0:0.95 0:0.92 56:0.55,,,
40.8261,frame,1184,48.47711,47.98,33.32,387.31,512,384,BGR888p,,,,,
40.8263,detections,1184,48.47711,48.05,33.32,387.51,,,,4,0:0.95 0:0.93 56:0.58 56:0.51,,,
40.8747,frame,1186,48.543752,48.64,66.64,369.3,512,384,BGR888p,,,,,
40.8749,detections,1186,48.543752,48.63,66.64,369.47,,,,3,0:0.95 0:0.94 56:0.56,,,
40.9197,frame,1187,48.577075,45.03,33.32,380.96,512,384,BGR888p,,,,,
40.9198,detections,1187,48.577075,44.91,33.32,381.01,,,,3,0:0.95 0:0.94 56:0.59,,,
40.9654,frame,1188,48.610395,45.69,33.32,393.33,512,384,BGR888p,,,,,
40.9655,detections,1188,48.610395,45.69,33.32,393.38,,,,4,0:0.95 0:0.93 56:0.58 62:0.52,,,
40.9656,system,0,0.0,980.92,0.0,859098.28,,,,,,45.26,33.8,17.2
41.0117,frame,1190,48.67704,46.25,66.65,372.93,512,384,BGR888p,,,,,
41.0118,detections,1190,48.67704,46.25,66.65,372.99,,,,3,0:0.95 0:0.94 56:0.62,,,
41.0593,frame,1191,48.71037,47.67,33.33,387.26,512,384,BGR888p,,,,,
41.0594,detections,1191,48.71037,47.66,33.33,387.32,,,,6,0:0.95 0:0.94 62:0.66 56:0.60 56:0.60 74:0.51,,,
41.1076,frame,1193,48.777005,48.3,66.64,368.94,512,384,BGR888p,,,,,
41.1084,detections,1193,48.777005,48.95,66.64,369.64,,,,4,0:0.95 0:0.95 56:0.57 74:0.50,,,
41.1535,frame,1194,48.810328,45.81,33.32,381.43,512,384,BGR888p,,,,,
41.1535,detections,1194,48.810328,45.19,33.32,381.5,,,,4,0:0.95 0:0.94 56:0.60 74:0.59,,,
41.1998,frame,1195,48.843648,46.39,33.32,394.49,512,384,BGR888p,,,,,
41.1999,detections,1195,48.843648,46.38,33.32,394.55,,,,5,0:0.95 0:0.95 74:0.59 56:0.57 62:0.53,,,
41.2459,frame,1197,48.910293,46.02,66.65,373.87,512,384,BGR888p,,,,,
41.2459,detections,1197,48.910293,46.03,66.65,373.93,,,,5,0:0.95 0:0.93 74:0.60 56:0.58 62:0.53,,,
41.2934,frame,1198,48.943616,47.52,33.32,388.07,512,384,BGR888p,,,,,
41.2935,detections,1198,48.943616,47.54,33.32,388.15,,,,6,0:0.95 0:0.87 56:0.58 74:0.57 56:0.56 62:0.50,,,
41.341,frame,1200,49.010259,47.62,66.64,369.05,512,384,BGR888p,,,,,
41.3421,detections,1200,49.010259,48.59,66.64,370.11,,,,6,0:0.94 0:0.67 0:0.67 56:0.66 56:0.59 74:0.52,,,
41.3876,frame,1201,49.043582,46.61,33.32,382.34,512,384,BGR888p,,,,,
41.3877,detections,1201,49.043582,45.64,33.32,382.41,,,,6,0:0.95 0:0.85 56:0.69 0:0.68 56:0.59 74:0.56,,,
41.4334,frame,1202,49.076902,45.77,33.32,394.79,512,384,BGR888p,,,,,
41.4335,detections,1202,49.076902,45.77,33.32,394.86,,,,6,0:0.95 0:0.87 0:0.61 56:0.56 74:0.56 56:0.55,,,
41.4802,frame,1204,49.143548,46.81,66.65,374.96,512,384,BGR888p,,,,,
41.4803,detections,1204,49.143548,46.82,66.65,375.04,,,,6,0:0.94 0:0.85 56:0.61 56:0.61 74:0.56 0:0.53,,,
41.5273,frame,1205,49.176869,47.09,33.32,388.72,512,384,BGR888p,,,,,
41.5274,detections,1205,49.176869,47.07,33.32,388.78,,,,5,0:0.94 0:0.77 56:0.60 0:0.58 74:0.57,,,
41.5747,frame,1207,49.243513,47.44,66.64,369.53,512,384,BGR888p,,,,,
41.5754,detections,1207,49.243513,48.05,66.64,370.2,,,,5,0:0.94 0:0.88 56:0.58 56:0.56 74:0.53,,,
41.6216,frame,1208,49.276835,46.83,33.32,383.02,512,384,BGR888p,,,,,
41.6216,detections,1208,49.276835,46.21,33.32,383.07,,,,5,0:0.94 0:0.88 56:0.61 56:0.60 74:0.54,,,
41.6675,frame,1209,49.310155,45.96,33.32,395.67,512,384,BGR888p,,,,,
41.6676,detections,1209,49.310155,45.97,33.32,395.72,,,,5,0:0.94 0:0.82 56:0.58 56:0.57 74:0.56,,,
41.7136,frame,1211,49.3768,46.1,66.65,375.14,512,384,BGR888p,,,,,
41.7137,detections,1211,49.3768,46.12,66.65,375.19,,,,4,0:0.95 0:0.84 74:0.57 56:0.55,,,
41.7608,frame,1212,49.410122,47.2,33.32,389.0,512,384,BGR888p,,,,,
41.7609,detections,1212,49.410122,47.19,33.32,389.06,,,,5,0:0.95 0:0.86 56:0.58 74:0.58 56:0.54,,,
41.808,frame,1214,49.476765,47.22,66.64,369.58,512,384,BGR888p,,,,,
41.8081,detections,1214,49.476765,47.23,66.64,369.65,,,,5,0:0.95 0:0.69 56:0.60 74:0.55 0:0.50,,,
41.8545,frame,1215,49.510088,46.46,33.32,382.71,512,384,BGR888p,,,,,
41.8546,detections,1215,49.510088,46.44,33.32,382.77,,,,4,0:0.94 0:0.66 56:0.58 74:0.55,,,
41.9001,frame,1216,49.543409,45.64,33.32,395.06,512,384,BGR888p,,,,,
41.9003,detections,1216,49.543409,45.69,33.32,395.15,,,,4,0:0.94 0:0.75 56:0.56 74:0.56,,,
41.9471,frame,1218,49.610055,46.97,66.65,375.38,512,384,BGR888p,,,,,
41.9472,detections,1218,49.610055,46.97,66.65,375.47,,,,5,0:0.95 0:0.81 56:0.59 74:0.55 56:0.53,,,
41.9473,system,0,0.0,981.79,0.0,860080.1,,,,,,46.0,34.9,18.1
41.9944,frame,1219,49.643375,47.23,33.32,389.28,512,384,BGR888p,,,,,
41.9944,detections,1219,49.643375,47.21,33.32,389.36,,,,5,0:0.95 0:0.84 56:0.59 74:0.56 56:0.52,,,
42.0416,frame,1221,49.710019,47.28,66.64,369.93,512,384,BGR888p,,,,,
42.0423,detections,1221,49.710019,47.82,66.64,370.55,,,,4,0:0.94 0:0.77 56:0.59 74:0.56,,,
42.0881,frame,1222,49.743341,46.44,33.32,383.03,512,384,BGR888p,,,,,
42.0881,detections,1222,49.743341,45.88,33.32,383.08,,,,6,0:0.94 0:0.69 74:0.56 56:0.56 56:0.54 56:0.50,,,
42.1344,frame,1223,49.776661,46.33,33.32,396.04,512,384,BGR888p,,,,,
42.1345,detections,1223,49.776661,46.34,33.32,396.1,,,,5,0:0.94 0:0.65 56:0.57 74:0.57 56:0.53,,,
42.1804,frame,1225,49.843306,45.96,66.65,375.38,512,384,BGR888p,,,,,
42.1805,detections,1225,49.843306,46.0,66.65,375.48,,,,5,0:0.94 0:0.58 56:0.57 74:0.55 56:0.51,,,
42.2286,frame,1226,49.876628,48.28,33.32,390.32,512,384,BGR888p,,,,,
42.2287,detections,1226,49.876628,48.25,33.32,390.4,,,,4,0:0.94 0:0.61 56:0.57 74:0.57,,,
42.2759,frame,1228,49.943271,47.25,66.64,370.93,512,384,BGR888p,,,,,
42.2766,detections,1228,49.943271,47.87,66.64,371.64,,,,4,0:0.94 56:0.58 0:0.58 74:0.54,,,
42.3213,frame,1229,49.976598,45.44,33.33,383.03,512,384,BGR888p,,,,,
42.322,detections,1229,49.976598,45.4,33.33,383.71,,,,4,0:0.95 56:0.63 74:0.57 62:0.51,,,
42.367,frame,1230,50.009914,45.68,33.32,395.39,512,384,BGR888p,,,,,
42.3671,detections,1230,50.009914,45.07,33.32,395.45,,,,3,0:0.94 56:0.63 74:0.56,,,
42.4158,frame,1232,50.076561,48.74,66.65,377.49,512,384,BGR888p,,,,,
42.4158,detections,1232,50.076561,48.74,66.65,377.54,,,,4,0:0.95 56:0.61 74:0.55 0:0.53,,,
42.4625,frame,1233,50.109882,46.77,33.32,390.94,512,384,BGR888p,,,,,
42.4626,detections,1233,50.109882,46.78,33.32,391.0,,,,3,0:0.95 56:0.61 74:0.57,,,
42.5107,frame,1235,50.176525,48.16,66.64,372.46,512,384,BGR888p,,,,,
42.5108,detections,1235,50.176525,48.16,66.64,372.53,,,,3,0:0.95 56:0.61 74:0.54,,,
42.558,frame,1236,50.20985,47.29,33.33,386.43,512,384,BGR888p,,,,,
42.5581,detections,1236,50.20985,47.3,33.33,386.5,,,,3,0:0.95 56:0.59 74:0.58,,,
42.6044,frame,1237,50.243168,46.46,33.32,399.59,512,384,BGR888p,,,,,
42.6046,detections,1237,50.243168,46.51,33.32,399.71,,,,3,0:0.95 56:0.61 74:0.56,,,
42.6503,frame,1239,50.309813,45.87,66.65,378.82,512,384,BGR888p,,,,,
42.6504,detections,1239,50.309813,45.84,66.65,378.88,,,,3,0:0.94 56:0.57 74:0.56,,,
42.6981,frame,1240,50.343135,47.82,33.32,393.28,512,384,BGR888p,,,,,
42.6982,detections,1240,50.343135,47.78,33.32,393.33,,,,3,0:0.95 56:0.58 74:0.55,,,
42.7443,frame,1242,50.409778,46.14,66.64,372.77,512,384,BGR888p,,,,,
42.7444,detections,1242,50.409778,46.16,66.64,372.87,,,,3,0:0.95 56:0.62 74:0.55,,,
42.7925,frame,1243,50.443101,48.24,33.32,387.69,512,384,BGR888p,,,,,
42.7926,detections,1243,50.443101,48.22,33.32,387.75,,,,3,0:0.95 56:0.61 74:0.57,,,
42.8376,frame,1244,50.476421,45.05,33.32,399.47,512,384,BGR888p,,,,,
42.8377,detections,1244,50.476421,45.15,33.32,399.61,,,,4,0:0.95 56:0.57 74:0.55 62:0.50,,,
42.8845,frame,1246,50.543066,46.94,66.65,379.75,512,384,BGR888p,,,,,
42.8846,detections,1246,50.543066,46.91,66.65,379.86,,,,3,0:0.95 56:0.61 74:0.56,,,
42.9307,frame,1247,50.576389,46.21,33.32,392.64,512,384,BGR888p,,,,,
42.9308,detections,1247,50.576389,46.21,33.32,392.75,,,,3,0:0.95 56:0.59 74:0.56,,,
42.9777,frame,1249,50.643031,46.96,66.64,372.92,512,384,BGR888p,,,,,
42.9782,detections,1249,50.643031,47.38,66.64,373.48,,,,3,0:0.95 56:0.58 74:0.53,,,
42.9783,system,0,0.0,1030.93,0.0,861111.01,,,,,,46.05,34.2,17.2
43.0257,frame,1250,50.676359,47.99,33.33,387.59,512,384,BGR888p,,,,,
43.0257,detections,1250,50.676359,47.51,33.33,387.65,,,,3,0:0.95 56:0.62 74:0.57,,,
43.0747,frame,1252,50.742996,49.09,66.64,370.05,512,384,BGR888p,,,,,
43.0748,detections,1252,50.742996,49.1,66.64,370.11,,,,3,0:0.95 56:0.61 74:0.56,,,
43.1212,frame,1253,50.776319,46.48,33.32,383.21,512,384,BGR888p,,,,,
43.1213,detections,1253,50.776319,46.51,33.32,383.3,,,,3,0:0.95 56:0.59 74:0.53,,,
43.1668,frame,1254,50.809643,45.58,33.32,395.48,512,384,BGR888p,,,,,
43.1669,detections,1254,50.809643,45.58,33.32,395.57,,,,3,0:0.95 56:0.59 74:0.55,,,
43.2139,frame,1256,50.876285,47.1,66.64,375.92,512,384,BGR888p,,,,,
43.214,detections,1256,50.876285,47.06,66.64,375.97,,,,3,0:0.95 56:0.58 74:0.56,,,
43.2626,frame,1257,50.909607,48.67,33.32,391.27,512,384,BGR888p,,,,,
43.2627,detections,1257,50.909607,48.68,33.32,391.33,,,,3,0:0.95 56:0.56 74:0.55,,,
43.3098,frame,1258,50.942927,47.17,33.32,405.12,512,384,BGR888p,,,,,
43.3103,detections,1258,50.942927,47.66,33.32,405.69,,,,3,0:0.95 56:0.61 74:0.55,,,
43.3563,frame,1260,51.009573,46.53,66.65,384.99,512,384,BGR888p,,,,,
43.3564,detections,1260,51.009573,46.06,66.65,385.09,,,,3,0:0.95 56:0.61 74:0.57,,,
43.4024,frame,1261,51.042899,46.14,33.33,397.83,512,384,BGR888p,,,,,
43.4025,detections,1261,51.042899,46.14,33.33,397.91,,,,3,0:0.95 56:0.58 74:0.52,,,
43.4493,frame,1263,51.109538,46.93,66.64,378.11,512,384,BGR888p,,,,,
43.4494,detections,1263,51.109538,46.9,66.64,378.16,,,,3,0:0.95 56:0.59 74:0.55,,,
43.4972,frame,1264,51.14286,47.83,33.32,392.62,512,384,BGR888p,,,,,
43.4973,detections,1264,51.14286,47.85,33.32,392.69,,,,3,0:0.95 56:0.57 74:0.55,,,
43.5445,frame,1266,51.209503,47.3,66.64,373.26,512,384,BGR888p,,,,,
43.5445,detections,1266,51.209503,47.26,66.64,373.31,,,,3,0:0.95 56:0.58 74:0.57,,,
43.5905,frame,1267,51.242827,46.04,33.32,385.98,512,384,BGR888p,,,,,
43.5906,detections,1267,51.242827,46.05,33.32,386.04,,,,3,0:0.95 56:0.57 74:0.56,,,
43.6372,frame,1268,51.276146,46.64,33.32,399.31,512,384,BGR888p,,,,,
43.6372,detections,1268,51.276146,46.64,33.32,399.36,,,,3,0:0.95 56:0.59 74:0.55,,,
43.6829,frame,1270,51.342793,45.78,66.65,378.44,512,384,BGR888p,,,,,
43.683,detections,1270,51.342793,45.79,66.65,378.5,,,,3,0:0.95 56:0.56 74:0.55,,,
43.7298,frame,1271,51.376114,46.84,33.32,391.96,512,384,BGR888p,,,,,
43.7299,detections,1271,51.376114,46.84,33.32,392.02,,,,4,0:0.95 56:0.60 74:0.55 62:0.51,,,
43.7792,frame,1273,51.442756,49.46,66.64,374.78,512,384,BGR888p,,,,,
43.7793,detections,1273,51.442756,49.47,66.64,374.84,,,,3,0:0.95 56:0.60 74:0.54,,,
43.8252,frame,1274,51.47608,45.96,33.32,387.42,512,384,BGR888p,,,,,
43.8253,detections,1274,51.47608,45.95,33.32,387.48,,,,3,0:0.95 56:0.60 74:0.57,,,
43.8705,frame,1275,51.509399,45.28,33.32,399.38,512,384,BGR888p,,,,,
43.8706,detections,1275,51.509399,45.28,33.32,399.44,,,,3,0:0.95 56:0.56 74:0.53,,,
43.9161,frame,1277,51.576046,45.58,66.65,378.31,512,384,BGR888p,,,,,
43.9161,detections,1277,51.576046,45.58,66.65,378.37,,,,3,0:0.95 56:0.57 74:0.55,,,
43.964,frame,1278,51.609367,47.91,33.32,392.9,512,384,BGR888p,,,,,
43.964,detections,1278,51.609367,47.91,33.32,392.96,,,,5,0:0.95 56:0.56 74:0.54 62:0.52 56:0.52,,,
43.9641,system,0,0.0,985.82,0.0,862096.82,,,,,,45.37,34.4,17.8
44.0118,frame,1280,51.676009,47.87,66.64,374.13,512,384,BGR888p,,,,,
44.0123,detections,1280,51.676009,48.29,66.64,374.63,,,,3,0:0.95 74:0.59 56:0.58,,,
44.0584,frame,1281,51.709333,46.53,33.32,387.38,512,384,BGR888p,,,,,
44.0586,detections,1281,51.709333,46.23,33.32,387.55,,,,3,0:0.95 56:0.63 74:0.56,,,
44.1053,frame,1282,51.742653,46.92,33.32,401.02,512,384,BGR888p,,,,,
44.1055,detections,1282,51.742653,46.98,33.32,401.22,,,,3,0:0.95 56:0.59 74:0.58,,,
44.1519,frame,1284,51.809298,46.65,66.65,380.99,512,384,BGR888p,,,,,
44.1521,detections,1284,51.809298,46.58,66.65,381.13,,,,3,0:0.95 56:0.59 74:0.56,,,
44.1987,frame,1285,51.84262,46.79,33.32,394.44,512,384,BGR888p,,,,,
44.1989,detections,1285,51.84262,46.74,33.32,394.53,,,,4,0:0.95 56:0.61 74:0.54 62:0.51,,,
44.2496,frame,1287,51.909264,50.81,66.64,378.63,512,384,BGR888p,,,,,
44.2497,detections,1287,51.909264,50.88,66.64,378.79,,,,3,0:0.95 56:0.57 74:0.54,,,
44.2946,frame,1288,51.942586,45.09,33.32,390.36,512,384,BGR888p,,,,,
44.2947,detections,1288,51.942586,45.0,33.32,390.44,,,,3,0:0.95 56:0.58 74:0.53,,,
44.339,frame,1289,51.975907,44.36,33.32,401.39,512,384,BGR888p,,,,,
44.3391,detections,1289,51.975907,44.33,33.32,401.45,,,,3,0:0.95 56:0.61 74:0.56,,,
44.3855,frame,1291,52.042551,46.49,66.64,381.23,512,384,BGR888p,,,,,
44.3856,detections,1291,52.042551,46.52,66.64,381.32,,,,3,0:0.95 56:0.61 74:0.58,,,
44.4319,frame,1292,52.075877,46.44,33.33,394.34,512,384,BGR888p,,,,,
44.432,detections,1292,52.075877,46.41,33.33,394.4,,,,3,0:0.95 56:0.61 74:0.54,,,
44.4817,frame,1294,52.142516,49.8,66.64,377.51,512,384,BGR888p,,,,,
44.4818,detections,1294,52.142516,49.83,66.64,377.6,,,,3,0:0.95 56:0.64 74:0.55,,,
44.5303,frame,1295,52.175839,48.57,33.32,392.79,512,384,BGR888p,,,,,
44.5305,detections,1295,52.175839,48.63,33.32,392.91,,,,3,0:0.95 56:0.60 74:0.55,,,
44.5767,frame,1296,52.20916,46.37,33.32,405.78,512,384,BGR888p,,,,,
44.5774,detections,1296,52.20916,46.95,33.32,406.52,,,,3,0:0.95 56:0.59 74:0.54,,,
44.6238,frame,1298,52.275807,47.09,66.65,386.25,512,384,BGR888p,,,,,
44.6238,detections,1298,52.275807,46.44,66.65,386.31,,,,3,0:0.95 56:0.59 74:0.56,,,
44.6695,frame,1299,52.309127,45.78,33.32,398.71,512,384,BGR888p,,,,,
44.6696,detections,1299,52.309127,45.77,33.32,398.76,,,,3,0:0.95 56:0.57 74:0.55,,,
44.7165,frame,1301,52.375769,46.98,66.64,379.05,512,384,BGR888p,,,,,
44.7166,detections,1301,52.375769,47.0,66.64,379.12,,,,3,0:0.95 56:0.60 74:0.55,,,
44.7646,frame,1302,52.409092,48.05,33.32,393.82,512,384,BGR888p,,,,,
44.7648,detections,1302,52.409092,48.14,33.32,393.97,,,,3,0:0.95 56:0.56 74:0.54,,,
44.8131,frame,1303,52.442412,48.53,33.32,409.07,512,384,BGR888p,,,,,
44.8134,detections,1303,52.442412,48.68,33.32,409.4,,,,3,0:0.95 56:0.64 74:0.56,,,
44.8578,frame,1305,52.509061,44.72,66.65,387.07,512,384,BGR888p,,,,,
44.8579,detections,1305,52.509061,44.5,66.65,387.16,,,,3,0:0.95 56:0.57 74:0.55,,,
44.9037,frame,1306,52.542378,45.84,33.32,399.58,512,384,BGR888p,,,,,
44.9038,detections,1306,52.542378,45.82,33.32,399.66,,,,3,0:0.95 56:0.59 74:0.56,,,
44.9497,frame,1308,52.609023,46.04,66.65,378.98,512,384,BGR888p,,,,,
44.9498,detections,1308,52.609023,46.05,66.65,379.06,,,,3,0:0.95 56:0.61 74:0.54,,,
44.9986,frame,1309,52.642345,48.92,33.32,394.57,512,384,BGR888p,,,,,
44.9987,detections,1309,52.642345,48.89,33.32,394.62,,,,3,0:0.95 56:0.59 74:0.56,,,
44.9987,system,0,0.0,1034.64,0.0,863131.47,,,,,,45.49,34.8,17.2
45.0479,frame,1311,52.708988,49.28,66.64,377.21,512,384,BGR888p,,,,,
45.048,detections,1311,52.708988,49.28,66.64,377.26,,,,3,0:0.95 56:0.60 74:0.56,,,
45.0947,frame,1312,52.742313,46.8,33.33,390.68,512,384,BGR888p,,,,,
45.0948,detections,1312,52.742313,46.8,33.33,390.74,,,,3,0:0.95 56:0.59 74:0.56,,,
45.1431,frame,1313,52.775632,48.4,33.32,405.76,512,384,BGR888p,,,,,
45.1432,detections,1313,52.775632,48.41,33.32,405.83,,,,3,0:0.95 56:0.60 74:0.57,,,
45.1878,frame,1315,52.842276,44.69,66.64,383.81,512,384,BGR888p,,,,,
45.1879,detections,1315,52.842276,44.68,66.64,383.86,,,,3,0:0.95 56:0.61 74:0.58,,,
45.2341,frame,1316,52.875598,46.31,33.32,396.8,512,384,BGR888p,,,,,
45.2342,detections,1316,52.875598,46.31,33.32,396.85,,,,3,0:0.95 56:0.58 74:0.56,,,
45.2807,frame,1318,52.942241,46.56,66.64,376.71,512,384,BGR888p,,,,,
45.2807,detections,1318,52.942241,46.56,66.64,376.77,,,,3,0:0.95 56:0.57 74:0.56,,,
45.3295,frame,1319,52.975566,48.8,33.32,392.19,512,384,BGR888p,,,,,
45.3295,detections,1319,52.975566,48.8,33.32,392.25,,,,3,0:0.95 56:0.58 74:0.55,,,
45.3767,frame,1320,53.008884,47.24,33.32,406.12,512,384,BGR888p,,,,,
45.3768,detections,1320,53.008884,47.25,33.32,406.19,,,,3,0:0.95 56:0.58 74:0.54,,,
45.4203,frame,1322,53.07553,43.57,66.65,383.08,512,384,BGR888p,,,,,
45.4204,detections,1322,53.07553,43.64,66.65,383.17,,,,3,0:0.95 56:0.57 74:0.54,,,
45.4658,frame,1323,53.108852,45.48,33.32,395.19,512,384,BGR888p,,,,,
45.4658,detections,1323,53.108852,45.4,33.32,395.25,,,,3,0:0.95 56:0.60 74:0.56,,,
45.5143,frame,1325,53.175495,48.55,66.64,377.19,512,384,BGR888p,,,,,
45.5146,detections,1325,53.175495,48.74,66.64,377.4,,,,3,0:0.95 56:0.60 74:0.55,,,
45.5624,frame,1326,53.208818,48.1,33.32,391.89,512,384,BGR888p,,,,,
45.5625,detections,1326,53.208818,47.93,33.32,391.96,,,,3,0:0.95 56:0.60 74:0.57,,,
45.6063,frame,1328,53.27546,43.94,66.64,369.19,512,384,BGR888p,,,,,
45.6064,detections,1328,53.27546,43.95,66.64,369.26,,,,3,0:0.95 56:0.59 74:0.54,,,
45.6527,frame,1329,53.308783,46.31,33.32,382.17,512,384,BGR888p,,,,,
45.6527,detections,1329,53.308783,46.29,33.32,382.23,,,,3,0:0.95 56:0.60 74:0.57,,,
45.6998,frame,1330,53.342112,47.16,33.33,395.99,512,384,BGR888p,,,,,
45.6999,detections,1330,53.342112,47.15,33.33,396.05,,,,3,0:0.95 56:0.59 74:0.56,,,
45.7488,frame,1332,53.408748,49.0,66.64,378.36,512,384,BGR888p,,,,,
45.7495,detections,1332,53.408748,49.57,66.64,378.99,,,,3,0:0.95 56:0.60 74:0.56,,,
45.7976,frame,1333,53.442073,48.76,33.32,393.79,512,384,BGR888p,,,,,
45.7976,detections,1333,53.442073,48.19,33.32,393.85,,,,3,0:0.95 56:0.63 74:0.55,,,
45.8445,frame,1334,53.475391,46.92,33.32,407.39,512,384,BGR888p,,,,,
45.8452,detections,1334,53.475391,47.58,33.32,408.12,,,,3,0:0.95 56:0.58 74:0.55,,,
45.8891,frame,1336,53.542036,44.6,66.65,385.34,512,384,BGR888p,,,,,
45.8892,detections,1336,53.542036,43.94,66.65,385.4,,,,3,0:0.95 74:0.57 56:0.57,,,
45.9348,frame,1337,53.575359,45.74,33.32,397.76,512,384,BGR888p,,,,,
45.9349,detections,1337,53.575359,45.74,33.32,397.82,,,,3,0:0.95 56:0.58 74:0.54,,,
45.9809,frame,1339,53.642001,46.1,66.64,377.23,512,384,BGR888p,,,,,
45.981,detections,1339,53.642001,46.13,66.64,377.31,,,,3,0:0.95 56:0.61 74:0.56,,,
45.9811,system,0,0.0,982.36,0.0,864113.85,,,,,,46.0,34.3,17.0
46.0288,frame,1340,53.675324,47.92,33.32,391.82,512,384,BGR888p,,,,,
46.0289,detections,1340,53.675324,47.89,33.32,391.88,,,,3,0:0.95 56:0.58 74:0.54,,,
46.0774,frame,1341,53.708644,48.59,33.32,407.1,512,384,BGR888p,,,,,
46.0778,detections,1341,53.708644,48.85,33.32,407.42,,,,3,0:0.95 56:0.60 74:0.57,,,
46.1209,frame,1343,53.775289,43.52,66.65,383.95,512,384,BGR888p,,,,,
46.121,detections,1343,53.775289,43.24,66.65,384.01,,,,4,0:0.95 56:0.61 0:0.54 74:0.53,,,
46.1673,frame,1344,53.808612,46.35,33.32,396.98,512,384,BGR888p,,,,,
46.1674,detections,1344,53.808612,46.36,33.32,397.04,,,,4,0:0.95 0:0.60 56:0.59 74:0.57,,,
46.2153,frame,1346,53.875255,48.04,66.64,378.39,512,384,BGR888p,,,,,
46.2154,detections,1346,53.875255,48.06,66.64,378.47,,,,5,0:0.95 0:0.73 56:0.59 74:0.53 62:0.52,,,
46.2635,frame,1347,53.908577,48.18,33.32,393.24,512,384,BGR888p,,,,,
46.2636,detections,1347,53.908577,48.16,33.32,393.29,,,,4,0:0.95 0:0.74 56:0.60 74:0.60,,,
46.3074,frame,1349,53.97522,43.91,66.64,370.51,512,384,BGR888p,,,,,
46.3075,detections,1349,53.97522,43.93,66.64,370.59,,,,4,0:0.95 0:0.68 56:0.59 74:0.57,,,
46.3548,frame,1350,54.008543,47.39,33.32,384.59,512,384,BGR888p,,,,,
46.3549,detections,1350,54.008543,47.41,33.32,384.68,,,,5,0:0.95 0:0.68 56:0.58 74:0.56 62:0.53,,,
46.4008,frame,1351,54.041866,45.94,33.32,397.18,512,384,BGR888p,,,,,
46.4008,detections,1351,54.041866,45.9,33.32,397.24,,,,5,0:0.95 56:0.61 62:0.59 0:0.52 74:0.51,,,
46.4521,frame,1353,54.108507,51.31,66.64,381.86,512,384,BGR888p,,,,,
46.4522,detections,1353,54.108507,51.36,66.64,381.97,,,,4,0:0.95 56:0.56 62:0.56 74:0.52,,,
46.498,frame,1354,54.141832,45.97,33.32,394.56,512,384,BGR888p,,,,,
46.4983,detections,1354,54.141832,46.06,33.32,394.75,,,,4,0:0.95 56:0.59 62:0.56 74:0.53,,,
46.5447,frame,1355,54.17515,46.63,33.32,407.88,512,384,BGR888p,,,,,
46.5449,detections,1355,54.17515,46.65,33.32,408.08,,,,5,0:0.95 62:0.58 56:0.57 74:0.57 0:0.52,,,
46.5901,frame,1357,54.241796,45.41,66.65,386.62,512,384,BGR888p,,,,,
46.5919,detections,1357,54.241796,46.96,66.65,388.43,,,,6,0:0.95 0:0.66 56:0.59 0:0.59 74:0.57 62:0.56,,,
46.6378,frame,1358,54.275118,47.76,33.32,401.03,512,384,BGR888p,,,,,
46.638,detections,1358,54.275118,46.11,33.32,401.15,,,,6,0:0.95 0:0.76 0:0.65 62:0.59 56:0.58 74:0.56,,,
46.6843,frame,1360,54.341761,46.47,66.64,380.84,512,384,BGR888p,,,,,
46.6844,detections,1360,54.341761,46.41,66.64,380.9,,,,6,0:0.95 0:0.78 0:0.66 62:0.63 56:0.59 74:0.51,,,
46.7329,frame,1361,54.375084,48.61,33.32,396.11,512,384,BGR888p,,,,,
46.733,detections,1361,54.375084,48.6,33.32,396.17,,,,6,0:0.95 0:0.77 0:0.64 62:0.60 56:0.60 74:0.55,,,
46.7797,frame,1362,54.408404,46.75,33.32,392.81,512,384,BGR888p,,,,,
46.7803,detections,1362,54.408404,47.29,33.32,393.42,,,,6,0:0.95 0:0.70 0:0.61 56:0.59 74:0.56 62:0.54,,,
46.8272,frame,1364,54.475049,47.52,66.65,373.71,512,384,BGR888p,,,,,
46.8273,detections,1364,54.475049,47.03,66.65,373.82,,,,6,0:0.95 0:0.59 56:0.59 0:0.59 74:0.57 62:0.54,,,
46.8731,frame,1365,54.508371,45.96,33.32,386.35,512,384,BGR888p,,,,,
46.8733,detections,1365,54.508371,45.96,33.32,386.45,,,,6,0:0.95 56:0.64 74:0.59 62:0.55 0:0.52 0:0.51,,,
46.9191,frame,1367,54.575015,45.98,66.64,365.65,512,384,BGR888p,,,,,
46.9192,detections,1367,54.575015,45.91,66.64,365.7,,,,5,0:0.95 62:0.63 56:0.60 74:0.54 0:0.53,,,
46.967,frame,1368,54.608336,47.91,33.32,380.25,512,384,BGR888p,,,,,
46.9671,detections,1368,54.608336,47.93,33.32,380.31,,,,6,0:0.95 62:0.61 0:0.59 56:0.58 56:0.54 74:0.54,,,
46.9672,system,0,0.0,986.05,0.0,865099.88,,,,,,46.05,34.9,17.6
47.0154,frame,1370,54.674979,48.34,66.64,361.94,512,384,BGR888p,,,,,
47.0154,detections,1370,54.674979,48.33,66.64,362.0,,,,6,0:0.95 74:0.60 56:0.57 62:0.57 0:0.56 56:0.56,,,
47.0621,frame,1371,54.708303,46.72,33.32,375.34,512,384,BGR888p,,,,,
47.0622,detections,1371,54.708303,46.72,33.32,375.4,,,,6,0:0.95 62:0.62 0:0.58 56:0.57 74:0.56 56:0.54,,,
47.1066,frame,1372,54.741623,44.53,33.32,386.56,512,384,BGR888p,,,,,
47.1067,detections,1372,54.741623,44.54,33.32,386.63,,,,5,0:0.95 0:0.87 56:0.58 56:0.57 74:0.55,,,
47.1538,frame,1374,54.808268,47.15,66.65,367.06,512,384,BGR888p,,,,,
47.1538,detections,1374,54.808268,47.14,66.65,367.12,,,,6,0:0.95 0:0.82 56:0.74 56:0.56 74:0.53 56:0.53,,,
47.2008,frame,1375,54.84159,47.03,33.32,380.84,512,384,BGR888p,,,,,
47.201,detections,1375,54.84159,47.2,33.32,381.05,,,,6,0:0.95 0:0.87 56:0.68 56:0.59 74:0.54 0:0.51,,,
47.2498,frame,1377,54.908232,49.0,66.64,363.16,512,384,BGR888p,,,,,
47.2507,detections,1377,54.908232,49.69,66.64,364.09,,,,5,0:0.95 0:0.76 0:0.63 74:0.55 56:0.55,,,
47.2976,frame,1378,54.941556,47.76,33.32,377.6,512,384,BGR888p,,,,,
47.2977,detections,1378,54.941556,46.99,33.32,377.75,,,,6,0:0.95 0:0.83 56:0.62 56:0.58 0:0.58 74:0.56,,,
47.3448,frame,1379,54.974875,47.29,33.32,391.58,512,384,BGR888p,,,,,
47.345,detections,1379,54.974875,47.29,33.32,391.72,,,,5,0:0.95 56:0.59 74:0.58 56:0.58 0:0.57,,,
47.3889,frame,1381,55.041521,44.0,66.65,368.89,512,384,BGR888p,,,,,
47.3889,detections,1381,55.041521,43.9,66.65,368.95,,,,5,0:0.95 0:0.92 74:0.57 56:0.56 56:0.53,,,
47.4365,frame,1382,55.074844,47.66,33.32,383.24,512,384,BGR888p,,,,,
47.4366,detections,1382,55.074844,47.67,33.32,383.3,,,,5,0:0.95 0:0.80 56:0.58 56:0.57 74:0.51,,,
47.4824,frame,1384,55.141486,45.91,66.64,362.51,512,384,BGR888p,,,,,
47.4825,detections,1384,55.141486,45.94,66.64,362.6,,,,5,0:0.95 0:0.88 56:0.59 56:0.58 74:0.52,,,
47.5312,frame,1385,55.174808,48.76,33.32,377.94,512,384,BGR888p,,,,,
47.5313,detections,1385,55.174808,48.73,33.32,378.01,,,,5,0:0.95 0:0.93 56:0.60 56:0.57 74:0.56,,,
47.5784,frame,1386,55.208129,47.26,33.32,391.87,512,384,BGR888p,,,,,
47.5785,detections,1386,55.208129,47.24,33.32,391.93,,,,5,0:0.96 0:0.94 56:0.60 56:0.57 74:0.54,,,
47.6228,frame,1388,55.274776,44.35,66.65,369.57,512,384,BGR888p,,,,,
47.6229,detections,1388,55.274776,44.35,66.65,369.63,,,,6,0:0.96 0:0.91 56:0.61 62:0.60 74:0.57 56:0.53,,,
47.6709,frame,1389,55.308097,48.09,33.32,384.35,512,384,BGR888p,,,,,
47.671,detections,1389,55.308097,48.11,33.32,384.42,,,,6,0:0.96 0:0.94 56:0.56 74:0.55 56:0.54 62:0.53,,,
47.7181,frame,1391,55.374739,47.21,66.64,364.99,512,384,BGR888p,,,,,
47.7184,detections,1391,55.374739,47.41,66.64,365.24,,,,6,0:0.96 0:0.90 62:0.69 56:0.62 74:0.60 56:0.52,,,
47.7672,frame,1392,55.408062,49.14,33.32,380.83,512,384,BGR888p,,,,,
47.7675,detections,1392,55.408062,49.13,33.32,381.05,,,,6,0:0.95 0:0.92 62:0.67 56:0.57 74:0.54 56:0.51,,,
47.8145,frame,1394,55.474705,47.27,66.64,361.4,512,384,BGR888p,,,,,
47.8146,detections,1394,55.474705,47.14,66.64,361.51,,,,6,0:0.96 0:0.90 62:0.60 56:0.60 56:0.51 56:0.50,,,
47.8608,frame,1395,55.508029,46.28,33.32,374.35,512,384,BGR888p,,,,,
47.8609,detections,1395,55.508029,46.26,33.32,374.44,,,,3,0:0.96 0:0.92 56:0.56,,,
47.9072,frame,1396,55.541349,46.41,33.32,387.42,512,384,BGR888p,,,,,
47.9073,detections,1396,55.541349,46.37,33.32,387.48,,,,4,0:0.96 0:0.94 56:0.55 56:0.50,,,
47.9541,frame,1398,55.607992,46.85,66.64,367.63,512,384,BGR888p,,,,,
47.9541,detections,1398,55.607992,46.86,66.64,367.7,,,,3,0:0.96 0:0.94 56:0.59,,,
48.0012,frame,1399,55.641315,47.18,33.32,381.5,512,384,BGR888p,,,,,
48.0013,detections,1399,55.641315,47.21,33.32,381.59,,,,5,0:0.96 0:0.96 56:0.58 62:0.54 0:0.53,,,
48.0014,system,0,0.0,1034.27,0.0,866134.17,,,,,,45.94,34.7,17.5
48.0499,frame,1401,55.707958,48.67,66.64,363.52,512,384,BGR888p,,,,,
48.0508,detections,1401,55.707958,49.45,66.64,364.41,,,,5,0:0.96 0:0.94 56:0.71 56:0.54 56:0.51,,,
48.0958,frame,1402,55.741281,45.93,33.32,376.13,512,384,BGR888p,,,,,
48.0965,detections,1402,55.741281,45.73,33.32,376.82,,,,4,0:0.96 0:0.94 56:0.61 56:0.51,,,
48.1424,frame,1403,55.774604,46.53,33.32,389.32,512,384,BGR888p,,,,,
48.1424,detections,1403,55.774604,45.91,33.32,389.38,,,,3,0:0.96 0:0.96 56:0.50,,,
48.1882,frame,1405,55.841246,45.81,66.64,368.49,512,384,BGR888p,,,,,
48.1883,detections,1405,55.841246,45.81,66.64,368.55,,,,3,0:0.95 0:0.81 56:0.51,,,
48.2357,frame,1406,55.874568,47.54,33.32,382.71,512,384,BGR888p,,,,,
48.2358,detections,1406,55.874568,47.54,33.32,382.77,,,,3,0:0.95 0:0.82 62:0.51,,,
48.2847,frame,1408,55.941211,48.98,66.64,365.06,512,384,BGR888p,,,,,
48.2848,detections,1408,55.941211,49.01,66.64,365.15,,,,2,0:0.95 0:0.94,,,
48.3323,frame,1409,55.974534,47.59,33.32,379.4,512,384,BGR888p,,,,,
48.3325,detections,1409,55.974534,47.73,33.32,379.59,,,,3,0:0.95 0:0.90 56:0.51,,,
48.3793,frame,1410,56.007855,47.05,33.32,393.11,512,384,BGR888p,,,,,
48.3796,detections,1410,56.007855,47.03,33.32,393.3,,,,2,0:0.96 0:0.82,,,
48.4248,frame,1412,56.074499,45.52,66.64,371.98,512,384,BGR888p,,,,,
48.4254,detections,1412,56.074499,45.83,66.64,372.51,,,,3,0:0.96 0:0.88 56:0.56,,,
48.4709,frame,1413,56.107821,46.09,33.32,384.71,512,384,BGR888p,,,,,
48.4711,detections,1413,56.107821,45.7,33.32,384.84,,,,4,0:0.96 0:0.79 56:0.60 56:0.52,,,
48.5176,frame,1415,56.174465,46.71,66.64,364.75,512,384,BGR888p,,,,,
48.5178,detections,1415,56.174465,46.66,66.64,364.83,,,,4,0:0.96 0:0.70 74:0.51 56:0.51,,,
48.5664,frame,1416,56.207787,48.77,33.32,380.2,512,384,BGR888p,,,,,
48.5665,detections,1416,56.207787,48.75,33.32,380.26,,,,3,0:0.96 0:0.68 74:0.51,,,
48.613,frame,1417,56.241107,46.61,33.32,393.5,512,384,BGR888p,,,,,
48.6131,detections,1417,56.241107,46.64,33.32,393.59,,,,2,0:0.96 0:0.87,,,
48.656,frame,1419,56.307754,42.95,66.65,369.84,512,384,BGR888p,,,,,
48.6562,detections,1419,56.307754,43.01,66.65,369.97,,,,3,0:0.96 0:0.93 74:0.59,,,
48.7045,frame,1420,56.341083,48.49,33.33,385.0,512,384,BGR888p,,,,,
48.7046,detections,1420,56.341083,48.49,33.33,385.13,,,,3,0:0.96 0:0.92 74:0.58,,,
48.7502,frame,1422,56.407718,45.68,66.64,364.07,512,384,BGR888p,,,,,
48.7504,detections,1422,56.407718,45.77,66.64,364.29,,,,3,0:0.95 0:0.94 74:0.59,,,
48.798,frame,1423,56.441042,47.83,33.32,378.57,512,384,BGR888p,,,,,
48.7982,detections,1423,56.441042,47.8,33.32,378.77,,,,4,0:0.95 0:0.92 74:0.55 62:0.54,,,
48.8424,frame,1425,56.507683,44.38,66.64,356.25,512,384,BGR888p,,,,,
48.8425,detections,1425,56.507683,44.24,66.64,356.31,,,,3,0:0.95 0:0.85 74:0.57,,,
48.8893,frame,1426,56.541007,46.98,33.32,369.92,512,384,BGR888p,,,,,
48.8894,detections,1426,56.541007,46.99,33.32,369.98,,,,3,0:0.96 0:0.85 74:0.59,,,
48.9373,frame,1427,56.574336,47.91,33.33,384.49,512,384,BGR888p,,,,,
48.9374,detections,1427,56.574336,47.92,33.33,384.6,,,,3,0:0.95 0:0.84 74:0.56,,,
48.9828,frame,1429,56.640971,45.52,66.63,363.37,512,384,BGR888p,,,,,
48.9829,detections,1429,56.640971,45.49,66.63,363.43,,,,3,0:0.96 0:0.73 74:0.57,,,
48.9829,system,0,0.0,981.48,0.0,867115.63,,,,,,45.94,34.1,17.7
49.0312,frame,1430,56.674298,48.45,33.33,378.51,512,384,BGR888p,,,,,
49.0313,detections,1430,56.674298,48.48,33.33,378.58,,,,4,0:0.96 0:0.68 74:0.56 56:0.54,,,
49.0793,frame,1432,56.740936,48.1,66.64,359.98,512,384,BGR888p,,,,,
49.0794,detections,1432,56.740936,48.11,66.64,360.05,,,,4,0:0.96 56:0.66 74:0.53 0:0.52,,,
49.1233,frame,1433,56.774261,43.95,33.33,370.6,512,384,BGR888p,,,,,
49.1234,detections,1433,56.774261,43.92,33.33,370.65,,,,3,0:0.95 56:0.62 74:0.56,,,
49.1699,frame,1434,56.807581,46.57,33.32,383.84,512,384,BGR888p,,,,,
49.1699,detections,1434,56.807581,46.57,33.32,383.9,,,,4,0:0.96 56:0.63 74:0.57 0:0.50,,,
49.2174,frame,1436,56.874224,47.52,66.64,364.72,512,384,BGR888p,,,,,
49.2175,detections,1436,56.874224,47.52,66.64,364.78,,,,4,0:0.96 56:0.59 0:0.59 74:0.57,,,
49.2657,frame,1437,56.907547,48.28,33.32,379.68,512,384,BGR888p,,,,,
49.2657,detections,1437,56.907547,48.29,33.32,379.74,,,,4,0:0.95 0:0.58 74:0.57 56:0.56,,,
49.3114,frame,1439,56.974189,45.72,66.64,358.76,512,384,BGR888p,,,,,
49.3128,detections,1439,56.974189,47.07,66.64,360.22,,,,5,0:0.95 56:0.64 0:0.56 74:0.55 0:0.51,,,
49.3575,frame,1440,57.007512,46.11,33.32,371.55,512,384,BGR888p,,,,,
49.3576,detections,1440,57.007512,44.75,33.32,371.61,,,,4,0:0.95 56:0.67 0:0.64 74:0.58,,,
49.4036,frame,1441,57.040834,46.14,33.32,384.37,512,384,BGR888p,,,,,
49.4037,detections,1441,57.040834,46.14,33.32,384.43,,,,4,0:0.96 56:0.72 0:0.67 74:0.56,,,
